codigo_provincia;nombre_provincia;Municipios;Sexo;Periodo;Total
10;Cáceres;10001 Abadía;Total;2023;338
10;Cáceres;10001 Abadía;Total;2022;340
10;Cáceres;10001 Abadía;Total;2021;359
10;Cáceres;10001 Abadía;Total;2020;336
10;Cáceres;10001 Abadía;Total;2019;331
10;Cáceres;10001 Abadía;Total;2018;335
10;Cáceres;10001 Abadía;Total;2017;337
10;Cáceres;10001 Abadía;Total;2016;334
10;Cáceres;10001 Abadía;Total;2015;336
10;Cáceres;10001 Abadía;Total;2014;324
10;Cáceres;10001 Abadía;Total;2013;333
10;Cáceres;10001 Abadía;Total;2012;330
10;Cáceres;10001 Abadía;Total;2011;328
10;Cáceres;10001 Abadía;Total;2010;326
10;Cáceres;10001 Abadía;Total;2009;325
10;Cáceres;10001 Abadía;Total;2008;317
10;Cáceres;10001 Abadía;Total;2007;321
10;Cáceres;10001 Abadía;Total;2006;272
10;Cáceres;10001 Abadía;Total;2005;277
10;Cáceres;10001 Abadía;Total;2004;288
10;Cáceres;10001 Abadía;Total;2003;290
10;Cáceres;10001 Abadía;Total;2002;297
10;Cáceres;10001 Abadía;Total;2001;282
10;Cáceres;10001 Abadía;Total;2000;276
10;Cáceres;10001 Abadía;Total;1999;271
10;Cáceres;10001 Abadía;Total;1998;278
10;Cáceres;10001 Abadía;Total;1997;
10;Cáceres;10001 Abadía;Total;1996;283
10;Cáceres;10001 Abadía;Hombres;2023;185
10;Cáceres;10001 Abadía;Hombres;2022;185
10;Cáceres;10001 Abadía;Hombres;2021;193
10;Cáceres;10001 Abadía;Hombres;2020;183
10;Cáceres;10001 Abadía;Hombres;2019;184
10;Cáceres;10001 Abadía;Hombres;2018;189
10;Cáceres;10001 Abadía;Hombres;2017;189
10;Cáceres;10001 Abadía;Hombres;2016;189
10;Cáceres;10001 Abadía;Hombres;2015;188
10;Cáceres;10001 Abadía;Hombres;2014;182
10;Cáceres;10001 Abadía;Hombres;2013;187
10;Cáceres;10001 Abadía;Hombres;2012;182
10;Cáceres;10001 Abadía;Hombres;2011;181
10;Cáceres;10001 Abadía;Hombres;2010;176
10;Cáceres;10001 Abadía;Hombres;2009;175
10;Cáceres;10001 Abadía;Hombres;2008;172
10;Cáceres;10001 Abadía;Hombres;2007;177
10;Cáceres;10001 Abadía;Hombres;2006;152
10;Cáceres;10001 Abadía;Hombres;2005;157
10;Cáceres;10001 Abadía;Hombres;2004;162
10;Cáceres;10001 Abadía;Hombres;2003;164
10;Cáceres;10001 Abadía;Hombres;2002;169
10;Cáceres;10001 Abadía;Hombres;2001;164
10;Cáceres;10001 Abadía;Hombres;2000;158
10;Cáceres;10001 Abadía;Hombres;1999;152
10;Cáceres;10001 Abadía;Hombres;1998;156
10;Cáceres;10001 Abadía;Hombres;1997;
10;Cáceres;10001 Abadía;Hombres;1996;160
10;Cáceres;10001 Abadía;Mujeres;2023;153
10;Cáceres;10001 Abadía;Mujeres;2022;155
10;Cáceres;10001 Abadía;Mujeres;2021;166
10;Cáceres;10001 Abadía;Mujeres;2020;153
10;Cáceres;10001 Abadía;Mujeres;2019;147
10;Cáceres;10001 Abadía;Mujeres;2018;146
10;Cáceres;10001 Abadía;Mujeres;2017;148
10;Cáceres;10001 Abadía;Mujeres;2016;145
10;Cáceres;10001 Abadía;Mujeres;2015;148
10;Cáceres;10001 Abadía;Mujeres;2014;142
10;Cáceres;10001 Abadía;Mujeres;2013;146
10;Cáceres;10001 Abadía;Mujeres;2012;148
10;Cáceres;10001 Abadía;Mujeres;2011;147
10;Cáceres;10001 Abadía;Mujeres;2010;150
10;Cáceres;10001 Abadía;Mujeres;2009;150
10;Cáceres;10001 Abadía;Mujeres;2008;145
10;Cáceres;10001 Abadía;Mujeres;2007;144
10;Cáceres;10001 Abadía;Mujeres;2006;120
10;Cáceres;10001 Abadía;Mujeres;2005;120
10;Cáceres;10001 Abadía;Mujeres;2004;126
10;Cáceres;10001 Abadía;Mujeres;2003;126
10;Cáceres;10001 Abadía;Mujeres;2002;128
10;Cáceres;10001 Abadía;Mujeres;2001;118
10;Cáceres;10001 Abadía;Mujeres;2000;118
10;Cáceres;10001 Abadía;Mujeres;1999;119
10;Cáceres;10001 Abadía;Mujeres;1998;122
10;Cáceres;10001 Abadía;Mujeres;1997;
10;Cáceres;10001 Abadía;Mujeres;1996;123
10;Cáceres;10002 Abertura;Total;2023;377
10;Cáceres;10002 Abertura;Total;2022;388
10;Cáceres;10002 Abertura;Total;2021;400
10;Cáceres;10002 Abertura;Total;2020;404
10;Cáceres;10002 Abertura;Total;2019;407
10;Cáceres;10002 Abertura;Total;2018;403
10;Cáceres;10002 Abertura;Total;2017;408
10;Cáceres;10002 Abertura;Total;2016;423
10;Cáceres;10002 Abertura;Total;2015;429
10;Cáceres;10002 Abertura;Total;2014;436
10;Cáceres;10002 Abertura;Total;2013;442
10;Cáceres;10002 Abertura;Total;2012;432
10;Cáceres;10002 Abertura;Total;2011;447
10;Cáceres;10002 Abertura;Total;2010;459
10;Cáceres;10002 Abertura;Total;2009;454
10;Cáceres;10002 Abertura;Total;2008;463
10;Cáceres;10002 Abertura;Total;2007;471
10;Cáceres;10002 Abertura;Total;2006;486
10;Cáceres;10002 Abertura;Total;2005;505
10;Cáceres;10002 Abertura;Total;2004;506
10;Cáceres;10002 Abertura;Total;2003;501
10;Cáceres;10002 Abertura;Total;2002;509
10;Cáceres;10002 Abertura;Total;2001;512
10;Cáceres;10002 Abertura;Total;2000;511
10;Cáceres;10002 Abertura;Total;1999;512
10;Cáceres;10002 Abertura;Total;1998;510
10;Cáceres;10002 Abertura;Total;1997;
10;Cáceres;10002 Abertura;Total;1996;519
10;Cáceres;10002 Abertura;Hombres;2023;190
10;Cáceres;10002 Abertura;Hombres;2022;195
10;Cáceres;10002 Abertura;Hombres;2021;204
10;Cáceres;10002 Abertura;Hombres;2020;200
10;Cáceres;10002 Abertura;Hombres;2019;205
10;Cáceres;10002 Abertura;Hombres;2018;207
10;Cáceres;10002 Abertura;Hombres;2017;211
10;Cáceres;10002 Abertura;Hombres;2016;218
10;Cáceres;10002 Abertura;Hombres;2015;214
10;Cáceres;10002 Abertura;Hombres;2014;219
10;Cáceres;10002 Abertura;Hombres;2013;223
10;Cáceres;10002 Abertura;Hombres;2012;218
10;Cáceres;10002 Abertura;Hombres;2011;225
10;Cáceres;10002 Abertura;Hombres;2010;237
10;Cáceres;10002 Abertura;Hombres;2009;233
10;Cáceres;10002 Abertura;Hombres;2008;238
10;Cáceres;10002 Abertura;Hombres;2007;246
10;Cáceres;10002 Abertura;Hombres;2006;250
10;Cáceres;10002 Abertura;Hombres;2005;263
10;Cáceres;10002 Abertura;Hombres;2004;263
10;Cáceres;10002 Abertura;Hombres;2003;259
10;Cáceres;10002 Abertura;Hombres;2002;267
10;Cáceres;10002 Abertura;Hombres;2001;269
10;Cáceres;10002 Abertura;Hombres;2000;272
10;Cáceres;10002 Abertura;Hombres;1999;274
10;Cáceres;10002 Abertura;Hombres;1998;275
10;Cáceres;10002 Abertura;Hombres;1997;
10;Cáceres;10002 Abertura;Hombres;1996;277
10;Cáceres;10002 Abertura;Mujeres;2023;187
10;Cáceres;10002 Abertura;Mujeres;2022;193
10;Cáceres;10002 Abertura;Mujeres;2021;196
10;Cáceres;10002 Abertura;Mujeres;2020;204
10;Cáceres;10002 Abertura;Mujeres;2019;202
10;Cáceres;10002 Abertura;Mujeres;2018;196
10;Cáceres;10002 Abertura;Mujeres;2017;197
10;Cáceres;10002 Abertura;Mujeres;2016;205
10;Cáceres;10002 Abertura;Mujeres;2015;215
10;Cáceres;10002 Abertura;Mujeres;2014;217
10;Cáceres;10002 Abertura;Mujeres;2013;219
10;Cáceres;10002 Abertura;Mujeres;2012;214
10;Cáceres;10002 Abertura;Mujeres;2011;222
10;Cáceres;10002 Abertura;Mujeres;2010;222
10;Cáceres;10002 Abertura;Mujeres;2009;221
10;Cáceres;10002 Abertura;Mujeres;2008;225
10;Cáceres;10002 Abertura;Mujeres;2007;225
10;Cáceres;10002 Abertura;Mujeres;2006;236
10;Cáceres;10002 Abertura;Mujeres;2005;242
10;Cáceres;10002 Abertura;Mujeres;2004;243
10;Cáceres;10002 Abertura;Mujeres;2003;242
10;Cáceres;10002 Abertura;Mujeres;2002;242
10;Cáceres;10002 Abertura;Mujeres;2001;243
10;Cáceres;10002 Abertura;Mujeres;2000;239
10;Cáceres;10002 Abertura;Mujeres;1999;238
10;Cáceres;10002 Abertura;Mujeres;1998;235
10;Cáceres;10002 Abertura;Mujeres;1997;
10;Cáceres;10002 Abertura;Mujeres;1996;242
10;Cáceres;10003 Acebo;Total;2023;582
10;Cáceres;10003 Acebo;Total;2022;542
10;Cáceres;10003 Acebo;Total;2021;560
10;Cáceres;10003 Acebo;Total;2020;557
10;Cáceres;10003 Acebo;Total;2019;579
10;Cáceres;10003 Acebo;Total;2018;580
10;Cáceres;10003 Acebo;Total;2017;601
10;Cáceres;10003 Acebo;Total;2016;590
10;Cáceres;10003 Acebo;Total;2015;569
10;Cáceres;10003 Acebo;Total;2014;594
10;Cáceres;10003 Acebo;Total;2013;612
10;Cáceres;10003 Acebo;Total;2012;648
10;Cáceres;10003 Acebo;Total;2011;679
10;Cáceres;10003 Acebo;Total;2010;674
10;Cáceres;10003 Acebo;Total;2009;685
10;Cáceres;10003 Acebo;Total;2008;706
10;Cáceres;10003 Acebo;Total;2007;709
10;Cáceres;10003 Acebo;Total;2006;728
10;Cáceres;10003 Acebo;Total;2005;719
10;Cáceres;10003 Acebo;Total;2004;724
10;Cáceres;10003 Acebo;Total;2003;752
10;Cáceres;10003 Acebo;Total;2002;784
10;Cáceres;10003 Acebo;Total;2001;795
10;Cáceres;10003 Acebo;Total;2000;806
10;Cáceres;10003 Acebo;Total;1999;785
10;Cáceres;10003 Acebo;Total;1998;788
10;Cáceres;10003 Acebo;Total;1997;
10;Cáceres;10003 Acebo;Total;1996;831
10;Cáceres;10003 Acebo;Hombres;2023;285
10;Cáceres;10003 Acebo;Hombres;2022;263
10;Cáceres;10003 Acebo;Hombres;2021;271
10;Cáceres;10003 Acebo;Hombres;2020;274
10;Cáceres;10003 Acebo;Hombres;2019;292
10;Cáceres;10003 Acebo;Hombres;2018;294
10;Cáceres;10003 Acebo;Hombres;2017;307
10;Cáceres;10003 Acebo;Hombres;2016;301
10;Cáceres;10003 Acebo;Hombres;2015;290
10;Cáceres;10003 Acebo;Hombres;2014;306
10;Cáceres;10003 Acebo;Hombres;2013;325
10;Cáceres;10003 Acebo;Hombres;2012;335
10;Cáceres;10003 Acebo;Hombres;2011;351
10;Cáceres;10003 Acebo;Hombres;2010;351
10;Cáceres;10003 Acebo;Hombres;2009;356
10;Cáceres;10003 Acebo;Hombres;2008;374
10;Cáceres;10003 Acebo;Hombres;2007;378
10;Cáceres;10003 Acebo;Hombres;2006;390
10;Cáceres;10003 Acebo;Hombres;2005;386
10;Cáceres;10003 Acebo;Hombres;2004;382
10;Cáceres;10003 Acebo;Hombres;2003;406
10;Cáceres;10003 Acebo;Hombres;2002;427
10;Cáceres;10003 Acebo;Hombres;2001;429
10;Cáceres;10003 Acebo;Hombres;2000;432
10;Cáceres;10003 Acebo;Hombres;1999;417
10;Cáceres;10003 Acebo;Hombres;1998;419
10;Cáceres;10003 Acebo;Hombres;1997;
10;Cáceres;10003 Acebo;Hombres;1996;438
10;Cáceres;10003 Acebo;Mujeres;2023;297
10;Cáceres;10003 Acebo;Mujeres;2022;279
10;Cáceres;10003 Acebo;Mujeres;2021;289
10;Cáceres;10003 Acebo;Mujeres;2020;283
10;Cáceres;10003 Acebo;Mujeres;2019;287
10;Cáceres;10003 Acebo;Mujeres;2018;286
10;Cáceres;10003 Acebo;Mujeres;2017;294
10;Cáceres;10003 Acebo;Mujeres;2016;289
10;Cáceres;10003 Acebo;Mujeres;2015;279
10;Cáceres;10003 Acebo;Mujeres;2014;288
10;Cáceres;10003 Acebo;Mujeres;2013;287
10;Cáceres;10003 Acebo;Mujeres;2012;313
10;Cáceres;10003 Acebo;Mujeres;2011;328
10;Cáceres;10003 Acebo;Mujeres;2010;323
10;Cáceres;10003 Acebo;Mujeres;2009;329
10;Cáceres;10003 Acebo;Mujeres;2008;332
10;Cáceres;10003 Acebo;Mujeres;2007;331
10;Cáceres;10003 Acebo;Mujeres;2006;338
10;Cáceres;10003 Acebo;Mujeres;2005;333
10;Cáceres;10003 Acebo;Mujeres;2004;342
10;Cáceres;10003 Acebo;Mujeres;2003;346
10;Cáceres;10003 Acebo;Mujeres;2002;357
10;Cáceres;10003 Acebo;Mujeres;2001;366
10;Cáceres;10003 Acebo;Mujeres;2000;374
10;Cáceres;10003 Acebo;Mujeres;1999;368
10;Cáceres;10003 Acebo;Mujeres;1998;369
10;Cáceres;10003 Acebo;Mujeres;1997;
10;Cáceres;10003 Acebo;Mujeres;1996;393
10;Cáceres;10004 Acehúche;Total;2023;802
10;Cáceres;10004 Acehúche;Total;2022;816
10;Cáceres;10004 Acehúche;Total;2021;813
10;Cáceres;10004 Acehúche;Total;2020;802
10;Cáceres;10004 Acehúche;Total;2019;801
10;Cáceres;10004 Acehúche;Total;2018;801
10;Cáceres;10004 Acehúche;Total;2017;814
10;Cáceres;10004 Acehúche;Total;2016;820
10;Cáceres;10004 Acehúche;Total;2015;822
10;Cáceres;10004 Acehúche;Total;2014;829
10;Cáceres;10004 Acehúche;Total;2013;836
10;Cáceres;10004 Acehúche;Total;2012;846
10;Cáceres;10004 Acehúche;Total;2011;829
10;Cáceres;10004 Acehúche;Total;2010;842
10;Cáceres;10004 Acehúche;Total;2009;852
10;Cáceres;10004 Acehúche;Total;2008;860
10;Cáceres;10004 Acehúche;Total;2007;866
10;Cáceres;10004 Acehúche;Total;2006;866
10;Cáceres;10004 Acehúche;Total;2005;871
10;Cáceres;10004 Acehúche;Total;2004;883
10;Cáceres;10004 Acehúche;Total;2003;888
10;Cáceres;10004 Acehúche;Total;2002;925
10;Cáceres;10004 Acehúche;Total;2001;941
10;Cáceres;10004 Acehúche;Total;2000;944
10;Cáceres;10004 Acehúche;Total;1999;938
10;Cáceres;10004 Acehúche;Total;1998;966
10;Cáceres;10004 Acehúche;Total;1997;
10;Cáceres;10004 Acehúche;Total;1996;1007
10;Cáceres;10004 Acehúche;Hombres;2023;406
10;Cáceres;10004 Acehúche;Hombres;2022;416
10;Cáceres;10004 Acehúche;Hombres;2021;413
10;Cáceres;10004 Acehúche;Hombres;2020;408
10;Cáceres;10004 Acehúche;Hombres;2019;405
10;Cáceres;10004 Acehúche;Hombres;2018;399
10;Cáceres;10004 Acehúche;Hombres;2017;405
10;Cáceres;10004 Acehúche;Hombres;2016;405
10;Cáceres;10004 Acehúche;Hombres;2015;402
10;Cáceres;10004 Acehúche;Hombres;2014;402
10;Cáceres;10004 Acehúche;Hombres;2013;405
10;Cáceres;10004 Acehúche;Hombres;2012;413
10;Cáceres;10004 Acehúche;Hombres;2011;404
10;Cáceres;10004 Acehúche;Hombres;2010;410
10;Cáceres;10004 Acehúche;Hombres;2009;415
10;Cáceres;10004 Acehúche;Hombres;2008;425
10;Cáceres;10004 Acehúche;Hombres;2007;432
10;Cáceres;10004 Acehúche;Hombres;2006;434
10;Cáceres;10004 Acehúche;Hombres;2005;433
10;Cáceres;10004 Acehúche;Hombres;2004;438
10;Cáceres;10004 Acehúche;Hombres;2003;434
10;Cáceres;10004 Acehúche;Hombres;2002;456
10;Cáceres;10004 Acehúche;Hombres;2001;470
10;Cáceres;10004 Acehúche;Hombres;2000;474
10;Cáceres;10004 Acehúche;Hombres;1999;472
10;Cáceres;10004 Acehúche;Hombres;1998;486
10;Cáceres;10004 Acehúche;Hombres;1997;
10;Cáceres;10004 Acehúche;Hombres;1996;504
10;Cáceres;10004 Acehúche;Mujeres;2023;396
10;Cáceres;10004 Acehúche;Mujeres;2022;400
10;Cáceres;10004 Acehúche;Mujeres;2021;400
10;Cáceres;10004 Acehúche;Mujeres;2020;394
10;Cáceres;10004 Acehúche;Mujeres;2019;396
10;Cáceres;10004 Acehúche;Mujeres;2018;402
10;Cáceres;10004 Acehúche;Mujeres;2017;409
10;Cáceres;10004 Acehúche;Mujeres;2016;415
10;Cáceres;10004 Acehúche;Mujeres;2015;420
10;Cáceres;10004 Acehúche;Mujeres;2014;427
10;Cáceres;10004 Acehúche;Mujeres;2013;431
10;Cáceres;10004 Acehúche;Mujeres;2012;433
10;Cáceres;10004 Acehúche;Mujeres;2011;425
10;Cáceres;10004 Acehúche;Mujeres;2010;432
10;Cáceres;10004 Acehúche;Mujeres;2009;437
10;Cáceres;10004 Acehúche;Mujeres;2008;435
10;Cáceres;10004 Acehúche;Mujeres;2007;434
10;Cáceres;10004 Acehúche;Mujeres;2006;432
10;Cáceres;10004 Acehúche;Mujeres;2005;438
10;Cáceres;10004 Acehúche;Mujeres;2004;445
10;Cáceres;10004 Acehúche;Mujeres;2003;454
10;Cáceres;10004 Acehúche;Mujeres;2002;469
10;Cáceres;10004 Acehúche;Mujeres;2001;471
10;Cáceres;10004 Acehúche;Mujeres;2000;470
10;Cáceres;10004 Acehúche;Mujeres;1999;466
10;Cáceres;10004 Acehúche;Mujeres;1998;480
10;Cáceres;10004 Acehúche;Mujeres;1997;
10;Cáceres;10004 Acehúche;Mujeres;1996;503
10;Cáceres;10005 Aceituna;Total;2023;581
10;Cáceres;10005 Aceituna;Total;2022;588
10;Cáceres;10005 Aceituna;Total;2021;587
10;Cáceres;10005 Aceituna;Total;2020;600
10;Cáceres;10005 Aceituna;Total;2019;607
10;Cáceres;10005 Aceituna;Total;2018;607
10;Cáceres;10005 Aceituna;Total;2017;601
10;Cáceres;10005 Aceituna;Total;2016;627
10;Cáceres;10005 Aceituna;Total;2015;623
10;Cáceres;10005 Aceituna;Total;2014;615
10;Cáceres;10005 Aceituna;Total;2013;603
10;Cáceres;10005 Aceituna;Total;2012;626
10;Cáceres;10005 Aceituna;Total;2011;620
10;Cáceres;10005 Aceituna;Total;2010;625
10;Cáceres;10005 Aceituna;Total;2009;617
10;Cáceres;10005 Aceituna;Total;2008;612
10;Cáceres;10005 Aceituna;Total;2007;627
10;Cáceres;10005 Aceituna;Total;2006;618
10;Cáceres;10005 Aceituna;Total;2005;632
10;Cáceres;10005 Aceituna;Total;2004;645
10;Cáceres;10005 Aceituna;Total;2003;663
10;Cáceres;10005 Aceituna;Total;2002;657
10;Cáceres;10005 Aceituna;Total;2001;701
10;Cáceres;10005 Aceituna;Total;2000;709
10;Cáceres;10005 Aceituna;Total;1999;727
10;Cáceres;10005 Aceituna;Total;1998;732
10;Cáceres;10005 Aceituna;Total;1997;
10;Cáceres;10005 Aceituna;Total;1996;739
10;Cáceres;10005 Aceituna;Hombres;2023;299
10;Cáceres;10005 Aceituna;Hombres;2022;301
10;Cáceres;10005 Aceituna;Hombres;2021;299
10;Cáceres;10005 Aceituna;Hombres;2020;306
10;Cáceres;10005 Aceituna;Hombres;2019;312
10;Cáceres;10005 Aceituna;Hombres;2018;312
10;Cáceres;10005 Aceituna;Hombres;2017;314
10;Cáceres;10005 Aceituna;Hombres;2016;329
10;Cáceres;10005 Aceituna;Hombres;2015;323
10;Cáceres;10005 Aceituna;Hombres;2014;322
10;Cáceres;10005 Aceituna;Hombres;2013;310
10;Cáceres;10005 Aceituna;Hombres;2012;323
10;Cáceres;10005 Aceituna;Hombres;2011;318
10;Cáceres;10005 Aceituna;Hombres;2010;324
10;Cáceres;10005 Aceituna;Hombres;2009;320
10;Cáceres;10005 Aceituna;Hombres;2008;319
10;Cáceres;10005 Aceituna;Hombres;2007;325
10;Cáceres;10005 Aceituna;Hombres;2006;320
10;Cáceres;10005 Aceituna;Hombres;2005;330
10;Cáceres;10005 Aceituna;Hombres;2004;339
10;Cáceres;10005 Aceituna;Hombres;2003;341
10;Cáceres;10005 Aceituna;Hombres;2002;339
10;Cáceres;10005 Aceituna;Hombres;2001;358
10;Cáceres;10005 Aceituna;Hombres;2000;363
10;Cáceres;10005 Aceituna;Hombres;1999;370
10;Cáceres;10005 Aceituna;Hombres;1998;376
10;Cáceres;10005 Aceituna;Hombres;1997;
10;Cáceres;10005 Aceituna;Hombres;1996;375
10;Cáceres;10005 Aceituna;Mujeres;2023;282
10;Cáceres;10005 Aceituna;Mujeres;2022;287
10;Cáceres;10005 Aceituna;Mujeres;2021;288
10;Cáceres;10005 Aceituna;Mujeres;2020;294
10;Cáceres;10005 Aceituna;Mujeres;2019;295
10;Cáceres;10005 Aceituna;Mujeres;2018;295
10;Cáceres;10005 Aceituna;Mujeres;2017;287
10;Cáceres;10005 Aceituna;Mujeres;2016;298
10;Cáceres;10005 Aceituna;Mujeres;2015;300
10;Cáceres;10005 Aceituna;Mujeres;2014;293
10;Cáceres;10005 Aceituna;Mujeres;2013;293
10;Cáceres;10005 Aceituna;Mujeres;2012;303
10;Cáceres;10005 Aceituna;Mujeres;2011;302
10;Cáceres;10005 Aceituna;Mujeres;2010;301
10;Cáceres;10005 Aceituna;Mujeres;2009;297
10;Cáceres;10005 Aceituna;Mujeres;2008;293
10;Cáceres;10005 Aceituna;Mujeres;2007;302
10;Cáceres;10005 Aceituna;Mujeres;2006;298
10;Cáceres;10005 Aceituna;Mujeres;2005;302
10;Cáceres;10005 Aceituna;Mujeres;2004;306
10;Cáceres;10005 Aceituna;Mujeres;2003;322
10;Cáceres;10005 Aceituna;Mujeres;2002;318
10;Cáceres;10005 Aceituna;Mujeres;2001;343
10;Cáceres;10005 Aceituna;Mujeres;2000;346
10;Cáceres;10005 Aceituna;Mujeres;1999;357
10;Cáceres;10005 Aceituna;Mujeres;1998;356
10;Cáceres;10005 Aceituna;Mujeres;1997;
10;Cáceres;10005 Aceituna;Mujeres;1996;364
10;Cáceres;10006 Ahigal;Total;2023;1361
10;Cáceres;10006 Ahigal;Total;2022;1371
10;Cáceres;10006 Ahigal;Total;2021;1393
10;Cáceres;10006 Ahigal;Total;2020;1381
10;Cáceres;10006 Ahigal;Total;2019;1372
10;Cáceres;10006 Ahigal;Total;2018;1401
10;Cáceres;10006 Ahigal;Total;2017;1405
10;Cáceres;10006 Ahigal;Total;2016;1409
10;Cáceres;10006 Ahigal;Total;2015;1421
10;Cáceres;10006 Ahigal;Total;2014;1454
10;Cáceres;10006 Ahigal;Total;2013;1468
10;Cáceres;10006 Ahigal;Total;2012;1462
10;Cáceres;10006 Ahigal;Total;2011;1435
10;Cáceres;10006 Ahigal;Total;2010;1451
10;Cáceres;10006 Ahigal;Total;2009;1457
10;Cáceres;10006 Ahigal;Total;2008;1484
10;Cáceres;10006 Ahigal;Total;2007;1519
10;Cáceres;10006 Ahigal;Total;2006;1559
10;Cáceres;10006 Ahigal;Total;2005;1580
10;Cáceres;10006 Ahigal;Total;2004;1605
10;Cáceres;10006 Ahigal;Total;2003;1636
10;Cáceres;10006 Ahigal;Total;2002;1479
10;Cáceres;10006 Ahigal;Total;2001;1528
10;Cáceres;10006 Ahigal;Total;2000;1564
10;Cáceres;10006 Ahigal;Total;1999;1684
10;Cáceres;10006 Ahigal;Total;1998;1684
10;Cáceres;10006 Ahigal;Total;1997;
10;Cáceres;10006 Ahigal;Total;1996;1666
10;Cáceres;10006 Ahigal;Hombres;2023;680
10;Cáceres;10006 Ahigal;Hombres;2022;685
10;Cáceres;10006 Ahigal;Hombres;2021;711
10;Cáceres;10006 Ahigal;Hombres;2020;711
10;Cáceres;10006 Ahigal;Hombres;2019;706
10;Cáceres;10006 Ahigal;Hombres;2018;723
10;Cáceres;10006 Ahigal;Hombres;2017;727
10;Cáceres;10006 Ahigal;Hombres;2016;733
10;Cáceres;10006 Ahigal;Hombres;2015;742
10;Cáceres;10006 Ahigal;Hombres;2014;754
10;Cáceres;10006 Ahigal;Hombres;2013;758
10;Cáceres;10006 Ahigal;Hombres;2012;761
10;Cáceres;10006 Ahigal;Hombres;2011;735
10;Cáceres;10006 Ahigal;Hombres;2010;747
10;Cáceres;10006 Ahigal;Hombres;2009;748
10;Cáceres;10006 Ahigal;Hombres;2008;764
10;Cáceres;10006 Ahigal;Hombres;2007;787
10;Cáceres;10006 Ahigal;Hombres;2006;815
10;Cáceres;10006 Ahigal;Hombres;2005;825
10;Cáceres;10006 Ahigal;Hombres;2004;830
10;Cáceres;10006 Ahigal;Hombres;2003;845
10;Cáceres;10006 Ahigal;Hombres;2002;767
10;Cáceres;10006 Ahigal;Hombres;2001;794
10;Cáceres;10006 Ahigal;Hombres;2000;807
10;Cáceres;10006 Ahigal;Hombres;1999;869
10;Cáceres;10006 Ahigal;Hombres;1998;869
10;Cáceres;10006 Ahigal;Hombres;1997;
10;Cáceres;10006 Ahigal;Hombres;1996;858
10;Cáceres;10006 Ahigal;Mujeres;2023;681
10;Cáceres;10006 Ahigal;Mujeres;2022;686
10;Cáceres;10006 Ahigal;Mujeres;2021;682
10;Cáceres;10006 Ahigal;Mujeres;2020;670
10;Cáceres;10006 Ahigal;Mujeres;2019;666
10;Cáceres;10006 Ahigal;Mujeres;2018;678
10;Cáceres;10006 Ahigal;Mujeres;2017;678
10;Cáceres;10006 Ahigal;Mujeres;2016;676
10;Cáceres;10006 Ahigal;Mujeres;2015;679
10;Cáceres;10006 Ahigal;Mujeres;2014;700
10;Cáceres;10006 Ahigal;Mujeres;2013;710
10;Cáceres;10006 Ahigal;Mujeres;2012;701
10;Cáceres;10006 Ahigal;Mujeres;2011;700
10;Cáceres;10006 Ahigal;Mujeres;2010;704
10;Cáceres;10006 Ahigal;Mujeres;2009;709
10;Cáceres;10006 Ahigal;Mujeres;2008;720
10;Cáceres;10006 Ahigal;Mujeres;2007;732
10;Cáceres;10006 Ahigal;Mujeres;2006;744
10;Cáceres;10006 Ahigal;Mujeres;2005;755
10;Cáceres;10006 Ahigal;Mujeres;2004;775
10;Cáceres;10006 Ahigal;Mujeres;2003;791
10;Cáceres;10006 Ahigal;Mujeres;2002;712
10;Cáceres;10006 Ahigal;Mujeres;2001;734
10;Cáceres;10006 Ahigal;Mujeres;2000;757
10;Cáceres;10006 Ahigal;Mujeres;1999;815
10;Cáceres;10006 Ahigal;Mujeres;1998;815
10;Cáceres;10006 Ahigal;Mujeres;1997;
10;Cáceres;10006 Ahigal;Mujeres;1996;808
10;Cáceres;10903 Alagón del Río;Total;2023;913
10;Cáceres;10903 Alagón del Río;Total;2022;924
10;Cáceres;10903 Alagón del Río;Total;2021;933
10;Cáceres;10903 Alagón del Río;Total;2020;932
10;Cáceres;10903 Alagón del Río;Total;2019;932
10;Cáceres;10903 Alagón del Río;Total;2018;934
10;Cáceres;10903 Alagón del Río;Total;2017;932
10;Cáceres;10903 Alagón del Río;Total;2016;940
10;Cáceres;10903 Alagón del Río;Total;2015;923
10;Cáceres;10903 Alagón del Río;Total;2014;936
10;Cáceres;10903 Alagón del Río;Total;2013;889
10;Cáceres;10903 Alagón del Río;Total;2012;841
10;Cáceres;10903 Alagón del Río;Total;2011;871
10;Cáceres;10903 Alagón del Río;Total;2010;879
10;Cáceres;10903 Alagón del Río;Total;2009;
10;Cáceres;10903 Alagón del Río;Total;2008;
10;Cáceres;10903 Alagón del Río;Total;2007;
10;Cáceres;10903 Alagón del Río;Total;2006;
10;Cáceres;10903 Alagón del Río;Total;2005;
10;Cáceres;10903 Alagón del Río;Total;2004;
10;Cáceres;10903 Alagón del Río;Total;2003;
10;Cáceres;10903 Alagón del Río;Total;2002;
10;Cáceres;10903 Alagón del Río;Total;2001;
10;Cáceres;10903 Alagón del Río;Total;2000;
10;Cáceres;10903 Alagón del Río;Total;1999;
10;Cáceres;10903 Alagón del Río;Total;1998;
10;Cáceres;10903 Alagón del Río;Total;1997;
10;Cáceres;10903 Alagón del Río;Total;1996;
10;Cáceres;10903 Alagón del Río;Hombres;2023;450
10;Cáceres;10903 Alagón del Río;Hombres;2022;456
10;Cáceres;10903 Alagón del Río;Hombres;2021;461
10;Cáceres;10903 Alagón del Río;Hombres;2020;463
10;Cáceres;10903 Alagón del Río;Hombres;2019;464
10;Cáceres;10903 Alagón del Río;Hombres;2018;467
10;Cáceres;10903 Alagón del Río;Hombres;2017;467
10;Cáceres;10903 Alagón del Río;Hombres;2016;475
10;Cáceres;10903 Alagón del Río;Hombres;2015;468
10;Cáceres;10903 Alagón del Río;Hombres;2014;471
10;Cáceres;10903 Alagón del Río;Hombres;2013;443
10;Cáceres;10903 Alagón del Río;Hombres;2012;420
10;Cáceres;10903 Alagón del Río;Hombres;2011;435
10;Cáceres;10903 Alagón del Río;Hombres;2010;438
10;Cáceres;10903 Alagón del Río;Hombres;2009;
10;Cáceres;10903 Alagón del Río;Hombres;2008;
10;Cáceres;10903 Alagón del Río;Hombres;2007;
10;Cáceres;10903 Alagón del Río;Hombres;2006;
10;Cáceres;10903 Alagón del Río;Hombres;2005;
10;Cáceres;10903 Alagón del Río;Hombres;2004;
10;Cáceres;10903 Alagón del Río;Hombres;2003;
10;Cáceres;10903 Alagón del Río;Hombres;2002;
10;Cáceres;10903 Alagón del Río;Hombres;2001;
10;Cáceres;10903 Alagón del Río;Hombres;2000;
10;Cáceres;10903 Alagón del Río;Hombres;1999;
10;Cáceres;10903 Alagón del Río;Hombres;1998;
10;Cáceres;10903 Alagón del Río;Hombres;1997;
10;Cáceres;10903 Alagón del Río;Hombres;1996;
10;Cáceres;10903 Alagón del Río;Mujeres;2023;463
10;Cáceres;10903 Alagón del Río;Mujeres;2022;468
10;Cáceres;10903 Alagón del Río;Mujeres;2021;472
10;Cáceres;10903 Alagón del Río;Mujeres;2020;469
10;Cáceres;10903 Alagón del Río;Mujeres;2019;468
10;Cáceres;10903 Alagón del Río;Mujeres;2018;467
10;Cáceres;10903 Alagón del Río;Mujeres;2017;465
10;Cáceres;10903 Alagón del Río;Mujeres;2016;465
10;Cáceres;10903 Alagón del Río;Mujeres;2015;455
10;Cáceres;10903 Alagón del Río;Mujeres;2014;465
10;Cáceres;10903 Alagón del Río;Mujeres;2013;446
10;Cáceres;10903 Alagón del Río;Mujeres;2012;421
10;Cáceres;10903 Alagón del Río;Mujeres;2011;436
10;Cáceres;10903 Alagón del Río;Mujeres;2010;441
10;Cáceres;10903 Alagón del Río;Mujeres;2009;
10;Cáceres;10903 Alagón del Río;Mujeres;2008;
10;Cáceres;10903 Alagón del Río;Mujeres;2007;
10;Cáceres;10903 Alagón del Río;Mujeres;2006;
10;Cáceres;10903 Alagón del Río;Mujeres;2005;
10;Cáceres;10903 Alagón del Río;Mujeres;2004;
10;Cáceres;10903 Alagón del Río;Mujeres;2003;
10;Cáceres;10903 Alagón del Río;Mujeres;2002;
10;Cáceres;10903 Alagón del Río;Mujeres;2001;
10;Cáceres;10903 Alagón del Río;Mujeres;2000;
10;Cáceres;10903 Alagón del Río;Mujeres;1999;
10;Cáceres;10903 Alagón del Río;Mujeres;1998;
10;Cáceres;10903 Alagón del Río;Mujeres;1997;
10;Cáceres;10903 Alagón del Río;Mujeres;1996;
10;Cáceres;10007 Albalá;Total;2023;657
10;Cáceres;10007 Albalá;Total;2022;665
10;Cáceres;10007 Albalá;Total;2021;681
10;Cáceres;10007 Albalá;Total;2020;669
10;Cáceres;10007 Albalá;Total;2019;689
10;Cáceres;10007 Albalá;Total;2018;663
10;Cáceres;10007 Albalá;Total;2017;684
10;Cáceres;10007 Albalá;Total;2016;712
10;Cáceres;10007 Albalá;Total;2015;730
10;Cáceres;10007 Albalá;Total;2014;723
10;Cáceres;10007 Albalá;Total;2013;761
10;Cáceres;10007 Albalá;Total;2012;773
10;Cáceres;10007 Albalá;Total;2011;805
10;Cáceres;10007 Albalá;Total;2010;795
10;Cáceres;10007 Albalá;Total;2009;798
10;Cáceres;10007 Albalá;Total;2008;814
10;Cáceres;10007 Albalá;Total;2007;830
10;Cáceres;10007 Albalá;Total;2006;850
10;Cáceres;10007 Albalá;Total;2005;860
10;Cáceres;10007 Albalá;Total;2004;878
10;Cáceres;10007 Albalá;Total;2003;858
10;Cáceres;10007 Albalá;Total;2002;859
10;Cáceres;10007 Albalá;Total;2001;848
10;Cáceres;10007 Albalá;Total;2000;850
10;Cáceres;10007 Albalá;Total;1999;858
10;Cáceres;10007 Albalá;Total;1998;832
10;Cáceres;10007 Albalá;Total;1997;
10;Cáceres;10007 Albalá;Total;1996;890
10;Cáceres;10007 Albalá;Hombres;2023;342
10;Cáceres;10007 Albalá;Hombres;2022;345
10;Cáceres;10007 Albalá;Hombres;2021;355
10;Cáceres;10007 Albalá;Hombres;2020;351
10;Cáceres;10007 Albalá;Hombres;2019;364
10;Cáceres;10007 Albalá;Hombres;2018;337
10;Cáceres;10007 Albalá;Hombres;2017;347
10;Cáceres;10007 Albalá;Hombres;2016;356
10;Cáceres;10007 Albalá;Hombres;2015;366
10;Cáceres;10007 Albalá;Hombres;2014;362
10;Cáceres;10007 Albalá;Hombres;2013;389
10;Cáceres;10007 Albalá;Hombres;2012;393
10;Cáceres;10007 Albalá;Hombres;2011;407
10;Cáceres;10007 Albalá;Hombres;2010;402
10;Cáceres;10007 Albalá;Hombres;2009;403
10;Cáceres;10007 Albalá;Hombres;2008;408
10;Cáceres;10007 Albalá;Hombres;2007;417
10;Cáceres;10007 Albalá;Hombres;2006;438
10;Cáceres;10007 Albalá;Hombres;2005;432
10;Cáceres;10007 Albalá;Hombres;2004;439
10;Cáceres;10007 Albalá;Hombres;2003;414
10;Cáceres;10007 Albalá;Hombres;2002;418
10;Cáceres;10007 Albalá;Hombres;2001;409
10;Cáceres;10007 Albalá;Hombres;2000;414
10;Cáceres;10007 Albalá;Hombres;1999;421
10;Cáceres;10007 Albalá;Hombres;1998;400
10;Cáceres;10007 Albalá;Hombres;1997;
10;Cáceres;10007 Albalá;Hombres;1996;436
10;Cáceres;10007 Albalá;Mujeres;2023;315
10;Cáceres;10007 Albalá;Mujeres;2022;320
10;Cáceres;10007 Albalá;Mujeres;2021;326
10;Cáceres;10007 Albalá;Mujeres;2020;318
10;Cáceres;10007 Albalá;Mujeres;2019;325
10;Cáceres;10007 Albalá;Mujeres;2018;326
10;Cáceres;10007 Albalá;Mujeres;2017;337
10;Cáceres;10007 Albalá;Mujeres;2016;356
10;Cáceres;10007 Albalá;Mujeres;2015;364
10;Cáceres;10007 Albalá;Mujeres;2014;361
10;Cáceres;10007 Albalá;Mujeres;2013;372
10;Cáceres;10007 Albalá;Mujeres;2012;380
10;Cáceres;10007 Albalá;Mujeres;2011;398
10;Cáceres;10007 Albalá;Mujeres;2010;393
10;Cáceres;10007 Albalá;Mujeres;2009;395
10;Cáceres;10007 Albalá;Mujeres;2008;406
10;Cáceres;10007 Albalá;Mujeres;2007;413
10;Cáceres;10007 Albalá;Mujeres;2006;412
10;Cáceres;10007 Albalá;Mujeres;2005;428
10;Cáceres;10007 Albalá;Mujeres;2004;439
10;Cáceres;10007 Albalá;Mujeres;2003;444
10;Cáceres;10007 Albalá;Mujeres;2002;441
10;Cáceres;10007 Albalá;Mujeres;2001;439
10;Cáceres;10007 Albalá;Mujeres;2000;436
10;Cáceres;10007 Albalá;Mujeres;1999;437
10;Cáceres;10007 Albalá;Mujeres;1998;432
10;Cáceres;10007 Albalá;Mujeres;1997;
10;Cáceres;10007 Albalá;Mujeres;1996;454
10;Cáceres;10008 Alcántara;Total;2023;1348
10;Cáceres;10008 Alcántara;Total;2022;1361
10;Cáceres;10008 Alcántara;Total;2021;1386
10;Cáceres;10008 Alcántara;Total;2020;1411
10;Cáceres;10008 Alcántara;Total;2019;1468
10;Cáceres;10008 Alcántara;Total;2018;1480
10;Cáceres;10008 Alcántara;Total;2017;1487
10;Cáceres;10008 Alcántara;Total;2016;1518
10;Cáceres;10008 Alcántara;Total;2015;1571
10;Cáceres;10008 Alcántara;Total;2014;1571
10;Cáceres;10008 Alcántara;Total;2013;1588
10;Cáceres;10008 Alcántara;Total;2012;1619
10;Cáceres;10008 Alcántara;Total;2011;1631
10;Cáceres;10008 Alcántara;Total;2010;1630
10;Cáceres;10008 Alcántara;Total;2009;1653
10;Cáceres;10008 Alcántara;Total;2008;1669
10;Cáceres;10008 Alcántara;Total;2007;1684
10;Cáceres;10008 Alcántara;Total;2006;1694
10;Cáceres;10008 Alcántara;Total;2005;1721
10;Cáceres;10008 Alcántara;Total;2004;1725
10;Cáceres;10008 Alcántara;Total;2003;1739
10;Cáceres;10008 Alcántara;Total;2002;1769
10;Cáceres;10008 Alcántara;Total;2001;1776
10;Cáceres;10008 Alcántara;Total;2000;1650
10;Cáceres;10008 Alcántara;Total;1999;1772
10;Cáceres;10008 Alcántara;Total;1998;1829
10;Cáceres;10008 Alcántara;Total;1997;
10;Cáceres;10008 Alcántara;Total;1996;1876
10;Cáceres;10008 Alcántara;Hombres;2023;672
10;Cáceres;10008 Alcántara;Hombres;2022;670
10;Cáceres;10008 Alcántara;Hombres;2021;689
10;Cáceres;10008 Alcántara;Hombres;2020;701
10;Cáceres;10008 Alcántara;Hombres;2019;736
10;Cáceres;10008 Alcántara;Hombres;2018;738
10;Cáceres;10008 Alcántara;Hombres;2017;743
10;Cáceres;10008 Alcántara;Hombres;2016;759
10;Cáceres;10008 Alcántara;Hombres;2015;782
10;Cáceres;10008 Alcántara;Hombres;2014;781
10;Cáceres;10008 Alcántara;Hombres;2013;800
10;Cáceres;10008 Alcántara;Hombres;2012;814
10;Cáceres;10008 Alcántara;Hombres;2011;811
10;Cáceres;10008 Alcántara;Hombres;2010;806
10;Cáceres;10008 Alcántara;Hombres;2009;815
10;Cáceres;10008 Alcántara;Hombres;2008;821
10;Cáceres;10008 Alcántara;Hombres;2007;837
10;Cáceres;10008 Alcántara;Hombres;2006;849
10;Cáceres;10008 Alcántara;Hombres;2005;851
10;Cáceres;10008 Alcántara;Hombres;2004;856
10;Cáceres;10008 Alcántara;Hombres;2003;868
10;Cáceres;10008 Alcántara;Hombres;2002;887
10;Cáceres;10008 Alcántara;Hombres;2001;901
10;Cáceres;10008 Alcántara;Hombres;2000;828
10;Cáceres;10008 Alcántara;Hombres;1999;908
10;Cáceres;10008 Alcántara;Hombres;1998;937
10;Cáceres;10008 Alcántara;Hombres;1997;
10;Cáceres;10008 Alcántara;Hombres;1996;961
10;Cáceres;10008 Alcántara;Mujeres;2023;676
10;Cáceres;10008 Alcántara;Mujeres;2022;691
10;Cáceres;10008 Alcántara;Mujeres;2021;697
10;Cáceres;10008 Alcántara;Mujeres;2020;710
10;Cáceres;10008 Alcántara;Mujeres;2019;732
10;Cáceres;10008 Alcántara;Mujeres;2018;742
10;Cáceres;10008 Alcántara;Mujeres;2017;744
10;Cáceres;10008 Alcántara;Mujeres;2016;759
10;Cáceres;10008 Alcántara;Mujeres;2015;789
10;Cáceres;10008 Alcántara;Mujeres;2014;790
10;Cáceres;10008 Alcántara;Mujeres;2013;788
10;Cáceres;10008 Alcántara;Mujeres;2012;805
10;Cáceres;10008 Alcántara;Mujeres;2011;820
10;Cáceres;10008 Alcántara;Mujeres;2010;824
10;Cáceres;10008 Alcántara;Mujeres;2009;838
10;Cáceres;10008 Alcántara;Mujeres;2008;848
10;Cáceres;10008 Alcántara;Mujeres;2007;847
10;Cáceres;10008 Alcántara;Mujeres;2006;845
10;Cáceres;10008 Alcántara;Mujeres;2005;870
10;Cáceres;10008 Alcántara;Mujeres;2004;869
10;Cáceres;10008 Alcántara;Mujeres;2003;871
10;Cáceres;10008 Alcántara;Mujeres;2002;882
10;Cáceres;10008 Alcántara;Mujeres;2001;875
10;Cáceres;10008 Alcántara;Mujeres;2000;822
10;Cáceres;10008 Alcántara;Mujeres;1999;864
10;Cáceres;10008 Alcántara;Mujeres;1998;892
10;Cáceres;10008 Alcántara;Mujeres;1997;
10;Cáceres;10008 Alcántara;Mujeres;1996;915
10;Cáceres;10009 Alcollarín;Total;2023;255
10;Cáceres;10009 Alcollarín;Total;2022;269
10;Cáceres;10009 Alcollarín;Total;2021;279
10;Cáceres;10009 Alcollarín;Total;2020;282
10;Cáceres;10009 Alcollarín;Total;2019;289
10;Cáceres;10009 Alcollarín;Total;2018;225
10;Cáceres;10009 Alcollarín;Total;2017;237
10;Cáceres;10009 Alcollarín;Total;2016;249
10;Cáceres;10009 Alcollarín;Total;2015;256
10;Cáceres;10009 Alcollarín;Total;2014;270
10;Cáceres;10009 Alcollarín;Total;2013;278
10;Cáceres;10009 Alcollarín;Total;2012;249
10;Cáceres;10009 Alcollarín;Total;2011;260
10;Cáceres;10009 Alcollarín;Total;2010;260
10;Cáceres;10009 Alcollarín;Total;2009;266
10;Cáceres;10009 Alcollarín;Total;2008;277
10;Cáceres;10009 Alcollarín;Total;2007;315
10;Cáceres;10009 Alcollarín;Total;2006;312
10;Cáceres;10009 Alcollarín;Total;2005;308
10;Cáceres;10009 Alcollarín;Total;2004;310
10;Cáceres;10009 Alcollarín;Total;2003;323
10;Cáceres;10009 Alcollarín;Total;2002;343
10;Cáceres;10009 Alcollarín;Total;2001;346
10;Cáceres;10009 Alcollarín;Total;2000;348
10;Cáceres;10009 Alcollarín;Total;1999;352
10;Cáceres;10009 Alcollarín;Total;1998;364
10;Cáceres;10009 Alcollarín;Total;1997;
10;Cáceres;10009 Alcollarín;Total;1996;382
10;Cáceres;10009 Alcollarín;Hombres;2023;131
10;Cáceres;10009 Alcollarín;Hombres;2022;138
10;Cáceres;10009 Alcollarín;Hombres;2021;139
10;Cáceres;10009 Alcollarín;Hombres;2020;144
10;Cáceres;10009 Alcollarín;Hombres;2019;146
10;Cáceres;10009 Alcollarín;Hombres;2018;112
10;Cáceres;10009 Alcollarín;Hombres;2017;118
10;Cáceres;10009 Alcollarín;Hombres;2016;120
10;Cáceres;10009 Alcollarín;Hombres;2015;123
10;Cáceres;10009 Alcollarín;Hombres;2014;133
10;Cáceres;10009 Alcollarín;Hombres;2013;135
10;Cáceres;10009 Alcollarín;Hombres;2012;115
10;Cáceres;10009 Alcollarín;Hombres;2011;121
10;Cáceres;10009 Alcollarín;Hombres;2010;122
10;Cáceres;10009 Alcollarín;Hombres;2009;125
10;Cáceres;10009 Alcollarín;Hombres;2008;135
10;Cáceres;10009 Alcollarín;Hombres;2007;153
10;Cáceres;10009 Alcollarín;Hombres;2006;155
10;Cáceres;10009 Alcollarín;Hombres;2005;153
10;Cáceres;10009 Alcollarín;Hombres;2004;154
10;Cáceres;10009 Alcollarín;Hombres;2003;159
10;Cáceres;10009 Alcollarín;Hombres;2002;162
10;Cáceres;10009 Alcollarín;Hombres;2001;163
10;Cáceres;10009 Alcollarín;Hombres;2000;164
10;Cáceres;10009 Alcollarín;Hombres;1999;166
10;Cáceres;10009 Alcollarín;Hombres;1998;172
10;Cáceres;10009 Alcollarín;Hombres;1997;
10;Cáceres;10009 Alcollarín;Hombres;1996;181
10;Cáceres;10009 Alcollarín;Mujeres;2023;124
10;Cáceres;10009 Alcollarín;Mujeres;2022;131
10;Cáceres;10009 Alcollarín;Mujeres;2021;140
10;Cáceres;10009 Alcollarín;Mujeres;2020;138
10;Cáceres;10009 Alcollarín;Mujeres;2019;143
10;Cáceres;10009 Alcollarín;Mujeres;2018;113
10;Cáceres;10009 Alcollarín;Mujeres;2017;119
10;Cáceres;10009 Alcollarín;Mujeres;2016;129
10;Cáceres;10009 Alcollarín;Mujeres;2015;133
10;Cáceres;10009 Alcollarín;Mujeres;2014;137
10;Cáceres;10009 Alcollarín;Mujeres;2013;143
10;Cáceres;10009 Alcollarín;Mujeres;2012;134
10;Cáceres;10009 Alcollarín;Mujeres;2011;139
10;Cáceres;10009 Alcollarín;Mujeres;2010;138
10;Cáceres;10009 Alcollarín;Mujeres;2009;141
10;Cáceres;10009 Alcollarín;Mujeres;2008;142
10;Cáceres;10009 Alcollarín;Mujeres;2007;162
10;Cáceres;10009 Alcollarín;Mujeres;2006;157
10;Cáceres;10009 Alcollarín;Mujeres;2005;155
10;Cáceres;10009 Alcollarín;Mujeres;2004;156
10;Cáceres;10009 Alcollarín;Mujeres;2003;164
10;Cáceres;10009 Alcollarín;Mujeres;2002;181
10;Cáceres;10009 Alcollarín;Mujeres;2001;183
10;Cáceres;10009 Alcollarín;Mujeres;2000;184
10;Cáceres;10009 Alcollarín;Mujeres;1999;186
10;Cáceres;10009 Alcollarín;Mujeres;1998;192
10;Cáceres;10009 Alcollarín;Mujeres;1997;
10;Cáceres;10009 Alcollarín;Mujeres;1996;201
10;Cáceres;10010 Alcuéscar;Total;2023;2459
10;Cáceres;10010 Alcuéscar;Total;2022;2470
10;Cáceres;10010 Alcuéscar;Total;2021;2486
10;Cáceres;10010 Alcuéscar;Total;2020;2554
10;Cáceres;10010 Alcuéscar;Total;2019;2593
10;Cáceres;10010 Alcuéscar;Total;2018;2646
10;Cáceres;10010 Alcuéscar;Total;2017;2682
10;Cáceres;10010 Alcuéscar;Total;2016;2727
10;Cáceres;10010 Alcuéscar;Total;2015;2759
10;Cáceres;10010 Alcuéscar;Total;2014;2809
10;Cáceres;10010 Alcuéscar;Total;2013;2877
10;Cáceres;10010 Alcuéscar;Total;2012;2904
10;Cáceres;10010 Alcuéscar;Total;2011;2969
10;Cáceres;10010 Alcuéscar;Total;2010;2974
10;Cáceres;10010 Alcuéscar;Total;2009;3010
10;Cáceres;10010 Alcuéscar;Total;2008;3001
10;Cáceres;10010 Alcuéscar;Total;2007;2976
10;Cáceres;10010 Alcuéscar;Total;2006;2980
10;Cáceres;10010 Alcuéscar;Total;2005;3016
10;Cáceres;10010 Alcuéscar;Total;2004;3033
10;Cáceres;10010 Alcuéscar;Total;2003;3006
10;Cáceres;10010 Alcuéscar;Total;2002;2919
10;Cáceres;10010 Alcuéscar;Total;2001;3064
10;Cáceres;10010 Alcuéscar;Total;2000;3131
10;Cáceres;10010 Alcuéscar;Total;1999;3176
10;Cáceres;10010 Alcuéscar;Total;1998;3110
10;Cáceres;10010 Alcuéscar;Total;1997;
10;Cáceres;10010 Alcuéscar;Total;1996;3144
10;Cáceres;10010 Alcuéscar;Hombres;2023;1277
10;Cáceres;10010 Alcuéscar;Hombres;2022;1278
10;Cáceres;10010 Alcuéscar;Hombres;2021;1286
10;Cáceres;10010 Alcuéscar;Hombres;2020;1329
10;Cáceres;10010 Alcuéscar;Hombres;2019;1351
10;Cáceres;10010 Alcuéscar;Hombres;2018;1384
10;Cáceres;10010 Alcuéscar;Hombres;2017;1391
10;Cáceres;10010 Alcuéscar;Hombres;2016;1412
10;Cáceres;10010 Alcuéscar;Hombres;2015;1425
10;Cáceres;10010 Alcuéscar;Hombres;2014;1453
10;Cáceres;10010 Alcuéscar;Hombres;2013;1491
10;Cáceres;10010 Alcuéscar;Hombres;2012;1507
10;Cáceres;10010 Alcuéscar;Hombres;2011;1539
10;Cáceres;10010 Alcuéscar;Hombres;2010;1543
10;Cáceres;10010 Alcuéscar;Hombres;2009;1556
10;Cáceres;10010 Alcuéscar;Hombres;2008;1545
10;Cáceres;10010 Alcuéscar;Hombres;2007;1544
10;Cáceres;10010 Alcuéscar;Hombres;2006;1552
10;Cáceres;10010 Alcuéscar;Hombres;2005;1575
10;Cáceres;10010 Alcuéscar;Hombres;2004;1585
10;Cáceres;10010 Alcuéscar;Hombres;2003;1565
10;Cáceres;10010 Alcuéscar;Hombres;2002;1525
10;Cáceres;10010 Alcuéscar;Hombres;2001;1597
10;Cáceres;10010 Alcuéscar;Hombres;2000;1629
10;Cáceres;10010 Alcuéscar;Hombres;1999;1655
10;Cáceres;10010 Alcuéscar;Hombres;1998;1613
10;Cáceres;10010 Alcuéscar;Hombres;1997;
10;Cáceres;10010 Alcuéscar;Hombres;1996;1635
10;Cáceres;10010 Alcuéscar;Mujeres;2023;1182
10;Cáceres;10010 Alcuéscar;Mujeres;2022;1192
10;Cáceres;10010 Alcuéscar;Mujeres;2021;1200
10;Cáceres;10010 Alcuéscar;Mujeres;2020;1225
10;Cáceres;10010 Alcuéscar;Mujeres;2019;1242
10;Cáceres;10010 Alcuéscar;Mujeres;2018;1262
10;Cáceres;10010 Alcuéscar;Mujeres;2017;1291
10;Cáceres;10010 Alcuéscar;Mujeres;2016;1315
10;Cáceres;10010 Alcuéscar;Mujeres;2015;1334
10;Cáceres;10010 Alcuéscar;Mujeres;2014;1356
10;Cáceres;10010 Alcuéscar;Mujeres;2013;1386
10;Cáceres;10010 Alcuéscar;Mujeres;2012;1397
10;Cáceres;10010 Alcuéscar;Mujeres;2011;1430
10;Cáceres;10010 Alcuéscar;Mujeres;2010;1431
10;Cáceres;10010 Alcuéscar;Mujeres;2009;1454
10;Cáceres;10010 Alcuéscar;Mujeres;2008;1456
10;Cáceres;10010 Alcuéscar;Mujeres;2007;1432
10;Cáceres;10010 Alcuéscar;Mujeres;2006;1428
10;Cáceres;10010 Alcuéscar;Mujeres;2005;1441
10;Cáceres;10010 Alcuéscar;Mujeres;2004;1448
10;Cáceres;10010 Alcuéscar;Mujeres;2003;1441
10;Cáceres;10010 Alcuéscar;Mujeres;2002;1394
10;Cáceres;10010 Alcuéscar;Mujeres;2001;1467
10;Cáceres;10010 Alcuéscar;Mujeres;2000;1502
10;Cáceres;10010 Alcuéscar;Mujeres;1999;1521
10;Cáceres;10010 Alcuéscar;Mujeres;1998;1497
10;Cáceres;10010 Alcuéscar;Mujeres;1997;
10;Cáceres;10010 Alcuéscar;Mujeres;1996;1509
10;Cáceres;10012 Aldea del Cano;Total;2023;606
10;Cáceres;10012 Aldea del Cano;Total;2022;617
10;Cáceres;10012 Aldea del Cano;Total;2021;610
10;Cáceres;10012 Aldea del Cano;Total;2020;602
10;Cáceres;10012 Aldea del Cano;Total;2019;600
10;Cáceres;10012 Aldea del Cano;Total;2018;620
10;Cáceres;10012 Aldea del Cano;Total;2017;632
10;Cáceres;10012 Aldea del Cano;Total;2016;651
10;Cáceres;10012 Aldea del Cano;Total;2015;667
10;Cáceres;10012 Aldea del Cano;Total;2014;683
10;Cáceres;10012 Aldea del Cano;Total;2013;702
10;Cáceres;10012 Aldea del Cano;Total;2012;701
10;Cáceres;10012 Aldea del Cano;Total;2011;699
10;Cáceres;10012 Aldea del Cano;Total;2010;727
10;Cáceres;10012 Aldea del Cano;Total;2009;721
10;Cáceres;10012 Aldea del Cano;Total;2008;742
10;Cáceres;10012 Aldea del Cano;Total;2007;743
10;Cáceres;10012 Aldea del Cano;Total;2006;744
10;Cáceres;10012 Aldea del Cano;Total;2005;742
10;Cáceres;10012 Aldea del Cano;Total;2004;742
10;Cáceres;10012 Aldea del Cano;Total;2003;737
10;Cáceres;10012 Aldea del Cano;Total;2002;772
10;Cáceres;10012 Aldea del Cano;Total;2001;785
10;Cáceres;10012 Aldea del Cano;Total;2000;801
10;Cáceres;10012 Aldea del Cano;Total;1999;777
10;Cáceres;10012 Aldea del Cano;Total;1998;760
10;Cáceres;10012 Aldea del Cano;Total;1997;
10;Cáceres;10012 Aldea del Cano;Total;1996;762
10;Cáceres;10012 Aldea del Cano;Hombres;2023;298
10;Cáceres;10012 Aldea del Cano;Hombres;2022;295
10;Cáceres;10012 Aldea del Cano;Hombres;2021;287
10;Cáceres;10012 Aldea del Cano;Hombres;2020;284
10;Cáceres;10012 Aldea del Cano;Hombres;2019;286
10;Cáceres;10012 Aldea del Cano;Hombres;2018;288
10;Cáceres;10012 Aldea del Cano;Hombres;2017;297
10;Cáceres;10012 Aldea del Cano;Hombres;2016;304
10;Cáceres;10012 Aldea del Cano;Hombres;2015;316
10;Cáceres;10012 Aldea del Cano;Hombres;2014;326
10;Cáceres;10012 Aldea del Cano;Hombres;2013;342
10;Cáceres;10012 Aldea del Cano;Hombres;2012;341
10;Cáceres;10012 Aldea del Cano;Hombres;2011;335
10;Cáceres;10012 Aldea del Cano;Hombres;2010;351
10;Cáceres;10012 Aldea del Cano;Hombres;2009;347
10;Cáceres;10012 Aldea del Cano;Hombres;2008;357
10;Cáceres;10012 Aldea del Cano;Hombres;2007;355
10;Cáceres;10012 Aldea del Cano;Hombres;2006;358
10;Cáceres;10012 Aldea del Cano;Hombres;2005;353
10;Cáceres;10012 Aldea del Cano;Hombres;2004;358
10;Cáceres;10012 Aldea del Cano;Hombres;2003;359
10;Cáceres;10012 Aldea del Cano;Hombres;2002;378
10;Cáceres;10012 Aldea del Cano;Hombres;2001;386
10;Cáceres;10012 Aldea del Cano;Hombres;2000;388
10;Cáceres;10012 Aldea del Cano;Hombres;1999;380
10;Cáceres;10012 Aldea del Cano;Hombres;1998;376
10;Cáceres;10012 Aldea del Cano;Hombres;1997;
10;Cáceres;10012 Aldea del Cano;Hombres;1996;372
10;Cáceres;10012 Aldea del Cano;Mujeres;2023;308
10;Cáceres;10012 Aldea del Cano;Mujeres;2022;322
10;Cáceres;10012 Aldea del Cano;Mujeres;2021;323
10;Cáceres;10012 Aldea del Cano;Mujeres;2020;318
10;Cáceres;10012 Aldea del Cano;Mujeres;2019;314
10;Cáceres;10012 Aldea del Cano;Mujeres;2018;332
10;Cáceres;10012 Aldea del Cano;Mujeres;2017;335
10;Cáceres;10012 Aldea del Cano;Mujeres;2016;347
10;Cáceres;10012 Aldea del Cano;Mujeres;2015;351
10;Cáceres;10012 Aldea del Cano;Mujeres;2014;357
10;Cáceres;10012 Aldea del Cano;Mujeres;2013;360
10;Cáceres;10012 Aldea del Cano;Mujeres;2012;360
10;Cáceres;10012 Aldea del Cano;Mujeres;2011;364
10;Cáceres;10012 Aldea del Cano;Mujeres;2010;376
10;Cáceres;10012 Aldea del Cano;Mujeres;2009;374
10;Cáceres;10012 Aldea del Cano;Mujeres;2008;385
10;Cáceres;10012 Aldea del Cano;Mujeres;2007;388
10;Cáceres;10012 Aldea del Cano;Mujeres;2006;386
10;Cáceres;10012 Aldea del Cano;Mujeres;2005;389
10;Cáceres;10012 Aldea del Cano;Mujeres;2004;384
10;Cáceres;10012 Aldea del Cano;Mujeres;2003;378
10;Cáceres;10012 Aldea del Cano;Mujeres;2002;394
10;Cáceres;10012 Aldea del Cano;Mujeres;2001;399
10;Cáceres;10012 Aldea del Cano;Mujeres;2000;413
10;Cáceres;10012 Aldea del Cano;Mujeres;1999;397
10;Cáceres;10012 Aldea del Cano;Mujeres;1998;384
10;Cáceres;10012 Aldea del Cano;Mujeres;1997;
10;Cáceres;10012 Aldea del Cano;Mujeres;1996;390
10;Cáceres;10013 Aldea del Obispo, La;Total;2023;297
10;Cáceres;10013 Aldea del Obispo, La;Total;2022;305
10;Cáceres;10013 Aldea del Obispo, La;Total;2021;299
10;Cáceres;10013 Aldea del Obispo, La;Total;2020;298
10;Cáceres;10013 Aldea del Obispo, La;Total;2019;303
10;Cáceres;10013 Aldea del Obispo, La;Total;2018;305
10;Cáceres;10013 Aldea del Obispo, La;Total;2017;309
10;Cáceres;10013 Aldea del Obispo, La;Total;2016;309
10;Cáceres;10013 Aldea del Obispo, La;Total;2015;331
10;Cáceres;10013 Aldea del Obispo, La;Total;2014;326
10;Cáceres;10013 Aldea del Obispo, La;Total;2013;339
10;Cáceres;10013 Aldea del Obispo, La;Total;2012;337
10;Cáceres;10013 Aldea del Obispo, La;Total;2011;340
10;Cáceres;10013 Aldea del Obispo, La;Total;2010;349
10;Cáceres;10013 Aldea del Obispo, La;Total;2009;350
10;Cáceres;10013 Aldea del Obispo, La;Total;2008;353
10;Cáceres;10013 Aldea del Obispo, La;Total;2007;348
10;Cáceres;10013 Aldea del Obispo, La;Total;2006;368
10;Cáceres;10013 Aldea del Obispo, La;Total;2005;375
10;Cáceres;10013 Aldea del Obispo, La;Total;2004;384
10;Cáceres;10013 Aldea del Obispo, La;Total;2003;362
10;Cáceres;10013 Aldea del Obispo, La;Total;2002;353
10;Cáceres;10013 Aldea del Obispo, La;Total;2001;376
10;Cáceres;10013 Aldea del Obispo, La;Total;2000;395
10;Cáceres;10013 Aldea del Obispo, La;Total;1999;415
10;Cáceres;10013 Aldea del Obispo, La;Total;1998;415
10;Cáceres;10013 Aldea del Obispo, La;Total;1997;
10;Cáceres;10013 Aldea del Obispo, La;Total;1996;429
10;Cáceres;10013 Aldea del Obispo, La;Hombres;2023;160
10;Cáceres;10013 Aldea del Obispo, La;Hombres;2022;165
10;Cáceres;10013 Aldea del Obispo, La;Hombres;2021;163
10;Cáceres;10013 Aldea del Obispo, La;Hombres;2020;161
10;Cáceres;10013 Aldea del Obispo, La;Hombres;2019;162
10;Cáceres;10013 Aldea del Obispo, La;Hombres;2018;163
10;Cáceres;10013 Aldea del Obispo, La;Hombres;2017;166
10;Cáceres;10013 Aldea del Obispo, La;Hombres;2016;163
10;Cáceres;10013 Aldea del Obispo, La;Hombres;2015;174
10;Cáceres;10013 Aldea del Obispo, La;Hombres;2014;171
10;Cáceres;10013 Aldea del Obispo, La;Hombres;2013;177
10;Cáceres;10013 Aldea del Obispo, La;Hombres;2012;178
10;Cáceres;10013 Aldea del Obispo, La;Hombres;2011;181
10;Cáceres;10013 Aldea del Obispo, La;Hombres;2010;181
10;Cáceres;10013 Aldea del Obispo, La;Hombres;2009;183
10;Cáceres;10013 Aldea del Obispo, La;Hombres;2008;188
10;Cáceres;10013 Aldea del Obispo, La;Hombres;2007;183
10;Cáceres;10013 Aldea del Obispo, La;Hombres;2006;196
10;Cáceres;10013 Aldea del Obispo, La;Hombres;2005;195
10;Cáceres;10013 Aldea del Obispo, La;Hombres;2004;201
10;Cáceres;10013 Aldea del Obispo, La;Hombres;2003;195
10;Cáceres;10013 Aldea del Obispo, La;Hombres;2002;188
10;Cáceres;10013 Aldea del Obispo, La;Hombres;2001;199
10;Cáceres;10013 Aldea del Obispo, La;Hombres;2000;208
10;Cáceres;10013 Aldea del Obispo, La;Hombres;1999;220
10;Cáceres;10013 Aldea del Obispo, La;Hombres;1998;220
10;Cáceres;10013 Aldea del Obispo, La;Hombres;1997;
10;Cáceres;10013 Aldea del Obispo, La;Hombres;1996;224
10;Cáceres;10013 Aldea del Obispo, La;Mujeres;2023;137
10;Cáceres;10013 Aldea del Obispo, La;Mujeres;2022;140
10;Cáceres;10013 Aldea del Obispo, La;Mujeres;2021;136
10;Cáceres;10013 Aldea del Obispo, La;Mujeres;2020;137
10;Cáceres;10013 Aldea del Obispo, La;Mujeres;2019;141
10;Cáceres;10013 Aldea del Obispo, La;Mujeres;2018;142
10;Cáceres;10013 Aldea del Obispo, La;Mujeres;2017;143
10;Cáceres;10013 Aldea del Obispo, La;Mujeres;2016;146
10;Cáceres;10013 Aldea del Obispo, La;Mujeres;2015;157
10;Cáceres;10013 Aldea del Obispo, La;Mujeres;2014;155
10;Cáceres;10013 Aldea del Obispo, La;Mujeres;2013;162
10;Cáceres;10013 Aldea del Obispo, La;Mujeres;2012;159
10;Cáceres;10013 Aldea del Obispo, La;Mujeres;2011;159
10;Cáceres;10013 Aldea del Obispo, La;Mujeres;2010;168
10;Cáceres;10013 Aldea del Obispo, La;Mujeres;2009;167
10;Cáceres;10013 Aldea del Obispo, La;Mujeres;2008;165
10;Cáceres;10013 Aldea del Obispo, La;Mujeres;2007;165
10;Cáceres;10013 Aldea del Obispo, La;Mujeres;2006;172
10;Cáceres;10013 Aldea del Obispo, La;Mujeres;2005;180
10;Cáceres;10013 Aldea del Obispo, La;Mujeres;2004;183
10;Cáceres;10013 Aldea del Obispo, La;Mujeres;2003;167
10;Cáceres;10013 Aldea del Obispo, La;Mujeres;2002;165
10;Cáceres;10013 Aldea del Obispo, La;Mujeres;2001;177
10;Cáceres;10013 Aldea del Obispo, La;Mujeres;2000;187
10;Cáceres;10013 Aldea del Obispo, La;Mujeres;1999;195
10;Cáceres;10013 Aldea del Obispo, La;Mujeres;1998;195
10;Cáceres;10013 Aldea del Obispo, La;Mujeres;1997;
10;Cáceres;10013 Aldea del Obispo, La;Mujeres;1996;205
10;Cáceres;10011 Aldeacentenera;Total;2023;597
10;Cáceres;10011 Aldeacentenera;Total;2022;585
10;Cáceres;10011 Aldeacentenera;Total;2021;568
10;Cáceres;10011 Aldeacentenera;Total;2020;561
10;Cáceres;10011 Aldeacentenera;Total;2019;578
10;Cáceres;10011 Aldeacentenera;Total;2018;576
10;Cáceres;10011 Aldeacentenera;Total;2017;609
10;Cáceres;10011 Aldeacentenera;Total;2016;634
10;Cáceres;10011 Aldeacentenera;Total;2015;646
10;Cáceres;10011 Aldeacentenera;Total;2014;630
10;Cáceres;10011 Aldeacentenera;Total;2013;644
10;Cáceres;10011 Aldeacentenera;Total;2012;710
10;Cáceres;10011 Aldeacentenera;Total;2011;733
10;Cáceres;10011 Aldeacentenera;Total;2010;754
10;Cáceres;10011 Aldeacentenera;Total;2009;774
10;Cáceres;10011 Aldeacentenera;Total;2008;779
10;Cáceres;10011 Aldeacentenera;Total;2007;794
10;Cáceres;10011 Aldeacentenera;Total;2006;820
10;Cáceres;10011 Aldeacentenera;Total;2005;840
10;Cáceres;10011 Aldeacentenera;Total;2004;889
10;Cáceres;10011 Aldeacentenera;Total;2003;863
10;Cáceres;10011 Aldeacentenera;Total;2002;899
10;Cáceres;10011 Aldeacentenera;Total;2001;912
10;Cáceres;10011 Aldeacentenera;Total;2000;927
10;Cáceres;10011 Aldeacentenera;Total;1999;991
10;Cáceres;10011 Aldeacentenera;Total;1998;1002
10;Cáceres;10011 Aldeacentenera;Total;1997;
10;Cáceres;10011 Aldeacentenera;Total;1996;1017
10;Cáceres;10011 Aldeacentenera;Hombres;2023;324
10;Cáceres;10011 Aldeacentenera;Hombres;2022;308
10;Cáceres;10011 Aldeacentenera;Hombres;2021;296
10;Cáceres;10011 Aldeacentenera;Hombres;2020;288
10;Cáceres;10011 Aldeacentenera;Hombres;2019;296
10;Cáceres;10011 Aldeacentenera;Hombres;2018;289
10;Cáceres;10011 Aldeacentenera;Hombres;2017;307
10;Cáceres;10011 Aldeacentenera;Hombres;2016;318
10;Cáceres;10011 Aldeacentenera;Hombres;2015;331
10;Cáceres;10011 Aldeacentenera;Hombres;2014;323
10;Cáceres;10011 Aldeacentenera;Hombres;2013;331
10;Cáceres;10011 Aldeacentenera;Hombres;2012;378
10;Cáceres;10011 Aldeacentenera;Hombres;2011;386
10;Cáceres;10011 Aldeacentenera;Hombres;2010;391
10;Cáceres;10011 Aldeacentenera;Hombres;2009;398
10;Cáceres;10011 Aldeacentenera;Hombres;2008;405
10;Cáceres;10011 Aldeacentenera;Hombres;2007;411
10;Cáceres;10011 Aldeacentenera;Hombres;2006;420
10;Cáceres;10011 Aldeacentenera;Hombres;2005;434
10;Cáceres;10011 Aldeacentenera;Hombres;2004;460
10;Cáceres;10011 Aldeacentenera;Hombres;2003;438
10;Cáceres;10011 Aldeacentenera;Hombres;2002;460
10;Cáceres;10011 Aldeacentenera;Hombres;2001;464
10;Cáceres;10011 Aldeacentenera;Hombres;2000;469
10;Cáceres;10011 Aldeacentenera;Hombres;1999;503
10;Cáceres;10011 Aldeacentenera;Hombres;1998;509
10;Cáceres;10011 Aldeacentenera;Hombres;1997;
10;Cáceres;10011 Aldeacentenera;Hombres;1996;506
10;Cáceres;10011 Aldeacentenera;Mujeres;2023;273
10;Cáceres;10011 Aldeacentenera;Mujeres;2022;277
10;Cáceres;10011 Aldeacentenera;Mujeres;2021;272
10;Cáceres;10011 Aldeacentenera;Mujeres;2020;273
10;Cáceres;10011 Aldeacentenera;Mujeres;2019;282
10;Cáceres;10011 Aldeacentenera;Mujeres;2018;287
10;Cáceres;10011 Aldeacentenera;Mujeres;2017;302
10;Cáceres;10011 Aldeacentenera;Mujeres;2016;316
10;Cáceres;10011 Aldeacentenera;Mujeres;2015;315
10;Cáceres;10011 Aldeacentenera;Mujeres;2014;307
10;Cáceres;10011 Aldeacentenera;Mujeres;2013;313
10;Cáceres;10011 Aldeacentenera;Mujeres;2012;332
10;Cáceres;10011 Aldeacentenera;Mujeres;2011;347
10;Cáceres;10011 Aldeacentenera;Mujeres;2010;363
10;Cáceres;10011 Aldeacentenera;Mujeres;2009;376
10;Cáceres;10011 Aldeacentenera;Mujeres;2008;374
10;Cáceres;10011 Aldeacentenera;Mujeres;2007;383
10;Cáceres;10011 Aldeacentenera;Mujeres;2006;400
10;Cáceres;10011 Aldeacentenera;Mujeres;2005;406
10;Cáceres;10011 Aldeacentenera;Mujeres;2004;429
10;Cáceres;10011 Aldeacentenera;Mujeres;2003;425
10;Cáceres;10011 Aldeacentenera;Mujeres;2002;439
10;Cáceres;10011 Aldeacentenera;Mujeres;2001;448
10;Cáceres;10011 Aldeacentenera;Mujeres;2000;458
10;Cáceres;10011 Aldeacentenera;Mujeres;1999;488
10;Cáceres;10011 Aldeacentenera;Mujeres;1998;493
10;Cáceres;10011 Aldeacentenera;Mujeres;1997;
10;Cáceres;10011 Aldeacentenera;Mujeres;1996;511
10;Cáceres;10014 Aldeanueva de la Vera;Total;2023;2015
10;Cáceres;10014 Aldeanueva de la Vera;Total;2022;2025
10;Cáceres;10014 Aldeanueva de la Vera;Total;2021;2035
10;Cáceres;10014 Aldeanueva de la Vera;Total;2020;2042
10;Cáceres;10014 Aldeanueva de la Vera;Total;2019;2066
10;Cáceres;10014 Aldeanueva de la Vera;Total;2018;2085
10;Cáceres;10014 Aldeanueva de la Vera;Total;2017;2114
10;Cáceres;10014 Aldeanueva de la Vera;Total;2016;2150
10;Cáceres;10014 Aldeanueva de la Vera;Total;2015;2155
10;Cáceres;10014 Aldeanueva de la Vera;Total;2014;2163
10;Cáceres;10014 Aldeanueva de la Vera;Total;2013;2168
10;Cáceres;10014 Aldeanueva de la Vera;Total;2012;2190
10;Cáceres;10014 Aldeanueva de la Vera;Total;2011;2216
10;Cáceres;10014 Aldeanueva de la Vera;Total;2010;2229
10;Cáceres;10014 Aldeanueva de la Vera;Total;2009;2275
10;Cáceres;10014 Aldeanueva de la Vera;Total;2008;2276
10;Cáceres;10014 Aldeanueva de la Vera;Total;2007;2306
10;Cáceres;10014 Aldeanueva de la Vera;Total;2006;2304
10;Cáceres;10014 Aldeanueva de la Vera;Total;2005;2346
10;Cáceres;10014 Aldeanueva de la Vera;Total;2004;2385
10;Cáceres;10014 Aldeanueva de la Vera;Total;2003;2427
10;Cáceres;10014 Aldeanueva de la Vera;Total;2002;2463
10;Cáceres;10014 Aldeanueva de la Vera;Total;2001;2485
10;Cáceres;10014 Aldeanueva de la Vera;Total;2000;2462
10;Cáceres;10014 Aldeanueva de la Vera;Total;1999;2501
10;Cáceres;10014 Aldeanueva de la Vera;Total;1998;2526
10;Cáceres;10014 Aldeanueva de la Vera;Total;1997;
10;Cáceres;10014 Aldeanueva de la Vera;Total;1996;2584
10;Cáceres;10014 Aldeanueva de la Vera;Hombres;2023;984
10;Cáceres;10014 Aldeanueva de la Vera;Hombres;2022;999
10;Cáceres;10014 Aldeanueva de la Vera;Hombres;2021;997
10;Cáceres;10014 Aldeanueva de la Vera;Hombres;2020;1003
10;Cáceres;10014 Aldeanueva de la Vera;Hombres;2019;1015
10;Cáceres;10014 Aldeanueva de la Vera;Hombres;2018;1026
10;Cáceres;10014 Aldeanueva de la Vera;Hombres;2017;1035
10;Cáceres;10014 Aldeanueva de la Vera;Hombres;2016;1052
10;Cáceres;10014 Aldeanueva de la Vera;Hombres;2015;1051
10;Cáceres;10014 Aldeanueva de la Vera;Hombres;2014;1049
10;Cáceres;10014 Aldeanueva de la Vera;Hombres;2013;1060
10;Cáceres;10014 Aldeanueva de la Vera;Hombres;2012;1075
10;Cáceres;10014 Aldeanueva de la Vera;Hombres;2011;1087
10;Cáceres;10014 Aldeanueva de la Vera;Hombres;2010;1075
10;Cáceres;10014 Aldeanueva de la Vera;Hombres;2009;1100
10;Cáceres;10014 Aldeanueva de la Vera;Hombres;2008;1108
10;Cáceres;10014 Aldeanueva de la Vera;Hombres;2007;1129
10;Cáceres;10014 Aldeanueva de la Vera;Hombres;2006;1126
10;Cáceres;10014 Aldeanueva de la Vera;Hombres;2005;1153
10;Cáceres;10014 Aldeanueva de la Vera;Hombres;2004;1168
10;Cáceres;10014 Aldeanueva de la Vera;Hombres;2003;1197
10;Cáceres;10014 Aldeanueva de la Vera;Hombres;2002;1223
10;Cáceres;10014 Aldeanueva de la Vera;Hombres;2001;1241
10;Cáceres;10014 Aldeanueva de la Vera;Hombres;2000;1220
10;Cáceres;10014 Aldeanueva de la Vera;Hombres;1999;1242
10;Cáceres;10014 Aldeanueva de la Vera;Hombres;1998;1251
10;Cáceres;10014 Aldeanueva de la Vera;Hombres;1997;
10;Cáceres;10014 Aldeanueva de la Vera;Hombres;1996;1287
10;Cáceres;10014 Aldeanueva de la Vera;Mujeres;2023;1031
10;Cáceres;10014 Aldeanueva de la Vera;Mujeres;2022;1026
10;Cáceres;10014 Aldeanueva de la Vera;Mujeres;2021;1038
10;Cáceres;10014 Aldeanueva de la Vera;Mujeres;2020;1039
10;Cáceres;10014 Aldeanueva de la Vera;Mujeres;2019;1051
10;Cáceres;10014 Aldeanueva de la Vera;Mujeres;2018;1059
10;Cáceres;10014 Aldeanueva de la Vera;Mujeres;2017;1079
10;Cáceres;10014 Aldeanueva de la Vera;Mujeres;2016;1098
10;Cáceres;10014 Aldeanueva de la Vera;Mujeres;2015;1104
10;Cáceres;10014 Aldeanueva de la Vera;Mujeres;2014;1114
10;Cáceres;10014 Aldeanueva de la Vera;Mujeres;2013;1108
10;Cáceres;10014 Aldeanueva de la Vera;Mujeres;2012;1115
10;Cáceres;10014 Aldeanueva de la Vera;Mujeres;2011;1129
10;Cáceres;10014 Aldeanueva de la Vera;Mujeres;2010;1154
10;Cáceres;10014 Aldeanueva de la Vera;Mujeres;2009;1175
10;Cáceres;10014 Aldeanueva de la Vera;Mujeres;2008;1168
10;Cáceres;10014 Aldeanueva de la Vera;Mujeres;2007;1177
10;Cáceres;10014 Aldeanueva de la Vera;Mujeres;2006;1178
10;Cáceres;10014 Aldeanueva de la Vera;Mujeres;2005;1193
10;Cáceres;10014 Aldeanueva de la Vera;Mujeres;2004;1217
10;Cáceres;10014 Aldeanueva de la Vera;Mujeres;2003;1230
10;Cáceres;10014 Aldeanueva de la Vera;Mujeres;2002;1240
10;Cáceres;10014 Aldeanueva de la Vera;Mujeres;2001;1244
10;Cáceres;10014 Aldeanueva de la Vera;Mujeres;2000;1242
10;Cáceres;10014 Aldeanueva de la Vera;Mujeres;1999;1259
10;Cáceres;10014 Aldeanueva de la Vera;Mujeres;1998;1275
10;Cáceres;10014 Aldeanueva de la Vera;Mujeres;1997;
10;Cáceres;10014 Aldeanueva de la Vera;Mujeres;1996;1297
10;Cáceres;10015 Aldeanueva del Camino;Total;2023;725
10;Cáceres;10015 Aldeanueva del Camino;Total;2022;742
10;Cáceres;10015 Aldeanueva del Camino;Total;2021;729
10;Cáceres;10015 Aldeanueva del Camino;Total;2020;727
10;Cáceres;10015 Aldeanueva del Camino;Total;2019;735
10;Cáceres;10015 Aldeanueva del Camino;Total;2018;753
10;Cáceres;10015 Aldeanueva del Camino;Total;2017;754
10;Cáceres;10015 Aldeanueva del Camino;Total;2016;791
10;Cáceres;10015 Aldeanueva del Camino;Total;2015;791
10;Cáceres;10015 Aldeanueva del Camino;Total;2014;796
10;Cáceres;10015 Aldeanueva del Camino;Total;2013;797
10;Cáceres;10015 Aldeanueva del Camino;Total;2012;799
10;Cáceres;10015 Aldeanueva del Camino;Total;2011;784
10;Cáceres;10015 Aldeanueva del Camino;Total;2010;797
10;Cáceres;10015 Aldeanueva del Camino;Total;2009;800
10;Cáceres;10015 Aldeanueva del Camino;Total;2008;789
10;Cáceres;10015 Aldeanueva del Camino;Total;2007;795
10;Cáceres;10015 Aldeanueva del Camino;Total;2006;830
10;Cáceres;10015 Aldeanueva del Camino;Total;2005;837
10;Cáceres;10015 Aldeanueva del Camino;Total;2004;858
10;Cáceres;10015 Aldeanueva del Camino;Total;2003;849
10;Cáceres;10015 Aldeanueva del Camino;Total;2002;836
10;Cáceres;10015 Aldeanueva del Camino;Total;2001;776
10;Cáceres;10015 Aldeanueva del Camino;Total;2000;785
10;Cáceres;10015 Aldeanueva del Camino;Total;1999;906
10;Cáceres;10015 Aldeanueva del Camino;Total;1998;906
10;Cáceres;10015 Aldeanueva del Camino;Total;1997;
10;Cáceres;10015 Aldeanueva del Camino;Total;1996;935
10;Cáceres;10015 Aldeanueva del Camino;Hombres;2023;361
10;Cáceres;10015 Aldeanueva del Camino;Hombres;2022;368
10;Cáceres;10015 Aldeanueva del Camino;Hombres;2021;362
10;Cáceres;10015 Aldeanueva del Camino;Hombres;2020;355
10;Cáceres;10015 Aldeanueva del Camino;Hombres;2019;361
10;Cáceres;10015 Aldeanueva del Camino;Hombres;2018;367
10;Cáceres;10015 Aldeanueva del Camino;Hombres;2017;364
10;Cáceres;10015 Aldeanueva del Camino;Hombres;2016;375
10;Cáceres;10015 Aldeanueva del Camino;Hombres;2015;383
10;Cáceres;10015 Aldeanueva del Camino;Hombres;2014;385
10;Cáceres;10015 Aldeanueva del Camino;Hombres;2013;391
10;Cáceres;10015 Aldeanueva del Camino;Hombres;2012;399
10;Cáceres;10015 Aldeanueva del Camino;Hombres;2011;389
10;Cáceres;10015 Aldeanueva del Camino;Hombres;2010;390
10;Cáceres;10015 Aldeanueva del Camino;Hombres;2009;394
10;Cáceres;10015 Aldeanueva del Camino;Hombres;2008;389
10;Cáceres;10015 Aldeanueva del Camino;Hombres;2007;387
10;Cáceres;10015 Aldeanueva del Camino;Hombres;2006;406
10;Cáceres;10015 Aldeanueva del Camino;Hombres;2005;410
10;Cáceres;10015 Aldeanueva del Camino;Hombres;2004;420
10;Cáceres;10015 Aldeanueva del Camino;Hombres;2003;414
10;Cáceres;10015 Aldeanueva del Camino;Hombres;2002;411
10;Cáceres;10015 Aldeanueva del Camino;Hombres;2001;396
10;Cáceres;10015 Aldeanueva del Camino;Hombres;2000;404
10;Cáceres;10015 Aldeanueva del Camino;Hombres;1999;467
10;Cáceres;10015 Aldeanueva del Camino;Hombres;1998;467
10;Cáceres;10015 Aldeanueva del Camino;Hombres;1997;
10;Cáceres;10015 Aldeanueva del Camino;Hombres;1996;451
10;Cáceres;10015 Aldeanueva del Camino;Mujeres;2023;364
10;Cáceres;10015 Aldeanueva del Camino;Mujeres;2022;374
10;Cáceres;10015 Aldeanueva del Camino;Mujeres;2021;367
10;Cáceres;10015 Aldeanueva del Camino;Mujeres;2020;372
10;Cáceres;10015 Aldeanueva del Camino;Mujeres;2019;374
10;Cáceres;10015 Aldeanueva del Camino;Mujeres;2018;386
10;Cáceres;10015 Aldeanueva del Camino;Mujeres;2017;390
10;Cáceres;10015 Aldeanueva del Camino;Mujeres;2016;416
10;Cáceres;10015 Aldeanueva del Camino;Mujeres;2015;408
10;Cáceres;10015 Aldeanueva del Camino;Mujeres;2014;411
10;Cáceres;10015 Aldeanueva del Camino;Mujeres;2013;406
10;Cáceres;10015 Aldeanueva del Camino;Mujeres;2012;400
10;Cáceres;10015 Aldeanueva del Camino;Mujeres;2011;395
10;Cáceres;10015 Aldeanueva del Camino;Mujeres;2010;407
10;Cáceres;10015 Aldeanueva del Camino;Mujeres;2009;406
10;Cáceres;10015 Aldeanueva del Camino;Mujeres;2008;400
10;Cáceres;10015 Aldeanueva del Camino;Mujeres;2007;408
10;Cáceres;10015 Aldeanueva del Camino;Mujeres;2006;424
10;Cáceres;10015 Aldeanueva del Camino;Mujeres;2005;427
10;Cáceres;10015 Aldeanueva del Camino;Mujeres;2004;438
10;Cáceres;10015 Aldeanueva del Camino;Mujeres;2003;435
10;Cáceres;10015 Aldeanueva del Camino;Mujeres;2002;425
10;Cáceres;10015 Aldeanueva del Camino;Mujeres;2001;380
10;Cáceres;10015 Aldeanueva del Camino;Mujeres;2000;381
10;Cáceres;10015 Aldeanueva del Camino;Mujeres;1999;439
10;Cáceres;10015 Aldeanueva del Camino;Mujeres;1998;439
10;Cáceres;10015 Aldeanueva del Camino;Mujeres;1997;
10;Cáceres;10015 Aldeanueva del Camino;Mujeres;1996;484
10;Cáceres;10016 Aldehuela de Jerte;Total;2023;362
10;Cáceres;10016 Aldehuela de Jerte;Total;2022;365
10;Cáceres;10016 Aldehuela de Jerte;Total;2021;372
10;Cáceres;10016 Aldehuela de Jerte;Total;2020;371
10;Cáceres;10016 Aldehuela de Jerte;Total;2019;364
10;Cáceres;10016 Aldehuela de Jerte;Total;2018;370
10;Cáceres;10016 Aldehuela de Jerte;Total;2017;364
10;Cáceres;10016 Aldehuela de Jerte;Total;2016;374
10;Cáceres;10016 Aldehuela de Jerte;Total;2015;367
10;Cáceres;10016 Aldehuela de Jerte;Total;2014;375
10;Cáceres;10016 Aldehuela de Jerte;Total;2013;379
10;Cáceres;10016 Aldehuela de Jerte;Total;2012;380
10;Cáceres;10016 Aldehuela de Jerte;Total;2011;386
10;Cáceres;10016 Aldehuela de Jerte;Total;2010;382
10;Cáceres;10016 Aldehuela de Jerte;Total;2009;338
10;Cáceres;10016 Aldehuela de Jerte;Total;2008;344
10;Cáceres;10016 Aldehuela de Jerte;Total;2007;350
10;Cáceres;10016 Aldehuela de Jerte;Total;2006;345
10;Cáceres;10016 Aldehuela de Jerte;Total;2005;348
10;Cáceres;10016 Aldehuela de Jerte;Total;2004;352
10;Cáceres;10016 Aldehuela de Jerte;Total;2003;359
10;Cáceres;10016 Aldehuela de Jerte;Total;2002;367
10;Cáceres;10016 Aldehuela de Jerte;Total;2001;373
10;Cáceres;10016 Aldehuela de Jerte;Total;2000;380
10;Cáceres;10016 Aldehuela de Jerte;Total;1999;386
10;Cáceres;10016 Aldehuela de Jerte;Total;1998;388
10;Cáceres;10016 Aldehuela de Jerte;Total;1997;
10;Cáceres;10016 Aldehuela de Jerte;Total;1996;392
10;Cáceres;10016 Aldehuela de Jerte;Hombres;2023;185
10;Cáceres;10016 Aldehuela de Jerte;Hombres;2022;191
10;Cáceres;10016 Aldehuela de Jerte;Hombres;2021;195
10;Cáceres;10016 Aldehuela de Jerte;Hombres;2020;197
10;Cáceres;10016 Aldehuela de Jerte;Hombres;2019;192
10;Cáceres;10016 Aldehuela de Jerte;Hombres;2018;194
10;Cáceres;10016 Aldehuela de Jerte;Hombres;2017;192
10;Cáceres;10016 Aldehuela de Jerte;Hombres;2016;201
10;Cáceres;10016 Aldehuela de Jerte;Hombres;2015;200
10;Cáceres;10016 Aldehuela de Jerte;Hombres;2014;198
10;Cáceres;10016 Aldehuela de Jerte;Hombres;2013;202
10;Cáceres;10016 Aldehuela de Jerte;Hombres;2012;203
10;Cáceres;10016 Aldehuela de Jerte;Hombres;2011;205
10;Cáceres;10016 Aldehuela de Jerte;Hombres;2010;206
10;Cáceres;10016 Aldehuela de Jerte;Hombres;2009;187
10;Cáceres;10016 Aldehuela de Jerte;Hombres;2008;191
10;Cáceres;10016 Aldehuela de Jerte;Hombres;2007;194
10;Cáceres;10016 Aldehuela de Jerte;Hombres;2006;194
10;Cáceres;10016 Aldehuela de Jerte;Hombres;2005;197
10;Cáceres;10016 Aldehuela de Jerte;Hombres;2004;199
10;Cáceres;10016 Aldehuela de Jerte;Hombres;2003;205
10;Cáceres;10016 Aldehuela de Jerte;Hombres;2002;210
10;Cáceres;10016 Aldehuela de Jerte;Hombres;2001;213
10;Cáceres;10016 Aldehuela de Jerte;Hombres;2000;217
10;Cáceres;10016 Aldehuela de Jerte;Hombres;1999;219
10;Cáceres;10016 Aldehuela de Jerte;Hombres;1998;220
10;Cáceres;10016 Aldehuela de Jerte;Hombres;1997;
10;Cáceres;10016 Aldehuela de Jerte;Hombres;1996;224
10;Cáceres;10016 Aldehuela de Jerte;Mujeres;2023;177
10;Cáceres;10016 Aldehuela de Jerte;Mujeres;2022;174
10;Cáceres;10016 Aldehuela de Jerte;Mujeres;2021;177
10;Cáceres;10016 Aldehuela de Jerte;Mujeres;2020;174
10;Cáceres;10016 Aldehuela de Jerte;Mujeres;2019;172
10;Cáceres;10016 Aldehuela de Jerte;Mujeres;2018;176
10;Cáceres;10016 Aldehuela de Jerte;Mujeres;2017;172
10;Cáceres;10016 Aldehuela de Jerte;Mujeres;2016;173
10;Cáceres;10016 Aldehuela de Jerte;Mujeres;2015;167
10;Cáceres;10016 Aldehuela de Jerte;Mujeres;2014;177
10;Cáceres;10016 Aldehuela de Jerte;Mujeres;2013;177
10;Cáceres;10016 Aldehuela de Jerte;Mujeres;2012;177
10;Cáceres;10016 Aldehuela de Jerte;Mujeres;2011;181
10;Cáceres;10016 Aldehuela de Jerte;Mujeres;2010;176
10;Cáceres;10016 Aldehuela de Jerte;Mujeres;2009;151
10;Cáceres;10016 Aldehuela de Jerte;Mujeres;2008;153
10;Cáceres;10016 Aldehuela de Jerte;Mujeres;2007;156
10;Cáceres;10016 Aldehuela de Jerte;Mujeres;2006;151
10;Cáceres;10016 Aldehuela de Jerte;Mujeres;2005;151
10;Cáceres;10016 Aldehuela de Jerte;Mujeres;2004;153
10;Cáceres;10016 Aldehuela de Jerte;Mujeres;2003;154
10;Cáceres;10016 Aldehuela de Jerte;Mujeres;2002;157
10;Cáceres;10016 Aldehuela de Jerte;Mujeres;2001;160
10;Cáceres;10016 Aldehuela de Jerte;Mujeres;2000;163
10;Cáceres;10016 Aldehuela de Jerte;Mujeres;1999;167
10;Cáceres;10016 Aldehuela de Jerte;Mujeres;1998;168
10;Cáceres;10016 Aldehuela de Jerte;Mujeres;1997;
10;Cáceres;10016 Aldehuela de Jerte;Mujeres;1996;168
10;Cáceres;10017 Alía;Total;2023;755
10;Cáceres;10017 Alía;Total;2022;761
10;Cáceres;10017 Alía;Total;2021;783
10;Cáceres;10017 Alía;Total;2020;816
10;Cáceres;10017 Alía;Total;2019;834
10;Cáceres;10017 Alía;Total;2018;831
10;Cáceres;10017 Alía;Total;2017;865
10;Cáceres;10017 Alía;Total;2016;891
10;Cáceres;10017 Alía;Total;2015;936
10;Cáceres;10017 Alía;Total;2014;936
10;Cáceres;10017 Alía;Total;2013;968
10;Cáceres;10017 Alía;Total;2012;964
10;Cáceres;10017 Alía;Total;2011;1028
10;Cáceres;10017 Alía;Total;2010;998
10;Cáceres;10017 Alía;Total;2009;1021
10;Cáceres;10017 Alía;Total;2008;1068
10;Cáceres;10017 Alía;Total;2007;1105
10;Cáceres;10017 Alía;Total;2006;1140
10;Cáceres;10017 Alía;Total;2005;1163
10;Cáceres;10017 Alía;Total;2004;1210
10;Cáceres;10017 Alía;Total;2003;1262
10;Cáceres;10017 Alía;Total;2002;1321
10;Cáceres;10017 Alía;Total;2001;1368
10;Cáceres;10017 Alía;Total;2000;1373
10;Cáceres;10017 Alía;Total;1999;1408
10;Cáceres;10017 Alía;Total;1998;1371
10;Cáceres;10017 Alía;Total;1997;
10;Cáceres;10017 Alía;Total;1996;1454
10;Cáceres;10017 Alía;Hombres;2023;389
10;Cáceres;10017 Alía;Hombres;2022;400
10;Cáceres;10017 Alía;Hombres;2021;407
10;Cáceres;10017 Alía;Hombres;2020;420
10;Cáceres;10017 Alía;Hombres;2019;421
10;Cáceres;10017 Alía;Hombres;2018;416
10;Cáceres;10017 Alía;Hombres;2017;427
10;Cáceres;10017 Alía;Hombres;2016;446
10;Cáceres;10017 Alía;Hombres;2015;466
10;Cáceres;10017 Alía;Hombres;2014;474
10;Cáceres;10017 Alía;Hombres;2013;497
10;Cáceres;10017 Alía;Hombres;2012;493
10;Cáceres;10017 Alía;Hombres;2011;523
10;Cáceres;10017 Alía;Hombres;2010;504
10;Cáceres;10017 Alía;Hombres;2009;517
10;Cáceres;10017 Alía;Hombres;2008;544
10;Cáceres;10017 Alía;Hombres;2007;562
10;Cáceres;10017 Alía;Hombres;2006;576
10;Cáceres;10017 Alía;Hombres;2005;590
10;Cáceres;10017 Alía;Hombres;2004;617
10;Cáceres;10017 Alía;Hombres;2003;642
10;Cáceres;10017 Alía;Hombres;2002;667
10;Cáceres;10017 Alía;Hombres;2001;692
10;Cáceres;10017 Alía;Hombres;2000;687
10;Cáceres;10017 Alía;Hombres;1999;701
10;Cáceres;10017 Alía;Hombres;1998;682
10;Cáceres;10017 Alía;Hombres;1997;
10;Cáceres;10017 Alía;Hombres;1996;720
10;Cáceres;10017 Alía;Mujeres;2023;366
10;Cáceres;10017 Alía;Mujeres;2022;361
10;Cáceres;10017 Alía;Mujeres;2021;376
10;Cáceres;10017 Alía;Mujeres;2020;396
10;Cáceres;10017 Alía;Mujeres;2019;413
10;Cáceres;10017 Alía;Mujeres;2018;415
10;Cáceres;10017 Alía;Mujeres;2017;438
10;Cáceres;10017 Alía;Mujeres;2016;445
10;Cáceres;10017 Alía;Mujeres;2015;470
10;Cáceres;10017 Alía;Mujeres;2014;462
10;Cáceres;10017 Alía;Mujeres;2013;471
10;Cáceres;10017 Alía;Mujeres;2012;471
10;Cáceres;10017 Alía;Mujeres;2011;505
10;Cáceres;10017 Alía;Mujeres;2010;494
10;Cáceres;10017 Alía;Mujeres;2009;504
10;Cáceres;10017 Alía;Mujeres;2008;524
10;Cáceres;10017 Alía;Mujeres;2007;543
10;Cáceres;10017 Alía;Mujeres;2006;564
10;Cáceres;10017 Alía;Mujeres;2005;573
10;Cáceres;10017 Alía;Mujeres;2004;593
10;Cáceres;10017 Alía;Mujeres;2003;620
10;Cáceres;10017 Alía;Mujeres;2002;654
10;Cáceres;10017 Alía;Mujeres;2001;676
10;Cáceres;10017 Alía;Mujeres;2000;686
10;Cáceres;10017 Alía;Mujeres;1999;707
10;Cáceres;10017 Alía;Mujeres;1998;689
10;Cáceres;10017 Alía;Mujeres;1997;
10;Cáceres;10017 Alía;Mujeres;1996;734
10;Cáceres;10018 Aliseda;Total;2023;1710
10;Cáceres;10018 Aliseda;Total;2022;1751
10;Cáceres;10018 Aliseda;Total;2021;1751
10;Cáceres;10018 Aliseda;Total;2020;1777
10;Cáceres;10018 Aliseda;Total;2019;1835
10;Cáceres;10018 Aliseda;Total;2018;1850
10;Cáceres;10018 Aliseda;Total;2017;1883
10;Cáceres;10018 Aliseda;Total;2016;1935
10;Cáceres;10018 Aliseda;Total;2015;1957
10;Cáceres;10018 Aliseda;Total;2014;1984
10;Cáceres;10018 Aliseda;Total;2013;2001
10;Cáceres;10018 Aliseda;Total;2012;2013
10;Cáceres;10018 Aliseda;Total;2011;2013
10;Cáceres;10018 Aliseda;Total;2010;1994
10;Cáceres;10018 Aliseda;Total;2009;1982
10;Cáceres;10018 Aliseda;Total;2008;1992
10;Cáceres;10018 Aliseda;Total;2007;2011
10;Cáceres;10018 Aliseda;Total;2006;1953
10;Cáceres;10018 Aliseda;Total;2005;1909
10;Cáceres;10018 Aliseda;Total;2004;1963
10;Cáceres;10018 Aliseda;Total;2003;2032
10;Cáceres;10018 Aliseda;Total;2002;2101
10;Cáceres;10018 Aliseda;Total;2001;2210
10;Cáceres;10018 Aliseda;Total;2000;2265
10;Cáceres;10018 Aliseda;Total;1999;2309
10;Cáceres;10018 Aliseda;Total;1998;2373
10;Cáceres;10018 Aliseda;Total;1997;
10;Cáceres;10018 Aliseda;Total;1996;2414
10;Cáceres;10018 Aliseda;Hombres;2023;874
10;Cáceres;10018 Aliseda;Hombres;2022;897
10;Cáceres;10018 Aliseda;Hombres;2021;895
10;Cáceres;10018 Aliseda;Hombres;2020;900
10;Cáceres;10018 Aliseda;Hombres;2019;934
10;Cáceres;10018 Aliseda;Hombres;2018;948
10;Cáceres;10018 Aliseda;Hombres;2017;953
10;Cáceres;10018 Aliseda;Hombres;2016;975
10;Cáceres;10018 Aliseda;Hombres;2015;983
10;Cáceres;10018 Aliseda;Hombres;2014;993
10;Cáceres;10018 Aliseda;Hombres;2013;1004
10;Cáceres;10018 Aliseda;Hombres;2012;1017
10;Cáceres;10018 Aliseda;Hombres;2011;1027
10;Cáceres;10018 Aliseda;Hombres;2010;1008
10;Cáceres;10018 Aliseda;Hombres;2009;997
10;Cáceres;10018 Aliseda;Hombres;2008;1004
10;Cáceres;10018 Aliseda;Hombres;2007;1013
10;Cáceres;10018 Aliseda;Hombres;2006;983
10;Cáceres;10018 Aliseda;Hombres;2005;957
10;Cáceres;10018 Aliseda;Hombres;2004;988
10;Cáceres;10018 Aliseda;Hombres;2003;1020
10;Cáceres;10018 Aliseda;Hombres;2002;1052
10;Cáceres;10018 Aliseda;Hombres;2001;1102
10;Cáceres;10018 Aliseda;Hombres;2000;1125
10;Cáceres;10018 Aliseda;Hombres;1999;1150
10;Cáceres;10018 Aliseda;Hombres;1998;1188
10;Cáceres;10018 Aliseda;Hombres;1997;
10;Cáceres;10018 Aliseda;Hombres;1996;1208
10;Cáceres;10018 Aliseda;Mujeres;2023;836
10;Cáceres;10018 Aliseda;Mujeres;2022;854
10;Cáceres;10018 Aliseda;Mujeres;2021;856
10;Cáceres;10018 Aliseda;Mujeres;2020;877
10;Cáceres;10018 Aliseda;Mujeres;2019;901
10;Cáceres;10018 Aliseda;Mujeres;2018;902
10;Cáceres;10018 Aliseda;Mujeres;2017;930
10;Cáceres;10018 Aliseda;Mujeres;2016;960
10;Cáceres;10018 Aliseda;Mujeres;2015;974
10;Cáceres;10018 Aliseda;Mujeres;2014;991
10;Cáceres;10018 Aliseda;Mujeres;2013;997
10;Cáceres;10018 Aliseda;Mujeres;2012;996
10;Cáceres;10018 Aliseda;Mujeres;2011;986
10;Cáceres;10018 Aliseda;Mujeres;2010;986
10;Cáceres;10018 Aliseda;Mujeres;2009;985
10;Cáceres;10018 Aliseda;Mujeres;2008;988
10;Cáceres;10018 Aliseda;Mujeres;2007;998
10;Cáceres;10018 Aliseda;Mujeres;2006;970
10;Cáceres;10018 Aliseda;Mujeres;2005;952
10;Cáceres;10018 Aliseda;Mujeres;2004;975
10;Cáceres;10018 Aliseda;Mujeres;2003;1012
10;Cáceres;10018 Aliseda;Mujeres;2002;1049
10;Cáceres;10018 Aliseda;Mujeres;2001;1108
10;Cáceres;10018 Aliseda;Mujeres;2000;1140
10;Cáceres;10018 Aliseda;Mujeres;1999;1159
10;Cáceres;10018 Aliseda;Mujeres;1998;1185
10;Cáceres;10018 Aliseda;Mujeres;1997;
10;Cáceres;10018 Aliseda;Mujeres;1996;1206
10;Cáceres;10019 Almaraz;Total;2023;1647
10;Cáceres;10019 Almaraz;Total;2022;1687
10;Cáceres;10019 Almaraz;Total;2021;1700
10;Cáceres;10019 Almaraz;Total;2020;1726
10;Cáceres;10019 Almaraz;Total;2019;1744
10;Cáceres;10019 Almaraz;Total;2018;1765
10;Cáceres;10019 Almaraz;Total;2017;1651
10;Cáceres;10019 Almaraz;Total;2016;1685
10;Cáceres;10019 Almaraz;Total;2015;1669
10;Cáceres;10019 Almaraz;Total;2014;1663
10;Cáceres;10019 Almaraz;Total;2013;1614
10;Cáceres;10019 Almaraz;Total;2012;1558
10;Cáceres;10019 Almaraz;Total;2011;1521
10;Cáceres;10019 Almaraz;Total;2010;1426
10;Cáceres;10019 Almaraz;Total;2009;1321
10;Cáceres;10019 Almaraz;Total;2008;1250
10;Cáceres;10019 Almaraz;Total;2007;1309
10;Cáceres;10019 Almaraz;Total;2006;1229
10;Cáceres;10019 Almaraz;Total;2005;1295
10;Cáceres;10019 Almaraz;Total;2004;1354
10;Cáceres;10019 Almaraz;Total;2003;1411
10;Cáceres;10019 Almaraz;Total;2002;1425
10;Cáceres;10019 Almaraz;Total;2001;1478
10;Cáceres;10019 Almaraz;Total;2000;1557
10;Cáceres;10019 Almaraz;Total;1999;1447
10;Cáceres;10019 Almaraz;Total;1998;1433
10;Cáceres;10019 Almaraz;Total;1997;
10;Cáceres;10019 Almaraz;Total;1996;1439
10;Cáceres;10019 Almaraz;Hombres;2023;836
10;Cáceres;10019 Almaraz;Hombres;2022;864
10;Cáceres;10019 Almaraz;Hombres;2021;869
10;Cáceres;10019 Almaraz;Hombres;2020;881
10;Cáceres;10019 Almaraz;Hombres;2019;895
10;Cáceres;10019 Almaraz;Hombres;2018;902
10;Cáceres;10019 Almaraz;Hombres;2017;842
10;Cáceres;10019 Almaraz;Hombres;2016;860
10;Cáceres;10019 Almaraz;Hombres;2015;855
10;Cáceres;10019 Almaraz;Hombres;2014;854
10;Cáceres;10019 Almaraz;Hombres;2013;832
10;Cáceres;10019 Almaraz;Hombres;2012;795
10;Cáceres;10019 Almaraz;Hombres;2011;788
10;Cáceres;10019 Almaraz;Hombres;2010;729
10;Cáceres;10019 Almaraz;Hombres;2009;673
10;Cáceres;10019 Almaraz;Hombres;2008;636
10;Cáceres;10019 Almaraz;Hombres;2007;668
10;Cáceres;10019 Almaraz;Hombres;2006;628
10;Cáceres;10019 Almaraz;Hombres;2005;665
10;Cáceres;10019 Almaraz;Hombres;2004;702
10;Cáceres;10019 Almaraz;Hombres;2003;724
10;Cáceres;10019 Almaraz;Hombres;2002;736
10;Cáceres;10019 Almaraz;Hombres;2001;765
10;Cáceres;10019 Almaraz;Hombres;2000;803
10;Cáceres;10019 Almaraz;Hombres;1999;754
10;Cáceres;10019 Almaraz;Hombres;1998;744
10;Cáceres;10019 Almaraz;Hombres;1997;
10;Cáceres;10019 Almaraz;Hombres;1996;738
10;Cáceres;10019 Almaraz;Mujeres;2023;811
10;Cáceres;10019 Almaraz;Mujeres;2022;823
10;Cáceres;10019 Almaraz;Mujeres;2021;831
10;Cáceres;10019 Almaraz;Mujeres;2020;845
10;Cáceres;10019 Almaraz;Mujeres;2019;849
10;Cáceres;10019 Almaraz;Mujeres;2018;863
10;Cáceres;10019 Almaraz;Mujeres;2017;809
10;Cáceres;10019 Almaraz;Mujeres;2016;825
10;Cáceres;10019 Almaraz;Mujeres;2015;814
10;Cáceres;10019 Almaraz;Mujeres;2014;809
10;Cáceres;10019 Almaraz;Mujeres;2013;782
10;Cáceres;10019 Almaraz;Mujeres;2012;763
10;Cáceres;10019 Almaraz;Mujeres;2011;733
10;Cáceres;10019 Almaraz;Mujeres;2010;697
10;Cáceres;10019 Almaraz;Mujeres;2009;648
10;Cáceres;10019 Almaraz;Mujeres;2008;614
10;Cáceres;10019 Almaraz;Mujeres;2007;641
10;Cáceres;10019 Almaraz;Mujeres;2006;601
10;Cáceres;10019 Almaraz;Mujeres;2005;630
10;Cáceres;10019 Almaraz;Mujeres;2004;652
10;Cáceres;10019 Almaraz;Mujeres;2003;687
10;Cáceres;10019 Almaraz;Mujeres;2002;689
10;Cáceres;10019 Almaraz;Mujeres;2001;713
10;Cáceres;10019 Almaraz;Mujeres;2000;754
10;Cáceres;10019 Almaraz;Mujeres;1999;693
10;Cáceres;10019 Almaraz;Mujeres;1998;689
10;Cáceres;10019 Almaraz;Mujeres;1997;
10;Cáceres;10019 Almaraz;Mujeres;1996;701
10;Cáceres;10020 Almoharín;Total;2023;1799
10;Cáceres;10020 Almoharín;Total;2022;1782
10;Cáceres;10020 Almoharín;Total;2021;1796
10;Cáceres;10020 Almoharín;Total;2020;1811
10;Cáceres;10020 Almoharín;Total;2019;1811
10;Cáceres;10020 Almoharín;Total;2018;1838
10;Cáceres;10020 Almoharín;Total;2017;1848
10;Cáceres;10020 Almoharín;Total;2016;1899
10;Cáceres;10020 Almoharín;Total;2015;1933
10;Cáceres;10020 Almoharín;Total;2014;1943
10;Cáceres;10020 Almoharín;Total;2013;1963
10;Cáceres;10020 Almoharín;Total;2012;1966
10;Cáceres;10020 Almoharín;Total;2011;2005
10;Cáceres;10020 Almoharín;Total;2010;2020
10;Cáceres;10020 Almoharín;Total;2009;1997
10;Cáceres;10020 Almoharín;Total;2008;2021
10;Cáceres;10020 Almoharín;Total;2007;2036
10;Cáceres;10020 Almoharín;Total;2006;2102
10;Cáceres;10020 Almoharín;Total;2005;2050
10;Cáceres;10020 Almoharín;Total;2004;2062
10;Cáceres;10020 Almoharín;Total;2003;2090
10;Cáceres;10020 Almoharín;Total;2002;2142
10;Cáceres;10020 Almoharín;Total;2001;2156
10;Cáceres;10020 Almoharín;Total;2000;2141
10;Cáceres;10020 Almoharín;Total;1999;2398
10;Cáceres;10020 Almoharín;Total;1998;2003
10;Cáceres;10020 Almoharín;Total;1997;
10;Cáceres;10020 Almoharín;Total;1996;2047
10;Cáceres;10020 Almoharín;Hombres;2023;892
10;Cáceres;10020 Almoharín;Hombres;2022;879
10;Cáceres;10020 Almoharín;Hombres;2021;879
10;Cáceres;10020 Almoharín;Hombres;2020;884
10;Cáceres;10020 Almoharín;Hombres;2019;894
10;Cáceres;10020 Almoharín;Hombres;2018;901
10;Cáceres;10020 Almoharín;Hombres;2017;907
10;Cáceres;10020 Almoharín;Hombres;2016;933
10;Cáceres;10020 Almoharín;Hombres;2015;948
10;Cáceres;10020 Almoharín;Hombres;2014;950
10;Cáceres;10020 Almoharín;Hombres;2013;947
10;Cáceres;10020 Almoharín;Hombres;2012;958
10;Cáceres;10020 Almoharín;Hombres;2011;978
10;Cáceres;10020 Almoharín;Hombres;2010;988
10;Cáceres;10020 Almoharín;Hombres;2009;974
10;Cáceres;10020 Almoharín;Hombres;2008;1007
10;Cáceres;10020 Almoharín;Hombres;2007;1013
10;Cáceres;10020 Almoharín;Hombres;2006;1050
10;Cáceres;10020 Almoharín;Hombres;2005;1032
10;Cáceres;10020 Almoharín;Hombres;2004;1034
10;Cáceres;10020 Almoharín;Hombres;2003;1045
10;Cáceres;10020 Almoharín;Hombres;2002;1070
10;Cáceres;10020 Almoharín;Hombres;2001;1075
10;Cáceres;10020 Almoharín;Hombres;2000;1072
10;Cáceres;10020 Almoharín;Hombres;1999;1209
10;Cáceres;10020 Almoharín;Hombres;1998;994
10;Cáceres;10020 Almoharín;Hombres;1997;
10;Cáceres;10020 Almoharín;Hombres;1996;1016
10;Cáceres;10020 Almoharín;Mujeres;2023;907
10;Cáceres;10020 Almoharín;Mujeres;2022;903
10;Cáceres;10020 Almoharín;Mujeres;2021;917
10;Cáceres;10020 Almoharín;Mujeres;2020;927
10;Cáceres;10020 Almoharín;Mujeres;2019;917
10;Cáceres;10020 Almoharín;Mujeres;2018;937
10;Cáceres;10020 Almoharín;Mujeres;2017;941
10;Cáceres;10020 Almoharín;Mujeres;2016;966
10;Cáceres;10020 Almoharín;Mujeres;2015;985
10;Cáceres;10020 Almoharín;Mujeres;2014;993
10;Cáceres;10020 Almoharín;Mujeres;2013;1016
10;Cáceres;10020 Almoharín;Mujeres;2012;1008
10;Cáceres;10020 Almoharín;Mujeres;2011;1027
10;Cáceres;10020 Almoharín;Mujeres;2010;1032
10;Cáceres;10020 Almoharín;Mujeres;2009;1023
10;Cáceres;10020 Almoharín;Mujeres;2008;1014
10;Cáceres;10020 Almoharín;Mujeres;2007;1023
10;Cáceres;10020 Almoharín;Mujeres;2006;1052
10;Cáceres;10020 Almoharín;Mujeres;2005;1018
10;Cáceres;10020 Almoharín;Mujeres;2004;1028
10;Cáceres;10020 Almoharín;Mujeres;2003;1045
10;Cáceres;10020 Almoharín;Mujeres;2002;1072
10;Cáceres;10020 Almoharín;Mujeres;2001;1081
10;Cáceres;10020 Almoharín;Mujeres;2000;1069
10;Cáceres;10020 Almoharín;Mujeres;1999;1189
10;Cáceres;10020 Almoharín;Mujeres;1998;1009
10;Cáceres;10020 Almoharín;Mujeres;1997;
10;Cáceres;10020 Almoharín;Mujeres;1996;1031
10;Cáceres;10021 Arroyo de la Luz;Total;2023;5565
10;Cáceres;10021 Arroyo de la Luz;Total;2022;5596
10;Cáceres;10021 Arroyo de la Luz;Total;2021;5663
10;Cáceres;10021 Arroyo de la Luz;Total;2020;5766
10;Cáceres;10021 Arroyo de la Luz;Total;2019;5811
10;Cáceres;10021 Arroyo de la Luz;Total;2018;5851
10;Cáceres;10021 Arroyo de la Luz;Total;2017;5917
10;Cáceres;10021 Arroyo de la Luz;Total;2016;5966
10;Cáceres;10021 Arroyo de la Luz;Total;2015;6042
10;Cáceres;10021 Arroyo de la Luz;Total;2014;6101
10;Cáceres;10021 Arroyo de la Luz;Total;2013;6206
10;Cáceres;10021 Arroyo de la Luz;Total;2012;6292
10;Cáceres;10021 Arroyo de la Luz;Total;2011;6392
10;Cáceres;10021 Arroyo de la Luz;Total;2010;6467
10;Cáceres;10021 Arroyo de la Luz;Total;2009;6517
10;Cáceres;10021 Arroyo de la Luz;Total;2008;6461
10;Cáceres;10021 Arroyo de la Luz;Total;2007;6477
10;Cáceres;10021 Arroyo de la Luz;Total;2006;6572
10;Cáceres;10021 Arroyo de la Luz;Total;2005;6607
10;Cáceres;10021 Arroyo de la Luz;Total;2004;6635
10;Cáceres;10021 Arroyo de la Luz;Total;2003;6580
10;Cáceres;10021 Arroyo de la Luz;Total;2002;6522
10;Cáceres;10021 Arroyo de la Luz;Total;2001;6519
10;Cáceres;10021 Arroyo de la Luz;Total;2000;6515
10;Cáceres;10021 Arroyo de la Luz;Total;1999;6569
10;Cáceres;10021 Arroyo de la Luz;Total;1998;6446
10;Cáceres;10021 Arroyo de la Luz;Total;1997;
10;Cáceres;10021 Arroyo de la Luz;Total;1996;6645
10;Cáceres;10021 Arroyo de la Luz;Hombres;2023;2747
10;Cáceres;10021 Arroyo de la Luz;Hombres;2022;2769
10;Cáceres;10021 Arroyo de la Luz;Hombres;2021;2802
10;Cáceres;10021 Arroyo de la Luz;Hombres;2020;2857
10;Cáceres;10021 Arroyo de la Luz;Hombres;2019;2889
10;Cáceres;10021 Arroyo de la Luz;Hombres;2018;2912
10;Cáceres;10021 Arroyo de la Luz;Hombres;2017;2945
10;Cáceres;10021 Arroyo de la Luz;Hombres;2016;2971
10;Cáceres;10021 Arroyo de la Luz;Hombres;2015;2996
10;Cáceres;10021 Arroyo de la Luz;Hombres;2014;3031
10;Cáceres;10021 Arroyo de la Luz;Hombres;2013;3080
10;Cáceres;10021 Arroyo de la Luz;Hombres;2012;3120
10;Cáceres;10021 Arroyo de la Luz;Hombres;2011;3165
10;Cáceres;10021 Arroyo de la Luz;Hombres;2010;3206
10;Cáceres;10021 Arroyo de la Luz;Hombres;2009;3234
10;Cáceres;10021 Arroyo de la Luz;Hombres;2008;3216
10;Cáceres;10021 Arroyo de la Luz;Hombres;2007;3220
10;Cáceres;10021 Arroyo de la Luz;Hombres;2006;3277
10;Cáceres;10021 Arroyo de la Luz;Hombres;2005;3283
10;Cáceres;10021 Arroyo de la Luz;Hombres;2004;3295
10;Cáceres;10021 Arroyo de la Luz;Hombres;2003;3275
10;Cáceres;10021 Arroyo de la Luz;Hombres;2002;3245
10;Cáceres;10021 Arroyo de la Luz;Hombres;2001;3255
10;Cáceres;10021 Arroyo de la Luz;Hombres;2000;3257
10;Cáceres;10021 Arroyo de la Luz;Hombres;1999;3286
10;Cáceres;10021 Arroyo de la Luz;Hombres;1998;3228
10;Cáceres;10021 Arroyo de la Luz;Hombres;1997;
10;Cáceres;10021 Arroyo de la Luz;Hombres;1996;3329
10;Cáceres;10021 Arroyo de la Luz;Mujeres;2023;2818
10;Cáceres;10021 Arroyo de la Luz;Mujeres;2022;2827
10;Cáceres;10021 Arroyo de la Luz;Mujeres;2021;2861
10;Cáceres;10021 Arroyo de la Luz;Mujeres;2020;2909
10;Cáceres;10021 Arroyo de la Luz;Mujeres;2019;2922
10;Cáceres;10021 Arroyo de la Luz;Mujeres;2018;2939
10;Cáceres;10021 Arroyo de la Luz;Mujeres;2017;2972
10;Cáceres;10021 Arroyo de la Luz;Mujeres;2016;2995
10;Cáceres;10021 Arroyo de la Luz;Mujeres;2015;3046
10;Cáceres;10021 Arroyo de la Luz;Mujeres;2014;3070
10;Cáceres;10021 Arroyo de la Luz;Mujeres;2013;3126
10;Cáceres;10021 Arroyo de la Luz;Mujeres;2012;3172
10;Cáceres;10021 Arroyo de la Luz;Mujeres;2011;3227
10;Cáceres;10021 Arroyo de la Luz;Mujeres;2010;3261
10;Cáceres;10021 Arroyo de la Luz;Mujeres;2009;3283
10;Cáceres;10021 Arroyo de la Luz;Mujeres;2008;3245
10;Cáceres;10021 Arroyo de la Luz;Mujeres;2007;3257
10;Cáceres;10021 Arroyo de la Luz;Mujeres;2006;3295
10;Cáceres;10021 Arroyo de la Luz;Mujeres;2005;3324
10;Cáceres;10021 Arroyo de la Luz;Mujeres;2004;3340
10;Cáceres;10021 Arroyo de la Luz;Mujeres;2003;3305
10;Cáceres;10021 Arroyo de la Luz;Mujeres;2002;3277
10;Cáceres;10021 Arroyo de la Luz;Mujeres;2001;3264
10;Cáceres;10021 Arroyo de la Luz;Mujeres;2000;3258
10;Cáceres;10021 Arroyo de la Luz;Mujeres;1999;3283
10;Cáceres;10021 Arroyo de la Luz;Mujeres;1998;3218
10;Cáceres;10021 Arroyo de la Luz;Mujeres;1997;
10;Cáceres;10021 Arroyo de la Luz;Mujeres;1996;3316
10;Cáceres;10023 Arroyomolinos;Total;2023;809
10;Cáceres;10023 Arroyomolinos;Total;2022;827
10;Cáceres;10023 Arroyomolinos;Total;2021;844
10;Cáceres;10023 Arroyomolinos;Total;2020;828
10;Cáceres;10023 Arroyomolinos;Total;2019;797
10;Cáceres;10023 Arroyomolinos;Total;2018;736
10;Cáceres;10023 Arroyomolinos;Total;2017;770
10;Cáceres;10023 Arroyomolinos;Total;2016;808
10;Cáceres;10023 Arroyomolinos;Total;2015;787
10;Cáceres;10023 Arroyomolinos;Total;2014;827
10;Cáceres;10023 Arroyomolinos;Total;2013;855
10;Cáceres;10023 Arroyomolinos;Total;2012;948
10;Cáceres;10023 Arroyomolinos;Total;2011;962
10;Cáceres;10023 Arroyomolinos;Total;2010;978
10;Cáceres;10023 Arroyomolinos;Total;2009;999
10;Cáceres;10023 Arroyomolinos;Total;2008;1009
10;Cáceres;10023 Arroyomolinos;Total;2007;977
10;Cáceres;10023 Arroyomolinos;Total;2006;981
10;Cáceres;10023 Arroyomolinos;Total;2005;940
10;Cáceres;10023 Arroyomolinos;Total;2004;946
10;Cáceres;10023 Arroyomolinos;Total;2003;1076
10;Cáceres;10023 Arroyomolinos;Total;2002;1135
10;Cáceres;10023 Arroyomolinos;Total;2001;1163
10;Cáceres;10023 Arroyomolinos;Total;2000;1184
10;Cáceres;10023 Arroyomolinos;Total;1999;1062
10;Cáceres;10023 Arroyomolinos;Total;1998;1085
10;Cáceres;10023 Arroyomolinos;Total;1997;
10;Cáceres;10023 Arroyomolinos;Total;1996;1101
10;Cáceres;10023 Arroyomolinos;Hombres;2023;413
10;Cáceres;10023 Arroyomolinos;Hombres;2022;425
10;Cáceres;10023 Arroyomolinos;Hombres;2021;434
10;Cáceres;10023 Arroyomolinos;Hombres;2020;422
10;Cáceres;10023 Arroyomolinos;Hombres;2019;413
10;Cáceres;10023 Arroyomolinos;Hombres;2018;390
10;Cáceres;10023 Arroyomolinos;Hombres;2017;407
10;Cáceres;10023 Arroyomolinos;Hombres;2016;426
10;Cáceres;10023 Arroyomolinos;Hombres;2015;420
10;Cáceres;10023 Arroyomolinos;Hombres;2014;440
10;Cáceres;10023 Arroyomolinos;Hombres;2013;453
10;Cáceres;10023 Arroyomolinos;Hombres;2012;489
10;Cáceres;10023 Arroyomolinos;Hombres;2011;499
10;Cáceres;10023 Arroyomolinos;Hombres;2010;509
10;Cáceres;10023 Arroyomolinos;Hombres;2009;521
10;Cáceres;10023 Arroyomolinos;Hombres;2008;521
10;Cáceres;10023 Arroyomolinos;Hombres;2007;505
10;Cáceres;10023 Arroyomolinos;Hombres;2006;505
10;Cáceres;10023 Arroyomolinos;Hombres;2005;484
10;Cáceres;10023 Arroyomolinos;Hombres;2004;488
10;Cáceres;10023 Arroyomolinos;Hombres;2003;562
10;Cáceres;10023 Arroyomolinos;Hombres;2002;591
10;Cáceres;10023 Arroyomolinos;Hombres;2001;593
10;Cáceres;10023 Arroyomolinos;Hombres;2000;595
10;Cáceres;10023 Arroyomolinos;Hombres;1999;537
10;Cáceres;10023 Arroyomolinos;Hombres;1998;549
10;Cáceres;10023 Arroyomolinos;Hombres;1997;
10;Cáceres;10023 Arroyomolinos;Hombres;1996;557
10;Cáceres;10023 Arroyomolinos;Mujeres;2023;396
10;Cáceres;10023 Arroyomolinos;Mujeres;2022;402
10;Cáceres;10023 Arroyomolinos;Mujeres;2021;410
10;Cáceres;10023 Arroyomolinos;Mujeres;2020;406
10;Cáceres;10023 Arroyomolinos;Mujeres;2019;384
10;Cáceres;10023 Arroyomolinos;Mujeres;2018;346
10;Cáceres;10023 Arroyomolinos;Mujeres;2017;363
10;Cáceres;10023 Arroyomolinos;Mujeres;2016;382
10;Cáceres;10023 Arroyomolinos;Mujeres;2015;367
10;Cáceres;10023 Arroyomolinos;Mujeres;2014;387
10;Cáceres;10023 Arroyomolinos;Mujeres;2013;402
10;Cáceres;10023 Arroyomolinos;Mujeres;2012;459
10;Cáceres;10023 Arroyomolinos;Mujeres;2011;463
10;Cáceres;10023 Arroyomolinos;Mujeres;2010;469
10;Cáceres;10023 Arroyomolinos;Mujeres;2009;478
10;Cáceres;10023 Arroyomolinos;Mujeres;2008;488
10;Cáceres;10023 Arroyomolinos;Mujeres;2007;472
10;Cáceres;10023 Arroyomolinos;Mujeres;2006;476
10;Cáceres;10023 Arroyomolinos;Mujeres;2005;456
10;Cáceres;10023 Arroyomolinos;Mujeres;2004;458
10;Cáceres;10023 Arroyomolinos;Mujeres;2003;514
10;Cáceres;10023 Arroyomolinos;Mujeres;2002;544
10;Cáceres;10023 Arroyomolinos;Mujeres;2001;570
10;Cáceres;10023 Arroyomolinos;Mujeres;2000;589
10;Cáceres;10023 Arroyomolinos;Mujeres;1999;525
10;Cáceres;10023 Arroyomolinos;Mujeres;1998;536
10;Cáceres;10023 Arroyomolinos;Mujeres;1997;
10;Cáceres;10023 Arroyomolinos;Mujeres;1996;544
10;Cáceres;10022 Arroyomolinos de la Vera;Total;2023;425
10;Cáceres;10022 Arroyomolinos de la Vera;Total;2022;412
10;Cáceres;10022 Arroyomolinos de la Vera;Total;2021;433
10;Cáceres;10022 Arroyomolinos de la Vera;Total;2020;441
10;Cáceres;10022 Arroyomolinos de la Vera;Total;2019;443
10;Cáceres;10022 Arroyomolinos de la Vera;Total;2018;444
10;Cáceres;10022 Arroyomolinos de la Vera;Total;2017;452
10;Cáceres;10022 Arroyomolinos de la Vera;Total;2016;464
10;Cáceres;10022 Arroyomolinos de la Vera;Total;2015;471
10;Cáceres;10022 Arroyomolinos de la Vera;Total;2014;474
10;Cáceres;10022 Arroyomolinos de la Vera;Total;2013;485
10;Cáceres;10022 Arroyomolinos de la Vera;Total;2012;490
10;Cáceres;10022 Arroyomolinos de la Vera;Total;2011;486
10;Cáceres;10022 Arroyomolinos de la Vera;Total;2010;493
10;Cáceres;10022 Arroyomolinos de la Vera;Total;2009;497
10;Cáceres;10022 Arroyomolinos de la Vera;Total;2008;514
10;Cáceres;10022 Arroyomolinos de la Vera;Total;2007;521
10;Cáceres;10022 Arroyomolinos de la Vera;Total;2006;540
10;Cáceres;10022 Arroyomolinos de la Vera;Total;2005;545
10;Cáceres;10022 Arroyomolinos de la Vera;Total;2004;558
10;Cáceres;10022 Arroyomolinos de la Vera;Total;2003;565
10;Cáceres;10022 Arroyomolinos de la Vera;Total;2002;564
10;Cáceres;10022 Arroyomolinos de la Vera;Total;2001;576
10;Cáceres;10022 Arroyomolinos de la Vera;Total;2000;583
10;Cáceres;10022 Arroyomolinos de la Vera;Total;1999;604
10;Cáceres;10022 Arroyomolinos de la Vera;Total;1998;604
10;Cáceres;10022 Arroyomolinos de la Vera;Total;1997;
10;Cáceres;10022 Arroyomolinos de la Vera;Total;1996;616
10;Cáceres;10022 Arroyomolinos de la Vera;Hombres;2023;214
10;Cáceres;10022 Arroyomolinos de la Vera;Hombres;2022;206
10;Cáceres;10022 Arroyomolinos de la Vera;Hombres;2021;215
10;Cáceres;10022 Arroyomolinos de la Vera;Hombres;2020;218
10;Cáceres;10022 Arroyomolinos de la Vera;Hombres;2019;223
10;Cáceres;10022 Arroyomolinos de la Vera;Hombres;2018;222
10;Cáceres;10022 Arroyomolinos de la Vera;Hombres;2017;228
10;Cáceres;10022 Arroyomolinos de la Vera;Hombres;2016;233
10;Cáceres;10022 Arroyomolinos de la Vera;Hombres;2015;238
10;Cáceres;10022 Arroyomolinos de la Vera;Hombres;2014;239
10;Cáceres;10022 Arroyomolinos de la Vera;Hombres;2013;243
10;Cáceres;10022 Arroyomolinos de la Vera;Hombres;2012;244
10;Cáceres;10022 Arroyomolinos de la Vera;Hombres;2011;240
10;Cáceres;10022 Arroyomolinos de la Vera;Hombres;2010;248
10;Cáceres;10022 Arroyomolinos de la Vera;Hombres;2009;251
10;Cáceres;10022 Arroyomolinos de la Vera;Hombres;2008;260
10;Cáceres;10022 Arroyomolinos de la Vera;Hombres;2007;260
10;Cáceres;10022 Arroyomolinos de la Vera;Hombres;2006;270
10;Cáceres;10022 Arroyomolinos de la Vera;Hombres;2005;273
10;Cáceres;10022 Arroyomolinos de la Vera;Hombres;2004;279
10;Cáceres;10022 Arroyomolinos de la Vera;Hombres;2003;275
10;Cáceres;10022 Arroyomolinos de la Vera;Hombres;2002;278
10;Cáceres;10022 Arroyomolinos de la Vera;Hombres;2001;284
10;Cáceres;10022 Arroyomolinos de la Vera;Hombres;2000;290
10;Cáceres;10022 Arroyomolinos de la Vera;Hombres;1999;300
10;Cáceres;10022 Arroyomolinos de la Vera;Hombres;1998;300
10;Cáceres;10022 Arroyomolinos de la Vera;Hombres;1997;
10;Cáceres;10022 Arroyomolinos de la Vera;Hombres;1996;307
10;Cáceres;10022 Arroyomolinos de la Vera;Mujeres;2023;211
10;Cáceres;10022 Arroyomolinos de la Vera;Mujeres;2022;206
10;Cáceres;10022 Arroyomolinos de la Vera;Mujeres;2021;218
10;Cáceres;10022 Arroyomolinos de la Vera;Mujeres;2020;223
10;Cáceres;10022 Arroyomolinos de la Vera;Mujeres;2019;220
10;Cáceres;10022 Arroyomolinos de la Vera;Mujeres;2018;222
10;Cáceres;10022 Arroyomolinos de la Vera;Mujeres;2017;224
10;Cáceres;10022 Arroyomolinos de la Vera;Mujeres;2016;231
10;Cáceres;10022 Arroyomolinos de la Vera;Mujeres;2015;233
10;Cáceres;10022 Arroyomolinos de la Vera;Mujeres;2014;235
10;Cáceres;10022 Arroyomolinos de la Vera;Mujeres;2013;242
10;Cáceres;10022 Arroyomolinos de la Vera;Mujeres;2012;246
10;Cáceres;10022 Arroyomolinos de la Vera;Mujeres;2011;246
10;Cáceres;10022 Arroyomolinos de la Vera;Mujeres;2010;245
10;Cáceres;10022 Arroyomolinos de la Vera;Mujeres;2009;246
10;Cáceres;10022 Arroyomolinos de la Vera;Mujeres;2008;254
10;Cáceres;10022 Arroyomolinos de la Vera;Mujeres;2007;261
10;Cáceres;10022 Arroyomolinos de la Vera;Mujeres;2006;270
10;Cáceres;10022 Arroyomolinos de la Vera;Mujeres;2005;272
10;Cáceres;10022 Arroyomolinos de la Vera;Mujeres;2004;279
10;Cáceres;10022 Arroyomolinos de la Vera;Mujeres;2003;290
10;Cáceres;10022 Arroyomolinos de la Vera;Mujeres;2002;286
10;Cáceres;10022 Arroyomolinos de la Vera;Mujeres;2001;292
10;Cáceres;10022 Arroyomolinos de la Vera;Mujeres;2000;293
10;Cáceres;10022 Arroyomolinos de la Vera;Mujeres;1999;304
10;Cáceres;10022 Arroyomolinos de la Vera;Mujeres;1998;304
10;Cáceres;10022 Arroyomolinos de la Vera;Mujeres;1997;
10;Cáceres;10022 Arroyomolinos de la Vera;Mujeres;1996;309
10;Cáceres;10024 Baños de Montemayor;Total;2023;735
10;Cáceres;10024 Baños de Montemayor;Total;2022;739
10;Cáceres;10024 Baños de Montemayor;Total;2021;749
10;Cáceres;10024 Baños de Montemayor;Total;2020;751
10;Cáceres;10024 Baños de Montemayor;Total;2019;759
10;Cáceres;10024 Baños de Montemayor;Total;2018;776
10;Cáceres;10024 Baños de Montemayor;Total;2017;774
10;Cáceres;10024 Baños de Montemayor;Total;2016;779
10;Cáceres;10024 Baños de Montemayor;Total;2015;774
10;Cáceres;10024 Baños de Montemayor;Total;2014;782
10;Cáceres;10024 Baños de Montemayor;Total;2013;764
10;Cáceres;10024 Baños de Montemayor;Total;2012;766
10;Cáceres;10024 Baños de Montemayor;Total;2011;769
10;Cáceres;10024 Baños de Montemayor;Total;2010;751
10;Cáceres;10024 Baños de Montemayor;Total;2009;703
10;Cáceres;10024 Baños de Montemayor;Total;2008;737
10;Cáceres;10024 Baños de Montemayor;Total;2007;744
10;Cáceres;10024 Baños de Montemayor;Total;2006;746
10;Cáceres;10024 Baños de Montemayor;Total;2005;702
10;Cáceres;10024 Baños de Montemayor;Total;2004;672
10;Cáceres;10024 Baños de Montemayor;Total;2003;710
10;Cáceres;10024 Baños de Montemayor;Total;2002;718
10;Cáceres;10024 Baños de Montemayor;Total;2001;731
10;Cáceres;10024 Baños de Montemayor;Total;2000;695
10;Cáceres;10024 Baños de Montemayor;Total;1999;618
10;Cáceres;10024 Baños de Montemayor;Total;1998;712
10;Cáceres;10024 Baños de Montemayor;Total;1997;
10;Cáceres;10024 Baños de Montemayor;Total;1996;716
10;Cáceres;10024 Baños de Montemayor;Hombres;2023;341
10;Cáceres;10024 Baños de Montemayor;Hombres;2022;346
10;Cáceres;10024 Baños de Montemayor;Hombres;2021;356
10;Cáceres;10024 Baños de Montemayor;Hombres;2020;353
10;Cáceres;10024 Baños de Montemayor;Hombres;2019;354
10;Cáceres;10024 Baños de Montemayor;Hombres;2018;365
10;Cáceres;10024 Baños de Montemayor;Hombres;2017;370
10;Cáceres;10024 Baños de Montemayor;Hombres;2016;370
10;Cáceres;10024 Baños de Montemayor;Hombres;2015;372
10;Cáceres;10024 Baños de Montemayor;Hombres;2014;371
10;Cáceres;10024 Baños de Montemayor;Hombres;2013;365
10;Cáceres;10024 Baños de Montemayor;Hombres;2012;375
10;Cáceres;10024 Baños de Montemayor;Hombres;2011;373
10;Cáceres;10024 Baños de Montemayor;Hombres;2010;360
10;Cáceres;10024 Baños de Montemayor;Hombres;2009;335
10;Cáceres;10024 Baños de Montemayor;Hombres;2008;354
10;Cáceres;10024 Baños de Montemayor;Hombres;2007;354
10;Cáceres;10024 Baños de Montemayor;Hombres;2006;348
10;Cáceres;10024 Baños de Montemayor;Hombres;2005;327
10;Cáceres;10024 Baños de Montemayor;Hombres;2004;313
10;Cáceres;10024 Baños de Montemayor;Hombres;2003;328
10;Cáceres;10024 Baños de Montemayor;Hombres;2002;336
10;Cáceres;10024 Baños de Montemayor;Hombres;2001;345
10;Cáceres;10024 Baños de Montemayor;Hombres;2000;328
10;Cáceres;10024 Baños de Montemayor;Hombres;1999;313
10;Cáceres;10024 Baños de Montemayor;Hombres;1998;361
10;Cáceres;10024 Baños de Montemayor;Hombres;1997;
10;Cáceres;10024 Baños de Montemayor;Hombres;1996;327
10;Cáceres;10024 Baños de Montemayor;Mujeres;2023;394
10;Cáceres;10024 Baños de Montemayor;Mujeres;2022;393
10;Cáceres;10024 Baños de Montemayor;Mujeres;2021;393
10;Cáceres;10024 Baños de Montemayor;Mujeres;2020;398
10;Cáceres;10024 Baños de Montemayor;Mujeres;2019;405
10;Cáceres;10024 Baños de Montemayor;Mujeres;2018;411
10;Cáceres;10024 Baños de Montemayor;Mujeres;2017;404
10;Cáceres;10024 Baños de Montemayor;Mujeres;2016;409
10;Cáceres;10024 Baños de Montemayor;Mujeres;2015;402
10;Cáceres;10024 Baños de Montemayor;Mujeres;2014;411
10;Cáceres;10024 Baños de Montemayor;Mujeres;2013;399
10;Cáceres;10024 Baños de Montemayor;Mujeres;2012;391
10;Cáceres;10024 Baños de Montemayor;Mujeres;2011;396
10;Cáceres;10024 Baños de Montemayor;Mujeres;2010;391
10;Cáceres;10024 Baños de Montemayor;Mujeres;2009;368
10;Cáceres;10024 Baños de Montemayor;Mujeres;2008;383
10;Cáceres;10024 Baños de Montemayor;Mujeres;2007;390
10;Cáceres;10024 Baños de Montemayor;Mujeres;2006;398
10;Cáceres;10024 Baños de Montemayor;Mujeres;2005;375
10;Cáceres;10024 Baños de Montemayor;Mujeres;2004;359
10;Cáceres;10024 Baños de Montemayor;Mujeres;2003;382
10;Cáceres;10024 Baños de Montemayor;Mujeres;2002;382
10;Cáceres;10024 Baños de Montemayor;Mujeres;2001;386
10;Cáceres;10024 Baños de Montemayor;Mujeres;2000;367
10;Cáceres;10024 Baños de Montemayor;Mujeres;1999;305
10;Cáceres;10024 Baños de Montemayor;Mujeres;1998;351
10;Cáceres;10024 Baños de Montemayor;Mujeres;1997;
10;Cáceres;10024 Baños de Montemayor;Mujeres;1996;389
10;Cáceres;10025 Barrado;Total;2023;373
10;Cáceres;10025 Barrado;Total;2022;353
10;Cáceres;10025 Barrado;Total;2021;363
10;Cáceres;10025 Barrado;Total;2020;387
10;Cáceres;10025 Barrado;Total;2019;401
10;Cáceres;10025 Barrado;Total;2018;407
10;Cáceres;10025 Barrado;Total;2017;424
10;Cáceres;10025 Barrado;Total;2016;428
10;Cáceres;10025 Barrado;Total;2015;434
10;Cáceres;10025 Barrado;Total;2014;436
10;Cáceres;10025 Barrado;Total;2013;439
10;Cáceres;10025 Barrado;Total;2012;451
10;Cáceres;10025 Barrado;Total;2011;458
10;Cáceres;10025 Barrado;Total;2010;473
10;Cáceres;10025 Barrado;Total;2009;477
10;Cáceres;10025 Barrado;Total;2008;482
10;Cáceres;10025 Barrado;Total;2007;502
10;Cáceres;10025 Barrado;Total;2006;495
10;Cáceres;10025 Barrado;Total;2005;507
10;Cáceres;10025 Barrado;Total;2004;517
10;Cáceres;10025 Barrado;Total;2003;518
10;Cáceres;10025 Barrado;Total;2002;513
10;Cáceres;10025 Barrado;Total;2001;514
10;Cáceres;10025 Barrado;Total;2000;527
10;Cáceres;10025 Barrado;Total;1999;543
10;Cáceres;10025 Barrado;Total;1998;565
10;Cáceres;10025 Barrado;Total;1997;
10;Cáceres;10025 Barrado;Total;1996;578
10;Cáceres;10025 Barrado;Hombres;2023;193
10;Cáceres;10025 Barrado;Hombres;2022;183
10;Cáceres;10025 Barrado;Hombres;2021;188
10;Cáceres;10025 Barrado;Hombres;2020;200
10;Cáceres;10025 Barrado;Hombres;2019;207
10;Cáceres;10025 Barrado;Hombres;2018;209
10;Cáceres;10025 Barrado;Hombres;2017;218
10;Cáceres;10025 Barrado;Hombres;2016;222
10;Cáceres;10025 Barrado;Hombres;2015;224
10;Cáceres;10025 Barrado;Hombres;2014;224
10;Cáceres;10025 Barrado;Hombres;2013;230
10;Cáceres;10025 Barrado;Hombres;2012;237
10;Cáceres;10025 Barrado;Hombres;2011;236
10;Cáceres;10025 Barrado;Hombres;2010;242
10;Cáceres;10025 Barrado;Hombres;2009;240
10;Cáceres;10025 Barrado;Hombres;2008;246
10;Cáceres;10025 Barrado;Hombres;2007;258
10;Cáceres;10025 Barrado;Hombres;2006;252
10;Cáceres;10025 Barrado;Hombres;2005;259
10;Cáceres;10025 Barrado;Hombres;2004;263
10;Cáceres;10025 Barrado;Hombres;2003;267
10;Cáceres;10025 Barrado;Hombres;2002;258
10;Cáceres;10025 Barrado;Hombres;2001;259
10;Cáceres;10025 Barrado;Hombres;2000;269
10;Cáceres;10025 Barrado;Hombres;1999;277
10;Cáceres;10025 Barrado;Hombres;1998;291
10;Cáceres;10025 Barrado;Hombres;1997;
10;Cáceres;10025 Barrado;Hombres;1996;296
10;Cáceres;10025 Barrado;Mujeres;2023;180
10;Cáceres;10025 Barrado;Mujeres;2022;170
10;Cáceres;10025 Barrado;Mujeres;2021;175
10;Cáceres;10025 Barrado;Mujeres;2020;187
10;Cáceres;10025 Barrado;Mujeres;2019;194
10;Cáceres;10025 Barrado;Mujeres;2018;198
10;Cáceres;10025 Barrado;Mujeres;2017;206
10;Cáceres;10025 Barrado;Mujeres;2016;206
10;Cáceres;10025 Barrado;Mujeres;2015;210
10;Cáceres;10025 Barrado;Mujeres;2014;212
10;Cáceres;10025 Barrado;Mujeres;2013;209
10;Cáceres;10025 Barrado;Mujeres;2012;214
10;Cáceres;10025 Barrado;Mujeres;2011;222
10;Cáceres;10025 Barrado;Mujeres;2010;231
10;Cáceres;10025 Barrado;Mujeres;2009;237
10;Cáceres;10025 Barrado;Mujeres;2008;236
10;Cáceres;10025 Barrado;Mujeres;2007;244
10;Cáceres;10025 Barrado;Mujeres;2006;243
10;Cáceres;10025 Barrado;Mujeres;2005;248
10;Cáceres;10025 Barrado;Mujeres;2004;254
10;Cáceres;10025 Barrado;Mujeres;2003;251
10;Cáceres;10025 Barrado;Mujeres;2002;255
10;Cáceres;10025 Barrado;Mujeres;2001;255
10;Cáceres;10025 Barrado;Mujeres;2000;258
10;Cáceres;10025 Barrado;Mujeres;1999;266
10;Cáceres;10025 Barrado;Mujeres;1998;274
10;Cáceres;10025 Barrado;Mujeres;1997;
10;Cáceres;10025 Barrado;Mujeres;1996;282
10;Cáceres;10026 Belvís de Monroy;Total;2023;721
10;Cáceres;10026 Belvís de Monroy;Total;2022;737
10;Cáceres;10026 Belvís de Monroy;Total;2021;745
10;Cáceres;10026 Belvís de Monroy;Total;2020;733
10;Cáceres;10026 Belvís de Monroy;Total;2019;725
10;Cáceres;10026 Belvís de Monroy;Total;2018;729
10;Cáceres;10026 Belvís de Monroy;Total;2017;744
10;Cáceres;10026 Belvís de Monroy;Total;2016;642
10;Cáceres;10026 Belvís de Monroy;Total;2015;650
10;Cáceres;10026 Belvís de Monroy;Total;2014;638
10;Cáceres;10026 Belvís de Monroy;Total;2013;633
10;Cáceres;10026 Belvís de Monroy;Total;2012;641
10;Cáceres;10026 Belvís de Monroy;Total;2011;656
10;Cáceres;10026 Belvís de Monroy;Total;2010;665
10;Cáceres;10026 Belvís de Monroy;Total;2009;670
10;Cáceres;10026 Belvís de Monroy;Total;2008;677
10;Cáceres;10026 Belvís de Monroy;Total;2007;695
10;Cáceres;10026 Belvís de Monroy;Total;2006;701
10;Cáceres;10026 Belvís de Monroy;Total;2005;601
10;Cáceres;10026 Belvís de Monroy;Total;2004;616
10;Cáceres;10026 Belvís de Monroy;Total;2003;645
10;Cáceres;10026 Belvís de Monroy;Total;2002;606
10;Cáceres;10026 Belvís de Monroy;Total;2001;618
10;Cáceres;10026 Belvís de Monroy;Total;2000;604
10;Cáceres;10026 Belvís de Monroy;Total;1999;622
10;Cáceres;10026 Belvís de Monroy;Total;1998;598
10;Cáceres;10026 Belvís de Monroy;Total;1997;
10;Cáceres;10026 Belvís de Monroy;Total;1996;619
10;Cáceres;10026 Belvís de Monroy;Hombres;2023;372
10;Cáceres;10026 Belvís de Monroy;Hombres;2022;388
10;Cáceres;10026 Belvís de Monroy;Hombres;2021;390
10;Cáceres;10026 Belvís de Monroy;Hombres;2020;381
10;Cáceres;10026 Belvís de Monroy;Hombres;2019;381
10;Cáceres;10026 Belvís de Monroy;Hombres;2018;378
10;Cáceres;10026 Belvís de Monroy;Hombres;2017;388
10;Cáceres;10026 Belvís de Monroy;Hombres;2016;336
10;Cáceres;10026 Belvís de Monroy;Hombres;2015;337
10;Cáceres;10026 Belvís de Monroy;Hombres;2014;332
10;Cáceres;10026 Belvís de Monroy;Hombres;2013;330
10;Cáceres;10026 Belvís de Monroy;Hombres;2012;326
10;Cáceres;10026 Belvís de Monroy;Hombres;2011;336
10;Cáceres;10026 Belvís de Monroy;Hombres;2010;336
10;Cáceres;10026 Belvís de Monroy;Hombres;2009;341
10;Cáceres;10026 Belvís de Monroy;Hombres;2008;341
10;Cáceres;10026 Belvís de Monroy;Hombres;2007;350
10;Cáceres;10026 Belvís de Monroy;Hombres;2006;346
10;Cáceres;10026 Belvís de Monroy;Hombres;2005;298
10;Cáceres;10026 Belvís de Monroy;Hombres;2004;307
10;Cáceres;10026 Belvís de Monroy;Hombres;2003;324
10;Cáceres;10026 Belvís de Monroy;Hombres;2002;316
10;Cáceres;10026 Belvís de Monroy;Hombres;2001;319
10;Cáceres;10026 Belvís de Monroy;Hombres;2000;309
10;Cáceres;10026 Belvís de Monroy;Hombres;1999;320
10;Cáceres;10026 Belvís de Monroy;Hombres;1998;308
10;Cáceres;10026 Belvís de Monroy;Hombres;1997;
10;Cáceres;10026 Belvís de Monroy;Hombres;1996;319
10;Cáceres;10026 Belvís de Monroy;Mujeres;2023;349
10;Cáceres;10026 Belvís de Monroy;Mujeres;2022;349
10;Cáceres;10026 Belvís de Monroy;Mujeres;2021;355
10;Cáceres;10026 Belvís de Monroy;Mujeres;2020;352
10;Cáceres;10026 Belvís de Monroy;Mujeres;2019;344
10;Cáceres;10026 Belvís de Monroy;Mujeres;2018;351
10;Cáceres;10026 Belvís de Monroy;Mujeres;2017;356
10;Cáceres;10026 Belvís de Monroy;Mujeres;2016;306
10;Cáceres;10026 Belvís de Monroy;Mujeres;2015;313
10;Cáceres;10026 Belvís de Monroy;Mujeres;2014;306
10;Cáceres;10026 Belvís de Monroy;Mujeres;2013;303
10;Cáceres;10026 Belvís de Monroy;Mujeres;2012;315
10;Cáceres;10026 Belvís de Monroy;Mujeres;2011;320
10;Cáceres;10026 Belvís de Monroy;Mujeres;2010;329
10;Cáceres;10026 Belvís de Monroy;Mujeres;2009;329
10;Cáceres;10026 Belvís de Monroy;Mujeres;2008;336
10;Cáceres;10026 Belvís de Monroy;Mujeres;2007;345
10;Cáceres;10026 Belvís de Monroy;Mujeres;2006;355
10;Cáceres;10026 Belvís de Monroy;Mujeres;2005;303
10;Cáceres;10026 Belvís de Monroy;Mujeres;2004;309
10;Cáceres;10026 Belvís de Monroy;Mujeres;2003;321
10;Cáceres;10026 Belvís de Monroy;Mujeres;2002;290
10;Cáceres;10026 Belvís de Monroy;Mujeres;2001;299
10;Cáceres;10026 Belvís de Monroy;Mujeres;2000;295
10;Cáceres;10026 Belvís de Monroy;Mujeres;1999;302
10;Cáceres;10026 Belvís de Monroy;Mujeres;1998;290
10;Cáceres;10026 Belvís de Monroy;Mujeres;1997;
10;Cáceres;10026 Belvís de Monroy;Mujeres;1996;300
10;Cáceres;10027 Benquerencia;Total;2023;86
10;Cáceres;10027 Benquerencia;Total;2022;79
10;Cáceres;10027 Benquerencia;Total;2021;79
10;Cáceres;10027 Benquerencia;Total;2020;80
10;Cáceres;10027 Benquerencia;Total;2019;81
10;Cáceres;10027 Benquerencia;Total;2018;77
10;Cáceres;10027 Benquerencia;Total;2017;79
10;Cáceres;10027 Benquerencia;Total;2016;79
10;Cáceres;10027 Benquerencia;Total;2015;80
10;Cáceres;10027 Benquerencia;Total;2014;82
10;Cáceres;10027 Benquerencia;Total;2013;81
10;Cáceres;10027 Benquerencia;Total;2012;86
10;Cáceres;10027 Benquerencia;Total;2011;89
10;Cáceres;10027 Benquerencia;Total;2010;92
10;Cáceres;10027 Benquerencia;Total;2009;98
10;Cáceres;10027 Benquerencia;Total;2008;102
10;Cáceres;10027 Benquerencia;Total;2007;101
10;Cáceres;10027 Benquerencia;Total;2006;98
10;Cáceres;10027 Benquerencia;Total;2005;101
10;Cáceres;10027 Benquerencia;Total;2004;103
10;Cáceres;10027 Benquerencia;Total;2003;108
10;Cáceres;10027 Benquerencia;Total;2002;118
10;Cáceres;10027 Benquerencia;Total;2001;107
10;Cáceres;10027 Benquerencia;Total;2000;106
10;Cáceres;10027 Benquerencia;Total;1999;104
10;Cáceres;10027 Benquerencia;Total;1998;104
10;Cáceres;10027 Benquerencia;Total;1997;
10;Cáceres;10027 Benquerencia;Total;1996;105
10;Cáceres;10027 Benquerencia;Hombres;2023;47
10;Cáceres;10027 Benquerencia;Hombres;2022;47
10;Cáceres;10027 Benquerencia;Hombres;2021;47
10;Cáceres;10027 Benquerencia;Hombres;2020;48
10;Cáceres;10027 Benquerencia;Hombres;2019;47
10;Cáceres;10027 Benquerencia;Hombres;2018;43
10;Cáceres;10027 Benquerencia;Hombres;2017;44
10;Cáceres;10027 Benquerencia;Hombres;2016;44
10;Cáceres;10027 Benquerencia;Hombres;2015;44
10;Cáceres;10027 Benquerencia;Hombres;2014;47
10;Cáceres;10027 Benquerencia;Hombres;2013;45
10;Cáceres;10027 Benquerencia;Hombres;2012;48
10;Cáceres;10027 Benquerencia;Hombres;2011;50
10;Cáceres;10027 Benquerencia;Hombres;2010;53
10;Cáceres;10027 Benquerencia;Hombres;2009;56
10;Cáceres;10027 Benquerencia;Hombres;2008;58
10;Cáceres;10027 Benquerencia;Hombres;2007;57
10;Cáceres;10027 Benquerencia;Hombres;2006;56
10;Cáceres;10027 Benquerencia;Hombres;2005;57
10;Cáceres;10027 Benquerencia;Hombres;2004;56
10;Cáceres;10027 Benquerencia;Hombres;2003;62
10;Cáceres;10027 Benquerencia;Hombres;2002;68
10;Cáceres;10027 Benquerencia;Hombres;2001;62
10;Cáceres;10027 Benquerencia;Hombres;2000;63
10;Cáceres;10027 Benquerencia;Hombres;1999;62
10;Cáceres;10027 Benquerencia;Hombres;1998;62
10;Cáceres;10027 Benquerencia;Hombres;1997;
10;Cáceres;10027 Benquerencia;Hombres;1996;60
10;Cáceres;10027 Benquerencia;Mujeres;2023;39
10;Cáceres;10027 Benquerencia;Mujeres;2022;32
10;Cáceres;10027 Benquerencia;Mujeres;2021;32
10;Cáceres;10027 Benquerencia;Mujeres;2020;32
10;Cáceres;10027 Benquerencia;Mujeres;2019;34
10;Cáceres;10027 Benquerencia;Mujeres;2018;34
10;Cáceres;10027 Benquerencia;Mujeres;2017;35
10;Cáceres;10027 Benquerencia;Mujeres;2016;35
10;Cáceres;10027 Benquerencia;Mujeres;2015;36
10;Cáceres;10027 Benquerencia;Mujeres;2014;35
10;Cáceres;10027 Benquerencia;Mujeres;2013;36
10;Cáceres;10027 Benquerencia;Mujeres;2012;38
10;Cáceres;10027 Benquerencia;Mujeres;2011;39
10;Cáceres;10027 Benquerencia;Mujeres;2010;39
10;Cáceres;10027 Benquerencia;Mujeres;2009;42
10;Cáceres;10027 Benquerencia;Mujeres;2008;44
10;Cáceres;10027 Benquerencia;Mujeres;2007;44
10;Cáceres;10027 Benquerencia;Mujeres;2006;42
10;Cáceres;10027 Benquerencia;Mujeres;2005;44
10;Cáceres;10027 Benquerencia;Mujeres;2004;47
10;Cáceres;10027 Benquerencia;Mujeres;2003;46
10;Cáceres;10027 Benquerencia;Mujeres;2002;50
10;Cáceres;10027 Benquerencia;Mujeres;2001;45
10;Cáceres;10027 Benquerencia;Mujeres;2000;43
10;Cáceres;10027 Benquerencia;Mujeres;1999;42
10;Cáceres;10027 Benquerencia;Mujeres;1998;42
10;Cáceres;10027 Benquerencia;Mujeres;1997;
10;Cáceres;10027 Benquerencia;Mujeres;1996;45
10;Cáceres;10028 Berrocalejo;Total;2023;120
10;Cáceres;10028 Berrocalejo;Total;2022;106
10;Cáceres;10028 Berrocalejo;Total;2021;102
10;Cáceres;10028 Berrocalejo;Total;2020;97
10;Cáceres;10028 Berrocalejo;Total;2019;100
10;Cáceres;10028 Berrocalejo;Total;2018;91
10;Cáceres;10028 Berrocalejo;Total;2017;102
10;Cáceres;10028 Berrocalejo;Total;2016;113
10;Cáceres;10028 Berrocalejo;Total;2015;125
10;Cáceres;10028 Berrocalejo;Total;2014;123
10;Cáceres;10028 Berrocalejo;Total;2013;134
10;Cáceres;10028 Berrocalejo;Total;2012;140
10;Cáceres;10028 Berrocalejo;Total;2011;141
10;Cáceres;10028 Berrocalejo;Total;2010;127
10;Cáceres;10028 Berrocalejo;Total;2009;105
10;Cáceres;10028 Berrocalejo;Total;2008;98
10;Cáceres;10028 Berrocalejo;Total;2007;98
10;Cáceres;10028 Berrocalejo;Total;2006;107
10;Cáceres;10028 Berrocalejo;Total;2005;115
10;Cáceres;10028 Berrocalejo;Total;2004;119
10;Cáceres;10028 Berrocalejo;Total;2003;121
10;Cáceres;10028 Berrocalejo;Total;2002;118
10;Cáceres;10028 Berrocalejo;Total;2001;126
10;Cáceres;10028 Berrocalejo;Total;2000;120
10;Cáceres;10028 Berrocalejo;Total;1999;123
10;Cáceres;10028 Berrocalejo;Total;1998;131
10;Cáceres;10028 Berrocalejo;Total;1997;
10;Cáceres;10028 Berrocalejo;Total;1996;134
10;Cáceres;10028 Berrocalejo;Hombres;2023;63
10;Cáceres;10028 Berrocalejo;Hombres;2022;57
10;Cáceres;10028 Berrocalejo;Hombres;2021;56
10;Cáceres;10028 Berrocalejo;Hombres;2020;54
10;Cáceres;10028 Berrocalejo;Hombres;2019;55
10;Cáceres;10028 Berrocalejo;Hombres;2018;50
10;Cáceres;10028 Berrocalejo;Hombres;2017;56
10;Cáceres;10028 Berrocalejo;Hombres;2016;60
10;Cáceres;10028 Berrocalejo;Hombres;2015;66
10;Cáceres;10028 Berrocalejo;Hombres;2014;67
10;Cáceres;10028 Berrocalejo;Hombres;2013;70
10;Cáceres;10028 Berrocalejo;Hombres;2012;72
10;Cáceres;10028 Berrocalejo;Hombres;2011;69
10;Cáceres;10028 Berrocalejo;Hombres;2010;66
10;Cáceres;10028 Berrocalejo;Hombres;2009;51
10;Cáceres;10028 Berrocalejo;Hombres;2008;49
10;Cáceres;10028 Berrocalejo;Hombres;2007;48
10;Cáceres;10028 Berrocalejo;Hombres;2006;53
10;Cáceres;10028 Berrocalejo;Hombres;2005;54
10;Cáceres;10028 Berrocalejo;Hombres;2004;55
10;Cáceres;10028 Berrocalejo;Hombres;2003;56
10;Cáceres;10028 Berrocalejo;Hombres;2002;54
10;Cáceres;10028 Berrocalejo;Hombres;2001;56
10;Cáceres;10028 Berrocalejo;Hombres;2000;53
10;Cáceres;10028 Berrocalejo;Hombres;1999;54
10;Cáceres;10028 Berrocalejo;Hombres;1998;59
10;Cáceres;10028 Berrocalejo;Hombres;1997;
10;Cáceres;10028 Berrocalejo;Hombres;1996;59
10;Cáceres;10028 Berrocalejo;Mujeres;2023;57
10;Cáceres;10028 Berrocalejo;Mujeres;2022;49
10;Cáceres;10028 Berrocalejo;Mujeres;2021;46
10;Cáceres;10028 Berrocalejo;Mujeres;2020;43
10;Cáceres;10028 Berrocalejo;Mujeres;2019;45
10;Cáceres;10028 Berrocalejo;Mujeres;2018;41
10;Cáceres;10028 Berrocalejo;Mujeres;2017;46
10;Cáceres;10028 Berrocalejo;Mujeres;2016;53
10;Cáceres;10028 Berrocalejo;Mujeres;2015;59
10;Cáceres;10028 Berrocalejo;Mujeres;2014;56
10;Cáceres;10028 Berrocalejo;Mujeres;2013;64
10;Cáceres;10028 Berrocalejo;Mujeres;2012;68
10;Cáceres;10028 Berrocalejo;Mujeres;2011;72
10;Cáceres;10028 Berrocalejo;Mujeres;2010;61
10;Cáceres;10028 Berrocalejo;Mujeres;2009;54
10;Cáceres;10028 Berrocalejo;Mujeres;2008;49
10;Cáceres;10028 Berrocalejo;Mujeres;2007;50
10;Cáceres;10028 Berrocalejo;Mujeres;2006;54
10;Cáceres;10028 Berrocalejo;Mujeres;2005;61
10;Cáceres;10028 Berrocalejo;Mujeres;2004;64
10;Cáceres;10028 Berrocalejo;Mujeres;2003;65
10;Cáceres;10028 Berrocalejo;Mujeres;2002;64
10;Cáceres;10028 Berrocalejo;Mujeres;2001;70
10;Cáceres;10028 Berrocalejo;Mujeres;2000;67
10;Cáceres;10028 Berrocalejo;Mujeres;1999;69
10;Cáceres;10028 Berrocalejo;Mujeres;1998;72
10;Cáceres;10028 Berrocalejo;Mujeres;1997;
10;Cáceres;10028 Berrocalejo;Mujeres;1996;75
10;Cáceres;10029 Berzocana;Total;2023;396
10;Cáceres;10029 Berzocana;Total;2022;404
10;Cáceres;10029 Berzocana;Total;2021;416
10;Cáceres;10029 Berzocana;Total;2020;414
10;Cáceres;10029 Berzocana;Total;2019;423
10;Cáceres;10029 Berzocana;Total;2018;437
10;Cáceres;10029 Berzocana;Total;2017;451
10;Cáceres;10029 Berzocana;Total;2016;452
10;Cáceres;10029 Berzocana;Total;2015;461
10;Cáceres;10029 Berzocana;Total;2014;478
10;Cáceres;10029 Berzocana;Total;2013;469
10;Cáceres;10029 Berzocana;Total;2012;493
10;Cáceres;10029 Berzocana;Total;2011;496
10;Cáceres;10029 Berzocana;Total;2010;520
10;Cáceres;10029 Berzocana;Total;2009;528
10;Cáceres;10029 Berzocana;Total;2008;530
10;Cáceres;10029 Berzocana;Total;2007;535
10;Cáceres;10029 Berzocana;Total;2006;534
10;Cáceres;10029 Berzocana;Total;2005;497
10;Cáceres;10029 Berzocana;Total;2004;525
10;Cáceres;10029 Berzocana;Total;2003;547
10;Cáceres;10029 Berzocana;Total;2002;567
10;Cáceres;10029 Berzocana;Total;2001;594
10;Cáceres;10029 Berzocana;Total;2000;607
10;Cáceres;10029 Berzocana;Total;1999;644
10;Cáceres;10029 Berzocana;Total;1998;660
10;Cáceres;10029 Berzocana;Total;1997;
10;Cáceres;10029 Berzocana;Total;1996;689
10;Cáceres;10029 Berzocana;Hombres;2023;205
10;Cáceres;10029 Berzocana;Hombres;2022;211
10;Cáceres;10029 Berzocana;Hombres;2021;217
10;Cáceres;10029 Berzocana;Hombres;2020;222
10;Cáceres;10029 Berzocana;Hombres;2019;229
10;Cáceres;10029 Berzocana;Hombres;2018;232
10;Cáceres;10029 Berzocana;Hombres;2017;240
10;Cáceres;10029 Berzocana;Hombres;2016;236
10;Cáceres;10029 Berzocana;Hombres;2015;236
10;Cáceres;10029 Berzocana;Hombres;2014;243
10;Cáceres;10029 Berzocana;Hombres;2013;241
10;Cáceres;10029 Berzocana;Hombres;2012;251
10;Cáceres;10029 Berzocana;Hombres;2011;246
10;Cáceres;10029 Berzocana;Hombres;2010;258
10;Cáceres;10029 Berzocana;Hombres;2009;265
10;Cáceres;10029 Berzocana;Hombres;2008;269
10;Cáceres;10029 Berzocana;Hombres;2007;271
10;Cáceres;10029 Berzocana;Hombres;2006;271
10;Cáceres;10029 Berzocana;Hombres;2005;255
10;Cáceres;10029 Berzocana;Hombres;2004;265
10;Cáceres;10029 Berzocana;Hombres;2003;276
10;Cáceres;10029 Berzocana;Hombres;2002;287
10;Cáceres;10029 Berzocana;Hombres;2001;298
10;Cáceres;10029 Berzocana;Hombres;2000;307
10;Cáceres;10029 Berzocana;Hombres;1999;329
10;Cáceres;10029 Berzocana;Hombres;1998;336
10;Cáceres;10029 Berzocana;Hombres;1997;
10;Cáceres;10029 Berzocana;Hombres;1996;346
10;Cáceres;10029 Berzocana;Mujeres;2023;191
10;Cáceres;10029 Berzocana;Mujeres;2022;193
10;Cáceres;10029 Berzocana;Mujeres;2021;199
10;Cáceres;10029 Berzocana;Mujeres;2020;192
10;Cáceres;10029 Berzocana;Mujeres;2019;194
10;Cáceres;10029 Berzocana;Mujeres;2018;205
10;Cáceres;10029 Berzocana;Mujeres;2017;211
10;Cáceres;10029 Berzocana;Mujeres;2016;216
10;Cáceres;10029 Berzocana;Mujeres;2015;225
10;Cáceres;10029 Berzocana;Mujeres;2014;235
10;Cáceres;10029 Berzocana;Mujeres;2013;228
10;Cáceres;10029 Berzocana;Mujeres;2012;242
10;Cáceres;10029 Berzocana;Mujeres;2011;250
10;Cáceres;10029 Berzocana;Mujeres;2010;262
10;Cáceres;10029 Berzocana;Mujeres;2009;263
10;Cáceres;10029 Berzocana;Mujeres;2008;261
10;Cáceres;10029 Berzocana;Mujeres;2007;264
10;Cáceres;10029 Berzocana;Mujeres;2006;263
10;Cáceres;10029 Berzocana;Mujeres;2005;242
10;Cáceres;10029 Berzocana;Mujeres;2004;260
10;Cáceres;10029 Berzocana;Mujeres;2003;271
10;Cáceres;10029 Berzocana;Mujeres;2002;280
10;Cáceres;10029 Berzocana;Mujeres;2001;296
10;Cáceres;10029 Berzocana;Mujeres;2000;300
10;Cáceres;10029 Berzocana;Mujeres;1999;315
10;Cáceres;10029 Berzocana;Mujeres;1998;324
10;Cáceres;10029 Berzocana;Mujeres;1997;
10;Cáceres;10029 Berzocana;Mujeres;1996;343
10;Cáceres;10030 Bohonal de Ibor;Total;2023;488
10;Cáceres;10030 Bohonal de Ibor;Total;2022;491
10;Cáceres;10030 Bohonal de Ibor;Total;2021;485
10;Cáceres;10030 Bohonal de Ibor;Total;2020;481
10;Cáceres;10030 Bohonal de Ibor;Total;2019;500
10;Cáceres;10030 Bohonal de Ibor;Total;2018;500
10;Cáceres;10030 Bohonal de Ibor;Total;2017;507
10;Cáceres;10030 Bohonal de Ibor;Total;2016;494
10;Cáceres;10030 Bohonal de Ibor;Total;2015;499
10;Cáceres;10030 Bohonal de Ibor;Total;2014;508
10;Cáceres;10030 Bohonal de Ibor;Total;2013;540
10;Cáceres;10030 Bohonal de Ibor;Total;2012;559
10;Cáceres;10030 Bohonal de Ibor;Total;2011;565
10;Cáceres;10030 Bohonal de Ibor;Total;2010;558
10;Cáceres;10030 Bohonal de Ibor;Total;2009;535
10;Cáceres;10030 Bohonal de Ibor;Total;2008;538
10;Cáceres;10030 Bohonal de Ibor;Total;2007;532
10;Cáceres;10030 Bohonal de Ibor;Total;2006;542
10;Cáceres;10030 Bohonal de Ibor;Total;2005;556
10;Cáceres;10030 Bohonal de Ibor;Total;2004;548
10;Cáceres;10030 Bohonal de Ibor;Total;2003;548
10;Cáceres;10030 Bohonal de Ibor;Total;2002;574
10;Cáceres;10030 Bohonal de Ibor;Total;2001;592
10;Cáceres;10030 Bohonal de Ibor;Total;2000;580
10;Cáceres;10030 Bohonal de Ibor;Total;1999;620
10;Cáceres;10030 Bohonal de Ibor;Total;1998;620
10;Cáceres;10030 Bohonal de Ibor;Total;1997;
10;Cáceres;10030 Bohonal de Ibor;Total;1996;620
10;Cáceres;10030 Bohonal de Ibor;Hombres;2023;238
10;Cáceres;10030 Bohonal de Ibor;Hombres;2022;243
10;Cáceres;10030 Bohonal de Ibor;Hombres;2021;243
10;Cáceres;10030 Bohonal de Ibor;Hombres;2020;246
10;Cáceres;10030 Bohonal de Ibor;Hombres;2019;258
10;Cáceres;10030 Bohonal de Ibor;Hombres;2018;260
10;Cáceres;10030 Bohonal de Ibor;Hombres;2017;263
10;Cáceres;10030 Bohonal de Ibor;Hombres;2016;250
10;Cáceres;10030 Bohonal de Ibor;Hombres;2015;253
10;Cáceres;10030 Bohonal de Ibor;Hombres;2014;254
10;Cáceres;10030 Bohonal de Ibor;Hombres;2013;277
10;Cáceres;10030 Bohonal de Ibor;Hombres;2012;288
10;Cáceres;10030 Bohonal de Ibor;Hombres;2011;296
10;Cáceres;10030 Bohonal de Ibor;Hombres;2010;292
10;Cáceres;10030 Bohonal de Ibor;Hombres;2009;270
10;Cáceres;10030 Bohonal de Ibor;Hombres;2008;278
10;Cáceres;10030 Bohonal de Ibor;Hombres;2007;277
10;Cáceres;10030 Bohonal de Ibor;Hombres;2006;286
10;Cáceres;10030 Bohonal de Ibor;Hombres;2005;294
10;Cáceres;10030 Bohonal de Ibor;Hombres;2004;286
10;Cáceres;10030 Bohonal de Ibor;Hombres;2003;286
10;Cáceres;10030 Bohonal de Ibor;Hombres;2002;293
10;Cáceres;10030 Bohonal de Ibor;Hombres;2001;303
10;Cáceres;10030 Bohonal de Ibor;Hombres;2000;294
10;Cáceres;10030 Bohonal de Ibor;Hombres;1999;319
10;Cáceres;10030 Bohonal de Ibor;Hombres;1998;319
10;Cáceres;10030 Bohonal de Ibor;Hombres;1997;
10;Cáceres;10030 Bohonal de Ibor;Hombres;1996;310
10;Cáceres;10030 Bohonal de Ibor;Mujeres;2023;250
10;Cáceres;10030 Bohonal de Ibor;Mujeres;2022;248
10;Cáceres;10030 Bohonal de Ibor;Mujeres;2021;242
10;Cáceres;10030 Bohonal de Ibor;Mujeres;2020;235
10;Cáceres;10030 Bohonal de Ibor;Mujeres;2019;242
10;Cáceres;10030 Bohonal de Ibor;Mujeres;2018;240
10;Cáceres;10030 Bohonal de Ibor;Mujeres;2017;244
10;Cáceres;10030 Bohonal de Ibor;Mujeres;2016;244
10;Cáceres;10030 Bohonal de Ibor;Mujeres;2015;246
10;Cáceres;10030 Bohonal de Ibor;Mujeres;2014;254
10;Cáceres;10030 Bohonal de Ibor;Mujeres;2013;263
10;Cáceres;10030 Bohonal de Ibor;Mujeres;2012;271
10;Cáceres;10030 Bohonal de Ibor;Mujeres;2011;269
10;Cáceres;10030 Bohonal de Ibor;Mujeres;2010;266
10;Cáceres;10030 Bohonal de Ibor;Mujeres;2009;265
10;Cáceres;10030 Bohonal de Ibor;Mujeres;2008;260
10;Cáceres;10030 Bohonal de Ibor;Mujeres;2007;255
10;Cáceres;10030 Bohonal de Ibor;Mujeres;2006;256
10;Cáceres;10030 Bohonal de Ibor;Mujeres;2005;262
10;Cáceres;10030 Bohonal de Ibor;Mujeres;2004;262
10;Cáceres;10030 Bohonal de Ibor;Mujeres;2003;262
10;Cáceres;10030 Bohonal de Ibor;Mujeres;2002;281
10;Cáceres;10030 Bohonal de Ibor;Mujeres;2001;289
10;Cáceres;10030 Bohonal de Ibor;Mujeres;2000;286
10;Cáceres;10030 Bohonal de Ibor;Mujeres;1999;301
10;Cáceres;10030 Bohonal de Ibor;Mujeres;1998;301
10;Cáceres;10030 Bohonal de Ibor;Mujeres;1997;
10;Cáceres;10030 Bohonal de Ibor;Mujeres;1996;310
10;Cáceres;10031 Botija;Total;2023;185
10;Cáceres;10031 Botija;Total;2022;185
10;Cáceres;10031 Botija;Total;2021;187
10;Cáceres;10031 Botija;Total;2020;171
10;Cáceres;10031 Botija;Total;2019;175
10;Cáceres;10031 Botija;Total;2018;187
10;Cáceres;10031 Botija;Total;2017;190
10;Cáceres;10031 Botija;Total;2016;185
10;Cáceres;10031 Botija;Total;2015;189
10;Cáceres;10031 Botija;Total;2014;188
10;Cáceres;10031 Botija;Total;2013;193
10;Cáceres;10031 Botija;Total;2012;212
10;Cáceres;10031 Botija;Total;2011;214
10;Cáceres;10031 Botija;Total;2010;211
10;Cáceres;10031 Botija;Total;2009;199
10;Cáceres;10031 Botija;Total;2008;191
10;Cáceres;10031 Botija;Total;2007;197
10;Cáceres;10031 Botija;Total;2006;186
10;Cáceres;10031 Botija;Total;2005;148
10;Cáceres;10031 Botija;Total;2004;153
10;Cáceres;10031 Botija;Total;2003;154
10;Cáceres;10031 Botija;Total;2002;164
10;Cáceres;10031 Botija;Total;2001;171
10;Cáceres;10031 Botija;Total;2000;178
10;Cáceres;10031 Botija;Total;1999;180
10;Cáceres;10031 Botija;Total;1998;182
10;Cáceres;10031 Botija;Total;1997;
10;Cáceres;10031 Botija;Total;1996;190
10;Cáceres;10031 Botija;Hombres;2023;97
10;Cáceres;10031 Botija;Hombres;2022;98
10;Cáceres;10031 Botija;Hombres;2021;95
10;Cáceres;10031 Botija;Hombres;2020;88
10;Cáceres;10031 Botija;Hombres;2019;93
10;Cáceres;10031 Botija;Hombres;2018;106
10;Cáceres;10031 Botija;Hombres;2017;106
10;Cáceres;10031 Botija;Hombres;2016;101
10;Cáceres;10031 Botija;Hombres;2015;101
10;Cáceres;10031 Botija;Hombres;2014;101
10;Cáceres;10031 Botija;Hombres;2013;102
10;Cáceres;10031 Botija;Hombres;2012;108
10;Cáceres;10031 Botija;Hombres;2011;109
10;Cáceres;10031 Botija;Hombres;2010;108
10;Cáceres;10031 Botija;Hombres;2009;99
10;Cáceres;10031 Botija;Hombres;2008;96
10;Cáceres;10031 Botija;Hombres;2007;96
10;Cáceres;10031 Botija;Hombres;2006;89
10;Cáceres;10031 Botija;Hombres;2005;66
10;Cáceres;10031 Botija;Hombres;2004;68
10;Cáceres;10031 Botija;Hombres;2003;69
10;Cáceres;10031 Botija;Hombres;2002;73
10;Cáceres;10031 Botija;Hombres;2001;76
10;Cáceres;10031 Botija;Hombres;2000;79
10;Cáceres;10031 Botija;Hombres;1999;79
10;Cáceres;10031 Botija;Hombres;1998;80
10;Cáceres;10031 Botija;Hombres;1997;
10;Cáceres;10031 Botija;Hombres;1996;87
10;Cáceres;10031 Botija;Mujeres;2023;88
10;Cáceres;10031 Botija;Mujeres;2022;87
10;Cáceres;10031 Botija;Mujeres;2021;92
10;Cáceres;10031 Botija;Mujeres;2020;83
10;Cáceres;10031 Botija;Mujeres;2019;82
10;Cáceres;10031 Botija;Mujeres;2018;81
10;Cáceres;10031 Botija;Mujeres;2017;84
10;Cáceres;10031 Botija;Mujeres;2016;84
10;Cáceres;10031 Botija;Mujeres;2015;88
10;Cáceres;10031 Botija;Mujeres;2014;87
10;Cáceres;10031 Botija;Mujeres;2013;91
10;Cáceres;10031 Botija;Mujeres;2012;104
10;Cáceres;10031 Botija;Mujeres;2011;105
10;Cáceres;10031 Botija;Mujeres;2010;103
10;Cáceres;10031 Botija;Mujeres;2009;100
10;Cáceres;10031 Botija;Mujeres;2008;95
10;Cáceres;10031 Botija;Mujeres;2007;101
10;Cáceres;10031 Botija;Mujeres;2006;97
10;Cáceres;10031 Botija;Mujeres;2005;82
10;Cáceres;10031 Botija;Mujeres;2004;85
10;Cáceres;10031 Botija;Mujeres;2003;85
10;Cáceres;10031 Botija;Mujeres;2002;91
10;Cáceres;10031 Botija;Mujeres;2001;95
10;Cáceres;10031 Botija;Mujeres;2000;99
10;Cáceres;10031 Botija;Mujeres;1999;101
10;Cáceres;10031 Botija;Mujeres;1998;102
10;Cáceres;10031 Botija;Mujeres;1997;
10;Cáceres;10031 Botija;Mujeres;1996;103
10;Cáceres;10032 Brozas;Total;2023;1734
10;Cáceres;10032 Brozas;Total;2022;1774
10;Cáceres;10032 Brozas;Total;2021;1790
10;Cáceres;10032 Brozas;Total;2020;1804
10;Cáceres;10032 Brozas;Total;2019;1826
10;Cáceres;10032 Brozas;Total;2018;1867
10;Cáceres;10032 Brozas;Total;2017;1911
10;Cáceres;10032 Brozas;Total;2016;1927
10;Cáceres;10032 Brozas;Total;2015;1953
10;Cáceres;10032 Brozas;Total;2014;1969
10;Cáceres;10032 Brozas;Total;2013;2000
10;Cáceres;10032 Brozas;Total;2012;2046
10;Cáceres;10032 Brozas;Total;2011;2070
10;Cáceres;10032 Brozas;Total;2010;2112
10;Cáceres;10032 Brozas;Total;2009;2123
10;Cáceres;10032 Brozas;Total;2008;2155
10;Cáceres;10032 Brozas;Total;2007;2195
10;Cáceres;10032 Brozas;Total;2006;2248
10;Cáceres;10032 Brozas;Total;2005;2226
10;Cáceres;10032 Brozas;Total;2004;2183
10;Cáceres;10032 Brozas;Total;2003;2291
10;Cáceres;10032 Brozas;Total;2002;2329
10;Cáceres;10032 Brozas;Total;2001;2364
10;Cáceres;10032 Brozas;Total;2000;2328
10;Cáceres;10032 Brozas;Total;1999;2359
10;Cáceres;10032 Brozas;Total;1998;2407
10;Cáceres;10032 Brozas;Total;1997;
10;Cáceres;10032 Brozas;Total;1996;2448
10;Cáceres;10032 Brozas;Hombres;2023;859
10;Cáceres;10032 Brozas;Hombres;2022;874
10;Cáceres;10032 Brozas;Hombres;2021;886
10;Cáceres;10032 Brozas;Hombres;2020;903
10;Cáceres;10032 Brozas;Hombres;2019;912
10;Cáceres;10032 Brozas;Hombres;2018;926
10;Cáceres;10032 Brozas;Hombres;2017;954
10;Cáceres;10032 Brozas;Hombres;2016;967
10;Cáceres;10032 Brozas;Hombres;2015;977
10;Cáceres;10032 Brozas;Hombres;2014;988
10;Cáceres;10032 Brozas;Hombres;2013;1006
10;Cáceres;10032 Brozas;Hombres;2012;1037
10;Cáceres;10032 Brozas;Hombres;2011;1042
10;Cáceres;10032 Brozas;Hombres;2010;1060
10;Cáceres;10032 Brozas;Hombres;2009;1061
10;Cáceres;10032 Brozas;Hombres;2008;1083
10;Cáceres;10032 Brozas;Hombres;2007;1099
10;Cáceres;10032 Brozas;Hombres;2006;1113
10;Cáceres;10032 Brozas;Hombres;2005;1107
10;Cáceres;10032 Brozas;Hombres;2004;1078
10;Cáceres;10032 Brozas;Hombres;2003;1138
10;Cáceres;10032 Brozas;Hombres;2002;1166
10;Cáceres;10032 Brozas;Hombres;2001;1182
10;Cáceres;10032 Brozas;Hombres;2000;1157
10;Cáceres;10032 Brozas;Hombres;1999;1179
10;Cáceres;10032 Brozas;Hombres;1998;1203
10;Cáceres;10032 Brozas;Hombres;1997;
10;Cáceres;10032 Brozas;Hombres;1996;1223
10;Cáceres;10032 Brozas;Mujeres;2023;875
10;Cáceres;10032 Brozas;Mujeres;2022;900
10;Cáceres;10032 Brozas;Mujeres;2021;904
10;Cáceres;10032 Brozas;Mujeres;2020;901
10;Cáceres;10032 Brozas;Mujeres;2019;914
10;Cáceres;10032 Brozas;Mujeres;2018;941
10;Cáceres;10032 Brozas;Mujeres;2017;957
10;Cáceres;10032 Brozas;Mujeres;2016;960
10;Cáceres;10032 Brozas;Mujeres;2015;976
10;Cáceres;10032 Brozas;Mujeres;2014;981
10;Cáceres;10032 Brozas;Mujeres;2013;994
10;Cáceres;10032 Brozas;Mujeres;2012;1009
10;Cáceres;10032 Brozas;Mujeres;2011;1028
10;Cáceres;10032 Brozas;Mujeres;2010;1052
10;Cáceres;10032 Brozas;Mujeres;2009;1062
10;Cáceres;10032 Brozas;Mujeres;2008;1072
10;Cáceres;10032 Brozas;Mujeres;2007;1096
10;Cáceres;10032 Brozas;Mujeres;2006;1135
10;Cáceres;10032 Brozas;Mujeres;2005;1119
10;Cáceres;10032 Brozas;Mujeres;2004;1105
10;Cáceres;10032 Brozas;Mujeres;2003;1153
10;Cáceres;10032 Brozas;Mujeres;2002;1163
10;Cáceres;10032 Brozas;Mujeres;2001;1182
10;Cáceres;10032 Brozas;Mujeres;2000;1171
10;Cáceres;10032 Brozas;Mujeres;1999;1180
10;Cáceres;10032 Brozas;Mujeres;1998;1204
10;Cáceres;10032 Brozas;Mujeres;1997;
10;Cáceres;10032 Brozas;Mujeres;1996;1225
10;Cáceres;10033 Cabañas del Castillo;Total;2023;400
10;Cáceres;10033 Cabañas del Castillo;Total;2022;402
10;Cáceres;10033 Cabañas del Castillo;Total;2021;419
10;Cáceres;10033 Cabañas del Castillo;Total;2020;424
10;Cáceres;10033 Cabañas del Castillo;Total;2019;431
10;Cáceres;10033 Cabañas del Castillo;Total;2018;434
10;Cáceres;10033 Cabañas del Castillo;Total;2017;447
10;Cáceres;10033 Cabañas del Castillo;Total;2016;454
10;Cáceres;10033 Cabañas del Castillo;Total;2015;470
10;Cáceres;10033 Cabañas del Castillo;Total;2014;458
10;Cáceres;10033 Cabañas del Castillo;Total;2013;462
10;Cáceres;10033 Cabañas del Castillo;Total;2012;474
10;Cáceres;10033 Cabañas del Castillo;Total;2011;478
10;Cáceres;10033 Cabañas del Castillo;Total;2010;394
10;Cáceres;10033 Cabañas del Castillo;Total;2009;423
10;Cáceres;10033 Cabañas del Castillo;Total;2008;435
10;Cáceres;10033 Cabañas del Castillo;Total;2007;450
10;Cáceres;10033 Cabañas del Castillo;Total;2006;477
10;Cáceres;10033 Cabañas del Castillo;Total;2005;497
10;Cáceres;10033 Cabañas del Castillo;Total;2004;521
10;Cáceres;10033 Cabañas del Castillo;Total;2003;522
10;Cáceres;10033 Cabañas del Castillo;Total;2002;523
10;Cáceres;10033 Cabañas del Castillo;Total;2001;528
10;Cáceres;10033 Cabañas del Castillo;Total;2000;550
10;Cáceres;10033 Cabañas del Castillo;Total;1999;564
10;Cáceres;10033 Cabañas del Castillo;Total;1998;575
10;Cáceres;10033 Cabañas del Castillo;Total;1997;
10;Cáceres;10033 Cabañas del Castillo;Total;1996;612
10;Cáceres;10033 Cabañas del Castillo;Hombres;2023;209
10;Cáceres;10033 Cabañas del Castillo;Hombres;2022;207
10;Cáceres;10033 Cabañas del Castillo;Hombres;2021;216
10;Cáceres;10033 Cabañas del Castillo;Hombres;2020;220
10;Cáceres;10033 Cabañas del Castillo;Hombres;2019;225
10;Cáceres;10033 Cabañas del Castillo;Hombres;2018;232
10;Cáceres;10033 Cabañas del Castillo;Hombres;2017;240
10;Cáceres;10033 Cabañas del Castillo;Hombres;2016;247
10;Cáceres;10033 Cabañas del Castillo;Hombres;2015;253
10;Cáceres;10033 Cabañas del Castillo;Hombres;2014;245
10;Cáceres;10033 Cabañas del Castillo;Hombres;2013;246
10;Cáceres;10033 Cabañas del Castillo;Hombres;2012;251
10;Cáceres;10033 Cabañas del Castillo;Hombres;2011;251
10;Cáceres;10033 Cabañas del Castillo;Hombres;2010;203
10;Cáceres;10033 Cabañas del Castillo;Hombres;2009;213
10;Cáceres;10033 Cabañas del Castillo;Hombres;2008;221
10;Cáceres;10033 Cabañas del Castillo;Hombres;2007;228
10;Cáceres;10033 Cabañas del Castillo;Hombres;2006;243
10;Cáceres;10033 Cabañas del Castillo;Hombres;2005;255
10;Cáceres;10033 Cabañas del Castillo;Hombres;2004;268
10;Cáceres;10033 Cabañas del Castillo;Hombres;2003;270
10;Cáceres;10033 Cabañas del Castillo;Hombres;2002;268
10;Cáceres;10033 Cabañas del Castillo;Hombres;2001;270
10;Cáceres;10033 Cabañas del Castillo;Hombres;2000;279
10;Cáceres;10033 Cabañas del Castillo;Hombres;1999;290
10;Cáceres;10033 Cabañas del Castillo;Hombres;1998;292
10;Cáceres;10033 Cabañas del Castillo;Hombres;1997;
10;Cáceres;10033 Cabañas del Castillo;Hombres;1996;311
10;Cáceres;10033 Cabañas del Castillo;Mujeres;2023;191
10;Cáceres;10033 Cabañas del Castillo;Mujeres;2022;195
10;Cáceres;10033 Cabañas del Castillo;Mujeres;2021;203
10;Cáceres;10033 Cabañas del Castillo;Mujeres;2020;204
10;Cáceres;10033 Cabañas del Castillo;Mujeres;2019;206
10;Cáceres;10033 Cabañas del Castillo;Mujeres;2018;202
10;Cáceres;10033 Cabañas del Castillo;Mujeres;2017;207
10;Cáceres;10033 Cabañas del Castillo;Mujeres;2016;207
10;Cáceres;10033 Cabañas del Castillo;Mujeres;2015;217
10;Cáceres;10033 Cabañas del Castillo;Mujeres;2014;213
10;Cáceres;10033 Cabañas del Castillo;Mujeres;2013;216
10;Cáceres;10033 Cabañas del Castillo;Mujeres;2012;223
10;Cáceres;10033 Cabañas del Castillo;Mujeres;2011;227
10;Cáceres;10033 Cabañas del Castillo;Mujeres;2010;191
10;Cáceres;10033 Cabañas del Castillo;Mujeres;2009;210
10;Cáceres;10033 Cabañas del Castillo;Mujeres;2008;214
10;Cáceres;10033 Cabañas del Castillo;Mujeres;2007;222
10;Cáceres;10033 Cabañas del Castillo;Mujeres;2006;234
10;Cáceres;10033 Cabañas del Castillo;Mujeres;2005;242
10;Cáceres;10033 Cabañas del Castillo;Mujeres;2004;253
10;Cáceres;10033 Cabañas del Castillo;Mujeres;2003;252
10;Cáceres;10033 Cabañas del Castillo;Mujeres;2002;255
10;Cáceres;10033 Cabañas del Castillo;Mujeres;2001;258
10;Cáceres;10033 Cabañas del Castillo;Mujeres;2000;271
10;Cáceres;10033 Cabañas del Castillo;Mujeres;1999;274
10;Cáceres;10033 Cabañas del Castillo;Mujeres;1998;283
10;Cáceres;10033 Cabañas del Castillo;Mujeres;1997;
10;Cáceres;10033 Cabañas del Castillo;Mujeres;1996;301
10;Cáceres;10034 Cabezabellosa;Total;2023;344
10;Cáceres;10034 Cabezabellosa;Total;2022;343
10;Cáceres;10034 Cabezabellosa;Total;2021;344
10;Cáceres;10034 Cabezabellosa;Total;2020;340
10;Cáceres;10034 Cabezabellosa;Total;2019;344
10;Cáceres;10034 Cabezabellosa;Total;2018;349
10;Cáceres;10034 Cabezabellosa;Total;2017;362
10;Cáceres;10034 Cabezabellosa;Total;2016;364
10;Cáceres;10034 Cabezabellosa;Total;2015;381
10;Cáceres;10034 Cabezabellosa;Total;2014;391
10;Cáceres;10034 Cabezabellosa;Total;2013;396
10;Cáceres;10034 Cabezabellosa;Total;2012;397
10;Cáceres;10034 Cabezabellosa;Total;2011;408
10;Cáceres;10034 Cabezabellosa;Total;2010;414
10;Cáceres;10034 Cabezabellosa;Total;2009;418
10;Cáceres;10034 Cabezabellosa;Total;2008;421
10;Cáceres;10034 Cabezabellosa;Total;2007;439
10;Cáceres;10034 Cabezabellosa;Total;2006;439
10;Cáceres;10034 Cabezabellosa;Total;2005;449
10;Cáceres;10034 Cabezabellosa;Total;2004;453
10;Cáceres;10034 Cabezabellosa;Total;2003;474
10;Cáceres;10034 Cabezabellosa;Total;2002;485
10;Cáceres;10034 Cabezabellosa;Total;2001;516
10;Cáceres;10034 Cabezabellosa;Total;2000;523
10;Cáceres;10034 Cabezabellosa;Total;1999;535
10;Cáceres;10034 Cabezabellosa;Total;1998;498
10;Cáceres;10034 Cabezabellosa;Total;1997;
10;Cáceres;10034 Cabezabellosa;Total;1996;530
10;Cáceres;10034 Cabezabellosa;Hombres;2023;176
10;Cáceres;10034 Cabezabellosa;Hombres;2022;170
10;Cáceres;10034 Cabezabellosa;Hombres;2021;172
10;Cáceres;10034 Cabezabellosa;Hombres;2020;172
10;Cáceres;10034 Cabezabellosa;Hombres;2019;174
10;Cáceres;10034 Cabezabellosa;Hombres;2018;176
10;Cáceres;10034 Cabezabellosa;Hombres;2017;183
10;Cáceres;10034 Cabezabellosa;Hombres;2016;184
10;Cáceres;10034 Cabezabellosa;Hombres;2015;198
10;Cáceres;10034 Cabezabellosa;Hombres;2014;201
10;Cáceres;10034 Cabezabellosa;Hombres;2013;205
10;Cáceres;10034 Cabezabellosa;Hombres;2012;204
10;Cáceres;10034 Cabezabellosa;Hombres;2011;205
10;Cáceres;10034 Cabezabellosa;Hombres;2010;204
10;Cáceres;10034 Cabezabellosa;Hombres;2009;206
10;Cáceres;10034 Cabezabellosa;Hombres;2008;210
10;Cáceres;10034 Cabezabellosa;Hombres;2007;218
10;Cáceres;10034 Cabezabellosa;Hombres;2006;218
10;Cáceres;10034 Cabezabellosa;Hombres;2005;220
10;Cáceres;10034 Cabezabellosa;Hombres;2004;222
10;Cáceres;10034 Cabezabellosa;Hombres;2003;233
10;Cáceres;10034 Cabezabellosa;Hombres;2002;242
10;Cáceres;10034 Cabezabellosa;Hombres;2001;257
10;Cáceres;10034 Cabezabellosa;Hombres;2000;262
10;Cáceres;10034 Cabezabellosa;Hombres;1999;270
10;Cáceres;10034 Cabezabellosa;Hombres;1998;250
10;Cáceres;10034 Cabezabellosa;Hombres;1997;
10;Cáceres;10034 Cabezabellosa;Hombres;1996;265
10;Cáceres;10034 Cabezabellosa;Mujeres;2023;168
10;Cáceres;10034 Cabezabellosa;Mujeres;2022;173
10;Cáceres;10034 Cabezabellosa;Mujeres;2021;172
10;Cáceres;10034 Cabezabellosa;Mujeres;2020;168
10;Cáceres;10034 Cabezabellosa;Mujeres;2019;170
10;Cáceres;10034 Cabezabellosa;Mujeres;2018;173
10;Cáceres;10034 Cabezabellosa;Mujeres;2017;179
10;Cáceres;10034 Cabezabellosa;Mujeres;2016;180
10;Cáceres;10034 Cabezabellosa;Mujeres;2015;183
10;Cáceres;10034 Cabezabellosa;Mujeres;2014;190
10;Cáceres;10034 Cabezabellosa;Mujeres;2013;191
10;Cáceres;10034 Cabezabellosa;Mujeres;2012;193
10;Cáceres;10034 Cabezabellosa;Mujeres;2011;203
10;Cáceres;10034 Cabezabellosa;Mujeres;2010;210
10;Cáceres;10034 Cabezabellosa;Mujeres;2009;212
10;Cáceres;10034 Cabezabellosa;Mujeres;2008;211
10;Cáceres;10034 Cabezabellosa;Mujeres;2007;221
10;Cáceres;10034 Cabezabellosa;Mujeres;2006;221
10;Cáceres;10034 Cabezabellosa;Mujeres;2005;229
10;Cáceres;10034 Cabezabellosa;Mujeres;2004;231
10;Cáceres;10034 Cabezabellosa;Mujeres;2003;241
10;Cáceres;10034 Cabezabellosa;Mujeres;2002;243
10;Cáceres;10034 Cabezabellosa;Mujeres;2001;259
10;Cáceres;10034 Cabezabellosa;Mujeres;2000;261
10;Cáceres;10034 Cabezabellosa;Mujeres;1999;265
10;Cáceres;10034 Cabezabellosa;Mujeres;1998;248
10;Cáceres;10034 Cabezabellosa;Mujeres;1997;
10;Cáceres;10034 Cabezabellosa;Mujeres;1996;265
10;Cáceres;10035 Cabezuela del Valle;Total;2023;2149
10;Cáceres;10035 Cabezuela del Valle;Total;2022;2152
10;Cáceres;10035 Cabezuela del Valle;Total;2021;2141
10;Cáceres;10035 Cabezuela del Valle;Total;2020;2129
10;Cáceres;10035 Cabezuela del Valle;Total;2019;2194
10;Cáceres;10035 Cabezuela del Valle;Total;2018;2151
10;Cáceres;10035 Cabezuela del Valle;Total;2017;2250
10;Cáceres;10035 Cabezuela del Valle;Total;2016;2335
10;Cáceres;10035 Cabezuela del Valle;Total;2015;2267
10;Cáceres;10035 Cabezuela del Valle;Total;2014;2341
10;Cáceres;10035 Cabezuela del Valle;Total;2013;2431
10;Cáceres;10035 Cabezuela del Valle;Total;2012;2443
10;Cáceres;10035 Cabezuela del Valle;Total;2011;2428
10;Cáceres;10035 Cabezuela del Valle;Total;2010;2255
10;Cáceres;10035 Cabezuela del Valle;Total;2009;2129
10;Cáceres;10035 Cabezuela del Valle;Total;2008;2148
10;Cáceres;10035 Cabezuela del Valle;Total;2007;2126
10;Cáceres;10035 Cabezuela del Valle;Total;2006;2198
10;Cáceres;10035 Cabezuela del Valle;Total;2005;2173
10;Cáceres;10035 Cabezuela del Valle;Total;2004;2210
10;Cáceres;10035 Cabezuela del Valle;Total;2003;2222
10;Cáceres;10035 Cabezuela del Valle;Total;2002;2310
10;Cáceres;10035 Cabezuela del Valle;Total;2001;2375
10;Cáceres;10035 Cabezuela del Valle;Total;2000;2382
10;Cáceres;10035 Cabezuela del Valle;Total;1999;2524
10;Cáceres;10035 Cabezuela del Valle;Total;1998;2414
10;Cáceres;10035 Cabezuela del Valle;Total;1997;
10;Cáceres;10035 Cabezuela del Valle;Total;1996;2438
10;Cáceres;10035 Cabezuela del Valle;Hombres;2023;1084
10;Cáceres;10035 Cabezuela del Valle;Hombres;2022;1091
10;Cáceres;10035 Cabezuela del Valle;Hombres;2021;1099
10;Cáceres;10035 Cabezuela del Valle;Hombres;2020;1091
10;Cáceres;10035 Cabezuela del Valle;Hombres;2019;1121
10;Cáceres;10035 Cabezuela del Valle;Hombres;2018;1104
10;Cáceres;10035 Cabezuela del Valle;Hombres;2017;1152
10;Cáceres;10035 Cabezuela del Valle;Hombres;2016;1191
10;Cáceres;10035 Cabezuela del Valle;Hombres;2015;1170
10;Cáceres;10035 Cabezuela del Valle;Hombres;2014;1208
10;Cáceres;10035 Cabezuela del Valle;Hombres;2013;1247
10;Cáceres;10035 Cabezuela del Valle;Hombres;2012;1266
10;Cáceres;10035 Cabezuela del Valle;Hombres;2011;1256
10;Cáceres;10035 Cabezuela del Valle;Hombres;2010;1168
10;Cáceres;10035 Cabezuela del Valle;Hombres;2009;1099
10;Cáceres;10035 Cabezuela del Valle;Hombres;2008;1114
10;Cáceres;10035 Cabezuela del Valle;Hombres;2007;1106
10;Cáceres;10035 Cabezuela del Valle;Hombres;2006;1147
10;Cáceres;10035 Cabezuela del Valle;Hombres;2005;1129
10;Cáceres;10035 Cabezuela del Valle;Hombres;2004;1149
10;Cáceres;10035 Cabezuela del Valle;Hombres;2003;1153
10;Cáceres;10035 Cabezuela del Valle;Hombres;2002;1202
10;Cáceres;10035 Cabezuela del Valle;Hombres;2001;1232
10;Cáceres;10035 Cabezuela del Valle;Hombres;2000;1234
10;Cáceres;10035 Cabezuela del Valle;Hombres;1999;1313
10;Cáceres;10035 Cabezuela del Valle;Hombres;1998;1250
10;Cáceres;10035 Cabezuela del Valle;Hombres;1997;
10;Cáceres;10035 Cabezuela del Valle;Hombres;1996;1262
10;Cáceres;10035 Cabezuela del Valle;Mujeres;2023;1065
10;Cáceres;10035 Cabezuela del Valle;Mujeres;2022;1061
10;Cáceres;10035 Cabezuela del Valle;Mujeres;2021;1042
10;Cáceres;10035 Cabezuela del Valle;Mujeres;2020;1038
10;Cáceres;10035 Cabezuela del Valle;Mujeres;2019;1073
10;Cáceres;10035 Cabezuela del Valle;Mujeres;2018;1047
10;Cáceres;10035 Cabezuela del Valle;Mujeres;2017;1098
10;Cáceres;10035 Cabezuela del Valle;Mujeres;2016;1144
10;Cáceres;10035 Cabezuela del Valle;Mujeres;2015;1097
10;Cáceres;10035 Cabezuela del Valle;Mujeres;2014;1133
10;Cáceres;10035 Cabezuela del Valle;Mujeres;2013;1184
10;Cáceres;10035 Cabezuela del Valle;Mujeres;2012;1177
10;Cáceres;10035 Cabezuela del Valle;Mujeres;2011;1172
10;Cáceres;10035 Cabezuela del Valle;Mujeres;2010;1087
10;Cáceres;10035 Cabezuela del Valle;Mujeres;2009;1030
10;Cáceres;10035 Cabezuela del Valle;Mujeres;2008;1034
10;Cáceres;10035 Cabezuela del Valle;Mujeres;2007;1020
10;Cáceres;10035 Cabezuela del Valle;Mujeres;2006;1051
10;Cáceres;10035 Cabezuela del Valle;Mujeres;2005;1044
10;Cáceres;10035 Cabezuela del Valle;Mujeres;2004;1061
10;Cáceres;10035 Cabezuela del Valle;Mujeres;2003;1069
10;Cáceres;10035 Cabezuela del Valle;Mujeres;2002;1108
10;Cáceres;10035 Cabezuela del Valle;Mujeres;2001;1143
10;Cáceres;10035 Cabezuela del Valle;Mujeres;2000;1148
10;Cáceres;10035 Cabezuela del Valle;Mujeres;1999;1211
10;Cáceres;10035 Cabezuela del Valle;Mujeres;1998;1164
10;Cáceres;10035 Cabezuela del Valle;Mujeres;1997;
10;Cáceres;10035 Cabezuela del Valle;Mujeres;1996;1176
10;Cáceres;10036 Cabrero;Total;2023;341
10;Cáceres;10036 Cabrero;Total;2022;347
10;Cáceres;10036 Cabrero;Total;2021;323
10;Cáceres;10036 Cabrero;Total;2020;328
10;Cáceres;10036 Cabrero;Total;2019;326
10;Cáceres;10036 Cabrero;Total;2018;345
10;Cáceres;10036 Cabrero;Total;2017;361
10;Cáceres;10036 Cabrero;Total;2016;359
10;Cáceres;10036 Cabrero;Total;2015;356
10;Cáceres;10036 Cabrero;Total;2014;359
10;Cáceres;10036 Cabrero;Total;2013;351
10;Cáceres;10036 Cabrero;Total;2012;371
10;Cáceres;10036 Cabrero;Total;2011;374
10;Cáceres;10036 Cabrero;Total;2010;369
10;Cáceres;10036 Cabrero;Total;2009;369
10;Cáceres;10036 Cabrero;Total;2008;367
10;Cáceres;10036 Cabrero;Total;2007;349
10;Cáceres;10036 Cabrero;Total;2006;356
10;Cáceres;10036 Cabrero;Total;2005;372
10;Cáceres;10036 Cabrero;Total;2004;377
10;Cáceres;10036 Cabrero;Total;2003;394
10;Cáceres;10036 Cabrero;Total;2002;415
10;Cáceres;10036 Cabrero;Total;2001;440
10;Cáceres;10036 Cabrero;Total;2000;445
10;Cáceres;10036 Cabrero;Total;1999;450
10;Cáceres;10036 Cabrero;Total;1998;455
10;Cáceres;10036 Cabrero;Total;1997;
10;Cáceres;10036 Cabrero;Total;1996;463
10;Cáceres;10036 Cabrero;Hombres;2023;189
10;Cáceres;10036 Cabrero;Hombres;2022;192
10;Cáceres;10036 Cabrero;Hombres;2021;181
10;Cáceres;10036 Cabrero;Hombres;2020;182
10;Cáceres;10036 Cabrero;Hombres;2019;179
10;Cáceres;10036 Cabrero;Hombres;2018;189
10;Cáceres;10036 Cabrero;Hombres;2017;199
10;Cáceres;10036 Cabrero;Hombres;2016;198
10;Cáceres;10036 Cabrero;Hombres;2015;196
10;Cáceres;10036 Cabrero;Hombres;2014;197
10;Cáceres;10036 Cabrero;Hombres;2013;186
10;Cáceres;10036 Cabrero;Hombres;2012;198
10;Cáceres;10036 Cabrero;Hombres;2011;198
10;Cáceres;10036 Cabrero;Hombres;2010;197
10;Cáceres;10036 Cabrero;Hombres;2009;197
10;Cáceres;10036 Cabrero;Hombres;2008;194
10;Cáceres;10036 Cabrero;Hombres;2007;188
10;Cáceres;10036 Cabrero;Hombres;2006;192
10;Cáceres;10036 Cabrero;Hombres;2005;200
10;Cáceres;10036 Cabrero;Hombres;2004;203
10;Cáceres;10036 Cabrero;Hombres;2003;212
10;Cáceres;10036 Cabrero;Hombres;2002;220
10;Cáceres;10036 Cabrero;Hombres;2001;230
10;Cáceres;10036 Cabrero;Hombres;2000;233
10;Cáceres;10036 Cabrero;Hombres;1999;236
10;Cáceres;10036 Cabrero;Hombres;1998;239
10;Cáceres;10036 Cabrero;Hombres;1997;
10;Cáceres;10036 Cabrero;Hombres;1996;243
10;Cáceres;10036 Cabrero;Mujeres;2023;152
10;Cáceres;10036 Cabrero;Mujeres;2022;155
10;Cáceres;10036 Cabrero;Mujeres;2021;142
10;Cáceres;10036 Cabrero;Mujeres;2020;146
10;Cáceres;10036 Cabrero;Mujeres;2019;147
10;Cáceres;10036 Cabrero;Mujeres;2018;156
10;Cáceres;10036 Cabrero;Mujeres;2017;162
10;Cáceres;10036 Cabrero;Mujeres;2016;161
10;Cáceres;10036 Cabrero;Mujeres;2015;160
10;Cáceres;10036 Cabrero;Mujeres;2014;162
10;Cáceres;10036 Cabrero;Mujeres;2013;165
10;Cáceres;10036 Cabrero;Mujeres;2012;173
10;Cáceres;10036 Cabrero;Mujeres;2011;176
10;Cáceres;10036 Cabrero;Mujeres;2010;172
10;Cáceres;10036 Cabrero;Mujeres;2009;172
10;Cáceres;10036 Cabrero;Mujeres;2008;173
10;Cáceres;10036 Cabrero;Mujeres;2007;161
10;Cáceres;10036 Cabrero;Mujeres;2006;164
10;Cáceres;10036 Cabrero;Mujeres;2005;172
10;Cáceres;10036 Cabrero;Mujeres;2004;174
10;Cáceres;10036 Cabrero;Mujeres;2003;182
10;Cáceres;10036 Cabrero;Mujeres;2002;195
10;Cáceres;10036 Cabrero;Mujeres;2001;210
10;Cáceres;10036 Cabrero;Mujeres;2000;212
10;Cáceres;10036 Cabrero;Mujeres;1999;214
10;Cáceres;10036 Cabrero;Mujeres;1998;216
10;Cáceres;10036 Cabrero;Mujeres;1997;
10;Cáceres;10036 Cabrero;Mujeres;1996;220
10;Cáceres;10037 Cáceres;Total;2023;96215
10;Cáceres;10037 Cáceres;Total;2022;95456
10;Cáceres;10037 Cáceres;Total;2021;95418
10;Cáceres;10037 Cáceres;Total;2020;96255
10;Cáceres;10037 Cáceres;Total;2019;96126
10;Cáceres;10037 Cáceres;Total;2018;96068
10;Cáceres;10037 Cáceres;Total;2017;95917
10;Cáceres;10037 Cáceres;Total;2016;95814
10;Cáceres;10037 Cáceres;Total;2015;95617
10;Cáceres;10037 Cáceres;Total;2014;95855
10;Cáceres;10037 Cáceres;Total;2013;95925
10;Cáceres;10037 Cáceres;Total;2012;95668
10;Cáceres;10037 Cáceres;Total;2011;95026
10;Cáceres;10037 Cáceres;Total;2010;94179
10;Cáceres;10037 Cáceres;Total;2009;93131
10;Cáceres;10037 Cáceres;Total;2008;92187
10;Cáceres;10037 Cáceres;Total;2007;90802
10;Cáceres;10037 Cáceres;Total;2006;90218
10;Cáceres;10037 Cáceres;Total;2005;89029
10;Cáceres;10037 Cáceres;Total;2004;88245
10;Cáceres;10037 Cáceres;Total;2003;87088
10;Cáceres;10037 Cáceres;Total;2002;84439
10;Cáceres;10037 Cáceres;Total;2001;82034
10;Cáceres;10037 Cáceres;Total;2000;82235
10;Cáceres;10037 Cáceres;Total;1999;78614
10;Cáceres;10037 Cáceres;Total;1998;78614
10;Cáceres;10037 Cáceres;Total;1997;
10;Cáceres;10037 Cáceres;Total;1996;77768
10;Cáceres;10037 Cáceres;Hombres;2023;45996
10;Cáceres;10037 Cáceres;Hombres;2022;45716
10;Cáceres;10037 Cáceres;Hombres;2021;45735
10;Cáceres;10037 Cáceres;Hombres;2020;46104
10;Cáceres;10037 Cáceres;Hombres;2019;46067
10;Cáceres;10037 Cáceres;Hombres;2018;46051
10;Cáceres;10037 Cáceres;Hombres;2017;45983
10;Cáceres;10037 Cáceres;Hombres;2016;45979
10;Cáceres;10037 Cáceres;Hombres;2015;45947
10;Cáceres;10037 Cáceres;Hombres;2014;46059
10;Cáceres;10037 Cáceres;Hombres;2013;46117
10;Cáceres;10037 Cáceres;Hombres;2012;45926
10;Cáceres;10037 Cáceres;Hombres;2011;45665
10;Cáceres;10037 Cáceres;Hombres;2010;45286
10;Cáceres;10037 Cáceres;Hombres;2009;44789
10;Cáceres;10037 Cáceres;Hombres;2008;44397
10;Cáceres;10037 Cáceres;Hombres;2007;43700
10;Cáceres;10037 Cáceres;Hombres;2006;43383
10;Cáceres;10037 Cáceres;Hombres;2005;42801
10;Cáceres;10037 Cáceres;Hombres;2004;42433
10;Cáceres;10037 Cáceres;Hombres;2003;41870
10;Cáceres;10037 Cáceres;Hombres;2002;40636
10;Cáceres;10037 Cáceres;Hombres;2001;39479
10;Cáceres;10037 Cáceres;Hombres;2000;39590
10;Cáceres;10037 Cáceres;Hombres;1999;37864
10;Cáceres;10037 Cáceres;Hombres;1998;37864
10;Cáceres;10037 Cáceres;Hombres;1997;
10;Cáceres;10037 Cáceres;Hombres;1996;37434
10;Cáceres;10037 Cáceres;Mujeres;2023;50219
10;Cáceres;10037 Cáceres;Mujeres;2022;49740
10;Cáceres;10037 Cáceres;Mujeres;2021;49683
10;Cáceres;10037 Cáceres;Mujeres;2020;50151
10;Cáceres;10037 Cáceres;Mujeres;2019;50059
10;Cáceres;10037 Cáceres;Mujeres;2018;50017
10;Cáceres;10037 Cáceres;Mujeres;2017;49934
10;Cáceres;10037 Cáceres;Mujeres;2016;49835
10;Cáceres;10037 Cáceres;Mujeres;2015;49670
10;Cáceres;10037 Cáceres;Mujeres;2014;49796
10;Cáceres;10037 Cáceres;Mujeres;2013;49808
10;Cáceres;10037 Cáceres;Mujeres;2012;49742
10;Cáceres;10037 Cáceres;Mujeres;2011;49361
10;Cáceres;10037 Cáceres;Mujeres;2010;48893
10;Cáceres;10037 Cáceres;Mujeres;2009;48342
10;Cáceres;10037 Cáceres;Mujeres;2008;47790
10;Cáceres;10037 Cáceres;Mujeres;2007;47102
10;Cáceres;10037 Cáceres;Mujeres;2006;46835
10;Cáceres;10037 Cáceres;Mujeres;2005;46228
10;Cáceres;10037 Cáceres;Mujeres;2004;45812
10;Cáceres;10037 Cáceres;Mujeres;2003;45218
10;Cáceres;10037 Cáceres;Mujeres;2002;43803
10;Cáceres;10037 Cáceres;Mujeres;2001;42555
10;Cáceres;10037 Cáceres;Mujeres;2000;42645
10;Cáceres;10037 Cáceres;Mujeres;1999;40750
10;Cáceres;10037 Cáceres;Mujeres;1998;40750
10;Cáceres;10037 Cáceres;Mujeres;1997;
10;Cáceres;10037 Cáceres;Mujeres;1996;40334
10;Cáceres;10038 Cachorrilla;Total;2023;92
10;Cáceres;10038 Cachorrilla;Total;2022;91
10;Cáceres;10038 Cachorrilla;Total;2021;95
10;Cáceres;10038 Cachorrilla;Total;2020;87
10;Cáceres;10038 Cachorrilla;Total;2019;82
10;Cáceres;10038 Cachorrilla;Total;2018;78
10;Cáceres;10038 Cachorrilla;Total;2017;86
10;Cáceres;10038 Cachorrilla;Total;2016;90
10;Cáceres;10038 Cachorrilla;Total;2015;93
10;Cáceres;10038 Cachorrilla;Total;2014;101
10;Cáceres;10038 Cachorrilla;Total;2013;98
10;Cáceres;10038 Cachorrilla;Total;2012;102
10;Cáceres;10038 Cachorrilla;Total;2011;105
10;Cáceres;10038 Cachorrilla;Total;2010;101
10;Cáceres;10038 Cachorrilla;Total;2009;93
10;Cáceres;10038 Cachorrilla;Total;2008;99
10;Cáceres;10038 Cachorrilla;Total;2007;100
10;Cáceres;10038 Cachorrilla;Total;2006;88
10;Cáceres;10038 Cachorrilla;Total;2005;87
10;Cáceres;10038 Cachorrilla;Total;2004;92
10;Cáceres;10038 Cachorrilla;Total;2003;99
10;Cáceres;10038 Cachorrilla;Total;2002;104
10;Cáceres;10038 Cachorrilla;Total;2001;101
10;Cáceres;10038 Cachorrilla;Total;2000;105
10;Cáceres;10038 Cachorrilla;Total;1999;109
10;Cáceres;10038 Cachorrilla;Total;1998;100
10;Cáceres;10038 Cachorrilla;Total;1997;
10;Cáceres;10038 Cachorrilla;Total;1996;105
10;Cáceres;10038 Cachorrilla;Hombres;2023;46
10;Cáceres;10038 Cachorrilla;Hombres;2022;45
10;Cáceres;10038 Cachorrilla;Hombres;2021;47
10;Cáceres;10038 Cachorrilla;Hombres;2020;44
10;Cáceres;10038 Cachorrilla;Hombres;2019;40
10;Cáceres;10038 Cachorrilla;Hombres;2018;39
10;Cáceres;10038 Cachorrilla;Hombres;2017;46
10;Cáceres;10038 Cachorrilla;Hombres;2016;49
10;Cáceres;10038 Cachorrilla;Hombres;2015;49
10;Cáceres;10038 Cachorrilla;Hombres;2014;54
10;Cáceres;10038 Cachorrilla;Hombres;2013;50
10;Cáceres;10038 Cachorrilla;Hombres;2012;54
10;Cáceres;10038 Cachorrilla;Hombres;2011;55
10;Cáceres;10038 Cachorrilla;Hombres;2010;53
10;Cáceres;10038 Cachorrilla;Hombres;2009;48
10;Cáceres;10038 Cachorrilla;Hombres;2008;52
10;Cáceres;10038 Cachorrilla;Hombres;2007;50
10;Cáceres;10038 Cachorrilla;Hombres;2006;44
10;Cáceres;10038 Cachorrilla;Hombres;2005;43
10;Cáceres;10038 Cachorrilla;Hombres;2004;42
10;Cáceres;10038 Cachorrilla;Hombres;2003;47
10;Cáceres;10038 Cachorrilla;Hombres;2002;48
10;Cáceres;10038 Cachorrilla;Hombres;2001;47
10;Cáceres;10038 Cachorrilla;Hombres;2000;48
10;Cáceres;10038 Cachorrilla;Hombres;1999;50
10;Cáceres;10038 Cachorrilla;Hombres;1998;47
10;Cáceres;10038 Cachorrilla;Hombres;1997;
10;Cáceres;10038 Cachorrilla;Hombres;1996;50
10;Cáceres;10038 Cachorrilla;Mujeres;2023;46
10;Cáceres;10038 Cachorrilla;Mujeres;2022;46
10;Cáceres;10038 Cachorrilla;Mujeres;2021;48
10;Cáceres;10038 Cachorrilla;Mujeres;2020;43
10;Cáceres;10038 Cachorrilla;Mujeres;2019;42
10;Cáceres;10038 Cachorrilla;Mujeres;2018;39
10;Cáceres;10038 Cachorrilla;Mujeres;2017;40
10;Cáceres;10038 Cachorrilla;Mujeres;2016;41
10;Cáceres;10038 Cachorrilla;Mujeres;2015;44
10;Cáceres;10038 Cachorrilla;Mujeres;2014;47
10;Cáceres;10038 Cachorrilla;Mujeres;2013;48
10;Cáceres;10038 Cachorrilla;Mujeres;2012;48
10;Cáceres;10038 Cachorrilla;Mujeres;2011;50
10;Cáceres;10038 Cachorrilla;Mujeres;2010;48
10;Cáceres;10038 Cachorrilla;Mujeres;2009;45
10;Cáceres;10038 Cachorrilla;Mujeres;2008;47
10;Cáceres;10038 Cachorrilla;Mujeres;2007;50
10;Cáceres;10038 Cachorrilla;Mujeres;2006;44
10;Cáceres;10038 Cachorrilla;Mujeres;2005;44
10;Cáceres;10038 Cachorrilla;Mujeres;2004;50
10;Cáceres;10038 Cachorrilla;Mujeres;2003;52
10;Cáceres;10038 Cachorrilla;Mujeres;2002;56
10;Cáceres;10038 Cachorrilla;Mujeres;2001;54
10;Cáceres;10038 Cachorrilla;Mujeres;2000;57
10;Cáceres;10038 Cachorrilla;Mujeres;1999;59
10;Cáceres;10038 Cachorrilla;Mujeres;1998;53
10;Cáceres;10038 Cachorrilla;Mujeres;1997;
10;Cáceres;10038 Cachorrilla;Mujeres;1996;55
10;Cáceres;10039 Cadalso;Total;2023;419
10;Cáceres;10039 Cadalso;Total;2022;414
10;Cáceres;10039 Cadalso;Total;2021;417
10;Cáceres;10039 Cadalso;Total;2020;426
10;Cáceres;10039 Cadalso;Total;2019;431
10;Cáceres;10039 Cadalso;Total;2018;428
10;Cáceres;10039 Cadalso;Total;2017;443
10;Cáceres;10039 Cadalso;Total;2016;458
10;Cáceres;10039 Cadalso;Total;2015;468
10;Cáceres;10039 Cadalso;Total;2014;483
10;Cáceres;10039 Cadalso;Total;2013;478
10;Cáceres;10039 Cadalso;Total;2012;484
10;Cáceres;10039 Cadalso;Total;2011;493
10;Cáceres;10039 Cadalso;Total;2010;508
10;Cáceres;10039 Cadalso;Total;2009;506
10;Cáceres;10039 Cadalso;Total;2008;527
10;Cáceres;10039 Cadalso;Total;2007;547
10;Cáceres;10039 Cadalso;Total;2006;548
10;Cáceres;10039 Cadalso;Total;2005;552
10;Cáceres;10039 Cadalso;Total;2004;564
10;Cáceres;10039 Cadalso;Total;2003;581
10;Cáceres;10039 Cadalso;Total;2002;580
10;Cáceres;10039 Cadalso;Total;2001;587
10;Cáceres;10039 Cadalso;Total;2000;585
10;Cáceres;10039 Cadalso;Total;1999;583
10;Cáceres;10039 Cadalso;Total;1998;592
10;Cáceres;10039 Cadalso;Total;1997;
10;Cáceres;10039 Cadalso;Total;1996;621
10;Cáceres;10039 Cadalso;Hombres;2023;212
10;Cáceres;10039 Cadalso;Hombres;2022;208
10;Cáceres;10039 Cadalso;Hombres;2021;211
10;Cáceres;10039 Cadalso;Hombres;2020;218
10;Cáceres;10039 Cadalso;Hombres;2019;218
10;Cáceres;10039 Cadalso;Hombres;2018;217
10;Cáceres;10039 Cadalso;Hombres;2017;223
10;Cáceres;10039 Cadalso;Hombres;2016;228
10;Cáceres;10039 Cadalso;Hombres;2015;233
10;Cáceres;10039 Cadalso;Hombres;2014;239
10;Cáceres;10039 Cadalso;Hombres;2013;237
10;Cáceres;10039 Cadalso;Hombres;2012;237
10;Cáceres;10039 Cadalso;Hombres;2011;241
10;Cáceres;10039 Cadalso;Hombres;2010;250
10;Cáceres;10039 Cadalso;Hombres;2009;251
10;Cáceres;10039 Cadalso;Hombres;2008;266
10;Cáceres;10039 Cadalso;Hombres;2007;279
10;Cáceres;10039 Cadalso;Hombres;2006;282
10;Cáceres;10039 Cadalso;Hombres;2005;285
10;Cáceres;10039 Cadalso;Hombres;2004;295
10;Cáceres;10039 Cadalso;Hombres;2003;305
10;Cáceres;10039 Cadalso;Hombres;2002;307
10;Cáceres;10039 Cadalso;Hombres;2001;308
10;Cáceres;10039 Cadalso;Hombres;2000;300
10;Cáceres;10039 Cadalso;Hombres;1999;302
10;Cáceres;10039 Cadalso;Hombres;1998;308
10;Cáceres;10039 Cadalso;Hombres;1997;
10;Cáceres;10039 Cadalso;Hombres;1996;318
10;Cáceres;10039 Cadalso;Mujeres;2023;207
10;Cáceres;10039 Cadalso;Mujeres;2022;206
10;Cáceres;10039 Cadalso;Mujeres;2021;206
10;Cáceres;10039 Cadalso;Mujeres;2020;208
10;Cáceres;10039 Cadalso;Mujeres;2019;213
10;Cáceres;10039 Cadalso;Mujeres;2018;211
10;Cáceres;10039 Cadalso;Mujeres;2017;220
10;Cáceres;10039 Cadalso;Mujeres;2016;230
10;Cáceres;10039 Cadalso;Mujeres;2015;235
10;Cáceres;10039 Cadalso;Mujeres;2014;244
10;Cáceres;10039 Cadalso;Mujeres;2013;241
10;Cáceres;10039 Cadalso;Mujeres;2012;247
10;Cáceres;10039 Cadalso;Mujeres;2011;252
10;Cáceres;10039 Cadalso;Mujeres;2010;258
10;Cáceres;10039 Cadalso;Mujeres;2009;255
10;Cáceres;10039 Cadalso;Mujeres;2008;261
10;Cáceres;10039 Cadalso;Mujeres;2007;268
10;Cáceres;10039 Cadalso;Mujeres;2006;266
10;Cáceres;10039 Cadalso;Mujeres;2005;267
10;Cáceres;10039 Cadalso;Mujeres;2004;269
10;Cáceres;10039 Cadalso;Mujeres;2003;276
10;Cáceres;10039 Cadalso;Mujeres;2002;273
10;Cáceres;10039 Cadalso;Mujeres;2001;279
10;Cáceres;10039 Cadalso;Mujeres;2000;285
10;Cáceres;10039 Cadalso;Mujeres;1999;281
10;Cáceres;10039 Cadalso;Mujeres;1998;284
10;Cáceres;10039 Cadalso;Mujeres;1997;
10;Cáceres;10039 Cadalso;Mujeres;1996;303
10;Cáceres;10040 Calzadilla;Total;2023;459
10;Cáceres;10040 Calzadilla;Total;2022;473
10;Cáceres;10040 Calzadilla;Total;2021;464
10;Cáceres;10040 Calzadilla;Total;2020;463
10;Cáceres;10040 Calzadilla;Total;2019;475
10;Cáceres;10040 Calzadilla;Total;2018;490
10;Cáceres;10040 Calzadilla;Total;2017;485
10;Cáceres;10040 Calzadilla;Total;2016;493
10;Cáceres;10040 Calzadilla;Total;2015;501
10;Cáceres;10040 Calzadilla;Total;2014;503
10;Cáceres;10040 Calzadilla;Total;2013;499
10;Cáceres;10040 Calzadilla;Total;2012;493
10;Cáceres;10040 Calzadilla;Total;2011;507
10;Cáceres;10040 Calzadilla;Total;2010;478
10;Cáceres;10040 Calzadilla;Total;2009;485
10;Cáceres;10040 Calzadilla;Total;2008;486
10;Cáceres;10040 Calzadilla;Total;2007;479
10;Cáceres;10040 Calzadilla;Total;2006;491
10;Cáceres;10040 Calzadilla;Total;2005;492
10;Cáceres;10040 Calzadilla;Total;2004;494
10;Cáceres;10040 Calzadilla;Total;2003;514
10;Cáceres;10040 Calzadilla;Total;2002;554
10;Cáceres;10040 Calzadilla;Total;2001;590
10;Cáceres;10040 Calzadilla;Total;2000;593
10;Cáceres;10040 Calzadilla;Total;1999;604
10;Cáceres;10040 Calzadilla;Total;1998;535
10;Cáceres;10040 Calzadilla;Total;1997;
10;Cáceres;10040 Calzadilla;Total;1996;577
10;Cáceres;10040 Calzadilla;Hombres;2023;236
10;Cáceres;10040 Calzadilla;Hombres;2022;244
10;Cáceres;10040 Calzadilla;Hombres;2021;233
10;Cáceres;10040 Calzadilla;Hombres;2020;235
10;Cáceres;10040 Calzadilla;Hombres;2019;243
10;Cáceres;10040 Calzadilla;Hombres;2018;252
10;Cáceres;10040 Calzadilla;Hombres;2017;249
10;Cáceres;10040 Calzadilla;Hombres;2016;252
10;Cáceres;10040 Calzadilla;Hombres;2015;256
10;Cáceres;10040 Calzadilla;Hombres;2014;254
10;Cáceres;10040 Calzadilla;Hombres;2013;250
10;Cáceres;10040 Calzadilla;Hombres;2012;246
10;Cáceres;10040 Calzadilla;Hombres;2011;255
10;Cáceres;10040 Calzadilla;Hombres;2010;242
10;Cáceres;10040 Calzadilla;Hombres;2009;247
10;Cáceres;10040 Calzadilla;Hombres;2008;247
10;Cáceres;10040 Calzadilla;Hombres;2007;247
10;Cáceres;10040 Calzadilla;Hombres;2006;254
10;Cáceres;10040 Calzadilla;Hombres;2005;252
10;Cáceres;10040 Calzadilla;Hombres;2004;253
10;Cáceres;10040 Calzadilla;Hombres;2003;267
10;Cáceres;10040 Calzadilla;Hombres;2002;286
10;Cáceres;10040 Calzadilla;Hombres;2001;304
10;Cáceres;10040 Calzadilla;Hombres;2000;304
10;Cáceres;10040 Calzadilla;Hombres;1999;307
10;Cáceres;10040 Calzadilla;Hombres;1998;275
10;Cáceres;10040 Calzadilla;Hombres;1997;
10;Cáceres;10040 Calzadilla;Hombres;1996;291
10;Cáceres;10040 Calzadilla;Mujeres;2023;223
10;Cáceres;10040 Calzadilla;Mujeres;2022;229
10;Cáceres;10040 Calzadilla;Mujeres;2021;231
10;Cáceres;10040 Calzadilla;Mujeres;2020;228
10;Cáceres;10040 Calzadilla;Mujeres;2019;232
10;Cáceres;10040 Calzadilla;Mujeres;2018;238
10;Cáceres;10040 Calzadilla;Mujeres;2017;236
10;Cáceres;10040 Calzadilla;Mujeres;2016;241
10;Cáceres;10040 Calzadilla;Mujeres;2015;245
10;Cáceres;10040 Calzadilla;Mujeres;2014;249
10;Cáceres;10040 Calzadilla;Mujeres;2013;249
10;Cáceres;10040 Calzadilla;Mujeres;2012;247
10;Cáceres;10040 Calzadilla;Mujeres;2011;252
10;Cáceres;10040 Calzadilla;Mujeres;2010;236
10;Cáceres;10040 Calzadilla;Mujeres;2009;238
10;Cáceres;10040 Calzadilla;Mujeres;2008;239
10;Cáceres;10040 Calzadilla;Mujeres;2007;232
10;Cáceres;10040 Calzadilla;Mujeres;2006;237
10;Cáceres;10040 Calzadilla;Mujeres;2005;240
10;Cáceres;10040 Calzadilla;Mujeres;2004;241
10;Cáceres;10040 Calzadilla;Mujeres;2003;247
10;Cáceres;10040 Calzadilla;Mujeres;2002;268
10;Cáceres;10040 Calzadilla;Mujeres;2001;286
10;Cáceres;10040 Calzadilla;Mujeres;2000;289
10;Cáceres;10040 Calzadilla;Mujeres;1999;297
10;Cáceres;10040 Calzadilla;Mujeres;1998;260
10;Cáceres;10040 Calzadilla;Mujeres;1997;
10;Cáceres;10040 Calzadilla;Mujeres;1996;286
10;Cáceres;10041 Caminomorisco;Total;2023;1132
10;Cáceres;10041 Caminomorisco;Total;2022;1155
10;Cáceres;10041 Caminomorisco;Total;2021;1161
10;Cáceres;10041 Caminomorisco;Total;2020;1181
10;Cáceres;10041 Caminomorisco;Total;2019;1194
10;Cáceres;10041 Caminomorisco;Total;2018;1185
10;Cáceres;10041 Caminomorisco;Total;2017;1203
10;Cáceres;10041 Caminomorisco;Total;2016;1228
10;Cáceres;10041 Caminomorisco;Total;2015;1268
10;Cáceres;10041 Caminomorisco;Total;2014;1267
10;Cáceres;10041 Caminomorisco;Total;2013;1141
10;Cáceres;10041 Caminomorisco;Total;2012;1211
10;Cáceres;10041 Caminomorisco;Total;2011;1227
10;Cáceres;10041 Caminomorisco;Total;2010;1232
10;Cáceres;10041 Caminomorisco;Total;2009;1258
10;Cáceres;10041 Caminomorisco;Total;2008;1256
10;Cáceres;10041 Caminomorisco;Total;2007;1263
10;Cáceres;10041 Caminomorisco;Total;2006;1292
10;Cáceres;10041 Caminomorisco;Total;2005;1292
10;Cáceres;10041 Caminomorisco;Total;2004;1269
10;Cáceres;10041 Caminomorisco;Total;2003;1280
10;Cáceres;10041 Caminomorisco;Total;2002;1265
10;Cáceres;10041 Caminomorisco;Total;2001;1236
10;Cáceres;10041 Caminomorisco;Total;2000;1228
10;Cáceres;10041 Caminomorisco;Total;1999;1263
10;Cáceres;10041 Caminomorisco;Total;1998;1297
10;Cáceres;10041 Caminomorisco;Total;1997;
10;Cáceres;10041 Caminomorisco;Total;1996;1298
10;Cáceres;10041 Caminomorisco;Hombres;2023;596
10;Cáceres;10041 Caminomorisco;Hombres;2022;606
10;Cáceres;10041 Caminomorisco;Hombres;2021;604
10;Cáceres;10041 Caminomorisco;Hombres;2020;620
10;Cáceres;10041 Caminomorisco;Hombres;2019;623
10;Cáceres;10041 Caminomorisco;Hombres;2018;621
10;Cáceres;10041 Caminomorisco;Hombres;2017;629
10;Cáceres;10041 Caminomorisco;Hombres;2016;648
10;Cáceres;10041 Caminomorisco;Hombres;2015;667
10;Cáceres;10041 Caminomorisco;Hombres;2014;657
10;Cáceres;10041 Caminomorisco;Hombres;2013;590
10;Cáceres;10041 Caminomorisco;Hombres;2012;635
10;Cáceres;10041 Caminomorisco;Hombres;2011;639
10;Cáceres;10041 Caminomorisco;Hombres;2010;635
10;Cáceres;10041 Caminomorisco;Hombres;2009;645
10;Cáceres;10041 Caminomorisco;Hombres;2008;648
10;Cáceres;10041 Caminomorisco;Hombres;2007;652
10;Cáceres;10041 Caminomorisco;Hombres;2006;669
10;Cáceres;10041 Caminomorisco;Hombres;2005;679
10;Cáceres;10041 Caminomorisco;Hombres;2004;658
10;Cáceres;10041 Caminomorisco;Hombres;2003;666
10;Cáceres;10041 Caminomorisco;Hombres;2002;666
10;Cáceres;10041 Caminomorisco;Hombres;2001;647
10;Cáceres;10041 Caminomorisco;Hombres;2000;646
10;Cáceres;10041 Caminomorisco;Hombres;1999;667
10;Cáceres;10041 Caminomorisco;Hombres;1998;690
10;Cáceres;10041 Caminomorisco;Hombres;1997;
10;Cáceres;10041 Caminomorisco;Hombres;1996;690
10;Cáceres;10041 Caminomorisco;Mujeres;2023;536
10;Cáceres;10041 Caminomorisco;Mujeres;2022;549
10;Cáceres;10041 Caminomorisco;Mujeres;2021;557
10;Cáceres;10041 Caminomorisco;Mujeres;2020;561
10;Cáceres;10041 Caminomorisco;Mujeres;2019;571
10;Cáceres;10041 Caminomorisco;Mujeres;2018;564
10;Cáceres;10041 Caminomorisco;Mujeres;2017;574
10;Cáceres;10041 Caminomorisco;Mujeres;2016;580
10;Cáceres;10041 Caminomorisco;Mujeres;2015;601
10;Cáceres;10041 Caminomorisco;Mujeres;2014;610
10;Cáceres;10041 Caminomorisco;Mujeres;2013;551
10;Cáceres;10041 Caminomorisco;Mujeres;2012;576
10;Cáceres;10041 Caminomorisco;Mujeres;2011;588
10;Cáceres;10041 Caminomorisco;Mujeres;2010;597
10;Cáceres;10041 Caminomorisco;Mujeres;2009;613
10;Cáceres;10041 Caminomorisco;Mujeres;2008;608
10;Cáceres;10041 Caminomorisco;Mujeres;2007;611
10;Cáceres;10041 Caminomorisco;Mujeres;2006;623
10;Cáceres;10041 Caminomorisco;Mujeres;2005;613
10;Cáceres;10041 Caminomorisco;Mujeres;2004;611
10;Cáceres;10041 Caminomorisco;Mujeres;2003;614
10;Cáceres;10041 Caminomorisco;Mujeres;2002;599
10;Cáceres;10041 Caminomorisco;Mujeres;2001;589
10;Cáceres;10041 Caminomorisco;Mujeres;2000;582
10;Cáceres;10041 Caminomorisco;Mujeres;1999;596
10;Cáceres;10041 Caminomorisco;Mujeres;1998;607
10;Cáceres;10041 Caminomorisco;Mujeres;1997;
10;Cáceres;10041 Caminomorisco;Mujeres;1996;608
10;Cáceres;10042 Campillo de Deleitosa;Total;2023;83
10;Cáceres;10042 Campillo de Deleitosa;Total;2022;81
10;Cáceres;10042 Campillo de Deleitosa;Total;2021;78
10;Cáceres;10042 Campillo de Deleitosa;Total;2020;75
10;Cáceres;10042 Campillo de Deleitosa;Total;2019;79
10;Cáceres;10042 Campillo de Deleitosa;Total;2018;62
10;Cáceres;10042 Campillo de Deleitosa;Total;2017;68
10;Cáceres;10042 Campillo de Deleitosa;Total;2016;51
10;Cáceres;10042 Campillo de Deleitosa;Total;2015;52
10;Cáceres;10042 Campillo de Deleitosa;Total;2014;54
10;Cáceres;10042 Campillo de Deleitosa;Total;2013;56
10;Cáceres;10042 Campillo de Deleitosa;Total;2012;68
10;Cáceres;10042 Campillo de Deleitosa;Total;2011;74
10;Cáceres;10042 Campillo de Deleitosa;Total;2010;76
10;Cáceres;10042 Campillo de Deleitosa;Total;2009;79
10;Cáceres;10042 Campillo de Deleitosa;Total;2008;88
10;Cáceres;10042 Campillo de Deleitosa;Total;2007;97
10;Cáceres;10042 Campillo de Deleitosa;Total;2006;102
10;Cáceres;10042 Campillo de Deleitosa;Total;2005;110
10;Cáceres;10042 Campillo de Deleitosa;Total;2004;119
10;Cáceres;10042 Campillo de Deleitosa;Total;2003;111
10;Cáceres;10042 Campillo de Deleitosa;Total;2002;120
10;Cáceres;10042 Campillo de Deleitosa;Total;2001;127
10;Cáceres;10042 Campillo de Deleitosa;Total;2000;132
10;Cáceres;10042 Campillo de Deleitosa;Total;1999;144
10;Cáceres;10042 Campillo de Deleitosa;Total;1998;144
10;Cáceres;10042 Campillo de Deleitosa;Total;1997;
10;Cáceres;10042 Campillo de Deleitosa;Total;1996;155
10;Cáceres;10042 Campillo de Deleitosa;Hombres;2023;39
10;Cáceres;10042 Campillo de Deleitosa;Hombres;2022;37
10;Cáceres;10042 Campillo de Deleitosa;Hombres;2021;36
10;Cáceres;10042 Campillo de Deleitosa;Hombres;2020;33
10;Cáceres;10042 Campillo de Deleitosa;Hombres;2019;35
10;Cáceres;10042 Campillo de Deleitosa;Hombres;2018;25
10;Cáceres;10042 Campillo de Deleitosa;Hombres;2017;28
10;Cáceres;10042 Campillo de Deleitosa;Hombres;2016;21
10;Cáceres;10042 Campillo de Deleitosa;Hombres;2015;22
10;Cáceres;10042 Campillo de Deleitosa;Hombres;2014;21
10;Cáceres;10042 Campillo de Deleitosa;Hombres;2013;23
10;Cáceres;10042 Campillo de Deleitosa;Hombres;2012;27
10;Cáceres;10042 Campillo de Deleitosa;Hombres;2011;30
10;Cáceres;10042 Campillo de Deleitosa;Hombres;2010;31
10;Cáceres;10042 Campillo de Deleitosa;Hombres;2009;31
10;Cáceres;10042 Campillo de Deleitosa;Hombres;2008;35
10;Cáceres;10042 Campillo de Deleitosa;Hombres;2007;41
10;Cáceres;10042 Campillo de Deleitosa;Hombres;2006;45
10;Cáceres;10042 Campillo de Deleitosa;Hombres;2005;50
10;Cáceres;10042 Campillo de Deleitosa;Hombres;2004;52
10;Cáceres;10042 Campillo de Deleitosa;Hombres;2003;52
10;Cáceres;10042 Campillo de Deleitosa;Hombres;2002;58
10;Cáceres;10042 Campillo de Deleitosa;Hombres;2001;62
10;Cáceres;10042 Campillo de Deleitosa;Hombres;2000;64
10;Cáceres;10042 Campillo de Deleitosa;Hombres;1999;70
10;Cáceres;10042 Campillo de Deleitosa;Hombres;1998;70
10;Cáceres;10042 Campillo de Deleitosa;Hombres;1997;
10;Cáceres;10042 Campillo de Deleitosa;Hombres;1996;76
10;Cáceres;10042 Campillo de Deleitosa;Mujeres;2023;44
10;Cáceres;10042 Campillo de Deleitosa;Mujeres;2022;44
10;Cáceres;10042 Campillo de Deleitosa;Mujeres;2021;42
10;Cáceres;10042 Campillo de Deleitosa;Mujeres;2020;42
10;Cáceres;10042 Campillo de Deleitosa;Mujeres;2019;44
10;Cáceres;10042 Campillo de Deleitosa;Mujeres;2018;37
10;Cáceres;10042 Campillo de Deleitosa;Mujeres;2017;40
10;Cáceres;10042 Campillo de Deleitosa;Mujeres;2016;30
10;Cáceres;10042 Campillo de Deleitosa;Mujeres;2015;30
10;Cáceres;10042 Campillo de Deleitosa;Mujeres;2014;33
10;Cáceres;10042 Campillo de Deleitosa;Mujeres;2013;33
10;Cáceres;10042 Campillo de Deleitosa;Mujeres;2012;41
10;Cáceres;10042 Campillo de Deleitosa;Mujeres;2011;44
10;Cáceres;10042 Campillo de Deleitosa;Mujeres;2010;45
10;Cáceres;10042 Campillo de Deleitosa;Mujeres;2009;48
10;Cáceres;10042 Campillo de Deleitosa;Mujeres;2008;53
10;Cáceres;10042 Campillo de Deleitosa;Mujeres;2007;56
10;Cáceres;10042 Campillo de Deleitosa;Mujeres;2006;57
10;Cáceres;10042 Campillo de Deleitosa;Mujeres;2005;60
10;Cáceres;10042 Campillo de Deleitosa;Mujeres;2004;67
10;Cáceres;10042 Campillo de Deleitosa;Mujeres;2003;59
10;Cáceres;10042 Campillo de Deleitosa;Mujeres;2002;62
10;Cáceres;10042 Campillo de Deleitosa;Mujeres;2001;65
10;Cáceres;10042 Campillo de Deleitosa;Mujeres;2000;68
10;Cáceres;10042 Campillo de Deleitosa;Mujeres;1999;74
10;Cáceres;10042 Campillo de Deleitosa;Mujeres;1998;74
10;Cáceres;10042 Campillo de Deleitosa;Mujeres;1997;
10;Cáceres;10042 Campillo de Deleitosa;Mujeres;1996;79
10;Cáceres;10043 Campo Lugar;Total;2023;833
10;Cáceres;10043 Campo Lugar;Total;2022;822
10;Cáceres;10043 Campo Lugar;Total;2021;824
10;Cáceres;10043 Campo Lugar;Total;2020;814
10;Cáceres;10043 Campo Lugar;Total;2019;833
10;Cáceres;10043 Campo Lugar;Total;2018;856
10;Cáceres;10043 Campo Lugar;Total;2017;891
10;Cáceres;10043 Campo Lugar;Total;2016;906
10;Cáceres;10043 Campo Lugar;Total;2015;916
10;Cáceres;10043 Campo Lugar;Total;2014;941
10;Cáceres;10043 Campo Lugar;Total;2013;954
10;Cáceres;10043 Campo Lugar;Total;2012;982
10;Cáceres;10043 Campo Lugar;Total;2011;1006
10;Cáceres;10043 Campo Lugar;Total;2010;1019
10;Cáceres;10043 Campo Lugar;Total;2009;1030
10;Cáceres;10043 Campo Lugar;Total;2008;1064
10;Cáceres;10043 Campo Lugar;Total;2007;1095
10;Cáceres;10043 Campo Lugar;Total;2006;1108
10;Cáceres;10043 Campo Lugar;Total;2005;1133
10;Cáceres;10043 Campo Lugar;Total;2004;1149
10;Cáceres;10043 Campo Lugar;Total;2003;1166
10;Cáceres;10043 Campo Lugar;Total;2002;1198
10;Cáceres;10043 Campo Lugar;Total;2001;1209
10;Cáceres;10043 Campo Lugar;Total;2000;1232
10;Cáceres;10043 Campo Lugar;Total;1999;1384
10;Cáceres;10043 Campo Lugar;Total;1998;1221
10;Cáceres;10043 Campo Lugar;Total;1997;
10;Cáceres;10043 Campo Lugar;Total;1996;1250
10;Cáceres;10043 Campo Lugar;Hombres;2023;413
10;Cáceres;10043 Campo Lugar;Hombres;2022;410
10;Cáceres;10043 Campo Lugar;Hombres;2021;407
10;Cáceres;10043 Campo Lugar;Hombres;2020;407
10;Cáceres;10043 Campo Lugar;Hombres;2019;415
10;Cáceres;10043 Campo Lugar;Hombres;2018;421
10;Cáceres;10043 Campo Lugar;Hombres;2017;440
10;Cáceres;10043 Campo Lugar;Hombres;2016;454
10;Cáceres;10043 Campo Lugar;Hombres;2015;459
10;Cáceres;10043 Campo Lugar;Hombres;2014;480
10;Cáceres;10043 Campo Lugar;Hombres;2013;482
10;Cáceres;10043 Campo Lugar;Hombres;2012;498
10;Cáceres;10043 Campo Lugar;Hombres;2011;501
10;Cáceres;10043 Campo Lugar;Hombres;2010;512
10;Cáceres;10043 Campo Lugar;Hombres;2009;517
10;Cáceres;10043 Campo Lugar;Hombres;2008;529
10;Cáceres;10043 Campo Lugar;Hombres;2007;545
10;Cáceres;10043 Campo Lugar;Hombres;2006;562
10;Cáceres;10043 Campo Lugar;Hombres;2005;571
10;Cáceres;10043 Campo Lugar;Hombres;2004;576
10;Cáceres;10043 Campo Lugar;Hombres;2003;596
10;Cáceres;10043 Campo Lugar;Hombres;2002;609
10;Cáceres;10043 Campo Lugar;Hombres;2001;613
10;Cáceres;10043 Campo Lugar;Hombres;2000;615
10;Cáceres;10043 Campo Lugar;Hombres;1999;706
10;Cáceres;10043 Campo Lugar;Hombres;1998;613
10;Cáceres;10043 Campo Lugar;Hombres;1997;
10;Cáceres;10043 Campo Lugar;Hombres;1996;628
10;Cáceres;10043 Campo Lugar;Mujeres;2023;420
10;Cáceres;10043 Campo Lugar;Mujeres;2022;412
10;Cáceres;10043 Campo Lugar;Mujeres;2021;417
10;Cáceres;10043 Campo Lugar;Mujeres;2020;407
10;Cáceres;10043 Campo Lugar;Mujeres;2019;418
10;Cáceres;10043 Campo Lugar;Mujeres;2018;435
10;Cáceres;10043 Campo Lugar;Mujeres;2017;451
10;Cáceres;10043 Campo Lugar;Mujeres;2016;452
10;Cáceres;10043 Campo Lugar;Mujeres;2015;457
10;Cáceres;10043 Campo Lugar;Mujeres;2014;461
10;Cáceres;10043 Campo Lugar;Mujeres;2013;472
10;Cáceres;10043 Campo Lugar;Mujeres;2012;484
10;Cáceres;10043 Campo Lugar;Mujeres;2011;505
10;Cáceres;10043 Campo Lugar;Mujeres;2010;507
10;Cáceres;10043 Campo Lugar;Mujeres;2009;513
10;Cáceres;10043 Campo Lugar;Mujeres;2008;535
10;Cáceres;10043 Campo Lugar;Mujeres;2007;550
10;Cáceres;10043 Campo Lugar;Mujeres;2006;546
10;Cáceres;10043 Campo Lugar;Mujeres;2005;562
10;Cáceres;10043 Campo Lugar;Mujeres;2004;573
10;Cáceres;10043 Campo Lugar;Mujeres;2003;570
10;Cáceres;10043 Campo Lugar;Mujeres;2002;589
10;Cáceres;10043 Campo Lugar;Mujeres;2001;596
10;Cáceres;10043 Campo Lugar;Mujeres;2000;617
10;Cáceres;10043 Campo Lugar;Mujeres;1999;678
10;Cáceres;10043 Campo Lugar;Mujeres;1998;608
10;Cáceres;10043 Campo Lugar;Mujeres;1997;
10;Cáceres;10043 Campo Lugar;Mujeres;1996;622
10;Cáceres;10044 Cañamero;Total;2023;1615
10;Cáceres;10044 Cañamero;Total;2022;1641
10;Cáceres;10044 Cañamero;Total;2021;1622
10;Cáceres;10044 Cañamero;Total;2020;1618
10;Cáceres;10044 Cañamero;Total;2019;1614
10;Cáceres;10044 Cañamero;Total;2018;1634
10;Cáceres;10044 Cañamero;Total;2017;1664
10;Cáceres;10044 Cañamero;Total;2016;1676
10;Cáceres;10044 Cañamero;Total;2015;1709
10;Cáceres;10044 Cañamero;Total;2014;1732
10;Cáceres;10044 Cañamero;Total;2013;1694
10;Cáceres;10044 Cañamero;Total;2012;1716
10;Cáceres;10044 Cañamero;Total;2011;1751
10;Cáceres;10044 Cañamero;Total;2010;1783
10;Cáceres;10044 Cañamero;Total;2009;1787
10;Cáceres;10044 Cañamero;Total;2008;1803
10;Cáceres;10044 Cañamero;Total;2007;1803
10;Cáceres;10044 Cañamero;Total;2006;1570
10;Cáceres;10044 Cañamero;Total;2005;1630
10;Cáceres;10044 Cañamero;Total;2004;1685
10;Cáceres;10044 Cañamero;Total;2003;1748
10;Cáceres;10044 Cañamero;Total;2002;1838
10;Cáceres;10044 Cañamero;Total;2001;1916
10;Cáceres;10044 Cañamero;Total;2000;1981
10;Cáceres;10044 Cañamero;Total;1999;2189
10;Cáceres;10044 Cañamero;Total;1998;1959
10;Cáceres;10044 Cañamero;Total;1997;
10;Cáceres;10044 Cañamero;Total;1996;1992
10;Cáceres;10044 Cañamero;Hombres;2023;848
10;Cáceres;10044 Cañamero;Hombres;2022;866
10;Cáceres;10044 Cañamero;Hombres;2021;852
10;Cáceres;10044 Cañamero;Hombres;2020;843
10;Cáceres;10044 Cañamero;Hombres;2019;838
10;Cáceres;10044 Cañamero;Hombres;2018;860
10;Cáceres;10044 Cañamero;Hombres;2017;866
10;Cáceres;10044 Cañamero;Hombres;2016;882
10;Cáceres;10044 Cañamero;Hombres;2015;898
10;Cáceres;10044 Cañamero;Hombres;2014;901
10;Cáceres;10044 Cañamero;Hombres;2013;873
10;Cáceres;10044 Cañamero;Hombres;2012;886
10;Cáceres;10044 Cañamero;Hombres;2011;908
10;Cáceres;10044 Cañamero;Hombres;2010;919
10;Cáceres;10044 Cañamero;Hombres;2009;927
10;Cáceres;10044 Cañamero;Hombres;2008;931
10;Cáceres;10044 Cañamero;Hombres;2007;923
10;Cáceres;10044 Cañamero;Hombres;2006;812
10;Cáceres;10044 Cañamero;Hombres;2005;839
10;Cáceres;10044 Cañamero;Hombres;2004;866
10;Cáceres;10044 Cañamero;Hombres;2003;888
10;Cáceres;10044 Cañamero;Hombres;2002;926
10;Cáceres;10044 Cañamero;Hombres;2001;974
10;Cáceres;10044 Cañamero;Hombres;2000;1012
10;Cáceres;10044 Cañamero;Hombres;1999;1122
10;Cáceres;10044 Cañamero;Hombres;1998;1011
10;Cáceres;10044 Cañamero;Hombres;1997;
10;Cáceres;10044 Cañamero;Hombres;1996;1028
10;Cáceres;10044 Cañamero;Mujeres;2023;767
10;Cáceres;10044 Cañamero;Mujeres;2022;775
10;Cáceres;10044 Cañamero;Mujeres;2021;770
10;Cáceres;10044 Cañamero;Mujeres;2020;775
10;Cáceres;10044 Cañamero;Mujeres;2019;776
10;Cáceres;10044 Cañamero;Mujeres;2018;774
10;Cáceres;10044 Cañamero;Mujeres;2017;798
10;Cáceres;10044 Cañamero;Mujeres;2016;794
10;Cáceres;10044 Cañamero;Mujeres;2015;811
10;Cáceres;10044 Cañamero;Mujeres;2014;831
10;Cáceres;10044 Cañamero;Mujeres;2013;821
10;Cáceres;10044 Cañamero;Mujeres;2012;830
10;Cáceres;10044 Cañamero;Mujeres;2011;843
10;Cáceres;10044 Cañamero;Mujeres;2010;864
10;Cáceres;10044 Cañamero;Mujeres;2009;860
10;Cáceres;10044 Cañamero;Mujeres;2008;872
10;Cáceres;10044 Cañamero;Mujeres;2007;880
10;Cáceres;10044 Cañamero;Mujeres;2006;758
10;Cáceres;10044 Cañamero;Mujeres;2005;791
10;Cáceres;10044 Cañamero;Mujeres;2004;819
10;Cáceres;10044 Cañamero;Mujeres;2003;860
10;Cáceres;10044 Cañamero;Mujeres;2002;912
10;Cáceres;10044 Cañamero;Mujeres;2001;942
10;Cáceres;10044 Cañamero;Mujeres;2000;969
10;Cáceres;10044 Cañamero;Mujeres;1999;1067
10;Cáceres;10044 Cañamero;Mujeres;1998;948
10;Cáceres;10044 Cañamero;Mujeres;1997;
10;Cáceres;10044 Cañamero;Mujeres;1996;964
10;Cáceres;10045 Cañaveral;Total;2023;1009
10;Cáceres;10045 Cañaveral;Total;2022;1018
10;Cáceres;10045 Cañaveral;Total;2021;1024
10;Cáceres;10045 Cañaveral;Total;2020;1036
10;Cáceres;10045 Cañaveral;Total;2019;1031
10;Cáceres;10045 Cañaveral;Total;2018;1019
10;Cáceres;10045 Cañaveral;Total;2017;1047
10;Cáceres;10045 Cañaveral;Total;2016;1043
10;Cáceres;10045 Cañaveral;Total;2015;1081
10;Cáceres;10045 Cañaveral;Total;2014;1136
10;Cáceres;10045 Cañaveral;Total;2013;1161
10;Cáceres;10045 Cañaveral;Total;2012;1189
10;Cáceres;10045 Cañaveral;Total;2011;1248
10;Cáceres;10045 Cañaveral;Total;2010;1287
10;Cáceres;10045 Cañaveral;Total;2009;1284
10;Cáceres;10045 Cañaveral;Total;2008;1294
10;Cáceres;10045 Cañaveral;Total;2007;1286
10;Cáceres;10045 Cañaveral;Total;2006;1309
10;Cáceres;10045 Cañaveral;Total;2005;1304
10;Cáceres;10045 Cañaveral;Total;2004;1309
10;Cáceres;10045 Cañaveral;Total;2003;1351
10;Cáceres;10045 Cañaveral;Total;2002;1357
10;Cáceres;10045 Cañaveral;Total;2001;1403
10;Cáceres;10045 Cañaveral;Total;2000;1449
10;Cáceres;10045 Cañaveral;Total;1999;1490
10;Cáceres;10045 Cañaveral;Total;1998;1533
10;Cáceres;10045 Cañaveral;Total;1997;
10;Cáceres;10045 Cañaveral;Total;1996;1593
10;Cáceres;10045 Cañaveral;Hombres;2023;506
10;Cáceres;10045 Cañaveral;Hombres;2022;505
10;Cáceres;10045 Cañaveral;Hombres;2021;506
10;Cáceres;10045 Cañaveral;Hombres;2020;508
10;Cáceres;10045 Cañaveral;Hombres;2019;510
10;Cáceres;10045 Cañaveral;Hombres;2018;500
10;Cáceres;10045 Cañaveral;Hombres;2017;513
10;Cáceres;10045 Cañaveral;Hombres;2016;510
10;Cáceres;10045 Cañaveral;Hombres;2015;530
10;Cáceres;10045 Cañaveral;Hombres;2014;558
10;Cáceres;10045 Cañaveral;Hombres;2013;568
10;Cáceres;10045 Cañaveral;Hombres;2012;580
10;Cáceres;10045 Cañaveral;Hombres;2011;611
10;Cáceres;10045 Cañaveral;Hombres;2010;629
10;Cáceres;10045 Cañaveral;Hombres;2009;624
10;Cáceres;10045 Cañaveral;Hombres;2008;632
10;Cáceres;10045 Cañaveral;Hombres;2007;632
10;Cáceres;10045 Cañaveral;Hombres;2006;640
10;Cáceres;10045 Cañaveral;Hombres;2005;633
10;Cáceres;10045 Cañaveral;Hombres;2004;629
10;Cáceres;10045 Cañaveral;Hombres;2003;653
10;Cáceres;10045 Cañaveral;Hombres;2002;658
10;Cáceres;10045 Cañaveral;Hombres;2001;693
10;Cáceres;10045 Cañaveral;Hombres;2000;715
10;Cáceres;10045 Cañaveral;Hombres;1999;733
10;Cáceres;10045 Cañaveral;Hombres;1998;754
10;Cáceres;10045 Cañaveral;Hombres;1997;
10;Cáceres;10045 Cañaveral;Hombres;1996;783
10;Cáceres;10045 Cañaveral;Mujeres;2023;503
10;Cáceres;10045 Cañaveral;Mujeres;2022;513
10;Cáceres;10045 Cañaveral;Mujeres;2021;518
10;Cáceres;10045 Cañaveral;Mujeres;2020;528
10;Cáceres;10045 Cañaveral;Mujeres;2019;521
10;Cáceres;10045 Cañaveral;Mujeres;2018;519
10;Cáceres;10045 Cañaveral;Mujeres;2017;534
10;Cáceres;10045 Cañaveral;Mujeres;2016;533
10;Cáceres;10045 Cañaveral;Mujeres;2015;551
10;Cáceres;10045 Cañaveral;Mujeres;2014;578
10;Cáceres;10045 Cañaveral;Mujeres;2013;593
10;Cáceres;10045 Cañaveral;Mujeres;2012;609
10;Cáceres;10045 Cañaveral;Mujeres;2011;637
10;Cáceres;10045 Cañaveral;Mujeres;2010;658
10;Cáceres;10045 Cañaveral;Mujeres;2009;660
10;Cáceres;10045 Cañaveral;Mujeres;2008;662
10;Cáceres;10045 Cañaveral;Mujeres;2007;654
10;Cáceres;10045 Cañaveral;Mujeres;2006;669
10;Cáceres;10045 Cañaveral;Mujeres;2005;671
10;Cáceres;10045 Cañaveral;Mujeres;2004;680
10;Cáceres;10045 Cañaveral;Mujeres;2003;698
10;Cáceres;10045 Cañaveral;Mujeres;2002;699
10;Cáceres;10045 Cañaveral;Mujeres;2001;710
10;Cáceres;10045 Cañaveral;Mujeres;2000;734
10;Cáceres;10045 Cañaveral;Mujeres;1999;757
10;Cáceres;10045 Cañaveral;Mujeres;1998;779
10;Cáceres;10045 Cañaveral;Mujeres;1997;
10;Cáceres;10045 Cañaveral;Mujeres;1996;810
10;Cáceres;10046 Carbajo;Total;2023;179
10;Cáceres;10046 Carbajo;Total;2022;196
10;Cáceres;10046 Carbajo;Total;2021;198
10;Cáceres;10046 Carbajo;Total;2020;197
10;Cáceres;10046 Carbajo;Total;2019;200
10;Cáceres;10046 Carbajo;Total;2018;208
10;Cáceres;10046 Carbajo;Total;2017;221
10;Cáceres;10046 Carbajo;Total;2016;217
10;Cáceres;10046 Carbajo;Total;2015;217
10;Cáceres;10046 Carbajo;Total;2014;223
10;Cáceres;10046 Carbajo;Total;2013;224
10;Cáceres;10046 Carbajo;Total;2012;226
10;Cáceres;10046 Carbajo;Total;2011;226
10;Cáceres;10046 Carbajo;Total;2010;233
10;Cáceres;10046 Carbajo;Total;2009;227
10;Cáceres;10046 Carbajo;Total;2008;228
10;Cáceres;10046 Carbajo;Total;2007;243
10;Cáceres;10046 Carbajo;Total;2006;253
10;Cáceres;10046 Carbajo;Total;2005;251
10;Cáceres;10046 Carbajo;Total;2004;251
10;Cáceres;10046 Carbajo;Total;2003;254
10;Cáceres;10046 Carbajo;Total;2002;271
10;Cáceres;10046 Carbajo;Total;2001;280
10;Cáceres;10046 Carbajo;Total;2000;280
10;Cáceres;10046 Carbajo;Total;1999;283
10;Cáceres;10046 Carbajo;Total;1998;283
10;Cáceres;10046 Carbajo;Total;1997;
10;Cáceres;10046 Carbajo;Total;1996;310
10;Cáceres;10046 Carbajo;Hombres;2023;90
10;Cáceres;10046 Carbajo;Hombres;2022;101
10;Cáceres;10046 Carbajo;Hombres;2021;100
10;Cáceres;10046 Carbajo;Hombres;2020;102
10;Cáceres;10046 Carbajo;Hombres;2019;104
10;Cáceres;10046 Carbajo;Hombres;2018;110
10;Cáceres;10046 Carbajo;Hombres;2017;115
10;Cáceres;10046 Carbajo;Hombres;2016;111
10;Cáceres;10046 Carbajo;Hombres;2015;109
10;Cáceres;10046 Carbajo;Hombres;2014;113
10;Cáceres;10046 Carbajo;Hombres;2013;114
10;Cáceres;10046 Carbajo;Hombres;2012;113
10;Cáceres;10046 Carbajo;Hombres;2011;114
10;Cáceres;10046 Carbajo;Hombres;2010;118
10;Cáceres;10046 Carbajo;Hombres;2009;113
10;Cáceres;10046 Carbajo;Hombres;2008;115
10;Cáceres;10046 Carbajo;Hombres;2007;126
10;Cáceres;10046 Carbajo;Hombres;2006;129
10;Cáceres;10046 Carbajo;Hombres;2005;130
10;Cáceres;10046 Carbajo;Hombres;2004;130
10;Cáceres;10046 Carbajo;Hombres;2003;131
10;Cáceres;10046 Carbajo;Hombres;2002;142
10;Cáceres;10046 Carbajo;Hombres;2001;147
10;Cáceres;10046 Carbajo;Hombres;2000;145
10;Cáceres;10046 Carbajo;Hombres;1999;150
10;Cáceres;10046 Carbajo;Hombres;1998;150
10;Cáceres;10046 Carbajo;Hombres;1997;
10;Cáceres;10046 Carbajo;Hombres;1996;169
10;Cáceres;10046 Carbajo;Mujeres;2023;89
10;Cáceres;10046 Carbajo;Mujeres;2022;95
10;Cáceres;10046 Carbajo;Mujeres;2021;98
10;Cáceres;10046 Carbajo;Mujeres;2020;95
10;Cáceres;10046 Carbajo;Mujeres;2019;96
10;Cáceres;10046 Carbajo;Mujeres;2018;98
10;Cáceres;10046 Carbajo;Mujeres;2017;106
10;Cáceres;10046 Carbajo;Mujeres;2016;106
10;Cáceres;10046 Carbajo;Mujeres;2015;108
10;Cáceres;10046 Carbajo;Mujeres;2014;110
10;Cáceres;10046 Carbajo;Mujeres;2013;110
10;Cáceres;10046 Carbajo;Mujeres;2012;113
10;Cáceres;10046 Carbajo;Mujeres;2011;112
10;Cáceres;10046 Carbajo;Mujeres;2010;115
10;Cáceres;10046 Carbajo;Mujeres;2009;114
10;Cáceres;10046 Carbajo;Mujeres;2008;113
10;Cáceres;10046 Carbajo;Mujeres;2007;117
10;Cáceres;10046 Carbajo;Mujeres;2006;124
10;Cáceres;10046 Carbajo;Mujeres;2005;121
10;Cáceres;10046 Carbajo;Mujeres;2004;121
10;Cáceres;10046 Carbajo;Mujeres;2003;123
10;Cáceres;10046 Carbajo;Mujeres;2002;129
10;Cáceres;10046 Carbajo;Mujeres;2001;133
10;Cáceres;10046 Carbajo;Mujeres;2000;135
10;Cáceres;10046 Carbajo;Mujeres;1999;133
10;Cáceres;10046 Carbajo;Mujeres;1998;133
10;Cáceres;10046 Carbajo;Mujeres;1997;
10;Cáceres;10046 Carbajo;Mujeres;1996;141
10;Cáceres;10047 Carcaboso;Total;2023;1078
10;Cáceres;10047 Carcaboso;Total;2022;1088
10;Cáceres;10047 Carcaboso;Total;2021;1080
10;Cáceres;10047 Carcaboso;Total;2020;1085
10;Cáceres;10047 Carcaboso;Total;2019;1100
10;Cáceres;10047 Carcaboso;Total;2018;1110
10;Cáceres;10047 Carcaboso;Total;2017;1106
10;Cáceres;10047 Carcaboso;Total;2016;1123
10;Cáceres;10047 Carcaboso;Total;2015;1136
10;Cáceres;10047 Carcaboso;Total;2014;1122
10;Cáceres;10047 Carcaboso;Total;2013;1115
10;Cáceres;10047 Carcaboso;Total;2012;1137
10;Cáceres;10047 Carcaboso;Total;2011;1160
10;Cáceres;10047 Carcaboso;Total;2010;1118
10;Cáceres;10047 Carcaboso;Total;2009;1108
10;Cáceres;10047 Carcaboso;Total;2008;1124
10;Cáceres;10047 Carcaboso;Total;2007;978
10;Cáceres;10047 Carcaboso;Total;2006;972
10;Cáceres;10047 Carcaboso;Total;2005;1012
10;Cáceres;10047 Carcaboso;Total;2004;1041
10;Cáceres;10047 Carcaboso;Total;2003;1050
10;Cáceres;10047 Carcaboso;Total;2002;1087
10;Cáceres;10047 Carcaboso;Total;2001;1092
10;Cáceres;10047 Carcaboso;Total;2000;1098
10;Cáceres;10047 Carcaboso;Total;1999;1116
10;Cáceres;10047 Carcaboso;Total;1998;1145
10;Cáceres;10047 Carcaboso;Total;1997;
10;Cáceres;10047 Carcaboso;Total;1996;1313
10;Cáceres;10047 Carcaboso;Hombres;2023;549
10;Cáceres;10047 Carcaboso;Hombres;2022;551
10;Cáceres;10047 Carcaboso;Hombres;2021;544
10;Cáceres;10047 Carcaboso;Hombres;2020;549
10;Cáceres;10047 Carcaboso;Hombres;2019;547
10;Cáceres;10047 Carcaboso;Hombres;2018;552
10;Cáceres;10047 Carcaboso;Hombres;2017;552
10;Cáceres;10047 Carcaboso;Hombres;2016;565
10;Cáceres;10047 Carcaboso;Hombres;2015;572
10;Cáceres;10047 Carcaboso;Hombres;2014;569
10;Cáceres;10047 Carcaboso;Hombres;2013;562
10;Cáceres;10047 Carcaboso;Hombres;2012;578
10;Cáceres;10047 Carcaboso;Hombres;2011;597
10;Cáceres;10047 Carcaboso;Hombres;2010;574
10;Cáceres;10047 Carcaboso;Hombres;2009;568
10;Cáceres;10047 Carcaboso;Hombres;2008;582
10;Cáceres;10047 Carcaboso;Hombres;2007;549
10;Cáceres;10047 Carcaboso;Hombres;2006;545
10;Cáceres;10047 Carcaboso;Hombres;2005;569
10;Cáceres;10047 Carcaboso;Hombres;2004;587
10;Cáceres;10047 Carcaboso;Hombres;2003;586
10;Cáceres;10047 Carcaboso;Hombres;2002;614
10;Cáceres;10047 Carcaboso;Hombres;2001;624
10;Cáceres;10047 Carcaboso;Hombres;2000;625
10;Cáceres;10047 Carcaboso;Hombres;1999;643
10;Cáceres;10047 Carcaboso;Hombres;1998;660
10;Cáceres;10047 Carcaboso;Hombres;1997;
10;Cáceres;10047 Carcaboso;Hombres;1996;687
10;Cáceres;10047 Carcaboso;Mujeres;2023;529
10;Cáceres;10047 Carcaboso;Mujeres;2022;537
10;Cáceres;10047 Carcaboso;Mujeres;2021;536
10;Cáceres;10047 Carcaboso;Mujeres;2020;536
10;Cáceres;10047 Carcaboso;Mujeres;2019;553
10;Cáceres;10047 Carcaboso;Mujeres;2018;558
10;Cáceres;10047 Carcaboso;Mujeres;2017;554
10;Cáceres;10047 Carcaboso;Mujeres;2016;558
10;Cáceres;10047 Carcaboso;Mujeres;2015;564
10;Cáceres;10047 Carcaboso;Mujeres;2014;553
10;Cáceres;10047 Carcaboso;Mujeres;2013;553
10;Cáceres;10047 Carcaboso;Mujeres;2012;559
10;Cáceres;10047 Carcaboso;Mujeres;2011;563
10;Cáceres;10047 Carcaboso;Mujeres;2010;544
10;Cáceres;10047 Carcaboso;Mujeres;2009;540
10;Cáceres;10047 Carcaboso;Mujeres;2008;542
10;Cáceres;10047 Carcaboso;Mujeres;2007;429
10;Cáceres;10047 Carcaboso;Mujeres;2006;427
10;Cáceres;10047 Carcaboso;Mujeres;2005;443
10;Cáceres;10047 Carcaboso;Mujeres;2004;454
10;Cáceres;10047 Carcaboso;Mujeres;2003;464
10;Cáceres;10047 Carcaboso;Mujeres;2002;473
10;Cáceres;10047 Carcaboso;Mujeres;2001;468
10;Cáceres;10047 Carcaboso;Mujeres;2000;473
10;Cáceres;10047 Carcaboso;Mujeres;1999;473
10;Cáceres;10047 Carcaboso;Mujeres;1998;485
10;Cáceres;10047 Carcaboso;Mujeres;1997;
10;Cáceres;10047 Carcaboso;Mujeres;1996;626
10;Cáceres;10048 Carrascalejo;Total;2023;230
10;Cáceres;10048 Carrascalejo;Total;2022;233
10;Cáceres;10048 Carrascalejo;Total;2021;225
10;Cáceres;10048 Carrascalejo;Total;2020;220
10;Cáceres;10048 Carrascalejo;Total;2019;216
10;Cáceres;10048 Carrascalejo;Total;2018;230
10;Cáceres;10048 Carrascalejo;Total;2017;239
10;Cáceres;10048 Carrascalejo;Total;2016;254
10;Cáceres;10048 Carrascalejo;Total;2015;257
10;Cáceres;10048 Carrascalejo;Total;2014;273
10;Cáceres;10048 Carrascalejo;Total;2013;291
10;Cáceres;10048 Carrascalejo;Total;2012;311
10;Cáceres;10048 Carrascalejo;Total;2011;323
10;Cáceres;10048 Carrascalejo;Total;2010;321
10;Cáceres;10048 Carrascalejo;Total;2009;337
10;Cáceres;10048 Carrascalejo;Total;2008;348
10;Cáceres;10048 Carrascalejo;Total;2007;355
10;Cáceres;10048 Carrascalejo;Total;2006;347
10;Cáceres;10048 Carrascalejo;Total;2005;360
10;Cáceres;10048 Carrascalejo;Total;2004;397
10;Cáceres;10048 Carrascalejo;Total;2003;392
10;Cáceres;10048 Carrascalejo;Total;2002;394
10;Cáceres;10048 Carrascalejo;Total;2001;411
10;Cáceres;10048 Carrascalejo;Total;2000;423
10;Cáceres;10048 Carrascalejo;Total;1999;432
10;Cáceres;10048 Carrascalejo;Total;1998;437
10;Cáceres;10048 Carrascalejo;Total;1997;
10;Cáceres;10048 Carrascalejo;Total;1996;455
10;Cáceres;10048 Carrascalejo;Hombres;2023;119
10;Cáceres;10048 Carrascalejo;Hombres;2022;121
10;Cáceres;10048 Carrascalejo;Hombres;2021;116
10;Cáceres;10048 Carrascalejo;Hombres;2020;111
10;Cáceres;10048 Carrascalejo;Hombres;2019;108
10;Cáceres;10048 Carrascalejo;Hombres;2018;113
10;Cáceres;10048 Carrascalejo;Hombres;2017;119
10;Cáceres;10048 Carrascalejo;Hombres;2016;130
10;Cáceres;10048 Carrascalejo;Hombres;2015;126
10;Cáceres;10048 Carrascalejo;Hombres;2014;134
10;Cáceres;10048 Carrascalejo;Hombres;2013;148
10;Cáceres;10048 Carrascalejo;Hombres;2012;157
10;Cáceres;10048 Carrascalejo;Hombres;2011;161
10;Cáceres;10048 Carrascalejo;Hombres;2010;164
10;Cáceres;10048 Carrascalejo;Hombres;2009;172
10;Cáceres;10048 Carrascalejo;Hombres;2008;181
10;Cáceres;10048 Carrascalejo;Hombres;2007;184
10;Cáceres;10048 Carrascalejo;Hombres;2006;179
10;Cáceres;10048 Carrascalejo;Hombres;2005;185
10;Cáceres;10048 Carrascalejo;Hombres;2004;207
10;Cáceres;10048 Carrascalejo;Hombres;2003;209
10;Cáceres;10048 Carrascalejo;Hombres;2002;205
10;Cáceres;10048 Carrascalejo;Hombres;2001;211
10;Cáceres;10048 Carrascalejo;Hombres;2000;214
10;Cáceres;10048 Carrascalejo;Hombres;1999;218
10;Cáceres;10048 Carrascalejo;Hombres;1998;221
10;Cáceres;10048 Carrascalejo;Hombres;1997;
10;Cáceres;10048 Carrascalejo;Hombres;1996;227
10;Cáceres;10048 Carrascalejo;Mujeres;2023;111
10;Cáceres;10048 Carrascalejo;Mujeres;2022;112
10;Cáceres;10048 Carrascalejo;Mujeres;2021;109
10;Cáceres;10048 Carrascalejo;Mujeres;2020;109
10;Cáceres;10048 Carrascalejo;Mujeres;2019;108
10;Cáceres;10048 Carrascalejo;Mujeres;2018;117
10;Cáceres;10048 Carrascalejo;Mujeres;2017;120
10;Cáceres;10048 Carrascalejo;Mujeres;2016;124
10;Cáceres;10048 Carrascalejo;Mujeres;2015;131
10;Cáceres;10048 Carrascalejo;Mujeres;2014;139
10;Cáceres;10048 Carrascalejo;Mujeres;2013;143
10;Cáceres;10048 Carrascalejo;Mujeres;2012;154
10;Cáceres;10048 Carrascalejo;Mujeres;2011;162
10;Cáceres;10048 Carrascalejo;Mujeres;2010;157
10;Cáceres;10048 Carrascalejo;Mujeres;2009;165
10;Cáceres;10048 Carrascalejo;Mujeres;2008;167
10;Cáceres;10048 Carrascalejo;Mujeres;2007;171
10;Cáceres;10048 Carrascalejo;Mujeres;2006;168
10;Cáceres;10048 Carrascalejo;Mujeres;2005;175
10;Cáceres;10048 Carrascalejo;Mujeres;2004;190
10;Cáceres;10048 Carrascalejo;Mujeres;2003;183
10;Cáceres;10048 Carrascalejo;Mujeres;2002;189
10;Cáceres;10048 Carrascalejo;Mujeres;2001;200
10;Cáceres;10048 Carrascalejo;Mujeres;2000;209
10;Cáceres;10048 Carrascalejo;Mujeres;1999;214
10;Cáceres;10048 Carrascalejo;Mujeres;1998;216
10;Cáceres;10048 Carrascalejo;Mujeres;1997;
10;Cáceres;10048 Carrascalejo;Mujeres;1996;228
10;Cáceres;10049 Casar de Cáceres;Total;2023;4431
10;Cáceres;10049 Casar de Cáceres;Total;2022;4481
10;Cáceres;10049 Casar de Cáceres;Total;2021;4516
10;Cáceres;10049 Casar de Cáceres;Total;2020;4499
10;Cáceres;10049 Casar de Cáceres;Total;2019;4469
10;Cáceres;10049 Casar de Cáceres;Total;2018;4500
10;Cáceres;10049 Casar de Cáceres;Total;2017;4532
10;Cáceres;10049 Casar de Cáceres;Total;2016;4604
10;Cáceres;10049 Casar de Cáceres;Total;2015;4664
10;Cáceres;10049 Casar de Cáceres;Total;2014;4703
10;Cáceres;10049 Casar de Cáceres;Total;2013;4743
10;Cáceres;10049 Casar de Cáceres;Total;2012;4796
10;Cáceres;10049 Casar de Cáceres;Total;2011;4846
10;Cáceres;10049 Casar de Cáceres;Total;2010;4841
10;Cáceres;10049 Casar de Cáceres;Total;2009;4879
10;Cáceres;10049 Casar de Cáceres;Total;2008;4894
10;Cáceres;10049 Casar de Cáceres;Total;2007;4879
10;Cáceres;10049 Casar de Cáceres;Total;2006;4848
10;Cáceres;10049 Casar de Cáceres;Total;2005;4707
10;Cáceres;10049 Casar de Cáceres;Total;2004;4718
10;Cáceres;10049 Casar de Cáceres;Total;2003;4729
10;Cáceres;10049 Casar de Cáceres;Total;2002;4757
10;Cáceres;10049 Casar de Cáceres;Total;2001;4738
10;Cáceres;10049 Casar de Cáceres;Total;2000;4716
10;Cáceres;10049 Casar de Cáceres;Total;1999;4706
10;Cáceres;10049 Casar de Cáceres;Total;1998;4641
10;Cáceres;10049 Casar de Cáceres;Total;1997;
10;Cáceres;10049 Casar de Cáceres;Total;1996;4753
10;Cáceres;10049 Casar de Cáceres;Hombres;2023;2188
10;Cáceres;10049 Casar de Cáceres;Hombres;2022;2206
10;Cáceres;10049 Casar de Cáceres;Hombres;2021;2228
10;Cáceres;10049 Casar de Cáceres;Hombres;2020;2223
10;Cáceres;10049 Casar de Cáceres;Hombres;2019;2187
10;Cáceres;10049 Casar de Cáceres;Hombres;2018;2217
10;Cáceres;10049 Casar de Cáceres;Hombres;2017;2248
10;Cáceres;10049 Casar de Cáceres;Hombres;2016;2279
10;Cáceres;10049 Casar de Cáceres;Hombres;2015;2313
10;Cáceres;10049 Casar de Cáceres;Hombres;2014;2329
10;Cáceres;10049 Casar de Cáceres;Hombres;2013;2338
10;Cáceres;10049 Casar de Cáceres;Hombres;2012;2364
10;Cáceres;10049 Casar de Cáceres;Hombres;2011;2392
10;Cáceres;10049 Casar de Cáceres;Hombres;2010;2411
10;Cáceres;10049 Casar de Cáceres;Hombres;2009;2433
10;Cáceres;10049 Casar de Cáceres;Hombres;2008;2437
10;Cáceres;10049 Casar de Cáceres;Hombres;2007;2433
10;Cáceres;10049 Casar de Cáceres;Hombres;2006;2422
10;Cáceres;10049 Casar de Cáceres;Hombres;2005;2346
10;Cáceres;10049 Casar de Cáceres;Hombres;2004;2354
10;Cáceres;10049 Casar de Cáceres;Hombres;2003;2364
10;Cáceres;10049 Casar de Cáceres;Hombres;2002;2384
10;Cáceres;10049 Casar de Cáceres;Hombres;2001;2373
10;Cáceres;10049 Casar de Cáceres;Hombres;2000;2371
10;Cáceres;10049 Casar de Cáceres;Hombres;1999;2361
10;Cáceres;10049 Casar de Cáceres;Hombres;1998;2323
10;Cáceres;10049 Casar de Cáceres;Hombres;1997;
10;Cáceres;10049 Casar de Cáceres;Hombres;1996;2379
10;Cáceres;10049 Casar de Cáceres;Mujeres;2023;2243
10;Cáceres;10049 Casar de Cáceres;Mujeres;2022;2275
10;Cáceres;10049 Casar de Cáceres;Mujeres;2021;2288
10;Cáceres;10049 Casar de Cáceres;Mujeres;2020;2276
10;Cáceres;10049 Casar de Cáceres;Mujeres;2019;2282
10;Cáceres;10049 Casar de Cáceres;Mujeres;2018;2283
10;Cáceres;10049 Casar de Cáceres;Mujeres;2017;2284
10;Cáceres;10049 Casar de Cáceres;Mujeres;2016;2325
10;Cáceres;10049 Casar de Cáceres;Mujeres;2015;2351
10;Cáceres;10049 Casar de Cáceres;Mujeres;2014;2374
10;Cáceres;10049 Casar de Cáceres;Mujeres;2013;2405
10;Cáceres;10049 Casar de Cáceres;Mujeres;2012;2432
10;Cáceres;10049 Casar de Cáceres;Mujeres;2011;2454
10;Cáceres;10049 Casar de Cáceres;Mujeres;2010;2430
10;Cáceres;10049 Casar de Cáceres;Mujeres;2009;2446
10;Cáceres;10049 Casar de Cáceres;Mujeres;2008;2457
10;Cáceres;10049 Casar de Cáceres;Mujeres;2007;2446
10;Cáceres;10049 Casar de Cáceres;Mujeres;2006;2426
10;Cáceres;10049 Casar de Cáceres;Mujeres;2005;2361
10;Cáceres;10049 Casar de Cáceres;Mujeres;2004;2364
10;Cáceres;10049 Casar de Cáceres;Mujeres;2003;2365
10;Cáceres;10049 Casar de Cáceres;Mujeres;2002;2373
10;Cáceres;10049 Casar de Cáceres;Mujeres;2001;2365
10;Cáceres;10049 Casar de Cáceres;Mujeres;2000;2345
10;Cáceres;10049 Casar de Cáceres;Mujeres;1999;2345
10;Cáceres;10049 Casar de Cáceres;Mujeres;1998;2318
10;Cáceres;10049 Casar de Cáceres;Mujeres;1997;
10;Cáceres;10049 Casar de Cáceres;Mujeres;1996;2374
10;Cáceres;10050 Casar de Palomero;Total;2023;1017
10;Cáceres;10050 Casar de Palomero;Total;2022;1036
10;Cáceres;10050 Casar de Palomero;Total;2021;1059
10;Cáceres;10050 Casar de Palomero;Total;2020;1084
10;Cáceres;10050 Casar de Palomero;Total;2019;1133
10;Cáceres;10050 Casar de Palomero;Total;2018;1124
10;Cáceres;10050 Casar de Palomero;Total;2017;1151
10;Cáceres;10050 Casar de Palomero;Total;2016;1192
10;Cáceres;10050 Casar de Palomero;Total;2015;1245
10;Cáceres;10050 Casar de Palomero;Total;2014;1285
10;Cáceres;10050 Casar de Palomero;Total;2013;1350
10;Cáceres;10050 Casar de Palomero;Total;2012;1419
10;Cáceres;10050 Casar de Palomero;Total;2011;1491
10;Cáceres;10050 Casar de Palomero;Total;2010;1392
10;Cáceres;10050 Casar de Palomero;Total;2009;1378
10;Cáceres;10050 Casar de Palomero;Total;2008;1353
10;Cáceres;10050 Casar de Palomero;Total;2007;1388
10;Cáceres;10050 Casar de Palomero;Total;2006;1247
10;Cáceres;10050 Casar de Palomero;Total;2005;1276
10;Cáceres;10050 Casar de Palomero;Total;2004;1277
10;Cáceres;10050 Casar de Palomero;Total;2003;1280
10;Cáceres;10050 Casar de Palomero;Total;2002;1289
10;Cáceres;10050 Casar de Palomero;Total;2001;1305
10;Cáceres;10050 Casar de Palomero;Total;2000;1338
10;Cáceres;10050 Casar de Palomero;Total;1999;1353
10;Cáceres;10050 Casar de Palomero;Total;1998;1353
10;Cáceres;10050 Casar de Palomero;Total;1997;
10;Cáceres;10050 Casar de Palomero;Total;1996;1411
10;Cáceres;10050 Casar de Palomero;Hombres;2023;524
10;Cáceres;10050 Casar de Palomero;Hombres;2022;528
10;Cáceres;10050 Casar de Palomero;Hombres;2021;543
10;Cáceres;10050 Casar de Palomero;Hombres;2020;553
10;Cáceres;10050 Casar de Palomero;Hombres;2019;578
10;Cáceres;10050 Casar de Palomero;Hombres;2018;571
10;Cáceres;10050 Casar de Palomero;Hombres;2017;584
10;Cáceres;10050 Casar de Palomero;Hombres;2016;602
10;Cáceres;10050 Casar de Palomero;Hombres;2015;631
10;Cáceres;10050 Casar de Palomero;Hombres;2014;652
10;Cáceres;10050 Casar de Palomero;Hombres;2013;685
10;Cáceres;10050 Casar de Palomero;Hombres;2012;718
10;Cáceres;10050 Casar de Palomero;Hombres;2011;752
10;Cáceres;10050 Casar de Palomero;Hombres;2010;695
10;Cáceres;10050 Casar de Palomero;Hombres;2009;681
10;Cáceres;10050 Casar de Palomero;Hombres;2008;676
10;Cáceres;10050 Casar de Palomero;Hombres;2007;708
10;Cáceres;10050 Casar de Palomero;Hombres;2006;638
10;Cáceres;10050 Casar de Palomero;Hombres;2005;656
10;Cáceres;10050 Casar de Palomero;Hombres;2004;647
10;Cáceres;10050 Casar de Palomero;Hombres;2003;644
10;Cáceres;10050 Casar de Palomero;Hombres;2002;654
10;Cáceres;10050 Casar de Palomero;Hombres;2001;650
10;Cáceres;10050 Casar de Palomero;Hombres;2000;671
10;Cáceres;10050 Casar de Palomero;Hombres;1999;679
10;Cáceres;10050 Casar de Palomero;Hombres;1998;679
10;Cáceres;10050 Casar de Palomero;Hombres;1997;
10;Cáceres;10050 Casar de Palomero;Hombres;1996;704
10;Cáceres;10050 Casar de Palomero;Mujeres;2023;493
10;Cáceres;10050 Casar de Palomero;Mujeres;2022;508
10;Cáceres;10050 Casar de Palomero;Mujeres;2021;516
10;Cáceres;10050 Casar de Palomero;Mujeres;2020;531
10;Cáceres;10050 Casar de Palomero;Mujeres;2019;555
10;Cáceres;10050 Casar de Palomero;Mujeres;2018;553
10;Cáceres;10050 Casar de Palomero;Mujeres;2017;567
10;Cáceres;10050 Casar de Palomero;Mujeres;2016;590
10;Cáceres;10050 Casar de Palomero;Mujeres;2015;614
10;Cáceres;10050 Casar de Palomero;Mujeres;2014;633
10;Cáceres;10050 Casar de Palomero;Mujeres;2013;665
10;Cáceres;10050 Casar de Palomero;Mujeres;2012;701
10;Cáceres;10050 Casar de Palomero;Mujeres;2011;739
10;Cáceres;10050 Casar de Palomero;Mujeres;2010;697
10;Cáceres;10050 Casar de Palomero;Mujeres;2009;697
10;Cáceres;10050 Casar de Palomero;Mujeres;2008;677
10;Cáceres;10050 Casar de Palomero;Mujeres;2007;680
10;Cáceres;10050 Casar de Palomero;Mujeres;2006;609
10;Cáceres;10050 Casar de Palomero;Mujeres;2005;620
10;Cáceres;10050 Casar de Palomero;Mujeres;2004;630
10;Cáceres;10050 Casar de Palomero;Mujeres;2003;636
10;Cáceres;10050 Casar de Palomero;Mujeres;2002;635
10;Cáceres;10050 Casar de Palomero;Mujeres;2001;655
10;Cáceres;10050 Casar de Palomero;Mujeres;2000;667
10;Cáceres;10050 Casar de Palomero;Mujeres;1999;674
10;Cáceres;10050 Casar de Palomero;Mujeres;1998;674
10;Cáceres;10050 Casar de Palomero;Mujeres;1997;
10;Cáceres;10050 Casar de Palomero;Mujeres;1996;707
10;Cáceres;10051 Casares de las Hurdes;Total;2023;404
10;Cáceres;10051 Casares de las Hurdes;Total;2022;374
10;Cáceres;10051 Casares de las Hurdes;Total;2021;383
10;Cáceres;10051 Casares de las Hurdes;Total;2020;400
10;Cáceres;10051 Casares de las Hurdes;Total;2019;417
10;Cáceres;10051 Casares de las Hurdes;Total;2018;386
10;Cáceres;10051 Casares de las Hurdes;Total;2017;405
10;Cáceres;10051 Casares de las Hurdes;Total;2016;413
10;Cáceres;10051 Casares de las Hurdes;Total;2015;449
10;Cáceres;10051 Casares de las Hurdes;Total;2014;422
10;Cáceres;10051 Casares de las Hurdes;Total;2013;445
10;Cáceres;10051 Casares de las Hurdes;Total;2012;489
10;Cáceres;10051 Casares de las Hurdes;Total;2011;530
10;Cáceres;10051 Casares de las Hurdes;Total;2010;522
10;Cáceres;10051 Casares de las Hurdes;Total;2009;528
10;Cáceres;10051 Casares de las Hurdes;Total;2008;554
10;Cáceres;10051 Casares de las Hurdes;Total;2007;565
10;Cáceres;10051 Casares de las Hurdes;Total;2006;582
10;Cáceres;10051 Casares de las Hurdes;Total;2005;592
10;Cáceres;10051 Casares de las Hurdes;Total;2004;619
10;Cáceres;10051 Casares de las Hurdes;Total;2003;650
10;Cáceres;10051 Casares de las Hurdes;Total;2002;649
10;Cáceres;10051 Casares de las Hurdes;Total;2001;701
10;Cáceres;10051 Casares de las Hurdes;Total;2000;728
10;Cáceres;10051 Casares de las Hurdes;Total;1999;753
10;Cáceres;10051 Casares de las Hurdes;Total;1998;798
10;Cáceres;10051 Casares de las Hurdes;Total;1997;
10;Cáceres;10051 Casares de las Hurdes;Total;1996;904
10;Cáceres;10051 Casares de las Hurdes;Hombres;2023;214
10;Cáceres;10051 Casares de las Hurdes;Hombres;2022;194
10;Cáceres;10051 Casares de las Hurdes;Hombres;2021;196
10;Cáceres;10051 Casares de las Hurdes;Hombres;2020;202
10;Cáceres;10051 Casares de las Hurdes;Hombres;2019;209
10;Cáceres;10051 Casares de las Hurdes;Hombres;2018;194
10;Cáceres;10051 Casares de las Hurdes;Hombres;2017;207
10;Cáceres;10051 Casares de las Hurdes;Hombres;2016;211
10;Cáceres;10051 Casares de las Hurdes;Hombres;2015;233
10;Cáceres;10051 Casares de las Hurdes;Hombres;2014;212
10;Cáceres;10051 Casares de las Hurdes;Hombres;2013;223
10;Cáceres;10051 Casares de las Hurdes;Hombres;2012;246
10;Cáceres;10051 Casares de las Hurdes;Hombres;2011;262
10;Cáceres;10051 Casares de las Hurdes;Hombres;2010;258
10;Cáceres;10051 Casares de las Hurdes;Hombres;2009;254
10;Cáceres;10051 Casares de las Hurdes;Hombres;2008;270
10;Cáceres;10051 Casares de las Hurdes;Hombres;2007;274
10;Cáceres;10051 Casares de las Hurdes;Hombres;2006;283
10;Cáceres;10051 Casares de las Hurdes;Hombres;2005;290
10;Cáceres;10051 Casares de las Hurdes;Hombres;2004;304
10;Cáceres;10051 Casares de las Hurdes;Hombres;2003;325
10;Cáceres;10051 Casares de las Hurdes;Hombres;2002;318
10;Cáceres;10051 Casares de las Hurdes;Hombres;2001;346
10;Cáceres;10051 Casares de las Hurdes;Hombres;2000;361
10;Cáceres;10051 Casares de las Hurdes;Hombres;1999;374
10;Cáceres;10051 Casares de las Hurdes;Hombres;1998;401
10;Cáceres;10051 Casares de las Hurdes;Hombres;1997;
10;Cáceres;10051 Casares de las Hurdes;Hombres;1996;461
10;Cáceres;10051 Casares de las Hurdes;Mujeres;2023;190
10;Cáceres;10051 Casares de las Hurdes;Mujeres;2022;180
10;Cáceres;10051 Casares de las Hurdes;Mujeres;2021;187
10;Cáceres;10051 Casares de las Hurdes;Mujeres;2020;198
10;Cáceres;10051 Casares de las Hurdes;Mujeres;2019;208
10;Cáceres;10051 Casares de las Hurdes;Mujeres;2018;192
10;Cáceres;10051 Casares de las Hurdes;Mujeres;2017;198
10;Cáceres;10051 Casares de las Hurdes;Mujeres;2016;202
10;Cáceres;10051 Casares de las Hurdes;Mujeres;2015;216
10;Cáceres;10051 Casares de las Hurdes;Mujeres;2014;210
10;Cáceres;10051 Casares de las Hurdes;Mujeres;2013;222
10;Cáceres;10051 Casares de las Hurdes;Mujeres;2012;243
10;Cáceres;10051 Casares de las Hurdes;Mujeres;2011;268
10;Cáceres;10051 Casares de las Hurdes;Mujeres;2010;264
10;Cáceres;10051 Casares de las Hurdes;Mujeres;2009;274
10;Cáceres;10051 Casares de las Hurdes;Mujeres;2008;284
10;Cáceres;10051 Casares de las Hurdes;Mujeres;2007;291
10;Cáceres;10051 Casares de las Hurdes;Mujeres;2006;299
10;Cáceres;10051 Casares de las Hurdes;Mujeres;2005;302
10;Cáceres;10051 Casares de las Hurdes;Mujeres;2004;315
10;Cáceres;10051 Casares de las Hurdes;Mujeres;2003;325
10;Cáceres;10051 Casares de las Hurdes;Mujeres;2002;331
10;Cáceres;10051 Casares de las Hurdes;Mujeres;2001;355
10;Cáceres;10051 Casares de las Hurdes;Mujeres;2000;367
10;Cáceres;10051 Casares de las Hurdes;Mujeres;1999;379
10;Cáceres;10051 Casares de las Hurdes;Mujeres;1998;397
10;Cáceres;10051 Casares de las Hurdes;Mujeres;1997;
10;Cáceres;10051 Casares de las Hurdes;Mujeres;1996;443
10;Cáceres;10052 Casas de Don Antonio;Total;2023;191
10;Cáceres;10052 Casas de Don Antonio;Total;2022;184
10;Cáceres;10052 Casas de Don Antonio;Total;2021;178
10;Cáceres;10052 Casas de Don Antonio;Total;2020;170
10;Cáceres;10052 Casas de Don Antonio;Total;2019;174
10;Cáceres;10052 Casas de Don Antonio;Total;2018;163
10;Cáceres;10052 Casas de Don Antonio;Total;2017;183
10;Cáceres;10052 Casas de Don Antonio;Total;2016;198
10;Cáceres;10052 Casas de Don Antonio;Total;2015;204
10;Cáceres;10052 Casas de Don Antonio;Total;2014;192
10;Cáceres;10052 Casas de Don Antonio;Total;2013;201
10;Cáceres;10052 Casas de Don Antonio;Total;2012;205
10;Cáceres;10052 Casas de Don Antonio;Total;2011;213
10;Cáceres;10052 Casas de Don Antonio;Total;2010;200
10;Cáceres;10052 Casas de Don Antonio;Total;2009;213
10;Cáceres;10052 Casas de Don Antonio;Total;2008;213
10;Cáceres;10052 Casas de Don Antonio;Total;2007;209
10;Cáceres;10052 Casas de Don Antonio;Total;2006;218
10;Cáceres;10052 Casas de Don Antonio;Total;2005;225
10;Cáceres;10052 Casas de Don Antonio;Total;2004;216
10;Cáceres;10052 Casas de Don Antonio;Total;2003;224
10;Cáceres;10052 Casas de Don Antonio;Total;2002;218
10;Cáceres;10052 Casas de Don Antonio;Total;2001;233
10;Cáceres;10052 Casas de Don Antonio;Total;2000;238
10;Cáceres;10052 Casas de Don Antonio;Total;1999;258
10;Cáceres;10052 Casas de Don Antonio;Total;1998;235
10;Cáceres;10052 Casas de Don Antonio;Total;1997;
10;Cáceres;10052 Casas de Don Antonio;Total;1996;239
10;Cáceres;10052 Casas de Don Antonio;Hombres;2023;102
10;Cáceres;10052 Casas de Don Antonio;Hombres;2022;93
10;Cáceres;10052 Casas de Don Antonio;Hombres;2021;91
10;Cáceres;10052 Casas de Don Antonio;Hombres;2020;85
10;Cáceres;10052 Casas de Don Antonio;Hombres;2019;86
10;Cáceres;10052 Casas de Don Antonio;Hombres;2018;81
10;Cáceres;10052 Casas de Don Antonio;Hombres;2017;90
10;Cáceres;10052 Casas de Don Antonio;Hombres;2016;98
10;Cáceres;10052 Casas de Don Antonio;Hombres;2015;101
10;Cáceres;10052 Casas de Don Antonio;Hombres;2014;95
10;Cáceres;10052 Casas de Don Antonio;Hombres;2013;97
10;Cáceres;10052 Casas de Don Antonio;Hombres;2012;98
10;Cáceres;10052 Casas de Don Antonio;Hombres;2011;100
10;Cáceres;10052 Casas de Don Antonio;Hombres;2010;93
10;Cáceres;10052 Casas de Don Antonio;Hombres;2009;96
10;Cáceres;10052 Casas de Don Antonio;Hombres;2008;100
10;Cáceres;10052 Casas de Don Antonio;Hombres;2007;95
10;Cáceres;10052 Casas de Don Antonio;Hombres;2006;97
10;Cáceres;10052 Casas de Don Antonio;Hombres;2005;103
10;Cáceres;10052 Casas de Don Antonio;Hombres;2004;102
10;Cáceres;10052 Casas de Don Antonio;Hombres;2003;104
10;Cáceres;10052 Casas de Don Antonio;Hombres;2002;102
10;Cáceres;10052 Casas de Don Antonio;Hombres;2001;111
10;Cáceres;10052 Casas de Don Antonio;Hombres;2000;116
10;Cáceres;10052 Casas de Don Antonio;Hombres;1999;130
10;Cáceres;10052 Casas de Don Antonio;Hombres;1998;110
10;Cáceres;10052 Casas de Don Antonio;Hombres;1997;
10;Cáceres;10052 Casas de Don Antonio;Hombres;1996;111
10;Cáceres;10052 Casas de Don Antonio;Mujeres;2023;89
10;Cáceres;10052 Casas de Don Antonio;Mujeres;2022;91
10;Cáceres;10052 Casas de Don Antonio;Mujeres;2021;87
10;Cáceres;10052 Casas de Don Antonio;Mujeres;2020;85
10;Cáceres;10052 Casas de Don Antonio;Mujeres;2019;88
10;Cáceres;10052 Casas de Don Antonio;Mujeres;2018;82
10;Cáceres;10052 Casas de Don Antonio;Mujeres;2017;93
10;Cáceres;10052 Casas de Don Antonio;Mujeres;2016;100
10;Cáceres;10052 Casas de Don Antonio;Mujeres;2015;103
10;Cáceres;10052 Casas de Don Antonio;Mujeres;2014;97
10;Cáceres;10052 Casas de Don Antonio;Mujeres;2013;104
10;Cáceres;10052 Casas de Don Antonio;Mujeres;2012;107
10;Cáceres;10052 Casas de Don Antonio;Mujeres;2011;113
10;Cáceres;10052 Casas de Don Antonio;Mujeres;2010;107
10;Cáceres;10052 Casas de Don Antonio;Mujeres;2009;117
10;Cáceres;10052 Casas de Don Antonio;Mujeres;2008;113
10;Cáceres;10052 Casas de Don Antonio;Mujeres;2007;114
10;Cáceres;10052 Casas de Don Antonio;Mujeres;2006;121
10;Cáceres;10052 Casas de Don Antonio;Mujeres;2005;122
10;Cáceres;10052 Casas de Don Antonio;Mujeres;2004;114
10;Cáceres;10052 Casas de Don Antonio;Mujeres;2003;120
10;Cáceres;10052 Casas de Don Antonio;Mujeres;2002;116
10;Cáceres;10052 Casas de Don Antonio;Mujeres;2001;122
10;Cáceres;10052 Casas de Don Antonio;Mujeres;2000;122
10;Cáceres;10052 Casas de Don Antonio;Mujeres;1999;128
10;Cáceres;10052 Casas de Don Antonio;Mujeres;1998;125
10;Cáceres;10052 Casas de Don Antonio;Mujeres;1997;
10;Cáceres;10052 Casas de Don Antonio;Mujeres;1996;128
10;Cáceres;10053 Casas de Don Gómez;Total;2023;321
10;Cáceres;10053 Casas de Don Gómez;Total;2022;286
10;Cáceres;10053 Casas de Don Gómez;Total;2021;277
10;Cáceres;10053 Casas de Don Gómez;Total;2020;283
10;Cáceres;10053 Casas de Don Gómez;Total;2019;289
10;Cáceres;10053 Casas de Don Gómez;Total;2018;301
10;Cáceres;10053 Casas de Don Gómez;Total;2017;303
10;Cáceres;10053 Casas de Don Gómez;Total;2016;294
10;Cáceres;10053 Casas de Don Gómez;Total;2015;301
10;Cáceres;10053 Casas de Don Gómez;Total;2014;308
10;Cáceres;10053 Casas de Don Gómez;Total;2013;312
10;Cáceres;10053 Casas de Don Gómez;Total;2012;332
10;Cáceres;10053 Casas de Don Gómez;Total;2011;341
10;Cáceres;10053 Casas de Don Gómez;Total;2010;336
10;Cáceres;10053 Casas de Don Gómez;Total;2009;347
10;Cáceres;10053 Casas de Don Gómez;Total;2008;354
10;Cáceres;10053 Casas de Don Gómez;Total;2007;356
10;Cáceres;10053 Casas de Don Gómez;Total;2006;357
10;Cáceres;10053 Casas de Don Gómez;Total;2005;343
10;Cáceres;10053 Casas de Don Gómez;Total;2004;348
10;Cáceres;10053 Casas de Don Gómez;Total;2003;342
10;Cáceres;10053 Casas de Don Gómez;Total;2002;336
10;Cáceres;10053 Casas de Don Gómez;Total;2001;344
10;Cáceres;10053 Casas de Don Gómez;Total;2000;343
10;Cáceres;10053 Casas de Don Gómez;Total;1999;352
10;Cáceres;10053 Casas de Don Gómez;Total;1998;371
10;Cáceres;10053 Casas de Don Gómez;Total;1997;
10;Cáceres;10053 Casas de Don Gómez;Total;1996;392
10;Cáceres;10053 Casas de Don Gómez;Hombres;2023;176
10;Cáceres;10053 Casas de Don Gómez;Hombres;2022;153
10;Cáceres;10053 Casas de Don Gómez;Hombres;2021;149
10;Cáceres;10053 Casas de Don Gómez;Hombres;2020;152
10;Cáceres;10053 Casas de Don Gómez;Hombres;2019;155
10;Cáceres;10053 Casas de Don Gómez;Hombres;2018;164
10;Cáceres;10053 Casas de Don Gómez;Hombres;2017;164
10;Cáceres;10053 Casas de Don Gómez;Hombres;2016;156
10;Cáceres;10053 Casas de Don Gómez;Hombres;2015;160
10;Cáceres;10053 Casas de Don Gómez;Hombres;2014;162
10;Cáceres;10053 Casas de Don Gómez;Hombres;2013;163
10;Cáceres;10053 Casas de Don Gómez;Hombres;2012;175
10;Cáceres;10053 Casas de Don Gómez;Hombres;2011;180
10;Cáceres;10053 Casas de Don Gómez;Hombres;2010;178
10;Cáceres;10053 Casas de Don Gómez;Hombres;2009;180
10;Cáceres;10053 Casas de Don Gómez;Hombres;2008;190
10;Cáceres;10053 Casas de Don Gómez;Hombres;2007;186
10;Cáceres;10053 Casas de Don Gómez;Hombres;2006;187
10;Cáceres;10053 Casas de Don Gómez;Hombres;2005;177
10;Cáceres;10053 Casas de Don Gómez;Hombres;2004;181
10;Cáceres;10053 Casas de Don Gómez;Hombres;2003;180
10;Cáceres;10053 Casas de Don Gómez;Hombres;2002;180
10;Cáceres;10053 Casas de Don Gómez;Hombres;2001;180
10;Cáceres;10053 Casas de Don Gómez;Hombres;2000;179
10;Cáceres;10053 Casas de Don Gómez;Hombres;1999;184
10;Cáceres;10053 Casas de Don Gómez;Hombres;1998;193
10;Cáceres;10053 Casas de Don Gómez;Hombres;1997;
10;Cáceres;10053 Casas de Don Gómez;Hombres;1996;196
10;Cáceres;10053 Casas de Don Gómez;Mujeres;2023;145
10;Cáceres;10053 Casas de Don Gómez;Mujeres;2022;133
10;Cáceres;10053 Casas de Don Gómez;Mujeres;2021;128
10;Cáceres;10053 Casas de Don Gómez;Mujeres;2020;131
10;Cáceres;10053 Casas de Don Gómez;Mujeres;2019;134
10;Cáceres;10053 Casas de Don Gómez;Mujeres;2018;137
10;Cáceres;10053 Casas de Don Gómez;Mujeres;2017;139
10;Cáceres;10053 Casas de Don Gómez;Mujeres;2016;138
10;Cáceres;10053 Casas de Don Gómez;Mujeres;2015;141
10;Cáceres;10053 Casas de Don Gómez;Mujeres;2014;146
10;Cáceres;10053 Casas de Don Gómez;Mujeres;2013;149
10;Cáceres;10053 Casas de Don Gómez;Mujeres;2012;157
10;Cáceres;10053 Casas de Don Gómez;Mujeres;2011;161
10;Cáceres;10053 Casas de Don Gómez;Mujeres;2010;158
10;Cáceres;10053 Casas de Don Gómez;Mujeres;2009;167
10;Cáceres;10053 Casas de Don Gómez;Mujeres;2008;164
10;Cáceres;10053 Casas de Don Gómez;Mujeres;2007;170
10;Cáceres;10053 Casas de Don Gómez;Mujeres;2006;170
10;Cáceres;10053 Casas de Don Gómez;Mujeres;2005;166
10;Cáceres;10053 Casas de Don Gómez;Mujeres;2004;167
10;Cáceres;10053 Casas de Don Gómez;Mujeres;2003;162
10;Cáceres;10053 Casas de Don Gómez;Mujeres;2002;156
10;Cáceres;10053 Casas de Don Gómez;Mujeres;2001;164
10;Cáceres;10053 Casas de Don Gómez;Mujeres;2000;164
10;Cáceres;10053 Casas de Don Gómez;Mujeres;1999;168
10;Cáceres;10053 Casas de Don Gómez;Mujeres;1998;178
10;Cáceres;10053 Casas de Don Gómez;Mujeres;1997;
10;Cáceres;10053 Casas de Don Gómez;Mujeres;1996;196
10;Cáceres;10056 Casas de Millán;Total;2023;549
10;Cáceres;10056 Casas de Millán;Total;2022;558
10;Cáceres;10056 Casas de Millán;Total;2021;556
10;Cáceres;10056 Casas de Millán;Total;2020;550
10;Cáceres;10056 Casas de Millán;Total;2019;567
10;Cáceres;10056 Casas de Millán;Total;2018;585
10;Cáceres;10056 Casas de Millán;Total;2017;606
10;Cáceres;10056 Casas de Millán;Total;2016;634
10;Cáceres;10056 Casas de Millán;Total;2015;653
10;Cáceres;10056 Casas de Millán;Total;2014;652
10;Cáceres;10056 Casas de Millán;Total;2013;659
10;Cáceres;10056 Casas de Millán;Total;2012;674
10;Cáceres;10056 Casas de Millán;Total;2011;673
10;Cáceres;10056 Casas de Millán;Total;2010;691
10;Cáceres;10056 Casas de Millán;Total;2009;690
10;Cáceres;10056 Casas de Millán;Total;2008;704
10;Cáceres;10056 Casas de Millán;Total;2007;721
10;Cáceres;10056 Casas de Millán;Total;2006;720
10;Cáceres;10056 Casas de Millán;Total;2005;720
10;Cáceres;10056 Casas de Millán;Total;2004;723
10;Cáceres;10056 Casas de Millán;Total;2003;739
10;Cáceres;10056 Casas de Millán;Total;2002;773
10;Cáceres;10056 Casas de Millán;Total;2001;792
10;Cáceres;10056 Casas de Millán;Total;2000;809
10;Cáceres;10056 Casas de Millán;Total;1999;818
10;Cáceres;10056 Casas de Millán;Total;1998;812
10;Cáceres;10056 Casas de Millán;Total;1997;
10;Cáceres;10056 Casas de Millán;Total;1996;848
10;Cáceres;10056 Casas de Millán;Hombres;2023;278
10;Cáceres;10056 Casas de Millán;Hombres;2022;283
10;Cáceres;10056 Casas de Millán;Hombres;2021;280
10;Cáceres;10056 Casas de Millán;Hombres;2020;280
10;Cáceres;10056 Casas de Millán;Hombres;2019;289
10;Cáceres;10056 Casas de Millán;Hombres;2018;293
10;Cáceres;10056 Casas de Millán;Hombres;2017;302
10;Cáceres;10056 Casas de Millán;Hombres;2016;317
10;Cáceres;10056 Casas de Millán;Hombres;2015;331
10;Cáceres;10056 Casas de Millán;Hombres;2014;331
10;Cáceres;10056 Casas de Millán;Hombres;2013;339
10;Cáceres;10056 Casas de Millán;Hombres;2012;342
10;Cáceres;10056 Casas de Millán;Hombres;2011;338
10;Cáceres;10056 Casas de Millán;Hombres;2010;344
10;Cáceres;10056 Casas de Millán;Hombres;2009;346
10;Cáceres;10056 Casas de Millán;Hombres;2008;354
10;Cáceres;10056 Casas de Millán;Hombres;2007;360
10;Cáceres;10056 Casas de Millán;Hombres;2006;359
10;Cáceres;10056 Casas de Millán;Hombres;2005;362
10;Cáceres;10056 Casas de Millán;Hombres;2004;366
10;Cáceres;10056 Casas de Millán;Hombres;2003;371
10;Cáceres;10056 Casas de Millán;Hombres;2002;385
10;Cáceres;10056 Casas de Millán;Hombres;2001;402
10;Cáceres;10056 Casas de Millán;Hombres;2000;416
10;Cáceres;10056 Casas de Millán;Hombres;1999;426
10;Cáceres;10056 Casas de Millán;Hombres;1998;422
10;Cáceres;10056 Casas de Millán;Hombres;1997;
10;Cáceres;10056 Casas de Millán;Hombres;1996;437
10;Cáceres;10056 Casas de Millán;Mujeres;2023;271
10;Cáceres;10056 Casas de Millán;Mujeres;2022;275
10;Cáceres;10056 Casas de Millán;Mujeres;2021;276
10;Cáceres;10056 Casas de Millán;Mujeres;2020;270
10;Cáceres;10056 Casas de Millán;Mujeres;2019;278
10;Cáceres;10056 Casas de Millán;Mujeres;2018;292
10;Cáceres;10056 Casas de Millán;Mujeres;2017;304
10;Cáceres;10056 Casas de Millán;Mujeres;2016;317
10;Cáceres;10056 Casas de Millán;Mujeres;2015;322
10;Cáceres;10056 Casas de Millán;Mujeres;2014;321
10;Cáceres;10056 Casas de Millán;Mujeres;2013;320
10;Cáceres;10056 Casas de Millán;Mujeres;2012;332
10;Cáceres;10056 Casas de Millán;Mujeres;2011;335
10;Cáceres;10056 Casas de Millán;Mujeres;2010;347
10;Cáceres;10056 Casas de Millán;Mujeres;2009;344
10;Cáceres;10056 Casas de Millán;Mujeres;2008;350
10;Cáceres;10056 Casas de Millán;Mujeres;2007;361
10;Cáceres;10056 Casas de Millán;Mujeres;2006;361
10;Cáceres;10056 Casas de Millán;Mujeres;2005;358
10;Cáceres;10056 Casas de Millán;Mujeres;2004;357
10;Cáceres;10056 Casas de Millán;Mujeres;2003;368
10;Cáceres;10056 Casas de Millán;Mujeres;2002;388
10;Cáceres;10056 Casas de Millán;Mujeres;2001;390
10;Cáceres;10056 Casas de Millán;Mujeres;2000;393
10;Cáceres;10056 Casas de Millán;Mujeres;1999;392
10;Cáceres;10056 Casas de Millán;Mujeres;1998;390
10;Cáceres;10056 Casas de Millán;Mujeres;1997;
10;Cáceres;10056 Casas de Millán;Mujeres;1996;411
10;Cáceres;10057 Casas de Miravete;Total;2023;114
10;Cáceres;10057 Casas de Miravete;Total;2022;119
10;Cáceres;10057 Casas de Miravete;Total;2021;129
10;Cáceres;10057 Casas de Miravete;Total;2020;126
10;Cáceres;10057 Casas de Miravete;Total;2019;132
10;Cáceres;10057 Casas de Miravete;Total;2018;140
10;Cáceres;10057 Casas de Miravete;Total;2017;148
10;Cáceres;10057 Casas de Miravete;Total;2016;144
10;Cáceres;10057 Casas de Miravete;Total;2015;157
10;Cáceres;10057 Casas de Miravete;Total;2014;148
10;Cáceres;10057 Casas de Miravete;Total;2013;157
10;Cáceres;10057 Casas de Miravete;Total;2012;172
10;Cáceres;10057 Casas de Miravete;Total;2011;172
10;Cáceres;10057 Casas de Miravete;Total;2010;139
10;Cáceres;10057 Casas de Miravete;Total;2009;145
10;Cáceres;10057 Casas de Miravete;Total;2008;159
10;Cáceres;10057 Casas de Miravete;Total;2007;159
10;Cáceres;10057 Casas de Miravete;Total;2006;172
10;Cáceres;10057 Casas de Miravete;Total;2005;185
10;Cáceres;10057 Casas de Miravete;Total;2004;194
10;Cáceres;10057 Casas de Miravete;Total;2003;197
10;Cáceres;10057 Casas de Miravete;Total;2002;194
10;Cáceres;10057 Casas de Miravete;Total;2001;205
10;Cáceres;10057 Casas de Miravete;Total;2000;182
10;Cáceres;10057 Casas de Miravete;Total;1999;163
10;Cáceres;10057 Casas de Miravete;Total;1998;163
10;Cáceres;10057 Casas de Miravete;Total;1997;
10;Cáceres;10057 Casas de Miravete;Total;1996;169
10;Cáceres;10057 Casas de Miravete;Hombres;2023;75
10;Cáceres;10057 Casas de Miravete;Hombres;2022;75
10;Cáceres;10057 Casas de Miravete;Hombres;2021;81
10;Cáceres;10057 Casas de Miravete;Hombres;2020;79
10;Cáceres;10057 Casas de Miravete;Hombres;2019;83
10;Cáceres;10057 Casas de Miravete;Hombres;2018;85
10;Cáceres;10057 Casas de Miravete;Hombres;2017;91
10;Cáceres;10057 Casas de Miravete;Hombres;2016;90
10;Cáceres;10057 Casas de Miravete;Hombres;2015;101
10;Cáceres;10057 Casas de Miravete;Hombres;2014;94
10;Cáceres;10057 Casas de Miravete;Hombres;2013;96
10;Cáceres;10057 Casas de Miravete;Hombres;2012;102
10;Cáceres;10057 Casas de Miravete;Hombres;2011;100
10;Cáceres;10057 Casas de Miravete;Hombres;2010;79
10;Cáceres;10057 Casas de Miravete;Hombres;2009;84
10;Cáceres;10057 Casas de Miravete;Hombres;2008;89
10;Cáceres;10057 Casas de Miravete;Hombres;2007;89
10;Cáceres;10057 Casas de Miravete;Hombres;2006;95
10;Cáceres;10057 Casas de Miravete;Hombres;2005;104
10;Cáceres;10057 Casas de Miravete;Hombres;2004;107
10;Cáceres;10057 Casas de Miravete;Hombres;2003;107
10;Cáceres;10057 Casas de Miravete;Hombres;2002;104
10;Cáceres;10057 Casas de Miravete;Hombres;2001;106
10;Cáceres;10057 Casas de Miravete;Hombres;2000;97
10;Cáceres;10057 Casas de Miravete;Hombres;1999;87
10;Cáceres;10057 Casas de Miravete;Hombres;1998;87
10;Cáceres;10057 Casas de Miravete;Hombres;1997;
10;Cáceres;10057 Casas de Miravete;Hombres;1996;89
10;Cáceres;10057 Casas de Miravete;Mujeres;2023;39
10;Cáceres;10057 Casas de Miravete;Mujeres;2022;44
10;Cáceres;10057 Casas de Miravete;Mujeres;2021;48
10;Cáceres;10057 Casas de Miravete;Mujeres;2020;47
10;Cáceres;10057 Casas de Miravete;Mujeres;2019;49
10;Cáceres;10057 Casas de Miravete;Mujeres;2018;55
10;Cáceres;10057 Casas de Miravete;Mujeres;2017;57
10;Cáceres;10057 Casas de Miravete;Mujeres;2016;54
10;Cáceres;10057 Casas de Miravete;Mujeres;2015;56
10;Cáceres;10057 Casas de Miravete;Mujeres;2014;54
10;Cáceres;10057 Casas de Miravete;Mujeres;2013;61
10;Cáceres;10057 Casas de Miravete;Mujeres;2012;70
10;Cáceres;10057 Casas de Miravete;Mujeres;2011;72
10;Cáceres;10057 Casas de Miravete;Mujeres;2010;60
10;Cáceres;10057 Casas de Miravete;Mujeres;2009;61
10;Cáceres;10057 Casas de Miravete;Mujeres;2008;70
10;Cáceres;10057 Casas de Miravete;Mujeres;2007;70
10;Cáceres;10057 Casas de Miravete;Mujeres;2006;77
10;Cáceres;10057 Casas de Miravete;Mujeres;2005;81
10;Cáceres;10057 Casas de Miravete;Mujeres;2004;87
10;Cáceres;10057 Casas de Miravete;Mujeres;2003;90
10;Cáceres;10057 Casas de Miravete;Mujeres;2002;90
10;Cáceres;10057 Casas de Miravete;Mujeres;2001;99
10;Cáceres;10057 Casas de Miravete;Mujeres;2000;85
10;Cáceres;10057 Casas de Miravete;Mujeres;1999;76
10;Cáceres;10057 Casas de Miravete;Mujeres;1998;76
10;Cáceres;10057 Casas de Miravete;Mujeres;1997;
10;Cáceres;10057 Casas de Miravete;Mujeres;1996;80
10;Cáceres;10054 Casas del Castañar;Total;2023;579
10;Cáceres;10054 Casas del Castañar;Total;2022;538
10;Cáceres;10054 Casas del Castañar;Total;2021;531
10;Cáceres;10054 Casas del Castañar;Total;2020;552
10;Cáceres;10054 Casas del Castañar;Total;2019;568
10;Cáceres;10054 Casas del Castañar;Total;2018;581
10;Cáceres;10054 Casas del Castañar;Total;2017;594
10;Cáceres;10054 Casas del Castañar;Total;2016;602
10;Cáceres;10054 Casas del Castañar;Total;2015;604
10;Cáceres;10054 Casas del Castañar;Total;2014;604
10;Cáceres;10054 Casas del Castañar;Total;2013;577
10;Cáceres;10054 Casas del Castañar;Total;2012;620
10;Cáceres;10054 Casas del Castañar;Total;2011;620
10;Cáceres;10054 Casas del Castañar;Total;2010;627
10;Cáceres;10054 Casas del Castañar;Total;2009;639
10;Cáceres;10054 Casas del Castañar;Total;2008;637
10;Cáceres;10054 Casas del Castañar;Total;2007;630
10;Cáceres;10054 Casas del Castañar;Total;2006;632
10;Cáceres;10054 Casas del Castañar;Total;2005;652
10;Cáceres;10054 Casas del Castañar;Total;2004;666
10;Cáceres;10054 Casas del Castañar;Total;2003;670
10;Cáceres;10054 Casas del Castañar;Total;2002;671
10;Cáceres;10054 Casas del Castañar;Total;2001;673
10;Cáceres;10054 Casas del Castañar;Total;2000;693
10;Cáceres;10054 Casas del Castañar;Total;1999;725
10;Cáceres;10054 Casas del Castañar;Total;1998;741
10;Cáceres;10054 Casas del Castañar;Total;1997;
10;Cáceres;10054 Casas del Castañar;Total;1996;748
10;Cáceres;10054 Casas del Castañar;Hombres;2023;290
10;Cáceres;10054 Casas del Castañar;Hombres;2022;272
10;Cáceres;10054 Casas del Castañar;Hombres;2021;261
10;Cáceres;10054 Casas del Castañar;Hombres;2020;269
10;Cáceres;10054 Casas del Castañar;Hombres;2019;279
10;Cáceres;10054 Casas del Castañar;Hombres;2018;285
10;Cáceres;10054 Casas del Castañar;Hombres;2017;290
10;Cáceres;10054 Casas del Castañar;Hombres;2016;292
10;Cáceres;10054 Casas del Castañar;Hombres;2015;295
10;Cáceres;10054 Casas del Castañar;Hombres;2014;294
10;Cáceres;10054 Casas del Castañar;Hombres;2013;281
10;Cáceres;10054 Casas del Castañar;Hombres;2012;300
10;Cáceres;10054 Casas del Castañar;Hombres;2011;299
10;Cáceres;10054 Casas del Castañar;Hombres;2010;301
10;Cáceres;10054 Casas del Castañar;Hombres;2009;310
10;Cáceres;10054 Casas del Castañar;Hombres;2008;315
10;Cáceres;10054 Casas del Castañar;Hombres;2007;317
10;Cáceres;10054 Casas del Castañar;Hombres;2006;311
10;Cáceres;10054 Casas del Castañar;Hombres;2005;329
10;Cáceres;10054 Casas del Castañar;Hombres;2004;336
10;Cáceres;10054 Casas del Castañar;Hombres;2003;340
10;Cáceres;10054 Casas del Castañar;Hombres;2002;337
10;Cáceres;10054 Casas del Castañar;Hombres;2001;334
10;Cáceres;10054 Casas del Castañar;Hombres;2000;344
10;Cáceres;10054 Casas del Castañar;Hombres;1999;360
10;Cáceres;10054 Casas del Castañar;Hombres;1998;369
10;Cáceres;10054 Casas del Castañar;Hombres;1997;
10;Cáceres;10054 Casas del Castañar;Hombres;1996;372
10;Cáceres;10054 Casas del Castañar;Mujeres;2023;289
10;Cáceres;10054 Casas del Castañar;Mujeres;2022;266
10;Cáceres;10054 Casas del Castañar;Mujeres;2021;270
10;Cáceres;10054 Casas del Castañar;Mujeres;2020;283
10;Cáceres;10054 Casas del Castañar;Mujeres;2019;289
10;Cáceres;10054 Casas del Castañar;Mujeres;2018;296
10;Cáceres;10054 Casas del Castañar;Mujeres;2017;304
10;Cáceres;10054 Casas del Castañar;Mujeres;2016;310
10;Cáceres;10054 Casas del Castañar;Mujeres;2015;309
10;Cáceres;10054 Casas del Castañar;Mujeres;2014;310
10;Cáceres;10054 Casas del Castañar;Mujeres;2013;296
10;Cáceres;10054 Casas del Castañar;Mujeres;2012;320
10;Cáceres;10054 Casas del Castañar;Mujeres;2011;321
10;Cáceres;10054 Casas del Castañar;Mujeres;2010;326
10;Cáceres;10054 Casas del Castañar;Mujeres;2009;329
10;Cáceres;10054 Casas del Castañar;Mujeres;2008;322
10;Cáceres;10054 Casas del Castañar;Mujeres;2007;313
10;Cáceres;10054 Casas del Castañar;Mujeres;2006;321
10;Cáceres;10054 Casas del Castañar;Mujeres;2005;323
10;Cáceres;10054 Casas del Castañar;Mujeres;2004;330
10;Cáceres;10054 Casas del Castañar;Mujeres;2003;330
10;Cáceres;10054 Casas del Castañar;Mujeres;2002;334
10;Cáceres;10054 Casas del Castañar;Mujeres;2001;339
10;Cáceres;10054 Casas del Castañar;Mujeres;2000;349
10;Cáceres;10054 Casas del Castañar;Mujeres;1999;365
10;Cáceres;10054 Casas del Castañar;Mujeres;1998;372
10;Cáceres;10054 Casas del Castañar;Mujeres;1997;
10;Cáceres;10054 Casas del Castañar;Mujeres;1996;376
10;Cáceres;10055 Casas del Monte;Total;2023;769
10;Cáceres;10055 Casas del Monte;Total;2022;775
10;Cáceres;10055 Casas del Monte;Total;2021;787
10;Cáceres;10055 Casas del Monte;Total;2020;811
10;Cáceres;10055 Casas del Monte;Total;2019;820
10;Cáceres;10055 Casas del Monte;Total;2018;815
10;Cáceres;10055 Casas del Monte;Total;2017;823
10;Cáceres;10055 Casas del Monte;Total;2016;827
10;Cáceres;10055 Casas del Monte;Total;2015;828
10;Cáceres;10055 Casas del Monte;Total;2014;821
10;Cáceres;10055 Casas del Monte;Total;2013;822
10;Cáceres;10055 Casas del Monte;Total;2012;817
10;Cáceres;10055 Casas del Monte;Total;2011;814
10;Cáceres;10055 Casas del Monte;Total;2010;808
10;Cáceres;10055 Casas del Monte;Total;2009;766
10;Cáceres;10055 Casas del Monte;Total;2008;785
10;Cáceres;10055 Casas del Monte;Total;2007;822
10;Cáceres;10055 Casas del Monte;Total;2006;850
10;Cáceres;10055 Casas del Monte;Total;2005;880
10;Cáceres;10055 Casas del Monte;Total;2004;890
10;Cáceres;10055 Casas del Monte;Total;2003;890
10;Cáceres;10055 Casas del Monte;Total;2002;925
10;Cáceres;10055 Casas del Monte;Total;2001;867
10;Cáceres;10055 Casas del Monte;Total;2000;891
10;Cáceres;10055 Casas del Monte;Total;1999;909
10;Cáceres;10055 Casas del Monte;Total;1998;926
10;Cáceres;10055 Casas del Monte;Total;1997;
10;Cáceres;10055 Casas del Monte;Total;1996;928
10;Cáceres;10055 Casas del Monte;Hombres;2023;394
10;Cáceres;10055 Casas del Monte;Hombres;2022;402
10;Cáceres;10055 Casas del Monte;Hombres;2021;406
10;Cáceres;10055 Casas del Monte;Hombres;2020;420
10;Cáceres;10055 Casas del Monte;Hombres;2019;424
10;Cáceres;10055 Casas del Monte;Hombres;2018;420
10;Cáceres;10055 Casas del Monte;Hombres;2017;422
10;Cáceres;10055 Casas del Monte;Hombres;2016;419
10;Cáceres;10055 Casas del Monte;Hombres;2015;416
10;Cáceres;10055 Casas del Monte;Hombres;2014;412
10;Cáceres;10055 Casas del Monte;Hombres;2013;416
10;Cáceres;10055 Casas del Monte;Hombres;2012;412
10;Cáceres;10055 Casas del Monte;Hombres;2011;413
10;Cáceres;10055 Casas del Monte;Hombres;2010;416
10;Cáceres;10055 Casas del Monte;Hombres;2009;400
10;Cáceres;10055 Casas del Monte;Hombres;2008;414
10;Cáceres;10055 Casas del Monte;Hombres;2007;433
10;Cáceres;10055 Casas del Monte;Hombres;2006;446
10;Cáceres;10055 Casas del Monte;Hombres;2005;460
10;Cáceres;10055 Casas del Monte;Hombres;2004;463
10;Cáceres;10055 Casas del Monte;Hombres;2003;464
10;Cáceres;10055 Casas del Monte;Hombres;2002;465
10;Cáceres;10055 Casas del Monte;Hombres;2001;452
10;Cáceres;10055 Casas del Monte;Hombres;2000;468
10;Cáceres;10055 Casas del Monte;Hombres;1999;473
10;Cáceres;10055 Casas del Monte;Hombres;1998;479
10;Cáceres;10055 Casas del Monte;Hombres;1997;
10;Cáceres;10055 Casas del Monte;Hombres;1996;479
10;Cáceres;10055 Casas del Monte;Mujeres;2023;375
10;Cáceres;10055 Casas del Monte;Mujeres;2022;373
10;Cáceres;10055 Casas del Monte;Mujeres;2021;381
10;Cáceres;10055 Casas del Monte;Mujeres;2020;391
10;Cáceres;10055 Casas del Monte;Mujeres;2019;396
10;Cáceres;10055 Casas del Monte;Mujeres;2018;395
10;Cáceres;10055 Casas del Monte;Mujeres;2017;401
10;Cáceres;10055 Casas del Monte;Mujeres;2016;408
10;Cáceres;10055 Casas del Monte;Mujeres;2015;412
10;Cáceres;10055 Casas del Monte;Mujeres;2014;409
10;Cáceres;10055 Casas del Monte;Mujeres;2013;406
10;Cáceres;10055 Casas del Monte;Mujeres;2012;405
10;Cáceres;10055 Casas del Monte;Mujeres;2011;401
10;Cáceres;10055 Casas del Monte;Mujeres;2010;392
10;Cáceres;10055 Casas del Monte;Mujeres;2009;366
10;Cáceres;10055 Casas del Monte;Mujeres;2008;371
10;Cáceres;10055 Casas del Monte;Mujeres;2007;389
10;Cáceres;10055 Casas del Monte;Mujeres;2006;404
10;Cáceres;10055 Casas del Monte;Mujeres;2005;420
10;Cáceres;10055 Casas del Monte;Mujeres;2004;427
10;Cáceres;10055 Casas del Monte;Mujeres;2003;426
10;Cáceres;10055 Casas del Monte;Mujeres;2002;460
10;Cáceres;10055 Casas del Monte;Mujeres;2001;415
10;Cáceres;10055 Casas del Monte;Mujeres;2000;423
10;Cáceres;10055 Casas del Monte;Mujeres;1999;436
10;Cáceres;10055 Casas del Monte;Mujeres;1998;447
10;Cáceres;10055 Casas del Monte;Mujeres;1997;
10;Cáceres;10055 Casas del Monte;Mujeres;1996;449
10;Cáceres;10058 Casatejada;Total;2023;1360
10;Cáceres;10058 Casatejada;Total;2022;1342
10;Cáceres;10058 Casatejada;Total;2021;1343
10;Cáceres;10058 Casatejada;Total;2020;1344
10;Cáceres;10058 Casatejada;Total;2019;1360
10;Cáceres;10058 Casatejada;Total;2018;1381
10;Cáceres;10058 Casatejada;Total;2017;1409
10;Cáceres;10058 Casatejada;Total;2016;1413
10;Cáceres;10058 Casatejada;Total;2015;1428
10;Cáceres;10058 Casatejada;Total;2014;1439
10;Cáceres;10058 Casatejada;Total;2013;1459
10;Cáceres;10058 Casatejada;Total;2012;1453
10;Cáceres;10058 Casatejada;Total;2011;1461
10;Cáceres;10058 Casatejada;Total;2010;1433
10;Cáceres;10058 Casatejada;Total;2009;1399
10;Cáceres;10058 Casatejada;Total;2008;1362
10;Cáceres;10058 Casatejada;Total;2007;1354
10;Cáceres;10058 Casatejada;Total;2006;1341
10;Cáceres;10058 Casatejada;Total;2005;1324
10;Cáceres;10058 Casatejada;Total;2004;1324
10;Cáceres;10058 Casatejada;Total;2003;1240
10;Cáceres;10058 Casatejada;Total;2002;1264
10;Cáceres;10058 Casatejada;Total;2001;1344
10;Cáceres;10058 Casatejada;Total;2000;1319
10;Cáceres;10058 Casatejada;Total;1999;1305
10;Cáceres;10058 Casatejada;Total;1998;1277
10;Cáceres;10058 Casatejada;Total;1997;
10;Cáceres;10058 Casatejada;Total;1996;1338
10;Cáceres;10058 Casatejada;Hombres;2023;711
10;Cáceres;10058 Casatejada;Hombres;2022;691
10;Cáceres;10058 Casatejada;Hombres;2021;700
10;Cáceres;10058 Casatejada;Hombres;2020;706
10;Cáceres;10058 Casatejada;Hombres;2019;717
10;Cáceres;10058 Casatejada;Hombres;2018;715
10;Cáceres;10058 Casatejada;Hombres;2017;733
10;Cáceres;10058 Casatejada;Hombres;2016;729
10;Cáceres;10058 Casatejada;Hombres;2015;737
10;Cáceres;10058 Casatejada;Hombres;2014;752
10;Cáceres;10058 Casatejada;Hombres;2013;764
10;Cáceres;10058 Casatejada;Hombres;2012;753
10;Cáceres;10058 Casatejada;Hombres;2011;752
10;Cáceres;10058 Casatejada;Hombres;2010;744
10;Cáceres;10058 Casatejada;Hombres;2009;716
10;Cáceres;10058 Casatejada;Hombres;2008;690
10;Cáceres;10058 Casatejada;Hombres;2007;692
10;Cáceres;10058 Casatejada;Hombres;2006;688
10;Cáceres;10058 Casatejada;Hombres;2005;690
10;Cáceres;10058 Casatejada;Hombres;2004;683
10;Cáceres;10058 Casatejada;Hombres;2003;623
10;Cáceres;10058 Casatejada;Hombres;2002;627
10;Cáceres;10058 Casatejada;Hombres;2001;672
10;Cáceres;10058 Casatejada;Hombres;2000;670
10;Cáceres;10058 Casatejada;Hombres;1999;654
10;Cáceres;10058 Casatejada;Hombres;1998;638
10;Cáceres;10058 Casatejada;Hombres;1997;
10;Cáceres;10058 Casatejada;Hombres;1996;673
10;Cáceres;10058 Casatejada;Mujeres;2023;649
10;Cáceres;10058 Casatejada;Mujeres;2022;651
10;Cáceres;10058 Casatejada;Mujeres;2021;643
10;Cáceres;10058 Casatejada;Mujeres;2020;638
10;Cáceres;10058 Casatejada;Mujeres;2019;643
10;Cáceres;10058 Casatejada;Mujeres;2018;666
10;Cáceres;10058 Casatejada;Mujeres;2017;676
10;Cáceres;10058 Casatejada;Mujeres;2016;684
10;Cáceres;10058 Casatejada;Mujeres;2015;691
10;Cáceres;10058 Casatejada;Mujeres;2014;687
10;Cáceres;10058 Casatejada;Mujeres;2013;695
10;Cáceres;10058 Casatejada;Mujeres;2012;700
10;Cáceres;10058 Casatejada;Mujeres;2011;709
10;Cáceres;10058 Casatejada;Mujeres;2010;689
10;Cáceres;10058 Casatejada;Mujeres;2009;683
10;Cáceres;10058 Casatejada;Mujeres;2008;672
10;Cáceres;10058 Casatejada;Mujeres;2007;662
10;Cáceres;10058 Casatejada;Mujeres;2006;653
10;Cáceres;10058 Casatejada;Mujeres;2005;634
10;Cáceres;10058 Casatejada;Mujeres;2004;641
10;Cáceres;10058 Casatejada;Mujeres;2003;617
10;Cáceres;10058 Casatejada;Mujeres;2002;637
10;Cáceres;10058 Casatejada;Mujeres;2001;672
10;Cáceres;10058 Casatejada;Mujeres;2000;649
10;Cáceres;10058 Casatejada;Mujeres;1999;651
10;Cáceres;10058 Casatejada;Mujeres;1998;639
10;Cáceres;10058 Casatejada;Mujeres;1997;
10;Cáceres;10058 Casatejada;Mujeres;1996;665
10;Cáceres;10059 Casillas de Coria;Total;2023;343
10;Cáceres;10059 Casillas de Coria;Total;2022;337
10;Cáceres;10059 Casillas de Coria;Total;2021;344
10;Cáceres;10059 Casillas de Coria;Total;2020;345
10;Cáceres;10059 Casillas de Coria;Total;2019;349
10;Cáceres;10059 Casillas de Coria;Total;2018;375
10;Cáceres;10059 Casillas de Coria;Total;2017;397
10;Cáceres;10059 Casillas de Coria;Total;2016;400
10;Cáceres;10059 Casillas de Coria;Total;2015;416
10;Cáceres;10059 Casillas de Coria;Total;2014;423
10;Cáceres;10059 Casillas de Coria;Total;2013;433
10;Cáceres;10059 Casillas de Coria;Total;2012;441
10;Cáceres;10059 Casillas de Coria;Total;2011;455
10;Cáceres;10059 Casillas de Coria;Total;2010;467
10;Cáceres;10059 Casillas de Coria;Total;2009;470
10;Cáceres;10059 Casillas de Coria;Total;2008;465
10;Cáceres;10059 Casillas de Coria;Total;2007;484
10;Cáceres;10059 Casillas de Coria;Total;2006;494
10;Cáceres;10059 Casillas de Coria;Total;2005;484
10;Cáceres;10059 Casillas de Coria;Total;2004;498
10;Cáceres;10059 Casillas de Coria;Total;2003;505
10;Cáceres;10059 Casillas de Coria;Total;2002;525
10;Cáceres;10059 Casillas de Coria;Total;2001;537
10;Cáceres;10059 Casillas de Coria;Total;2000;540
10;Cáceres;10059 Casillas de Coria;Total;1999;547
10;Cáceres;10059 Casillas de Coria;Total;1998;539
10;Cáceres;10059 Casillas de Coria;Total;1997;
10;Cáceres;10059 Casillas de Coria;Total;1996;564
10;Cáceres;10059 Casillas de Coria;Hombres;2023;171
10;Cáceres;10059 Casillas de Coria;Hombres;2022;168
10;Cáceres;10059 Casillas de Coria;Hombres;2021;171
10;Cáceres;10059 Casillas de Coria;Hombres;2020;170
10;Cáceres;10059 Casillas de Coria;Hombres;2019;170
10;Cáceres;10059 Casillas de Coria;Hombres;2018;182
10;Cáceres;10059 Casillas de Coria;Hombres;2017;194
10;Cáceres;10059 Casillas de Coria;Hombres;2016;197
10;Cáceres;10059 Casillas de Coria;Hombres;2015;200
10;Cáceres;10059 Casillas de Coria;Hombres;2014;202
10;Cáceres;10059 Casillas de Coria;Hombres;2013;208
10;Cáceres;10059 Casillas de Coria;Hombres;2012;209
10;Cáceres;10059 Casillas de Coria;Hombres;2011;221
10;Cáceres;10059 Casillas de Coria;Hombres;2010;226
10;Cáceres;10059 Casillas de Coria;Hombres;2009;229
10;Cáceres;10059 Casillas de Coria;Hombres;2008;227
10;Cáceres;10059 Casillas de Coria;Hombres;2007;233
10;Cáceres;10059 Casillas de Coria;Hombres;2006;235
10;Cáceres;10059 Casillas de Coria;Hombres;2005;228
10;Cáceres;10059 Casillas de Coria;Hombres;2004;235
10;Cáceres;10059 Casillas de Coria;Hombres;2003;239
10;Cáceres;10059 Casillas de Coria;Hombres;2002;249
10;Cáceres;10059 Casillas de Coria;Hombres;2001;257
10;Cáceres;10059 Casillas de Coria;Hombres;2000;256
10;Cáceres;10059 Casillas de Coria;Hombres;1999;254
10;Cáceres;10059 Casillas de Coria;Hombres;1998;249
10;Cáceres;10059 Casillas de Coria;Hombres;1997;
10;Cáceres;10059 Casillas de Coria;Hombres;1996;265
10;Cáceres;10059 Casillas de Coria;Mujeres;2023;172
10;Cáceres;10059 Casillas de Coria;Mujeres;2022;169
10;Cáceres;10059 Casillas de Coria;Mujeres;2021;173
10;Cáceres;10059 Casillas de Coria;Mujeres;2020;175
10;Cáceres;10059 Casillas de Coria;Mujeres;2019;179
10;Cáceres;10059 Casillas de Coria;Mujeres;2018;193
10;Cáceres;10059 Casillas de Coria;Mujeres;2017;203
10;Cáceres;10059 Casillas de Coria;Mujeres;2016;203
10;Cáceres;10059 Casillas de Coria;Mujeres;2015;216
10;Cáceres;10059 Casillas de Coria;Mujeres;2014;221
10;Cáceres;10059 Casillas de Coria;Mujeres;2013;225
10;Cáceres;10059 Casillas de Coria;Mujeres;2012;232
10;Cáceres;10059 Casillas de Coria;Mujeres;2011;234
10;Cáceres;10059 Casillas de Coria;Mujeres;2010;241
10;Cáceres;10059 Casillas de Coria;Mujeres;2009;241
10;Cáceres;10059 Casillas de Coria;Mujeres;2008;238
10;Cáceres;10059 Casillas de Coria;Mujeres;2007;251
10;Cáceres;10059 Casillas de Coria;Mujeres;2006;259
10;Cáceres;10059 Casillas de Coria;Mujeres;2005;256
10;Cáceres;10059 Casillas de Coria;Mujeres;2004;263
10;Cáceres;10059 Casillas de Coria;Mujeres;2003;266
10;Cáceres;10059 Casillas de Coria;Mujeres;2002;276
10;Cáceres;10059 Casillas de Coria;Mujeres;2001;280
10;Cáceres;10059 Casillas de Coria;Mujeres;2000;284
10;Cáceres;10059 Casillas de Coria;Mujeres;1999;293
10;Cáceres;10059 Casillas de Coria;Mujeres;1998;290
10;Cáceres;10059 Casillas de Coria;Mujeres;1997;
10;Cáceres;10059 Casillas de Coria;Mujeres;1996;299
10;Cáceres;10060 Castañar de Ibor;Total;2023;1013
10;Cáceres;10060 Castañar de Ibor;Total;2022;1025
10;Cáceres;10060 Castañar de Ibor;Total;2021;1021
10;Cáceres;10060 Castañar de Ibor;Total;2020;1033
10;Cáceres;10060 Castañar de Ibor;Total;2019;1054
10;Cáceres;10060 Castañar de Ibor;Total;2018;1053
10;Cáceres;10060 Castañar de Ibor;Total;2017;1082
10;Cáceres;10060 Castañar de Ibor;Total;2016;1094
10;Cáceres;10060 Castañar de Ibor;Total;2015;1112
10;Cáceres;10060 Castañar de Ibor;Total;2014;1139
10;Cáceres;10060 Castañar de Ibor;Total;2013;1150
10;Cáceres;10060 Castañar de Ibor;Total;2012;1175
10;Cáceres;10060 Castañar de Ibor;Total;2011;1193
10;Cáceres;10060 Castañar de Ibor;Total;2010;1198
10;Cáceres;10060 Castañar de Ibor;Total;2009;1225
10;Cáceres;10060 Castañar de Ibor;Total;2008;1200
10;Cáceres;10060 Castañar de Ibor;Total;2007;1212
10;Cáceres;10060 Castañar de Ibor;Total;2006;1229
10;Cáceres;10060 Castañar de Ibor;Total;2005;1182
10;Cáceres;10060 Castañar de Ibor;Total;2004;1205
10;Cáceres;10060 Castañar de Ibor;Total;2003;1231
10;Cáceres;10060 Castañar de Ibor;Total;2002;1262
10;Cáceres;10060 Castañar de Ibor;Total;2001;1318
10;Cáceres;10060 Castañar de Ibor;Total;2000;1354
10;Cáceres;10060 Castañar de Ibor;Total;1999;1372
10;Cáceres;10060 Castañar de Ibor;Total;1998;1388
10;Cáceres;10060 Castañar de Ibor;Total;1997;
10;Cáceres;10060 Castañar de Ibor;Total;1996;1397
10;Cáceres;10060 Castañar de Ibor;Hombres;2023;523
10;Cáceres;10060 Castañar de Ibor;Hombres;2022;526
10;Cáceres;10060 Castañar de Ibor;Hombres;2021;529
10;Cáceres;10060 Castañar de Ibor;Hombres;2020;533
10;Cáceres;10060 Castañar de Ibor;Hombres;2019;549
10;Cáceres;10060 Castañar de Ibor;Hombres;2018;542
10;Cáceres;10060 Castañar de Ibor;Hombres;2017;560
10;Cáceres;10060 Castañar de Ibor;Hombres;2016;562
10;Cáceres;10060 Castañar de Ibor;Hombres;2015;571
10;Cáceres;10060 Castañar de Ibor;Hombres;2014;586
10;Cáceres;10060 Castañar de Ibor;Hombres;2013;595
10;Cáceres;10060 Castañar de Ibor;Hombres;2012;621
10;Cáceres;10060 Castañar de Ibor;Hombres;2011;629
10;Cáceres;10060 Castañar de Ibor;Hombres;2010;627
10;Cáceres;10060 Castañar de Ibor;Hombres;2009;640
10;Cáceres;10060 Castañar de Ibor;Hombres;2008;632
10;Cáceres;10060 Castañar de Ibor;Hombres;2007;628
10;Cáceres;10060 Castañar de Ibor;Hombres;2006;636
10;Cáceres;10060 Castañar de Ibor;Hombres;2005;608
10;Cáceres;10060 Castañar de Ibor;Hombres;2004;616
10;Cáceres;10060 Castañar de Ibor;Hombres;2003;632
10;Cáceres;10060 Castañar de Ibor;Hombres;2002;643
10;Cáceres;10060 Castañar de Ibor;Hombres;2001;671
10;Cáceres;10060 Castañar de Ibor;Hombres;2000;692
10;Cáceres;10060 Castañar de Ibor;Hombres;1999;701
10;Cáceres;10060 Castañar de Ibor;Hombres;1998;710
10;Cáceres;10060 Castañar de Ibor;Hombres;1997;
10;Cáceres;10060 Castañar de Ibor;Hombres;1996;705
10;Cáceres;10060 Castañar de Ibor;Mujeres;2023;490
10;Cáceres;10060 Castañar de Ibor;Mujeres;2022;499
10;Cáceres;10060 Castañar de Ibor;Mujeres;2021;492
10;Cáceres;10060 Castañar de Ibor;Mujeres;2020;500
10;Cáceres;10060 Castañar de Ibor;Mujeres;2019;505
10;Cáceres;10060 Castañar de Ibor;Mujeres;2018;511
10;Cáceres;10060 Castañar de Ibor;Mujeres;2017;522
10;Cáceres;10060 Castañar de Ibor;Mujeres;2016;532
10;Cáceres;10060 Castañar de Ibor;Mujeres;2015;541
10;Cáceres;10060 Castañar de Ibor;Mujeres;2014;553
10;Cáceres;10060 Castañar de Ibor;Mujeres;2013;555
10;Cáceres;10060 Castañar de Ibor;Mujeres;2012;554
10;Cáceres;10060 Castañar de Ibor;Mujeres;2011;564
10;Cáceres;10060 Castañar de Ibor;Mujeres;2010;571
10;Cáceres;10060 Castañar de Ibor;Mujeres;2009;585
10;Cáceres;10060 Castañar de Ibor;Mujeres;2008;568
10;Cáceres;10060 Castañar de Ibor;Mujeres;2007;584
10;Cáceres;10060 Castañar de Ibor;Mujeres;2006;593
10;Cáceres;10060 Castañar de Ibor;Mujeres;2005;574
10;Cáceres;10060 Castañar de Ibor;Mujeres;2004;589
10;Cáceres;10060 Castañar de Ibor;Mujeres;2003;599
10;Cáceres;10060 Castañar de Ibor;Mujeres;2002;619
10;Cáceres;10060 Castañar de Ibor;Mujeres;2001;647
10;Cáceres;10060 Castañar de Ibor;Mujeres;2000;662
10;Cáceres;10060 Castañar de Ibor;Mujeres;1999;671
10;Cáceres;10060 Castañar de Ibor;Mujeres;1998;678
10;Cáceres;10060 Castañar de Ibor;Mujeres;1997;
10;Cáceres;10060 Castañar de Ibor;Mujeres;1996;692
10;Cáceres;10061 Ceclavín;Total;2023;1780
10;Cáceres;10061 Ceclavín;Total;2022;1779
10;Cáceres;10061 Ceclavín;Total;2021;1801
10;Cáceres;10061 Ceclavín;Total;2020;1812
10;Cáceres;10061 Ceclavín;Total;2019;1840
10;Cáceres;10061 Ceclavín;Total;2018;1854
10;Cáceres;10061 Ceclavín;Total;2017;1871
10;Cáceres;10061 Ceclavín;Total;2016;1897
10;Cáceres;10061 Ceclavín;Total;2015;1943
10;Cáceres;10061 Ceclavín;Total;2014;1957
10;Cáceres;10061 Ceclavín;Total;2013;1998
10;Cáceres;10061 Ceclavín;Total;2012;2026
10;Cáceres;10061 Ceclavín;Total;2011;2020
10;Cáceres;10061 Ceclavín;Total;2010;2038
10;Cáceres;10061 Ceclavín;Total;2009;2054
10;Cáceres;10061 Ceclavín;Total;2008;2096
10;Cáceres;10061 Ceclavín;Total;2007;2095
10;Cáceres;10061 Ceclavín;Total;2006;2114
10;Cáceres;10061 Ceclavín;Total;2005;2115
10;Cáceres;10061 Ceclavín;Total;2004;2109
10;Cáceres;10061 Ceclavín;Total;2003;2152
10;Cáceres;10061 Ceclavín;Total;2002;2189
10;Cáceres;10061 Ceclavín;Total;2001;2212
10;Cáceres;10061 Ceclavín;Total;2000;2228
10;Cáceres;10061 Ceclavín;Total;1999;2149
10;Cáceres;10061 Ceclavín;Total;1998;2149
10;Cáceres;10061 Ceclavín;Total;1997;
10;Cáceres;10061 Ceclavín;Total;1996;2284
10;Cáceres;10061 Ceclavín;Hombres;2023;902
10;Cáceres;10061 Ceclavín;Hombres;2022;901
10;Cáceres;10061 Ceclavín;Hombres;2021;916
10;Cáceres;10061 Ceclavín;Hombres;2020;914
10;Cáceres;10061 Ceclavín;Hombres;2019;933
10;Cáceres;10061 Ceclavín;Hombres;2018;950
10;Cáceres;10061 Ceclavín;Hombres;2017;963
10;Cáceres;10061 Ceclavín;Hombres;2016;970
10;Cáceres;10061 Ceclavín;Hombres;2015;988
10;Cáceres;10061 Ceclavín;Hombres;2014;995
10;Cáceres;10061 Ceclavín;Hombres;2013;1016
10;Cáceres;10061 Ceclavín;Hombres;2012;1019
10;Cáceres;10061 Ceclavín;Hombres;2011;1011
10;Cáceres;10061 Ceclavín;Hombres;2010;1019
10;Cáceres;10061 Ceclavín;Hombres;2009;1027
10;Cáceres;10061 Ceclavín;Hombres;2008;1056
10;Cáceres;10061 Ceclavín;Hombres;2007;1049
10;Cáceres;10061 Ceclavín;Hombres;2006;1054
10;Cáceres;10061 Ceclavín;Hombres;2005;1047
10;Cáceres;10061 Ceclavín;Hombres;2004;1050
10;Cáceres;10061 Ceclavín;Hombres;2003;1086
10;Cáceres;10061 Ceclavín;Hombres;2002;1102
10;Cáceres;10061 Ceclavín;Hombres;2001;1118
10;Cáceres;10061 Ceclavín;Hombres;2000;1133
10;Cáceres;10061 Ceclavín;Hombres;1999;1134
10;Cáceres;10061 Ceclavín;Hombres;1998;1134
10;Cáceres;10061 Ceclavín;Hombres;1997;
10;Cáceres;10061 Ceclavín;Hombres;1996;1170
10;Cáceres;10061 Ceclavín;Mujeres;2023;878
10;Cáceres;10061 Ceclavín;Mujeres;2022;878
10;Cáceres;10061 Ceclavín;Mujeres;2021;885
10;Cáceres;10061 Ceclavín;Mujeres;2020;898
10;Cáceres;10061 Ceclavín;Mujeres;2019;907
10;Cáceres;10061 Ceclavín;Mujeres;2018;904
10;Cáceres;10061 Ceclavín;Mujeres;2017;908
10;Cáceres;10061 Ceclavín;Mujeres;2016;927
10;Cáceres;10061 Ceclavín;Mujeres;2015;955
10;Cáceres;10061 Ceclavín;Mujeres;2014;962
10;Cáceres;10061 Ceclavín;Mujeres;2013;982
10;Cáceres;10061 Ceclavín;Mujeres;2012;1007
10;Cáceres;10061 Ceclavín;Mujeres;2011;1009
10;Cáceres;10061 Ceclavín;Mujeres;2010;1019
10;Cáceres;10061 Ceclavín;Mujeres;2009;1027
10;Cáceres;10061 Ceclavín;Mujeres;2008;1040
10;Cáceres;10061 Ceclavín;Mujeres;2007;1046
10;Cáceres;10061 Ceclavín;Mujeres;2006;1060
10;Cáceres;10061 Ceclavín;Mujeres;2005;1068
10;Cáceres;10061 Ceclavín;Mujeres;2004;1059
10;Cáceres;10061 Ceclavín;Mujeres;2003;1066
10;Cáceres;10061 Ceclavín;Mujeres;2002;1087
10;Cáceres;10061 Ceclavín;Mujeres;2001;1094
10;Cáceres;10061 Ceclavín;Mujeres;2000;1095
10;Cáceres;10061 Ceclavín;Mujeres;1999;1015
10;Cáceres;10061 Ceclavín;Mujeres;1998;1015
10;Cáceres;10061 Ceclavín;Mujeres;1997;
10;Cáceres;10061 Ceclavín;Mujeres;1996;1114
10;Cáceres;10062 Cedillo;Total;2023;433
10;Cáceres;10062 Cedillo;Total;2022;432
10;Cáceres;10062 Cedillo;Total;2021;424
10;Cáceres;10062 Cedillo;Total;2020;428
10;Cáceres;10062 Cedillo;Total;2019;440
10;Cáceres;10062 Cedillo;Total;2018;449
10;Cáceres;10062 Cedillo;Total;2017;458
10;Cáceres;10062 Cedillo;Total;2016;465
10;Cáceres;10062 Cedillo;Total;2015;490
10;Cáceres;10062 Cedillo;Total;2014;493
10;Cáceres;10062 Cedillo;Total;2013;490
10;Cáceres;10062 Cedillo;Total;2012;497
10;Cáceres;10062 Cedillo;Total;2011;490
10;Cáceres;10062 Cedillo;Total;2010;490
10;Cáceres;10062 Cedillo;Total;2009;497
10;Cáceres;10062 Cedillo;Total;2008;518
10;Cáceres;10062 Cedillo;Total;2007;530
10;Cáceres;10062 Cedillo;Total;2006;549
10;Cáceres;10062 Cedillo;Total;2005;552
10;Cáceres;10062 Cedillo;Total;2004;563
10;Cáceres;10062 Cedillo;Total;2003;547
10;Cáceres;10062 Cedillo;Total;2002;553
10;Cáceres;10062 Cedillo;Total;2001;540
10;Cáceres;10062 Cedillo;Total;2000;543
10;Cáceres;10062 Cedillo;Total;1999;541
10;Cáceres;10062 Cedillo;Total;1998;545
10;Cáceres;10062 Cedillo;Total;1997;
10;Cáceres;10062 Cedillo;Total;1996;581
10;Cáceres;10062 Cedillo;Hombres;2023;221
10;Cáceres;10062 Cedillo;Hombres;2022;222
10;Cáceres;10062 Cedillo;Hombres;2021;219
10;Cáceres;10062 Cedillo;Hombres;2020;222
10;Cáceres;10062 Cedillo;Hombres;2019;231
10;Cáceres;10062 Cedillo;Hombres;2018;236
10;Cáceres;10062 Cedillo;Hombres;2017;241
10;Cáceres;10062 Cedillo;Hombres;2016;244
10;Cáceres;10062 Cedillo;Hombres;2015;254
10;Cáceres;10062 Cedillo;Hombres;2014;260
10;Cáceres;10062 Cedillo;Hombres;2013;258
10;Cáceres;10062 Cedillo;Hombres;2012;258
10;Cáceres;10062 Cedillo;Hombres;2011;253
10;Cáceres;10062 Cedillo;Hombres;2010;251
10;Cáceres;10062 Cedillo;Hombres;2009;254
10;Cáceres;10062 Cedillo;Hombres;2008;263
10;Cáceres;10062 Cedillo;Hombres;2007;270
10;Cáceres;10062 Cedillo;Hombres;2006;281
10;Cáceres;10062 Cedillo;Hombres;2005;283
10;Cáceres;10062 Cedillo;Hombres;2004;290
10;Cáceres;10062 Cedillo;Hombres;2003;284
10;Cáceres;10062 Cedillo;Hombres;2002;291
10;Cáceres;10062 Cedillo;Hombres;2001;282
10;Cáceres;10062 Cedillo;Hombres;2000;282
10;Cáceres;10062 Cedillo;Hombres;1999;284
10;Cáceres;10062 Cedillo;Hombres;1998;281
10;Cáceres;10062 Cedillo;Hombres;1997;
10;Cáceres;10062 Cedillo;Hombres;1996;299
10;Cáceres;10062 Cedillo;Mujeres;2023;212
10;Cáceres;10062 Cedillo;Mujeres;2022;210
10;Cáceres;10062 Cedillo;Mujeres;2021;205
10;Cáceres;10062 Cedillo;Mujeres;2020;206
10;Cáceres;10062 Cedillo;Mujeres;2019;209
10;Cáceres;10062 Cedillo;Mujeres;2018;213
10;Cáceres;10062 Cedillo;Mujeres;2017;217
10;Cáceres;10062 Cedillo;Mujeres;2016;221
10;Cáceres;10062 Cedillo;Mujeres;2015;236
10;Cáceres;10062 Cedillo;Mujeres;2014;233
10;Cáceres;10062 Cedillo;Mujeres;2013;232
10;Cáceres;10062 Cedillo;Mujeres;2012;239
10;Cáceres;10062 Cedillo;Mujeres;2011;237
10;Cáceres;10062 Cedillo;Mujeres;2010;239
10;Cáceres;10062 Cedillo;Mujeres;2009;243
10;Cáceres;10062 Cedillo;Mujeres;2008;255
10;Cáceres;10062 Cedillo;Mujeres;2007;260
10;Cáceres;10062 Cedillo;Mujeres;2006;268
10;Cáceres;10062 Cedillo;Mujeres;2005;269
10;Cáceres;10062 Cedillo;Mujeres;2004;273
10;Cáceres;10062 Cedillo;Mujeres;2003;263
10;Cáceres;10062 Cedillo;Mujeres;2002;262
10;Cáceres;10062 Cedillo;Mujeres;2001;258
10;Cáceres;10062 Cedillo;Mujeres;2000;261
10;Cáceres;10062 Cedillo;Mujeres;1999;257
10;Cáceres;10062 Cedillo;Mujeres;1998;264
10;Cáceres;10062 Cedillo;Mujeres;1997;
10;Cáceres;10062 Cedillo;Mujeres;1996;282
10;Cáceres;10063 Cerezo;Total;2023;144
10;Cáceres;10063 Cerezo;Total;2022;151
10;Cáceres;10063 Cerezo;Total;2021;153
10;Cáceres;10063 Cerezo;Total;2020;159
10;Cáceres;10063 Cerezo;Total;2019;165
10;Cáceres;10063 Cerezo;Total;2018;170
10;Cáceres;10063 Cerezo;Total;2017;176
10;Cáceres;10063 Cerezo;Total;2016;177
10;Cáceres;10063 Cerezo;Total;2015;186
10;Cáceres;10063 Cerezo;Total;2014;185
10;Cáceres;10063 Cerezo;Total;2013;182
10;Cáceres;10063 Cerezo;Total;2012;185
10;Cáceres;10063 Cerezo;Total;2011;188
10;Cáceres;10063 Cerezo;Total;2010;193
10;Cáceres;10063 Cerezo;Total;2009;190
10;Cáceres;10063 Cerezo;Total;2008;186
10;Cáceres;10063 Cerezo;Total;2007;197
10;Cáceres;10063 Cerezo;Total;2006;196
10;Cáceres;10063 Cerezo;Total;2005;198
10;Cáceres;10063 Cerezo;Total;2004;203
10;Cáceres;10063 Cerezo;Total;2003;210
10;Cáceres;10063 Cerezo;Total;2002;217
10;Cáceres;10063 Cerezo;Total;2001;227
10;Cáceres;10063 Cerezo;Total;2000;228
10;Cáceres;10063 Cerezo;Total;1999;233
10;Cáceres;10063 Cerezo;Total;1998;238
10;Cáceres;10063 Cerezo;Total;1997;
10;Cáceres;10063 Cerezo;Total;1996;248
10;Cáceres;10063 Cerezo;Hombres;2023;70
10;Cáceres;10063 Cerezo;Hombres;2022;75
10;Cáceres;10063 Cerezo;Hombres;2021;77
10;Cáceres;10063 Cerezo;Hombres;2020;81
10;Cáceres;10063 Cerezo;Hombres;2019;81
10;Cáceres;10063 Cerezo;Hombres;2018;84
10;Cáceres;10063 Cerezo;Hombres;2017;86
10;Cáceres;10063 Cerezo;Hombres;2016;86
10;Cáceres;10063 Cerezo;Hombres;2015;89
10;Cáceres;10063 Cerezo;Hombres;2014;88
10;Cáceres;10063 Cerezo;Hombres;2013;90
10;Cáceres;10063 Cerezo;Hombres;2012;88
10;Cáceres;10063 Cerezo;Hombres;2011;90
10;Cáceres;10063 Cerezo;Hombres;2010;95
10;Cáceres;10063 Cerezo;Hombres;2009;96
10;Cáceres;10063 Cerezo;Hombres;2008;91
10;Cáceres;10063 Cerezo;Hombres;2007;93
10;Cáceres;10063 Cerezo;Hombres;2006;89
10;Cáceres;10063 Cerezo;Hombres;2005;91
10;Cáceres;10063 Cerezo;Hombres;2004;96
10;Cáceres;10063 Cerezo;Hombres;2003;99
10;Cáceres;10063 Cerezo;Hombres;2002;103
10;Cáceres;10063 Cerezo;Hombres;2001;106
10;Cáceres;10063 Cerezo;Hombres;2000;108
10;Cáceres;10063 Cerezo;Hombres;1999;109
10;Cáceres;10063 Cerezo;Hombres;1998;112
10;Cáceres;10063 Cerezo;Hombres;1997;
10;Cáceres;10063 Cerezo;Hombres;1996;116
10;Cáceres;10063 Cerezo;Mujeres;2023;74
10;Cáceres;10063 Cerezo;Mujeres;2022;76
10;Cáceres;10063 Cerezo;Mujeres;2021;76
10;Cáceres;10063 Cerezo;Mujeres;2020;78
10;Cáceres;10063 Cerezo;Mujeres;2019;84
10;Cáceres;10063 Cerezo;Mujeres;2018;86
10;Cáceres;10063 Cerezo;Mujeres;2017;90
10;Cáceres;10063 Cerezo;Mujeres;2016;91
10;Cáceres;10063 Cerezo;Mujeres;2015;97
10;Cáceres;10063 Cerezo;Mujeres;2014;97
10;Cáceres;10063 Cerezo;Mujeres;2013;92
10;Cáceres;10063 Cerezo;Mujeres;2012;97
10;Cáceres;10063 Cerezo;Mujeres;2011;98
10;Cáceres;10063 Cerezo;Mujeres;2010;98
10;Cáceres;10063 Cerezo;Mujeres;2009;94
10;Cáceres;10063 Cerezo;Mujeres;2008;95
10;Cáceres;10063 Cerezo;Mujeres;2007;104
10;Cáceres;10063 Cerezo;Mujeres;2006;107
10;Cáceres;10063 Cerezo;Mujeres;2005;107
10;Cáceres;10063 Cerezo;Mujeres;2004;107
10;Cáceres;10063 Cerezo;Mujeres;2003;111
10;Cáceres;10063 Cerezo;Mujeres;2002;114
10;Cáceres;10063 Cerezo;Mujeres;2001;121
10;Cáceres;10063 Cerezo;Mujeres;2000;120
10;Cáceres;10063 Cerezo;Mujeres;1999;124
10;Cáceres;10063 Cerezo;Mujeres;1998;126
10;Cáceres;10063 Cerezo;Mujeres;1997;
10;Cáceres;10063 Cerezo;Mujeres;1996;132
10;Cáceres;10064 Cilleros;Total;2023;1562
10;Cáceres;10064 Cilleros;Total;2022;1590
10;Cáceres;10064 Cilleros;Total;2021;1617
10;Cáceres;10064 Cilleros;Total;2020;1602
10;Cáceres;10064 Cilleros;Total;2019;1624
10;Cáceres;10064 Cilleros;Total;2018;1650
10;Cáceres;10064 Cilleros;Total;2017;1680
10;Cáceres;10064 Cilleros;Total;2016;1716
10;Cáceres;10064 Cilleros;Total;2015;1757
10;Cáceres;10064 Cilleros;Total;2014;1752
10;Cáceres;10064 Cilleros;Total;2013;1791
10;Cáceres;10064 Cilleros;Total;2012;1793
10;Cáceres;10064 Cilleros;Total;2011;1831
10;Cáceres;10064 Cilleros;Total;2010;1859
10;Cáceres;10064 Cilleros;Total;2009;1868
10;Cáceres;10064 Cilleros;Total;2008;1897
10;Cáceres;10064 Cilleros;Total;2007;1928
10;Cáceres;10064 Cilleros;Total;2006;1962
10;Cáceres;10064 Cilleros;Total;2005;1994
10;Cáceres;10064 Cilleros;Total;2004;2000
10;Cáceres;10064 Cilleros;Total;2003;2043
10;Cáceres;10064 Cilleros;Total;2002;2102
10;Cáceres;10064 Cilleros;Total;2001;2112
10;Cáceres;10064 Cilleros;Total;2000;2156
10;Cáceres;10064 Cilleros;Total;1999;2164
10;Cáceres;10064 Cilleros;Total;1998;2206
10;Cáceres;10064 Cilleros;Total;1997;
10;Cáceres;10064 Cilleros;Total;1996;2218
10;Cáceres;10064 Cilleros;Hombres;2023;792
10;Cáceres;10064 Cilleros;Hombres;2022;804
10;Cáceres;10064 Cilleros;Hombres;2021;817
10;Cáceres;10064 Cilleros;Hombres;2020;810
10;Cáceres;10064 Cilleros;Hombres;2019;818
10;Cáceres;10064 Cilleros;Hombres;2018;838
10;Cáceres;10064 Cilleros;Hombres;2017;855
10;Cáceres;10064 Cilleros;Hombres;2016;872
10;Cáceres;10064 Cilleros;Hombres;2015;889
10;Cáceres;10064 Cilleros;Hombres;2014;885
10;Cáceres;10064 Cilleros;Hombres;2013;902
10;Cáceres;10064 Cilleros;Hombres;2012;901
10;Cáceres;10064 Cilleros;Hombres;2011;926
10;Cáceres;10064 Cilleros;Hombres;2010;949
10;Cáceres;10064 Cilleros;Hombres;2009;956
10;Cáceres;10064 Cilleros;Hombres;2008;975
10;Cáceres;10064 Cilleros;Hombres;2007;982
10;Cáceres;10064 Cilleros;Hombres;2006;992
10;Cáceres;10064 Cilleros;Hombres;2005;1019
10;Cáceres;10064 Cilleros;Hombres;2004;1024
10;Cáceres;10064 Cilleros;Hombres;2003;1047
10;Cáceres;10064 Cilleros;Hombres;2002;1072
10;Cáceres;10064 Cilleros;Hombres;2001;1067
10;Cáceres;10064 Cilleros;Hombres;2000;1090
10;Cáceres;10064 Cilleros;Hombres;1999;1089
10;Cáceres;10064 Cilleros;Hombres;1998;1112
10;Cáceres;10064 Cilleros;Hombres;1997;
10;Cáceres;10064 Cilleros;Hombres;1996;1114
10;Cáceres;10064 Cilleros;Mujeres;2023;770
10;Cáceres;10064 Cilleros;Mujeres;2022;786
10;Cáceres;10064 Cilleros;Mujeres;2021;800
10;Cáceres;10064 Cilleros;Mujeres;2020;792
10;Cáceres;10064 Cilleros;Mujeres;2019;806
10;Cáceres;10064 Cilleros;Mujeres;2018;812
10;Cáceres;10064 Cilleros;Mujeres;2017;825
10;Cáceres;10064 Cilleros;Mujeres;2016;844
10;Cáceres;10064 Cilleros;Mujeres;2015;868
10;Cáceres;10064 Cilleros;Mujeres;2014;867
10;Cáceres;10064 Cilleros;Mujeres;2013;889
10;Cáceres;10064 Cilleros;Mujeres;2012;892
10;Cáceres;10064 Cilleros;Mujeres;2011;905
10;Cáceres;10064 Cilleros;Mujeres;2010;910
10;Cáceres;10064 Cilleros;Mujeres;2009;912
10;Cáceres;10064 Cilleros;Mujeres;2008;922
10;Cáceres;10064 Cilleros;Mujeres;2007;946
10;Cáceres;10064 Cilleros;Mujeres;2006;970
10;Cáceres;10064 Cilleros;Mujeres;2005;975
10;Cáceres;10064 Cilleros;Mujeres;2004;976
10;Cáceres;10064 Cilleros;Mujeres;2003;996
10;Cáceres;10064 Cilleros;Mujeres;2002;1030
10;Cáceres;10064 Cilleros;Mujeres;2001;1045
10;Cáceres;10064 Cilleros;Mujeres;2000;1066
10;Cáceres;10064 Cilleros;Mujeres;1999;1075
10;Cáceres;10064 Cilleros;Mujeres;1998;1094
10;Cáceres;10064 Cilleros;Mujeres;1997;
10;Cáceres;10064 Cilleros;Mujeres;1996;1104
10;Cáceres;10065 Collado de la Vera;Total;2023;261
10;Cáceres;10065 Collado de la Vera;Total;2022;237
10;Cáceres;10065 Collado de la Vera;Total;2021;217
10;Cáceres;10065 Collado de la Vera;Total;2020;191
10;Cáceres;10065 Collado de la Vera;Total;2019;195
10;Cáceres;10065 Collado de la Vera;Total;2018;190
10;Cáceres;10065 Collado de la Vera;Total;2017;203
10;Cáceres;10065 Collado de la Vera;Total;2016;200
10;Cáceres;10065 Collado de la Vera;Total;2015;181
10;Cáceres;10065 Collado de la Vera;Total;2014;156
10;Cáceres;10065 Collado de la Vera;Total;2013;152
10;Cáceres;10065 Collado de la Vera;Total;2012;164
10;Cáceres;10065 Collado de la Vera;Total;2011;188
10;Cáceres;10065 Collado de la Vera;Total;2010;198
10;Cáceres;10065 Collado de la Vera;Total;2009;201
10;Cáceres;10065 Collado de la Vera;Total;2008;212
10;Cáceres;10065 Collado de la Vera;Total;2007;213
10;Cáceres;10065 Collado de la Vera;Total;2006;220
10;Cáceres;10065 Collado de la Vera;Total;2005;229
10;Cáceres;10065 Collado de la Vera;Total;2004;237
10;Cáceres;10065 Collado de la Vera;Total;2003;218
10;Cáceres;10065 Collado de la Vera;Total;2002;227
10;Cáceres;10065 Collado de la Vera;Total;2001;220
10;Cáceres;10065 Collado de la Vera;Total;2000;231
10;Cáceres;10065 Collado de la Vera;Total;1999;237
10;Cáceres;10065 Collado de la Vera;Total;1998;231
10;Cáceres;10065 Collado de la Vera;Total;1997;
10;Cáceres;10065 Collado de la Vera;Total;1996;238
10;Cáceres;10065 Collado de la Vera;Hombres;2023;136
10;Cáceres;10065 Collado de la Vera;Hombres;2022;132
10;Cáceres;10065 Collado de la Vera;Hombres;2021;124
10;Cáceres;10065 Collado de la Vera;Hombres;2020;106
10;Cáceres;10065 Collado de la Vera;Hombres;2019;106
10;Cáceres;10065 Collado de la Vera;Hombres;2018;105
10;Cáceres;10065 Collado de la Vera;Hombres;2017;112
10;Cáceres;10065 Collado de la Vera;Hombres;2016;112
10;Cáceres;10065 Collado de la Vera;Hombres;2015;100
10;Cáceres;10065 Collado de la Vera;Hombres;2014;83
10;Cáceres;10065 Collado de la Vera;Hombres;2013;83
10;Cáceres;10065 Collado de la Vera;Hombres;2012;87
10;Cáceres;10065 Collado de la Vera;Hombres;2011;94
10;Cáceres;10065 Collado de la Vera;Hombres;2010;101
10;Cáceres;10065 Collado de la Vera;Hombres;2009;103
10;Cáceres;10065 Collado de la Vera;Hombres;2008;113
10;Cáceres;10065 Collado de la Vera;Hombres;2007;114
10;Cáceres;10065 Collado de la Vera;Hombres;2006;116
10;Cáceres;10065 Collado de la Vera;Hombres;2005;120
10;Cáceres;10065 Collado de la Vera;Hombres;2004;123
10;Cáceres;10065 Collado de la Vera;Hombres;2003;112
10;Cáceres;10065 Collado de la Vera;Hombres;2002;124
10;Cáceres;10065 Collado de la Vera;Hombres;2001;118
10;Cáceres;10065 Collado de la Vera;Hombres;2000;122
10;Cáceres;10065 Collado de la Vera;Hombres;1999;128
10;Cáceres;10065 Collado de la Vera;Hombres;1998;124
10;Cáceres;10065 Collado de la Vera;Hombres;1997;
10;Cáceres;10065 Collado de la Vera;Hombres;1996;118
10;Cáceres;10065 Collado de la Vera;Mujeres;2023;125
10;Cáceres;10065 Collado de la Vera;Mujeres;2022;105
10;Cáceres;10065 Collado de la Vera;Mujeres;2021;93
10;Cáceres;10065 Collado de la Vera;Mujeres;2020;85
10;Cáceres;10065 Collado de la Vera;Mujeres;2019;89
10;Cáceres;10065 Collado de la Vera;Mujeres;2018;85
10;Cáceres;10065 Collado de la Vera;Mujeres;2017;91
10;Cáceres;10065 Collado de la Vera;Mujeres;2016;88
10;Cáceres;10065 Collado de la Vera;Mujeres;2015;81
10;Cáceres;10065 Collado de la Vera;Mujeres;2014;73
10;Cáceres;10065 Collado de la Vera;Mujeres;2013;69
10;Cáceres;10065 Collado de la Vera;Mujeres;2012;77
10;Cáceres;10065 Collado de la Vera;Mujeres;2011;94
10;Cáceres;10065 Collado de la Vera;Mujeres;2010;97
10;Cáceres;10065 Collado de la Vera;Mujeres;2009;98
10;Cáceres;10065 Collado de la Vera;Mujeres;2008;99
10;Cáceres;10065 Collado de la Vera;Mujeres;2007;99
10;Cáceres;10065 Collado de la Vera;Mujeres;2006;104
10;Cáceres;10065 Collado de la Vera;Mujeres;2005;109
10;Cáceres;10065 Collado de la Vera;Mujeres;2004;114
10;Cáceres;10065 Collado de la Vera;Mujeres;2003;106
10;Cáceres;10065 Collado de la Vera;Mujeres;2002;103
10;Cáceres;10065 Collado de la Vera;Mujeres;2001;102
10;Cáceres;10065 Collado de la Vera;Mujeres;2000;109
10;Cáceres;10065 Collado de la Vera;Mujeres;1999;109
10;Cáceres;10065 Collado de la Vera;Mujeres;1998;107
10;Cáceres;10065 Collado de la Vera;Mujeres;1997;
10;Cáceres;10065 Collado de la Vera;Mujeres;1996;120
10;Cáceres;10066 Conquista de la Sierra;Total;2023;190
10;Cáceres;10066 Conquista de la Sierra;Total;2022;201
10;Cáceres;10066 Conquista de la Sierra;Total;2021;192
10;Cáceres;10066 Conquista de la Sierra;Total;2020;185
10;Cáceres;10066 Conquista de la Sierra;Total;2019;185
10;Cáceres;10066 Conquista de la Sierra;Total;2018;185
10;Cáceres;10066 Conquista de la Sierra;Total;2017;189
10;Cáceres;10066 Conquista de la Sierra;Total;2016;187
10;Cáceres;10066 Conquista de la Sierra;Total;2015;191
10;Cáceres;10066 Conquista de la Sierra;Total;2014;202
10;Cáceres;10066 Conquista de la Sierra;Total;2013;201
10;Cáceres;10066 Conquista de la Sierra;Total;2012;207
10;Cáceres;10066 Conquista de la Sierra;Total;2011;212
10;Cáceres;10066 Conquista de la Sierra;Total;2010;212
10;Cáceres;10066 Conquista de la Sierra;Total;2009;210
10;Cáceres;10066 Conquista de la Sierra;Total;2008;210
10;Cáceres;10066 Conquista de la Sierra;Total;2007;218
10;Cáceres;10066 Conquista de la Sierra;Total;2006;220
10;Cáceres;10066 Conquista de la Sierra;Total;2005;225
10;Cáceres;10066 Conquista de la Sierra;Total;2004;226
10;Cáceres;10066 Conquista de la Sierra;Total;2003;212
10;Cáceres;10066 Conquista de la Sierra;Total;2002;215
10;Cáceres;10066 Conquista de la Sierra;Total;2001;215
10;Cáceres;10066 Conquista de la Sierra;Total;2000;193
10;Cáceres;10066 Conquista de la Sierra;Total;1999;183
10;Cáceres;10066 Conquista de la Sierra;Total;1998;183
10;Cáceres;10066 Conquista de la Sierra;Total;1997;
10;Cáceres;10066 Conquista de la Sierra;Total;1996;204
10;Cáceres;10066 Conquista de la Sierra;Hombres;2023;111
10;Cáceres;10066 Conquista de la Sierra;Hombres;2022;115
10;Cáceres;10066 Conquista de la Sierra;Hombres;2021;112
10;Cáceres;10066 Conquista de la Sierra;Hombres;2020;107
10;Cáceres;10066 Conquista de la Sierra;Hombres;2019;108
10;Cáceres;10066 Conquista de la Sierra;Hombres;2018;109
10;Cáceres;10066 Conquista de la Sierra;Hombres;2017;112
10;Cáceres;10066 Conquista de la Sierra;Hombres;2016;109
10;Cáceres;10066 Conquista de la Sierra;Hombres;2015;110
10;Cáceres;10066 Conquista de la Sierra;Hombres;2014;115
10;Cáceres;10066 Conquista de la Sierra;Hombres;2013;112
10;Cáceres;10066 Conquista de la Sierra;Hombres;2012;115
10;Cáceres;10066 Conquista de la Sierra;Hombres;2011;120
10;Cáceres;10066 Conquista de la Sierra;Hombres;2010;120
10;Cáceres;10066 Conquista de la Sierra;Hombres;2009;115
10;Cáceres;10066 Conquista de la Sierra;Hombres;2008;112
10;Cáceres;10066 Conquista de la Sierra;Hombres;2007;115
10;Cáceres;10066 Conquista de la Sierra;Hombres;2006;116
10;Cáceres;10066 Conquista de la Sierra;Hombres;2005;120
10;Cáceres;10066 Conquista de la Sierra;Hombres;2004;121
10;Cáceres;10066 Conquista de la Sierra;Hombres;2003;110
10;Cáceres;10066 Conquista de la Sierra;Hombres;2002;108
10;Cáceres;10066 Conquista de la Sierra;Hombres;2001;106
10;Cáceres;10066 Conquista de la Sierra;Hombres;2000;92
10;Cáceres;10066 Conquista de la Sierra;Hombres;1999;87
10;Cáceres;10066 Conquista de la Sierra;Hombres;1998;87
10;Cáceres;10066 Conquista de la Sierra;Hombres;1997;
10;Cáceres;10066 Conquista de la Sierra;Hombres;1996;99
10;Cáceres;10066 Conquista de la Sierra;Mujeres;2023;79
10;Cáceres;10066 Conquista de la Sierra;Mujeres;2022;86
10;Cáceres;10066 Conquista de la Sierra;Mujeres;2021;80
10;Cáceres;10066 Conquista de la Sierra;Mujeres;2020;78
10;Cáceres;10066 Conquista de la Sierra;Mujeres;2019;77
10;Cáceres;10066 Conquista de la Sierra;Mujeres;2018;76
10;Cáceres;10066 Conquista de la Sierra;Mujeres;2017;77
10;Cáceres;10066 Conquista de la Sierra;Mujeres;2016;78
10;Cáceres;10066 Conquista de la Sierra;Mujeres;2015;81
10;Cáceres;10066 Conquista de la Sierra;Mujeres;2014;87
10;Cáceres;10066 Conquista de la Sierra;Mujeres;2013;89
10;Cáceres;10066 Conquista de la Sierra;Mujeres;2012;92
10;Cáceres;10066 Conquista de la Sierra;Mujeres;2011;92
10;Cáceres;10066 Conquista de la Sierra;Mujeres;2010;92
10;Cáceres;10066 Conquista de la Sierra;Mujeres;2009;95
10;Cáceres;10066 Conquista de la Sierra;Mujeres;2008;98
10;Cáceres;10066 Conquista de la Sierra;Mujeres;2007;103
10;Cáceres;10066 Conquista de la Sierra;Mujeres;2006;104
10;Cáceres;10066 Conquista de la Sierra;Mujeres;2005;105
10;Cáceres;10066 Conquista de la Sierra;Mujeres;2004;105
10;Cáceres;10066 Conquista de la Sierra;Mujeres;2003;102
10;Cáceres;10066 Conquista de la Sierra;Mujeres;2002;107
10;Cáceres;10066 Conquista de la Sierra;Mujeres;2001;109
10;Cáceres;10066 Conquista de la Sierra;Mujeres;2000;101
10;Cáceres;10066 Conquista de la Sierra;Mujeres;1999;96
10;Cáceres;10066 Conquista de la Sierra;Mujeres;1998;96
10;Cáceres;10066 Conquista de la Sierra;Mujeres;1997;
10;Cáceres;10066 Conquista de la Sierra;Mujeres;1996;105
10;Cáceres;10067 Coria;Total;2023;12166
10;Cáceres;10067 Coria;Total;2022;12308
10;Cáceres;10067 Coria;Total;2021;12330
10;Cáceres;10067 Coria;Total;2020;12366
10;Cáceres;10067 Coria;Total;2019;12478
10;Cáceres;10067 Coria;Total;2018;12531
10;Cáceres;10067 Coria;Total;2017;12729
10;Cáceres;10067 Coria;Total;2016;12886
10;Cáceres;10067 Coria;Total;2015;12930
10;Cáceres;10067 Coria;Total;2014;12921
10;Cáceres;10067 Coria;Total;2013;13010
10;Cáceres;10067 Coria;Total;2012;13101
10;Cáceres;10067 Coria;Total;2011;13050
10;Cáceres;10067 Coria;Total;2010;12962
10;Cáceres;10067 Coria;Total;2009;12896
10;Cáceres;10067 Coria;Total;2008;12868
10;Cáceres;10067 Coria;Total;2007;12767
10;Cáceres;10067 Coria;Total;2006;12901
10;Cáceres;10067 Coria;Total;2005;12947
10;Cáceres;10067 Coria;Total;2004;12832
10;Cáceres;10067 Coria;Total;2003;12610
10;Cáceres;10067 Coria;Total;2002;12781
10;Cáceres;10067 Coria;Total;2001;12710
10;Cáceres;10067 Coria;Total;2000;12540
10;Cáceres;10067 Coria;Total;1999;11811
10;Cáceres;10067 Coria;Total;1998;11811
10;Cáceres;10067 Coria;Total;1997;
10;Cáceres;10067 Coria;Total;1996;11900
10;Cáceres;10067 Coria;Hombres;2023;5962
10;Cáceres;10067 Coria;Hombres;2022;6038
10;Cáceres;10067 Coria;Hombres;2021;6048
10;Cáceres;10067 Coria;Hombres;2020;6066
10;Cáceres;10067 Coria;Hombres;2019;6134
10;Cáceres;10067 Coria;Hombres;2018;6164
10;Cáceres;10067 Coria;Hombres;2017;6258
10;Cáceres;10067 Coria;Hombres;2016;6334
10;Cáceres;10067 Coria;Hombres;2015;6353
10;Cáceres;10067 Coria;Hombres;2014;6343
10;Cáceres;10067 Coria;Hombres;2013;6399
10;Cáceres;10067 Coria;Hombres;2012;6438
10;Cáceres;10067 Coria;Hombres;2011;6412
10;Cáceres;10067 Coria;Hombres;2010;6405
10;Cáceres;10067 Coria;Hombres;2009;6376
10;Cáceres;10067 Coria;Hombres;2008;6454
10;Cáceres;10067 Coria;Hombres;2007;6419
10;Cáceres;10067 Coria;Hombres;2006;6483
10;Cáceres;10067 Coria;Hombres;2005;6526
10;Cáceres;10067 Coria;Hombres;2004;6480
10;Cáceres;10067 Coria;Hombres;2003;6348
10;Cáceres;10067 Coria;Hombres;2002;6447
10;Cáceres;10067 Coria;Hombres;2001;6403
10;Cáceres;10067 Coria;Hombres;2000;6291
10;Cáceres;10067 Coria;Hombres;1999;5934
10;Cáceres;10067 Coria;Hombres;1998;5934
10;Cáceres;10067 Coria;Hombres;1997;
10;Cáceres;10067 Coria;Hombres;1996;5866
10;Cáceres;10067 Coria;Mujeres;2023;6204
10;Cáceres;10067 Coria;Mujeres;2022;6270
10;Cáceres;10067 Coria;Mujeres;2021;6282
10;Cáceres;10067 Coria;Mujeres;2020;6300
10;Cáceres;10067 Coria;Mujeres;2019;6344
10;Cáceres;10067 Coria;Mujeres;2018;6367
10;Cáceres;10067 Coria;Mujeres;2017;6471
10;Cáceres;10067 Coria;Mujeres;2016;6552
10;Cáceres;10067 Coria;Mujeres;2015;6577
10;Cáceres;10067 Coria;Mujeres;2014;6578
10;Cáceres;10067 Coria;Mujeres;2013;6611
10;Cáceres;10067 Coria;Mujeres;2012;6663
10;Cáceres;10067 Coria;Mujeres;2011;6638
10;Cáceres;10067 Coria;Mujeres;2010;6557
10;Cáceres;10067 Coria;Mujeres;2009;6520
10;Cáceres;10067 Coria;Mujeres;2008;6414
10;Cáceres;10067 Coria;Mujeres;2007;6348
10;Cáceres;10067 Coria;Mujeres;2006;6418
10;Cáceres;10067 Coria;Mujeres;2005;6421
10;Cáceres;10067 Coria;Mujeres;2004;6352
10;Cáceres;10067 Coria;Mujeres;2003;6262
10;Cáceres;10067 Coria;Mujeres;2002;6334
10;Cáceres;10067 Coria;Mujeres;2001;6307
10;Cáceres;10067 Coria;Mujeres;2000;6249
10;Cáceres;10067 Coria;Mujeres;1999;5877
10;Cáceres;10067 Coria;Mujeres;1998;5877
10;Cáceres;10067 Coria;Mujeres;1997;
10;Cáceres;10067 Coria;Mujeres;1996;6034
10;Cáceres;10068 Cuacos de Yuste;Total;2023;833
10;Cáceres;10068 Cuacos de Yuste;Total;2022;828
10;Cáceres;10068 Cuacos de Yuste;Total;2021;847
10;Cáceres;10068 Cuacos de Yuste;Total;2020;851
10;Cáceres;10068 Cuacos de Yuste;Total;2019;841
10;Cáceres;10068 Cuacos de Yuste;Total;2018;846
10;Cáceres;10068 Cuacos de Yuste;Total;2017;850
10;Cáceres;10068 Cuacos de Yuste;Total;2016;849
10;Cáceres;10068 Cuacos de Yuste;Total;2015;865
10;Cáceres;10068 Cuacos de Yuste;Total;2014;877
10;Cáceres;10068 Cuacos de Yuste;Total;2013;891
10;Cáceres;10068 Cuacos de Yuste;Total;2012;894
10;Cáceres;10068 Cuacos de Yuste;Total;2011;902
10;Cáceres;10068 Cuacos de Yuste;Total;2010;908
10;Cáceres;10068 Cuacos de Yuste;Total;2009;915
10;Cáceres;10068 Cuacos de Yuste;Total;2008;932
10;Cáceres;10068 Cuacos de Yuste;Total;2007;937
10;Cáceres;10068 Cuacos de Yuste;Total;2006;939
10;Cáceres;10068 Cuacos de Yuste;Total;2005;963
10;Cáceres;10068 Cuacos de Yuste;Total;2004;961
10;Cáceres;10068 Cuacos de Yuste;Total;2003;956
10;Cáceres;10068 Cuacos de Yuste;Total;2002;961
10;Cáceres;10068 Cuacos de Yuste;Total;2001;966
10;Cáceres;10068 Cuacos de Yuste;Total;2000;957
10;Cáceres;10068 Cuacos de Yuste;Total;1999;933
10;Cáceres;10068 Cuacos de Yuste;Total;1998;933
10;Cáceres;10068 Cuacos de Yuste;Total;1997;
10;Cáceres;10068 Cuacos de Yuste;Total;1996;892
10;Cáceres;10068 Cuacos de Yuste;Hombres;2023;425
10;Cáceres;10068 Cuacos de Yuste;Hombres;2022;421
10;Cáceres;10068 Cuacos de Yuste;Hombres;2021;430
10;Cáceres;10068 Cuacos de Yuste;Hombres;2020;436
10;Cáceres;10068 Cuacos de Yuste;Hombres;2019;439
10;Cáceres;10068 Cuacos de Yuste;Hombres;2018;442
10;Cáceres;10068 Cuacos de Yuste;Hombres;2017;440
10;Cáceres;10068 Cuacos de Yuste;Hombres;2016;438
10;Cáceres;10068 Cuacos de Yuste;Hombres;2015;444
10;Cáceres;10068 Cuacos de Yuste;Hombres;2014;450
10;Cáceres;10068 Cuacos de Yuste;Hombres;2013;457
10;Cáceres;10068 Cuacos de Yuste;Hombres;2012;456
10;Cáceres;10068 Cuacos de Yuste;Hombres;2011;459
10;Cáceres;10068 Cuacos de Yuste;Hombres;2010;464
10;Cáceres;10068 Cuacos de Yuste;Hombres;2009;472
10;Cáceres;10068 Cuacos de Yuste;Hombres;2008;490
10;Cáceres;10068 Cuacos de Yuste;Hombres;2007;489
10;Cáceres;10068 Cuacos de Yuste;Hombres;2006;493
10;Cáceres;10068 Cuacos de Yuste;Hombres;2005;506
10;Cáceres;10068 Cuacos de Yuste;Hombres;2004;508
10;Cáceres;10068 Cuacos de Yuste;Hombres;2003;508
10;Cáceres;10068 Cuacos de Yuste;Hombres;2002;505
10;Cáceres;10068 Cuacos de Yuste;Hombres;2001;508
10;Cáceres;10068 Cuacos de Yuste;Hombres;2000;502
10;Cáceres;10068 Cuacos de Yuste;Hombres;1999;498
10;Cáceres;10068 Cuacos de Yuste;Hombres;1998;498
10;Cáceres;10068 Cuacos de Yuste;Hombres;1997;
10;Cáceres;10068 Cuacos de Yuste;Hombres;1996;470
10;Cáceres;10068 Cuacos de Yuste;Mujeres;2023;408
10;Cáceres;10068 Cuacos de Yuste;Mujeres;2022;407
10;Cáceres;10068 Cuacos de Yuste;Mujeres;2021;417
10;Cáceres;10068 Cuacos de Yuste;Mujeres;2020;415
10;Cáceres;10068 Cuacos de Yuste;Mujeres;2019;402
10;Cáceres;10068 Cuacos de Yuste;Mujeres;2018;404
10;Cáceres;10068 Cuacos de Yuste;Mujeres;2017;410
10;Cáceres;10068 Cuacos de Yuste;Mujeres;2016;411
10;Cáceres;10068 Cuacos de Yuste;Mujeres;2015;421
10;Cáceres;10068 Cuacos de Yuste;Mujeres;2014;427
10;Cáceres;10068 Cuacos de Yuste;Mujeres;2013;434
10;Cáceres;10068 Cuacos de Yuste;Mujeres;2012;438
10;Cáceres;10068 Cuacos de Yuste;Mujeres;2011;443
10;Cáceres;10068 Cuacos de Yuste;Mujeres;2010;444
10;Cáceres;10068 Cuacos de Yuste;Mujeres;2009;443
10;Cáceres;10068 Cuacos de Yuste;Mujeres;2008;442
10;Cáceres;10068 Cuacos de Yuste;Mujeres;2007;448
10;Cáceres;10068 Cuacos de Yuste;Mujeres;2006;446
10;Cáceres;10068 Cuacos de Yuste;Mujeres;2005;457
10;Cáceres;10068 Cuacos de Yuste;Mujeres;2004;453
10;Cáceres;10068 Cuacos de Yuste;Mujeres;2003;448
10;Cáceres;10068 Cuacos de Yuste;Mujeres;2002;456
10;Cáceres;10068 Cuacos de Yuste;Mujeres;2001;458
10;Cáceres;10068 Cuacos de Yuste;Mujeres;2000;455
10;Cáceres;10068 Cuacos de Yuste;Mujeres;1999;435
10;Cáceres;10068 Cuacos de Yuste;Mujeres;1998;435
10;Cáceres;10068 Cuacos de Yuste;Mujeres;1997;
10;Cáceres;10068 Cuacos de Yuste;Mujeres;1996;422
10;Cáceres;10069 Cumbre, La;Total;2023;840
10;Cáceres;10069 Cumbre, La;Total;2022;831
10;Cáceres;10069 Cumbre, La;Total;2021;837
10;Cáceres;10069 Cumbre, La;Total;2020;841
10;Cáceres;10069 Cumbre, La;Total;2019;848
10;Cáceres;10069 Cumbre, La;Total;2018;864
10;Cáceres;10069 Cumbre, La;Total;2017;884
10;Cáceres;10069 Cumbre, La;Total;2016;902
10;Cáceres;10069 Cumbre, La;Total;2015;914
10;Cáceres;10069 Cumbre, La;Total;2014;929
10;Cáceres;10069 Cumbre, La;Total;2013;926
10;Cáceres;10069 Cumbre, La;Total;2012;933
10;Cáceres;10069 Cumbre, La;Total;2011;974
10;Cáceres;10069 Cumbre, La;Total;2010;970
10;Cáceres;10069 Cumbre, La;Total;2009;982
10;Cáceres;10069 Cumbre, La;Total;2008;972
10;Cáceres;10069 Cumbre, La;Total;2007;988
10;Cáceres;10069 Cumbre, La;Total;2006;1023
10;Cáceres;10069 Cumbre, La;Total;2005;1026
10;Cáceres;10069 Cumbre, La;Total;2004;1049
10;Cáceres;10069 Cumbre, La;Total;2003;1073
10;Cáceres;10069 Cumbre, La;Total;2002;1121
10;Cáceres;10069 Cumbre, La;Total;2001;1152
10;Cáceres;10069 Cumbre, La;Total;2000;1161
10;Cáceres;10069 Cumbre, La;Total;1999;1167
10;Cáceres;10069 Cumbre, La;Total;1998;1167
10;Cáceres;10069 Cumbre, La;Total;1997;
10;Cáceres;10069 Cumbre, La;Total;1996;1190
10;Cáceres;10069 Cumbre, La;Hombres;2023;426
10;Cáceres;10069 Cumbre, La;Hombres;2022;420
10;Cáceres;10069 Cumbre, La;Hombres;2021;424
10;Cáceres;10069 Cumbre, La;Hombres;2020;432
10;Cáceres;10069 Cumbre, La;Hombres;2019;430
10;Cáceres;10069 Cumbre, La;Hombres;2018;435
10;Cáceres;10069 Cumbre, La;Hombres;2017;445
10;Cáceres;10069 Cumbre, La;Hombres;2016;451
10;Cáceres;10069 Cumbre, La;Hombres;2015;460
10;Cáceres;10069 Cumbre, La;Hombres;2014;468
10;Cáceres;10069 Cumbre, La;Hombres;2013;459
10;Cáceres;10069 Cumbre, La;Hombres;2012;457
10;Cáceres;10069 Cumbre, La;Hombres;2011;477
10;Cáceres;10069 Cumbre, La;Hombres;2010;475
10;Cáceres;10069 Cumbre, La;Hombres;2009;485
10;Cáceres;10069 Cumbre, La;Hombres;2008;487
10;Cáceres;10069 Cumbre, La;Hombres;2007;496
10;Cáceres;10069 Cumbre, La;Hombres;2006;518
10;Cáceres;10069 Cumbre, La;Hombres;2005;515
10;Cáceres;10069 Cumbre, La;Hombres;2004;527
10;Cáceres;10069 Cumbre, La;Hombres;2003;543
10;Cáceres;10069 Cumbre, La;Hombres;2002;569
10;Cáceres;10069 Cumbre, La;Hombres;2001;583
10;Cáceres;10069 Cumbre, La;Hombres;2000;587
10;Cáceres;10069 Cumbre, La;Hombres;1999;579
10;Cáceres;10069 Cumbre, La;Hombres;1998;579
10;Cáceres;10069 Cumbre, La;Hombres;1997;
10;Cáceres;10069 Cumbre, La;Hombres;1996;586
10;Cáceres;10069 Cumbre, La;Mujeres;2023;414
10;Cáceres;10069 Cumbre, La;Mujeres;2022;411
10;Cáceres;10069 Cumbre, La;Mujeres;2021;413
10;Cáceres;10069 Cumbre, La;Mujeres;2020;409
10;Cáceres;10069 Cumbre, La;Mujeres;2019;418
10;Cáceres;10069 Cumbre, La;Mujeres;2018;429
10;Cáceres;10069 Cumbre, La;Mujeres;2017;439
10;Cáceres;10069 Cumbre, La;Mujeres;2016;451
10;Cáceres;10069 Cumbre, La;Mujeres;2015;454
10;Cáceres;10069 Cumbre, La;Mujeres;2014;461
10;Cáceres;10069 Cumbre, La;Mujeres;2013;467
10;Cáceres;10069 Cumbre, La;Mujeres;2012;476
10;Cáceres;10069 Cumbre, La;Mujeres;2011;497
10;Cáceres;10069 Cumbre, La;Mujeres;2010;495
10;Cáceres;10069 Cumbre, La;Mujeres;2009;497
10;Cáceres;10069 Cumbre, La;Mujeres;2008;485
10;Cáceres;10069 Cumbre, La;Mujeres;2007;492
10;Cáceres;10069 Cumbre, La;Mujeres;2006;505
10;Cáceres;10069 Cumbre, La;Mujeres;2005;511
10;Cáceres;10069 Cumbre, La;Mujeres;2004;522
10;Cáceres;10069 Cumbre, La;Mujeres;2003;530
10;Cáceres;10069 Cumbre, La;Mujeres;2002;552
10;Cáceres;10069 Cumbre, La;Mujeres;2001;569
10;Cáceres;10069 Cumbre, La;Mujeres;2000;574
10;Cáceres;10069 Cumbre, La;Mujeres;1999;588
10;Cáceres;10069 Cumbre, La;Mujeres;1998;588
10;Cáceres;10069 Cumbre, La;Mujeres;1997;
10;Cáceres;10069 Cumbre, La;Mujeres;1996;604
10;Cáceres;10070 Deleitosa;Total;2023;685
10;Cáceres;10070 Deleitosa;Total;2022;675
10;Cáceres;10070 Deleitosa;Total;2021;684
10;Cáceres;10070 Deleitosa;Total;2020;687
10;Cáceres;10070 Deleitosa;Total;2019;709
10;Cáceres;10070 Deleitosa;Total;2018;728
10;Cáceres;10070 Deleitosa;Total;2017;748
10;Cáceres;10070 Deleitosa;Total;2016;762
10;Cáceres;10070 Deleitosa;Total;2015;775
10;Cáceres;10070 Deleitosa;Total;2014;772
10;Cáceres;10070 Deleitosa;Total;2013;790
10;Cáceres;10070 Deleitosa;Total;2012;799
10;Cáceres;10070 Deleitosa;Total;2011;826
10;Cáceres;10070 Deleitosa;Total;2010;834
10;Cáceres;10070 Deleitosa;Total;2009;838
10;Cáceres;10070 Deleitosa;Total;2008;850
10;Cáceres;10070 Deleitosa;Total;2007;850
10;Cáceres;10070 Deleitosa;Total;2006;844
10;Cáceres;10070 Deleitosa;Total;2005;833
10;Cáceres;10070 Deleitosa;Total;2004;842
10;Cáceres;10070 Deleitosa;Total;2003;846
10;Cáceres;10070 Deleitosa;Total;2002;880
10;Cáceres;10070 Deleitosa;Total;2001;894
10;Cáceres;10070 Deleitosa;Total;2000;898
10;Cáceres;10070 Deleitosa;Total;1999;948
10;Cáceres;10070 Deleitosa;Total;1998;953
10;Cáceres;10070 Deleitosa;Total;1997;
10;Cáceres;10070 Deleitosa;Total;1996;961
10;Cáceres;10070 Deleitosa;Hombres;2023;347
10;Cáceres;10070 Deleitosa;Hombres;2022;349
10;Cáceres;10070 Deleitosa;Hombres;2021;352
10;Cáceres;10070 Deleitosa;Hombres;2020;349
10;Cáceres;10070 Deleitosa;Hombres;2019;355
10;Cáceres;10070 Deleitosa;Hombres;2018;364
10;Cáceres;10070 Deleitosa;Hombres;2017;372
10;Cáceres;10070 Deleitosa;Hombres;2016;379
10;Cáceres;10070 Deleitosa;Hombres;2015;392
10;Cáceres;10070 Deleitosa;Hombres;2014;396
10;Cáceres;10070 Deleitosa;Hombres;2013;400
10;Cáceres;10070 Deleitosa;Hombres;2012;403
10;Cáceres;10070 Deleitosa;Hombres;2011;426
10;Cáceres;10070 Deleitosa;Hombres;2010;427
10;Cáceres;10070 Deleitosa;Hombres;2009;427
10;Cáceres;10070 Deleitosa;Hombres;2008;437
10;Cáceres;10070 Deleitosa;Hombres;2007;430
10;Cáceres;10070 Deleitosa;Hombres;2006;427
10;Cáceres;10070 Deleitosa;Hombres;2005;427
10;Cáceres;10070 Deleitosa;Hombres;2004;433
10;Cáceres;10070 Deleitosa;Hombres;2003;434
10;Cáceres;10070 Deleitosa;Hombres;2002;445
10;Cáceres;10070 Deleitosa;Hombres;2001;448
10;Cáceres;10070 Deleitosa;Hombres;2000;447
10;Cáceres;10070 Deleitosa;Hombres;1999;472
10;Cáceres;10070 Deleitosa;Hombres;1998;476
10;Cáceres;10070 Deleitosa;Hombres;1997;
10;Cáceres;10070 Deleitosa;Hombres;1996;474
10;Cáceres;10070 Deleitosa;Mujeres;2023;338
10;Cáceres;10070 Deleitosa;Mujeres;2022;326
10;Cáceres;10070 Deleitosa;Mujeres;2021;332
10;Cáceres;10070 Deleitosa;Mujeres;2020;338
10;Cáceres;10070 Deleitosa;Mujeres;2019;354
10;Cáceres;10070 Deleitosa;Mujeres;2018;364
10;Cáceres;10070 Deleitosa;Mujeres;2017;376
10;Cáceres;10070 Deleitosa;Mujeres;2016;383
10;Cáceres;10070 Deleitosa;Mujeres;2015;383
10;Cáceres;10070 Deleitosa;Mujeres;2014;376
10;Cáceres;10070 Deleitosa;Mujeres;2013;390
10;Cáceres;10070 Deleitosa;Mujeres;2012;396
10;Cáceres;10070 Deleitosa;Mujeres;2011;400
10;Cáceres;10070 Deleitosa;Mujeres;2010;407
10;Cáceres;10070 Deleitosa;Mujeres;2009;411
10;Cáceres;10070 Deleitosa;Mujeres;2008;413
10;Cáceres;10070 Deleitosa;Mujeres;2007;420
10;Cáceres;10070 Deleitosa;Mujeres;2006;417
10;Cáceres;10070 Deleitosa;Mujeres;2005;406
10;Cáceres;10070 Deleitosa;Mujeres;2004;409
10;Cáceres;10070 Deleitosa;Mujeres;2003;412
10;Cáceres;10070 Deleitosa;Mujeres;2002;435
10;Cáceres;10070 Deleitosa;Mujeres;2001;446
10;Cáceres;10070 Deleitosa;Mujeres;2000;451
10;Cáceres;10070 Deleitosa;Mujeres;1999;476
10;Cáceres;10070 Deleitosa;Mujeres;1998;477
10;Cáceres;10070 Deleitosa;Mujeres;1997;
10;Cáceres;10070 Deleitosa;Mujeres;1996;487
10;Cáceres;10071 Descargamaría;Total;2023;103
10;Cáceres;10071 Descargamaría;Total;2022;106
10;Cáceres;10071 Descargamaría;Total;2021;107
10;Cáceres;10071 Descargamaría;Total;2020;116
10;Cáceres;10071 Descargamaría;Total;2019;123
10;Cáceres;10071 Descargamaría;Total;2018;120
10;Cáceres;10071 Descargamaría;Total;2017;130
10;Cáceres;10071 Descargamaría;Total;2016;138
10;Cáceres;10071 Descargamaría;Total;2015;147
10;Cáceres;10071 Descargamaría;Total;2014;152
10;Cáceres;10071 Descargamaría;Total;2013;159
10;Cáceres;10071 Descargamaría;Total;2012;175
10;Cáceres;10071 Descargamaría;Total;2011;190
10;Cáceres;10071 Descargamaría;Total;2010;195
10;Cáceres;10071 Descargamaría;Total;2009;190
10;Cáceres;10071 Descargamaría;Total;2008;209
10;Cáceres;10071 Descargamaría;Total;2007;233
10;Cáceres;10071 Descargamaría;Total;2006;235
10;Cáceres;10071 Descargamaría;Total;2005;255
10;Cáceres;10071 Descargamaría;Total;2004;277
10;Cáceres;10071 Descargamaría;Total;2003;266
10;Cáceres;10071 Descargamaría;Total;2002;277
10;Cáceres;10071 Descargamaría;Total;2001;284
10;Cáceres;10071 Descargamaría;Total;2000;288
10;Cáceres;10071 Descargamaría;Total;1999;268
10;Cáceres;10071 Descargamaría;Total;1998;268
10;Cáceres;10071 Descargamaría;Total;1997;
10;Cáceres;10071 Descargamaría;Total;1996;270
10;Cáceres;10071 Descargamaría;Hombres;2023;58
10;Cáceres;10071 Descargamaría;Hombres;2022;60
10;Cáceres;10071 Descargamaría;Hombres;2021;62
10;Cáceres;10071 Descargamaría;Hombres;2020;65
10;Cáceres;10071 Descargamaría;Hombres;2019;72
10;Cáceres;10071 Descargamaría;Hombres;2018;71
10;Cáceres;10071 Descargamaría;Hombres;2017;76
10;Cáceres;10071 Descargamaría;Hombres;2016;80
10;Cáceres;10071 Descargamaría;Hombres;2015;83
10;Cáceres;10071 Descargamaría;Hombres;2014;86
10;Cáceres;10071 Descargamaría;Hombres;2013;86
10;Cáceres;10071 Descargamaría;Hombres;2012;93
10;Cáceres;10071 Descargamaría;Hombres;2011;98
10;Cáceres;10071 Descargamaría;Hombres;2010;100
10;Cáceres;10071 Descargamaría;Hombres;2009;100
10;Cáceres;10071 Descargamaría;Hombres;2008;111
10;Cáceres;10071 Descargamaría;Hombres;2007;125
10;Cáceres;10071 Descargamaría;Hombres;2006;126
10;Cáceres;10071 Descargamaría;Hombres;2005;143
10;Cáceres;10071 Descargamaría;Hombres;2004;160
10;Cáceres;10071 Descargamaría;Hombres;2003;150
10;Cáceres;10071 Descargamaría;Hombres;2002;151
10;Cáceres;10071 Descargamaría;Hombres;2001;153
10;Cáceres;10071 Descargamaría;Hombres;2000;151
10;Cáceres;10071 Descargamaría;Hombres;1999;138
10;Cáceres;10071 Descargamaría;Hombres;1998;138
10;Cáceres;10071 Descargamaría;Hombres;1997;
10;Cáceres;10071 Descargamaría;Hombres;1996;133
10;Cáceres;10071 Descargamaría;Mujeres;2023;45
10;Cáceres;10071 Descargamaría;Mujeres;2022;46
10;Cáceres;10071 Descargamaría;Mujeres;2021;45
10;Cáceres;10071 Descargamaría;Mujeres;2020;51
10;Cáceres;10071 Descargamaría;Mujeres;2019;51
10;Cáceres;10071 Descargamaría;Mujeres;2018;49
10;Cáceres;10071 Descargamaría;Mujeres;2017;54
10;Cáceres;10071 Descargamaría;Mujeres;2016;58
10;Cáceres;10071 Descargamaría;Mujeres;2015;64
10;Cáceres;10071 Descargamaría;Mujeres;2014;66
10;Cáceres;10071 Descargamaría;Mujeres;2013;73
10;Cáceres;10071 Descargamaría;Mujeres;2012;82
10;Cáceres;10071 Descargamaría;Mujeres;2011;92
10;Cáceres;10071 Descargamaría;Mujeres;2010;95
10;Cáceres;10071 Descargamaría;Mujeres;2009;90
10;Cáceres;10071 Descargamaría;Mujeres;2008;98
10;Cáceres;10071 Descargamaría;Mujeres;2007;108
10;Cáceres;10071 Descargamaría;Mujeres;2006;109
10;Cáceres;10071 Descargamaría;Mujeres;2005;112
10;Cáceres;10071 Descargamaría;Mujeres;2004;117
10;Cáceres;10071 Descargamaría;Mujeres;2003;116
10;Cáceres;10071 Descargamaría;Mujeres;2002;126
10;Cáceres;10071 Descargamaría;Mujeres;2001;131
10;Cáceres;10071 Descargamaría;Mujeres;2000;137
10;Cáceres;10071 Descargamaría;Mujeres;1999;130
10;Cáceres;10071 Descargamaría;Mujeres;1998;130
10;Cáceres;10071 Descargamaría;Mujeres;1997;
10;Cáceres;10071 Descargamaría;Mujeres;1996;137
10;Cáceres;10072 Eljas;Total;2023;865
10;Cáceres;10072 Eljas;Total;2022;876
10;Cáceres;10072 Eljas;Total;2021;897
10;Cáceres;10072 Eljas;Total;2020;901
10;Cáceres;10072 Eljas;Total;2019;908
10;Cáceres;10072 Eljas;Total;2018;915
10;Cáceres;10072 Eljas;Total;2017;936
10;Cáceres;10072 Eljas;Total;2016;940
10;Cáceres;10072 Eljas;Total;2015;941
10;Cáceres;10072 Eljas;Total;2014;970
10;Cáceres;10072 Eljas;Total;2013;973
10;Cáceres;10072 Eljas;Total;2012;980
10;Cáceres;10072 Eljas;Total;2011;1008
10;Cáceres;10072 Eljas;Total;2010;1013
10;Cáceres;10072 Eljas;Total;2009;1033
10;Cáceres;10072 Eljas;Total;2008;1046
10;Cáceres;10072 Eljas;Total;2007;1074
10;Cáceres;10072 Eljas;Total;2006;1081
10;Cáceres;10072 Eljas;Total;2005;1117
10;Cáceres;10072 Eljas;Total;2004;1142
10;Cáceres;10072 Eljas;Total;2003;1162
10;Cáceres;10072 Eljas;Total;2002;1198
10;Cáceres;10072 Eljas;Total;2001;1227
10;Cáceres;10072 Eljas;Total;2000;1230
10;Cáceres;10072 Eljas;Total;1999;1239
10;Cáceres;10072 Eljas;Total;1998;1260
10;Cáceres;10072 Eljas;Total;1997;
10;Cáceres;10072 Eljas;Total;1996;1284
10;Cáceres;10072 Eljas;Hombres;2023;442
10;Cáceres;10072 Eljas;Hombres;2022;447
10;Cáceres;10072 Eljas;Hombres;2021;464
10;Cáceres;10072 Eljas;Hombres;2020;467
10;Cáceres;10072 Eljas;Hombres;2019;469
10;Cáceres;10072 Eljas;Hombres;2018;466
10;Cáceres;10072 Eljas;Hombres;2017;476
10;Cáceres;10072 Eljas;Hombres;2016;480
10;Cáceres;10072 Eljas;Hombres;2015;478
10;Cáceres;10072 Eljas;Hombres;2014;500
10;Cáceres;10072 Eljas;Hombres;2013;497
10;Cáceres;10072 Eljas;Hombres;2012;504
10;Cáceres;10072 Eljas;Hombres;2011;514
10;Cáceres;10072 Eljas;Hombres;2010;517
10;Cáceres;10072 Eljas;Hombres;2009;531
10;Cáceres;10072 Eljas;Hombres;2008;534
10;Cáceres;10072 Eljas;Hombres;2007;547
10;Cáceres;10072 Eljas;Hombres;2006;553
10;Cáceres;10072 Eljas;Hombres;2005;569
10;Cáceres;10072 Eljas;Hombres;2004;579
10;Cáceres;10072 Eljas;Hombres;2003;589
10;Cáceres;10072 Eljas;Hombres;2002;606
10;Cáceres;10072 Eljas;Hombres;2001;625
10;Cáceres;10072 Eljas;Hombres;2000;625
10;Cáceres;10072 Eljas;Hombres;1999;632
10;Cáceres;10072 Eljas;Hombres;1998;638
10;Cáceres;10072 Eljas;Hombres;1997;
10;Cáceres;10072 Eljas;Hombres;1996;651
10;Cáceres;10072 Eljas;Mujeres;2023;423
10;Cáceres;10072 Eljas;Mujeres;2022;429
10;Cáceres;10072 Eljas;Mujeres;2021;433
10;Cáceres;10072 Eljas;Mujeres;2020;434
10;Cáceres;10072 Eljas;Mujeres;2019;439
10;Cáceres;10072 Eljas;Mujeres;2018;449
10;Cáceres;10072 Eljas;Mujeres;2017;460
10;Cáceres;10072 Eljas;Mujeres;2016;460
10;Cáceres;10072 Eljas;Mujeres;2015;463
10;Cáceres;10072 Eljas;Mujeres;2014;470
10;Cáceres;10072 Eljas;Mujeres;2013;476
10;Cáceres;10072 Eljas;Mujeres;2012;476
10;Cáceres;10072 Eljas;Mujeres;2011;494
10;Cáceres;10072 Eljas;Mujeres;2010;496
10;Cáceres;10072 Eljas;Mujeres;2009;502
10;Cáceres;10072 Eljas;Mujeres;2008;512
10;Cáceres;10072 Eljas;Mujeres;2007;527
10;Cáceres;10072 Eljas;Mujeres;2006;528
10;Cáceres;10072 Eljas;Mujeres;2005;548
10;Cáceres;10072 Eljas;Mujeres;2004;563
10;Cáceres;10072 Eljas;Mujeres;2003;573
10;Cáceres;10072 Eljas;Mujeres;2002;592
10;Cáceres;10072 Eljas;Mujeres;2001;602
10;Cáceres;10072 Eljas;Mujeres;2000;605
10;Cáceres;10072 Eljas;Mujeres;1999;607
10;Cáceres;10072 Eljas;Mujeres;1998;622
10;Cáceres;10072 Eljas;Mujeres;1997;
10;Cáceres;10072 Eljas;Mujeres;1996;633
10;Cáceres;10073 Escurial;Total;2023;863
10;Cáceres;10073 Escurial;Total;2022;869
10;Cáceres;10073 Escurial;Total;2021;862
10;Cáceres;10073 Escurial;Total;2020;865
10;Cáceres;10073 Escurial;Total;2019;855
10;Cáceres;10073 Escurial;Total;2018;849
10;Cáceres;10073 Escurial;Total;2017;800
10;Cáceres;10073 Escurial;Total;2016;820
10;Cáceres;10073 Escurial;Total;2015;755
10;Cáceres;10073 Escurial;Total;2014;788
10;Cáceres;10073 Escurial;Total;2013;818
10;Cáceres;10073 Escurial;Total;2012;876
10;Cáceres;10073 Escurial;Total;2011;804
10;Cáceres;10073 Escurial;Total;2010;833
10;Cáceres;10073 Escurial;Total;2009;851
10;Cáceres;10073 Escurial;Total;2008;871
10;Cáceres;10073 Escurial;Total;2007;884
10;Cáceres;10073 Escurial;Total;2006;895
10;Cáceres;10073 Escurial;Total;2005;904
10;Cáceres;10073 Escurial;Total;2004;897
10;Cáceres;10073 Escurial;Total;2003;917
10;Cáceres;10073 Escurial;Total;2002;908
10;Cáceres;10073 Escurial;Total;2001;897
10;Cáceres;10073 Escurial;Total;2000;914
10;Cáceres;10073 Escurial;Total;1999;947
10;Cáceres;10073 Escurial;Total;1998;947
10;Cáceres;10073 Escurial;Total;1997;
10;Cáceres;10073 Escurial;Total;1996;986
10;Cáceres;10073 Escurial;Hombres;2023;457
10;Cáceres;10073 Escurial;Hombres;2022;454
10;Cáceres;10073 Escurial;Hombres;2021;453
10;Cáceres;10073 Escurial;Hombres;2020;452
10;Cáceres;10073 Escurial;Hombres;2019;453
10;Cáceres;10073 Escurial;Hombres;2018;445
10;Cáceres;10073 Escurial;Hombres;2017;424
10;Cáceres;10073 Escurial;Hombres;2016;430
10;Cáceres;10073 Escurial;Hombres;2015;399
10;Cáceres;10073 Escurial;Hombres;2014;418
10;Cáceres;10073 Escurial;Hombres;2013;432
10;Cáceres;10073 Escurial;Hombres;2012;463
10;Cáceres;10073 Escurial;Hombres;2011;421
10;Cáceres;10073 Escurial;Hombres;2010;434
10;Cáceres;10073 Escurial;Hombres;2009;436
10;Cáceres;10073 Escurial;Hombres;2008;444
10;Cáceres;10073 Escurial;Hombres;2007;447
10;Cáceres;10073 Escurial;Hombres;2006;455
10;Cáceres;10073 Escurial;Hombres;2005;461
10;Cáceres;10073 Escurial;Hombres;2004;458
10;Cáceres;10073 Escurial;Hombres;2003;470
10;Cáceres;10073 Escurial;Hombres;2002;465
10;Cáceres;10073 Escurial;Hombres;2001;450
10;Cáceres;10073 Escurial;Hombres;2000;460
10;Cáceres;10073 Escurial;Hombres;1999;474
10;Cáceres;10073 Escurial;Hombres;1998;474
10;Cáceres;10073 Escurial;Hombres;1997;
10;Cáceres;10073 Escurial;Hombres;1996;493
10;Cáceres;10073 Escurial;Mujeres;2023;406
10;Cáceres;10073 Escurial;Mujeres;2022;415
10;Cáceres;10073 Escurial;Mujeres;2021;409
10;Cáceres;10073 Escurial;Mujeres;2020;413
10;Cáceres;10073 Escurial;Mujeres;2019;402
10;Cáceres;10073 Escurial;Mujeres;2018;404
10;Cáceres;10073 Escurial;Mujeres;2017;376
10;Cáceres;10073 Escurial;Mujeres;2016;390
10;Cáceres;10073 Escurial;Mujeres;2015;356
10;Cáceres;10073 Escurial;Mujeres;2014;370
10;Cáceres;10073 Escurial;Mujeres;2013;386
10;Cáceres;10073 Escurial;Mujeres;2012;413
10;Cáceres;10073 Escurial;Mujeres;2011;383
10;Cáceres;10073 Escurial;Mujeres;2010;399
10;Cáceres;10073 Escurial;Mujeres;2009;415
10;Cáceres;10073 Escurial;Mujeres;2008;427
10;Cáceres;10073 Escurial;Mujeres;2007;437
10;Cáceres;10073 Escurial;Mujeres;2006;440
10;Cáceres;10073 Escurial;Mujeres;2005;443
10;Cáceres;10073 Escurial;Mujeres;2004;439
10;Cáceres;10073 Escurial;Mujeres;2003;447
10;Cáceres;10073 Escurial;Mujeres;2002;443
10;Cáceres;10073 Escurial;Mujeres;2001;447
10;Cáceres;10073 Escurial;Mujeres;2000;454
10;Cáceres;10073 Escurial;Mujeres;1999;473
10;Cáceres;10073 Escurial;Mujeres;1998;473
10;Cáceres;10073 Escurial;Mujeres;1997;
10;Cáceres;10073 Escurial;Mujeres;1996;493
10;Cáceres;10075 Fresnedoso de Ibor;Total;2023;241
10;Cáceres;10075 Fresnedoso de Ibor;Total;2022;262
10;Cáceres;10075 Fresnedoso de Ibor;Total;2021;264
10;Cáceres;10075 Fresnedoso de Ibor;Total;2020;262
10;Cáceres;10075 Fresnedoso de Ibor;Total;2019;268
10;Cáceres;10075 Fresnedoso de Ibor;Total;2018;275
10;Cáceres;10075 Fresnedoso de Ibor;Total;2017;272
10;Cáceres;10075 Fresnedoso de Ibor;Total;2016;284
10;Cáceres;10075 Fresnedoso de Ibor;Total;2015;293
10;Cáceres;10075 Fresnedoso de Ibor;Total;2014;304
10;Cáceres;10075 Fresnedoso de Ibor;Total;2013;315
10;Cáceres;10075 Fresnedoso de Ibor;Total;2012;318
10;Cáceres;10075 Fresnedoso de Ibor;Total;2011;324
10;Cáceres;10075 Fresnedoso de Ibor;Total;2010;331
10;Cáceres;10075 Fresnedoso de Ibor;Total;2009;329
10;Cáceres;10075 Fresnedoso de Ibor;Total;2008;332
10;Cáceres;10075 Fresnedoso de Ibor;Total;2007;337
10;Cáceres;10075 Fresnedoso de Ibor;Total;2006;338
10;Cáceres;10075 Fresnedoso de Ibor;Total;2005;343
10;Cáceres;10075 Fresnedoso de Ibor;Total;2004;350
10;Cáceres;10075 Fresnedoso de Ibor;Total;2003;351
10;Cáceres;10075 Fresnedoso de Ibor;Total;2002;344
10;Cáceres;10075 Fresnedoso de Ibor;Total;2001;352
10;Cáceres;10075 Fresnedoso de Ibor;Total;2000;366
10;Cáceres;10075 Fresnedoso de Ibor;Total;1999;417
10;Cáceres;10075 Fresnedoso de Ibor;Total;1998;448
10;Cáceres;10075 Fresnedoso de Ibor;Total;1997;
10;Cáceres;10075 Fresnedoso de Ibor;Total;1996;395
10;Cáceres;10075 Fresnedoso de Ibor;Hombres;2023;129
10;Cáceres;10075 Fresnedoso de Ibor;Hombres;2022;141
10;Cáceres;10075 Fresnedoso de Ibor;Hombres;2021;141
10;Cáceres;10075 Fresnedoso de Ibor;Hombres;2020;140
10;Cáceres;10075 Fresnedoso de Ibor;Hombres;2019;145
10;Cáceres;10075 Fresnedoso de Ibor;Hombres;2018;150
10;Cáceres;10075 Fresnedoso de Ibor;Hombres;2017;143
10;Cáceres;10075 Fresnedoso de Ibor;Hombres;2016;149
10;Cáceres;10075 Fresnedoso de Ibor;Hombres;2015;156
10;Cáceres;10075 Fresnedoso de Ibor;Hombres;2014;159
10;Cáceres;10075 Fresnedoso de Ibor;Hombres;2013;164
10;Cáceres;10075 Fresnedoso de Ibor;Hombres;2012;165
10;Cáceres;10075 Fresnedoso de Ibor;Hombres;2011;173
10;Cáceres;10075 Fresnedoso de Ibor;Hombres;2010;166
10;Cáceres;10075 Fresnedoso de Ibor;Hombres;2009;164
10;Cáceres;10075 Fresnedoso de Ibor;Hombres;2008;163
10;Cáceres;10075 Fresnedoso de Ibor;Hombres;2007;165
10;Cáceres;10075 Fresnedoso de Ibor;Hombres;2006;163
10;Cáceres;10075 Fresnedoso de Ibor;Hombres;2005;169
10;Cáceres;10075 Fresnedoso de Ibor;Hombres;2004;171
10;Cáceres;10075 Fresnedoso de Ibor;Hombres;2003;174
10;Cáceres;10075 Fresnedoso de Ibor;Hombres;2002;168
10;Cáceres;10075 Fresnedoso de Ibor;Hombres;2001;172
10;Cáceres;10075 Fresnedoso de Ibor;Hombres;2000;179
10;Cáceres;10075 Fresnedoso de Ibor;Hombres;1999;208
10;Cáceres;10075 Fresnedoso de Ibor;Hombres;1998;226
10;Cáceres;10075 Fresnedoso de Ibor;Hombres;1997;
10;Cáceres;10075 Fresnedoso de Ibor;Hombres;1996;193
10;Cáceres;10075 Fresnedoso de Ibor;Mujeres;2023;112
10;Cáceres;10075 Fresnedoso de Ibor;Mujeres;2022;121
10;Cáceres;10075 Fresnedoso de Ibor;Mujeres;2021;123
10;Cáceres;10075 Fresnedoso de Ibor;Mujeres;2020;122
10;Cáceres;10075 Fresnedoso de Ibor;Mujeres;2019;123
10;Cáceres;10075 Fresnedoso de Ibor;Mujeres;2018;125
10;Cáceres;10075 Fresnedoso de Ibor;Mujeres;2017;129
10;Cáceres;10075 Fresnedoso de Ibor;Mujeres;2016;135
10;Cáceres;10075 Fresnedoso de Ibor;Mujeres;2015;137
10;Cáceres;10075 Fresnedoso de Ibor;Mujeres;2014;145
10;Cáceres;10075 Fresnedoso de Ibor;Mujeres;2013;151
10;Cáceres;10075 Fresnedoso de Ibor;Mujeres;2012;153
10;Cáceres;10075 Fresnedoso de Ibor;Mujeres;2011;151
10;Cáceres;10075 Fresnedoso de Ibor;Mujeres;2010;165
10;Cáceres;10075 Fresnedoso de Ibor;Mujeres;2009;165
10;Cáceres;10075 Fresnedoso de Ibor;Mujeres;2008;169
10;Cáceres;10075 Fresnedoso de Ibor;Mujeres;2007;172
10;Cáceres;10075 Fresnedoso de Ibor;Mujeres;2006;175
10;Cáceres;10075 Fresnedoso de Ibor;Mujeres;2005;174
10;Cáceres;10075 Fresnedoso de Ibor;Mujeres;2004;179
10;Cáceres;10075 Fresnedoso de Ibor;Mujeres;2003;177
10;Cáceres;10075 Fresnedoso de Ibor;Mujeres;2002;176
10;Cáceres;10075 Fresnedoso de Ibor;Mujeres;2001;180
10;Cáceres;10075 Fresnedoso de Ibor;Mujeres;2000;187
10;Cáceres;10075 Fresnedoso de Ibor;Mujeres;1999;209
10;Cáceres;10075 Fresnedoso de Ibor;Mujeres;1998;222
10;Cáceres;10075 Fresnedoso de Ibor;Mujeres;1997;
10;Cáceres;10075 Fresnedoso de Ibor;Mujeres;1996;202
10;Cáceres;10076 Galisteo;Total;2023;858
10;Cáceres;10076 Galisteo;Total;2022;860
10;Cáceres;10076 Galisteo;Total;2021;902
10;Cáceres;10076 Galisteo;Total;2020;916
10;Cáceres;10076 Galisteo;Total;2019;918
10;Cáceres;10076 Galisteo;Total;2018;953
10;Cáceres;10076 Galisteo;Total;2017;985
10;Cáceres;10076 Galisteo;Total;2016;1009
10;Cáceres;10076 Galisteo;Total;2015;992
10;Cáceres;10076 Galisteo;Total;2014;1006
10;Cáceres;10076 Galisteo;Total;2013;974
10;Cáceres;10076 Galisteo;Total;2012;1046
10;Cáceres;10076 Galisteo;Total;2011;1055
10;Cáceres;10076 Galisteo;Total;2010;1095
10;Cáceres;10076 Galisteo;Total;2009;1968
10;Cáceres;10076 Galisteo;Total;2008;1980
10;Cáceres;10076 Galisteo;Total;2007;1980
10;Cáceres;10076 Galisteo;Total;2006;2001
10;Cáceres;10076 Galisteo;Total;2005;1996
10;Cáceres;10076 Galisteo;Total;2004;1992
10;Cáceres;10076 Galisteo;Total;2003;1935
10;Cáceres;10076 Galisteo;Total;2002;1955
10;Cáceres;10076 Galisteo;Total;2001;1988
10;Cáceres;10076 Galisteo;Total;2000;1985
10;Cáceres;10076 Galisteo;Total;1999;1993
10;Cáceres;10076 Galisteo;Total;1998;2002
10;Cáceres;10076 Galisteo;Total;1997;
10;Cáceres;10076 Galisteo;Total;1996;2008
10;Cáceres;10076 Galisteo;Hombres;2023;424
10;Cáceres;10076 Galisteo;Hombres;2022;427
10;Cáceres;10076 Galisteo;Hombres;2021;450
10;Cáceres;10076 Galisteo;Hombres;2020;460
10;Cáceres;10076 Galisteo;Hombres;2019;457
10;Cáceres;10076 Galisteo;Hombres;2018;478
10;Cáceres;10076 Galisteo;Hombres;2017;496
10;Cáceres;10076 Galisteo;Hombres;2016;504
10;Cáceres;10076 Galisteo;Hombres;2015;485
10;Cáceres;10076 Galisteo;Hombres;2014;485
10;Cáceres;10076 Galisteo;Hombres;2013;475
10;Cáceres;10076 Galisteo;Hombres;2012;522
10;Cáceres;10076 Galisteo;Hombres;2011;525
10;Cáceres;10076 Galisteo;Hombres;2010;548
10;Cáceres;10076 Galisteo;Hombres;2009;989
10;Cáceres;10076 Galisteo;Hombres;2008;999
10;Cáceres;10076 Galisteo;Hombres;2007;988
10;Cáceres;10076 Galisteo;Hombres;2006;1002
10;Cáceres;10076 Galisteo;Hombres;2005;1003
10;Cáceres;10076 Galisteo;Hombres;2004;1005
10;Cáceres;10076 Galisteo;Hombres;2003;974
10;Cáceres;10076 Galisteo;Hombres;2002;993
10;Cáceres;10076 Galisteo;Hombres;2001;1008
10;Cáceres;10076 Galisteo;Hombres;2000;1007
10;Cáceres;10076 Galisteo;Hombres;1999;1006
10;Cáceres;10076 Galisteo;Hombres;1998;1012
10;Cáceres;10076 Galisteo;Hombres;1997;
10;Cáceres;10076 Galisteo;Hombres;1996;1019
10;Cáceres;10076 Galisteo;Mujeres;2023;434
10;Cáceres;10076 Galisteo;Mujeres;2022;433
10;Cáceres;10076 Galisteo;Mujeres;2021;452
10;Cáceres;10076 Galisteo;Mujeres;2020;456
10;Cáceres;10076 Galisteo;Mujeres;2019;461
10;Cáceres;10076 Galisteo;Mujeres;2018;475
10;Cáceres;10076 Galisteo;Mujeres;2017;489
10;Cáceres;10076 Galisteo;Mujeres;2016;505
10;Cáceres;10076 Galisteo;Mujeres;2015;507
10;Cáceres;10076 Galisteo;Mujeres;2014;521
10;Cáceres;10076 Galisteo;Mujeres;2013;499
10;Cáceres;10076 Galisteo;Mujeres;2012;524
10;Cáceres;10076 Galisteo;Mujeres;2011;530
10;Cáceres;10076 Galisteo;Mujeres;2010;547
10;Cáceres;10076 Galisteo;Mujeres;2009;979
10;Cáceres;10076 Galisteo;Mujeres;2008;981
10;Cáceres;10076 Galisteo;Mujeres;2007;992
10;Cáceres;10076 Galisteo;Mujeres;2006;999
10;Cáceres;10076 Galisteo;Mujeres;2005;993
10;Cáceres;10076 Galisteo;Mujeres;2004;987
10;Cáceres;10076 Galisteo;Mujeres;2003;961
10;Cáceres;10076 Galisteo;Mujeres;2002;962
10;Cáceres;10076 Galisteo;Mujeres;2001;980
10;Cáceres;10076 Galisteo;Mujeres;2000;978
10;Cáceres;10076 Galisteo;Mujeres;1999;987
10;Cáceres;10076 Galisteo;Mujeres;1998;990
10;Cáceres;10076 Galisteo;Mujeres;1997;
10;Cáceres;10076 Galisteo;Mujeres;1996;989
10;Cáceres;10077 Garciaz;Total;2023;687
10;Cáceres;10077 Garciaz;Total;2022;696
10;Cáceres;10077 Garciaz;Total;2021;700
10;Cáceres;10077 Garciaz;Total;2020;699
10;Cáceres;10077 Garciaz;Total;2019;709
10;Cáceres;10077 Garciaz;Total;2018;725
10;Cáceres;10077 Garciaz;Total;2017;754
10;Cáceres;10077 Garciaz;Total;2016;773
10;Cáceres;10077 Garciaz;Total;2015;804
10;Cáceres;10077 Garciaz;Total;2014;801
10;Cáceres;10077 Garciaz;Total;2013;803
10;Cáceres;10077 Garciaz;Total;2012;817
10;Cáceres;10077 Garciaz;Total;2011;823
10;Cáceres;10077 Garciaz;Total;2010;829
10;Cáceres;10077 Garciaz;Total;2009;851
10;Cáceres;10077 Garciaz;Total;2008;885
10;Cáceres;10077 Garciaz;Total;2007;903
10;Cáceres;10077 Garciaz;Total;2006;902
10;Cáceres;10077 Garciaz;Total;2005;923
10;Cáceres;10077 Garciaz;Total;2004;926
10;Cáceres;10077 Garciaz;Total;2003;942
10;Cáceres;10077 Garciaz;Total;2002;979
10;Cáceres;10077 Garciaz;Total;2001;1019
10;Cáceres;10077 Garciaz;Total;2000;1038
10;Cáceres;10077 Garciaz;Total;1999;1064
10;Cáceres;10077 Garciaz;Total;1998;1038
10;Cáceres;10077 Garciaz;Total;1997;
10;Cáceres;10077 Garciaz;Total;1996;1056
10;Cáceres;10077 Garciaz;Hombres;2023;353
10;Cáceres;10077 Garciaz;Hombres;2022;357
10;Cáceres;10077 Garciaz;Hombres;2021;360
10;Cáceres;10077 Garciaz;Hombres;2020;362
10;Cáceres;10077 Garciaz;Hombres;2019;365
10;Cáceres;10077 Garciaz;Hombres;2018;375
10;Cáceres;10077 Garciaz;Hombres;2017;387
10;Cáceres;10077 Garciaz;Hombres;2016;398
10;Cáceres;10077 Garciaz;Hombres;2015;422
10;Cáceres;10077 Garciaz;Hombres;2014;413
10;Cáceres;10077 Garciaz;Hombres;2013;412
10;Cáceres;10077 Garciaz;Hombres;2012;418
10;Cáceres;10077 Garciaz;Hombres;2011;422
10;Cáceres;10077 Garciaz;Hombres;2010;425
10;Cáceres;10077 Garciaz;Hombres;2009;436
10;Cáceres;10077 Garciaz;Hombres;2008;455
10;Cáceres;10077 Garciaz;Hombres;2007;462
10;Cáceres;10077 Garciaz;Hombres;2006;467
10;Cáceres;10077 Garciaz;Hombres;2005;473
10;Cáceres;10077 Garciaz;Hombres;2004;474
10;Cáceres;10077 Garciaz;Hombres;2003;481
10;Cáceres;10077 Garciaz;Hombres;2002;495
10;Cáceres;10077 Garciaz;Hombres;2001;516
10;Cáceres;10077 Garciaz;Hombres;2000;533
10;Cáceres;10077 Garciaz;Hombres;1999;542
10;Cáceres;10077 Garciaz;Hombres;1998;532
10;Cáceres;10077 Garciaz;Hombres;1997;
10;Cáceres;10077 Garciaz;Hombres;1996;531
10;Cáceres;10077 Garciaz;Mujeres;2023;334
10;Cáceres;10077 Garciaz;Mujeres;2022;339
10;Cáceres;10077 Garciaz;Mujeres;2021;340
10;Cáceres;10077 Garciaz;Mujeres;2020;337
10;Cáceres;10077 Garciaz;Mujeres;2019;344
10;Cáceres;10077 Garciaz;Mujeres;2018;350
10;Cáceres;10077 Garciaz;Mujeres;2017;367
10;Cáceres;10077 Garciaz;Mujeres;2016;375
10;Cáceres;10077 Garciaz;Mujeres;2015;382
10;Cáceres;10077 Garciaz;Mujeres;2014;388
10;Cáceres;10077 Garciaz;Mujeres;2013;391
10;Cáceres;10077 Garciaz;Mujeres;2012;399
10;Cáceres;10077 Garciaz;Mujeres;2011;401
10;Cáceres;10077 Garciaz;Mujeres;2010;404
10;Cáceres;10077 Garciaz;Mujeres;2009;415
10;Cáceres;10077 Garciaz;Mujeres;2008;430
10;Cáceres;10077 Garciaz;Mujeres;2007;441
10;Cáceres;10077 Garciaz;Mujeres;2006;435
10;Cáceres;10077 Garciaz;Mujeres;2005;450
10;Cáceres;10077 Garciaz;Mujeres;2004;452
10;Cáceres;10077 Garciaz;Mujeres;2003;461
10;Cáceres;10077 Garciaz;Mujeres;2002;484
10;Cáceres;10077 Garciaz;Mujeres;2001;503
10;Cáceres;10077 Garciaz;Mujeres;2000;505
10;Cáceres;10077 Garciaz;Mujeres;1999;522
10;Cáceres;10077 Garciaz;Mujeres;1998;506
10;Cáceres;10077 Garciaz;Mujeres;1997;
10;Cáceres;10077 Garciaz;Mujeres;1996;525
10;Cáceres;10079 Garganta la Olla;Total;2023;898
10;Cáceres;10079 Garganta la Olla;Total;2022;919
10;Cáceres;10079 Garganta la Olla;Total;2021;924
10;Cáceres;10079 Garganta la Olla;Total;2020;926
10;Cáceres;10079 Garganta la Olla;Total;2019;957
10;Cáceres;10079 Garganta la Olla;Total;2018;984
10;Cáceres;10079 Garganta la Olla;Total;2017;998
10;Cáceres;10079 Garganta la Olla;Total;2016;1010
10;Cáceres;10079 Garganta la Olla;Total;2015;1010
10;Cáceres;10079 Garganta la Olla;Total;2014;994
10;Cáceres;10079 Garganta la Olla;Total;2013;955
10;Cáceres;10079 Garganta la Olla;Total;2012;1009
10;Cáceres;10079 Garganta la Olla;Total;2011;1023
10;Cáceres;10079 Garganta la Olla;Total;2010;1038
10;Cáceres;10079 Garganta la Olla;Total;2009;1062
10;Cáceres;10079 Garganta la Olla;Total;2008;1085
10;Cáceres;10079 Garganta la Olla;Total;2007;1063
10;Cáceres;10079 Garganta la Olla;Total;2006;1112
10;Cáceres;10079 Garganta la Olla;Total;2005;1152
10;Cáceres;10079 Garganta la Olla;Total;2004;1153
10;Cáceres;10079 Garganta la Olla;Total;2003;1151
10;Cáceres;10079 Garganta la Olla;Total;2002;1157
10;Cáceres;10079 Garganta la Olla;Total;2001;1169
10;Cáceres;10079 Garganta la Olla;Total;2000;1040
10;Cáceres;10079 Garganta la Olla;Total;1999;1044
10;Cáceres;10079 Garganta la Olla;Total;1998;1068
10;Cáceres;10079 Garganta la Olla;Total;1997;
10;Cáceres;10079 Garganta la Olla;Total;1996;1207
10;Cáceres;10079 Garganta la Olla;Hombres;2023;469
10;Cáceres;10079 Garganta la Olla;Hombres;2022;487
10;Cáceres;10079 Garganta la Olla;Hombres;2021;491
10;Cáceres;10079 Garganta la Olla;Hombres;2020;490
10;Cáceres;10079 Garganta la Olla;Hombres;2019;504
10;Cáceres;10079 Garganta la Olla;Hombres;2018;518
10;Cáceres;10079 Garganta la Olla;Hombres;2017;523
10;Cáceres;10079 Garganta la Olla;Hombres;2016;535
10;Cáceres;10079 Garganta la Olla;Hombres;2015;528
10;Cáceres;10079 Garganta la Olla;Hombres;2014;529
10;Cáceres;10079 Garganta la Olla;Hombres;2013;511
10;Cáceres;10079 Garganta la Olla;Hombres;2012;536
10;Cáceres;10079 Garganta la Olla;Hombres;2011;541
10;Cáceres;10079 Garganta la Olla;Hombres;2010;551
10;Cáceres;10079 Garganta la Olla;Hombres;2009;570
10;Cáceres;10079 Garganta la Olla;Hombres;2008;583
10;Cáceres;10079 Garganta la Olla;Hombres;2007;569
10;Cáceres;10079 Garganta la Olla;Hombres;2006;592
10;Cáceres;10079 Garganta la Olla;Hombres;2005;607
10;Cáceres;10079 Garganta la Olla;Hombres;2004;607
10;Cáceres;10079 Garganta la Olla;Hombres;2003;605
10;Cáceres;10079 Garganta la Olla;Hombres;2002;605
10;Cáceres;10079 Garganta la Olla;Hombres;2001;612
10;Cáceres;10079 Garganta la Olla;Hombres;2000;545
10;Cáceres;10079 Garganta la Olla;Hombres;1999;550
10;Cáceres;10079 Garganta la Olla;Hombres;1998;560
10;Cáceres;10079 Garganta la Olla;Hombres;1997;
10;Cáceres;10079 Garganta la Olla;Hombres;1996;635
10;Cáceres;10079 Garganta la Olla;Mujeres;2023;429
10;Cáceres;10079 Garganta la Olla;Mujeres;2022;432
10;Cáceres;10079 Garganta la Olla;Mujeres;2021;433
10;Cáceres;10079 Garganta la Olla;Mujeres;2020;436
10;Cáceres;10079 Garganta la Olla;Mujeres;2019;453
10;Cáceres;10079 Garganta la Olla;Mujeres;2018;466
10;Cáceres;10079 Garganta la Olla;Mujeres;2017;475
10;Cáceres;10079 Garganta la Olla;Mujeres;2016;475
10;Cáceres;10079 Garganta la Olla;Mujeres;2015;482
10;Cáceres;10079 Garganta la Olla;Mujeres;2014;465
10;Cáceres;10079 Garganta la Olla;Mujeres;2013;444
10;Cáceres;10079 Garganta la Olla;Mujeres;2012;473
10;Cáceres;10079 Garganta la Olla;Mujeres;2011;482
10;Cáceres;10079 Garganta la Olla;Mujeres;2010;487
10;Cáceres;10079 Garganta la Olla;Mujeres;2009;492
10;Cáceres;10079 Garganta la Olla;Mujeres;2008;502
10;Cáceres;10079 Garganta la Olla;Mujeres;2007;494
10;Cáceres;10079 Garganta la Olla;Mujeres;2006;520
10;Cáceres;10079 Garganta la Olla;Mujeres;2005;545
10;Cáceres;10079 Garganta la Olla;Mujeres;2004;546
10;Cáceres;10079 Garganta la Olla;Mujeres;2003;546
10;Cáceres;10079 Garganta la Olla;Mujeres;2002;552
10;Cáceres;10079 Garganta la Olla;Mujeres;2001;557
10;Cáceres;10079 Garganta la Olla;Mujeres;2000;495
10;Cáceres;10079 Garganta la Olla;Mujeres;1999;494
10;Cáceres;10079 Garganta la Olla;Mujeres;1998;508
10;Cáceres;10079 Garganta la Olla;Mujeres;1997;
10;Cáceres;10079 Garganta la Olla;Mujeres;1996;572
10;Cáceres;10078 Garganta, La;Total;2023;353
10;Cáceres;10078 Garganta, La;Total;2022;363
10;Cáceres;10078 Garganta, La;Total;2021;358
10;Cáceres;10078 Garganta, La;Total;2020;365
10;Cáceres;10078 Garganta, La;Total;2019;378
10;Cáceres;10078 Garganta, La;Total;2018;392
10;Cáceres;10078 Garganta, La;Total;2017;412
10;Cáceres;10078 Garganta, La;Total;2016;428
10;Cáceres;10078 Garganta, La;Total;2015;446
10;Cáceres;10078 Garganta, La;Total;2014;464
10;Cáceres;10078 Garganta, La;Total;2013;467
10;Cáceres;10078 Garganta, La;Total;2012;477
10;Cáceres;10078 Garganta, La;Total;2011;482
10;Cáceres;10078 Garganta, La;Total;2010;505
10;Cáceres;10078 Garganta, La;Total;2009;490
10;Cáceres;10078 Garganta, La;Total;2008;498
10;Cáceres;10078 Garganta, La;Total;2007;516
10;Cáceres;10078 Garganta, La;Total;2006;530
10;Cáceres;10078 Garganta, La;Total;2005;546
10;Cáceres;10078 Garganta, La;Total;2004;574
10;Cáceres;10078 Garganta, La;Total;2003;587
10;Cáceres;10078 Garganta, La;Total;2002;593
10;Cáceres;10078 Garganta, La;Total;2001;589
10;Cáceres;10078 Garganta, La;Total;2000;601
10;Cáceres;10078 Garganta, La;Total;1999;489
10;Cáceres;10078 Garganta, La;Total;1998;604
10;Cáceres;10078 Garganta, La;Total;1997;
10;Cáceres;10078 Garganta, La;Total;1996;641
10;Cáceres;10078 Garganta, La;Hombres;2023;186
10;Cáceres;10078 Garganta, La;Hombres;2022;194
10;Cáceres;10078 Garganta, La;Hombres;2021;193
10;Cáceres;10078 Garganta, La;Hombres;2020;199
10;Cáceres;10078 Garganta, La;Hombres;2019;208
10;Cáceres;10078 Garganta, La;Hombres;2018;214
10;Cáceres;10078 Garganta, La;Hombres;2017;221
10;Cáceres;10078 Garganta, La;Hombres;2016;227
10;Cáceres;10078 Garganta, La;Hombres;2015;238
10;Cáceres;10078 Garganta, La;Hombres;2014;251
10;Cáceres;10078 Garganta, La;Hombres;2013;255
10;Cáceres;10078 Garganta, La;Hombres;2012;261
10;Cáceres;10078 Garganta, La;Hombres;2011;261
10;Cáceres;10078 Garganta, La;Hombres;2010;275
10;Cáceres;10078 Garganta, La;Hombres;2009;261
10;Cáceres;10078 Garganta, La;Hombres;2008;270
10;Cáceres;10078 Garganta, La;Hombres;2007;278
10;Cáceres;10078 Garganta, La;Hombres;2006;287
10;Cáceres;10078 Garganta, La;Hombres;2005;299
10;Cáceres;10078 Garganta, La;Hombres;2004;312
10;Cáceres;10078 Garganta, La;Hombres;2003;318
10;Cáceres;10078 Garganta, La;Hombres;2002;320
10;Cáceres;10078 Garganta, La;Hombres;2001;314
10;Cáceres;10078 Garganta, La;Hombres;2000;316
10;Cáceres;10078 Garganta, La;Hombres;1999;273
10;Cáceres;10078 Garganta, La;Hombres;1998;337
10;Cáceres;10078 Garganta, La;Hombres;1997;
10;Cáceres;10078 Garganta, La;Hombres;1996;334
10;Cáceres;10078 Garganta, La;Mujeres;2023;167
10;Cáceres;10078 Garganta, La;Mujeres;2022;169
10;Cáceres;10078 Garganta, La;Mujeres;2021;165
10;Cáceres;10078 Garganta, La;Mujeres;2020;166
10;Cáceres;10078 Garganta, La;Mujeres;2019;170
10;Cáceres;10078 Garganta, La;Mujeres;2018;178
10;Cáceres;10078 Garganta, La;Mujeres;2017;191
10;Cáceres;10078 Garganta, La;Mujeres;2016;201
10;Cáceres;10078 Garganta, La;Mujeres;2015;208
10;Cáceres;10078 Garganta, La;Mujeres;2014;213
10;Cáceres;10078 Garganta, La;Mujeres;2013;212
10;Cáceres;10078 Garganta, La;Mujeres;2012;216
10;Cáceres;10078 Garganta, La;Mujeres;2011;221
10;Cáceres;10078 Garganta, La;Mujeres;2010;230
10;Cáceres;10078 Garganta, La;Mujeres;2009;229
10;Cáceres;10078 Garganta, La;Mujeres;2008;228
10;Cáceres;10078 Garganta, La;Mujeres;2007;238
10;Cáceres;10078 Garganta, La;Mujeres;2006;243
10;Cáceres;10078 Garganta, La;Mujeres;2005;247
10;Cáceres;10078 Garganta, La;Mujeres;2004;262
10;Cáceres;10078 Garganta, La;Mujeres;2003;269
10;Cáceres;10078 Garganta, La;Mujeres;2002;273
10;Cáceres;10078 Garganta, La;Mujeres;2001;275
10;Cáceres;10078 Garganta, La;Mujeres;2000;285
10;Cáceres;10078 Garganta, La;Mujeres;1999;216
10;Cáceres;10078 Garganta, La;Mujeres;1998;267
10;Cáceres;10078 Garganta, La;Mujeres;1997;
10;Cáceres;10078 Garganta, La;Mujeres;1996;307
10;Cáceres;10080 Gargantilla;Total;2023;371
10;Cáceres;10080 Gargantilla;Total;2022;379
10;Cáceres;10080 Gargantilla;Total;2021;374
10;Cáceres;10080 Gargantilla;Total;2020;376
10;Cáceres;10080 Gargantilla;Total;2019;389
10;Cáceres;10080 Gargantilla;Total;2018;403
10;Cáceres;10080 Gargantilla;Total;2017;401
10;Cáceres;10080 Gargantilla;Total;2016;403
10;Cáceres;10080 Gargantilla;Total;2015;409
10;Cáceres;10080 Gargantilla;Total;2014;423
10;Cáceres;10080 Gargantilla;Total;2013;426
10;Cáceres;10080 Gargantilla;Total;2012;426
10;Cáceres;10080 Gargantilla;Total;2011;432
10;Cáceres;10080 Gargantilla;Total;2010;432
10;Cáceres;10080 Gargantilla;Total;2009;440
10;Cáceres;10080 Gargantilla;Total;2008;434
10;Cáceres;10080 Gargantilla;Total;2007;439
10;Cáceres;10080 Gargantilla;Total;2006;450
10;Cáceres;10080 Gargantilla;Total;2005;449
10;Cáceres;10080 Gargantilla;Total;2004;456
10;Cáceres;10080 Gargantilla;Total;2003;468
10;Cáceres;10080 Gargantilla;Total;2002;478
10;Cáceres;10080 Gargantilla;Total;2001;484
10;Cáceres;10080 Gargantilla;Total;2000;495
10;Cáceres;10080 Gargantilla;Total;1999;498
10;Cáceres;10080 Gargantilla;Total;1998;501
10;Cáceres;10080 Gargantilla;Total;1997;
10;Cáceres;10080 Gargantilla;Total;1996;526
10;Cáceres;10080 Gargantilla;Hombres;2023;192
10;Cáceres;10080 Gargantilla;Hombres;2022;195
10;Cáceres;10080 Gargantilla;Hombres;2021;193
10;Cáceres;10080 Gargantilla;Hombres;2020;194
10;Cáceres;10080 Gargantilla;Hombres;2019;204
10;Cáceres;10080 Gargantilla;Hombres;2018;208
10;Cáceres;10080 Gargantilla;Hombres;2017;204
10;Cáceres;10080 Gargantilla;Hombres;2016;208
10;Cáceres;10080 Gargantilla;Hombres;2015;208
10;Cáceres;10080 Gargantilla;Hombres;2014;215
10;Cáceres;10080 Gargantilla;Hombres;2013;215
10;Cáceres;10080 Gargantilla;Hombres;2012;217
10;Cáceres;10080 Gargantilla;Hombres;2011;222
10;Cáceres;10080 Gargantilla;Hombres;2010;223
10;Cáceres;10080 Gargantilla;Hombres;2009;229
10;Cáceres;10080 Gargantilla;Hombres;2008;224
10;Cáceres;10080 Gargantilla;Hombres;2007;224
10;Cáceres;10080 Gargantilla;Hombres;2006;230
10;Cáceres;10080 Gargantilla;Hombres;2005;231
10;Cáceres;10080 Gargantilla;Hombres;2004;237
10;Cáceres;10080 Gargantilla;Hombres;2003;246
10;Cáceres;10080 Gargantilla;Hombres;2002;250
10;Cáceres;10080 Gargantilla;Hombres;2001;259
10;Cáceres;10080 Gargantilla;Hombres;2000;262
10;Cáceres;10080 Gargantilla;Hombres;1999;265
10;Cáceres;10080 Gargantilla;Hombres;1998;267
10;Cáceres;10080 Gargantilla;Hombres;1997;
10;Cáceres;10080 Gargantilla;Hombres;1996;270
10;Cáceres;10080 Gargantilla;Mujeres;2023;179
10;Cáceres;10080 Gargantilla;Mujeres;2022;184
10;Cáceres;10080 Gargantilla;Mujeres;2021;181
10;Cáceres;10080 Gargantilla;Mujeres;2020;182
10;Cáceres;10080 Gargantilla;Mujeres;2019;185
10;Cáceres;10080 Gargantilla;Mujeres;2018;195
10;Cáceres;10080 Gargantilla;Mujeres;2017;197
10;Cáceres;10080 Gargantilla;Mujeres;2016;195
10;Cáceres;10080 Gargantilla;Mujeres;2015;201
10;Cáceres;10080 Gargantilla;Mujeres;2014;208
10;Cáceres;10080 Gargantilla;Mujeres;2013;211
10;Cáceres;10080 Gargantilla;Mujeres;2012;209
10;Cáceres;10080 Gargantilla;Mujeres;2011;210
10;Cáceres;10080 Gargantilla;Mujeres;2010;209
10;Cáceres;10080 Gargantilla;Mujeres;2009;211
10;Cáceres;10080 Gargantilla;Mujeres;2008;210
10;Cáceres;10080 Gargantilla;Mujeres;2007;215
10;Cáceres;10080 Gargantilla;Mujeres;2006;220
10;Cáceres;10080 Gargantilla;Mujeres;2005;218
10;Cáceres;10080 Gargantilla;Mujeres;2004;219
10;Cáceres;10080 Gargantilla;Mujeres;2003;222
10;Cáceres;10080 Gargantilla;Mujeres;2002;228
10;Cáceres;10080 Gargantilla;Mujeres;2001;225
10;Cáceres;10080 Gargantilla;Mujeres;2000;233
10;Cáceres;10080 Gargantilla;Mujeres;1999;233
10;Cáceres;10080 Gargantilla;Mujeres;1998;234
10;Cáceres;10080 Gargantilla;Mujeres;1997;
10;Cáceres;10080 Gargantilla;Mujeres;1996;256
10;Cáceres;10081 Gargüera;Total;2023;176
10;Cáceres;10081 Gargüera;Total;2022;177
10;Cáceres;10081 Gargüera;Total;2021;178
10;Cáceres;10081 Gargüera;Total;2020;164
10;Cáceres;10081 Gargüera;Total;2019;127
10;Cáceres;10081 Gargüera;Total;2018;128
10;Cáceres;10081 Gargüera;Total;2017;133
10;Cáceres;10081 Gargüera;Total;2016;136
10;Cáceres;10081 Gargüera;Total;2015;126
10;Cáceres;10081 Gargüera;Total;2014;106
10;Cáceres;10081 Gargüera;Total;2013;110
10;Cáceres;10081 Gargüera;Total;2012;119
10;Cáceres;10081 Gargüera;Total;2011;123
10;Cáceres;10081 Gargüera;Total;2010;127
10;Cáceres;10081 Gargüera;Total;2009;132
10;Cáceres;10081 Gargüera;Total;2008;136
10;Cáceres;10081 Gargüera;Total;2007;142
10;Cáceres;10081 Gargüera;Total;2006;151
10;Cáceres;10081 Gargüera;Total;2005;163
10;Cáceres;10081 Gargüera;Total;2004;167
10;Cáceres;10081 Gargüera;Total;2003;176
10;Cáceres;10081 Gargüera;Total;2002;181
10;Cáceres;10081 Gargüera;Total;2001;188
10;Cáceres;10081 Gargüera;Total;2000;193
10;Cáceres;10081 Gargüera;Total;1999;198
10;Cáceres;10081 Gargüera;Total;1998;202
10;Cáceres;10081 Gargüera;Total;1997;
10;Cáceres;10081 Gargüera;Total;1996;211
10;Cáceres;10081 Gargüera;Hombres;2023;93
10;Cáceres;10081 Gargüera;Hombres;2022;95
10;Cáceres;10081 Gargüera;Hombres;2021;96
10;Cáceres;10081 Gargüera;Hombres;2020;89
10;Cáceres;10081 Gargüera;Hombres;2019;72
10;Cáceres;10081 Gargüera;Hombres;2018;71
10;Cáceres;10081 Gargüera;Hombres;2017;74
10;Cáceres;10081 Gargüera;Hombres;2016;77
10;Cáceres;10081 Gargüera;Hombres;2015;70
10;Cáceres;10081 Gargüera;Hombres;2014;56
10;Cáceres;10081 Gargüera;Hombres;2013;59
10;Cáceres;10081 Gargüera;Hombres;2012;64
10;Cáceres;10081 Gargüera;Hombres;2011;66
10;Cáceres;10081 Gargüera;Hombres;2010;69
10;Cáceres;10081 Gargüera;Hombres;2009;72
10;Cáceres;10081 Gargüera;Hombres;2008;73
10;Cáceres;10081 Gargüera;Hombres;2007;77
10;Cáceres;10081 Gargüera;Hombres;2006;81
10;Cáceres;10081 Gargüera;Hombres;2005;85
10;Cáceres;10081 Gargüera;Hombres;2004;87
10;Cáceres;10081 Gargüera;Hombres;2003;91
10;Cáceres;10081 Gargüera;Hombres;2002;94
10;Cáceres;10081 Gargüera;Hombres;2001;97
10;Cáceres;10081 Gargüera;Hombres;2000;100
10;Cáceres;10081 Gargüera;Hombres;1999;101
10;Cáceres;10081 Gargüera;Hombres;1998;103
10;Cáceres;10081 Gargüera;Hombres;1997;
10;Cáceres;10081 Gargüera;Hombres;1996;107
10;Cáceres;10081 Gargüera;Mujeres;2023;83
10;Cáceres;10081 Gargüera;Mujeres;2022;82
10;Cáceres;10081 Gargüera;Mujeres;2021;82
10;Cáceres;10081 Gargüera;Mujeres;2020;75
10;Cáceres;10081 Gargüera;Mujeres;2019;55
10;Cáceres;10081 Gargüera;Mujeres;2018;57
10;Cáceres;10081 Gargüera;Mujeres;2017;59
10;Cáceres;10081 Gargüera;Mujeres;2016;59
10;Cáceres;10081 Gargüera;Mujeres;2015;56
10;Cáceres;10081 Gargüera;Mujeres;2014;50
10;Cáceres;10081 Gargüera;Mujeres;2013;51
10;Cáceres;10081 Gargüera;Mujeres;2012;55
10;Cáceres;10081 Gargüera;Mujeres;2011;57
10;Cáceres;10081 Gargüera;Mujeres;2010;58
10;Cáceres;10081 Gargüera;Mujeres;2009;60
10;Cáceres;10081 Gargüera;Mujeres;2008;63
10;Cáceres;10081 Gargüera;Mujeres;2007;65
10;Cáceres;10081 Gargüera;Mujeres;2006;70
10;Cáceres;10081 Gargüera;Mujeres;2005;78
10;Cáceres;10081 Gargüera;Mujeres;2004;80
10;Cáceres;10081 Gargüera;Mujeres;2003;85
10;Cáceres;10081 Gargüera;Mujeres;2002;87
10;Cáceres;10081 Gargüera;Mujeres;2001;91
10;Cáceres;10081 Gargüera;Mujeres;2000;93
10;Cáceres;10081 Gargüera;Mujeres;1999;97
10;Cáceres;10081 Gargüera;Mujeres;1998;99
10;Cáceres;10081 Gargüera;Mujeres;1997;
10;Cáceres;10081 Gargüera;Mujeres;1996;104
10;Cáceres;10082 Garrovillas de Alconétar;Total;2023;1974
10;Cáceres;10082 Garrovillas de Alconétar;Total;2022;1988
10;Cáceres;10082 Garrovillas de Alconétar;Total;2021;1955
10;Cáceres;10082 Garrovillas de Alconétar;Total;2020;2004
10;Cáceres;10082 Garrovillas de Alconétar;Total;2019;2034
10;Cáceres;10082 Garrovillas de Alconétar;Total;2018;2054
10;Cáceres;10082 Garrovillas de Alconétar;Total;2017;2102
10;Cáceres;10082 Garrovillas de Alconétar;Total;2016;2145
10;Cáceres;10082 Garrovillas de Alconétar;Total;2015;2205
10;Cáceres;10082 Garrovillas de Alconétar;Total;2014;2226
10;Cáceres;10082 Garrovillas de Alconétar;Total;2013;2245
10;Cáceres;10082 Garrovillas de Alconétar;Total;2012;2246
10;Cáceres;10082 Garrovillas de Alconétar;Total;2011;2229
10;Cáceres;10082 Garrovillas de Alconétar;Total;2010;2247
10;Cáceres;10082 Garrovillas de Alconétar;Total;2009;2280
10;Cáceres;10082 Garrovillas de Alconétar;Total;2008;2306
10;Cáceres;10082 Garrovillas de Alconétar;Total;2007;2336
10;Cáceres;10082 Garrovillas de Alconétar;Total;2006;2350
10;Cáceres;10082 Garrovillas de Alconétar;Total;2005;2372
10;Cáceres;10082 Garrovillas de Alconétar;Total;2004;2411
10;Cáceres;10082 Garrovillas de Alconétar;Total;2003;2433
10;Cáceres;10082 Garrovillas de Alconétar;Total;2002;2457
10;Cáceres;10082 Garrovillas de Alconétar;Total;2001;2503
10;Cáceres;10082 Garrovillas de Alconétar;Total;2000;2509
10;Cáceres;10082 Garrovillas de Alconétar;Total;1999;2738
10;Cáceres;10082 Garrovillas de Alconétar;Total;1998;2488
10;Cáceres;10082 Garrovillas de Alconétar;Total;1997;
10;Cáceres;10082 Garrovillas de Alconétar;Total;1996;2557
10;Cáceres;10082 Garrovillas de Alconétar;Hombres;2023;964
10;Cáceres;10082 Garrovillas de Alconétar;Hombres;2022;973
10;Cáceres;10082 Garrovillas de Alconétar;Hombres;2021;969
10;Cáceres;10082 Garrovillas de Alconétar;Hombres;2020;992
10;Cáceres;10082 Garrovillas de Alconétar;Hombres;2019;1005
10;Cáceres;10082 Garrovillas de Alconétar;Hombres;2018;1020
10;Cáceres;10082 Garrovillas de Alconétar;Hombres;2017;1041
10;Cáceres;10082 Garrovillas de Alconétar;Hombres;2016;1057
10;Cáceres;10082 Garrovillas de Alconétar;Hombres;2015;1071
10;Cáceres;10082 Garrovillas de Alconétar;Hombres;2014;1085
10;Cáceres;10082 Garrovillas de Alconétar;Hombres;2013;1104
10;Cáceres;10082 Garrovillas de Alconétar;Hombres;2012;1109
10;Cáceres;10082 Garrovillas de Alconétar;Hombres;2011;1088
10;Cáceres;10082 Garrovillas de Alconétar;Hombres;2010;1099
10;Cáceres;10082 Garrovillas de Alconétar;Hombres;2009;1113
10;Cáceres;10082 Garrovillas de Alconétar;Hombres;2008;1129
10;Cáceres;10082 Garrovillas de Alconétar;Hombres;2007;1148
10;Cáceres;10082 Garrovillas de Alconétar;Hombres;2006;1143
10;Cáceres;10082 Garrovillas de Alconétar;Hombres;2005;1161
10;Cáceres;10082 Garrovillas de Alconétar;Hombres;2004;1171
10;Cáceres;10082 Garrovillas de Alconétar;Hombres;2003;1202
10;Cáceres;10082 Garrovillas de Alconétar;Hombres;2002;1211
10;Cáceres;10082 Garrovillas de Alconétar;Hombres;2001;1229
10;Cáceres;10082 Garrovillas de Alconétar;Hombres;2000;1234
10;Cáceres;10082 Garrovillas de Alconétar;Hombres;1999;1343
10;Cáceres;10082 Garrovillas de Alconétar;Hombres;1998;1196
10;Cáceres;10082 Garrovillas de Alconétar;Hombres;1997;
10;Cáceres;10082 Garrovillas de Alconétar;Hombres;1996;1229
10;Cáceres;10082 Garrovillas de Alconétar;Mujeres;2023;1010
10;Cáceres;10082 Garrovillas de Alconétar;Mujeres;2022;1015
10;Cáceres;10082 Garrovillas de Alconétar;Mujeres;2021;986
10;Cáceres;10082 Garrovillas de Alconétar;Mujeres;2020;1012
10;Cáceres;10082 Garrovillas de Alconétar;Mujeres;2019;1029
10;Cáceres;10082 Garrovillas de Alconétar;Mujeres;2018;1034
10;Cáceres;10082 Garrovillas de Alconétar;Mujeres;2017;1061
10;Cáceres;10082 Garrovillas de Alconétar;Mujeres;2016;1088
10;Cáceres;10082 Garrovillas de Alconétar;Mujeres;2015;1134
10;Cáceres;10082 Garrovillas de Alconétar;Mujeres;2014;1141
10;Cáceres;10082 Garrovillas de Alconétar;Mujeres;2013;1141
10;Cáceres;10082 Garrovillas de Alconétar;Mujeres;2012;1137
10;Cáceres;10082 Garrovillas de Alconétar;Mujeres;2011;1141
10;Cáceres;10082 Garrovillas de Alconétar;Mujeres;2010;1148
10;Cáceres;10082 Garrovillas de Alconétar;Mujeres;2009;1167
10;Cáceres;10082 Garrovillas de Alconétar;Mujeres;2008;1177
10;Cáceres;10082 Garrovillas de Alconétar;Mujeres;2007;1188
10;Cáceres;10082 Garrovillas de Alconétar;Mujeres;2006;1207
10;Cáceres;10082 Garrovillas de Alconétar;Mujeres;2005;1211
10;Cáceres;10082 Garrovillas de Alconétar;Mujeres;2004;1240
10;Cáceres;10082 Garrovillas de Alconétar;Mujeres;2003;1231
10;Cáceres;10082 Garrovillas de Alconétar;Mujeres;2002;1246
10;Cáceres;10082 Garrovillas de Alconétar;Mujeres;2001;1274
10;Cáceres;10082 Garrovillas de Alconétar;Mujeres;2000;1275
10;Cáceres;10082 Garrovillas de Alconétar;Mujeres;1999;1395
10;Cáceres;10082 Garrovillas de Alconétar;Mujeres;1998;1292
10;Cáceres;10082 Garrovillas de Alconétar;Mujeres;1997;
10;Cáceres;10082 Garrovillas de Alconétar;Mujeres;1996;1328
10;Cáceres;10083 Garvín;Total;2023;99
10;Cáceres;10083 Garvín;Total;2022;96
10;Cáceres;10083 Garvín;Total;2021;96
10;Cáceres;10083 Garvín;Total;2020;104
10;Cáceres;10083 Garvín;Total;2019;95
10;Cáceres;10083 Garvín;Total;2018;98
10;Cáceres;10083 Garvín;Total;2017;98
10;Cáceres;10083 Garvín;Total;2016;91
10;Cáceres;10083 Garvín;Total;2015;92
10;Cáceres;10083 Garvín;Total;2014;97
10;Cáceres;10083 Garvín;Total;2013;104
10;Cáceres;10083 Garvín;Total;2012;110
10;Cáceres;10083 Garvín;Total;2011;108
10;Cáceres;10083 Garvín;Total;2010;97
10;Cáceres;10083 Garvín;Total;2009;105
10;Cáceres;10083 Garvín;Total;2008;106
10;Cáceres;10083 Garvín;Total;2007;108
10;Cáceres;10083 Garvín;Total;2006;109
10;Cáceres;10083 Garvín;Total;2005;108
10;Cáceres;10083 Garvín;Total;2004;108
10;Cáceres;10083 Garvín;Total;2003;113
10;Cáceres;10083 Garvín;Total;2002;118
10;Cáceres;10083 Garvín;Total;2001;123
10;Cáceres;10083 Garvín;Total;2000;127
10;Cáceres;10083 Garvín;Total;1999;121
10;Cáceres;10083 Garvín;Total;1998;122
10;Cáceres;10083 Garvín;Total;1997;
10;Cáceres;10083 Garvín;Total;1996;119
10;Cáceres;10083 Garvín;Hombres;2023;55
10;Cáceres;10083 Garvín;Hombres;2022;52
10;Cáceres;10083 Garvín;Hombres;2021;51
10;Cáceres;10083 Garvín;Hombres;2020;55
10;Cáceres;10083 Garvín;Hombres;2019;52
10;Cáceres;10083 Garvín;Hombres;2018;52
10;Cáceres;10083 Garvín;Hombres;2017;54
10;Cáceres;10083 Garvín;Hombres;2016;51
10;Cáceres;10083 Garvín;Hombres;2015;52
10;Cáceres;10083 Garvín;Hombres;2014;54
10;Cáceres;10083 Garvín;Hombres;2013;57
10;Cáceres;10083 Garvín;Hombres;2012;63
10;Cáceres;10083 Garvín;Hombres;2011;58
10;Cáceres;10083 Garvín;Hombres;2010;52
10;Cáceres;10083 Garvín;Hombres;2009;58
10;Cáceres;10083 Garvín;Hombres;2008;58
10;Cáceres;10083 Garvín;Hombres;2007;58
10;Cáceres;10083 Garvín;Hombres;2006;59
10;Cáceres;10083 Garvín;Hombres;2005;59
10;Cáceres;10083 Garvín;Hombres;2004;59
10;Cáceres;10083 Garvín;Hombres;2003;62
10;Cáceres;10083 Garvín;Hombres;2002;66
10;Cáceres;10083 Garvín;Hombres;2001;67
10;Cáceres;10083 Garvín;Hombres;2000;70
10;Cáceres;10083 Garvín;Hombres;1999;70
10;Cáceres;10083 Garvín;Hombres;1998;70
10;Cáceres;10083 Garvín;Hombres;1997;
10;Cáceres;10083 Garvín;Hombres;1996;73
10;Cáceres;10083 Garvín;Mujeres;2023;44
10;Cáceres;10083 Garvín;Mujeres;2022;44
10;Cáceres;10083 Garvín;Mujeres;2021;45
10;Cáceres;10083 Garvín;Mujeres;2020;49
10;Cáceres;10083 Garvín;Mujeres;2019;43
10;Cáceres;10083 Garvín;Mujeres;2018;46
10;Cáceres;10083 Garvín;Mujeres;2017;44
10;Cáceres;10083 Garvín;Mujeres;2016;40
10;Cáceres;10083 Garvín;Mujeres;2015;40
10;Cáceres;10083 Garvín;Mujeres;2014;43
10;Cáceres;10083 Garvín;Mujeres;2013;47
10;Cáceres;10083 Garvín;Mujeres;2012;47
10;Cáceres;10083 Garvín;Mujeres;2011;50
10;Cáceres;10083 Garvín;Mujeres;2010;45
10;Cáceres;10083 Garvín;Mujeres;2009;47
10;Cáceres;10083 Garvín;Mujeres;2008;48
10;Cáceres;10083 Garvín;Mujeres;2007;50
10;Cáceres;10083 Garvín;Mujeres;2006;50
10;Cáceres;10083 Garvín;Mujeres;2005;49
10;Cáceres;10083 Garvín;Mujeres;2004;49
10;Cáceres;10083 Garvín;Mujeres;2003;51
10;Cáceres;10083 Garvín;Mujeres;2002;52
10;Cáceres;10083 Garvín;Mujeres;2001;56
10;Cáceres;10083 Garvín;Mujeres;2000;57
10;Cáceres;10083 Garvín;Mujeres;1999;51
10;Cáceres;10083 Garvín;Mujeres;1998;52
10;Cáceres;10083 Garvín;Mujeres;1997;
10;Cáceres;10083 Garvín;Mujeres;1996;46
10;Cáceres;10084 Gata;Total;2023;1372
10;Cáceres;10084 Gata;Total;2022;1395
10;Cáceres;10084 Gata;Total;2021;1413
10;Cáceres;10084 Gata;Total;2020;1417
10;Cáceres;10084 Gata;Total;2019;1447
10;Cáceres;10084 Gata;Total;2018;1493
10;Cáceres;10084 Gata;Total;2017;1534
10;Cáceres;10084 Gata;Total;2016;1556
10;Cáceres;10084 Gata;Total;2015;1593
10;Cáceres;10084 Gata;Total;2014;1618
10;Cáceres;10084 Gata;Total;2013;1614
10;Cáceres;10084 Gata;Total;2012;1639
10;Cáceres;10084 Gata;Total;2011;1648
10;Cáceres;10084 Gata;Total;2010;1654
10;Cáceres;10084 Gata;Total;2009;1662
10;Cáceres;10084 Gata;Total;2008;1698
10;Cáceres;10084 Gata;Total;2007;1702
10;Cáceres;10084 Gata;Total;2006;1729
10;Cáceres;10084 Gata;Total;2005;1753
10;Cáceres;10084 Gata;Total;2004;1796
10;Cáceres;10084 Gata;Total;2003;1800
10;Cáceres;10084 Gata;Total;2002;1846
10;Cáceres;10084 Gata;Total;2001;1879
10;Cáceres;10084 Gata;Total;2000;1893
10;Cáceres;10084 Gata;Total;1999;1950
10;Cáceres;10084 Gata;Total;1998;1950
10;Cáceres;10084 Gata;Total;1997;
10;Cáceres;10084 Gata;Total;1996;2013
10;Cáceres;10084 Gata;Hombres;2023;700
10;Cáceres;10084 Gata;Hombres;2022;713
10;Cáceres;10084 Gata;Hombres;2021;722
10;Cáceres;10084 Gata;Hombres;2020;729
10;Cáceres;10084 Gata;Hombres;2019;751
10;Cáceres;10084 Gata;Hombres;2018;774
10;Cáceres;10084 Gata;Hombres;2017;796
10;Cáceres;10084 Gata;Hombres;2016;807
10;Cáceres;10084 Gata;Hombres;2015;820
10;Cáceres;10084 Gata;Hombres;2014;838
10;Cáceres;10084 Gata;Hombres;2013;831
10;Cáceres;10084 Gata;Hombres;2012;837
10;Cáceres;10084 Gata;Hombres;2011;841
10;Cáceres;10084 Gata;Hombres;2010;838
10;Cáceres;10084 Gata;Hombres;2009;841
10;Cáceres;10084 Gata;Hombres;2008;857
10;Cáceres;10084 Gata;Hombres;2007;860
10;Cáceres;10084 Gata;Hombres;2006;876
10;Cáceres;10084 Gata;Hombres;2005;891
10;Cáceres;10084 Gata;Hombres;2004;911
10;Cáceres;10084 Gata;Hombres;2003;919
10;Cáceres;10084 Gata;Hombres;2002;936
10;Cáceres;10084 Gata;Hombres;2001;949
10;Cáceres;10084 Gata;Hombres;2000;955
10;Cáceres;10084 Gata;Hombres;1999;979
10;Cáceres;10084 Gata;Hombres;1998;979
10;Cáceres;10084 Gata;Hombres;1997;
10;Cáceres;10084 Gata;Hombres;1996;1004
10;Cáceres;10084 Gata;Mujeres;2023;672
10;Cáceres;10084 Gata;Mujeres;2022;682
10;Cáceres;10084 Gata;Mujeres;2021;691
10;Cáceres;10084 Gata;Mujeres;2020;688
10;Cáceres;10084 Gata;Mujeres;2019;696
10;Cáceres;10084 Gata;Mujeres;2018;719
10;Cáceres;10084 Gata;Mujeres;2017;738
10;Cáceres;10084 Gata;Mujeres;2016;749
10;Cáceres;10084 Gata;Mujeres;2015;773
10;Cáceres;10084 Gata;Mujeres;2014;780
10;Cáceres;10084 Gata;Mujeres;2013;783
10;Cáceres;10084 Gata;Mujeres;2012;802
10;Cáceres;10084 Gata;Mujeres;2011;807
10;Cáceres;10084 Gata;Mujeres;2010;816
10;Cáceres;10084 Gata;Mujeres;2009;821
10;Cáceres;10084 Gata;Mujeres;2008;841
10;Cáceres;10084 Gata;Mujeres;2007;842
10;Cáceres;10084 Gata;Mujeres;2006;853
10;Cáceres;10084 Gata;Mujeres;2005;862
10;Cáceres;10084 Gata;Mujeres;2004;885
10;Cáceres;10084 Gata;Mujeres;2003;881
10;Cáceres;10084 Gata;Mujeres;2002;910
10;Cáceres;10084 Gata;Mujeres;2001;930
10;Cáceres;10084 Gata;Mujeres;2000;938
10;Cáceres;10084 Gata;Mujeres;1999;971
10;Cáceres;10084 Gata;Mujeres;1998;971
10;Cáceres;10084 Gata;Mujeres;1997;
10;Cáceres;10084 Gata;Mujeres;1996;1009
10;Cáceres;10085 Gordo, El;Total;2023;364
10;Cáceres;10085 Gordo, El;Total;2022;371
10;Cáceres;10085 Gordo, El;Total;2021;382
10;Cáceres;10085 Gordo, El;Total;2020;360
10;Cáceres;10085 Gordo, El;Total;2019;367
10;Cáceres;10085 Gordo, El;Total;2018;363
10;Cáceres;10085 Gordo, El;Total;2017;375
10;Cáceres;10085 Gordo, El;Total;2016;388
10;Cáceres;10085 Gordo, El;Total;2015;394
10;Cáceres;10085 Gordo, El;Total;2014;378
10;Cáceres;10085 Gordo, El;Total;2013;395
10;Cáceres;10085 Gordo, El;Total;2012;395
10;Cáceres;10085 Gordo, El;Total;2011;385
10;Cáceres;10085 Gordo, El;Total;2010;373
10;Cáceres;10085 Gordo, El;Total;2009;338
10;Cáceres;10085 Gordo, El;Total;2008;353
10;Cáceres;10085 Gordo, El;Total;2007;317
10;Cáceres;10085 Gordo, El;Total;2006;314
10;Cáceres;10085 Gordo, El;Total;2005;300
10;Cáceres;10085 Gordo, El;Total;2004;296
10;Cáceres;10085 Gordo, El;Total;2003;274
10;Cáceres;10085 Gordo, El;Total;2002;288
10;Cáceres;10085 Gordo, El;Total;2001;298
10;Cáceres;10085 Gordo, El;Total;2000;312
10;Cáceres;10085 Gordo, El;Total;1999;368
10;Cáceres;10085 Gordo, El;Total;1998;304
10;Cáceres;10085 Gordo, El;Total;1997;
10;Cáceres;10085 Gordo, El;Total;1996;309
10;Cáceres;10085 Gordo, El;Hombres;2023;196
10;Cáceres;10085 Gordo, El;Hombres;2022;197
10;Cáceres;10085 Gordo, El;Hombres;2021;202
10;Cáceres;10085 Gordo, El;Hombres;2020;188
10;Cáceres;10085 Gordo, El;Hombres;2019;193
10;Cáceres;10085 Gordo, El;Hombres;2018;186
10;Cáceres;10085 Gordo, El;Hombres;2017;192
10;Cáceres;10085 Gordo, El;Hombres;2016;195
10;Cáceres;10085 Gordo, El;Hombres;2015;199
10;Cáceres;10085 Gordo, El;Hombres;2014;192
10;Cáceres;10085 Gordo, El;Hombres;2013;200
10;Cáceres;10085 Gordo, El;Hombres;2012;206
10;Cáceres;10085 Gordo, El;Hombres;2011;203
10;Cáceres;10085 Gordo, El;Hombres;2010;190
10;Cáceres;10085 Gordo, El;Hombres;2009;174
10;Cáceres;10085 Gordo, El;Hombres;2008;184
10;Cáceres;10085 Gordo, El;Hombres;2007;153
10;Cáceres;10085 Gordo, El;Hombres;2006;155
10;Cáceres;10085 Gordo, El;Hombres;2005;139
10;Cáceres;10085 Gordo, El;Hombres;2004;140
10;Cáceres;10085 Gordo, El;Hombres;2003;135
10;Cáceres;10085 Gordo, El;Hombres;2002;142
10;Cáceres;10085 Gordo, El;Hombres;2001;146
10;Cáceres;10085 Gordo, El;Hombres;2000;153
10;Cáceres;10085 Gordo, El;Hombres;1999;183
10;Cáceres;10085 Gordo, El;Hombres;1998;150
10;Cáceres;10085 Gordo, El;Hombres;1997;
10;Cáceres;10085 Gordo, El;Hombres;1996;152
10;Cáceres;10085 Gordo, El;Mujeres;2023;168
10;Cáceres;10085 Gordo, El;Mujeres;2022;174
10;Cáceres;10085 Gordo, El;Mujeres;2021;180
10;Cáceres;10085 Gordo, El;Mujeres;2020;172
10;Cáceres;10085 Gordo, El;Mujeres;2019;174
10;Cáceres;10085 Gordo, El;Mujeres;2018;177
10;Cáceres;10085 Gordo, El;Mujeres;2017;183
10;Cáceres;10085 Gordo, El;Mujeres;2016;193
10;Cáceres;10085 Gordo, El;Mujeres;2015;195
10;Cáceres;10085 Gordo, El;Mujeres;2014;186
10;Cáceres;10085 Gordo, El;Mujeres;2013;195
10;Cáceres;10085 Gordo, El;Mujeres;2012;189
10;Cáceres;10085 Gordo, El;Mujeres;2011;182
10;Cáceres;10085 Gordo, El;Mujeres;2010;183
10;Cáceres;10085 Gordo, El;Mujeres;2009;164
10;Cáceres;10085 Gordo, El;Mujeres;2008;169
10;Cáceres;10085 Gordo, El;Mujeres;2007;164
10;Cáceres;10085 Gordo, El;Mujeres;2006;159
10;Cáceres;10085 Gordo, El;Mujeres;2005;161
10;Cáceres;10085 Gordo, El;Mujeres;2004;156
10;Cáceres;10085 Gordo, El;Mujeres;2003;139
10;Cáceres;10085 Gordo, El;Mujeres;2002;146
10;Cáceres;10085 Gordo, El;Mujeres;2001;152
10;Cáceres;10085 Gordo, El;Mujeres;2000;159
10;Cáceres;10085 Gordo, El;Mujeres;1999;185
10;Cáceres;10085 Gordo, El;Mujeres;1998;154
10;Cáceres;10085 Gordo, El;Mujeres;1997;
10;Cáceres;10085 Gordo, El;Mujeres;1996;157
10;Cáceres;10086 Granja, La;Total;2023;316
10;Cáceres;10086 Granja, La;Total;2022;326
10;Cáceres;10086 Granja, La;Total;2021;318
10;Cáceres;10086 Granja, La;Total;2020;323
10;Cáceres;10086 Granja, La;Total;2019;328
10;Cáceres;10086 Granja, La;Total;2018;335
10;Cáceres;10086 Granja, La;Total;2017;342
10;Cáceres;10086 Granja, La;Total;2016;352
10;Cáceres;10086 Granja, La;Total;2015;357
10;Cáceres;10086 Granja, La;Total;2014;359
10;Cáceres;10086 Granja, La;Total;2013;362
10;Cáceres;10086 Granja, La;Total;2012;361
10;Cáceres;10086 Granja, La;Total;2011;364
10;Cáceres;10086 Granja, La;Total;2010;366
10;Cáceres;10086 Granja, La;Total;2009;361
10;Cáceres;10086 Granja, La;Total;2008;365
10;Cáceres;10086 Granja, La;Total;2007;372
10;Cáceres;10086 Granja, La;Total;2006;378
10;Cáceres;10086 Granja, La;Total;2005;342
10;Cáceres;10086 Granja, La;Total;2004;354
10;Cáceres;10086 Granja, La;Total;2003;364
10;Cáceres;10086 Granja, La;Total;2002;392
10;Cáceres;10086 Granja, La;Total;2001;408
10;Cáceres;10086 Granja, La;Total;2000;415
10;Cáceres;10086 Granja, La;Total;1999;424
10;Cáceres;10086 Granja, La;Total;1998;432
10;Cáceres;10086 Granja, La;Total;1997;
10;Cáceres;10086 Granja, La;Total;1996;450
10;Cáceres;10086 Granja, La;Hombres;2023;164
10;Cáceres;10086 Granja, La;Hombres;2022;164
10;Cáceres;10086 Granja, La;Hombres;2021;161
10;Cáceres;10086 Granja, La;Hombres;2020;163
10;Cáceres;10086 Granja, La;Hombres;2019;168
10;Cáceres;10086 Granja, La;Hombres;2018;175
10;Cáceres;10086 Granja, La;Hombres;2017;182
10;Cáceres;10086 Granja, La;Hombres;2016;187
10;Cáceres;10086 Granja, La;Hombres;2015;193
10;Cáceres;10086 Granja, La;Hombres;2014;191
10;Cáceres;10086 Granja, La;Hombres;2013;190
10;Cáceres;10086 Granja, La;Hombres;2012;192
10;Cáceres;10086 Granja, La;Hombres;2011;195
10;Cáceres;10086 Granja, La;Hombres;2010;194
10;Cáceres;10086 Granja, La;Hombres;2009;194
10;Cáceres;10086 Granja, La;Hombres;2008;200
10;Cáceres;10086 Granja, La;Hombres;2007;199
10;Cáceres;10086 Granja, La;Hombres;2006;206
10;Cáceres;10086 Granja, La;Hombres;2005;191
10;Cáceres;10086 Granja, La;Hombres;2004;197
10;Cáceres;10086 Granja, La;Hombres;2003;204
10;Cáceres;10086 Granja, La;Hombres;2002;218
10;Cáceres;10086 Granja, La;Hombres;2001;228
10;Cáceres;10086 Granja, La;Hombres;2000;229
10;Cáceres;10086 Granja, La;Hombres;1999;237
10;Cáceres;10086 Granja, La;Hombres;1998;243
10;Cáceres;10086 Granja, La;Hombres;1997;
10;Cáceres;10086 Granja, La;Hombres;1996;241
10;Cáceres;10086 Granja, La;Mujeres;2023;152
10;Cáceres;10086 Granja, La;Mujeres;2022;162
10;Cáceres;10086 Granja, La;Mujeres;2021;157
10;Cáceres;10086 Granja, La;Mujeres;2020;160
10;Cáceres;10086 Granja, La;Mujeres;2019;160
10;Cáceres;10086 Granja, La;Mujeres;2018;160
10;Cáceres;10086 Granja, La;Mujeres;2017;160
10;Cáceres;10086 Granja, La;Mujeres;2016;165
10;Cáceres;10086 Granja, La;Mujeres;2015;164
10;Cáceres;10086 Granja, La;Mujeres;2014;168
10;Cáceres;10086 Granja, La;Mujeres;2013;172
10;Cáceres;10086 Granja, La;Mujeres;2012;169
10;Cáceres;10086 Granja, La;Mujeres;2011;169
10;Cáceres;10086 Granja, La;Mujeres;2010;172
10;Cáceres;10086 Granja, La;Mujeres;2009;167
10;Cáceres;10086 Granja, La;Mujeres;2008;165
10;Cáceres;10086 Granja, La;Mujeres;2007;173
10;Cáceres;10086 Granja, La;Mujeres;2006;172
10;Cáceres;10086 Granja, La;Mujeres;2005;151
10;Cáceres;10086 Granja, La;Mujeres;2004;157
10;Cáceres;10086 Granja, La;Mujeres;2003;160
10;Cáceres;10086 Granja, La;Mujeres;2002;174
10;Cáceres;10086 Granja, La;Mujeres;2001;180
10;Cáceres;10086 Granja, La;Mujeres;2000;186
10;Cáceres;10086 Granja, La;Mujeres;1999;187
10;Cáceres;10086 Granja, La;Mujeres;1998;189
10;Cáceres;10086 Granja, La;Mujeres;1997;
10;Cáceres;10086 Granja, La;Mujeres;1996;209
10;Cáceres;10087 Guadalupe;Total;2023;1787
10;Cáceres;10087 Guadalupe;Total;2022;1787
10;Cáceres;10087 Guadalupe;Total;2021;1822
10;Cáceres;10087 Guadalupe;Total;2020;1828
10;Cáceres;10087 Guadalupe;Total;2019;1862
10;Cáceres;10087 Guadalupe;Total;2018;1887
10;Cáceres;10087 Guadalupe;Total;2017;1960
10;Cáceres;10087 Guadalupe;Total;2016;1999
10;Cáceres;10087 Guadalupe;Total;2015;2013
10;Cáceres;10087 Guadalupe;Total;2014;2021
10;Cáceres;10087 Guadalupe;Total;2013;2004
10;Cáceres;10087 Guadalupe;Total;2012;1999
10;Cáceres;10087 Guadalupe;Total;2011;2063
10;Cáceres;10087 Guadalupe;Total;2010;2090
10;Cáceres;10087 Guadalupe;Total;2009;2096
10;Cáceres;10087 Guadalupe;Total;2008;2114
10;Cáceres;10087 Guadalupe;Total;2007;2113
10;Cáceres;10087 Guadalupe;Total;2006;2206
10;Cáceres;10087 Guadalupe;Total;2005;2227
10;Cáceres;10087 Guadalupe;Total;2004;2232
10;Cáceres;10087 Guadalupe;Total;2003;2191
10;Cáceres;10087 Guadalupe;Total;2002;2325
10;Cáceres;10087 Guadalupe;Total;2001;2348
10;Cáceres;10087 Guadalupe;Total;2000;2365
10;Cáceres;10087 Guadalupe;Total;1999;2387
10;Cáceres;10087 Guadalupe;Total;1998;2414
10;Cáceres;10087 Guadalupe;Total;1997;
10;Cáceres;10087 Guadalupe;Total;1996;2457
10;Cáceres;10087 Guadalupe;Hombres;2023;888
10;Cáceres;10087 Guadalupe;Hombres;2022;892
10;Cáceres;10087 Guadalupe;Hombres;2021;910
10;Cáceres;10087 Guadalupe;Hombres;2020;918
10;Cáceres;10087 Guadalupe;Hombres;2019;926
10;Cáceres;10087 Guadalupe;Hombres;2018;931
10;Cáceres;10087 Guadalupe;Hombres;2017;969
10;Cáceres;10087 Guadalupe;Hombres;2016;990
10;Cáceres;10087 Guadalupe;Hombres;2015;988
10;Cáceres;10087 Guadalupe;Hombres;2014;997
10;Cáceres;10087 Guadalupe;Hombres;2013;986
10;Cáceres;10087 Guadalupe;Hombres;2012;985
10;Cáceres;10087 Guadalupe;Hombres;2011;1016
10;Cáceres;10087 Guadalupe;Hombres;2010;1041
10;Cáceres;10087 Guadalupe;Hombres;2009;1042
10;Cáceres;10087 Guadalupe;Hombres;2008;1051
10;Cáceres;10087 Guadalupe;Hombres;2007;1045
10;Cáceres;10087 Guadalupe;Hombres;2006;1085
10;Cáceres;10087 Guadalupe;Hombres;2005;1103
10;Cáceres;10087 Guadalupe;Hombres;2004;1117
10;Cáceres;10087 Guadalupe;Hombres;2003;1092
10;Cáceres;10087 Guadalupe;Hombres;2002;1158
10;Cáceres;10087 Guadalupe;Hombres;2001;1165
10;Cáceres;10087 Guadalupe;Hombres;2000;1170
10;Cáceres;10087 Guadalupe;Hombres;1999;1178
10;Cáceres;10087 Guadalupe;Hombres;1998;1198
10;Cáceres;10087 Guadalupe;Hombres;1997;
10;Cáceres;10087 Guadalupe;Hombres;1996;1218
10;Cáceres;10087 Guadalupe;Mujeres;2023;899
10;Cáceres;10087 Guadalupe;Mujeres;2022;895
10;Cáceres;10087 Guadalupe;Mujeres;2021;912
10;Cáceres;10087 Guadalupe;Mujeres;2020;910
10;Cáceres;10087 Guadalupe;Mujeres;2019;936
10;Cáceres;10087 Guadalupe;Mujeres;2018;956
10;Cáceres;10087 Guadalupe;Mujeres;2017;991
10;Cáceres;10087 Guadalupe;Mujeres;2016;1009
10;Cáceres;10087 Guadalupe;Mujeres;2015;1025
10;Cáceres;10087 Guadalupe;Mujeres;2014;1024
10;Cáceres;10087 Guadalupe;Mujeres;2013;1018
10;Cáceres;10087 Guadalupe;Mujeres;2012;1014
10;Cáceres;10087 Guadalupe;Mujeres;2011;1047
10;Cáceres;10087 Guadalupe;Mujeres;2010;1049
10;Cáceres;10087 Guadalupe;Mujeres;2009;1054
10;Cáceres;10087 Guadalupe;Mujeres;2008;1063
10;Cáceres;10087 Guadalupe;Mujeres;2007;1068
10;Cáceres;10087 Guadalupe;Mujeres;2006;1121
10;Cáceres;10087 Guadalupe;Mujeres;2005;1124
10;Cáceres;10087 Guadalupe;Mujeres;2004;1115
10;Cáceres;10087 Guadalupe;Mujeres;2003;1099
10;Cáceres;10087 Guadalupe;Mujeres;2002;1167
10;Cáceres;10087 Guadalupe;Mujeres;2001;1183
10;Cáceres;10087 Guadalupe;Mujeres;2000;1195
10;Cáceres;10087 Guadalupe;Mujeres;1999;1209
10;Cáceres;10087 Guadalupe;Mujeres;1998;1216
10;Cáceres;10087 Guadalupe;Mujeres;1997;
10;Cáceres;10087 Guadalupe;Mujeres;1996;1239
10;Cáceres;10088 Guijo de Coria;Total;2023;195
10;Cáceres;10088 Guijo de Coria;Total;2022;186
10;Cáceres;10088 Guijo de Coria;Total;2021;197
10;Cáceres;10088 Guijo de Coria;Total;2020;196
10;Cáceres;10088 Guijo de Coria;Total;2019;197
10;Cáceres;10088 Guijo de Coria;Total;2018;204
10;Cáceres;10088 Guijo de Coria;Total;2017;212
10;Cáceres;10088 Guijo de Coria;Total;2016;214
10;Cáceres;10088 Guijo de Coria;Total;2015;216
10;Cáceres;10088 Guijo de Coria;Total;2014;227
10;Cáceres;10088 Guijo de Coria;Total;2013;233
10;Cáceres;10088 Guijo de Coria;Total;2012;252
10;Cáceres;10088 Guijo de Coria;Total;2011;263
10;Cáceres;10088 Guijo de Coria;Total;2010;234
10;Cáceres;10088 Guijo de Coria;Total;2009;231
10;Cáceres;10088 Guijo de Coria;Total;2008;241
10;Cáceres;10088 Guijo de Coria;Total;2007;230
10;Cáceres;10088 Guijo de Coria;Total;2006;242
10;Cáceres;10088 Guijo de Coria;Total;2005;249
10;Cáceres;10088 Guijo de Coria;Total;2004;259
10;Cáceres;10088 Guijo de Coria;Total;2003;263
10;Cáceres;10088 Guijo de Coria;Total;2002;286
10;Cáceres;10088 Guijo de Coria;Total;2001;289
10;Cáceres;10088 Guijo de Coria;Total;2000;291
10;Cáceres;10088 Guijo de Coria;Total;1999;297
10;Cáceres;10088 Guijo de Coria;Total;1998;297
10;Cáceres;10088 Guijo de Coria;Total;1997;
10;Cáceres;10088 Guijo de Coria;Total;1996;310
10;Cáceres;10088 Guijo de Coria;Hombres;2023;107
10;Cáceres;10088 Guijo de Coria;Hombres;2022;99
10;Cáceres;10088 Guijo de Coria;Hombres;2021;107
10;Cáceres;10088 Guijo de Coria;Hombres;2020;106
10;Cáceres;10088 Guijo de Coria;Hombres;2019;105
10;Cáceres;10088 Guijo de Coria;Hombres;2018;107
10;Cáceres;10088 Guijo de Coria;Hombres;2017;110
10;Cáceres;10088 Guijo de Coria;Hombres;2016;113
10;Cáceres;10088 Guijo de Coria;Hombres;2015;114
10;Cáceres;10088 Guijo de Coria;Hombres;2014;119
10;Cáceres;10088 Guijo de Coria;Hombres;2013;126
10;Cáceres;10088 Guijo de Coria;Hombres;2012;136
10;Cáceres;10088 Guijo de Coria;Hombres;2011;138
10;Cáceres;10088 Guijo de Coria;Hombres;2010;120
10;Cáceres;10088 Guijo de Coria;Hombres;2009;116
10;Cáceres;10088 Guijo de Coria;Hombres;2008;125
10;Cáceres;10088 Guijo de Coria;Hombres;2007;121
10;Cáceres;10088 Guijo de Coria;Hombres;2006;128
10;Cáceres;10088 Guijo de Coria;Hombres;2005;130
10;Cáceres;10088 Guijo de Coria;Hombres;2004;137
10;Cáceres;10088 Guijo de Coria;Hombres;2003;140
10;Cáceres;10088 Guijo de Coria;Hombres;2002;153
10;Cáceres;10088 Guijo de Coria;Hombres;2001;152
10;Cáceres;10088 Guijo de Coria;Hombres;2000;154
10;Cáceres;10088 Guijo de Coria;Hombres;1999;157
10;Cáceres;10088 Guijo de Coria;Hombres;1998;157
10;Cáceres;10088 Guijo de Coria;Hombres;1997;
10;Cáceres;10088 Guijo de Coria;Hombres;1996;160
10;Cáceres;10088 Guijo de Coria;Mujeres;2023;88
10;Cáceres;10088 Guijo de Coria;Mujeres;2022;87
10;Cáceres;10088 Guijo de Coria;Mujeres;2021;90
10;Cáceres;10088 Guijo de Coria;Mujeres;2020;90
10;Cáceres;10088 Guijo de Coria;Mujeres;2019;92
10;Cáceres;10088 Guijo de Coria;Mujeres;2018;97
10;Cáceres;10088 Guijo de Coria;Mujeres;2017;102
10;Cáceres;10088 Guijo de Coria;Mujeres;2016;101
10;Cáceres;10088 Guijo de Coria;Mujeres;2015;102
10;Cáceres;10088 Guijo de Coria;Mujeres;2014;108
10;Cáceres;10088 Guijo de Coria;Mujeres;2013;107
10;Cáceres;10088 Guijo de Coria;Mujeres;2012;116
10;Cáceres;10088 Guijo de Coria;Mujeres;2011;125
10;Cáceres;10088 Guijo de Coria;Mujeres;2010;114
10;Cáceres;10088 Guijo de Coria;Mujeres;2009;115
10;Cáceres;10088 Guijo de Coria;Mujeres;2008;116
10;Cáceres;10088 Guijo de Coria;Mujeres;2007;109
10;Cáceres;10088 Guijo de Coria;Mujeres;2006;114
10;Cáceres;10088 Guijo de Coria;Mujeres;2005;119
10;Cáceres;10088 Guijo de Coria;Mujeres;2004;122
10;Cáceres;10088 Guijo de Coria;Mujeres;2003;123
10;Cáceres;10088 Guijo de Coria;Mujeres;2002;133
10;Cáceres;10088 Guijo de Coria;Mujeres;2001;137
10;Cáceres;10088 Guijo de Coria;Mujeres;2000;137
10;Cáceres;10088 Guijo de Coria;Mujeres;1999;140
10;Cáceres;10088 Guijo de Coria;Mujeres;1998;140
10;Cáceres;10088 Guijo de Coria;Mujeres;1997;
10;Cáceres;10088 Guijo de Coria;Mujeres;1996;150
10;Cáceres;10089 Guijo de Galisteo;Total;2023;1509
10;Cáceres;10089 Guijo de Galisteo;Total;2022;1525
10;Cáceres;10089 Guijo de Galisteo;Total;2021;1513
10;Cáceres;10089 Guijo de Galisteo;Total;2020;1507
10;Cáceres;10089 Guijo de Galisteo;Total;2019;1513
10;Cáceres;10089 Guijo de Galisteo;Total;2018;1529
10;Cáceres;10089 Guijo de Galisteo;Total;2017;1535
10;Cáceres;10089 Guijo de Galisteo;Total;2016;1559
10;Cáceres;10089 Guijo de Galisteo;Total;2015;1576
10;Cáceres;10089 Guijo de Galisteo;Total;2014;1601
10;Cáceres;10089 Guijo de Galisteo;Total;2013;1612
10;Cáceres;10089 Guijo de Galisteo;Total;2012;1631
10;Cáceres;10089 Guijo de Galisteo;Total;2011;1644
10;Cáceres;10089 Guijo de Galisteo;Total;2010;1676
10;Cáceres;10089 Guijo de Galisteo;Total;2009;1611
10;Cáceres;10089 Guijo de Galisteo;Total;2008;1614
10;Cáceres;10089 Guijo de Galisteo;Total;2007;1510
10;Cáceres;10089 Guijo de Galisteo;Total;2006;1513
10;Cáceres;10089 Guijo de Galisteo;Total;2005;1511
10;Cáceres;10089 Guijo de Galisteo;Total;2004;1552
10;Cáceres;10089 Guijo de Galisteo;Total;2003;1530
10;Cáceres;10089 Guijo de Galisteo;Total;2002;1839
10;Cáceres;10089 Guijo de Galisteo;Total;2001;1837
10;Cáceres;10089 Guijo de Galisteo;Total;2000;1830
10;Cáceres;10089 Guijo de Galisteo;Total;1999;1829
10;Cáceres;10089 Guijo de Galisteo;Total;1998;1836
10;Cáceres;10089 Guijo de Galisteo;Total;1997;
10;Cáceres;10089 Guijo de Galisteo;Total;1996;1841
10;Cáceres;10089 Guijo de Galisteo;Hombres;2023;758
10;Cáceres;10089 Guijo de Galisteo;Hombres;2022;761
10;Cáceres;10089 Guijo de Galisteo;Hombres;2021;764
10;Cáceres;10089 Guijo de Galisteo;Hombres;2020;760
10;Cáceres;10089 Guijo de Galisteo;Hombres;2019;769
10;Cáceres;10089 Guijo de Galisteo;Hombres;2018;770
10;Cáceres;10089 Guijo de Galisteo;Hombres;2017;775
10;Cáceres;10089 Guijo de Galisteo;Hombres;2016;789
10;Cáceres;10089 Guijo de Galisteo;Hombres;2015;794
10;Cáceres;10089 Guijo de Galisteo;Hombres;2014;809
10;Cáceres;10089 Guijo de Galisteo;Hombres;2013;815
10;Cáceres;10089 Guijo de Galisteo;Hombres;2012;827
10;Cáceres;10089 Guijo de Galisteo;Hombres;2011;835
10;Cáceres;10089 Guijo de Galisteo;Hombres;2010;859
10;Cáceres;10089 Guijo de Galisteo;Hombres;2009;848
10;Cáceres;10089 Guijo de Galisteo;Hombres;2008;857
10;Cáceres;10089 Guijo de Galisteo;Hombres;2007;823
10;Cáceres;10089 Guijo de Galisteo;Hombres;2006;821
10;Cáceres;10089 Guijo de Galisteo;Hombres;2005;821
10;Cáceres;10089 Guijo de Galisteo;Hombres;2004;847
10;Cáceres;10089 Guijo de Galisteo;Hombres;2003;841
10;Cáceres;10089 Guijo de Galisteo;Hombres;2002;937
10;Cáceres;10089 Guijo de Galisteo;Hombres;2001;936
10;Cáceres;10089 Guijo de Galisteo;Hombres;2000;932
10;Cáceres;10089 Guijo de Galisteo;Hombres;1999;932
10;Cáceres;10089 Guijo de Galisteo;Hombres;1998;936
10;Cáceres;10089 Guijo de Galisteo;Hombres;1997;
10;Cáceres;10089 Guijo de Galisteo;Hombres;1996;939
10;Cáceres;10089 Guijo de Galisteo;Mujeres;2023;751
10;Cáceres;10089 Guijo de Galisteo;Mujeres;2022;764
10;Cáceres;10089 Guijo de Galisteo;Mujeres;2021;749
10;Cáceres;10089 Guijo de Galisteo;Mujeres;2020;747
10;Cáceres;10089 Guijo de Galisteo;Mujeres;2019;744
10;Cáceres;10089 Guijo de Galisteo;Mujeres;2018;759
10;Cáceres;10089 Guijo de Galisteo;Mujeres;2017;760
10;Cáceres;10089 Guijo de Galisteo;Mujeres;2016;770
10;Cáceres;10089 Guijo de Galisteo;Mujeres;2015;782
10;Cáceres;10089 Guijo de Galisteo;Mujeres;2014;792
10;Cáceres;10089 Guijo de Galisteo;Mujeres;2013;797
10;Cáceres;10089 Guijo de Galisteo;Mujeres;2012;804
10;Cáceres;10089 Guijo de Galisteo;Mujeres;2011;809
10;Cáceres;10089 Guijo de Galisteo;Mujeres;2010;817
10;Cáceres;10089 Guijo de Galisteo;Mujeres;2009;763
10;Cáceres;10089 Guijo de Galisteo;Mujeres;2008;757
10;Cáceres;10089 Guijo de Galisteo;Mujeres;2007;687
10;Cáceres;10089 Guijo de Galisteo;Mujeres;2006;692
10;Cáceres;10089 Guijo de Galisteo;Mujeres;2005;690
10;Cáceres;10089 Guijo de Galisteo;Mujeres;2004;705
10;Cáceres;10089 Guijo de Galisteo;Mujeres;2003;689
10;Cáceres;10089 Guijo de Galisteo;Mujeres;2002;902
10;Cáceres;10089 Guijo de Galisteo;Mujeres;2001;901
10;Cáceres;10089 Guijo de Galisteo;Mujeres;2000;898
10;Cáceres;10089 Guijo de Galisteo;Mujeres;1999;897
10;Cáceres;10089 Guijo de Galisteo;Mujeres;1998;900
10;Cáceres;10089 Guijo de Galisteo;Mujeres;1997;
10;Cáceres;10089 Guijo de Galisteo;Mujeres;1996;902
10;Cáceres;10090 Guijo de Granadilla;Total;2023;493
10;Cáceres;10090 Guijo de Granadilla;Total;2022;494
10;Cáceres;10090 Guijo de Granadilla;Total;2021;514
10;Cáceres;10090 Guijo de Granadilla;Total;2020;522
10;Cáceres;10090 Guijo de Granadilla;Total;2019;530
10;Cáceres;10090 Guijo de Granadilla;Total;2018;536
10;Cáceres;10090 Guijo de Granadilla;Total;2017;548
10;Cáceres;10090 Guijo de Granadilla;Total;2016;557
10;Cáceres;10090 Guijo de Granadilla;Total;2015;581
10;Cáceres;10090 Guijo de Granadilla;Total;2014;594
10;Cáceres;10090 Guijo de Granadilla;Total;2013;587
10;Cáceres;10090 Guijo de Granadilla;Total;2012;607
10;Cáceres;10090 Guijo de Granadilla;Total;2011;611
10;Cáceres;10090 Guijo de Granadilla;Total;2010;620
10;Cáceres;10090 Guijo de Granadilla;Total;2009;625
10;Cáceres;10090 Guijo de Granadilla;Total;2008;632
10;Cáceres;10090 Guijo de Granadilla;Total;2007;631
10;Cáceres;10090 Guijo de Granadilla;Total;2006;643
10;Cáceres;10090 Guijo de Granadilla;Total;2005;655
10;Cáceres;10090 Guijo de Granadilla;Total;2004;683
10;Cáceres;10090 Guijo de Granadilla;Total;2003;694
10;Cáceres;10090 Guijo de Granadilla;Total;2002;721
10;Cáceres;10090 Guijo de Granadilla;Total;2001;714
10;Cáceres;10090 Guijo de Granadilla;Total;2000;731
10;Cáceres;10090 Guijo de Granadilla;Total;1999;753
10;Cáceres;10090 Guijo de Granadilla;Total;1998;761
10;Cáceres;10090 Guijo de Granadilla;Total;1997;
10;Cáceres;10090 Guijo de Granadilla;Total;1996;788
10;Cáceres;10090 Guijo de Granadilla;Hombres;2023;257
10;Cáceres;10090 Guijo de Granadilla;Hombres;2022;259
10;Cáceres;10090 Guijo de Granadilla;Hombres;2021;272
10;Cáceres;10090 Guijo de Granadilla;Hombres;2020;274
10;Cáceres;10090 Guijo de Granadilla;Hombres;2019;274
10;Cáceres;10090 Guijo de Granadilla;Hombres;2018;281
10;Cáceres;10090 Guijo de Granadilla;Hombres;2017;286
10;Cáceres;10090 Guijo de Granadilla;Hombres;2016;295
10;Cáceres;10090 Guijo de Granadilla;Hombres;2015;308
10;Cáceres;10090 Guijo de Granadilla;Hombres;2014;310
10;Cáceres;10090 Guijo de Granadilla;Hombres;2013;306
10;Cáceres;10090 Guijo de Granadilla;Hombres;2012;308
10;Cáceres;10090 Guijo de Granadilla;Hombres;2011;307
10;Cáceres;10090 Guijo de Granadilla;Hombres;2010;306
10;Cáceres;10090 Guijo de Granadilla;Hombres;2009;303
10;Cáceres;10090 Guijo de Granadilla;Hombres;2008;311
10;Cáceres;10090 Guijo de Granadilla;Hombres;2007;312
10;Cáceres;10090 Guijo de Granadilla;Hombres;2006;319
10;Cáceres;10090 Guijo de Granadilla;Hombres;2005;325
10;Cáceres;10090 Guijo de Granadilla;Hombres;2004;341
10;Cáceres;10090 Guijo de Granadilla;Hombres;2003;343
10;Cáceres;10090 Guijo de Granadilla;Hombres;2002;361
10;Cáceres;10090 Guijo de Granadilla;Hombres;2001;355
10;Cáceres;10090 Guijo de Granadilla;Hombres;2000;365
10;Cáceres;10090 Guijo de Granadilla;Hombres;1999;370
10;Cáceres;10090 Guijo de Granadilla;Hombres;1998;374
10;Cáceres;10090 Guijo de Granadilla;Hombres;1997;
10;Cáceres;10090 Guijo de Granadilla;Hombres;1996;388
10;Cáceres;10090 Guijo de Granadilla;Mujeres;2023;236
10;Cáceres;10090 Guijo de Granadilla;Mujeres;2022;235
10;Cáceres;10090 Guijo de Granadilla;Mujeres;2021;242
10;Cáceres;10090 Guijo de Granadilla;Mujeres;2020;248
10;Cáceres;10090 Guijo de Granadilla;Mujeres;2019;256
10;Cáceres;10090 Guijo de Granadilla;Mujeres;2018;255
10;Cáceres;10090 Guijo de Granadilla;Mujeres;2017;262
10;Cáceres;10090 Guijo de Granadilla;Mujeres;2016;262
10;Cáceres;10090 Guijo de Granadilla;Mujeres;2015;273
10;Cáceres;10090 Guijo de Granadilla;Mujeres;2014;284
10;Cáceres;10090 Guijo de Granadilla;Mujeres;2013;281
10;Cáceres;10090 Guijo de Granadilla;Mujeres;2012;299
10;Cáceres;10090 Guijo de Granadilla;Mujeres;2011;304
10;Cáceres;10090 Guijo de Granadilla;Mujeres;2010;314
10;Cáceres;10090 Guijo de Granadilla;Mujeres;2009;322
10;Cáceres;10090 Guijo de Granadilla;Mujeres;2008;321
10;Cáceres;10090 Guijo de Granadilla;Mujeres;2007;319
10;Cáceres;10090 Guijo de Granadilla;Mujeres;2006;324
10;Cáceres;10090 Guijo de Granadilla;Mujeres;2005;330
10;Cáceres;10090 Guijo de Granadilla;Mujeres;2004;342
10;Cáceres;10090 Guijo de Granadilla;Mujeres;2003;351
10;Cáceres;10090 Guijo de Granadilla;Mujeres;2002;360
10;Cáceres;10090 Guijo de Granadilla;Mujeres;2001;359
10;Cáceres;10090 Guijo de Granadilla;Mujeres;2000;366
10;Cáceres;10090 Guijo de Granadilla;Mujeres;1999;383
10;Cáceres;10090 Guijo de Granadilla;Mujeres;1998;387
10;Cáceres;10090 Guijo de Granadilla;Mujeres;1997;
10;Cáceres;10090 Guijo de Granadilla;Mujeres;1996;400
10;Cáceres;10091 Guijo de Santa Bárbara;Total;2023;378
10;Cáceres;10091 Guijo de Santa Bárbara;Total;2022;382
10;Cáceres;10091 Guijo de Santa Bárbara;Total;2021;388
10;Cáceres;10091 Guijo de Santa Bárbara;Total;2020;378
10;Cáceres;10091 Guijo de Santa Bárbara;Total;2019;387
10;Cáceres;10091 Guijo de Santa Bárbara;Total;2018;387
10;Cáceres;10091 Guijo de Santa Bárbara;Total;2017;407
10;Cáceres;10091 Guijo de Santa Bárbara;Total;2016;416
10;Cáceres;10091 Guijo de Santa Bárbara;Total;2015;431
10;Cáceres;10091 Guijo de Santa Bárbara;Total;2014;423
10;Cáceres;10091 Guijo de Santa Bárbara;Total;2013;431
10;Cáceres;10091 Guijo de Santa Bárbara;Total;2012;433
10;Cáceres;10091 Guijo de Santa Bárbara;Total;2011;405
10;Cáceres;10091 Guijo de Santa Bárbara;Total;2010;416
10;Cáceres;10091 Guijo de Santa Bárbara;Total;2009;410
10;Cáceres;10091 Guijo de Santa Bárbara;Total;2008;390
10;Cáceres;10091 Guijo de Santa Bárbara;Total;2007;404
10;Cáceres;10091 Guijo de Santa Bárbara;Total;2006;416
10;Cáceres;10091 Guijo de Santa Bárbara;Total;2005;429
10;Cáceres;10091 Guijo de Santa Bárbara;Total;2004;442
10;Cáceres;10091 Guijo de Santa Bárbara;Total;2003;457
10;Cáceres;10091 Guijo de Santa Bárbara;Total;2002;467
10;Cáceres;10091 Guijo de Santa Bárbara;Total;2001;483
10;Cáceres;10091 Guijo de Santa Bárbara;Total;2000;489
10;Cáceres;10091 Guijo de Santa Bárbara;Total;1999;506
10;Cáceres;10091 Guijo de Santa Bárbara;Total;1998;501
10;Cáceres;10091 Guijo de Santa Bárbara;Total;1997;
10;Cáceres;10091 Guijo de Santa Bárbara;Total;1996;517
10;Cáceres;10091 Guijo de Santa Bárbara;Hombres;2023;201
10;Cáceres;10091 Guijo de Santa Bárbara;Hombres;2022;200
10;Cáceres;10091 Guijo de Santa Bárbara;Hombres;2021;202
10;Cáceres;10091 Guijo de Santa Bárbara;Hombres;2020;197
10;Cáceres;10091 Guijo de Santa Bárbara;Hombres;2019;204
10;Cáceres;10091 Guijo de Santa Bárbara;Hombres;2018;203
10;Cáceres;10091 Guijo de Santa Bárbara;Hombres;2017;214
10;Cáceres;10091 Guijo de Santa Bárbara;Hombres;2016;217
10;Cáceres;10091 Guijo de Santa Bárbara;Hombres;2015;229
10;Cáceres;10091 Guijo de Santa Bárbara;Hombres;2014;224
10;Cáceres;10091 Guijo de Santa Bárbara;Hombres;2013;227
10;Cáceres;10091 Guijo de Santa Bárbara;Hombres;2012;225
10;Cáceres;10091 Guijo de Santa Bárbara;Hombres;2011;212
10;Cáceres;10091 Guijo de Santa Bárbara;Hombres;2010;218
10;Cáceres;10091 Guijo de Santa Bárbara;Hombres;2009;210
10;Cáceres;10091 Guijo de Santa Bárbara;Hombres;2008;200
10;Cáceres;10091 Guijo de Santa Bárbara;Hombres;2007;209
10;Cáceres;10091 Guijo de Santa Bárbara;Hombres;2006;215
10;Cáceres;10091 Guijo de Santa Bárbara;Hombres;2005;220
10;Cáceres;10091 Guijo de Santa Bárbara;Hombres;2004;228
10;Cáceres;10091 Guijo de Santa Bárbara;Hombres;2003;232
10;Cáceres;10091 Guijo de Santa Bárbara;Hombres;2002;234
10;Cáceres;10091 Guijo de Santa Bárbara;Hombres;2001;240
10;Cáceres;10091 Guijo de Santa Bárbara;Hombres;2000;243
10;Cáceres;10091 Guijo de Santa Bárbara;Hombres;1999;253
10;Cáceres;10091 Guijo de Santa Bárbara;Hombres;1998;250
10;Cáceres;10091 Guijo de Santa Bárbara;Hombres;1997;
10;Cáceres;10091 Guijo de Santa Bárbara;Hombres;1996;257
10;Cáceres;10091 Guijo de Santa Bárbara;Mujeres;2023;177
10;Cáceres;10091 Guijo de Santa Bárbara;Mujeres;2022;182
10;Cáceres;10091 Guijo de Santa Bárbara;Mujeres;2021;186
10;Cáceres;10091 Guijo de Santa Bárbara;Mujeres;2020;181
10;Cáceres;10091 Guijo de Santa Bárbara;Mujeres;2019;183
10;Cáceres;10091 Guijo de Santa Bárbara;Mujeres;2018;184
10;Cáceres;10091 Guijo de Santa Bárbara;Mujeres;2017;193
10;Cáceres;10091 Guijo de Santa Bárbara;Mujeres;2016;199
10;Cáceres;10091 Guijo de Santa Bárbara;Mujeres;2015;202
10;Cáceres;10091 Guijo de Santa Bárbara;Mujeres;2014;199
10;Cáceres;10091 Guijo de Santa Bárbara;Mujeres;2013;204
10;Cáceres;10091 Guijo de Santa Bárbara;Mujeres;2012;208
10;Cáceres;10091 Guijo de Santa Bárbara;Mujeres;2011;193
10;Cáceres;10091 Guijo de Santa Bárbara;Mujeres;2010;198
10;Cáceres;10091 Guijo de Santa Bárbara;Mujeres;2009;200
10;Cáceres;10091 Guijo de Santa Bárbara;Mujeres;2008;190
10;Cáceres;10091 Guijo de Santa Bárbara;Mujeres;2007;195
10;Cáceres;10091 Guijo de Santa Bárbara;Mujeres;2006;201
10;Cáceres;10091 Guijo de Santa Bárbara;Mujeres;2005;209
10;Cáceres;10091 Guijo de Santa Bárbara;Mujeres;2004;214
10;Cáceres;10091 Guijo de Santa Bárbara;Mujeres;2003;225
10;Cáceres;10091 Guijo de Santa Bárbara;Mujeres;2002;233
10;Cáceres;10091 Guijo de Santa Bárbara;Mujeres;2001;243
10;Cáceres;10091 Guijo de Santa Bárbara;Mujeres;2000;246
10;Cáceres;10091 Guijo de Santa Bárbara;Mujeres;1999;253
10;Cáceres;10091 Guijo de Santa Bárbara;Mujeres;1998;251
10;Cáceres;10091 Guijo de Santa Bárbara;Mujeres;1997;
10;Cáceres;10091 Guijo de Santa Bárbara;Mujeres;1996;260
10;Cáceres;10092 Herguijuela;Total;2023;266
10;Cáceres;10092 Herguijuela;Total;2022;267
10;Cáceres;10092 Herguijuela;Total;2021;268
10;Cáceres;10092 Herguijuela;Total;2020;274
10;Cáceres;10092 Herguijuela;Total;2019;286
10;Cáceres;10092 Herguijuela;Total;2018;299
10;Cáceres;10092 Herguijuela;Total;2017;317
10;Cáceres;10092 Herguijuela;Total;2016;322
10;Cáceres;10092 Herguijuela;Total;2015;336
10;Cáceres;10092 Herguijuela;Total;2014;346
10;Cáceres;10092 Herguijuela;Total;2013;353
10;Cáceres;10092 Herguijuela;Total;2012;362
10;Cáceres;10092 Herguijuela;Total;2011;367
10;Cáceres;10092 Herguijuela;Total;2010;379
10;Cáceres;10092 Herguijuela;Total;2009;366
10;Cáceres;10092 Herguijuela;Total;2008;377
10;Cáceres;10092 Herguijuela;Total;2007;364
10;Cáceres;10092 Herguijuela;Total;2006;351
10;Cáceres;10092 Herguijuela;Total;2005;364
10;Cáceres;10092 Herguijuela;Total;2004;372
10;Cáceres;10092 Herguijuela;Total;2003;376
10;Cáceres;10092 Herguijuela;Total;2002;428
10;Cáceres;10092 Herguijuela;Total;2001;432
10;Cáceres;10092 Herguijuela;Total;2000;436
10;Cáceres;10092 Herguijuela;Total;1999;442
10;Cáceres;10092 Herguijuela;Total;1998;445
10;Cáceres;10092 Herguijuela;Total;1997;
10;Cáceres;10092 Herguijuela;Total;1996;467
10;Cáceres;10092 Herguijuela;Hombres;2023;140
10;Cáceres;10092 Herguijuela;Hombres;2022;141
10;Cáceres;10092 Herguijuela;Hombres;2021;142
10;Cáceres;10092 Herguijuela;Hombres;2020;147
10;Cáceres;10092 Herguijuela;Hombres;2019;150
10;Cáceres;10092 Herguijuela;Hombres;2018;155
10;Cáceres;10092 Herguijuela;Hombres;2017;163
10;Cáceres;10092 Herguijuela;Hombres;2016;166
10;Cáceres;10092 Herguijuela;Hombres;2015;171
10;Cáceres;10092 Herguijuela;Hombres;2014;174
10;Cáceres;10092 Herguijuela;Hombres;2013;179
10;Cáceres;10092 Herguijuela;Hombres;2012;183
10;Cáceres;10092 Herguijuela;Hombres;2011;186
10;Cáceres;10092 Herguijuela;Hombres;2010;190
10;Cáceres;10092 Herguijuela;Hombres;2009;182
10;Cáceres;10092 Herguijuela;Hombres;2008;188
10;Cáceres;10092 Herguijuela;Hombres;2007;182
10;Cáceres;10092 Herguijuela;Hombres;2006;180
10;Cáceres;10092 Herguijuela;Hombres;2005;188
10;Cáceres;10092 Herguijuela;Hombres;2004;194
10;Cáceres;10092 Herguijuela;Hombres;2003;197
10;Cáceres;10092 Herguijuela;Hombres;2002;210
10;Cáceres;10092 Herguijuela;Hombres;2001;212
10;Cáceres;10092 Herguijuela;Hombres;2000;214
10;Cáceres;10092 Herguijuela;Hombres;1999;217
10;Cáceres;10092 Herguijuela;Hombres;1998;218
10;Cáceres;10092 Herguijuela;Hombres;1997;
10;Cáceres;10092 Herguijuela;Hombres;1996;229
10;Cáceres;10092 Herguijuela;Mujeres;2023;126
10;Cáceres;10092 Herguijuela;Mujeres;2022;126
10;Cáceres;10092 Herguijuela;Mujeres;2021;126
10;Cáceres;10092 Herguijuela;Mujeres;2020;127
10;Cáceres;10092 Herguijuela;Mujeres;2019;136
10;Cáceres;10092 Herguijuela;Mujeres;2018;144
10;Cáceres;10092 Herguijuela;Mujeres;2017;154
10;Cáceres;10092 Herguijuela;Mujeres;2016;156
10;Cáceres;10092 Herguijuela;Mujeres;2015;165
10;Cáceres;10092 Herguijuela;Mujeres;2014;172
10;Cáceres;10092 Herguijuela;Mujeres;2013;174
10;Cáceres;10092 Herguijuela;Mujeres;2012;179
10;Cáceres;10092 Herguijuela;Mujeres;2011;181
10;Cáceres;10092 Herguijuela;Mujeres;2010;189
10;Cáceres;10092 Herguijuela;Mujeres;2009;184
10;Cáceres;10092 Herguijuela;Mujeres;2008;189
10;Cáceres;10092 Herguijuela;Mujeres;2007;182
10;Cáceres;10092 Herguijuela;Mujeres;2006;171
10;Cáceres;10092 Herguijuela;Mujeres;2005;176
10;Cáceres;10092 Herguijuela;Mujeres;2004;178
10;Cáceres;10092 Herguijuela;Mujeres;2003;179
10;Cáceres;10092 Herguijuela;Mujeres;2002;218
10;Cáceres;10092 Herguijuela;Mujeres;2001;220
10;Cáceres;10092 Herguijuela;Mujeres;2000;222
10;Cáceres;10092 Herguijuela;Mujeres;1999;225
10;Cáceres;10092 Herguijuela;Mujeres;1998;227
10;Cáceres;10092 Herguijuela;Mujeres;1997;
10;Cáceres;10092 Herguijuela;Mujeres;1996;238
10;Cáceres;10093 Hernán-Pérez;Total;2023;416
10;Cáceres;10093 Hernán-Pérez;Total;2022;424
10;Cáceres;10093 Hernán-Pérez;Total;2021;415
10;Cáceres;10093 Hernán-Pérez;Total;2020;424
10;Cáceres;10093 Hernán-Pérez;Total;2019;448
10;Cáceres;10093 Hernán-Pérez;Total;2018;457
10;Cáceres;10093 Hernán-Pérez;Total;2017;470
10;Cáceres;10093 Hernán-Pérez;Total;2016;469
10;Cáceres;10093 Hernán-Pérez;Total;2015;485
10;Cáceres;10093 Hernán-Pérez;Total;2014;489
10;Cáceres;10093 Hernán-Pérez;Total;2013;495
10;Cáceres;10093 Hernán-Pérez;Total;2012;496
10;Cáceres;10093 Hernán-Pérez;Total;2011;510
10;Cáceres;10093 Hernán-Pérez;Total;2010;515
10;Cáceres;10093 Hernán-Pérez;Total;2009;518
10;Cáceres;10093 Hernán-Pérez;Total;2008;514
10;Cáceres;10093 Hernán-Pérez;Total;2007;525
10;Cáceres;10093 Hernán-Pérez;Total;2006;516
10;Cáceres;10093 Hernán-Pérez;Total;2005;515
10;Cáceres;10093 Hernán-Pérez;Total;2004;504
10;Cáceres;10093 Hernán-Pérez;Total;2003;506
10;Cáceres;10093 Hernán-Pérez;Total;2002;501
10;Cáceres;10093 Hernán-Pérez;Total;2001;503
10;Cáceres;10093 Hernán-Pérez;Total;2000;497
10;Cáceres;10093 Hernán-Pérez;Total;1999;511
10;Cáceres;10093 Hernán-Pérez;Total;1998;496
10;Cáceres;10093 Hernán-Pérez;Total;1997;
10;Cáceres;10093 Hernán-Pérez;Total;1996;514
10;Cáceres;10093 Hernán-Pérez;Hombres;2023;205
10;Cáceres;10093 Hernán-Pérez;Hombres;2022;206
10;Cáceres;10093 Hernán-Pérez;Hombres;2021;202
10;Cáceres;10093 Hernán-Pérez;Hombres;2020;208
10;Cáceres;10093 Hernán-Pérez;Hombres;2019;219
10;Cáceres;10093 Hernán-Pérez;Hombres;2018;228
10;Cáceres;10093 Hernán-Pérez;Hombres;2017;235
10;Cáceres;10093 Hernán-Pérez;Hombres;2016;235
10;Cáceres;10093 Hernán-Pérez;Hombres;2015;243
10;Cáceres;10093 Hernán-Pérez;Hombres;2014;252
10;Cáceres;10093 Hernán-Pérez;Hombres;2013;253
10;Cáceres;10093 Hernán-Pérez;Hombres;2012;255
10;Cáceres;10093 Hernán-Pérez;Hombres;2011;265
10;Cáceres;10093 Hernán-Pérez;Hombres;2010;266
10;Cáceres;10093 Hernán-Pérez;Hombres;2009;263
10;Cáceres;10093 Hernán-Pérez;Hombres;2008;264
10;Cáceres;10093 Hernán-Pérez;Hombres;2007;270
10;Cáceres;10093 Hernán-Pérez;Hombres;2006;267
10;Cáceres;10093 Hernán-Pérez;Hombres;2005;267
10;Cáceres;10093 Hernán-Pérez;Hombres;2004;261
10;Cáceres;10093 Hernán-Pérez;Hombres;2003;264
10;Cáceres;10093 Hernán-Pérez;Hombres;2002;259
10;Cáceres;10093 Hernán-Pérez;Hombres;2001;261
10;Cáceres;10093 Hernán-Pérez;Hombres;2000;258
10;Cáceres;10093 Hernán-Pérez;Hombres;1999;264
10;Cáceres;10093 Hernán-Pérez;Hombres;1998;258
10;Cáceres;10093 Hernán-Pérez;Hombres;1997;
10;Cáceres;10093 Hernán-Pérez;Hombres;1996;269
10;Cáceres;10093 Hernán-Pérez;Mujeres;2023;211
10;Cáceres;10093 Hernán-Pérez;Mujeres;2022;218
10;Cáceres;10093 Hernán-Pérez;Mujeres;2021;213
10;Cáceres;10093 Hernán-Pérez;Mujeres;2020;216
10;Cáceres;10093 Hernán-Pérez;Mujeres;2019;229
10;Cáceres;10093 Hernán-Pérez;Mujeres;2018;229
10;Cáceres;10093 Hernán-Pérez;Mujeres;2017;235
10;Cáceres;10093 Hernán-Pérez;Mujeres;2016;234
10;Cáceres;10093 Hernán-Pérez;Mujeres;2015;242
10;Cáceres;10093 Hernán-Pérez;Mujeres;2014;237
10;Cáceres;10093 Hernán-Pérez;Mujeres;2013;242
10;Cáceres;10093 Hernán-Pérez;Mujeres;2012;241
10;Cáceres;10093 Hernán-Pérez;Mujeres;2011;245
10;Cáceres;10093 Hernán-Pérez;Mujeres;2010;249
10;Cáceres;10093 Hernán-Pérez;Mujeres;2009;255
10;Cáceres;10093 Hernán-Pérez;Mujeres;2008;250
10;Cáceres;10093 Hernán-Pérez;Mujeres;2007;255
10;Cáceres;10093 Hernán-Pérez;Mujeres;2006;249
10;Cáceres;10093 Hernán-Pérez;Mujeres;2005;248
10;Cáceres;10093 Hernán-Pérez;Mujeres;2004;243
10;Cáceres;10093 Hernán-Pérez;Mujeres;2003;242
10;Cáceres;10093 Hernán-Pérez;Mujeres;2002;242
10;Cáceres;10093 Hernán-Pérez;Mujeres;2001;242
10;Cáceres;10093 Hernán-Pérez;Mujeres;2000;239
10;Cáceres;10093 Hernán-Pérez;Mujeres;1999;247
10;Cáceres;10093 Hernán-Pérez;Mujeres;1998;238
10;Cáceres;10093 Hernán-Pérez;Mujeres;1997;
10;Cáceres;10093 Hernán-Pérez;Mujeres;1996;245
10;Cáceres;10094 Herrera de Alcántara;Total;2023;228
10;Cáceres;10094 Herrera de Alcántara;Total;2022;230
10;Cáceres;10094 Herrera de Alcántara;Total;2021;230
10;Cáceres;10094 Herrera de Alcántara;Total;2020;240
10;Cáceres;10094 Herrera de Alcántara;Total;2019;253
10;Cáceres;10094 Herrera de Alcántara;Total;2018;255
10;Cáceres;10094 Herrera de Alcántara;Total;2017;272
10;Cáceres;10094 Herrera de Alcántara;Total;2016;273
10;Cáceres;10094 Herrera de Alcántara;Total;2015;270
10;Cáceres;10094 Herrera de Alcántara;Total;2014;275
10;Cáceres;10094 Herrera de Alcántara;Total;2013;280
10;Cáceres;10094 Herrera de Alcántara;Total;2012;292
10;Cáceres;10094 Herrera de Alcántara;Total;2011;275
10;Cáceres;10094 Herrera de Alcántara;Total;2010;277
10;Cáceres;10094 Herrera de Alcántara;Total;2009;285
10;Cáceres;10094 Herrera de Alcántara;Total;2008;276
10;Cáceres;10094 Herrera de Alcántara;Total;2007;280
10;Cáceres;10094 Herrera de Alcántara;Total;2006;293
10;Cáceres;10094 Herrera de Alcántara;Total;2005;279
10;Cáceres;10094 Herrera de Alcántara;Total;2004;295
10;Cáceres;10094 Herrera de Alcántara;Total;2003;314
10;Cáceres;10094 Herrera de Alcántara;Total;2002;320
10;Cáceres;10094 Herrera de Alcántara;Total;2001;312
10;Cáceres;10094 Herrera de Alcántara;Total;2000;309
10;Cáceres;10094 Herrera de Alcántara;Total;1999;340
10;Cáceres;10094 Herrera de Alcántara;Total;1998;340
10;Cáceres;10094 Herrera de Alcántara;Total;1997;
10;Cáceres;10094 Herrera de Alcántara;Total;1996;350
10;Cáceres;10094 Herrera de Alcántara;Hombres;2023;126
10;Cáceres;10094 Herrera de Alcántara;Hombres;2022;124
10;Cáceres;10094 Herrera de Alcántara;Hombres;2021;119
10;Cáceres;10094 Herrera de Alcántara;Hombres;2020;121
10;Cáceres;10094 Herrera de Alcántara;Hombres;2019;128
10;Cáceres;10094 Herrera de Alcántara;Hombres;2018;131
10;Cáceres;10094 Herrera de Alcántara;Hombres;2017;142
10;Cáceres;10094 Herrera de Alcántara;Hombres;2016;143
10;Cáceres;10094 Herrera de Alcántara;Hombres;2015;137
10;Cáceres;10094 Herrera de Alcántara;Hombres;2014;142
10;Cáceres;10094 Herrera de Alcántara;Hombres;2013;141
10;Cáceres;10094 Herrera de Alcántara;Hombres;2012;146
10;Cáceres;10094 Herrera de Alcántara;Hombres;2011;138
10;Cáceres;10094 Herrera de Alcántara;Hombres;2010;138
10;Cáceres;10094 Herrera de Alcántara;Hombres;2009;148
10;Cáceres;10094 Herrera de Alcántara;Hombres;2008;146
10;Cáceres;10094 Herrera de Alcántara;Hombres;2007;145
10;Cáceres;10094 Herrera de Alcántara;Hombres;2006;153
10;Cáceres;10094 Herrera de Alcántara;Hombres;2005;146
10;Cáceres;10094 Herrera de Alcántara;Hombres;2004;150
10;Cáceres;10094 Herrera de Alcántara;Hombres;2003;158
10;Cáceres;10094 Herrera de Alcántara;Hombres;2002;161
10;Cáceres;10094 Herrera de Alcántara;Hombres;2001;155
10;Cáceres;10094 Herrera de Alcántara;Hombres;2000;154
10;Cáceres;10094 Herrera de Alcántara;Hombres;1999;170
10;Cáceres;10094 Herrera de Alcántara;Hombres;1998;170
10;Cáceres;10094 Herrera de Alcántara;Hombres;1997;
10;Cáceres;10094 Herrera de Alcántara;Hombres;1996;175
10;Cáceres;10094 Herrera de Alcántara;Mujeres;2023;102
10;Cáceres;10094 Herrera de Alcántara;Mujeres;2022;106
10;Cáceres;10094 Herrera de Alcántara;Mujeres;2021;111
10;Cáceres;10094 Herrera de Alcántara;Mujeres;2020;119
10;Cáceres;10094 Herrera de Alcántara;Mujeres;2019;125
10;Cáceres;10094 Herrera de Alcántara;Mujeres;2018;124
10;Cáceres;10094 Herrera de Alcántara;Mujeres;2017;130
10;Cáceres;10094 Herrera de Alcántara;Mujeres;2016;130
10;Cáceres;10094 Herrera de Alcántara;Mujeres;2015;133
10;Cáceres;10094 Herrera de Alcántara;Mujeres;2014;133
10;Cáceres;10094 Herrera de Alcántara;Mujeres;2013;139
10;Cáceres;10094 Herrera de Alcántara;Mujeres;2012;146
10;Cáceres;10094 Herrera de Alcántara;Mujeres;2011;137
10;Cáceres;10094 Herrera de Alcántara;Mujeres;2010;139
10;Cáceres;10094 Herrera de Alcántara;Mujeres;2009;137
10;Cáceres;10094 Herrera de Alcántara;Mujeres;2008;130
10;Cáceres;10094 Herrera de Alcántara;Mujeres;2007;135
10;Cáceres;10094 Herrera de Alcántara;Mujeres;2006;140
10;Cáceres;10094 Herrera de Alcántara;Mujeres;2005;133
10;Cáceres;10094 Herrera de Alcántara;Mujeres;2004;145
10;Cáceres;10094 Herrera de Alcántara;Mujeres;2003;156
10;Cáceres;10094 Herrera de Alcántara;Mujeres;2002;159
10;Cáceres;10094 Herrera de Alcántara;Mujeres;2001;157
10;Cáceres;10094 Herrera de Alcántara;Mujeres;2000;155
10;Cáceres;10094 Herrera de Alcántara;Mujeres;1999;170
10;Cáceres;10094 Herrera de Alcántara;Mujeres;1998;170
10;Cáceres;10094 Herrera de Alcántara;Mujeres;1997;
10;Cáceres;10094 Herrera de Alcántara;Mujeres;1996;175
10;Cáceres;10095 Herreruela;Total;2023;321
10;Cáceres;10095 Herreruela;Total;2022;321
10;Cáceres;10095 Herreruela;Total;2021;329
10;Cáceres;10095 Herreruela;Total;2020;330
10;Cáceres;10095 Herreruela;Total;2019;333
10;Cáceres;10095 Herreruela;Total;2018;342
10;Cáceres;10095 Herreruela;Total;2017;354
10;Cáceres;10095 Herreruela;Total;2016;369
10;Cáceres;10095 Herreruela;Total;2015;375
10;Cáceres;10095 Herreruela;Total;2014;376
10;Cáceres;10095 Herreruela;Total;2013;371
10;Cáceres;10095 Herreruela;Total;2012;365
10;Cáceres;10095 Herreruela;Total;2011;369
10;Cáceres;10095 Herreruela;Total;2010;378
10;Cáceres;10095 Herreruela;Total;2009;386
10;Cáceres;10095 Herreruela;Total;2008;381
10;Cáceres;10095 Herreruela;Total;2007;388
10;Cáceres;10095 Herreruela;Total;2006;397
10;Cáceres;10095 Herreruela;Total;2005;400
10;Cáceres;10095 Herreruela;Total;2004;408
10;Cáceres;10095 Herreruela;Total;2003;405
10;Cáceres;10095 Herreruela;Total;2002;326
10;Cáceres;10095 Herreruela;Total;2001;337
10;Cáceres;10095 Herreruela;Total;2000;470
10;Cáceres;10095 Herreruela;Total;1999;477
10;Cáceres;10095 Herreruela;Total;1998;477
10;Cáceres;10095 Herreruela;Total;1997;
10;Cáceres;10095 Herreruela;Total;1996;491
10;Cáceres;10095 Herreruela;Hombres;2023;165
10;Cáceres;10095 Herreruela;Hombres;2022;165
10;Cáceres;10095 Herreruela;Hombres;2021;169
10;Cáceres;10095 Herreruela;Hombres;2020;166
10;Cáceres;10095 Herreruela;Hombres;2019;171
10;Cáceres;10095 Herreruela;Hombres;2018;176
10;Cáceres;10095 Herreruela;Hombres;2017;179
10;Cáceres;10095 Herreruela;Hombres;2016;187
10;Cáceres;10095 Herreruela;Hombres;2015;189
10;Cáceres;10095 Herreruela;Hombres;2014;185
10;Cáceres;10095 Herreruela;Hombres;2013;178
10;Cáceres;10095 Herreruela;Hombres;2012;177
10;Cáceres;10095 Herreruela;Hombres;2011;184
10;Cáceres;10095 Herreruela;Hombres;2010;187
10;Cáceres;10095 Herreruela;Hombres;2009;191
10;Cáceres;10095 Herreruela;Hombres;2008;188
10;Cáceres;10095 Herreruela;Hombres;2007;191
10;Cáceres;10095 Herreruela;Hombres;2006;198
10;Cáceres;10095 Herreruela;Hombres;2005;201
10;Cáceres;10095 Herreruela;Hombres;2004;210
10;Cáceres;10095 Herreruela;Hombres;2003;206
10;Cáceres;10095 Herreruela;Hombres;2002;164
10;Cáceres;10095 Herreruela;Hombres;2001;170
10;Cáceres;10095 Herreruela;Hombres;2000;247
10;Cáceres;10095 Herreruela;Hombres;1999;251
10;Cáceres;10095 Herreruela;Hombres;1998;251
10;Cáceres;10095 Herreruela;Hombres;1997;
10;Cáceres;10095 Herreruela;Hombres;1996;258
10;Cáceres;10095 Herreruela;Mujeres;2023;156
10;Cáceres;10095 Herreruela;Mujeres;2022;156
10;Cáceres;10095 Herreruela;Mujeres;2021;160
10;Cáceres;10095 Herreruela;Mujeres;2020;164
10;Cáceres;10095 Herreruela;Mujeres;2019;162
10;Cáceres;10095 Herreruela;Mujeres;2018;166
10;Cáceres;10095 Herreruela;Mujeres;2017;175
10;Cáceres;10095 Herreruela;Mujeres;2016;182
10;Cáceres;10095 Herreruela;Mujeres;2015;186
10;Cáceres;10095 Herreruela;Mujeres;2014;191
10;Cáceres;10095 Herreruela;Mujeres;2013;193
10;Cáceres;10095 Herreruela;Mujeres;2012;188
10;Cáceres;10095 Herreruela;Mujeres;2011;185
10;Cáceres;10095 Herreruela;Mujeres;2010;191
10;Cáceres;10095 Herreruela;Mujeres;2009;195
10;Cáceres;10095 Herreruela;Mujeres;2008;193
10;Cáceres;10095 Herreruela;Mujeres;2007;197
10;Cáceres;10095 Herreruela;Mujeres;2006;199
10;Cáceres;10095 Herreruela;Mujeres;2005;199
10;Cáceres;10095 Herreruela;Mujeres;2004;198
10;Cáceres;10095 Herreruela;Mujeres;2003;199
10;Cáceres;10095 Herreruela;Mujeres;2002;162
10;Cáceres;10095 Herreruela;Mujeres;2001;167
10;Cáceres;10095 Herreruela;Mujeres;2000;223
10;Cáceres;10095 Herreruela;Mujeres;1999;226
10;Cáceres;10095 Herreruela;Mujeres;1998;226
10;Cáceres;10095 Herreruela;Mujeres;1997;
10;Cáceres;10095 Herreruela;Mujeres;1996;233
10;Cáceres;10096 Hervás;Total;2023;3907
10;Cáceres;10096 Hervás;Total;2022;3972
10;Cáceres;10096 Hervás;Total;2021;3952
10;Cáceres;10096 Hervás;Total;2020;3957
10;Cáceres;10096 Hervás;Total;2019;3976
10;Cáceres;10096 Hervás;Total;2018;4052
10;Cáceres;10096 Hervás;Total;2017;4102
10;Cáceres;10096 Hervás;Total;2016;4120
10;Cáceres;10096 Hervás;Total;2015;4194
10;Cáceres;10096 Hervás;Total;2014;4180
10;Cáceres;10096 Hervás;Total;2013;4193
10;Cáceres;10096 Hervás;Total;2012;4190
10;Cáceres;10096 Hervás;Total;2011;4197
10;Cáceres;10096 Hervás;Total;2010;4156
10;Cáceres;10096 Hervás;Total;2009;4126
10;Cáceres;10096 Hervás;Total;2008;4062
10;Cáceres;10096 Hervás;Total;2007;4015
10;Cáceres;10096 Hervás;Total;2006;3924
10;Cáceres;10096 Hervás;Total;2005;3891
10;Cáceres;10096 Hervás;Total;2004;3834
10;Cáceres;10096 Hervás;Total;2003;3846
10;Cáceres;10096 Hervás;Total;2002;3881
10;Cáceres;10096 Hervás;Total;2001;3860
10;Cáceres;10096 Hervás;Total;2000;3839
10;Cáceres;10096 Hervás;Total;1999;3934
10;Cáceres;10096 Hervás;Total;1998;3934
10;Cáceres;10096 Hervás;Total;1997;
10;Cáceres;10096 Hervás;Total;1996;3965
10;Cáceres;10096 Hervás;Hombres;2023;1916
10;Cáceres;10096 Hervás;Hombres;2022;1946
10;Cáceres;10096 Hervás;Hombres;2021;1933
10;Cáceres;10096 Hervás;Hombres;2020;1936
10;Cáceres;10096 Hervás;Hombres;2019;1952
10;Cáceres;10096 Hervás;Hombres;2018;1992
10;Cáceres;10096 Hervás;Hombres;2017;2022
10;Cáceres;10096 Hervás;Hombres;2016;2035
10;Cáceres;10096 Hervás;Hombres;2015;2074
10;Cáceres;10096 Hervás;Hombres;2014;2075
10;Cáceres;10096 Hervás;Hombres;2013;2066
10;Cáceres;10096 Hervás;Hombres;2012;2063
10;Cáceres;10096 Hervás;Hombres;2011;2064
10;Cáceres;10096 Hervás;Hombres;2010;2051
10;Cáceres;10096 Hervás;Hombres;2009;2027
10;Cáceres;10096 Hervás;Hombres;2008;1994
10;Cáceres;10096 Hervás;Hombres;2007;1974
10;Cáceres;10096 Hervás;Hombres;2006;1927
10;Cáceres;10096 Hervás;Hombres;2005;1907
10;Cáceres;10096 Hervás;Hombres;2004;1886
10;Cáceres;10096 Hervás;Hombres;2003;1891
10;Cáceres;10096 Hervás;Hombres;2002;1899
10;Cáceres;10096 Hervás;Hombres;2001;1876
10;Cáceres;10096 Hervás;Hombres;2000;1863
10;Cáceres;10096 Hervás;Hombres;1999;1917
10;Cáceres;10096 Hervás;Hombres;1998;1917
10;Cáceres;10096 Hervás;Hombres;1997;
10;Cáceres;10096 Hervás;Hombres;1996;1911
10;Cáceres;10096 Hervás;Mujeres;2023;1991
10;Cáceres;10096 Hervás;Mujeres;2022;2026
10;Cáceres;10096 Hervás;Mujeres;2021;2019
10;Cáceres;10096 Hervás;Mujeres;2020;2021
10;Cáceres;10096 Hervás;Mujeres;2019;2024
10;Cáceres;10096 Hervás;Mujeres;2018;2060
10;Cáceres;10096 Hervás;Mujeres;2017;2080
10;Cáceres;10096 Hervás;Mujeres;2016;2085
10;Cáceres;10096 Hervás;Mujeres;2015;2120
10;Cáceres;10096 Hervás;Mujeres;2014;2105
10;Cáceres;10096 Hervás;Mujeres;2013;2127
10;Cáceres;10096 Hervás;Mujeres;2012;2127
10;Cáceres;10096 Hervás;Mujeres;2011;2133
10;Cáceres;10096 Hervás;Mujeres;2010;2105
10;Cáceres;10096 Hervás;Mujeres;2009;2099
10;Cáceres;10096 Hervás;Mujeres;2008;2068
10;Cáceres;10096 Hervás;Mujeres;2007;2041
10;Cáceres;10096 Hervás;Mujeres;2006;1997
10;Cáceres;10096 Hervás;Mujeres;2005;1984
10;Cáceres;10096 Hervás;Mujeres;2004;1948
10;Cáceres;10096 Hervás;Mujeres;2003;1955
10;Cáceres;10096 Hervás;Mujeres;2002;1982
10;Cáceres;10096 Hervás;Mujeres;2001;1984
10;Cáceres;10096 Hervás;Mujeres;2000;1976
10;Cáceres;10096 Hervás;Mujeres;1999;2017
10;Cáceres;10096 Hervás;Mujeres;1998;2017
10;Cáceres;10096 Hervás;Mujeres;1997;
10;Cáceres;10096 Hervás;Mujeres;1996;2054
10;Cáceres;10097 Higuera de Albalat;Total;2023;105
10;Cáceres;10097 Higuera de Albalat;Total;2022;104
10;Cáceres;10097 Higuera de Albalat;Total;2021;106
10;Cáceres;10097 Higuera de Albalat;Total;2020;110
10;Cáceres;10097 Higuera de Albalat;Total;2019;113
10;Cáceres;10097 Higuera de Albalat;Total;2018;102
10;Cáceres;10097 Higuera de Albalat;Total;2017;99
10;Cáceres;10097 Higuera de Albalat;Total;2016;106
10;Cáceres;10097 Higuera de Albalat;Total;2015;114
10;Cáceres;10097 Higuera de Albalat;Total;2014;110
10;Cáceres;10097 Higuera de Albalat;Total;2013;114
10;Cáceres;10097 Higuera de Albalat;Total;2012;110
10;Cáceres;10097 Higuera de Albalat;Total;2011;115
10;Cáceres;10097 Higuera de Albalat;Total;2010;94
10;Cáceres;10097 Higuera de Albalat;Total;2009;100
10;Cáceres;10097 Higuera de Albalat;Total;2008;104
10;Cáceres;10097 Higuera de Albalat;Total;2007;108
10;Cáceres;10097 Higuera de Albalat;Total;2006;108
10;Cáceres;10097 Higuera de Albalat;Total;2005;93
10;Cáceres;10097 Higuera de Albalat;Total;2004;100
10;Cáceres;10097 Higuera de Albalat;Total;2003;105
10;Cáceres;10097 Higuera de Albalat;Total;2002;110
10;Cáceres;10097 Higuera de Albalat;Total;2001;107
10;Cáceres;10097 Higuera de Albalat;Total;2000;111
10;Cáceres;10097 Higuera de Albalat;Total;1999;114
10;Cáceres;10097 Higuera de Albalat;Total;1998;120
10;Cáceres;10097 Higuera de Albalat;Total;1997;
10;Cáceres;10097 Higuera de Albalat;Total;1996;127
10;Cáceres;10097 Higuera de Albalat;Hombres;2023;59
10;Cáceres;10097 Higuera de Albalat;Hombres;2022;60
10;Cáceres;10097 Higuera de Albalat;Hombres;2021;62
10;Cáceres;10097 Higuera de Albalat;Hombres;2020;66
10;Cáceres;10097 Higuera de Albalat;Hombres;2019;71
10;Cáceres;10097 Higuera de Albalat;Hombres;2018;62
10;Cáceres;10097 Higuera de Albalat;Hombres;2017;61
10;Cáceres;10097 Higuera de Albalat;Hombres;2016;64
10;Cáceres;10097 Higuera de Albalat;Hombres;2015;68
10;Cáceres;10097 Higuera de Albalat;Hombres;2014;68
10;Cáceres;10097 Higuera de Albalat;Hombres;2013;73
10;Cáceres;10097 Higuera de Albalat;Hombres;2012;68
10;Cáceres;10097 Higuera de Albalat;Hombres;2011;65
10;Cáceres;10097 Higuera de Albalat;Hombres;2010;51
10;Cáceres;10097 Higuera de Albalat;Hombres;2009;52
10;Cáceres;10097 Higuera de Albalat;Hombres;2008;54
10;Cáceres;10097 Higuera de Albalat;Hombres;2007;56
10;Cáceres;10097 Higuera de Albalat;Hombres;2006;58
10;Cáceres;10097 Higuera de Albalat;Hombres;2005;50
10;Cáceres;10097 Higuera de Albalat;Hombres;2004;54
10;Cáceres;10097 Higuera de Albalat;Hombres;2003;58
10;Cáceres;10097 Higuera de Albalat;Hombres;2002;58
10;Cáceres;10097 Higuera de Albalat;Hombres;2001;58
10;Cáceres;10097 Higuera de Albalat;Hombres;2000;59
10;Cáceres;10097 Higuera de Albalat;Hombres;1999;62
10;Cáceres;10097 Higuera de Albalat;Hombres;1998;65
10;Cáceres;10097 Higuera de Albalat;Hombres;1997;
10;Cáceres;10097 Higuera de Albalat;Hombres;1996;71
10;Cáceres;10097 Higuera de Albalat;Mujeres;2023;46
10;Cáceres;10097 Higuera de Albalat;Mujeres;2022;44
10;Cáceres;10097 Higuera de Albalat;Mujeres;2021;44
10;Cáceres;10097 Higuera de Albalat;Mujeres;2020;44
10;Cáceres;10097 Higuera de Albalat;Mujeres;2019;42
10;Cáceres;10097 Higuera de Albalat;Mujeres;2018;40
10;Cáceres;10097 Higuera de Albalat;Mujeres;2017;38
10;Cáceres;10097 Higuera de Albalat;Mujeres;2016;42
10;Cáceres;10097 Higuera de Albalat;Mujeres;2015;46
10;Cáceres;10097 Higuera de Albalat;Mujeres;2014;42
10;Cáceres;10097 Higuera de Albalat;Mujeres;2013;41
10;Cáceres;10097 Higuera de Albalat;Mujeres;2012;42
10;Cáceres;10097 Higuera de Albalat;Mujeres;2011;50
10;Cáceres;10097 Higuera de Albalat;Mujeres;2010;43
10;Cáceres;10097 Higuera de Albalat;Mujeres;2009;48
10;Cáceres;10097 Higuera de Albalat;Mujeres;2008;50
10;Cáceres;10097 Higuera de Albalat;Mujeres;2007;52
10;Cáceres;10097 Higuera de Albalat;Mujeres;2006;50
10;Cáceres;10097 Higuera de Albalat;Mujeres;2005;43
10;Cáceres;10097 Higuera de Albalat;Mujeres;2004;46
10;Cáceres;10097 Higuera de Albalat;Mujeres;2003;47
10;Cáceres;10097 Higuera de Albalat;Mujeres;2002;52
10;Cáceres;10097 Higuera de Albalat;Mujeres;2001;49
10;Cáceres;10097 Higuera de Albalat;Mujeres;2000;52
10;Cáceres;10097 Higuera de Albalat;Mujeres;1999;52
10;Cáceres;10097 Higuera de Albalat;Mujeres;1998;55
10;Cáceres;10097 Higuera de Albalat;Mujeres;1997;
10;Cáceres;10097 Higuera de Albalat;Mujeres;1996;56
10;Cáceres;10098 Hinojal;Total;2023;391
10;Cáceres;10098 Hinojal;Total;2022;377
10;Cáceres;10098 Hinojal;Total;2021;391
10;Cáceres;10098 Hinojal;Total;2020;404
10;Cáceres;10098 Hinojal;Total;2019;401
10;Cáceres;10098 Hinojal;Total;2018;396
10;Cáceres;10098 Hinojal;Total;2017;407
10;Cáceres;10098 Hinojal;Total;2016;408
10;Cáceres;10098 Hinojal;Total;2015;417
10;Cáceres;10098 Hinojal;Total;2014;426
10;Cáceres;10098 Hinojal;Total;2013;447
10;Cáceres;10098 Hinojal;Total;2012;443
10;Cáceres;10098 Hinojal;Total;2011;447
10;Cáceres;10098 Hinojal;Total;2010;448
10;Cáceres;10098 Hinojal;Total;2009;441
10;Cáceres;10098 Hinojal;Total;2008;439
10;Cáceres;10098 Hinojal;Total;2007;432
10;Cáceres;10098 Hinojal;Total;2006;421
10;Cáceres;10098 Hinojal;Total;2005;431
10;Cáceres;10098 Hinojal;Total;2004;444
10;Cáceres;10098 Hinojal;Total;2003;426
10;Cáceres;10098 Hinojal;Total;2002;428
10;Cáceres;10098 Hinojal;Total;2001;417
10;Cáceres;10098 Hinojal;Total;2000;425
10;Cáceres;10098 Hinojal;Total;1999;436
10;Cáceres;10098 Hinojal;Total;1998;446
10;Cáceres;10098 Hinojal;Total;1997;
10;Cáceres;10098 Hinojal;Total;1996;460
10;Cáceres;10098 Hinojal;Hombres;2023;197
10;Cáceres;10098 Hinojal;Hombres;2022;194
10;Cáceres;10098 Hinojal;Hombres;2021;202
10;Cáceres;10098 Hinojal;Hombres;2020;207
10;Cáceres;10098 Hinojal;Hombres;2019;208
10;Cáceres;10098 Hinojal;Hombres;2018;206
10;Cáceres;10098 Hinojal;Hombres;2017;209
10;Cáceres;10098 Hinojal;Hombres;2016;207
10;Cáceres;10098 Hinojal;Hombres;2015;210
10;Cáceres;10098 Hinojal;Hombres;2014;216
10;Cáceres;10098 Hinojal;Hombres;2013;223
10;Cáceres;10098 Hinojal;Hombres;2012;220
10;Cáceres;10098 Hinojal;Hombres;2011;223
10;Cáceres;10098 Hinojal;Hombres;2010;226
10;Cáceres;10098 Hinojal;Hombres;2009;228
10;Cáceres;10098 Hinojal;Hombres;2008;224
10;Cáceres;10098 Hinojal;Hombres;2007;217
10;Cáceres;10098 Hinojal;Hombres;2006;209
10;Cáceres;10098 Hinojal;Hombres;2005;213
10;Cáceres;10098 Hinojal;Hombres;2004;223
10;Cáceres;10098 Hinojal;Hombres;2003;214
10;Cáceres;10098 Hinojal;Hombres;2002;213
10;Cáceres;10098 Hinojal;Hombres;2001;203
10;Cáceres;10098 Hinojal;Hombres;2000;201
10;Cáceres;10098 Hinojal;Hombres;1999;207
10;Cáceres;10098 Hinojal;Hombres;1998;212
10;Cáceres;10098 Hinojal;Hombres;1997;
10;Cáceres;10098 Hinojal;Hombres;1996;219
10;Cáceres;10098 Hinojal;Mujeres;2023;194
10;Cáceres;10098 Hinojal;Mujeres;2022;183
10;Cáceres;10098 Hinojal;Mujeres;2021;189
10;Cáceres;10098 Hinojal;Mujeres;2020;197
10;Cáceres;10098 Hinojal;Mujeres;2019;193
10;Cáceres;10098 Hinojal;Mujeres;2018;190
10;Cáceres;10098 Hinojal;Mujeres;2017;198
10;Cáceres;10098 Hinojal;Mujeres;2016;201
10;Cáceres;10098 Hinojal;Mujeres;2015;207
10;Cáceres;10098 Hinojal;Mujeres;2014;210
10;Cáceres;10098 Hinojal;Mujeres;2013;224
10;Cáceres;10098 Hinojal;Mujeres;2012;223
10;Cáceres;10098 Hinojal;Mujeres;2011;224
10;Cáceres;10098 Hinojal;Mujeres;2010;222
10;Cáceres;10098 Hinojal;Mujeres;2009;213
10;Cáceres;10098 Hinojal;Mujeres;2008;215
10;Cáceres;10098 Hinojal;Mujeres;2007;215
10;Cáceres;10098 Hinojal;Mujeres;2006;212
10;Cáceres;10098 Hinojal;Mujeres;2005;218
10;Cáceres;10098 Hinojal;Mujeres;2004;221
10;Cáceres;10098 Hinojal;Mujeres;2003;212
10;Cáceres;10098 Hinojal;Mujeres;2002;215
10;Cáceres;10098 Hinojal;Mujeres;2001;214
10;Cáceres;10098 Hinojal;Mujeres;2000;224
10;Cáceres;10098 Hinojal;Mujeres;1999;229
10;Cáceres;10098 Hinojal;Mujeres;1998;234
10;Cáceres;10098 Hinojal;Mujeres;1997;
10;Cáceres;10098 Hinojal;Mujeres;1996;241
10;Cáceres;10099 Holguera;Total;2023;607
10;Cáceres;10099 Holguera;Total;2022;618
10;Cáceres;10099 Holguera;Total;2021;620
10;Cáceres;10099 Holguera;Total;2020;637
10;Cáceres;10099 Holguera;Total;2019;641
10;Cáceres;10099 Holguera;Total;2018;647
10;Cáceres;10099 Holguera;Total;2017;659
10;Cáceres;10099 Holguera;Total;2016;673
10;Cáceres;10099 Holguera;Total;2015;692
10;Cáceres;10099 Holguera;Total;2014;713
10;Cáceres;10099 Holguera;Total;2013;716
10;Cáceres;10099 Holguera;Total;2012;742
10;Cáceres;10099 Holguera;Total;2011;762
10;Cáceres;10099 Holguera;Total;2010;765
10;Cáceres;10099 Holguera;Total;2009;758
10;Cáceres;10099 Holguera;Total;2008;762
10;Cáceres;10099 Holguera;Total;2007;762
10;Cáceres;10099 Holguera;Total;2006;748
10;Cáceres;10099 Holguera;Total;2005;766
10;Cáceres;10099 Holguera;Total;2004;785
10;Cáceres;10099 Holguera;Total;2003;806
10;Cáceres;10099 Holguera;Total;2002;825
10;Cáceres;10099 Holguera;Total;2001;821
10;Cáceres;10099 Holguera;Total;2000;813
10;Cáceres;10099 Holguera;Total;1999;847
10;Cáceres;10099 Holguera;Total;1998;847
10;Cáceres;10099 Holguera;Total;1997;
10;Cáceres;10099 Holguera;Total;1996;865
10;Cáceres;10099 Holguera;Hombres;2023;303
10;Cáceres;10099 Holguera;Hombres;2022;309
10;Cáceres;10099 Holguera;Hombres;2021;315
10;Cáceres;10099 Holguera;Hombres;2020;323
10;Cáceres;10099 Holguera;Hombres;2019;321
10;Cáceres;10099 Holguera;Hombres;2018;322
10;Cáceres;10099 Holguera;Hombres;2017;326
10;Cáceres;10099 Holguera;Hombres;2016;331
10;Cáceres;10099 Holguera;Hombres;2015;344
10;Cáceres;10099 Holguera;Hombres;2014;357
10;Cáceres;10099 Holguera;Hombres;2013;358
10;Cáceres;10099 Holguera;Hombres;2012;373
10;Cáceres;10099 Holguera;Hombres;2011;389
10;Cáceres;10099 Holguera;Hombres;2010;390
10;Cáceres;10099 Holguera;Hombres;2009;390
10;Cáceres;10099 Holguera;Hombres;2008;388
10;Cáceres;10099 Holguera;Hombres;2007;386
10;Cáceres;10099 Holguera;Hombres;2006;375
10;Cáceres;10099 Holguera;Hombres;2005;383
10;Cáceres;10099 Holguera;Hombres;2004;392
10;Cáceres;10099 Holguera;Hombres;2003;407
10;Cáceres;10099 Holguera;Hombres;2002;420
10;Cáceres;10099 Holguera;Hombres;2001;423
10;Cáceres;10099 Holguera;Hombres;2000;412
10;Cáceres;10099 Holguera;Hombres;1999;422
10;Cáceres;10099 Holguera;Hombres;1998;422
10;Cáceres;10099 Holguera;Hombres;1997;
10;Cáceres;10099 Holguera;Hombres;1996;442
10;Cáceres;10099 Holguera;Mujeres;2023;304
10;Cáceres;10099 Holguera;Mujeres;2022;309
10;Cáceres;10099 Holguera;Mujeres;2021;305
10;Cáceres;10099 Holguera;Mujeres;2020;314
10;Cáceres;10099 Holguera;Mujeres;2019;320
10;Cáceres;10099 Holguera;Mujeres;2018;325
10;Cáceres;10099 Holguera;Mujeres;2017;333
10;Cáceres;10099 Holguera;Mujeres;2016;342
10;Cáceres;10099 Holguera;Mujeres;2015;348
10;Cáceres;10099 Holguera;Mujeres;2014;356
10;Cáceres;10099 Holguera;Mujeres;2013;358
10;Cáceres;10099 Holguera;Mujeres;2012;369
10;Cáceres;10099 Holguera;Mujeres;2011;373
10;Cáceres;10099 Holguera;Mujeres;2010;375
10;Cáceres;10099 Holguera;Mujeres;2009;368
10;Cáceres;10099 Holguera;Mujeres;2008;374
10;Cáceres;10099 Holguera;Mujeres;2007;376
10;Cáceres;10099 Holguera;Mujeres;2006;373
10;Cáceres;10099 Holguera;Mujeres;2005;383
10;Cáceres;10099 Holguera;Mujeres;2004;393
10;Cáceres;10099 Holguera;Mujeres;2003;399
10;Cáceres;10099 Holguera;Mujeres;2002;405
10;Cáceres;10099 Holguera;Mujeres;2001;398
10;Cáceres;10099 Holguera;Mujeres;2000;401
10;Cáceres;10099 Holguera;Mujeres;1999;425
10;Cáceres;10099 Holguera;Mujeres;1998;425
10;Cáceres;10099 Holguera;Mujeres;1997;
10;Cáceres;10099 Holguera;Mujeres;1996;423
10;Cáceres;10100 Hoyos;Total;2023;851
10;Cáceres;10100 Hoyos;Total;2022;878
10;Cáceres;10100 Hoyos;Total;2021;882
10;Cáceres;10100 Hoyos;Total;2020;880
10;Cáceres;10100 Hoyos;Total;2019;874
10;Cáceres;10100 Hoyos;Total;2018;906
10;Cáceres;10100 Hoyos;Total;2017;893
10;Cáceres;10100 Hoyos;Total;2016;923
10;Cáceres;10100 Hoyos;Total;2015;934
10;Cáceres;10100 Hoyos;Total;2014;909
10;Cáceres;10100 Hoyos;Total;2013;914
10;Cáceres;10100 Hoyos;Total;2012;930
10;Cáceres;10100 Hoyos;Total;2011;955
10;Cáceres;10100 Hoyos;Total;2010;981
10;Cáceres;10100 Hoyos;Total;2009;976
10;Cáceres;10100 Hoyos;Total;2008;971
10;Cáceres;10100 Hoyos;Total;2007;979
10;Cáceres;10100 Hoyos;Total;2006;970
10;Cáceres;10100 Hoyos;Total;2005;988
10;Cáceres;10100 Hoyos;Total;2004;981
10;Cáceres;10100 Hoyos;Total;2003;1009
10;Cáceres;10100 Hoyos;Total;2002;1017
10;Cáceres;10100 Hoyos;Total;2001;983
10;Cáceres;10100 Hoyos;Total;2000;978
10;Cáceres;10100 Hoyos;Total;1999;1001
10;Cáceres;10100 Hoyos;Total;1998;1001
10;Cáceres;10100 Hoyos;Total;1997;
10;Cáceres;10100 Hoyos;Total;1996;1038
10;Cáceres;10100 Hoyos;Hombres;2023;422
10;Cáceres;10100 Hoyos;Hombres;2022;431
10;Cáceres;10100 Hoyos;Hombres;2021;429
10;Cáceres;10100 Hoyos;Hombres;2020;436
10;Cáceres;10100 Hoyos;Hombres;2019;426
10;Cáceres;10100 Hoyos;Hombres;2018;444
10;Cáceres;10100 Hoyos;Hombres;2017;431
10;Cáceres;10100 Hoyos;Hombres;2016;451
10;Cáceres;10100 Hoyos;Hombres;2015;461
10;Cáceres;10100 Hoyos;Hombres;2014;460
10;Cáceres;10100 Hoyos;Hombres;2013;456
10;Cáceres;10100 Hoyos;Hombres;2012;467
10;Cáceres;10100 Hoyos;Hombres;2011;483
10;Cáceres;10100 Hoyos;Hombres;2010;494
10;Cáceres;10100 Hoyos;Hombres;2009;488
10;Cáceres;10100 Hoyos;Hombres;2008;495
10;Cáceres;10100 Hoyos;Hombres;2007;494
10;Cáceres;10100 Hoyos;Hombres;2006;494
10;Cáceres;10100 Hoyos;Hombres;2005;500
10;Cáceres;10100 Hoyos;Hombres;2004;499
10;Cáceres;10100 Hoyos;Hombres;2003;517
10;Cáceres;10100 Hoyos;Hombres;2002;522
10;Cáceres;10100 Hoyos;Hombres;2001;506
10;Cáceres;10100 Hoyos;Hombres;2000;504
10;Cáceres;10100 Hoyos;Hombres;1999;512
10;Cáceres;10100 Hoyos;Hombres;1998;512
10;Cáceres;10100 Hoyos;Hombres;1997;
10;Cáceres;10100 Hoyos;Hombres;1996;528
10;Cáceres;10100 Hoyos;Mujeres;2023;429
10;Cáceres;10100 Hoyos;Mujeres;2022;447
10;Cáceres;10100 Hoyos;Mujeres;2021;453
10;Cáceres;10100 Hoyos;Mujeres;2020;444
10;Cáceres;10100 Hoyos;Mujeres;2019;448
10;Cáceres;10100 Hoyos;Mujeres;2018;462
10;Cáceres;10100 Hoyos;Mujeres;2017;462
10;Cáceres;10100 Hoyos;Mujeres;2016;472
10;Cáceres;10100 Hoyos;Mujeres;2015;473
10;Cáceres;10100 Hoyos;Mujeres;2014;449
10;Cáceres;10100 Hoyos;Mujeres;2013;458
10;Cáceres;10100 Hoyos;Mujeres;2012;463
10;Cáceres;10100 Hoyos;Mujeres;2011;472
10;Cáceres;10100 Hoyos;Mujeres;2010;487
10;Cáceres;10100 Hoyos;Mujeres;2009;488
10;Cáceres;10100 Hoyos;Mujeres;2008;476
10;Cáceres;10100 Hoyos;Mujeres;2007;485
10;Cáceres;10100 Hoyos;Mujeres;2006;476
10;Cáceres;10100 Hoyos;Mujeres;2005;488
10;Cáceres;10100 Hoyos;Mujeres;2004;482
10;Cáceres;10100 Hoyos;Mujeres;2003;492
10;Cáceres;10100 Hoyos;Mujeres;2002;495
10;Cáceres;10100 Hoyos;Mujeres;2001;477
10;Cáceres;10100 Hoyos;Mujeres;2000;474
10;Cáceres;10100 Hoyos;Mujeres;1999;489
10;Cáceres;10100 Hoyos;Mujeres;1998;489
10;Cáceres;10100 Hoyos;Mujeres;1997;
10;Cáceres;10100 Hoyos;Mujeres;1996;510
10;Cáceres;10101 Huélaga;Total;2023;210
10;Cáceres;10101 Huélaga;Total;2022;212
10;Cáceres;10101 Huélaga;Total;2021;210
10;Cáceres;10101 Huélaga;Total;2020;219
10;Cáceres;10101 Huélaga;Total;2019;220
10;Cáceres;10101 Huélaga;Total;2018;216
10;Cáceres;10101 Huélaga;Total;2017;225
10;Cáceres;10101 Huélaga;Total;2016;223
10;Cáceres;10101 Huélaga;Total;2015;220
10;Cáceres;10101 Huélaga;Total;2014;220
10;Cáceres;10101 Huélaga;Total;2013;212
10;Cáceres;10101 Huélaga;Total;2012;211
10;Cáceres;10101 Huélaga;Total;2011;204
10;Cáceres;10101 Huélaga;Total;2010;197
10;Cáceres;10101 Huélaga;Total;2009;196
10;Cáceres;10101 Huélaga;Total;2008;201
10;Cáceres;10101 Huélaga;Total;2007;194
10;Cáceres;10101 Huélaga;Total;2006;181
10;Cáceres;10101 Huélaga;Total;2005;191
10;Cáceres;10101 Huélaga;Total;2004;192
10;Cáceres;10101 Huélaga;Total;2003;191
10;Cáceres;10101 Huélaga;Total;2002;207
10;Cáceres;10101 Huélaga;Total;2001;209
10;Cáceres;10101 Huélaga;Total;2000;208
10;Cáceres;10101 Huélaga;Total;1999;210
10;Cáceres;10101 Huélaga;Total;1998;208
10;Cáceres;10101 Huélaga;Total;1997;
10;Cáceres;10101 Huélaga;Total;1996;213
10;Cáceres;10101 Huélaga;Hombres;2023;101
10;Cáceres;10101 Huélaga;Hombres;2022;102
10;Cáceres;10101 Huélaga;Hombres;2021;105
10;Cáceres;10101 Huélaga;Hombres;2020;109
10;Cáceres;10101 Huélaga;Hombres;2019;109
10;Cáceres;10101 Huélaga;Hombres;2018;108
10;Cáceres;10101 Huélaga;Hombres;2017;115
10;Cáceres;10101 Huélaga;Hombres;2016;115
10;Cáceres;10101 Huélaga;Hombres;2015;111
10;Cáceres;10101 Huélaga;Hombres;2014;113
10;Cáceres;10101 Huélaga;Hombres;2013;113
10;Cáceres;10101 Huélaga;Hombres;2012;109
10;Cáceres;10101 Huélaga;Hombres;2011;105
10;Cáceres;10101 Huélaga;Hombres;2010;100
10;Cáceres;10101 Huélaga;Hombres;2009;97
10;Cáceres;10101 Huélaga;Hombres;2008;97
10;Cáceres;10101 Huélaga;Hombres;2007;93
10;Cáceres;10101 Huélaga;Hombres;2006;87
10;Cáceres;10101 Huélaga;Hombres;2005;89
10;Cáceres;10101 Huélaga;Hombres;2004;92
10;Cáceres;10101 Huélaga;Hombres;2003;91
10;Cáceres;10101 Huélaga;Hombres;2002;102
10;Cáceres;10101 Huélaga;Hombres;2001;105
10;Cáceres;10101 Huélaga;Hombres;2000;107
10;Cáceres;10101 Huélaga;Hombres;1999;108
10;Cáceres;10101 Huélaga;Hombres;1998;107
10;Cáceres;10101 Huélaga;Hombres;1997;
10;Cáceres;10101 Huélaga;Hombres;1996;107
10;Cáceres;10101 Huélaga;Mujeres;2023;109
10;Cáceres;10101 Huélaga;Mujeres;2022;110
10;Cáceres;10101 Huélaga;Mujeres;2021;105
10;Cáceres;10101 Huélaga;Mujeres;2020;110
10;Cáceres;10101 Huélaga;Mujeres;2019;111
10;Cáceres;10101 Huélaga;Mujeres;2018;108
10;Cáceres;10101 Huélaga;Mujeres;2017;110
10;Cáceres;10101 Huélaga;Mujeres;2016;108
10;Cáceres;10101 Huélaga;Mujeres;2015;109
10;Cáceres;10101 Huélaga;Mujeres;2014;107
10;Cáceres;10101 Huélaga;Mujeres;2013;99
10;Cáceres;10101 Huélaga;Mujeres;2012;102
10;Cáceres;10101 Huélaga;Mujeres;2011;99
10;Cáceres;10101 Huélaga;Mujeres;2010;97
10;Cáceres;10101 Huélaga;Mujeres;2009;99
10;Cáceres;10101 Huélaga;Mujeres;2008;104
10;Cáceres;10101 Huélaga;Mujeres;2007;101
10;Cáceres;10101 Huélaga;Mujeres;2006;94
10;Cáceres;10101 Huélaga;Mujeres;2005;102
10;Cáceres;10101 Huélaga;Mujeres;2004;100
10;Cáceres;10101 Huélaga;Mujeres;2003;100
10;Cáceres;10101 Huélaga;Mujeres;2002;105
10;Cáceres;10101 Huélaga;Mujeres;2001;104
10;Cáceres;10101 Huélaga;Mujeres;2000;101
10;Cáceres;10101 Huélaga;Mujeres;1999;102
10;Cáceres;10101 Huélaga;Mujeres;1998;101
10;Cáceres;10101 Huélaga;Mujeres;1997;
10;Cáceres;10101 Huélaga;Mujeres;1996;106
10;Cáceres;10102 Ibahernando;Total;2023;531
10;Cáceres;10102 Ibahernando;Total;2022;542
10;Cáceres;10102 Ibahernando;Total;2021;540
10;Cáceres;10102 Ibahernando;Total;2020;538
10;Cáceres;10102 Ibahernando;Total;2019;544
10;Cáceres;10102 Ibahernando;Total;2018;564
10;Cáceres;10102 Ibahernando;Total;2017;569
10;Cáceres;10102 Ibahernando;Total;2016;584
10;Cáceres;10102 Ibahernando;Total;2015;554
10;Cáceres;10102 Ibahernando;Total;2014;567
10;Cáceres;10102 Ibahernando;Total;2013;575
10;Cáceres;10102 Ibahernando;Total;2012;524
10;Cáceres;10102 Ibahernando;Total;2011;445
10;Cáceres;10102 Ibahernando;Total;2010;472
10;Cáceres;10102 Ibahernando;Total;2009;488
10;Cáceres;10102 Ibahernando;Total;2008;515
10;Cáceres;10102 Ibahernando;Total;2007;535
10;Cáceres;10102 Ibahernando;Total;2006;568
10;Cáceres;10102 Ibahernando;Total;2005;591
10;Cáceres;10102 Ibahernando;Total;2004;608
10;Cáceres;10102 Ibahernando;Total;2003;629
10;Cáceres;10102 Ibahernando;Total;2002;658
10;Cáceres;10102 Ibahernando;Total;2001;698
10;Cáceres;10102 Ibahernando;Total;2000;727
10;Cáceres;10102 Ibahernando;Total;1999;817
10;Cáceres;10102 Ibahernando;Total;1998;761
10;Cáceres;10102 Ibahernando;Total;1997;
10;Cáceres;10102 Ibahernando;Total;1996;785
10;Cáceres;10102 Ibahernando;Hombres;2023;266
10;Cáceres;10102 Ibahernando;Hombres;2022;269
10;Cáceres;10102 Ibahernando;Hombres;2021;267
10;Cáceres;10102 Ibahernando;Hombres;2020;263
10;Cáceres;10102 Ibahernando;Hombres;2019;272
10;Cáceres;10102 Ibahernando;Hombres;2018;276
10;Cáceres;10102 Ibahernando;Hombres;2017;277
10;Cáceres;10102 Ibahernando;Hombres;2016;288
10;Cáceres;10102 Ibahernando;Hombres;2015;269
10;Cáceres;10102 Ibahernando;Hombres;2014;272
10;Cáceres;10102 Ibahernando;Hombres;2013;278
10;Cáceres;10102 Ibahernando;Hombres;2012;250
10;Cáceres;10102 Ibahernando;Hombres;2011;216
10;Cáceres;10102 Ibahernando;Hombres;2010;232
10;Cáceres;10102 Ibahernando;Hombres;2009;239
10;Cáceres;10102 Ibahernando;Hombres;2008;255
10;Cáceres;10102 Ibahernando;Hombres;2007;264
10;Cáceres;10102 Ibahernando;Hombres;2006;276
10;Cáceres;10102 Ibahernando;Hombres;2005;288
10;Cáceres;10102 Ibahernando;Hombres;2004;295
10;Cáceres;10102 Ibahernando;Hombres;2003;301
10;Cáceres;10102 Ibahernando;Hombres;2002;317
10;Cáceres;10102 Ibahernando;Hombres;2001;339
10;Cáceres;10102 Ibahernando;Hombres;2000;353
10;Cáceres;10102 Ibahernando;Hombres;1999;401
10;Cáceres;10102 Ibahernando;Hombres;1998;373
10;Cáceres;10102 Ibahernando;Hombres;1997;
10;Cáceres;10102 Ibahernando;Hombres;1996;385
10;Cáceres;10102 Ibahernando;Mujeres;2023;265
10;Cáceres;10102 Ibahernando;Mujeres;2022;273
10;Cáceres;10102 Ibahernando;Mujeres;2021;273
10;Cáceres;10102 Ibahernando;Mujeres;2020;275
10;Cáceres;10102 Ibahernando;Mujeres;2019;272
10;Cáceres;10102 Ibahernando;Mujeres;2018;288
10;Cáceres;10102 Ibahernando;Mujeres;2017;292
10;Cáceres;10102 Ibahernando;Mujeres;2016;296
10;Cáceres;10102 Ibahernando;Mujeres;2015;285
10;Cáceres;10102 Ibahernando;Mujeres;2014;295
10;Cáceres;10102 Ibahernando;Mujeres;2013;297
10;Cáceres;10102 Ibahernando;Mujeres;2012;274
10;Cáceres;10102 Ibahernando;Mujeres;2011;229
10;Cáceres;10102 Ibahernando;Mujeres;2010;240
10;Cáceres;10102 Ibahernando;Mujeres;2009;249
10;Cáceres;10102 Ibahernando;Mujeres;2008;260
10;Cáceres;10102 Ibahernando;Mujeres;2007;271
10;Cáceres;10102 Ibahernando;Mujeres;2006;292
10;Cáceres;10102 Ibahernando;Mujeres;2005;303
10;Cáceres;10102 Ibahernando;Mujeres;2004;313
10;Cáceres;10102 Ibahernando;Mujeres;2003;328
10;Cáceres;10102 Ibahernando;Mujeres;2002;341
10;Cáceres;10102 Ibahernando;Mujeres;2001;359
10;Cáceres;10102 Ibahernando;Mujeres;2000;374
10;Cáceres;10102 Ibahernando;Mujeres;1999;416
10;Cáceres;10102 Ibahernando;Mujeres;1998;388
10;Cáceres;10102 Ibahernando;Mujeres;1997;
10;Cáceres;10102 Ibahernando;Mujeres;1996;400
10;Cáceres;10103 Jaraicejo;Total;2023;444
10;Cáceres;10103 Jaraicejo;Total;2022;447
10;Cáceres;10103 Jaraicejo;Total;2021;457
10;Cáceres;10103 Jaraicejo;Total;2020;456
10;Cáceres;10103 Jaraicejo;Total;2019;465
10;Cáceres;10103 Jaraicejo;Total;2018;489
10;Cáceres;10103 Jaraicejo;Total;2017;497
10;Cáceres;10103 Jaraicejo;Total;2016;502
10;Cáceres;10103 Jaraicejo;Total;2015;510
10;Cáceres;10103 Jaraicejo;Total;2014;531
10;Cáceres;10103 Jaraicejo;Total;2013;535
10;Cáceres;10103 Jaraicejo;Total;2012;551
10;Cáceres;10103 Jaraicejo;Total;2011;569
10;Cáceres;10103 Jaraicejo;Total;2010;591
10;Cáceres;10103 Jaraicejo;Total;2009;590
10;Cáceres;10103 Jaraicejo;Total;2008;574
10;Cáceres;10103 Jaraicejo;Total;2007;574
10;Cáceres;10103 Jaraicejo;Total;2006;593
10;Cáceres;10103 Jaraicejo;Total;2005;616
10;Cáceres;10103 Jaraicejo;Total;2004;634
10;Cáceres;10103 Jaraicejo;Total;2003;652
10;Cáceres;10103 Jaraicejo;Total;2002;676
10;Cáceres;10103 Jaraicejo;Total;2001;712
10;Cáceres;10103 Jaraicejo;Total;2000;724
10;Cáceres;10103 Jaraicejo;Total;1999;812
10;Cáceres;10103 Jaraicejo;Total;1998;672
10;Cáceres;10103 Jaraicejo;Total;1997;
10;Cáceres;10103 Jaraicejo;Total;1996;692
10;Cáceres;10103 Jaraicejo;Hombres;2023;213
10;Cáceres;10103 Jaraicejo;Hombres;2022;218
10;Cáceres;10103 Jaraicejo;Hombres;2021;224
10;Cáceres;10103 Jaraicejo;Hombres;2020;224
10;Cáceres;10103 Jaraicejo;Hombres;2019;228
10;Cáceres;10103 Jaraicejo;Hombres;2018;242
10;Cáceres;10103 Jaraicejo;Hombres;2017;240
10;Cáceres;10103 Jaraicejo;Hombres;2016;244
10;Cáceres;10103 Jaraicejo;Hombres;2015;248
10;Cáceres;10103 Jaraicejo;Hombres;2014;255
10;Cáceres;10103 Jaraicejo;Hombres;2013;253
10;Cáceres;10103 Jaraicejo;Hombres;2012;256
10;Cáceres;10103 Jaraicejo;Hombres;2011;268
10;Cáceres;10103 Jaraicejo;Hombres;2010;279
10;Cáceres;10103 Jaraicejo;Hombres;2009;280
10;Cáceres;10103 Jaraicejo;Hombres;2008;277
10;Cáceres;10103 Jaraicejo;Hombres;2007;275
10;Cáceres;10103 Jaraicejo;Hombres;2006;288
10;Cáceres;10103 Jaraicejo;Hombres;2005;300
10;Cáceres;10103 Jaraicejo;Hombres;2004;310
10;Cáceres;10103 Jaraicejo;Hombres;2003;321
10;Cáceres;10103 Jaraicejo;Hombres;2002;333
10;Cáceres;10103 Jaraicejo;Hombres;2001;353
10;Cáceres;10103 Jaraicejo;Hombres;2000;353
10;Cáceres;10103 Jaraicejo;Hombres;1999;404
10;Cáceres;10103 Jaraicejo;Hombres;1998;327
10;Cáceres;10103 Jaraicejo;Hombres;1997;
10;Cáceres;10103 Jaraicejo;Hombres;1996;339
10;Cáceres;10103 Jaraicejo;Mujeres;2023;231
10;Cáceres;10103 Jaraicejo;Mujeres;2022;229
10;Cáceres;10103 Jaraicejo;Mujeres;2021;233
10;Cáceres;10103 Jaraicejo;Mujeres;2020;232
10;Cáceres;10103 Jaraicejo;Mujeres;2019;237
10;Cáceres;10103 Jaraicejo;Mujeres;2018;247
10;Cáceres;10103 Jaraicejo;Mujeres;2017;257
10;Cáceres;10103 Jaraicejo;Mujeres;2016;258
10;Cáceres;10103 Jaraicejo;Mujeres;2015;262
10;Cáceres;10103 Jaraicejo;Mujeres;2014;276
10;Cáceres;10103 Jaraicejo;Mujeres;2013;282
10;Cáceres;10103 Jaraicejo;Mujeres;2012;295
10;Cáceres;10103 Jaraicejo;Mujeres;2011;301
10;Cáceres;10103 Jaraicejo;Mujeres;2010;312
10;Cáceres;10103 Jaraicejo;Mujeres;2009;310
10;Cáceres;10103 Jaraicejo;Mujeres;2008;297
10;Cáceres;10103 Jaraicejo;Mujeres;2007;299
10;Cáceres;10103 Jaraicejo;Mujeres;2006;305
10;Cáceres;10103 Jaraicejo;Mujeres;2005;316
10;Cáceres;10103 Jaraicejo;Mujeres;2004;324
10;Cáceres;10103 Jaraicejo;Mujeres;2003;331
10;Cáceres;10103 Jaraicejo;Mujeres;2002;343
10;Cáceres;10103 Jaraicejo;Mujeres;2001;359
10;Cáceres;10103 Jaraicejo;Mujeres;2000;371
10;Cáceres;10103 Jaraicejo;Mujeres;1999;408
10;Cáceres;10103 Jaraicejo;Mujeres;1998;345
10;Cáceres;10103 Jaraicejo;Mujeres;1997;
10;Cáceres;10103 Jaraicejo;Mujeres;1996;353
10;Cáceres;10104 Jaraíz de la Vera;Total;2023;6664
10;Cáceres;10104 Jaraíz de la Vera;Total;2022;6585
10;Cáceres;10104 Jaraíz de la Vera;Total;2021;6499
10;Cáceres;10104 Jaraíz de la Vera;Total;2020;6503
10;Cáceres;10104 Jaraíz de la Vera;Total;2019;6478
10;Cáceres;10104 Jaraíz de la Vera;Total;2018;6477
10;Cáceres;10104 Jaraíz de la Vera;Total;2017;6514
10;Cáceres;10104 Jaraíz de la Vera;Total;2016;6492
10;Cáceres;10104 Jaraíz de la Vera;Total;2015;6481
10;Cáceres;10104 Jaraíz de la Vera;Total;2014;6515
10;Cáceres;10104 Jaraíz de la Vera;Total;2013;6591
10;Cáceres;10104 Jaraíz de la Vera;Total;2012;6727
10;Cáceres;10104 Jaraíz de la Vera;Total;2011;6791
10;Cáceres;10104 Jaraíz de la Vera;Total;2010;6863
10;Cáceres;10104 Jaraíz de la Vera;Total;2009;6467
10;Cáceres;10104 Jaraíz de la Vera;Total;2008;6464
10;Cáceres;10104 Jaraíz de la Vera;Total;2007;6498
10;Cáceres;10104 Jaraíz de la Vera;Total;2006;6647
10;Cáceres;10104 Jaraíz de la Vera;Total;2005;6833
10;Cáceres;10104 Jaraíz de la Vera;Total;2004;6748
10;Cáceres;10104 Jaraíz de la Vera;Total;2003;6870
10;Cáceres;10104 Jaraíz de la Vera;Total;2002;6754
10;Cáceres;10104 Jaraíz de la Vera;Total;2001;6568
10;Cáceres;10104 Jaraíz de la Vera;Total;2000;6479
10;Cáceres;10104 Jaraíz de la Vera;Total;1999;6604
10;Cáceres;10104 Jaraíz de la Vera;Total;1998;6768
10;Cáceres;10104 Jaraíz de la Vera;Total;1997;
10;Cáceres;10104 Jaraíz de la Vera;Total;1996;7012
10;Cáceres;10104 Jaraíz de la Vera;Hombres;2023;3349
10;Cáceres;10104 Jaraíz de la Vera;Hombres;2022;3310
10;Cáceres;10104 Jaraíz de la Vera;Hombres;2021;3255
10;Cáceres;10104 Jaraíz de la Vera;Hombres;2020;3252
10;Cáceres;10104 Jaraíz de la Vera;Hombres;2019;3240
10;Cáceres;10104 Jaraíz de la Vera;Hombres;2018;3232
10;Cáceres;10104 Jaraíz de la Vera;Hombres;2017;3259
10;Cáceres;10104 Jaraíz de la Vera;Hombres;2016;3238
10;Cáceres;10104 Jaraíz de la Vera;Hombres;2015;3242
10;Cáceres;10104 Jaraíz de la Vera;Hombres;2014;3253
10;Cáceres;10104 Jaraíz de la Vera;Hombres;2013;3285
10;Cáceres;10104 Jaraíz de la Vera;Hombres;2012;3372
10;Cáceres;10104 Jaraíz de la Vera;Hombres;2011;3405
10;Cáceres;10104 Jaraíz de la Vera;Hombres;2010;3448
10;Cáceres;10104 Jaraíz de la Vera;Hombres;2009;3229
10;Cáceres;10104 Jaraíz de la Vera;Hombres;2008;3233
10;Cáceres;10104 Jaraíz de la Vera;Hombres;2007;3270
10;Cáceres;10104 Jaraíz de la Vera;Hombres;2006;3361
10;Cáceres;10104 Jaraíz de la Vera;Hombres;2005;3506
10;Cáceres;10104 Jaraíz de la Vera;Hombres;2004;3426
10;Cáceres;10104 Jaraíz de la Vera;Hombres;2003;3532
10;Cáceres;10104 Jaraíz de la Vera;Hombres;2002;3504
10;Cáceres;10104 Jaraíz de la Vera;Hombres;2001;3363
10;Cáceres;10104 Jaraíz de la Vera;Hombres;2000;3290
10;Cáceres;10104 Jaraíz de la Vera;Hombres;1999;3353
10;Cáceres;10104 Jaraíz de la Vera;Hombres;1998;3446
10;Cáceres;10104 Jaraíz de la Vera;Hombres;1997;
10;Cáceres;10104 Jaraíz de la Vera;Hombres;1996;3574
10;Cáceres;10104 Jaraíz de la Vera;Mujeres;2023;3315
10;Cáceres;10104 Jaraíz de la Vera;Mujeres;2022;3275
10;Cáceres;10104 Jaraíz de la Vera;Mujeres;2021;3244
10;Cáceres;10104 Jaraíz de la Vera;Mujeres;2020;3251
10;Cáceres;10104 Jaraíz de la Vera;Mujeres;2019;3238
10;Cáceres;10104 Jaraíz de la Vera;Mujeres;2018;3245
10;Cáceres;10104 Jaraíz de la Vera;Mujeres;2017;3255
10;Cáceres;10104 Jaraíz de la Vera;Mujeres;2016;3254
10;Cáceres;10104 Jaraíz de la Vera;Mujeres;2015;3239
10;Cáceres;10104 Jaraíz de la Vera;Mujeres;2014;3262
10;Cáceres;10104 Jaraíz de la Vera;Mujeres;2013;3306
10;Cáceres;10104 Jaraíz de la Vera;Mujeres;2012;3355
10;Cáceres;10104 Jaraíz de la Vera;Mujeres;2011;3386
10;Cáceres;10104 Jaraíz de la Vera;Mujeres;2010;3415
10;Cáceres;10104 Jaraíz de la Vera;Mujeres;2009;3238
10;Cáceres;10104 Jaraíz de la Vera;Mujeres;2008;3231
10;Cáceres;10104 Jaraíz de la Vera;Mujeres;2007;3228
10;Cáceres;10104 Jaraíz de la Vera;Mujeres;2006;3286
10;Cáceres;10104 Jaraíz de la Vera;Mujeres;2005;3327
10;Cáceres;10104 Jaraíz de la Vera;Mujeres;2004;3322
10;Cáceres;10104 Jaraíz de la Vera;Mujeres;2003;3338
10;Cáceres;10104 Jaraíz de la Vera;Mujeres;2002;3250
10;Cáceres;10104 Jaraíz de la Vera;Mujeres;2001;3205
10;Cáceres;10104 Jaraíz de la Vera;Mujeres;2000;3189
10;Cáceres;10104 Jaraíz de la Vera;Mujeres;1999;3251
10;Cáceres;10104 Jaraíz de la Vera;Mujeres;1998;3322
10;Cáceres;10104 Jaraíz de la Vera;Mujeres;1997;
10;Cáceres;10104 Jaraíz de la Vera;Mujeres;1996;3438
10;Cáceres;10105 Jarandilla de la Vera;Total;2023;2845
10;Cáceres;10105 Jarandilla de la Vera;Total;2022;2860
10;Cáceres;10105 Jarandilla de la Vera;Total;2021;2843
10;Cáceres;10105 Jarandilla de la Vera;Total;2020;2805
10;Cáceres;10105 Jarandilla de la Vera;Total;2019;2828
10;Cáceres;10105 Jarandilla de la Vera;Total;2018;2868
10;Cáceres;10105 Jarandilla de la Vera;Total;2017;2883
10;Cáceres;10105 Jarandilla de la Vera;Total;2016;2944
10;Cáceres;10105 Jarandilla de la Vera;Total;2015;2955
10;Cáceres;10105 Jarandilla de la Vera;Total;2014;2994
10;Cáceres;10105 Jarandilla de la Vera;Total;2013;3050
10;Cáceres;10105 Jarandilla de la Vera;Total;2012;3070
10;Cáceres;10105 Jarandilla de la Vera;Total;2011;3098
10;Cáceres;10105 Jarandilla de la Vera;Total;2010;3116
10;Cáceres;10105 Jarandilla de la Vera;Total;2009;3129
10;Cáceres;10105 Jarandilla de la Vera;Total;2008;3113
10;Cáceres;10105 Jarandilla de la Vera;Total;2007;3071
10;Cáceres;10105 Jarandilla de la Vera;Total;2006;3043
10;Cáceres;10105 Jarandilla de la Vera;Total;2005;3080
10;Cáceres;10105 Jarandilla de la Vera;Total;2004;3136
10;Cáceres;10105 Jarandilla de la Vera;Total;2003;3207
10;Cáceres;10105 Jarandilla de la Vera;Total;2002;3077
10;Cáceres;10105 Jarandilla de la Vera;Total;2001;3082
10;Cáceres;10105 Jarandilla de la Vera;Total;2000;3103
10;Cáceres;10105 Jarandilla de la Vera;Total;1999;3228
10;Cáceres;10105 Jarandilla de la Vera;Total;1998;3228
10;Cáceres;10105 Jarandilla de la Vera;Total;1997;
10;Cáceres;10105 Jarandilla de la Vera;Total;1996;3325
10;Cáceres;10105 Jarandilla de la Vera;Hombres;2023;1407
10;Cáceres;10105 Jarandilla de la Vera;Hombres;2022;1409
10;Cáceres;10105 Jarandilla de la Vera;Hombres;2021;1414
10;Cáceres;10105 Jarandilla de la Vera;Hombres;2020;1402
10;Cáceres;10105 Jarandilla de la Vera;Hombres;2019;1415
10;Cáceres;10105 Jarandilla de la Vera;Hombres;2018;1429
10;Cáceres;10105 Jarandilla de la Vera;Hombres;2017;1433
10;Cáceres;10105 Jarandilla de la Vera;Hombres;2016;1469
10;Cáceres;10105 Jarandilla de la Vera;Hombres;2015;1471
10;Cáceres;10105 Jarandilla de la Vera;Hombres;2014;1496
10;Cáceres;10105 Jarandilla de la Vera;Hombres;2013;1524
10;Cáceres;10105 Jarandilla de la Vera;Hombres;2012;1528
10;Cáceres;10105 Jarandilla de la Vera;Hombres;2011;1542
10;Cáceres;10105 Jarandilla de la Vera;Hombres;2010;1546
10;Cáceres;10105 Jarandilla de la Vera;Hombres;2009;1548
10;Cáceres;10105 Jarandilla de la Vera;Hombres;2008;1543
10;Cáceres;10105 Jarandilla de la Vera;Hombres;2007;1525
10;Cáceres;10105 Jarandilla de la Vera;Hombres;2006;1514
10;Cáceres;10105 Jarandilla de la Vera;Hombres;2005;1534
10;Cáceres;10105 Jarandilla de la Vera;Hombres;2004;1574
10;Cáceres;10105 Jarandilla de la Vera;Hombres;2003;1599
10;Cáceres;10105 Jarandilla de la Vera;Hombres;2002;1531
10;Cáceres;10105 Jarandilla de la Vera;Hombres;2001;1527
10;Cáceres;10105 Jarandilla de la Vera;Hombres;2000;1546
10;Cáceres;10105 Jarandilla de la Vera;Hombres;1999;1620
10;Cáceres;10105 Jarandilla de la Vera;Hombres;1998;1620
10;Cáceres;10105 Jarandilla de la Vera;Hombres;1997;
10;Cáceres;10105 Jarandilla de la Vera;Hombres;1996;1668
10;Cáceres;10105 Jarandilla de la Vera;Mujeres;2023;1438
10;Cáceres;10105 Jarandilla de la Vera;Mujeres;2022;1451
10;Cáceres;10105 Jarandilla de la Vera;Mujeres;2021;1429
10;Cáceres;10105 Jarandilla de la Vera;Mujeres;2020;1403
10;Cáceres;10105 Jarandilla de la Vera;Mujeres;2019;1413
10;Cáceres;10105 Jarandilla de la Vera;Mujeres;2018;1439
10;Cáceres;10105 Jarandilla de la Vera;Mujeres;2017;1450
10;Cáceres;10105 Jarandilla de la Vera;Mujeres;2016;1475
10;Cáceres;10105 Jarandilla de la Vera;Mujeres;2015;1484
10;Cáceres;10105 Jarandilla de la Vera;Mujeres;2014;1498
10;Cáceres;10105 Jarandilla de la Vera;Mujeres;2013;1526
10;Cáceres;10105 Jarandilla de la Vera;Mujeres;2012;1542
10;Cáceres;10105 Jarandilla de la Vera;Mujeres;2011;1556
10;Cáceres;10105 Jarandilla de la Vera;Mujeres;2010;1570
10;Cáceres;10105 Jarandilla de la Vera;Mujeres;2009;1581
10;Cáceres;10105 Jarandilla de la Vera;Mujeres;2008;1570
10;Cáceres;10105 Jarandilla de la Vera;Mujeres;2007;1546
10;Cáceres;10105 Jarandilla de la Vera;Mujeres;2006;1529
10;Cáceres;10105 Jarandilla de la Vera;Mujeres;2005;1546
10;Cáceres;10105 Jarandilla de la Vera;Mujeres;2004;1562
10;Cáceres;10105 Jarandilla de la Vera;Mujeres;2003;1608
10;Cáceres;10105 Jarandilla de la Vera;Mujeres;2002;1546
10;Cáceres;10105 Jarandilla de la Vera;Mujeres;2001;1555
10;Cáceres;10105 Jarandilla de la Vera;Mujeres;2000;1557
10;Cáceres;10105 Jarandilla de la Vera;Mujeres;1999;1608
10;Cáceres;10105 Jarandilla de la Vera;Mujeres;1998;1608
10;Cáceres;10105 Jarandilla de la Vera;Mujeres;1997;
10;Cáceres;10105 Jarandilla de la Vera;Mujeres;1996;1657
10;Cáceres;10106 Jarilla;Total;2023;139
10;Cáceres;10106 Jarilla;Total;2022;137
10;Cáceres;10106 Jarilla;Total;2021;136
10;Cáceres;10106 Jarilla;Total;2020;138
10;Cáceres;10106 Jarilla;Total;2019;136
10;Cáceres;10106 Jarilla;Total;2018;141
10;Cáceres;10106 Jarilla;Total;2017;140
10;Cáceres;10106 Jarilla;Total;2016;139
10;Cáceres;10106 Jarilla;Total;2015;146
10;Cáceres;10106 Jarilla;Total;2014;156
10;Cáceres;10106 Jarilla;Total;2013;152
10;Cáceres;10106 Jarilla;Total;2012;155
10;Cáceres;10106 Jarilla;Total;2011;154
10;Cáceres;10106 Jarilla;Total;2010;153
10;Cáceres;10106 Jarilla;Total;2009;154
10;Cáceres;10106 Jarilla;Total;2008;160
10;Cáceres;10106 Jarilla;Total;2007;153
10;Cáceres;10106 Jarilla;Total;2006;153
10;Cáceres;10106 Jarilla;Total;2005;151
10;Cáceres;10106 Jarilla;Total;2004;148
10;Cáceres;10106 Jarilla;Total;2003;149
10;Cáceres;10106 Jarilla;Total;2002;160
10;Cáceres;10106 Jarilla;Total;2001;172
10;Cáceres;10106 Jarilla;Total;2000;190
10;Cáceres;10106 Jarilla;Total;1999;198
10;Cáceres;10106 Jarilla;Total;1998;199
10;Cáceres;10106 Jarilla;Total;1997;
10;Cáceres;10106 Jarilla;Total;1996;205
10;Cáceres;10106 Jarilla;Hombres;2023;72
10;Cáceres;10106 Jarilla;Hombres;2022;70
10;Cáceres;10106 Jarilla;Hombres;2021;68
10;Cáceres;10106 Jarilla;Hombres;2020;68
10;Cáceres;10106 Jarilla;Hombres;2019;65
10;Cáceres;10106 Jarilla;Hombres;2018;73
10;Cáceres;10106 Jarilla;Hombres;2017;74
10;Cáceres;10106 Jarilla;Hombres;2016;73
10;Cáceres;10106 Jarilla;Hombres;2015;75
10;Cáceres;10106 Jarilla;Hombres;2014;77
10;Cáceres;10106 Jarilla;Hombres;2013;75
10;Cáceres;10106 Jarilla;Hombres;2012;77
10;Cáceres;10106 Jarilla;Hombres;2011;76
10;Cáceres;10106 Jarilla;Hombres;2010;72
10;Cáceres;10106 Jarilla;Hombres;2009;71
10;Cáceres;10106 Jarilla;Hombres;2008;74
10;Cáceres;10106 Jarilla;Hombres;2007;72
10;Cáceres;10106 Jarilla;Hombres;2006;74
10;Cáceres;10106 Jarilla;Hombres;2005;75
10;Cáceres;10106 Jarilla;Hombres;2004;74
10;Cáceres;10106 Jarilla;Hombres;2003;75
10;Cáceres;10106 Jarilla;Hombres;2002;75
10;Cáceres;10106 Jarilla;Hombres;2001;83
10;Cáceres;10106 Jarilla;Hombres;2000;95
10;Cáceres;10106 Jarilla;Hombres;1999;104
10;Cáceres;10106 Jarilla;Hombres;1998;106
10;Cáceres;10106 Jarilla;Hombres;1997;
10;Cáceres;10106 Jarilla;Hombres;1996;112
10;Cáceres;10106 Jarilla;Mujeres;2023;67
10;Cáceres;10106 Jarilla;Mujeres;2022;67
10;Cáceres;10106 Jarilla;Mujeres;2021;68
10;Cáceres;10106 Jarilla;Mujeres;2020;70
10;Cáceres;10106 Jarilla;Mujeres;2019;71
10;Cáceres;10106 Jarilla;Mujeres;2018;68
10;Cáceres;10106 Jarilla;Mujeres;2017;66
10;Cáceres;10106 Jarilla;Mujeres;2016;66
10;Cáceres;10106 Jarilla;Mujeres;2015;71
10;Cáceres;10106 Jarilla;Mujeres;2014;79
10;Cáceres;10106 Jarilla;Mujeres;2013;77
10;Cáceres;10106 Jarilla;Mujeres;2012;78
10;Cáceres;10106 Jarilla;Mujeres;2011;78
10;Cáceres;10106 Jarilla;Mujeres;2010;81
10;Cáceres;10106 Jarilla;Mujeres;2009;83
10;Cáceres;10106 Jarilla;Mujeres;2008;86
10;Cáceres;10106 Jarilla;Mujeres;2007;81
10;Cáceres;10106 Jarilla;Mujeres;2006;79
10;Cáceres;10106 Jarilla;Mujeres;2005;76
10;Cáceres;10106 Jarilla;Mujeres;2004;74
10;Cáceres;10106 Jarilla;Mujeres;2003;74
10;Cáceres;10106 Jarilla;Mujeres;2002;85
10;Cáceres;10106 Jarilla;Mujeres;2001;89
10;Cáceres;10106 Jarilla;Mujeres;2000;95
10;Cáceres;10106 Jarilla;Mujeres;1999;94
10;Cáceres;10106 Jarilla;Mujeres;1998;93
10;Cáceres;10106 Jarilla;Mujeres;1997;
10;Cáceres;10106 Jarilla;Mujeres;1996;93
10;Cáceres;10107 Jerte;Total;2023;1238
10;Cáceres;10107 Jerte;Total;2022;1256
10;Cáceres;10107 Jerte;Total;2021;1256
10;Cáceres;10107 Jerte;Total;2020;1260
10;Cáceres;10107 Jerte;Total;2019;1261
10;Cáceres;10107 Jerte;Total;2018;1266
10;Cáceres;10107 Jerte;Total;2017;1276
10;Cáceres;10107 Jerte;Total;2016;1269
10;Cáceres;10107 Jerte;Total;2015;1282
10;Cáceres;10107 Jerte;Total;2014;1289
10;Cáceres;10107 Jerte;Total;2013;1320
10;Cáceres;10107 Jerte;Total;2012;1329
10;Cáceres;10107 Jerte;Total;2011;1316
10;Cáceres;10107 Jerte;Total;2010;1324
10;Cáceres;10107 Jerte;Total;2009;1332
10;Cáceres;10107 Jerte;Total;2008;1333
10;Cáceres;10107 Jerte;Total;2007;1303
10;Cáceres;10107 Jerte;Total;2006;1302
10;Cáceres;10107 Jerte;Total;2005;1313
10;Cáceres;10107 Jerte;Total;2004;1320
10;Cáceres;10107 Jerte;Total;2003;1333
10;Cáceres;10107 Jerte;Total;2002;1327
10;Cáceres;10107 Jerte;Total;2001;1336
10;Cáceres;10107 Jerte;Total;2000;1302
10;Cáceres;10107 Jerte;Total;1999;1377
10;Cáceres;10107 Jerte;Total;1998;1377
10;Cáceres;10107 Jerte;Total;1997;
10;Cáceres;10107 Jerte;Total;1996;1372
10;Cáceres;10107 Jerte;Hombres;2023;616
10;Cáceres;10107 Jerte;Hombres;2022;624
10;Cáceres;10107 Jerte;Hombres;2021;624
10;Cáceres;10107 Jerte;Hombres;2020;624
10;Cáceres;10107 Jerte;Hombres;2019;623
10;Cáceres;10107 Jerte;Hombres;2018;636
10;Cáceres;10107 Jerte;Hombres;2017;639
10;Cáceres;10107 Jerte;Hombres;2016;646
10;Cáceres;10107 Jerte;Hombres;2015;650
10;Cáceres;10107 Jerte;Hombres;2014;659
10;Cáceres;10107 Jerte;Hombres;2013;677
10;Cáceres;10107 Jerte;Hombres;2012;676
10;Cáceres;10107 Jerte;Hombres;2011;665
10;Cáceres;10107 Jerte;Hombres;2010;677
10;Cáceres;10107 Jerte;Hombres;2009;686
10;Cáceres;10107 Jerte;Hombres;2008;692
10;Cáceres;10107 Jerte;Hombres;2007;665
10;Cáceres;10107 Jerte;Hombres;2006;661
10;Cáceres;10107 Jerte;Hombres;2005;662
10;Cáceres;10107 Jerte;Hombres;2004;675
10;Cáceres;10107 Jerte;Hombres;2003;685
10;Cáceres;10107 Jerte;Hombres;2002;692
10;Cáceres;10107 Jerte;Hombres;2001;697
10;Cáceres;10107 Jerte;Hombres;2000;682
10;Cáceres;10107 Jerte;Hombres;1999;719
10;Cáceres;10107 Jerte;Hombres;1998;719
10;Cáceres;10107 Jerte;Hombres;1997;
10;Cáceres;10107 Jerte;Hombres;1996;716
10;Cáceres;10107 Jerte;Mujeres;2023;622
10;Cáceres;10107 Jerte;Mujeres;2022;632
10;Cáceres;10107 Jerte;Mujeres;2021;632
10;Cáceres;10107 Jerte;Mujeres;2020;636
10;Cáceres;10107 Jerte;Mujeres;2019;638
10;Cáceres;10107 Jerte;Mujeres;2018;630
10;Cáceres;10107 Jerte;Mujeres;2017;637
10;Cáceres;10107 Jerte;Mujeres;2016;623
10;Cáceres;10107 Jerte;Mujeres;2015;632
10;Cáceres;10107 Jerte;Mujeres;2014;630
10;Cáceres;10107 Jerte;Mujeres;2013;643
10;Cáceres;10107 Jerte;Mujeres;2012;653
10;Cáceres;10107 Jerte;Mujeres;2011;651
10;Cáceres;10107 Jerte;Mujeres;2010;647
10;Cáceres;10107 Jerte;Mujeres;2009;646
10;Cáceres;10107 Jerte;Mujeres;2008;641
10;Cáceres;10107 Jerte;Mujeres;2007;638
10;Cáceres;10107 Jerte;Mujeres;2006;641
10;Cáceres;10107 Jerte;Mujeres;2005;651
10;Cáceres;10107 Jerte;Mujeres;2004;645
10;Cáceres;10107 Jerte;Mujeres;2003;648
10;Cáceres;10107 Jerte;Mujeres;2002;635
10;Cáceres;10107 Jerte;Mujeres;2001;639
10;Cáceres;10107 Jerte;Mujeres;2000;620
10;Cáceres;10107 Jerte;Mujeres;1999;658
10;Cáceres;10107 Jerte;Mujeres;1998;658
10;Cáceres;10107 Jerte;Mujeres;1997;
10;Cáceres;10107 Jerte;Mujeres;1996;656
10;Cáceres;10108 Ladrillar;Total;2023;191
10;Cáceres;10108 Ladrillar;Total;2022;184
10;Cáceres;10108 Ladrillar;Total;2021;185
10;Cáceres;10108 Ladrillar;Total;2020;192
10;Cáceres;10108 Ladrillar;Total;2019;201
10;Cáceres;10108 Ladrillar;Total;2018;201
10;Cáceres;10108 Ladrillar;Total;2017;209
10;Cáceres;10108 Ladrillar;Total;2016;217
10;Cáceres;10108 Ladrillar;Total;2015;222
10;Cáceres;10108 Ladrillar;Total;2014;197
10;Cáceres;10108 Ladrillar;Total;2013;193
10;Cáceres;10108 Ladrillar;Total;2012;204
10;Cáceres;10108 Ladrillar;Total;2011;210
10;Cáceres;10108 Ladrillar;Total;2010;225
10;Cáceres;10108 Ladrillar;Total;2009;228
10;Cáceres;10108 Ladrillar;Total;2008;224
10;Cáceres;10108 Ladrillar;Total;2007;234
10;Cáceres;10108 Ladrillar;Total;2006;249
10;Cáceres;10108 Ladrillar;Total;2005;265
10;Cáceres;10108 Ladrillar;Total;2004;275
10;Cáceres;10108 Ladrillar;Total;2003;280
10;Cáceres;10108 Ladrillar;Total;2002;298
10;Cáceres;10108 Ladrillar;Total;2001;307
10;Cáceres;10108 Ladrillar;Total;2000;314
10;Cáceres;10108 Ladrillar;Total;1999;335
10;Cáceres;10108 Ladrillar;Total;1998;327
10;Cáceres;10108 Ladrillar;Total;1997;
10;Cáceres;10108 Ladrillar;Total;1996;384
10;Cáceres;10108 Ladrillar;Hombres;2023;113
10;Cáceres;10108 Ladrillar;Hombres;2022;105
10;Cáceres;10108 Ladrillar;Hombres;2021;108
10;Cáceres;10108 Ladrillar;Hombres;2020;110
10;Cáceres;10108 Ladrillar;Hombres;2019;109
10;Cáceres;10108 Ladrillar;Hombres;2018;106
10;Cáceres;10108 Ladrillar;Hombres;2017;110
10;Cáceres;10108 Ladrillar;Hombres;2016;115
10;Cáceres;10108 Ladrillar;Hombres;2015;117
10;Cáceres;10108 Ladrillar;Hombres;2014;107
10;Cáceres;10108 Ladrillar;Hombres;2013;105
10;Cáceres;10108 Ladrillar;Hombres;2012;109
10;Cáceres;10108 Ladrillar;Hombres;2011;112
10;Cáceres;10108 Ladrillar;Hombres;2010;116
10;Cáceres;10108 Ladrillar;Hombres;2009;121
10;Cáceres;10108 Ladrillar;Hombres;2008;120
10;Cáceres;10108 Ladrillar;Hombres;2007;126
10;Cáceres;10108 Ladrillar;Hombres;2006;132
10;Cáceres;10108 Ladrillar;Hombres;2005;142
10;Cáceres;10108 Ladrillar;Hombres;2004;150
10;Cáceres;10108 Ladrillar;Hombres;2003;152
10;Cáceres;10108 Ladrillar;Hombres;2002;157
10;Cáceres;10108 Ladrillar;Hombres;2001;164
10;Cáceres;10108 Ladrillar;Hombres;2000;168
10;Cáceres;10108 Ladrillar;Hombres;1999;183
10;Cáceres;10108 Ladrillar;Hombres;1998;180
10;Cáceres;10108 Ladrillar;Hombres;1997;
10;Cáceres;10108 Ladrillar;Hombres;1996;209
10;Cáceres;10108 Ladrillar;Mujeres;2023;78
10;Cáceres;10108 Ladrillar;Mujeres;2022;79
10;Cáceres;10108 Ladrillar;Mujeres;2021;77
10;Cáceres;10108 Ladrillar;Mujeres;2020;82
10;Cáceres;10108 Ladrillar;Mujeres;2019;92
10;Cáceres;10108 Ladrillar;Mujeres;2018;95
10;Cáceres;10108 Ladrillar;Mujeres;2017;99
10;Cáceres;10108 Ladrillar;Mujeres;2016;102
10;Cáceres;10108 Ladrillar;Mujeres;2015;105
10;Cáceres;10108 Ladrillar;Mujeres;2014;90
10;Cáceres;10108 Ladrillar;Mujeres;2013;88
10;Cáceres;10108 Ladrillar;Mujeres;2012;95
10;Cáceres;10108 Ladrillar;Mujeres;2011;98
10;Cáceres;10108 Ladrillar;Mujeres;2010;109
10;Cáceres;10108 Ladrillar;Mujeres;2009;107
10;Cáceres;10108 Ladrillar;Mujeres;2008;104
10;Cáceres;10108 Ladrillar;Mujeres;2007;108
10;Cáceres;10108 Ladrillar;Mujeres;2006;117
10;Cáceres;10108 Ladrillar;Mujeres;2005;123
10;Cáceres;10108 Ladrillar;Mujeres;2004;125
10;Cáceres;10108 Ladrillar;Mujeres;2003;128
10;Cáceres;10108 Ladrillar;Mujeres;2002;141
10;Cáceres;10108 Ladrillar;Mujeres;2001;143
10;Cáceres;10108 Ladrillar;Mujeres;2000;146
10;Cáceres;10108 Ladrillar;Mujeres;1999;152
10;Cáceres;10108 Ladrillar;Mujeres;1998;147
10;Cáceres;10108 Ladrillar;Mujeres;1997;
10;Cáceres;10108 Ladrillar;Mujeres;1996;175
10;Cáceres;10109 Logrosán;Total;2023;1913
10;Cáceres;10109 Logrosán;Total;2022;1936
10;Cáceres;10109 Logrosán;Total;2021;1944
10;Cáceres;10109 Logrosán;Total;2020;1971
10;Cáceres;10109 Logrosán;Total;2019;1994
10;Cáceres;10109 Logrosán;Total;2018;2007
10;Cáceres;10109 Logrosán;Total;2017;2025
10;Cáceres;10109 Logrosán;Total;2016;2045
10;Cáceres;10109 Logrosán;Total;2015;2068
10;Cáceres;10109 Logrosán;Total;2014;2119
10;Cáceres;10109 Logrosán;Total;2013;2110
10;Cáceres;10109 Logrosán;Total;2012;2089
10;Cáceres;10109 Logrosán;Total;2011;2080
10;Cáceres;10109 Logrosán;Total;2010;2094
10;Cáceres;10109 Logrosán;Total;2009;2090
10;Cáceres;10109 Logrosán;Total;2008;2139
10;Cáceres;10109 Logrosán;Total;2007;2189
10;Cáceres;10109 Logrosán;Total;2006;2227
10;Cáceres;10109 Logrosán;Total;2005;2219
10;Cáceres;10109 Logrosán;Total;2004;2239
10;Cáceres;10109 Logrosán;Total;2003;2277
10;Cáceres;10109 Logrosán;Total;2002;2386
10;Cáceres;10109 Logrosán;Total;2001;2437
10;Cáceres;10109 Logrosán;Total;2000;2492
10;Cáceres;10109 Logrosán;Total;1999;2593
10;Cáceres;10109 Logrosán;Total;1998;2629
10;Cáceres;10109 Logrosán;Total;1997;
10;Cáceres;10109 Logrosán;Total;1996;2618
10;Cáceres;10109 Logrosán;Hombres;2023;983
10;Cáceres;10109 Logrosán;Hombres;2022;985
10;Cáceres;10109 Logrosán;Hombres;2021;990
10;Cáceres;10109 Logrosán;Hombres;2020;1003
10;Cáceres;10109 Logrosán;Hombres;2019;1006
10;Cáceres;10109 Logrosán;Hombres;2018;1008
10;Cáceres;10109 Logrosán;Hombres;2017;1022
10;Cáceres;10109 Logrosán;Hombres;2016;1030
10;Cáceres;10109 Logrosán;Hombres;2015;1047
10;Cáceres;10109 Logrosán;Hombres;2014;1077
10;Cáceres;10109 Logrosán;Hombres;2013;1069
10;Cáceres;10109 Logrosán;Hombres;2012;1067
10;Cáceres;10109 Logrosán;Hombres;2011;1055
10;Cáceres;10109 Logrosán;Hombres;2010;1073
10;Cáceres;10109 Logrosán;Hombres;2009;1072
10;Cáceres;10109 Logrosán;Hombres;2008;1104
10;Cáceres;10109 Logrosán;Hombres;2007;1130
10;Cáceres;10109 Logrosán;Hombres;2006;1147
10;Cáceres;10109 Logrosán;Hombres;2005;1142
10;Cáceres;10109 Logrosán;Hombres;2004;1154
10;Cáceres;10109 Logrosán;Hombres;2003;1173
10;Cáceres;10109 Logrosán;Hombres;2002;1228
10;Cáceres;10109 Logrosán;Hombres;2001;1239
10;Cáceres;10109 Logrosán;Hombres;2000;1270
10;Cáceres;10109 Logrosán;Hombres;1999;1320
10;Cáceres;10109 Logrosán;Hombres;1998;1332
10;Cáceres;10109 Logrosán;Hombres;1997;
10;Cáceres;10109 Logrosán;Hombres;1996;1319
10;Cáceres;10109 Logrosán;Mujeres;2023;930
10;Cáceres;10109 Logrosán;Mujeres;2022;951
10;Cáceres;10109 Logrosán;Mujeres;2021;954
10;Cáceres;10109 Logrosán;Mujeres;2020;968
10;Cáceres;10109 Logrosán;Mujeres;2019;988
10;Cáceres;10109 Logrosán;Mujeres;2018;999
10;Cáceres;10109 Logrosán;Mujeres;2017;1003
10;Cáceres;10109 Logrosán;Mujeres;2016;1015
10;Cáceres;10109 Logrosán;Mujeres;2015;1021
10;Cáceres;10109 Logrosán;Mujeres;2014;1042
10;Cáceres;10109 Logrosán;Mujeres;2013;1041
10;Cáceres;10109 Logrosán;Mujeres;2012;1022
10;Cáceres;10109 Logrosán;Mujeres;2011;1025
10;Cáceres;10109 Logrosán;Mujeres;2010;1021
10;Cáceres;10109 Logrosán;Mujeres;2009;1018
10;Cáceres;10109 Logrosán;Mujeres;2008;1035
10;Cáceres;10109 Logrosán;Mujeres;2007;1059
10;Cáceres;10109 Logrosán;Mujeres;2006;1080
10;Cáceres;10109 Logrosán;Mujeres;2005;1077
10;Cáceres;10109 Logrosán;Mujeres;2004;1085
10;Cáceres;10109 Logrosán;Mujeres;2003;1104
10;Cáceres;10109 Logrosán;Mujeres;2002;1158
10;Cáceres;10109 Logrosán;Mujeres;2001;1198
10;Cáceres;10109 Logrosán;Mujeres;2000;1222
10;Cáceres;10109 Logrosán;Mujeres;1999;1273
10;Cáceres;10109 Logrosán;Mujeres;1998;1297
10;Cáceres;10109 Logrosán;Mujeres;1997;
10;Cáceres;10109 Logrosán;Mujeres;1996;1299
10;Cáceres;10110 Losar de la Vera;Total;2023;2718
10;Cáceres;10110 Losar de la Vera;Total;2022;2653
10;Cáceres;10110 Losar de la Vera;Total;2021;2658
10;Cáceres;10110 Losar de la Vera;Total;2020;2717
10;Cáceres;10110 Losar de la Vera;Total;2019;2699
10;Cáceres;10110 Losar de la Vera;Total;2018;2749
10;Cáceres;10110 Losar de la Vera;Total;2017;2792
10;Cáceres;10110 Losar de la Vera;Total;2016;2813
10;Cáceres;10110 Losar de la Vera;Total;2015;2833
10;Cáceres;10110 Losar de la Vera;Total;2014;2846
10;Cáceres;10110 Losar de la Vera;Total;2013;2855
10;Cáceres;10110 Losar de la Vera;Total;2012;2841
10;Cáceres;10110 Losar de la Vera;Total;2011;2910
10;Cáceres;10110 Losar de la Vera;Total;2010;2973
10;Cáceres;10110 Losar de la Vera;Total;2009;2966
10;Cáceres;10110 Losar de la Vera;Total;2008;2988
10;Cáceres;10110 Losar de la Vera;Total;2007;2999
10;Cáceres;10110 Losar de la Vera;Total;2006;3026
10;Cáceres;10110 Losar de la Vera;Total;2005;3144
10;Cáceres;10110 Losar de la Vera;Total;2004;3154
10;Cáceres;10110 Losar de la Vera;Total;2003;3176
10;Cáceres;10110 Losar de la Vera;Total;2002;3198
10;Cáceres;10110 Losar de la Vera;Total;2001;3203
10;Cáceres;10110 Losar de la Vera;Total;2000;3094
10;Cáceres;10110 Losar de la Vera;Total;1999;3007
10;Cáceres;10110 Losar de la Vera;Total;1998;3007
10;Cáceres;10110 Losar de la Vera;Total;1997;
10;Cáceres;10110 Losar de la Vera;Total;1996;3114
10;Cáceres;10110 Losar de la Vera;Hombres;2023;1367
10;Cáceres;10110 Losar de la Vera;Hombres;2022;1345
10;Cáceres;10110 Losar de la Vera;Hombres;2021;1359
10;Cáceres;10110 Losar de la Vera;Hombres;2020;1391
10;Cáceres;10110 Losar de la Vera;Hombres;2019;1380
10;Cáceres;10110 Losar de la Vera;Hombres;2018;1420
10;Cáceres;10110 Losar de la Vera;Hombres;2017;1442
10;Cáceres;10110 Losar de la Vera;Hombres;2016;1443
10;Cáceres;10110 Losar de la Vera;Hombres;2015;1456
10;Cáceres;10110 Losar de la Vera;Hombres;2014;1466
10;Cáceres;10110 Losar de la Vera;Hombres;2013;1464
10;Cáceres;10110 Losar de la Vera;Hombres;2012;1451
10;Cáceres;10110 Losar de la Vera;Hombres;2011;1480
10;Cáceres;10110 Losar de la Vera;Hombres;2010;1514
10;Cáceres;10110 Losar de la Vera;Hombres;2009;1535
10;Cáceres;10110 Losar de la Vera;Hombres;2008;1555
10;Cáceres;10110 Losar de la Vera;Hombres;2007;1554
10;Cáceres;10110 Losar de la Vera;Hombres;2006;1577
10;Cáceres;10110 Losar de la Vera;Hombres;2005;1649
10;Cáceres;10110 Losar de la Vera;Hombres;2004;1657
10;Cáceres;10110 Losar de la Vera;Hombres;2003;1675
10;Cáceres;10110 Losar de la Vera;Hombres;2002;1691
10;Cáceres;10110 Losar de la Vera;Hombres;2001;1701
10;Cáceres;10110 Losar de la Vera;Hombres;2000;1618
10;Cáceres;10110 Losar de la Vera;Hombres;1999;1514
10;Cáceres;10110 Losar de la Vera;Hombres;1998;1514
10;Cáceres;10110 Losar de la Vera;Hombres;1997;
10;Cáceres;10110 Losar de la Vera;Hombres;1996;1589
10;Cáceres;10110 Losar de la Vera;Mujeres;2023;1351
10;Cáceres;10110 Losar de la Vera;Mujeres;2022;1308
10;Cáceres;10110 Losar de la Vera;Mujeres;2021;1299
10;Cáceres;10110 Losar de la Vera;Mujeres;2020;1326
10;Cáceres;10110 Losar de la Vera;Mujeres;2019;1319
10;Cáceres;10110 Losar de la Vera;Mujeres;2018;1329
10;Cáceres;10110 Losar de la Vera;Mujeres;2017;1350
10;Cáceres;10110 Losar de la Vera;Mujeres;2016;1370
10;Cáceres;10110 Losar de la Vera;Mujeres;2015;1377
10;Cáceres;10110 Losar de la Vera;Mujeres;2014;1380
10;Cáceres;10110 Losar de la Vera;Mujeres;2013;1391
10;Cáceres;10110 Losar de la Vera;Mujeres;2012;1390
10;Cáceres;10110 Losar de la Vera;Mujeres;2011;1430
10;Cáceres;10110 Losar de la Vera;Mujeres;2010;1459
10;Cáceres;10110 Losar de la Vera;Mujeres;2009;1431
10;Cáceres;10110 Losar de la Vera;Mujeres;2008;1433
10;Cáceres;10110 Losar de la Vera;Mujeres;2007;1445
10;Cáceres;10110 Losar de la Vera;Mujeres;2006;1449
10;Cáceres;10110 Losar de la Vera;Mujeres;2005;1495
10;Cáceres;10110 Losar de la Vera;Mujeres;2004;1497
10;Cáceres;10110 Losar de la Vera;Mujeres;2003;1501
10;Cáceres;10110 Losar de la Vera;Mujeres;2002;1507
10;Cáceres;10110 Losar de la Vera;Mujeres;2001;1502
10;Cáceres;10110 Losar de la Vera;Mujeres;2000;1476
10;Cáceres;10110 Losar de la Vera;Mujeres;1999;1493
10;Cáceres;10110 Losar de la Vera;Mujeres;1998;1493
10;Cáceres;10110 Losar de la Vera;Mujeres;1997;
10;Cáceres;10110 Losar de la Vera;Mujeres;1996;1525
10;Cáceres;10111 Madrigal de la Vera;Total;2023;1542
10;Cáceres;10111 Madrigal de la Vera;Total;2022;1543
10;Cáceres;10111 Madrigal de la Vera;Total;2021;1566
10;Cáceres;10111 Madrigal de la Vera;Total;2020;1561
10;Cáceres;10111 Madrigal de la Vera;Total;2019;1579
10;Cáceres;10111 Madrigal de la Vera;Total;2018;1595
10;Cáceres;10111 Madrigal de la Vera;Total;2017;1603
10;Cáceres;10111 Madrigal de la Vera;Total;2016;1614
10;Cáceres;10111 Madrigal de la Vera;Total;2015;1705
10;Cáceres;10111 Madrigal de la Vera;Total;2014;1751
10;Cáceres;10111 Madrigal de la Vera;Total;2013;1757
10;Cáceres;10111 Madrigal de la Vera;Total;2012;1801
10;Cáceres;10111 Madrigal de la Vera;Total;2011;1815
10;Cáceres;10111 Madrigal de la Vera;Total;2010;1806
10;Cáceres;10111 Madrigal de la Vera;Total;2009;1819
10;Cáceres;10111 Madrigal de la Vera;Total;2008;1824
10;Cáceres;10111 Madrigal de la Vera;Total;2007;1763
10;Cáceres;10111 Madrigal de la Vera;Total;2006;1742
10;Cáceres;10111 Madrigal de la Vera;Total;2005;1734
10;Cáceres;10111 Madrigal de la Vera;Total;2004;1733
10;Cáceres;10111 Madrigal de la Vera;Total;2003;1745
10;Cáceres;10111 Madrigal de la Vera;Total;2002;1794
10;Cáceres;10111 Madrigal de la Vera;Total;2001;1803
10;Cáceres;10111 Madrigal de la Vera;Total;2000;1677
10;Cáceres;10111 Madrigal de la Vera;Total;1999;1686
10;Cáceres;10111 Madrigal de la Vera;Total;1998;1521
10;Cáceres;10111 Madrigal de la Vera;Total;1997;
10;Cáceres;10111 Madrigal de la Vera;Total;1996;1836
10;Cáceres;10111 Madrigal de la Vera;Hombres;2023;809
10;Cáceres;10111 Madrigal de la Vera;Hombres;2022;808
10;Cáceres;10111 Madrigal de la Vera;Hombres;2021;819
10;Cáceres;10111 Madrigal de la Vera;Hombres;2020;812
10;Cáceres;10111 Madrigal de la Vera;Hombres;2019;818
10;Cáceres;10111 Madrigal de la Vera;Hombres;2018;836
10;Cáceres;10111 Madrigal de la Vera;Hombres;2017;835
10;Cáceres;10111 Madrigal de la Vera;Hombres;2016;849
10;Cáceres;10111 Madrigal de la Vera;Hombres;2015;891
10;Cáceres;10111 Madrigal de la Vera;Hombres;2014;917
10;Cáceres;10111 Madrigal de la Vera;Hombres;2013;925
10;Cáceres;10111 Madrigal de la Vera;Hombres;2012;946
10;Cáceres;10111 Madrigal de la Vera;Hombres;2011;950
10;Cáceres;10111 Madrigal de la Vera;Hombres;2010;956
10;Cáceres;10111 Madrigal de la Vera;Hombres;2009;956
10;Cáceres;10111 Madrigal de la Vera;Hombres;2008;954
10;Cáceres;10111 Madrigal de la Vera;Hombres;2007;930
10;Cáceres;10111 Madrigal de la Vera;Hombres;2006;914
10;Cáceres;10111 Madrigal de la Vera;Hombres;2005;909
10;Cáceres;10111 Madrigal de la Vera;Hombres;2004;906
10;Cáceres;10111 Madrigal de la Vera;Hombres;2003;908
10;Cáceres;10111 Madrigal de la Vera;Hombres;2002;936
10;Cáceres;10111 Madrigal de la Vera;Hombres;2001;940
10;Cáceres;10111 Madrigal de la Vera;Hombres;2000;878
10;Cáceres;10111 Madrigal de la Vera;Hombres;1999;888
10;Cáceres;10111 Madrigal de la Vera;Hombres;1998;872
10;Cáceres;10111 Madrigal de la Vera;Hombres;1997;
10;Cáceres;10111 Madrigal de la Vera;Hombres;1996;951
10;Cáceres;10111 Madrigal de la Vera;Mujeres;2023;733
10;Cáceres;10111 Madrigal de la Vera;Mujeres;2022;735
10;Cáceres;10111 Madrigal de la Vera;Mujeres;2021;747
10;Cáceres;10111 Madrigal de la Vera;Mujeres;2020;749
10;Cáceres;10111 Madrigal de la Vera;Mujeres;2019;761
10;Cáceres;10111 Madrigal de la Vera;Mujeres;2018;759
10;Cáceres;10111 Madrigal de la Vera;Mujeres;2017;768
10;Cáceres;10111 Madrigal de la Vera;Mujeres;2016;765
10;Cáceres;10111 Madrigal de la Vera;Mujeres;2015;814
10;Cáceres;10111 Madrigal de la Vera;Mujeres;2014;834
10;Cáceres;10111 Madrigal de la Vera;Mujeres;2013;832
10;Cáceres;10111 Madrigal de la Vera;Mujeres;2012;855
10;Cáceres;10111 Madrigal de la Vera;Mujeres;2011;865
10;Cáceres;10111 Madrigal de la Vera;Mujeres;2010;850
10;Cáceres;10111 Madrigal de la Vera;Mujeres;2009;863
10;Cáceres;10111 Madrigal de la Vera;Mujeres;2008;870
10;Cáceres;10111 Madrigal de la Vera;Mujeres;2007;833
10;Cáceres;10111 Madrigal de la Vera;Mujeres;2006;828
10;Cáceres;10111 Madrigal de la Vera;Mujeres;2005;825
10;Cáceres;10111 Madrigal de la Vera;Mujeres;2004;827
10;Cáceres;10111 Madrigal de la Vera;Mujeres;2003;837
10;Cáceres;10111 Madrigal de la Vera;Mujeres;2002;858
10;Cáceres;10111 Madrigal de la Vera;Mujeres;2001;863
10;Cáceres;10111 Madrigal de la Vera;Mujeres;2000;799
10;Cáceres;10111 Madrigal de la Vera;Mujeres;1999;798
10;Cáceres;10111 Madrigal de la Vera;Mujeres;1998;649
10;Cáceres;10111 Madrigal de la Vera;Mujeres;1997;
10;Cáceres;10111 Madrigal de la Vera;Mujeres;1996;885
10;Cáceres;10112 Madrigalejo;Total;2023;1712
10;Cáceres;10112 Madrigalejo;Total;2022;1712
10;Cáceres;10112 Madrigalejo;Total;2021;1694
10;Cáceres;10112 Madrigalejo;Total;2020;1712
10;Cáceres;10112 Madrigalejo;Total;2019;1751
10;Cáceres;10112 Madrigalejo;Total;2018;1759
10;Cáceres;10112 Madrigalejo;Total;2017;1808
10;Cáceres;10112 Madrigalejo;Total;2016;1842
10;Cáceres;10112 Madrigalejo;Total;2015;1855
10;Cáceres;10112 Madrigalejo;Total;2014;1862
10;Cáceres;10112 Madrigalejo;Total;2013;1876
10;Cáceres;10112 Madrigalejo;Total;2012;1870
10;Cáceres;10112 Madrigalejo;Total;2011;1890
10;Cáceres;10112 Madrigalejo;Total;2010;1932
10;Cáceres;10112 Madrigalejo;Total;2009;1953
10;Cáceres;10112 Madrigalejo;Total;2008;1993
10;Cáceres;10112 Madrigalejo;Total;2007;2022
10;Cáceres;10112 Madrigalejo;Total;2006;2075
10;Cáceres;10112 Madrigalejo;Total;2005;2077
10;Cáceres;10112 Madrigalejo;Total;2004;2102
10;Cáceres;10112 Madrigalejo;Total;2003;2109
10;Cáceres;10112 Madrigalejo;Total;2002;2122
10;Cáceres;10112 Madrigalejo;Total;2001;2176
10;Cáceres;10112 Madrigalejo;Total;2000;2237
10;Cáceres;10112 Madrigalejo;Total;1999;2357
10;Cáceres;10112 Madrigalejo;Total;1998;2247
10;Cáceres;10112 Madrigalejo;Total;1997;
10;Cáceres;10112 Madrigalejo;Total;1996;2317
10;Cáceres;10112 Madrigalejo;Hombres;2023;861
10;Cáceres;10112 Madrigalejo;Hombres;2022;873
10;Cáceres;10112 Madrigalejo;Hombres;2021;860
10;Cáceres;10112 Madrigalejo;Hombres;2020;865
10;Cáceres;10112 Madrigalejo;Hombres;2019;881
10;Cáceres;10112 Madrigalejo;Hombres;2018;875
10;Cáceres;10112 Madrigalejo;Hombres;2017;903
10;Cáceres;10112 Madrigalejo;Hombres;2016;916
10;Cáceres;10112 Madrigalejo;Hombres;2015;930
10;Cáceres;10112 Madrigalejo;Hombres;2014;930
10;Cáceres;10112 Madrigalejo;Hombres;2013;928
10;Cáceres;10112 Madrigalejo;Hombres;2012;929
10;Cáceres;10112 Madrigalejo;Hombres;2011;932
10;Cáceres;10112 Madrigalejo;Hombres;2010;963
10;Cáceres;10112 Madrigalejo;Hombres;2009;977
10;Cáceres;10112 Madrigalejo;Hombres;2008;996
10;Cáceres;10112 Madrigalejo;Hombres;2007;1009
10;Cáceres;10112 Madrigalejo;Hombres;2006;1040
10;Cáceres;10112 Madrigalejo;Hombres;2005;1045
10;Cáceres;10112 Madrigalejo;Hombres;2004;1056
10;Cáceres;10112 Madrigalejo;Hombres;2003;1043
10;Cáceres;10112 Madrigalejo;Hombres;2002;1042
10;Cáceres;10112 Madrigalejo;Hombres;2001;1071
10;Cáceres;10112 Madrigalejo;Hombres;2000;1101
10;Cáceres;10112 Madrigalejo;Hombres;1999;1170
10;Cáceres;10112 Madrigalejo;Hombres;1998;1105
10;Cáceres;10112 Madrigalejo;Hombres;1997;
10;Cáceres;10112 Madrigalejo;Hombres;1996;1139
10;Cáceres;10112 Madrigalejo;Mujeres;2023;851
10;Cáceres;10112 Madrigalejo;Mujeres;2022;839
10;Cáceres;10112 Madrigalejo;Mujeres;2021;834
10;Cáceres;10112 Madrigalejo;Mujeres;2020;847
10;Cáceres;10112 Madrigalejo;Mujeres;2019;870
10;Cáceres;10112 Madrigalejo;Mujeres;2018;884
10;Cáceres;10112 Madrigalejo;Mujeres;2017;905
10;Cáceres;10112 Madrigalejo;Mujeres;2016;926
10;Cáceres;10112 Madrigalejo;Mujeres;2015;925
10;Cáceres;10112 Madrigalejo;Mujeres;2014;932
10;Cáceres;10112 Madrigalejo;Mujeres;2013;948
10;Cáceres;10112 Madrigalejo;Mujeres;2012;941
10;Cáceres;10112 Madrigalejo;Mujeres;2011;958
10;Cáceres;10112 Madrigalejo;Mujeres;2010;969
10;Cáceres;10112 Madrigalejo;Mujeres;2009;976
10;Cáceres;10112 Madrigalejo;Mujeres;2008;997
10;Cáceres;10112 Madrigalejo;Mujeres;2007;1013
10;Cáceres;10112 Madrigalejo;Mujeres;2006;1035
10;Cáceres;10112 Madrigalejo;Mujeres;2005;1032
10;Cáceres;10112 Madrigalejo;Mujeres;2004;1046
10;Cáceres;10112 Madrigalejo;Mujeres;2003;1066
10;Cáceres;10112 Madrigalejo;Mujeres;2002;1080
10;Cáceres;10112 Madrigalejo;Mujeres;2001;1105
10;Cáceres;10112 Madrigalejo;Mujeres;2000;1136
10;Cáceres;10112 Madrigalejo;Mujeres;1999;1187
10;Cáceres;10112 Madrigalejo;Mujeres;1998;1142
10;Cáceres;10112 Madrigalejo;Mujeres;1997;
10;Cáceres;10112 Madrigalejo;Mujeres;1996;1178
10;Cáceres;10113 Madroñera;Total;2023;2357
10;Cáceres;10113 Madroñera;Total;2022;2383
10;Cáceres;10113 Madroñera;Total;2021;2446
10;Cáceres;10113 Madroñera;Total;2020;2496
10;Cáceres;10113 Madroñera;Total;2019;2533
10;Cáceres;10113 Madroñera;Total;2018;2595
10;Cáceres;10113 Madroñera;Total;2017;2631
10;Cáceres;10113 Madroñera;Total;2016;2680
10;Cáceres;10113 Madroñera;Total;2015;2695
10;Cáceres;10113 Madroñera;Total;2014;2749
10;Cáceres;10113 Madroñera;Total;2013;2790
10;Cáceres;10113 Madroñera;Total;2012;2901
10;Cáceres;10113 Madroñera;Total;2011;2847
10;Cáceres;10113 Madroñera;Total;2010;2874
10;Cáceres;10113 Madroñera;Total;2009;2916
10;Cáceres;10113 Madroñera;Total;2008;2965
10;Cáceres;10113 Madroñera;Total;2007;2893
10;Cáceres;10113 Madroñera;Total;2006;2910
10;Cáceres;10113 Madroñera;Total;2005;2952
10;Cáceres;10113 Madroñera;Total;2004;2998
10;Cáceres;10113 Madroñera;Total;2003;3081
10;Cáceres;10113 Madroñera;Total;2002;3127
10;Cáceres;10113 Madroñera;Total;2001;3163
10;Cáceres;10113 Madroñera;Total;2000;3127
10;Cáceres;10113 Madroñera;Total;1999;3122
10;Cáceres;10113 Madroñera;Total;1998;3165
10;Cáceres;10113 Madroñera;Total;1997;
10;Cáceres;10113 Madroñera;Total;1996;3200
10;Cáceres;10113 Madroñera;Hombres;2023;1177
10;Cáceres;10113 Madroñera;Hombres;2022;1191
10;Cáceres;10113 Madroñera;Hombres;2021;1227
10;Cáceres;10113 Madroñera;Hombres;2020;1248
10;Cáceres;10113 Madroñera;Hombres;2019;1256
10;Cáceres;10113 Madroñera;Hombres;2018;1290
10;Cáceres;10113 Madroñera;Hombres;2017;1319
10;Cáceres;10113 Madroñera;Hombres;2016;1334
10;Cáceres;10113 Madroñera;Hombres;2015;1345
10;Cáceres;10113 Madroñera;Hombres;2014;1357
10;Cáceres;10113 Madroñera;Hombres;2013;1382
10;Cáceres;10113 Madroñera;Hombres;2012;1440
10;Cáceres;10113 Madroñera;Hombres;2011;1415
10;Cáceres;10113 Madroñera;Hombres;2010;1426
10;Cáceres;10113 Madroñera;Hombres;2009;1457
10;Cáceres;10113 Madroñera;Hombres;2008;1484
10;Cáceres;10113 Madroñera;Hombres;2007;1451
10;Cáceres;10113 Madroñera;Hombres;2006;1448
10;Cáceres;10113 Madroñera;Hombres;2005;1469
10;Cáceres;10113 Madroñera;Hombres;2004;1492
10;Cáceres;10113 Madroñera;Hombres;2003;1542
10;Cáceres;10113 Madroñera;Hombres;2002;1554
10;Cáceres;10113 Madroñera;Hombres;2001;1574
10;Cáceres;10113 Madroñera;Hombres;2000;1565
10;Cáceres;10113 Madroñera;Hombres;1999;1562
10;Cáceres;10113 Madroñera;Hombres;1998;1584
10;Cáceres;10113 Madroñera;Hombres;1997;
10;Cáceres;10113 Madroñera;Hombres;1996;1602
10;Cáceres;10113 Madroñera;Mujeres;2023;1180
10;Cáceres;10113 Madroñera;Mujeres;2022;1192
10;Cáceres;10113 Madroñera;Mujeres;2021;1219
10;Cáceres;10113 Madroñera;Mujeres;2020;1248
10;Cáceres;10113 Madroñera;Mujeres;2019;1277
10;Cáceres;10113 Madroñera;Mujeres;2018;1305
10;Cáceres;10113 Madroñera;Mujeres;2017;1312
10;Cáceres;10113 Madroñera;Mujeres;2016;1346
10;Cáceres;10113 Madroñera;Mujeres;2015;1350
10;Cáceres;10113 Madroñera;Mujeres;2014;1392
10;Cáceres;10113 Madroñera;Mujeres;2013;1408
10;Cáceres;10113 Madroñera;Mujeres;2012;1461
10;Cáceres;10113 Madroñera;Mujeres;2011;1432
10;Cáceres;10113 Madroñera;Mujeres;2010;1448
10;Cáceres;10113 Madroñera;Mujeres;2009;1459
10;Cáceres;10113 Madroñera;Mujeres;2008;1481
10;Cáceres;10113 Madroñera;Mujeres;2007;1442
10;Cáceres;10113 Madroñera;Mujeres;2006;1462
10;Cáceres;10113 Madroñera;Mujeres;2005;1483
10;Cáceres;10113 Madroñera;Mujeres;2004;1506
10;Cáceres;10113 Madroñera;Mujeres;2003;1539
10;Cáceres;10113 Madroñera;Mujeres;2002;1573
10;Cáceres;10113 Madroñera;Mujeres;2001;1589
10;Cáceres;10113 Madroñera;Mujeres;2000;1562
10;Cáceres;10113 Madroñera;Mujeres;1999;1560
10;Cáceres;10113 Madroñera;Mujeres;1998;1581
10;Cáceres;10113 Madroñera;Mujeres;1997;
10;Cáceres;10113 Madroñera;Mujeres;1996;1598
10;Cáceres;10114 Majadas;Total;2023;1293
10;Cáceres;10114 Majadas;Total;2022;1312
10;Cáceres;10114 Majadas;Total;2021;1345
10;Cáceres;10114 Majadas;Total;2020;1322
10;Cáceres;10114 Majadas;Total;2019;1323
10;Cáceres;10114 Majadas;Total;2018;1328
10;Cáceres;10114 Majadas;Total;2017;1338
10;Cáceres;10114 Majadas;Total;2016;1341
10;Cáceres;10114 Majadas;Total;2015;1343
10;Cáceres;10114 Majadas;Total;2014;1321
10;Cáceres;10114 Majadas;Total;2013;1333
10;Cáceres;10114 Majadas;Total;2012;1352
10;Cáceres;10114 Majadas;Total;2011;1352
10;Cáceres;10114 Majadas;Total;2010;1309
10;Cáceres;10114 Majadas;Total;2009;1297
10;Cáceres;10114 Majadas;Total;2008;1294
10;Cáceres;10114 Majadas;Total;2007;1258
10;Cáceres;10114 Majadas;Total;2006;1291
10;Cáceres;10114 Majadas;Total;2005;1328
10;Cáceres;10114 Majadas;Total;2004;1311
10;Cáceres;10114 Majadas;Total;2003;1152
10;Cáceres;10114 Majadas;Total;2002;1209
10;Cáceres;10114 Majadas;Total;2001;1248
10;Cáceres;10114 Majadas;Total;2000;1255
10;Cáceres;10114 Majadas;Total;1999;1257
10;Cáceres;10114 Majadas;Total;1998;1237
10;Cáceres;10114 Majadas;Total;1997;
10;Cáceres;10114 Majadas;Total;1996;1246
10;Cáceres;10114 Majadas;Hombres;2023;649
10;Cáceres;10114 Majadas;Hombres;2022;656
10;Cáceres;10114 Majadas;Hombres;2021;677
10;Cáceres;10114 Majadas;Hombres;2020;668
10;Cáceres;10114 Majadas;Hombres;2019;664
10;Cáceres;10114 Majadas;Hombres;2018;665
10;Cáceres;10114 Majadas;Hombres;2017;671
10;Cáceres;10114 Majadas;Hombres;2016;672
10;Cáceres;10114 Majadas;Hombres;2015;670
10;Cáceres;10114 Majadas;Hombres;2014;663
10;Cáceres;10114 Majadas;Hombres;2013;672
10;Cáceres;10114 Majadas;Hombres;2012;682
10;Cáceres;10114 Majadas;Hombres;2011;681
10;Cáceres;10114 Majadas;Hombres;2010;669
10;Cáceres;10114 Majadas;Hombres;2009;657
10;Cáceres;10114 Majadas;Hombres;2008;662
10;Cáceres;10114 Majadas;Hombres;2007;650
10;Cáceres;10114 Majadas;Hombres;2006;676
10;Cáceres;10114 Majadas;Hombres;2005;695
10;Cáceres;10114 Majadas;Hombres;2004;683
10;Cáceres;10114 Majadas;Hombres;2003;623
10;Cáceres;10114 Majadas;Hombres;2002;654
10;Cáceres;10114 Majadas;Hombres;2001;678
10;Cáceres;10114 Majadas;Hombres;2000;692
10;Cáceres;10114 Majadas;Hombres;1999;691
10;Cáceres;10114 Majadas;Hombres;1998;686
10;Cáceres;10114 Majadas;Hombres;1997;
10;Cáceres;10114 Majadas;Hombres;1996;660
10;Cáceres;10114 Majadas;Mujeres;2023;644
10;Cáceres;10114 Majadas;Mujeres;2022;656
10;Cáceres;10114 Majadas;Mujeres;2021;668
10;Cáceres;10114 Majadas;Mujeres;2020;654
10;Cáceres;10114 Majadas;Mujeres;2019;659
10;Cáceres;10114 Majadas;Mujeres;2018;663
10;Cáceres;10114 Majadas;Mujeres;2017;667
10;Cáceres;10114 Majadas;Mujeres;2016;669
10;Cáceres;10114 Majadas;Mujeres;2015;673
10;Cáceres;10114 Majadas;Mujeres;2014;658
10;Cáceres;10114 Majadas;Mujeres;2013;661
10;Cáceres;10114 Majadas;Mujeres;2012;670
10;Cáceres;10114 Majadas;Mujeres;2011;671
10;Cáceres;10114 Majadas;Mujeres;2010;640
10;Cáceres;10114 Majadas;Mujeres;2009;640
10;Cáceres;10114 Majadas;Mujeres;2008;632
10;Cáceres;10114 Majadas;Mujeres;2007;608
10;Cáceres;10114 Majadas;Mujeres;2006;615
10;Cáceres;10114 Majadas;Mujeres;2005;633
10;Cáceres;10114 Majadas;Mujeres;2004;628
10;Cáceres;10114 Majadas;Mujeres;2003;529
10;Cáceres;10114 Majadas;Mujeres;2002;555
10;Cáceres;10114 Majadas;Mujeres;2001;570
10;Cáceres;10114 Majadas;Mujeres;2000;563
10;Cáceres;10114 Majadas;Mujeres;1999;566
10;Cáceres;10114 Majadas;Mujeres;1998;551
10;Cáceres;10114 Majadas;Mujeres;1997;
10;Cáceres;10114 Majadas;Mujeres;1996;586
10;Cáceres;10115 Malpartida de Cáceres;Total;2023;4086
10;Cáceres;10115 Malpartida de Cáceres;Total;2022;4074
10;Cáceres;10115 Malpartida de Cáceres;Total;2021;4060
10;Cáceres;10115 Malpartida de Cáceres;Total;2020;4076
10;Cáceres;10115 Malpartida de Cáceres;Total;2019;4122
10;Cáceres;10115 Malpartida de Cáceres;Total;2018;4156
10;Cáceres;10115 Malpartida de Cáceres;Total;2017;4192
10;Cáceres;10115 Malpartida de Cáceres;Total;2016;4268
10;Cáceres;10115 Malpartida de Cáceres;Total;2015;4337
10;Cáceres;10115 Malpartida de Cáceres;Total;2014;4357
10;Cáceres;10115 Malpartida de Cáceres;Total;2013;4395
10;Cáceres;10115 Malpartida de Cáceres;Total;2012;4456
10;Cáceres;10115 Malpartida de Cáceres;Total;2011;4398
10;Cáceres;10115 Malpartida de Cáceres;Total;2010;4433
10;Cáceres;10115 Malpartida de Cáceres;Total;2009;4469
10;Cáceres;10115 Malpartida de Cáceres;Total;2008;4461
10;Cáceres;10115 Malpartida de Cáceres;Total;2007;4445
10;Cáceres;10115 Malpartida de Cáceres;Total;2006;4426
10;Cáceres;10115 Malpartida de Cáceres;Total;2005;4381
10;Cáceres;10115 Malpartida de Cáceres;Total;2004;4368
10;Cáceres;10115 Malpartida de Cáceres;Total;2003;4371
10;Cáceres;10115 Malpartida de Cáceres;Total;2002;4412
10;Cáceres;10115 Malpartida de Cáceres;Total;2001;4360
10;Cáceres;10115 Malpartida de Cáceres;Total;2000;4338
10;Cáceres;10115 Malpartida de Cáceres;Total;1999;4361
10;Cáceres;10115 Malpartida de Cáceres;Total;1998;4361
10;Cáceres;10115 Malpartida de Cáceres;Total;1997;
10;Cáceres;10115 Malpartida de Cáceres;Total;1996;4338
10;Cáceres;10115 Malpartida de Cáceres;Hombres;2023;2040
10;Cáceres;10115 Malpartida de Cáceres;Hombres;2022;2032
10;Cáceres;10115 Malpartida de Cáceres;Hombres;2021;2023
10;Cáceres;10115 Malpartida de Cáceres;Hombres;2020;2042
10;Cáceres;10115 Malpartida de Cáceres;Hombres;2019;2079
10;Cáceres;10115 Malpartida de Cáceres;Hombres;2018;2089
10;Cáceres;10115 Malpartida de Cáceres;Hombres;2017;2106
10;Cáceres;10115 Malpartida de Cáceres;Hombres;2016;2143
10;Cáceres;10115 Malpartida de Cáceres;Hombres;2015;2168
10;Cáceres;10115 Malpartida de Cáceres;Hombres;2014;2176
10;Cáceres;10115 Malpartida de Cáceres;Hombres;2013;2197
10;Cáceres;10115 Malpartida de Cáceres;Hombres;2012;2223
10;Cáceres;10115 Malpartida de Cáceres;Hombres;2011;2208
10;Cáceres;10115 Malpartida de Cáceres;Hombres;2010;2236
10;Cáceres;10115 Malpartida de Cáceres;Hombres;2009;2248
10;Cáceres;10115 Malpartida de Cáceres;Hombres;2008;2248
10;Cáceres;10115 Malpartida de Cáceres;Hombres;2007;2255
10;Cáceres;10115 Malpartida de Cáceres;Hombres;2006;2262
10;Cáceres;10115 Malpartida de Cáceres;Hombres;2005;2234
10;Cáceres;10115 Malpartida de Cáceres;Hombres;2004;2240
10;Cáceres;10115 Malpartida de Cáceres;Hombres;2003;2213
10;Cáceres;10115 Malpartida de Cáceres;Hombres;2002;2216
10;Cáceres;10115 Malpartida de Cáceres;Hombres;2001;2183
10;Cáceres;10115 Malpartida de Cáceres;Hombres;2000;2177
10;Cáceres;10115 Malpartida de Cáceres;Hombres;1999;2189
10;Cáceres;10115 Malpartida de Cáceres;Hombres;1998;2189
10;Cáceres;10115 Malpartida de Cáceres;Hombres;1997;
10;Cáceres;10115 Malpartida de Cáceres;Hombres;1996;2178
10;Cáceres;10115 Malpartida de Cáceres;Mujeres;2023;2046
10;Cáceres;10115 Malpartida de Cáceres;Mujeres;2022;2042
10;Cáceres;10115 Malpartida de Cáceres;Mujeres;2021;2037
10;Cáceres;10115 Malpartida de Cáceres;Mujeres;2020;2034
10;Cáceres;10115 Malpartida de Cáceres;Mujeres;2019;2043
10;Cáceres;10115 Malpartida de Cáceres;Mujeres;2018;2067
10;Cáceres;10115 Malpartida de Cáceres;Mujeres;2017;2086
10;Cáceres;10115 Malpartida de Cáceres;Mujeres;2016;2125
10;Cáceres;10115 Malpartida de Cáceres;Mujeres;2015;2169
10;Cáceres;10115 Malpartida de Cáceres;Mujeres;2014;2181
10;Cáceres;10115 Malpartida de Cáceres;Mujeres;2013;2198
10;Cáceres;10115 Malpartida de Cáceres;Mujeres;2012;2233
10;Cáceres;10115 Malpartida de Cáceres;Mujeres;2011;2190
10;Cáceres;10115 Malpartida de Cáceres;Mujeres;2010;2197
10;Cáceres;10115 Malpartida de Cáceres;Mujeres;2009;2221
10;Cáceres;10115 Malpartida de Cáceres;Mujeres;2008;2213
10;Cáceres;10115 Malpartida de Cáceres;Mujeres;2007;2190
10;Cáceres;10115 Malpartida de Cáceres;Mujeres;2006;2164
10;Cáceres;10115 Malpartida de Cáceres;Mujeres;2005;2147
10;Cáceres;10115 Malpartida de Cáceres;Mujeres;2004;2128
10;Cáceres;10115 Malpartida de Cáceres;Mujeres;2003;2158
10;Cáceres;10115 Malpartida de Cáceres;Mujeres;2002;2196
10;Cáceres;10115 Malpartida de Cáceres;Mujeres;2001;2177
10;Cáceres;10115 Malpartida de Cáceres;Mujeres;2000;2161
10;Cáceres;10115 Malpartida de Cáceres;Mujeres;1999;2172
10;Cáceres;10115 Malpartida de Cáceres;Mujeres;1998;2172
10;Cáceres;10115 Malpartida de Cáceres;Mujeres;1997;
10;Cáceres;10115 Malpartida de Cáceres;Mujeres;1996;2160
10;Cáceres;10116 Malpartida de Plasencia;Total;2023;4618
10;Cáceres;10116 Malpartida de Plasencia;Total;2022;4635
10;Cáceres;10116 Malpartida de Plasencia;Total;2021;4637
10;Cáceres;10116 Malpartida de Plasencia;Total;2020;4602
10;Cáceres;10116 Malpartida de Plasencia;Total;2019;4602
10;Cáceres;10116 Malpartida de Plasencia;Total;2018;4602
10;Cáceres;10116 Malpartida de Plasencia;Total;2017;4609
10;Cáceres;10116 Malpartida de Plasencia;Total;2016;4673
10;Cáceres;10116 Malpartida de Plasencia;Total;2015;4714
10;Cáceres;10116 Malpartida de Plasencia;Total;2014;4707
10;Cáceres;10116 Malpartida de Plasencia;Total;2013;4725
10;Cáceres;10116 Malpartida de Plasencia;Total;2012;4782
10;Cáceres;10116 Malpartida de Plasencia;Total;2011;4716
10;Cáceres;10116 Malpartida de Plasencia;Total;2010;4696
10;Cáceres;10116 Malpartida de Plasencia;Total;2009;4627
10;Cáceres;10116 Malpartida de Plasencia;Total;2008;4555
10;Cáceres;10116 Malpartida de Plasencia;Total;2007;4518
10;Cáceres;10116 Malpartida de Plasencia;Total;2006;4410
10;Cáceres;10116 Malpartida de Plasencia;Total;2005;4354
10;Cáceres;10116 Malpartida de Plasencia;Total;2004;4279
10;Cáceres;10116 Malpartida de Plasencia;Total;2003;4293
10;Cáceres;10116 Malpartida de Plasencia;Total;2002;4310
10;Cáceres;10116 Malpartida de Plasencia;Total;2001;4272
10;Cáceres;10116 Malpartida de Plasencia;Total;2000;4119
10;Cáceres;10116 Malpartida de Plasencia;Total;1999;4191
10;Cáceres;10116 Malpartida de Plasencia;Total;1998;4191
10;Cáceres;10116 Malpartida de Plasencia;Total;1997;
10;Cáceres;10116 Malpartida de Plasencia;Total;1996;4342
10;Cáceres;10116 Malpartida de Plasencia;Hombres;2023;2282
10;Cáceres;10116 Malpartida de Plasencia;Hombres;2022;2292
10;Cáceres;10116 Malpartida de Plasencia;Hombres;2021;2282
10;Cáceres;10116 Malpartida de Plasencia;Hombres;2020;2287
10;Cáceres;10116 Malpartida de Plasencia;Hombres;2019;2276
10;Cáceres;10116 Malpartida de Plasencia;Hombres;2018;2275
10;Cáceres;10116 Malpartida de Plasencia;Hombres;2017;2282
10;Cáceres;10116 Malpartida de Plasencia;Hombres;2016;2335
10;Cáceres;10116 Malpartida de Plasencia;Hombres;2015;2365
10;Cáceres;10116 Malpartida de Plasencia;Hombres;2014;2357
10;Cáceres;10116 Malpartida de Plasencia;Hombres;2013;2369
10;Cáceres;10116 Malpartida de Plasencia;Hombres;2012;2397
10;Cáceres;10116 Malpartida de Plasencia;Hombres;2011;2379
10;Cáceres;10116 Malpartida de Plasencia;Hombres;2010;2346
10;Cáceres;10116 Malpartida de Plasencia;Hombres;2009;2311
10;Cáceres;10116 Malpartida de Plasencia;Hombres;2008;2272
10;Cáceres;10116 Malpartida de Plasencia;Hombres;2007;2245
10;Cáceres;10116 Malpartida de Plasencia;Hombres;2006;2198
10;Cáceres;10116 Malpartida de Plasencia;Hombres;2005;2177
10;Cáceres;10116 Malpartida de Plasencia;Hombres;2004;2129
10;Cáceres;10116 Malpartida de Plasencia;Hombres;2003;2137
10;Cáceres;10116 Malpartida de Plasencia;Hombres;2002;2138
10;Cáceres;10116 Malpartida de Plasencia;Hombres;2001;2091
10;Cáceres;10116 Malpartida de Plasencia;Hombres;2000;2006
10;Cáceres;10116 Malpartida de Plasencia;Hombres;1999;2043
10;Cáceres;10116 Malpartida de Plasencia;Hombres;1998;2043
10;Cáceres;10116 Malpartida de Plasencia;Hombres;1997;
10;Cáceres;10116 Malpartida de Plasencia;Hombres;1996;2112
10;Cáceres;10116 Malpartida de Plasencia;Mujeres;2023;2336
10;Cáceres;10116 Malpartida de Plasencia;Mujeres;2022;2343
10;Cáceres;10116 Malpartida de Plasencia;Mujeres;2021;2355
10;Cáceres;10116 Malpartida de Plasencia;Mujeres;2020;2315
10;Cáceres;10116 Malpartida de Plasencia;Mujeres;2019;2326
10;Cáceres;10116 Malpartida de Plasencia;Mujeres;2018;2327
10;Cáceres;10116 Malpartida de Plasencia;Mujeres;2017;2327
10;Cáceres;10116 Malpartida de Plasencia;Mujeres;2016;2338
10;Cáceres;10116 Malpartida de Plasencia;Mujeres;2015;2349
10;Cáceres;10116 Malpartida de Plasencia;Mujeres;2014;2350
10;Cáceres;10116 Malpartida de Plasencia;Mujeres;2013;2356
10;Cáceres;10116 Malpartida de Plasencia;Mujeres;2012;2385
10;Cáceres;10116 Malpartida de Plasencia;Mujeres;2011;2337
10;Cáceres;10116 Malpartida de Plasencia;Mujeres;2010;2350
10;Cáceres;10116 Malpartida de Plasencia;Mujeres;2009;2316
10;Cáceres;10116 Malpartida de Plasencia;Mujeres;2008;2283
10;Cáceres;10116 Malpartida de Plasencia;Mujeres;2007;2273
10;Cáceres;10116 Malpartida de Plasencia;Mujeres;2006;2212
10;Cáceres;10116 Malpartida de Plasencia;Mujeres;2005;2177
10;Cáceres;10116 Malpartida de Plasencia;Mujeres;2004;2150
10;Cáceres;10116 Malpartida de Plasencia;Mujeres;2003;2156
10;Cáceres;10116 Malpartida de Plasencia;Mujeres;2002;2172
10;Cáceres;10116 Malpartida de Plasencia;Mujeres;2001;2181
10;Cáceres;10116 Malpartida de Plasencia;Mujeres;2000;2113
10;Cáceres;10116 Malpartida de Plasencia;Mujeres;1999;2148
10;Cáceres;10116 Malpartida de Plasencia;Mujeres;1998;2148
10;Cáceres;10116 Malpartida de Plasencia;Mujeres;1997;
10;Cáceres;10116 Malpartida de Plasencia;Mujeres;1996;2230
10;Cáceres;10117 Marchagaz;Total;2023;241
10;Cáceres;10117 Marchagaz;Total;2022;243
10;Cáceres;10117 Marchagaz;Total;2021;247
10;Cáceres;10117 Marchagaz;Total;2020;203
10;Cáceres;10117 Marchagaz;Total;2019;207
10;Cáceres;10117 Marchagaz;Total;2018;217
10;Cáceres;10117 Marchagaz;Total;2017;210
10;Cáceres;10117 Marchagaz;Total;2016;213
10;Cáceres;10117 Marchagaz;Total;2015;220
10;Cáceres;10117 Marchagaz;Total;2014;231
10;Cáceres;10117 Marchagaz;Total;2013;228
10;Cáceres;10117 Marchagaz;Total;2012;238
10;Cáceres;10117 Marchagaz;Total;2011;241
10;Cáceres;10117 Marchagaz;Total;2010;246
10;Cáceres;10117 Marchagaz;Total;2009;248
10;Cáceres;10117 Marchagaz;Total;2008;249
10;Cáceres;10117 Marchagaz;Total;2007;261
10;Cáceres;10117 Marchagaz;Total;2006;269
10;Cáceres;10117 Marchagaz;Total;2005;278
10;Cáceres;10117 Marchagaz;Total;2004;294
10;Cáceres;10117 Marchagaz;Total;2003;302
10;Cáceres;10117 Marchagaz;Total;2002;307
10;Cáceres;10117 Marchagaz;Total;2001;315
10;Cáceres;10117 Marchagaz;Total;2000;322
10;Cáceres;10117 Marchagaz;Total;1999;328
10;Cáceres;10117 Marchagaz;Total;1998;398
10;Cáceres;10117 Marchagaz;Total;1997;
10;Cáceres;10117 Marchagaz;Total;1996;401
10;Cáceres;10117 Marchagaz;Hombres;2023;132
10;Cáceres;10117 Marchagaz;Hombres;2022;134
10;Cáceres;10117 Marchagaz;Hombres;2021;137
10;Cáceres;10117 Marchagaz;Hombres;2020;104
10;Cáceres;10117 Marchagaz;Hombres;2019;105
10;Cáceres;10117 Marchagaz;Hombres;2018;112
10;Cáceres;10117 Marchagaz;Hombres;2017;108
10;Cáceres;10117 Marchagaz;Hombres;2016;109
10;Cáceres;10117 Marchagaz;Hombres;2015;118
10;Cáceres;10117 Marchagaz;Hombres;2014;122
10;Cáceres;10117 Marchagaz;Hombres;2013;118
10;Cáceres;10117 Marchagaz;Hombres;2012;125
10;Cáceres;10117 Marchagaz;Hombres;2011;121
10;Cáceres;10117 Marchagaz;Hombres;2010;124
10;Cáceres;10117 Marchagaz;Hombres;2009;121
10;Cáceres;10117 Marchagaz;Hombres;2008;123
10;Cáceres;10117 Marchagaz;Hombres;2007;132
10;Cáceres;10117 Marchagaz;Hombres;2006;136
10;Cáceres;10117 Marchagaz;Hombres;2005;141
10;Cáceres;10117 Marchagaz;Hombres;2004;148
10;Cáceres;10117 Marchagaz;Hombres;2003;152
10;Cáceres;10117 Marchagaz;Hombres;2002;155
10;Cáceres;10117 Marchagaz;Hombres;2001;158
10;Cáceres;10117 Marchagaz;Hombres;2000;161
10;Cáceres;10117 Marchagaz;Hombres;1999;164
10;Cáceres;10117 Marchagaz;Hombres;1998;194
10;Cáceres;10117 Marchagaz;Hombres;1997;
10;Cáceres;10117 Marchagaz;Hombres;1996;195
10;Cáceres;10117 Marchagaz;Mujeres;2023;109
10;Cáceres;10117 Marchagaz;Mujeres;2022;109
10;Cáceres;10117 Marchagaz;Mujeres;2021;110
10;Cáceres;10117 Marchagaz;Mujeres;2020;99
10;Cáceres;10117 Marchagaz;Mujeres;2019;102
10;Cáceres;10117 Marchagaz;Mujeres;2018;105
10;Cáceres;10117 Marchagaz;Mujeres;2017;102
10;Cáceres;10117 Marchagaz;Mujeres;2016;104
10;Cáceres;10117 Marchagaz;Mujeres;2015;102
10;Cáceres;10117 Marchagaz;Mujeres;2014;109
10;Cáceres;10117 Marchagaz;Mujeres;2013;110
10;Cáceres;10117 Marchagaz;Mujeres;2012;113
10;Cáceres;10117 Marchagaz;Mujeres;2011;120
10;Cáceres;10117 Marchagaz;Mujeres;2010;122
10;Cáceres;10117 Marchagaz;Mujeres;2009;127
10;Cáceres;10117 Marchagaz;Mujeres;2008;126
10;Cáceres;10117 Marchagaz;Mujeres;2007;129
10;Cáceres;10117 Marchagaz;Mujeres;2006;133
10;Cáceres;10117 Marchagaz;Mujeres;2005;137
10;Cáceres;10117 Marchagaz;Mujeres;2004;146
10;Cáceres;10117 Marchagaz;Mujeres;2003;150
10;Cáceres;10117 Marchagaz;Mujeres;2002;152
10;Cáceres;10117 Marchagaz;Mujeres;2001;157
10;Cáceres;10117 Marchagaz;Mujeres;2000;161
10;Cáceres;10117 Marchagaz;Mujeres;1999;164
10;Cáceres;10117 Marchagaz;Mujeres;1998;204
10;Cáceres;10117 Marchagaz;Mujeres;1997;
10;Cáceres;10117 Marchagaz;Mujeres;1996;206
10;Cáceres;10118 Mata de Alcántara;Total;2023;284
10;Cáceres;10118 Mata de Alcántara;Total;2022;292
10;Cáceres;10118 Mata de Alcántara;Total;2021;284
10;Cáceres;10118 Mata de Alcántara;Total;2020;301
10;Cáceres;10118 Mata de Alcántara;Total;2019;305
10;Cáceres;10118 Mata de Alcántara;Total;2018;309
10;Cáceres;10118 Mata de Alcántara;Total;2017;314
10;Cáceres;10118 Mata de Alcántara;Total;2016;314
10;Cáceres;10118 Mata de Alcántara;Total;2015;320
10;Cáceres;10118 Mata de Alcántara;Total;2014;314
10;Cáceres;10118 Mata de Alcántara;Total;2013;320
10;Cáceres;10118 Mata de Alcántara;Total;2012;328
10;Cáceres;10118 Mata de Alcántara;Total;2011;336
10;Cáceres;10118 Mata de Alcántara;Total;2010;328
10;Cáceres;10118 Mata de Alcántara;Total;2009;330
10;Cáceres;10118 Mata de Alcántara;Total;2008;343
10;Cáceres;10118 Mata de Alcántara;Total;2007;347
10;Cáceres;10118 Mata de Alcántara;Total;2006;317
10;Cáceres;10118 Mata de Alcántara;Total;2005;320
10;Cáceres;10118 Mata de Alcántara;Total;2004;330
10;Cáceres;10118 Mata de Alcántara;Total;2003;349
10;Cáceres;10118 Mata de Alcántara;Total;2002;366
10;Cáceres;10118 Mata de Alcántara;Total;2001;370
10;Cáceres;10118 Mata de Alcántara;Total;2000;387
10;Cáceres;10118 Mata de Alcántara;Total;1999;393
10;Cáceres;10118 Mata de Alcántara;Total;1998;398
10;Cáceres;10118 Mata de Alcántara;Total;1997;
10;Cáceres;10118 Mata de Alcántara;Total;1996;401
10;Cáceres;10118 Mata de Alcántara;Hombres;2023;146
10;Cáceres;10118 Mata de Alcántara;Hombres;2022;152
10;Cáceres;10118 Mata de Alcántara;Hombres;2021;147
10;Cáceres;10118 Mata de Alcántara;Hombres;2020;154
10;Cáceres;10118 Mata de Alcántara;Hombres;2019;157
10;Cáceres;10118 Mata de Alcántara;Hombres;2018;159
10;Cáceres;10118 Mata de Alcántara;Hombres;2017;164
10;Cáceres;10118 Mata de Alcántara;Hombres;2016;162
10;Cáceres;10118 Mata de Alcántara;Hombres;2015;166
10;Cáceres;10118 Mata de Alcántara;Hombres;2014;165
10;Cáceres;10118 Mata de Alcántara;Hombres;2013;164
10;Cáceres;10118 Mata de Alcántara;Hombres;2012;170
10;Cáceres;10118 Mata de Alcántara;Hombres;2011;172
10;Cáceres;10118 Mata de Alcántara;Hombres;2010;168
10;Cáceres;10118 Mata de Alcántara;Hombres;2009;167
10;Cáceres;10118 Mata de Alcántara;Hombres;2008;172
10;Cáceres;10118 Mata de Alcántara;Hombres;2007;170
10;Cáceres;10118 Mata de Alcántara;Hombres;2006;157
10;Cáceres;10118 Mata de Alcántara;Hombres;2005;156
10;Cáceres;10118 Mata de Alcántara;Hombres;2004;164
10;Cáceres;10118 Mata de Alcántara;Hombres;2003;174
10;Cáceres;10118 Mata de Alcántara;Hombres;2002;185
10;Cáceres;10118 Mata de Alcántara;Hombres;2001;189
10;Cáceres;10118 Mata de Alcántara;Hombres;2000;200
10;Cáceres;10118 Mata de Alcántara;Hombres;1999;201
10;Cáceres;10118 Mata de Alcántara;Hombres;1998;201
10;Cáceres;10118 Mata de Alcántara;Hombres;1997;
10;Cáceres;10118 Mata de Alcántara;Hombres;1996;201
10;Cáceres;10118 Mata de Alcántara;Mujeres;2023;138
10;Cáceres;10118 Mata de Alcántara;Mujeres;2022;140
10;Cáceres;10118 Mata de Alcántara;Mujeres;2021;137
10;Cáceres;10118 Mata de Alcántara;Mujeres;2020;147
10;Cáceres;10118 Mata de Alcántara;Mujeres;2019;148
10;Cáceres;10118 Mata de Alcántara;Mujeres;2018;150
10;Cáceres;10118 Mata de Alcántara;Mujeres;2017;150
10;Cáceres;10118 Mata de Alcántara;Mujeres;2016;152
10;Cáceres;10118 Mata de Alcántara;Mujeres;2015;154
10;Cáceres;10118 Mata de Alcántara;Mujeres;2014;149
10;Cáceres;10118 Mata de Alcántara;Mujeres;2013;156
10;Cáceres;10118 Mata de Alcántara;Mujeres;2012;158
10;Cáceres;10118 Mata de Alcántara;Mujeres;2011;164
10;Cáceres;10118 Mata de Alcántara;Mujeres;2010;160
10;Cáceres;10118 Mata de Alcántara;Mujeres;2009;163
10;Cáceres;10118 Mata de Alcántara;Mujeres;2008;171
10;Cáceres;10118 Mata de Alcántara;Mujeres;2007;177
10;Cáceres;10118 Mata de Alcántara;Mujeres;2006;160
10;Cáceres;10118 Mata de Alcántara;Mujeres;2005;164
10;Cáceres;10118 Mata de Alcántara;Mujeres;2004;166
10;Cáceres;10118 Mata de Alcántara;Mujeres;2003;175
10;Cáceres;10118 Mata de Alcántara;Mujeres;2002;181
10;Cáceres;10118 Mata de Alcántara;Mujeres;2001;181
10;Cáceres;10118 Mata de Alcántara;Mujeres;2000;187
10;Cáceres;10118 Mata de Alcántara;Mujeres;1999;192
10;Cáceres;10118 Mata de Alcántara;Mujeres;1998;197
10;Cáceres;10118 Mata de Alcántara;Mujeres;1997;
10;Cáceres;10118 Mata de Alcántara;Mujeres;1996;200
10;Cáceres;10119 Membrío;Total;2023;572
10;Cáceres;10119 Membrío;Total;2022;591
10;Cáceres;10119 Membrío;Total;2021;587
10;Cáceres;10119 Membrío;Total;2020;605
10;Cáceres;10119 Membrío;Total;2019;622
10;Cáceres;10119 Membrío;Total;2018;634
10;Cáceres;10119 Membrío;Total;2017;658
10;Cáceres;10119 Membrío;Total;2016;678
10;Cáceres;10119 Membrío;Total;2015;695
10;Cáceres;10119 Membrío;Total;2014;701
10;Cáceres;10119 Membrío;Total;2013;710
10;Cáceres;10119 Membrío;Total;2012;738
10;Cáceres;10119 Membrío;Total;2011;779
10;Cáceres;10119 Membrío;Total;2010;805
10;Cáceres;10119 Membrío;Total;2009;851
10;Cáceres;10119 Membrío;Total;2008;871
10;Cáceres;10119 Membrío;Total;2007;870
10;Cáceres;10119 Membrío;Total;2006;880
10;Cáceres;10119 Membrío;Total;2005;921
10;Cáceres;10119 Membrío;Total;2004;890
10;Cáceres;10119 Membrío;Total;2003;885
10;Cáceres;10119 Membrío;Total;2002;883
10;Cáceres;10119 Membrío;Total;2001;911
10;Cáceres;10119 Membrío;Total;2000;873
10;Cáceres;10119 Membrío;Total;1999;861
10;Cáceres;10119 Membrío;Total;1998;907
10;Cáceres;10119 Membrío;Total;1997;
10;Cáceres;10119 Membrío;Total;1996;948
10;Cáceres;10119 Membrío;Hombres;2023;284
10;Cáceres;10119 Membrío;Hombres;2022;294
10;Cáceres;10119 Membrío;Hombres;2021;290
10;Cáceres;10119 Membrío;Hombres;2020;300
10;Cáceres;10119 Membrío;Hombres;2019;306
10;Cáceres;10119 Membrío;Hombres;2018;314
10;Cáceres;10119 Membrío;Hombres;2017;325
10;Cáceres;10119 Membrío;Hombres;2016;334
10;Cáceres;10119 Membrío;Hombres;2015;340
10;Cáceres;10119 Membrío;Hombres;2014;335
10;Cáceres;10119 Membrío;Hombres;2013;339
10;Cáceres;10119 Membrío;Hombres;2012;353
10;Cáceres;10119 Membrío;Hombres;2011;377
10;Cáceres;10119 Membrío;Hombres;2010;385
10;Cáceres;10119 Membrío;Hombres;2009;410
10;Cáceres;10119 Membrío;Hombres;2008;419
10;Cáceres;10119 Membrío;Hombres;2007;416
10;Cáceres;10119 Membrío;Hombres;2006;421
10;Cáceres;10119 Membrío;Hombres;2005;439
10;Cáceres;10119 Membrío;Hombres;2004;427
10;Cáceres;10119 Membrío;Hombres;2003;428
10;Cáceres;10119 Membrío;Hombres;2002;416
10;Cáceres;10119 Membrío;Hombres;2001;425
10;Cáceres;10119 Membrío;Hombres;2000;414
10;Cáceres;10119 Membrío;Hombres;1999;409
10;Cáceres;10119 Membrío;Hombres;1998;430
10;Cáceres;10119 Membrío;Hombres;1997;
10;Cáceres;10119 Membrío;Hombres;1996;449
10;Cáceres;10119 Membrío;Mujeres;2023;288
10;Cáceres;10119 Membrío;Mujeres;2022;297
10;Cáceres;10119 Membrío;Mujeres;2021;297
10;Cáceres;10119 Membrío;Mujeres;2020;305
10;Cáceres;10119 Membrío;Mujeres;2019;316
10;Cáceres;10119 Membrío;Mujeres;2018;320
10;Cáceres;10119 Membrío;Mujeres;2017;333
10;Cáceres;10119 Membrío;Mujeres;2016;344
10;Cáceres;10119 Membrío;Mujeres;2015;355
10;Cáceres;10119 Membrío;Mujeres;2014;366
10;Cáceres;10119 Membrío;Mujeres;2013;371
10;Cáceres;10119 Membrío;Mujeres;2012;385
10;Cáceres;10119 Membrío;Mujeres;2011;402
10;Cáceres;10119 Membrío;Mujeres;2010;420
10;Cáceres;10119 Membrío;Mujeres;2009;441
10;Cáceres;10119 Membrío;Mujeres;2008;452
10;Cáceres;10119 Membrío;Mujeres;2007;454
10;Cáceres;10119 Membrío;Mujeres;2006;459
10;Cáceres;10119 Membrío;Mujeres;2005;482
10;Cáceres;10119 Membrío;Mujeres;2004;463
10;Cáceres;10119 Membrío;Mujeres;2003;457
10;Cáceres;10119 Membrío;Mujeres;2002;467
10;Cáceres;10119 Membrío;Mujeres;2001;486
10;Cáceres;10119 Membrío;Mujeres;2000;459
10;Cáceres;10119 Membrío;Mujeres;1999;452
10;Cáceres;10119 Membrío;Mujeres;1998;477
10;Cáceres;10119 Membrío;Mujeres;1997;
10;Cáceres;10119 Membrío;Mujeres;1996;499
10;Cáceres;10120 Mesas de Ibor;Total;2023;150
10;Cáceres;10120 Mesas de Ibor;Total;2022;157
10;Cáceres;10120 Mesas de Ibor;Total;2021;162
10;Cáceres;10120 Mesas de Ibor;Total;2020;163
10;Cáceres;10120 Mesas de Ibor;Total;2019;162
10;Cáceres;10120 Mesas de Ibor;Total;2018;175
10;Cáceres;10120 Mesas de Ibor;Total;2017;174
10;Cáceres;10120 Mesas de Ibor;Total;2016;186
10;Cáceres;10120 Mesas de Ibor;Total;2015;187
10;Cáceres;10120 Mesas de Ibor;Total;2014;173
10;Cáceres;10120 Mesas de Ibor;Total;2013;177
10;Cáceres;10120 Mesas de Ibor;Total;2012;177
10;Cáceres;10120 Mesas de Ibor;Total;2011;185
10;Cáceres;10120 Mesas de Ibor;Total;2010;180
10;Cáceres;10120 Mesas de Ibor;Total;2009;173
10;Cáceres;10120 Mesas de Ibor;Total;2008;180
10;Cáceres;10120 Mesas de Ibor;Total;2007;188
10;Cáceres;10120 Mesas de Ibor;Total;2006;201
10;Cáceres;10120 Mesas de Ibor;Total;2005;204
10;Cáceres;10120 Mesas de Ibor;Total;2004;206
10;Cáceres;10120 Mesas de Ibor;Total;2003;205
10;Cáceres;10120 Mesas de Ibor;Total;2002;215
10;Cáceres;10120 Mesas de Ibor;Total;2001;221
10;Cáceres;10120 Mesas de Ibor;Total;2000;211
10;Cáceres;10120 Mesas de Ibor;Total;1999;207
10;Cáceres;10120 Mesas de Ibor;Total;1998;202
10;Cáceres;10120 Mesas de Ibor;Total;1997;
10;Cáceres;10120 Mesas de Ibor;Total;1996;201
10;Cáceres;10120 Mesas de Ibor;Hombres;2023;76
10;Cáceres;10120 Mesas de Ibor;Hombres;2022;80
10;Cáceres;10120 Mesas de Ibor;Hombres;2021;82
10;Cáceres;10120 Mesas de Ibor;Hombres;2020;83
10;Cáceres;10120 Mesas de Ibor;Hombres;2019;86
10;Cáceres;10120 Mesas de Ibor;Hombres;2018;90
10;Cáceres;10120 Mesas de Ibor;Hombres;2017;93
10;Cáceres;10120 Mesas de Ibor;Hombres;2016;98
10;Cáceres;10120 Mesas de Ibor;Hombres;2015;101
10;Cáceres;10120 Mesas de Ibor;Hombres;2014;93
10;Cáceres;10120 Mesas de Ibor;Hombres;2013;94
10;Cáceres;10120 Mesas de Ibor;Hombres;2012;92
10;Cáceres;10120 Mesas de Ibor;Hombres;2011;96
10;Cáceres;10120 Mesas de Ibor;Hombres;2010;94
10;Cáceres;10120 Mesas de Ibor;Hombres;2009;92
10;Cáceres;10120 Mesas de Ibor;Hombres;2008;94
10;Cáceres;10120 Mesas de Ibor;Hombres;2007;101
10;Cáceres;10120 Mesas de Ibor;Hombres;2006;108
10;Cáceres;10120 Mesas de Ibor;Hombres;2005;111
10;Cáceres;10120 Mesas de Ibor;Hombres;2004;110
10;Cáceres;10120 Mesas de Ibor;Hombres;2003;107
10;Cáceres;10120 Mesas de Ibor;Hombres;2002;111
10;Cáceres;10120 Mesas de Ibor;Hombres;2001;116
10;Cáceres;10120 Mesas de Ibor;Hombres;2000;110
10;Cáceres;10120 Mesas de Ibor;Hombres;1999;108
10;Cáceres;10120 Mesas de Ibor;Hombres;1998;110
10;Cáceres;10120 Mesas de Ibor;Hombres;1997;
10;Cáceres;10120 Mesas de Ibor;Hombres;1996;109
10;Cáceres;10120 Mesas de Ibor;Mujeres;2023;74
10;Cáceres;10120 Mesas de Ibor;Mujeres;2022;77
10;Cáceres;10120 Mesas de Ibor;Mujeres;2021;80
10;Cáceres;10120 Mesas de Ibor;Mujeres;2020;80
10;Cáceres;10120 Mesas de Ibor;Mujeres;2019;76
10;Cáceres;10120 Mesas de Ibor;Mujeres;2018;85
10;Cáceres;10120 Mesas de Ibor;Mujeres;2017;81
10;Cáceres;10120 Mesas de Ibor;Mujeres;2016;88
10;Cáceres;10120 Mesas de Ibor;Mujeres;2015;86
10;Cáceres;10120 Mesas de Ibor;Mujeres;2014;80
10;Cáceres;10120 Mesas de Ibor;Mujeres;2013;83
10;Cáceres;10120 Mesas de Ibor;Mujeres;2012;85
10;Cáceres;10120 Mesas de Ibor;Mujeres;2011;89
10;Cáceres;10120 Mesas de Ibor;Mujeres;2010;86
10;Cáceres;10120 Mesas de Ibor;Mujeres;2009;81
10;Cáceres;10120 Mesas de Ibor;Mujeres;2008;86
10;Cáceres;10120 Mesas de Ibor;Mujeres;2007;87
10;Cáceres;10120 Mesas de Ibor;Mujeres;2006;93
10;Cáceres;10120 Mesas de Ibor;Mujeres;2005;93
10;Cáceres;10120 Mesas de Ibor;Mujeres;2004;96
10;Cáceres;10120 Mesas de Ibor;Mujeres;2003;98
10;Cáceres;10120 Mesas de Ibor;Mujeres;2002;104
10;Cáceres;10120 Mesas de Ibor;Mujeres;2001;105
10;Cáceres;10120 Mesas de Ibor;Mujeres;2000;101
10;Cáceres;10120 Mesas de Ibor;Mujeres;1999;99
10;Cáceres;10120 Mesas de Ibor;Mujeres;1998;92
10;Cáceres;10120 Mesas de Ibor;Mujeres;1997;
10;Cáceres;10120 Mesas de Ibor;Mujeres;1996;92
10;Cáceres;10121 Miajadas;Total;2023;9359
10;Cáceres;10121 Miajadas;Total;2022;9458
10;Cáceres;10121 Miajadas;Total;2021;9503
10;Cáceres;10121 Miajadas;Total;2020;9527
10;Cáceres;10121 Miajadas;Total;2019;9607
10;Cáceres;10121 Miajadas;Total;2018;9685
10;Cáceres;10121 Miajadas;Total;2017;9773
10;Cáceres;10121 Miajadas;Total;2016;9879
10;Cáceres;10121 Miajadas;Total;2015;9944
10;Cáceres;10121 Miajadas;Total;2014;10012
10;Cáceres;10121 Miajadas;Total;2013;10111
10;Cáceres;10121 Miajadas;Total;2012;10150
10;Cáceres;10121 Miajadas;Total;2011;10234
10;Cáceres;10121 Miajadas;Total;2010;10323
10;Cáceres;10121 Miajadas;Total;2009;10338
10;Cáceres;10121 Miajadas;Total;2008;10241
10;Cáceres;10121 Miajadas;Total;2007;10151
10;Cáceres;10121 Miajadas;Total;2006;10106
10;Cáceres;10121 Miajadas;Total;2005;10107
10;Cáceres;10121 Miajadas;Total;2004;9786
10;Cáceres;10121 Miajadas;Total;2003;9580
10;Cáceres;10121 Miajadas;Total;2002;9065
10;Cáceres;10121 Miajadas;Total;2001;9122
10;Cáceres;10121 Miajadas;Total;2000;9315
10;Cáceres;10121 Miajadas;Total;1999;9629
10;Cáceres;10121 Miajadas;Total;1998;9629
10;Cáceres;10121 Miajadas;Total;1997;
10;Cáceres;10121 Miajadas;Total;1996;9907
10;Cáceres;10121 Miajadas;Hombres;2023;4653
10;Cáceres;10121 Miajadas;Hombres;2022;4695
10;Cáceres;10121 Miajadas;Hombres;2021;4732
10;Cáceres;10121 Miajadas;Hombres;2020;4759
10;Cáceres;10121 Miajadas;Hombres;2019;4800
10;Cáceres;10121 Miajadas;Hombres;2018;4818
10;Cáceres;10121 Miajadas;Hombres;2017;4880
10;Cáceres;10121 Miajadas;Hombres;2016;4916
10;Cáceres;10121 Miajadas;Hombres;2015;4944
10;Cáceres;10121 Miajadas;Hombres;2014;4969
10;Cáceres;10121 Miajadas;Hombres;2013;4998
10;Cáceres;10121 Miajadas;Hombres;2012;5037
10;Cáceres;10121 Miajadas;Hombres;2011;5077
10;Cáceres;10121 Miajadas;Hombres;2010;5113
10;Cáceres;10121 Miajadas;Hombres;2009;5114
10;Cáceres;10121 Miajadas;Hombres;2008;5096
10;Cáceres;10121 Miajadas;Hombres;2007;5041
10;Cáceres;10121 Miajadas;Hombres;2006;5016
10;Cáceres;10121 Miajadas;Hombres;2005;5041
10;Cáceres;10121 Miajadas;Hombres;2004;4886
10;Cáceres;10121 Miajadas;Hombres;2003;4781
10;Cáceres;10121 Miajadas;Hombres;2002;4531
10;Cáceres;10121 Miajadas;Hombres;2001;4554
10;Cáceres;10121 Miajadas;Hombres;2000;4653
10;Cáceres;10121 Miajadas;Hombres;1999;4817
10;Cáceres;10121 Miajadas;Hombres;1998;4817
10;Cáceres;10121 Miajadas;Hombres;1997;
10;Cáceres;10121 Miajadas;Hombres;1996;4949
10;Cáceres;10121 Miajadas;Mujeres;2023;4706
10;Cáceres;10121 Miajadas;Mujeres;2022;4763
10;Cáceres;10121 Miajadas;Mujeres;2021;4771
10;Cáceres;10121 Miajadas;Mujeres;2020;4768
10;Cáceres;10121 Miajadas;Mujeres;2019;4807
10;Cáceres;10121 Miajadas;Mujeres;2018;4867
10;Cáceres;10121 Miajadas;Mujeres;2017;4893
10;Cáceres;10121 Miajadas;Mujeres;2016;4963
10;Cáceres;10121 Miajadas;Mujeres;2015;5000
10;Cáceres;10121 Miajadas;Mujeres;2014;5043
10;Cáceres;10121 Miajadas;Mujeres;2013;5113
10;Cáceres;10121 Miajadas;Mujeres;2012;5113
10;Cáceres;10121 Miajadas;Mujeres;2011;5157
10;Cáceres;10121 Miajadas;Mujeres;2010;5210
10;Cáceres;10121 Miajadas;Mujeres;2009;5224
10;Cáceres;10121 Miajadas;Mujeres;2008;5145
10;Cáceres;10121 Miajadas;Mujeres;2007;5110
10;Cáceres;10121 Miajadas;Mujeres;2006;5090
10;Cáceres;10121 Miajadas;Mujeres;2005;5066
10;Cáceres;10121 Miajadas;Mujeres;2004;4900
10;Cáceres;10121 Miajadas;Mujeres;2003;4799
10;Cáceres;10121 Miajadas;Mujeres;2002;4534
10;Cáceres;10121 Miajadas;Mujeres;2001;4568
10;Cáceres;10121 Miajadas;Mujeres;2000;4662
10;Cáceres;10121 Miajadas;Mujeres;1999;4812
10;Cáceres;10121 Miajadas;Mujeres;1998;4812
10;Cáceres;10121 Miajadas;Mujeres;1997;
10;Cáceres;10121 Miajadas;Mujeres;1996;4958
10;Cáceres;10122 Millanes;Total;2023;233
10;Cáceres;10122 Millanes;Total;2022;247
10;Cáceres;10122 Millanes;Total;2021;255
10;Cáceres;10122 Millanes;Total;2020;255
10;Cáceres;10122 Millanes;Total;2019;248
10;Cáceres;10122 Millanes;Total;2018;256
10;Cáceres;10122 Millanes;Total;2017;241
10;Cáceres;10122 Millanes;Total;2016;238
10;Cáceres;10122 Millanes;Total;2015;257
10;Cáceres;10122 Millanes;Total;2014;255
10;Cáceres;10122 Millanes;Total;2013;267
10;Cáceres;10122 Millanes;Total;2012;271
10;Cáceres;10122 Millanes;Total;2011;269
10;Cáceres;10122 Millanes;Total;2010;254
10;Cáceres;10122 Millanes;Total;2009;257
10;Cáceres;10122 Millanes;Total;2008;265
10;Cáceres;10122 Millanes;Total;2007;251
10;Cáceres;10122 Millanes;Total;2006;246
10;Cáceres;10122 Millanes;Total;2005;184
10;Cáceres;10122 Millanes;Total;2004;192
10;Cáceres;10122 Millanes;Total;2003;204
10;Cáceres;10122 Millanes;Total;2002;217
10;Cáceres;10122 Millanes;Total;2001;208
10;Cáceres;10122 Millanes;Total;2000;196
10;Cáceres;10122 Millanes;Total;1999;200
10;Cáceres;10122 Millanes;Total;1998;253
10;Cáceres;10122 Millanes;Total;1997;
10;Cáceres;10122 Millanes;Total;1996;263
10;Cáceres;10122 Millanes;Hombres;2023;119
10;Cáceres;10122 Millanes;Hombres;2022;123
10;Cáceres;10122 Millanes;Hombres;2021;130
10;Cáceres;10122 Millanes;Hombres;2020;131
10;Cáceres;10122 Millanes;Hombres;2019;127
10;Cáceres;10122 Millanes;Hombres;2018;128
10;Cáceres;10122 Millanes;Hombres;2017;125
10;Cáceres;10122 Millanes;Hombres;2016;125
10;Cáceres;10122 Millanes;Hombres;2015;135
10;Cáceres;10122 Millanes;Hombres;2014;134
10;Cáceres;10122 Millanes;Hombres;2013;140
10;Cáceres;10122 Millanes;Hombres;2012;141
10;Cáceres;10122 Millanes;Hombres;2011;135
10;Cáceres;10122 Millanes;Hombres;2010;127
10;Cáceres;10122 Millanes;Hombres;2009;127
10;Cáceres;10122 Millanes;Hombres;2008;131
10;Cáceres;10122 Millanes;Hombres;2007;126
10;Cáceres;10122 Millanes;Hombres;2006;122
10;Cáceres;10122 Millanes;Hombres;2005;99
10;Cáceres;10122 Millanes;Hombres;2004;104
10;Cáceres;10122 Millanes;Hombres;2003;111
10;Cáceres;10122 Millanes;Hombres;2002;120
10;Cáceres;10122 Millanes;Hombres;2001;116
10;Cáceres;10122 Millanes;Hombres;2000;109
10;Cáceres;10122 Millanes;Hombres;1999;113
10;Cáceres;10122 Millanes;Hombres;1998;143
10;Cáceres;10122 Millanes;Hombres;1997;
10;Cáceres;10122 Millanes;Hombres;1996;146
10;Cáceres;10122 Millanes;Mujeres;2023;114
10;Cáceres;10122 Millanes;Mujeres;2022;124
10;Cáceres;10122 Millanes;Mujeres;2021;125
10;Cáceres;10122 Millanes;Mujeres;2020;124
10;Cáceres;10122 Millanes;Mujeres;2019;121
10;Cáceres;10122 Millanes;Mujeres;2018;128
10;Cáceres;10122 Millanes;Mujeres;2017;116
10;Cáceres;10122 Millanes;Mujeres;2016;113
10;Cáceres;10122 Millanes;Mujeres;2015;122
10;Cáceres;10122 Millanes;Mujeres;2014;121
10;Cáceres;10122 Millanes;Mujeres;2013;127
10;Cáceres;10122 Millanes;Mujeres;2012;130
10;Cáceres;10122 Millanes;Mujeres;2011;134
10;Cáceres;10122 Millanes;Mujeres;2010;127
10;Cáceres;10122 Millanes;Mujeres;2009;130
10;Cáceres;10122 Millanes;Mujeres;2008;134
10;Cáceres;10122 Millanes;Mujeres;2007;125
10;Cáceres;10122 Millanes;Mujeres;2006;124
10;Cáceres;10122 Millanes;Mujeres;2005;85
10;Cáceres;10122 Millanes;Mujeres;2004;88
10;Cáceres;10122 Millanes;Mujeres;2003;93
10;Cáceres;10122 Millanes;Mujeres;2002;97
10;Cáceres;10122 Millanes;Mujeres;2001;92
10;Cáceres;10122 Millanes;Mujeres;2000;87
10;Cáceres;10122 Millanes;Mujeres;1999;87
10;Cáceres;10122 Millanes;Mujeres;1998;110
10;Cáceres;10122 Millanes;Mujeres;1997;
10;Cáceres;10122 Millanes;Mujeres;1996;117
10;Cáceres;10123 Mirabel;Total;2023;650
10;Cáceres;10123 Mirabel;Total;2022;662
10;Cáceres;10123 Mirabel;Total;2021;669
10;Cáceres;10123 Mirabel;Total;2020;661
10;Cáceres;10123 Mirabel;Total;2019;660
10;Cáceres;10123 Mirabel;Total;2018;653
10;Cáceres;10123 Mirabel;Total;2017;669
10;Cáceres;10123 Mirabel;Total;2016;681
10;Cáceres;10123 Mirabel;Total;2015;687
10;Cáceres;10123 Mirabel;Total;2014;692
10;Cáceres;10123 Mirabel;Total;2013;691
10;Cáceres;10123 Mirabel;Total;2012;702
10;Cáceres;10123 Mirabel;Total;2011;718
10;Cáceres;10123 Mirabel;Total;2010;715
10;Cáceres;10123 Mirabel;Total;2009;730
10;Cáceres;10123 Mirabel;Total;2008;733
10;Cáceres;10123 Mirabel;Total;2007;738
10;Cáceres;10123 Mirabel;Total;2006;751
10;Cáceres;10123 Mirabel;Total;2005;759
10;Cáceres;10123 Mirabel;Total;2004;751
10;Cáceres;10123 Mirabel;Total;2003;757
10;Cáceres;10123 Mirabel;Total;2002;790
10;Cáceres;10123 Mirabel;Total;2001;797
10;Cáceres;10123 Mirabel;Total;2000;812
10;Cáceres;10123 Mirabel;Total;1999;861
10;Cáceres;10123 Mirabel;Total;1998;861
10;Cáceres;10123 Mirabel;Total;1997;
10;Cáceres;10123 Mirabel;Total;1996;893
10;Cáceres;10123 Mirabel;Hombres;2023;328
10;Cáceres;10123 Mirabel;Hombres;2022;332
10;Cáceres;10123 Mirabel;Hombres;2021;333
10;Cáceres;10123 Mirabel;Hombres;2020;326
10;Cáceres;10123 Mirabel;Hombres;2019;323
10;Cáceres;10123 Mirabel;Hombres;2018;327
10;Cáceres;10123 Mirabel;Hombres;2017;333
10;Cáceres;10123 Mirabel;Hombres;2016;340
10;Cáceres;10123 Mirabel;Hombres;2015;343
10;Cáceres;10123 Mirabel;Hombres;2014;348
10;Cáceres;10123 Mirabel;Hombres;2013;346
10;Cáceres;10123 Mirabel;Hombres;2012;356
10;Cáceres;10123 Mirabel;Hombres;2011;366
10;Cáceres;10123 Mirabel;Hombres;2010;365
10;Cáceres;10123 Mirabel;Hombres;2009;375
10;Cáceres;10123 Mirabel;Hombres;2008;376
10;Cáceres;10123 Mirabel;Hombres;2007;383
10;Cáceres;10123 Mirabel;Hombres;2006;384
10;Cáceres;10123 Mirabel;Hombres;2005;390
10;Cáceres;10123 Mirabel;Hombres;2004;383
10;Cáceres;10123 Mirabel;Hombres;2003;385
10;Cáceres;10123 Mirabel;Hombres;2002;396
10;Cáceres;10123 Mirabel;Hombres;2001;400
10;Cáceres;10123 Mirabel;Hombres;2000;404
10;Cáceres;10123 Mirabel;Hombres;1999;422
10;Cáceres;10123 Mirabel;Hombres;1998;422
10;Cáceres;10123 Mirabel;Hombres;1997;
10;Cáceres;10123 Mirabel;Hombres;1996;443
10;Cáceres;10123 Mirabel;Mujeres;2023;322
10;Cáceres;10123 Mirabel;Mujeres;2022;330
10;Cáceres;10123 Mirabel;Mujeres;2021;336
10;Cáceres;10123 Mirabel;Mujeres;2020;335
10;Cáceres;10123 Mirabel;Mujeres;2019;337
10;Cáceres;10123 Mirabel;Mujeres;2018;326
10;Cáceres;10123 Mirabel;Mujeres;2017;336
10;Cáceres;10123 Mirabel;Mujeres;2016;341
10;Cáceres;10123 Mirabel;Mujeres;2015;344
10;Cáceres;10123 Mirabel;Mujeres;2014;344
10;Cáceres;10123 Mirabel;Mujeres;2013;345
10;Cáceres;10123 Mirabel;Mujeres;2012;346
10;Cáceres;10123 Mirabel;Mujeres;2011;352
10;Cáceres;10123 Mirabel;Mujeres;2010;350
10;Cáceres;10123 Mirabel;Mujeres;2009;355
10;Cáceres;10123 Mirabel;Mujeres;2008;357
10;Cáceres;10123 Mirabel;Mujeres;2007;355
10;Cáceres;10123 Mirabel;Mujeres;2006;367
10;Cáceres;10123 Mirabel;Mujeres;2005;369
10;Cáceres;10123 Mirabel;Mujeres;2004;368
10;Cáceres;10123 Mirabel;Mujeres;2003;372
10;Cáceres;10123 Mirabel;Mujeres;2002;394
10;Cáceres;10123 Mirabel;Mujeres;2001;397
10;Cáceres;10123 Mirabel;Mujeres;2000;408
10;Cáceres;10123 Mirabel;Mujeres;1999;439
10;Cáceres;10123 Mirabel;Mujeres;1998;439
10;Cáceres;10123 Mirabel;Mujeres;1997;
10;Cáceres;10123 Mirabel;Mujeres;1996;450
10;Cáceres;10124 Mohedas de Granadilla;Total;2023;834
10;Cáceres;10124 Mohedas de Granadilla;Total;2022;828
10;Cáceres;10124 Mohedas de Granadilla;Total;2021;849
10;Cáceres;10124 Mohedas de Granadilla;Total;2020;838
10;Cáceres;10124 Mohedas de Granadilla;Total;2019;836
10;Cáceres;10124 Mohedas de Granadilla;Total;2018;827
10;Cáceres;10124 Mohedas de Granadilla;Total;2017;825
10;Cáceres;10124 Mohedas de Granadilla;Total;2016;844
10;Cáceres;10124 Mohedas de Granadilla;Total;2015;849
10;Cáceres;10124 Mohedas de Granadilla;Total;2014;867
10;Cáceres;10124 Mohedas de Granadilla;Total;2013;903
10;Cáceres;10124 Mohedas de Granadilla;Total;2012;953
10;Cáceres;10124 Mohedas de Granadilla;Total;2011;992
10;Cáceres;10124 Mohedas de Granadilla;Total;2010;990
10;Cáceres;10124 Mohedas de Granadilla;Total;2009;976
10;Cáceres;10124 Mohedas de Granadilla;Total;2008;1000
10;Cáceres;10124 Mohedas de Granadilla;Total;2007;1010
10;Cáceres;10124 Mohedas de Granadilla;Total;2006;1029
10;Cáceres;10124 Mohedas de Granadilla;Total;2005;1061
10;Cáceres;10124 Mohedas de Granadilla;Total;2004;1071
10;Cáceres;10124 Mohedas de Granadilla;Total;2003;1081
10;Cáceres;10124 Mohedas de Granadilla;Total;2002;1105
10;Cáceres;10124 Mohedas de Granadilla;Total;2001;1110
10;Cáceres;10124 Mohedas de Granadilla;Total;2000;1122
10;Cáceres;10124 Mohedas de Granadilla;Total;1999;1125
10;Cáceres;10124 Mohedas de Granadilla;Total;1998;1163
10;Cáceres;10124 Mohedas de Granadilla;Total;1997;
10;Cáceres;10124 Mohedas de Granadilla;Total;1996;1169
10;Cáceres;10124 Mohedas de Granadilla;Hombres;2023;417
10;Cáceres;10124 Mohedas de Granadilla;Hombres;2022;417
10;Cáceres;10124 Mohedas de Granadilla;Hombres;2021;429
10;Cáceres;10124 Mohedas de Granadilla;Hombres;2020;421
10;Cáceres;10124 Mohedas de Granadilla;Hombres;2019;422
10;Cáceres;10124 Mohedas de Granadilla;Hombres;2018;412
10;Cáceres;10124 Mohedas de Granadilla;Hombres;2017;408
10;Cáceres;10124 Mohedas de Granadilla;Hombres;2016;418
10;Cáceres;10124 Mohedas de Granadilla;Hombres;2015;429
10;Cáceres;10124 Mohedas de Granadilla;Hombres;2014;437
10;Cáceres;10124 Mohedas de Granadilla;Hombres;2013;459
10;Cáceres;10124 Mohedas de Granadilla;Hombres;2012;483
10;Cáceres;10124 Mohedas de Granadilla;Hombres;2011;500
10;Cáceres;10124 Mohedas de Granadilla;Hombres;2010;497
10;Cáceres;10124 Mohedas de Granadilla;Hombres;2009;492
10;Cáceres;10124 Mohedas de Granadilla;Hombres;2008;502
10;Cáceres;10124 Mohedas de Granadilla;Hombres;2007;507
10;Cáceres;10124 Mohedas de Granadilla;Hombres;2006;515
10;Cáceres;10124 Mohedas de Granadilla;Hombres;2005;537
10;Cáceres;10124 Mohedas de Granadilla;Hombres;2004;541
10;Cáceres;10124 Mohedas de Granadilla;Hombres;2003;541
10;Cáceres;10124 Mohedas de Granadilla;Hombres;2002;552
10;Cáceres;10124 Mohedas de Granadilla;Hombres;2001;558
10;Cáceres;10124 Mohedas de Granadilla;Hombres;2000;562
10;Cáceres;10124 Mohedas de Granadilla;Hombres;1999;568
10;Cáceres;10124 Mohedas de Granadilla;Hombres;1998;588
10;Cáceres;10124 Mohedas de Granadilla;Hombres;1997;
10;Cáceres;10124 Mohedas de Granadilla;Hombres;1996;597
10;Cáceres;10124 Mohedas de Granadilla;Mujeres;2023;417
10;Cáceres;10124 Mohedas de Granadilla;Mujeres;2022;411
10;Cáceres;10124 Mohedas de Granadilla;Mujeres;2021;420
10;Cáceres;10124 Mohedas de Granadilla;Mujeres;2020;417
10;Cáceres;10124 Mohedas de Granadilla;Mujeres;2019;414
10;Cáceres;10124 Mohedas de Granadilla;Mujeres;2018;415
10;Cáceres;10124 Mohedas de Granadilla;Mujeres;2017;417
10;Cáceres;10124 Mohedas de Granadilla;Mujeres;2016;426
10;Cáceres;10124 Mohedas de Granadilla;Mujeres;2015;420
10;Cáceres;10124 Mohedas de Granadilla;Mujeres;2014;430
10;Cáceres;10124 Mohedas de Granadilla;Mujeres;2013;444
10;Cáceres;10124 Mohedas de Granadilla;Mujeres;2012;470
10;Cáceres;10124 Mohedas de Granadilla;Mujeres;2011;492
10;Cáceres;10124 Mohedas de Granadilla;Mujeres;2010;493
10;Cáceres;10124 Mohedas de Granadilla;Mujeres;2009;484
10;Cáceres;10124 Mohedas de Granadilla;Mujeres;2008;498
10;Cáceres;10124 Mohedas de Granadilla;Mujeres;2007;503
10;Cáceres;10124 Mohedas de Granadilla;Mujeres;2006;514
10;Cáceres;10124 Mohedas de Granadilla;Mujeres;2005;524
10;Cáceres;10124 Mohedas de Granadilla;Mujeres;2004;530
10;Cáceres;10124 Mohedas de Granadilla;Mujeres;2003;540
10;Cáceres;10124 Mohedas de Granadilla;Mujeres;2002;553
10;Cáceres;10124 Mohedas de Granadilla;Mujeres;2001;552
10;Cáceres;10124 Mohedas de Granadilla;Mujeres;2000;560
10;Cáceres;10124 Mohedas de Granadilla;Mujeres;1999;557
10;Cáceres;10124 Mohedas de Granadilla;Mujeres;1998;575
10;Cáceres;10124 Mohedas de Granadilla;Mujeres;1997;
10;Cáceres;10124 Mohedas de Granadilla;Mujeres;1996;572
10;Cáceres;10125 Monroy;Total;2023;899
10;Cáceres;10125 Monroy;Total;2022;903
10;Cáceres;10125 Monroy;Total;2021;920
10;Cáceres;10125 Monroy;Total;2020;938
10;Cáceres;10125 Monroy;Total;2019;954
10;Cáceres;10125 Monroy;Total;2018;969
10;Cáceres;10125 Monroy;Total;2017;991
10;Cáceres;10125 Monroy;Total;2016;1004
10;Cáceres;10125 Monroy;Total;2015;1037
10;Cáceres;10125 Monroy;Total;2014;1053
10;Cáceres;10125 Monroy;Total;2013;1063
10;Cáceres;10125 Monroy;Total;2012;1094
10;Cáceres;10125 Monroy;Total;2011;1089
10;Cáceres;10125 Monroy;Total;2010;984
10;Cáceres;10125 Monroy;Total;2009;994
10;Cáceres;10125 Monroy;Total;2008;979
10;Cáceres;10125 Monroy;Total;2007;994
10;Cáceres;10125 Monroy;Total;2006;1001
10;Cáceres;10125 Monroy;Total;2005;986
10;Cáceres;10125 Monroy;Total;2004;994
10;Cáceres;10125 Monroy;Total;2003;981
10;Cáceres;10125 Monroy;Total;2002;1014
10;Cáceres;10125 Monroy;Total;2001;1060
10;Cáceres;10125 Monroy;Total;2000;1059
10;Cáceres;10125 Monroy;Total;1999;1080
10;Cáceres;10125 Monroy;Total;1998;1253
10;Cáceres;10125 Monroy;Total;1997;
10;Cáceres;10125 Monroy;Total;1996;1278
10;Cáceres;10125 Monroy;Hombres;2023;465
10;Cáceres;10125 Monroy;Hombres;2022;463
10;Cáceres;10125 Monroy;Hombres;2021;473
10;Cáceres;10125 Monroy;Hombres;2020;480
10;Cáceres;10125 Monroy;Hombres;2019;490
10;Cáceres;10125 Monroy;Hombres;2018;497
10;Cáceres;10125 Monroy;Hombres;2017;496
10;Cáceres;10125 Monroy;Hombres;2016;501
10;Cáceres;10125 Monroy;Hombres;2015;516
10;Cáceres;10125 Monroy;Hombres;2014;524
10;Cáceres;10125 Monroy;Hombres;2013;540
10;Cáceres;10125 Monroy;Hombres;2012;553
10;Cáceres;10125 Monroy;Hombres;2011;547
10;Cáceres;10125 Monroy;Hombres;2010;514
10;Cáceres;10125 Monroy;Hombres;2009;519
10;Cáceres;10125 Monroy;Hombres;2008;516
10;Cáceres;10125 Monroy;Hombres;2007;520
10;Cáceres;10125 Monroy;Hombres;2006;518
10;Cáceres;10125 Monroy;Hombres;2005;508
10;Cáceres;10125 Monroy;Hombres;2004;513
10;Cáceres;10125 Monroy;Hombres;2003;507
10;Cáceres;10125 Monroy;Hombres;2002;531
10;Cáceres;10125 Monroy;Hombres;2001;551
10;Cáceres;10125 Monroy;Hombres;2000;555
10;Cáceres;10125 Monroy;Hombres;1999;569
10;Cáceres;10125 Monroy;Hombres;1998;666
10;Cáceres;10125 Monroy;Hombres;1997;
10;Cáceres;10125 Monroy;Hombres;1996;639
10;Cáceres;10125 Monroy;Mujeres;2023;434
10;Cáceres;10125 Monroy;Mujeres;2022;440
10;Cáceres;10125 Monroy;Mujeres;2021;447
10;Cáceres;10125 Monroy;Mujeres;2020;458
10;Cáceres;10125 Monroy;Mujeres;2019;464
10;Cáceres;10125 Monroy;Mujeres;2018;472
10;Cáceres;10125 Monroy;Mujeres;2017;495
10;Cáceres;10125 Monroy;Mujeres;2016;503
10;Cáceres;10125 Monroy;Mujeres;2015;521
10;Cáceres;10125 Monroy;Mujeres;2014;529
10;Cáceres;10125 Monroy;Mujeres;2013;523
10;Cáceres;10125 Monroy;Mujeres;2012;541
10;Cáceres;10125 Monroy;Mujeres;2011;542
10;Cáceres;10125 Monroy;Mujeres;2010;470
10;Cáceres;10125 Monroy;Mujeres;2009;475
10;Cáceres;10125 Monroy;Mujeres;2008;463
10;Cáceres;10125 Monroy;Mujeres;2007;474
10;Cáceres;10125 Monroy;Mujeres;2006;483
10;Cáceres;10125 Monroy;Mujeres;2005;478
10;Cáceres;10125 Monroy;Mujeres;2004;481
10;Cáceres;10125 Monroy;Mujeres;2003;474
10;Cáceres;10125 Monroy;Mujeres;2002;483
10;Cáceres;10125 Monroy;Mujeres;2001;509
10;Cáceres;10125 Monroy;Mujeres;2000;504
10;Cáceres;10125 Monroy;Mujeres;1999;511
10;Cáceres;10125 Monroy;Mujeres;1998;587
10;Cáceres;10125 Monroy;Mujeres;1997;
10;Cáceres;10125 Monroy;Mujeres;1996;639
10;Cáceres;10126 Montánchez;Total;2023;1598
10;Cáceres;10126 Montánchez;Total;2022;1628
10;Cáceres;10126 Montánchez;Total;2021;1654
10;Cáceres;10126 Montánchez;Total;2020;1668
10;Cáceres;10126 Montánchez;Total;2019;1682
10;Cáceres;10126 Montánchez;Total;2018;1732
10;Cáceres;10126 Montánchez;Total;2017;1763
10;Cáceres;10126 Montánchez;Total;2016;1809
10;Cáceres;10126 Montánchez;Total;2015;1828
10;Cáceres;10126 Montánchez;Total;2014;1839
10;Cáceres;10126 Montánchez;Total;2013;1905
10;Cáceres;10126 Montánchez;Total;2012;1936
10;Cáceres;10126 Montánchez;Total;2011;1969
10;Cáceres;10126 Montánchez;Total;2010;1979
10;Cáceres;10126 Montánchez;Total;2009;2040
10;Cáceres;10126 Montánchez;Total;2008;2057
10;Cáceres;10126 Montánchez;Total;2007;2063
10;Cáceres;10126 Montánchez;Total;2006;2086
10;Cáceres;10126 Montánchez;Total;2005;2083
10;Cáceres;10126 Montánchez;Total;2004;2046
10;Cáceres;10126 Montánchez;Total;2003;2073
10;Cáceres;10126 Montánchez;Total;2002;2153
10;Cáceres;10126 Montánchez;Total;2001;2171
10;Cáceres;10126 Montánchez;Total;2000;2157
10;Cáceres;10126 Montánchez;Total;1999;2233
10;Cáceres;10126 Montánchez;Total;1998;2233
10;Cáceres;10126 Montánchez;Total;1997;
10;Cáceres;10126 Montánchez;Total;1996;2306
10;Cáceres;10126 Montánchez;Hombres;2023;801
10;Cáceres;10126 Montánchez;Hombres;2022;814
10;Cáceres;10126 Montánchez;Hombres;2021;832
10;Cáceres;10126 Montánchez;Hombres;2020;840
10;Cáceres;10126 Montánchez;Hombres;2019;854
10;Cáceres;10126 Montánchez;Hombres;2018;875
10;Cáceres;10126 Montánchez;Hombres;2017;882
10;Cáceres;10126 Montánchez;Hombres;2016;904
10;Cáceres;10126 Montánchez;Hombres;2015;913
10;Cáceres;10126 Montánchez;Hombres;2014;915
10;Cáceres;10126 Montánchez;Hombres;2013;943
10;Cáceres;10126 Montánchez;Hombres;2012;972
10;Cáceres;10126 Montánchez;Hombres;2011;980
10;Cáceres;10126 Montánchez;Hombres;2010;985
10;Cáceres;10126 Montánchez;Hombres;2009;1016
10;Cáceres;10126 Montánchez;Hombres;2008;1026
10;Cáceres;10126 Montánchez;Hombres;2007;1026
10;Cáceres;10126 Montánchez;Hombres;2006;1035
10;Cáceres;10126 Montánchez;Hombres;2005;1037
10;Cáceres;10126 Montánchez;Hombres;2004;1022
10;Cáceres;10126 Montánchez;Hombres;2003;1040
10;Cáceres;10126 Montánchez;Hombres;2002;1072
10;Cáceres;10126 Montánchez;Hombres;2001;1077
10;Cáceres;10126 Montánchez;Hombres;2000;1064
10;Cáceres;10126 Montánchez;Hombres;1999;1102
10;Cáceres;10126 Montánchez;Hombres;1998;1102
10;Cáceres;10126 Montánchez;Hombres;1997;
10;Cáceres;10126 Montánchez;Hombres;1996;1141
10;Cáceres;10126 Montánchez;Mujeres;2023;797
10;Cáceres;10126 Montánchez;Mujeres;2022;814
10;Cáceres;10126 Montánchez;Mujeres;2021;822
10;Cáceres;10126 Montánchez;Mujeres;2020;828
10;Cáceres;10126 Montánchez;Mujeres;2019;828
10;Cáceres;10126 Montánchez;Mujeres;2018;857
10;Cáceres;10126 Montánchez;Mujeres;2017;881
10;Cáceres;10126 Montánchez;Mujeres;2016;905
10;Cáceres;10126 Montánchez;Mujeres;2015;915
10;Cáceres;10126 Montánchez;Mujeres;2014;924
10;Cáceres;10126 Montánchez;Mujeres;2013;962
10;Cáceres;10126 Montánchez;Mujeres;2012;964
10;Cáceres;10126 Montánchez;Mujeres;2011;989
10;Cáceres;10126 Montánchez;Mujeres;2010;994
10;Cáceres;10126 Montánchez;Mujeres;2009;1024
10;Cáceres;10126 Montánchez;Mujeres;2008;1031
10;Cáceres;10126 Montánchez;Mujeres;2007;1037
10;Cáceres;10126 Montánchez;Mujeres;2006;1051
10;Cáceres;10126 Montánchez;Mujeres;2005;1046
10;Cáceres;10126 Montánchez;Mujeres;2004;1024
10;Cáceres;10126 Montánchez;Mujeres;2003;1033
10;Cáceres;10126 Montánchez;Mujeres;2002;1081
10;Cáceres;10126 Montánchez;Mujeres;2001;1094
10;Cáceres;10126 Montánchez;Mujeres;2000;1093
10;Cáceres;10126 Montánchez;Mujeres;1999;1131
10;Cáceres;10126 Montánchez;Mujeres;1998;1131
10;Cáceres;10126 Montánchez;Mujeres;1997;
10;Cáceres;10126 Montánchez;Mujeres;1996;1165
10;Cáceres;10127 Montehermoso;Total;2023;5619
10;Cáceres;10127 Montehermoso;Total;2022;5666
10;Cáceres;10127 Montehermoso;Total;2021;5680
10;Cáceres;10127 Montehermoso;Total;2020;5718
10;Cáceres;10127 Montehermoso;Total;2019;5739
10;Cáceres;10127 Montehermoso;Total;2018;5731
10;Cáceres;10127 Montehermoso;Total;2017;5761
10;Cáceres;10127 Montehermoso;Total;2016;5817
10;Cáceres;10127 Montehermoso;Total;2015;5844
10;Cáceres;10127 Montehermoso;Total;2014;5855
10;Cáceres;10127 Montehermoso;Total;2013;5852
10;Cáceres;10127 Montehermoso;Total;2012;5884
10;Cáceres;10127 Montehermoso;Total;2011;5819
10;Cáceres;10127 Montehermoso;Total;2010;5830
10;Cáceres;10127 Montehermoso;Total;2009;5799
10;Cáceres;10127 Montehermoso;Total;2008;5769
10;Cáceres;10127 Montehermoso;Total;2007;5710
10;Cáceres;10127 Montehermoso;Total;2006;5668
10;Cáceres;10127 Montehermoso;Total;2005;5623
10;Cáceres;10127 Montehermoso;Total;2004;5654
10;Cáceres;10127 Montehermoso;Total;2003;5616
10;Cáceres;10127 Montehermoso;Total;2002;5493
10;Cáceres;10127 Montehermoso;Total;2001;5545
10;Cáceres;10127 Montehermoso;Total;2000;5356
10;Cáceres;10127 Montehermoso;Total;1999;5211
10;Cáceres;10127 Montehermoso;Total;1998;5211
10;Cáceres;10127 Montehermoso;Total;1997;
10;Cáceres;10127 Montehermoso;Total;1996;5368
10;Cáceres;10127 Montehermoso;Hombres;2023;2860
10;Cáceres;10127 Montehermoso;Hombres;2022;2895
10;Cáceres;10127 Montehermoso;Hombres;2021;2896
10;Cáceres;10127 Montehermoso;Hombres;2020;2905
10;Cáceres;10127 Montehermoso;Hombres;2019;2917
10;Cáceres;10127 Montehermoso;Hombres;2018;2918
10;Cáceres;10127 Montehermoso;Hombres;2017;2938
10;Cáceres;10127 Montehermoso;Hombres;2016;2965
10;Cáceres;10127 Montehermoso;Hombres;2015;2984
10;Cáceres;10127 Montehermoso;Hombres;2014;3004
10;Cáceres;10127 Montehermoso;Hombres;2013;2998
10;Cáceres;10127 Montehermoso;Hombres;2012;3020
10;Cáceres;10127 Montehermoso;Hombres;2011;2988
10;Cáceres;10127 Montehermoso;Hombres;2010;2985
10;Cáceres;10127 Montehermoso;Hombres;2009;2972
10;Cáceres;10127 Montehermoso;Hombres;2008;2958
10;Cáceres;10127 Montehermoso;Hombres;2007;2917
10;Cáceres;10127 Montehermoso;Hombres;2006;2889
10;Cáceres;10127 Montehermoso;Hombres;2005;2873
10;Cáceres;10127 Montehermoso;Hombres;2004;2878
10;Cáceres;10127 Montehermoso;Hombres;2003;2845
10;Cáceres;10127 Montehermoso;Hombres;2002;2736
10;Cáceres;10127 Montehermoso;Hombres;2001;2739
10;Cáceres;10127 Montehermoso;Hombres;2000;2647
10;Cáceres;10127 Montehermoso;Hombres;1999;2639
10;Cáceres;10127 Montehermoso;Hombres;1998;2639
10;Cáceres;10127 Montehermoso;Hombres;1997;
10;Cáceres;10127 Montehermoso;Hombres;1996;2701
10;Cáceres;10127 Montehermoso;Mujeres;2023;2759
10;Cáceres;10127 Montehermoso;Mujeres;2022;2771
10;Cáceres;10127 Montehermoso;Mujeres;2021;2784
10;Cáceres;10127 Montehermoso;Mujeres;2020;2813
10;Cáceres;10127 Montehermoso;Mujeres;2019;2822
10;Cáceres;10127 Montehermoso;Mujeres;2018;2813
10;Cáceres;10127 Montehermoso;Mujeres;2017;2823
10;Cáceres;10127 Montehermoso;Mujeres;2016;2852
10;Cáceres;10127 Montehermoso;Mujeres;2015;2860
10;Cáceres;10127 Montehermoso;Mujeres;2014;2851
10;Cáceres;10127 Montehermoso;Mujeres;2013;2854
10;Cáceres;10127 Montehermoso;Mujeres;2012;2864
10;Cáceres;10127 Montehermoso;Mujeres;2011;2831
10;Cáceres;10127 Montehermoso;Mujeres;2010;2845
10;Cáceres;10127 Montehermoso;Mujeres;2009;2827
10;Cáceres;10127 Montehermoso;Mujeres;2008;2811
10;Cáceres;10127 Montehermoso;Mujeres;2007;2793
10;Cáceres;10127 Montehermoso;Mujeres;2006;2779
10;Cáceres;10127 Montehermoso;Mujeres;2005;2750
10;Cáceres;10127 Montehermoso;Mujeres;2004;2776
10;Cáceres;10127 Montehermoso;Mujeres;2003;2771
10;Cáceres;10127 Montehermoso;Mujeres;2002;2757
10;Cáceres;10127 Montehermoso;Mujeres;2001;2806
10;Cáceres;10127 Montehermoso;Mujeres;2000;2709
10;Cáceres;10127 Montehermoso;Mujeres;1999;2572
10;Cáceres;10127 Montehermoso;Mujeres;1998;2572
10;Cáceres;10127 Montehermoso;Mujeres;1997;
10;Cáceres;10127 Montehermoso;Mujeres;1996;2667
10;Cáceres;10128 Moraleja;Total;2023;6585
10;Cáceres;10128 Moraleja;Total;2022;6691
10;Cáceres;10128 Moraleja;Total;2021;6685
10;Cáceres;10128 Moraleja;Total;2020;6696
10;Cáceres;10128 Moraleja;Total;2019;6750
10;Cáceres;10128 Moraleja;Total;2018;6792
10;Cáceres;10128 Moraleja;Total;2017;6811
10;Cáceres;10128 Moraleja;Total;2016;6912
10;Cáceres;10128 Moraleja;Total;2015;6963
10;Cáceres;10128 Moraleja;Total;2014;7072
10;Cáceres;10128 Moraleja;Total;2013;7114
10;Cáceres;10128 Moraleja;Total;2012;7130
10;Cáceres;10128 Moraleja;Total;2011;7182
10;Cáceres;10128 Moraleja;Total;2010;7185
10;Cáceres;10128 Moraleja;Total;2009;7998
10;Cáceres;10128 Moraleja;Total;2008;7983
10;Cáceres;10128 Moraleja;Total;2007;7919
10;Cáceres;10128 Moraleja;Total;2006;7904
10;Cáceres;10128 Moraleja;Total;2005;7984
10;Cáceres;10128 Moraleja;Total;2004;7916
10;Cáceres;10128 Moraleja;Total;2003;7793
10;Cáceres;10128 Moraleja;Total;2002;8095
10;Cáceres;10128 Moraleja;Total;2001;7903
10;Cáceres;10128 Moraleja;Total;2000;7958
10;Cáceres;10128 Moraleja;Total;1999;8161
10;Cáceres;10128 Moraleja;Total;1998;8355
10;Cáceres;10128 Moraleja;Total;1997;
10;Cáceres;10128 Moraleja;Total;1996;8273
10;Cáceres;10128 Moraleja;Hombres;2023;3268
10;Cáceres;10128 Moraleja;Hombres;2022;3329
10;Cáceres;10128 Moraleja;Hombres;2021;3321
10;Cáceres;10128 Moraleja;Hombres;2020;3315
10;Cáceres;10128 Moraleja;Hombres;2019;3341
10;Cáceres;10128 Moraleja;Hombres;2018;3384
10;Cáceres;10128 Moraleja;Hombres;2017;3403
10;Cáceres;10128 Moraleja;Hombres;2016;3450
10;Cáceres;10128 Moraleja;Hombres;2015;3480
10;Cáceres;10128 Moraleja;Hombres;2014;3525
10;Cáceres;10128 Moraleja;Hombres;2013;3545
10;Cáceres;10128 Moraleja;Hombres;2012;3554
10;Cáceres;10128 Moraleja;Hombres;2011;3569
10;Cáceres;10128 Moraleja;Hombres;2010;3573
10;Cáceres;10128 Moraleja;Hombres;2009;3979
10;Cáceres;10128 Moraleja;Hombres;2008;4021
10;Cáceres;10128 Moraleja;Hombres;2007;3994
10;Cáceres;10128 Moraleja;Hombres;2006;3983
10;Cáceres;10128 Moraleja;Hombres;2005;4026
10;Cáceres;10128 Moraleja;Hombres;2004;3972
10;Cáceres;10128 Moraleja;Hombres;2003;3916
10;Cáceres;10128 Moraleja;Hombres;2002;4052
10;Cáceres;10128 Moraleja;Hombres;2001;3931
10;Cáceres;10128 Moraleja;Hombres;2000;3942
10;Cáceres;10128 Moraleja;Hombres;1999;4040
10;Cáceres;10128 Moraleja;Hombres;1998;4138
10;Cáceres;10128 Moraleja;Hombres;1997;
10;Cáceres;10128 Moraleja;Hombres;1996;4104
10;Cáceres;10128 Moraleja;Mujeres;2023;3317
10;Cáceres;10128 Moraleja;Mujeres;2022;3362
10;Cáceres;10128 Moraleja;Mujeres;2021;3364
10;Cáceres;10128 Moraleja;Mujeres;2020;3381
10;Cáceres;10128 Moraleja;Mujeres;2019;3409
10;Cáceres;10128 Moraleja;Mujeres;2018;3408
10;Cáceres;10128 Moraleja;Mujeres;2017;3408
10;Cáceres;10128 Moraleja;Mujeres;2016;3462
10;Cáceres;10128 Moraleja;Mujeres;2015;3483
10;Cáceres;10128 Moraleja;Mujeres;2014;3547
10;Cáceres;10128 Moraleja;Mujeres;2013;3569
10;Cáceres;10128 Moraleja;Mujeres;2012;3576
10;Cáceres;10128 Moraleja;Mujeres;2011;3613
10;Cáceres;10128 Moraleja;Mujeres;2010;3612
10;Cáceres;10128 Moraleja;Mujeres;2009;4019
10;Cáceres;10128 Moraleja;Mujeres;2008;3962
10;Cáceres;10128 Moraleja;Mujeres;2007;3925
10;Cáceres;10128 Moraleja;Mujeres;2006;3921
10;Cáceres;10128 Moraleja;Mujeres;2005;3958
10;Cáceres;10128 Moraleja;Mujeres;2004;3944
10;Cáceres;10128 Moraleja;Mujeres;2003;3877
10;Cáceres;10128 Moraleja;Mujeres;2002;4043
10;Cáceres;10128 Moraleja;Mujeres;2001;3972
10;Cáceres;10128 Moraleja;Mujeres;2000;4016
10;Cáceres;10128 Moraleja;Mujeres;1999;4121
10;Cáceres;10128 Moraleja;Mujeres;1998;4217
10;Cáceres;10128 Moraleja;Mujeres;1997;
10;Cáceres;10128 Moraleja;Mujeres;1996;4169
10;Cáceres;10129 Morcillo;Total;2023;358
10;Cáceres;10129 Morcillo;Total;2022;362
10;Cáceres;10129 Morcillo;Total;2021;371
10;Cáceres;10129 Morcillo;Total;2020;358
10;Cáceres;10129 Morcillo;Total;2019;371
10;Cáceres;10129 Morcillo;Total;2018;378
10;Cáceres;10129 Morcillo;Total;2017;387
10;Cáceres;10129 Morcillo;Total;2016;407
10;Cáceres;10129 Morcillo;Total;2015;407
10;Cáceres;10129 Morcillo;Total;2014;406
10;Cáceres;10129 Morcillo;Total;2013;409
10;Cáceres;10129 Morcillo;Total;2012;415
10;Cáceres;10129 Morcillo;Total;2011;419
10;Cáceres;10129 Morcillo;Total;2010;423
10;Cáceres;10129 Morcillo;Total;2009;418
10;Cáceres;10129 Morcillo;Total;2008;420
10;Cáceres;10129 Morcillo;Total;2007;431
10;Cáceres;10129 Morcillo;Total;2006;437
10;Cáceres;10129 Morcillo;Total;2005;436
10;Cáceres;10129 Morcillo;Total;2004;435
10;Cáceres;10129 Morcillo;Total;2003;446
10;Cáceres;10129 Morcillo;Total;2002;462
10;Cáceres;10129 Morcillo;Total;2001;470
10;Cáceres;10129 Morcillo;Total;2000;484
10;Cáceres;10129 Morcillo;Total;1999;496
10;Cáceres;10129 Morcillo;Total;1998;505
10;Cáceres;10129 Morcillo;Total;1997;
10;Cáceres;10129 Morcillo;Total;1996;528
10;Cáceres;10129 Morcillo;Hombres;2023;172
10;Cáceres;10129 Morcillo;Hombres;2022;171
10;Cáceres;10129 Morcillo;Hombres;2021;175
10;Cáceres;10129 Morcillo;Hombres;2020;167
10;Cáceres;10129 Morcillo;Hombres;2019;171
10;Cáceres;10129 Morcillo;Hombres;2018;176
10;Cáceres;10129 Morcillo;Hombres;2017;177
10;Cáceres;10129 Morcillo;Hombres;2016;192
10;Cáceres;10129 Morcillo;Hombres;2015;193
10;Cáceres;10129 Morcillo;Hombres;2014;191
10;Cáceres;10129 Morcillo;Hombres;2013;196
10;Cáceres;10129 Morcillo;Hombres;2012;199
10;Cáceres;10129 Morcillo;Hombres;2011;201
10;Cáceres;10129 Morcillo;Hombres;2010;203
10;Cáceres;10129 Morcillo;Hombres;2009;201
10;Cáceres;10129 Morcillo;Hombres;2008;200
10;Cáceres;10129 Morcillo;Hombres;2007;206
10;Cáceres;10129 Morcillo;Hombres;2006;214
10;Cáceres;10129 Morcillo;Hombres;2005;214
10;Cáceres;10129 Morcillo;Hombres;2004;215
10;Cáceres;10129 Morcillo;Hombres;2003;220
10;Cáceres;10129 Morcillo;Hombres;2002;228
10;Cáceres;10129 Morcillo;Hombres;2001;232
10;Cáceres;10129 Morcillo;Hombres;2000;238
10;Cáceres;10129 Morcillo;Hombres;1999;245
10;Cáceres;10129 Morcillo;Hombres;1998;253
10;Cáceres;10129 Morcillo;Hombres;1997;
10;Cáceres;10129 Morcillo;Hombres;1996;266
10;Cáceres;10129 Morcillo;Mujeres;2023;186
10;Cáceres;10129 Morcillo;Mujeres;2022;191
10;Cáceres;10129 Morcillo;Mujeres;2021;196
10;Cáceres;10129 Morcillo;Mujeres;2020;191
10;Cáceres;10129 Morcillo;Mujeres;2019;200
10;Cáceres;10129 Morcillo;Mujeres;2018;202
10;Cáceres;10129 Morcillo;Mujeres;2017;210
10;Cáceres;10129 Morcillo;Mujeres;2016;215
10;Cáceres;10129 Morcillo;Mujeres;2015;214
10;Cáceres;10129 Morcillo;Mujeres;2014;215
10;Cáceres;10129 Morcillo;Mujeres;2013;213
10;Cáceres;10129 Morcillo;Mujeres;2012;216
10;Cáceres;10129 Morcillo;Mujeres;2011;218
10;Cáceres;10129 Morcillo;Mujeres;2010;220
10;Cáceres;10129 Morcillo;Mujeres;2009;217
10;Cáceres;10129 Morcillo;Mujeres;2008;220
10;Cáceres;10129 Morcillo;Mujeres;2007;225
10;Cáceres;10129 Morcillo;Mujeres;2006;223
10;Cáceres;10129 Morcillo;Mujeres;2005;222
10;Cáceres;10129 Morcillo;Mujeres;2004;220
10;Cáceres;10129 Morcillo;Mujeres;2003;226
10;Cáceres;10129 Morcillo;Mujeres;2002;234
10;Cáceres;10129 Morcillo;Mujeres;2001;238
10;Cáceres;10129 Morcillo;Mujeres;2000;246
10;Cáceres;10129 Morcillo;Mujeres;1999;251
10;Cáceres;10129 Morcillo;Mujeres;1998;252
10;Cáceres;10129 Morcillo;Mujeres;1997;
10;Cáceres;10129 Morcillo;Mujeres;1996;262
10;Cáceres;10130 Navaconcejo;Total;2023;2065
10;Cáceres;10130 Navaconcejo;Total;2022;2054
10;Cáceres;10130 Navaconcejo;Total;2021;2035
10;Cáceres;10130 Navaconcejo;Total;2020;2024
10;Cáceres;10130 Navaconcejo;Total;2019;1990
10;Cáceres;10130 Navaconcejo;Total;2018;2003
10;Cáceres;10130 Navaconcejo;Total;2017;2007
10;Cáceres;10130 Navaconcejo;Total;2016;2003
10;Cáceres;10130 Navaconcejo;Total;2015;2030
10;Cáceres;10130 Navaconcejo;Total;2014;2001
10;Cáceres;10130 Navaconcejo;Total;2013;1940
10;Cáceres;10130 Navaconcejo;Total;2012;1975
10;Cáceres;10130 Navaconcejo;Total;2011;2031
10;Cáceres;10130 Navaconcejo;Total;2010;2046
10;Cáceres;10130 Navaconcejo;Total;2009;2074
10;Cáceres;10130 Navaconcejo;Total;2008;2083
10;Cáceres;10130 Navaconcejo;Total;2007;2087
10;Cáceres;10130 Navaconcejo;Total;2006;2081
10;Cáceres;10130 Navaconcejo;Total;2005;2102
10;Cáceres;10130 Navaconcejo;Total;2004;2105
10;Cáceres;10130 Navaconcejo;Total;2003;2070
10;Cáceres;10130 Navaconcejo;Total;2002;2122
10;Cáceres;10130 Navaconcejo;Total;2001;1978
10;Cáceres;10130 Navaconcejo;Total;2000;2035
10;Cáceres;10130 Navaconcejo;Total;1999;2176
10;Cáceres;10130 Navaconcejo;Total;1998;2176
10;Cáceres;10130 Navaconcejo;Total;1997;
10;Cáceres;10130 Navaconcejo;Total;1996;2182
10;Cáceres;10130 Navaconcejo;Hombres;2023;1043
10;Cáceres;10130 Navaconcejo;Hombres;2022;1040
10;Cáceres;10130 Navaconcejo;Hombres;2021;1030
10;Cáceres;10130 Navaconcejo;Hombres;2020;1019
10;Cáceres;10130 Navaconcejo;Hombres;2019;1005
10;Cáceres;10130 Navaconcejo;Hombres;2018;1008
10;Cáceres;10130 Navaconcejo;Hombres;2017;1018
10;Cáceres;10130 Navaconcejo;Hombres;2016;1019
10;Cáceres;10130 Navaconcejo;Hombres;2015;1032
10;Cáceres;10130 Navaconcejo;Hombres;2014;1009
10;Cáceres;10130 Navaconcejo;Hombres;2013;981
10;Cáceres;10130 Navaconcejo;Hombres;2012;997
10;Cáceres;10130 Navaconcejo;Hombres;2011;1017
10;Cáceres;10130 Navaconcejo;Hombres;2010;1021
10;Cáceres;10130 Navaconcejo;Hombres;2009;1032
10;Cáceres;10130 Navaconcejo;Hombres;2008;1038
10;Cáceres;10130 Navaconcejo;Hombres;2007;1045
10;Cáceres;10130 Navaconcejo;Hombres;2006;1045
10;Cáceres;10130 Navaconcejo;Hombres;2005;1059
10;Cáceres;10130 Navaconcejo;Hombres;2004;1057
10;Cáceres;10130 Navaconcejo;Hombres;2003;1048
10;Cáceres;10130 Navaconcejo;Hombres;2002;1076
10;Cáceres;10130 Navaconcejo;Hombres;2001;1005
10;Cáceres;10130 Navaconcejo;Hombres;2000;1031
10;Cáceres;10130 Navaconcejo;Hombres;1999;1103
10;Cáceres;10130 Navaconcejo;Hombres;1998;1103
10;Cáceres;10130 Navaconcejo;Hombres;1997;
10;Cáceres;10130 Navaconcejo;Hombres;1996;1101
10;Cáceres;10130 Navaconcejo;Mujeres;2023;1022
10;Cáceres;10130 Navaconcejo;Mujeres;2022;1014
10;Cáceres;10130 Navaconcejo;Mujeres;2021;1005
10;Cáceres;10130 Navaconcejo;Mujeres;2020;1005
10;Cáceres;10130 Navaconcejo;Mujeres;2019;985
10;Cáceres;10130 Navaconcejo;Mujeres;2018;995
10;Cáceres;10130 Navaconcejo;Mujeres;2017;989
10;Cáceres;10130 Navaconcejo;Mujeres;2016;984
10;Cáceres;10130 Navaconcejo;Mujeres;2015;998
10;Cáceres;10130 Navaconcejo;Mujeres;2014;992
10;Cáceres;10130 Navaconcejo;Mujeres;2013;959
10;Cáceres;10130 Navaconcejo;Mujeres;2012;978
10;Cáceres;10130 Navaconcejo;Mujeres;2011;1014
10;Cáceres;10130 Navaconcejo;Mujeres;2010;1025
10;Cáceres;10130 Navaconcejo;Mujeres;2009;1042
10;Cáceres;10130 Navaconcejo;Mujeres;2008;1045
10;Cáceres;10130 Navaconcejo;Mujeres;2007;1042
10;Cáceres;10130 Navaconcejo;Mujeres;2006;1036
10;Cáceres;10130 Navaconcejo;Mujeres;2005;1043
10;Cáceres;10130 Navaconcejo;Mujeres;2004;1048
10;Cáceres;10130 Navaconcejo;Mujeres;2003;1022
10;Cáceres;10130 Navaconcejo;Mujeres;2002;1046
10;Cáceres;10130 Navaconcejo;Mujeres;2001;973
10;Cáceres;10130 Navaconcejo;Mujeres;2000;1004
10;Cáceres;10130 Navaconcejo;Mujeres;1999;1073
10;Cáceres;10130 Navaconcejo;Mujeres;1998;1073
10;Cáceres;10130 Navaconcejo;Mujeres;1997;
10;Cáceres;10130 Navaconcejo;Mujeres;1996;1081
10;Cáceres;10131 Navalmoral de la Mata;Total;2023;16895
10;Cáceres;10131 Navalmoral de la Mata;Total;2022;16784
10;Cáceres;10131 Navalmoral de la Mata;Total;2021;17010
10;Cáceres;10131 Navalmoral de la Mata;Total;2020;17163
10;Cáceres;10131 Navalmoral de la Mata;Total;2019;17129
10;Cáceres;10131 Navalmoral de la Mata;Total;2018;17170
10;Cáceres;10131 Navalmoral de la Mata;Total;2017;17297
10;Cáceres;10131 Navalmoral de la Mata;Total;2016;17247
10;Cáceres;10131 Navalmoral de la Mata;Total;2015;17156
10;Cáceres;10131 Navalmoral de la Mata;Total;2014;17322
10;Cáceres;10131 Navalmoral de la Mata;Total;2013;17274
10;Cáceres;10131 Navalmoral de la Mata;Total;2012;17401
10;Cáceres;10131 Navalmoral de la Mata;Total;2011;17386
10;Cáceres;10131 Navalmoral de la Mata;Total;2010;17309
10;Cáceres;10131 Navalmoral de la Mata;Total;2009;17228
10;Cáceres;10131 Navalmoral de la Mata;Total;2008;17103
10;Cáceres;10131 Navalmoral de la Mata;Total;2007;16931
10;Cáceres;10131 Navalmoral de la Mata;Total;2006;17099
10;Cáceres;10131 Navalmoral de la Mata;Total;2005;17145
10;Cáceres;10131 Navalmoral de la Mata;Total;2004;16856
10;Cáceres;10131 Navalmoral de la Mata;Total;2003;16382
10;Cáceres;10131 Navalmoral de la Mata;Total;2002;15233
10;Cáceres;10131 Navalmoral de la Mata;Total;2001;14993
10;Cáceres;10131 Navalmoral de la Mata;Total;2000;14838
10;Cáceres;10131 Navalmoral de la Mata;Total;1999;14934
10;Cáceres;10131 Navalmoral de la Mata;Total;1998;14874
10;Cáceres;10131 Navalmoral de la Mata;Total;1997;
10;Cáceres;10131 Navalmoral de la Mata;Total;1996;15819
10;Cáceres;10131 Navalmoral de la Mata;Hombres;2023;8162
10;Cáceres;10131 Navalmoral de la Mata;Hombres;2022;8108
10;Cáceres;10131 Navalmoral de la Mata;Hombres;2021;8233
10;Cáceres;10131 Navalmoral de la Mata;Hombres;2020;8306
10;Cáceres;10131 Navalmoral de la Mata;Hombres;2019;8252
10;Cáceres;10131 Navalmoral de la Mata;Hombres;2018;8274
10;Cáceres;10131 Navalmoral de la Mata;Hombres;2017;8326
10;Cáceres;10131 Navalmoral de la Mata;Hombres;2016;8317
10;Cáceres;10131 Navalmoral de la Mata;Hombres;2015;8284
10;Cáceres;10131 Navalmoral de la Mata;Hombres;2014;8358
10;Cáceres;10131 Navalmoral de la Mata;Hombres;2013;8369
10;Cáceres;10131 Navalmoral de la Mata;Hombres;2012;8477
10;Cáceres;10131 Navalmoral de la Mata;Hombres;2011;8548
10;Cáceres;10131 Navalmoral de la Mata;Hombres;2010;8489
10;Cáceres;10131 Navalmoral de la Mata;Hombres;2009;8471
10;Cáceres;10131 Navalmoral de la Mata;Hombres;2008;8487
10;Cáceres;10131 Navalmoral de la Mata;Hombres;2007;8408
10;Cáceres;10131 Navalmoral de la Mata;Hombres;2006;8618
10;Cáceres;10131 Navalmoral de la Mata;Hombres;2005;8689
10;Cáceres;10131 Navalmoral de la Mata;Hombres;2004;8499
10;Cáceres;10131 Navalmoral de la Mata;Hombres;2003;8250
10;Cáceres;10131 Navalmoral de la Mata;Hombres;2002;7641
10;Cáceres;10131 Navalmoral de la Mata;Hombres;2001;7540
10;Cáceres;10131 Navalmoral de la Mata;Hombres;2000;7422
10;Cáceres;10131 Navalmoral de la Mata;Hombres;1999;7474
10;Cáceres;10131 Navalmoral de la Mata;Hombres;1998;7402
10;Cáceres;10131 Navalmoral de la Mata;Hombres;1997;
10;Cáceres;10131 Navalmoral de la Mata;Hombres;1996;7797
10;Cáceres;10131 Navalmoral de la Mata;Mujeres;2023;8733
10;Cáceres;10131 Navalmoral de la Mata;Mujeres;2022;8676
10;Cáceres;10131 Navalmoral de la Mata;Mujeres;2021;8777
10;Cáceres;10131 Navalmoral de la Mata;Mujeres;2020;8857
10;Cáceres;10131 Navalmoral de la Mata;Mujeres;2019;8877
10;Cáceres;10131 Navalmoral de la Mata;Mujeres;2018;8896
10;Cáceres;10131 Navalmoral de la Mata;Mujeres;2017;8971
10;Cáceres;10131 Navalmoral de la Mata;Mujeres;2016;8930
10;Cáceres;10131 Navalmoral de la Mata;Mujeres;2015;8872
10;Cáceres;10131 Navalmoral de la Mata;Mujeres;2014;8964
10;Cáceres;10131 Navalmoral de la Mata;Mujeres;2013;8905
10;Cáceres;10131 Navalmoral de la Mata;Mujeres;2012;8924
10;Cáceres;10131 Navalmoral de la Mata;Mujeres;2011;8838
10;Cáceres;10131 Navalmoral de la Mata;Mujeres;2010;8820
10;Cáceres;10131 Navalmoral de la Mata;Mujeres;2009;8757
10;Cáceres;10131 Navalmoral de la Mata;Mujeres;2008;8616
10;Cáceres;10131 Navalmoral de la Mata;Mujeres;2007;8523
10;Cáceres;10131 Navalmoral de la Mata;Mujeres;2006;8481
10;Cáceres;10131 Navalmoral de la Mata;Mujeres;2005;8456
10;Cáceres;10131 Navalmoral de la Mata;Mujeres;2004;8357
10;Cáceres;10131 Navalmoral de la Mata;Mujeres;2003;8132
10;Cáceres;10131 Navalmoral de la Mata;Mujeres;2002;7592
10;Cáceres;10131 Navalmoral de la Mata;Mujeres;2001;7453
10;Cáceres;10131 Navalmoral de la Mata;Mujeres;2000;7416
10;Cáceres;10131 Navalmoral de la Mata;Mujeres;1999;7460
10;Cáceres;10131 Navalmoral de la Mata;Mujeres;1998;7472
10;Cáceres;10131 Navalmoral de la Mata;Mujeres;1997;
10;Cáceres;10131 Navalmoral de la Mata;Mujeres;1996;8022
10;Cáceres;10132 Navalvillar de Ibor;Total;2023;383
10;Cáceres;10132 Navalvillar de Ibor;Total;2022;387
10;Cáceres;10132 Navalvillar de Ibor;Total;2021;393
10;Cáceres;10132 Navalvillar de Ibor;Total;2020;388
10;Cáceres;10132 Navalvillar de Ibor;Total;2019;408
10;Cáceres;10132 Navalvillar de Ibor;Total;2018;416
10;Cáceres;10132 Navalvillar de Ibor;Total;2017;431
10;Cáceres;10132 Navalvillar de Ibor;Total;2016;443
10;Cáceres;10132 Navalvillar de Ibor;Total;2015;447
10;Cáceres;10132 Navalvillar de Ibor;Total;2014;455
10;Cáceres;10132 Navalvillar de Ibor;Total;2013;460
10;Cáceres;10132 Navalvillar de Ibor;Total;2012;469
10;Cáceres;10132 Navalvillar de Ibor;Total;2011;484
10;Cáceres;10132 Navalvillar de Ibor;Total;2010;504
10;Cáceres;10132 Navalvillar de Ibor;Total;2009;504
10;Cáceres;10132 Navalvillar de Ibor;Total;2008;402
10;Cáceres;10132 Navalvillar de Ibor;Total;2007;421
10;Cáceres;10132 Navalvillar de Ibor;Total;2006;420
10;Cáceres;10132 Navalvillar de Ibor;Total;2005;434
10;Cáceres;10132 Navalvillar de Ibor;Total;2004;452
10;Cáceres;10132 Navalvillar de Ibor;Total;2003;474
10;Cáceres;10132 Navalvillar de Ibor;Total;2002;494
10;Cáceres;10132 Navalvillar de Ibor;Total;2001;503
10;Cáceres;10132 Navalvillar de Ibor;Total;2000;515
10;Cáceres;10132 Navalvillar de Ibor;Total;1999;532
10;Cáceres;10132 Navalvillar de Ibor;Total;1998;553
10;Cáceres;10132 Navalvillar de Ibor;Total;1997;
10;Cáceres;10132 Navalvillar de Ibor;Total;1996;573
10;Cáceres;10132 Navalvillar de Ibor;Hombres;2023;196
10;Cáceres;10132 Navalvillar de Ibor;Hombres;2022;192
10;Cáceres;10132 Navalvillar de Ibor;Hombres;2021;196
10;Cáceres;10132 Navalvillar de Ibor;Hombres;2020;195
10;Cáceres;10132 Navalvillar de Ibor;Hombres;2019;204
10;Cáceres;10132 Navalvillar de Ibor;Hombres;2018;207
10;Cáceres;10132 Navalvillar de Ibor;Hombres;2017;216
10;Cáceres;10132 Navalvillar de Ibor;Hombres;2016;223
10;Cáceres;10132 Navalvillar de Ibor;Hombres;2015;224
10;Cáceres;10132 Navalvillar de Ibor;Hombres;2014;226
10;Cáceres;10132 Navalvillar de Ibor;Hombres;2013;231
10;Cáceres;10132 Navalvillar de Ibor;Hombres;2012;240
10;Cáceres;10132 Navalvillar de Ibor;Hombres;2011;244
10;Cáceres;10132 Navalvillar de Ibor;Hombres;2010;256
10;Cáceres;10132 Navalvillar de Ibor;Hombres;2009;253
10;Cáceres;10132 Navalvillar de Ibor;Hombres;2008;212
10;Cáceres;10132 Navalvillar de Ibor;Hombres;2007;223
10;Cáceres;10132 Navalvillar de Ibor;Hombres;2006;222
10;Cáceres;10132 Navalvillar de Ibor;Hombres;2005;229
10;Cáceres;10132 Navalvillar de Ibor;Hombres;2004;240
10;Cáceres;10132 Navalvillar de Ibor;Hombres;2003;252
10;Cáceres;10132 Navalvillar de Ibor;Hombres;2002;263
10;Cáceres;10132 Navalvillar de Ibor;Hombres;2001;265
10;Cáceres;10132 Navalvillar de Ibor;Hombres;2000;269
10;Cáceres;10132 Navalvillar de Ibor;Hombres;1999;276
10;Cáceres;10132 Navalvillar de Ibor;Hombres;1998;288
10;Cáceres;10132 Navalvillar de Ibor;Hombres;1997;
10;Cáceres;10132 Navalvillar de Ibor;Hombres;1996;289
10;Cáceres;10132 Navalvillar de Ibor;Mujeres;2023;187
10;Cáceres;10132 Navalvillar de Ibor;Mujeres;2022;195
10;Cáceres;10132 Navalvillar de Ibor;Mujeres;2021;197
10;Cáceres;10132 Navalvillar de Ibor;Mujeres;2020;193
10;Cáceres;10132 Navalvillar de Ibor;Mujeres;2019;204
10;Cáceres;10132 Navalvillar de Ibor;Mujeres;2018;209
10;Cáceres;10132 Navalvillar de Ibor;Mujeres;2017;215
10;Cáceres;10132 Navalvillar de Ibor;Mujeres;2016;220
10;Cáceres;10132 Navalvillar de Ibor;Mujeres;2015;223
10;Cáceres;10132 Navalvillar de Ibor;Mujeres;2014;229
10;Cáceres;10132 Navalvillar de Ibor;Mujeres;2013;229
10;Cáceres;10132 Navalvillar de Ibor;Mujeres;2012;229
10;Cáceres;10132 Navalvillar de Ibor;Mujeres;2011;240
10;Cáceres;10132 Navalvillar de Ibor;Mujeres;2010;248
10;Cáceres;10132 Navalvillar de Ibor;Mujeres;2009;251
10;Cáceres;10132 Navalvillar de Ibor;Mujeres;2008;190
10;Cáceres;10132 Navalvillar de Ibor;Mujeres;2007;198
10;Cáceres;10132 Navalvillar de Ibor;Mujeres;2006;198
10;Cáceres;10132 Navalvillar de Ibor;Mujeres;2005;205
10;Cáceres;10132 Navalvillar de Ibor;Mujeres;2004;212
10;Cáceres;10132 Navalvillar de Ibor;Mujeres;2003;222
10;Cáceres;10132 Navalvillar de Ibor;Mujeres;2002;231
10;Cáceres;10132 Navalvillar de Ibor;Mujeres;2001;238
10;Cáceres;10132 Navalvillar de Ibor;Mujeres;2000;246
10;Cáceres;10132 Navalvillar de Ibor;Mujeres;1999;256
10;Cáceres;10132 Navalvillar de Ibor;Mujeres;1998;265
10;Cáceres;10132 Navalvillar de Ibor;Mujeres;1997;
10;Cáceres;10132 Navalvillar de Ibor;Mujeres;1996;284
10;Cáceres;10133 Navas del Madroño;Total;2023;1243
10;Cáceres;10133 Navas del Madroño;Total;2022;1256
10;Cáceres;10133 Navas del Madroño;Total;2021;1261
10;Cáceres;10133 Navas del Madroño;Total;2020;1280
10;Cáceres;10133 Navas del Madroño;Total;2019;1292
10;Cáceres;10133 Navas del Madroño;Total;2018;1336
10;Cáceres;10133 Navas del Madroño;Total;2017;1355
10;Cáceres;10133 Navas del Madroño;Total;2016;1363
10;Cáceres;10133 Navas del Madroño;Total;2015;1372
10;Cáceres;10133 Navas del Madroño;Total;2014;1377
10;Cáceres;10133 Navas del Madroño;Total;2013;1396
10;Cáceres;10133 Navas del Madroño;Total;2012;1412
10;Cáceres;10133 Navas del Madroño;Total;2011;1427
10;Cáceres;10133 Navas del Madroño;Total;2010;1441
10;Cáceres;10133 Navas del Madroño;Total;2009;1444
10;Cáceres;10133 Navas del Madroño;Total;2008;1480
10;Cáceres;10133 Navas del Madroño;Total;2007;1487
10;Cáceres;10133 Navas del Madroño;Total;2006;1508
10;Cáceres;10133 Navas del Madroño;Total;2005;1511
10;Cáceres;10133 Navas del Madroño;Total;2004;1497
10;Cáceres;10133 Navas del Madroño;Total;2003;1496
10;Cáceres;10133 Navas del Madroño;Total;2002;1511
10;Cáceres;10133 Navas del Madroño;Total;2001;1514
10;Cáceres;10133 Navas del Madroño;Total;2000;1536
10;Cáceres;10133 Navas del Madroño;Total;1999;1575
10;Cáceres;10133 Navas del Madroño;Total;1998;1575
10;Cáceres;10133 Navas del Madroño;Total;1997;
10;Cáceres;10133 Navas del Madroño;Total;1996;1661
10;Cáceres;10133 Navas del Madroño;Hombres;2023;612
10;Cáceres;10133 Navas del Madroño;Hombres;2022;619
10;Cáceres;10133 Navas del Madroño;Hombres;2021;626
10;Cáceres;10133 Navas del Madroño;Hombres;2020;637
10;Cáceres;10133 Navas del Madroño;Hombres;2019;647
10;Cáceres;10133 Navas del Madroño;Hombres;2018;669
10;Cáceres;10133 Navas del Madroño;Hombres;2017;675
10;Cáceres;10133 Navas del Madroño;Hombres;2016;677
10;Cáceres;10133 Navas del Madroño;Hombres;2015;679
10;Cáceres;10133 Navas del Madroño;Hombres;2014;685
10;Cáceres;10133 Navas del Madroño;Hombres;2013;698
10;Cáceres;10133 Navas del Madroño;Hombres;2012;707
10;Cáceres;10133 Navas del Madroño;Hombres;2011;720
10;Cáceres;10133 Navas del Madroño;Hombres;2010;721
10;Cáceres;10133 Navas del Madroño;Hombres;2009;725
10;Cáceres;10133 Navas del Madroño;Hombres;2008;737
10;Cáceres;10133 Navas del Madroño;Hombres;2007;738
10;Cáceres;10133 Navas del Madroño;Hombres;2006;752
10;Cáceres;10133 Navas del Madroño;Hombres;2005;754
10;Cáceres;10133 Navas del Madroño;Hombres;2004;745
10;Cáceres;10133 Navas del Madroño;Hombres;2003;752
10;Cáceres;10133 Navas del Madroño;Hombres;2002;764
10;Cáceres;10133 Navas del Madroño;Hombres;2001;756
10;Cáceres;10133 Navas del Madroño;Hombres;2000;770
10;Cáceres;10133 Navas del Madroño;Hombres;1999;793
10;Cáceres;10133 Navas del Madroño;Hombres;1998;793
10;Cáceres;10133 Navas del Madroño;Hombres;1997;
10;Cáceres;10133 Navas del Madroño;Hombres;1996;837
10;Cáceres;10133 Navas del Madroño;Mujeres;2023;631
10;Cáceres;10133 Navas del Madroño;Mujeres;2022;637
10;Cáceres;10133 Navas del Madroño;Mujeres;2021;635
10;Cáceres;10133 Navas del Madroño;Mujeres;2020;643
10;Cáceres;10133 Navas del Madroño;Mujeres;2019;645
10;Cáceres;10133 Navas del Madroño;Mujeres;2018;667
10;Cáceres;10133 Navas del Madroño;Mujeres;2017;680
10;Cáceres;10133 Navas del Madroño;Mujeres;2016;686
10;Cáceres;10133 Navas del Madroño;Mujeres;2015;693
10;Cáceres;10133 Navas del Madroño;Mujeres;2014;692
10;Cáceres;10133 Navas del Madroño;Mujeres;2013;698
10;Cáceres;10133 Navas del Madroño;Mujeres;2012;705
10;Cáceres;10133 Navas del Madroño;Mujeres;2011;707
10;Cáceres;10133 Navas del Madroño;Mujeres;2010;720
10;Cáceres;10133 Navas del Madroño;Mujeres;2009;719
10;Cáceres;10133 Navas del Madroño;Mujeres;2008;743
10;Cáceres;10133 Navas del Madroño;Mujeres;2007;749
10;Cáceres;10133 Navas del Madroño;Mujeres;2006;756
10;Cáceres;10133 Navas del Madroño;Mujeres;2005;757
10;Cáceres;10133 Navas del Madroño;Mujeres;2004;752
10;Cáceres;10133 Navas del Madroño;Mujeres;2003;744
10;Cáceres;10133 Navas del Madroño;Mujeres;2002;747
10;Cáceres;10133 Navas del Madroño;Mujeres;2001;758
10;Cáceres;10133 Navas del Madroño;Mujeres;2000;766
10;Cáceres;10133 Navas del Madroño;Mujeres;1999;782
10;Cáceres;10133 Navas del Madroño;Mujeres;1998;782
10;Cáceres;10133 Navas del Madroño;Mujeres;1997;
10;Cáceres;10133 Navas del Madroño;Mujeres;1996;824
10;Cáceres;10134 Navezuelas;Total;2023;648
10;Cáceres;10134 Navezuelas;Total;2022;641
10;Cáceres;10134 Navezuelas;Total;2021;631
10;Cáceres;10134 Navezuelas;Total;2020;632
10;Cáceres;10134 Navezuelas;Total;2019;637
10;Cáceres;10134 Navezuelas;Total;2018;646
10;Cáceres;10134 Navezuelas;Total;2017;661
10;Cáceres;10134 Navezuelas;Total;2016;671
10;Cáceres;10134 Navezuelas;Total;2015;664
10;Cáceres;10134 Navezuelas;Total;2014;660
10;Cáceres;10134 Navezuelas;Total;2013;670
10;Cáceres;10134 Navezuelas;Total;2012;668
10;Cáceres;10134 Navezuelas;Total;2011;693
10;Cáceres;10134 Navezuelas;Total;2010;697
10;Cáceres;10134 Navezuelas;Total;2009;698
10;Cáceres;10134 Navezuelas;Total;2008;699
10;Cáceres;10134 Navezuelas;Total;2007;714
10;Cáceres;10134 Navezuelas;Total;2006;722
10;Cáceres;10134 Navezuelas;Total;2005;740
10;Cáceres;10134 Navezuelas;Total;2004;729
10;Cáceres;10134 Navezuelas;Total;2003;721
10;Cáceres;10134 Navezuelas;Total;2002;708
10;Cáceres;10134 Navezuelas;Total;2001;727
10;Cáceres;10134 Navezuelas;Total;2000;731
10;Cáceres;10134 Navezuelas;Total;1999;737
10;Cáceres;10134 Navezuelas;Total;1998;755
10;Cáceres;10134 Navezuelas;Total;1997;
10;Cáceres;10134 Navezuelas;Total;1996;755
10;Cáceres;10134 Navezuelas;Hombres;2023;333
10;Cáceres;10134 Navezuelas;Hombres;2022;328
10;Cáceres;10134 Navezuelas;Hombres;2021;325
10;Cáceres;10134 Navezuelas;Hombres;2020;325
10;Cáceres;10134 Navezuelas;Hombres;2019;323
10;Cáceres;10134 Navezuelas;Hombres;2018;330
10;Cáceres;10134 Navezuelas;Hombres;2017;343
10;Cáceres;10134 Navezuelas;Hombres;2016;347
10;Cáceres;10134 Navezuelas;Hombres;2015;341
10;Cáceres;10134 Navezuelas;Hombres;2014;344
10;Cáceres;10134 Navezuelas;Hombres;2013;346
10;Cáceres;10134 Navezuelas;Hombres;2012;348
10;Cáceres;10134 Navezuelas;Hombres;2011;361
10;Cáceres;10134 Navezuelas;Hombres;2010;357
10;Cáceres;10134 Navezuelas;Hombres;2009;359
10;Cáceres;10134 Navezuelas;Hombres;2008;359
10;Cáceres;10134 Navezuelas;Hombres;2007;372
10;Cáceres;10134 Navezuelas;Hombres;2006;382
10;Cáceres;10134 Navezuelas;Hombres;2005;394
10;Cáceres;10134 Navezuelas;Hombres;2004;390
10;Cáceres;10134 Navezuelas;Hombres;2003;380
10;Cáceres;10134 Navezuelas;Hombres;2002;372
10;Cáceres;10134 Navezuelas;Hombres;2001;382
10;Cáceres;10134 Navezuelas;Hombres;2000;383
10;Cáceres;10134 Navezuelas;Hombres;1999;389
10;Cáceres;10134 Navezuelas;Hombres;1998;395
10;Cáceres;10134 Navezuelas;Hombres;1997;
10;Cáceres;10134 Navezuelas;Hombres;1996;394
10;Cáceres;10134 Navezuelas;Mujeres;2023;315
10;Cáceres;10134 Navezuelas;Mujeres;2022;313
10;Cáceres;10134 Navezuelas;Mujeres;2021;306
10;Cáceres;10134 Navezuelas;Mujeres;2020;307
10;Cáceres;10134 Navezuelas;Mujeres;2019;314
10;Cáceres;10134 Navezuelas;Mujeres;2018;316
10;Cáceres;10134 Navezuelas;Mujeres;2017;318
10;Cáceres;10134 Navezuelas;Mujeres;2016;324
10;Cáceres;10134 Navezuelas;Mujeres;2015;323
10;Cáceres;10134 Navezuelas;Mujeres;2014;316
10;Cáceres;10134 Navezuelas;Mujeres;2013;324
10;Cáceres;10134 Navezuelas;Mujeres;2012;320
10;Cáceres;10134 Navezuelas;Mujeres;2011;332
10;Cáceres;10134 Navezuelas;Mujeres;2010;340
10;Cáceres;10134 Navezuelas;Mujeres;2009;339
10;Cáceres;10134 Navezuelas;Mujeres;2008;340
10;Cáceres;10134 Navezuelas;Mujeres;2007;342
10;Cáceres;10134 Navezuelas;Mujeres;2006;340
10;Cáceres;10134 Navezuelas;Mujeres;2005;346
10;Cáceres;10134 Navezuelas;Mujeres;2004;339
10;Cáceres;10134 Navezuelas;Mujeres;2003;341
10;Cáceres;10134 Navezuelas;Mujeres;2002;336
10;Cáceres;10134 Navezuelas;Mujeres;2001;345
10;Cáceres;10134 Navezuelas;Mujeres;2000;348
10;Cáceres;10134 Navezuelas;Mujeres;1999;348
10;Cáceres;10134 Navezuelas;Mujeres;1998;360
10;Cáceres;10134 Navezuelas;Mujeres;1997;
10;Cáceres;10134 Navezuelas;Mujeres;1996;361
10;Cáceres;10135 Nuñomoral;Total;2023;1225
10;Cáceres;10135 Nuñomoral;Total;2022;1218
10;Cáceres;10135 Nuñomoral;Total;2021;1224
10;Cáceres;10135 Nuñomoral;Total;2020;1252
10;Cáceres;10135 Nuñomoral;Total;2019;1272
10;Cáceres;10135 Nuñomoral;Total;2018;1311
10;Cáceres;10135 Nuñomoral;Total;2017;1355
10;Cáceres;10135 Nuñomoral;Total;2016;1362
10;Cáceres;10135 Nuñomoral;Total;2015;1392
10;Cáceres;10135 Nuñomoral;Total;2014;1393
10;Cáceres;10135 Nuñomoral;Total;2013;1383
10;Cáceres;10135 Nuñomoral;Total;2012;1411
10;Cáceres;10135 Nuñomoral;Total;2011;1420
10;Cáceres;10135 Nuñomoral;Total;2010;1436
10;Cáceres;10135 Nuñomoral;Total;2009;1435
10;Cáceres;10135 Nuñomoral;Total;2008;1452
10;Cáceres;10135 Nuñomoral;Total;2007;1494
10;Cáceres;10135 Nuñomoral;Total;2006;1523
10;Cáceres;10135 Nuñomoral;Total;2005;1520
10;Cáceres;10135 Nuñomoral;Total;2004;1581
10;Cáceres;10135 Nuñomoral;Total;2003;1614
10;Cáceres;10135 Nuñomoral;Total;2002;1668
10;Cáceres;10135 Nuñomoral;Total;2001;1726
10;Cáceres;10135 Nuñomoral;Total;2000;1760
10;Cáceres;10135 Nuñomoral;Total;1999;1888
10;Cáceres;10135 Nuñomoral;Total;1998;2013
10;Cáceres;10135 Nuñomoral;Total;1997;
10;Cáceres;10135 Nuñomoral;Total;1996;2002
10;Cáceres;10135 Nuñomoral;Hombres;2023;660
10;Cáceres;10135 Nuñomoral;Hombres;2022;651
10;Cáceres;10135 Nuñomoral;Hombres;2021;650
10;Cáceres;10135 Nuñomoral;Hombres;2020;666
10;Cáceres;10135 Nuñomoral;Hombres;2019;676
10;Cáceres;10135 Nuñomoral;Hombres;2018;691
10;Cáceres;10135 Nuñomoral;Hombres;2017;715
10;Cáceres;10135 Nuñomoral;Hombres;2016;722
10;Cáceres;10135 Nuñomoral;Hombres;2015;739
10;Cáceres;10135 Nuñomoral;Hombres;2014;750
10;Cáceres;10135 Nuñomoral;Hombres;2013;736
10;Cáceres;10135 Nuñomoral;Hombres;2012;750
10;Cáceres;10135 Nuñomoral;Hombres;2011;755
10;Cáceres;10135 Nuñomoral;Hombres;2010;774
10;Cáceres;10135 Nuñomoral;Hombres;2009;763
10;Cáceres;10135 Nuñomoral;Hombres;2008;770
10;Cáceres;10135 Nuñomoral;Hombres;2007;790
10;Cáceres;10135 Nuñomoral;Hombres;2006;809
10;Cáceres;10135 Nuñomoral;Hombres;2005;809
10;Cáceres;10135 Nuñomoral;Hombres;2004;839
10;Cáceres;10135 Nuñomoral;Hombres;2003;852
10;Cáceres;10135 Nuñomoral;Hombres;2002;873
10;Cáceres;10135 Nuñomoral;Hombres;2001;912
10;Cáceres;10135 Nuñomoral;Hombres;2000;929
10;Cáceres;10135 Nuñomoral;Hombres;1999;995
10;Cáceres;10135 Nuñomoral;Hombres;1998;1064
10;Cáceres;10135 Nuñomoral;Hombres;1997;
10;Cáceres;10135 Nuñomoral;Hombres;1996;1054
10;Cáceres;10135 Nuñomoral;Mujeres;2023;565
10;Cáceres;10135 Nuñomoral;Mujeres;2022;567
10;Cáceres;10135 Nuñomoral;Mujeres;2021;574
10;Cáceres;10135 Nuñomoral;Mujeres;2020;586
10;Cáceres;10135 Nuñomoral;Mujeres;2019;596
10;Cáceres;10135 Nuñomoral;Mujeres;2018;620
10;Cáceres;10135 Nuñomoral;Mujeres;2017;640
10;Cáceres;10135 Nuñomoral;Mujeres;2016;640
10;Cáceres;10135 Nuñomoral;Mujeres;2015;653
10;Cáceres;10135 Nuñomoral;Mujeres;2014;643
10;Cáceres;10135 Nuñomoral;Mujeres;2013;647
10;Cáceres;10135 Nuñomoral;Mujeres;2012;661
10;Cáceres;10135 Nuñomoral;Mujeres;2011;665
10;Cáceres;10135 Nuñomoral;Mujeres;2010;662
10;Cáceres;10135 Nuñomoral;Mujeres;2009;672
10;Cáceres;10135 Nuñomoral;Mujeres;2008;682
10;Cáceres;10135 Nuñomoral;Mujeres;2007;704
10;Cáceres;10135 Nuñomoral;Mujeres;2006;714
10;Cáceres;10135 Nuñomoral;Mujeres;2005;711
10;Cáceres;10135 Nuñomoral;Mujeres;2004;742
10;Cáceres;10135 Nuñomoral;Mujeres;2003;762
10;Cáceres;10135 Nuñomoral;Mujeres;2002;795
10;Cáceres;10135 Nuñomoral;Mujeres;2001;814
10;Cáceres;10135 Nuñomoral;Mujeres;2000;831
10;Cáceres;10135 Nuñomoral;Mujeres;1999;893
10;Cáceres;10135 Nuñomoral;Mujeres;1998;949
10;Cáceres;10135 Nuñomoral;Mujeres;1997;
10;Cáceres;10135 Nuñomoral;Mujeres;1996;948
10;Cáceres;10136 Oliva de Plasencia;Total;2023;299
10;Cáceres;10136 Oliva de Plasencia;Total;2022;285
10;Cáceres;10136 Oliva de Plasencia;Total;2021;286
10;Cáceres;10136 Oliva de Plasencia;Total;2020;296
10;Cáceres;10136 Oliva de Plasencia;Total;2019;303
10;Cáceres;10136 Oliva de Plasencia;Total;2018;310
10;Cáceres;10136 Oliva de Plasencia;Total;2017;308
10;Cáceres;10136 Oliva de Plasencia;Total;2016;316
10;Cáceres;10136 Oliva de Plasencia;Total;2015;336
10;Cáceres;10136 Oliva de Plasencia;Total;2014;264
10;Cáceres;10136 Oliva de Plasencia;Total;2013;273
10;Cáceres;10136 Oliva de Plasencia;Total;2012;304
10;Cáceres;10136 Oliva de Plasencia;Total;2011;303
10;Cáceres;10136 Oliva de Plasencia;Total;2010;262
10;Cáceres;10136 Oliva de Plasencia;Total;2009;286
10;Cáceres;10136 Oliva de Plasencia;Total;2008;295
10;Cáceres;10136 Oliva de Plasencia;Total;2007;284
10;Cáceres;10136 Oliva de Plasencia;Total;2006;271
10;Cáceres;10136 Oliva de Plasencia;Total;2005;252
10;Cáceres;10136 Oliva de Plasencia;Total;2004;265
10;Cáceres;10136 Oliva de Plasencia;Total;2003;269
10;Cáceres;10136 Oliva de Plasencia;Total;2002;276
10;Cáceres;10136 Oliva de Plasencia;Total;2001;289
10;Cáceres;10136 Oliva de Plasencia;Total;2000;302
10;Cáceres;10136 Oliva de Plasencia;Total;1999;312
10;Cáceres;10136 Oliva de Plasencia;Total;1998;327
10;Cáceres;10136 Oliva de Plasencia;Total;1997;
10;Cáceres;10136 Oliva de Plasencia;Total;1996;340
10;Cáceres;10136 Oliva de Plasencia;Hombres;2023;173
10;Cáceres;10136 Oliva de Plasencia;Hombres;2022;165
10;Cáceres;10136 Oliva de Plasencia;Hombres;2021;165
10;Cáceres;10136 Oliva de Plasencia;Hombres;2020;167
10;Cáceres;10136 Oliva de Plasencia;Hombres;2019;173
10;Cáceres;10136 Oliva de Plasencia;Hombres;2018;178
10;Cáceres;10136 Oliva de Plasencia;Hombres;2017;171
10;Cáceres;10136 Oliva de Plasencia;Hombres;2016;173
10;Cáceres;10136 Oliva de Plasencia;Hombres;2015;188
10;Cáceres;10136 Oliva de Plasencia;Hombres;2014;146
10;Cáceres;10136 Oliva de Plasencia;Hombres;2013;151
10;Cáceres;10136 Oliva de Plasencia;Hombres;2012;169
10;Cáceres;10136 Oliva de Plasencia;Hombres;2011;167
10;Cáceres;10136 Oliva de Plasencia;Hombres;2010;142
10;Cáceres;10136 Oliva de Plasencia;Hombres;2009;155
10;Cáceres;10136 Oliva de Plasencia;Hombres;2008;161
10;Cáceres;10136 Oliva de Plasencia;Hombres;2007;156
10;Cáceres;10136 Oliva de Plasencia;Hombres;2006;145
10;Cáceres;10136 Oliva de Plasencia;Hombres;2005;137
10;Cáceres;10136 Oliva de Plasencia;Hombres;2004;144
10;Cáceres;10136 Oliva de Plasencia;Hombres;2003;141
10;Cáceres;10136 Oliva de Plasencia;Hombres;2002;143
10;Cáceres;10136 Oliva de Plasencia;Hombres;2001;150
10;Cáceres;10136 Oliva de Plasencia;Hombres;2000;157
10;Cáceres;10136 Oliva de Plasencia;Hombres;1999;161
10;Cáceres;10136 Oliva de Plasencia;Hombres;1998;164
10;Cáceres;10136 Oliva de Plasencia;Hombres;1997;
10;Cáceres;10136 Oliva de Plasencia;Hombres;1996;171
10;Cáceres;10136 Oliva de Plasencia;Mujeres;2023;126
10;Cáceres;10136 Oliva de Plasencia;Mujeres;2022;120
10;Cáceres;10136 Oliva de Plasencia;Mujeres;2021;121
10;Cáceres;10136 Oliva de Plasencia;Mujeres;2020;129
10;Cáceres;10136 Oliva de Plasencia;Mujeres;2019;130
10;Cáceres;10136 Oliva de Plasencia;Mujeres;2018;132
10;Cáceres;10136 Oliva de Plasencia;Mujeres;2017;137
10;Cáceres;10136 Oliva de Plasencia;Mujeres;2016;143
10;Cáceres;10136 Oliva de Plasencia;Mujeres;2015;148
10;Cáceres;10136 Oliva de Plasencia;Mujeres;2014;118
10;Cáceres;10136 Oliva de Plasencia;Mujeres;2013;122
10;Cáceres;10136 Oliva de Plasencia;Mujeres;2012;135
10;Cáceres;10136 Oliva de Plasencia;Mujeres;2011;136
10;Cáceres;10136 Oliva de Plasencia;Mujeres;2010;120
10;Cáceres;10136 Oliva de Plasencia;Mujeres;2009;131
10;Cáceres;10136 Oliva de Plasencia;Mujeres;2008;134
10;Cáceres;10136 Oliva de Plasencia;Mujeres;2007;128
10;Cáceres;10136 Oliva de Plasencia;Mujeres;2006;126
10;Cáceres;10136 Oliva de Plasencia;Mujeres;2005;115
10;Cáceres;10136 Oliva de Plasencia;Mujeres;2004;121
10;Cáceres;10136 Oliva de Plasencia;Mujeres;2003;128
10;Cáceres;10136 Oliva de Plasencia;Mujeres;2002;133
10;Cáceres;10136 Oliva de Plasencia;Mujeres;2001;139
10;Cáceres;10136 Oliva de Plasencia;Mujeres;2000;145
10;Cáceres;10136 Oliva de Plasencia;Mujeres;1999;151
10;Cáceres;10136 Oliva de Plasencia;Mujeres;1998;163
10;Cáceres;10136 Oliva de Plasencia;Mujeres;1997;
10;Cáceres;10136 Oliva de Plasencia;Mujeres;1996;169
10;Cáceres;10137 Palomero;Total;2023;406
10;Cáceres;10137 Palomero;Total;2022;391
10;Cáceres;10137 Palomero;Total;2021;396
10;Cáceres;10137 Palomero;Total;2020;396
10;Cáceres;10137 Palomero;Total;2019;406
10;Cáceres;10137 Palomero;Total;2018;411
10;Cáceres;10137 Palomero;Total;2017;369
10;Cáceres;10137 Palomero;Total;2016;377
10;Cáceres;10137 Palomero;Total;2015;378
10;Cáceres;10137 Palomero;Total;2014;374
10;Cáceres;10137 Palomero;Total;2013;380
10;Cáceres;10137 Palomero;Total;2012;412
10;Cáceres;10137 Palomero;Total;2011;439
10;Cáceres;10137 Palomero;Total;2010;450
10;Cáceres;10137 Palomero;Total;2009;452
10;Cáceres;10137 Palomero;Total;2008;473
10;Cáceres;10137 Palomero;Total;2007;488
10;Cáceres;10137 Palomero;Total;2006;495
10;Cáceres;10137 Palomero;Total;2005;512
10;Cáceres;10137 Palomero;Total;2004;513
10;Cáceres;10137 Palomero;Total;2003;520
10;Cáceres;10137 Palomero;Total;2002;530
10;Cáceres;10137 Palomero;Total;2001;531
10;Cáceres;10137 Palomero;Total;2000;540
10;Cáceres;10137 Palomero;Total;1999;559
10;Cáceres;10137 Palomero;Total;1998;580
10;Cáceres;10137 Palomero;Total;1997;
10;Cáceres;10137 Palomero;Total;1996;598
10;Cáceres;10137 Palomero;Hombres;2023;212
10;Cáceres;10137 Palomero;Hombres;2022;204
10;Cáceres;10137 Palomero;Hombres;2021;208
10;Cáceres;10137 Palomero;Hombres;2020;208
10;Cáceres;10137 Palomero;Hombres;2019;215
10;Cáceres;10137 Palomero;Hombres;2018;220
10;Cáceres;10137 Palomero;Hombres;2017;194
10;Cáceres;10137 Palomero;Hombres;2016;202
10;Cáceres;10137 Palomero;Hombres;2015;202
10;Cáceres;10137 Palomero;Hombres;2014;194
10;Cáceres;10137 Palomero;Hombres;2013;195
10;Cáceres;10137 Palomero;Hombres;2012;216
10;Cáceres;10137 Palomero;Hombres;2011;228
10;Cáceres;10137 Palomero;Hombres;2010;231
10;Cáceres;10137 Palomero;Hombres;2009;233
10;Cáceres;10137 Palomero;Hombres;2008;238
10;Cáceres;10137 Palomero;Hombres;2007;245
10;Cáceres;10137 Palomero;Hombres;2006;249
10;Cáceres;10137 Palomero;Hombres;2005;262
10;Cáceres;10137 Palomero;Hombres;2004;265
10;Cáceres;10137 Palomero;Hombres;2003;265
10;Cáceres;10137 Palomero;Hombres;2002;268
10;Cáceres;10137 Palomero;Hombres;2001;264
10;Cáceres;10137 Palomero;Hombres;2000;269
10;Cáceres;10137 Palomero;Hombres;1999;282
10;Cáceres;10137 Palomero;Hombres;1998;295
10;Cáceres;10137 Palomero;Hombres;1997;
10;Cáceres;10137 Palomero;Hombres;1996;312
10;Cáceres;10137 Palomero;Mujeres;2023;194
10;Cáceres;10137 Palomero;Mujeres;2022;187
10;Cáceres;10137 Palomero;Mujeres;2021;188
10;Cáceres;10137 Palomero;Mujeres;2020;188
10;Cáceres;10137 Palomero;Mujeres;2019;191
10;Cáceres;10137 Palomero;Mujeres;2018;191
10;Cáceres;10137 Palomero;Mujeres;2017;175
10;Cáceres;10137 Palomero;Mujeres;2016;175
10;Cáceres;10137 Palomero;Mujeres;2015;176
10;Cáceres;10137 Palomero;Mujeres;2014;180
10;Cáceres;10137 Palomero;Mujeres;2013;185
10;Cáceres;10137 Palomero;Mujeres;2012;196
10;Cáceres;10137 Palomero;Mujeres;2011;211
10;Cáceres;10137 Palomero;Mujeres;2010;219
10;Cáceres;10137 Palomero;Mujeres;2009;219
10;Cáceres;10137 Palomero;Mujeres;2008;235
10;Cáceres;10137 Palomero;Mujeres;2007;243
10;Cáceres;10137 Palomero;Mujeres;2006;246
10;Cáceres;10137 Palomero;Mujeres;2005;250
10;Cáceres;10137 Palomero;Mujeres;2004;248
10;Cáceres;10137 Palomero;Mujeres;2003;255
10;Cáceres;10137 Palomero;Mujeres;2002;262
10;Cáceres;10137 Palomero;Mujeres;2001;267
10;Cáceres;10137 Palomero;Mujeres;2000;271
10;Cáceres;10137 Palomero;Mujeres;1999;277
10;Cáceres;10137 Palomero;Mujeres;1998;285
10;Cáceres;10137 Palomero;Mujeres;1997;
10;Cáceres;10137 Palomero;Mujeres;1996;286
10;Cáceres;10138 Pasarón de la Vera;Total;2023;580
10;Cáceres;10138 Pasarón de la Vera;Total;2022;600
10;Cáceres;10138 Pasarón de la Vera;Total;2021;606
10;Cáceres;10138 Pasarón de la Vera;Total;2020;604
10;Cáceres;10138 Pasarón de la Vera;Total;2019;632
10;Cáceres;10138 Pasarón de la Vera;Total;2018;641
10;Cáceres;10138 Pasarón de la Vera;Total;2017;653
10;Cáceres;10138 Pasarón de la Vera;Total;2016;657
10;Cáceres;10138 Pasarón de la Vera;Total;2015;655
10;Cáceres;10138 Pasarón de la Vera;Total;2014;659
10;Cáceres;10138 Pasarón de la Vera;Total;2013;653
10;Cáceres;10138 Pasarón de la Vera;Total;2012;663
10;Cáceres;10138 Pasarón de la Vera;Total;2011;677
10;Cáceres;10138 Pasarón de la Vera;Total;2010;676
10;Cáceres;10138 Pasarón de la Vera;Total;2009;677
10;Cáceres;10138 Pasarón de la Vera;Total;2008;666
10;Cáceres;10138 Pasarón de la Vera;Total;2007;676
10;Cáceres;10138 Pasarón de la Vera;Total;2006;692
10;Cáceres;10138 Pasarón de la Vera;Total;2005;689
10;Cáceres;10138 Pasarón de la Vera;Total;2004;698
10;Cáceres;10138 Pasarón de la Vera;Total;2003;708
10;Cáceres;10138 Pasarón de la Vera;Total;2002;711
10;Cáceres;10138 Pasarón de la Vera;Total;2001;700
10;Cáceres;10138 Pasarón de la Vera;Total;2000;701
10;Cáceres;10138 Pasarón de la Vera;Total;1999;719
10;Cáceres;10138 Pasarón de la Vera;Total;1998;714
10;Cáceres;10138 Pasarón de la Vera;Total;1997;
10;Cáceres;10138 Pasarón de la Vera;Total;1996;730
10;Cáceres;10138 Pasarón de la Vera;Hombres;2023;282
10;Cáceres;10138 Pasarón de la Vera;Hombres;2022;292
10;Cáceres;10138 Pasarón de la Vera;Hombres;2021;292
10;Cáceres;10138 Pasarón de la Vera;Hombres;2020;293
10;Cáceres;10138 Pasarón de la Vera;Hombres;2019;304
10;Cáceres;10138 Pasarón de la Vera;Hombres;2018;309
10;Cáceres;10138 Pasarón de la Vera;Hombres;2017;313
10;Cáceres;10138 Pasarón de la Vera;Hombres;2016;318
10;Cáceres;10138 Pasarón de la Vera;Hombres;2015;314
10;Cáceres;10138 Pasarón de la Vera;Hombres;2014;321
10;Cáceres;10138 Pasarón de la Vera;Hombres;2013;314
10;Cáceres;10138 Pasarón de la Vera;Hombres;2012;318
10;Cáceres;10138 Pasarón de la Vera;Hombres;2011;327
10;Cáceres;10138 Pasarón de la Vera;Hombres;2010;328
10;Cáceres;10138 Pasarón de la Vera;Hombres;2009;326
10;Cáceres;10138 Pasarón de la Vera;Hombres;2008;322
10;Cáceres;10138 Pasarón de la Vera;Hombres;2007;323
10;Cáceres;10138 Pasarón de la Vera;Hombres;2006;333
10;Cáceres;10138 Pasarón de la Vera;Hombres;2005;342
10;Cáceres;10138 Pasarón de la Vera;Hombres;2004;341
10;Cáceres;10138 Pasarón de la Vera;Hombres;2003;350
10;Cáceres;10138 Pasarón de la Vera;Hombres;2002;356
10;Cáceres;10138 Pasarón de la Vera;Hombres;2001;352
10;Cáceres;10138 Pasarón de la Vera;Hombres;2000;345
10;Cáceres;10138 Pasarón de la Vera;Hombres;1999;359
10;Cáceres;10138 Pasarón de la Vera;Hombres;1998;357
10;Cáceres;10138 Pasarón de la Vera;Hombres;1997;
10;Cáceres;10138 Pasarón de la Vera;Hombres;1996;369
10;Cáceres;10138 Pasarón de la Vera;Mujeres;2023;298
10;Cáceres;10138 Pasarón de la Vera;Mujeres;2022;308
10;Cáceres;10138 Pasarón de la Vera;Mujeres;2021;314
10;Cáceres;10138 Pasarón de la Vera;Mujeres;2020;311
10;Cáceres;10138 Pasarón de la Vera;Mujeres;2019;328
10;Cáceres;10138 Pasarón de la Vera;Mujeres;2018;332
10;Cáceres;10138 Pasarón de la Vera;Mujeres;2017;340
10;Cáceres;10138 Pasarón de la Vera;Mujeres;2016;339
10;Cáceres;10138 Pasarón de la Vera;Mujeres;2015;341
10;Cáceres;10138 Pasarón de la Vera;Mujeres;2014;338
10;Cáceres;10138 Pasarón de la Vera;Mujeres;2013;339
10;Cáceres;10138 Pasarón de la Vera;Mujeres;2012;345
10;Cáceres;10138 Pasarón de la Vera;Mujeres;2011;350
10;Cáceres;10138 Pasarón de la Vera;Mujeres;2010;348
10;Cáceres;10138 Pasarón de la Vera;Mujeres;2009;351
10;Cáceres;10138 Pasarón de la Vera;Mujeres;2008;344
10;Cáceres;10138 Pasarón de la Vera;Mujeres;2007;353
10;Cáceres;10138 Pasarón de la Vera;Mujeres;2006;359
10;Cáceres;10138 Pasarón de la Vera;Mujeres;2005;347
10;Cáceres;10138 Pasarón de la Vera;Mujeres;2004;357
10;Cáceres;10138 Pasarón de la Vera;Mujeres;2003;358
10;Cáceres;10138 Pasarón de la Vera;Mujeres;2002;355
10;Cáceres;10138 Pasarón de la Vera;Mujeres;2001;348
10;Cáceres;10138 Pasarón de la Vera;Mujeres;2000;356
10;Cáceres;10138 Pasarón de la Vera;Mujeres;1999;360
10;Cáceres;10138 Pasarón de la Vera;Mujeres;1998;357
10;Cáceres;10138 Pasarón de la Vera;Mujeres;1997;
10;Cáceres;10138 Pasarón de la Vera;Mujeres;1996;361
10;Cáceres;10139 Pedroso de Acim;Total;2023;90
10;Cáceres;10139 Pedroso de Acim;Total;2022;73
10;Cáceres;10139 Pedroso de Acim;Total;2021;77
10;Cáceres;10139 Pedroso de Acim;Total;2020;80
10;Cáceres;10139 Pedroso de Acim;Total;2019;80
10;Cáceres;10139 Pedroso de Acim;Total;2018;85
10;Cáceres;10139 Pedroso de Acim;Total;2017;95
10;Cáceres;10139 Pedroso de Acim;Total;2016;101
10;Cáceres;10139 Pedroso de Acim;Total;2015;104
10;Cáceres;10139 Pedroso de Acim;Total;2014;111
10;Cáceres;10139 Pedroso de Acim;Total;2013;124
10;Cáceres;10139 Pedroso de Acim;Total;2012;110
10;Cáceres;10139 Pedroso de Acim;Total;2011;111
10;Cáceres;10139 Pedroso de Acim;Total;2010;108
10;Cáceres;10139 Pedroso de Acim;Total;2009;115
10;Cáceres;10139 Pedroso de Acim;Total;2008;102
10;Cáceres;10139 Pedroso de Acim;Total;2007;107
10;Cáceres;10139 Pedroso de Acim;Total;2006;111
10;Cáceres;10139 Pedroso de Acim;Total;2005;112
10;Cáceres;10139 Pedroso de Acim;Total;2004;119
10;Cáceres;10139 Pedroso de Acim;Total;2003;122
10;Cáceres;10139 Pedroso de Acim;Total;2002;134
10;Cáceres;10139 Pedroso de Acim;Total;2001;137
10;Cáceres;10139 Pedroso de Acim;Total;2000;140
10;Cáceres;10139 Pedroso de Acim;Total;1999;147
10;Cáceres;10139 Pedroso de Acim;Total;1998;147
10;Cáceres;10139 Pedroso de Acim;Total;1997;
10;Cáceres;10139 Pedroso de Acim;Total;1996;149
10;Cáceres;10139 Pedroso de Acim;Hombres;2023;52
10;Cáceres;10139 Pedroso de Acim;Hombres;2022;43
10;Cáceres;10139 Pedroso de Acim;Hombres;2021;44
10;Cáceres;10139 Pedroso de Acim;Hombres;2020;43
10;Cáceres;10139 Pedroso de Acim;Hombres;2019;43
10;Cáceres;10139 Pedroso de Acim;Hombres;2018;47
10;Cáceres;10139 Pedroso de Acim;Hombres;2017;50
10;Cáceres;10139 Pedroso de Acim;Hombres;2016;54
10;Cáceres;10139 Pedroso de Acim;Hombres;2015;54
10;Cáceres;10139 Pedroso de Acim;Hombres;2014;63
10;Cáceres;10139 Pedroso de Acim;Hombres;2013;69
10;Cáceres;10139 Pedroso de Acim;Hombres;2012;61
10;Cáceres;10139 Pedroso de Acim;Hombres;2011;59
10;Cáceres;10139 Pedroso de Acim;Hombres;2010;57
10;Cáceres;10139 Pedroso de Acim;Hombres;2009;60
10;Cáceres;10139 Pedroso de Acim;Hombres;2008;52
10;Cáceres;10139 Pedroso de Acim;Hombres;2007;55
10;Cáceres;10139 Pedroso de Acim;Hombres;2006;58
10;Cáceres;10139 Pedroso de Acim;Hombres;2005;58
10;Cáceres;10139 Pedroso de Acim;Hombres;2004;62
10;Cáceres;10139 Pedroso de Acim;Hombres;2003;64
10;Cáceres;10139 Pedroso de Acim;Hombres;2002;70
10;Cáceres;10139 Pedroso de Acim;Hombres;2001;72
10;Cáceres;10139 Pedroso de Acim;Hombres;2000;74
10;Cáceres;10139 Pedroso de Acim;Hombres;1999;78
10;Cáceres;10139 Pedroso de Acim;Hombres;1998;78
10;Cáceres;10139 Pedroso de Acim;Hombres;1997;
10;Cáceres;10139 Pedroso de Acim;Hombres;1996;79
10;Cáceres;10139 Pedroso de Acim;Mujeres;2023;38
10;Cáceres;10139 Pedroso de Acim;Mujeres;2022;30
10;Cáceres;10139 Pedroso de Acim;Mujeres;2021;33
10;Cáceres;10139 Pedroso de Acim;Mujeres;2020;37
10;Cáceres;10139 Pedroso de Acim;Mujeres;2019;37
10;Cáceres;10139 Pedroso de Acim;Mujeres;2018;38
10;Cáceres;10139 Pedroso de Acim;Mujeres;2017;45
10;Cáceres;10139 Pedroso de Acim;Mujeres;2016;47
10;Cáceres;10139 Pedroso de Acim;Mujeres;2015;50
10;Cáceres;10139 Pedroso de Acim;Mujeres;2014;48
10;Cáceres;10139 Pedroso de Acim;Mujeres;2013;55
10;Cáceres;10139 Pedroso de Acim;Mujeres;2012;49
10;Cáceres;10139 Pedroso de Acim;Mujeres;2011;52
10;Cáceres;10139 Pedroso de Acim;Mujeres;2010;51
10;Cáceres;10139 Pedroso de Acim;Mujeres;2009;55
10;Cáceres;10139 Pedroso de Acim;Mujeres;2008;50
10;Cáceres;10139 Pedroso de Acim;Mujeres;2007;52
10;Cáceres;10139 Pedroso de Acim;Mujeres;2006;53
10;Cáceres;10139 Pedroso de Acim;Mujeres;2005;54
10;Cáceres;10139 Pedroso de Acim;Mujeres;2004;57
10;Cáceres;10139 Pedroso de Acim;Mujeres;2003;58
10;Cáceres;10139 Pedroso de Acim;Mujeres;2002;64
10;Cáceres;10139 Pedroso de Acim;Mujeres;2001;65
10;Cáceres;10139 Pedroso de Acim;Mujeres;2000;66
10;Cáceres;10139 Pedroso de Acim;Mujeres;1999;69
10;Cáceres;10139 Pedroso de Acim;Mujeres;1998;69
10;Cáceres;10139 Pedroso de Acim;Mujeres;1997;
10;Cáceres;10139 Pedroso de Acim;Mujeres;1996;70
10;Cáceres;10140 Peraleda de la Mata;Total;2023;1409
10;Cáceres;10140 Peraleda de la Mata;Total;2022;1416
10;Cáceres;10140 Peraleda de la Mata;Total;2021;1401
10;Cáceres;10140 Peraleda de la Mata;Total;2020;1393
10;Cáceres;10140 Peraleda de la Mata;Total;2019;1369
10;Cáceres;10140 Peraleda de la Mata;Total;2018;1390
10;Cáceres;10140 Peraleda de la Mata;Total;2017;1410
10;Cáceres;10140 Peraleda de la Mata;Total;2016;1399
10;Cáceres;10140 Peraleda de la Mata;Total;2015;1403
10;Cáceres;10140 Peraleda de la Mata;Total;2014;1420
10;Cáceres;10140 Peraleda de la Mata;Total;2013;1425
10;Cáceres;10140 Peraleda de la Mata;Total;2012;1434
10;Cáceres;10140 Peraleda de la Mata;Total;2011;1448
10;Cáceres;10140 Peraleda de la Mata;Total;2010;1469
10;Cáceres;10140 Peraleda de la Mata;Total;2009;1453
10;Cáceres;10140 Peraleda de la Mata;Total;2008;1468
10;Cáceres;10140 Peraleda de la Mata;Total;2007;1469
10;Cáceres;10140 Peraleda de la Mata;Total;2006;1536
10;Cáceres;10140 Peraleda de la Mata;Total;2005;1521
10;Cáceres;10140 Peraleda de la Mata;Total;2004;1515
10;Cáceres;10140 Peraleda de la Mata;Total;2003;1478
10;Cáceres;10140 Peraleda de la Mata;Total;2002;1506
10;Cáceres;10140 Peraleda de la Mata;Total;2001;1455
10;Cáceres;10140 Peraleda de la Mata;Total;2000;1372
10;Cáceres;10140 Peraleda de la Mata;Total;1999;1382
10;Cáceres;10140 Peraleda de la Mata;Total;1998;1454
10;Cáceres;10140 Peraleda de la Mata;Total;1997;
10;Cáceres;10140 Peraleda de la Mata;Total;1996;1468
10;Cáceres;10140 Peraleda de la Mata;Hombres;2023;706
10;Cáceres;10140 Peraleda de la Mata;Hombres;2022;718
10;Cáceres;10140 Peraleda de la Mata;Hombres;2021;709
10;Cáceres;10140 Peraleda de la Mata;Hombres;2020;700
10;Cáceres;10140 Peraleda de la Mata;Hombres;2019;697
10;Cáceres;10140 Peraleda de la Mata;Hombres;2018;708
10;Cáceres;10140 Peraleda de la Mata;Hombres;2017;709
10;Cáceres;10140 Peraleda de la Mata;Hombres;2016;701
10;Cáceres;10140 Peraleda de la Mata;Hombres;2015;711
10;Cáceres;10140 Peraleda de la Mata;Hombres;2014;728
10;Cáceres;10140 Peraleda de la Mata;Hombres;2013;728
10;Cáceres;10140 Peraleda de la Mata;Hombres;2012;730
10;Cáceres;10140 Peraleda de la Mata;Hombres;2011;739
10;Cáceres;10140 Peraleda de la Mata;Hombres;2010;753
10;Cáceres;10140 Peraleda de la Mata;Hombres;2009;743
10;Cáceres;10140 Peraleda de la Mata;Hombres;2008;745
10;Cáceres;10140 Peraleda de la Mata;Hombres;2007;753
10;Cáceres;10140 Peraleda de la Mata;Hombres;2006;786
10;Cáceres;10140 Peraleda de la Mata;Hombres;2005;782
10;Cáceres;10140 Peraleda de la Mata;Hombres;2004;779
10;Cáceres;10140 Peraleda de la Mata;Hombres;2003;757
10;Cáceres;10140 Peraleda de la Mata;Hombres;2002;772
10;Cáceres;10140 Peraleda de la Mata;Hombres;2001;733
10;Cáceres;10140 Peraleda de la Mata;Hombres;2000;686
10;Cáceres;10140 Peraleda de la Mata;Hombres;1999;690
10;Cáceres;10140 Peraleda de la Mata;Hombres;1998;727
10;Cáceres;10140 Peraleda de la Mata;Hombres;1997;
10;Cáceres;10140 Peraleda de la Mata;Hombres;1996;734
10;Cáceres;10140 Peraleda de la Mata;Mujeres;2023;703
10;Cáceres;10140 Peraleda de la Mata;Mujeres;2022;698
10;Cáceres;10140 Peraleda de la Mata;Mujeres;2021;692
10;Cáceres;10140 Peraleda de la Mata;Mujeres;2020;693
10;Cáceres;10140 Peraleda de la Mata;Mujeres;2019;672
10;Cáceres;10140 Peraleda de la Mata;Mujeres;2018;682
10;Cáceres;10140 Peraleda de la Mata;Mujeres;2017;701
10;Cáceres;10140 Peraleda de la Mata;Mujeres;2016;698
10;Cáceres;10140 Peraleda de la Mata;Mujeres;2015;692
10;Cáceres;10140 Peraleda de la Mata;Mujeres;2014;692
10;Cáceres;10140 Peraleda de la Mata;Mujeres;2013;697
10;Cáceres;10140 Peraleda de la Mata;Mujeres;2012;704
10;Cáceres;10140 Peraleda de la Mata;Mujeres;2011;709
10;Cáceres;10140 Peraleda de la Mata;Mujeres;2010;716
10;Cáceres;10140 Peraleda de la Mata;Mujeres;2009;710
10;Cáceres;10140 Peraleda de la Mata;Mujeres;2008;723
10;Cáceres;10140 Peraleda de la Mata;Mujeres;2007;716
10;Cáceres;10140 Peraleda de la Mata;Mujeres;2006;750
10;Cáceres;10140 Peraleda de la Mata;Mujeres;2005;739
10;Cáceres;10140 Peraleda de la Mata;Mujeres;2004;736
10;Cáceres;10140 Peraleda de la Mata;Mujeres;2003;721
10;Cáceres;10140 Peraleda de la Mata;Mujeres;2002;734
10;Cáceres;10140 Peraleda de la Mata;Mujeres;2001;722
10;Cáceres;10140 Peraleda de la Mata;Mujeres;2000;686
10;Cáceres;10140 Peraleda de la Mata;Mujeres;1999;692
10;Cáceres;10140 Peraleda de la Mata;Mujeres;1998;727
10;Cáceres;10140 Peraleda de la Mata;Mujeres;1997;
10;Cáceres;10140 Peraleda de la Mata;Mujeres;1996;734
10;Cáceres;10141 Peraleda de San Román;Total;2023;298
10;Cáceres;10141 Peraleda de San Román;Total;2022;304
10;Cáceres;10141 Peraleda de San Román;Total;2021;297
10;Cáceres;10141 Peraleda de San Román;Total;2020;300
10;Cáceres;10141 Peraleda de San Román;Total;2019;310
10;Cáceres;10141 Peraleda de San Román;Total;2018;277
10;Cáceres;10141 Peraleda de San Román;Total;2017;292
10;Cáceres;10141 Peraleda de San Román;Total;2016;291
10;Cáceres;10141 Peraleda de San Román;Total;2015;306
10;Cáceres;10141 Peraleda de San Román;Total;2014;316
10;Cáceres;10141 Peraleda de San Román;Total;2013;318
10;Cáceres;10141 Peraleda de San Román;Total;2012;322
10;Cáceres;10141 Peraleda de San Román;Total;2011;286
10;Cáceres;10141 Peraleda de San Román;Total;2010;283
10;Cáceres;10141 Peraleda de San Román;Total;2009;294
10;Cáceres;10141 Peraleda de San Román;Total;2008;309
10;Cáceres;10141 Peraleda de San Román;Total;2007;320
10;Cáceres;10141 Peraleda de San Román;Total;2006;342
10;Cáceres;10141 Peraleda de San Román;Total;2005;352
10;Cáceres;10141 Peraleda de San Román;Total;2004;361
10;Cáceres;10141 Peraleda de San Román;Total;2003;376
10;Cáceres;10141 Peraleda de San Román;Total;2002;391
10;Cáceres;10141 Peraleda de San Román;Total;2001;405
10;Cáceres;10141 Peraleda de San Román;Total;2000;412
10;Cáceres;10141 Peraleda de San Román;Total;1999;428
10;Cáceres;10141 Peraleda de San Román;Total;1998;431
10;Cáceres;10141 Peraleda de San Román;Total;1997;
10;Cáceres;10141 Peraleda de San Román;Total;1996;456
10;Cáceres;10141 Peraleda de San Román;Hombres;2023;173
10;Cáceres;10141 Peraleda de San Román;Hombres;2022;174
10;Cáceres;10141 Peraleda de San Román;Hombres;2021;164
10;Cáceres;10141 Peraleda de San Román;Hombres;2020;162
10;Cáceres;10141 Peraleda de San Román;Hombres;2019;162
10;Cáceres;10141 Peraleda de San Román;Hombres;2018;143
10;Cáceres;10141 Peraleda de San Román;Hombres;2017;151
10;Cáceres;10141 Peraleda de San Román;Hombres;2016;148
10;Cáceres;10141 Peraleda de San Román;Hombres;2015;153
10;Cáceres;10141 Peraleda de San Román;Hombres;2014;160
10;Cáceres;10141 Peraleda de San Román;Hombres;2013;159
10;Cáceres;10141 Peraleda de San Román;Hombres;2012;159
10;Cáceres;10141 Peraleda de San Román;Hombres;2011;144
10;Cáceres;10141 Peraleda de San Román;Hombres;2010;143
10;Cáceres;10141 Peraleda de San Román;Hombres;2009;144
10;Cáceres;10141 Peraleda de San Román;Hombres;2008;148
10;Cáceres;10141 Peraleda de San Román;Hombres;2007;154
10;Cáceres;10141 Peraleda de San Román;Hombres;2006;166
10;Cáceres;10141 Peraleda de San Román;Hombres;2005;175
10;Cáceres;10141 Peraleda de San Román;Hombres;2004;180
10;Cáceres;10141 Peraleda de San Román;Hombres;2003;186
10;Cáceres;10141 Peraleda de San Román;Hombres;2002;194
10;Cáceres;10141 Peraleda de San Román;Hombres;2001;197
10;Cáceres;10141 Peraleda de San Román;Hombres;2000;197
10;Cáceres;10141 Peraleda de San Román;Hombres;1999;206
10;Cáceres;10141 Peraleda de San Román;Hombres;1998;211
10;Cáceres;10141 Peraleda de San Román;Hombres;1997;
10;Cáceres;10141 Peraleda de San Román;Hombres;1996;226
10;Cáceres;10141 Peraleda de San Román;Mujeres;2023;125
10;Cáceres;10141 Peraleda de San Román;Mujeres;2022;130
10;Cáceres;10141 Peraleda de San Román;Mujeres;2021;133
10;Cáceres;10141 Peraleda de San Román;Mujeres;2020;138
10;Cáceres;10141 Peraleda de San Román;Mujeres;2019;148
10;Cáceres;10141 Peraleda de San Román;Mujeres;2018;134
10;Cáceres;10141 Peraleda de San Román;Mujeres;2017;141
10;Cáceres;10141 Peraleda de San Román;Mujeres;2016;143
10;Cáceres;10141 Peraleda de San Román;Mujeres;2015;153
10;Cáceres;10141 Peraleda de San Román;Mujeres;2014;156
10;Cáceres;10141 Peraleda de San Román;Mujeres;2013;159
10;Cáceres;10141 Peraleda de San Román;Mujeres;2012;163
10;Cáceres;10141 Peraleda de San Román;Mujeres;2011;142
10;Cáceres;10141 Peraleda de San Román;Mujeres;2010;140
10;Cáceres;10141 Peraleda de San Román;Mujeres;2009;150
10;Cáceres;10141 Peraleda de San Román;Mujeres;2008;161
10;Cáceres;10141 Peraleda de San Román;Mujeres;2007;166
10;Cáceres;10141 Peraleda de San Román;Mujeres;2006;176
10;Cáceres;10141 Peraleda de San Román;Mujeres;2005;177
10;Cáceres;10141 Peraleda de San Román;Mujeres;2004;181
10;Cáceres;10141 Peraleda de San Román;Mujeres;2003;190
10;Cáceres;10141 Peraleda de San Román;Mujeres;2002;197
10;Cáceres;10141 Peraleda de San Román;Mujeres;2001;208
10;Cáceres;10141 Peraleda de San Román;Mujeres;2000;215
10;Cáceres;10141 Peraleda de San Román;Mujeres;1999;222
10;Cáceres;10141 Peraleda de San Román;Mujeres;1998;220
10;Cáceres;10141 Peraleda de San Román;Mujeres;1997;
10;Cáceres;10141 Peraleda de San Román;Mujeres;1996;230
10;Cáceres;10142 Perales del Puerto;Total;2023;911
10;Cáceres;10142 Perales del Puerto;Total;2022;931
10;Cáceres;10142 Perales del Puerto;Total;2021;943
10;Cáceres;10142 Perales del Puerto;Total;2020;938
10;Cáceres;10142 Perales del Puerto;Total;2019;952
10;Cáceres;10142 Perales del Puerto;Total;2018;941
10;Cáceres;10142 Perales del Puerto;Total;2017;958
10;Cáceres;10142 Perales del Puerto;Total;2016;964
10;Cáceres;10142 Perales del Puerto;Total;2015;970
10;Cáceres;10142 Perales del Puerto;Total;2014;977
10;Cáceres;10142 Perales del Puerto;Total;2013;979
10;Cáceres;10142 Perales del Puerto;Total;2012;966
10;Cáceres;10142 Perales del Puerto;Total;2011;975
10;Cáceres;10142 Perales del Puerto;Total;2010;984
10;Cáceres;10142 Perales del Puerto;Total;2009;970
10;Cáceres;10142 Perales del Puerto;Total;2008;982
10;Cáceres;10142 Perales del Puerto;Total;2007;988
10;Cáceres;10142 Perales del Puerto;Total;2006;992
10;Cáceres;10142 Perales del Puerto;Total;2005;985
10;Cáceres;10142 Perales del Puerto;Total;2004;992
10;Cáceres;10142 Perales del Puerto;Total;2003;1013
10;Cáceres;10142 Perales del Puerto;Total;2002;1015
10;Cáceres;10142 Perales del Puerto;Total;2001;1013
10;Cáceres;10142 Perales del Puerto;Total;2000;993
10;Cáceres;10142 Perales del Puerto;Total;1999;1006
10;Cáceres;10142 Perales del Puerto;Total;1998;1026
10;Cáceres;10142 Perales del Puerto;Total;1997;
10;Cáceres;10142 Perales del Puerto;Total;1996;1055
10;Cáceres;10142 Perales del Puerto;Hombres;2023;461
10;Cáceres;10142 Perales del Puerto;Hombres;2022;469
10;Cáceres;10142 Perales del Puerto;Hombres;2021;473
10;Cáceres;10142 Perales del Puerto;Hombres;2020;474
10;Cáceres;10142 Perales del Puerto;Hombres;2019;480
10;Cáceres;10142 Perales del Puerto;Hombres;2018;483
10;Cáceres;10142 Perales del Puerto;Hombres;2017;491
10;Cáceres;10142 Perales del Puerto;Hombres;2016;494
10;Cáceres;10142 Perales del Puerto;Hombres;2015;496
10;Cáceres;10142 Perales del Puerto;Hombres;2014;494
10;Cáceres;10142 Perales del Puerto;Hombres;2013;494
10;Cáceres;10142 Perales del Puerto;Hombres;2012;489
10;Cáceres;10142 Perales del Puerto;Hombres;2011;489
10;Cáceres;10142 Perales del Puerto;Hombres;2010;493
10;Cáceres;10142 Perales del Puerto;Hombres;2009;485
10;Cáceres;10142 Perales del Puerto;Hombres;2008;490
10;Cáceres;10142 Perales del Puerto;Hombres;2007;492
10;Cáceres;10142 Perales del Puerto;Hombres;2006;493
10;Cáceres;10142 Perales del Puerto;Hombres;2005;492
10;Cáceres;10142 Perales del Puerto;Hombres;2004;495
10;Cáceres;10142 Perales del Puerto;Hombres;2003;504
10;Cáceres;10142 Perales del Puerto;Hombres;2002;502
10;Cáceres;10142 Perales del Puerto;Hombres;2001;501
10;Cáceres;10142 Perales del Puerto;Hombres;2000;490
10;Cáceres;10142 Perales del Puerto;Hombres;1999;495
10;Cáceres;10142 Perales del Puerto;Hombres;1998;508
10;Cáceres;10142 Perales del Puerto;Hombres;1997;
10;Cáceres;10142 Perales del Puerto;Hombres;1996;520
10;Cáceres;10142 Perales del Puerto;Mujeres;2023;450
10;Cáceres;10142 Perales del Puerto;Mujeres;2022;462
10;Cáceres;10142 Perales del Puerto;Mujeres;2021;470
10;Cáceres;10142 Perales del Puerto;Mujeres;2020;464
10;Cáceres;10142 Perales del Puerto;Mujeres;2019;472
10;Cáceres;10142 Perales del Puerto;Mujeres;2018;458
10;Cáceres;10142 Perales del Puerto;Mujeres;2017;467
10;Cáceres;10142 Perales del Puerto;Mujeres;2016;470
10;Cáceres;10142 Perales del Puerto;Mujeres;2015;474
10;Cáceres;10142 Perales del Puerto;Mujeres;2014;483
10;Cáceres;10142 Perales del Puerto;Mujeres;2013;485
10;Cáceres;10142 Perales del Puerto;Mujeres;2012;477
10;Cáceres;10142 Perales del Puerto;Mujeres;2011;486
10;Cáceres;10142 Perales del Puerto;Mujeres;2010;491
10;Cáceres;10142 Perales del Puerto;Mujeres;2009;485
10;Cáceres;10142 Perales del Puerto;Mujeres;2008;492
10;Cáceres;10142 Perales del Puerto;Mujeres;2007;496
10;Cáceres;10142 Perales del Puerto;Mujeres;2006;499
10;Cáceres;10142 Perales del Puerto;Mujeres;2005;493
10;Cáceres;10142 Perales del Puerto;Mujeres;2004;497
10;Cáceres;10142 Perales del Puerto;Mujeres;2003;509
10;Cáceres;10142 Perales del Puerto;Mujeres;2002;513
10;Cáceres;10142 Perales del Puerto;Mujeres;2001;512
10;Cáceres;10142 Perales del Puerto;Mujeres;2000;503
10;Cáceres;10142 Perales del Puerto;Mujeres;1999;511
10;Cáceres;10142 Perales del Puerto;Mujeres;1998;518
10;Cáceres;10142 Perales del Puerto;Mujeres;1997;
10;Cáceres;10142 Perales del Puerto;Mujeres;1996;535
10;Cáceres;10143 Pescueza;Total;2023;137
10;Cáceres;10143 Pescueza;Total;2022;125
10;Cáceres;10143 Pescueza;Total;2021;138
10;Cáceres;10143 Pescueza;Total;2020;146
10;Cáceres;10143 Pescueza;Total;2019;148
10;Cáceres;10143 Pescueza;Total;2018;151
10;Cáceres;10143 Pescueza;Total;2017;158
10;Cáceres;10143 Pescueza;Total;2016;160
10;Cáceres;10143 Pescueza;Total;2015;165
10;Cáceres;10143 Pescueza;Total;2014;166
10;Cáceres;10143 Pescueza;Total;2013;167
10;Cáceres;10143 Pescueza;Total;2012;173
10;Cáceres;10143 Pescueza;Total;2011;167
10;Cáceres;10143 Pescueza;Total;2010;160
10;Cáceres;10143 Pescueza;Total;2009;157
10;Cáceres;10143 Pescueza;Total;2008;164
10;Cáceres;10143 Pescueza;Total;2007;159
10;Cáceres;10143 Pescueza;Total;2006;165
10;Cáceres;10143 Pescueza;Total;2005;167
10;Cáceres;10143 Pescueza;Total;2004;176
10;Cáceres;10143 Pescueza;Total;2003;185
10;Cáceres;10143 Pescueza;Total;2002;189
10;Cáceres;10143 Pescueza;Total;2001;201
10;Cáceres;10143 Pescueza;Total;2000;205
10;Cáceres;10143 Pescueza;Total;1999;213
10;Cáceres;10143 Pescueza;Total;1998;224
10;Cáceres;10143 Pescueza;Total;1997;
10;Cáceres;10143 Pescueza;Total;1996;246
10;Cáceres;10143 Pescueza;Hombres;2023;60
10;Cáceres;10143 Pescueza;Hombres;2022;54
10;Cáceres;10143 Pescueza;Hombres;2021;60
10;Cáceres;10143 Pescueza;Hombres;2020;65
10;Cáceres;10143 Pescueza;Hombres;2019;66
10;Cáceres;10143 Pescueza;Hombres;2018;66
10;Cáceres;10143 Pescueza;Hombres;2017;70
10;Cáceres;10143 Pescueza;Hombres;2016;73
10;Cáceres;10143 Pescueza;Hombres;2015;77
10;Cáceres;10143 Pescueza;Hombres;2014;79
10;Cáceres;10143 Pescueza;Hombres;2013;80
10;Cáceres;10143 Pescueza;Hombres;2012;81
10;Cáceres;10143 Pescueza;Hombres;2011;78
10;Cáceres;10143 Pescueza;Hombres;2010;76
10;Cáceres;10143 Pescueza;Hombres;2009;73
10;Cáceres;10143 Pescueza;Hombres;2008;80
10;Cáceres;10143 Pescueza;Hombres;2007;77
10;Cáceres;10143 Pescueza;Hombres;2006;78
10;Cáceres;10143 Pescueza;Hombres;2005;79
10;Cáceres;10143 Pescueza;Hombres;2004;83
10;Cáceres;10143 Pescueza;Hombres;2003;88
10;Cáceres;10143 Pescueza;Hombres;2002;91
10;Cáceres;10143 Pescueza;Hombres;2001;94
10;Cáceres;10143 Pescueza;Hombres;2000;95
10;Cáceres;10143 Pescueza;Hombres;1999;98
10;Cáceres;10143 Pescueza;Hombres;1998;105
10;Cáceres;10143 Pescueza;Hombres;1997;
10;Cáceres;10143 Pescueza;Hombres;1996;120
10;Cáceres;10143 Pescueza;Mujeres;2023;77
10;Cáceres;10143 Pescueza;Mujeres;2022;71
10;Cáceres;10143 Pescueza;Mujeres;2021;78
10;Cáceres;10143 Pescueza;Mujeres;2020;81
10;Cáceres;10143 Pescueza;Mujeres;2019;82
10;Cáceres;10143 Pescueza;Mujeres;2018;85
10;Cáceres;10143 Pescueza;Mujeres;2017;88
10;Cáceres;10143 Pescueza;Mujeres;2016;87
10;Cáceres;10143 Pescueza;Mujeres;2015;88
10;Cáceres;10143 Pescueza;Mujeres;2014;87
10;Cáceres;10143 Pescueza;Mujeres;2013;87
10;Cáceres;10143 Pescueza;Mujeres;2012;92
10;Cáceres;10143 Pescueza;Mujeres;2011;89
10;Cáceres;10143 Pescueza;Mujeres;2010;84
10;Cáceres;10143 Pescueza;Mujeres;2009;84
10;Cáceres;10143 Pescueza;Mujeres;2008;84
10;Cáceres;10143 Pescueza;Mujeres;2007;82
10;Cáceres;10143 Pescueza;Mujeres;2006;87
10;Cáceres;10143 Pescueza;Mujeres;2005;88
10;Cáceres;10143 Pescueza;Mujeres;2004;93
10;Cáceres;10143 Pescueza;Mujeres;2003;97
10;Cáceres;10143 Pescueza;Mujeres;2002;98
10;Cáceres;10143 Pescueza;Mujeres;2001;107
10;Cáceres;10143 Pescueza;Mujeres;2000;110
10;Cáceres;10143 Pescueza;Mujeres;1999;115
10;Cáceres;10143 Pescueza;Mujeres;1998;119
10;Cáceres;10143 Pescueza;Mujeres;1997;
10;Cáceres;10143 Pescueza;Mujeres;1996;126
10;Cáceres;10144 Pesga, La;Total;2023;976
10;Cáceres;10144 Pesga, La;Total;2022;1006
10;Cáceres;10144 Pesga, La;Total;2021;1013
10;Cáceres;10144 Pesga, La;Total;2020;1018
10;Cáceres;10144 Pesga, La;Total;2019;1034
10;Cáceres;10144 Pesga, La;Total;2018;1065
10;Cáceres;10144 Pesga, La;Total;2017;1087
10;Cáceres;10144 Pesga, La;Total;2016;1108
10;Cáceres;10144 Pesga, La;Total;2015;1130
10;Cáceres;10144 Pesga, La;Total;2014;1138
10;Cáceres;10144 Pesga, La;Total;2013;1130
10;Cáceres;10144 Pesga, La;Total;2012;1121
10;Cáceres;10144 Pesga, La;Total;2011;1130
10;Cáceres;10144 Pesga, La;Total;2010;1124
10;Cáceres;10144 Pesga, La;Total;2009;1123
10;Cáceres;10144 Pesga, La;Total;2008;1128
10;Cáceres;10144 Pesga, La;Total;2007;1130
10;Cáceres;10144 Pesga, La;Total;2006;1148
10;Cáceres;10144 Pesga, La;Total;2005;1162
10;Cáceres;10144 Pesga, La;Total;2004;1168
10;Cáceres;10144 Pesga, La;Total;2003;1173
10;Cáceres;10144 Pesga, La;Total;2002;1187
10;Cáceres;10144 Pesga, La;Total;2001;1201
10;Cáceres;10144 Pesga, La;Total;2000;1217
10;Cáceres;10144 Pesga, La;Total;1999;1283
10;Cáceres;10144 Pesga, La;Total;1998;1290
10;Cáceres;10144 Pesga, La;Total;1997;
10;Cáceres;10144 Pesga, La;Total;1996;1295
10;Cáceres;10144 Pesga, La;Hombres;2023;508
10;Cáceres;10144 Pesga, La;Hombres;2022;522
10;Cáceres;10144 Pesga, La;Hombres;2021;525
10;Cáceres;10144 Pesga, La;Hombres;2020;532
10;Cáceres;10144 Pesga, La;Hombres;2019;543
10;Cáceres;10144 Pesga, La;Hombres;2018;554
10;Cáceres;10144 Pesga, La;Hombres;2017;569
10;Cáceres;10144 Pesga, La;Hombres;2016;573
10;Cáceres;10144 Pesga, La;Hombres;2015;594
10;Cáceres;10144 Pesga, La;Hombres;2014;593
10;Cáceres;10144 Pesga, La;Hombres;2013;589
10;Cáceres;10144 Pesga, La;Hombres;2012;586
10;Cáceres;10144 Pesga, La;Hombres;2011;586
10;Cáceres;10144 Pesga, La;Hombres;2010;584
10;Cáceres;10144 Pesga, La;Hombres;2009;579
10;Cáceres;10144 Pesga, La;Hombres;2008;585
10;Cáceres;10144 Pesga, La;Hombres;2007;586
10;Cáceres;10144 Pesga, La;Hombres;2006;591
10;Cáceres;10144 Pesga, La;Hombres;2005;603
10;Cáceres;10144 Pesga, La;Hombres;2004;614
10;Cáceres;10144 Pesga, La;Hombres;2003;614
10;Cáceres;10144 Pesga, La;Hombres;2002;623
10;Cáceres;10144 Pesga, La;Hombres;2001;632
10;Cáceres;10144 Pesga, La;Hombres;2000;662
10;Cáceres;10144 Pesga, La;Hombres;1999;733
10;Cáceres;10144 Pesga, La;Hombres;1998;732
10;Cáceres;10144 Pesga, La;Hombres;1997;
10;Cáceres;10144 Pesga, La;Hombres;1996;673
10;Cáceres;10144 Pesga, La;Mujeres;2023;468
10;Cáceres;10144 Pesga, La;Mujeres;2022;484
10;Cáceres;10144 Pesga, La;Mujeres;2021;488
10;Cáceres;10144 Pesga, La;Mujeres;2020;486
10;Cáceres;10144 Pesga, La;Mujeres;2019;491
10;Cáceres;10144 Pesga, La;Mujeres;2018;511
10;Cáceres;10144 Pesga, La;Mujeres;2017;518
10;Cáceres;10144 Pesga, La;Mujeres;2016;535
10;Cáceres;10144 Pesga, La;Mujeres;2015;536
10;Cáceres;10144 Pesga, La;Mujeres;2014;545
10;Cáceres;10144 Pesga, La;Mujeres;2013;541
10;Cáceres;10144 Pesga, La;Mujeres;2012;535
10;Cáceres;10144 Pesga, La;Mujeres;2011;544
10;Cáceres;10144 Pesga, La;Mujeres;2010;540
10;Cáceres;10144 Pesga, La;Mujeres;2009;544
10;Cáceres;10144 Pesga, La;Mujeres;2008;543
10;Cáceres;10144 Pesga, La;Mujeres;2007;544
10;Cáceres;10144 Pesga, La;Mujeres;2006;557
10;Cáceres;10144 Pesga, La;Mujeres;2005;559
10;Cáceres;10144 Pesga, La;Mujeres;2004;554
10;Cáceres;10144 Pesga, La;Mujeres;2003;559
10;Cáceres;10144 Pesga, La;Mujeres;2002;564
10;Cáceres;10144 Pesga, La;Mujeres;2001;569
10;Cáceres;10144 Pesga, La;Mujeres;2000;555
10;Cáceres;10144 Pesga, La;Mujeres;1999;550
10;Cáceres;10144 Pesga, La;Mujeres;1998;558
10;Cáceres;10144 Pesga, La;Mujeres;1997;
10;Cáceres;10144 Pesga, La;Mujeres;1996;622
10;Cáceres;10145 Piedras Albas;Total;2023;130
10;Cáceres;10145 Piedras Albas;Total;2022;129
10;Cáceres;10145 Piedras Albas;Total;2021;137
10;Cáceres;10145 Piedras Albas;Total;2020;141
10;Cáceres;10145 Piedras Albas;Total;2019;147
10;Cáceres;10145 Piedras Albas;Total;2018;149
10;Cáceres;10145 Piedras Albas;Total;2017;160
10;Cáceres;10145 Piedras Albas;Total;2016;161
10;Cáceres;10145 Piedras Albas;Total;2015;156
10;Cáceres;10145 Piedras Albas;Total;2014;156
10;Cáceres;10145 Piedras Albas;Total;2013;170
10;Cáceres;10145 Piedras Albas;Total;2012;177
10;Cáceres;10145 Piedras Albas;Total;2011;188
10;Cáceres;10145 Piedras Albas;Total;2010;194
10;Cáceres;10145 Piedras Albas;Total;2009;207
10;Cáceres;10145 Piedras Albas;Total;2008;210
10;Cáceres;10145 Piedras Albas;Total;2007;211
10;Cáceres;10145 Piedras Albas;Total;2006;147
10;Cáceres;10145 Piedras Albas;Total;2005;154
10;Cáceres;10145 Piedras Albas;Total;2004;162
10;Cáceres;10145 Piedras Albas;Total;2003;168
10;Cáceres;10145 Piedras Albas;Total;2002;186
10;Cáceres;10145 Piedras Albas;Total;2001;197
10;Cáceres;10145 Piedras Albas;Total;2000;210
10;Cáceres;10145 Piedras Albas;Total;1999;218
10;Cáceres;10145 Piedras Albas;Total;1998;226
10;Cáceres;10145 Piedras Albas;Total;1997;
10;Cáceres;10145 Piedras Albas;Total;1996;236
10;Cáceres;10145 Piedras Albas;Hombres;2023;63
10;Cáceres;10145 Piedras Albas;Hombres;2022;63
10;Cáceres;10145 Piedras Albas;Hombres;2021;66
10;Cáceres;10145 Piedras Albas;Hombres;2020;69
10;Cáceres;10145 Piedras Albas;Hombres;2019;69
10;Cáceres;10145 Piedras Albas;Hombres;2018;70
10;Cáceres;10145 Piedras Albas;Hombres;2017;76
10;Cáceres;10145 Piedras Albas;Hombres;2016;76
10;Cáceres;10145 Piedras Albas;Hombres;2015;74
10;Cáceres;10145 Piedras Albas;Hombres;2014;73
10;Cáceres;10145 Piedras Albas;Hombres;2013;85
10;Cáceres;10145 Piedras Albas;Hombres;2012;93
10;Cáceres;10145 Piedras Albas;Hombres;2011;99
10;Cáceres;10145 Piedras Albas;Hombres;2010;105
10;Cáceres;10145 Piedras Albas;Hombres;2009;112
10;Cáceres;10145 Piedras Albas;Hombres;2008;111
10;Cáceres;10145 Piedras Albas;Hombres;2007;110
10;Cáceres;10145 Piedras Albas;Hombres;2006;69
10;Cáceres;10145 Piedras Albas;Hombres;2005;73
10;Cáceres;10145 Piedras Albas;Hombres;2004;80
10;Cáceres;10145 Piedras Albas;Hombres;2003;84
10;Cáceres;10145 Piedras Albas;Hombres;2002;93
10;Cáceres;10145 Piedras Albas;Hombres;2001;98
10;Cáceres;10145 Piedras Albas;Hombres;2000;100
10;Cáceres;10145 Piedras Albas;Hombres;1999;105
10;Cáceres;10145 Piedras Albas;Hombres;1998;107
10;Cáceres;10145 Piedras Albas;Hombres;1997;
10;Cáceres;10145 Piedras Albas;Hombres;1996;111
10;Cáceres;10145 Piedras Albas;Mujeres;2023;67
10;Cáceres;10145 Piedras Albas;Mujeres;2022;66
10;Cáceres;10145 Piedras Albas;Mujeres;2021;71
10;Cáceres;10145 Piedras Albas;Mujeres;2020;72
10;Cáceres;10145 Piedras Albas;Mujeres;2019;78
10;Cáceres;10145 Piedras Albas;Mujeres;2018;79
10;Cáceres;10145 Piedras Albas;Mujeres;2017;84
10;Cáceres;10145 Piedras Albas;Mujeres;2016;85
10;Cáceres;10145 Piedras Albas;Mujeres;2015;82
10;Cáceres;10145 Piedras Albas;Mujeres;2014;83
10;Cáceres;10145 Piedras Albas;Mujeres;2013;85
10;Cáceres;10145 Piedras Albas;Mujeres;2012;84
10;Cáceres;10145 Piedras Albas;Mujeres;2011;89
10;Cáceres;10145 Piedras Albas;Mujeres;2010;89
10;Cáceres;10145 Piedras Albas;Mujeres;2009;95
10;Cáceres;10145 Piedras Albas;Mujeres;2008;99
10;Cáceres;10145 Piedras Albas;Mujeres;2007;101
10;Cáceres;10145 Piedras Albas;Mujeres;2006;78
10;Cáceres;10145 Piedras Albas;Mujeres;2005;81
10;Cáceres;10145 Piedras Albas;Mujeres;2004;82
10;Cáceres;10145 Piedras Albas;Mujeres;2003;84
10;Cáceres;10145 Piedras Albas;Mujeres;2002;93
10;Cáceres;10145 Piedras Albas;Mujeres;2001;99
10;Cáceres;10145 Piedras Albas;Mujeres;2000;110
10;Cáceres;10145 Piedras Albas;Mujeres;1999;113
10;Cáceres;10145 Piedras Albas;Mujeres;1998;119
10;Cáceres;10145 Piedras Albas;Mujeres;1997;
10;Cáceres;10145 Piedras Albas;Mujeres;1996;125
10;Cáceres;10146 Pinofranqueado;Total;2023;1749
10;Cáceres;10146 Pinofranqueado;Total;2022;1686
10;Cáceres;10146 Pinofranqueado;Total;2021;1682
10;Cáceres;10146 Pinofranqueado;Total;2020;1692
10;Cáceres;10146 Pinofranqueado;Total;2019;1736
10;Cáceres;10146 Pinofranqueado;Total;2018;1748
10;Cáceres;10146 Pinofranqueado;Total;2017;1785
10;Cáceres;10146 Pinofranqueado;Total;2016;1838
10;Cáceres;10146 Pinofranqueado;Total;2015;1762
10;Cáceres;10146 Pinofranqueado;Total;2014;1760
10;Cáceres;10146 Pinofranqueado;Total;2013;1678
10;Cáceres;10146 Pinofranqueado;Total;2012;1670
10;Cáceres;10146 Pinofranqueado;Total;2011;1631
10;Cáceres;10146 Pinofranqueado;Total;2010;1654
10;Cáceres;10146 Pinofranqueado;Total;2009;1687
10;Cáceres;10146 Pinofranqueado;Total;2008;1686
10;Cáceres;10146 Pinofranqueado;Total;2007;1671
10;Cáceres;10146 Pinofranqueado;Total;2006;1673
10;Cáceres;10146 Pinofranqueado;Total;2005;1651
10;Cáceres;10146 Pinofranqueado;Total;2004;1638
10;Cáceres;10146 Pinofranqueado;Total;2003;1618
10;Cáceres;10146 Pinofranqueado;Total;2002;1593
10;Cáceres;10146 Pinofranqueado;Total;2001;1644
10;Cáceres;10146 Pinofranqueado;Total;2000;1693
10;Cáceres;10146 Pinofranqueado;Total;1999;1738
10;Cáceres;10146 Pinofranqueado;Total;1998;1793
10;Cáceres;10146 Pinofranqueado;Total;1997;
10;Cáceres;10146 Pinofranqueado;Total;1996;1824
10;Cáceres;10146 Pinofranqueado;Hombres;2023;918
10;Cáceres;10146 Pinofranqueado;Hombres;2022;883
10;Cáceres;10146 Pinofranqueado;Hombres;2021;888
10;Cáceres;10146 Pinofranqueado;Hombres;2020;899
10;Cáceres;10146 Pinofranqueado;Hombres;2019;927
10;Cáceres;10146 Pinofranqueado;Hombres;2018;928
10;Cáceres;10146 Pinofranqueado;Hombres;2017;961
10;Cáceres;10146 Pinofranqueado;Hombres;2016;980
10;Cáceres;10146 Pinofranqueado;Hombres;2015;938
10;Cáceres;10146 Pinofranqueado;Hombres;2014;934
10;Cáceres;10146 Pinofranqueado;Hombres;2013;890
10;Cáceres;10146 Pinofranqueado;Hombres;2012;890
10;Cáceres;10146 Pinofranqueado;Hombres;2011;876
10;Cáceres;10146 Pinofranqueado;Hombres;2010;889
10;Cáceres;10146 Pinofranqueado;Hombres;2009;909
10;Cáceres;10146 Pinofranqueado;Hombres;2008;913
10;Cáceres;10146 Pinofranqueado;Hombres;2007;896
10;Cáceres;10146 Pinofranqueado;Hombres;2006;894
10;Cáceres;10146 Pinofranqueado;Hombres;2005;888
10;Cáceres;10146 Pinofranqueado;Hombres;2004;885
10;Cáceres;10146 Pinofranqueado;Hombres;2003;878
10;Cáceres;10146 Pinofranqueado;Hombres;2002;871
10;Cáceres;10146 Pinofranqueado;Hombres;2001;896
10;Cáceres;10146 Pinofranqueado;Hombres;2000;926
10;Cáceres;10146 Pinofranqueado;Hombres;1999;944
10;Cáceres;10146 Pinofranqueado;Hombres;1998;975
10;Cáceres;10146 Pinofranqueado;Hombres;1997;
10;Cáceres;10146 Pinofranqueado;Hombres;1996;973
10;Cáceres;10146 Pinofranqueado;Mujeres;2023;831
10;Cáceres;10146 Pinofranqueado;Mujeres;2022;803
10;Cáceres;10146 Pinofranqueado;Mujeres;2021;794
10;Cáceres;10146 Pinofranqueado;Mujeres;2020;793
10;Cáceres;10146 Pinofranqueado;Mujeres;2019;809
10;Cáceres;10146 Pinofranqueado;Mujeres;2018;820
10;Cáceres;10146 Pinofranqueado;Mujeres;2017;824
10;Cáceres;10146 Pinofranqueado;Mujeres;2016;858
10;Cáceres;10146 Pinofranqueado;Mujeres;2015;824
10;Cáceres;10146 Pinofranqueado;Mujeres;2014;826
10;Cáceres;10146 Pinofranqueado;Mujeres;2013;788
10;Cáceres;10146 Pinofranqueado;Mujeres;2012;780
10;Cáceres;10146 Pinofranqueado;Mujeres;2011;755
10;Cáceres;10146 Pinofranqueado;Mujeres;2010;765
10;Cáceres;10146 Pinofranqueado;Mujeres;2009;778
10;Cáceres;10146 Pinofranqueado;Mujeres;2008;773
10;Cáceres;10146 Pinofranqueado;Mujeres;2007;775
10;Cáceres;10146 Pinofranqueado;Mujeres;2006;779
10;Cáceres;10146 Pinofranqueado;Mujeres;2005;763
10;Cáceres;10146 Pinofranqueado;Mujeres;2004;753
10;Cáceres;10146 Pinofranqueado;Mujeres;2003;740
10;Cáceres;10146 Pinofranqueado;Mujeres;2002;722
10;Cáceres;10146 Pinofranqueado;Mujeres;2001;748
10;Cáceres;10146 Pinofranqueado;Mujeres;2000;767
10;Cáceres;10146 Pinofranqueado;Mujeres;1999;794
10;Cáceres;10146 Pinofranqueado;Mujeres;1998;818
10;Cáceres;10146 Pinofranqueado;Mujeres;1997;
10;Cáceres;10146 Pinofranqueado;Mujeres;1996;851
10;Cáceres;10147 Piornal;Total;2023;1470
10;Cáceres;10147 Piornal;Total;2022;1503
10;Cáceres;10147 Piornal;Total;2021;1485
10;Cáceres;10147 Piornal;Total;2020;1483
10;Cáceres;10147 Piornal;Total;2019;1519
10;Cáceres;10147 Piornal;Total;2018;1530
10;Cáceres;10147 Piornal;Total;2017;1536
10;Cáceres;10147 Piornal;Total;2016;1547
10;Cáceres;10147 Piornal;Total;2015;1555
10;Cáceres;10147 Piornal;Total;2014;1549
10;Cáceres;10147 Piornal;Total;2013;1562
10;Cáceres;10147 Piornal;Total;2012;1550
10;Cáceres;10147 Piornal;Total;2011;1552
10;Cáceres;10147 Piornal;Total;2010;1525
10;Cáceres;10147 Piornal;Total;2009;1537
10;Cáceres;10147 Piornal;Total;2008;1548
10;Cáceres;10147 Piornal;Total;2007;1541
10;Cáceres;10147 Piornal;Total;2006;1524
10;Cáceres;10147 Piornal;Total;2005;1532
10;Cáceres;10147 Piornal;Total;2004;1535
10;Cáceres;10147 Piornal;Total;2003;1542
10;Cáceres;10147 Piornal;Total;2002;1554
10;Cáceres;10147 Piornal;Total;2001;1574
10;Cáceres;10147 Piornal;Total;2000;1566
10;Cáceres;10147 Piornal;Total;1999;1545
10;Cáceres;10147 Piornal;Total;1998;1560
10;Cáceres;10147 Piornal;Total;1997;
10;Cáceres;10147 Piornal;Total;1996;1581
10;Cáceres;10147 Piornal;Hombres;2023;751
10;Cáceres;10147 Piornal;Hombres;2022;763
10;Cáceres;10147 Piornal;Hombres;2021;749
10;Cáceres;10147 Piornal;Hombres;2020;752
10;Cáceres;10147 Piornal;Hombres;2019;767
10;Cáceres;10147 Piornal;Hombres;2018;771
10;Cáceres;10147 Piornal;Hombres;2017;772
10;Cáceres;10147 Piornal;Hombres;2016;786
10;Cáceres;10147 Piornal;Hombres;2015;789
10;Cáceres;10147 Piornal;Hombres;2014;790
10;Cáceres;10147 Piornal;Hombres;2013;790
10;Cáceres;10147 Piornal;Hombres;2012;780
10;Cáceres;10147 Piornal;Hombres;2011;777
10;Cáceres;10147 Piornal;Hombres;2010;760
10;Cáceres;10147 Piornal;Hombres;2009;766
10;Cáceres;10147 Piornal;Hombres;2008;767
10;Cáceres;10147 Piornal;Hombres;2007;761
10;Cáceres;10147 Piornal;Hombres;2006;751
10;Cáceres;10147 Piornal;Hombres;2005;754
10;Cáceres;10147 Piornal;Hombres;2004;756
10;Cáceres;10147 Piornal;Hombres;2003;756
10;Cáceres;10147 Piornal;Hombres;2002;767
10;Cáceres;10147 Piornal;Hombres;2001;786
10;Cáceres;10147 Piornal;Hombres;2000;769
10;Cáceres;10147 Piornal;Hombres;1999;766
10;Cáceres;10147 Piornal;Hombres;1998;774
10;Cáceres;10147 Piornal;Hombres;1997;
10;Cáceres;10147 Piornal;Hombres;1996;787
10;Cáceres;10147 Piornal;Mujeres;2023;719
10;Cáceres;10147 Piornal;Mujeres;2022;740
10;Cáceres;10147 Piornal;Mujeres;2021;736
10;Cáceres;10147 Piornal;Mujeres;2020;731
10;Cáceres;10147 Piornal;Mujeres;2019;752
10;Cáceres;10147 Piornal;Mujeres;2018;759
10;Cáceres;10147 Piornal;Mujeres;2017;764
10;Cáceres;10147 Piornal;Mujeres;2016;761
10;Cáceres;10147 Piornal;Mujeres;2015;766
10;Cáceres;10147 Piornal;Mujeres;2014;759
10;Cáceres;10147 Piornal;Mujeres;2013;772
10;Cáceres;10147 Piornal;Mujeres;2012;770
10;Cáceres;10147 Piornal;Mujeres;2011;775
10;Cáceres;10147 Piornal;Mujeres;2010;765
10;Cáceres;10147 Piornal;Mujeres;2009;771
10;Cáceres;10147 Piornal;Mujeres;2008;781
10;Cáceres;10147 Piornal;Mujeres;2007;780
10;Cáceres;10147 Piornal;Mujeres;2006;773
10;Cáceres;10147 Piornal;Mujeres;2005;778
10;Cáceres;10147 Piornal;Mujeres;2004;779
10;Cáceres;10147 Piornal;Mujeres;2003;786
10;Cáceres;10147 Piornal;Mujeres;2002;787
10;Cáceres;10147 Piornal;Mujeres;2001;788
10;Cáceres;10147 Piornal;Mujeres;2000;797
10;Cáceres;10147 Piornal;Mujeres;1999;779
10;Cáceres;10147 Piornal;Mujeres;1998;786
10;Cáceres;10147 Piornal;Mujeres;1997;
10;Cáceres;10147 Piornal;Mujeres;1996;794
10;Cáceres;10148 Plasencia;Total;2023;39412
10;Cáceres;10148 Plasencia;Total;2022;39247
10;Cáceres;10148 Plasencia;Total;2021;39558
10;Cáceres;10148 Plasencia;Total;2020;39860
10;Cáceres;10148 Plasencia;Total;2019;39913
10;Cáceres;10148 Plasencia;Total;2018;40141
10;Cáceres;10148 Plasencia;Total;2017;40360
10;Cáceres;10148 Plasencia;Total;2016;40663
10;Cáceres;10148 Plasencia;Total;2015;40755
10;Cáceres;10148 Plasencia;Total;2014;40892
10;Cáceres;10148 Plasencia;Total;2013;41047
10;Cáceres;10148 Plasencia;Total;2012;41002
10;Cáceres;10148 Plasencia;Total;2011;41392
10;Cáceres;10148 Plasencia;Total;2010;41447
10;Cáceres;10148 Plasencia;Total;2009;41148
10;Cáceres;10148 Plasencia;Total;2008;40105
10;Cáceres;10148 Plasencia;Total;2007;39982
10;Cáceres;10148 Plasencia;Total;2006;39785
10;Cáceres;10148 Plasencia;Total;2005;39596
10;Cáceres;10148 Plasencia;Total;2004;38815
10;Cáceres;10148 Plasencia;Total;2003;38576
10;Cáceres;10148 Plasencia;Total;2002;38495
10;Cáceres;10148 Plasencia;Total;2001;38576
10;Cáceres;10148 Plasencia;Total;2000;37018
10;Cáceres;10148 Plasencia;Total;1999;36465
10;Cáceres;10148 Plasencia;Total;1998;36465
10;Cáceres;10148 Plasencia;Total;1997;
10;Cáceres;10148 Plasencia;Total;1996;37299
10;Cáceres;10148 Plasencia;Hombres;2023;18898
10;Cáceres;10148 Plasencia;Hombres;2022;18853
10;Cáceres;10148 Plasencia;Hombres;2021;19023
10;Cáceres;10148 Plasencia;Hombres;2020;19170
10;Cáceres;10148 Plasencia;Hombres;2019;19254
10;Cáceres;10148 Plasencia;Hombres;2018;19421
10;Cáceres;10148 Plasencia;Hombres;2017;19504
10;Cáceres;10148 Plasencia;Hombres;2016;19700
10;Cáceres;10148 Plasencia;Hombres;2015;19786
10;Cáceres;10148 Plasencia;Hombres;2014;19858
10;Cáceres;10148 Plasencia;Hombres;2013;19952
10;Cáceres;10148 Plasencia;Hombres;2012;19975
10;Cáceres;10148 Plasencia;Hombres;2011;20157
10;Cáceres;10148 Plasencia;Hombres;2010;20216
10;Cáceres;10148 Plasencia;Hombres;2009;20102
10;Cáceres;10148 Plasencia;Hombres;2008;19625
10;Cáceres;10148 Plasencia;Hombres;2007;19559
10;Cáceres;10148 Plasencia;Hombres;2006;19457
10;Cáceres;10148 Plasencia;Hombres;2005;19391
10;Cáceres;10148 Plasencia;Hombres;2004;18999
10;Cáceres;10148 Plasencia;Hombres;2003;18892
10;Cáceres;10148 Plasencia;Hombres;2002;18832
10;Cáceres;10148 Plasencia;Hombres;2001;18901
10;Cáceres;10148 Plasencia;Hombres;2000;18098
10;Cáceres;10148 Plasencia;Hombres;1999;17841
10;Cáceres;10148 Plasencia;Hombres;1998;17841
10;Cáceres;10148 Plasencia;Hombres;1997;
10;Cáceres;10148 Plasencia;Hombres;1996;18282
10;Cáceres;10148 Plasencia;Mujeres;2023;20514
10;Cáceres;10148 Plasencia;Mujeres;2022;20394
10;Cáceres;10148 Plasencia;Mujeres;2021;20535
10;Cáceres;10148 Plasencia;Mujeres;2020;20690
10;Cáceres;10148 Plasencia;Mujeres;2019;20659
10;Cáceres;10148 Plasencia;Mujeres;2018;20720
10;Cáceres;10148 Plasencia;Mujeres;2017;20856
10;Cáceres;10148 Plasencia;Mujeres;2016;20963
10;Cáceres;10148 Plasencia;Mujeres;2015;20969
10;Cáceres;10148 Plasencia;Mujeres;2014;21034
10;Cáceres;10148 Plasencia;Mujeres;2013;21095
10;Cáceres;10148 Plasencia;Mujeres;2012;21027
10;Cáceres;10148 Plasencia;Mujeres;2011;21235
10;Cáceres;10148 Plasencia;Mujeres;2010;21231
10;Cáceres;10148 Plasencia;Mujeres;2009;21046
10;Cáceres;10148 Plasencia;Mujeres;2008;20480
10;Cáceres;10148 Plasencia;Mujeres;2007;20423
10;Cáceres;10148 Plasencia;Mujeres;2006;20328
10;Cáceres;10148 Plasencia;Mujeres;2005;20205
10;Cáceres;10148 Plasencia;Mujeres;2004;19816
10;Cáceres;10148 Plasencia;Mujeres;2003;19684
10;Cáceres;10148 Plasencia;Mujeres;2002;19663
10;Cáceres;10148 Plasencia;Mujeres;2001;19675
10;Cáceres;10148 Plasencia;Mujeres;2000;18920
10;Cáceres;10148 Plasencia;Mujeres;1999;18624
10;Cáceres;10148 Plasencia;Mujeres;1998;18624
10;Cáceres;10148 Plasencia;Mujeres;1997;
10;Cáceres;10148 Plasencia;Mujeres;1996;19017
10;Cáceres;10149 Plasenzuela;Total;2023;498
10;Cáceres;10149 Plasenzuela;Total;2022;483
10;Cáceres;10149 Plasenzuela;Total;2021;477
10;Cáceres;10149 Plasenzuela;Total;2020;487
10;Cáceres;10149 Plasenzuela;Total;2019;492
10;Cáceres;10149 Plasenzuela;Total;2018;487
10;Cáceres;10149 Plasenzuela;Total;2017;476
10;Cáceres;10149 Plasenzuela;Total;2016;481
10;Cáceres;10149 Plasenzuela;Total;2015;501
10;Cáceres;10149 Plasenzuela;Total;2014;497
10;Cáceres;10149 Plasenzuela;Total;2013;481
10;Cáceres;10149 Plasenzuela;Total;2012;500
10;Cáceres;10149 Plasenzuela;Total;2011;507
10;Cáceres;10149 Plasenzuela;Total;2010;518
10;Cáceres;10149 Plasenzuela;Total;2009;538
10;Cáceres;10149 Plasenzuela;Total;2008;542
10;Cáceres;10149 Plasenzuela;Total;2007;521
10;Cáceres;10149 Plasenzuela;Total;2006;546
10;Cáceres;10149 Plasenzuela;Total;2005;549
10;Cáceres;10149 Plasenzuela;Total;2004;556
10;Cáceres;10149 Plasenzuela;Total;2003;583
10;Cáceres;10149 Plasenzuela;Total;2002;503
10;Cáceres;10149 Plasenzuela;Total;2001;540
10;Cáceres;10149 Plasenzuela;Total;2000;551
10;Cáceres;10149 Plasenzuela;Total;1999;580
10;Cáceres;10149 Plasenzuela;Total;1998;514
10;Cáceres;10149 Plasenzuela;Total;1997;
10;Cáceres;10149 Plasenzuela;Total;1996;544
10;Cáceres;10149 Plasenzuela;Hombres;2023;240
10;Cáceres;10149 Plasenzuela;Hombres;2022;239
10;Cáceres;10149 Plasenzuela;Hombres;2021;234
10;Cáceres;10149 Plasenzuela;Hombres;2020;246
10;Cáceres;10149 Plasenzuela;Hombres;2019;251
10;Cáceres;10149 Plasenzuela;Hombres;2018;244
10;Cáceres;10149 Plasenzuela;Hombres;2017;235
10;Cáceres;10149 Plasenzuela;Hombres;2016;238
10;Cáceres;10149 Plasenzuela;Hombres;2015;248
10;Cáceres;10149 Plasenzuela;Hombres;2014;258
10;Cáceres;10149 Plasenzuela;Hombres;2013;255
10;Cáceres;10149 Plasenzuela;Hombres;2012;255
10;Cáceres;10149 Plasenzuela;Hombres;2011;262
10;Cáceres;10149 Plasenzuela;Hombres;2010;262
10;Cáceres;10149 Plasenzuela;Hombres;2009;272
10;Cáceres;10149 Plasenzuela;Hombres;2008;275
10;Cáceres;10149 Plasenzuela;Hombres;2007;257
10;Cáceres;10149 Plasenzuela;Hombres;2006;265
10;Cáceres;10149 Plasenzuela;Hombres;2005;269
10;Cáceres;10149 Plasenzuela;Hombres;2004;268
10;Cáceres;10149 Plasenzuela;Hombres;2003;280
10;Cáceres;10149 Plasenzuela;Hombres;2002;241
10;Cáceres;10149 Plasenzuela;Hombres;2001;252
10;Cáceres;10149 Plasenzuela;Hombres;2000;258
10;Cáceres;10149 Plasenzuela;Hombres;1999;273
10;Cáceres;10149 Plasenzuela;Hombres;1998;235
10;Cáceres;10149 Plasenzuela;Hombres;1997;
10;Cáceres;10149 Plasenzuela;Hombres;1996;249
10;Cáceres;10149 Plasenzuela;Mujeres;2023;258
10;Cáceres;10149 Plasenzuela;Mujeres;2022;244
10;Cáceres;10149 Plasenzuela;Mujeres;2021;243
10;Cáceres;10149 Plasenzuela;Mujeres;2020;241
10;Cáceres;10149 Plasenzuela;Mujeres;2019;241
10;Cáceres;10149 Plasenzuela;Mujeres;2018;243
10;Cáceres;10149 Plasenzuela;Mujeres;2017;241
10;Cáceres;10149 Plasenzuela;Mujeres;2016;243
10;Cáceres;10149 Plasenzuela;Mujeres;2015;253
10;Cáceres;10149 Plasenzuela;Mujeres;2014;239
10;Cáceres;10149 Plasenzuela;Mujeres;2013;226
10;Cáceres;10149 Plasenzuela;Mujeres;2012;245
10;Cáceres;10149 Plasenzuela;Mujeres;2011;245
10;Cáceres;10149 Plasenzuela;Mujeres;2010;256
10;Cáceres;10149 Plasenzuela;Mujeres;2009;266
10;Cáceres;10149 Plasenzuela;Mujeres;2008;267
10;Cáceres;10149 Plasenzuela;Mujeres;2007;264
10;Cáceres;10149 Plasenzuela;Mujeres;2006;281
10;Cáceres;10149 Plasenzuela;Mujeres;2005;280
10;Cáceres;10149 Plasenzuela;Mujeres;2004;288
10;Cáceres;10149 Plasenzuela;Mujeres;2003;303
10;Cáceres;10149 Plasenzuela;Mujeres;2002;262
10;Cáceres;10149 Plasenzuela;Mujeres;2001;288
10;Cáceres;10149 Plasenzuela;Mujeres;2000;293
10;Cáceres;10149 Plasenzuela;Mujeres;1999;307
10;Cáceres;10149 Plasenzuela;Mujeres;1998;279
10;Cáceres;10149 Plasenzuela;Mujeres;1997;
10;Cáceres;10149 Plasenzuela;Mujeres;1996;295
10;Cáceres;10150 Portaje;Total;2023;373
10;Cáceres;10150 Portaje;Total;2022;371
10;Cáceres;10150 Portaje;Total;2021;371
10;Cáceres;10150 Portaje;Total;2020;370
10;Cáceres;10150 Portaje;Total;2019;355
10;Cáceres;10150 Portaje;Total;2018;362
10;Cáceres;10150 Portaje;Total;2017;380
10;Cáceres;10150 Portaje;Total;2016;386
10;Cáceres;10150 Portaje;Total;2015;397
10;Cáceres;10150 Portaje;Total;2014;390
10;Cáceres;10150 Portaje;Total;2013;395
10;Cáceres;10150 Portaje;Total;2012;401
10;Cáceres;10150 Portaje;Total;2011;409
10;Cáceres;10150 Portaje;Total;2010;419
10;Cáceres;10150 Portaje;Total;2009;415
10;Cáceres;10150 Portaje;Total;2008;405
10;Cáceres;10150 Portaje;Total;2007;398
10;Cáceres;10150 Portaje;Total;2006;398
10;Cáceres;10150 Portaje;Total;2005;379
10;Cáceres;10150 Portaje;Total;2004;388
10;Cáceres;10150 Portaje;Total;2003;394
10;Cáceres;10150 Portaje;Total;2002;401
10;Cáceres;10150 Portaje;Total;2001;403
10;Cáceres;10150 Portaje;Total;2000;407
10;Cáceres;10150 Portaje;Total;1999;411
10;Cáceres;10150 Portaje;Total;1998;416
10;Cáceres;10150 Portaje;Total;1997;
10;Cáceres;10150 Portaje;Total;1996;425
10;Cáceres;10150 Portaje;Hombres;2023;183
10;Cáceres;10150 Portaje;Hombres;2022;188
10;Cáceres;10150 Portaje;Hombres;2021;193
10;Cáceres;10150 Portaje;Hombres;2020;190
10;Cáceres;10150 Portaje;Hombres;2019;183
10;Cáceres;10150 Portaje;Hombres;2018;187
10;Cáceres;10150 Portaje;Hombres;2017;197
10;Cáceres;10150 Portaje;Hombres;2016;196
10;Cáceres;10150 Portaje;Hombres;2015;203
10;Cáceres;10150 Portaje;Hombres;2014;201
10;Cáceres;10150 Portaje;Hombres;2013;198
10;Cáceres;10150 Portaje;Hombres;2012;201
10;Cáceres;10150 Portaje;Hombres;2011;208
10;Cáceres;10150 Portaje;Hombres;2010;212
10;Cáceres;10150 Portaje;Hombres;2009;209
10;Cáceres;10150 Portaje;Hombres;2008;204
10;Cáceres;10150 Portaje;Hombres;2007;198
10;Cáceres;10150 Portaje;Hombres;2006;196
10;Cáceres;10150 Portaje;Hombres;2005;188
10;Cáceres;10150 Portaje;Hombres;2004;195
10;Cáceres;10150 Portaje;Hombres;2003;196
10;Cáceres;10150 Portaje;Hombres;2002;197
10;Cáceres;10150 Portaje;Hombres;2001;195
10;Cáceres;10150 Portaje;Hombres;2000;197
10;Cáceres;10150 Portaje;Hombres;1999;201
10;Cáceres;10150 Portaje;Hombres;1998;204
10;Cáceres;10150 Portaje;Hombres;1997;
10;Cáceres;10150 Portaje;Hombres;1996;205
10;Cáceres;10150 Portaje;Mujeres;2023;190
10;Cáceres;10150 Portaje;Mujeres;2022;183
10;Cáceres;10150 Portaje;Mujeres;2021;178
10;Cáceres;10150 Portaje;Mujeres;2020;180
10;Cáceres;10150 Portaje;Mujeres;2019;172
10;Cáceres;10150 Portaje;Mujeres;2018;175
10;Cáceres;10150 Portaje;Mujeres;2017;183
10;Cáceres;10150 Portaje;Mujeres;2016;190
10;Cáceres;10150 Portaje;Mujeres;2015;194
10;Cáceres;10150 Portaje;Mujeres;2014;189
10;Cáceres;10150 Portaje;Mujeres;2013;197
10;Cáceres;10150 Portaje;Mujeres;2012;200
10;Cáceres;10150 Portaje;Mujeres;2011;201
10;Cáceres;10150 Portaje;Mujeres;2010;207
10;Cáceres;10150 Portaje;Mujeres;2009;206
10;Cáceres;10150 Portaje;Mujeres;2008;201
10;Cáceres;10150 Portaje;Mujeres;2007;200
10;Cáceres;10150 Portaje;Mujeres;2006;202
10;Cáceres;10150 Portaje;Mujeres;2005;191
10;Cáceres;10150 Portaje;Mujeres;2004;193
10;Cáceres;10150 Portaje;Mujeres;2003;198
10;Cáceres;10150 Portaje;Mujeres;2002;204
10;Cáceres;10150 Portaje;Mujeres;2001;208
10;Cáceres;10150 Portaje;Mujeres;2000;210
10;Cáceres;10150 Portaje;Mujeres;1999;210
10;Cáceres;10150 Portaje;Mujeres;1998;212
10;Cáceres;10150 Portaje;Mujeres;1997;
10;Cáceres;10150 Portaje;Mujeres;1996;220
10;Cáceres;10151 Portezuelo;Total;2023;216
10;Cáceres;10151 Portezuelo;Total;2022;219
10;Cáceres;10151 Portezuelo;Total;2021;220
10;Cáceres;10151 Portezuelo;Total;2020;211
10;Cáceres;10151 Portezuelo;Total;2019;218
10;Cáceres;10151 Portezuelo;Total;2018;225
10;Cáceres;10151 Portezuelo;Total;2017;231
10;Cáceres;10151 Portezuelo;Total;2016;232
10;Cáceres;10151 Portezuelo;Total;2015;246
10;Cáceres;10151 Portezuelo;Total;2014;247
10;Cáceres;10151 Portezuelo;Total;2013;262
10;Cáceres;10151 Portezuelo;Total;2012;264
10;Cáceres;10151 Portezuelo;Total;2011;266
10;Cáceres;10151 Portezuelo;Total;2010;262
10;Cáceres;10151 Portezuelo;Total;2009;268
10;Cáceres;10151 Portezuelo;Total;2008;274
10;Cáceres;10151 Portezuelo;Total;2007;282
10;Cáceres;10151 Portezuelo;Total;2006;287
10;Cáceres;10151 Portezuelo;Total;2005;293
10;Cáceres;10151 Portezuelo;Total;2004;304
10;Cáceres;10151 Portezuelo;Total;2003;290
10;Cáceres;10151 Portezuelo;Total;2002;299
10;Cáceres;10151 Portezuelo;Total;2001;304
10;Cáceres;10151 Portezuelo;Total;2000;312
10;Cáceres;10151 Portezuelo;Total;1999;328
10;Cáceres;10151 Portezuelo;Total;1998;328
10;Cáceres;10151 Portezuelo;Total;1997;
10;Cáceres;10151 Portezuelo;Total;1996;339
10;Cáceres;10151 Portezuelo;Hombres;2023;115
10;Cáceres;10151 Portezuelo;Hombres;2022;117
10;Cáceres;10151 Portezuelo;Hombres;2021;118
10;Cáceres;10151 Portezuelo;Hombres;2020;113
10;Cáceres;10151 Portezuelo;Hombres;2019;115
10;Cáceres;10151 Portezuelo;Hombres;2018;118
10;Cáceres;10151 Portezuelo;Hombres;2017;122
10;Cáceres;10151 Portezuelo;Hombres;2016;123
10;Cáceres;10151 Portezuelo;Hombres;2015;130
10;Cáceres;10151 Portezuelo;Hombres;2014;126
10;Cáceres;10151 Portezuelo;Hombres;2013;137
10;Cáceres;10151 Portezuelo;Hombres;2012;137
10;Cáceres;10151 Portezuelo;Hombres;2011;135
10;Cáceres;10151 Portezuelo;Hombres;2010;134
10;Cáceres;10151 Portezuelo;Hombres;2009;139
10;Cáceres;10151 Portezuelo;Hombres;2008;141
10;Cáceres;10151 Portezuelo;Hombres;2007;142
10;Cáceres;10151 Portezuelo;Hombres;2006;141
10;Cáceres;10151 Portezuelo;Hombres;2005;145
10;Cáceres;10151 Portezuelo;Hombres;2004;148
10;Cáceres;10151 Portezuelo;Hombres;2003;139
10;Cáceres;10151 Portezuelo;Hombres;2002;144
10;Cáceres;10151 Portezuelo;Hombres;2001;147
10;Cáceres;10151 Portezuelo;Hombres;2000;151
10;Cáceres;10151 Portezuelo;Hombres;1999;159
10;Cáceres;10151 Portezuelo;Hombres;1998;159
10;Cáceres;10151 Portezuelo;Hombres;1997;
10;Cáceres;10151 Portezuelo;Hombres;1996;161
10;Cáceres;10151 Portezuelo;Mujeres;2023;101
10;Cáceres;10151 Portezuelo;Mujeres;2022;102
10;Cáceres;10151 Portezuelo;Mujeres;2021;102
10;Cáceres;10151 Portezuelo;Mujeres;2020;98
10;Cáceres;10151 Portezuelo;Mujeres;2019;103
10;Cáceres;10151 Portezuelo;Mujeres;2018;107
10;Cáceres;10151 Portezuelo;Mujeres;2017;109
10;Cáceres;10151 Portezuelo;Mujeres;2016;109
10;Cáceres;10151 Portezuelo;Mujeres;2015;116
10;Cáceres;10151 Portezuelo;Mujeres;2014;121
10;Cáceres;10151 Portezuelo;Mujeres;2013;125
10;Cáceres;10151 Portezuelo;Mujeres;2012;127
10;Cáceres;10151 Portezuelo;Mujeres;2011;131
10;Cáceres;10151 Portezuelo;Mujeres;2010;128
10;Cáceres;10151 Portezuelo;Mujeres;2009;129
10;Cáceres;10151 Portezuelo;Mujeres;2008;133
10;Cáceres;10151 Portezuelo;Mujeres;2007;140
10;Cáceres;10151 Portezuelo;Mujeres;2006;146
10;Cáceres;10151 Portezuelo;Mujeres;2005;148
10;Cáceres;10151 Portezuelo;Mujeres;2004;156
10;Cáceres;10151 Portezuelo;Mujeres;2003;151
10;Cáceres;10151 Portezuelo;Mujeres;2002;155
10;Cáceres;10151 Portezuelo;Mujeres;2001;157
10;Cáceres;10151 Portezuelo;Mujeres;2000;161
10;Cáceres;10151 Portezuelo;Mujeres;1999;169
10;Cáceres;10151 Portezuelo;Mujeres;1998;169
10;Cáceres;10151 Portezuelo;Mujeres;1997;
10;Cáceres;10151 Portezuelo;Mujeres;1996;178
10;Cáceres;10152 Pozuelo de Zarzón;Total;2023;444
10;Cáceres;10152 Pozuelo de Zarzón;Total;2022;437
10;Cáceres;10152 Pozuelo de Zarzón;Total;2021;435
10;Cáceres;10152 Pozuelo de Zarzón;Total;2020;454
10;Cáceres;10152 Pozuelo de Zarzón;Total;2019;475
10;Cáceres;10152 Pozuelo de Zarzón;Total;2018;471
10;Cáceres;10152 Pozuelo de Zarzón;Total;2017;479
10;Cáceres;10152 Pozuelo de Zarzón;Total;2016;492
10;Cáceres;10152 Pozuelo de Zarzón;Total;2015;483
10;Cáceres;10152 Pozuelo de Zarzón;Total;2014;499
10;Cáceres;10152 Pozuelo de Zarzón;Total;2013;491
10;Cáceres;10152 Pozuelo de Zarzón;Total;2012;552
10;Cáceres;10152 Pozuelo de Zarzón;Total;2011;561
10;Cáceres;10152 Pozuelo de Zarzón;Total;2010;568
10;Cáceres;10152 Pozuelo de Zarzón;Total;2009;564
10;Cáceres;10152 Pozuelo de Zarzón;Total;2008;567
10;Cáceres;10152 Pozuelo de Zarzón;Total;2007;572
10;Cáceres;10152 Pozuelo de Zarzón;Total;2006;564
10;Cáceres;10152 Pozuelo de Zarzón;Total;2005;580
10;Cáceres;10152 Pozuelo de Zarzón;Total;2004;599
10;Cáceres;10152 Pozuelo de Zarzón;Total;2003;599
10;Cáceres;10152 Pozuelo de Zarzón;Total;2002;601
10;Cáceres;10152 Pozuelo de Zarzón;Total;2001;609
10;Cáceres;10152 Pozuelo de Zarzón;Total;2000;624
10;Cáceres;10152 Pozuelo de Zarzón;Total;1999;640
10;Cáceres;10152 Pozuelo de Zarzón;Total;1998;649
10;Cáceres;10152 Pozuelo de Zarzón;Total;1997;
10;Cáceres;10152 Pozuelo de Zarzón;Total;1996;660
10;Cáceres;10152 Pozuelo de Zarzón;Hombres;2023;221
10;Cáceres;10152 Pozuelo de Zarzón;Hombres;2022;221
10;Cáceres;10152 Pozuelo de Zarzón;Hombres;2021;218
10;Cáceres;10152 Pozuelo de Zarzón;Hombres;2020;231
10;Cáceres;10152 Pozuelo de Zarzón;Hombres;2019;240
10;Cáceres;10152 Pozuelo de Zarzón;Hombres;2018;237
10;Cáceres;10152 Pozuelo de Zarzón;Hombres;2017;237
10;Cáceres;10152 Pozuelo de Zarzón;Hombres;2016;244
10;Cáceres;10152 Pozuelo de Zarzón;Hombres;2015;243
10;Cáceres;10152 Pozuelo de Zarzón;Hombres;2014;243
10;Cáceres;10152 Pozuelo de Zarzón;Hombres;2013;239
10;Cáceres;10152 Pozuelo de Zarzón;Hombres;2012;273
10;Cáceres;10152 Pozuelo de Zarzón;Hombres;2011;279
10;Cáceres;10152 Pozuelo de Zarzón;Hombres;2010;278
10;Cáceres;10152 Pozuelo de Zarzón;Hombres;2009;277
10;Cáceres;10152 Pozuelo de Zarzón;Hombres;2008;277
10;Cáceres;10152 Pozuelo de Zarzón;Hombres;2007;281
10;Cáceres;10152 Pozuelo de Zarzón;Hombres;2006;271
10;Cáceres;10152 Pozuelo de Zarzón;Hombres;2005;280
10;Cáceres;10152 Pozuelo de Zarzón;Hombres;2004;290
10;Cáceres;10152 Pozuelo de Zarzón;Hombres;2003;287
10;Cáceres;10152 Pozuelo de Zarzón;Hombres;2002;286
10;Cáceres;10152 Pozuelo de Zarzón;Hombres;2001;291
10;Cáceres;10152 Pozuelo de Zarzón;Hombres;2000;301
10;Cáceres;10152 Pozuelo de Zarzón;Hombres;1999;309
10;Cáceres;10152 Pozuelo de Zarzón;Hombres;1998;312
10;Cáceres;10152 Pozuelo de Zarzón;Hombres;1997;
10;Cáceres;10152 Pozuelo de Zarzón;Hombres;1996;324
10;Cáceres;10152 Pozuelo de Zarzón;Mujeres;2023;223
10;Cáceres;10152 Pozuelo de Zarzón;Mujeres;2022;216
10;Cáceres;10152 Pozuelo de Zarzón;Mujeres;2021;217
10;Cáceres;10152 Pozuelo de Zarzón;Mujeres;2020;223
10;Cáceres;10152 Pozuelo de Zarzón;Mujeres;2019;235
10;Cáceres;10152 Pozuelo de Zarzón;Mujeres;2018;234
10;Cáceres;10152 Pozuelo de Zarzón;Mujeres;2017;242
10;Cáceres;10152 Pozuelo de Zarzón;Mujeres;2016;248
10;Cáceres;10152 Pozuelo de Zarzón;Mujeres;2015;240
10;Cáceres;10152 Pozuelo de Zarzón;Mujeres;2014;256
10;Cáceres;10152 Pozuelo de Zarzón;Mujeres;2013;252
10;Cáceres;10152 Pozuelo de Zarzón;Mujeres;2012;279
10;Cáceres;10152 Pozuelo de Zarzón;Mujeres;2011;282
10;Cáceres;10152 Pozuelo de Zarzón;Mujeres;2010;290
10;Cáceres;10152 Pozuelo de Zarzón;Mujeres;2009;287
10;Cáceres;10152 Pozuelo de Zarzón;Mujeres;2008;290
10;Cáceres;10152 Pozuelo de Zarzón;Mujeres;2007;291
10;Cáceres;10152 Pozuelo de Zarzón;Mujeres;2006;293
10;Cáceres;10152 Pozuelo de Zarzón;Mujeres;2005;300
10;Cáceres;10152 Pozuelo de Zarzón;Mujeres;2004;309
10;Cáceres;10152 Pozuelo de Zarzón;Mujeres;2003;312
10;Cáceres;10152 Pozuelo de Zarzón;Mujeres;2002;315
10;Cáceres;10152 Pozuelo de Zarzón;Mujeres;2001;318
10;Cáceres;10152 Pozuelo de Zarzón;Mujeres;2000;323
10;Cáceres;10152 Pozuelo de Zarzón;Mujeres;1999;331
10;Cáceres;10152 Pozuelo de Zarzón;Mujeres;1998;337
10;Cáceres;10152 Pozuelo de Zarzón;Mujeres;1997;
10;Cáceres;10152 Pozuelo de Zarzón;Mujeres;1996;336
10;Cáceres;10905 Pueblonuevo de Miramontes;Total;2023;782
10;Cáceres;10905 Pueblonuevo de Miramontes;Total;2022;767
10;Cáceres;10905 Pueblonuevo de Miramontes;Total;2021;767
10;Cáceres;10905 Pueblonuevo de Miramontes;Total;2020;782
10;Cáceres;10905 Pueblonuevo de Miramontes;Total;2019;791
10;Cáceres;10905 Pueblonuevo de Miramontes;Total;2018;814
10;Cáceres;10905 Pueblonuevo de Miramontes;Total;2017;829
10;Cáceres;10905 Pueblonuevo de Miramontes;Total;2016;830
10;Cáceres;10905 Pueblonuevo de Miramontes;Total;2015;
10;Cáceres;10905 Pueblonuevo de Miramontes;Total;2014;
10;Cáceres;10905 Pueblonuevo de Miramontes;Total;2013;
10;Cáceres;10905 Pueblonuevo de Miramontes;Total;2012;
10;Cáceres;10905 Pueblonuevo de Miramontes;Total;2011;
10;Cáceres;10905 Pueblonuevo de Miramontes;Total;2010;
10;Cáceres;10905 Pueblonuevo de Miramontes;Total;2009;
10;Cáceres;10905 Pueblonuevo de Miramontes;Total;2008;
10;Cáceres;10905 Pueblonuevo de Miramontes;Total;2007;
10;Cáceres;10905 Pueblonuevo de Miramontes;Total;2006;
10;Cáceres;10905 Pueblonuevo de Miramontes;Total;2005;
10;Cáceres;10905 Pueblonuevo de Miramontes;Total;2004;
10;Cáceres;10905 Pueblonuevo de Miramontes;Total;2003;
10;Cáceres;10905 Pueblonuevo de Miramontes;Total;2002;
10;Cáceres;10905 Pueblonuevo de Miramontes;Total;2001;
10;Cáceres;10905 Pueblonuevo de Miramontes;Total;2000;
10;Cáceres;10905 Pueblonuevo de Miramontes;Total;1999;
10;Cáceres;10905 Pueblonuevo de Miramontes;Total;1998;
10;Cáceres;10905 Pueblonuevo de Miramontes;Total;1997;
10;Cáceres;10905 Pueblonuevo de Miramontes;Total;1996;
10;Cáceres;10905 Pueblonuevo de Miramontes;Hombres;2023;385
10;Cáceres;10905 Pueblonuevo de Miramontes;Hombres;2022;383
10;Cáceres;10905 Pueblonuevo de Miramontes;Hombres;2021;383
10;Cáceres;10905 Pueblonuevo de Miramontes;Hombres;2020;394
10;Cáceres;10905 Pueblonuevo de Miramontes;Hombres;2019;402
10;Cáceres;10905 Pueblonuevo de Miramontes;Hombres;2018;417
10;Cáceres;10905 Pueblonuevo de Miramontes;Hombres;2017;424
10;Cáceres;10905 Pueblonuevo de Miramontes;Hombres;2016;424
10;Cáceres;10905 Pueblonuevo de Miramontes;Hombres;2015;
10;Cáceres;10905 Pueblonuevo de Miramontes;Hombres;2014;
10;Cáceres;10905 Pueblonuevo de Miramontes;Hombres;2013;
10;Cáceres;10905 Pueblonuevo de Miramontes;Hombres;2012;
10;Cáceres;10905 Pueblonuevo de Miramontes;Hombres;2011;
10;Cáceres;10905 Pueblonuevo de Miramontes;Hombres;2010;
10;Cáceres;10905 Pueblonuevo de Miramontes;Hombres;2009;
10;Cáceres;10905 Pueblonuevo de Miramontes;Hombres;2008;
10;Cáceres;10905 Pueblonuevo de Miramontes;Hombres;2007;
10;Cáceres;10905 Pueblonuevo de Miramontes;Hombres;2006;
10;Cáceres;10905 Pueblonuevo de Miramontes;Hombres;2005;
10;Cáceres;10905 Pueblonuevo de Miramontes;Hombres;2004;
10;Cáceres;10905 Pueblonuevo de Miramontes;Hombres;2003;
10;Cáceres;10905 Pueblonuevo de Miramontes;Hombres;2002;
10;Cáceres;10905 Pueblonuevo de Miramontes;Hombres;2001;
10;Cáceres;10905 Pueblonuevo de Miramontes;Hombres;2000;
10;Cáceres;10905 Pueblonuevo de Miramontes;Hombres;1999;
10;Cáceres;10905 Pueblonuevo de Miramontes;Hombres;1998;
10;Cáceres;10905 Pueblonuevo de Miramontes;Hombres;1997;
10;Cáceres;10905 Pueblonuevo de Miramontes;Hombres;1996;
10;Cáceres;10905 Pueblonuevo de Miramontes;Mujeres;2023;397
10;Cáceres;10905 Pueblonuevo de Miramontes;Mujeres;2022;384
10;Cáceres;10905 Pueblonuevo de Miramontes;Mujeres;2021;384
10;Cáceres;10905 Pueblonuevo de Miramontes;Mujeres;2020;388
10;Cáceres;10905 Pueblonuevo de Miramontes;Mujeres;2019;389
10;Cáceres;10905 Pueblonuevo de Miramontes;Mujeres;2018;397
10;Cáceres;10905 Pueblonuevo de Miramontes;Mujeres;2017;405
10;Cáceres;10905 Pueblonuevo de Miramontes;Mujeres;2016;406
10;Cáceres;10905 Pueblonuevo de Miramontes;Mujeres;2015;
10;Cáceres;10905 Pueblonuevo de Miramontes;Mujeres;2014;
10;Cáceres;10905 Pueblonuevo de Miramontes;Mujeres;2013;
10;Cáceres;10905 Pueblonuevo de Miramontes;Mujeres;2012;
10;Cáceres;10905 Pueblonuevo de Miramontes;Mujeres;2011;
10;Cáceres;10905 Pueblonuevo de Miramontes;Mujeres;2010;
10;Cáceres;10905 Pueblonuevo de Miramontes;Mujeres;2009;
10;Cáceres;10905 Pueblonuevo de Miramontes;Mujeres;2008;
10;Cáceres;10905 Pueblonuevo de Miramontes;Mujeres;2007;
10;Cáceres;10905 Pueblonuevo de Miramontes;Mujeres;2006;
10;Cáceres;10905 Pueblonuevo de Miramontes;Mujeres;2005;
10;Cáceres;10905 Pueblonuevo de Miramontes;Mujeres;2004;
10;Cáceres;10905 Pueblonuevo de Miramontes;Mujeres;2003;
10;Cáceres;10905 Pueblonuevo de Miramontes;Mujeres;2002;
10;Cáceres;10905 Pueblonuevo de Miramontes;Mujeres;2001;
10;Cáceres;10905 Pueblonuevo de Miramontes;Mujeres;2000;
10;Cáceres;10905 Pueblonuevo de Miramontes;Mujeres;1999;
10;Cáceres;10905 Pueblonuevo de Miramontes;Mujeres;1998;
10;Cáceres;10905 Pueblonuevo de Miramontes;Mujeres;1997;
10;Cáceres;10905 Pueblonuevo de Miramontes;Mujeres;1996;
10;Cáceres;10153 Puerto de Santa Cruz;Total;2023;267
10;Cáceres;10153 Puerto de Santa Cruz;Total;2022;277
10;Cáceres;10153 Puerto de Santa Cruz;Total;2021;287
10;Cáceres;10153 Puerto de Santa Cruz;Total;2020;304
10;Cáceres;10153 Puerto de Santa Cruz;Total;2019;317
10;Cáceres;10153 Puerto de Santa Cruz;Total;2018;323
10;Cáceres;10153 Puerto de Santa Cruz;Total;2017;338
10;Cáceres;10153 Puerto de Santa Cruz;Total;2016;346
10;Cáceres;10153 Puerto de Santa Cruz;Total;2015;363
10;Cáceres;10153 Puerto de Santa Cruz;Total;2014;359
10;Cáceres;10153 Puerto de Santa Cruz;Total;2013;372
10;Cáceres;10153 Puerto de Santa Cruz;Total;2012;385
10;Cáceres;10153 Puerto de Santa Cruz;Total;2011;391
10;Cáceres;10153 Puerto de Santa Cruz;Total;2010;401
10;Cáceres;10153 Puerto de Santa Cruz;Total;2009;393
10;Cáceres;10153 Puerto de Santa Cruz;Total;2008;398
10;Cáceres;10153 Puerto de Santa Cruz;Total;2007;396
10;Cáceres;10153 Puerto de Santa Cruz;Total;2006;403
10;Cáceres;10153 Puerto de Santa Cruz;Total;2005;404
10;Cáceres;10153 Puerto de Santa Cruz;Total;2004;410
10;Cáceres;10153 Puerto de Santa Cruz;Total;2003;410
10;Cáceres;10153 Puerto de Santa Cruz;Total;2002;415
10;Cáceres;10153 Puerto de Santa Cruz;Total;2001;417
10;Cáceres;10153 Puerto de Santa Cruz;Total;2000;427
10;Cáceres;10153 Puerto de Santa Cruz;Total;1999;440
10;Cáceres;10153 Puerto de Santa Cruz;Total;1998;440
10;Cáceres;10153 Puerto de Santa Cruz;Total;1997;
10;Cáceres;10153 Puerto de Santa Cruz;Total;1996;436
10;Cáceres;10153 Puerto de Santa Cruz;Hombres;2023;137
10;Cáceres;10153 Puerto de Santa Cruz;Hombres;2022;143
10;Cáceres;10153 Puerto de Santa Cruz;Hombres;2021;147
10;Cáceres;10153 Puerto de Santa Cruz;Hombres;2020;161
10;Cáceres;10153 Puerto de Santa Cruz;Hombres;2019;167
10;Cáceres;10153 Puerto de Santa Cruz;Hombres;2018;168
10;Cáceres;10153 Puerto de Santa Cruz;Hombres;2017;176
10;Cáceres;10153 Puerto de Santa Cruz;Hombres;2016;176
10;Cáceres;10153 Puerto de Santa Cruz;Hombres;2015;183
10;Cáceres;10153 Puerto de Santa Cruz;Hombres;2014;181
10;Cáceres;10153 Puerto de Santa Cruz;Hombres;2013;191
10;Cáceres;10153 Puerto de Santa Cruz;Hombres;2012;195
10;Cáceres;10153 Puerto de Santa Cruz;Hombres;2011;200
10;Cáceres;10153 Puerto de Santa Cruz;Hombres;2010;202
10;Cáceres;10153 Puerto de Santa Cruz;Hombres;2009;197
10;Cáceres;10153 Puerto de Santa Cruz;Hombres;2008;202
10;Cáceres;10153 Puerto de Santa Cruz;Hombres;2007;199
10;Cáceres;10153 Puerto de Santa Cruz;Hombres;2006;207
10;Cáceres;10153 Puerto de Santa Cruz;Hombres;2005;208
10;Cáceres;10153 Puerto de Santa Cruz;Hombres;2004;212
10;Cáceres;10153 Puerto de Santa Cruz;Hombres;2003;211
10;Cáceres;10153 Puerto de Santa Cruz;Hombres;2002;210
10;Cáceres;10153 Puerto de Santa Cruz;Hombres;2001;206
10;Cáceres;10153 Puerto de Santa Cruz;Hombres;2000;209
10;Cáceres;10153 Puerto de Santa Cruz;Hombres;1999;212
10;Cáceres;10153 Puerto de Santa Cruz;Hombres;1998;212
10;Cáceres;10153 Puerto de Santa Cruz;Hombres;1997;
10;Cáceres;10153 Puerto de Santa Cruz;Hombres;1996;210
10;Cáceres;10153 Puerto de Santa Cruz;Mujeres;2023;130
10;Cáceres;10153 Puerto de Santa Cruz;Mujeres;2022;134
10;Cáceres;10153 Puerto de Santa Cruz;Mujeres;2021;140
10;Cáceres;10153 Puerto de Santa Cruz;Mujeres;2020;143
10;Cáceres;10153 Puerto de Santa Cruz;Mujeres;2019;150
10;Cáceres;10153 Puerto de Santa Cruz;Mujeres;2018;155
10;Cáceres;10153 Puerto de Santa Cruz;Mujeres;2017;162
10;Cáceres;10153 Puerto de Santa Cruz;Mujeres;2016;170
10;Cáceres;10153 Puerto de Santa Cruz;Mujeres;2015;180
10;Cáceres;10153 Puerto de Santa Cruz;Mujeres;2014;178
10;Cáceres;10153 Puerto de Santa Cruz;Mujeres;2013;181
10;Cáceres;10153 Puerto de Santa Cruz;Mujeres;2012;190
10;Cáceres;10153 Puerto de Santa Cruz;Mujeres;2011;191
10;Cáceres;10153 Puerto de Santa Cruz;Mujeres;2010;199
10;Cáceres;10153 Puerto de Santa Cruz;Mujeres;2009;196
10;Cáceres;10153 Puerto de Santa Cruz;Mujeres;2008;196
10;Cáceres;10153 Puerto de Santa Cruz;Mujeres;2007;197
10;Cáceres;10153 Puerto de Santa Cruz;Mujeres;2006;196
10;Cáceres;10153 Puerto de Santa Cruz;Mujeres;2005;196
10;Cáceres;10153 Puerto de Santa Cruz;Mujeres;2004;198
10;Cáceres;10153 Puerto de Santa Cruz;Mujeres;2003;199
10;Cáceres;10153 Puerto de Santa Cruz;Mujeres;2002;205
10;Cáceres;10153 Puerto de Santa Cruz;Mujeres;2001;211
10;Cáceres;10153 Puerto de Santa Cruz;Mujeres;2000;218
10;Cáceres;10153 Puerto de Santa Cruz;Mujeres;1999;228
10;Cáceres;10153 Puerto de Santa Cruz;Mujeres;1998;228
10;Cáceres;10153 Puerto de Santa Cruz;Mujeres;1997;
10;Cáceres;10153 Puerto de Santa Cruz;Mujeres;1996;226
10;Cáceres;10154 Rebollar;Total;2023;200
10;Cáceres;10154 Rebollar;Total;2022;200
10;Cáceres;10154 Rebollar;Total;2021;208
10;Cáceres;10154 Rebollar;Total;2020;215
10;Cáceres;10154 Rebollar;Total;2019;214
10;Cáceres;10154 Rebollar;Total;2018;213
10;Cáceres;10154 Rebollar;Total;2017;210
10;Cáceres;10154 Rebollar;Total;2016;214
10;Cáceres;10154 Rebollar;Total;2015;219
10;Cáceres;10154 Rebollar;Total;2014;222
10;Cáceres;10154 Rebollar;Total;2013;227
10;Cáceres;10154 Rebollar;Total;2012;224
10;Cáceres;10154 Rebollar;Total;2011;230
10;Cáceres;10154 Rebollar;Total;2010;243
10;Cáceres;10154 Rebollar;Total;2009;237
10;Cáceres;10154 Rebollar;Total;2008;223
10;Cáceres;10154 Rebollar;Total;2007;230
10;Cáceres;10154 Rebollar;Total;2006;227
10;Cáceres;10154 Rebollar;Total;2005;221
10;Cáceres;10154 Rebollar;Total;2004;227
10;Cáceres;10154 Rebollar;Total;2003;231
10;Cáceres;10154 Rebollar;Total;2002;240
10;Cáceres;10154 Rebollar;Total;2001;246
10;Cáceres;10154 Rebollar;Total;2000;246
10;Cáceres;10154 Rebollar;Total;1999;251
10;Cáceres;10154 Rebollar;Total;1998;251
10;Cáceres;10154 Rebollar;Total;1997;
10;Cáceres;10154 Rebollar;Total;1996;251
10;Cáceres;10154 Rebollar;Hombres;2023;105
10;Cáceres;10154 Rebollar;Hombres;2022;103
10;Cáceres;10154 Rebollar;Hombres;2021;105
10;Cáceres;10154 Rebollar;Hombres;2020;106
10;Cáceres;10154 Rebollar;Hombres;2019;108
10;Cáceres;10154 Rebollar;Hombres;2018;107
10;Cáceres;10154 Rebollar;Hombres;2017;104
10;Cáceres;10154 Rebollar;Hombres;2016;106
10;Cáceres;10154 Rebollar;Hombres;2015;107
10;Cáceres;10154 Rebollar;Hombres;2014;112
10;Cáceres;10154 Rebollar;Hombres;2013;113
10;Cáceres;10154 Rebollar;Hombres;2012;110
10;Cáceres;10154 Rebollar;Hombres;2011;113
10;Cáceres;10154 Rebollar;Hombres;2010;120
10;Cáceres;10154 Rebollar;Hombres;2009;117
10;Cáceres;10154 Rebollar;Hombres;2008;114
10;Cáceres;10154 Rebollar;Hombres;2007;116
10;Cáceres;10154 Rebollar;Hombres;2006;113
10;Cáceres;10154 Rebollar;Hombres;2005;109
10;Cáceres;10154 Rebollar;Hombres;2004;115
10;Cáceres;10154 Rebollar;Hombres;2003;117
10;Cáceres;10154 Rebollar;Hombres;2002;121
10;Cáceres;10154 Rebollar;Hombres;2001;126
10;Cáceres;10154 Rebollar;Hombres;2000;126
10;Cáceres;10154 Rebollar;Hombres;1999;129
10;Cáceres;10154 Rebollar;Hombres;1998;129
10;Cáceres;10154 Rebollar;Hombres;1997;
10;Cáceres;10154 Rebollar;Hombres;1996;129
10;Cáceres;10154 Rebollar;Mujeres;2023;95
10;Cáceres;10154 Rebollar;Mujeres;2022;97
10;Cáceres;10154 Rebollar;Mujeres;2021;103
10;Cáceres;10154 Rebollar;Mujeres;2020;109
10;Cáceres;10154 Rebollar;Mujeres;2019;106
10;Cáceres;10154 Rebollar;Mujeres;2018;106
10;Cáceres;10154 Rebollar;Mujeres;2017;106
10;Cáceres;10154 Rebollar;Mujeres;2016;108
10;Cáceres;10154 Rebollar;Mujeres;2015;112
10;Cáceres;10154 Rebollar;Mujeres;2014;110
10;Cáceres;10154 Rebollar;Mujeres;2013;114
10;Cáceres;10154 Rebollar;Mujeres;2012;114
10;Cáceres;10154 Rebollar;Mujeres;2011;117
10;Cáceres;10154 Rebollar;Mujeres;2010;123
10;Cáceres;10154 Rebollar;Mujeres;2009;120
10;Cáceres;10154 Rebollar;Mujeres;2008;109
10;Cáceres;10154 Rebollar;Mujeres;2007;114
10;Cáceres;10154 Rebollar;Mujeres;2006;114
10;Cáceres;10154 Rebollar;Mujeres;2005;112
10;Cáceres;10154 Rebollar;Mujeres;2004;112
10;Cáceres;10154 Rebollar;Mujeres;2003;114
10;Cáceres;10154 Rebollar;Mujeres;2002;119
10;Cáceres;10154 Rebollar;Mujeres;2001;120
10;Cáceres;10154 Rebollar;Mujeres;2000;120
10;Cáceres;10154 Rebollar;Mujeres;1999;122
10;Cáceres;10154 Rebollar;Mujeres;1998;122
10;Cáceres;10154 Rebollar;Mujeres;1997;
10;Cáceres;10154 Rebollar;Mujeres;1996;122
10;Cáceres;10155 Riolobos;Total;2023;1190
10;Cáceres;10155 Riolobos;Total;2022;1197
10;Cáceres;10155 Riolobos;Total;2021;1197
10;Cáceres;10155 Riolobos;Total;2020;1201
10;Cáceres;10155 Riolobos;Total;2019;1231
10;Cáceres;10155 Riolobos;Total;2018;1248
10;Cáceres;10155 Riolobos;Total;2017;1266
10;Cáceres;10155 Riolobos;Total;2016;1301
10;Cáceres;10155 Riolobos;Total;2015;1310
10;Cáceres;10155 Riolobos;Total;2014;1310
10;Cáceres;10155 Riolobos;Total;2013;1351
10;Cáceres;10155 Riolobos;Total;2012;1349
10;Cáceres;10155 Riolobos;Total;2011;1368
10;Cáceres;10155 Riolobos;Total;2010;1386
10;Cáceres;10155 Riolobos;Total;2009;1257
10;Cáceres;10155 Riolobos;Total;2008;1184
10;Cáceres;10155 Riolobos;Total;2007;1225
10;Cáceres;10155 Riolobos;Total;2006;1268
10;Cáceres;10155 Riolobos;Total;2005;1316
10;Cáceres;10155 Riolobos;Total;2004;1372
10;Cáceres;10155 Riolobos;Total;2003;1421
10;Cáceres;10155 Riolobos;Total;2002;1477
10;Cáceres;10155 Riolobos;Total;2001;1490
10;Cáceres;10155 Riolobos;Total;2000;1506
10;Cáceres;10155 Riolobos;Total;1999;1545
10;Cáceres;10155 Riolobos;Total;1998;1567
10;Cáceres;10155 Riolobos;Total;1997;
10;Cáceres;10155 Riolobos;Total;1996;1571
10;Cáceres;10155 Riolobos;Hombres;2023;582
10;Cáceres;10155 Riolobos;Hombres;2022;599
10;Cáceres;10155 Riolobos;Hombres;2021;604
10;Cáceres;10155 Riolobos;Hombres;2020;613
10;Cáceres;10155 Riolobos;Hombres;2019;635
10;Cáceres;10155 Riolobos;Hombres;2018;649
10;Cáceres;10155 Riolobos;Hombres;2017;662
10;Cáceres;10155 Riolobos;Hombres;2016;678
10;Cáceres;10155 Riolobos;Hombres;2015;680
10;Cáceres;10155 Riolobos;Hombres;2014;680
10;Cáceres;10155 Riolobos;Hombres;2013;701
10;Cáceres;10155 Riolobos;Hombres;2012;710
10;Cáceres;10155 Riolobos;Hombres;2011;724
10;Cáceres;10155 Riolobos;Hombres;2010;732
10;Cáceres;10155 Riolobos;Hombres;2009;663
10;Cáceres;10155 Riolobos;Hombres;2008;621
10;Cáceres;10155 Riolobos;Hombres;2007;639
10;Cáceres;10155 Riolobos;Hombres;2006;662
10;Cáceres;10155 Riolobos;Hombres;2005;686
10;Cáceres;10155 Riolobos;Hombres;2004;725
10;Cáceres;10155 Riolobos;Hombres;2003;750
10;Cáceres;10155 Riolobos;Hombres;2002;781
10;Cáceres;10155 Riolobos;Hombres;2001;784
10;Cáceres;10155 Riolobos;Hombres;2000;797
10;Cáceres;10155 Riolobos;Hombres;1999;821
10;Cáceres;10155 Riolobos;Hombres;1998;833
10;Cáceres;10155 Riolobos;Hombres;1997;
10;Cáceres;10155 Riolobos;Hombres;1996;831
10;Cáceres;10155 Riolobos;Mujeres;2023;608
10;Cáceres;10155 Riolobos;Mujeres;2022;598
10;Cáceres;10155 Riolobos;Mujeres;2021;593
10;Cáceres;10155 Riolobos;Mujeres;2020;588
10;Cáceres;10155 Riolobos;Mujeres;2019;596
10;Cáceres;10155 Riolobos;Mujeres;2018;599
10;Cáceres;10155 Riolobos;Mujeres;2017;604
10;Cáceres;10155 Riolobos;Mujeres;2016;623
10;Cáceres;10155 Riolobos;Mujeres;2015;630
10;Cáceres;10155 Riolobos;Mujeres;2014;630
10;Cáceres;10155 Riolobos;Mujeres;2013;650
10;Cáceres;10155 Riolobos;Mujeres;2012;639
10;Cáceres;10155 Riolobos;Mujeres;2011;644
10;Cáceres;10155 Riolobos;Mujeres;2010;654
10;Cáceres;10155 Riolobos;Mujeres;2009;594
10;Cáceres;10155 Riolobos;Mujeres;2008;563
10;Cáceres;10155 Riolobos;Mujeres;2007;586
10;Cáceres;10155 Riolobos;Mujeres;2006;606
10;Cáceres;10155 Riolobos;Mujeres;2005;630
10;Cáceres;10155 Riolobos;Mujeres;2004;647
10;Cáceres;10155 Riolobos;Mujeres;2003;671
10;Cáceres;10155 Riolobos;Mujeres;2002;696
10;Cáceres;10155 Riolobos;Mujeres;2001;706
10;Cáceres;10155 Riolobos;Mujeres;2000;709
10;Cáceres;10155 Riolobos;Mujeres;1999;724
10;Cáceres;10155 Riolobos;Mujeres;1998;734
10;Cáceres;10155 Riolobos;Mujeres;1997;
10;Cáceres;10155 Riolobos;Mujeres;1996;740
10;Cáceres;10156 Robledillo de Gata;Total;2023;86
10;Cáceres;10156 Robledillo de Gata;Total;2022;86
10;Cáceres;10156 Robledillo de Gata;Total;2021;85
10;Cáceres;10156 Robledillo de Gata;Total;2020;90
10;Cáceres;10156 Robledillo de Gata;Total;2019;91
10;Cáceres;10156 Robledillo de Gata;Total;2018;91
10;Cáceres;10156 Robledillo de Gata;Total;2017;97
10;Cáceres;10156 Robledillo de Gata;Total;2016;95
10;Cáceres;10156 Robledillo de Gata;Total;2015;99
10;Cáceres;10156 Robledillo de Gata;Total;2014;100
10;Cáceres;10156 Robledillo de Gata;Total;2013;106
10;Cáceres;10156 Robledillo de Gata;Total;2012;116
10;Cáceres;10156 Robledillo de Gata;Total;2011;119
10;Cáceres;10156 Robledillo de Gata;Total;2010;119
10;Cáceres;10156 Robledillo de Gata;Total;2009;124
10;Cáceres;10156 Robledillo de Gata;Total;2008;131
10;Cáceres;10156 Robledillo de Gata;Total;2007;131
10;Cáceres;10156 Robledillo de Gata;Total;2006;136
10;Cáceres;10156 Robledillo de Gata;Total;2005;141
10;Cáceres;10156 Robledillo de Gata;Total;2004;154
10;Cáceres;10156 Robledillo de Gata;Total;2003;161
10;Cáceres;10156 Robledillo de Gata;Total;2002;164
10;Cáceres;10156 Robledillo de Gata;Total;2001;170
10;Cáceres;10156 Robledillo de Gata;Total;2000;175
10;Cáceres;10156 Robledillo de Gata;Total;1999;175
10;Cáceres;10156 Robledillo de Gata;Total;1998;174
10;Cáceres;10156 Robledillo de Gata;Total;1997;
10;Cáceres;10156 Robledillo de Gata;Total;1996;187
10;Cáceres;10156 Robledillo de Gata;Hombres;2023;50
10;Cáceres;10156 Robledillo de Gata;Hombres;2022;52
10;Cáceres;10156 Robledillo de Gata;Hombres;2021;48
10;Cáceres;10156 Robledillo de Gata;Hombres;2020;50
10;Cáceres;10156 Robledillo de Gata;Hombres;2019;50
10;Cáceres;10156 Robledillo de Gata;Hombres;2018;49
10;Cáceres;10156 Robledillo de Gata;Hombres;2017;52
10;Cáceres;10156 Robledillo de Gata;Hombres;2016;50
10;Cáceres;10156 Robledillo de Gata;Hombres;2015;53
10;Cáceres;10156 Robledillo de Gata;Hombres;2014;52
10;Cáceres;10156 Robledillo de Gata;Hombres;2013;56
10;Cáceres;10156 Robledillo de Gata;Hombres;2012;63
10;Cáceres;10156 Robledillo de Gata;Hombres;2011;64
10;Cáceres;10156 Robledillo de Gata;Hombres;2010;65
10;Cáceres;10156 Robledillo de Gata;Hombres;2009;70
10;Cáceres;10156 Robledillo de Gata;Hombres;2008;72
10;Cáceres;10156 Robledillo de Gata;Hombres;2007;70
10;Cáceres;10156 Robledillo de Gata;Hombres;2006;73
10;Cáceres;10156 Robledillo de Gata;Hombres;2005;76
10;Cáceres;10156 Robledillo de Gata;Hombres;2004;83
10;Cáceres;10156 Robledillo de Gata;Hombres;2003;87
10;Cáceres;10156 Robledillo de Gata;Hombres;2002;87
10;Cáceres;10156 Robledillo de Gata;Hombres;2001;90
10;Cáceres;10156 Robledillo de Gata;Hombres;2000;93
10;Cáceres;10156 Robledillo de Gata;Hombres;1999;93
10;Cáceres;10156 Robledillo de Gata;Hombres;1998;92
10;Cáceres;10156 Robledillo de Gata;Hombres;1997;
10;Cáceres;10156 Robledillo de Gata;Hombres;1996;93
10;Cáceres;10156 Robledillo de Gata;Mujeres;2023;36
10;Cáceres;10156 Robledillo de Gata;Mujeres;2022;34
10;Cáceres;10156 Robledillo de Gata;Mujeres;2021;37
10;Cáceres;10156 Robledillo de Gata;Mujeres;2020;40
10;Cáceres;10156 Robledillo de Gata;Mujeres;2019;41
10;Cáceres;10156 Robledillo de Gata;Mujeres;2018;42
10;Cáceres;10156 Robledillo de Gata;Mujeres;2017;45
10;Cáceres;10156 Robledillo de Gata;Mujeres;2016;45
10;Cáceres;10156 Robledillo de Gata;Mujeres;2015;46
10;Cáceres;10156 Robledillo de Gata;Mujeres;2014;48
10;Cáceres;10156 Robledillo de Gata;Mujeres;2013;50
10;Cáceres;10156 Robledillo de Gata;Mujeres;2012;53
10;Cáceres;10156 Robledillo de Gata;Mujeres;2011;55
10;Cáceres;10156 Robledillo de Gata;Mujeres;2010;54
10;Cáceres;10156 Robledillo de Gata;Mujeres;2009;54
10;Cáceres;10156 Robledillo de Gata;Mujeres;2008;59
10;Cáceres;10156 Robledillo de Gata;Mujeres;2007;61
10;Cáceres;10156 Robledillo de Gata;Mujeres;2006;63
10;Cáceres;10156 Robledillo de Gata;Mujeres;2005;65
10;Cáceres;10156 Robledillo de Gata;Mujeres;2004;71
10;Cáceres;10156 Robledillo de Gata;Mujeres;2003;74
10;Cáceres;10156 Robledillo de Gata;Mujeres;2002;77
10;Cáceres;10156 Robledillo de Gata;Mujeres;2001;80
10;Cáceres;10156 Robledillo de Gata;Mujeres;2000;82
10;Cáceres;10156 Robledillo de Gata;Mujeres;1999;82
10;Cáceres;10156 Robledillo de Gata;Mujeres;1998;82
10;Cáceres;10156 Robledillo de Gata;Mujeres;1997;
10;Cáceres;10156 Robledillo de Gata;Mujeres;1996;94
10;Cáceres;10157 Robledillo de la Vera;Total;2023;263
10;Cáceres;10157 Robledillo de la Vera;Total;2022;252
10;Cáceres;10157 Robledillo de la Vera;Total;2021;262
10;Cáceres;10157 Robledillo de la Vera;Total;2020;258
10;Cáceres;10157 Robledillo de la Vera;Total;2019;265
10;Cáceres;10157 Robledillo de la Vera;Total;2018;272
10;Cáceres;10157 Robledillo de la Vera;Total;2017;284
10;Cáceres;10157 Robledillo de la Vera;Total;2016;288
10;Cáceres;10157 Robledillo de la Vera;Total;2015;301
10;Cáceres;10157 Robledillo de la Vera;Total;2014;312
10;Cáceres;10157 Robledillo de la Vera;Total;2013;306
10;Cáceres;10157 Robledillo de la Vera;Total;2012;318
10;Cáceres;10157 Robledillo de la Vera;Total;2011;305
10;Cáceres;10157 Robledillo de la Vera;Total;2010;300
10;Cáceres;10157 Robledillo de la Vera;Total;2009;305
10;Cáceres;10157 Robledillo de la Vera;Total;2008;309
10;Cáceres;10157 Robledillo de la Vera;Total;2007;317
10;Cáceres;10157 Robledillo de la Vera;Total;2006;318
10;Cáceres;10157 Robledillo de la Vera;Total;2005;317
10;Cáceres;10157 Robledillo de la Vera;Total;2004;324
10;Cáceres;10157 Robledillo de la Vera;Total;2003;338
10;Cáceres;10157 Robledillo de la Vera;Total;2002;325
10;Cáceres;10157 Robledillo de la Vera;Total;2001;316
10;Cáceres;10157 Robledillo de la Vera;Total;2000;327
10;Cáceres;10157 Robledillo de la Vera;Total;1999;335
10;Cáceres;10157 Robledillo de la Vera;Total;1998;367
10;Cáceres;10157 Robledillo de la Vera;Total;1997;
10;Cáceres;10157 Robledillo de la Vera;Total;1996;372
10;Cáceres;10157 Robledillo de la Vera;Hombres;2023;133
10;Cáceres;10157 Robledillo de la Vera;Hombres;2022;126
10;Cáceres;10157 Robledillo de la Vera;Hombres;2021;131
10;Cáceres;10157 Robledillo de la Vera;Hombres;2020;130
10;Cáceres;10157 Robledillo de la Vera;Hombres;2019;134
10;Cáceres;10157 Robledillo de la Vera;Hombres;2018;143
10;Cáceres;10157 Robledillo de la Vera;Hombres;2017;149
10;Cáceres;10157 Robledillo de la Vera;Hombres;2016;151
10;Cáceres;10157 Robledillo de la Vera;Hombres;2015;157
10;Cáceres;10157 Robledillo de la Vera;Hombres;2014;161
10;Cáceres;10157 Robledillo de la Vera;Hombres;2013;159
10;Cáceres;10157 Robledillo de la Vera;Hombres;2012;167
10;Cáceres;10157 Robledillo de la Vera;Hombres;2011;161
10;Cáceres;10157 Robledillo de la Vera;Hombres;2010;154
10;Cáceres;10157 Robledillo de la Vera;Hombres;2009;156
10;Cáceres;10157 Robledillo de la Vera;Hombres;2008;160
10;Cáceres;10157 Robledillo de la Vera;Hombres;2007;161
10;Cáceres;10157 Robledillo de la Vera;Hombres;2006;164
10;Cáceres;10157 Robledillo de la Vera;Hombres;2005;160
10;Cáceres;10157 Robledillo de la Vera;Hombres;2004;159
10;Cáceres;10157 Robledillo de la Vera;Hombres;2003;167
10;Cáceres;10157 Robledillo de la Vera;Hombres;2002;159
10;Cáceres;10157 Robledillo de la Vera;Hombres;2001;154
10;Cáceres;10157 Robledillo de la Vera;Hombres;2000;162
10;Cáceres;10157 Robledillo de la Vera;Hombres;1999;164
10;Cáceres;10157 Robledillo de la Vera;Hombres;1998;180
10;Cáceres;10157 Robledillo de la Vera;Hombres;1997;
10;Cáceres;10157 Robledillo de la Vera;Hombres;1996;182
10;Cáceres;10157 Robledillo de la Vera;Mujeres;2023;130
10;Cáceres;10157 Robledillo de la Vera;Mujeres;2022;126
10;Cáceres;10157 Robledillo de la Vera;Mujeres;2021;131
10;Cáceres;10157 Robledillo de la Vera;Mujeres;2020;128
10;Cáceres;10157 Robledillo de la Vera;Mujeres;2019;131
10;Cáceres;10157 Robledillo de la Vera;Mujeres;2018;129
10;Cáceres;10157 Robledillo de la Vera;Mujeres;2017;135
10;Cáceres;10157 Robledillo de la Vera;Mujeres;2016;137
10;Cáceres;10157 Robledillo de la Vera;Mujeres;2015;144
10;Cáceres;10157 Robledillo de la Vera;Mujeres;2014;151
10;Cáceres;10157 Robledillo de la Vera;Mujeres;2013;147
10;Cáceres;10157 Robledillo de la Vera;Mujeres;2012;151
10;Cáceres;10157 Robledillo de la Vera;Mujeres;2011;144
10;Cáceres;10157 Robledillo de la Vera;Mujeres;2010;146
10;Cáceres;10157 Robledillo de la Vera;Mujeres;2009;149
10;Cáceres;10157 Robledillo de la Vera;Mujeres;2008;149
10;Cáceres;10157 Robledillo de la Vera;Mujeres;2007;156
10;Cáceres;10157 Robledillo de la Vera;Mujeres;2006;154
10;Cáceres;10157 Robledillo de la Vera;Mujeres;2005;157
10;Cáceres;10157 Robledillo de la Vera;Mujeres;2004;165
10;Cáceres;10157 Robledillo de la Vera;Mujeres;2003;171
10;Cáceres;10157 Robledillo de la Vera;Mujeres;2002;166
10;Cáceres;10157 Robledillo de la Vera;Mujeres;2001;162
10;Cáceres;10157 Robledillo de la Vera;Mujeres;2000;165
10;Cáceres;10157 Robledillo de la Vera;Mujeres;1999;171
10;Cáceres;10157 Robledillo de la Vera;Mujeres;1998;187
10;Cáceres;10157 Robledillo de la Vera;Mujeres;1997;
10;Cáceres;10157 Robledillo de la Vera;Mujeres;1996;190
10;Cáceres;10158 Robledillo de Trujillo;Total;2023;356
10;Cáceres;10158 Robledillo de Trujillo;Total;2022;349
10;Cáceres;10158 Robledillo de Trujillo;Total;2021;362
10;Cáceres;10158 Robledillo de Trujillo;Total;2020;360
10;Cáceres;10158 Robledillo de Trujillo;Total;2019;366
10;Cáceres;10158 Robledillo de Trujillo;Total;2018;369
10;Cáceres;10158 Robledillo de Trujillo;Total;2017;357
10;Cáceres;10158 Robledillo de Trujillo;Total;2016;370
10;Cáceres;10158 Robledillo de Trujillo;Total;2015;372
10;Cáceres;10158 Robledillo de Trujillo;Total;2014;384
10;Cáceres;10158 Robledillo de Trujillo;Total;2013;398
10;Cáceres;10158 Robledillo de Trujillo;Total;2012;414
10;Cáceres;10158 Robledillo de Trujillo;Total;2011;410
10;Cáceres;10158 Robledillo de Trujillo;Total;2010;424
10;Cáceres;10158 Robledillo de Trujillo;Total;2009;420
10;Cáceres;10158 Robledillo de Trujillo;Total;2008;443
10;Cáceres;10158 Robledillo de Trujillo;Total;2007;450
10;Cáceres;10158 Robledillo de Trujillo;Total;2006;454
10;Cáceres;10158 Robledillo de Trujillo;Total;2005;465
10;Cáceres;10158 Robledillo de Trujillo;Total;2004;467
10;Cáceres;10158 Robledillo de Trujillo;Total;2003;473
10;Cáceres;10158 Robledillo de Trujillo;Total;2002;490
10;Cáceres;10158 Robledillo de Trujillo;Total;2001;497
10;Cáceres;10158 Robledillo de Trujillo;Total;2000;498
10;Cáceres;10158 Robledillo de Trujillo;Total;1999;537
10;Cáceres;10158 Robledillo de Trujillo;Total;1998;462
10;Cáceres;10158 Robledillo de Trujillo;Total;1997;
10;Cáceres;10158 Robledillo de Trujillo;Total;1996;513
10;Cáceres;10158 Robledillo de Trujillo;Hombres;2023;183
10;Cáceres;10158 Robledillo de Trujillo;Hombres;2022;182
10;Cáceres;10158 Robledillo de Trujillo;Hombres;2021;183
10;Cáceres;10158 Robledillo de Trujillo;Hombres;2020;179
10;Cáceres;10158 Robledillo de Trujillo;Hombres;2019;183
10;Cáceres;10158 Robledillo de Trujillo;Hombres;2018;186
10;Cáceres;10158 Robledillo de Trujillo;Hombres;2017;185
10;Cáceres;10158 Robledillo de Trujillo;Hombres;2016;191
10;Cáceres;10158 Robledillo de Trujillo;Hombres;2015;197
10;Cáceres;10158 Robledillo de Trujillo;Hombres;2014;207
10;Cáceres;10158 Robledillo de Trujillo;Hombres;2013;210
10;Cáceres;10158 Robledillo de Trujillo;Hombres;2012;221
10;Cáceres;10158 Robledillo de Trujillo;Hombres;2011;220
10;Cáceres;10158 Robledillo de Trujillo;Hombres;2010;227
10;Cáceres;10158 Robledillo de Trujillo;Hombres;2009;229
10;Cáceres;10158 Robledillo de Trujillo;Hombres;2008;241
10;Cáceres;10158 Robledillo de Trujillo;Hombres;2007;244
10;Cáceres;10158 Robledillo de Trujillo;Hombres;2006;242
10;Cáceres;10158 Robledillo de Trujillo;Hombres;2005;244
10;Cáceres;10158 Robledillo de Trujillo;Hombres;2004;242
10;Cáceres;10158 Robledillo de Trujillo;Hombres;2003;245
10;Cáceres;10158 Robledillo de Trujillo;Hombres;2002;253
10;Cáceres;10158 Robledillo de Trujillo;Hombres;2001;260
10;Cáceres;10158 Robledillo de Trujillo;Hombres;2000;259
10;Cáceres;10158 Robledillo de Trujillo;Hombres;1999;273
10;Cáceres;10158 Robledillo de Trujillo;Hombres;1998;247
10;Cáceres;10158 Robledillo de Trujillo;Hombres;1997;
10;Cáceres;10158 Robledillo de Trujillo;Hombres;1996;267
10;Cáceres;10158 Robledillo de Trujillo;Mujeres;2023;173
10;Cáceres;10158 Robledillo de Trujillo;Mujeres;2022;167
10;Cáceres;10158 Robledillo de Trujillo;Mujeres;2021;179
10;Cáceres;10158 Robledillo de Trujillo;Mujeres;2020;181
10;Cáceres;10158 Robledillo de Trujillo;Mujeres;2019;183
10;Cáceres;10158 Robledillo de Trujillo;Mujeres;2018;183
10;Cáceres;10158 Robledillo de Trujillo;Mujeres;2017;172
10;Cáceres;10158 Robledillo de Trujillo;Mujeres;2016;179
10;Cáceres;10158 Robledillo de Trujillo;Mujeres;2015;175
10;Cáceres;10158 Robledillo de Trujillo;Mujeres;2014;177
10;Cáceres;10158 Robledillo de Trujillo;Mujeres;2013;188
10;Cáceres;10158 Robledillo de Trujillo;Mujeres;2012;193
10;Cáceres;10158 Robledillo de Trujillo;Mujeres;2011;190
10;Cáceres;10158 Robledillo de Trujillo;Mujeres;2010;197
10;Cáceres;10158 Robledillo de Trujillo;Mujeres;2009;191
10;Cáceres;10158 Robledillo de Trujillo;Mujeres;2008;202
10;Cáceres;10158 Robledillo de Trujillo;Mujeres;2007;206
10;Cáceres;10158 Robledillo de Trujillo;Mujeres;2006;212
10;Cáceres;10158 Robledillo de Trujillo;Mujeres;2005;221
10;Cáceres;10158 Robledillo de Trujillo;Mujeres;2004;225
10;Cáceres;10158 Robledillo de Trujillo;Mujeres;2003;228
10;Cáceres;10158 Robledillo de Trujillo;Mujeres;2002;237
10;Cáceres;10158 Robledillo de Trujillo;Mujeres;2001;237
10;Cáceres;10158 Robledillo de Trujillo;Mujeres;2000;239
10;Cáceres;10158 Robledillo de Trujillo;Mujeres;1999;264
10;Cáceres;10158 Robledillo de Trujillo;Mujeres;1998;215
10;Cáceres;10158 Robledillo de Trujillo;Mujeres;1997;
10;Cáceres;10158 Robledillo de Trujillo;Mujeres;1996;246
10;Cáceres;10159 Robledollano;Total;2023;312
10;Cáceres;10159 Robledollano;Total;2022;282
10;Cáceres;10159 Robledollano;Total;2021;286
10;Cáceres;10159 Robledollano;Total;2020;294
10;Cáceres;10159 Robledollano;Total;2019;310
10;Cáceres;10159 Robledollano;Total;2018;315
10;Cáceres;10159 Robledollano;Total;2017;326
10;Cáceres;10159 Robledollano;Total;2016;324
10;Cáceres;10159 Robledollano;Total;2015;327
10;Cáceres;10159 Robledollano;Total;2014;337
10;Cáceres;10159 Robledollano;Total;2013;344
10;Cáceres;10159 Robledollano;Total;2012;361
10;Cáceres;10159 Robledollano;Total;2011;372
10;Cáceres;10159 Robledollano;Total;2010;386
10;Cáceres;10159 Robledollano;Total;2009;402
10;Cáceres;10159 Robledollano;Total;2008;395
10;Cáceres;10159 Robledollano;Total;2007;408
10;Cáceres;10159 Robledollano;Total;2006;403
10;Cáceres;10159 Robledollano;Total;2005;386
10;Cáceres;10159 Robledollano;Total;2004;390
10;Cáceres;10159 Robledollano;Total;2003;396
10;Cáceres;10159 Robledollano;Total;2002;409
10;Cáceres;10159 Robledollano;Total;2001;419
10;Cáceres;10159 Robledollano;Total;2000;430
10;Cáceres;10159 Robledollano;Total;1999;443
10;Cáceres;10159 Robledollano;Total;1998;453
10;Cáceres;10159 Robledollano;Total;1997;
10;Cáceres;10159 Robledollano;Total;1996;466
10;Cáceres;10159 Robledollano;Hombres;2023;172
10;Cáceres;10159 Robledollano;Hombres;2022;152
10;Cáceres;10159 Robledollano;Hombres;2021;155
10;Cáceres;10159 Robledollano;Hombres;2020;157
10;Cáceres;10159 Robledollano;Hombres;2019;166
10;Cáceres;10159 Robledollano;Hombres;2018;174
10;Cáceres;10159 Robledollano;Hombres;2017;181
10;Cáceres;10159 Robledollano;Hombres;2016;177
10;Cáceres;10159 Robledollano;Hombres;2015;182
10;Cáceres;10159 Robledollano;Hombres;2014;188
10;Cáceres;10159 Robledollano;Hombres;2013;191
10;Cáceres;10159 Robledollano;Hombres;2012;202
10;Cáceres;10159 Robledollano;Hombres;2011;210
10;Cáceres;10159 Robledollano;Hombres;2010;216
10;Cáceres;10159 Robledollano;Hombres;2009;217
10;Cáceres;10159 Robledollano;Hombres;2008;216
10;Cáceres;10159 Robledollano;Hombres;2007;224
10;Cáceres;10159 Robledollano;Hombres;2006;218
10;Cáceres;10159 Robledollano;Hombres;2005;213
10;Cáceres;10159 Robledollano;Hombres;2004;215
10;Cáceres;10159 Robledollano;Hombres;2003;216
10;Cáceres;10159 Robledollano;Hombres;2002;225
10;Cáceres;10159 Robledollano;Hombres;2001;231
10;Cáceres;10159 Robledollano;Hombres;2000;232
10;Cáceres;10159 Robledollano;Hombres;1999;240
10;Cáceres;10159 Robledollano;Hombres;1998;246
10;Cáceres;10159 Robledollano;Hombres;1997;
10;Cáceres;10159 Robledollano;Hombres;1996;252
10;Cáceres;10159 Robledollano;Mujeres;2023;140
10;Cáceres;10159 Robledollano;Mujeres;2022;130
10;Cáceres;10159 Robledollano;Mujeres;2021;131
10;Cáceres;10159 Robledollano;Mujeres;2020;137
10;Cáceres;10159 Robledollano;Mujeres;2019;144
10;Cáceres;10159 Robledollano;Mujeres;2018;141
10;Cáceres;10159 Robledollano;Mujeres;2017;145
10;Cáceres;10159 Robledollano;Mujeres;2016;147
10;Cáceres;10159 Robledollano;Mujeres;2015;145
10;Cáceres;10159 Robledollano;Mujeres;2014;149
10;Cáceres;10159 Robledollano;Mujeres;2013;153
10;Cáceres;10159 Robledollano;Mujeres;2012;159
10;Cáceres;10159 Robledollano;Mujeres;2011;162
10;Cáceres;10159 Robledollano;Mujeres;2010;170
10;Cáceres;10159 Robledollano;Mujeres;2009;185
10;Cáceres;10159 Robledollano;Mujeres;2008;179
10;Cáceres;10159 Robledollano;Mujeres;2007;184
10;Cáceres;10159 Robledollano;Mujeres;2006;185
10;Cáceres;10159 Robledollano;Mujeres;2005;173
10;Cáceres;10159 Robledollano;Mujeres;2004;175
10;Cáceres;10159 Robledollano;Mujeres;2003;180
10;Cáceres;10159 Robledollano;Mujeres;2002;184
10;Cáceres;10159 Robledollano;Mujeres;2001;188
10;Cáceres;10159 Robledollano;Mujeres;2000;198
10;Cáceres;10159 Robledollano;Mujeres;1999;203
10;Cáceres;10159 Robledollano;Mujeres;1998;207
10;Cáceres;10159 Robledollano;Mujeres;1997;
10;Cáceres;10159 Robledollano;Mujeres;1996;214
10;Cáceres;10160 Romangordo;Total;2023;246
10;Cáceres;10160 Romangordo;Total;2022;255
10;Cáceres;10160 Romangordo;Total;2021;259
10;Cáceres;10160 Romangordo;Total;2020;263
10;Cáceres;10160 Romangordo;Total;2019;259
10;Cáceres;10160 Romangordo;Total;2018;259
10;Cáceres;10160 Romangordo;Total;2017;249
10;Cáceres;10160 Romangordo;Total;2016;257
10;Cáceres;10160 Romangordo;Total;2015;263
10;Cáceres;10160 Romangordo;Total;2014;254
10;Cáceres;10160 Romangordo;Total;2013;257
10;Cáceres;10160 Romangordo;Total;2012;261
10;Cáceres;10160 Romangordo;Total;2011;252
10;Cáceres;10160 Romangordo;Total;2010;236
10;Cáceres;10160 Romangordo;Total;2009;224
10;Cáceres;10160 Romangordo;Total;2008;206
10;Cáceres;10160 Romangordo;Total;2007;188
10;Cáceres;10160 Romangordo;Total;2006;173
10;Cáceres;10160 Romangordo;Total;2005;156
10;Cáceres;10160 Romangordo;Total;2004;165
10;Cáceres;10160 Romangordo;Total;2003;173
10;Cáceres;10160 Romangordo;Total;2002;190
10;Cáceres;10160 Romangordo;Total;2001;173
10;Cáceres;10160 Romangordo;Total;2000;185
10;Cáceres;10160 Romangordo;Total;1999;190
10;Cáceres;10160 Romangordo;Total;1998;197
10;Cáceres;10160 Romangordo;Total;1997;
10;Cáceres;10160 Romangordo;Total;1996;210
10;Cáceres;10160 Romangordo;Hombres;2023;119
10;Cáceres;10160 Romangordo;Hombres;2022;131
10;Cáceres;10160 Romangordo;Hombres;2021;129
10;Cáceres;10160 Romangordo;Hombres;2020;130
10;Cáceres;10160 Romangordo;Hombres;2019;129
10;Cáceres;10160 Romangordo;Hombres;2018;127
10;Cáceres;10160 Romangordo;Hombres;2017;121
10;Cáceres;10160 Romangordo;Hombres;2016;124
10;Cáceres;10160 Romangordo;Hombres;2015;125
10;Cáceres;10160 Romangordo;Hombres;2014;120
10;Cáceres;10160 Romangordo;Hombres;2013;118
10;Cáceres;10160 Romangordo;Hombres;2012;119
10;Cáceres;10160 Romangordo;Hombres;2011;110
10;Cáceres;10160 Romangordo;Hombres;2010;100
10;Cáceres;10160 Romangordo;Hombres;2009;98
10;Cáceres;10160 Romangordo;Hombres;2008;90
10;Cáceres;10160 Romangordo;Hombres;2007;85
10;Cáceres;10160 Romangordo;Hombres;2006;86
10;Cáceres;10160 Romangordo;Hombres;2005;75
10;Cáceres;10160 Romangordo;Hombres;2004;81
10;Cáceres;10160 Romangordo;Hombres;2003;86
10;Cáceres;10160 Romangordo;Hombres;2002;92
10;Cáceres;10160 Romangordo;Hombres;2001;82
10;Cáceres;10160 Romangordo;Hombres;2000;86
10;Cáceres;10160 Romangordo;Hombres;1999;88
10;Cáceres;10160 Romangordo;Hombres;1998;94
10;Cáceres;10160 Romangordo;Hombres;1997;
10;Cáceres;10160 Romangordo;Hombres;1996;97
10;Cáceres;10160 Romangordo;Mujeres;2023;127
10;Cáceres;10160 Romangordo;Mujeres;2022;124
10;Cáceres;10160 Romangordo;Mujeres;2021;130
10;Cáceres;10160 Romangordo;Mujeres;2020;133
10;Cáceres;10160 Romangordo;Mujeres;2019;130
10;Cáceres;10160 Romangordo;Mujeres;2018;132
10;Cáceres;10160 Romangordo;Mujeres;2017;128
10;Cáceres;10160 Romangordo;Mujeres;2016;133
10;Cáceres;10160 Romangordo;Mujeres;2015;138
10;Cáceres;10160 Romangordo;Mujeres;2014;134
10;Cáceres;10160 Romangordo;Mujeres;2013;139
10;Cáceres;10160 Romangordo;Mujeres;2012;142
10;Cáceres;10160 Romangordo;Mujeres;2011;142
10;Cáceres;10160 Romangordo;Mujeres;2010;136
10;Cáceres;10160 Romangordo;Mujeres;2009;126
10;Cáceres;10160 Romangordo;Mujeres;2008;116
10;Cáceres;10160 Romangordo;Mujeres;2007;103
10;Cáceres;10160 Romangordo;Mujeres;2006;87
10;Cáceres;10160 Romangordo;Mujeres;2005;81
10;Cáceres;10160 Romangordo;Mujeres;2004;84
10;Cáceres;10160 Romangordo;Mujeres;2003;87
10;Cáceres;10160 Romangordo;Mujeres;2002;98
10;Cáceres;10160 Romangordo;Mujeres;2001;91
10;Cáceres;10160 Romangordo;Mujeres;2000;99
10;Cáceres;10160 Romangordo;Mujeres;1999;102
10;Cáceres;10160 Romangordo;Mujeres;1998;103
10;Cáceres;10160 Romangordo;Mujeres;1997;
10;Cáceres;10160 Romangordo;Mujeres;1996;113
10;Cáceres;10901 Rosalejo;Total;2023;1326
10;Cáceres;10901 Rosalejo;Total;2022;1378
10;Cáceres;10901 Rosalejo;Total;2021;1383
10;Cáceres;10901 Rosalejo;Total;2020;1334
10;Cáceres;10901 Rosalejo;Total;2019;1397
10;Cáceres;10901 Rosalejo;Total;2018;1362
10;Cáceres;10901 Rosalejo;Total;2017;1438
10;Cáceres;10901 Rosalejo;Total;2016;1476
10;Cáceres;10901 Rosalejo;Total;2015;1495
10;Cáceres;10901 Rosalejo;Total;2014;1509
10;Cáceres;10901 Rosalejo;Total;2013;1544
10;Cáceres;10901 Rosalejo;Total;2012;1283
10;Cáceres;10901 Rosalejo;Total;2011;1281
10;Cáceres;10901 Rosalejo;Total;2010;1311
10;Cáceres;10901 Rosalejo;Total;2009;1284
10;Cáceres;10901 Rosalejo;Total;2008;1346
10;Cáceres;10901 Rosalejo;Total;2007;1425
10;Cáceres;10901 Rosalejo;Total;2006;1454
10;Cáceres;10901 Rosalejo;Total;2005;1417
10;Cáceres;10901 Rosalejo;Total;2004;1472
10;Cáceres;10901 Rosalejo;Total;2003;1597
10;Cáceres;10901 Rosalejo;Total;2002;1706
10;Cáceres;10901 Rosalejo;Total;2001;1698
10;Cáceres;10901 Rosalejo;Total;2000;1766
10;Cáceres;10901 Rosalejo;Total;1999;1917
10;Cáceres;10901 Rosalejo;Total;1998;1854
10;Cáceres;10901 Rosalejo;Total;1997;
10;Cáceres;10901 Rosalejo;Total;1996;1875
10;Cáceres;10901 Rosalejo;Hombres;2023;680
10;Cáceres;10901 Rosalejo;Hombres;2022;710
10;Cáceres;10901 Rosalejo;Hombres;2021;715
10;Cáceres;10901 Rosalejo;Hombres;2020;686
10;Cáceres;10901 Rosalejo;Hombres;2019;719
10;Cáceres;10901 Rosalejo;Hombres;2018;715
10;Cáceres;10901 Rosalejo;Hombres;2017;761
10;Cáceres;10901 Rosalejo;Hombres;2016;786
10;Cáceres;10901 Rosalejo;Hombres;2015;787
10;Cáceres;10901 Rosalejo;Hombres;2014;799
10;Cáceres;10901 Rosalejo;Hombres;2013;815
10;Cáceres;10901 Rosalejo;Hombres;2012;673
10;Cáceres;10901 Rosalejo;Hombres;2011;668
10;Cáceres;10901 Rosalejo;Hombres;2010;684
10;Cáceres;10901 Rosalejo;Hombres;2009;667
10;Cáceres;10901 Rosalejo;Hombres;2008;708
10;Cáceres;10901 Rosalejo;Hombres;2007;757
10;Cáceres;10901 Rosalejo;Hombres;2006;764
10;Cáceres;10901 Rosalejo;Hombres;2005;764
10;Cáceres;10901 Rosalejo;Hombres;2004;800
10;Cáceres;10901 Rosalejo;Hombres;2003;894
10;Cáceres;10901 Rosalejo;Hombres;2002;961
10;Cáceres;10901 Rosalejo;Hombres;2001;944
10;Cáceres;10901 Rosalejo;Hombres;2000;991
10;Cáceres;10901 Rosalejo;Hombres;1999;1082
10;Cáceres;10901 Rosalejo;Hombres;1998;1045
10;Cáceres;10901 Rosalejo;Hombres;1997;
10;Cáceres;10901 Rosalejo;Hombres;1996;1057
10;Cáceres;10901 Rosalejo;Mujeres;2023;646
10;Cáceres;10901 Rosalejo;Mujeres;2022;668
10;Cáceres;10901 Rosalejo;Mujeres;2021;668
10;Cáceres;10901 Rosalejo;Mujeres;2020;648
10;Cáceres;10901 Rosalejo;Mujeres;2019;678
10;Cáceres;10901 Rosalejo;Mujeres;2018;647
10;Cáceres;10901 Rosalejo;Mujeres;2017;677
10;Cáceres;10901 Rosalejo;Mujeres;2016;690
10;Cáceres;10901 Rosalejo;Mujeres;2015;708
10;Cáceres;10901 Rosalejo;Mujeres;2014;710
10;Cáceres;10901 Rosalejo;Mujeres;2013;729
10;Cáceres;10901 Rosalejo;Mujeres;2012;610
10;Cáceres;10901 Rosalejo;Mujeres;2011;613
10;Cáceres;10901 Rosalejo;Mujeres;2010;627
10;Cáceres;10901 Rosalejo;Mujeres;2009;617
10;Cáceres;10901 Rosalejo;Mujeres;2008;638
10;Cáceres;10901 Rosalejo;Mujeres;2007;668
10;Cáceres;10901 Rosalejo;Mujeres;2006;690
10;Cáceres;10901 Rosalejo;Mujeres;2005;653
10;Cáceres;10901 Rosalejo;Mujeres;2004;672
10;Cáceres;10901 Rosalejo;Mujeres;2003;703
10;Cáceres;10901 Rosalejo;Mujeres;2002;745
10;Cáceres;10901 Rosalejo;Mujeres;2001;754
10;Cáceres;10901 Rosalejo;Mujeres;2000;775
10;Cáceres;10901 Rosalejo;Mujeres;1999;835
10;Cáceres;10901 Rosalejo;Mujeres;1998;809
10;Cáceres;10901 Rosalejo;Mujeres;1997;
10;Cáceres;10901 Rosalejo;Mujeres;1996;818
10;Cáceres;10161 Ruanes;Total;2023;75
10;Cáceres;10161 Ruanes;Total;2022;80
10;Cáceres;10161 Ruanes;Total;2021;86
10;Cáceres;10161 Ruanes;Total;2020;80
10;Cáceres;10161 Ruanes;Total;2019;83
10;Cáceres;10161 Ruanes;Total;2018;65
10;Cáceres;10161 Ruanes;Total;2017;66
10;Cáceres;10161 Ruanes;Total;2016;70
10;Cáceres;10161 Ruanes;Total;2015;75
10;Cáceres;10161 Ruanes;Total;2014;67
10;Cáceres;10161 Ruanes;Total;2013;72
10;Cáceres;10161 Ruanes;Total;2012;71
10;Cáceres;10161 Ruanes;Total;2011;62
10;Cáceres;10161 Ruanes;Total;2010;67
10;Cáceres;10161 Ruanes;Total;2009;68
10;Cáceres;10161 Ruanes;Total;2008;74
10;Cáceres;10161 Ruanes;Total;2007;78
10;Cáceres;10161 Ruanes;Total;2006;70
10;Cáceres;10161 Ruanes;Total;2005;76
10;Cáceres;10161 Ruanes;Total;2004;84
10;Cáceres;10161 Ruanes;Total;2003;88
10;Cáceres;10161 Ruanes;Total;2002;102
10;Cáceres;10161 Ruanes;Total;2001;107
10;Cáceres;10161 Ruanes;Total;2000;108
10;Cáceres;10161 Ruanes;Total;1999;109
10;Cáceres;10161 Ruanes;Total;1998;112
10;Cáceres;10161 Ruanes;Total;1997;
10;Cáceres;10161 Ruanes;Total;1996;105
10;Cáceres;10161 Ruanes;Hombres;2023;42
10;Cáceres;10161 Ruanes;Hombres;2022;41
10;Cáceres;10161 Ruanes;Hombres;2021;45
10;Cáceres;10161 Ruanes;Hombres;2020;43
10;Cáceres;10161 Ruanes;Hombres;2019;43
10;Cáceres;10161 Ruanes;Hombres;2018;36
10;Cáceres;10161 Ruanes;Hombres;2017;37
10;Cáceres;10161 Ruanes;Hombres;2016;39
10;Cáceres;10161 Ruanes;Hombres;2015;41
10;Cáceres;10161 Ruanes;Hombres;2014;41
10;Cáceres;10161 Ruanes;Hombres;2013;44
10;Cáceres;10161 Ruanes;Hombres;2012;43
10;Cáceres;10161 Ruanes;Hombres;2011;37
10;Cáceres;10161 Ruanes;Hombres;2010;39
10;Cáceres;10161 Ruanes;Hombres;2009;39
10;Cáceres;10161 Ruanes;Hombres;2008;41
10;Cáceres;10161 Ruanes;Hombres;2007;43
10;Cáceres;10161 Ruanes;Hombres;2006;38
10;Cáceres;10161 Ruanes;Hombres;2005;42
10;Cáceres;10161 Ruanes;Hombres;2004;45
10;Cáceres;10161 Ruanes;Hombres;2003;46
10;Cáceres;10161 Ruanes;Hombres;2002;53
10;Cáceres;10161 Ruanes;Hombres;2001;57
10;Cáceres;10161 Ruanes;Hombres;2000;58
10;Cáceres;10161 Ruanes;Hombres;1999;57
10;Cáceres;10161 Ruanes;Hombres;1998;58
10;Cáceres;10161 Ruanes;Hombres;1997;
10;Cáceres;10161 Ruanes;Hombres;1996;55
10;Cáceres;10161 Ruanes;Mujeres;2023;33
10;Cáceres;10161 Ruanes;Mujeres;2022;39
10;Cáceres;10161 Ruanes;Mujeres;2021;41
10;Cáceres;10161 Ruanes;Mujeres;2020;37
10;Cáceres;10161 Ruanes;Mujeres;2019;40
10;Cáceres;10161 Ruanes;Mujeres;2018;29
10;Cáceres;10161 Ruanes;Mujeres;2017;29
10;Cáceres;10161 Ruanes;Mujeres;2016;31
10;Cáceres;10161 Ruanes;Mujeres;2015;34
10;Cáceres;10161 Ruanes;Mujeres;2014;26
10;Cáceres;10161 Ruanes;Mujeres;2013;28
10;Cáceres;10161 Ruanes;Mujeres;2012;28
10;Cáceres;10161 Ruanes;Mujeres;2011;25
10;Cáceres;10161 Ruanes;Mujeres;2010;28
10;Cáceres;10161 Ruanes;Mujeres;2009;29
10;Cáceres;10161 Ruanes;Mujeres;2008;33
10;Cáceres;10161 Ruanes;Mujeres;2007;35
10;Cáceres;10161 Ruanes;Mujeres;2006;32
10;Cáceres;10161 Ruanes;Mujeres;2005;34
10;Cáceres;10161 Ruanes;Mujeres;2004;39
10;Cáceres;10161 Ruanes;Mujeres;2003;42
10;Cáceres;10161 Ruanes;Mujeres;2002;49
10;Cáceres;10161 Ruanes;Mujeres;2001;50
10;Cáceres;10161 Ruanes;Mujeres;2000;50
10;Cáceres;10161 Ruanes;Mujeres;1999;52
10;Cáceres;10161 Ruanes;Mujeres;1998;54
10;Cáceres;10161 Ruanes;Mujeres;1997;
10;Cáceres;10161 Ruanes;Mujeres;1996;50
10;Cáceres;10162 Salorino;Total;2023;538
10;Cáceres;10162 Salorino;Total;2022;554
10;Cáceres;10162 Salorino;Total;2021;566
10;Cáceres;10162 Salorino;Total;2020;560
10;Cáceres;10162 Salorino;Total;2019;565
10;Cáceres;10162 Salorino;Total;2018;581
10;Cáceres;10162 Salorino;Total;2017;613
10;Cáceres;10162 Salorino;Total;2016;629
10;Cáceres;10162 Salorino;Total;2015;630
10;Cáceres;10162 Salorino;Total;2014;642
10;Cáceres;10162 Salorino;Total;2013;649
10;Cáceres;10162 Salorino;Total;2012;661
10;Cáceres;10162 Salorino;Total;2011;686
10;Cáceres;10162 Salorino;Total;2010;687
10;Cáceres;10162 Salorino;Total;2009;689
10;Cáceres;10162 Salorino;Total;2008;707
10;Cáceres;10162 Salorino;Total;2007;739
10;Cáceres;10162 Salorino;Total;2006;743
10;Cáceres;10162 Salorino;Total;2005;764
10;Cáceres;10162 Salorino;Total;2004;777
10;Cáceres;10162 Salorino;Total;2003;747
10;Cáceres;10162 Salorino;Total;2002;732
10;Cáceres;10162 Salorino;Total;2001;759
10;Cáceres;10162 Salorino;Total;2000;796
10;Cáceres;10162 Salorino;Total;1999;811
10;Cáceres;10162 Salorino;Total;1998;852
10;Cáceres;10162 Salorino;Total;1997;
10;Cáceres;10162 Salorino;Total;1996;891
10;Cáceres;10162 Salorino;Hombres;2023;282
10;Cáceres;10162 Salorino;Hombres;2022;288
10;Cáceres;10162 Salorino;Hombres;2021;295
10;Cáceres;10162 Salorino;Hombres;2020;293
10;Cáceres;10162 Salorino;Hombres;2019;294
10;Cáceres;10162 Salorino;Hombres;2018;302
10;Cáceres;10162 Salorino;Hombres;2017;320
10;Cáceres;10162 Salorino;Hombres;2016;330
10;Cáceres;10162 Salorino;Hombres;2015;328
10;Cáceres;10162 Salorino;Hombres;2014;335
10;Cáceres;10162 Salorino;Hombres;2013;337
10;Cáceres;10162 Salorino;Hombres;2012;341
10;Cáceres;10162 Salorino;Hombres;2011;354
10;Cáceres;10162 Salorino;Hombres;2010;353
10;Cáceres;10162 Salorino;Hombres;2009;350
10;Cáceres;10162 Salorino;Hombres;2008;355
10;Cáceres;10162 Salorino;Hombres;2007;367
10;Cáceres;10162 Salorino;Hombres;2006;369
10;Cáceres;10162 Salorino;Hombres;2005;386
10;Cáceres;10162 Salorino;Hombres;2004;387
10;Cáceres;10162 Salorino;Hombres;2003;372
10;Cáceres;10162 Salorino;Hombres;2002;363
10;Cáceres;10162 Salorino;Hombres;2001;380
10;Cáceres;10162 Salorino;Hombres;2000;398
10;Cáceres;10162 Salorino;Hombres;1999;400
10;Cáceres;10162 Salorino;Hombres;1998;421
10;Cáceres;10162 Salorino;Hombres;1997;
10;Cáceres;10162 Salorino;Hombres;1996;439
10;Cáceres;10162 Salorino;Mujeres;2023;256
10;Cáceres;10162 Salorino;Mujeres;2022;266
10;Cáceres;10162 Salorino;Mujeres;2021;271
10;Cáceres;10162 Salorino;Mujeres;2020;267
10;Cáceres;10162 Salorino;Mujeres;2019;271
10;Cáceres;10162 Salorino;Mujeres;2018;279
10;Cáceres;10162 Salorino;Mujeres;2017;293
10;Cáceres;10162 Salorino;Mujeres;2016;299
10;Cáceres;10162 Salorino;Mujeres;2015;302
10;Cáceres;10162 Salorino;Mujeres;2014;307
10;Cáceres;10162 Salorino;Mujeres;2013;312
10;Cáceres;10162 Salorino;Mujeres;2012;320
10;Cáceres;10162 Salorino;Mujeres;2011;332
10;Cáceres;10162 Salorino;Mujeres;2010;334
10;Cáceres;10162 Salorino;Mujeres;2009;339
10;Cáceres;10162 Salorino;Mujeres;2008;352
10;Cáceres;10162 Salorino;Mujeres;2007;372
10;Cáceres;10162 Salorino;Mujeres;2006;374
10;Cáceres;10162 Salorino;Mujeres;2005;378
10;Cáceres;10162 Salorino;Mujeres;2004;390
10;Cáceres;10162 Salorino;Mujeres;2003;375
10;Cáceres;10162 Salorino;Mujeres;2002;369
10;Cáceres;10162 Salorino;Mujeres;2001;379
10;Cáceres;10162 Salorino;Mujeres;2000;398
10;Cáceres;10162 Salorino;Mujeres;1999;411
10;Cáceres;10162 Salorino;Mujeres;1998;431
10;Cáceres;10162 Salorino;Mujeres;1997;
10;Cáceres;10162 Salorino;Mujeres;1996;452
10;Cáceres;10163 Salvatierra de Santiago;Total;2023;257
10;Cáceres;10163 Salvatierra de Santiago;Total;2022;264
10;Cáceres;10163 Salvatierra de Santiago;Total;2021;284
10;Cáceres;10163 Salvatierra de Santiago;Total;2020;298
10;Cáceres;10163 Salvatierra de Santiago;Total;2019;312
10;Cáceres;10163 Salvatierra de Santiago;Total;2018;323
10;Cáceres;10163 Salvatierra de Santiago;Total;2017;298
10;Cáceres;10163 Salvatierra de Santiago;Total;2016;236
10;Cáceres;10163 Salvatierra de Santiago;Total;2015;239
10;Cáceres;10163 Salvatierra de Santiago;Total;2014;251
10;Cáceres;10163 Salvatierra de Santiago;Total;2013;273
10;Cáceres;10163 Salvatierra de Santiago;Total;2012;304
10;Cáceres;10163 Salvatierra de Santiago;Total;2011;313
10;Cáceres;10163 Salvatierra de Santiago;Total;2010;289
10;Cáceres;10163 Salvatierra de Santiago;Total;2009;302
10;Cáceres;10163 Salvatierra de Santiago;Total;2008;316
10;Cáceres;10163 Salvatierra de Santiago;Total;2007;335
10;Cáceres;10163 Salvatierra de Santiago;Total;2006;355
10;Cáceres;10163 Salvatierra de Santiago;Total;2005;369
10;Cáceres;10163 Salvatierra de Santiago;Total;2004;386
10;Cáceres;10163 Salvatierra de Santiago;Total;2003;406
10;Cáceres;10163 Salvatierra de Santiago;Total;2002;434
10;Cáceres;10163 Salvatierra de Santiago;Total;2001;433
10;Cáceres;10163 Salvatierra de Santiago;Total;2000;423
10;Cáceres;10163 Salvatierra de Santiago;Total;1999;426
10;Cáceres;10163 Salvatierra de Santiago;Total;1998;434
10;Cáceres;10163 Salvatierra de Santiago;Total;1997;
10;Cáceres;10163 Salvatierra de Santiago;Total;1996;476
10;Cáceres;10163 Salvatierra de Santiago;Hombres;2023;132
10;Cáceres;10163 Salvatierra de Santiago;Hombres;2022;137
10;Cáceres;10163 Salvatierra de Santiago;Hombres;2021;145
10;Cáceres;10163 Salvatierra de Santiago;Hombres;2020;151
10;Cáceres;10163 Salvatierra de Santiago;Hombres;2019;155
10;Cáceres;10163 Salvatierra de Santiago;Hombres;2018;165
10;Cáceres;10163 Salvatierra de Santiago;Hombres;2017;155
10;Cáceres;10163 Salvatierra de Santiago;Hombres;2016;122
10;Cáceres;10163 Salvatierra de Santiago;Hombres;2015;120
10;Cáceres;10163 Salvatierra de Santiago;Hombres;2014;124
10;Cáceres;10163 Salvatierra de Santiago;Hombres;2013;136
10;Cáceres;10163 Salvatierra de Santiago;Hombres;2012;150
10;Cáceres;10163 Salvatierra de Santiago;Hombres;2011;153
10;Cáceres;10163 Salvatierra de Santiago;Hombres;2010;139
10;Cáceres;10163 Salvatierra de Santiago;Hombres;2009;144
10;Cáceres;10163 Salvatierra de Santiago;Hombres;2008;152
10;Cáceres;10163 Salvatierra de Santiago;Hombres;2007;160
10;Cáceres;10163 Salvatierra de Santiago;Hombres;2006;170
10;Cáceres;10163 Salvatierra de Santiago;Hombres;2005;178
10;Cáceres;10163 Salvatierra de Santiago;Hombres;2004;185
10;Cáceres;10163 Salvatierra de Santiago;Hombres;2003;198
10;Cáceres;10163 Salvatierra de Santiago;Hombres;2002;217
10;Cáceres;10163 Salvatierra de Santiago;Hombres;2001;215
10;Cáceres;10163 Salvatierra de Santiago;Hombres;2000;218
10;Cáceres;10163 Salvatierra de Santiago;Hombres;1999;217
10;Cáceres;10163 Salvatierra de Santiago;Hombres;1998;223
10;Cáceres;10163 Salvatierra de Santiago;Hombres;1997;
10;Cáceres;10163 Salvatierra de Santiago;Hombres;1996;246
10;Cáceres;10163 Salvatierra de Santiago;Mujeres;2023;125
10;Cáceres;10163 Salvatierra de Santiago;Mujeres;2022;127
10;Cáceres;10163 Salvatierra de Santiago;Mujeres;2021;139
10;Cáceres;10163 Salvatierra de Santiago;Mujeres;2020;147
10;Cáceres;10163 Salvatierra de Santiago;Mujeres;2019;157
10;Cáceres;10163 Salvatierra de Santiago;Mujeres;2018;158
10;Cáceres;10163 Salvatierra de Santiago;Mujeres;2017;143
10;Cáceres;10163 Salvatierra de Santiago;Mujeres;2016;114
10;Cáceres;10163 Salvatierra de Santiago;Mujeres;2015;119
10;Cáceres;10163 Salvatierra de Santiago;Mujeres;2014;127
10;Cáceres;10163 Salvatierra de Santiago;Mujeres;2013;137
10;Cáceres;10163 Salvatierra de Santiago;Mujeres;2012;154
10;Cáceres;10163 Salvatierra de Santiago;Mujeres;2011;160
10;Cáceres;10163 Salvatierra de Santiago;Mujeres;2010;150
10;Cáceres;10163 Salvatierra de Santiago;Mujeres;2009;158
10;Cáceres;10163 Salvatierra de Santiago;Mujeres;2008;164
10;Cáceres;10163 Salvatierra de Santiago;Mujeres;2007;175
10;Cáceres;10163 Salvatierra de Santiago;Mujeres;2006;185
10;Cáceres;10163 Salvatierra de Santiago;Mujeres;2005;191
10;Cáceres;10163 Salvatierra de Santiago;Mujeres;2004;201
10;Cáceres;10163 Salvatierra de Santiago;Mujeres;2003;208
10;Cáceres;10163 Salvatierra de Santiago;Mujeres;2002;217
10;Cáceres;10163 Salvatierra de Santiago;Mujeres;2001;218
10;Cáceres;10163 Salvatierra de Santiago;Mujeres;2000;205
10;Cáceres;10163 Salvatierra de Santiago;Mujeres;1999;209
10;Cáceres;10163 Salvatierra de Santiago;Mujeres;1998;211
10;Cáceres;10163 Salvatierra de Santiago;Mujeres;1997;
10;Cáceres;10163 Salvatierra de Santiago;Mujeres;1996;230
10;Cáceres;10164 San Martín de Trevejo;Total;2023;723
10;Cáceres;10164 San Martín de Trevejo;Total;2022;750
10;Cáceres;10164 San Martín de Trevejo;Total;2021;754
10;Cáceres;10164 San Martín de Trevejo;Total;2020;766
10;Cáceres;10164 San Martín de Trevejo;Total;2019;778
10;Cáceres;10164 San Martín de Trevejo;Total;2018;788
10;Cáceres;10164 San Martín de Trevejo;Total;2017;805
10;Cáceres;10164 San Martín de Trevejo;Total;2016;827
10;Cáceres;10164 San Martín de Trevejo;Total;2015;851
10;Cáceres;10164 San Martín de Trevejo;Total;2014;861
10;Cáceres;10164 San Martín de Trevejo;Total;2013;883
10;Cáceres;10164 San Martín de Trevejo;Total;2012;895
10;Cáceres;10164 San Martín de Trevejo;Total;2011;895
10;Cáceres;10164 San Martín de Trevejo;Total;2010;907
10;Cáceres;10164 San Martín de Trevejo;Total;2009;916
10;Cáceres;10164 San Martín de Trevejo;Total;2008;926
10;Cáceres;10164 San Martín de Trevejo;Total;2007;919
10;Cáceres;10164 San Martín de Trevejo;Total;2006;927
10;Cáceres;10164 San Martín de Trevejo;Total;2005;948
10;Cáceres;10164 San Martín de Trevejo;Total;2004;949
10;Cáceres;10164 San Martín de Trevejo;Total;2003;926
10;Cáceres;10164 San Martín de Trevejo;Total;2002;959
10;Cáceres;10164 San Martín de Trevejo;Total;2001;989
10;Cáceres;10164 San Martín de Trevejo;Total;2000;998
10;Cáceres;10164 San Martín de Trevejo;Total;1999;1023
10;Cáceres;10164 San Martín de Trevejo;Total;1998;1018
10;Cáceres;10164 San Martín de Trevejo;Total;1997;
10;Cáceres;10164 San Martín de Trevejo;Total;1996;1025
10;Cáceres;10164 San Martín de Trevejo;Hombres;2023;350
10;Cáceres;10164 San Martín de Trevejo;Hombres;2022;371
10;Cáceres;10164 San Martín de Trevejo;Hombres;2021;376
10;Cáceres;10164 San Martín de Trevejo;Hombres;2020;381
10;Cáceres;10164 San Martín de Trevejo;Hombres;2019;382
10;Cáceres;10164 San Martín de Trevejo;Hombres;2018;388
10;Cáceres;10164 San Martín de Trevejo;Hombres;2017;399
10;Cáceres;10164 San Martín de Trevejo;Hombres;2016;408
10;Cáceres;10164 San Martín de Trevejo;Hombres;2015;425
10;Cáceres;10164 San Martín de Trevejo;Hombres;2014;436
10;Cáceres;10164 San Martín de Trevejo;Hombres;2013;443
10;Cáceres;10164 San Martín de Trevejo;Hombres;2012;446
10;Cáceres;10164 San Martín de Trevejo;Hombres;2011;440
10;Cáceres;10164 San Martín de Trevejo;Hombres;2010;450
10;Cáceres;10164 San Martín de Trevejo;Hombres;2009;444
10;Cáceres;10164 San Martín de Trevejo;Hombres;2008;446
10;Cáceres;10164 San Martín de Trevejo;Hombres;2007;444
10;Cáceres;10164 San Martín de Trevejo;Hombres;2006;445
10;Cáceres;10164 San Martín de Trevejo;Hombres;2005;453
10;Cáceres;10164 San Martín de Trevejo;Hombres;2004;456
10;Cáceres;10164 San Martín de Trevejo;Hombres;2003;456
10;Cáceres;10164 San Martín de Trevejo;Hombres;2002;473
10;Cáceres;10164 San Martín de Trevejo;Hombres;2001;490
10;Cáceres;10164 San Martín de Trevejo;Hombres;2000;494
10;Cáceres;10164 San Martín de Trevejo;Hombres;1999;504
10;Cáceres;10164 San Martín de Trevejo;Hombres;1998;518
10;Cáceres;10164 San Martín de Trevejo;Hombres;1997;
10;Cáceres;10164 San Martín de Trevejo;Hombres;1996;522
10;Cáceres;10164 San Martín de Trevejo;Mujeres;2023;373
10;Cáceres;10164 San Martín de Trevejo;Mujeres;2022;379
10;Cáceres;10164 San Martín de Trevejo;Mujeres;2021;378
10;Cáceres;10164 San Martín de Trevejo;Mujeres;2020;385
10;Cáceres;10164 San Martín de Trevejo;Mujeres;2019;396
10;Cáceres;10164 San Martín de Trevejo;Mujeres;2018;400
10;Cáceres;10164 San Martín de Trevejo;Mujeres;2017;406
10;Cáceres;10164 San Martín de Trevejo;Mujeres;2016;419
10;Cáceres;10164 San Martín de Trevejo;Mujeres;2015;426
10;Cáceres;10164 San Martín de Trevejo;Mujeres;2014;425
10;Cáceres;10164 San Martín de Trevejo;Mujeres;2013;440
10;Cáceres;10164 San Martín de Trevejo;Mujeres;2012;449
10;Cáceres;10164 San Martín de Trevejo;Mujeres;2011;455
10;Cáceres;10164 San Martín de Trevejo;Mujeres;2010;457
10;Cáceres;10164 San Martín de Trevejo;Mujeres;2009;472
10;Cáceres;10164 San Martín de Trevejo;Mujeres;2008;480
10;Cáceres;10164 San Martín de Trevejo;Mujeres;2007;475
10;Cáceres;10164 San Martín de Trevejo;Mujeres;2006;482
10;Cáceres;10164 San Martín de Trevejo;Mujeres;2005;495
10;Cáceres;10164 San Martín de Trevejo;Mujeres;2004;493
10;Cáceres;10164 San Martín de Trevejo;Mujeres;2003;470
10;Cáceres;10164 San Martín de Trevejo;Mujeres;2002;486
10;Cáceres;10164 San Martín de Trevejo;Mujeres;2001;499
10;Cáceres;10164 San Martín de Trevejo;Mujeres;2000;504
10;Cáceres;10164 San Martín de Trevejo;Mujeres;1999;519
10;Cáceres;10164 San Martín de Trevejo;Mujeres;1998;500
10;Cáceres;10164 San Martín de Trevejo;Mujeres;1997;
10;Cáceres;10164 San Martín de Trevejo;Mujeres;1996;503
10;Cáceres;10165 Santa Ana;Total;2023;301
10;Cáceres;10165 Santa Ana;Total;2022;279
10;Cáceres;10165 Santa Ana;Total;2021;273
10;Cáceres;10165 Santa Ana;Total;2020;256
10;Cáceres;10165 Santa Ana;Total;2019;262
10;Cáceres;10165 Santa Ana;Total;2018;249
10;Cáceres;10165 Santa Ana;Total;2017;250
10;Cáceres;10165 Santa Ana;Total;2016;265
10;Cáceres;10165 Santa Ana;Total;2015;276
10;Cáceres;10165 Santa Ana;Total;2014;275
10;Cáceres;10165 Santa Ana;Total;2013;279
10;Cáceres;10165 Santa Ana;Total;2012;282
10;Cáceres;10165 Santa Ana;Total;2011;294
10;Cáceres;10165 Santa Ana;Total;2010;291
10;Cáceres;10165 Santa Ana;Total;2009;299
10;Cáceres;10165 Santa Ana;Total;2008;313
10;Cáceres;10165 Santa Ana;Total;2007;322
10;Cáceres;10165 Santa Ana;Total;2006;323
10;Cáceres;10165 Santa Ana;Total;2005;328
10;Cáceres;10165 Santa Ana;Total;2004;335
10;Cáceres;10165 Santa Ana;Total;2003;336
10;Cáceres;10165 Santa Ana;Total;2002;351
10;Cáceres;10165 Santa Ana;Total;2001;357
10;Cáceres;10165 Santa Ana;Total;2000;336
10;Cáceres;10165 Santa Ana;Total;1999;383
10;Cáceres;10165 Santa Ana;Total;1998;397
10;Cáceres;10165 Santa Ana;Total;1997;
10;Cáceres;10165 Santa Ana;Total;1996;406
10;Cáceres;10165 Santa Ana;Hombres;2023;153
10;Cáceres;10165 Santa Ana;Hombres;2022;143
10;Cáceres;10165 Santa Ana;Hombres;2021;142
10;Cáceres;10165 Santa Ana;Hombres;2020;136
10;Cáceres;10165 Santa Ana;Hombres;2019;140
10;Cáceres;10165 Santa Ana;Hombres;2018;136
10;Cáceres;10165 Santa Ana;Hombres;2017;135
10;Cáceres;10165 Santa Ana;Hombres;2016;145
10;Cáceres;10165 Santa Ana;Hombres;2015;149
10;Cáceres;10165 Santa Ana;Hombres;2014;146
10;Cáceres;10165 Santa Ana;Hombres;2013;148
10;Cáceres;10165 Santa Ana;Hombres;2012;146
10;Cáceres;10165 Santa Ana;Hombres;2011;155
10;Cáceres;10165 Santa Ana;Hombres;2010;152
10;Cáceres;10165 Santa Ana;Hombres;2009;160
10;Cáceres;10165 Santa Ana;Hombres;2008;169
10;Cáceres;10165 Santa Ana;Hombres;2007;171
10;Cáceres;10165 Santa Ana;Hombres;2006;167
10;Cáceres;10165 Santa Ana;Hombres;2005;170
10;Cáceres;10165 Santa Ana;Hombres;2004;172
10;Cáceres;10165 Santa Ana;Hombres;2003;172
10;Cáceres;10165 Santa Ana;Hombres;2002;178
10;Cáceres;10165 Santa Ana;Hombres;2001;183
10;Cáceres;10165 Santa Ana;Hombres;2000;171
10;Cáceres;10165 Santa Ana;Hombres;1999;192
10;Cáceres;10165 Santa Ana;Hombres;1998;199
10;Cáceres;10165 Santa Ana;Hombres;1997;
10;Cáceres;10165 Santa Ana;Hombres;1996;203
10;Cáceres;10165 Santa Ana;Mujeres;2023;148
10;Cáceres;10165 Santa Ana;Mujeres;2022;136
10;Cáceres;10165 Santa Ana;Mujeres;2021;131
10;Cáceres;10165 Santa Ana;Mujeres;2020;120
10;Cáceres;10165 Santa Ana;Mujeres;2019;122
10;Cáceres;10165 Santa Ana;Mujeres;2018;113
10;Cáceres;10165 Santa Ana;Mujeres;2017;115
10;Cáceres;10165 Santa Ana;Mujeres;2016;120
10;Cáceres;10165 Santa Ana;Mujeres;2015;127
10;Cáceres;10165 Santa Ana;Mujeres;2014;129
10;Cáceres;10165 Santa Ana;Mujeres;2013;131
10;Cáceres;10165 Santa Ana;Mujeres;2012;136
10;Cáceres;10165 Santa Ana;Mujeres;2011;139
10;Cáceres;10165 Santa Ana;Mujeres;2010;139
10;Cáceres;10165 Santa Ana;Mujeres;2009;139
10;Cáceres;10165 Santa Ana;Mujeres;2008;144
10;Cáceres;10165 Santa Ana;Mujeres;2007;151
10;Cáceres;10165 Santa Ana;Mujeres;2006;156
10;Cáceres;10165 Santa Ana;Mujeres;2005;158
10;Cáceres;10165 Santa Ana;Mujeres;2004;163
10;Cáceres;10165 Santa Ana;Mujeres;2003;164
10;Cáceres;10165 Santa Ana;Mujeres;2002;173
10;Cáceres;10165 Santa Ana;Mujeres;2001;174
10;Cáceres;10165 Santa Ana;Mujeres;2000;165
10;Cáceres;10165 Santa Ana;Mujeres;1999;191
10;Cáceres;10165 Santa Ana;Mujeres;1998;198
10;Cáceres;10165 Santa Ana;Mujeres;1997;
10;Cáceres;10165 Santa Ana;Mujeres;1996;203
10;Cáceres;10166 Santa Cruz de la Sierra;Total;2023;319
10;Cáceres;10166 Santa Cruz de la Sierra;Total;2022;320
10;Cáceres;10166 Santa Cruz de la Sierra;Total;2021;324
10;Cáceres;10166 Santa Cruz de la Sierra;Total;2020;326
10;Cáceres;10166 Santa Cruz de la Sierra;Total;2019;327
10;Cáceres;10166 Santa Cruz de la Sierra;Total;2018;324
10;Cáceres;10166 Santa Cruz de la Sierra;Total;2017;333
10;Cáceres;10166 Santa Cruz de la Sierra;Total;2016;326
10;Cáceres;10166 Santa Cruz de la Sierra;Total;2015;329
10;Cáceres;10166 Santa Cruz de la Sierra;Total;2014;337
10;Cáceres;10166 Santa Cruz de la Sierra;Total;2013;345
10;Cáceres;10166 Santa Cruz de la Sierra;Total;2012;313
10;Cáceres;10166 Santa Cruz de la Sierra;Total;2011;278
10;Cáceres;10166 Santa Cruz de la Sierra;Total;2010;269
10;Cáceres;10166 Santa Cruz de la Sierra;Total;2009;270
10;Cáceres;10166 Santa Cruz de la Sierra;Total;2008;274
10;Cáceres;10166 Santa Cruz de la Sierra;Total;2007;281
10;Cáceres;10166 Santa Cruz de la Sierra;Total;2006;296
10;Cáceres;10166 Santa Cruz de la Sierra;Total;2005;308
10;Cáceres;10166 Santa Cruz de la Sierra;Total;2004;323
10;Cáceres;10166 Santa Cruz de la Sierra;Total;2003;336
10;Cáceres;10166 Santa Cruz de la Sierra;Total;2002;346
10;Cáceres;10166 Santa Cruz de la Sierra;Total;2001;358
10;Cáceres;10166 Santa Cruz de la Sierra;Total;2000;366
10;Cáceres;10166 Santa Cruz de la Sierra;Total;1999;403
10;Cáceres;10166 Santa Cruz de la Sierra;Total;1998;375
10;Cáceres;10166 Santa Cruz de la Sierra;Total;1997;
10;Cáceres;10166 Santa Cruz de la Sierra;Total;1996;387
10;Cáceres;10166 Santa Cruz de la Sierra;Hombres;2023;163
10;Cáceres;10166 Santa Cruz de la Sierra;Hombres;2022;162
10;Cáceres;10166 Santa Cruz de la Sierra;Hombres;2021;165
10;Cáceres;10166 Santa Cruz de la Sierra;Hombres;2020;166
10;Cáceres;10166 Santa Cruz de la Sierra;Hombres;2019;167
10;Cáceres;10166 Santa Cruz de la Sierra;Hombres;2018;161
10;Cáceres;10166 Santa Cruz de la Sierra;Hombres;2017;168
10;Cáceres;10166 Santa Cruz de la Sierra;Hombres;2016;162
10;Cáceres;10166 Santa Cruz de la Sierra;Hombres;2015;163
10;Cáceres;10166 Santa Cruz de la Sierra;Hombres;2014;167
10;Cáceres;10166 Santa Cruz de la Sierra;Hombres;2013;170
10;Cáceres;10166 Santa Cruz de la Sierra;Hombres;2012;156
10;Cáceres;10166 Santa Cruz de la Sierra;Hombres;2011;138
10;Cáceres;10166 Santa Cruz de la Sierra;Hombres;2010;133
10;Cáceres;10166 Santa Cruz de la Sierra;Hombres;2009;134
10;Cáceres;10166 Santa Cruz de la Sierra;Hombres;2008;137
10;Cáceres;10166 Santa Cruz de la Sierra;Hombres;2007;141
10;Cáceres;10166 Santa Cruz de la Sierra;Hombres;2006;148
10;Cáceres;10166 Santa Cruz de la Sierra;Hombres;2005;155
10;Cáceres;10166 Santa Cruz de la Sierra;Hombres;2004;168
10;Cáceres;10166 Santa Cruz de la Sierra;Hombres;2003;177
10;Cáceres;10166 Santa Cruz de la Sierra;Hombres;2002;181
10;Cáceres;10166 Santa Cruz de la Sierra;Hombres;2001;184
10;Cáceres;10166 Santa Cruz de la Sierra;Hombres;2000;188
10;Cáceres;10166 Santa Cruz de la Sierra;Hombres;1999;207
10;Cáceres;10166 Santa Cruz de la Sierra;Hombres;1998;193
10;Cáceres;10166 Santa Cruz de la Sierra;Hombres;1997;
10;Cáceres;10166 Santa Cruz de la Sierra;Hombres;1996;199
10;Cáceres;10166 Santa Cruz de la Sierra;Mujeres;2023;156
10;Cáceres;10166 Santa Cruz de la Sierra;Mujeres;2022;158
10;Cáceres;10166 Santa Cruz de la Sierra;Mujeres;2021;159
10;Cáceres;10166 Santa Cruz de la Sierra;Mujeres;2020;160
10;Cáceres;10166 Santa Cruz de la Sierra;Mujeres;2019;160
10;Cáceres;10166 Santa Cruz de la Sierra;Mujeres;2018;163
10;Cáceres;10166 Santa Cruz de la Sierra;Mujeres;2017;165
10;Cáceres;10166 Santa Cruz de la Sierra;Mujeres;2016;164
10;Cáceres;10166 Santa Cruz de la Sierra;Mujeres;2015;166
10;Cáceres;10166 Santa Cruz de la Sierra;Mujeres;2014;170
10;Cáceres;10166 Santa Cruz de la Sierra;Mujeres;2013;175
10;Cáceres;10166 Santa Cruz de la Sierra;Mujeres;2012;157
10;Cáceres;10166 Santa Cruz de la Sierra;Mujeres;2011;140
10;Cáceres;10166 Santa Cruz de la Sierra;Mujeres;2010;136
10;Cáceres;10166 Santa Cruz de la Sierra;Mujeres;2009;136
10;Cáceres;10166 Santa Cruz de la Sierra;Mujeres;2008;137
10;Cáceres;10166 Santa Cruz de la Sierra;Mujeres;2007;140
10;Cáceres;10166 Santa Cruz de la Sierra;Mujeres;2006;148
10;Cáceres;10166 Santa Cruz de la Sierra;Mujeres;2005;153
10;Cáceres;10166 Santa Cruz de la Sierra;Mujeres;2004;155
10;Cáceres;10166 Santa Cruz de la Sierra;Mujeres;2003;159
10;Cáceres;10166 Santa Cruz de la Sierra;Mujeres;2002;165
10;Cáceres;10166 Santa Cruz de la Sierra;Mujeres;2001;174
10;Cáceres;10166 Santa Cruz de la Sierra;Mujeres;2000;178
10;Cáceres;10166 Santa Cruz de la Sierra;Mujeres;1999;196
10;Cáceres;10166 Santa Cruz de la Sierra;Mujeres;1998;182
10;Cáceres;10166 Santa Cruz de la Sierra;Mujeres;1997;
10;Cáceres;10166 Santa Cruz de la Sierra;Mujeres;1996;188
10;Cáceres;10167 Santa Cruz de Paniagua;Total;2023;280
10;Cáceres;10167 Santa Cruz de Paniagua;Total;2022;288
10;Cáceres;10167 Santa Cruz de Paniagua;Total;2021;296
10;Cáceres;10167 Santa Cruz de Paniagua;Total;2020;316
10;Cáceres;10167 Santa Cruz de Paniagua;Total;2019;323
10;Cáceres;10167 Santa Cruz de Paniagua;Total;2018;315
10;Cáceres;10167 Santa Cruz de Paniagua;Total;2017;330
10;Cáceres;10167 Santa Cruz de Paniagua;Total;2016;330
10;Cáceres;10167 Santa Cruz de Paniagua;Total;2015;326
10;Cáceres;10167 Santa Cruz de Paniagua;Total;2014;341
10;Cáceres;10167 Santa Cruz de Paniagua;Total;2013;351
10;Cáceres;10167 Santa Cruz de Paniagua;Total;2012;291
10;Cáceres;10167 Santa Cruz de Paniagua;Total;2011;300
10;Cáceres;10167 Santa Cruz de Paniagua;Total;2010;307
10;Cáceres;10167 Santa Cruz de Paniagua;Total;2009;315
10;Cáceres;10167 Santa Cruz de Paniagua;Total;2008;331
10;Cáceres;10167 Santa Cruz de Paniagua;Total;2007;346
10;Cáceres;10167 Santa Cruz de Paniagua;Total;2006;372
10;Cáceres;10167 Santa Cruz de Paniagua;Total;2005;378
10;Cáceres;10167 Santa Cruz de Paniagua;Total;2004;390
10;Cáceres;10167 Santa Cruz de Paniagua;Total;2003;399
10;Cáceres;10167 Santa Cruz de Paniagua;Total;2002;417
10;Cáceres;10167 Santa Cruz de Paniagua;Total;2001;437
10;Cáceres;10167 Santa Cruz de Paniagua;Total;2000;450
10;Cáceres;10167 Santa Cruz de Paniagua;Total;1999;488
10;Cáceres;10167 Santa Cruz de Paniagua;Total;1998;467
10;Cáceres;10167 Santa Cruz de Paniagua;Total;1997;
10;Cáceres;10167 Santa Cruz de Paniagua;Total;1996;478
10;Cáceres;10167 Santa Cruz de Paniagua;Hombres;2023;159
10;Cáceres;10167 Santa Cruz de Paniagua;Hombres;2022;163
10;Cáceres;10167 Santa Cruz de Paniagua;Hombres;2021;167
10;Cáceres;10167 Santa Cruz de Paniagua;Hombres;2020;173
10;Cáceres;10167 Santa Cruz de Paniagua;Hombres;2019;180
10;Cáceres;10167 Santa Cruz de Paniagua;Hombres;2018;174
10;Cáceres;10167 Santa Cruz de Paniagua;Hombres;2017;183
10;Cáceres;10167 Santa Cruz de Paniagua;Hombres;2016;182
10;Cáceres;10167 Santa Cruz de Paniagua;Hombres;2015;177
10;Cáceres;10167 Santa Cruz de Paniagua;Hombres;2014;187
10;Cáceres;10167 Santa Cruz de Paniagua;Hombres;2013;187
10;Cáceres;10167 Santa Cruz de Paniagua;Hombres;2012;160
10;Cáceres;10167 Santa Cruz de Paniagua;Hombres;2011;165
10;Cáceres;10167 Santa Cruz de Paniagua;Hombres;2010;168
10;Cáceres;10167 Santa Cruz de Paniagua;Hombres;2009;172
10;Cáceres;10167 Santa Cruz de Paniagua;Hombres;2008;180
10;Cáceres;10167 Santa Cruz de Paniagua;Hombres;2007;188
10;Cáceres;10167 Santa Cruz de Paniagua;Hombres;2006;201
10;Cáceres;10167 Santa Cruz de Paniagua;Hombres;2005;205
10;Cáceres;10167 Santa Cruz de Paniagua;Hombres;2004;211
10;Cáceres;10167 Santa Cruz de Paniagua;Hombres;2003;216
10;Cáceres;10167 Santa Cruz de Paniagua;Hombres;2002;227
10;Cáceres;10167 Santa Cruz de Paniagua;Hombres;2001;238
10;Cáceres;10167 Santa Cruz de Paniagua;Hombres;2000;242
10;Cáceres;10167 Santa Cruz de Paniagua;Hombres;1999;261
10;Cáceres;10167 Santa Cruz de Paniagua;Hombres;1998;250
10;Cáceres;10167 Santa Cruz de Paniagua;Hombres;1997;
10;Cáceres;10167 Santa Cruz de Paniagua;Hombres;1996;256
10;Cáceres;10167 Santa Cruz de Paniagua;Mujeres;2023;121
10;Cáceres;10167 Santa Cruz de Paniagua;Mujeres;2022;125
10;Cáceres;10167 Santa Cruz de Paniagua;Mujeres;2021;129
10;Cáceres;10167 Santa Cruz de Paniagua;Mujeres;2020;143
10;Cáceres;10167 Santa Cruz de Paniagua;Mujeres;2019;143
10;Cáceres;10167 Santa Cruz de Paniagua;Mujeres;2018;141
10;Cáceres;10167 Santa Cruz de Paniagua;Mujeres;2017;147
10;Cáceres;10167 Santa Cruz de Paniagua;Mujeres;2016;148
10;Cáceres;10167 Santa Cruz de Paniagua;Mujeres;2015;149
10;Cáceres;10167 Santa Cruz de Paniagua;Mujeres;2014;154
10;Cáceres;10167 Santa Cruz de Paniagua;Mujeres;2013;164
10;Cáceres;10167 Santa Cruz de Paniagua;Mujeres;2012;131
10;Cáceres;10167 Santa Cruz de Paniagua;Mujeres;2011;135
10;Cáceres;10167 Santa Cruz de Paniagua;Mujeres;2010;139
10;Cáceres;10167 Santa Cruz de Paniagua;Mujeres;2009;143
10;Cáceres;10167 Santa Cruz de Paniagua;Mujeres;2008;151
10;Cáceres;10167 Santa Cruz de Paniagua;Mujeres;2007;158
10;Cáceres;10167 Santa Cruz de Paniagua;Mujeres;2006;171
10;Cáceres;10167 Santa Cruz de Paniagua;Mujeres;2005;173
10;Cáceres;10167 Santa Cruz de Paniagua;Mujeres;2004;179
10;Cáceres;10167 Santa Cruz de Paniagua;Mujeres;2003;183
10;Cáceres;10167 Santa Cruz de Paniagua;Mujeres;2002;190
10;Cáceres;10167 Santa Cruz de Paniagua;Mujeres;2001;199
10;Cáceres;10167 Santa Cruz de Paniagua;Mujeres;2000;208
10;Cáceres;10167 Santa Cruz de Paniagua;Mujeres;1999;227
10;Cáceres;10167 Santa Cruz de Paniagua;Mujeres;1998;217
10;Cáceres;10167 Santa Cruz de Paniagua;Mujeres;1997;
10;Cáceres;10167 Santa Cruz de Paniagua;Mujeres;1996;222
10;Cáceres;10168 Santa Marta de Magasca;Total;2023;284
10;Cáceres;10168 Santa Marta de Magasca;Total;2022;302
10;Cáceres;10168 Santa Marta de Magasca;Total;2021;301
10;Cáceres;10168 Santa Marta de Magasca;Total;2020;299
10;Cáceres;10168 Santa Marta de Magasca;Total;2019;282
10;Cáceres;10168 Santa Marta de Magasca;Total;2018;271
10;Cáceres;10168 Santa Marta de Magasca;Total;2017;282
10;Cáceres;10168 Santa Marta de Magasca;Total;2016;300
10;Cáceres;10168 Santa Marta de Magasca;Total;2015;295
10;Cáceres;10168 Santa Marta de Magasca;Total;2014;305
10;Cáceres;10168 Santa Marta de Magasca;Total;2013;288
10;Cáceres;10168 Santa Marta de Magasca;Total;2012;306
10;Cáceres;10168 Santa Marta de Magasca;Total;2011;299
10;Cáceres;10168 Santa Marta de Magasca;Total;2010;309
10;Cáceres;10168 Santa Marta de Magasca;Total;2009;309
10;Cáceres;10168 Santa Marta de Magasca;Total;2008;304
10;Cáceres;10168 Santa Marta de Magasca;Total;2007;304
10;Cáceres;10168 Santa Marta de Magasca;Total;2006;252
10;Cáceres;10168 Santa Marta de Magasca;Total;2005;262
10;Cáceres;10168 Santa Marta de Magasca;Total;2004;261
10;Cáceres;10168 Santa Marta de Magasca;Total;2003;270
10;Cáceres;10168 Santa Marta de Magasca;Total;2002;287
10;Cáceres;10168 Santa Marta de Magasca;Total;2001;300
10;Cáceres;10168 Santa Marta de Magasca;Total;2000;373
10;Cáceres;10168 Santa Marta de Magasca;Total;1999;376
10;Cáceres;10168 Santa Marta de Magasca;Total;1998;382
10;Cáceres;10168 Santa Marta de Magasca;Total;1997;
10;Cáceres;10168 Santa Marta de Magasca;Total;1996;386
10;Cáceres;10168 Santa Marta de Magasca;Hombres;2023;146
10;Cáceres;10168 Santa Marta de Magasca;Hombres;2022;153
10;Cáceres;10168 Santa Marta de Magasca;Hombres;2021;151
10;Cáceres;10168 Santa Marta de Magasca;Hombres;2020;149
10;Cáceres;10168 Santa Marta de Magasca;Hombres;2019;140
10;Cáceres;10168 Santa Marta de Magasca;Hombres;2018;138
10;Cáceres;10168 Santa Marta de Magasca;Hombres;2017;143
10;Cáceres;10168 Santa Marta de Magasca;Hombres;2016;150
10;Cáceres;10168 Santa Marta de Magasca;Hombres;2015;148
10;Cáceres;10168 Santa Marta de Magasca;Hombres;2014;149
10;Cáceres;10168 Santa Marta de Magasca;Hombres;2013;140
10;Cáceres;10168 Santa Marta de Magasca;Hombres;2012;148
10;Cáceres;10168 Santa Marta de Magasca;Hombres;2011;144
10;Cáceres;10168 Santa Marta de Magasca;Hombres;2010;151
10;Cáceres;10168 Santa Marta de Magasca;Hombres;2009;152
10;Cáceres;10168 Santa Marta de Magasca;Hombres;2008;150
10;Cáceres;10168 Santa Marta de Magasca;Hombres;2007;147
10;Cáceres;10168 Santa Marta de Magasca;Hombres;2006;123
10;Cáceres;10168 Santa Marta de Magasca;Hombres;2005;127
10;Cáceres;10168 Santa Marta de Magasca;Hombres;2004;125
10;Cáceres;10168 Santa Marta de Magasca;Hombres;2003;131
10;Cáceres;10168 Santa Marta de Magasca;Hombres;2002;141
10;Cáceres;10168 Santa Marta de Magasca;Hombres;2001;148
10;Cáceres;10168 Santa Marta de Magasca;Hombres;2000;187
10;Cáceres;10168 Santa Marta de Magasca;Hombres;1999;189
10;Cáceres;10168 Santa Marta de Magasca;Hombres;1998;192
10;Cáceres;10168 Santa Marta de Magasca;Hombres;1997;
10;Cáceres;10168 Santa Marta de Magasca;Hombres;1996;194
10;Cáceres;10168 Santa Marta de Magasca;Mujeres;2023;138
10;Cáceres;10168 Santa Marta de Magasca;Mujeres;2022;149
10;Cáceres;10168 Santa Marta de Magasca;Mujeres;2021;150
10;Cáceres;10168 Santa Marta de Magasca;Mujeres;2020;150
10;Cáceres;10168 Santa Marta de Magasca;Mujeres;2019;142
10;Cáceres;10168 Santa Marta de Magasca;Mujeres;2018;133
10;Cáceres;10168 Santa Marta de Magasca;Mujeres;2017;139
10;Cáceres;10168 Santa Marta de Magasca;Mujeres;2016;150
10;Cáceres;10168 Santa Marta de Magasca;Mujeres;2015;147
10;Cáceres;10168 Santa Marta de Magasca;Mujeres;2014;156
10;Cáceres;10168 Santa Marta de Magasca;Mujeres;2013;148
10;Cáceres;10168 Santa Marta de Magasca;Mujeres;2012;158
10;Cáceres;10168 Santa Marta de Magasca;Mujeres;2011;155
10;Cáceres;10168 Santa Marta de Magasca;Mujeres;2010;158
10;Cáceres;10168 Santa Marta de Magasca;Mujeres;2009;157
10;Cáceres;10168 Santa Marta de Magasca;Mujeres;2008;154
10;Cáceres;10168 Santa Marta de Magasca;Mujeres;2007;157
10;Cáceres;10168 Santa Marta de Magasca;Mujeres;2006;129
10;Cáceres;10168 Santa Marta de Magasca;Mujeres;2005;135
10;Cáceres;10168 Santa Marta de Magasca;Mujeres;2004;136
10;Cáceres;10168 Santa Marta de Magasca;Mujeres;2003;139
10;Cáceres;10168 Santa Marta de Magasca;Mujeres;2002;146
10;Cáceres;10168 Santa Marta de Magasca;Mujeres;2001;152
10;Cáceres;10168 Santa Marta de Magasca;Mujeres;2000;186
10;Cáceres;10168 Santa Marta de Magasca;Mujeres;1999;187
10;Cáceres;10168 Santa Marta de Magasca;Mujeres;1998;190
10;Cáceres;10168 Santa Marta de Magasca;Mujeres;1997;
10;Cáceres;10168 Santa Marta de Magasca;Mujeres;1996;192
10;Cáceres;10169 Santiago de Alcántara;Total;2023;475
10;Cáceres;10169 Santiago de Alcántara;Total;2022;475
10;Cáceres;10169 Santiago de Alcántara;Total;2021;488
10;Cáceres;10169 Santiago de Alcántara;Total;2020;507
10;Cáceres;10169 Santiago de Alcántara;Total;2019;523
10;Cáceres;10169 Santiago de Alcántara;Total;2018;522
10;Cáceres;10169 Santiago de Alcántara;Total;2017;533
10;Cáceres;10169 Santiago de Alcántara;Total;2016;563
10;Cáceres;10169 Santiago de Alcántara;Total;2015;583
10;Cáceres;10169 Santiago de Alcántara;Total;2014;585
10;Cáceres;10169 Santiago de Alcántara;Total;2013;606
10;Cáceres;10169 Santiago de Alcántara;Total;2012;615
10;Cáceres;10169 Santiago de Alcántara;Total;2011;634
10;Cáceres;10169 Santiago de Alcántara;Total;2010;654
10;Cáceres;10169 Santiago de Alcántara;Total;2009;685
10;Cáceres;10169 Santiago de Alcántara;Total;2008;690
10;Cáceres;10169 Santiago de Alcántara;Total;2007;689
10;Cáceres;10169 Santiago de Alcántara;Total;2006;724
10;Cáceres;10169 Santiago de Alcántara;Total;2005;725
10;Cáceres;10169 Santiago de Alcántara;Total;2004;705
10;Cáceres;10169 Santiago de Alcántara;Total;2003;727
10;Cáceres;10169 Santiago de Alcántara;Total;2002;741
10;Cáceres;10169 Santiago de Alcántara;Total;2001;758
10;Cáceres;10169 Santiago de Alcántara;Total;2000;751
10;Cáceres;10169 Santiago de Alcántara;Total;1999;783
10;Cáceres;10169 Santiago de Alcántara;Total;1998;789
10;Cáceres;10169 Santiago de Alcántara;Total;1997;
10;Cáceres;10169 Santiago de Alcántara;Total;1996;818
10;Cáceres;10169 Santiago de Alcántara;Hombres;2023;230
10;Cáceres;10169 Santiago de Alcántara;Hombres;2022;232
10;Cáceres;10169 Santiago de Alcántara;Hombres;2021;240
10;Cáceres;10169 Santiago de Alcántara;Hombres;2020;247
10;Cáceres;10169 Santiago de Alcántara;Hombres;2019;255
10;Cáceres;10169 Santiago de Alcántara;Hombres;2018;256
10;Cáceres;10169 Santiago de Alcántara;Hombres;2017;258
10;Cáceres;10169 Santiago de Alcántara;Hombres;2016;274
10;Cáceres;10169 Santiago de Alcántara;Hombres;2015;283
10;Cáceres;10169 Santiago de Alcántara;Hombres;2014;289
10;Cáceres;10169 Santiago de Alcántara;Hombres;2013;290
10;Cáceres;10169 Santiago de Alcántara;Hombres;2012;301
10;Cáceres;10169 Santiago de Alcántara;Hombres;2011;309
10;Cáceres;10169 Santiago de Alcántara;Hombres;2010;320
10;Cáceres;10169 Santiago de Alcántara;Hombres;2009;334
10;Cáceres;10169 Santiago de Alcántara;Hombres;2008;341
10;Cáceres;10169 Santiago de Alcántara;Hombres;2007;338
10;Cáceres;10169 Santiago de Alcántara;Hombres;2006;361
10;Cáceres;10169 Santiago de Alcántara;Hombres;2005;364
10;Cáceres;10169 Santiago de Alcántara;Hombres;2004;356
10;Cáceres;10169 Santiago de Alcántara;Hombres;2003;366
10;Cáceres;10169 Santiago de Alcántara;Hombres;2002;370
10;Cáceres;10169 Santiago de Alcántara;Hombres;2001;372
10;Cáceres;10169 Santiago de Alcántara;Hombres;2000;372
10;Cáceres;10169 Santiago de Alcántara;Hombres;1999;393
10;Cáceres;10169 Santiago de Alcántara;Hombres;1998;391
10;Cáceres;10169 Santiago de Alcántara;Hombres;1997;
10;Cáceres;10169 Santiago de Alcántara;Hombres;1996;409
10;Cáceres;10169 Santiago de Alcántara;Mujeres;2023;245
10;Cáceres;10169 Santiago de Alcántara;Mujeres;2022;243
10;Cáceres;10169 Santiago de Alcántara;Mujeres;2021;248
10;Cáceres;10169 Santiago de Alcántara;Mujeres;2020;260
10;Cáceres;10169 Santiago de Alcántara;Mujeres;2019;268
10;Cáceres;10169 Santiago de Alcántara;Mujeres;2018;266
10;Cáceres;10169 Santiago de Alcántara;Mujeres;2017;275
10;Cáceres;10169 Santiago de Alcántara;Mujeres;2016;289
10;Cáceres;10169 Santiago de Alcántara;Mujeres;2015;300
10;Cáceres;10169 Santiago de Alcántara;Mujeres;2014;296
10;Cáceres;10169 Santiago de Alcántara;Mujeres;2013;316
10;Cáceres;10169 Santiago de Alcántara;Mujeres;2012;314
10;Cáceres;10169 Santiago de Alcántara;Mujeres;2011;325
10;Cáceres;10169 Santiago de Alcántara;Mujeres;2010;334
10;Cáceres;10169 Santiago de Alcántara;Mujeres;2009;351
10;Cáceres;10169 Santiago de Alcántara;Mujeres;2008;349
10;Cáceres;10169 Santiago de Alcántara;Mujeres;2007;351
10;Cáceres;10169 Santiago de Alcántara;Mujeres;2006;363
10;Cáceres;10169 Santiago de Alcántara;Mujeres;2005;361
10;Cáceres;10169 Santiago de Alcántara;Mujeres;2004;349
10;Cáceres;10169 Santiago de Alcántara;Mujeres;2003;361
10;Cáceres;10169 Santiago de Alcántara;Mujeres;2002;371
10;Cáceres;10169 Santiago de Alcántara;Mujeres;2001;386
10;Cáceres;10169 Santiago de Alcántara;Mujeres;2000;379
10;Cáceres;10169 Santiago de Alcántara;Mujeres;1999;390
10;Cáceres;10169 Santiago de Alcántara;Mujeres;1998;398
10;Cáceres;10169 Santiago de Alcántara;Mujeres;1997;
10;Cáceres;10169 Santiago de Alcántara;Mujeres;1996;409
10;Cáceres;10170 Santiago del Campo;Total;2023;245
10;Cáceres;10170 Santiago del Campo;Total;2022;239
10;Cáceres;10170 Santiago del Campo;Total;2021;234
10;Cáceres;10170 Santiago del Campo;Total;2020;237
10;Cáceres;10170 Santiago del Campo;Total;2019;252
10;Cáceres;10170 Santiago del Campo;Total;2018;259
10;Cáceres;10170 Santiago del Campo;Total;2017;275
10;Cáceres;10170 Santiago del Campo;Total;2016;280
10;Cáceres;10170 Santiago del Campo;Total;2015;279
10;Cáceres;10170 Santiago del Campo;Total;2014;274
10;Cáceres;10170 Santiago del Campo;Total;2013;272
10;Cáceres;10170 Santiago del Campo;Total;2012;288
10;Cáceres;10170 Santiago del Campo;Total;2011;290
10;Cáceres;10170 Santiago del Campo;Total;2010;306
10;Cáceres;10170 Santiago del Campo;Total;2009;307
10;Cáceres;10170 Santiago del Campo;Total;2008;311
10;Cáceres;10170 Santiago del Campo;Total;2007;315
10;Cáceres;10170 Santiago del Campo;Total;2006;323
10;Cáceres;10170 Santiago del Campo;Total;2005;330
10;Cáceres;10170 Santiago del Campo;Total;2004;318
10;Cáceres;10170 Santiago del Campo;Total;2003;311
10;Cáceres;10170 Santiago del Campo;Total;2002;326
10;Cáceres;10170 Santiago del Campo;Total;2001;306
10;Cáceres;10170 Santiago del Campo;Total;2000;314
10;Cáceres;10170 Santiago del Campo;Total;1999;325
10;Cáceres;10170 Santiago del Campo;Total;1998;340
10;Cáceres;10170 Santiago del Campo;Total;1997;
10;Cáceres;10170 Santiago del Campo;Total;1996;337
10;Cáceres;10170 Santiago del Campo;Hombres;2023;124
10;Cáceres;10170 Santiago del Campo;Hombres;2022;125
10;Cáceres;10170 Santiago del Campo;Hombres;2021;123
10;Cáceres;10170 Santiago del Campo;Hombres;2020;122
10;Cáceres;10170 Santiago del Campo;Hombres;2019;126
10;Cáceres;10170 Santiago del Campo;Hombres;2018;132
10;Cáceres;10170 Santiago del Campo;Hombres;2017;141
10;Cáceres;10170 Santiago del Campo;Hombres;2016;144
10;Cáceres;10170 Santiago del Campo;Hombres;2015;139
10;Cáceres;10170 Santiago del Campo;Hombres;2014;133
10;Cáceres;10170 Santiago del Campo;Hombres;2013;135
10;Cáceres;10170 Santiago del Campo;Hombres;2012;144
10;Cáceres;10170 Santiago del Campo;Hombres;2011;147
10;Cáceres;10170 Santiago del Campo;Hombres;2010;156
10;Cáceres;10170 Santiago del Campo;Hombres;2009;153
10;Cáceres;10170 Santiago del Campo;Hombres;2008;159
10;Cáceres;10170 Santiago del Campo;Hombres;2007;162
10;Cáceres;10170 Santiago del Campo;Hombres;2006;166
10;Cáceres;10170 Santiago del Campo;Hombres;2005;167
10;Cáceres;10170 Santiago del Campo;Hombres;2004;161
10;Cáceres;10170 Santiago del Campo;Hombres;2003;154
10;Cáceres;10170 Santiago del Campo;Hombres;2002;159
10;Cáceres;10170 Santiago del Campo;Hombres;2001;152
10;Cáceres;10170 Santiago del Campo;Hombres;2000;157
10;Cáceres;10170 Santiago del Campo;Hombres;1999;162
10;Cáceres;10170 Santiago del Campo;Hombres;1998;173
10;Cáceres;10170 Santiago del Campo;Hombres;1997;
10;Cáceres;10170 Santiago del Campo;Hombres;1996;175
10;Cáceres;10170 Santiago del Campo;Mujeres;2023;121
10;Cáceres;10170 Santiago del Campo;Mujeres;2022;114
10;Cáceres;10170 Santiago del Campo;Mujeres;2021;111
10;Cáceres;10170 Santiago del Campo;Mujeres;2020;115
10;Cáceres;10170 Santiago del Campo;Mujeres;2019;126
10;Cáceres;10170 Santiago del Campo;Mujeres;2018;127
10;Cáceres;10170 Santiago del Campo;Mujeres;2017;134
10;Cáceres;10170 Santiago del Campo;Mujeres;2016;136
10;Cáceres;10170 Santiago del Campo;Mujeres;2015;140
10;Cáceres;10170 Santiago del Campo;Mujeres;2014;141
10;Cáceres;10170 Santiago del Campo;Mujeres;2013;137
10;Cáceres;10170 Santiago del Campo;Mujeres;2012;144
10;Cáceres;10170 Santiago del Campo;Mujeres;2011;143
10;Cáceres;10170 Santiago del Campo;Mujeres;2010;150
10;Cáceres;10170 Santiago del Campo;Mujeres;2009;154
10;Cáceres;10170 Santiago del Campo;Mujeres;2008;152
10;Cáceres;10170 Santiago del Campo;Mujeres;2007;153
10;Cáceres;10170 Santiago del Campo;Mujeres;2006;157
10;Cáceres;10170 Santiago del Campo;Mujeres;2005;163
10;Cáceres;10170 Santiago del Campo;Mujeres;2004;157
10;Cáceres;10170 Santiago del Campo;Mujeres;2003;157
10;Cáceres;10170 Santiago del Campo;Mujeres;2002;167
10;Cáceres;10170 Santiago del Campo;Mujeres;2001;154
10;Cáceres;10170 Santiago del Campo;Mujeres;2000;157
10;Cáceres;10170 Santiago del Campo;Mujeres;1999;163
10;Cáceres;10170 Santiago del Campo;Mujeres;1998;167
10;Cáceres;10170 Santiago del Campo;Mujeres;1997;
10;Cáceres;10170 Santiago del Campo;Mujeres;1996;162
10;Cáceres;10171 Santibáñez el Alto;Total;2023;361
10;Cáceres;10171 Santibáñez el Alto;Total;2022;342
10;Cáceres;10171 Santibáñez el Alto;Total;2021;354
10;Cáceres;10171 Santibáñez el Alto;Total;2020;361
10;Cáceres;10171 Santibáñez el Alto;Total;2019;370
10;Cáceres;10171 Santibáñez el Alto;Total;2018;382
10;Cáceres;10171 Santibáñez el Alto;Total;2017;338
10;Cáceres;10171 Santibáñez el Alto;Total;2016;341
10;Cáceres;10171 Santibáñez el Alto;Total;2015;349
10;Cáceres;10171 Santibáñez el Alto;Total;2014;372
10;Cáceres;10171 Santibáñez el Alto;Total;2013;379
10;Cáceres;10171 Santibáñez el Alto;Total;2012;405
10;Cáceres;10171 Santibáñez el Alto;Total;2011;415
10;Cáceres;10171 Santibáñez el Alto;Total;2010;424
10;Cáceres;10171 Santibáñez el Alto;Total;2009;436
10;Cáceres;10171 Santibáñez el Alto;Total;2008;446
10;Cáceres;10171 Santibáñez el Alto;Total;2007;458
10;Cáceres;10171 Santibáñez el Alto;Total;2006;480
10;Cáceres;10171 Santibáñez el Alto;Total;2005;485
10;Cáceres;10171 Santibáñez el Alto;Total;2004;501
10;Cáceres;10171 Santibáñez el Alto;Total;2003;518
10;Cáceres;10171 Santibáñez el Alto;Total;2002;537
10;Cáceres;10171 Santibáñez el Alto;Total;2001;558
10;Cáceres;10171 Santibáñez el Alto;Total;2000;563
10;Cáceres;10171 Santibáñez el Alto;Total;1999;652
10;Cáceres;10171 Santibáñez el Alto;Total;1998;535
10;Cáceres;10171 Santibáñez el Alto;Total;1997;
10;Cáceres;10171 Santibáñez el Alto;Total;1996;535
10;Cáceres;10171 Santibáñez el Alto;Hombres;2023;192
10;Cáceres;10171 Santibáñez el Alto;Hombres;2022;186
10;Cáceres;10171 Santibáñez el Alto;Hombres;2021;191
10;Cáceres;10171 Santibáñez el Alto;Hombres;2020;196
10;Cáceres;10171 Santibáñez el Alto;Hombres;2019;203
10;Cáceres;10171 Santibáñez el Alto;Hombres;2018;205
10;Cáceres;10171 Santibáñez el Alto;Hombres;2017;177
10;Cáceres;10171 Santibáñez el Alto;Hombres;2016;178
10;Cáceres;10171 Santibáñez el Alto;Hombres;2015;178
10;Cáceres;10171 Santibáñez el Alto;Hombres;2014;191
10;Cáceres;10171 Santibáñez el Alto;Hombres;2013;197
10;Cáceres;10171 Santibáñez el Alto;Hombres;2012;212
10;Cáceres;10171 Santibáñez el Alto;Hombres;2011;215
10;Cáceres;10171 Santibáñez el Alto;Hombres;2010;216
10;Cáceres;10171 Santibáñez el Alto;Hombres;2009;221
10;Cáceres;10171 Santibáñez el Alto;Hombres;2008;224
10;Cáceres;10171 Santibáñez el Alto;Hombres;2007;228
10;Cáceres;10171 Santibáñez el Alto;Hombres;2006;241
10;Cáceres;10171 Santibáñez el Alto;Hombres;2005;242
10;Cáceres;10171 Santibáñez el Alto;Hombres;2004;251
10;Cáceres;10171 Santibáñez el Alto;Hombres;2003;267
10;Cáceres;10171 Santibáñez el Alto;Hombres;2002;277
10;Cáceres;10171 Santibáñez el Alto;Hombres;2001;289
10;Cáceres;10171 Santibáñez el Alto;Hombres;2000;293
10;Cáceres;10171 Santibáñez el Alto;Hombres;1999;344
10;Cáceres;10171 Santibáñez el Alto;Hombres;1998;274
10;Cáceres;10171 Santibáñez el Alto;Hombres;1997;
10;Cáceres;10171 Santibáñez el Alto;Hombres;1996;274
10;Cáceres;10171 Santibáñez el Alto;Mujeres;2023;169
10;Cáceres;10171 Santibáñez el Alto;Mujeres;2022;156
10;Cáceres;10171 Santibáñez el Alto;Mujeres;2021;163
10;Cáceres;10171 Santibáñez el Alto;Mujeres;2020;165
10;Cáceres;10171 Santibáñez el Alto;Mujeres;2019;167
10;Cáceres;10171 Santibáñez el Alto;Mujeres;2018;177
10;Cáceres;10171 Santibáñez el Alto;Mujeres;2017;161
10;Cáceres;10171 Santibáñez el Alto;Mujeres;2016;163
10;Cáceres;10171 Santibáñez el Alto;Mujeres;2015;171
10;Cáceres;10171 Santibáñez el Alto;Mujeres;2014;181
10;Cáceres;10171 Santibáñez el Alto;Mujeres;2013;182
10;Cáceres;10171 Santibáñez el Alto;Mujeres;2012;193
10;Cáceres;10171 Santibáñez el Alto;Mujeres;2011;200
10;Cáceres;10171 Santibáñez el Alto;Mujeres;2010;208
10;Cáceres;10171 Santibáñez el Alto;Mujeres;2009;215
10;Cáceres;10171 Santibáñez el Alto;Mujeres;2008;222
10;Cáceres;10171 Santibáñez el Alto;Mujeres;2007;230
10;Cáceres;10171 Santibáñez el Alto;Mujeres;2006;239
10;Cáceres;10171 Santibáñez el Alto;Mujeres;2005;243
10;Cáceres;10171 Santibáñez el Alto;Mujeres;2004;250
10;Cáceres;10171 Santibáñez el Alto;Mujeres;2003;251
10;Cáceres;10171 Santibáñez el Alto;Mujeres;2002;260
10;Cáceres;10171 Santibáñez el Alto;Mujeres;2001;269
10;Cáceres;10171 Santibáñez el Alto;Mujeres;2000;270
10;Cáceres;10171 Santibáñez el Alto;Mujeres;1999;308
10;Cáceres;10171 Santibáñez el Alto;Mujeres;1998;261
10;Cáceres;10171 Santibáñez el Alto;Mujeres;1997;
10;Cáceres;10171 Santibáñez el Alto;Mujeres;1996;261
10;Cáceres;10172 Santibáñez el Bajo;Total;2023;713
10;Cáceres;10172 Santibáñez el Bajo;Total;2022;734
10;Cáceres;10172 Santibáñez el Bajo;Total;2021;748
10;Cáceres;10172 Santibáñez el Bajo;Total;2020;741
10;Cáceres;10172 Santibáñez el Bajo;Total;2019;756
10;Cáceres;10172 Santibáñez el Bajo;Total;2018;763
10;Cáceres;10172 Santibáñez el Bajo;Total;2017;761
10;Cáceres;10172 Santibáñez el Bajo;Total;2016;767
10;Cáceres;10172 Santibáñez el Bajo;Total;2015;738
10;Cáceres;10172 Santibáñez el Bajo;Total;2014;757
10;Cáceres;10172 Santibáñez el Bajo;Total;2013;751
10;Cáceres;10172 Santibáñez el Bajo;Total;2012;797
10;Cáceres;10172 Santibáñez el Bajo;Total;2011;811
10;Cáceres;10172 Santibáñez el Bajo;Total;2010;823
10;Cáceres;10172 Santibáñez el Bajo;Total;2009;829
10;Cáceres;10172 Santibáñez el Bajo;Total;2008;829
10;Cáceres;10172 Santibáñez el Bajo;Total;2007;834
10;Cáceres;10172 Santibáñez el Bajo;Total;2006;863
10;Cáceres;10172 Santibáñez el Bajo;Total;2005;891
10;Cáceres;10172 Santibáñez el Bajo;Total;2004;922
10;Cáceres;10172 Santibáñez el Bajo;Total;2003;947
10;Cáceres;10172 Santibáñez el Bajo;Total;2002;994
10;Cáceres;10172 Santibáñez el Bajo;Total;2001;1034
10;Cáceres;10172 Santibáñez el Bajo;Total;2000;1027
10;Cáceres;10172 Santibáñez el Bajo;Total;1999;1134
10;Cáceres;10172 Santibáñez el Bajo;Total;1998;1013
10;Cáceres;10172 Santibáñez el Bajo;Total;1997;
10;Cáceres;10172 Santibáñez el Bajo;Total;1996;1033
10;Cáceres;10172 Santibáñez el Bajo;Hombres;2023;372
10;Cáceres;10172 Santibáñez el Bajo;Hombres;2022;380
10;Cáceres;10172 Santibáñez el Bajo;Hombres;2021;383
10;Cáceres;10172 Santibáñez el Bajo;Hombres;2020;378
10;Cáceres;10172 Santibáñez el Bajo;Hombres;2019;385
10;Cáceres;10172 Santibáñez el Bajo;Hombres;2018;392
10;Cáceres;10172 Santibáñez el Bajo;Hombres;2017;395
10;Cáceres;10172 Santibáñez el Bajo;Hombres;2016;400
10;Cáceres;10172 Santibáñez el Bajo;Hombres;2015;387
10;Cáceres;10172 Santibáñez el Bajo;Hombres;2014;390
10;Cáceres;10172 Santibáñez el Bajo;Hombres;2013;385
10;Cáceres;10172 Santibáñez el Bajo;Hombres;2012;410
10;Cáceres;10172 Santibáñez el Bajo;Hombres;2011;423
10;Cáceres;10172 Santibáñez el Bajo;Hombres;2010;429
10;Cáceres;10172 Santibáñez el Bajo;Hombres;2009;431
10;Cáceres;10172 Santibáñez el Bajo;Hombres;2008;434
10;Cáceres;10172 Santibáñez el Bajo;Hombres;2007;438
10;Cáceres;10172 Santibáñez el Bajo;Hombres;2006;450
10;Cáceres;10172 Santibáñez el Bajo;Hombres;2005;456
10;Cáceres;10172 Santibáñez el Bajo;Hombres;2004;469
10;Cáceres;10172 Santibáñez el Bajo;Hombres;2003;479
10;Cáceres;10172 Santibáñez el Bajo;Hombres;2002;512
10;Cáceres;10172 Santibáñez el Bajo;Hombres;2001;532
10;Cáceres;10172 Santibáñez el Bajo;Hombres;2000;528
10;Cáceres;10172 Santibáñez el Bajo;Hombres;1999;589
10;Cáceres;10172 Santibáñez el Bajo;Hombres;1998;526
10;Cáceres;10172 Santibáñez el Bajo;Hombres;1997;
10;Cáceres;10172 Santibáñez el Bajo;Hombres;1996;536
10;Cáceres;10172 Santibáñez el Bajo;Mujeres;2023;341
10;Cáceres;10172 Santibáñez el Bajo;Mujeres;2022;354
10;Cáceres;10172 Santibáñez el Bajo;Mujeres;2021;365
10;Cáceres;10172 Santibáñez el Bajo;Mujeres;2020;363
10;Cáceres;10172 Santibáñez el Bajo;Mujeres;2019;371
10;Cáceres;10172 Santibáñez el Bajo;Mujeres;2018;371
10;Cáceres;10172 Santibáñez el Bajo;Mujeres;2017;366
10;Cáceres;10172 Santibáñez el Bajo;Mujeres;2016;367
10;Cáceres;10172 Santibáñez el Bajo;Mujeres;2015;351
10;Cáceres;10172 Santibáñez el Bajo;Mujeres;2014;367
10;Cáceres;10172 Santibáñez el Bajo;Mujeres;2013;366
10;Cáceres;10172 Santibáñez el Bajo;Mujeres;2012;387
10;Cáceres;10172 Santibáñez el Bajo;Mujeres;2011;388
10;Cáceres;10172 Santibáñez el Bajo;Mujeres;2010;394
10;Cáceres;10172 Santibáñez el Bajo;Mujeres;2009;398
10;Cáceres;10172 Santibáñez el Bajo;Mujeres;2008;395
10;Cáceres;10172 Santibáñez el Bajo;Mujeres;2007;396
10;Cáceres;10172 Santibáñez el Bajo;Mujeres;2006;413
10;Cáceres;10172 Santibáñez el Bajo;Mujeres;2005;435
10;Cáceres;10172 Santibáñez el Bajo;Mujeres;2004;453
10;Cáceres;10172 Santibáñez el Bajo;Mujeres;2003;468
10;Cáceres;10172 Santibáñez el Bajo;Mujeres;2002;482
10;Cáceres;10172 Santibáñez el Bajo;Mujeres;2001;502
10;Cáceres;10172 Santibáñez el Bajo;Mujeres;2000;499
10;Cáceres;10172 Santibáñez el Bajo;Mujeres;1999;545
10;Cáceres;10172 Santibáñez el Bajo;Mujeres;1998;487
10;Cáceres;10172 Santibáñez el Bajo;Mujeres;1997;
10;Cáceres;10172 Santibáñez el Bajo;Mujeres;1996;497
10;Cáceres;10173 Saucedilla;Total;2023;947
10;Cáceres;10173 Saucedilla;Total;2022;888
10;Cáceres;10173 Saucedilla;Total;2021;869
10;Cáceres;10173 Saucedilla;Total;2020;852
10;Cáceres;10173 Saucedilla;Total;2019;851
10;Cáceres;10173 Saucedilla;Total;2018;858
10;Cáceres;10173 Saucedilla;Total;2017;886
10;Cáceres;10173 Saucedilla;Total;2016;890
10;Cáceres;10173 Saucedilla;Total;2015;877
10;Cáceres;10173 Saucedilla;Total;2014;847
10;Cáceres;10173 Saucedilla;Total;2013;825
10;Cáceres;10173 Saucedilla;Total;2012;857
10;Cáceres;10173 Saucedilla;Total;2011;854
10;Cáceres;10173 Saucedilla;Total;2010;857
10;Cáceres;10173 Saucedilla;Total;2009;804
10;Cáceres;10173 Saucedilla;Total;2008;778
10;Cáceres;10173 Saucedilla;Total;2007;773
10;Cáceres;10173 Saucedilla;Total;2006;729
10;Cáceres;10173 Saucedilla;Total;2005;725
10;Cáceres;10173 Saucedilla;Total;2004;702
10;Cáceres;10173 Saucedilla;Total;2003;662
10;Cáceres;10173 Saucedilla;Total;2002;627
10;Cáceres;10173 Saucedilla;Total;2001;610
10;Cáceres;10173 Saucedilla;Total;2000;614
10;Cáceres;10173 Saucedilla;Total;1999;630
10;Cáceres;10173 Saucedilla;Total;1998;617
10;Cáceres;10173 Saucedilla;Total;1997;
10;Cáceres;10173 Saucedilla;Total;1996;617
10;Cáceres;10173 Saucedilla;Hombres;2023;495
10;Cáceres;10173 Saucedilla;Hombres;2022;465
10;Cáceres;10173 Saucedilla;Hombres;2021;448
10;Cáceres;10173 Saucedilla;Hombres;2020;434
10;Cáceres;10173 Saucedilla;Hombres;2019;443
10;Cáceres;10173 Saucedilla;Hombres;2018;452
10;Cáceres;10173 Saucedilla;Hombres;2017;471
10;Cáceres;10173 Saucedilla;Hombres;2016;469
10;Cáceres;10173 Saucedilla;Hombres;2015;466
10;Cáceres;10173 Saucedilla;Hombres;2014;452
10;Cáceres;10173 Saucedilla;Hombres;2013;452
10;Cáceres;10173 Saucedilla;Hombres;2012;464
10;Cáceres;10173 Saucedilla;Hombres;2011;461
10;Cáceres;10173 Saucedilla;Hombres;2010;444
10;Cáceres;10173 Saucedilla;Hombres;2009;416
10;Cáceres;10173 Saucedilla;Hombres;2008;407
10;Cáceres;10173 Saucedilla;Hombres;2007;403
10;Cáceres;10173 Saucedilla;Hombres;2006;383
10;Cáceres;10173 Saucedilla;Hombres;2005;382
10;Cáceres;10173 Saucedilla;Hombres;2004;369
10;Cáceres;10173 Saucedilla;Hombres;2003;342
10;Cáceres;10173 Saucedilla;Hombres;2002;317
10;Cáceres;10173 Saucedilla;Hombres;2001;315
10;Cáceres;10173 Saucedilla;Hombres;2000;316
10;Cáceres;10173 Saucedilla;Hombres;1999;320
10;Cáceres;10173 Saucedilla;Hombres;1998;313
10;Cáceres;10173 Saucedilla;Hombres;1997;
10;Cáceres;10173 Saucedilla;Hombres;1996;310
10;Cáceres;10173 Saucedilla;Mujeres;2023;452
10;Cáceres;10173 Saucedilla;Mujeres;2022;423
10;Cáceres;10173 Saucedilla;Mujeres;2021;421
10;Cáceres;10173 Saucedilla;Mujeres;2020;418
10;Cáceres;10173 Saucedilla;Mujeres;2019;408
10;Cáceres;10173 Saucedilla;Mujeres;2018;406
10;Cáceres;10173 Saucedilla;Mujeres;2017;415
10;Cáceres;10173 Saucedilla;Mujeres;2016;421
10;Cáceres;10173 Saucedilla;Mujeres;2015;411
10;Cáceres;10173 Saucedilla;Mujeres;2014;395
10;Cáceres;10173 Saucedilla;Mujeres;2013;373
10;Cáceres;10173 Saucedilla;Mujeres;2012;393
10;Cáceres;10173 Saucedilla;Mujeres;2011;393
10;Cáceres;10173 Saucedilla;Mujeres;2010;413
10;Cáceres;10173 Saucedilla;Mujeres;2009;388
10;Cáceres;10173 Saucedilla;Mujeres;2008;371
10;Cáceres;10173 Saucedilla;Mujeres;2007;370
10;Cáceres;10173 Saucedilla;Mujeres;2006;346
10;Cáceres;10173 Saucedilla;Mujeres;2005;343
10;Cáceres;10173 Saucedilla;Mujeres;2004;333
10;Cáceres;10173 Saucedilla;Mujeres;2003;320
10;Cáceres;10173 Saucedilla;Mujeres;2002;310
10;Cáceres;10173 Saucedilla;Mujeres;2001;295
10;Cáceres;10173 Saucedilla;Mujeres;2000;298
10;Cáceres;10173 Saucedilla;Mujeres;1999;310
10;Cáceres;10173 Saucedilla;Mujeres;1998;304
10;Cáceres;10173 Saucedilla;Mujeres;1997;
10;Cáceres;10173 Saucedilla;Mujeres;1996;307
10;Cáceres;10174 Segura de Toro;Total;2023;181
10;Cáceres;10174 Segura de Toro;Total;2022;177
10;Cáceres;10174 Segura de Toro;Total;2021;190
10;Cáceres;10174 Segura de Toro;Total;2020;181
10;Cáceres;10174 Segura de Toro;Total;2019;183
10;Cáceres;10174 Segura de Toro;Total;2018;187
10;Cáceres;10174 Segura de Toro;Total;2017;188
10;Cáceres;10174 Segura de Toro;Total;2016;191
10;Cáceres;10174 Segura de Toro;Total;2015;189
10;Cáceres;10174 Segura de Toro;Total;2014;202
10;Cáceres;10174 Segura de Toro;Total;2013;177
10;Cáceres;10174 Segura de Toro;Total;2012;191
10;Cáceres;10174 Segura de Toro;Total;2011;196
10;Cáceres;10174 Segura de Toro;Total;2010;192
10;Cáceres;10174 Segura de Toro;Total;2009;186
10;Cáceres;10174 Segura de Toro;Total;2008;181
10;Cáceres;10174 Segura de Toro;Total;2007;182
10;Cáceres;10174 Segura de Toro;Total;2006;185
10;Cáceres;10174 Segura de Toro;Total;2005;190
10;Cáceres;10174 Segura de Toro;Total;2004;193
10;Cáceres;10174 Segura de Toro;Total;2003;190
10;Cáceres;10174 Segura de Toro;Total;2002;205
10;Cáceres;10174 Segura de Toro;Total;2001;202
10;Cáceres;10174 Segura de Toro;Total;2000;205
10;Cáceres;10174 Segura de Toro;Total;1999;209
10;Cáceres;10174 Segura de Toro;Total;1998;220
10;Cáceres;10174 Segura de Toro;Total;1997;
10;Cáceres;10174 Segura de Toro;Total;1996;225
10;Cáceres;10174 Segura de Toro;Hombres;2023;96
10;Cáceres;10174 Segura de Toro;Hombres;2022;90
10;Cáceres;10174 Segura de Toro;Hombres;2021;94
10;Cáceres;10174 Segura de Toro;Hombres;2020;89
10;Cáceres;10174 Segura de Toro;Hombres;2019;90
10;Cáceres;10174 Segura de Toro;Hombres;2018;91
10;Cáceres;10174 Segura de Toro;Hombres;2017;90
10;Cáceres;10174 Segura de Toro;Hombres;2016;89
10;Cáceres;10174 Segura de Toro;Hombres;2015;86
10;Cáceres;10174 Segura de Toro;Hombres;2014;93
10;Cáceres;10174 Segura de Toro;Hombres;2013;86
10;Cáceres;10174 Segura de Toro;Hombres;2012;90
10;Cáceres;10174 Segura de Toro;Hombres;2011;93
10;Cáceres;10174 Segura de Toro;Hombres;2010;90
10;Cáceres;10174 Segura de Toro;Hombres;2009;87
10;Cáceres;10174 Segura de Toro;Hombres;2008;90
10;Cáceres;10174 Segura de Toro;Hombres;2007;88
10;Cáceres;10174 Segura de Toro;Hombres;2006;89
10;Cáceres;10174 Segura de Toro;Hombres;2005;92
10;Cáceres;10174 Segura de Toro;Hombres;2004;94
10;Cáceres;10174 Segura de Toro;Hombres;2003;92
10;Cáceres;10174 Segura de Toro;Hombres;2002;101
10;Cáceres;10174 Segura de Toro;Hombres;2001;108
10;Cáceres;10174 Segura de Toro;Hombres;2000;110
10;Cáceres;10174 Segura de Toro;Hombres;1999;111
10;Cáceres;10174 Segura de Toro;Hombres;1998;119
10;Cáceres;10174 Segura de Toro;Hombres;1997;
10;Cáceres;10174 Segura de Toro;Hombres;1996;119
10;Cáceres;10174 Segura de Toro;Mujeres;2023;85
10;Cáceres;10174 Segura de Toro;Mujeres;2022;87
10;Cáceres;10174 Segura de Toro;Mujeres;2021;96
10;Cáceres;10174 Segura de Toro;Mujeres;2020;92
10;Cáceres;10174 Segura de Toro;Mujeres;2019;93
10;Cáceres;10174 Segura de Toro;Mujeres;2018;96
10;Cáceres;10174 Segura de Toro;Mujeres;2017;98
10;Cáceres;10174 Segura de Toro;Mujeres;2016;102
10;Cáceres;10174 Segura de Toro;Mujeres;2015;103
10;Cáceres;10174 Segura de Toro;Mujeres;2014;109
10;Cáceres;10174 Segura de Toro;Mujeres;2013;91
10;Cáceres;10174 Segura de Toro;Mujeres;2012;101
10;Cáceres;10174 Segura de Toro;Mujeres;2011;103
10;Cáceres;10174 Segura de Toro;Mujeres;2010;102
10;Cáceres;10174 Segura de Toro;Mujeres;2009;99
10;Cáceres;10174 Segura de Toro;Mujeres;2008;91
10;Cáceres;10174 Segura de Toro;Mujeres;2007;94
10;Cáceres;10174 Segura de Toro;Mujeres;2006;96
10;Cáceres;10174 Segura de Toro;Mujeres;2005;98
10;Cáceres;10174 Segura de Toro;Mujeres;2004;99
10;Cáceres;10174 Segura de Toro;Mujeres;2003;98
10;Cáceres;10174 Segura de Toro;Mujeres;2002;104
10;Cáceres;10174 Segura de Toro;Mujeres;2001;94
10;Cáceres;10174 Segura de Toro;Mujeres;2000;95
10;Cáceres;10174 Segura de Toro;Mujeres;1999;98
10;Cáceres;10174 Segura de Toro;Mujeres;1998;101
10;Cáceres;10174 Segura de Toro;Mujeres;1997;
10;Cáceres;10174 Segura de Toro;Mujeres;1996;106
10;Cáceres;10175 Serradilla;Total;2023;1493
10;Cáceres;10175 Serradilla;Total;2022;1490
10;Cáceres;10175 Serradilla;Total;2021;1503
10;Cáceres;10175 Serradilla;Total;2020;1507
10;Cáceres;10175 Serradilla;Total;2019;1537
10;Cáceres;10175 Serradilla;Total;2018;1568
10;Cáceres;10175 Serradilla;Total;2017;1608
10;Cáceres;10175 Serradilla;Total;2016;1634
10;Cáceres;10175 Serradilla;Total;2015;1637
10;Cáceres;10175 Serradilla;Total;2014;1624
10;Cáceres;10175 Serradilla;Total;2013;1637
10;Cáceres;10175 Serradilla;Total;2012;1684
10;Cáceres;10175 Serradilla;Total;2011;1678
10;Cáceres;10175 Serradilla;Total;2010;1729
10;Cáceres;10175 Serradilla;Total;2009;1766
10;Cáceres;10175 Serradilla;Total;2008;1764
10;Cáceres;10175 Serradilla;Total;2007;1721
10;Cáceres;10175 Serradilla;Total;2006;1781
10;Cáceres;10175 Serradilla;Total;2005;1792
10;Cáceres;10175 Serradilla;Total;2004;1832
10;Cáceres;10175 Serradilla;Total;2003;1846
10;Cáceres;10175 Serradilla;Total;2002;1864
10;Cáceres;10175 Serradilla;Total;2001;1896
10;Cáceres;10175 Serradilla;Total;2000;1919
10;Cáceres;10175 Serradilla;Total;1999;1974
10;Cáceres;10175 Serradilla;Total;1998;1974
10;Cáceres;10175 Serradilla;Total;1997;
10;Cáceres;10175 Serradilla;Total;1996;2027
10;Cáceres;10175 Serradilla;Hombres;2023;749
10;Cáceres;10175 Serradilla;Hombres;2022;748
10;Cáceres;10175 Serradilla;Hombres;2021;755
10;Cáceres;10175 Serradilla;Hombres;2020;755
10;Cáceres;10175 Serradilla;Hombres;2019;777
10;Cáceres;10175 Serradilla;Hombres;2018;790
10;Cáceres;10175 Serradilla;Hombres;2017;815
10;Cáceres;10175 Serradilla;Hombres;2016;827
10;Cáceres;10175 Serradilla;Hombres;2015;832
10;Cáceres;10175 Serradilla;Hombres;2014;826
10;Cáceres;10175 Serradilla;Hombres;2013;830
10;Cáceres;10175 Serradilla;Hombres;2012;864
10;Cáceres;10175 Serradilla;Hombres;2011;858
10;Cáceres;10175 Serradilla;Hombres;2010;884
10;Cáceres;10175 Serradilla;Hombres;2009;911
10;Cáceres;10175 Serradilla;Hombres;2008;913
10;Cáceres;10175 Serradilla;Hombres;2007;882
10;Cáceres;10175 Serradilla;Hombres;2006;917
10;Cáceres;10175 Serradilla;Hombres;2005;921
10;Cáceres;10175 Serradilla;Hombres;2004;942
10;Cáceres;10175 Serradilla;Hombres;2003;942
10;Cáceres;10175 Serradilla;Hombres;2002;948
10;Cáceres;10175 Serradilla;Hombres;2001;968
10;Cáceres;10175 Serradilla;Hombres;2000;983
10;Cáceres;10175 Serradilla;Hombres;1999;1002
10;Cáceres;10175 Serradilla;Hombres;1998;1002
10;Cáceres;10175 Serradilla;Hombres;1997;
10;Cáceres;10175 Serradilla;Hombres;1996;1019
10;Cáceres;10175 Serradilla;Mujeres;2023;744
10;Cáceres;10175 Serradilla;Mujeres;2022;742
10;Cáceres;10175 Serradilla;Mujeres;2021;748
10;Cáceres;10175 Serradilla;Mujeres;2020;752
10;Cáceres;10175 Serradilla;Mujeres;2019;760
10;Cáceres;10175 Serradilla;Mujeres;2018;778
10;Cáceres;10175 Serradilla;Mujeres;2017;793
10;Cáceres;10175 Serradilla;Mujeres;2016;807
10;Cáceres;10175 Serradilla;Mujeres;2015;805
10;Cáceres;10175 Serradilla;Mujeres;2014;798
10;Cáceres;10175 Serradilla;Mujeres;2013;807
10;Cáceres;10175 Serradilla;Mujeres;2012;820
10;Cáceres;10175 Serradilla;Mujeres;2011;820
10;Cáceres;10175 Serradilla;Mujeres;2010;845
10;Cáceres;10175 Serradilla;Mujeres;2009;855
10;Cáceres;10175 Serradilla;Mujeres;2008;851
10;Cáceres;10175 Serradilla;Mujeres;2007;839
10;Cáceres;10175 Serradilla;Mujeres;2006;864
10;Cáceres;10175 Serradilla;Mujeres;2005;871
10;Cáceres;10175 Serradilla;Mujeres;2004;890
10;Cáceres;10175 Serradilla;Mujeres;2003;904
10;Cáceres;10175 Serradilla;Mujeres;2002;916
10;Cáceres;10175 Serradilla;Mujeres;2001;928
10;Cáceres;10175 Serradilla;Mujeres;2000;936
10;Cáceres;10175 Serradilla;Mujeres;1999;972
10;Cáceres;10175 Serradilla;Mujeres;1998;972
10;Cáceres;10175 Serradilla;Mujeres;1997;
10;Cáceres;10175 Serradilla;Mujeres;1996;1008
10;Cáceres;10176 Serrejón;Total;2023;405
10;Cáceres;10176 Serrejón;Total;2022;414
10;Cáceres;10176 Serrejón;Total;2021;409
10;Cáceres;10176 Serrejón;Total;2020;410
10;Cáceres;10176 Serrejón;Total;2019;409
10;Cáceres;10176 Serrejón;Total;2018;420
10;Cáceres;10176 Serrejón;Total;2017;433
10;Cáceres;10176 Serrejón;Total;2016;430
10;Cáceres;10176 Serrejón;Total;2015;443
10;Cáceres;10176 Serrejón;Total;2014;446
10;Cáceres;10176 Serrejón;Total;2013;459
10;Cáceres;10176 Serrejón;Total;2012;449
10;Cáceres;10176 Serrejón;Total;2011;466
10;Cáceres;10176 Serrejón;Total;2010;460
10;Cáceres;10176 Serrejón;Total;2009;444
10;Cáceres;10176 Serrejón;Total;2008;461
10;Cáceres;10176 Serrejón;Total;2007;467
10;Cáceres;10176 Serrejón;Total;2006;490
10;Cáceres;10176 Serrejón;Total;2005;481
10;Cáceres;10176 Serrejón;Total;2004;482
10;Cáceres;10176 Serrejón;Total;2003;468
10;Cáceres;10176 Serrejón;Total;2002;485
10;Cáceres;10176 Serrejón;Total;2001;492
10;Cáceres;10176 Serrejón;Total;2000;496
10;Cáceres;10176 Serrejón;Total;1999;525
10;Cáceres;10176 Serrejón;Total;1998;525
10;Cáceres;10176 Serrejón;Total;1997;
10;Cáceres;10176 Serrejón;Total;1996;523
10;Cáceres;10176 Serrejón;Hombres;2023;206
10;Cáceres;10176 Serrejón;Hombres;2022;218
10;Cáceres;10176 Serrejón;Hombres;2021;215
10;Cáceres;10176 Serrejón;Hombres;2020;213
10;Cáceres;10176 Serrejón;Hombres;2019;213
10;Cáceres;10176 Serrejón;Hombres;2018;220
10;Cáceres;10176 Serrejón;Hombres;2017;222
10;Cáceres;10176 Serrejón;Hombres;2016;217
10;Cáceres;10176 Serrejón;Hombres;2015;225
10;Cáceres;10176 Serrejón;Hombres;2014;226
10;Cáceres;10176 Serrejón;Hombres;2013;232
10;Cáceres;10176 Serrejón;Hombres;2012;222
10;Cáceres;10176 Serrejón;Hombres;2011;234
10;Cáceres;10176 Serrejón;Hombres;2010;226
10;Cáceres;10176 Serrejón;Hombres;2009;216
10;Cáceres;10176 Serrejón;Hombres;2008;225
10;Cáceres;10176 Serrejón;Hombres;2007;231
10;Cáceres;10176 Serrejón;Hombres;2006;248
10;Cáceres;10176 Serrejón;Hombres;2005;243
10;Cáceres;10176 Serrejón;Hombres;2004;247
10;Cáceres;10176 Serrejón;Hombres;2003;240
10;Cáceres;10176 Serrejón;Hombres;2002;252
10;Cáceres;10176 Serrejón;Hombres;2001;254
10;Cáceres;10176 Serrejón;Hombres;2000;254
10;Cáceres;10176 Serrejón;Hombres;1999;274
10;Cáceres;10176 Serrejón;Hombres;1998;274
10;Cáceres;10176 Serrejón;Hombres;1997;
10;Cáceres;10176 Serrejón;Hombres;1996;270
10;Cáceres;10176 Serrejón;Mujeres;2023;199
10;Cáceres;10176 Serrejón;Mujeres;2022;196
10;Cáceres;10176 Serrejón;Mujeres;2021;194
10;Cáceres;10176 Serrejón;Mujeres;2020;197
10;Cáceres;10176 Serrejón;Mujeres;2019;196
10;Cáceres;10176 Serrejón;Mujeres;2018;200
10;Cáceres;10176 Serrejón;Mujeres;2017;211
10;Cáceres;10176 Serrejón;Mujeres;2016;213
10;Cáceres;10176 Serrejón;Mujeres;2015;218
10;Cáceres;10176 Serrejón;Mujeres;2014;220
10;Cáceres;10176 Serrejón;Mujeres;2013;227
10;Cáceres;10176 Serrejón;Mujeres;2012;227
10;Cáceres;10176 Serrejón;Mujeres;2011;232
10;Cáceres;10176 Serrejón;Mujeres;2010;234
10;Cáceres;10176 Serrejón;Mujeres;2009;228
10;Cáceres;10176 Serrejón;Mujeres;2008;236
10;Cáceres;10176 Serrejón;Mujeres;2007;236
10;Cáceres;10176 Serrejón;Mujeres;2006;242
10;Cáceres;10176 Serrejón;Mujeres;2005;238
10;Cáceres;10176 Serrejón;Mujeres;2004;235
10;Cáceres;10176 Serrejón;Mujeres;2003;228
10;Cáceres;10176 Serrejón;Mujeres;2002;233
10;Cáceres;10176 Serrejón;Mujeres;2001;238
10;Cáceres;10176 Serrejón;Mujeres;2000;242
10;Cáceres;10176 Serrejón;Mujeres;1999;251
10;Cáceres;10176 Serrejón;Mujeres;1998;251
10;Cáceres;10176 Serrejón;Mujeres;1997;
10;Cáceres;10176 Serrejón;Mujeres;1996;253
10;Cáceres;10177 Sierra de Fuentes;Total;2023;2020
10;Cáceres;10177 Sierra de Fuentes;Total;2022;2020
10;Cáceres;10177 Sierra de Fuentes;Total;2021;1984
10;Cáceres;10177 Sierra de Fuentes;Total;2020;1998
10;Cáceres;10177 Sierra de Fuentes;Total;2019;1998
10;Cáceres;10177 Sierra de Fuentes;Total;2018;1996
10;Cáceres;10177 Sierra de Fuentes;Total;2017;2006
10;Cáceres;10177 Sierra de Fuentes;Total;2016;2026
10;Cáceres;10177 Sierra de Fuentes;Total;2015;2040
10;Cáceres;10177 Sierra de Fuentes;Total;2014;2043
10;Cáceres;10177 Sierra de Fuentes;Total;2013;2044
10;Cáceres;10177 Sierra de Fuentes;Total;2012;2056
10;Cáceres;10177 Sierra de Fuentes;Total;2011;2075
10;Cáceres;10177 Sierra de Fuentes;Total;2010;2081
10;Cáceres;10177 Sierra de Fuentes;Total;2009;2085
10;Cáceres;10177 Sierra de Fuentes;Total;2008;2022
10;Cáceres;10177 Sierra de Fuentes;Total;2007;1990
10;Cáceres;10177 Sierra de Fuentes;Total;2006;1808
10;Cáceres;10177 Sierra de Fuentes;Total;2005;1813
10;Cáceres;10177 Sierra de Fuentes;Total;2004;1871
10;Cáceres;10177 Sierra de Fuentes;Total;2003;1849
10;Cáceres;10177 Sierra de Fuentes;Total;2002;1821
10;Cáceres;10177 Sierra de Fuentes;Total;2001;1610
10;Cáceres;10177 Sierra de Fuentes;Total;2000;1656
10;Cáceres;10177 Sierra de Fuentes;Total;1999;1690
10;Cáceres;10177 Sierra de Fuentes;Total;1998;1677
10;Cáceres;10177 Sierra de Fuentes;Total;1997;
10;Cáceres;10177 Sierra de Fuentes;Total;1996;1689
10;Cáceres;10177 Sierra de Fuentes;Hombres;2023;1036
10;Cáceres;10177 Sierra de Fuentes;Hombres;2022;1044
10;Cáceres;10177 Sierra de Fuentes;Hombres;2021;1021
10;Cáceres;10177 Sierra de Fuentes;Hombres;2020;1018
10;Cáceres;10177 Sierra de Fuentes;Hombres;2019;1017
10;Cáceres;10177 Sierra de Fuentes;Hombres;2018;1015
10;Cáceres;10177 Sierra de Fuentes;Hombres;2017;1021
10;Cáceres;10177 Sierra de Fuentes;Hombres;2016;1025
10;Cáceres;10177 Sierra de Fuentes;Hombres;2015;1034
10;Cáceres;10177 Sierra de Fuentes;Hombres;2014;1049
10;Cáceres;10177 Sierra de Fuentes;Hombres;2013;1043
10;Cáceres;10177 Sierra de Fuentes;Hombres;2012;1052
10;Cáceres;10177 Sierra de Fuentes;Hombres;2011;1060
10;Cáceres;10177 Sierra de Fuentes;Hombres;2010;1068
10;Cáceres;10177 Sierra de Fuentes;Hombres;2009;1068
10;Cáceres;10177 Sierra de Fuentes;Hombres;2008;1051
10;Cáceres;10177 Sierra de Fuentes;Hombres;2007;1037
10;Cáceres;10177 Sierra de Fuentes;Hombres;2006;942
10;Cáceres;10177 Sierra de Fuentes;Hombres;2005;939
10;Cáceres;10177 Sierra de Fuentes;Hombres;2004;973
10;Cáceres;10177 Sierra de Fuentes;Hombres;2003;949
10;Cáceres;10177 Sierra de Fuentes;Hombres;2002;931
10;Cáceres;10177 Sierra de Fuentes;Hombres;2001;824
10;Cáceres;10177 Sierra de Fuentes;Hombres;2000;849
10;Cáceres;10177 Sierra de Fuentes;Hombres;1999;869
10;Cáceres;10177 Sierra de Fuentes;Hombres;1998;860
10;Cáceres;10177 Sierra de Fuentes;Hombres;1997;
10;Cáceres;10177 Sierra de Fuentes;Hombres;1996;830
10;Cáceres;10177 Sierra de Fuentes;Mujeres;2023;984
10;Cáceres;10177 Sierra de Fuentes;Mujeres;2022;976
10;Cáceres;10177 Sierra de Fuentes;Mujeres;2021;963
10;Cáceres;10177 Sierra de Fuentes;Mujeres;2020;980
10;Cáceres;10177 Sierra de Fuentes;Mujeres;2019;981
10;Cáceres;10177 Sierra de Fuentes;Mujeres;2018;981
10;Cáceres;10177 Sierra de Fuentes;Mujeres;2017;985
10;Cáceres;10177 Sierra de Fuentes;Mujeres;2016;1001
10;Cáceres;10177 Sierra de Fuentes;Mujeres;2015;1006
10;Cáceres;10177 Sierra de Fuentes;Mujeres;2014;994
10;Cáceres;10177 Sierra de Fuentes;Mujeres;2013;1001
10;Cáceres;10177 Sierra de Fuentes;Mujeres;2012;1004
10;Cáceres;10177 Sierra de Fuentes;Mujeres;2011;1015
10;Cáceres;10177 Sierra de Fuentes;Mujeres;2010;1013
10;Cáceres;10177 Sierra de Fuentes;Mujeres;2009;1017
10;Cáceres;10177 Sierra de Fuentes;Mujeres;2008;971
10;Cáceres;10177 Sierra de Fuentes;Mujeres;2007;953
10;Cáceres;10177 Sierra de Fuentes;Mujeres;2006;866
10;Cáceres;10177 Sierra de Fuentes;Mujeres;2005;874
10;Cáceres;10177 Sierra de Fuentes;Mujeres;2004;898
10;Cáceres;10177 Sierra de Fuentes;Mujeres;2003;900
10;Cáceres;10177 Sierra de Fuentes;Mujeres;2002;890
10;Cáceres;10177 Sierra de Fuentes;Mujeres;2001;786
10;Cáceres;10177 Sierra de Fuentes;Mujeres;2000;807
10;Cáceres;10177 Sierra de Fuentes;Mujeres;1999;821
10;Cáceres;10177 Sierra de Fuentes;Mujeres;1998;817
10;Cáceres;10177 Sierra de Fuentes;Mujeres;1997;
10;Cáceres;10177 Sierra de Fuentes;Mujeres;1996;859
10;Cáceres;10178 Talaván;Total;2023;776
10;Cáceres;10178 Talaván;Total;2022;789
10;Cáceres;10178 Talaván;Total;2021;796
10;Cáceres;10178 Talaván;Total;2020;806
10;Cáceres;10178 Talaván;Total;2019;814
10;Cáceres;10178 Talaván;Total;2018;832
10;Cáceres;10178 Talaván;Total;2017;842
10;Cáceres;10178 Talaván;Total;2016;866
10;Cáceres;10178 Talaván;Total;2015;887
10;Cáceres;10178 Talaván;Total;2014;919
10;Cáceres;10178 Talaván;Total;2013;937
10;Cáceres;10178 Talaván;Total;2012;906
10;Cáceres;10178 Talaván;Total;2011;915
10;Cáceres;10178 Talaván;Total;2010;922
10;Cáceres;10178 Talaván;Total;2009;923
10;Cáceres;10178 Talaván;Total;2008;917
10;Cáceres;10178 Talaván;Total;2007;912
10;Cáceres;10178 Talaván;Total;2006;925
10;Cáceres;10178 Talaván;Total;2005;928
10;Cáceres;10178 Talaván;Total;2004;928
10;Cáceres;10178 Talaván;Total;2003;926
10;Cáceres;10178 Talaván;Total;2002;967
10;Cáceres;10178 Talaván;Total;2001;1001
10;Cáceres;10178 Talaván;Total;2000;1012
10;Cáceres;10178 Talaván;Total;1999;1033
10;Cáceres;10178 Talaván;Total;1998;1033
10;Cáceres;10178 Talaván;Total;1997;
10;Cáceres;10178 Talaván;Total;1996;1066
10;Cáceres;10178 Talaván;Hombres;2023;404
10;Cáceres;10178 Talaván;Hombres;2022;407
10;Cáceres;10178 Talaván;Hombres;2021;412
10;Cáceres;10178 Talaván;Hombres;2020;421
10;Cáceres;10178 Talaván;Hombres;2019;422
10;Cáceres;10178 Talaván;Hombres;2018;432
10;Cáceres;10178 Talaván;Hombres;2017;439
10;Cáceres;10178 Talaván;Hombres;2016;442
10;Cáceres;10178 Talaván;Hombres;2015;449
10;Cáceres;10178 Talaván;Hombres;2014;470
10;Cáceres;10178 Talaván;Hombres;2013;474
10;Cáceres;10178 Talaván;Hombres;2012;454
10;Cáceres;10178 Talaván;Hombres;2011;461
10;Cáceres;10178 Talaván;Hombres;2010;469
10;Cáceres;10178 Talaván;Hombres;2009;469
10;Cáceres;10178 Talaván;Hombres;2008;465
10;Cáceres;10178 Talaván;Hombres;2007;462
10;Cáceres;10178 Talaván;Hombres;2006;470
10;Cáceres;10178 Talaván;Hombres;2005;470
10;Cáceres;10178 Talaván;Hombres;2004;468
10;Cáceres;10178 Talaván;Hombres;2003;467
10;Cáceres;10178 Talaván;Hombres;2002;479
10;Cáceres;10178 Talaván;Hombres;2001;495
10;Cáceres;10178 Talaván;Hombres;2000;503
10;Cáceres;10178 Talaván;Hombres;1999;514
10;Cáceres;10178 Talaván;Hombres;1998;514
10;Cáceres;10178 Talaván;Hombres;1997;
10;Cáceres;10178 Talaván;Hombres;1996;522
10;Cáceres;10178 Talaván;Mujeres;2023;372
10;Cáceres;10178 Talaván;Mujeres;2022;382
10;Cáceres;10178 Talaván;Mujeres;2021;384
10;Cáceres;10178 Talaván;Mujeres;2020;385
10;Cáceres;10178 Talaván;Mujeres;2019;392
10;Cáceres;10178 Talaván;Mujeres;2018;400
10;Cáceres;10178 Talaván;Mujeres;2017;403
10;Cáceres;10178 Talaván;Mujeres;2016;424
10;Cáceres;10178 Talaván;Mujeres;2015;438
10;Cáceres;10178 Talaván;Mujeres;2014;449
10;Cáceres;10178 Talaván;Mujeres;2013;463
10;Cáceres;10178 Talaván;Mujeres;2012;452
10;Cáceres;10178 Talaván;Mujeres;2011;454
10;Cáceres;10178 Talaván;Mujeres;2010;453
10;Cáceres;10178 Talaván;Mujeres;2009;454
10;Cáceres;10178 Talaván;Mujeres;2008;452
10;Cáceres;10178 Talaván;Mujeres;2007;450
10;Cáceres;10178 Talaván;Mujeres;2006;455
10;Cáceres;10178 Talaván;Mujeres;2005;458
10;Cáceres;10178 Talaván;Mujeres;2004;460
10;Cáceres;10178 Talaván;Mujeres;2003;459
10;Cáceres;10178 Talaván;Mujeres;2002;488
10;Cáceres;10178 Talaván;Mujeres;2001;506
10;Cáceres;10178 Talaván;Mujeres;2000;509
10;Cáceres;10178 Talaván;Mujeres;1999;519
10;Cáceres;10178 Talaván;Mujeres;1998;519
10;Cáceres;10178 Talaván;Mujeres;1997;
10;Cáceres;10178 Talaván;Mujeres;1996;544
10;Cáceres;10179 Talaveruela de la Vera;Total;2023;302
10;Cáceres;10179 Talaveruela de la Vera;Total;2022;307
10;Cáceres;10179 Talaveruela de la Vera;Total;2021;316
10;Cáceres;10179 Talaveruela de la Vera;Total;2020;298
10;Cáceres;10179 Talaveruela de la Vera;Total;2019;319
10;Cáceres;10179 Talaveruela de la Vera;Total;2018;306
10;Cáceres;10179 Talaveruela de la Vera;Total;2017;325
10;Cáceres;10179 Talaveruela de la Vera;Total;2016;334
10;Cáceres;10179 Talaveruela de la Vera;Total;2015;345
10;Cáceres;10179 Talaveruela de la Vera;Total;2014;350
10;Cáceres;10179 Talaveruela de la Vera;Total;2013;363
10;Cáceres;10179 Talaveruela de la Vera;Total;2012;395
10;Cáceres;10179 Talaveruela de la Vera;Total;2011;392
10;Cáceres;10179 Talaveruela de la Vera;Total;2010;341
10;Cáceres;10179 Talaveruela de la Vera;Total;2009;365
10;Cáceres;10179 Talaveruela de la Vera;Total;2008;377
10;Cáceres;10179 Talaveruela de la Vera;Total;2007;384
10;Cáceres;10179 Talaveruela de la Vera;Total;2006;378
10;Cáceres;10179 Talaveruela de la Vera;Total;2005;398
10;Cáceres;10179 Talaveruela de la Vera;Total;2004;413
10;Cáceres;10179 Talaveruela de la Vera;Total;2003;413
10;Cáceres;10179 Talaveruela de la Vera;Total;2002;424
10;Cáceres;10179 Talaveruela de la Vera;Total;2001;444
10;Cáceres;10179 Talaveruela de la Vera;Total;2000;458
10;Cáceres;10179 Talaveruela de la Vera;Total;1999;457
10;Cáceres;10179 Talaveruela de la Vera;Total;1998;468
10;Cáceres;10179 Talaveruela de la Vera;Total;1997;
10;Cáceres;10179 Talaveruela de la Vera;Total;1996;492
10;Cáceres;10179 Talaveruela de la Vera;Hombres;2023;155
10;Cáceres;10179 Talaveruela de la Vera;Hombres;2022;155
10;Cáceres;10179 Talaveruela de la Vera;Hombres;2021;163
10;Cáceres;10179 Talaveruela de la Vera;Hombres;2020;159
10;Cáceres;10179 Talaveruela de la Vera;Hombres;2019;169
10;Cáceres;10179 Talaveruela de la Vera;Hombres;2018;163
10;Cáceres;10179 Talaveruela de la Vera;Hombres;2017;174
10;Cáceres;10179 Talaveruela de la Vera;Hombres;2016;180
10;Cáceres;10179 Talaveruela de la Vera;Hombres;2015;183
10;Cáceres;10179 Talaveruela de la Vera;Hombres;2014;181
10;Cáceres;10179 Talaveruela de la Vera;Hombres;2013;183
10;Cáceres;10179 Talaveruela de la Vera;Hombres;2012;200
10;Cáceres;10179 Talaveruela de la Vera;Hombres;2011;205
10;Cáceres;10179 Talaveruela de la Vera;Hombres;2010;169
10;Cáceres;10179 Talaveruela de la Vera;Hombres;2009;176
10;Cáceres;10179 Talaveruela de la Vera;Hombres;2008;179
10;Cáceres;10179 Talaveruela de la Vera;Hombres;2007;182
10;Cáceres;10179 Talaveruela de la Vera;Hombres;2006;178
10;Cáceres;10179 Talaveruela de la Vera;Hombres;2005;189
10;Cáceres;10179 Talaveruela de la Vera;Hombres;2004;196
10;Cáceres;10179 Talaveruela de la Vera;Hombres;2003;199
10;Cáceres;10179 Talaveruela de la Vera;Hombres;2002;200
10;Cáceres;10179 Talaveruela de la Vera;Hombres;2001;210
10;Cáceres;10179 Talaveruela de la Vera;Hombres;2000;216
10;Cáceres;10179 Talaveruela de la Vera;Hombres;1999;213
10;Cáceres;10179 Talaveruela de la Vera;Hombres;1998;219
10;Cáceres;10179 Talaveruela de la Vera;Hombres;1997;
10;Cáceres;10179 Talaveruela de la Vera;Hombres;1996;233
10;Cáceres;10179 Talaveruela de la Vera;Mujeres;2023;147
10;Cáceres;10179 Talaveruela de la Vera;Mujeres;2022;152
10;Cáceres;10179 Talaveruela de la Vera;Mujeres;2021;153
10;Cáceres;10179 Talaveruela de la Vera;Mujeres;2020;139
10;Cáceres;10179 Talaveruela de la Vera;Mujeres;2019;150
10;Cáceres;10179 Talaveruela de la Vera;Mujeres;2018;143
10;Cáceres;10179 Talaveruela de la Vera;Mujeres;2017;151
10;Cáceres;10179 Talaveruela de la Vera;Mujeres;2016;154
10;Cáceres;10179 Talaveruela de la Vera;Mujeres;2015;162
10;Cáceres;10179 Talaveruela de la Vera;Mujeres;2014;169
10;Cáceres;10179 Talaveruela de la Vera;Mujeres;2013;180
10;Cáceres;10179 Talaveruela de la Vera;Mujeres;2012;195
10;Cáceres;10179 Talaveruela de la Vera;Mujeres;2011;187
10;Cáceres;10179 Talaveruela de la Vera;Mujeres;2010;172
10;Cáceres;10179 Talaveruela de la Vera;Mujeres;2009;189
10;Cáceres;10179 Talaveruela de la Vera;Mujeres;2008;198
10;Cáceres;10179 Talaveruela de la Vera;Mujeres;2007;202
10;Cáceres;10179 Talaveruela de la Vera;Mujeres;2006;200
10;Cáceres;10179 Talaveruela de la Vera;Mujeres;2005;209
10;Cáceres;10179 Talaveruela de la Vera;Mujeres;2004;217
10;Cáceres;10179 Talaveruela de la Vera;Mujeres;2003;214
10;Cáceres;10179 Talaveruela de la Vera;Mujeres;2002;224
10;Cáceres;10179 Talaveruela de la Vera;Mujeres;2001;234
10;Cáceres;10179 Talaveruela de la Vera;Mujeres;2000;242
10;Cáceres;10179 Talaveruela de la Vera;Mujeres;1999;244
10;Cáceres;10179 Talaveruela de la Vera;Mujeres;1998;249
10;Cáceres;10179 Talaveruela de la Vera;Mujeres;1997;
10;Cáceres;10179 Talaveruela de la Vera;Mujeres;1996;259
10;Cáceres;10180 Talayuela;Total;2023;7273
10;Cáceres;10180 Talayuela;Total;2022;7266
10;Cáceres;10180 Talayuela;Total;2021;7328
10;Cáceres;10180 Talayuela;Total;2020;7395
10;Cáceres;10180 Talayuela;Total;2019;7371
10;Cáceres;10180 Talayuela;Total;2018;7345
10;Cáceres;10180 Talayuela;Total;2017;7338
10;Cáceres;10180 Talayuela;Total;2016;7377
10;Cáceres;10180 Talayuela;Total;2015;8240
10;Cáceres;10180 Talayuela;Total;2014;8268
10;Cáceres;10180 Talayuela;Total;2013;9241
10;Cáceres;10180 Talayuela;Total;2012;9269
10;Cáceres;10180 Talayuela;Total;2011;9283
10;Cáceres;10180 Talayuela;Total;2010;9250
10;Cáceres;10180 Talayuela;Total;2009;9222
10;Cáceres;10180 Talayuela;Total;2008;9282
10;Cáceres;10180 Talayuela;Total;2007;9582
10;Cáceres;10180 Talayuela;Total;2006;10432
10;Cáceres;10180 Talayuela;Total;2005;10249
10;Cáceres;10180 Talayuela;Total;2004;10082
10;Cáceres;10180 Talayuela;Total;2003;10126
10;Cáceres;10180 Talayuela;Total;2002;10328
10;Cáceres;10180 Talayuela;Total;2001;10113
10;Cáceres;10180 Talayuela;Total;2000;9444
10;Cáceres;10180 Talayuela;Total;1999;9528
10;Cáceres;10180 Talayuela;Total;1998;7005
10;Cáceres;10180 Talayuela;Total;1997;
10;Cáceres;10180 Talayuela;Total;1996;7122
10;Cáceres;10180 Talayuela;Hombres;2023;3852
10;Cáceres;10180 Talayuela;Hombres;2022;3835
10;Cáceres;10180 Talayuela;Hombres;2021;3902
10;Cáceres;10180 Talayuela;Hombres;2020;3952
10;Cáceres;10180 Talayuela;Hombres;2019;3965
10;Cáceres;10180 Talayuela;Hombres;2018;3968
10;Cáceres;10180 Talayuela;Hombres;2017;3972
10;Cáceres;10180 Talayuela;Hombres;2016;4013
10;Cáceres;10180 Talayuela;Hombres;2015;4435
10;Cáceres;10180 Talayuela;Hombres;2014;4472
10;Cáceres;10180 Talayuela;Hombres;2013;4978
10;Cáceres;10180 Talayuela;Hombres;2012;4988
10;Cáceres;10180 Talayuela;Hombres;2011;5006
10;Cáceres;10180 Talayuela;Hombres;2010;4974
10;Cáceres;10180 Talayuela;Hombres;2009;4968
10;Cáceres;10180 Talayuela;Hombres;2008;5165
10;Cáceres;10180 Talayuela;Hombres;2007;5397
10;Cáceres;10180 Talayuela;Hombres;2006;6108
10;Cáceres;10180 Talayuela;Hombres;2005;6006
10;Cáceres;10180 Talayuela;Hombres;2004;5944
10;Cáceres;10180 Talayuela;Hombres;2003;6108
10;Cáceres;10180 Talayuela;Hombres;2002;6380
10;Cáceres;10180 Talayuela;Hombres;2001;6293
10;Cáceres;10180 Talayuela;Hombres;2000;5715
10;Cáceres;10180 Talayuela;Hombres;1999;5646
10;Cáceres;10180 Talayuela;Hombres;1998;3913
10;Cáceres;10180 Talayuela;Hombres;1997;
10;Cáceres;10180 Talayuela;Hombres;1996;3978
10;Cáceres;10180 Talayuela;Mujeres;2023;3421
10;Cáceres;10180 Talayuela;Mujeres;2022;3431
10;Cáceres;10180 Talayuela;Mujeres;2021;3426
10;Cáceres;10180 Talayuela;Mujeres;2020;3443
10;Cáceres;10180 Talayuela;Mujeres;2019;3406
10;Cáceres;10180 Talayuela;Mujeres;2018;3377
10;Cáceres;10180 Talayuela;Mujeres;2017;3366
10;Cáceres;10180 Talayuela;Mujeres;2016;3364
10;Cáceres;10180 Talayuela;Mujeres;2015;3805
10;Cáceres;10180 Talayuela;Mujeres;2014;3796
10;Cáceres;10180 Talayuela;Mujeres;2013;4263
10;Cáceres;10180 Talayuela;Mujeres;2012;4281
10;Cáceres;10180 Talayuela;Mujeres;2011;4277
10;Cáceres;10180 Talayuela;Mujeres;2010;4276
10;Cáceres;10180 Talayuela;Mujeres;2009;4254
10;Cáceres;10180 Talayuela;Mujeres;2008;4117
10;Cáceres;10180 Talayuela;Mujeres;2007;4185
10;Cáceres;10180 Talayuela;Mujeres;2006;4324
10;Cáceres;10180 Talayuela;Mujeres;2005;4243
10;Cáceres;10180 Talayuela;Mujeres;2004;4138
10;Cáceres;10180 Talayuela;Mujeres;2003;4018
10;Cáceres;10180 Talayuela;Mujeres;2002;3948
10;Cáceres;10180 Talayuela;Mujeres;2001;3820
10;Cáceres;10180 Talayuela;Mujeres;2000;3729
10;Cáceres;10180 Talayuela;Mujeres;1999;3882
10;Cáceres;10180 Talayuela;Mujeres;1998;3092
10;Cáceres;10180 Talayuela;Mujeres;1997;
10;Cáceres;10180 Talayuela;Mujeres;1996;3144
10;Cáceres;10181 Tejeda de Tiétar;Total;2023;763
10;Cáceres;10181 Tejeda de Tiétar;Total;2022;778
10;Cáceres;10181 Tejeda de Tiétar;Total;2021;770
10;Cáceres;10181 Tejeda de Tiétar;Total;2020;773
10;Cáceres;10181 Tejeda de Tiétar;Total;2019;788
10;Cáceres;10181 Tejeda de Tiétar;Total;2018;806
10;Cáceres;10181 Tejeda de Tiétar;Total;2017;802
10;Cáceres;10181 Tejeda de Tiétar;Total;2016;829
10;Cáceres;10181 Tejeda de Tiétar;Total;2015;837
10;Cáceres;10181 Tejeda de Tiétar;Total;2014;862
10;Cáceres;10181 Tejeda de Tiétar;Total;2013;858
10;Cáceres;10181 Tejeda de Tiétar;Total;2012;873
10;Cáceres;10181 Tejeda de Tiétar;Total;2011;877
10;Cáceres;10181 Tejeda de Tiétar;Total;2010;883
10;Cáceres;10181 Tejeda de Tiétar;Total;2009;887
10;Cáceres;10181 Tejeda de Tiétar;Total;2008;894
10;Cáceres;10181 Tejeda de Tiétar;Total;2007;931
10;Cáceres;10181 Tejeda de Tiétar;Total;2006;967
10;Cáceres;10181 Tejeda de Tiétar;Total;2005;976
10;Cáceres;10181 Tejeda de Tiétar;Total;2004;987
10;Cáceres;10181 Tejeda de Tiétar;Total;2003;1000
10;Cáceres;10181 Tejeda de Tiétar;Total;2002;1015
10;Cáceres;10181 Tejeda de Tiétar;Total;2001;1023
10;Cáceres;10181 Tejeda de Tiétar;Total;2000;1026
10;Cáceres;10181 Tejeda de Tiétar;Total;1999;1238
10;Cáceres;10181 Tejeda de Tiétar;Total;1998;1025
10;Cáceres;10181 Tejeda de Tiétar;Total;1997;
10;Cáceres;10181 Tejeda de Tiétar;Total;1996;1036
10;Cáceres;10181 Tejeda de Tiétar;Hombres;2023;402
10;Cáceres;10181 Tejeda de Tiétar;Hombres;2022;413
10;Cáceres;10181 Tejeda de Tiétar;Hombres;2021;406
10;Cáceres;10181 Tejeda de Tiétar;Hombres;2020;410
10;Cáceres;10181 Tejeda de Tiétar;Hombres;2019;415
10;Cáceres;10181 Tejeda de Tiétar;Hombres;2018;430
10;Cáceres;10181 Tejeda de Tiétar;Hombres;2017;433
10;Cáceres;10181 Tejeda de Tiétar;Hombres;2016;446
10;Cáceres;10181 Tejeda de Tiétar;Hombres;2015;455
10;Cáceres;10181 Tejeda de Tiétar;Hombres;2014;465
10;Cáceres;10181 Tejeda de Tiétar;Hombres;2013;462
10;Cáceres;10181 Tejeda de Tiétar;Hombres;2012;471
10;Cáceres;10181 Tejeda de Tiétar;Hombres;2011;474
10;Cáceres;10181 Tejeda de Tiétar;Hombres;2010;479
10;Cáceres;10181 Tejeda de Tiétar;Hombres;2009;478
10;Cáceres;10181 Tejeda de Tiétar;Hombres;2008;476
10;Cáceres;10181 Tejeda de Tiétar;Hombres;2007;495
10;Cáceres;10181 Tejeda de Tiétar;Hombres;2006;509
10;Cáceres;10181 Tejeda de Tiétar;Hombres;2005;513
10;Cáceres;10181 Tejeda de Tiétar;Hombres;2004;519
10;Cáceres;10181 Tejeda de Tiétar;Hombres;2003;524
10;Cáceres;10181 Tejeda de Tiétar;Hombres;2002;533
10;Cáceres;10181 Tejeda de Tiétar;Hombres;2001;536
10;Cáceres;10181 Tejeda de Tiétar;Hombres;2000;544
10;Cáceres;10181 Tejeda de Tiétar;Hombres;1999;662
10;Cáceres;10181 Tejeda de Tiétar;Hombres;1998;554
10;Cáceres;10181 Tejeda de Tiétar;Hombres;1997;
10;Cáceres;10181 Tejeda de Tiétar;Hombres;1996;560
10;Cáceres;10181 Tejeda de Tiétar;Mujeres;2023;361
10;Cáceres;10181 Tejeda de Tiétar;Mujeres;2022;365
10;Cáceres;10181 Tejeda de Tiétar;Mujeres;2021;364
10;Cáceres;10181 Tejeda de Tiétar;Mujeres;2020;363
10;Cáceres;10181 Tejeda de Tiétar;Mujeres;2019;373
10;Cáceres;10181 Tejeda de Tiétar;Mujeres;2018;376
10;Cáceres;10181 Tejeda de Tiétar;Mujeres;2017;369
10;Cáceres;10181 Tejeda de Tiétar;Mujeres;2016;383
10;Cáceres;10181 Tejeda de Tiétar;Mujeres;2015;382
10;Cáceres;10181 Tejeda de Tiétar;Mujeres;2014;397
10;Cáceres;10181 Tejeda de Tiétar;Mujeres;2013;396
10;Cáceres;10181 Tejeda de Tiétar;Mujeres;2012;402
10;Cáceres;10181 Tejeda de Tiétar;Mujeres;2011;403
10;Cáceres;10181 Tejeda de Tiétar;Mujeres;2010;404
10;Cáceres;10181 Tejeda de Tiétar;Mujeres;2009;409
10;Cáceres;10181 Tejeda de Tiétar;Mujeres;2008;418
10;Cáceres;10181 Tejeda de Tiétar;Mujeres;2007;436
10;Cáceres;10181 Tejeda de Tiétar;Mujeres;2006;458
10;Cáceres;10181 Tejeda de Tiétar;Mujeres;2005;463
10;Cáceres;10181 Tejeda de Tiétar;Mujeres;2004;468
10;Cáceres;10181 Tejeda de Tiétar;Mujeres;2003;476
10;Cáceres;10181 Tejeda de Tiétar;Mujeres;2002;482
10;Cáceres;10181 Tejeda de Tiétar;Mujeres;2001;487
10;Cáceres;10181 Tejeda de Tiétar;Mujeres;2000;482
10;Cáceres;10181 Tejeda de Tiétar;Mujeres;1999;576
10;Cáceres;10181 Tejeda de Tiétar;Mujeres;1998;471
10;Cáceres;10181 Tejeda de Tiétar;Mujeres;1997;
10;Cáceres;10181 Tejeda de Tiétar;Mujeres;1996;476
10;Cáceres;10904 Tiétar;Total;2023;844
10;Cáceres;10904 Tiétar;Total;2022;869
10;Cáceres;10904 Tiétar;Total;2021;878
10;Cáceres;10904 Tiétar;Total;2020;879
10;Cáceres;10904 Tiétar;Total;2019;902
10;Cáceres;10904 Tiétar;Total;2018;921
10;Cáceres;10904 Tiétar;Total;2017;922
10;Cáceres;10904 Tiétar;Total;2016;931
10;Cáceres;10904 Tiétar;Total;2015;940
10;Cáceres;10904 Tiétar;Total;2014;942
10;Cáceres;10904 Tiétar;Total;2013;
10;Cáceres;10904 Tiétar;Total;2012;
10;Cáceres;10904 Tiétar;Total;2011;
10;Cáceres;10904 Tiétar;Total;2010;
10;Cáceres;10904 Tiétar;Total;2009;
10;Cáceres;10904 Tiétar;Total;2008;
10;Cáceres;10904 Tiétar;Total;2007;
10;Cáceres;10904 Tiétar;Total;2006;
10;Cáceres;10904 Tiétar;Total;2005;
10;Cáceres;10904 Tiétar;Total;2004;
10;Cáceres;10904 Tiétar;Total;2003;
10;Cáceres;10904 Tiétar;Total;2002;
10;Cáceres;10904 Tiétar;Total;2001;
10;Cáceres;10904 Tiétar;Total;2000;
10;Cáceres;10904 Tiétar;Total;1999;
10;Cáceres;10904 Tiétar;Total;1998;
10;Cáceres;10904 Tiétar;Total;1997;
10;Cáceres;10904 Tiétar;Total;1996;
10;Cáceres;10904 Tiétar;Hombres;2023;456
10;Cáceres;10904 Tiétar;Hombres;2022;470
10;Cáceres;10904 Tiétar;Hombres;2021;475
10;Cáceres;10904 Tiétar;Hombres;2020;472
10;Cáceres;10904 Tiétar;Hombres;2019;481
10;Cáceres;10904 Tiétar;Hombres;2018;485
10;Cáceres;10904 Tiétar;Hombres;2017;494
10;Cáceres;10904 Tiétar;Hombres;2016;495
10;Cáceres;10904 Tiétar;Hombres;2015;493
10;Cáceres;10904 Tiétar;Hombres;2014;489
10;Cáceres;10904 Tiétar;Hombres;2013;
10;Cáceres;10904 Tiétar;Hombres;2012;
10;Cáceres;10904 Tiétar;Hombres;2011;
10;Cáceres;10904 Tiétar;Hombres;2010;
10;Cáceres;10904 Tiétar;Hombres;2009;
10;Cáceres;10904 Tiétar;Hombres;2008;
10;Cáceres;10904 Tiétar;Hombres;2007;
10;Cáceres;10904 Tiétar;Hombres;2006;
10;Cáceres;10904 Tiétar;Hombres;2005;
10;Cáceres;10904 Tiétar;Hombres;2004;
10;Cáceres;10904 Tiétar;Hombres;2003;
10;Cáceres;10904 Tiétar;Hombres;2002;
10;Cáceres;10904 Tiétar;Hombres;2001;
10;Cáceres;10904 Tiétar;Hombres;2000;
10;Cáceres;10904 Tiétar;Hombres;1999;
10;Cáceres;10904 Tiétar;Hombres;1998;
10;Cáceres;10904 Tiétar;Hombres;1997;
10;Cáceres;10904 Tiétar;Hombres;1996;
10;Cáceres;10904 Tiétar;Mujeres;2023;388
10;Cáceres;10904 Tiétar;Mujeres;2022;399
10;Cáceres;10904 Tiétar;Mujeres;2021;403
10;Cáceres;10904 Tiétar;Mujeres;2020;407
10;Cáceres;10904 Tiétar;Mujeres;2019;421
10;Cáceres;10904 Tiétar;Mujeres;2018;436
10;Cáceres;10904 Tiétar;Mujeres;2017;428
10;Cáceres;10904 Tiétar;Mujeres;2016;436
10;Cáceres;10904 Tiétar;Mujeres;2015;447
10;Cáceres;10904 Tiétar;Mujeres;2014;453
10;Cáceres;10904 Tiétar;Mujeres;2013;
10;Cáceres;10904 Tiétar;Mujeres;2012;
10;Cáceres;10904 Tiétar;Mujeres;2011;
10;Cáceres;10904 Tiétar;Mujeres;2010;
10;Cáceres;10904 Tiétar;Mujeres;2009;
10;Cáceres;10904 Tiétar;Mujeres;2008;
10;Cáceres;10904 Tiétar;Mujeres;2007;
10;Cáceres;10904 Tiétar;Mujeres;2006;
10;Cáceres;10904 Tiétar;Mujeres;2005;
10;Cáceres;10904 Tiétar;Mujeres;2004;
10;Cáceres;10904 Tiétar;Mujeres;2003;
10;Cáceres;10904 Tiétar;Mujeres;2002;
10;Cáceres;10904 Tiétar;Mujeres;2001;
10;Cáceres;10904 Tiétar;Mujeres;2000;
10;Cáceres;10904 Tiétar;Mujeres;1999;
10;Cáceres;10904 Tiétar;Mujeres;1998;
10;Cáceres;10904 Tiétar;Mujeres;1997;
10;Cáceres;10904 Tiétar;Mujeres;1996;
10;Cáceres;10182 Toril;Total;2023;164
10;Cáceres;10182 Toril;Total;2022;154
10;Cáceres;10182 Toril;Total;2021;155
10;Cáceres;10182 Toril;Total;2020;153
10;Cáceres;10182 Toril;Total;2019;148
10;Cáceres;10182 Toril;Total;2018;164
10;Cáceres;10182 Toril;Total;2017;170
10;Cáceres;10182 Toril;Total;2016;169
10;Cáceres;10182 Toril;Total;2015;170
10;Cáceres;10182 Toril;Total;2014;167
10;Cáceres;10182 Toril;Total;2013;189
10;Cáceres;10182 Toril;Total;2012;183
10;Cáceres;10182 Toril;Total;2011;176
10;Cáceres;10182 Toril;Total;2010;178
10;Cáceres;10182 Toril;Total;2009;179
10;Cáceres;10182 Toril;Total;2008;182
10;Cáceres;10182 Toril;Total;2007;196
10;Cáceres;10182 Toril;Total;2006;199
10;Cáceres;10182 Toril;Total;2005;218
10;Cáceres;10182 Toril;Total;2004;222
10;Cáceres;10182 Toril;Total;2003;215
10;Cáceres;10182 Toril;Total;2002;202
10;Cáceres;10182 Toril;Total;2001;179
10;Cáceres;10182 Toril;Total;2000;198
10;Cáceres;10182 Toril;Total;1999;224
10;Cáceres;10182 Toril;Total;1998;224
10;Cáceres;10182 Toril;Total;1997;
10;Cáceres;10182 Toril;Total;1996;213
10;Cáceres;10182 Toril;Hombres;2023;103
10;Cáceres;10182 Toril;Hombres;2022;97
10;Cáceres;10182 Toril;Hombres;2021;101
10;Cáceres;10182 Toril;Hombres;2020;99
10;Cáceres;10182 Toril;Hombres;2019;96
10;Cáceres;10182 Toril;Hombres;2018;104
10;Cáceres;10182 Toril;Hombres;2017;108
10;Cáceres;10182 Toril;Hombres;2016;106
10;Cáceres;10182 Toril;Hombres;2015;111
10;Cáceres;10182 Toril;Hombres;2014;106
10;Cáceres;10182 Toril;Hombres;2013;115
10;Cáceres;10182 Toril;Hombres;2012;113
10;Cáceres;10182 Toril;Hombres;2011;108
10;Cáceres;10182 Toril;Hombres;2010;108
10;Cáceres;10182 Toril;Hombres;2009;107
10;Cáceres;10182 Toril;Hombres;2008;114
10;Cáceres;10182 Toril;Hombres;2007;121
10;Cáceres;10182 Toril;Hombres;2006;122
10;Cáceres;10182 Toril;Hombres;2005;133
10;Cáceres;10182 Toril;Hombres;2004;136
10;Cáceres;10182 Toril;Hombres;2003;131
10;Cáceres;10182 Toril;Hombres;2002;127
10;Cáceres;10182 Toril;Hombres;2001;115
10;Cáceres;10182 Toril;Hombres;2000;126
10;Cáceres;10182 Toril;Hombres;1999;143
10;Cáceres;10182 Toril;Hombres;1998;143
10;Cáceres;10182 Toril;Hombres;1997;
10;Cáceres;10182 Toril;Hombres;1996;132
10;Cáceres;10182 Toril;Mujeres;2023;61
10;Cáceres;10182 Toril;Mujeres;2022;57
10;Cáceres;10182 Toril;Mujeres;2021;54
10;Cáceres;10182 Toril;Mujeres;2020;54
10;Cáceres;10182 Toril;Mujeres;2019;52
10;Cáceres;10182 Toril;Mujeres;2018;60
10;Cáceres;10182 Toril;Mujeres;2017;62
10;Cáceres;10182 Toril;Mujeres;2016;63
10;Cáceres;10182 Toril;Mujeres;2015;59
10;Cáceres;10182 Toril;Mujeres;2014;61
10;Cáceres;10182 Toril;Mujeres;2013;74
10;Cáceres;10182 Toril;Mujeres;2012;70
10;Cáceres;10182 Toril;Mujeres;2011;68
10;Cáceres;10182 Toril;Mujeres;2010;70
10;Cáceres;10182 Toril;Mujeres;2009;72
10;Cáceres;10182 Toril;Mujeres;2008;68
10;Cáceres;10182 Toril;Mujeres;2007;75
10;Cáceres;10182 Toril;Mujeres;2006;77
10;Cáceres;10182 Toril;Mujeres;2005;85
10;Cáceres;10182 Toril;Mujeres;2004;86
10;Cáceres;10182 Toril;Mujeres;2003;84
10;Cáceres;10182 Toril;Mujeres;2002;75
10;Cáceres;10182 Toril;Mujeres;2001;64
10;Cáceres;10182 Toril;Mujeres;2000;72
10;Cáceres;10182 Toril;Mujeres;1999;81
10;Cáceres;10182 Toril;Mujeres;1998;81
10;Cáceres;10182 Toril;Mujeres;1997;
10;Cáceres;10182 Toril;Mujeres;1996;81
10;Cáceres;10183 Tornavacas;Total;2023;985
10;Cáceres;10183 Tornavacas;Total;2022;1017
10;Cáceres;10183 Tornavacas;Total;2021;1065
10;Cáceres;10183 Tornavacas;Total;2020;1098
10;Cáceres;10183 Tornavacas;Total;2019;1132
10;Cáceres;10183 Tornavacas;Total;2018;1143
10;Cáceres;10183 Tornavacas;Total;2017;1126
10;Cáceres;10183 Tornavacas;Total;2016;1133
10;Cáceres;10183 Tornavacas;Total;2015;1144
10;Cáceres;10183 Tornavacas;Total;2014;1164
10;Cáceres;10183 Tornavacas;Total;2013;1176
10;Cáceres;10183 Tornavacas;Total;2012;1181
10;Cáceres;10183 Tornavacas;Total;2011;1170
10;Cáceres;10183 Tornavacas;Total;2010;1173
10;Cáceres;10183 Tornavacas;Total;2009;1181
10;Cáceres;10183 Tornavacas;Total;2008;1214
10;Cáceres;10183 Tornavacas;Total;2007;1238
10;Cáceres;10183 Tornavacas;Total;2006;1255
10;Cáceres;10183 Tornavacas;Total;2005;1263
10;Cáceres;10183 Tornavacas;Total;2004;1285
10;Cáceres;10183 Tornavacas;Total;2003;1289
10;Cáceres;10183 Tornavacas;Total;2002;1334
10;Cáceres;10183 Tornavacas;Total;2001;1364
10;Cáceres;10183 Tornavacas;Total;2000;1328
10;Cáceres;10183 Tornavacas;Total;1999;1341
10;Cáceres;10183 Tornavacas;Total;1998;1341
10;Cáceres;10183 Tornavacas;Total;1997;
10;Cáceres;10183 Tornavacas;Total;1996;1416
10;Cáceres;10183 Tornavacas;Hombres;2023;522
10;Cáceres;10183 Tornavacas;Hombres;2022;541
10;Cáceres;10183 Tornavacas;Hombres;2021;569
10;Cáceres;10183 Tornavacas;Hombres;2020;585
10;Cáceres;10183 Tornavacas;Hombres;2019;603
10;Cáceres;10183 Tornavacas;Hombres;2018;608
10;Cáceres;10183 Tornavacas;Hombres;2017;591
10;Cáceres;10183 Tornavacas;Hombres;2016;587
10;Cáceres;10183 Tornavacas;Hombres;2015;595
10;Cáceres;10183 Tornavacas;Hombres;2014;604
10;Cáceres;10183 Tornavacas;Hombres;2013;612
10;Cáceres;10183 Tornavacas;Hombres;2012;618
10;Cáceres;10183 Tornavacas;Hombres;2011;621
10;Cáceres;10183 Tornavacas;Hombres;2010;621
10;Cáceres;10183 Tornavacas;Hombres;2009;627
10;Cáceres;10183 Tornavacas;Hombres;2008;637
10;Cáceres;10183 Tornavacas;Hombres;2007;648
10;Cáceres;10183 Tornavacas;Hombres;2006;658
10;Cáceres;10183 Tornavacas;Hombres;2005;664
10;Cáceres;10183 Tornavacas;Hombres;2004;683
10;Cáceres;10183 Tornavacas;Hombres;2003;689
10;Cáceres;10183 Tornavacas;Hombres;2002;720
10;Cáceres;10183 Tornavacas;Hombres;2001;731
10;Cáceres;10183 Tornavacas;Hombres;2000;712
10;Cáceres;10183 Tornavacas;Hombres;1999;712
10;Cáceres;10183 Tornavacas;Hombres;1998;712
10;Cáceres;10183 Tornavacas;Hombres;1997;
10;Cáceres;10183 Tornavacas;Hombres;1996;744
10;Cáceres;10183 Tornavacas;Mujeres;2023;463
10;Cáceres;10183 Tornavacas;Mujeres;2022;476
10;Cáceres;10183 Tornavacas;Mujeres;2021;496
10;Cáceres;10183 Tornavacas;Mujeres;2020;513
10;Cáceres;10183 Tornavacas;Mujeres;2019;529
10;Cáceres;10183 Tornavacas;Mujeres;2018;535
10;Cáceres;10183 Tornavacas;Mujeres;2017;535
10;Cáceres;10183 Tornavacas;Mujeres;2016;546
10;Cáceres;10183 Tornavacas;Mujeres;2015;549
10;Cáceres;10183 Tornavacas;Mujeres;2014;560
10;Cáceres;10183 Tornavacas;Mujeres;2013;564
10;Cáceres;10183 Tornavacas;Mujeres;2012;563
10;Cáceres;10183 Tornavacas;Mujeres;2011;549
10;Cáceres;10183 Tornavacas;Mujeres;2010;552
10;Cáceres;10183 Tornavacas;Mujeres;2009;554
10;Cáceres;10183 Tornavacas;Mujeres;2008;577
10;Cáceres;10183 Tornavacas;Mujeres;2007;590
10;Cáceres;10183 Tornavacas;Mujeres;2006;597
10;Cáceres;10183 Tornavacas;Mujeres;2005;599
10;Cáceres;10183 Tornavacas;Mujeres;2004;602
10;Cáceres;10183 Tornavacas;Mujeres;2003;600
10;Cáceres;10183 Tornavacas;Mujeres;2002;614
10;Cáceres;10183 Tornavacas;Mujeres;2001;633
10;Cáceres;10183 Tornavacas;Mujeres;2000;616
10;Cáceres;10183 Tornavacas;Mujeres;1999;629
10;Cáceres;10183 Tornavacas;Mujeres;1998;629
10;Cáceres;10183 Tornavacas;Mujeres;1997;
10;Cáceres;10183 Tornavacas;Mujeres;1996;672
10;Cáceres;10184 Torno, El;Total;2023;838
10;Cáceres;10184 Torno, El;Total;2022;847
10;Cáceres;10184 Torno, El;Total;2021;843
10;Cáceres;10184 Torno, El;Total;2020;851
10;Cáceres;10184 Torno, El;Total;2019;860
10;Cáceres;10184 Torno, El;Total;2018;884
10;Cáceres;10184 Torno, El;Total;2017;897
10;Cáceres;10184 Torno, El;Total;2016;908
10;Cáceres;10184 Torno, El;Total;2015;956
10;Cáceres;10184 Torno, El;Total;2014;960
10;Cáceres;10184 Torno, El;Total;2013;910
10;Cáceres;10184 Torno, El;Total;2012;953
10;Cáceres;10184 Torno, El;Total;2011;972
10;Cáceres;10184 Torno, El;Total;2010;983
10;Cáceres;10184 Torno, El;Total;2009;988
10;Cáceres;10184 Torno, El;Total;2008;977
10;Cáceres;10184 Torno, El;Total;2007;1012
10;Cáceres;10184 Torno, El;Total;2006;926
10;Cáceres;10184 Torno, El;Total;2005;938
10;Cáceres;10184 Torno, El;Total;2004;939
10;Cáceres;10184 Torno, El;Total;2003;941
10;Cáceres;10184 Torno, El;Total;2002;925
10;Cáceres;10184 Torno, El;Total;2001;915
10;Cáceres;10184 Torno, El;Total;2000;941
10;Cáceres;10184 Torno, El;Total;1999;967
10;Cáceres;10184 Torno, El;Total;1998;980
10;Cáceres;10184 Torno, El;Total;1997;
10;Cáceres;10184 Torno, El;Total;1996;1033
10;Cáceres;10184 Torno, El;Hombres;2023;438
10;Cáceres;10184 Torno, El;Hombres;2022;442
10;Cáceres;10184 Torno, El;Hombres;2021;438
10;Cáceres;10184 Torno, El;Hombres;2020;451
10;Cáceres;10184 Torno, El;Hombres;2019;448
10;Cáceres;10184 Torno, El;Hombres;2018;463
10;Cáceres;10184 Torno, El;Hombres;2017;474
10;Cáceres;10184 Torno, El;Hombres;2016;477
10;Cáceres;10184 Torno, El;Hombres;2015;501
10;Cáceres;10184 Torno, El;Hombres;2014;499
10;Cáceres;10184 Torno, El;Hombres;2013;481
10;Cáceres;10184 Torno, El;Hombres;2012;504
10;Cáceres;10184 Torno, El;Hombres;2011;523
10;Cáceres;10184 Torno, El;Hombres;2010;530
10;Cáceres;10184 Torno, El;Hombres;2009;536
10;Cáceres;10184 Torno, El;Hombres;2008;522
10;Cáceres;10184 Torno, El;Hombres;2007;535
10;Cáceres;10184 Torno, El;Hombres;2006;489
10;Cáceres;10184 Torno, El;Hombres;2005;496
10;Cáceres;10184 Torno, El;Hombres;2004;490
10;Cáceres;10184 Torno, El;Hombres;2003;487
10;Cáceres;10184 Torno, El;Hombres;2002;466
10;Cáceres;10184 Torno, El;Hombres;2001;464
10;Cáceres;10184 Torno, El;Hombres;2000;478
10;Cáceres;10184 Torno, El;Hombres;1999;495
10;Cáceres;10184 Torno, El;Hombres;1998;505
10;Cáceres;10184 Torno, El;Hombres;1997;
10;Cáceres;10184 Torno, El;Hombres;1996;534
10;Cáceres;10184 Torno, El;Mujeres;2023;400
10;Cáceres;10184 Torno, El;Mujeres;2022;405
10;Cáceres;10184 Torno, El;Mujeres;2021;405
10;Cáceres;10184 Torno, El;Mujeres;2020;400
10;Cáceres;10184 Torno, El;Mujeres;2019;412
10;Cáceres;10184 Torno, El;Mujeres;2018;421
10;Cáceres;10184 Torno, El;Mujeres;2017;423
10;Cáceres;10184 Torno, El;Mujeres;2016;431
10;Cáceres;10184 Torno, El;Mujeres;2015;455
10;Cáceres;10184 Torno, El;Mujeres;2014;461
10;Cáceres;10184 Torno, El;Mujeres;2013;429
10;Cáceres;10184 Torno, El;Mujeres;2012;449
10;Cáceres;10184 Torno, El;Mujeres;2011;449
10;Cáceres;10184 Torno, El;Mujeres;2010;453
10;Cáceres;10184 Torno, El;Mujeres;2009;452
10;Cáceres;10184 Torno, El;Mujeres;2008;455
10;Cáceres;10184 Torno, El;Mujeres;2007;477
10;Cáceres;10184 Torno, El;Mujeres;2006;437
10;Cáceres;10184 Torno, El;Mujeres;2005;442
10;Cáceres;10184 Torno, El;Mujeres;2004;449
10;Cáceres;10184 Torno, El;Mujeres;2003;454
10;Cáceres;10184 Torno, El;Mujeres;2002;459
10;Cáceres;10184 Torno, El;Mujeres;2001;451
10;Cáceres;10184 Torno, El;Mujeres;2000;463
10;Cáceres;10184 Torno, El;Mujeres;1999;472
10;Cáceres;10184 Torno, El;Mujeres;1998;475
10;Cáceres;10184 Torno, El;Mujeres;1997;
10;Cáceres;10184 Torno, El;Mujeres;1996;499
10;Cáceres;10187 Torre de Don Miguel;Total;2023;483
10;Cáceres;10187 Torre de Don Miguel;Total;2022;487
10;Cáceres;10187 Torre de Don Miguel;Total;2021;495
10;Cáceres;10187 Torre de Don Miguel;Total;2020;484
10;Cáceres;10187 Torre de Don Miguel;Total;2019;484
10;Cáceres;10187 Torre de Don Miguel;Total;2018;461
10;Cáceres;10187 Torre de Don Miguel;Total;2017;488
10;Cáceres;10187 Torre de Don Miguel;Total;2016;509
10;Cáceres;10187 Torre de Don Miguel;Total;2015;503
10;Cáceres;10187 Torre de Don Miguel;Total;2014;516
10;Cáceres;10187 Torre de Don Miguel;Total;2013;511
10;Cáceres;10187 Torre de Don Miguel;Total;2012;539
10;Cáceres;10187 Torre de Don Miguel;Total;2011;565
10;Cáceres;10187 Torre de Don Miguel;Total;2010;552
10;Cáceres;10187 Torre de Don Miguel;Total;2009;568
10;Cáceres;10187 Torre de Don Miguel;Total;2008;591
10;Cáceres;10187 Torre de Don Miguel;Total;2007;616
10;Cáceres;10187 Torre de Don Miguel;Total;2006;609
10;Cáceres;10187 Torre de Don Miguel;Total;2005;612
10;Cáceres;10187 Torre de Don Miguel;Total;2004;619
10;Cáceres;10187 Torre de Don Miguel;Total;2003;633
10;Cáceres;10187 Torre de Don Miguel;Total;2002;638
10;Cáceres;10187 Torre de Don Miguel;Total;2001;660
10;Cáceres;10187 Torre de Don Miguel;Total;2000;671
10;Cáceres;10187 Torre de Don Miguel;Total;1999;666
10;Cáceres;10187 Torre de Don Miguel;Total;1998;654
10;Cáceres;10187 Torre de Don Miguel;Total;1997;
10;Cáceres;10187 Torre de Don Miguel;Total;1996;718
10;Cáceres;10187 Torre de Don Miguel;Hombres;2023;250
10;Cáceres;10187 Torre de Don Miguel;Hombres;2022;258
10;Cáceres;10187 Torre de Don Miguel;Hombres;2021;259
10;Cáceres;10187 Torre de Don Miguel;Hombres;2020;257
10;Cáceres;10187 Torre de Don Miguel;Hombres;2019;258
10;Cáceres;10187 Torre de Don Miguel;Hombres;2018;246
10;Cáceres;10187 Torre de Don Miguel;Hombres;2017;263
10;Cáceres;10187 Torre de Don Miguel;Hombres;2016;272
10;Cáceres;10187 Torre de Don Miguel;Hombres;2015;268
10;Cáceres;10187 Torre de Don Miguel;Hombres;2014;274
10;Cáceres;10187 Torre de Don Miguel;Hombres;2013;273
10;Cáceres;10187 Torre de Don Miguel;Hombres;2012;288
10;Cáceres;10187 Torre de Don Miguel;Hombres;2011;298
10;Cáceres;10187 Torre de Don Miguel;Hombres;2010;292
10;Cáceres;10187 Torre de Don Miguel;Hombres;2009;293
10;Cáceres;10187 Torre de Don Miguel;Hombres;2008;304
10;Cáceres;10187 Torre de Don Miguel;Hombres;2007;320
10;Cáceres;10187 Torre de Don Miguel;Hombres;2006;312
10;Cáceres;10187 Torre de Don Miguel;Hombres;2005;318
10;Cáceres;10187 Torre de Don Miguel;Hombres;2004;321
10;Cáceres;10187 Torre de Don Miguel;Hombres;2003;328
10;Cáceres;10187 Torre de Don Miguel;Hombres;2002;324
10;Cáceres;10187 Torre de Don Miguel;Hombres;2001;328
10;Cáceres;10187 Torre de Don Miguel;Hombres;2000;335
10;Cáceres;10187 Torre de Don Miguel;Hombres;1999;334
10;Cáceres;10187 Torre de Don Miguel;Hombres;1998;329
10;Cáceres;10187 Torre de Don Miguel;Hombres;1997;
10;Cáceres;10187 Torre de Don Miguel;Hombres;1996;353
10;Cáceres;10187 Torre de Don Miguel;Mujeres;2023;233
10;Cáceres;10187 Torre de Don Miguel;Mujeres;2022;229
10;Cáceres;10187 Torre de Don Miguel;Mujeres;2021;236
10;Cáceres;10187 Torre de Don Miguel;Mujeres;2020;227
10;Cáceres;10187 Torre de Don Miguel;Mujeres;2019;226
10;Cáceres;10187 Torre de Don Miguel;Mujeres;2018;215
10;Cáceres;10187 Torre de Don Miguel;Mujeres;2017;225
10;Cáceres;10187 Torre de Don Miguel;Mujeres;2016;237
10;Cáceres;10187 Torre de Don Miguel;Mujeres;2015;235
10;Cáceres;10187 Torre de Don Miguel;Mujeres;2014;242
10;Cáceres;10187 Torre de Don Miguel;Mujeres;2013;238
10;Cáceres;10187 Torre de Don Miguel;Mujeres;2012;251
10;Cáceres;10187 Torre de Don Miguel;Mujeres;2011;267
10;Cáceres;10187 Torre de Don Miguel;Mujeres;2010;260
10;Cáceres;10187 Torre de Don Miguel;Mujeres;2009;275
10;Cáceres;10187 Torre de Don Miguel;Mujeres;2008;287
10;Cáceres;10187 Torre de Don Miguel;Mujeres;2007;296
10;Cáceres;10187 Torre de Don Miguel;Mujeres;2006;297
10;Cáceres;10187 Torre de Don Miguel;Mujeres;2005;294
10;Cáceres;10187 Torre de Don Miguel;Mujeres;2004;298
10;Cáceres;10187 Torre de Don Miguel;Mujeres;2003;305
10;Cáceres;10187 Torre de Don Miguel;Mujeres;2002;314
10;Cáceres;10187 Torre de Don Miguel;Mujeres;2001;332
10;Cáceres;10187 Torre de Don Miguel;Mujeres;2000;336
10;Cáceres;10187 Torre de Don Miguel;Mujeres;1999;332
10;Cáceres;10187 Torre de Don Miguel;Mujeres;1998;325
10;Cáceres;10187 Torre de Don Miguel;Mujeres;1997;
10;Cáceres;10187 Torre de Don Miguel;Mujeres;1996;365
10;Cáceres;10188 Torre de Santa María;Total;2023;529
10;Cáceres;10188 Torre de Santa María;Total;2022;531
10;Cáceres;10188 Torre de Santa María;Total;2021;528
10;Cáceres;10188 Torre de Santa María;Total;2020;532
10;Cáceres;10188 Torre de Santa María;Total;2019;534
10;Cáceres;10188 Torre de Santa María;Total;2018;532
10;Cáceres;10188 Torre de Santa María;Total;2017;549
10;Cáceres;10188 Torre de Santa María;Total;2016;566
10;Cáceres;10188 Torre de Santa María;Total;2015;582
10;Cáceres;10188 Torre de Santa María;Total;2014;602
10;Cáceres;10188 Torre de Santa María;Total;2013;610
10;Cáceres;10188 Torre de Santa María;Total;2012;622
10;Cáceres;10188 Torre de Santa María;Total;2011;642
10;Cáceres;10188 Torre de Santa María;Total;2010;629
10;Cáceres;10188 Torre de Santa María;Total;2009;632
10;Cáceres;10188 Torre de Santa María;Total;2008;650
10;Cáceres;10188 Torre de Santa María;Total;2007;668
10;Cáceres;10188 Torre de Santa María;Total;2006;668
10;Cáceres;10188 Torre de Santa María;Total;2005;673
10;Cáceres;10188 Torre de Santa María;Total;2004;669
10;Cáceres;10188 Torre de Santa María;Total;2003;670
10;Cáceres;10188 Torre de Santa María;Total;2002;711
10;Cáceres;10188 Torre de Santa María;Total;2001;727
10;Cáceres;10188 Torre de Santa María;Total;2000;739
10;Cáceres;10188 Torre de Santa María;Total;1999;758
10;Cáceres;10188 Torre de Santa María;Total;1998;765
10;Cáceres;10188 Torre de Santa María;Total;1997;
10;Cáceres;10188 Torre de Santa María;Total;1996;773
10;Cáceres;10188 Torre de Santa María;Hombres;2023;263
10;Cáceres;10188 Torre de Santa María;Hombres;2022;262
10;Cáceres;10188 Torre de Santa María;Hombres;2021;262
10;Cáceres;10188 Torre de Santa María;Hombres;2020;268
10;Cáceres;10188 Torre de Santa María;Hombres;2019;265
10;Cáceres;10188 Torre de Santa María;Hombres;2018;267
10;Cáceres;10188 Torre de Santa María;Hombres;2017;277
10;Cáceres;10188 Torre de Santa María;Hombres;2016;284
10;Cáceres;10188 Torre de Santa María;Hombres;2015;293
10;Cáceres;10188 Torre de Santa María;Hombres;2014;305
10;Cáceres;10188 Torre de Santa María;Hombres;2013;306
10;Cáceres;10188 Torre de Santa María;Hombres;2012;315
10;Cáceres;10188 Torre de Santa María;Hombres;2011;325
10;Cáceres;10188 Torre de Santa María;Hombres;2010;320
10;Cáceres;10188 Torre de Santa María;Hombres;2009;323
10;Cáceres;10188 Torre de Santa María;Hombres;2008;337
10;Cáceres;10188 Torre de Santa María;Hombres;2007;344
10;Cáceres;10188 Torre de Santa María;Hombres;2006;339
10;Cáceres;10188 Torre de Santa María;Hombres;2005;343
10;Cáceres;10188 Torre de Santa María;Hombres;2004;339
10;Cáceres;10188 Torre de Santa María;Hombres;2003;340
10;Cáceres;10188 Torre de Santa María;Hombres;2002;358
10;Cáceres;10188 Torre de Santa María;Hombres;2001;366
10;Cáceres;10188 Torre de Santa María;Hombres;2000;370
10;Cáceres;10188 Torre de Santa María;Hombres;1999;377
10;Cáceres;10188 Torre de Santa María;Hombres;1998;380
10;Cáceres;10188 Torre de Santa María;Hombres;1997;
10;Cáceres;10188 Torre de Santa María;Hombres;1996;372
10;Cáceres;10188 Torre de Santa María;Mujeres;2023;266
10;Cáceres;10188 Torre de Santa María;Mujeres;2022;269
10;Cáceres;10188 Torre de Santa María;Mujeres;2021;266
10;Cáceres;10188 Torre de Santa María;Mujeres;2020;264
10;Cáceres;10188 Torre de Santa María;Mujeres;2019;269
10;Cáceres;10188 Torre de Santa María;Mujeres;2018;265
10;Cáceres;10188 Torre de Santa María;Mujeres;2017;272
10;Cáceres;10188 Torre de Santa María;Mujeres;2016;282
10;Cáceres;10188 Torre de Santa María;Mujeres;2015;289
10;Cáceres;10188 Torre de Santa María;Mujeres;2014;297
10;Cáceres;10188 Torre de Santa María;Mujeres;2013;304
10;Cáceres;10188 Torre de Santa María;Mujeres;2012;307
10;Cáceres;10188 Torre de Santa María;Mujeres;2011;317
10;Cáceres;10188 Torre de Santa María;Mujeres;2010;309
10;Cáceres;10188 Torre de Santa María;Mujeres;2009;309
10;Cáceres;10188 Torre de Santa María;Mujeres;2008;313
10;Cáceres;10188 Torre de Santa María;Mujeres;2007;324
10;Cáceres;10188 Torre de Santa María;Mujeres;2006;329
10;Cáceres;10188 Torre de Santa María;Mujeres;2005;330
10;Cáceres;10188 Torre de Santa María;Mujeres;2004;330
10;Cáceres;10188 Torre de Santa María;Mujeres;2003;330
10;Cáceres;10188 Torre de Santa María;Mujeres;2002;353
10;Cáceres;10188 Torre de Santa María;Mujeres;2001;361
10;Cáceres;10188 Torre de Santa María;Mujeres;2000;369
10;Cáceres;10188 Torre de Santa María;Mujeres;1999;381
10;Cáceres;10188 Torre de Santa María;Mujeres;1998;385
10;Cáceres;10188 Torre de Santa María;Mujeres;1997;
10;Cáceres;10188 Torre de Santa María;Mujeres;1996;401
10;Cáceres;10185 Torrecilla de los Ángeles;Total;2023;662
10;Cáceres;10185 Torrecilla de los Ángeles;Total;2022;648
10;Cáceres;10185 Torrecilla de los Ángeles;Total;2021;648
10;Cáceres;10185 Torrecilla de los Ángeles;Total;2020;601
10;Cáceres;10185 Torrecilla de los Ángeles;Total;2019;624
10;Cáceres;10185 Torrecilla de los Ángeles;Total;2018;622
10;Cáceres;10185 Torrecilla de los Ángeles;Total;2017;637
10;Cáceres;10185 Torrecilla de los Ángeles;Total;2016;640
10;Cáceres;10185 Torrecilla de los Ángeles;Total;2015;653
10;Cáceres;10185 Torrecilla de los Ángeles;Total;2014;645
10;Cáceres;10185 Torrecilla de los Ángeles;Total;2013;660
10;Cáceres;10185 Torrecilla de los Ángeles;Total;2012;682
10;Cáceres;10185 Torrecilla de los Ángeles;Total;2011;656
10;Cáceres;10185 Torrecilla de los Ángeles;Total;2010;665
10;Cáceres;10185 Torrecilla de los Ángeles;Total;2009;687
10;Cáceres;10185 Torrecilla de los Ángeles;Total;2008;691
10;Cáceres;10185 Torrecilla de los Ángeles;Total;2007;688
10;Cáceres;10185 Torrecilla de los Ángeles;Total;2006;708
10;Cáceres;10185 Torrecilla de los Ángeles;Total;2005;720
10;Cáceres;10185 Torrecilla de los Ángeles;Total;2004;723
10;Cáceres;10185 Torrecilla de los Ángeles;Total;2003;745
10;Cáceres;10185 Torrecilla de los Ángeles;Total;2002;768
10;Cáceres;10185 Torrecilla de los Ángeles;Total;2001;757
10;Cáceres;10185 Torrecilla de los Ángeles;Total;2000;733
10;Cáceres;10185 Torrecilla de los Ángeles;Total;1999;834
10;Cáceres;10185 Torrecilla de los Ángeles;Total;1998;706
10;Cáceres;10185 Torrecilla de los Ángeles;Total;1997;
10;Cáceres;10185 Torrecilla de los Ángeles;Total;1996;708
10;Cáceres;10185 Torrecilla de los Ángeles;Hombres;2023;345
10;Cáceres;10185 Torrecilla de los Ángeles;Hombres;2022;339
10;Cáceres;10185 Torrecilla de los Ángeles;Hombres;2021;336
10;Cáceres;10185 Torrecilla de los Ángeles;Hombres;2020;326
10;Cáceres;10185 Torrecilla de los Ángeles;Hombres;2019;336
10;Cáceres;10185 Torrecilla de los Ángeles;Hombres;2018;330
10;Cáceres;10185 Torrecilla de los Ángeles;Hombres;2017;333
10;Cáceres;10185 Torrecilla de los Ángeles;Hombres;2016;329
10;Cáceres;10185 Torrecilla de los Ángeles;Hombres;2015;337
10;Cáceres;10185 Torrecilla de los Ángeles;Hombres;2014;336
10;Cáceres;10185 Torrecilla de los Ángeles;Hombres;2013;344
10;Cáceres;10185 Torrecilla de los Ángeles;Hombres;2012;359
10;Cáceres;10185 Torrecilla de los Ángeles;Hombres;2011;339
10;Cáceres;10185 Torrecilla de los Ángeles;Hombres;2010;341
10;Cáceres;10185 Torrecilla de los Ángeles;Hombres;2009;347
10;Cáceres;10185 Torrecilla de los Ángeles;Hombres;2008;356
10;Cáceres;10185 Torrecilla de los Ángeles;Hombres;2007;353
10;Cáceres;10185 Torrecilla de los Ángeles;Hombres;2006;365
10;Cáceres;10185 Torrecilla de los Ángeles;Hombres;2005;369
10;Cáceres;10185 Torrecilla de los Ángeles;Hombres;2004;369
10;Cáceres;10185 Torrecilla de los Ángeles;Hombres;2003;382
10;Cáceres;10185 Torrecilla de los Ángeles;Hombres;2002;396
10;Cáceres;10185 Torrecilla de los Ángeles;Hombres;2001;389
10;Cáceres;10185 Torrecilla de los Ángeles;Hombres;2000;375
10;Cáceres;10185 Torrecilla de los Ángeles;Hombres;1999;432
10;Cáceres;10185 Torrecilla de los Ángeles;Hombres;1998;358
10;Cáceres;10185 Torrecilla de los Ángeles;Hombres;1997;
10;Cáceres;10185 Torrecilla de los Ángeles;Hombres;1996;359
10;Cáceres;10185 Torrecilla de los Ángeles;Mujeres;2023;317
10;Cáceres;10185 Torrecilla de los Ángeles;Mujeres;2022;309
10;Cáceres;10185 Torrecilla de los Ángeles;Mujeres;2021;312
10;Cáceres;10185 Torrecilla de los Ángeles;Mujeres;2020;275
10;Cáceres;10185 Torrecilla de los Ángeles;Mujeres;2019;288
10;Cáceres;10185 Torrecilla de los Ángeles;Mujeres;2018;292
10;Cáceres;10185 Torrecilla de los Ángeles;Mujeres;2017;304
10;Cáceres;10185 Torrecilla de los Ángeles;Mujeres;2016;311
10;Cáceres;10185 Torrecilla de los Ángeles;Mujeres;2015;316
10;Cáceres;10185 Torrecilla de los Ángeles;Mujeres;2014;309
10;Cáceres;10185 Torrecilla de los Ángeles;Mujeres;2013;316
10;Cáceres;10185 Torrecilla de los Ángeles;Mujeres;2012;323
10;Cáceres;10185 Torrecilla de los Ángeles;Mujeres;2011;317
10;Cáceres;10185 Torrecilla de los Ángeles;Mujeres;2010;324
10;Cáceres;10185 Torrecilla de los Ángeles;Mujeres;2009;340
10;Cáceres;10185 Torrecilla de los Ángeles;Mujeres;2008;335
10;Cáceres;10185 Torrecilla de los Ángeles;Mujeres;2007;335
10;Cáceres;10185 Torrecilla de los Ángeles;Mujeres;2006;343
10;Cáceres;10185 Torrecilla de los Ángeles;Mujeres;2005;351
10;Cáceres;10185 Torrecilla de los Ángeles;Mujeres;2004;354
10;Cáceres;10185 Torrecilla de los Ángeles;Mujeres;2003;363
10;Cáceres;10185 Torrecilla de los Ángeles;Mujeres;2002;372
10;Cáceres;10185 Torrecilla de los Ángeles;Mujeres;2001;368
10;Cáceres;10185 Torrecilla de los Ángeles;Mujeres;2000;358
10;Cáceres;10185 Torrecilla de los Ángeles;Mujeres;1999;402
10;Cáceres;10185 Torrecilla de los Ángeles;Mujeres;1998;348
10;Cáceres;10185 Torrecilla de los Ángeles;Mujeres;1997;
10;Cáceres;10185 Torrecilla de los Ángeles;Mujeres;1996;349
10;Cáceres;10186 Torrecillas de la Tiesa;Total;2023;1050
10;Cáceres;10186 Torrecillas de la Tiesa;Total;2022;1067
10;Cáceres;10186 Torrecillas de la Tiesa;Total;2021;1075
10;Cáceres;10186 Torrecillas de la Tiesa;Total;2020;1070
10;Cáceres;10186 Torrecillas de la Tiesa;Total;2019;1067
10;Cáceres;10186 Torrecillas de la Tiesa;Total;2018;1071
10;Cáceres;10186 Torrecillas de la Tiesa;Total;2017;1103
10;Cáceres;10186 Torrecillas de la Tiesa;Total;2016;1122
10;Cáceres;10186 Torrecillas de la Tiesa;Total;2015;1134
10;Cáceres;10186 Torrecillas de la Tiesa;Total;2014;1151
10;Cáceres;10186 Torrecillas de la Tiesa;Total;2013;1161
10;Cáceres;10186 Torrecillas de la Tiesa;Total;2012;1187
10;Cáceres;10186 Torrecillas de la Tiesa;Total;2011;1217
10;Cáceres;10186 Torrecillas de la Tiesa;Total;2010;1189
10;Cáceres;10186 Torrecillas de la Tiesa;Total;2009;1179
10;Cáceres;10186 Torrecillas de la Tiesa;Total;2008;1168
10;Cáceres;10186 Torrecillas de la Tiesa;Total;2007;1149
10;Cáceres;10186 Torrecillas de la Tiesa;Total;2006;1172
10;Cáceres;10186 Torrecillas de la Tiesa;Total;2005;1163
10;Cáceres;10186 Torrecillas de la Tiesa;Total;2004;1156
10;Cáceres;10186 Torrecillas de la Tiesa;Total;2003;1107
10;Cáceres;10186 Torrecillas de la Tiesa;Total;2002;1154
10;Cáceres;10186 Torrecillas de la Tiesa;Total;2001;1191
10;Cáceres;10186 Torrecillas de la Tiesa;Total;2000;1185
10;Cáceres;10186 Torrecillas de la Tiesa;Total;1999;1295
10;Cáceres;10186 Torrecillas de la Tiesa;Total;1998;1266
10;Cáceres;10186 Torrecillas de la Tiesa;Total;1997;
10;Cáceres;10186 Torrecillas de la Tiesa;Total;1996;1278
10;Cáceres;10186 Torrecillas de la Tiesa;Hombres;2023;533
10;Cáceres;10186 Torrecillas de la Tiesa;Hombres;2022;539
10;Cáceres;10186 Torrecillas de la Tiesa;Hombres;2021;545
10;Cáceres;10186 Torrecillas de la Tiesa;Hombres;2020;541
10;Cáceres;10186 Torrecillas de la Tiesa;Hombres;2019;541
10;Cáceres;10186 Torrecillas de la Tiesa;Hombres;2018;543
10;Cáceres;10186 Torrecillas de la Tiesa;Hombres;2017;554
10;Cáceres;10186 Torrecillas de la Tiesa;Hombres;2016;561
10;Cáceres;10186 Torrecillas de la Tiesa;Hombres;2015;563
10;Cáceres;10186 Torrecillas de la Tiesa;Hombres;2014;576
10;Cáceres;10186 Torrecillas de la Tiesa;Hombres;2013;583
10;Cáceres;10186 Torrecillas de la Tiesa;Hombres;2012;598
10;Cáceres;10186 Torrecillas de la Tiesa;Hombres;2011;616
10;Cáceres;10186 Torrecillas de la Tiesa;Hombres;2010;601
10;Cáceres;10186 Torrecillas de la Tiesa;Hombres;2009;588
10;Cáceres;10186 Torrecillas de la Tiesa;Hombres;2008;588
10;Cáceres;10186 Torrecillas de la Tiesa;Hombres;2007;574
10;Cáceres;10186 Torrecillas de la Tiesa;Hombres;2006;587
10;Cáceres;10186 Torrecillas de la Tiesa;Hombres;2005;583
10;Cáceres;10186 Torrecillas de la Tiesa;Hombres;2004;581
10;Cáceres;10186 Torrecillas de la Tiesa;Hombres;2003;563
10;Cáceres;10186 Torrecillas de la Tiesa;Hombres;2002;590
10;Cáceres;10186 Torrecillas de la Tiesa;Hombres;2001;607
10;Cáceres;10186 Torrecillas de la Tiesa;Hombres;2000;598
10;Cáceres;10186 Torrecillas de la Tiesa;Hombres;1999;656
10;Cáceres;10186 Torrecillas de la Tiesa;Hombres;1998;640
10;Cáceres;10186 Torrecillas de la Tiesa;Hombres;1997;
10;Cáceres;10186 Torrecillas de la Tiesa;Hombres;1996;646
10;Cáceres;10186 Torrecillas de la Tiesa;Mujeres;2023;517
10;Cáceres;10186 Torrecillas de la Tiesa;Mujeres;2022;528
10;Cáceres;10186 Torrecillas de la Tiesa;Mujeres;2021;530
10;Cáceres;10186 Torrecillas de la Tiesa;Mujeres;2020;529
10;Cáceres;10186 Torrecillas de la Tiesa;Mujeres;2019;526
10;Cáceres;10186 Torrecillas de la Tiesa;Mujeres;2018;528
10;Cáceres;10186 Torrecillas de la Tiesa;Mujeres;2017;549
10;Cáceres;10186 Torrecillas de la Tiesa;Mujeres;2016;561
10;Cáceres;10186 Torrecillas de la Tiesa;Mujeres;2015;571
10;Cáceres;10186 Torrecillas de la Tiesa;Mujeres;2014;575
10;Cáceres;10186 Torrecillas de la Tiesa;Mujeres;2013;578
10;Cáceres;10186 Torrecillas de la Tiesa;Mujeres;2012;589
10;Cáceres;10186 Torrecillas de la Tiesa;Mujeres;2011;601
10;Cáceres;10186 Torrecillas de la Tiesa;Mujeres;2010;588
10;Cáceres;10186 Torrecillas de la Tiesa;Mujeres;2009;591
10;Cáceres;10186 Torrecillas de la Tiesa;Mujeres;2008;580
10;Cáceres;10186 Torrecillas de la Tiesa;Mujeres;2007;575
10;Cáceres;10186 Torrecillas de la Tiesa;Mujeres;2006;585
10;Cáceres;10186 Torrecillas de la Tiesa;Mujeres;2005;580
10;Cáceres;10186 Torrecillas de la Tiesa;Mujeres;2004;575
10;Cáceres;10186 Torrecillas de la Tiesa;Mujeres;2003;544
10;Cáceres;10186 Torrecillas de la Tiesa;Mujeres;2002;564
10;Cáceres;10186 Torrecillas de la Tiesa;Mujeres;2001;584
10;Cáceres;10186 Torrecillas de la Tiesa;Mujeres;2000;587
10;Cáceres;10186 Torrecillas de la Tiesa;Mujeres;1999;639
10;Cáceres;10186 Torrecillas de la Tiesa;Mujeres;1998;626
10;Cáceres;10186 Torrecillas de la Tiesa;Mujeres;1997;
10;Cáceres;10186 Torrecillas de la Tiesa;Mujeres;1996;632
10;Cáceres;10190 Torrejón el Rubio;Total;2023;519
10;Cáceres;10190 Torrejón el Rubio;Total;2022;532
10;Cáceres;10190 Torrejón el Rubio;Total;2021;550
10;Cáceres;10190 Torrejón el Rubio;Total;2020;546
10;Cáceres;10190 Torrejón el Rubio;Total;2019;565
10;Cáceres;10190 Torrejón el Rubio;Total;2018;571
10;Cáceres;10190 Torrejón el Rubio;Total;2017;593
10;Cáceres;10190 Torrejón el Rubio;Total;2016;618
10;Cáceres;10190 Torrejón el Rubio;Total;2015;628
10;Cáceres;10190 Torrejón el Rubio;Total;2014;636
10;Cáceres;10190 Torrejón el Rubio;Total;2013;625
10;Cáceres;10190 Torrejón el Rubio;Total;2012;577
10;Cáceres;10190 Torrejón el Rubio;Total;2011;612
10;Cáceres;10190 Torrejón el Rubio;Total;2010;616
10;Cáceres;10190 Torrejón el Rubio;Total;2009;614
10;Cáceres;10190 Torrejón el Rubio;Total;2008;619
10;Cáceres;10190 Torrejón el Rubio;Total;2007;619
10;Cáceres;10190 Torrejón el Rubio;Total;2006;613
10;Cáceres;10190 Torrejón el Rubio;Total;2005;613
10;Cáceres;10190 Torrejón el Rubio;Total;2004;602
10;Cáceres;10190 Torrejón el Rubio;Total;2003;612
10;Cáceres;10190 Torrejón el Rubio;Total;2002;654
10;Cáceres;10190 Torrejón el Rubio;Total;2001;691
10;Cáceres;10190 Torrejón el Rubio;Total;2000;704
10;Cáceres;10190 Torrejón el Rubio;Total;1999;717
10;Cáceres;10190 Torrejón el Rubio;Total;1998;726
10;Cáceres;10190 Torrejón el Rubio;Total;1997;
10;Cáceres;10190 Torrejón el Rubio;Total;1996;743
10;Cáceres;10190 Torrejón el Rubio;Hombres;2023;263
10;Cáceres;10190 Torrejón el Rubio;Hombres;2022;264
10;Cáceres;10190 Torrejón el Rubio;Hombres;2021;278
10;Cáceres;10190 Torrejón el Rubio;Hombres;2020;276
10;Cáceres;10190 Torrejón el Rubio;Hombres;2019;283
10;Cáceres;10190 Torrejón el Rubio;Hombres;2018;286
10;Cáceres;10190 Torrejón el Rubio;Hombres;2017;303
10;Cáceres;10190 Torrejón el Rubio;Hombres;2016;316
10;Cáceres;10190 Torrejón el Rubio;Hombres;2015;315
10;Cáceres;10190 Torrejón el Rubio;Hombres;2014;319
10;Cáceres;10190 Torrejón el Rubio;Hombres;2013;316
10;Cáceres;10190 Torrejón el Rubio;Hombres;2012;297
10;Cáceres;10190 Torrejón el Rubio;Hombres;2011;313
10;Cáceres;10190 Torrejón el Rubio;Hombres;2010;317
10;Cáceres;10190 Torrejón el Rubio;Hombres;2009;318
10;Cáceres;10190 Torrejón el Rubio;Hombres;2008;322
10;Cáceres;10190 Torrejón el Rubio;Hombres;2007;319
10;Cáceres;10190 Torrejón el Rubio;Hombres;2006;316
10;Cáceres;10190 Torrejón el Rubio;Hombres;2005;320
10;Cáceres;10190 Torrejón el Rubio;Hombres;2004;313
10;Cáceres;10190 Torrejón el Rubio;Hombres;2003;318
10;Cáceres;10190 Torrejón el Rubio;Hombres;2002;336
10;Cáceres;10190 Torrejón el Rubio;Hombres;2001;354
10;Cáceres;10190 Torrejón el Rubio;Hombres;2000;364
10;Cáceres;10190 Torrejón el Rubio;Hombres;1999;370
10;Cáceres;10190 Torrejón el Rubio;Hombres;1998;377
10;Cáceres;10190 Torrejón el Rubio;Hombres;1997;
10;Cáceres;10190 Torrejón el Rubio;Hombres;1996;377
10;Cáceres;10190 Torrejón el Rubio;Mujeres;2023;256
10;Cáceres;10190 Torrejón el Rubio;Mujeres;2022;268
10;Cáceres;10190 Torrejón el Rubio;Mujeres;2021;272
10;Cáceres;10190 Torrejón el Rubio;Mujeres;2020;270
10;Cáceres;10190 Torrejón el Rubio;Mujeres;2019;282
10;Cáceres;10190 Torrejón el Rubio;Mujeres;2018;285
10;Cáceres;10190 Torrejón el Rubio;Mujeres;2017;290
10;Cáceres;10190 Torrejón el Rubio;Mujeres;2016;302
10;Cáceres;10190 Torrejón el Rubio;Mujeres;2015;313
10;Cáceres;10190 Torrejón el Rubio;Mujeres;2014;317
10;Cáceres;10190 Torrejón el Rubio;Mujeres;2013;309
10;Cáceres;10190 Torrejón el Rubio;Mujeres;2012;280
10;Cáceres;10190 Torrejón el Rubio;Mujeres;2011;299
10;Cáceres;10190 Torrejón el Rubio;Mujeres;2010;299
10;Cáceres;10190 Torrejón el Rubio;Mujeres;2009;296
10;Cáceres;10190 Torrejón el Rubio;Mujeres;2008;297
10;Cáceres;10190 Torrejón el Rubio;Mujeres;2007;300
10;Cáceres;10190 Torrejón el Rubio;Mujeres;2006;297
10;Cáceres;10190 Torrejón el Rubio;Mujeres;2005;293
10;Cáceres;10190 Torrejón el Rubio;Mujeres;2004;289
10;Cáceres;10190 Torrejón el Rubio;Mujeres;2003;294
10;Cáceres;10190 Torrejón el Rubio;Mujeres;2002;318
10;Cáceres;10190 Torrejón el Rubio;Mujeres;2001;337
10;Cáceres;10190 Torrejón el Rubio;Mujeres;2000;340
10;Cáceres;10190 Torrejón el Rubio;Mujeres;1999;347
10;Cáceres;10190 Torrejón el Rubio;Mujeres;1998;349
10;Cáceres;10190 Torrejón el Rubio;Mujeres;1997;
10;Cáceres;10190 Torrejón el Rubio;Mujeres;1996;366
10;Cáceres;10189 Torrejoncillo;Total;2023;2819
10;Cáceres;10189 Torrejoncillo;Total;2022;2854
10;Cáceres;10189 Torrejoncillo;Total;2021;2894
10;Cáceres;10189 Torrejoncillo;Total;2020;2910
10;Cáceres;10189 Torrejoncillo;Total;2019;2935
10;Cáceres;10189 Torrejoncillo;Total;2018;2975
10;Cáceres;10189 Torrejoncillo;Total;2017;3044
10;Cáceres;10189 Torrejoncillo;Total;2016;3116
10;Cáceres;10189 Torrejoncillo;Total;2015;3184
10;Cáceres;10189 Torrejoncillo;Total;2014;3198
10;Cáceres;10189 Torrejoncillo;Total;2013;3203
10;Cáceres;10189 Torrejoncillo;Total;2012;3195
10;Cáceres;10189 Torrejoncillo;Total;2011;3307
10;Cáceres;10189 Torrejoncillo;Total;2010;3307
10;Cáceres;10189 Torrejoncillo;Total;2009;3338
10;Cáceres;10189 Torrejoncillo;Total;2008;3322
10;Cáceres;10189 Torrejoncillo;Total;2007;3337
10;Cáceres;10189 Torrejoncillo;Total;2006;3350
10;Cáceres;10189 Torrejoncillo;Total;2005;3373
10;Cáceres;10189 Torrejoncillo;Total;2004;3371
10;Cáceres;10189 Torrejoncillo;Total;2003;3422
10;Cáceres;10189 Torrejoncillo;Total;2002;3462
10;Cáceres;10189 Torrejoncillo;Total;2001;3524
10;Cáceres;10189 Torrejoncillo;Total;2000;3557
10;Cáceres;10189 Torrejoncillo;Total;1999;3633
10;Cáceres;10189 Torrejoncillo;Total;1998;3633
10;Cáceres;10189 Torrejoncillo;Total;1997;
10;Cáceres;10189 Torrejoncillo;Total;1996;3671
10;Cáceres;10189 Torrejoncillo;Hombres;2023;1369
10;Cáceres;10189 Torrejoncillo;Hombres;2022;1388
10;Cáceres;10189 Torrejoncillo;Hombres;2021;1397
10;Cáceres;10189 Torrejoncillo;Hombres;2020;1410
10;Cáceres;10189 Torrejoncillo;Hombres;2019;1439
10;Cáceres;10189 Torrejoncillo;Hombres;2018;1451
10;Cáceres;10189 Torrejoncillo;Hombres;2017;1495
10;Cáceres;10189 Torrejoncillo;Hombres;2016;1525
10;Cáceres;10189 Torrejoncillo;Hombres;2015;1571
10;Cáceres;10189 Torrejoncillo;Hombres;2014;1575
10;Cáceres;10189 Torrejoncillo;Hombres;2013;1563
10;Cáceres;10189 Torrejoncillo;Hombres;2012;1571
10;Cáceres;10189 Torrejoncillo;Hombres;2011;1617
10;Cáceres;10189 Torrejoncillo;Hombres;2010;1607
10;Cáceres;10189 Torrejoncillo;Hombres;2009;1632
10;Cáceres;10189 Torrejoncillo;Hombres;2008;1633
10;Cáceres;10189 Torrejoncillo;Hombres;2007;1646
10;Cáceres;10189 Torrejoncillo;Hombres;2006;1641
10;Cáceres;10189 Torrejoncillo;Hombres;2005;1657
10;Cáceres;10189 Torrejoncillo;Hombres;2004;1656
10;Cáceres;10189 Torrejoncillo;Hombres;2003;1672
10;Cáceres;10189 Torrejoncillo;Hombres;2002;1692
10;Cáceres;10189 Torrejoncillo;Hombres;2001;1721
10;Cáceres;10189 Torrejoncillo;Hombres;2000;1728
10;Cáceres;10189 Torrejoncillo;Hombres;1999;1775
10;Cáceres;10189 Torrejoncillo;Hombres;1998;1775
10;Cáceres;10189 Torrejoncillo;Hombres;1997;
10;Cáceres;10189 Torrejoncillo;Hombres;1996;1791
10;Cáceres;10189 Torrejoncillo;Mujeres;2023;1450
10;Cáceres;10189 Torrejoncillo;Mujeres;2022;1466
10;Cáceres;10189 Torrejoncillo;Mujeres;2021;1497
10;Cáceres;10189 Torrejoncillo;Mujeres;2020;1500
10;Cáceres;10189 Torrejoncillo;Mujeres;2019;1496
10;Cáceres;10189 Torrejoncillo;Mujeres;2018;1524
10;Cáceres;10189 Torrejoncillo;Mujeres;2017;1549
10;Cáceres;10189 Torrejoncillo;Mujeres;2016;1591
10;Cáceres;10189 Torrejoncillo;Mujeres;2015;1613
10;Cáceres;10189 Torrejoncillo;Mujeres;2014;1623
10;Cáceres;10189 Torrejoncillo;Mujeres;2013;1640
10;Cáceres;10189 Torrejoncillo;Mujeres;2012;1624
10;Cáceres;10189 Torrejoncillo;Mujeres;2011;1690
10;Cáceres;10189 Torrejoncillo;Mujeres;2010;1700
10;Cáceres;10189 Torrejoncillo;Mujeres;2009;1706
10;Cáceres;10189 Torrejoncillo;Mujeres;2008;1689
10;Cáceres;10189 Torrejoncillo;Mujeres;2007;1691
10;Cáceres;10189 Torrejoncillo;Mujeres;2006;1709
10;Cáceres;10189 Torrejoncillo;Mujeres;2005;1716
10;Cáceres;10189 Torrejoncillo;Mujeres;2004;1715
10;Cáceres;10189 Torrejoncillo;Mujeres;2003;1750
10;Cáceres;10189 Torrejoncillo;Mujeres;2002;1770
10;Cáceres;10189 Torrejoncillo;Mujeres;2001;1803
10;Cáceres;10189 Torrejoncillo;Mujeres;2000;1829
10;Cáceres;10189 Torrejoncillo;Mujeres;1999;1858
10;Cáceres;10189 Torrejoncillo;Mujeres;1998;1858
10;Cáceres;10189 Torrejoncillo;Mujeres;1997;
10;Cáceres;10189 Torrejoncillo;Mujeres;1996;1880
10;Cáceres;10191 Torremenga;Total;2023;611
10;Cáceres;10191 Torremenga;Total;2022;592
10;Cáceres;10191 Torremenga;Total;2021;587
10;Cáceres;10191 Torremenga;Total;2020;587
10;Cáceres;10191 Torremenga;Total;2019;599
10;Cáceres;10191 Torremenga;Total;2018;610
10;Cáceres;10191 Torremenga;Total;2017;625
10;Cáceres;10191 Torremenga;Total;2016;624
10;Cáceres;10191 Torremenga;Total;2015;629
10;Cáceres;10191 Torremenga;Total;2014;641
10;Cáceres;10191 Torremenga;Total;2013;653
10;Cáceres;10191 Torremenga;Total;2012;652
10;Cáceres;10191 Torremenga;Total;2011;664
10;Cáceres;10191 Torremenga;Total;2010;656
10;Cáceres;10191 Torremenga;Total;2009;621
10;Cáceres;10191 Torremenga;Total;2008;608
10;Cáceres;10191 Torremenga;Total;2007;628
10;Cáceres;10191 Torremenga;Total;2006;627
10;Cáceres;10191 Torremenga;Total;2005;627
10;Cáceres;10191 Torremenga;Total;2004;617
10;Cáceres;10191 Torremenga;Total;2003;620
10;Cáceres;10191 Torremenga;Total;2002;626
10;Cáceres;10191 Torremenga;Total;2001;555
10;Cáceres;10191 Torremenga;Total;2000;543
10;Cáceres;10191 Torremenga;Total;1999;585
10;Cáceres;10191 Torremenga;Total;1998;585
10;Cáceres;10191 Torremenga;Total;1997;
10;Cáceres;10191 Torremenga;Total;1996;581
10;Cáceres;10191 Torremenga;Hombres;2023;316
10;Cáceres;10191 Torremenga;Hombres;2022;310
10;Cáceres;10191 Torremenga;Hombres;2021;309
10;Cáceres;10191 Torremenga;Hombres;2020;313
10;Cáceres;10191 Torremenga;Hombres;2019;321
10;Cáceres;10191 Torremenga;Hombres;2018;324
10;Cáceres;10191 Torremenga;Hombres;2017;333
10;Cáceres;10191 Torremenga;Hombres;2016;337
10;Cáceres;10191 Torremenga;Hombres;2015;341
10;Cáceres;10191 Torremenga;Hombres;2014;346
10;Cáceres;10191 Torremenga;Hombres;2013;348
10;Cáceres;10191 Torremenga;Hombres;2012;351
10;Cáceres;10191 Torremenga;Hombres;2011;356
10;Cáceres;10191 Torremenga;Hombres;2010;348
10;Cáceres;10191 Torremenga;Hombres;2009;330
10;Cáceres;10191 Torremenga;Hombres;2008;321
10;Cáceres;10191 Torremenga;Hombres;2007;328
10;Cáceres;10191 Torremenga;Hombres;2006;332
10;Cáceres;10191 Torremenga;Hombres;2005;333
10;Cáceres;10191 Torremenga;Hombres;2004;322
10;Cáceres;10191 Torremenga;Hombres;2003;323
10;Cáceres;10191 Torremenga;Hombres;2002;322
10;Cáceres;10191 Torremenga;Hombres;2001;286
10;Cáceres;10191 Torremenga;Hombres;2000;277
10;Cáceres;10191 Torremenga;Hombres;1999;326
10;Cáceres;10191 Torremenga;Hombres;1998;326
10;Cáceres;10191 Torremenga;Hombres;1997;
10;Cáceres;10191 Torremenga;Hombres;1996;296
10;Cáceres;10191 Torremenga;Mujeres;2023;295
10;Cáceres;10191 Torremenga;Mujeres;2022;282
10;Cáceres;10191 Torremenga;Mujeres;2021;278
10;Cáceres;10191 Torremenga;Mujeres;2020;274
10;Cáceres;10191 Torremenga;Mujeres;2019;278
10;Cáceres;10191 Torremenga;Mujeres;2018;286
10;Cáceres;10191 Torremenga;Mujeres;2017;292
10;Cáceres;10191 Torremenga;Mujeres;2016;287
10;Cáceres;10191 Torremenga;Mujeres;2015;288
10;Cáceres;10191 Torremenga;Mujeres;2014;295
10;Cáceres;10191 Torremenga;Mujeres;2013;305
10;Cáceres;10191 Torremenga;Mujeres;2012;301
10;Cáceres;10191 Torremenga;Mujeres;2011;308
10;Cáceres;10191 Torremenga;Mujeres;2010;308
10;Cáceres;10191 Torremenga;Mujeres;2009;291
10;Cáceres;10191 Torremenga;Mujeres;2008;287
10;Cáceres;10191 Torremenga;Mujeres;2007;300
10;Cáceres;10191 Torremenga;Mujeres;2006;295
10;Cáceres;10191 Torremenga;Mujeres;2005;294
10;Cáceres;10191 Torremenga;Mujeres;2004;295
10;Cáceres;10191 Torremenga;Mujeres;2003;297
10;Cáceres;10191 Torremenga;Mujeres;2002;304
10;Cáceres;10191 Torremenga;Mujeres;2001;269
10;Cáceres;10191 Torremenga;Mujeres;2000;266
10;Cáceres;10191 Torremenga;Mujeres;1999;259
10;Cáceres;10191 Torremenga;Mujeres;1998;259
10;Cáceres;10191 Torremenga;Mujeres;1997;
10;Cáceres;10191 Torremenga;Mujeres;1996;285
10;Cáceres;10192 Torremocha;Total;2023;739
10;Cáceres;10192 Torremocha;Total;2022;763
10;Cáceres;10192 Torremocha;Total;2021;770
10;Cáceres;10192 Torremocha;Total;2020;793
10;Cáceres;10192 Torremocha;Total;2019;798
10;Cáceres;10192 Torremocha;Total;2018;840
10;Cáceres;10192 Torremocha;Total;2017;850
10;Cáceres;10192 Torremocha;Total;2016;875
10;Cáceres;10192 Torremocha;Total;2015;915
10;Cáceres;10192 Torremocha;Total;2014;932
10;Cáceres;10192 Torremocha;Total;2013;941
10;Cáceres;10192 Torremocha;Total;2012;950
10;Cáceres;10192 Torremocha;Total;2011;992
10;Cáceres;10192 Torremocha;Total;2010;1022
10;Cáceres;10192 Torremocha;Total;2009;1038
10;Cáceres;10192 Torremocha;Total;2008;1063
10;Cáceres;10192 Torremocha;Total;2007;1050
10;Cáceres;10192 Torremocha;Total;2006;1096
10;Cáceres;10192 Torremocha;Total;2005;1118
10;Cáceres;10192 Torremocha;Total;2004;1141
10;Cáceres;10192 Torremocha;Total;2003;1152
10;Cáceres;10192 Torremocha;Total;2002;1227
10;Cáceres;10192 Torremocha;Total;2001;1265
10;Cáceres;10192 Torremocha;Total;2000;1277
10;Cáceres;10192 Torremocha;Total;1999;1446
10;Cáceres;10192 Torremocha;Total;1998;1254
10;Cáceres;10192 Torremocha;Total;1997;
10;Cáceres;10192 Torremocha;Total;1996;1285
10;Cáceres;10192 Torremocha;Hombres;2023;375
10;Cáceres;10192 Torremocha;Hombres;2022;383
10;Cáceres;10192 Torremocha;Hombres;2021;384
10;Cáceres;10192 Torremocha;Hombres;2020;395
10;Cáceres;10192 Torremocha;Hombres;2019;399
10;Cáceres;10192 Torremocha;Hombres;2018;420
10;Cáceres;10192 Torremocha;Hombres;2017;419
10;Cáceres;10192 Torremocha;Hombres;2016;429
10;Cáceres;10192 Torremocha;Hombres;2015;449
10;Cáceres;10192 Torremocha;Hombres;2014;457
10;Cáceres;10192 Torremocha;Hombres;2013;462
10;Cáceres;10192 Torremocha;Hombres;2012;469
10;Cáceres;10192 Torremocha;Hombres;2011;481
10;Cáceres;10192 Torremocha;Hombres;2010;493
10;Cáceres;10192 Torremocha;Hombres;2009;505
10;Cáceres;10192 Torremocha;Hombres;2008;526
10;Cáceres;10192 Torremocha;Hombres;2007;513
10;Cáceres;10192 Torremocha;Hombres;2006;541
10;Cáceres;10192 Torremocha;Hombres;2005;554
10;Cáceres;10192 Torremocha;Hombres;2004;572
10;Cáceres;10192 Torremocha;Hombres;2003;570
10;Cáceres;10192 Torremocha;Hombres;2002;595
10;Cáceres;10192 Torremocha;Hombres;2001;609
10;Cáceres;10192 Torremocha;Hombres;2000;616
10;Cáceres;10192 Torremocha;Hombres;1999;698
10;Cáceres;10192 Torremocha;Hombres;1998;597
10;Cáceres;10192 Torremocha;Hombres;1997;
10;Cáceres;10192 Torremocha;Hombres;1996;612
10;Cáceres;10192 Torremocha;Mujeres;2023;364
10;Cáceres;10192 Torremocha;Mujeres;2022;380
10;Cáceres;10192 Torremocha;Mujeres;2021;386
10;Cáceres;10192 Torremocha;Mujeres;2020;398
10;Cáceres;10192 Torremocha;Mujeres;2019;399
10;Cáceres;10192 Torremocha;Mujeres;2018;420
10;Cáceres;10192 Torremocha;Mujeres;2017;431
10;Cáceres;10192 Torremocha;Mujeres;2016;446
10;Cáceres;10192 Torremocha;Mujeres;2015;466
10;Cáceres;10192 Torremocha;Mujeres;2014;475
10;Cáceres;10192 Torremocha;Mujeres;2013;479
10;Cáceres;10192 Torremocha;Mujeres;2012;481
10;Cáceres;10192 Torremocha;Mujeres;2011;511
10;Cáceres;10192 Torremocha;Mujeres;2010;529
10;Cáceres;10192 Torremocha;Mujeres;2009;533
10;Cáceres;10192 Torremocha;Mujeres;2008;537
10;Cáceres;10192 Torremocha;Mujeres;2007;537
10;Cáceres;10192 Torremocha;Mujeres;2006;555
10;Cáceres;10192 Torremocha;Mujeres;2005;564
10;Cáceres;10192 Torremocha;Mujeres;2004;569
10;Cáceres;10192 Torremocha;Mujeres;2003;582
10;Cáceres;10192 Torremocha;Mujeres;2002;632
10;Cáceres;10192 Torremocha;Mujeres;2001;656
10;Cáceres;10192 Torremocha;Mujeres;2000;661
10;Cáceres;10192 Torremocha;Mujeres;1999;748
10;Cáceres;10192 Torremocha;Mujeres;1998;657
10;Cáceres;10192 Torremocha;Mujeres;1997;
10;Cáceres;10192 Torremocha;Mujeres;1996;673
10;Cáceres;10193 Torreorgaz;Total;2023;1682
10;Cáceres;10193 Torreorgaz;Total;2022;1673
10;Cáceres;10193 Torreorgaz;Total;2021;1675
10;Cáceres;10193 Torreorgaz;Total;2020;1656
10;Cáceres;10193 Torreorgaz;Total;2019;1676
10;Cáceres;10193 Torreorgaz;Total;2018;1677
10;Cáceres;10193 Torreorgaz;Total;2017;1669
10;Cáceres;10193 Torreorgaz;Total;2016;1678
10;Cáceres;10193 Torreorgaz;Total;2015;1695
10;Cáceres;10193 Torreorgaz;Total;2014;1710
10;Cáceres;10193 Torreorgaz;Total;2013;1743
10;Cáceres;10193 Torreorgaz;Total;2012;1742
10;Cáceres;10193 Torreorgaz;Total;2011;1773
10;Cáceres;10193 Torreorgaz;Total;2010;1769
10;Cáceres;10193 Torreorgaz;Total;2009;1764
10;Cáceres;10193 Torreorgaz;Total;2008;1759
10;Cáceres;10193 Torreorgaz;Total;2007;1747
10;Cáceres;10193 Torreorgaz;Total;2006;1728
10;Cáceres;10193 Torreorgaz;Total;2005;1713
10;Cáceres;10193 Torreorgaz;Total;2004;1672
10;Cáceres;10193 Torreorgaz;Total;2003;1664
10;Cáceres;10193 Torreorgaz;Total;2002;1670
10;Cáceres;10193 Torreorgaz;Total;2001;1665
10;Cáceres;10193 Torreorgaz;Total;2000;1665
10;Cáceres;10193 Torreorgaz;Total;1999;1615
10;Cáceres;10193 Torreorgaz;Total;1998;1571
10;Cáceres;10193 Torreorgaz;Total;1997;
10;Cáceres;10193 Torreorgaz;Total;1996;1604
10;Cáceres;10193 Torreorgaz;Hombres;2023;839
10;Cáceres;10193 Torreorgaz;Hombres;2022;825
10;Cáceres;10193 Torreorgaz;Hombres;2021;826
10;Cáceres;10193 Torreorgaz;Hombres;2020;813
10;Cáceres;10193 Torreorgaz;Hombres;2019;819
10;Cáceres;10193 Torreorgaz;Hombres;2018;816
10;Cáceres;10193 Torreorgaz;Hombres;2017;811
10;Cáceres;10193 Torreorgaz;Hombres;2016;807
10;Cáceres;10193 Torreorgaz;Hombres;2015;819
10;Cáceres;10193 Torreorgaz;Hombres;2014;825
10;Cáceres;10193 Torreorgaz;Hombres;2013;851
10;Cáceres;10193 Torreorgaz;Hombres;2012;859
10;Cáceres;10193 Torreorgaz;Hombres;2011;872
10;Cáceres;10193 Torreorgaz;Hombres;2010;866
10;Cáceres;10193 Torreorgaz;Hombres;2009;863
10;Cáceres;10193 Torreorgaz;Hombres;2008;861
10;Cáceres;10193 Torreorgaz;Hombres;2007;851
10;Cáceres;10193 Torreorgaz;Hombres;2006;850
10;Cáceres;10193 Torreorgaz;Hombres;2005;843
10;Cáceres;10193 Torreorgaz;Hombres;2004;826
10;Cáceres;10193 Torreorgaz;Hombres;2003;821
10;Cáceres;10193 Torreorgaz;Hombres;2002;837
10;Cáceres;10193 Torreorgaz;Hombres;2001;835
10;Cáceres;10193 Torreorgaz;Hombres;2000;833
10;Cáceres;10193 Torreorgaz;Hombres;1999;816
10;Cáceres;10193 Torreorgaz;Hombres;1998;803
10;Cáceres;10193 Torreorgaz;Hombres;1997;
10;Cáceres;10193 Torreorgaz;Hombres;1996;814
10;Cáceres;10193 Torreorgaz;Mujeres;2023;843
10;Cáceres;10193 Torreorgaz;Mujeres;2022;848
10;Cáceres;10193 Torreorgaz;Mujeres;2021;849
10;Cáceres;10193 Torreorgaz;Mujeres;2020;843
10;Cáceres;10193 Torreorgaz;Mujeres;2019;857
10;Cáceres;10193 Torreorgaz;Mujeres;2018;861
10;Cáceres;10193 Torreorgaz;Mujeres;2017;858
10;Cáceres;10193 Torreorgaz;Mujeres;2016;871
10;Cáceres;10193 Torreorgaz;Mujeres;2015;876
10;Cáceres;10193 Torreorgaz;Mujeres;2014;885
10;Cáceres;10193 Torreorgaz;Mujeres;2013;892
10;Cáceres;10193 Torreorgaz;Mujeres;2012;883
10;Cáceres;10193 Torreorgaz;Mujeres;2011;901
10;Cáceres;10193 Torreorgaz;Mujeres;2010;903
10;Cáceres;10193 Torreorgaz;Mujeres;2009;901
10;Cáceres;10193 Torreorgaz;Mujeres;2008;898
10;Cáceres;10193 Torreorgaz;Mujeres;2007;896
10;Cáceres;10193 Torreorgaz;Mujeres;2006;878
10;Cáceres;10193 Torreorgaz;Mujeres;2005;870
10;Cáceres;10193 Torreorgaz;Mujeres;2004;846
10;Cáceres;10193 Torreorgaz;Mujeres;2003;843
10;Cáceres;10193 Torreorgaz;Mujeres;2002;833
10;Cáceres;10193 Torreorgaz;Mujeres;2001;830
10;Cáceres;10193 Torreorgaz;Mujeres;2000;832
10;Cáceres;10193 Torreorgaz;Mujeres;1999;799
10;Cáceres;10193 Torreorgaz;Mujeres;1998;768
10;Cáceres;10193 Torreorgaz;Mujeres;1997;
10;Cáceres;10193 Torreorgaz;Mujeres;1996;790
10;Cáceres;10194 Torrequemada;Total;2023;567
10;Cáceres;10194 Torrequemada;Total;2022;574
10;Cáceres;10194 Torrequemada;Total;2021;566
10;Cáceres;10194 Torrequemada;Total;2020;560
10;Cáceres;10194 Torrequemada;Total;2019;565
10;Cáceres;10194 Torrequemada;Total;2018;570
10;Cáceres;10194 Torrequemada;Total;2017;587
10;Cáceres;10194 Torrequemada;Total;2016;601
10;Cáceres;10194 Torrequemada;Total;2015;601
10;Cáceres;10194 Torrequemada;Total;2014;586
10;Cáceres;10194 Torrequemada;Total;2013;587
10;Cáceres;10194 Torrequemada;Total;2012;614
10;Cáceres;10194 Torrequemada;Total;2011;611
10;Cáceres;10194 Torrequemada;Total;2010;622
10;Cáceres;10194 Torrequemada;Total;2009;604
10;Cáceres;10194 Torrequemada;Total;2008;608
10;Cáceres;10194 Torrequemada;Total;2007;609
10;Cáceres;10194 Torrequemada;Total;2006;591
10;Cáceres;10194 Torrequemada;Total;2005;610
10;Cáceres;10194 Torrequemada;Total;2004;605
10;Cáceres;10194 Torrequemada;Total;2003;597
10;Cáceres;10194 Torrequemada;Total;2002;613
10;Cáceres;10194 Torrequemada;Total;2001;614
10;Cáceres;10194 Torrequemada;Total;2000;586
10;Cáceres;10194 Torrequemada;Total;1999;615
10;Cáceres;10194 Torrequemada;Total;1998;615
10;Cáceres;10194 Torrequemada;Total;1997;
10;Cáceres;10194 Torrequemada;Total;1996;603
10;Cáceres;10194 Torrequemada;Hombres;2023;278
10;Cáceres;10194 Torrequemada;Hombres;2022;280
10;Cáceres;10194 Torrequemada;Hombres;2021;277
10;Cáceres;10194 Torrequemada;Hombres;2020;275
10;Cáceres;10194 Torrequemada;Hombres;2019;268
10;Cáceres;10194 Torrequemada;Hombres;2018;272
10;Cáceres;10194 Torrequemada;Hombres;2017;281
10;Cáceres;10194 Torrequemada;Hombres;2016;287
10;Cáceres;10194 Torrequemada;Hombres;2015;285
10;Cáceres;10194 Torrequemada;Hombres;2014;277
10;Cáceres;10194 Torrequemada;Hombres;2013;277
10;Cáceres;10194 Torrequemada;Hombres;2012;292
10;Cáceres;10194 Torrequemada;Hombres;2011;288
10;Cáceres;10194 Torrequemada;Hombres;2010;294
10;Cáceres;10194 Torrequemada;Hombres;2009;283
10;Cáceres;10194 Torrequemada;Hombres;2008;291
10;Cáceres;10194 Torrequemada;Hombres;2007;290
10;Cáceres;10194 Torrequemada;Hombres;2006;282
10;Cáceres;10194 Torrequemada;Hombres;2005;290
10;Cáceres;10194 Torrequemada;Hombres;2004;286
10;Cáceres;10194 Torrequemada;Hombres;2003;280
10;Cáceres;10194 Torrequemada;Hombres;2002;289
10;Cáceres;10194 Torrequemada;Hombres;2001;290
10;Cáceres;10194 Torrequemada;Hombres;2000;278
10;Cáceres;10194 Torrequemada;Hombres;1999;293
10;Cáceres;10194 Torrequemada;Hombres;1998;293
10;Cáceres;10194 Torrequemada;Hombres;1997;
10;Cáceres;10194 Torrequemada;Hombres;1996;286
10;Cáceres;10194 Torrequemada;Mujeres;2023;289
10;Cáceres;10194 Torrequemada;Mujeres;2022;294
10;Cáceres;10194 Torrequemada;Mujeres;2021;289
10;Cáceres;10194 Torrequemada;Mujeres;2020;285
10;Cáceres;10194 Torrequemada;Mujeres;2019;297
10;Cáceres;10194 Torrequemada;Mujeres;2018;298
10;Cáceres;10194 Torrequemada;Mujeres;2017;306
10;Cáceres;10194 Torrequemada;Mujeres;2016;314
10;Cáceres;10194 Torrequemada;Mujeres;2015;316
10;Cáceres;10194 Torrequemada;Mujeres;2014;309
10;Cáceres;10194 Torrequemada;Mujeres;2013;310
10;Cáceres;10194 Torrequemada;Mujeres;2012;322
10;Cáceres;10194 Torrequemada;Mujeres;2011;323
10;Cáceres;10194 Torrequemada;Mujeres;2010;328
10;Cáceres;10194 Torrequemada;Mujeres;2009;321
10;Cáceres;10194 Torrequemada;Mujeres;2008;317
10;Cáceres;10194 Torrequemada;Mujeres;2007;319
10;Cáceres;10194 Torrequemada;Mujeres;2006;309
10;Cáceres;10194 Torrequemada;Mujeres;2005;320
10;Cáceres;10194 Torrequemada;Mujeres;2004;319
10;Cáceres;10194 Torrequemada;Mujeres;2003;317
10;Cáceres;10194 Torrequemada;Mujeres;2002;324
10;Cáceres;10194 Torrequemada;Mujeres;2001;324
10;Cáceres;10194 Torrequemada;Mujeres;2000;308
10;Cáceres;10194 Torrequemada;Mujeres;1999;322
10;Cáceres;10194 Torrequemada;Mujeres;1998;322
10;Cáceres;10194 Torrequemada;Mujeres;1997;
10;Cáceres;10194 Torrequemada;Mujeres;1996;317
10;Cáceres;10195 Trujillo;Total;2023;8605
10;Cáceres;10195 Trujillo;Total;2022;8695
10;Cáceres;10195 Trujillo;Total;2021;8821
10;Cáceres;10195 Trujillo;Total;2020;8912
10;Cáceres;10195 Trujillo;Total;2019;9012
10;Cáceres;10195 Trujillo;Total;2018;9193
10;Cáceres;10195 Trujillo;Total;2017;9274
10;Cáceres;10195 Trujillo;Total;2016;9436
10;Cáceres;10195 Trujillo;Total;2015;9510
10;Cáceres;10195 Trujillo;Total;2014;9558
10;Cáceres;10195 Trujillo;Total;2013;9085
10;Cáceres;10195 Trujillo;Total;2012;9646
10;Cáceres;10195 Trujillo;Total;2011;9623
10;Cáceres;10195 Trujillo;Total;2010;9692
10;Cáceres;10195 Trujillo;Total;2009;9822
10;Cáceres;10195 Trujillo;Total;2008;9860
10;Cáceres;10195 Trujillo;Total;2007;9766
10;Cáceres;10195 Trujillo;Total;2006;9770
10;Cáceres;10195 Trujillo;Total;2005;9672
10;Cáceres;10195 Trujillo;Total;2004;9406
10;Cáceres;10195 Trujillo;Total;2003;9564
10;Cáceres;10195 Trujillo;Total;2002;9456
10;Cáceres;10195 Trujillo;Total;2001;9262
10;Cáceres;10195 Trujillo;Total;2000;8713
10;Cáceres;10195 Trujillo;Total;1999;9070
10;Cáceres;10195 Trujillo;Total;1998;9070
10;Cáceres;10195 Trujillo;Total;1997;
10;Cáceres;10195 Trujillo;Total;1996;9315
10;Cáceres;10195 Trujillo;Hombres;2023;4192
10;Cáceres;10195 Trujillo;Hombres;2022;4269
10;Cáceres;10195 Trujillo;Hombres;2021;4303
10;Cáceres;10195 Trujillo;Hombres;2020;4335
10;Cáceres;10195 Trujillo;Hombres;2019;4394
10;Cáceres;10195 Trujillo;Hombres;2018;4477
10;Cáceres;10195 Trujillo;Hombres;2017;4534
10;Cáceres;10195 Trujillo;Hombres;2016;4573
10;Cáceres;10195 Trujillo;Hombres;2015;4620
10;Cáceres;10195 Trujillo;Hombres;2014;4643
10;Cáceres;10195 Trujillo;Hombres;2013;4396
10;Cáceres;10195 Trujillo;Hombres;2012;4727
10;Cáceres;10195 Trujillo;Hombres;2011;4707
10;Cáceres;10195 Trujillo;Hombres;2010;4742
10;Cáceres;10195 Trujillo;Hombres;2009;4828
10;Cáceres;10195 Trujillo;Hombres;2008;4840
10;Cáceres;10195 Trujillo;Hombres;2007;4782
10;Cáceres;10195 Trujillo;Hombres;2006;4785
10;Cáceres;10195 Trujillo;Hombres;2005;4748
10;Cáceres;10195 Trujillo;Hombres;2004;4621
10;Cáceres;10195 Trujillo;Hombres;2003;4698
10;Cáceres;10195 Trujillo;Hombres;2002;4632
10;Cáceres;10195 Trujillo;Hombres;2001;4516
10;Cáceres;10195 Trujillo;Hombres;2000;4199
10;Cáceres;10195 Trujillo;Hombres;1999;4366
10;Cáceres;10195 Trujillo;Hombres;1998;4366
10;Cáceres;10195 Trujillo;Hombres;1997;
10;Cáceres;10195 Trujillo;Hombres;1996;4438
10;Cáceres;10195 Trujillo;Mujeres;2023;4413
10;Cáceres;10195 Trujillo;Mujeres;2022;4426
10;Cáceres;10195 Trujillo;Mujeres;2021;4518
10;Cáceres;10195 Trujillo;Mujeres;2020;4577
10;Cáceres;10195 Trujillo;Mujeres;2019;4618
10;Cáceres;10195 Trujillo;Mujeres;2018;4716
10;Cáceres;10195 Trujillo;Mujeres;2017;4740
10;Cáceres;10195 Trujillo;Mujeres;2016;4863
10;Cáceres;10195 Trujillo;Mujeres;2015;4890
10;Cáceres;10195 Trujillo;Mujeres;2014;4915
10;Cáceres;10195 Trujillo;Mujeres;2013;4689
10;Cáceres;10195 Trujillo;Mujeres;2012;4919
10;Cáceres;10195 Trujillo;Mujeres;2011;4916
10;Cáceres;10195 Trujillo;Mujeres;2010;4950
10;Cáceres;10195 Trujillo;Mujeres;2009;4994
10;Cáceres;10195 Trujillo;Mujeres;2008;5020
10;Cáceres;10195 Trujillo;Mujeres;2007;4984
10;Cáceres;10195 Trujillo;Mujeres;2006;4985
10;Cáceres;10195 Trujillo;Mujeres;2005;4924
10;Cáceres;10195 Trujillo;Mujeres;2004;4785
10;Cáceres;10195 Trujillo;Mujeres;2003;4866
10;Cáceres;10195 Trujillo;Mujeres;2002;4824
10;Cáceres;10195 Trujillo;Mujeres;2001;4746
10;Cáceres;10195 Trujillo;Mujeres;2000;4514
10;Cáceres;10195 Trujillo;Mujeres;1999;4704
10;Cáceres;10195 Trujillo;Mujeres;1998;4704
10;Cáceres;10195 Trujillo;Mujeres;1997;
10;Cáceres;10195 Trujillo;Mujeres;1996;4877
10;Cáceres;10196 Valdastillas;Total;2023;311
10;Cáceres;10196 Valdastillas;Total;2022;323
10;Cáceres;10196 Valdastillas;Total;2021;312
10;Cáceres;10196 Valdastillas;Total;2020;321
10;Cáceres;10196 Valdastillas;Total;2019;321
10;Cáceres;10196 Valdastillas;Total;2018;334
10;Cáceres;10196 Valdastillas;Total;2017;327
10;Cáceres;10196 Valdastillas;Total;2016;325
10;Cáceres;10196 Valdastillas;Total;2015;334
10;Cáceres;10196 Valdastillas;Total;2014;335
10;Cáceres;10196 Valdastillas;Total;2013;334
10;Cáceres;10196 Valdastillas;Total;2012;361
10;Cáceres;10196 Valdastillas;Total;2011;365
10;Cáceres;10196 Valdastillas;Total;2010;368
10;Cáceres;10196 Valdastillas;Total;2009;380
10;Cáceres;10196 Valdastillas;Total;2008;376
10;Cáceres;10196 Valdastillas;Total;2007;362
10;Cáceres;10196 Valdastillas;Total;2006;368
10;Cáceres;10196 Valdastillas;Total;2005;371
10;Cáceres;10196 Valdastillas;Total;2004;332
10;Cáceres;10196 Valdastillas;Total;2003;350
10;Cáceres;10196 Valdastillas;Total;2002;358
10;Cáceres;10196 Valdastillas;Total;2001;376
10;Cáceres;10196 Valdastillas;Total;2000;401
10;Cáceres;10196 Valdastillas;Total;1999;414
10;Cáceres;10196 Valdastillas;Total;1998;419
10;Cáceres;10196 Valdastillas;Total;1997;
10;Cáceres;10196 Valdastillas;Total;1996;440
10;Cáceres;10196 Valdastillas;Hombres;2023;158
10;Cáceres;10196 Valdastillas;Hombres;2022;165
10;Cáceres;10196 Valdastillas;Hombres;2021;158
10;Cáceres;10196 Valdastillas;Hombres;2020;165
10;Cáceres;10196 Valdastillas;Hombres;2019;166
10;Cáceres;10196 Valdastillas;Hombres;2018;175
10;Cáceres;10196 Valdastillas;Hombres;2017;173
10;Cáceres;10196 Valdastillas;Hombres;2016;166
10;Cáceres;10196 Valdastillas;Hombres;2015;170
10;Cáceres;10196 Valdastillas;Hombres;2014;174
10;Cáceres;10196 Valdastillas;Hombres;2013;174
10;Cáceres;10196 Valdastillas;Hombres;2012;192
10;Cáceres;10196 Valdastillas;Hombres;2011;192
10;Cáceres;10196 Valdastillas;Hombres;2010;196
10;Cáceres;10196 Valdastillas;Hombres;2009;203
10;Cáceres;10196 Valdastillas;Hombres;2008;202
10;Cáceres;10196 Valdastillas;Hombres;2007;191
10;Cáceres;10196 Valdastillas;Hombres;2006;197
10;Cáceres;10196 Valdastillas;Hombres;2005;193
10;Cáceres;10196 Valdastillas;Hombres;2004;169
10;Cáceres;10196 Valdastillas;Hombres;2003;176
10;Cáceres;10196 Valdastillas;Hombres;2002;179
10;Cáceres;10196 Valdastillas;Hombres;2001;190
10;Cáceres;10196 Valdastillas;Hombres;2000;200
10;Cáceres;10196 Valdastillas;Hombres;1999;206
10;Cáceres;10196 Valdastillas;Hombres;1998;209
10;Cáceres;10196 Valdastillas;Hombres;1997;
10;Cáceres;10196 Valdastillas;Hombres;1996;217
10;Cáceres;10196 Valdastillas;Mujeres;2023;153
10;Cáceres;10196 Valdastillas;Mujeres;2022;158
10;Cáceres;10196 Valdastillas;Mujeres;2021;154
10;Cáceres;10196 Valdastillas;Mujeres;2020;156
10;Cáceres;10196 Valdastillas;Mujeres;2019;155
10;Cáceres;10196 Valdastillas;Mujeres;2018;159
10;Cáceres;10196 Valdastillas;Mujeres;2017;154
10;Cáceres;10196 Valdastillas;Mujeres;2016;159
10;Cáceres;10196 Valdastillas;Mujeres;2015;164
10;Cáceres;10196 Valdastillas;Mujeres;2014;161
10;Cáceres;10196 Valdastillas;Mujeres;2013;160
10;Cáceres;10196 Valdastillas;Mujeres;2012;169
10;Cáceres;10196 Valdastillas;Mujeres;2011;173
10;Cáceres;10196 Valdastillas;Mujeres;2010;172
10;Cáceres;10196 Valdastillas;Mujeres;2009;177
10;Cáceres;10196 Valdastillas;Mujeres;2008;174
10;Cáceres;10196 Valdastillas;Mujeres;2007;171
10;Cáceres;10196 Valdastillas;Mujeres;2006;171
10;Cáceres;10196 Valdastillas;Mujeres;2005;178
10;Cáceres;10196 Valdastillas;Mujeres;2004;163
10;Cáceres;10196 Valdastillas;Mujeres;2003;174
10;Cáceres;10196 Valdastillas;Mujeres;2002;179
10;Cáceres;10196 Valdastillas;Mujeres;2001;186
10;Cáceres;10196 Valdastillas;Mujeres;2000;201
10;Cáceres;10196 Valdastillas;Mujeres;1999;208
10;Cáceres;10196 Valdastillas;Mujeres;1998;210
10;Cáceres;10196 Valdastillas;Mujeres;1997;
10;Cáceres;10196 Valdastillas;Mujeres;1996;223
10;Cáceres;10197 Valdecañas de Tajo;Total;2023;109
10;Cáceres;10197 Valdecañas de Tajo;Total;2022;119
10;Cáceres;10197 Valdecañas de Tajo;Total;2021;113
10;Cáceres;10197 Valdecañas de Tajo;Total;2020;106
10;Cáceres;10197 Valdecañas de Tajo;Total;2019;110
10;Cáceres;10197 Valdecañas de Tajo;Total;2018;99
10;Cáceres;10197 Valdecañas de Tajo;Total;2017;123
10;Cáceres;10197 Valdecañas de Tajo;Total;2016;133
10;Cáceres;10197 Valdecañas de Tajo;Total;2015;137
10;Cáceres;10197 Valdecañas de Tajo;Total;2014;139
10;Cáceres;10197 Valdecañas de Tajo;Total;2013;135
10;Cáceres;10197 Valdecañas de Tajo;Total;2012;136
10;Cáceres;10197 Valdecañas de Tajo;Total;2011;121
10;Cáceres;10197 Valdecañas de Tajo;Total;2010;113
10;Cáceres;10197 Valdecañas de Tajo;Total;2009;119
10;Cáceres;10197 Valdecañas de Tajo;Total;2008;135
10;Cáceres;10197 Valdecañas de Tajo;Total;2007;155
10;Cáceres;10197 Valdecañas de Tajo;Total;2006;168
10;Cáceres;10197 Valdecañas de Tajo;Total;2005;186
10;Cáceres;10197 Valdecañas de Tajo;Total;2004;200
10;Cáceres;10197 Valdecañas de Tajo;Total;2003;196
10;Cáceres;10197 Valdecañas de Tajo;Total;2002;230
10;Cáceres;10197 Valdecañas de Tajo;Total;2001;247
10;Cáceres;10197 Valdecañas de Tajo;Total;2000;284
10;Cáceres;10197 Valdecañas de Tajo;Total;1999;270
10;Cáceres;10197 Valdecañas de Tajo;Total;1998;140
10;Cáceres;10197 Valdecañas de Tajo;Total;1997;
10;Cáceres;10197 Valdecañas de Tajo;Total;1996;149
10;Cáceres;10197 Valdecañas de Tajo;Hombres;2023;56
10;Cáceres;10197 Valdecañas de Tajo;Hombres;2022;61
10;Cáceres;10197 Valdecañas de Tajo;Hombres;2021;55
10;Cáceres;10197 Valdecañas de Tajo;Hombres;2020;53
10;Cáceres;10197 Valdecañas de Tajo;Hombres;2019;59
10;Cáceres;10197 Valdecañas de Tajo;Hombres;2018;55
10;Cáceres;10197 Valdecañas de Tajo;Hombres;2017;66
10;Cáceres;10197 Valdecañas de Tajo;Hombres;2016;72
10;Cáceres;10197 Valdecañas de Tajo;Hombres;2015;76
10;Cáceres;10197 Valdecañas de Tajo;Hombres;2014;74
10;Cáceres;10197 Valdecañas de Tajo;Hombres;2013;69
10;Cáceres;10197 Valdecañas de Tajo;Hombres;2012;71
10;Cáceres;10197 Valdecañas de Tajo;Hombres;2011;67
10;Cáceres;10197 Valdecañas de Tajo;Hombres;2010;67
10;Cáceres;10197 Valdecañas de Tajo;Hombres;2009;69
10;Cáceres;10197 Valdecañas de Tajo;Hombres;2008;76
10;Cáceres;10197 Valdecañas de Tajo;Hombres;2007;87
10;Cáceres;10197 Valdecañas de Tajo;Hombres;2006;98
10;Cáceres;10197 Valdecañas de Tajo;Hombres;2005;103
10;Cáceres;10197 Valdecañas de Tajo;Hombres;2004;108
10;Cáceres;10197 Valdecañas de Tajo;Hombres;2003;109
10;Cáceres;10197 Valdecañas de Tajo;Hombres;2002;124
10;Cáceres;10197 Valdecañas de Tajo;Hombres;2001;134
10;Cáceres;10197 Valdecañas de Tajo;Hombres;2000;151
10;Cáceres;10197 Valdecañas de Tajo;Hombres;1999;138
10;Cáceres;10197 Valdecañas de Tajo;Hombres;1998;77
10;Cáceres;10197 Valdecañas de Tajo;Hombres;1997;
10;Cáceres;10197 Valdecañas de Tajo;Hombres;1996;82
10;Cáceres;10197 Valdecañas de Tajo;Mujeres;2023;53
10;Cáceres;10197 Valdecañas de Tajo;Mujeres;2022;58
10;Cáceres;10197 Valdecañas de Tajo;Mujeres;2021;58
10;Cáceres;10197 Valdecañas de Tajo;Mujeres;2020;53
10;Cáceres;10197 Valdecañas de Tajo;Mujeres;2019;51
10;Cáceres;10197 Valdecañas de Tajo;Mujeres;2018;44
10;Cáceres;10197 Valdecañas de Tajo;Mujeres;2017;57
10;Cáceres;10197 Valdecañas de Tajo;Mujeres;2016;61
10;Cáceres;10197 Valdecañas de Tajo;Mujeres;2015;61
10;Cáceres;10197 Valdecañas de Tajo;Mujeres;2014;65
10;Cáceres;10197 Valdecañas de Tajo;Mujeres;2013;66
10;Cáceres;10197 Valdecañas de Tajo;Mujeres;2012;65
10;Cáceres;10197 Valdecañas de Tajo;Mujeres;2011;54
10;Cáceres;10197 Valdecañas de Tajo;Mujeres;2010;46
10;Cáceres;10197 Valdecañas de Tajo;Mujeres;2009;50
10;Cáceres;10197 Valdecañas de Tajo;Mujeres;2008;59
10;Cáceres;10197 Valdecañas de Tajo;Mujeres;2007;68
10;Cáceres;10197 Valdecañas de Tajo;Mujeres;2006;70
10;Cáceres;10197 Valdecañas de Tajo;Mujeres;2005;83
10;Cáceres;10197 Valdecañas de Tajo;Mujeres;2004;92
10;Cáceres;10197 Valdecañas de Tajo;Mujeres;2003;87
10;Cáceres;10197 Valdecañas de Tajo;Mujeres;2002;106
10;Cáceres;10197 Valdecañas de Tajo;Mujeres;2001;113
10;Cáceres;10197 Valdecañas de Tajo;Mujeres;2000;133
10;Cáceres;10197 Valdecañas de Tajo;Mujeres;1999;132
10;Cáceres;10197 Valdecañas de Tajo;Mujeres;1998;63
10;Cáceres;10197 Valdecañas de Tajo;Mujeres;1997;
10;Cáceres;10197 Valdecañas de Tajo;Mujeres;1996;67
10;Cáceres;10198 Valdefuentes;Total;2023;1104
10;Cáceres;10198 Valdefuentes;Total;2022;1122
10;Cáceres;10198 Valdefuentes;Total;2021;1147
10;Cáceres;10198 Valdefuentes;Total;2020;1139
10;Cáceres;10198 Valdefuentes;Total;2019;1174
10;Cáceres;10198 Valdefuentes;Total;2018;1230
10;Cáceres;10198 Valdefuentes;Total;2017;1251
10;Cáceres;10198 Valdefuentes;Total;2016;1277
10;Cáceres;10198 Valdefuentes;Total;2015;1293
10;Cáceres;10198 Valdefuentes;Total;2014;1307
10;Cáceres;10198 Valdefuentes;Total;2013;1328
10;Cáceres;10198 Valdefuentes;Total;2012;1362
10;Cáceres;10198 Valdefuentes;Total;2011;1373
10;Cáceres;10198 Valdefuentes;Total;2010;1387
10;Cáceres;10198 Valdefuentes;Total;2009;1415
10;Cáceres;10198 Valdefuentes;Total;2008;1461
10;Cáceres;10198 Valdefuentes;Total;2007;1457
10;Cáceres;10198 Valdefuentes;Total;2006;1489
10;Cáceres;10198 Valdefuentes;Total;2005;1515
10;Cáceres;10198 Valdefuentes;Total;2004;1552
10;Cáceres;10198 Valdefuentes;Total;2003;1535
10;Cáceres;10198 Valdefuentes;Total;2002;1491
10;Cáceres;10198 Valdefuentes;Total;2001;1511
10;Cáceres;10198 Valdefuentes;Total;2000;1555
10;Cáceres;10198 Valdefuentes;Total;1999;1576
10;Cáceres;10198 Valdefuentes;Total;1998;1583
10;Cáceres;10198 Valdefuentes;Total;1997;
10;Cáceres;10198 Valdefuentes;Total;1996;1606
10;Cáceres;10198 Valdefuentes;Hombres;2023;531
10;Cáceres;10198 Valdefuentes;Hombres;2022;538
10;Cáceres;10198 Valdefuentes;Hombres;2021;561
10;Cáceres;10198 Valdefuentes;Hombres;2020;562
10;Cáceres;10198 Valdefuentes;Hombres;2019;577
10;Cáceres;10198 Valdefuentes;Hombres;2018;605
10;Cáceres;10198 Valdefuentes;Hombres;2017;621
10;Cáceres;10198 Valdefuentes;Hombres;2016;630
10;Cáceres;10198 Valdefuentes;Hombres;2015;637
10;Cáceres;10198 Valdefuentes;Hombres;2014;643
10;Cáceres;10198 Valdefuentes;Hombres;2013;658
10;Cáceres;10198 Valdefuentes;Hombres;2012;675
10;Cáceres;10198 Valdefuentes;Hombres;2011;677
10;Cáceres;10198 Valdefuentes;Hombres;2010;681
10;Cáceres;10198 Valdefuentes;Hombres;2009;698
10;Cáceres;10198 Valdefuentes;Hombres;2008;742
10;Cáceres;10198 Valdefuentes;Hombres;2007;744
10;Cáceres;10198 Valdefuentes;Hombres;2006;765
10;Cáceres;10198 Valdefuentes;Hombres;2005;780
10;Cáceres;10198 Valdefuentes;Hombres;2004;791
10;Cáceres;10198 Valdefuentes;Hombres;2003;777
10;Cáceres;10198 Valdefuentes;Hombres;2002;763
10;Cáceres;10198 Valdefuentes;Hombres;2001;759
10;Cáceres;10198 Valdefuentes;Hombres;2000;781
10;Cáceres;10198 Valdefuentes;Hombres;1999;785
10;Cáceres;10198 Valdefuentes;Hombres;1998;796
10;Cáceres;10198 Valdefuentes;Hombres;1997;
10;Cáceres;10198 Valdefuentes;Hombres;1996;786
10;Cáceres;10198 Valdefuentes;Mujeres;2023;573
10;Cáceres;10198 Valdefuentes;Mujeres;2022;584
10;Cáceres;10198 Valdefuentes;Mujeres;2021;586
10;Cáceres;10198 Valdefuentes;Mujeres;2020;577
10;Cáceres;10198 Valdefuentes;Mujeres;2019;597
10;Cáceres;10198 Valdefuentes;Mujeres;2018;625
10;Cáceres;10198 Valdefuentes;Mujeres;2017;630
10;Cáceres;10198 Valdefuentes;Mujeres;2016;647
10;Cáceres;10198 Valdefuentes;Mujeres;2015;656
10;Cáceres;10198 Valdefuentes;Mujeres;2014;664
10;Cáceres;10198 Valdefuentes;Mujeres;2013;670
10;Cáceres;10198 Valdefuentes;Mujeres;2012;687
10;Cáceres;10198 Valdefuentes;Mujeres;2011;696
10;Cáceres;10198 Valdefuentes;Mujeres;2010;706
10;Cáceres;10198 Valdefuentes;Mujeres;2009;717
10;Cáceres;10198 Valdefuentes;Mujeres;2008;719
10;Cáceres;10198 Valdefuentes;Mujeres;2007;713
10;Cáceres;10198 Valdefuentes;Mujeres;2006;724
10;Cáceres;10198 Valdefuentes;Mujeres;2005;735
10;Cáceres;10198 Valdefuentes;Mujeres;2004;761
10;Cáceres;10198 Valdefuentes;Mujeres;2003;758
10;Cáceres;10198 Valdefuentes;Mujeres;2002;728
10;Cáceres;10198 Valdefuentes;Mujeres;2001;752
10;Cáceres;10198 Valdefuentes;Mujeres;2000;774
10;Cáceres;10198 Valdefuentes;Mujeres;1999;791
10;Cáceres;10198 Valdefuentes;Mujeres;1998;787
10;Cáceres;10198 Valdefuentes;Mujeres;1997;
10;Cáceres;10198 Valdefuentes;Mujeres;1996;820
10;Cáceres;10199 Valdehúncar;Total;2023;194
10;Cáceres;10199 Valdehúncar;Total;2022;185
10;Cáceres;10199 Valdehúncar;Total;2021;179
10;Cáceres;10199 Valdehúncar;Total;2020;171
10;Cáceres;10199 Valdehúncar;Total;2019;175
10;Cáceres;10199 Valdehúncar;Total;2018;178
10;Cáceres;10199 Valdehúncar;Total;2017;179
10;Cáceres;10199 Valdehúncar;Total;2016;182
10;Cáceres;10199 Valdehúncar;Total;2015;187
10;Cáceres;10199 Valdehúncar;Total;2014;198
10;Cáceres;10199 Valdehúncar;Total;2013;194
10;Cáceres;10199 Valdehúncar;Total;2012;200
10;Cáceres;10199 Valdehúncar;Total;2011;210
10;Cáceres;10199 Valdehúncar;Total;2010;209
10;Cáceres;10199 Valdehúncar;Total;2009;212
10;Cáceres;10199 Valdehúncar;Total;2008;208
10;Cáceres;10199 Valdehúncar;Total;2007;189
10;Cáceres;10199 Valdehúncar;Total;2006;194
10;Cáceres;10199 Valdehúncar;Total;2005;198
10;Cáceres;10199 Valdehúncar;Total;2004;207
10;Cáceres;10199 Valdehúncar;Total;2003;207
10;Cáceres;10199 Valdehúncar;Total;2002;221
10;Cáceres;10199 Valdehúncar;Total;2001;214
10;Cáceres;10199 Valdehúncar;Total;2000;214
10;Cáceres;10199 Valdehúncar;Total;1999;206
10;Cáceres;10199 Valdehúncar;Total;1998;178
10;Cáceres;10199 Valdehúncar;Total;1997;
10;Cáceres;10199 Valdehúncar;Total;1996;180
10;Cáceres;10199 Valdehúncar;Hombres;2023;105
10;Cáceres;10199 Valdehúncar;Hombres;2022;101
10;Cáceres;10199 Valdehúncar;Hombres;2021;96
10;Cáceres;10199 Valdehúncar;Hombres;2020;92
10;Cáceres;10199 Valdehúncar;Hombres;2019;95
10;Cáceres;10199 Valdehúncar;Hombres;2018;96
10;Cáceres;10199 Valdehúncar;Hombres;2017;95
10;Cáceres;10199 Valdehúncar;Hombres;2016;95
10;Cáceres;10199 Valdehúncar;Hombres;2015;99
10;Cáceres;10199 Valdehúncar;Hombres;2014;106
10;Cáceres;10199 Valdehúncar;Hombres;2013;102
10;Cáceres;10199 Valdehúncar;Hombres;2012;104
10;Cáceres;10199 Valdehúncar;Hombres;2011;112
10;Cáceres;10199 Valdehúncar;Hombres;2010;112
10;Cáceres;10199 Valdehúncar;Hombres;2009;111
10;Cáceres;10199 Valdehúncar;Hombres;2008;111
10;Cáceres;10199 Valdehúncar;Hombres;2007;97
10;Cáceres;10199 Valdehúncar;Hombres;2006;96
10;Cáceres;10199 Valdehúncar;Hombres;2005;98
10;Cáceres;10199 Valdehúncar;Hombres;2004;106
10;Cáceres;10199 Valdehúncar;Hombres;2003;107
10;Cáceres;10199 Valdehúncar;Hombres;2002;113
10;Cáceres;10199 Valdehúncar;Hombres;2001;107
10;Cáceres;10199 Valdehúncar;Hombres;2000;106
10;Cáceres;10199 Valdehúncar;Hombres;1999;101
10;Cáceres;10199 Valdehúncar;Hombres;1998;87
10;Cáceres;10199 Valdehúncar;Hombres;1997;
10;Cáceres;10199 Valdehúncar;Hombres;1996;86
10;Cáceres;10199 Valdehúncar;Mujeres;2023;89
10;Cáceres;10199 Valdehúncar;Mujeres;2022;84
10;Cáceres;10199 Valdehúncar;Mujeres;2021;83
10;Cáceres;10199 Valdehúncar;Mujeres;2020;79
10;Cáceres;10199 Valdehúncar;Mujeres;2019;80
10;Cáceres;10199 Valdehúncar;Mujeres;2018;82
10;Cáceres;10199 Valdehúncar;Mujeres;2017;84
10;Cáceres;10199 Valdehúncar;Mujeres;2016;87
10;Cáceres;10199 Valdehúncar;Mujeres;2015;88
10;Cáceres;10199 Valdehúncar;Mujeres;2014;92
10;Cáceres;10199 Valdehúncar;Mujeres;2013;92
10;Cáceres;10199 Valdehúncar;Mujeres;2012;96
10;Cáceres;10199 Valdehúncar;Mujeres;2011;98
10;Cáceres;10199 Valdehúncar;Mujeres;2010;97
10;Cáceres;10199 Valdehúncar;Mujeres;2009;101
10;Cáceres;10199 Valdehúncar;Mujeres;2008;97
10;Cáceres;10199 Valdehúncar;Mujeres;2007;92
10;Cáceres;10199 Valdehúncar;Mujeres;2006;98
10;Cáceres;10199 Valdehúncar;Mujeres;2005;100
10;Cáceres;10199 Valdehúncar;Mujeres;2004;101
10;Cáceres;10199 Valdehúncar;Mujeres;2003;100
10;Cáceres;10199 Valdehúncar;Mujeres;2002;108
10;Cáceres;10199 Valdehúncar;Mujeres;2001;107
10;Cáceres;10199 Valdehúncar;Mujeres;2000;108
10;Cáceres;10199 Valdehúncar;Mujeres;1999;105
10;Cáceres;10199 Valdehúncar;Mujeres;1998;91
10;Cáceres;10199 Valdehúncar;Mujeres;1997;
10;Cáceres;10199 Valdehúncar;Mujeres;1996;94
10;Cáceres;10200 Valdelacasa de Tajo;Total;2023;339
10;Cáceres;10200 Valdelacasa de Tajo;Total;2022;341
10;Cáceres;10200 Valdelacasa de Tajo;Total;2021;346
10;Cáceres;10200 Valdelacasa de Tajo;Total;2020;348
10;Cáceres;10200 Valdelacasa de Tajo;Total;2019;348
10;Cáceres;10200 Valdelacasa de Tajo;Total;2018;361
10;Cáceres;10200 Valdelacasa de Tajo;Total;2017;387
10;Cáceres;10200 Valdelacasa de Tajo;Total;2016;407
10;Cáceres;10200 Valdelacasa de Tajo;Total;2015;455
10;Cáceres;10200 Valdelacasa de Tajo;Total;2014;424
10;Cáceres;10200 Valdelacasa de Tajo;Total;2013;439
10;Cáceres;10200 Valdelacasa de Tajo;Total;2012;468
10;Cáceres;10200 Valdelacasa de Tajo;Total;2011;560
10;Cáceres;10200 Valdelacasa de Tajo;Total;2010;446
10;Cáceres;10200 Valdelacasa de Tajo;Total;2009;455
10;Cáceres;10200 Valdelacasa de Tajo;Total;2008;464
10;Cáceres;10200 Valdelacasa de Tajo;Total;2007;466
10;Cáceres;10200 Valdelacasa de Tajo;Total;2006;477
10;Cáceres;10200 Valdelacasa de Tajo;Total;2005;497
10;Cáceres;10200 Valdelacasa de Tajo;Total;2004;534
10;Cáceres;10200 Valdelacasa de Tajo;Total;2003;596
10;Cáceres;10200 Valdelacasa de Tajo;Total;2002;484
10;Cáceres;10200 Valdelacasa de Tajo;Total;2001;526
10;Cáceres;10200 Valdelacasa de Tajo;Total;2000;539
10;Cáceres;10200 Valdelacasa de Tajo;Total;1999;561
10;Cáceres;10200 Valdelacasa de Tajo;Total;1998;583
10;Cáceres;10200 Valdelacasa de Tajo;Total;1997;
10;Cáceres;10200 Valdelacasa de Tajo;Total;1996;618
10;Cáceres;10200 Valdelacasa de Tajo;Hombres;2023;178
10;Cáceres;10200 Valdelacasa de Tajo;Hombres;2022;181
10;Cáceres;10200 Valdelacasa de Tajo;Hombres;2021;188
10;Cáceres;10200 Valdelacasa de Tajo;Hombres;2020;183
10;Cáceres;10200 Valdelacasa de Tajo;Hombres;2019;184
10;Cáceres;10200 Valdelacasa de Tajo;Hombres;2018;188
10;Cáceres;10200 Valdelacasa de Tajo;Hombres;2017;199
10;Cáceres;10200 Valdelacasa de Tajo;Hombres;2016;208
10;Cáceres;10200 Valdelacasa de Tajo;Hombres;2015;227
10;Cáceres;10200 Valdelacasa de Tajo;Hombres;2014;213
10;Cáceres;10200 Valdelacasa de Tajo;Hombres;2013;226
10;Cáceres;10200 Valdelacasa de Tajo;Hombres;2012;238
10;Cáceres;10200 Valdelacasa de Tajo;Hombres;2011;280
10;Cáceres;10200 Valdelacasa de Tajo;Hombres;2010;216
10;Cáceres;10200 Valdelacasa de Tajo;Hombres;2009;218
10;Cáceres;10200 Valdelacasa de Tajo;Hombres;2008;229
10;Cáceres;10200 Valdelacasa de Tajo;Hombres;2007;226
10;Cáceres;10200 Valdelacasa de Tajo;Hombres;2006;228
10;Cáceres;10200 Valdelacasa de Tajo;Hombres;2005;239
10;Cáceres;10200 Valdelacasa de Tajo;Hombres;2004;257
10;Cáceres;10200 Valdelacasa de Tajo;Hombres;2003;286
10;Cáceres;10200 Valdelacasa de Tajo;Hombres;2002;235
10;Cáceres;10200 Valdelacasa de Tajo;Hombres;2001;247
10;Cáceres;10200 Valdelacasa de Tajo;Hombres;2000;252
10;Cáceres;10200 Valdelacasa de Tajo;Hombres;1999;264
10;Cáceres;10200 Valdelacasa de Tajo;Hombres;1998;277
10;Cáceres;10200 Valdelacasa de Tajo;Hombres;1997;
10;Cáceres;10200 Valdelacasa de Tajo;Hombres;1996;284
10;Cáceres;10200 Valdelacasa de Tajo;Mujeres;2023;161
10;Cáceres;10200 Valdelacasa de Tajo;Mujeres;2022;160
10;Cáceres;10200 Valdelacasa de Tajo;Mujeres;2021;158
10;Cáceres;10200 Valdelacasa de Tajo;Mujeres;2020;165
10;Cáceres;10200 Valdelacasa de Tajo;Mujeres;2019;164
10;Cáceres;10200 Valdelacasa de Tajo;Mujeres;2018;173
10;Cáceres;10200 Valdelacasa de Tajo;Mujeres;2017;188
10;Cáceres;10200 Valdelacasa de Tajo;Mujeres;2016;199
10;Cáceres;10200 Valdelacasa de Tajo;Mujeres;2015;228
10;Cáceres;10200 Valdelacasa de Tajo;Mujeres;2014;211
10;Cáceres;10200 Valdelacasa de Tajo;Mujeres;2013;213
10;Cáceres;10200 Valdelacasa de Tajo;Mujeres;2012;230
10;Cáceres;10200 Valdelacasa de Tajo;Mujeres;2011;280
10;Cáceres;10200 Valdelacasa de Tajo;Mujeres;2010;230
10;Cáceres;10200 Valdelacasa de Tajo;Mujeres;2009;237
10;Cáceres;10200 Valdelacasa de Tajo;Mujeres;2008;235
10;Cáceres;10200 Valdelacasa de Tajo;Mujeres;2007;240
10;Cáceres;10200 Valdelacasa de Tajo;Mujeres;2006;249
10;Cáceres;10200 Valdelacasa de Tajo;Mujeres;2005;258
10;Cáceres;10200 Valdelacasa de Tajo;Mujeres;2004;277
10;Cáceres;10200 Valdelacasa de Tajo;Mujeres;2003;310
10;Cáceres;10200 Valdelacasa de Tajo;Mujeres;2002;249
10;Cáceres;10200 Valdelacasa de Tajo;Mujeres;2001;279
10;Cáceres;10200 Valdelacasa de Tajo;Mujeres;2000;287
10;Cáceres;10200 Valdelacasa de Tajo;Mujeres;1999;297
10;Cáceres;10200 Valdelacasa de Tajo;Mujeres;1998;306
10;Cáceres;10200 Valdelacasa de Tajo;Mujeres;1997;
10;Cáceres;10200 Valdelacasa de Tajo;Mujeres;1996;334
10;Cáceres;10201 Valdemorales;Total;2023;215
10;Cáceres;10201 Valdemorales;Total;2022;210
10;Cáceres;10201 Valdemorales;Total;2021;207
10;Cáceres;10201 Valdemorales;Total;2020;202
10;Cáceres;10201 Valdemorales;Total;2019;200
10;Cáceres;10201 Valdemorales;Total;2018;197
10;Cáceres;10201 Valdemorales;Total;2017;198
10;Cáceres;10201 Valdemorales;Total;2016;197
10;Cáceres;10201 Valdemorales;Total;2015;198
10;Cáceres;10201 Valdemorales;Total;2014;208
10;Cáceres;10201 Valdemorales;Total;2013;210
10;Cáceres;10201 Valdemorales;Total;2012;227
10;Cáceres;10201 Valdemorales;Total;2011;235
10;Cáceres;10201 Valdemorales;Total;2010;233
10;Cáceres;10201 Valdemorales;Total;2009;230
10;Cáceres;10201 Valdemorales;Total;2008;239
10;Cáceres;10201 Valdemorales;Total;2007;242
10;Cáceres;10201 Valdemorales;Total;2006;242
10;Cáceres;10201 Valdemorales;Total;2005;244
10;Cáceres;10201 Valdemorales;Total;2004;248
10;Cáceres;10201 Valdemorales;Total;2003;260
10;Cáceres;10201 Valdemorales;Total;2002;268
10;Cáceres;10201 Valdemorales;Total;2001;271
10;Cáceres;10201 Valdemorales;Total;2000;273
10;Cáceres;10201 Valdemorales;Total;1999;322
10;Cáceres;10201 Valdemorales;Total;1998;282
10;Cáceres;10201 Valdemorales;Total;1997;
10;Cáceres;10201 Valdemorales;Total;1996;291
10;Cáceres;10201 Valdemorales;Hombres;2023;106
10;Cáceres;10201 Valdemorales;Hombres;2022;104
10;Cáceres;10201 Valdemorales;Hombres;2021;104
10;Cáceres;10201 Valdemorales;Hombres;2020;100
10;Cáceres;10201 Valdemorales;Hombres;2019;98
10;Cáceres;10201 Valdemorales;Hombres;2018;97
10;Cáceres;10201 Valdemorales;Hombres;2017;98
10;Cáceres;10201 Valdemorales;Hombres;2016;98
10;Cáceres;10201 Valdemorales;Hombres;2015;99
10;Cáceres;10201 Valdemorales;Hombres;2014;106
10;Cáceres;10201 Valdemorales;Hombres;2013;108
10;Cáceres;10201 Valdemorales;Hombres;2012;115
10;Cáceres;10201 Valdemorales;Hombres;2011;120
10;Cáceres;10201 Valdemorales;Hombres;2010;117
10;Cáceres;10201 Valdemorales;Hombres;2009;116
10;Cáceres;10201 Valdemorales;Hombres;2008;121
10;Cáceres;10201 Valdemorales;Hombres;2007;118
10;Cáceres;10201 Valdemorales;Hombres;2006;119
10;Cáceres;10201 Valdemorales;Hombres;2005;120
10;Cáceres;10201 Valdemorales;Hombres;2004;121
10;Cáceres;10201 Valdemorales;Hombres;2003;129
10;Cáceres;10201 Valdemorales;Hombres;2002;134
10;Cáceres;10201 Valdemorales;Hombres;2001;133
10;Cáceres;10201 Valdemorales;Hombres;2000;134
10;Cáceres;10201 Valdemorales;Hombres;1999;155
10;Cáceres;10201 Valdemorales;Hombres;1998;140
10;Cáceres;10201 Valdemorales;Hombres;1997;
10;Cáceres;10201 Valdemorales;Hombres;1996;144
10;Cáceres;10201 Valdemorales;Mujeres;2023;109
10;Cáceres;10201 Valdemorales;Mujeres;2022;106
10;Cáceres;10201 Valdemorales;Mujeres;2021;103
10;Cáceres;10201 Valdemorales;Mujeres;2020;102
10;Cáceres;10201 Valdemorales;Mujeres;2019;102
10;Cáceres;10201 Valdemorales;Mujeres;2018;100
10;Cáceres;10201 Valdemorales;Mujeres;2017;100
10;Cáceres;10201 Valdemorales;Mujeres;2016;99
10;Cáceres;10201 Valdemorales;Mujeres;2015;99
10;Cáceres;10201 Valdemorales;Mujeres;2014;102
10;Cáceres;10201 Valdemorales;Mujeres;2013;102
10;Cáceres;10201 Valdemorales;Mujeres;2012;112
10;Cáceres;10201 Valdemorales;Mujeres;2011;115
10;Cáceres;10201 Valdemorales;Mujeres;2010;116
10;Cáceres;10201 Valdemorales;Mujeres;2009;114
10;Cáceres;10201 Valdemorales;Mujeres;2008;118
10;Cáceres;10201 Valdemorales;Mujeres;2007;124
10;Cáceres;10201 Valdemorales;Mujeres;2006;123
10;Cáceres;10201 Valdemorales;Mujeres;2005;124
10;Cáceres;10201 Valdemorales;Mujeres;2004;127
10;Cáceres;10201 Valdemorales;Mujeres;2003;131
10;Cáceres;10201 Valdemorales;Mujeres;2002;134
10;Cáceres;10201 Valdemorales;Mujeres;2001;138
10;Cáceres;10201 Valdemorales;Mujeres;2000;139
10;Cáceres;10201 Valdemorales;Mujeres;1999;167
10;Cáceres;10201 Valdemorales;Mujeres;1998;142
10;Cáceres;10201 Valdemorales;Mujeres;1997;
10;Cáceres;10201 Valdemorales;Mujeres;1996;147
10;Cáceres;10202 Valdeobispo;Total;2023;636
10;Cáceres;10202 Valdeobispo;Total;2022;651
10;Cáceres;10202 Valdeobispo;Total;2021;654
10;Cáceres;10202 Valdeobispo;Total;2020;644
10;Cáceres;10202 Valdeobispo;Total;2019;656
10;Cáceres;10202 Valdeobispo;Total;2018;664
10;Cáceres;10202 Valdeobispo;Total;2017;665
10;Cáceres;10202 Valdeobispo;Total;2016;680
10;Cáceres;10202 Valdeobispo;Total;2015;701
10;Cáceres;10202 Valdeobispo;Total;2014;705
10;Cáceres;10202 Valdeobispo;Total;2013;728
10;Cáceres;10202 Valdeobispo;Total;2012;743
10;Cáceres;10202 Valdeobispo;Total;2011;735
10;Cáceres;10202 Valdeobispo;Total;2010;749
10;Cáceres;10202 Valdeobispo;Total;2009;761
10;Cáceres;10202 Valdeobispo;Total;2008;768
10;Cáceres;10202 Valdeobispo;Total;2007;770
10;Cáceres;10202 Valdeobispo;Total;2006;773
10;Cáceres;10202 Valdeobispo;Total;2005;775
10;Cáceres;10202 Valdeobispo;Total;2004;786
10;Cáceres;10202 Valdeobispo;Total;2003;800
10;Cáceres;10202 Valdeobispo;Total;2002;809
10;Cáceres;10202 Valdeobispo;Total;2001;816
10;Cáceres;10202 Valdeobispo;Total;2000;800
10;Cáceres;10202 Valdeobispo;Total;1999;831
10;Cáceres;10202 Valdeobispo;Total;1998;843
10;Cáceres;10202 Valdeobispo;Total;1997;
10;Cáceres;10202 Valdeobispo;Total;1996;853
10;Cáceres;10202 Valdeobispo;Hombres;2023;313
10;Cáceres;10202 Valdeobispo;Hombres;2022;318
10;Cáceres;10202 Valdeobispo;Hombres;2021;319
10;Cáceres;10202 Valdeobispo;Hombres;2020;318
10;Cáceres;10202 Valdeobispo;Hombres;2019;322
10;Cáceres;10202 Valdeobispo;Hombres;2018;322
10;Cáceres;10202 Valdeobispo;Hombres;2017;327
10;Cáceres;10202 Valdeobispo;Hombres;2016;335
10;Cáceres;10202 Valdeobispo;Hombres;2015;340
10;Cáceres;10202 Valdeobispo;Hombres;2014;342
10;Cáceres;10202 Valdeobispo;Hombres;2013;356
10;Cáceres;10202 Valdeobispo;Hombres;2012;370
10;Cáceres;10202 Valdeobispo;Hombres;2011;366
10;Cáceres;10202 Valdeobispo;Hombres;2010;373
10;Cáceres;10202 Valdeobispo;Hombres;2009;378
10;Cáceres;10202 Valdeobispo;Hombres;2008;386
10;Cáceres;10202 Valdeobispo;Hombres;2007;382
10;Cáceres;10202 Valdeobispo;Hombres;2006;376
10;Cáceres;10202 Valdeobispo;Hombres;2005;381
10;Cáceres;10202 Valdeobispo;Hombres;2004;387
10;Cáceres;10202 Valdeobispo;Hombres;2003;394
10;Cáceres;10202 Valdeobispo;Hombres;2002;398
10;Cáceres;10202 Valdeobispo;Hombres;2001;404
10;Cáceres;10202 Valdeobispo;Hombres;2000;393
10;Cáceres;10202 Valdeobispo;Hombres;1999;405
10;Cáceres;10202 Valdeobispo;Hombres;1998;413
10;Cáceres;10202 Valdeobispo;Hombres;1997;
10;Cáceres;10202 Valdeobispo;Hombres;1996;419
10;Cáceres;10202 Valdeobispo;Mujeres;2023;323
10;Cáceres;10202 Valdeobispo;Mujeres;2022;333
10;Cáceres;10202 Valdeobispo;Mujeres;2021;335
10;Cáceres;10202 Valdeobispo;Mujeres;2020;326
10;Cáceres;10202 Valdeobispo;Mujeres;2019;334
10;Cáceres;10202 Valdeobispo;Mujeres;2018;342
10;Cáceres;10202 Valdeobispo;Mujeres;2017;338
10;Cáceres;10202 Valdeobispo;Mujeres;2016;345
10;Cáceres;10202 Valdeobispo;Mujeres;2015;361
10;Cáceres;10202 Valdeobispo;Mujeres;2014;363
10;Cáceres;10202 Valdeobispo;Mujeres;2013;372
10;Cáceres;10202 Valdeobispo;Mujeres;2012;373
10;Cáceres;10202 Valdeobispo;Mujeres;2011;369
10;Cáceres;10202 Valdeobispo;Mujeres;2010;376
10;Cáceres;10202 Valdeobispo;Mujeres;2009;383
10;Cáceres;10202 Valdeobispo;Mujeres;2008;382
10;Cáceres;10202 Valdeobispo;Mujeres;2007;388
10;Cáceres;10202 Valdeobispo;Mujeres;2006;397
10;Cáceres;10202 Valdeobispo;Mujeres;2005;394
10;Cáceres;10202 Valdeobispo;Mujeres;2004;399
10;Cáceres;10202 Valdeobispo;Mujeres;2003;406
10;Cáceres;10202 Valdeobispo;Mujeres;2002;411
10;Cáceres;10202 Valdeobispo;Mujeres;2001;412
10;Cáceres;10202 Valdeobispo;Mujeres;2000;407
10;Cáceres;10202 Valdeobispo;Mujeres;1999;426
10;Cáceres;10202 Valdeobispo;Mujeres;1998;430
10;Cáceres;10202 Valdeobispo;Mujeres;1997;
10;Cáceres;10202 Valdeobispo;Mujeres;1996;434
10;Cáceres;10203 Valencia de Alcántara;Total;2023;5236
10;Cáceres;10203 Valencia de Alcántara;Total;2022;5272
10;Cáceres;10203 Valencia de Alcántara;Total;2021;5325
10;Cáceres;10203 Valencia de Alcántara;Total;2020;5373
10;Cáceres;10203 Valencia de Alcántara;Total;2019;5397
10;Cáceres;10203 Valencia de Alcántara;Total;2018;5439
10;Cáceres;10203 Valencia de Alcántara;Total;2017;5532
10;Cáceres;10203 Valencia de Alcántara;Total;2016;5646
10;Cáceres;10203 Valencia de Alcántara;Total;2015;5699
10;Cáceres;10203 Valencia de Alcántara;Total;2014;5786
10;Cáceres;10203 Valencia de Alcántara;Total;2013;5957
10;Cáceres;10203 Valencia de Alcántara;Total;2012;6032
10;Cáceres;10203 Valencia de Alcántara;Total;2011;6127
10;Cáceres;10203 Valencia de Alcántara;Total;2010;6188
10;Cáceres;10203 Valencia de Alcántara;Total;2009;6178
10;Cáceres;10203 Valencia de Alcántara;Total;2008;6175
10;Cáceres;10203 Valencia de Alcántara;Total;2007;6148
10;Cáceres;10203 Valencia de Alcántara;Total;2006;6102
10;Cáceres;10203 Valencia de Alcántara;Total;2005;6115
10;Cáceres;10203 Valencia de Alcántara;Total;2004;6106
10;Cáceres;10203 Valencia de Alcántara;Total;2003;6096
10;Cáceres;10203 Valencia de Alcántara;Total;2002;6136
10;Cáceres;10203 Valencia de Alcántara;Total;2001;6076
10;Cáceres;10203 Valencia de Alcántara;Total;2000;6240
10;Cáceres;10203 Valencia de Alcántara;Total;1999;6331
10;Cáceres;10203 Valencia de Alcántara;Total;1998;6226
10;Cáceres;10203 Valencia de Alcántara;Total;1997;
10;Cáceres;10203 Valencia de Alcántara;Total;1996;6578
10;Cáceres;10203 Valencia de Alcántara;Hombres;2023;2571
10;Cáceres;10203 Valencia de Alcántara;Hombres;2022;2587
10;Cáceres;10203 Valencia de Alcántara;Hombres;2021;2618
10;Cáceres;10203 Valencia de Alcántara;Hombres;2020;2627
10;Cáceres;10203 Valencia de Alcántara;Hombres;2019;2643
10;Cáceres;10203 Valencia de Alcántara;Hombres;2018;2662
10;Cáceres;10203 Valencia de Alcántara;Hombres;2017;2715
10;Cáceres;10203 Valencia de Alcántara;Hombres;2016;2780
10;Cáceres;10203 Valencia de Alcántara;Hombres;2015;2811
10;Cáceres;10203 Valencia de Alcántara;Hombres;2014;2864
10;Cáceres;10203 Valencia de Alcántara;Hombres;2013;2972
10;Cáceres;10203 Valencia de Alcántara;Hombres;2012;3013
10;Cáceres;10203 Valencia de Alcántara;Hombres;2011;3060
10;Cáceres;10203 Valencia de Alcántara;Hombres;2010;3081
10;Cáceres;10203 Valencia de Alcántara;Hombres;2009;3070
10;Cáceres;10203 Valencia de Alcántara;Hombres;2008;3066
10;Cáceres;10203 Valencia de Alcántara;Hombres;2007;3047
10;Cáceres;10203 Valencia de Alcántara;Hombres;2006;3023
10;Cáceres;10203 Valencia de Alcántara;Hombres;2005;3007
10;Cáceres;10203 Valencia de Alcántara;Hombres;2004;2996
10;Cáceres;10203 Valencia de Alcántara;Hombres;2003;2998
10;Cáceres;10203 Valencia de Alcántara;Hombres;2002;3006
10;Cáceres;10203 Valencia de Alcántara;Hombres;2001;2986
10;Cáceres;10203 Valencia de Alcántara;Hombres;2000;3056
10;Cáceres;10203 Valencia de Alcántara;Hombres;1999;3101
10;Cáceres;10203 Valencia de Alcántara;Hombres;1998;3047
10;Cáceres;10203 Valencia de Alcántara;Hombres;1997;
10;Cáceres;10203 Valencia de Alcántara;Hombres;1996;3241
10;Cáceres;10203 Valencia de Alcántara;Mujeres;2023;2665
10;Cáceres;10203 Valencia de Alcántara;Mujeres;2022;2685
10;Cáceres;10203 Valencia de Alcántara;Mujeres;2021;2707
10;Cáceres;10203 Valencia de Alcántara;Mujeres;2020;2746
10;Cáceres;10203 Valencia de Alcántara;Mujeres;2019;2754
10;Cáceres;10203 Valencia de Alcántara;Mujeres;2018;2777
10;Cáceres;10203 Valencia de Alcántara;Mujeres;2017;2817
10;Cáceres;10203 Valencia de Alcántara;Mujeres;2016;2866
10;Cáceres;10203 Valencia de Alcántara;Mujeres;2015;2888
10;Cáceres;10203 Valencia de Alcántara;Mujeres;2014;2922
10;Cáceres;10203 Valencia de Alcántara;Mujeres;2013;2985
10;Cáceres;10203 Valencia de Alcántara;Mujeres;2012;3019
10;Cáceres;10203 Valencia de Alcántara;Mujeres;2011;3067
10;Cáceres;10203 Valencia de Alcántara;Mujeres;2010;3107
10;Cáceres;10203 Valencia de Alcántara;Mujeres;2009;3108
10;Cáceres;10203 Valencia de Alcántara;Mujeres;2008;3109
10;Cáceres;10203 Valencia de Alcántara;Mujeres;2007;3101
10;Cáceres;10203 Valencia de Alcántara;Mujeres;2006;3079
10;Cáceres;10203 Valencia de Alcántara;Mujeres;2005;3108
10;Cáceres;10203 Valencia de Alcántara;Mujeres;2004;3110
10;Cáceres;10203 Valencia de Alcántara;Mujeres;2003;3098
10;Cáceres;10203 Valencia de Alcántara;Mujeres;2002;3130
10;Cáceres;10203 Valencia de Alcántara;Mujeres;2001;3090
10;Cáceres;10203 Valencia de Alcántara;Mujeres;2000;3184
10;Cáceres;10203 Valencia de Alcántara;Mujeres;1999;3230
10;Cáceres;10203 Valencia de Alcántara;Mujeres;1998;3179
10;Cáceres;10203 Valencia de Alcántara;Mujeres;1997;
10;Cáceres;10203 Valencia de Alcántara;Mujeres;1996;3337
10;Cáceres;10204 Valverde de la Vera;Total;2023;467
10;Cáceres;10204 Valverde de la Vera;Total;2022;445
10;Cáceres;10204 Valverde de la Vera;Total;2021;438
10;Cáceres;10204 Valverde de la Vera;Total;2020;465
10;Cáceres;10204 Valverde de la Vera;Total;2019;483
10;Cáceres;10204 Valverde de la Vera;Total;2018;460
10;Cáceres;10204 Valverde de la Vera;Total;2017;485
10;Cáceres;10204 Valverde de la Vera;Total;2016;503
10;Cáceres;10204 Valverde de la Vera;Total;2015;529
10;Cáceres;10204 Valverde de la Vera;Total;2014;522
10;Cáceres;10204 Valverde de la Vera;Total;2013;529
10;Cáceres;10204 Valverde de la Vera;Total;2012;554
10;Cáceres;10204 Valverde de la Vera;Total;2011;574
10;Cáceres;10204 Valverde de la Vera;Total;2010;584
10;Cáceres;10204 Valverde de la Vera;Total;2009;588
10;Cáceres;10204 Valverde de la Vera;Total;2008;594
10;Cáceres;10204 Valverde de la Vera;Total;2007;605
10;Cáceres;10204 Valverde de la Vera;Total;2006;612
10;Cáceres;10204 Valverde de la Vera;Total;2005;618
10;Cáceres;10204 Valverde de la Vera;Total;2004;614
10;Cáceres;10204 Valverde de la Vera;Total;2003;507
10;Cáceres;10204 Valverde de la Vera;Total;2002;540
10;Cáceres;10204 Valverde de la Vera;Total;2001;570
10;Cáceres;10204 Valverde de la Vera;Total;2000;560
10;Cáceres;10204 Valverde de la Vera;Total;1999;564
10;Cáceres;10204 Valverde de la Vera;Total;1998;564
10;Cáceres;10204 Valverde de la Vera;Total;1997;
10;Cáceres;10204 Valverde de la Vera;Total;1996;594
10;Cáceres;10204 Valverde de la Vera;Hombres;2023;232
10;Cáceres;10204 Valverde de la Vera;Hombres;2022;230
10;Cáceres;10204 Valverde de la Vera;Hombres;2021;226
10;Cáceres;10204 Valverde de la Vera;Hombres;2020;238
10;Cáceres;10204 Valverde de la Vera;Hombres;2019;249
10;Cáceres;10204 Valverde de la Vera;Hombres;2018;233
10;Cáceres;10204 Valverde de la Vera;Hombres;2017;244
10;Cáceres;10204 Valverde de la Vera;Hombres;2016;254
10;Cáceres;10204 Valverde de la Vera;Hombres;2015;266
10;Cáceres;10204 Valverde de la Vera;Hombres;2014;263
10;Cáceres;10204 Valverde de la Vera;Hombres;2013;272
10;Cáceres;10204 Valverde de la Vera;Hombres;2012;285
10;Cáceres;10204 Valverde de la Vera;Hombres;2011;299
10;Cáceres;10204 Valverde de la Vera;Hombres;2010;301
10;Cáceres;10204 Valverde de la Vera;Hombres;2009;301
10;Cáceres;10204 Valverde de la Vera;Hombres;2008;306
10;Cáceres;10204 Valverde de la Vera;Hombres;2007;312
10;Cáceres;10204 Valverde de la Vera;Hombres;2006;316
10;Cáceres;10204 Valverde de la Vera;Hombres;2005;313
10;Cáceres;10204 Valverde de la Vera;Hombres;2004;308
10;Cáceres;10204 Valverde de la Vera;Hombres;2003;257
10;Cáceres;10204 Valverde de la Vera;Hombres;2002;276
10;Cáceres;10204 Valverde de la Vera;Hombres;2001;291
10;Cáceres;10204 Valverde de la Vera;Hombres;2000;289
10;Cáceres;10204 Valverde de la Vera;Hombres;1999;292
10;Cáceres;10204 Valverde de la Vera;Hombres;1998;292
10;Cáceres;10204 Valverde de la Vera;Hombres;1997;
10;Cáceres;10204 Valverde de la Vera;Hombres;1996;306
10;Cáceres;10204 Valverde de la Vera;Mujeres;2023;235
10;Cáceres;10204 Valverde de la Vera;Mujeres;2022;215
10;Cáceres;10204 Valverde de la Vera;Mujeres;2021;212
10;Cáceres;10204 Valverde de la Vera;Mujeres;2020;227
10;Cáceres;10204 Valverde de la Vera;Mujeres;2019;234
10;Cáceres;10204 Valverde de la Vera;Mujeres;2018;227
10;Cáceres;10204 Valverde de la Vera;Mujeres;2017;241
10;Cáceres;10204 Valverde de la Vera;Mujeres;2016;249
10;Cáceres;10204 Valverde de la Vera;Mujeres;2015;263
10;Cáceres;10204 Valverde de la Vera;Mujeres;2014;259
10;Cáceres;10204 Valverde de la Vera;Mujeres;2013;257
10;Cáceres;10204 Valverde de la Vera;Mujeres;2012;269
10;Cáceres;10204 Valverde de la Vera;Mujeres;2011;275
10;Cáceres;10204 Valverde de la Vera;Mujeres;2010;283
10;Cáceres;10204 Valverde de la Vera;Mujeres;2009;287
10;Cáceres;10204 Valverde de la Vera;Mujeres;2008;288
10;Cáceres;10204 Valverde de la Vera;Mujeres;2007;293
10;Cáceres;10204 Valverde de la Vera;Mujeres;2006;296
10;Cáceres;10204 Valverde de la Vera;Mujeres;2005;305
10;Cáceres;10204 Valverde de la Vera;Mujeres;2004;306
10;Cáceres;10204 Valverde de la Vera;Mujeres;2003;250
10;Cáceres;10204 Valverde de la Vera;Mujeres;2002;264
10;Cáceres;10204 Valverde de la Vera;Mujeres;2001;279
10;Cáceres;10204 Valverde de la Vera;Mujeres;2000;271
10;Cáceres;10204 Valverde de la Vera;Mujeres;1999;272
10;Cáceres;10204 Valverde de la Vera;Mujeres;1998;272
10;Cáceres;10204 Valverde de la Vera;Mujeres;1997;
10;Cáceres;10204 Valverde de la Vera;Mujeres;1996;288
10;Cáceres;10205 Valverde del Fresno;Total;2023;2106
10;Cáceres;10205 Valverde del Fresno;Total;2022;2162
10;Cáceres;10205 Valverde del Fresno;Total;2021;2190
10;Cáceres;10205 Valverde del Fresno;Total;2020;2250
10;Cáceres;10205 Valverde del Fresno;Total;2019;2309
10;Cáceres;10205 Valverde del Fresno;Total;2018;2349
10;Cáceres;10205 Valverde del Fresno;Total;2017;2378
10;Cáceres;10205 Valverde del Fresno;Total;2016;2391
10;Cáceres;10205 Valverde del Fresno;Total;2015;2422
10;Cáceres;10205 Valverde del Fresno;Total;2014;2441
10;Cáceres;10205 Valverde del Fresno;Total;2013;2426
10;Cáceres;10205 Valverde del Fresno;Total;2012;2454
10;Cáceres;10205 Valverde del Fresno;Total;2011;2459
10;Cáceres;10205 Valverde del Fresno;Total;2010;2481
10;Cáceres;10205 Valverde del Fresno;Total;2009;2509
10;Cáceres;10205 Valverde del Fresno;Total;2008;2525
10;Cáceres;10205 Valverde del Fresno;Total;2007;2547
10;Cáceres;10205 Valverde del Fresno;Total;2006;2576
10;Cáceres;10205 Valverde del Fresno;Total;2005;2599
10;Cáceres;10205 Valverde del Fresno;Total;2004;2578
10;Cáceres;10205 Valverde del Fresno;Total;2003;2606
10;Cáceres;10205 Valverde del Fresno;Total;2002;2654
10;Cáceres;10205 Valverde del Fresno;Total;2001;2601
10;Cáceres;10205 Valverde del Fresno;Total;2000;2651
10;Cáceres;10205 Valverde del Fresno;Total;1999;2690
10;Cáceres;10205 Valverde del Fresno;Total;1998;2630
10;Cáceres;10205 Valverde del Fresno;Total;1997;
10;Cáceres;10205 Valverde del Fresno;Total;1996;2773
10;Cáceres;10205 Valverde del Fresno;Hombres;2023;1061
10;Cáceres;10205 Valverde del Fresno;Hombres;2022;1088
10;Cáceres;10205 Valverde del Fresno;Hombres;2021;1106
10;Cáceres;10205 Valverde del Fresno;Hombres;2020;1141
10;Cáceres;10205 Valverde del Fresno;Hombres;2019;1164
10;Cáceres;10205 Valverde del Fresno;Hombres;2018;1183
10;Cáceres;10205 Valverde del Fresno;Hombres;2017;1203
10;Cáceres;10205 Valverde del Fresno;Hombres;2016;1211
10;Cáceres;10205 Valverde del Fresno;Hombres;2015;1227
10;Cáceres;10205 Valverde del Fresno;Hombres;2014;1237
10;Cáceres;10205 Valverde del Fresno;Hombres;2013;1229
10;Cáceres;10205 Valverde del Fresno;Hombres;2012;1247
10;Cáceres;10205 Valverde del Fresno;Hombres;2011;1254
10;Cáceres;10205 Valverde del Fresno;Hombres;2010;1265
10;Cáceres;10205 Valverde del Fresno;Hombres;2009;1280
10;Cáceres;10205 Valverde del Fresno;Hombres;2008;1304
10;Cáceres;10205 Valverde del Fresno;Hombres;2007;1305
10;Cáceres;10205 Valverde del Fresno;Hombres;2006;1327
10;Cáceres;10205 Valverde del Fresno;Hombres;2005;1330
10;Cáceres;10205 Valverde del Fresno;Hombres;2004;1318
10;Cáceres;10205 Valverde del Fresno;Hombres;2003;1333
10;Cáceres;10205 Valverde del Fresno;Hombres;2002;1348
10;Cáceres;10205 Valverde del Fresno;Hombres;2001;1326
10;Cáceres;10205 Valverde del Fresno;Hombres;2000;1340
10;Cáceres;10205 Valverde del Fresno;Hombres;1999;1368
10;Cáceres;10205 Valverde del Fresno;Hombres;1998;1336
10;Cáceres;10205 Valverde del Fresno;Hombres;1997;
10;Cáceres;10205 Valverde del Fresno;Hombres;1996;1403
10;Cáceres;10205 Valverde del Fresno;Mujeres;2023;1045
10;Cáceres;10205 Valverde del Fresno;Mujeres;2022;1074
10;Cáceres;10205 Valverde del Fresno;Mujeres;2021;1084
10;Cáceres;10205 Valverde del Fresno;Mujeres;2020;1109
10;Cáceres;10205 Valverde del Fresno;Mujeres;2019;1145
10;Cáceres;10205 Valverde del Fresno;Mujeres;2018;1166
10;Cáceres;10205 Valverde del Fresno;Mujeres;2017;1175
10;Cáceres;10205 Valverde del Fresno;Mujeres;2016;1180
10;Cáceres;10205 Valverde del Fresno;Mujeres;2015;1195
10;Cáceres;10205 Valverde del Fresno;Mujeres;2014;1204
10;Cáceres;10205 Valverde del Fresno;Mujeres;2013;1197
10;Cáceres;10205 Valverde del Fresno;Mujeres;2012;1207
10;Cáceres;10205 Valverde del Fresno;Mujeres;2011;1205
10;Cáceres;10205 Valverde del Fresno;Mujeres;2010;1216
10;Cáceres;10205 Valverde del Fresno;Mujeres;2009;1229
10;Cáceres;10205 Valverde del Fresno;Mujeres;2008;1221
10;Cáceres;10205 Valverde del Fresno;Mujeres;2007;1242
10;Cáceres;10205 Valverde del Fresno;Mujeres;2006;1249
10;Cáceres;10205 Valverde del Fresno;Mujeres;2005;1269
10;Cáceres;10205 Valverde del Fresno;Mujeres;2004;1260
10;Cáceres;10205 Valverde del Fresno;Mujeres;2003;1273
10;Cáceres;10205 Valverde del Fresno;Mujeres;2002;1306
10;Cáceres;10205 Valverde del Fresno;Mujeres;2001;1275
10;Cáceres;10205 Valverde del Fresno;Mujeres;2000;1311
10;Cáceres;10205 Valverde del Fresno;Mujeres;1999;1322
10;Cáceres;10205 Valverde del Fresno;Mujeres;1998;1294
10;Cáceres;10205 Valverde del Fresno;Mujeres;1997;
10;Cáceres;10205 Valverde del Fresno;Mujeres;1996;1370
10;Cáceres;10902 Vegaviana;Total;2023;848
10;Cáceres;10902 Vegaviana;Total;2022;849
10;Cáceres;10902 Vegaviana;Total;2021;845
10;Cáceres;10902 Vegaviana;Total;2020;868
10;Cáceres;10902 Vegaviana;Total;2019;864
10;Cáceres;10902 Vegaviana;Total;2018;868
10;Cáceres;10902 Vegaviana;Total;2017;849
10;Cáceres;10902 Vegaviana;Total;2016;858
10;Cáceres;10902 Vegaviana;Total;2015;863
10;Cáceres;10902 Vegaviana;Total;2014;863
10;Cáceres;10902 Vegaviana;Total;2013;870
10;Cáceres;10902 Vegaviana;Total;2012;854
10;Cáceres;10902 Vegaviana;Total;2011;863
10;Cáceres;10902 Vegaviana;Total;2010;853
10;Cáceres;10902 Vegaviana;Total;2009;
10;Cáceres;10902 Vegaviana;Total;2008;
10;Cáceres;10902 Vegaviana;Total;2007;
10;Cáceres;10902 Vegaviana;Total;2006;
10;Cáceres;10902 Vegaviana;Total;2005;
10;Cáceres;10902 Vegaviana;Total;2004;
10;Cáceres;10902 Vegaviana;Total;2003;
10;Cáceres;10902 Vegaviana;Total;2002;
10;Cáceres;10902 Vegaviana;Total;2001;
10;Cáceres;10902 Vegaviana;Total;2000;
10;Cáceres;10902 Vegaviana;Total;1999;
10;Cáceres;10902 Vegaviana;Total;1998;
10;Cáceres;10902 Vegaviana;Total;1997;
10;Cáceres;10902 Vegaviana;Total;1996;
10;Cáceres;10902 Vegaviana;Hombres;2023;436
10;Cáceres;10902 Vegaviana;Hombres;2022;435
10;Cáceres;10902 Vegaviana;Hombres;2021;437
10;Cáceres;10902 Vegaviana;Hombres;2020;448
10;Cáceres;10902 Vegaviana;Hombres;2019;444
10;Cáceres;10902 Vegaviana;Hombres;2018;446
10;Cáceres;10902 Vegaviana;Hombres;2017;438
10;Cáceres;10902 Vegaviana;Hombres;2016;439
10;Cáceres;10902 Vegaviana;Hombres;2015;446
10;Cáceres;10902 Vegaviana;Hombres;2014;450
10;Cáceres;10902 Vegaviana;Hombres;2013;452
10;Cáceres;10902 Vegaviana;Hombres;2012;447
10;Cáceres;10902 Vegaviana;Hombres;2011;448
10;Cáceres;10902 Vegaviana;Hombres;2010;434
10;Cáceres;10902 Vegaviana;Hombres;2009;
10;Cáceres;10902 Vegaviana;Hombres;2008;
10;Cáceres;10902 Vegaviana;Hombres;2007;
10;Cáceres;10902 Vegaviana;Hombres;2006;
10;Cáceres;10902 Vegaviana;Hombres;2005;
10;Cáceres;10902 Vegaviana;Hombres;2004;
10;Cáceres;10902 Vegaviana;Hombres;2003;
10;Cáceres;10902 Vegaviana;Hombres;2002;
10;Cáceres;10902 Vegaviana;Hombres;2001;
10;Cáceres;10902 Vegaviana;Hombres;2000;
10;Cáceres;10902 Vegaviana;Hombres;1999;
10;Cáceres;10902 Vegaviana;Hombres;1998;
10;Cáceres;10902 Vegaviana;Hombres;1997;
10;Cáceres;10902 Vegaviana;Hombres;1996;
10;Cáceres;10902 Vegaviana;Mujeres;2023;412
10;Cáceres;10902 Vegaviana;Mujeres;2022;414
10;Cáceres;10902 Vegaviana;Mujeres;2021;408
10;Cáceres;10902 Vegaviana;Mujeres;2020;420
10;Cáceres;10902 Vegaviana;Mujeres;2019;420
10;Cáceres;10902 Vegaviana;Mujeres;2018;422
10;Cáceres;10902 Vegaviana;Mujeres;2017;411
10;Cáceres;10902 Vegaviana;Mujeres;2016;419
10;Cáceres;10902 Vegaviana;Mujeres;2015;417
10;Cáceres;10902 Vegaviana;Mujeres;2014;413
10;Cáceres;10902 Vegaviana;Mujeres;2013;418
10;Cáceres;10902 Vegaviana;Mujeres;2012;407
10;Cáceres;10902 Vegaviana;Mujeres;2011;415
10;Cáceres;10902 Vegaviana;Mujeres;2010;419
10;Cáceres;10902 Vegaviana;Mujeres;2009;
10;Cáceres;10902 Vegaviana;Mujeres;2008;
10;Cáceres;10902 Vegaviana;Mujeres;2007;
10;Cáceres;10902 Vegaviana;Mujeres;2006;
10;Cáceres;10902 Vegaviana;Mujeres;2005;
10;Cáceres;10902 Vegaviana;Mujeres;2004;
10;Cáceres;10902 Vegaviana;Mujeres;2003;
10;Cáceres;10902 Vegaviana;Mujeres;2002;
10;Cáceres;10902 Vegaviana;Mujeres;2001;
10;Cáceres;10902 Vegaviana;Mujeres;2000;
10;Cáceres;10902 Vegaviana;Mujeres;1999;
10;Cáceres;10902 Vegaviana;Mujeres;1998;
10;Cáceres;10902 Vegaviana;Mujeres;1997;
10;Cáceres;10902 Vegaviana;Mujeres;1996;
10;Cáceres;10206 Viandar de la Vera;Total;2023;225
10;Cáceres;10206 Viandar de la Vera;Total;2022;215
10;Cáceres;10206 Viandar de la Vera;Total;2021;213
10;Cáceres;10206 Viandar de la Vera;Total;2020;219
10;Cáceres;10206 Viandar de la Vera;Total;2019;225
10;Cáceres;10206 Viandar de la Vera;Total;2018;233
10;Cáceres;10206 Viandar de la Vera;Total;2017;233
10;Cáceres;10206 Viandar de la Vera;Total;2016;246
10;Cáceres;10206 Viandar de la Vera;Total;2015;255
10;Cáceres;10206 Viandar de la Vera;Total;2014;272
10;Cáceres;10206 Viandar de la Vera;Total;2013;274
10;Cáceres;10206 Viandar de la Vera;Total;2012;268
10;Cáceres;10206 Viandar de la Vera;Total;2011;267
10;Cáceres;10206 Viandar de la Vera;Total;2010;266
10;Cáceres;10206 Viandar de la Vera;Total;2009;266
10;Cáceres;10206 Viandar de la Vera;Total;2008;266
10;Cáceres;10206 Viandar de la Vera;Total;2007;271
10;Cáceres;10206 Viandar de la Vera;Total;2006;279
10;Cáceres;10206 Viandar de la Vera;Total;2005;291
10;Cáceres;10206 Viandar de la Vera;Total;2004;303
10;Cáceres;10206 Viandar de la Vera;Total;2003;300
10;Cáceres;10206 Viandar de la Vera;Total;2002;306
10;Cáceres;10206 Viandar de la Vera;Total;2001;310
10;Cáceres;10206 Viandar de la Vera;Total;2000;323
10;Cáceres;10206 Viandar de la Vera;Total;1999;331
10;Cáceres;10206 Viandar de la Vera;Total;1998;333
10;Cáceres;10206 Viandar de la Vera;Total;1997;
10;Cáceres;10206 Viandar de la Vera;Total;1996;342
10;Cáceres;10206 Viandar de la Vera;Hombres;2023;115
10;Cáceres;10206 Viandar de la Vera;Hombres;2022;108
10;Cáceres;10206 Viandar de la Vera;Hombres;2021;110
10;Cáceres;10206 Viandar de la Vera;Hombres;2020;114
10;Cáceres;10206 Viandar de la Vera;Hombres;2019;115
10;Cáceres;10206 Viandar de la Vera;Hombres;2018;122
10;Cáceres;10206 Viandar de la Vera;Hombres;2017;122
10;Cáceres;10206 Viandar de la Vera;Hombres;2016;126
10;Cáceres;10206 Viandar de la Vera;Hombres;2015;132
10;Cáceres;10206 Viandar de la Vera;Hombres;2014;135
10;Cáceres;10206 Viandar de la Vera;Hombres;2013;134
10;Cáceres;10206 Viandar de la Vera;Hombres;2012;133
10;Cáceres;10206 Viandar de la Vera;Hombres;2011;134
10;Cáceres;10206 Viandar de la Vera;Hombres;2010;130
10;Cáceres;10206 Viandar de la Vera;Hombres;2009;131
10;Cáceres;10206 Viandar de la Vera;Hombres;2008;132
10;Cáceres;10206 Viandar de la Vera;Hombres;2007;133
10;Cáceres;10206 Viandar de la Vera;Hombres;2006;134
10;Cáceres;10206 Viandar de la Vera;Hombres;2005;139
10;Cáceres;10206 Viandar de la Vera;Hombres;2004;148
10;Cáceres;10206 Viandar de la Vera;Hombres;2003;146
10;Cáceres;10206 Viandar de la Vera;Hombres;2002;147
10;Cáceres;10206 Viandar de la Vera;Hombres;2001;149
10;Cáceres;10206 Viandar de la Vera;Hombres;2000;154
10;Cáceres;10206 Viandar de la Vera;Hombres;1999;157
10;Cáceres;10206 Viandar de la Vera;Hombres;1998;156
10;Cáceres;10206 Viandar de la Vera;Hombres;1997;
10;Cáceres;10206 Viandar de la Vera;Hombres;1996;160
10;Cáceres;10206 Viandar de la Vera;Mujeres;2023;110
10;Cáceres;10206 Viandar de la Vera;Mujeres;2022;107
10;Cáceres;10206 Viandar de la Vera;Mujeres;2021;103
10;Cáceres;10206 Viandar de la Vera;Mujeres;2020;105
10;Cáceres;10206 Viandar de la Vera;Mujeres;2019;110
10;Cáceres;10206 Viandar de la Vera;Mujeres;2018;111
10;Cáceres;10206 Viandar de la Vera;Mujeres;2017;111
10;Cáceres;10206 Viandar de la Vera;Mujeres;2016;120
10;Cáceres;10206 Viandar de la Vera;Mujeres;2015;123
10;Cáceres;10206 Viandar de la Vera;Mujeres;2014;137
10;Cáceres;10206 Viandar de la Vera;Mujeres;2013;140
10;Cáceres;10206 Viandar de la Vera;Mujeres;2012;135
10;Cáceres;10206 Viandar de la Vera;Mujeres;2011;133
10;Cáceres;10206 Viandar de la Vera;Mujeres;2010;136
10;Cáceres;10206 Viandar de la Vera;Mujeres;2009;135
10;Cáceres;10206 Viandar de la Vera;Mujeres;2008;134
10;Cáceres;10206 Viandar de la Vera;Mujeres;2007;138
10;Cáceres;10206 Viandar de la Vera;Mujeres;2006;145
10;Cáceres;10206 Viandar de la Vera;Mujeres;2005;152
10;Cáceres;10206 Viandar de la Vera;Mujeres;2004;155
10;Cáceres;10206 Viandar de la Vera;Mujeres;2003;154
10;Cáceres;10206 Viandar de la Vera;Mujeres;2002;159
10;Cáceres;10206 Viandar de la Vera;Mujeres;2001;161
10;Cáceres;10206 Viandar de la Vera;Mujeres;2000;169
10;Cáceres;10206 Viandar de la Vera;Mujeres;1999;174
10;Cáceres;10206 Viandar de la Vera;Mujeres;1998;177
10;Cáceres;10206 Viandar de la Vera;Mujeres;1997;
10;Cáceres;10206 Viandar de la Vera;Mujeres;1996;182
10;Cáceres;10207 Villa del Campo;Total;2023;438
10;Cáceres;10207 Villa del Campo;Total;2022;451
10;Cáceres;10207 Villa del Campo;Total;2021;456
10;Cáceres;10207 Villa del Campo;Total;2020;478
10;Cáceres;10207 Villa del Campo;Total;2019;487
10;Cáceres;10207 Villa del Campo;Total;2018;502
10;Cáceres;10207 Villa del Campo;Total;2017;525
10;Cáceres;10207 Villa del Campo;Total;2016;527
10;Cáceres;10207 Villa del Campo;Total;2015;515
10;Cáceres;10207 Villa del Campo;Total;2014;521
10;Cáceres;10207 Villa del Campo;Total;2013;523
10;Cáceres;10207 Villa del Campo;Total;2012;538
10;Cáceres;10207 Villa del Campo;Total;2011;548
10;Cáceres;10207 Villa del Campo;Total;2010;548
10;Cáceres;10207 Villa del Campo;Total;2009;555
10;Cáceres;10207 Villa del Campo;Total;2008;560
10;Cáceres;10207 Villa del Campo;Total;2007;574
10;Cáceres;10207 Villa del Campo;Total;2006;581
10;Cáceres;10207 Villa del Campo;Total;2005;596
10;Cáceres;10207 Villa del Campo;Total;2004;615
10;Cáceres;10207 Villa del Campo;Total;2003;612
10;Cáceres;10207 Villa del Campo;Total;2002;629
10;Cáceres;10207 Villa del Campo;Total;2001;649
10;Cáceres;10207 Villa del Campo;Total;2000;679
10;Cáceres;10207 Villa del Campo;Total;1999;656
10;Cáceres;10207 Villa del Campo;Total;1998;672
10;Cáceres;10207 Villa del Campo;Total;1997;
10;Cáceres;10207 Villa del Campo;Total;1996;664
10;Cáceres;10207 Villa del Campo;Hombres;2023;212
10;Cáceres;10207 Villa del Campo;Hombres;2022;217
10;Cáceres;10207 Villa del Campo;Hombres;2021;217
10;Cáceres;10207 Villa del Campo;Hombres;2020;225
10;Cáceres;10207 Villa del Campo;Hombres;2019;229
10;Cáceres;10207 Villa del Campo;Hombres;2018;239
10;Cáceres;10207 Villa del Campo;Hombres;2017;255
10;Cáceres;10207 Villa del Campo;Hombres;2016;254
10;Cáceres;10207 Villa del Campo;Hombres;2015;250
10;Cáceres;10207 Villa del Campo;Hombres;2014;257
10;Cáceres;10207 Villa del Campo;Hombres;2013;259
10;Cáceres;10207 Villa del Campo;Hombres;2012;263
10;Cáceres;10207 Villa del Campo;Hombres;2011;270
10;Cáceres;10207 Villa del Campo;Hombres;2010;267
10;Cáceres;10207 Villa del Campo;Hombres;2009;274
10;Cáceres;10207 Villa del Campo;Hombres;2008;277
10;Cáceres;10207 Villa del Campo;Hombres;2007;278
10;Cáceres;10207 Villa del Campo;Hombres;2006;280
10;Cáceres;10207 Villa del Campo;Hombres;2005;290
10;Cáceres;10207 Villa del Campo;Hombres;2004;296
10;Cáceres;10207 Villa del Campo;Hombres;2003;302
10;Cáceres;10207 Villa del Campo;Hombres;2002;311
10;Cáceres;10207 Villa del Campo;Hombres;2001;317
10;Cáceres;10207 Villa del Campo;Hombres;2000;333
10;Cáceres;10207 Villa del Campo;Hombres;1999;321
10;Cáceres;10207 Villa del Campo;Hombres;1998;332
10;Cáceres;10207 Villa del Campo;Hombres;1997;
10;Cáceres;10207 Villa del Campo;Hombres;1996;331
10;Cáceres;10207 Villa del Campo;Mujeres;2023;226
10;Cáceres;10207 Villa del Campo;Mujeres;2022;234
10;Cáceres;10207 Villa del Campo;Mujeres;2021;239
10;Cáceres;10207 Villa del Campo;Mujeres;2020;253
10;Cáceres;10207 Villa del Campo;Mujeres;2019;258
10;Cáceres;10207 Villa del Campo;Mujeres;2018;263
10;Cáceres;10207 Villa del Campo;Mujeres;2017;270
10;Cáceres;10207 Villa del Campo;Mujeres;2016;273
10;Cáceres;10207 Villa del Campo;Mujeres;2015;265
10;Cáceres;10207 Villa del Campo;Mujeres;2014;264
10;Cáceres;10207 Villa del Campo;Mujeres;2013;264
10;Cáceres;10207 Villa del Campo;Mujeres;2012;275
10;Cáceres;10207 Villa del Campo;Mujeres;2011;278
10;Cáceres;10207 Villa del Campo;Mujeres;2010;281
10;Cáceres;10207 Villa del Campo;Mujeres;2009;281
10;Cáceres;10207 Villa del Campo;Mujeres;2008;283
10;Cáceres;10207 Villa del Campo;Mujeres;2007;296
10;Cáceres;10207 Villa del Campo;Mujeres;2006;301
10;Cáceres;10207 Villa del Campo;Mujeres;2005;306
10;Cáceres;10207 Villa del Campo;Mujeres;2004;319
10;Cáceres;10207 Villa del Campo;Mujeres;2003;310
10;Cáceres;10207 Villa del Campo;Mujeres;2002;318
10;Cáceres;10207 Villa del Campo;Mujeres;2001;332
10;Cáceres;10207 Villa del Campo;Mujeres;2000;346
10;Cáceres;10207 Villa del Campo;Mujeres;1999;335
10;Cáceres;10207 Villa del Campo;Mujeres;1998;340
10;Cáceres;10207 Villa del Campo;Mujeres;1997;
10;Cáceres;10207 Villa del Campo;Mujeres;1996;333
10;Cáceres;10208 Villa del Rey;Total;2023;116
10;Cáceres;10208 Villa del Rey;Total;2022;115
10;Cáceres;10208 Villa del Rey;Total;2021;128
10;Cáceres;10208 Villa del Rey;Total;2020;133
10;Cáceres;10208 Villa del Rey;Total;2019;128
10;Cáceres;10208 Villa del Rey;Total;2018;136
10;Cáceres;10208 Villa del Rey;Total;2017;126
10;Cáceres;10208 Villa del Rey;Total;2016;130
10;Cáceres;10208 Villa del Rey;Total;2015;130
10;Cáceres;10208 Villa del Rey;Total;2014;137
10;Cáceres;10208 Villa del Rey;Total;2013;145
10;Cáceres;10208 Villa del Rey;Total;2012;141
10;Cáceres;10208 Villa del Rey;Total;2011;144
10;Cáceres;10208 Villa del Rey;Total;2010;153
10;Cáceres;10208 Villa del Rey;Total;2009;157
10;Cáceres;10208 Villa del Rey;Total;2008;149
10;Cáceres;10208 Villa del Rey;Total;2007;132
10;Cáceres;10208 Villa del Rey;Total;2006;137
10;Cáceres;10208 Villa del Rey;Total;2005;140
10;Cáceres;10208 Villa del Rey;Total;2004;143
10;Cáceres;10208 Villa del Rey;Total;2003;147
10;Cáceres;10208 Villa del Rey;Total;2002;179
10;Cáceres;10208 Villa del Rey;Total;2001;180
10;Cáceres;10208 Villa del Rey;Total;2000;181
10;Cáceres;10208 Villa del Rey;Total;1999;183
10;Cáceres;10208 Villa del Rey;Total;1998;183
10;Cáceres;10208 Villa del Rey;Total;1997;
10;Cáceres;10208 Villa del Rey;Total;1996;185
10;Cáceres;10208 Villa del Rey;Hombres;2023;58
10;Cáceres;10208 Villa del Rey;Hombres;2022;57
10;Cáceres;10208 Villa del Rey;Hombres;2021;63
10;Cáceres;10208 Villa del Rey;Hombres;2020;66
10;Cáceres;10208 Villa del Rey;Hombres;2019;64
10;Cáceres;10208 Villa del Rey;Hombres;2018;69
10;Cáceres;10208 Villa del Rey;Hombres;2017;64
10;Cáceres;10208 Villa del Rey;Hombres;2016;65
10;Cáceres;10208 Villa del Rey;Hombres;2015;66
10;Cáceres;10208 Villa del Rey;Hombres;2014;72
10;Cáceres;10208 Villa del Rey;Hombres;2013;76
10;Cáceres;10208 Villa del Rey;Hombres;2012;73
10;Cáceres;10208 Villa del Rey;Hombres;2011;74
10;Cáceres;10208 Villa del Rey;Hombres;2010;78
10;Cáceres;10208 Villa del Rey;Hombres;2009;80
10;Cáceres;10208 Villa del Rey;Hombres;2008;78
10;Cáceres;10208 Villa del Rey;Hombres;2007;69
10;Cáceres;10208 Villa del Rey;Hombres;2006;72
10;Cáceres;10208 Villa del Rey;Hombres;2005;74
10;Cáceres;10208 Villa del Rey;Hombres;2004;74
10;Cáceres;10208 Villa del Rey;Hombres;2003;76
10;Cáceres;10208 Villa del Rey;Hombres;2002;93
10;Cáceres;10208 Villa del Rey;Hombres;2001;94
10;Cáceres;10208 Villa del Rey;Hombres;2000;95
10;Cáceres;10208 Villa del Rey;Hombres;1999;97
10;Cáceres;10208 Villa del Rey;Hombres;1998;97
10;Cáceres;10208 Villa del Rey;Hombres;1997;
10;Cáceres;10208 Villa del Rey;Hombres;1996;98
10;Cáceres;10208 Villa del Rey;Mujeres;2023;58
10;Cáceres;10208 Villa del Rey;Mujeres;2022;58
10;Cáceres;10208 Villa del Rey;Mujeres;2021;65
10;Cáceres;10208 Villa del Rey;Mujeres;2020;67
10;Cáceres;10208 Villa del Rey;Mujeres;2019;64
10;Cáceres;10208 Villa del Rey;Mujeres;2018;67
10;Cáceres;10208 Villa del Rey;Mujeres;2017;62
10;Cáceres;10208 Villa del Rey;Mujeres;2016;65
10;Cáceres;10208 Villa del Rey;Mujeres;2015;64
10;Cáceres;10208 Villa del Rey;Mujeres;2014;65
10;Cáceres;10208 Villa del Rey;Mujeres;2013;69
10;Cáceres;10208 Villa del Rey;Mujeres;2012;68
10;Cáceres;10208 Villa del Rey;Mujeres;2011;70
10;Cáceres;10208 Villa del Rey;Mujeres;2010;75
10;Cáceres;10208 Villa del Rey;Mujeres;2009;77
10;Cáceres;10208 Villa del Rey;Mujeres;2008;71
10;Cáceres;10208 Villa del Rey;Mujeres;2007;63
10;Cáceres;10208 Villa del Rey;Mujeres;2006;65
10;Cáceres;10208 Villa del Rey;Mujeres;2005;66
10;Cáceres;10208 Villa del Rey;Mujeres;2004;69
10;Cáceres;10208 Villa del Rey;Mujeres;2003;71
10;Cáceres;10208 Villa del Rey;Mujeres;2002;86
10;Cáceres;10208 Villa del Rey;Mujeres;2001;86
10;Cáceres;10208 Villa del Rey;Mujeres;2000;86
10;Cáceres;10208 Villa del Rey;Mujeres;1999;86
10;Cáceres;10208 Villa del Rey;Mujeres;1998;86
10;Cáceres;10208 Villa del Rey;Mujeres;1997;
10;Cáceres;10208 Villa del Rey;Mujeres;1996;87
10;Cáceres;10209 Villamesías;Total;2023;276
10;Cáceres;10209 Villamesías;Total;2022;256
10;Cáceres;10209 Villamesías;Total;2021;263
10;Cáceres;10209 Villamesías;Total;2020;259
10;Cáceres;10209 Villamesías;Total;2019;261
10;Cáceres;10209 Villamesías;Total;2018;260
10;Cáceres;10209 Villamesías;Total;2017;269
10;Cáceres;10209 Villamesías;Total;2016;285
10;Cáceres;10209 Villamesías;Total;2015;289
10;Cáceres;10209 Villamesías;Total;2014;325
10;Cáceres;10209 Villamesías;Total;2013;261
10;Cáceres;10209 Villamesías;Total;2012;278
10;Cáceres;10209 Villamesías;Total;2011;284
10;Cáceres;10209 Villamesías;Total;2010;297
10;Cáceres;10209 Villamesías;Total;2009;311
10;Cáceres;10209 Villamesías;Total;2008;322
10;Cáceres;10209 Villamesías;Total;2007;324
10;Cáceres;10209 Villamesías;Total;2006;344
10;Cáceres;10209 Villamesías;Total;2005;360
10;Cáceres;10209 Villamesías;Total;2004;348
10;Cáceres;10209 Villamesías;Total;2003;342
10;Cáceres;10209 Villamesías;Total;2002;345
10;Cáceres;10209 Villamesías;Total;2001;356
10;Cáceres;10209 Villamesías;Total;2000;370
10;Cáceres;10209 Villamesías;Total;1999;384
10;Cáceres;10209 Villamesías;Total;1998;393
10;Cáceres;10209 Villamesías;Total;1997;
10;Cáceres;10209 Villamesías;Total;1996;419
10;Cáceres;10209 Villamesías;Hombres;2023;142
10;Cáceres;10209 Villamesías;Hombres;2022;131
10;Cáceres;10209 Villamesías;Hombres;2021;134
10;Cáceres;10209 Villamesías;Hombres;2020;133
10;Cáceres;10209 Villamesías;Hombres;2019;136
10;Cáceres;10209 Villamesías;Hombres;2018;135
10;Cáceres;10209 Villamesías;Hombres;2017;135
10;Cáceres;10209 Villamesías;Hombres;2016;141
10;Cáceres;10209 Villamesías;Hombres;2015;141
10;Cáceres;10209 Villamesías;Hombres;2014;160
10;Cáceres;10209 Villamesías;Hombres;2013;128
10;Cáceres;10209 Villamesías;Hombres;2012;137
10;Cáceres;10209 Villamesías;Hombres;2011;141
10;Cáceres;10209 Villamesías;Hombres;2010;149
10;Cáceres;10209 Villamesías;Hombres;2009;156
10;Cáceres;10209 Villamesías;Hombres;2008;162
10;Cáceres;10209 Villamesías;Hombres;2007;164
10;Cáceres;10209 Villamesías;Hombres;2006;173
10;Cáceres;10209 Villamesías;Hombres;2005;180
10;Cáceres;10209 Villamesías;Hombres;2004;173
10;Cáceres;10209 Villamesías;Hombres;2003;165
10;Cáceres;10209 Villamesías;Hombres;2002;168
10;Cáceres;10209 Villamesías;Hombres;2001;176
10;Cáceres;10209 Villamesías;Hombres;2000;183
10;Cáceres;10209 Villamesías;Hombres;1999;190
10;Cáceres;10209 Villamesías;Hombres;1998;196
10;Cáceres;10209 Villamesías;Hombres;1997;
10;Cáceres;10209 Villamesías;Hombres;1996;211
10;Cáceres;10209 Villamesías;Mujeres;2023;134
10;Cáceres;10209 Villamesías;Mujeres;2022;125
10;Cáceres;10209 Villamesías;Mujeres;2021;129
10;Cáceres;10209 Villamesías;Mujeres;2020;126
10;Cáceres;10209 Villamesías;Mujeres;2019;125
10;Cáceres;10209 Villamesías;Mujeres;2018;125
10;Cáceres;10209 Villamesías;Mujeres;2017;134
10;Cáceres;10209 Villamesías;Mujeres;2016;144
10;Cáceres;10209 Villamesías;Mujeres;2015;148
10;Cáceres;10209 Villamesías;Mujeres;2014;165
10;Cáceres;10209 Villamesías;Mujeres;2013;133
10;Cáceres;10209 Villamesías;Mujeres;2012;141
10;Cáceres;10209 Villamesías;Mujeres;2011;143
10;Cáceres;10209 Villamesías;Mujeres;2010;148
10;Cáceres;10209 Villamesías;Mujeres;2009;155
10;Cáceres;10209 Villamesías;Mujeres;2008;160
10;Cáceres;10209 Villamesías;Mujeres;2007;160
10;Cáceres;10209 Villamesías;Mujeres;2006;171
10;Cáceres;10209 Villamesías;Mujeres;2005;180
10;Cáceres;10209 Villamesías;Mujeres;2004;175
10;Cáceres;10209 Villamesías;Mujeres;2003;177
10;Cáceres;10209 Villamesías;Mujeres;2002;177
10;Cáceres;10209 Villamesías;Mujeres;2001;180
10;Cáceres;10209 Villamesías;Mujeres;2000;187
10;Cáceres;10209 Villamesías;Mujeres;1999;194
10;Cáceres;10209 Villamesías;Mujeres;1998;197
10;Cáceres;10209 Villamesías;Mujeres;1997;
10;Cáceres;10209 Villamesías;Mujeres;1996;208
10;Cáceres;10210 Villamiel;Total;2023;379
10;Cáceres;10210 Villamiel;Total;2022;392
10;Cáceres;10210 Villamiel;Total;2021;405
10;Cáceres;10210 Villamiel;Total;2020;400
10;Cáceres;10210 Villamiel;Total;2019;407
10;Cáceres;10210 Villamiel;Total;2018;426
10;Cáceres;10210 Villamiel;Total;2017;462
10;Cáceres;10210 Villamiel;Total;2016;505
10;Cáceres;10210 Villamiel;Total;2015;518
10;Cáceres;10210 Villamiel;Total;2014;542
10;Cáceres;10210 Villamiel;Total;2013;558
10;Cáceres;10210 Villamiel;Total;2012;640
10;Cáceres;10210 Villamiel;Total;2011;666
10;Cáceres;10210 Villamiel;Total;2010;680
10;Cáceres;10210 Villamiel;Total;2009;675
10;Cáceres;10210 Villamiel;Total;2008;696
10;Cáceres;10210 Villamiel;Total;2007;710
10;Cáceres;10210 Villamiel;Total;2006;758
10;Cáceres;10210 Villamiel;Total;2005;758
10;Cáceres;10210 Villamiel;Total;2004;633
10;Cáceres;10210 Villamiel;Total;2003;650
10;Cáceres;10210 Villamiel;Total;2002;682
10;Cáceres;10210 Villamiel;Total;2001;703
10;Cáceres;10210 Villamiel;Total;2000;691
10;Cáceres;10210 Villamiel;Total;1999;846
10;Cáceres;10210 Villamiel;Total;1998;849
10;Cáceres;10210 Villamiel;Total;1997;
10;Cáceres;10210 Villamiel;Total;1996;826
10;Cáceres;10210 Villamiel;Hombres;2023;190
10;Cáceres;10210 Villamiel;Hombres;2022;196
10;Cáceres;10210 Villamiel;Hombres;2021;205
10;Cáceres;10210 Villamiel;Hombres;2020;204
10;Cáceres;10210 Villamiel;Hombres;2019;205
10;Cáceres;10210 Villamiel;Hombres;2018;214
10;Cáceres;10210 Villamiel;Hombres;2017;233
10;Cáceres;10210 Villamiel;Hombres;2016;254
10;Cáceres;10210 Villamiel;Hombres;2015;262
10;Cáceres;10210 Villamiel;Hombres;2014;273
10;Cáceres;10210 Villamiel;Hombres;2013;277
10;Cáceres;10210 Villamiel;Hombres;2012;320
10;Cáceres;10210 Villamiel;Hombres;2011;333
10;Cáceres;10210 Villamiel;Hombres;2010;340
10;Cáceres;10210 Villamiel;Hombres;2009;335
10;Cáceres;10210 Villamiel;Hombres;2008;348
10;Cáceres;10210 Villamiel;Hombres;2007;355
10;Cáceres;10210 Villamiel;Hombres;2006;380
10;Cáceres;10210 Villamiel;Hombres;2005;382
10;Cáceres;10210 Villamiel;Hombres;2004;356
10;Cáceres;10210 Villamiel;Hombres;2003;370
10;Cáceres;10210 Villamiel;Hombres;2002;384
10;Cáceres;10210 Villamiel;Hombres;2001;401
10;Cáceres;10210 Villamiel;Hombres;2000;396
10;Cáceres;10210 Villamiel;Hombres;1999;483
10;Cáceres;10210 Villamiel;Hombres;1998;486
10;Cáceres;10210 Villamiel;Hombres;1997;
10;Cáceres;10210 Villamiel;Hombres;1996;411
10;Cáceres;10210 Villamiel;Mujeres;2023;189
10;Cáceres;10210 Villamiel;Mujeres;2022;196
10;Cáceres;10210 Villamiel;Mujeres;2021;200
10;Cáceres;10210 Villamiel;Mujeres;2020;196
10;Cáceres;10210 Villamiel;Mujeres;2019;202
10;Cáceres;10210 Villamiel;Mujeres;2018;212
10;Cáceres;10210 Villamiel;Mujeres;2017;229
10;Cáceres;10210 Villamiel;Mujeres;2016;251
10;Cáceres;10210 Villamiel;Mujeres;2015;256
10;Cáceres;10210 Villamiel;Mujeres;2014;269
10;Cáceres;10210 Villamiel;Mujeres;2013;281
10;Cáceres;10210 Villamiel;Mujeres;2012;320
10;Cáceres;10210 Villamiel;Mujeres;2011;333
10;Cáceres;10210 Villamiel;Mujeres;2010;340
10;Cáceres;10210 Villamiel;Mujeres;2009;340
10;Cáceres;10210 Villamiel;Mujeres;2008;348
10;Cáceres;10210 Villamiel;Mujeres;2007;355
10;Cáceres;10210 Villamiel;Mujeres;2006;378
10;Cáceres;10210 Villamiel;Mujeres;2005;376
10;Cáceres;10210 Villamiel;Mujeres;2004;277
10;Cáceres;10210 Villamiel;Mujeres;2003;280
10;Cáceres;10210 Villamiel;Mujeres;2002;298
10;Cáceres;10210 Villamiel;Mujeres;2001;302
10;Cáceres;10210 Villamiel;Mujeres;2000;295
10;Cáceres;10210 Villamiel;Mujeres;1999;363
10;Cáceres;10210 Villamiel;Mujeres;1998;363
10;Cáceres;10210 Villamiel;Mujeres;1997;
10;Cáceres;10210 Villamiel;Mujeres;1996;415
10;Cáceres;10211 Villanueva de la Sierra;Total;2023;496
10;Cáceres;10211 Villanueva de la Sierra;Total;2022;476
10;Cáceres;10211 Villanueva de la Sierra;Total;2021;470
10;Cáceres;10211 Villanueva de la Sierra;Total;2020;441
10;Cáceres;10211 Villanueva de la Sierra;Total;2019;456
10;Cáceres;10211 Villanueva de la Sierra;Total;2018;433
10;Cáceres;10211 Villanueva de la Sierra;Total;2017;444
10;Cáceres;10211 Villanueva de la Sierra;Total;2016;449
10;Cáceres;10211 Villanueva de la Sierra;Total;2015;460
10;Cáceres;10211 Villanueva de la Sierra;Total;2014;467
10;Cáceres;10211 Villanueva de la Sierra;Total;2013;450
10;Cáceres;10211 Villanueva de la Sierra;Total;2012;466
10;Cáceres;10211 Villanueva de la Sierra;Total;2011;497
10;Cáceres;10211 Villanueva de la Sierra;Total;2010;490
10;Cáceres;10211 Villanueva de la Sierra;Total;2009;514
10;Cáceres;10211 Villanueva de la Sierra;Total;2008;532
10;Cáceres;10211 Villanueva de la Sierra;Total;2007;546
10;Cáceres;10211 Villanueva de la Sierra;Total;2006;553
10;Cáceres;10211 Villanueva de la Sierra;Total;2005;577
10;Cáceres;10211 Villanueva de la Sierra;Total;2004;588
10;Cáceres;10211 Villanueva de la Sierra;Total;2003;619
10;Cáceres;10211 Villanueva de la Sierra;Total;2002;615
10;Cáceres;10211 Villanueva de la Sierra;Total;2001;632
10;Cáceres;10211 Villanueva de la Sierra;Total;2000;616
10;Cáceres;10211 Villanueva de la Sierra;Total;1999;615
10;Cáceres;10211 Villanueva de la Sierra;Total;1998;615
10;Cáceres;10211 Villanueva de la Sierra;Total;1997;
10;Cáceres;10211 Villanueva de la Sierra;Total;1996;638
10;Cáceres;10211 Villanueva de la Sierra;Hombres;2023;252
10;Cáceres;10211 Villanueva de la Sierra;Hombres;2022;242
10;Cáceres;10211 Villanueva de la Sierra;Hombres;2021;242
10;Cáceres;10211 Villanueva de la Sierra;Hombres;2020;222
10;Cáceres;10211 Villanueva de la Sierra;Hombres;2019;231
10;Cáceres;10211 Villanueva de la Sierra;Hombres;2018;217
10;Cáceres;10211 Villanueva de la Sierra;Hombres;2017;222
10;Cáceres;10211 Villanueva de la Sierra;Hombres;2016;220
10;Cáceres;10211 Villanueva de la Sierra;Hombres;2015;228
10;Cáceres;10211 Villanueva de la Sierra;Hombres;2014;234
10;Cáceres;10211 Villanueva de la Sierra;Hombres;2013;224
10;Cáceres;10211 Villanueva de la Sierra;Hombres;2012;231
10;Cáceres;10211 Villanueva de la Sierra;Hombres;2011;248
10;Cáceres;10211 Villanueva de la Sierra;Hombres;2010;246
10;Cáceres;10211 Villanueva de la Sierra;Hombres;2009;259
10;Cáceres;10211 Villanueva de la Sierra;Hombres;2008;268
10;Cáceres;10211 Villanueva de la Sierra;Hombres;2007;270
10;Cáceres;10211 Villanueva de la Sierra;Hombres;2006;273
10;Cáceres;10211 Villanueva de la Sierra;Hombres;2005;284
10;Cáceres;10211 Villanueva de la Sierra;Hombres;2004;292
10;Cáceres;10211 Villanueva de la Sierra;Hombres;2003;302
10;Cáceres;10211 Villanueva de la Sierra;Hombres;2002;300
10;Cáceres;10211 Villanueva de la Sierra;Hombres;2001;305
10;Cáceres;10211 Villanueva de la Sierra;Hombres;2000;297
10;Cáceres;10211 Villanueva de la Sierra;Hombres;1999;294
10;Cáceres;10211 Villanueva de la Sierra;Hombres;1998;294
10;Cáceres;10211 Villanueva de la Sierra;Hombres;1997;
10;Cáceres;10211 Villanueva de la Sierra;Hombres;1996;302
10;Cáceres;10211 Villanueva de la Sierra;Mujeres;2023;244
10;Cáceres;10211 Villanueva de la Sierra;Mujeres;2022;234
10;Cáceres;10211 Villanueva de la Sierra;Mujeres;2021;228
10;Cáceres;10211 Villanueva de la Sierra;Mujeres;2020;219
10;Cáceres;10211 Villanueva de la Sierra;Mujeres;2019;225
10;Cáceres;10211 Villanueva de la Sierra;Mujeres;2018;216
10;Cáceres;10211 Villanueva de la Sierra;Mujeres;2017;222
10;Cáceres;10211 Villanueva de la Sierra;Mujeres;2016;229
10;Cáceres;10211 Villanueva de la Sierra;Mujeres;2015;232
10;Cáceres;10211 Villanueva de la Sierra;Mujeres;2014;233
10;Cáceres;10211 Villanueva de la Sierra;Mujeres;2013;226
10;Cáceres;10211 Villanueva de la Sierra;Mujeres;2012;235
10;Cáceres;10211 Villanueva de la Sierra;Mujeres;2011;249
10;Cáceres;10211 Villanueva de la Sierra;Mujeres;2010;244
10;Cáceres;10211 Villanueva de la Sierra;Mujeres;2009;255
10;Cáceres;10211 Villanueva de la Sierra;Mujeres;2008;264
10;Cáceres;10211 Villanueva de la Sierra;Mujeres;2007;276
10;Cáceres;10211 Villanueva de la Sierra;Mujeres;2006;280
10;Cáceres;10211 Villanueva de la Sierra;Mujeres;2005;293
10;Cáceres;10211 Villanueva de la Sierra;Mujeres;2004;296
10;Cáceres;10211 Villanueva de la Sierra;Mujeres;2003;317
10;Cáceres;10211 Villanueva de la Sierra;Mujeres;2002;315
10;Cáceres;10211 Villanueva de la Sierra;Mujeres;2001;327
10;Cáceres;10211 Villanueva de la Sierra;Mujeres;2000;319
10;Cáceres;10211 Villanueva de la Sierra;Mujeres;1999;321
10;Cáceres;10211 Villanueva de la Sierra;Mujeres;1998;321
10;Cáceres;10211 Villanueva de la Sierra;Mujeres;1997;
10;Cáceres;10211 Villanueva de la Sierra;Mujeres;1996;336
10;Cáceres;10212 Villanueva de la Vera;Total;2023;2087
10;Cáceres;10212 Villanueva de la Vera;Total;2022;2108
10;Cáceres;10212 Villanueva de la Vera;Total;2021;2114
10;Cáceres;10212 Villanueva de la Vera;Total;2020;2062
10;Cáceres;10212 Villanueva de la Vera;Total;2019;2021
10;Cáceres;10212 Villanueva de la Vera;Total;2018;2046
10;Cáceres;10212 Villanueva de la Vera;Total;2017;2082
10;Cáceres;10212 Villanueva de la Vera;Total;2016;2092
10;Cáceres;10212 Villanueva de la Vera;Total;2015;2122
10;Cáceres;10212 Villanueva de la Vera;Total;2014;2155
10;Cáceres;10212 Villanueva de la Vera;Total;2013;2167
10;Cáceres;10212 Villanueva de la Vera;Total;2012;2147
10;Cáceres;10212 Villanueva de la Vera;Total;2011;2109
10;Cáceres;10212 Villanueva de la Vera;Total;2010;2104
10;Cáceres;10212 Villanueva de la Vera;Total;2009;2108
10;Cáceres;10212 Villanueva de la Vera;Total;2008;2127
10;Cáceres;10212 Villanueva de la Vera;Total;2007;2129
10;Cáceres;10212 Villanueva de la Vera;Total;2006;2113
10;Cáceres;10212 Villanueva de la Vera;Total;2005;2117
10;Cáceres;10212 Villanueva de la Vera;Total;2004;2075
10;Cáceres;10212 Villanueva de la Vera;Total;2003;1950
10;Cáceres;10212 Villanueva de la Vera;Total;2002;1951
10;Cáceres;10212 Villanueva de la Vera;Total;2001;1978
10;Cáceres;10212 Villanueva de la Vera;Total;2000;2006
10;Cáceres;10212 Villanueva de la Vera;Total;1999;2032
10;Cáceres;10212 Villanueva de la Vera;Total;1998;2003
10;Cáceres;10212 Villanueva de la Vera;Total;1997;
10;Cáceres;10212 Villanueva de la Vera;Total;1996;2075
10;Cáceres;10212 Villanueva de la Vera;Hombres;2023;1046
10;Cáceres;10212 Villanueva de la Vera;Hombres;2022;1062
10;Cáceres;10212 Villanueva de la Vera;Hombres;2021;1059
10;Cáceres;10212 Villanueva de la Vera;Hombres;2020;1026
10;Cáceres;10212 Villanueva de la Vera;Hombres;2019;1013
10;Cáceres;10212 Villanueva de la Vera;Hombres;2018;1027
10;Cáceres;10212 Villanueva de la Vera;Hombres;2017;1050
10;Cáceres;10212 Villanueva de la Vera;Hombres;2016;1059
10;Cáceres;10212 Villanueva de la Vera;Hombres;2015;1079
10;Cáceres;10212 Villanueva de la Vera;Hombres;2014;1086
10;Cáceres;10212 Villanueva de la Vera;Hombres;2013;1102
10;Cáceres;10212 Villanueva de la Vera;Hombres;2012;1081
10;Cáceres;10212 Villanueva de la Vera;Hombres;2011;1064
10;Cáceres;10212 Villanueva de la Vera;Hombres;2010;1065
10;Cáceres;10212 Villanueva de la Vera;Hombres;2009;1067
10;Cáceres;10212 Villanueva de la Vera;Hombres;2008;1070
10;Cáceres;10212 Villanueva de la Vera;Hombres;2007;1072
10;Cáceres;10212 Villanueva de la Vera;Hombres;2006;1078
10;Cáceres;10212 Villanueva de la Vera;Hombres;2005;1097
10;Cáceres;10212 Villanueva de la Vera;Hombres;2004;1057
10;Cáceres;10212 Villanueva de la Vera;Hombres;2003;1000
10;Cáceres;10212 Villanueva de la Vera;Hombres;2002;987
10;Cáceres;10212 Villanueva de la Vera;Hombres;2001;1004
10;Cáceres;10212 Villanueva de la Vera;Hombres;2000;1008
10;Cáceres;10212 Villanueva de la Vera;Hombres;1999;1022
10;Cáceres;10212 Villanueva de la Vera;Hombres;1998;1000
10;Cáceres;10212 Villanueva de la Vera;Hombres;1997;
10;Cáceres;10212 Villanueva de la Vera;Hombres;1996;1026
10;Cáceres;10212 Villanueva de la Vera;Mujeres;2023;1041
10;Cáceres;10212 Villanueva de la Vera;Mujeres;2022;1046
10;Cáceres;10212 Villanueva de la Vera;Mujeres;2021;1055
10;Cáceres;10212 Villanueva de la Vera;Mujeres;2020;1036
10;Cáceres;10212 Villanueva de la Vera;Mujeres;2019;1008
10;Cáceres;10212 Villanueva de la Vera;Mujeres;2018;1019
10;Cáceres;10212 Villanueva de la Vera;Mujeres;2017;1032
10;Cáceres;10212 Villanueva de la Vera;Mujeres;2016;1033
10;Cáceres;10212 Villanueva de la Vera;Mujeres;2015;1043
10;Cáceres;10212 Villanueva de la Vera;Mujeres;2014;1069
10;Cáceres;10212 Villanueva de la Vera;Mujeres;2013;1065
10;Cáceres;10212 Villanueva de la Vera;Mujeres;2012;1066
10;Cáceres;10212 Villanueva de la Vera;Mujeres;2011;1045
10;Cáceres;10212 Villanueva de la Vera;Mujeres;2010;1039
10;Cáceres;10212 Villanueva de la Vera;Mujeres;2009;1041
10;Cáceres;10212 Villanueva de la Vera;Mujeres;2008;1057
10;Cáceres;10212 Villanueva de la Vera;Mujeres;2007;1057
10;Cáceres;10212 Villanueva de la Vera;Mujeres;2006;1035
10;Cáceres;10212 Villanueva de la Vera;Mujeres;2005;1020
10;Cáceres;10212 Villanueva de la Vera;Mujeres;2004;1018
10;Cáceres;10212 Villanueva de la Vera;Mujeres;2003;950
10;Cáceres;10212 Villanueva de la Vera;Mujeres;2002;964
10;Cáceres;10212 Villanueva de la Vera;Mujeres;2001;974
10;Cáceres;10212 Villanueva de la Vera;Mujeres;2000;998
10;Cáceres;10212 Villanueva de la Vera;Mujeres;1999;1010
10;Cáceres;10212 Villanueva de la Vera;Mujeres;1998;1003
10;Cáceres;10212 Villanueva de la Vera;Mujeres;1997;
10;Cáceres;10212 Villanueva de la Vera;Mujeres;1996;1049
10;Cáceres;10214 Villar de Plasencia;Total;2023;230
10;Cáceres;10214 Villar de Plasencia;Total;2022;237
10;Cáceres;10214 Villar de Plasencia;Total;2021;239
10;Cáceres;10214 Villar de Plasencia;Total;2020;233
10;Cáceres;10214 Villar de Plasencia;Total;2019;235
10;Cáceres;10214 Villar de Plasencia;Total;2018;234
10;Cáceres;10214 Villar de Plasencia;Total;2017;234
10;Cáceres;10214 Villar de Plasencia;Total;2016;232
10;Cáceres;10214 Villar de Plasencia;Total;2015;223
10;Cáceres;10214 Villar de Plasencia;Total;2014;235
10;Cáceres;10214 Villar de Plasencia;Total;2013;232
10;Cáceres;10214 Villar de Plasencia;Total;2012;236
10;Cáceres;10214 Villar de Plasencia;Total;2011;243
10;Cáceres;10214 Villar de Plasencia;Total;2010;227
10;Cáceres;10214 Villar de Plasencia;Total;2009;229
10;Cáceres;10214 Villar de Plasencia;Total;2008;233
10;Cáceres;10214 Villar de Plasencia;Total;2007;242
10;Cáceres;10214 Villar de Plasencia;Total;2006;258
10;Cáceres;10214 Villar de Plasencia;Total;2005;242
10;Cáceres;10214 Villar de Plasencia;Total;2004;248
10;Cáceres;10214 Villar de Plasencia;Total;2003;253
10;Cáceres;10214 Villar de Plasencia;Total;2002;256
10;Cáceres;10214 Villar de Plasencia;Total;2001;264
10;Cáceres;10214 Villar de Plasencia;Total;2000;275
10;Cáceres;10214 Villar de Plasencia;Total;1999;275
10;Cáceres;10214 Villar de Plasencia;Total;1998;303
10;Cáceres;10214 Villar de Plasencia;Total;1997;
10;Cáceres;10214 Villar de Plasencia;Total;1996;307
10;Cáceres;10214 Villar de Plasencia;Hombres;2023;120
10;Cáceres;10214 Villar de Plasencia;Hombres;2022;124
10;Cáceres;10214 Villar de Plasencia;Hombres;2021;127
10;Cáceres;10214 Villar de Plasencia;Hombres;2020;122
10;Cáceres;10214 Villar de Plasencia;Hombres;2019;127
10;Cáceres;10214 Villar de Plasencia;Hombres;2018;125
10;Cáceres;10214 Villar de Plasencia;Hombres;2017;124
10;Cáceres;10214 Villar de Plasencia;Hombres;2016;124
10;Cáceres;10214 Villar de Plasencia;Hombres;2015;116
10;Cáceres;10214 Villar de Plasencia;Hombres;2014;123
10;Cáceres;10214 Villar de Plasencia;Hombres;2013;117
10;Cáceres;10214 Villar de Plasencia;Hombres;2012;117
10;Cáceres;10214 Villar de Plasencia;Hombres;2011;117
10;Cáceres;10214 Villar de Plasencia;Hombres;2010;116
10;Cáceres;10214 Villar de Plasencia;Hombres;2009;117
10;Cáceres;10214 Villar de Plasencia;Hombres;2008;116
10;Cáceres;10214 Villar de Plasencia;Hombres;2007;121
10;Cáceres;10214 Villar de Plasencia;Hombres;2006;129
10;Cáceres;10214 Villar de Plasencia;Hombres;2005;123
10;Cáceres;10214 Villar de Plasencia;Hombres;2004;125
10;Cáceres;10214 Villar de Plasencia;Hombres;2003;130
10;Cáceres;10214 Villar de Plasencia;Hombres;2002;131
10;Cáceres;10214 Villar de Plasencia;Hombres;2001;134
10;Cáceres;10214 Villar de Plasencia;Hombres;2000;139
10;Cáceres;10214 Villar de Plasencia;Hombres;1999;136
10;Cáceres;10214 Villar de Plasencia;Hombres;1998;151
10;Cáceres;10214 Villar de Plasencia;Hombres;1997;
10;Cáceres;10214 Villar de Plasencia;Hombres;1996;148
10;Cáceres;10214 Villar de Plasencia;Mujeres;2023;110
10;Cáceres;10214 Villar de Plasencia;Mujeres;2022;113
10;Cáceres;10214 Villar de Plasencia;Mujeres;2021;112
10;Cáceres;10214 Villar de Plasencia;Mujeres;2020;111
10;Cáceres;10214 Villar de Plasencia;Mujeres;2019;108
10;Cáceres;10214 Villar de Plasencia;Mujeres;2018;109
10;Cáceres;10214 Villar de Plasencia;Mujeres;2017;110
10;Cáceres;10214 Villar de Plasencia;Mujeres;2016;108
10;Cáceres;10214 Villar de Plasencia;Mujeres;2015;107
10;Cáceres;10214 Villar de Plasencia;Mujeres;2014;112
10;Cáceres;10214 Villar de Plasencia;Mujeres;2013;115
10;Cáceres;10214 Villar de Plasencia;Mujeres;2012;119
10;Cáceres;10214 Villar de Plasencia;Mujeres;2011;126
10;Cáceres;10214 Villar de Plasencia;Mujeres;2010;111
10;Cáceres;10214 Villar de Plasencia;Mujeres;2009;112
10;Cáceres;10214 Villar de Plasencia;Mujeres;2008;117
10;Cáceres;10214 Villar de Plasencia;Mujeres;2007;121
10;Cáceres;10214 Villar de Plasencia;Mujeres;2006;129
10;Cáceres;10214 Villar de Plasencia;Mujeres;2005;119
10;Cáceres;10214 Villar de Plasencia;Mujeres;2004;123
10;Cáceres;10214 Villar de Plasencia;Mujeres;2003;123
10;Cáceres;10214 Villar de Plasencia;Mujeres;2002;125
10;Cáceres;10214 Villar de Plasencia;Mujeres;2001;130
10;Cáceres;10214 Villar de Plasencia;Mujeres;2000;136
10;Cáceres;10214 Villar de Plasencia;Mujeres;1999;139
10;Cáceres;10214 Villar de Plasencia;Mujeres;1998;152
10;Cáceres;10214 Villar de Plasencia;Mujeres;1997;
10;Cáceres;10214 Villar de Plasencia;Mujeres;1996;159
10;Cáceres;10213 Villar del Pedroso;Total;2023;548
10;Cáceres;10213 Villar del Pedroso;Total;2022;554
10;Cáceres;10213 Villar del Pedroso;Total;2021;560
10;Cáceres;10213 Villar del Pedroso;Total;2020;582
10;Cáceres;10213 Villar del Pedroso;Total;2019;599
10;Cáceres;10213 Villar del Pedroso;Total;2018;618
10;Cáceres;10213 Villar del Pedroso;Total;2017;629
10;Cáceres;10213 Villar del Pedroso;Total;2016;636
10;Cáceres;10213 Villar del Pedroso;Total;2015;636
10;Cáceres;10213 Villar del Pedroso;Total;2014;639
10;Cáceres;10213 Villar del Pedroso;Total;2013;649
10;Cáceres;10213 Villar del Pedroso;Total;2012;655
10;Cáceres;10213 Villar del Pedroso;Total;2011;679
10;Cáceres;10213 Villar del Pedroso;Total;2010;671
10;Cáceres;10213 Villar del Pedroso;Total;2009;673
10;Cáceres;10213 Villar del Pedroso;Total;2008;699
10;Cáceres;10213 Villar del Pedroso;Total;2007;713
10;Cáceres;10213 Villar del Pedroso;Total;2006;699
10;Cáceres;10213 Villar del Pedroso;Total;2005;727
10;Cáceres;10213 Villar del Pedroso;Total;2004;765
10;Cáceres;10213 Villar del Pedroso;Total;2003;780
10;Cáceres;10213 Villar del Pedroso;Total;2002;779
10;Cáceres;10213 Villar del Pedroso;Total;2001;791
10;Cáceres;10213 Villar del Pedroso;Total;2000;813
10;Cáceres;10213 Villar del Pedroso;Total;1999;820
10;Cáceres;10213 Villar del Pedroso;Total;1998;856
10;Cáceres;10213 Villar del Pedroso;Total;1997;
10;Cáceres;10213 Villar del Pedroso;Total;1996;877
10;Cáceres;10213 Villar del Pedroso;Hombres;2023;279
10;Cáceres;10213 Villar del Pedroso;Hombres;2022;285
10;Cáceres;10213 Villar del Pedroso;Hombres;2021;285
10;Cáceres;10213 Villar del Pedroso;Hombres;2020;299
10;Cáceres;10213 Villar del Pedroso;Hombres;2019;310
10;Cáceres;10213 Villar del Pedroso;Hombres;2018;317
10;Cáceres;10213 Villar del Pedroso;Hombres;2017;325
10;Cáceres;10213 Villar del Pedroso;Hombres;2016;329
10;Cáceres;10213 Villar del Pedroso;Hombres;2015;331
10;Cáceres;10213 Villar del Pedroso;Hombres;2014;335
10;Cáceres;10213 Villar del Pedroso;Hombres;2013;341
10;Cáceres;10213 Villar del Pedroso;Hombres;2012;342
10;Cáceres;10213 Villar del Pedroso;Hombres;2011;347
10;Cáceres;10213 Villar del Pedroso;Hombres;2010;345
10;Cáceres;10213 Villar del Pedroso;Hombres;2009;344
10;Cáceres;10213 Villar del Pedroso;Hombres;2008;356
10;Cáceres;10213 Villar del Pedroso;Hombres;2007;359
10;Cáceres;10213 Villar del Pedroso;Hombres;2006;350
10;Cáceres;10213 Villar del Pedroso;Hombres;2005;364
10;Cáceres;10213 Villar del Pedroso;Hombres;2004;386
10;Cáceres;10213 Villar del Pedroso;Hombres;2003;396
10;Cáceres;10213 Villar del Pedroso;Hombres;2002;395
10;Cáceres;10213 Villar del Pedroso;Hombres;2001;401
10;Cáceres;10213 Villar del Pedroso;Hombres;2000;407
10;Cáceres;10213 Villar del Pedroso;Hombres;1999;411
10;Cáceres;10213 Villar del Pedroso;Hombres;1998;429
10;Cáceres;10213 Villar del Pedroso;Hombres;1997;
10;Cáceres;10213 Villar del Pedroso;Hombres;1996;440
10;Cáceres;10213 Villar del Pedroso;Mujeres;2023;269
10;Cáceres;10213 Villar del Pedroso;Mujeres;2022;269
10;Cáceres;10213 Villar del Pedroso;Mujeres;2021;275
10;Cáceres;10213 Villar del Pedroso;Mujeres;2020;283
10;Cáceres;10213 Villar del Pedroso;Mujeres;2019;289
10;Cáceres;10213 Villar del Pedroso;Mujeres;2018;301
10;Cáceres;10213 Villar del Pedroso;Mujeres;2017;304
10;Cáceres;10213 Villar del Pedroso;Mujeres;2016;307
10;Cáceres;10213 Villar del Pedroso;Mujeres;2015;305
10;Cáceres;10213 Villar del Pedroso;Mujeres;2014;304
10;Cáceres;10213 Villar del Pedroso;Mujeres;2013;308
10;Cáceres;10213 Villar del Pedroso;Mujeres;2012;313
10;Cáceres;10213 Villar del Pedroso;Mujeres;2011;332
10;Cáceres;10213 Villar del Pedroso;Mujeres;2010;326
10;Cáceres;10213 Villar del Pedroso;Mujeres;2009;329
10;Cáceres;10213 Villar del Pedroso;Mujeres;2008;343
10;Cáceres;10213 Villar del Pedroso;Mujeres;2007;354
10;Cáceres;10213 Villar del Pedroso;Mujeres;2006;349
10;Cáceres;10213 Villar del Pedroso;Mujeres;2005;363
10;Cáceres;10213 Villar del Pedroso;Mujeres;2004;379
10;Cáceres;10213 Villar del Pedroso;Mujeres;2003;384
10;Cáceres;10213 Villar del Pedroso;Mujeres;2002;384
10;Cáceres;10213 Villar del Pedroso;Mujeres;2001;390
10;Cáceres;10213 Villar del Pedroso;Mujeres;2000;406
10;Cáceres;10213 Villar del Pedroso;Mujeres;1999;409
10;Cáceres;10213 Villar del Pedroso;Mujeres;1998;427
10;Cáceres;10213 Villar del Pedroso;Mujeres;1997;
10;Cáceres;10213 Villar del Pedroso;Mujeres;1996;437
10;Cáceres;10215 Villasbuenas de Gata;Total;2023;383
10;Cáceres;10215 Villasbuenas de Gata;Total;2022;379
10;Cáceres;10215 Villasbuenas de Gata;Total;2021;388
10;Cáceres;10215 Villasbuenas de Gata;Total;2020;376
10;Cáceres;10215 Villasbuenas de Gata;Total;2019;354
10;Cáceres;10215 Villasbuenas de Gata;Total;2018;341
10;Cáceres;10215 Villasbuenas de Gata;Total;2017;357
10;Cáceres;10215 Villasbuenas de Gata;Total;2016;370
10;Cáceres;10215 Villasbuenas de Gata;Total;2015;388
10;Cáceres;10215 Villasbuenas de Gata;Total;2014;392
10;Cáceres;10215 Villasbuenas de Gata;Total;2013;400
10;Cáceres;10215 Villasbuenas de Gata;Total;2012;436
10;Cáceres;10215 Villasbuenas de Gata;Total;2011;450
10;Cáceres;10215 Villasbuenas de Gata;Total;2010;463
10;Cáceres;10215 Villasbuenas de Gata;Total;2009;456
10;Cáceres;10215 Villasbuenas de Gata;Total;2008;468
10;Cáceres;10215 Villasbuenas de Gata;Total;2007;475
10;Cáceres;10215 Villasbuenas de Gata;Total;2006;491
10;Cáceres;10215 Villasbuenas de Gata;Total;2005;490
10;Cáceres;10215 Villasbuenas de Gata;Total;2004;495
10;Cáceres;10215 Villasbuenas de Gata;Total;2003;498
10;Cáceres;10215 Villasbuenas de Gata;Total;2002;505
10;Cáceres;10215 Villasbuenas de Gata;Total;2001;503
10;Cáceres;10215 Villasbuenas de Gata;Total;2000;504
10;Cáceres;10215 Villasbuenas de Gata;Total;1999;521
10;Cáceres;10215 Villasbuenas de Gata;Total;1998;518
10;Cáceres;10215 Villasbuenas de Gata;Total;1997;
10;Cáceres;10215 Villasbuenas de Gata;Total;1996;545
10;Cáceres;10215 Villasbuenas de Gata;Hombres;2023;188
10;Cáceres;10215 Villasbuenas de Gata;Hombres;2022;189
10;Cáceres;10215 Villasbuenas de Gata;Hombres;2021;188
10;Cáceres;10215 Villasbuenas de Gata;Hombres;2020;183
10;Cáceres;10215 Villasbuenas de Gata;Hombres;2019;173
10;Cáceres;10215 Villasbuenas de Gata;Hombres;2018;170
10;Cáceres;10215 Villasbuenas de Gata;Hombres;2017;183
10;Cáceres;10215 Villasbuenas de Gata;Hombres;2016;192
10;Cáceres;10215 Villasbuenas de Gata;Hombres;2015;200
10;Cáceres;10215 Villasbuenas de Gata;Hombres;2014;205
10;Cáceres;10215 Villasbuenas de Gata;Hombres;2013;208
10;Cáceres;10215 Villasbuenas de Gata;Hombres;2012;228
10;Cáceres;10215 Villasbuenas de Gata;Hombres;2011;234
10;Cáceres;10215 Villasbuenas de Gata;Hombres;2010;241
10;Cáceres;10215 Villasbuenas de Gata;Hombres;2009;237
10;Cáceres;10215 Villasbuenas de Gata;Hombres;2008;242
10;Cáceres;10215 Villasbuenas de Gata;Hombres;2007;246
10;Cáceres;10215 Villasbuenas de Gata;Hombres;2006;252
10;Cáceres;10215 Villasbuenas de Gata;Hombres;2005;254
10;Cáceres;10215 Villasbuenas de Gata;Hombres;2004;257
10;Cáceres;10215 Villasbuenas de Gata;Hombres;2003;255
10;Cáceres;10215 Villasbuenas de Gata;Hombres;2002;259
10;Cáceres;10215 Villasbuenas de Gata;Hombres;2001;258
10;Cáceres;10215 Villasbuenas de Gata;Hombres;2000;262
10;Cáceres;10215 Villasbuenas de Gata;Hombres;1999;269
10;Cáceres;10215 Villasbuenas de Gata;Hombres;1998;266
10;Cáceres;10215 Villasbuenas de Gata;Hombres;1997;
10;Cáceres;10215 Villasbuenas de Gata;Hombres;1996;281
10;Cáceres;10215 Villasbuenas de Gata;Mujeres;2023;195
10;Cáceres;10215 Villasbuenas de Gata;Mujeres;2022;190
10;Cáceres;10215 Villasbuenas de Gata;Mujeres;2021;200
10;Cáceres;10215 Villasbuenas de Gata;Mujeres;2020;193
10;Cáceres;10215 Villasbuenas de Gata;Mujeres;2019;181
10;Cáceres;10215 Villasbuenas de Gata;Mujeres;2018;171
10;Cáceres;10215 Villasbuenas de Gata;Mujeres;2017;174
10;Cáceres;10215 Villasbuenas de Gata;Mujeres;2016;178
10;Cáceres;10215 Villasbuenas de Gata;Mujeres;2015;188
10;Cáceres;10215 Villasbuenas de Gata;Mujeres;2014;187
10;Cáceres;10215 Villasbuenas de Gata;Mujeres;2013;192
10;Cáceres;10215 Villasbuenas de Gata;Mujeres;2012;208
10;Cáceres;10215 Villasbuenas de Gata;Mujeres;2011;216
10;Cáceres;10215 Villasbuenas de Gata;Mujeres;2010;222
10;Cáceres;10215 Villasbuenas de Gata;Mujeres;2009;219
10;Cáceres;10215 Villasbuenas de Gata;Mujeres;2008;226
10;Cáceres;10215 Villasbuenas de Gata;Mujeres;2007;229
10;Cáceres;10215 Villasbuenas de Gata;Mujeres;2006;239
10;Cáceres;10215 Villasbuenas de Gata;Mujeres;2005;236
10;Cáceres;10215 Villasbuenas de Gata;Mujeres;2004;238
10;Cáceres;10215 Villasbuenas de Gata;Mujeres;2003;243
10;Cáceres;10215 Villasbuenas de Gata;Mujeres;2002;246
10;Cáceres;10215 Villasbuenas de Gata;Mujeres;2001;245
10;Cáceres;10215 Villasbuenas de Gata;Mujeres;2000;242
10;Cáceres;10215 Villasbuenas de Gata;Mujeres;1999;252
10;Cáceres;10215 Villasbuenas de Gata;Mujeres;1998;252
10;Cáceres;10215 Villasbuenas de Gata;Mujeres;1997;
10;Cáceres;10215 Villasbuenas de Gata;Mujeres;1996;264
10;Cáceres;10216 Zarza de Granadilla;Total;2023;1799
10;Cáceres;10216 Zarza de Granadilla;Total;2022;1803
10;Cáceres;10216 Zarza de Granadilla;Total;2021;1792
10;Cáceres;10216 Zarza de Granadilla;Total;2020;1800
10;Cáceres;10216 Zarza de Granadilla;Total;2019;1805
10;Cáceres;10216 Zarza de Granadilla;Total;2018;1823
10;Cáceres;10216 Zarza de Granadilla;Total;2017;1822
10;Cáceres;10216 Zarza de Granadilla;Total;2016;1827
10;Cáceres;10216 Zarza de Granadilla;Total;2015;1843
10;Cáceres;10216 Zarza de Granadilla;Total;2014;1865
10;Cáceres;10216 Zarza de Granadilla;Total;2013;1872
10;Cáceres;10216 Zarza de Granadilla;Total;2012;1850
10;Cáceres;10216 Zarza de Granadilla;Total;2011;1860
10;Cáceres;10216 Zarza de Granadilla;Total;2010;1873
10;Cáceres;10216 Zarza de Granadilla;Total;2009;1864
10;Cáceres;10216 Zarza de Granadilla;Total;2008;1770
10;Cáceres;10216 Zarza de Granadilla;Total;2007;1729
10;Cáceres;10216 Zarza de Granadilla;Total;2006;1761
10;Cáceres;10216 Zarza de Granadilla;Total;2005;1744
10;Cáceres;10216 Zarza de Granadilla;Total;2004;1740
10;Cáceres;10216 Zarza de Granadilla;Total;2003;1718
10;Cáceres;10216 Zarza de Granadilla;Total;2002;1749
10;Cáceres;10216 Zarza de Granadilla;Total;2001;1765
10;Cáceres;10216 Zarza de Granadilla;Total;2000;1784
10;Cáceres;10216 Zarza de Granadilla;Total;1999;1822
10;Cáceres;10216 Zarza de Granadilla;Total;1998;1862
10;Cáceres;10216 Zarza de Granadilla;Total;1997;
10;Cáceres;10216 Zarza de Granadilla;Total;1996;1895
10;Cáceres;10216 Zarza de Granadilla;Hombres;2023;916
10;Cáceres;10216 Zarza de Granadilla;Hombres;2022;916
10;Cáceres;10216 Zarza de Granadilla;Hombres;2021;914
10;Cáceres;10216 Zarza de Granadilla;Hombres;2020;911
10;Cáceres;10216 Zarza de Granadilla;Hombres;2019;915
10;Cáceres;10216 Zarza de Granadilla;Hombres;2018;917
10;Cáceres;10216 Zarza de Granadilla;Hombres;2017;925
10;Cáceres;10216 Zarza de Granadilla;Hombres;2016;930
10;Cáceres;10216 Zarza de Granadilla;Hombres;2015;950
10;Cáceres;10216 Zarza de Granadilla;Hombres;2014;957
10;Cáceres;10216 Zarza de Granadilla;Hombres;2013;961
10;Cáceres;10216 Zarza de Granadilla;Hombres;2012;963
10;Cáceres;10216 Zarza de Granadilla;Hombres;2011;971
10;Cáceres;10216 Zarza de Granadilla;Hombres;2010;976
10;Cáceres;10216 Zarza de Granadilla;Hombres;2009;968
10;Cáceres;10216 Zarza de Granadilla;Hombres;2008;908
10;Cáceres;10216 Zarza de Granadilla;Hombres;2007;887
10;Cáceres;10216 Zarza de Granadilla;Hombres;2006;898
10;Cáceres;10216 Zarza de Granadilla;Hombres;2005;886
10;Cáceres;10216 Zarza de Granadilla;Hombres;2004;883
10;Cáceres;10216 Zarza de Granadilla;Hombres;2003;874
10;Cáceres;10216 Zarza de Granadilla;Hombres;2002;887
10;Cáceres;10216 Zarza de Granadilla;Hombres;2001;901
10;Cáceres;10216 Zarza de Granadilla;Hombres;2000;914
10;Cáceres;10216 Zarza de Granadilla;Hombres;1999;941
10;Cáceres;10216 Zarza de Granadilla;Hombres;1998;959
10;Cáceres;10216 Zarza de Granadilla;Hombres;1997;
10;Cáceres;10216 Zarza de Granadilla;Hombres;1996;979
10;Cáceres;10216 Zarza de Granadilla;Mujeres;2023;883
10;Cáceres;10216 Zarza de Granadilla;Mujeres;2022;887
10;Cáceres;10216 Zarza de Granadilla;Mujeres;2021;878
10;Cáceres;10216 Zarza de Granadilla;Mujeres;2020;889
10;Cáceres;10216 Zarza de Granadilla;Mujeres;2019;890
10;Cáceres;10216 Zarza de Granadilla;Mujeres;2018;906
10;Cáceres;10216 Zarza de Granadilla;Mujeres;2017;897
10;Cáceres;10216 Zarza de Granadilla;Mujeres;2016;897
10;Cáceres;10216 Zarza de Granadilla;Mujeres;2015;893
10;Cáceres;10216 Zarza de Granadilla;Mujeres;2014;908
10;Cáceres;10216 Zarza de Granadilla;Mujeres;2013;911
10;Cáceres;10216 Zarza de Granadilla;Mujeres;2012;887
10;Cáceres;10216 Zarza de Granadilla;Mujeres;2011;889
10;Cáceres;10216 Zarza de Granadilla;Mujeres;2010;897
10;Cáceres;10216 Zarza de Granadilla;Mujeres;2009;896
10;Cáceres;10216 Zarza de Granadilla;Mujeres;2008;862
10;Cáceres;10216 Zarza de Granadilla;Mujeres;2007;842
10;Cáceres;10216 Zarza de Granadilla;Mujeres;2006;863
10;Cáceres;10216 Zarza de Granadilla;Mujeres;2005;858
10;Cáceres;10216 Zarza de Granadilla;Mujeres;2004;857
10;Cáceres;10216 Zarza de Granadilla;Mujeres;2003;844
10;Cáceres;10216 Zarza de Granadilla;Mujeres;2002;862
10;Cáceres;10216 Zarza de Granadilla;Mujeres;2001;864
10;Cáceres;10216 Zarza de Granadilla;Mujeres;2000;870
10;Cáceres;10216 Zarza de Granadilla;Mujeres;1999;881
10;Cáceres;10216 Zarza de Granadilla;Mujeres;1998;903
10;Cáceres;10216 Zarza de Granadilla;Mujeres;1997;
10;Cáceres;10216 Zarza de Granadilla;Mujeres;1996;916
10;Cáceres;10217 Zarza de Montánchez;Total;2023;515
10;Cáceres;10217 Zarza de Montánchez;Total;2022;516
10;Cáceres;10217 Zarza de Montánchez;Total;2021;529
10;Cáceres;10217 Zarza de Montánchez;Total;2020;548
10;Cáceres;10217 Zarza de Montánchez;Total;2019;571
10;Cáceres;10217 Zarza de Montánchez;Total;2018;550
10;Cáceres;10217 Zarza de Montánchez;Total;2017;563
10;Cáceres;10217 Zarza de Montánchez;Total;2016;580
10;Cáceres;10217 Zarza de Montánchez;Total;2015;594
10;Cáceres;10217 Zarza de Montánchez;Total;2014;573
10;Cáceres;10217 Zarza de Montánchez;Total;2013;590
10;Cáceres;10217 Zarza de Montánchez;Total;2012;596
10;Cáceres;10217 Zarza de Montánchez;Total;2011;609
10;Cáceres;10217 Zarza de Montánchez;Total;2010;605
10;Cáceres;10217 Zarza de Montánchez;Total;2009;619
10;Cáceres;10217 Zarza de Montánchez;Total;2008;622
10;Cáceres;10217 Zarza de Montánchez;Total;2007;632
10;Cáceres;10217 Zarza de Montánchez;Total;2006;631
10;Cáceres;10217 Zarza de Montánchez;Total;2005;609
10;Cáceres;10217 Zarza de Montánchez;Total;2004;608
10;Cáceres;10217 Zarza de Montánchez;Total;2003;605
10;Cáceres;10217 Zarza de Montánchez;Total;2002;617
10;Cáceres;10217 Zarza de Montánchez;Total;2001;591
10;Cáceres;10217 Zarza de Montánchez;Total;2000;618
10;Cáceres;10217 Zarza de Montánchez;Total;1999;640
10;Cáceres;10217 Zarza de Montánchez;Total;1998;660
10;Cáceres;10217 Zarza de Montánchez;Total;1997;
10;Cáceres;10217 Zarza de Montánchez;Total;1996;662
10;Cáceres;10217 Zarza de Montánchez;Hombres;2023;265
10;Cáceres;10217 Zarza de Montánchez;Hombres;2022;266
10;Cáceres;10217 Zarza de Montánchez;Hombres;2021;268
10;Cáceres;10217 Zarza de Montánchez;Hombres;2020;277
10;Cáceres;10217 Zarza de Montánchez;Hombres;2019;287
10;Cáceres;10217 Zarza de Montánchez;Hombres;2018;275
10;Cáceres;10217 Zarza de Montánchez;Hombres;2017;278
10;Cáceres;10217 Zarza de Montánchez;Hombres;2016;288
10;Cáceres;10217 Zarza de Montánchez;Hombres;2015;295
10;Cáceres;10217 Zarza de Montánchez;Hombres;2014;285
10;Cáceres;10217 Zarza de Montánchez;Hombres;2013;291
10;Cáceres;10217 Zarza de Montánchez;Hombres;2012;293
10;Cáceres;10217 Zarza de Montánchez;Hombres;2011;298
10;Cáceres;10217 Zarza de Montánchez;Hombres;2010;294
10;Cáceres;10217 Zarza de Montánchez;Hombres;2009;300
10;Cáceres;10217 Zarza de Montánchez;Hombres;2008;306
10;Cáceres;10217 Zarza de Montánchez;Hombres;2007;317
10;Cáceres;10217 Zarza de Montánchez;Hombres;2006;318
10;Cáceres;10217 Zarza de Montánchez;Hombres;2005;302
10;Cáceres;10217 Zarza de Montánchez;Hombres;2004;300
10;Cáceres;10217 Zarza de Montánchez;Hombres;2003;302
10;Cáceres;10217 Zarza de Montánchez;Hombres;2002;310
10;Cáceres;10217 Zarza de Montánchez;Hombres;2001;296
10;Cáceres;10217 Zarza de Montánchez;Hombres;2000;306
10;Cáceres;10217 Zarza de Montánchez;Hombres;1999;318
10;Cáceres;10217 Zarza de Montánchez;Hombres;1998;326
10;Cáceres;10217 Zarza de Montánchez;Hombres;1997;
10;Cáceres;10217 Zarza de Montánchez;Hombres;1996;335
10;Cáceres;10217 Zarza de Montánchez;Mujeres;2023;250
10;Cáceres;10217 Zarza de Montánchez;Mujeres;2022;250
10;Cáceres;10217 Zarza de Montánchez;Mujeres;2021;261
10;Cáceres;10217 Zarza de Montánchez;Mujeres;2020;271
10;Cáceres;10217 Zarza de Montánchez;Mujeres;2019;284
10;Cáceres;10217 Zarza de Montánchez;Mujeres;2018;275
10;Cáceres;10217 Zarza de Montánchez;Mujeres;2017;285
10;Cáceres;10217 Zarza de Montánchez;Mujeres;2016;292
10;Cáceres;10217 Zarza de Montánchez;Mujeres;2015;299
10;Cáceres;10217 Zarza de Montánchez;Mujeres;2014;288
10;Cáceres;10217 Zarza de Montánchez;Mujeres;2013;299
10;Cáceres;10217 Zarza de Montánchez;Mujeres;2012;303
10;Cáceres;10217 Zarza de Montánchez;Mujeres;2011;311
10;Cáceres;10217 Zarza de Montánchez;Mujeres;2010;311
10;Cáceres;10217 Zarza de Montánchez;Mujeres;2009;319
10;Cáceres;10217 Zarza de Montánchez;Mujeres;2008;316
10;Cáceres;10217 Zarza de Montánchez;Mujeres;2007;315
10;Cáceres;10217 Zarza de Montánchez;Mujeres;2006;313
10;Cáceres;10217 Zarza de Montánchez;Mujeres;2005;307
10;Cáceres;10217 Zarza de Montánchez;Mujeres;2004;308
10;Cáceres;10217 Zarza de Montánchez;Mujeres;2003;303
10;Cáceres;10217 Zarza de Montánchez;Mujeres;2002;307
10;Cáceres;10217 Zarza de Montánchez;Mujeres;2001;295
10;Cáceres;10217 Zarza de Montánchez;Mujeres;2000;312
10;Cáceres;10217 Zarza de Montánchez;Mujeres;1999;322
10;Cáceres;10217 Zarza de Montánchez;Mujeres;1998;334
10;Cáceres;10217 Zarza de Montánchez;Mujeres;1997;
10;Cáceres;10217 Zarza de Montánchez;Mujeres;1996;327
10;Cáceres;10218 Zarza la Mayor;Total;2023;1134
10;Cáceres;10218 Zarza la Mayor;Total;2022;1176
10;Cáceres;10218 Zarza la Mayor;Total;2021;1192
10;Cáceres;10218 Zarza la Mayor;Total;2020;1199
10;Cáceres;10218 Zarza la Mayor;Total;2019;1228
10;Cáceres;10218 Zarza la Mayor;Total;2018;1258
10;Cáceres;10218 Zarza la Mayor;Total;2017;1277
10;Cáceres;10218 Zarza la Mayor;Total;2016;1306
10;Cáceres;10218 Zarza la Mayor;Total;2015;1359
10;Cáceres;10218 Zarza la Mayor;Total;2014;1372
10;Cáceres;10218 Zarza la Mayor;Total;2013;1384
10;Cáceres;10218 Zarza la Mayor;Total;2012;1409
10;Cáceres;10218 Zarza la Mayor;Total;2011;1393
10;Cáceres;10218 Zarza la Mayor;Total;2010;1405
10;Cáceres;10218 Zarza la Mayor;Total;2009;1409
10;Cáceres;10218 Zarza la Mayor;Total;2008;1444
10;Cáceres;10218 Zarza la Mayor;Total;2007;1462
10;Cáceres;10218 Zarza la Mayor;Total;2006;1488
10;Cáceres;10218 Zarza la Mayor;Total;2005;1499
10;Cáceres;10218 Zarza la Mayor;Total;2004;1536
10;Cáceres;10218 Zarza la Mayor;Total;2003;1608
10;Cáceres;10218 Zarza la Mayor;Total;2002;1666
10;Cáceres;10218 Zarza la Mayor;Total;2001;1691
10;Cáceres;10218 Zarza la Mayor;Total;2000;1712
10;Cáceres;10218 Zarza la Mayor;Total;1999;1688
10;Cáceres;10218 Zarza la Mayor;Total;1998;1732
10;Cáceres;10218 Zarza la Mayor;Total;1997;
10;Cáceres;10218 Zarza la Mayor;Total;1996;1737
10;Cáceres;10218 Zarza la Mayor;Hombres;2023;568
10;Cáceres;10218 Zarza la Mayor;Hombres;2022;585
10;Cáceres;10218 Zarza la Mayor;Hombres;2021;594
10;Cáceres;10218 Zarza la Mayor;Hombres;2020;595
10;Cáceres;10218 Zarza la Mayor;Hombres;2019;610
10;Cáceres;10218 Zarza la Mayor;Hombres;2018;629
10;Cáceres;10218 Zarza la Mayor;Hombres;2017;635
10;Cáceres;10218 Zarza la Mayor;Hombres;2016;647
10;Cáceres;10218 Zarza la Mayor;Hombres;2015;673
10;Cáceres;10218 Zarza la Mayor;Hombres;2014;680
10;Cáceres;10218 Zarza la Mayor;Hombres;2013;685
10;Cáceres;10218 Zarza la Mayor;Hombres;2012;711
10;Cáceres;10218 Zarza la Mayor;Hombres;2011;706
10;Cáceres;10218 Zarza la Mayor;Hombres;2010;709
10;Cáceres;10218 Zarza la Mayor;Hombres;2009;714
10;Cáceres;10218 Zarza la Mayor;Hombres;2008;747
10;Cáceres;10218 Zarza la Mayor;Hombres;2007;753
10;Cáceres;10218 Zarza la Mayor;Hombres;2006;763
10;Cáceres;10218 Zarza la Mayor;Hombres;2005;767
10;Cáceres;10218 Zarza la Mayor;Hombres;2004;791
10;Cáceres;10218 Zarza la Mayor;Hombres;2003;823
10;Cáceres;10218 Zarza la Mayor;Hombres;2002;843
10;Cáceres;10218 Zarza la Mayor;Hombres;2001;850
10;Cáceres;10218 Zarza la Mayor;Hombres;2000;866
10;Cáceres;10218 Zarza la Mayor;Hombres;1999;836
10;Cáceres;10218 Zarza la Mayor;Hombres;1998;863
10;Cáceres;10218 Zarza la Mayor;Hombres;1997;
10;Cáceres;10218 Zarza la Mayor;Hombres;1996;861
10;Cáceres;10218 Zarza la Mayor;Mujeres;2023;566
10;Cáceres;10218 Zarza la Mayor;Mujeres;2022;591
10;Cáceres;10218 Zarza la Mayor;Mujeres;2021;598
10;Cáceres;10218 Zarza la Mayor;Mujeres;2020;604
10;Cáceres;10218 Zarza la Mayor;Mujeres;2019;618
10;Cáceres;10218 Zarza la Mayor;Mujeres;2018;629
10;Cáceres;10218 Zarza la Mayor;Mujeres;2017;642
10;Cáceres;10218 Zarza la Mayor;Mujeres;2016;659
10;Cáceres;10218 Zarza la Mayor;Mujeres;2015;686
10;Cáceres;10218 Zarza la Mayor;Mujeres;2014;692
10;Cáceres;10218 Zarza la Mayor;Mujeres;2013;699
10;Cáceres;10218 Zarza la Mayor;Mujeres;2012;698
10;Cáceres;10218 Zarza la Mayor;Mujeres;2011;687
10;Cáceres;10218 Zarza la Mayor;Mujeres;2010;696
10;Cáceres;10218 Zarza la Mayor;Mujeres;2009;695
10;Cáceres;10218 Zarza la Mayor;Mujeres;2008;697
10;Cáceres;10218 Zarza la Mayor;Mujeres;2007;709
10;Cáceres;10218 Zarza la Mayor;Mujeres;2006;725
10;Cáceres;10218 Zarza la Mayor;Mujeres;2005;732
10;Cáceres;10218 Zarza la Mayor;Mujeres;2004;745
10;Cáceres;10218 Zarza la Mayor;Mujeres;2003;785
10;Cáceres;10218 Zarza la Mayor;Mujeres;2002;823
10;Cáceres;10218 Zarza la Mayor;Mujeres;2001;841
10;Cáceres;10218 Zarza la Mayor;Mujeres;2000;846
10;Cáceres;10218 Zarza la Mayor;Mujeres;1999;852
10;Cáceres;10218 Zarza la Mayor;Mujeres;1998;869
10;Cáceres;10218 Zarza la Mayor;Mujeres;1997;
10;Cáceres;10218 Zarza la Mayor;Mujeres;1996;876
10;Cáceres;10219 Zorita;Total;2023;1267
10;Cáceres;10219 Zorita;Total;2022;1297
10;Cáceres;10219 Zorita;Total;2021;1324
10;Cáceres;10219 Zorita;Total;2020;1332
10;Cáceres;10219 Zorita;Total;2019;1367
10;Cáceres;10219 Zorita;Total;2018;1377
10;Cáceres;10219 Zorita;Total;2017;1412
10;Cáceres;10219 Zorita;Total;2016;1446
10;Cáceres;10219 Zorita;Total;2015;1502
10;Cáceres;10219 Zorita;Total;2014;1522
10;Cáceres;10219 Zorita;Total;2013;1549
10;Cáceres;10219 Zorita;Total;2012;1586
10;Cáceres;10219 Zorita;Total;2011;1642
10;Cáceres;10219 Zorita;Total;2010;1660
10;Cáceres;10219 Zorita;Total;2009;1673
10;Cáceres;10219 Zorita;Total;2008;1697
10;Cáceres;10219 Zorita;Total;2007;1731
10;Cáceres;10219 Zorita;Total;2006;1768
10;Cáceres;10219 Zorita;Total;2005;1792
10;Cáceres;10219 Zorita;Total;2004;1816
10;Cáceres;10219 Zorita;Total;2003;1859
10;Cáceres;10219 Zorita;Total;2002;1925
10;Cáceres;10219 Zorita;Total;2001;1970
10;Cáceres;10219 Zorita;Total;2000;1987
10;Cáceres;10219 Zorita;Total;1999;1615
10;Cáceres;10219 Zorita;Total;1998;2025
10;Cáceres;10219 Zorita;Total;1997;
10;Cáceres;10219 Zorita;Total;1996;2094
10;Cáceres;10219 Zorita;Hombres;2023;626
10;Cáceres;10219 Zorita;Hombres;2022;646
10;Cáceres;10219 Zorita;Hombres;2021;662
10;Cáceres;10219 Zorita;Hombres;2020;678
10;Cáceres;10219 Zorita;Hombres;2019;699
10;Cáceres;10219 Zorita;Hombres;2018;697
10;Cáceres;10219 Zorita;Hombres;2017;712
10;Cáceres;10219 Zorita;Hombres;2016;726
10;Cáceres;10219 Zorita;Hombres;2015;751
10;Cáceres;10219 Zorita;Hombres;2014;766
10;Cáceres;10219 Zorita;Hombres;2013;777
10;Cáceres;10219 Zorita;Hombres;2012;789
10;Cáceres;10219 Zorita;Hombres;2011;809
10;Cáceres;10219 Zorita;Hombres;2010;805
10;Cáceres;10219 Zorita;Hombres;2009;816
10;Cáceres;10219 Zorita;Hombres;2008;828
10;Cáceres;10219 Zorita;Hombres;2007;847
10;Cáceres;10219 Zorita;Hombres;2006;861
10;Cáceres;10219 Zorita;Hombres;2005;881
10;Cáceres;10219 Zorita;Hombres;2004;900
10;Cáceres;10219 Zorita;Hombres;2003;924
10;Cáceres;10219 Zorita;Hombres;2002;951
10;Cáceres;10219 Zorita;Hombres;2001;979
10;Cáceres;10219 Zorita;Hombres;2000;994
10;Cáceres;10219 Zorita;Hombres;1999;803
10;Cáceres;10219 Zorita;Hombres;1998;996
10;Cáceres;10219 Zorita;Hombres;1997;
10;Cáceres;10219 Zorita;Hombres;1996;1030
10;Cáceres;10219 Zorita;Mujeres;2023;641
10;Cáceres;10219 Zorita;Mujeres;2022;651
10;Cáceres;10219 Zorita;Mujeres;2021;662
10;Cáceres;10219 Zorita;Mujeres;2020;654
10;Cáceres;10219 Zorita;Mujeres;2019;668
10;Cáceres;10219 Zorita;Mujeres;2018;680
10;Cáceres;10219 Zorita;Mujeres;2017;700
10;Cáceres;10219 Zorita;Mujeres;2016;720
10;Cáceres;10219 Zorita;Mujeres;2015;751
10;Cáceres;10219 Zorita;Mujeres;2014;756
10;Cáceres;10219 Zorita;Mujeres;2013;772
10;Cáceres;10219 Zorita;Mujeres;2012;797
10;Cáceres;10219 Zorita;Mujeres;2011;833
10;Cáceres;10219 Zorita;Mujeres;2010;855
10;Cáceres;10219 Zorita;Mujeres;2009;857
10;Cáceres;10219 Zorita;Mujeres;2008;869
10;Cáceres;10219 Zorita;Mujeres;2007;884
10;Cáceres;10219 Zorita;Mujeres;2006;907
10;Cáceres;10219 Zorita;Mujeres;2005;911
10;Cáceres;10219 Zorita;Mujeres;2004;916
10;Cáceres;10219 Zorita;Mujeres;2003;935
10;Cáceres;10219 Zorita;Mujeres;2002;974
10;Cáceres;10219 Zorita;Mujeres;2001;991
10;Cáceres;10219 Zorita;Mujeres;2000;993
10;Cáceres;10219 Zorita;Mujeres;1999;812
10;Cáceres;10219 Zorita;Mujeres;1998;1029
10;Cáceres;10219 Zorita;Mujeres;1997;
10;Cáceres;10219 Zorita;Mujeres;1996;1064
