codigo_provincia;nombre_provincia;Municipios;Sexo;Periodo;Total
12;Castellón/Castelló;12003 Albocàsser;Total;2023;1302
12;Castellón/Castelló;12003 Albocàsser;Total;2022;1264
12;Castellón/Castelló;12003 Albocàsser;Total;2021;1253
12;Castellón/Castelló;12003 Albocàsser;Total;2020;1227
12;Castellón/Castelló;12003 Albocàsser;Total;2019;1241
12;Castellón/Castelló;12003 Albocàsser;Total;2018;1234
12;Castellón/Castelló;12003 Albocàsser;Total;2017;1257
12;Castellón/Castelló;12003 Albocàsser;Total;2016;1303
12;Castellón/Castelló;12003 Albocàsser;Total;2015;1334
12;Castellón/Castelló;12003 Albocàsser;Total;2014;1351
12;Castellón/Castelló;12003 Albocàsser;Total;2013;1424
12;Castellón/Castelló;12003 Albocàsser;Total;2012;1422
12;Castellón/Castelló;12003 Albocàsser;Total;2011;1443
12;Castellón/Castelló;12003 Albocàsser;Total;2010;1439
12;Castellón/Castelló;12003 Albocàsser;Total;2009;1447
12;Castellón/Castelló;12003 Albocàsser;Total;2008;1446
12;Castellón/Castelló;12003 Albocàsser;Total;2007;1381
12;Castellón/Castelló;12003 Albocàsser;Total;2006;1377
12;Castellón/Castelló;12003 Albocàsser;Total;2005;1395
12;Castellón/Castelló;12003 Albocàsser;Total;2004;1385
12;Castellón/Castelló;12003 Albocàsser;Total;2003;1378
12;Castellón/Castelló;12003 Albocàsser;Total;2002;1381
12;Castellón/Castelló;12003 Albocàsser;Total;2001;1348
12;Castellón/Castelló;12003 Albocàsser;Total;2000;1344
12;Castellón/Castelló;12003 Albocàsser;Total;1999;1368
12;Castellón/Castelló;12003 Albocàsser;Total;1998;1374
12;Castellón/Castelló;12003 Albocàsser;Total;1997;
12;Castellón/Castelló;12003 Albocàsser;Total;1996;1399
12;Castellón/Castelló;12003 Albocàsser;Hombres;2023;655
12;Castellón/Castelló;12003 Albocàsser;Hombres;2022;639
12;Castellón/Castelló;12003 Albocàsser;Hombres;2021;633
12;Castellón/Castelló;12003 Albocàsser;Hombres;2020;618
12;Castellón/Castelló;12003 Albocàsser;Hombres;2019;630
12;Castellón/Castelló;12003 Albocàsser;Hombres;2018;615
12;Castellón/Castelló;12003 Albocàsser;Hombres;2017;613
12;Castellón/Castelló;12003 Albocàsser;Hombres;2016;638
12;Castellón/Castelló;12003 Albocàsser;Hombres;2015;662
12;Castellón/Castelló;12003 Albocàsser;Hombres;2014;666
12;Castellón/Castelló;12003 Albocàsser;Hombres;2013;704
12;Castellón/Castelló;12003 Albocàsser;Hombres;2012;705
12;Castellón/Castelló;12003 Albocàsser;Hombres;2011;715
12;Castellón/Castelló;12003 Albocàsser;Hombres;2010;719
12;Castellón/Castelló;12003 Albocàsser;Hombres;2009;730
12;Castellón/Castelló;12003 Albocàsser;Hombres;2008;726
12;Castellón/Castelló;12003 Albocàsser;Hombres;2007;683
12;Castellón/Castelló;12003 Albocàsser;Hombres;2006;685
12;Castellón/Castelló;12003 Albocàsser;Hombres;2005;691
12;Castellón/Castelló;12003 Albocàsser;Hombres;2004;680
12;Castellón/Castelló;12003 Albocàsser;Hombres;2003;680
12;Castellón/Castelló;12003 Albocàsser;Hombres;2002;680
12;Castellón/Castelló;12003 Albocàsser;Hombres;2001;655
12;Castellón/Castelló;12003 Albocàsser;Hombres;2000;645
12;Castellón/Castelló;12003 Albocàsser;Hombres;1999;659
12;Castellón/Castelló;12003 Albocàsser;Hombres;1998;664
12;Castellón/Castelló;12003 Albocàsser;Hombres;1997;
12;Castellón/Castelló;12003 Albocàsser;Hombres;1996;670
12;Castellón/Castelló;12003 Albocàsser;Mujeres;2023;647
12;Castellón/Castelló;12003 Albocàsser;Mujeres;2022;625
12;Castellón/Castelló;12003 Albocàsser;Mujeres;2021;620
12;Castellón/Castelló;12003 Albocàsser;Mujeres;2020;609
12;Castellón/Castelló;12003 Albocàsser;Mujeres;2019;611
12;Castellón/Castelló;12003 Albocàsser;Mujeres;2018;619
12;Castellón/Castelló;12003 Albocàsser;Mujeres;2017;644
12;Castellón/Castelló;12003 Albocàsser;Mujeres;2016;665
12;Castellón/Castelló;12003 Albocàsser;Mujeres;2015;672
12;Castellón/Castelló;12003 Albocàsser;Mujeres;2014;685
12;Castellón/Castelló;12003 Albocàsser;Mujeres;2013;720
12;Castellón/Castelló;12003 Albocàsser;Mujeres;2012;717
12;Castellón/Castelló;12003 Albocàsser;Mujeres;2011;728
12;Castellón/Castelló;12003 Albocàsser;Mujeres;2010;720
12;Castellón/Castelló;12003 Albocàsser;Mujeres;2009;717
12;Castellón/Castelló;12003 Albocàsser;Mujeres;2008;720
12;Castellón/Castelló;12003 Albocàsser;Mujeres;2007;698
12;Castellón/Castelló;12003 Albocàsser;Mujeres;2006;692
12;Castellón/Castelló;12003 Albocàsser;Mujeres;2005;704
12;Castellón/Castelló;12003 Albocàsser;Mujeres;2004;705
12;Castellón/Castelló;12003 Albocàsser;Mujeres;2003;698
12;Castellón/Castelló;12003 Albocàsser;Mujeres;2002;701
12;Castellón/Castelló;12003 Albocàsser;Mujeres;2001;693
12;Castellón/Castelló;12003 Albocàsser;Mujeres;2000;699
12;Castellón/Castelló;12003 Albocàsser;Mujeres;1999;709
12;Castellón/Castelló;12003 Albocàsser;Mujeres;1998;710
12;Castellón/Castelló;12003 Albocàsser;Mujeres;1997;
12;Castellón/Castelló;12003 Albocàsser;Mujeres;1996;729
12;Castellón/Castelló;12004 Alcalà de Xivert;Total;2023;7160
12;Castellón/Castelló;12004 Alcalà de Xivert;Total;2022;6831
12;Castellón/Castelló;12004 Alcalà de Xivert;Total;2021;6691
12;Castellón/Castelló;12004 Alcalà de Xivert;Total;2020;6638
12;Castellón/Castelló;12004 Alcalà de Xivert;Total;2019;6680
12;Castellón/Castelló;12004 Alcalà de Xivert;Total;2018;6679
12;Castellón/Castelló;12004 Alcalà de Xivert;Total;2017;6796
12;Castellón/Castelló;12004 Alcalà de Xivert;Total;2016;6893
12;Castellón/Castelló;12004 Alcalà de Xivert;Total;2015;7255
12;Castellón/Castelló;12004 Alcalà de Xivert;Total;2014;7233
12;Castellón/Castelló;12004 Alcalà de Xivert;Total;2013;8208
12;Castellón/Castelló;12004 Alcalà de Xivert;Total;2012;8218
12;Castellón/Castelló;12004 Alcalà de Xivert;Total;2011;8175
12;Castellón/Castelló;12004 Alcalà de Xivert;Total;2010;7860
12;Castellón/Castelló;12004 Alcalà de Xivert;Total;2009;7926
12;Castellón/Castelló;12004 Alcalà de Xivert;Total;2008;7884
12;Castellón/Castelló;12004 Alcalà de Xivert;Total;2007;7358
12;Castellón/Castelló;12004 Alcalà de Xivert;Total;2006;7074
12;Castellón/Castelló;12004 Alcalà de Xivert;Total;2005;6752
12;Castellón/Castelló;12004 Alcalà de Xivert;Total;2004;6449
12;Castellón/Castelló;12004 Alcalà de Xivert;Total;2003;6324
12;Castellón/Castelló;12004 Alcalà de Xivert;Total;2002;6164
12;Castellón/Castelló;12004 Alcalà de Xivert;Total;2001;5750
12;Castellón/Castelló;12004 Alcalà de Xivert;Total;2000;5456
12;Castellón/Castelló;12004 Alcalà de Xivert;Total;1999;5150
12;Castellón/Castelló;12004 Alcalà de Xivert;Total;1998;4902
12;Castellón/Castelló;12004 Alcalà de Xivert;Total;1997;
12;Castellón/Castelló;12004 Alcalà de Xivert;Total;1996;4915
12;Castellón/Castelló;12004 Alcalà de Xivert;Hombres;2023;3620
12;Castellón/Castelló;12004 Alcalà de Xivert;Hombres;2022;3487
12;Castellón/Castelló;12004 Alcalà de Xivert;Hombres;2021;3427
12;Castellón/Castelló;12004 Alcalà de Xivert;Hombres;2020;3407
12;Castellón/Castelló;12004 Alcalà de Xivert;Hombres;2019;3412
12;Castellón/Castelló;12004 Alcalà de Xivert;Hombres;2018;3440
12;Castellón/Castelló;12004 Alcalà de Xivert;Hombres;2017;3481
12;Castellón/Castelló;12004 Alcalà de Xivert;Hombres;2016;3512
12;Castellón/Castelló;12004 Alcalà de Xivert;Hombres;2015;3687
12;Castellón/Castelló;12004 Alcalà de Xivert;Hombres;2014;3694
12;Castellón/Castelló;12004 Alcalà de Xivert;Hombres;2013;4214
12;Castellón/Castelló;12004 Alcalà de Xivert;Hombres;2012;4237
12;Castellón/Castelló;12004 Alcalà de Xivert;Hombres;2011;4191
12;Castellón/Castelló;12004 Alcalà de Xivert;Hombres;2010;4013
12;Castellón/Castelló;12004 Alcalà de Xivert;Hombres;2009;4087
12;Castellón/Castelló;12004 Alcalà de Xivert;Hombres;2008;4052
12;Castellón/Castelló;12004 Alcalà de Xivert;Hombres;2007;3763
12;Castellón/Castelló;12004 Alcalà de Xivert;Hombres;2006;3656
12;Castellón/Castelló;12004 Alcalà de Xivert;Hombres;2005;3483
12;Castellón/Castelló;12004 Alcalà de Xivert;Hombres;2004;3294
12;Castellón/Castelló;12004 Alcalà de Xivert;Hombres;2003;3278
12;Castellón/Castelló;12004 Alcalà de Xivert;Hombres;2002;3221
12;Castellón/Castelló;12004 Alcalà de Xivert;Hombres;2001;2962
12;Castellón/Castelló;12004 Alcalà de Xivert;Hombres;2000;2757
12;Castellón/Castelló;12004 Alcalà de Xivert;Hombres;1999;2568
12;Castellón/Castelló;12004 Alcalà de Xivert;Hombres;1998;2422
12;Castellón/Castelló;12004 Alcalà de Xivert;Hombres;1997;
12;Castellón/Castelló;12004 Alcalà de Xivert;Hombres;1996;2469
12;Castellón/Castelló;12004 Alcalà de Xivert;Mujeres;2023;3540
12;Castellón/Castelló;12004 Alcalà de Xivert;Mujeres;2022;3344
12;Castellón/Castelló;12004 Alcalà de Xivert;Mujeres;2021;3264
12;Castellón/Castelló;12004 Alcalà de Xivert;Mujeres;2020;3231
12;Castellón/Castelló;12004 Alcalà de Xivert;Mujeres;2019;3268
12;Castellón/Castelló;12004 Alcalà de Xivert;Mujeres;2018;3239
12;Castellón/Castelló;12004 Alcalà de Xivert;Mujeres;2017;3315
12;Castellón/Castelló;12004 Alcalà de Xivert;Mujeres;2016;3381
12;Castellón/Castelló;12004 Alcalà de Xivert;Mujeres;2015;3568
12;Castellón/Castelló;12004 Alcalà de Xivert;Mujeres;2014;3539
12;Castellón/Castelló;12004 Alcalà de Xivert;Mujeres;2013;3994
12;Castellón/Castelló;12004 Alcalà de Xivert;Mujeres;2012;3981
12;Castellón/Castelló;12004 Alcalà de Xivert;Mujeres;2011;3984
12;Castellón/Castelló;12004 Alcalà de Xivert;Mujeres;2010;3847
12;Castellón/Castelló;12004 Alcalà de Xivert;Mujeres;2009;3839
12;Castellón/Castelló;12004 Alcalà de Xivert;Mujeres;2008;3832
12;Castellón/Castelló;12004 Alcalà de Xivert;Mujeres;2007;3595
12;Castellón/Castelló;12004 Alcalà de Xivert;Mujeres;2006;3418
12;Castellón/Castelló;12004 Alcalà de Xivert;Mujeres;2005;3269
12;Castellón/Castelló;12004 Alcalà de Xivert;Mujeres;2004;3155
12;Castellón/Castelló;12004 Alcalà de Xivert;Mujeres;2003;3046
12;Castellón/Castelló;12004 Alcalà de Xivert;Mujeres;2002;2943
12;Castellón/Castelló;12004 Alcalà de Xivert;Mujeres;2001;2788
12;Castellón/Castelló;12004 Alcalà de Xivert;Mujeres;2000;2699
12;Castellón/Castelló;12004 Alcalà de Xivert;Mujeres;1999;2582
12;Castellón/Castelló;12004 Alcalà de Xivert;Mujeres;1998;2480
12;Castellón/Castelló;12004 Alcalà de Xivert;Mujeres;1997;
12;Castellón/Castelló;12004 Alcalà de Xivert;Mujeres;1996;2446
12;Castellón/Castelló;12005 Alcora, l';Total;2023;10526
12;Castellón/Castelló;12005 Alcora, l';Total;2022;10468
12;Castellón/Castelló;12005 Alcora, l';Total;2021;10428
12;Castellón/Castelló;12005 Alcora, l';Total;2020;10417
12;Castellón/Castelló;12005 Alcora, l';Total;2019;10405
12;Castellón/Castelló;12005 Alcora, l';Total;2018;10430
12;Castellón/Castelló;12005 Alcora, l';Total;2017;10502
12;Castellón/Castelló;12005 Alcora, l';Total;2016;10535
12;Castellón/Castelló;12005 Alcora, l';Total;2015;10591
12;Castellón/Castelló;12005 Alcora, l';Total;2014;10672
12;Castellón/Castelló;12005 Alcora, l';Total;2013;10797
12;Castellón/Castelló;12005 Alcora, l';Total;2012;10821
12;Castellón/Castelló;12005 Alcora, l';Total;2011;10856
12;Castellón/Castelló;12005 Alcora, l';Total;2010;11029
12;Castellón/Castelló;12005 Alcora, l';Total;2009;11150
12;Castellón/Castelló;12005 Alcora, l';Total;2008;11068
12;Castellón/Castelló;12005 Alcora, l';Total;2007;10765
12;Castellón/Castelló;12005 Alcora, l';Total;2006;10535
12;Castellón/Castelló;12005 Alcora, l';Total;2005;10297
12;Castellón/Castelló;12005 Alcora, l';Total;2004;10084
12;Castellón/Castelló;12005 Alcora, l';Total;2003;9925
12;Castellón/Castelló;12005 Alcora, l';Total;2002;9575
12;Castellón/Castelló;12005 Alcora, l';Total;2001;9251
12;Castellón/Castelló;12005 Alcora, l';Total;2000;9106
12;Castellón/Castelló;12005 Alcora, l';Total;1999;8935
12;Castellón/Castelló;12005 Alcora, l';Total;1998;8788
12;Castellón/Castelló;12005 Alcora, l';Total;1997;
12;Castellón/Castelló;12005 Alcora, l';Total;1996;8662
12;Castellón/Castelló;12005 Alcora, l';Hombres;2023;5268
12;Castellón/Castelló;12005 Alcora, l';Hombres;2022;5266
12;Castellón/Castelló;12005 Alcora, l';Hombres;2021;5280
12;Castellón/Castelló;12005 Alcora, l';Hombres;2020;5266
12;Castellón/Castelló;12005 Alcora, l';Hombres;2019;5255
12;Castellón/Castelló;12005 Alcora, l';Hombres;2018;5262
12;Castellón/Castelló;12005 Alcora, l';Hombres;2017;5305
12;Castellón/Castelló;12005 Alcora, l';Hombres;2016;5342
12;Castellón/Castelló;12005 Alcora, l';Hombres;2015;5372
12;Castellón/Castelló;12005 Alcora, l';Hombres;2014;5404
12;Castellón/Castelló;12005 Alcora, l';Hombres;2013;5467
12;Castellón/Castelló;12005 Alcora, l';Hombres;2012;5455
12;Castellón/Castelló;12005 Alcora, l';Hombres;2011;5487
12;Castellón/Castelló;12005 Alcora, l';Hombres;2010;5608
12;Castellón/Castelló;12005 Alcora, l';Hombres;2009;5683
12;Castellón/Castelló;12005 Alcora, l';Hombres;2008;5638
12;Castellón/Castelló;12005 Alcora, l';Hombres;2007;5489
12;Castellón/Castelló;12005 Alcora, l';Hombres;2006;5368
12;Castellón/Castelló;12005 Alcora, l';Hombres;2005;5252
12;Castellón/Castelló;12005 Alcora, l';Hombres;2004;5147
12;Castellón/Castelló;12005 Alcora, l';Hombres;2003;5048
12;Castellón/Castelló;12005 Alcora, l';Hombres;2002;4858
12;Castellón/Castelló;12005 Alcora, l';Hombres;2001;4691
12;Castellón/Castelló;12005 Alcora, l';Hombres;2000;4636
12;Castellón/Castelló;12005 Alcora, l';Hombres;1999;4549
12;Castellón/Castelló;12005 Alcora, l';Hombres;1998;4473
12;Castellón/Castelló;12005 Alcora, l';Hombres;1997;
12;Castellón/Castelló;12005 Alcora, l';Hombres;1996;4404
12;Castellón/Castelló;12005 Alcora, l';Mujeres;2023;5258
12;Castellón/Castelló;12005 Alcora, l';Mujeres;2022;5202
12;Castellón/Castelló;12005 Alcora, l';Mujeres;2021;5148
12;Castellón/Castelló;12005 Alcora, l';Mujeres;2020;5151
12;Castellón/Castelló;12005 Alcora, l';Mujeres;2019;5150
12;Castellón/Castelló;12005 Alcora, l';Mujeres;2018;5168
12;Castellón/Castelló;12005 Alcora, l';Mujeres;2017;5197
12;Castellón/Castelló;12005 Alcora, l';Mujeres;2016;5193
12;Castellón/Castelló;12005 Alcora, l';Mujeres;2015;5219
12;Castellón/Castelló;12005 Alcora, l';Mujeres;2014;5268
12;Castellón/Castelló;12005 Alcora, l';Mujeres;2013;5330
12;Castellón/Castelló;12005 Alcora, l';Mujeres;2012;5366
12;Castellón/Castelló;12005 Alcora, l';Mujeres;2011;5369
12;Castellón/Castelló;12005 Alcora, l';Mujeres;2010;5421
12;Castellón/Castelló;12005 Alcora, l';Mujeres;2009;5467
12;Castellón/Castelló;12005 Alcora, l';Mujeres;2008;5430
12;Castellón/Castelló;12005 Alcora, l';Mujeres;2007;5276
12;Castellón/Castelló;12005 Alcora, l';Mujeres;2006;5167
12;Castellón/Castelló;12005 Alcora, l';Mujeres;2005;5045
12;Castellón/Castelló;12005 Alcora, l';Mujeres;2004;4937
12;Castellón/Castelló;12005 Alcora, l';Mujeres;2003;4877
12;Castellón/Castelló;12005 Alcora, l';Mujeres;2002;4717
12;Castellón/Castelló;12005 Alcora, l';Mujeres;2001;4560
12;Castellón/Castelló;12005 Alcora, l';Mujeres;2000;4470
12;Castellón/Castelló;12005 Alcora, l';Mujeres;1999;4386
12;Castellón/Castelló;12005 Alcora, l';Mujeres;1998;4315
12;Castellón/Castelló;12005 Alcora, l';Mujeres;1997;
12;Castellón/Castelló;12005 Alcora, l';Mujeres;1996;4258
12;Castellón/Castelló;12006 Alcudia de Veo;Total;2023;203
12;Castellón/Castelló;12006 Alcudia de Veo;Total;2022;195
12;Castellón/Castelló;12006 Alcudia de Veo;Total;2021;196
12;Castellón/Castelló;12006 Alcudia de Veo;Total;2020;188
12;Castellón/Castelló;12006 Alcudia de Veo;Total;2019;190
12;Castellón/Castelló;12006 Alcudia de Veo;Total;2018;201
12;Castellón/Castelló;12006 Alcudia de Veo;Total;2017;204
12;Castellón/Castelló;12006 Alcudia de Veo;Total;2016;201
12;Castellón/Castelló;12006 Alcudia de Veo;Total;2015;209
12;Castellón/Castelló;12006 Alcudia de Veo;Total;2014;218
12;Castellón/Castelló;12006 Alcudia de Veo;Total;2013;214
12;Castellón/Castelló;12006 Alcudia de Veo;Total;2012;221
12;Castellón/Castelló;12006 Alcudia de Veo;Total;2011;229
12;Castellón/Castelló;12006 Alcudia de Veo;Total;2010;225
12;Castellón/Castelló;12006 Alcudia de Veo;Total;2009;211
12;Castellón/Castelló;12006 Alcudia de Veo;Total;2008;212
12;Castellón/Castelló;12006 Alcudia de Veo;Total;2007;228
12;Castellón/Castelló;12006 Alcudia de Veo;Total;2006;211
12;Castellón/Castelló;12006 Alcudia de Veo;Total;2005;205
12;Castellón/Castelló;12006 Alcudia de Veo;Total;2004;204
12;Castellón/Castelló;12006 Alcudia de Veo;Total;2003;201
12;Castellón/Castelló;12006 Alcudia de Veo;Total;2002;203
12;Castellón/Castelló;12006 Alcudia de Veo;Total;2001;214
12;Castellón/Castelló;12006 Alcudia de Veo;Total;2000;220
12;Castellón/Castelló;12006 Alcudia de Veo;Total;1999;172
12;Castellón/Castelló;12006 Alcudia de Veo;Total;1998;177
12;Castellón/Castelló;12006 Alcudia de Veo;Total;1997;
12;Castellón/Castelló;12006 Alcudia de Veo;Total;1996;181
12;Castellón/Castelló;12006 Alcudia de Veo;Hombres;2023;109
12;Castellón/Castelló;12006 Alcudia de Veo;Hombres;2022;105
12;Castellón/Castelló;12006 Alcudia de Veo;Hombres;2021;107
12;Castellón/Castelló;12006 Alcudia de Veo;Hombres;2020;102
12;Castellón/Castelló;12006 Alcudia de Veo;Hombres;2019;103
12;Castellón/Castelló;12006 Alcudia de Veo;Hombres;2018;108
12;Castellón/Castelló;12006 Alcudia de Veo;Hombres;2017;106
12;Castellón/Castelló;12006 Alcudia de Veo;Hombres;2016;107
12;Castellón/Castelló;12006 Alcudia de Veo;Hombres;2015;113
12;Castellón/Castelló;12006 Alcudia de Veo;Hombres;2014;116
12;Castellón/Castelló;12006 Alcudia de Veo;Hombres;2013;112
12;Castellón/Castelló;12006 Alcudia de Veo;Hombres;2012;113
12;Castellón/Castelló;12006 Alcudia de Veo;Hombres;2011;116
12;Castellón/Castelló;12006 Alcudia de Veo;Hombres;2010;112
12;Castellón/Castelló;12006 Alcudia de Veo;Hombres;2009;106
12;Castellón/Castelló;12006 Alcudia de Veo;Hombres;2008;102
12;Castellón/Castelló;12006 Alcudia de Veo;Hombres;2007;107
12;Castellón/Castelló;12006 Alcudia de Veo;Hombres;2006;99
12;Castellón/Castelló;12006 Alcudia de Veo;Hombres;2005;100
12;Castellón/Castelló;12006 Alcudia de Veo;Hombres;2004;100
12;Castellón/Castelló;12006 Alcudia de Veo;Hombres;2003;98
12;Castellón/Castelló;12006 Alcudia de Veo;Hombres;2002;98
12;Castellón/Castelló;12006 Alcudia de Veo;Hombres;2001;106
12;Castellón/Castelló;12006 Alcudia de Veo;Hombres;2000;110
12;Castellón/Castelló;12006 Alcudia de Veo;Hombres;1999;82
12;Castellón/Castelló;12006 Alcudia de Veo;Hombres;1998;82
12;Castellón/Castelló;12006 Alcudia de Veo;Hombres;1997;
12;Castellón/Castelló;12006 Alcudia de Veo;Hombres;1996;85
12;Castellón/Castelló;12006 Alcudia de Veo;Mujeres;2023;94
12;Castellón/Castelló;12006 Alcudia de Veo;Mujeres;2022;90
12;Castellón/Castelló;12006 Alcudia de Veo;Mujeres;2021;89
12;Castellón/Castelló;12006 Alcudia de Veo;Mujeres;2020;86
12;Castellón/Castelló;12006 Alcudia de Veo;Mujeres;2019;87
12;Castellón/Castelló;12006 Alcudia de Veo;Mujeres;2018;93
12;Castellón/Castelló;12006 Alcudia de Veo;Mujeres;2017;98
12;Castellón/Castelló;12006 Alcudia de Veo;Mujeres;2016;94
12;Castellón/Castelló;12006 Alcudia de Veo;Mujeres;2015;96
12;Castellón/Castelló;12006 Alcudia de Veo;Mujeres;2014;102
12;Castellón/Castelló;12006 Alcudia de Veo;Mujeres;2013;102
12;Castellón/Castelló;12006 Alcudia de Veo;Mujeres;2012;108
12;Castellón/Castelló;12006 Alcudia de Veo;Mujeres;2011;113
12;Castellón/Castelló;12006 Alcudia de Veo;Mujeres;2010;113
12;Castellón/Castelló;12006 Alcudia de Veo;Mujeres;2009;105
12;Castellón/Castelló;12006 Alcudia de Veo;Mujeres;2008;110
12;Castellón/Castelló;12006 Alcudia de Veo;Mujeres;2007;121
12;Castellón/Castelló;12006 Alcudia de Veo;Mujeres;2006;112
12;Castellón/Castelló;12006 Alcudia de Veo;Mujeres;2005;105
12;Castellón/Castelló;12006 Alcudia de Veo;Mujeres;2004;104
12;Castellón/Castelló;12006 Alcudia de Veo;Mujeres;2003;103
12;Castellón/Castelló;12006 Alcudia de Veo;Mujeres;2002;105
12;Castellón/Castelló;12006 Alcudia de Veo;Mujeres;2001;108
12;Castellón/Castelló;12006 Alcudia de Veo;Mujeres;2000;110
12;Castellón/Castelló;12006 Alcudia de Veo;Mujeres;1999;90
12;Castellón/Castelló;12006 Alcudia de Veo;Mujeres;1998;95
12;Castellón/Castelló;12006 Alcudia de Veo;Mujeres;1997;
12;Castellón/Castelló;12006 Alcudia de Veo;Mujeres;1996;96
12;Castellón/Castelló;12007 Alfondeguilla;Total;2023;873
12;Castellón/Castelló;12007 Alfondeguilla;Total;2022;877
12;Castellón/Castelló;12007 Alfondeguilla;Total;2021;870
12;Castellón/Castelló;12007 Alfondeguilla;Total;2020;862
12;Castellón/Castelló;12007 Alfondeguilla;Total;2019;866
12;Castellón/Castelló;12007 Alfondeguilla;Total;2018;862
12;Castellón/Castelló;12007 Alfondeguilla;Total;2017;870
12;Castellón/Castelló;12007 Alfondeguilla;Total;2016;894
12;Castellón/Castelló;12007 Alfondeguilla;Total;2015;901
12;Castellón/Castelló;12007 Alfondeguilla;Total;2014;893
12;Castellón/Castelló;12007 Alfondeguilla;Total;2013;876
12;Castellón/Castelló;12007 Alfondeguilla;Total;2012;872
12;Castellón/Castelló;12007 Alfondeguilla;Total;2011;881
12;Castellón/Castelló;12007 Alfondeguilla;Total;2010;874
12;Castellón/Castelló;12007 Alfondeguilla;Total;2009;860
12;Castellón/Castelló;12007 Alfondeguilla;Total;2008;886
12;Castellón/Castelló;12007 Alfondeguilla;Total;2007;902
12;Castellón/Castelló;12007 Alfondeguilla;Total;2006;893
12;Castellón/Castelló;12007 Alfondeguilla;Total;2005;899
12;Castellón/Castelló;12007 Alfondeguilla;Total;2004;871
12;Castellón/Castelló;12007 Alfondeguilla;Total;2003;883
12;Castellón/Castelló;12007 Alfondeguilla;Total;2002;905
12;Castellón/Castelló;12007 Alfondeguilla;Total;2001;908
12;Castellón/Castelló;12007 Alfondeguilla;Total;2000;908
12;Castellón/Castelló;12007 Alfondeguilla;Total;1999;910
12;Castellón/Castelló;12007 Alfondeguilla;Total;1998;919
12;Castellón/Castelló;12007 Alfondeguilla;Total;1997;
12;Castellón/Castelló;12007 Alfondeguilla;Total;1996;922
12;Castellón/Castelló;12007 Alfondeguilla;Hombres;2023;434
12;Castellón/Castelló;12007 Alfondeguilla;Hombres;2022;435
12;Castellón/Castelló;12007 Alfondeguilla;Hombres;2021;432
12;Castellón/Castelló;12007 Alfondeguilla;Hombres;2020;435
12;Castellón/Castelló;12007 Alfondeguilla;Hombres;2019;440
12;Castellón/Castelló;12007 Alfondeguilla;Hombres;2018;438
12;Castellón/Castelló;12007 Alfondeguilla;Hombres;2017;441
12;Castellón/Castelló;12007 Alfondeguilla;Hombres;2016;449
12;Castellón/Castelló;12007 Alfondeguilla;Hombres;2015;456
12;Castellón/Castelló;12007 Alfondeguilla;Hombres;2014;447
12;Castellón/Castelló;12007 Alfondeguilla;Hombres;2013;438
12;Castellón/Castelló;12007 Alfondeguilla;Hombres;2012;441
12;Castellón/Castelló;12007 Alfondeguilla;Hombres;2011;443
12;Castellón/Castelló;12007 Alfondeguilla;Hombres;2010;433
12;Castellón/Castelló;12007 Alfondeguilla;Hombres;2009;422
12;Castellón/Castelló;12007 Alfondeguilla;Hombres;2008;431
12;Castellón/Castelló;12007 Alfondeguilla;Hombres;2007;441
12;Castellón/Castelló;12007 Alfondeguilla;Hombres;2006;432
12;Castellón/Castelló;12007 Alfondeguilla;Hombres;2005;445
12;Castellón/Castelló;12007 Alfondeguilla;Hombres;2004;437
12;Castellón/Castelló;12007 Alfondeguilla;Hombres;2003;440
12;Castellón/Castelló;12007 Alfondeguilla;Hombres;2002;447
12;Castellón/Castelló;12007 Alfondeguilla;Hombres;2001;450
12;Castellón/Castelló;12007 Alfondeguilla;Hombres;2000;448
12;Castellón/Castelló;12007 Alfondeguilla;Hombres;1999;445
12;Castellón/Castelló;12007 Alfondeguilla;Hombres;1998;453
12;Castellón/Castelló;12007 Alfondeguilla;Hombres;1997;
12;Castellón/Castelló;12007 Alfondeguilla;Hombres;1996;451
12;Castellón/Castelló;12007 Alfondeguilla;Mujeres;2023;439
12;Castellón/Castelló;12007 Alfondeguilla;Mujeres;2022;442
12;Castellón/Castelló;12007 Alfondeguilla;Mujeres;2021;438
12;Castellón/Castelló;12007 Alfondeguilla;Mujeres;2020;427
12;Castellón/Castelló;12007 Alfondeguilla;Mujeres;2019;426
12;Castellón/Castelló;12007 Alfondeguilla;Mujeres;2018;424
12;Castellón/Castelló;12007 Alfondeguilla;Mujeres;2017;429
12;Castellón/Castelló;12007 Alfondeguilla;Mujeres;2016;445
12;Castellón/Castelló;12007 Alfondeguilla;Mujeres;2015;445
12;Castellón/Castelló;12007 Alfondeguilla;Mujeres;2014;446
12;Castellón/Castelló;12007 Alfondeguilla;Mujeres;2013;438
12;Castellón/Castelló;12007 Alfondeguilla;Mujeres;2012;431
12;Castellón/Castelló;12007 Alfondeguilla;Mujeres;2011;438
12;Castellón/Castelló;12007 Alfondeguilla;Mujeres;2010;441
12;Castellón/Castelló;12007 Alfondeguilla;Mujeres;2009;438
12;Castellón/Castelló;12007 Alfondeguilla;Mujeres;2008;455
12;Castellón/Castelló;12007 Alfondeguilla;Mujeres;2007;461
12;Castellón/Castelló;12007 Alfondeguilla;Mujeres;2006;461
12;Castellón/Castelló;12007 Alfondeguilla;Mujeres;2005;454
12;Castellón/Castelló;12007 Alfondeguilla;Mujeres;2004;434
12;Castellón/Castelló;12007 Alfondeguilla;Mujeres;2003;443
12;Castellón/Castelló;12007 Alfondeguilla;Mujeres;2002;458
12;Castellón/Castelló;12007 Alfondeguilla;Mujeres;2001;458
12;Castellón/Castelló;12007 Alfondeguilla;Mujeres;2000;460
12;Castellón/Castelló;12007 Alfondeguilla;Mujeres;1999;465
12;Castellón/Castelló;12007 Alfondeguilla;Mujeres;1998;466
12;Castellón/Castelló;12007 Alfondeguilla;Mujeres;1997;
12;Castellón/Castelló;12007 Alfondeguilla;Mujeres;1996;471
12;Castellón/Castelló;12008 Algimia de Almonacid;Total;2023;249
12;Castellón/Castelló;12008 Algimia de Almonacid;Total;2022;247
12;Castellón/Castelló;12008 Algimia de Almonacid;Total;2021;240
12;Castellón/Castelló;12008 Algimia de Almonacid;Total;2020;262
12;Castellón/Castelló;12008 Algimia de Almonacid;Total;2019;263
12;Castellón/Castelló;12008 Algimia de Almonacid;Total;2018;259
12;Castellón/Castelló;12008 Algimia de Almonacid;Total;2017;268
12;Castellón/Castelló;12008 Algimia de Almonacid;Total;2016;265
12;Castellón/Castelló;12008 Algimia de Almonacid;Total;2015;281
12;Castellón/Castelló;12008 Algimia de Almonacid;Total;2014;292
12;Castellón/Castelló;12008 Algimia de Almonacid;Total;2013;301
12;Castellón/Castelló;12008 Algimia de Almonacid;Total;2012;312
12;Castellón/Castelló;12008 Algimia de Almonacid;Total;2011;315
12;Castellón/Castelló;12008 Algimia de Almonacid;Total;2010;326
12;Castellón/Castelló;12008 Algimia de Almonacid;Total;2009;328
12;Castellón/Castelló;12008 Algimia de Almonacid;Total;2008;321
12;Castellón/Castelló;12008 Algimia de Almonacid;Total;2007;303
12;Castellón/Castelló;12008 Algimia de Almonacid;Total;2006;286
12;Castellón/Castelló;12008 Algimia de Almonacid;Total;2005;282
12;Castellón/Castelló;12008 Algimia de Almonacid;Total;2004;269
12;Castellón/Castelló;12008 Algimia de Almonacid;Total;2003;267
12;Castellón/Castelló;12008 Algimia de Almonacid;Total;2002;284
12;Castellón/Castelló;12008 Algimia de Almonacid;Total;2001;288
12;Castellón/Castelló;12008 Algimia de Almonacid;Total;2000;278
12;Castellón/Castelló;12008 Algimia de Almonacid;Total;1999;287
12;Castellón/Castelló;12008 Algimia de Almonacid;Total;1998;288
12;Castellón/Castelló;12008 Algimia de Almonacid;Total;1997;
12;Castellón/Castelló;12008 Algimia de Almonacid;Total;1996;313
12;Castellón/Castelló;12008 Algimia de Almonacid;Hombres;2023;137
12;Castellón/Castelló;12008 Algimia de Almonacid;Hombres;2022;135
12;Castellón/Castelló;12008 Algimia de Almonacid;Hombres;2021;136
12;Castellón/Castelló;12008 Algimia de Almonacid;Hombres;2020;146
12;Castellón/Castelló;12008 Algimia de Almonacid;Hombres;2019;149
12;Castellón/Castelló;12008 Algimia de Almonacid;Hombres;2018;146
12;Castellón/Castelló;12008 Algimia de Almonacid;Hombres;2017;147
12;Castellón/Castelló;12008 Algimia de Almonacid;Hombres;2016;150
12;Castellón/Castelló;12008 Algimia de Almonacid;Hombres;2015;161
12;Castellón/Castelló;12008 Algimia de Almonacid;Hombres;2014;171
12;Castellón/Castelló;12008 Algimia de Almonacid;Hombres;2013;175
12;Castellón/Castelló;12008 Algimia de Almonacid;Hombres;2012;176
12;Castellón/Castelló;12008 Algimia de Almonacid;Hombres;2011;177
12;Castellón/Castelló;12008 Algimia de Almonacid;Hombres;2010;185
12;Castellón/Castelló;12008 Algimia de Almonacid;Hombres;2009;181
12;Castellón/Castelló;12008 Algimia de Almonacid;Hombres;2008;176
12;Castellón/Castelló;12008 Algimia de Almonacid;Hombres;2007;166
12;Castellón/Castelló;12008 Algimia de Almonacid;Hombres;2006;162
12;Castellón/Castelló;12008 Algimia de Almonacid;Hombres;2005;161
12;Castellón/Castelló;12008 Algimia de Almonacid;Hombres;2004;159
12;Castellón/Castelló;12008 Algimia de Almonacid;Hombres;2003;157
12;Castellón/Castelló;12008 Algimia de Almonacid;Hombres;2002;164
12;Castellón/Castelló;12008 Algimia de Almonacid;Hombres;2001;168
12;Castellón/Castelló;12008 Algimia de Almonacid;Hombres;2000;161
12;Castellón/Castelló;12008 Algimia de Almonacid;Hombres;1999;163
12;Castellón/Castelló;12008 Algimia de Almonacid;Hombres;1998;162
12;Castellón/Castelló;12008 Algimia de Almonacid;Hombres;1997;
12;Castellón/Castelló;12008 Algimia de Almonacid;Hombres;1996;178
12;Castellón/Castelló;12008 Algimia de Almonacid;Mujeres;2023;112
12;Castellón/Castelló;12008 Algimia de Almonacid;Mujeres;2022;112
12;Castellón/Castelló;12008 Algimia de Almonacid;Mujeres;2021;104
12;Castellón/Castelló;12008 Algimia de Almonacid;Mujeres;2020;116
12;Castellón/Castelló;12008 Algimia de Almonacid;Mujeres;2019;114
12;Castellón/Castelló;12008 Algimia de Almonacid;Mujeres;2018;113
12;Castellón/Castelló;12008 Algimia de Almonacid;Mujeres;2017;121
12;Castellón/Castelló;12008 Algimia de Almonacid;Mujeres;2016;115
12;Castellón/Castelló;12008 Algimia de Almonacid;Mujeres;2015;120
12;Castellón/Castelló;12008 Algimia de Almonacid;Mujeres;2014;121
12;Castellón/Castelló;12008 Algimia de Almonacid;Mujeres;2013;126
12;Castellón/Castelló;12008 Algimia de Almonacid;Mujeres;2012;136
12;Castellón/Castelló;12008 Algimia de Almonacid;Mujeres;2011;138
12;Castellón/Castelló;12008 Algimia de Almonacid;Mujeres;2010;141
12;Castellón/Castelló;12008 Algimia de Almonacid;Mujeres;2009;147
12;Castellón/Castelló;12008 Algimia de Almonacid;Mujeres;2008;145
12;Castellón/Castelló;12008 Algimia de Almonacid;Mujeres;2007;137
12;Castellón/Castelló;12008 Algimia de Almonacid;Mujeres;2006;124
12;Castellón/Castelló;12008 Algimia de Almonacid;Mujeres;2005;121
12;Castellón/Castelló;12008 Algimia de Almonacid;Mujeres;2004;110
12;Castellón/Castelló;12008 Algimia de Almonacid;Mujeres;2003;110
12;Castellón/Castelló;12008 Algimia de Almonacid;Mujeres;2002;120
12;Castellón/Castelló;12008 Algimia de Almonacid;Mujeres;2001;120
12;Castellón/Castelló;12008 Algimia de Almonacid;Mujeres;2000;117
12;Castellón/Castelló;12008 Algimia de Almonacid;Mujeres;1999;124
12;Castellón/Castelló;12008 Algimia de Almonacid;Mujeres;1998;126
12;Castellón/Castelló;12008 Algimia de Almonacid;Mujeres;1997;
12;Castellón/Castelló;12008 Algimia de Almonacid;Mujeres;1996;135
12;Castellón/Castelló;12009 Almassora;Total;2023;27989
12;Castellón/Castelló;12009 Almassora;Total;2022;27383
12;Castellón/Castelló;12009 Almassora;Total;2021;26878
12;Castellón/Castelló;12009 Almassora;Total;2020;26742
12;Castellón/Castelló;12009 Almassora;Total;2019;26270
12;Castellón/Castelló;12009 Almassora;Total;2018;25831
12;Castellón/Castelló;12009 Almassora;Total;2017;25648
12;Castellón/Castelló;12009 Almassora;Total;2016;25632
12;Castellón/Castelló;12009 Almassora;Total;2015;25488
12;Castellón/Castelló;12009 Almassora;Total;2014;25566
12;Castellón/Castelló;12009 Almassora;Total;2013;26186
12;Castellón/Castelló;12009 Almassora;Total;2012;26137
12;Castellón/Castelló;12009 Almassora;Total;2011;25945
12;Castellón/Castelló;12009 Almassora;Total;2010;25628
12;Castellón/Castelló;12009 Almassora;Total;2009;24963
12;Castellón/Castelló;12009 Almassora;Total;2008;23891
12;Castellón/Castelló;12009 Almassora;Total;2007;21772
12;Castellón/Castelló;12009 Almassora;Total;2006;20597
12;Castellón/Castelló;12009 Almassora;Total;2005;19688
12;Castellón/Castelló;12009 Almassora;Total;2004;18961
12;Castellón/Castelló;12009 Almassora;Total;2003;18385
12;Castellón/Castelló;12009 Almassora;Total;2002;17644
12;Castellón/Castelló;12009 Almassora;Total;2001;17124
12;Castellón/Castelló;12009 Almassora;Total;2000;16897
12;Castellón/Castelló;12009 Almassora;Total;1999;16609
12;Castellón/Castelló;12009 Almassora;Total;1998;16465
12;Castellón/Castelló;12009 Almassora;Total;1997;
12;Castellón/Castelló;12009 Almassora;Total;1996;16306
12;Castellón/Castelló;12009 Almassora;Hombres;2023;14011
12;Castellón/Castelló;12009 Almassora;Hombres;2022;13735
12;Castellón/Castelló;12009 Almassora;Hombres;2021;13485
12;Castellón/Castelló;12009 Almassora;Hombres;2020;13459
12;Castellón/Castelló;12009 Almassora;Hombres;2019;13224
12;Castellón/Castelló;12009 Almassora;Hombres;2018;12984
12;Castellón/Castelló;12009 Almassora;Hombres;2017;12869
12;Castellón/Castelló;12009 Almassora;Hombres;2016;12875
12;Castellón/Castelló;12009 Almassora;Hombres;2015;12785
12;Castellón/Castelló;12009 Almassora;Hombres;2014;12833
12;Castellón/Castelló;12009 Almassora;Hombres;2013;13227
12;Castellón/Castelló;12009 Almassora;Hombres;2012;13215
12;Castellón/Castelló;12009 Almassora;Hombres;2011;13101
12;Castellón/Castelló;12009 Almassora;Hombres;2010;12968
12;Castellón/Castelló;12009 Almassora;Hombres;2009;12645
12;Castellón/Castelló;12009 Almassora;Hombres;2008;12057
12;Castellón/Castelló;12009 Almassora;Hombres;2007;10916
12;Castellón/Castelló;12009 Almassora;Hombres;2006;10288
12;Castellón/Castelló;12009 Almassora;Hombres;2005;9845
12;Castellón/Castelló;12009 Almassora;Hombres;2004;9456
12;Castellón/Castelló;12009 Almassora;Hombres;2003;9165
12;Castellón/Castelló;12009 Almassora;Hombres;2002;8808
12;Castellón/Castelló;12009 Almassora;Hombres;2001;8545
12;Castellón/Castelló;12009 Almassora;Hombres;2000;8400
12;Castellón/Castelló;12009 Almassora;Hombres;1999;8228
12;Castellón/Castelló;12009 Almassora;Hombres;1998;8134
12;Castellón/Castelló;12009 Almassora;Hombres;1997;
12;Castellón/Castelló;12009 Almassora;Hombres;1996;8054
12;Castellón/Castelló;12009 Almassora;Mujeres;2023;13978
12;Castellón/Castelló;12009 Almassora;Mujeres;2022;13648
12;Castellón/Castelló;12009 Almassora;Mujeres;2021;13393
12;Castellón/Castelló;12009 Almassora;Mujeres;2020;13283
12;Castellón/Castelló;12009 Almassora;Mujeres;2019;13046
12;Castellón/Castelló;12009 Almassora;Mujeres;2018;12847
12;Castellón/Castelló;12009 Almassora;Mujeres;2017;12779
12;Castellón/Castelló;12009 Almassora;Mujeres;2016;12757
12;Castellón/Castelló;12009 Almassora;Mujeres;2015;12703
12;Castellón/Castelló;12009 Almassora;Mujeres;2014;12733
12;Castellón/Castelló;12009 Almassora;Mujeres;2013;12959
12;Castellón/Castelló;12009 Almassora;Mujeres;2012;12922
12;Castellón/Castelló;12009 Almassora;Mujeres;2011;12844
12;Castellón/Castelló;12009 Almassora;Mujeres;2010;12660
12;Castellón/Castelló;12009 Almassora;Mujeres;2009;12318
12;Castellón/Castelló;12009 Almassora;Mujeres;2008;11834
12;Castellón/Castelló;12009 Almassora;Mujeres;2007;10856
12;Castellón/Castelló;12009 Almassora;Mujeres;2006;10309
12;Castellón/Castelló;12009 Almassora;Mujeres;2005;9843
12;Castellón/Castelló;12009 Almassora;Mujeres;2004;9505
12;Castellón/Castelló;12009 Almassora;Mujeres;2003;9220
12;Castellón/Castelló;12009 Almassora;Mujeres;2002;8836
12;Castellón/Castelló;12009 Almassora;Mujeres;2001;8579
12;Castellón/Castelló;12009 Almassora;Mujeres;2000;8497
12;Castellón/Castelló;12009 Almassora;Mujeres;1999;8381
12;Castellón/Castelló;12009 Almassora;Mujeres;1998;8331
12;Castellón/Castelló;12009 Almassora;Mujeres;1997;
12;Castellón/Castelló;12009 Almassora;Mujeres;1996;8252
12;Castellón/Castelló;12010 Almedíjar;Total;2023;280
12;Castellón/Castelló;12010 Almedíjar;Total;2022;269
12;Castellón/Castelló;12010 Almedíjar;Total;2021;254
12;Castellón/Castelló;12010 Almedíjar;Total;2020;244
12;Castellón/Castelló;12010 Almedíjar;Total;2019;254
12;Castellón/Castelló;12010 Almedíjar;Total;2018;256
12;Castellón/Castelló;12010 Almedíjar;Total;2017;270
12;Castellón/Castelló;12010 Almedíjar;Total;2016;281
12;Castellón/Castelló;12010 Almedíjar;Total;2015;275
12;Castellón/Castelló;12010 Almedíjar;Total;2014;261
12;Castellón/Castelló;12010 Almedíjar;Total;2013;278
12;Castellón/Castelló;12010 Almedíjar;Total;2012;297
12;Castellón/Castelló;12010 Almedíjar;Total;2011;306
12;Castellón/Castelló;12010 Almedíjar;Total;2010;267
12;Castellón/Castelló;12010 Almedíjar;Total;2009;252
12;Castellón/Castelló;12010 Almedíjar;Total;2008;256
12;Castellón/Castelló;12010 Almedíjar;Total;2007;268
12;Castellón/Castelló;12010 Almedíjar;Total;2006;272
12;Castellón/Castelló;12010 Almedíjar;Total;2005;276
12;Castellón/Castelló;12010 Almedíjar;Total;2004;270
12;Castellón/Castelló;12010 Almedíjar;Total;2003;274
12;Castellón/Castelló;12010 Almedíjar;Total;2002;281
12;Castellón/Castelló;12010 Almedíjar;Total;2001;273
12;Castellón/Castelló;12010 Almedíjar;Total;2000;275
12;Castellón/Castelló;12010 Almedíjar;Total;1999;274
12;Castellón/Castelló;12010 Almedíjar;Total;1998;283
12;Castellón/Castelló;12010 Almedíjar;Total;1997;
12;Castellón/Castelló;12010 Almedíjar;Total;1996;300
12;Castellón/Castelló;12010 Almedíjar;Hombres;2023;155
12;Castellón/Castelló;12010 Almedíjar;Hombres;2022;146
12;Castellón/Castelló;12010 Almedíjar;Hombres;2021;140
12;Castellón/Castelló;12010 Almedíjar;Hombres;2020;136
12;Castellón/Castelló;12010 Almedíjar;Hombres;2019;141
12;Castellón/Castelló;12010 Almedíjar;Hombres;2018;141
12;Castellón/Castelló;12010 Almedíjar;Hombres;2017;145
12;Castellón/Castelló;12010 Almedíjar;Hombres;2016;146
12;Castellón/Castelló;12010 Almedíjar;Hombres;2015;142
12;Castellón/Castelló;12010 Almedíjar;Hombres;2014;139
12;Castellón/Castelló;12010 Almedíjar;Hombres;2013;142
12;Castellón/Castelló;12010 Almedíjar;Hombres;2012;149
12;Castellón/Castelló;12010 Almedíjar;Hombres;2011;151
12;Castellón/Castelló;12010 Almedíjar;Hombres;2010;132
12;Castellón/Castelló;12010 Almedíjar;Hombres;2009;122
12;Castellón/Castelló;12010 Almedíjar;Hombres;2008;124
12;Castellón/Castelló;12010 Almedíjar;Hombres;2007;130
12;Castellón/Castelló;12010 Almedíjar;Hombres;2006;133
12;Castellón/Castelló;12010 Almedíjar;Hombres;2005;134
12;Castellón/Castelló;12010 Almedíjar;Hombres;2004;134
12;Castellón/Castelló;12010 Almedíjar;Hombres;2003;134
12;Castellón/Castelló;12010 Almedíjar;Hombres;2002;138
12;Castellón/Castelló;12010 Almedíjar;Hombres;2001;133
12;Castellón/Castelló;12010 Almedíjar;Hombres;2000;133
12;Castellón/Castelló;12010 Almedíjar;Hombres;1999;132
12;Castellón/Castelló;12010 Almedíjar;Hombres;1998;136
12;Castellón/Castelló;12010 Almedíjar;Hombres;1997;
12;Castellón/Castelló;12010 Almedíjar;Hombres;1996;144
12;Castellón/Castelló;12010 Almedíjar;Mujeres;2023;125
12;Castellón/Castelló;12010 Almedíjar;Mujeres;2022;123
12;Castellón/Castelló;12010 Almedíjar;Mujeres;2021;114
12;Castellón/Castelló;12010 Almedíjar;Mujeres;2020;108
12;Castellón/Castelló;12010 Almedíjar;Mujeres;2019;113
12;Castellón/Castelló;12010 Almedíjar;Mujeres;2018;115
12;Castellón/Castelló;12010 Almedíjar;Mujeres;2017;125
12;Castellón/Castelló;12010 Almedíjar;Mujeres;2016;135
12;Castellón/Castelló;12010 Almedíjar;Mujeres;2015;133
12;Castellón/Castelló;12010 Almedíjar;Mujeres;2014;122
12;Castellón/Castelló;12010 Almedíjar;Mujeres;2013;136
12;Castellón/Castelló;12010 Almedíjar;Mujeres;2012;148
12;Castellón/Castelló;12010 Almedíjar;Mujeres;2011;155
12;Castellón/Castelló;12010 Almedíjar;Mujeres;2010;135
12;Castellón/Castelló;12010 Almedíjar;Mujeres;2009;130
12;Castellón/Castelló;12010 Almedíjar;Mujeres;2008;132
12;Castellón/Castelló;12010 Almedíjar;Mujeres;2007;138
12;Castellón/Castelló;12010 Almedíjar;Mujeres;2006;139
12;Castellón/Castelló;12010 Almedíjar;Mujeres;2005;142
12;Castellón/Castelló;12010 Almedíjar;Mujeres;2004;136
12;Castellón/Castelló;12010 Almedíjar;Mujeres;2003;140
12;Castellón/Castelló;12010 Almedíjar;Mujeres;2002;143
12;Castellón/Castelló;12010 Almedíjar;Mujeres;2001;140
12;Castellón/Castelló;12010 Almedíjar;Mujeres;2000;142
12;Castellón/Castelló;12010 Almedíjar;Mujeres;1999;142
12;Castellón/Castelló;12010 Almedíjar;Mujeres;1998;147
12;Castellón/Castelló;12010 Almedíjar;Mujeres;1997;
12;Castellón/Castelló;12010 Almedíjar;Mujeres;1996;156
12;Castellón/Castelló;12011 Almenara;Total;2023;6591
12;Castellón/Castelló;12011 Almenara;Total;2022;6388
12;Castellón/Castelló;12011 Almenara;Total;2021;6254
12;Castellón/Castelló;12011 Almenara;Total;2020;6090
12;Castellón/Castelló;12011 Almenara;Total;2019;5998
12;Castellón/Castelló;12011 Almenara;Total;2018;5900
12;Castellón/Castelló;12011 Almenara;Total;2017;5920
12;Castellón/Castelló;12011 Almenara;Total;2016;5949
12;Castellón/Castelló;12011 Almenara;Total;2015;6031
12;Castellón/Castelló;12011 Almenara;Total;2014;6123
12;Castellón/Castelló;12011 Almenara;Total;2013;6149
12;Castellón/Castelló;12011 Almenara;Total;2012;6112
12;Castellón/Castelló;12011 Almenara;Total;2011;6102
12;Castellón/Castelló;12011 Almenara;Total;2010;6007
12;Castellón/Castelló;12011 Almenara;Total;2009;5926
12;Castellón/Castelló;12011 Almenara;Total;2008;5705
12;Castellón/Castelló;12011 Almenara;Total;2007;5440
12;Castellón/Castelló;12011 Almenara;Total;2006;5324
12;Castellón/Castelló;12011 Almenara;Total;2005;5069
12;Castellón/Castelló;12011 Almenara;Total;2004;5045
12;Castellón/Castelló;12011 Almenara;Total;2003;5076
12;Castellón/Castelló;12011 Almenara;Total;2002;5016
12;Castellón/Castelló;12011 Almenara;Total;2001;4968
12;Castellón/Castelló;12011 Almenara;Total;2000;4912
12;Castellón/Castelló;12011 Almenara;Total;1999;5001
12;Castellón/Castelló;12011 Almenara;Total;1998;5001
12;Castellón/Castelló;12011 Almenara;Total;1997;
12;Castellón/Castelló;12011 Almenara;Total;1996;5018
12;Castellón/Castelló;12011 Almenara;Hombres;2023;3302
12;Castellón/Castelló;12011 Almenara;Hombres;2022;3201
12;Castellón/Castelló;12011 Almenara;Hombres;2021;3143
12;Castellón/Castelló;12011 Almenara;Hombres;2020;3064
12;Castellón/Castelló;12011 Almenara;Hombres;2019;3013
12;Castellón/Castelló;12011 Almenara;Hombres;2018;2958
12;Castellón/Castelló;12011 Almenara;Hombres;2017;2966
12;Castellón/Castelló;12011 Almenara;Hombres;2016;2965
12;Castellón/Castelló;12011 Almenara;Hombres;2015;2994
12;Castellón/Castelló;12011 Almenara;Hombres;2014;3056
12;Castellón/Castelló;12011 Almenara;Hombres;2013;3063
12;Castellón/Castelló;12011 Almenara;Hombres;2012;3045
12;Castellón/Castelló;12011 Almenara;Hombres;2011;3049
12;Castellón/Castelló;12011 Almenara;Hombres;2010;3018
12;Castellón/Castelló;12011 Almenara;Hombres;2009;2981
12;Castellón/Castelló;12011 Almenara;Hombres;2008;2849
12;Castellón/Castelló;12011 Almenara;Hombres;2007;2700
12;Castellón/Castelló;12011 Almenara;Hombres;2006;2634
12;Castellón/Castelló;12011 Almenara;Hombres;2005;2504
12;Castellón/Castelló;12011 Almenara;Hombres;2004;2490
12;Castellón/Castelló;12011 Almenara;Hombres;2003;2514
12;Castellón/Castelló;12011 Almenara;Hombres;2002;2485
12;Castellón/Castelló;12011 Almenara;Hombres;2001;2450
12;Castellón/Castelló;12011 Almenara;Hombres;2000;2419
12;Castellón/Castelló;12011 Almenara;Hombres;1999;2468
12;Castellón/Castelló;12011 Almenara;Hombres;1998;2468
12;Castellón/Castelló;12011 Almenara;Hombres;1997;
12;Castellón/Castelló;12011 Almenara;Hombres;1996;2471
12;Castellón/Castelló;12011 Almenara;Mujeres;2023;3289
12;Castellón/Castelló;12011 Almenara;Mujeres;2022;3187
12;Castellón/Castelló;12011 Almenara;Mujeres;2021;3111
12;Castellón/Castelló;12011 Almenara;Mujeres;2020;3026
12;Castellón/Castelló;12011 Almenara;Mujeres;2019;2985
12;Castellón/Castelló;12011 Almenara;Mujeres;2018;2942
12;Castellón/Castelló;12011 Almenara;Mujeres;2017;2954
12;Castellón/Castelló;12011 Almenara;Mujeres;2016;2984
12;Castellón/Castelló;12011 Almenara;Mujeres;2015;3037
12;Castellón/Castelló;12011 Almenara;Mujeres;2014;3067
12;Castellón/Castelló;12011 Almenara;Mujeres;2013;3086
12;Castellón/Castelló;12011 Almenara;Mujeres;2012;3067
12;Castellón/Castelló;12011 Almenara;Mujeres;2011;3053
12;Castellón/Castelló;12011 Almenara;Mujeres;2010;2989
12;Castellón/Castelló;12011 Almenara;Mujeres;2009;2945
12;Castellón/Castelló;12011 Almenara;Mujeres;2008;2856
12;Castellón/Castelló;12011 Almenara;Mujeres;2007;2740
12;Castellón/Castelló;12011 Almenara;Mujeres;2006;2690
12;Castellón/Castelló;12011 Almenara;Mujeres;2005;2565
12;Castellón/Castelló;12011 Almenara;Mujeres;2004;2555
12;Castellón/Castelló;12011 Almenara;Mujeres;2003;2562
12;Castellón/Castelló;12011 Almenara;Mujeres;2002;2531
12;Castellón/Castelló;12011 Almenara;Mujeres;2001;2518
12;Castellón/Castelló;12011 Almenara;Mujeres;2000;2493
12;Castellón/Castelló;12011 Almenara;Mujeres;1999;2533
12;Castellón/Castelló;12011 Almenara;Mujeres;1998;2533
12;Castellón/Castelló;12011 Almenara;Mujeres;1997;
12;Castellón/Castelló;12011 Almenara;Mujeres;1996;2547
12;Castellón/Castelló;12901 Alqueries, les/Alquerías del Niño Perdido;Total;2023;4539
12;Castellón/Castelló;12901 Alqueries, les/Alquerías del Niño Perdido;Total;2022;4511
12;Castellón/Castelló;12901 Alqueries, les/Alquerías del Niño Perdido;Total;2021;4539
12;Castellón/Castelló;12901 Alqueries, les/Alquerías del Niño Perdido;Total;2020;4464
12;Castellón/Castelló;12901 Alqueries, les/Alquerías del Niño Perdido;Total;2019;4449
12;Castellón/Castelló;12901 Alqueries, les/Alquerías del Niño Perdido;Total;2018;4460
12;Castellón/Castelló;12901 Alqueries, les/Alquerías del Niño Perdido;Total;2017;4466
12;Castellón/Castelló;12901 Alqueries, les/Alquerías del Niño Perdido;Total;2016;4528
12;Castellón/Castelló;12901 Alqueries, les/Alquerías del Niño Perdido;Total;2015;4503
12;Castellón/Castelló;12901 Alqueries, les/Alquerías del Niño Perdido;Total;2014;4423
12;Castellón/Castelló;12901 Alqueries, les/Alquerías del Niño Perdido;Total;2013;4507
12;Castellón/Castelló;12901 Alqueries, les/Alquerías del Niño Perdido;Total;2012;4509
12;Castellón/Castelló;12901 Alqueries, les/Alquerías del Niño Perdido;Total;2011;4433
12;Castellón/Castelló;12901 Alqueries, les/Alquerías del Niño Perdido;Total;2010;4353
12;Castellón/Castelló;12901 Alqueries, les/Alquerías del Niño Perdido;Total;2009;4284
12;Castellón/Castelló;12901 Alqueries, les/Alquerías del Niño Perdido;Total;2008;4142
12;Castellón/Castelló;12901 Alqueries, les/Alquerías del Niño Perdido;Total;2007;3983
12;Castellón/Castelló;12901 Alqueries, les/Alquerías del Niño Perdido;Total;2006;3866
12;Castellón/Castelló;12901 Alqueries, les/Alquerías del Niño Perdido;Total;2005;3805
12;Castellón/Castelló;12901 Alqueries, les/Alquerías del Niño Perdido;Total;2004;3746
12;Castellón/Castelló;12901 Alqueries, les/Alquerías del Niño Perdido;Total;2003;3695
12;Castellón/Castelló;12901 Alqueries, les/Alquerías del Niño Perdido;Total;2002;3628
12;Castellón/Castelló;12901 Alqueries, les/Alquerías del Niño Perdido;Total;2001;3538
12;Castellón/Castelló;12901 Alqueries, les/Alquerías del Niño Perdido;Total;2000;3543
12;Castellón/Castelló;12901 Alqueries, les/Alquerías del Niño Perdido;Total;1999;3556
12;Castellón/Castelló;12901 Alqueries, les/Alquerías del Niño Perdido;Total;1998;3531
12;Castellón/Castelló;12901 Alqueries, les/Alquerías del Niño Perdido;Total;1997;
12;Castellón/Castelló;12901 Alqueries, les/Alquerías del Niño Perdido;Total;1996;3508
12;Castellón/Castelló;12901 Alqueries, les/Alquerías del Niño Perdido;Hombres;2023;2281
12;Castellón/Castelló;12901 Alqueries, les/Alquerías del Niño Perdido;Hombres;2022;2263
12;Castellón/Castelló;12901 Alqueries, les/Alquerías del Niño Perdido;Hombres;2021;2270
12;Castellón/Castelló;12901 Alqueries, les/Alquerías del Niño Perdido;Hombres;2020;2230
12;Castellón/Castelló;12901 Alqueries, les/Alquerías del Niño Perdido;Hombres;2019;2209
12;Castellón/Castelló;12901 Alqueries, les/Alquerías del Niño Perdido;Hombres;2018;2220
12;Castellón/Castelló;12901 Alqueries, les/Alquerías del Niño Perdido;Hombres;2017;2211
12;Castellón/Castelló;12901 Alqueries, les/Alquerías del Niño Perdido;Hombres;2016;2240
12;Castellón/Castelló;12901 Alqueries, les/Alquerías del Niño Perdido;Hombres;2015;2231
12;Castellón/Castelló;12901 Alqueries, les/Alquerías del Niño Perdido;Hombres;2014;2193
12;Castellón/Castelló;12901 Alqueries, les/Alquerías del Niño Perdido;Hombres;2013;2232
12;Castellón/Castelló;12901 Alqueries, les/Alquerías del Niño Perdido;Hombres;2012;2233
12;Castellón/Castelló;12901 Alqueries, les/Alquerías del Niño Perdido;Hombres;2011;2189
12;Castellón/Castelló;12901 Alqueries, les/Alquerías del Niño Perdido;Hombres;2010;2141
12;Castellón/Castelló;12901 Alqueries, les/Alquerías del Niño Perdido;Hombres;2009;2114
12;Castellón/Castelló;12901 Alqueries, les/Alquerías del Niño Perdido;Hombres;2008;2053
12;Castellón/Castelló;12901 Alqueries, les/Alquerías del Niño Perdido;Hombres;2007;1961
12;Castellón/Castelló;12901 Alqueries, les/Alquerías del Niño Perdido;Hombres;2006;1909
12;Castellón/Castelló;12901 Alqueries, les/Alquerías del Niño Perdido;Hombres;2005;1876
12;Castellón/Castelló;12901 Alqueries, les/Alquerías del Niño Perdido;Hombres;2004;1839
12;Castellón/Castelló;12901 Alqueries, les/Alquerías del Niño Perdido;Hombres;2003;1807
12;Castellón/Castelló;12901 Alqueries, les/Alquerías del Niño Perdido;Hombres;2002;1768
12;Castellón/Castelló;12901 Alqueries, les/Alquerías del Niño Perdido;Hombres;2001;1717
12;Castellón/Castelló;12901 Alqueries, les/Alquerías del Niño Perdido;Hombres;2000;1722
12;Castellón/Castelló;12901 Alqueries, les/Alquerías del Niño Perdido;Hombres;1999;1729
12;Castellón/Castelló;12901 Alqueries, les/Alquerías del Niño Perdido;Hombres;1998;1720
12;Castellón/Castelló;12901 Alqueries, les/Alquerías del Niño Perdido;Hombres;1997;
12;Castellón/Castelló;12901 Alqueries, les/Alquerías del Niño Perdido;Hombres;1996;1693
12;Castellón/Castelló;12901 Alqueries, les/Alquerías del Niño Perdido;Mujeres;2023;2258
12;Castellón/Castelló;12901 Alqueries, les/Alquerías del Niño Perdido;Mujeres;2022;2248
12;Castellón/Castelló;12901 Alqueries, les/Alquerías del Niño Perdido;Mujeres;2021;2269
12;Castellón/Castelló;12901 Alqueries, les/Alquerías del Niño Perdido;Mujeres;2020;2234
12;Castellón/Castelló;12901 Alqueries, les/Alquerías del Niño Perdido;Mujeres;2019;2240
12;Castellón/Castelló;12901 Alqueries, les/Alquerías del Niño Perdido;Mujeres;2018;2240
12;Castellón/Castelló;12901 Alqueries, les/Alquerías del Niño Perdido;Mujeres;2017;2255
12;Castellón/Castelló;12901 Alqueries, les/Alquerías del Niño Perdido;Mujeres;2016;2288
12;Castellón/Castelló;12901 Alqueries, les/Alquerías del Niño Perdido;Mujeres;2015;2272
12;Castellón/Castelló;12901 Alqueries, les/Alquerías del Niño Perdido;Mujeres;2014;2230
12;Castellón/Castelló;12901 Alqueries, les/Alquerías del Niño Perdido;Mujeres;2013;2275
12;Castellón/Castelló;12901 Alqueries, les/Alquerías del Niño Perdido;Mujeres;2012;2276
12;Castellón/Castelló;12901 Alqueries, les/Alquerías del Niño Perdido;Mujeres;2011;2244
12;Castellón/Castelló;12901 Alqueries, les/Alquerías del Niño Perdido;Mujeres;2010;2212
12;Castellón/Castelló;12901 Alqueries, les/Alquerías del Niño Perdido;Mujeres;2009;2170
12;Castellón/Castelló;12901 Alqueries, les/Alquerías del Niño Perdido;Mujeres;2008;2089
12;Castellón/Castelló;12901 Alqueries, les/Alquerías del Niño Perdido;Mujeres;2007;2022
12;Castellón/Castelló;12901 Alqueries, les/Alquerías del Niño Perdido;Mujeres;2006;1957
12;Castellón/Castelló;12901 Alqueries, les/Alquerías del Niño Perdido;Mujeres;2005;1929
12;Castellón/Castelló;12901 Alqueries, les/Alquerías del Niño Perdido;Mujeres;2004;1907
12;Castellón/Castelló;12901 Alqueries, les/Alquerías del Niño Perdido;Mujeres;2003;1888
12;Castellón/Castelló;12901 Alqueries, les/Alquerías del Niño Perdido;Mujeres;2002;1860
12;Castellón/Castelló;12901 Alqueries, les/Alquerías del Niño Perdido;Mujeres;2001;1821
12;Castellón/Castelló;12901 Alqueries, les/Alquerías del Niño Perdido;Mujeres;2000;1821
12;Castellón/Castelló;12901 Alqueries, les/Alquerías del Niño Perdido;Mujeres;1999;1827
12;Castellón/Castelló;12901 Alqueries, les/Alquerías del Niño Perdido;Mujeres;1998;1811
12;Castellón/Castelló;12901 Alqueries, les/Alquerías del Niño Perdido;Mujeres;1997;
12;Castellón/Castelló;12901 Alqueries, les/Alquerías del Niño Perdido;Mujeres;1996;1815
12;Castellón/Castelló;12012 Altura;Total;2023;3695
12;Castellón/Castelló;12012 Altura;Total;2022;3667
12;Castellón/Castelló;12012 Altura;Total;2021;3658
12;Castellón/Castelló;12012 Altura;Total;2020;3601
12;Castellón/Castelló;12012 Altura;Total;2019;3528
12;Castellón/Castelló;12012 Altura;Total;2018;3509
12;Castellón/Castelló;12012 Altura;Total;2017;3559
12;Castellón/Castelló;12012 Altura;Total;2016;3621
12;Castellón/Castelló;12012 Altura;Total;2015;3647
12;Castellón/Castelló;12012 Altura;Total;2014;3670
12;Castellón/Castelló;12012 Altura;Total;2013;3898
12;Castellón/Castelló;12012 Altura;Total;2012;3866
12;Castellón/Castelló;12012 Altura;Total;2011;3924
12;Castellón/Castelló;12012 Altura;Total;2010;3949
12;Castellón/Castelló;12012 Altura;Total;2009;3920
12;Castellón/Castelló;12012 Altura;Total;2008;3784
12;Castellón/Castelló;12012 Altura;Total;2007;3643
12;Castellón/Castelló;12012 Altura;Total;2006;3470
12;Castellón/Castelló;12012 Altura;Total;2005;3355
12;Castellón/Castelló;12012 Altura;Total;2004;3234
12;Castellón/Castelló;12012 Altura;Total;2003;3234
12;Castellón/Castelló;12012 Altura;Total;2002;3186
12;Castellón/Castelló;12012 Altura;Total;2001;3145
12;Castellón/Castelló;12012 Altura;Total;2000;3137
12;Castellón/Castelló;12012 Altura;Total;1999;3144
12;Castellón/Castelló;12012 Altura;Total;1998;3144
12;Castellón/Castelló;12012 Altura;Total;1997;
12;Castellón/Castelló;12012 Altura;Total;1996;3093
12;Castellón/Castelló;12012 Altura;Hombres;2023;1912
12;Castellón/Castelló;12012 Altura;Hombres;2022;1890
12;Castellón/Castelló;12012 Altura;Hombres;2021;1891
12;Castellón/Castelló;12012 Altura;Hombres;2020;1863
12;Castellón/Castelló;12012 Altura;Hombres;2019;1822
12;Castellón/Castelló;12012 Altura;Hombres;2018;1791
12;Castellón/Castelló;12012 Altura;Hombres;2017;1818
12;Castellón/Castelló;12012 Altura;Hombres;2016;1857
12;Castellón/Castelló;12012 Altura;Hombres;2015;1879
12;Castellón/Castelló;12012 Altura;Hombres;2014;1884
12;Castellón/Castelló;12012 Altura;Hombres;2013;2008
12;Castellón/Castelló;12012 Altura;Hombres;2012;1991
12;Castellón/Castelló;12012 Altura;Hombres;2011;2031
12;Castellón/Castelló;12012 Altura;Hombres;2010;2032
12;Castellón/Castelló;12012 Altura;Hombres;2009;2023
12;Castellón/Castelló;12012 Altura;Hombres;2008;1950
12;Castellón/Castelló;12012 Altura;Hombres;2007;1882
12;Castellón/Castelló;12012 Altura;Hombres;2006;1772
12;Castellón/Castelló;12012 Altura;Hombres;2005;1705
12;Castellón/Castelló;12012 Altura;Hombres;2004;1632
12;Castellón/Castelló;12012 Altura;Hombres;2003;1629
12;Castellón/Castelló;12012 Altura;Hombres;2002;1591
12;Castellón/Castelló;12012 Altura;Hombres;2001;1558
12;Castellón/Castelló;12012 Altura;Hombres;2000;1573
12;Castellón/Castelló;12012 Altura;Hombres;1999;1582
12;Castellón/Castelló;12012 Altura;Hombres;1998;1582
12;Castellón/Castelló;12012 Altura;Hombres;1997;
12;Castellón/Castelló;12012 Altura;Hombres;1996;1545
12;Castellón/Castelló;12012 Altura;Mujeres;2023;1783
12;Castellón/Castelló;12012 Altura;Mujeres;2022;1777
12;Castellón/Castelló;12012 Altura;Mujeres;2021;1767
12;Castellón/Castelló;12012 Altura;Mujeres;2020;1738
12;Castellón/Castelló;12012 Altura;Mujeres;2019;1706
12;Castellón/Castelló;12012 Altura;Mujeres;2018;1718
12;Castellón/Castelló;12012 Altura;Mujeres;2017;1741
12;Castellón/Castelló;12012 Altura;Mujeres;2016;1764
12;Castellón/Castelló;12012 Altura;Mujeres;2015;1768
12;Castellón/Castelló;12012 Altura;Mujeres;2014;1786
12;Castellón/Castelló;12012 Altura;Mujeres;2013;1890
12;Castellón/Castelló;12012 Altura;Mujeres;2012;1875
12;Castellón/Castelló;12012 Altura;Mujeres;2011;1893
12;Castellón/Castelló;12012 Altura;Mujeres;2010;1917
12;Castellón/Castelló;12012 Altura;Mujeres;2009;1897
12;Castellón/Castelló;12012 Altura;Mujeres;2008;1834
12;Castellón/Castelló;12012 Altura;Mujeres;2007;1761
12;Castellón/Castelló;12012 Altura;Mujeres;2006;1698
12;Castellón/Castelló;12012 Altura;Mujeres;2005;1650
12;Castellón/Castelló;12012 Altura;Mujeres;2004;1602
12;Castellón/Castelló;12012 Altura;Mujeres;2003;1605
12;Castellón/Castelló;12012 Altura;Mujeres;2002;1595
12;Castellón/Castelló;12012 Altura;Mujeres;2001;1587
12;Castellón/Castelló;12012 Altura;Mujeres;2000;1564
12;Castellón/Castelló;12012 Altura;Mujeres;1999;1562
12;Castellón/Castelló;12012 Altura;Mujeres;1998;1562
12;Castellón/Castelló;12012 Altura;Mujeres;1997;
12;Castellón/Castelló;12012 Altura;Mujeres;1996;1548
12;Castellón/Castelló;12013 Arañuel;Total;2023;165
12;Castellón/Castelló;12013 Arañuel;Total;2022;162
12;Castellón/Castelló;12013 Arañuel;Total;2021;152
12;Castellón/Castelló;12013 Arañuel;Total;2020;151
12;Castellón/Castelló;12013 Arañuel;Total;2019;150
12;Castellón/Castelló;12013 Arañuel;Total;2018;146
12;Castellón/Castelló;12013 Arañuel;Total;2017;151
12;Castellón/Castelló;12013 Arañuel;Total;2016;160
12;Castellón/Castelló;12013 Arañuel;Total;2015;171
12;Castellón/Castelló;12013 Arañuel;Total;2014;181
12;Castellón/Castelló;12013 Arañuel;Total;2013;185
12;Castellón/Castelló;12013 Arañuel;Total;2012;196
12;Castellón/Castelló;12013 Arañuel;Total;2011;196
12;Castellón/Castelló;12013 Arañuel;Total;2010;200
12;Castellón/Castelló;12013 Arañuel;Total;2009;199
12;Castellón/Castelló;12013 Arañuel;Total;2008;205
12;Castellón/Castelló;12013 Arañuel;Total;2007;195
12;Castellón/Castelló;12013 Arañuel;Total;2006;188
12;Castellón/Castelló;12013 Arañuel;Total;2005;199
12;Castellón/Castelló;12013 Arañuel;Total;2004;191
12;Castellón/Castelló;12013 Arañuel;Total;2003;199
12;Castellón/Castelló;12013 Arañuel;Total;2002;195
12;Castellón/Castelló;12013 Arañuel;Total;2001;210
12;Castellón/Castelló;12013 Arañuel;Total;2000;181
12;Castellón/Castelló;12013 Arañuel;Total;1999;160
12;Castellón/Castelló;12013 Arañuel;Total;1998;142
12;Castellón/Castelló;12013 Arañuel;Total;1997;
12;Castellón/Castelló;12013 Arañuel;Total;1996;133
12;Castellón/Castelló;12013 Arañuel;Hombres;2023;91
12;Castellón/Castelló;12013 Arañuel;Hombres;2022;85
12;Castellón/Castelló;12013 Arañuel;Hombres;2021;82
12;Castellón/Castelló;12013 Arañuel;Hombres;2020;80
12;Castellón/Castelló;12013 Arañuel;Hombres;2019;78
12;Castellón/Castelló;12013 Arañuel;Hombres;2018;72
12;Castellón/Castelló;12013 Arañuel;Hombres;2017;76
12;Castellón/Castelló;12013 Arañuel;Hombres;2016;80
12;Castellón/Castelló;12013 Arañuel;Hombres;2015;91
12;Castellón/Castelló;12013 Arañuel;Hombres;2014;90
12;Castellón/Castelló;12013 Arañuel;Hombres;2013;94
12;Castellón/Castelló;12013 Arañuel;Hombres;2012;95
12;Castellón/Castelló;12013 Arañuel;Hombres;2011;99
12;Castellón/Castelló;12013 Arañuel;Hombres;2010;96
12;Castellón/Castelló;12013 Arañuel;Hombres;2009;94
12;Castellón/Castelló;12013 Arañuel;Hombres;2008;97
12;Castellón/Castelló;12013 Arañuel;Hombres;2007;93
12;Castellón/Castelló;12013 Arañuel;Hombres;2006;87
12;Castellón/Castelló;12013 Arañuel;Hombres;2005;91
12;Castellón/Castelló;12013 Arañuel;Hombres;2004;88
12;Castellón/Castelló;12013 Arañuel;Hombres;2003;94
12;Castellón/Castelló;12013 Arañuel;Hombres;2002;94
12;Castellón/Castelló;12013 Arañuel;Hombres;2001;100
12;Castellón/Castelló;12013 Arañuel;Hombres;2000;91
12;Castellón/Castelló;12013 Arañuel;Hombres;1999;83
12;Castellón/Castelló;12013 Arañuel;Hombres;1998;74
12;Castellón/Castelló;12013 Arañuel;Hombres;1997;
12;Castellón/Castelló;12013 Arañuel;Hombres;1996;68
12;Castellón/Castelló;12013 Arañuel;Mujeres;2023;74
12;Castellón/Castelló;12013 Arañuel;Mujeres;2022;77
12;Castellón/Castelló;12013 Arañuel;Mujeres;2021;70
12;Castellón/Castelló;12013 Arañuel;Mujeres;2020;71
12;Castellón/Castelló;12013 Arañuel;Mujeres;2019;72
12;Castellón/Castelló;12013 Arañuel;Mujeres;2018;74
12;Castellón/Castelló;12013 Arañuel;Mujeres;2017;75
12;Castellón/Castelló;12013 Arañuel;Mujeres;2016;80
12;Castellón/Castelló;12013 Arañuel;Mujeres;2015;80
12;Castellón/Castelló;12013 Arañuel;Mujeres;2014;91
12;Castellón/Castelló;12013 Arañuel;Mujeres;2013;91
12;Castellón/Castelló;12013 Arañuel;Mujeres;2012;101
12;Castellón/Castelló;12013 Arañuel;Mujeres;2011;97
12;Castellón/Castelló;12013 Arañuel;Mujeres;2010;104
12;Castellón/Castelló;12013 Arañuel;Mujeres;2009;105
12;Castellón/Castelló;12013 Arañuel;Mujeres;2008;108
12;Castellón/Castelló;12013 Arañuel;Mujeres;2007;102
12;Castellón/Castelló;12013 Arañuel;Mujeres;2006;101
12;Castellón/Castelló;12013 Arañuel;Mujeres;2005;108
12;Castellón/Castelló;12013 Arañuel;Mujeres;2004;103
12;Castellón/Castelló;12013 Arañuel;Mujeres;2003;105
12;Castellón/Castelló;12013 Arañuel;Mujeres;2002;101
12;Castellón/Castelló;12013 Arañuel;Mujeres;2001;110
12;Castellón/Castelló;12013 Arañuel;Mujeres;2000;90
12;Castellón/Castelló;12013 Arañuel;Mujeres;1999;77
12;Castellón/Castelló;12013 Arañuel;Mujeres;1998;68
12;Castellón/Castelló;12013 Arañuel;Mujeres;1997;
12;Castellón/Castelló;12013 Arañuel;Mujeres;1996;65
12;Castellón/Castelló;12014 Ares del Maestrat;Total;2023;174
12;Castellón/Castelló;12014 Ares del Maestrat;Total;2022;173
12;Castellón/Castelló;12014 Ares del Maestrat;Total;2021;175
12;Castellón/Castelló;12014 Ares del Maestrat;Total;2020;184
12;Castellón/Castelló;12014 Ares del Maestrat;Total;2019;186
12;Castellón/Castelló;12014 Ares del Maestrat;Total;2018;190
12;Castellón/Castelló;12014 Ares del Maestrat;Total;2017;197
12;Castellón/Castelló;12014 Ares del Maestrat;Total;2016;202
12;Castellón/Castelló;12014 Ares del Maestrat;Total;2015;208
12;Castellón/Castelló;12014 Ares del Maestrat;Total;2014;210
12;Castellón/Castelló;12014 Ares del Maestrat;Total;2013;206
12;Castellón/Castelló;12014 Ares del Maestrat;Total;2012;215
12;Castellón/Castelló;12014 Ares del Maestrat;Total;2011;206
12;Castellón/Castelló;12014 Ares del Maestrat;Total;2010;206
12;Castellón/Castelló;12014 Ares del Maestrat;Total;2009;216
12;Castellón/Castelló;12014 Ares del Maestrat;Total;2008;217
12;Castellón/Castelló;12014 Ares del Maestrat;Total;2007;218
12;Castellón/Castelló;12014 Ares del Maestrat;Total;2006;222
12;Castellón/Castelló;12014 Ares del Maestrat;Total;2005;228
12;Castellón/Castelló;12014 Ares del Maestrat;Total;2004;228
12;Castellón/Castelló;12014 Ares del Maestrat;Total;2003;229
12;Castellón/Castelló;12014 Ares del Maestrat;Total;2002;246
12;Castellón/Castelló;12014 Ares del Maestrat;Total;2001;249
12;Castellón/Castelló;12014 Ares del Maestrat;Total;2000;254
12;Castellón/Castelló;12014 Ares del Maestrat;Total;1999;268
12;Castellón/Castelló;12014 Ares del Maestrat;Total;1998;266
12;Castellón/Castelló;12014 Ares del Maestrat;Total;1997;
12;Castellón/Castelló;12014 Ares del Maestrat;Total;1996;281
12;Castellón/Castelló;12014 Ares del Maestrat;Hombres;2023;104
12;Castellón/Castelló;12014 Ares del Maestrat;Hombres;2022;103
12;Castellón/Castelló;12014 Ares del Maestrat;Hombres;2021;104
12;Castellón/Castelló;12014 Ares del Maestrat;Hombres;2020;107
12;Castellón/Castelló;12014 Ares del Maestrat;Hombres;2019;107
12;Castellón/Castelló;12014 Ares del Maestrat;Hombres;2018;107
12;Castellón/Castelló;12014 Ares del Maestrat;Hombres;2017;110
12;Castellón/Castelló;12014 Ares del Maestrat;Hombres;2016;114
12;Castellón/Castelló;12014 Ares del Maestrat;Hombres;2015;116
12;Castellón/Castelló;12014 Ares del Maestrat;Hombres;2014;113
12;Castellón/Castelló;12014 Ares del Maestrat;Hombres;2013;112
12;Castellón/Castelló;12014 Ares del Maestrat;Hombres;2012;116
12;Castellón/Castelló;12014 Ares del Maestrat;Hombres;2011;110
12;Castellón/Castelló;12014 Ares del Maestrat;Hombres;2010;111
12;Castellón/Castelló;12014 Ares del Maestrat;Hombres;2009;116
12;Castellón/Castelló;12014 Ares del Maestrat;Hombres;2008;118
12;Castellón/Castelló;12014 Ares del Maestrat;Hombres;2007;119
12;Castellón/Castelló;12014 Ares del Maestrat;Hombres;2006;117
12;Castellón/Castelló;12014 Ares del Maestrat;Hombres;2005;116
12;Castellón/Castelló;12014 Ares del Maestrat;Hombres;2004;119
12;Castellón/Castelló;12014 Ares del Maestrat;Hombres;2003;118
12;Castellón/Castelló;12014 Ares del Maestrat;Hombres;2002;124
12;Castellón/Castelló;12014 Ares del Maestrat;Hombres;2001;123
12;Castellón/Castelló;12014 Ares del Maestrat;Hombres;2000;126
12;Castellón/Castelló;12014 Ares del Maestrat;Hombres;1999;132
12;Castellón/Castelló;12014 Ares del Maestrat;Hombres;1998;128
12;Castellón/Castelló;12014 Ares del Maestrat;Hombres;1997;
12;Castellón/Castelló;12014 Ares del Maestrat;Hombres;1996;134
12;Castellón/Castelló;12014 Ares del Maestrat;Mujeres;2023;70
12;Castellón/Castelló;12014 Ares del Maestrat;Mujeres;2022;70
12;Castellón/Castelló;12014 Ares del Maestrat;Mujeres;2021;71
12;Castellón/Castelló;12014 Ares del Maestrat;Mujeres;2020;77
12;Castellón/Castelló;12014 Ares del Maestrat;Mujeres;2019;79
12;Castellón/Castelló;12014 Ares del Maestrat;Mujeres;2018;83
12;Castellón/Castelló;12014 Ares del Maestrat;Mujeres;2017;87
12;Castellón/Castelló;12014 Ares del Maestrat;Mujeres;2016;88
12;Castellón/Castelló;12014 Ares del Maestrat;Mujeres;2015;92
12;Castellón/Castelló;12014 Ares del Maestrat;Mujeres;2014;97
12;Castellón/Castelló;12014 Ares del Maestrat;Mujeres;2013;94
12;Castellón/Castelló;12014 Ares del Maestrat;Mujeres;2012;99
12;Castellón/Castelló;12014 Ares del Maestrat;Mujeres;2011;96
12;Castellón/Castelló;12014 Ares del Maestrat;Mujeres;2010;95
12;Castellón/Castelló;12014 Ares del Maestrat;Mujeres;2009;100
12;Castellón/Castelló;12014 Ares del Maestrat;Mujeres;2008;99
12;Castellón/Castelló;12014 Ares del Maestrat;Mujeres;2007;99
12;Castellón/Castelló;12014 Ares del Maestrat;Mujeres;2006;105
12;Castellón/Castelló;12014 Ares del Maestrat;Mujeres;2005;112
12;Castellón/Castelló;12014 Ares del Maestrat;Mujeres;2004;109
12;Castellón/Castelló;12014 Ares del Maestrat;Mujeres;2003;111
12;Castellón/Castelló;12014 Ares del Maestrat;Mujeres;2002;122
12;Castellón/Castelló;12014 Ares del Maestrat;Mujeres;2001;126
12;Castellón/Castelló;12014 Ares del Maestrat;Mujeres;2000;128
12;Castellón/Castelló;12014 Ares del Maestrat;Mujeres;1999;136
12;Castellón/Castelló;12014 Ares del Maestrat;Mujeres;1998;138
12;Castellón/Castelló;12014 Ares del Maestrat;Mujeres;1997;
12;Castellón/Castelló;12014 Ares del Maestrat;Mujeres;1996;147
12;Castellón/Castelló;12015 Argelita;Total;2023;156
12;Castellón/Castelló;12015 Argelita;Total;2022;153
12;Castellón/Castelló;12015 Argelita;Total;2021;147
12;Castellón/Castelló;12015 Argelita;Total;2020;126
12;Castellón/Castelló;12015 Argelita;Total;2019;118
12;Castellón/Castelló;12015 Argelita;Total;2018;113
12;Castellón/Castelló;12015 Argelita;Total;2017;94
12;Castellón/Castelló;12015 Argelita;Total;2016;97
12;Castellón/Castelló;12015 Argelita;Total;2015;103
12;Castellón/Castelló;12015 Argelita;Total;2014;91
12;Castellón/Castelló;12015 Argelita;Total;2013;96
12;Castellón/Castelló;12015 Argelita;Total;2012;100
12;Castellón/Castelló;12015 Argelita;Total;2011;96
12;Castellón/Castelló;12015 Argelita;Total;2010;106
12;Castellón/Castelló;12015 Argelita;Total;2009;111
12;Castellón/Castelló;12015 Argelita;Total;2008;105
12;Castellón/Castelló;12015 Argelita;Total;2007;107
12;Castellón/Castelló;12015 Argelita;Total;2006;112
12;Castellón/Castelló;12015 Argelita;Total;2005;118
12;Castellón/Castelló;12015 Argelita;Total;2004;117
12;Castellón/Castelló;12015 Argelita;Total;2003;113
12;Castellón/Castelló;12015 Argelita;Total;2002;117
12;Castellón/Castelló;12015 Argelita;Total;2001;126
12;Castellón/Castelló;12015 Argelita;Total;2000;136
12;Castellón/Castelló;12015 Argelita;Total;1999;121
12;Castellón/Castelló;12015 Argelita;Total;1998;117
12;Castellón/Castelló;12015 Argelita;Total;1997;
12;Castellón/Castelló;12015 Argelita;Total;1996;110
12;Castellón/Castelló;12015 Argelita;Hombres;2023;84
12;Castellón/Castelló;12015 Argelita;Hombres;2022;84
12;Castellón/Castelló;12015 Argelita;Hombres;2021;81
12;Castellón/Castelló;12015 Argelita;Hombres;2020;74
12;Castellón/Castelló;12015 Argelita;Hombres;2019;72
12;Castellón/Castelló;12015 Argelita;Hombres;2018;69
12;Castellón/Castelló;12015 Argelita;Hombres;2017;54
12;Castellón/Castelló;12015 Argelita;Hombres;2016;54
12;Castellón/Castelló;12015 Argelita;Hombres;2015;57
12;Castellón/Castelló;12015 Argelita;Hombres;2014;49
12;Castellón/Castelló;12015 Argelita;Hombres;2013;53
12;Castellón/Castelló;12015 Argelita;Hombres;2012;54
12;Castellón/Castelló;12015 Argelita;Hombres;2011;50
12;Castellón/Castelló;12015 Argelita;Hombres;2010;57
12;Castellón/Castelló;12015 Argelita;Hombres;2009;56
12;Castellón/Castelló;12015 Argelita;Hombres;2008;54
12;Castellón/Castelló;12015 Argelita;Hombres;2007;54
12;Castellón/Castelló;12015 Argelita;Hombres;2006;58
12;Castellón/Castelló;12015 Argelita;Hombres;2005;59
12;Castellón/Castelló;12015 Argelita;Hombres;2004;60
12;Castellón/Castelló;12015 Argelita;Hombres;2003;57
12;Castellón/Castelló;12015 Argelita;Hombres;2002;57
12;Castellón/Castelló;12015 Argelita;Hombres;2001;62
12;Castellón/Castelló;12015 Argelita;Hombres;2000;70
12;Castellón/Castelló;12015 Argelita;Hombres;1999;62
12;Castellón/Castelló;12015 Argelita;Hombres;1998;57
12;Castellón/Castelló;12015 Argelita;Hombres;1997;
12;Castellón/Castelló;12015 Argelita;Hombres;1996;53
12;Castellón/Castelló;12015 Argelita;Mujeres;2023;72
12;Castellón/Castelló;12015 Argelita;Mujeres;2022;69
12;Castellón/Castelló;12015 Argelita;Mujeres;2021;66
12;Castellón/Castelló;12015 Argelita;Mujeres;2020;52
12;Castellón/Castelló;12015 Argelita;Mujeres;2019;46
12;Castellón/Castelló;12015 Argelita;Mujeres;2018;44
12;Castellón/Castelló;12015 Argelita;Mujeres;2017;40
12;Castellón/Castelló;12015 Argelita;Mujeres;2016;43
12;Castellón/Castelló;12015 Argelita;Mujeres;2015;46
12;Castellón/Castelló;12015 Argelita;Mujeres;2014;42
12;Castellón/Castelló;12015 Argelita;Mujeres;2013;43
12;Castellón/Castelló;12015 Argelita;Mujeres;2012;46
12;Castellón/Castelló;12015 Argelita;Mujeres;2011;46
12;Castellón/Castelló;12015 Argelita;Mujeres;2010;49
12;Castellón/Castelló;12015 Argelita;Mujeres;2009;55
12;Castellón/Castelló;12015 Argelita;Mujeres;2008;51
12;Castellón/Castelló;12015 Argelita;Mujeres;2007;53
12;Castellón/Castelló;12015 Argelita;Mujeres;2006;54
12;Castellón/Castelló;12015 Argelita;Mujeres;2005;59
12;Castellón/Castelló;12015 Argelita;Mujeres;2004;57
12;Castellón/Castelló;12015 Argelita;Mujeres;2003;56
12;Castellón/Castelló;12015 Argelita;Mujeres;2002;60
12;Castellón/Castelló;12015 Argelita;Mujeres;2001;64
12;Castellón/Castelló;12015 Argelita;Mujeres;2000;66
12;Castellón/Castelló;12015 Argelita;Mujeres;1999;59
12;Castellón/Castelló;12015 Argelita;Mujeres;1998;60
12;Castellón/Castelló;12015 Argelita;Mujeres;1997;
12;Castellón/Castelló;12015 Argelita;Mujeres;1996;57
12;Castellón/Castelló;12016 Artana;Total;2023;1980
12;Castellón/Castelló;12016 Artana;Total;2022;1979
12;Castellón/Castelló;12016 Artana;Total;2021;1970
12;Castellón/Castelló;12016 Artana;Total;2020;1955
12;Castellón/Castelló;12016 Artana;Total;2019;1947
12;Castellón/Castelló;12016 Artana;Total;2018;1958
12;Castellón/Castelló;12016 Artana;Total;2017;1979
12;Castellón/Castelló;12016 Artana;Total;2016;1979
12;Castellón/Castelló;12016 Artana;Total;2015;1992
12;Castellón/Castelló;12016 Artana;Total;2014;1994
12;Castellón/Castelló;12016 Artana;Total;2013;2015
12;Castellón/Castelló;12016 Artana;Total;2012;1974
12;Castellón/Castelló;12016 Artana;Total;2011;1990
12;Castellón/Castelló;12016 Artana;Total;2010;1971
12;Castellón/Castelló;12016 Artana;Total;2009;1969
12;Castellón/Castelló;12016 Artana;Total;2008;1987
12;Castellón/Castelló;12016 Artana;Total;2007;1937
12;Castellón/Castelló;12016 Artana;Total;2006;1857
12;Castellón/Castelló;12016 Artana;Total;2005;1803
12;Castellón/Castelló;12016 Artana;Total;2004;1851
12;Castellón/Castelló;12016 Artana;Total;2003;1848
12;Castellón/Castelló;12016 Artana;Total;2002;1770
12;Castellón/Castelló;12016 Artana;Total;2001;1835
12;Castellón/Castelló;12016 Artana;Total;2000;1840
12;Castellón/Castelló;12016 Artana;Total;1999;1828
12;Castellón/Castelló;12016 Artana;Total;1998;1869
12;Castellón/Castelló;12016 Artana;Total;1997;
12;Castellón/Castelló;12016 Artana;Total;1996;1909
12;Castellón/Castelló;12016 Artana;Hombres;2023;1010
12;Castellón/Castelló;12016 Artana;Hombres;2022;1013
12;Castellón/Castelló;12016 Artana;Hombres;2021;999
12;Castellón/Castelló;12016 Artana;Hombres;2020;986
12;Castellón/Castelló;12016 Artana;Hombres;2019;992
12;Castellón/Castelló;12016 Artana;Hombres;2018;992
12;Castellón/Castelló;12016 Artana;Hombres;2017;1005
12;Castellón/Castelló;12016 Artana;Hombres;2016;1012
12;Castellón/Castelló;12016 Artana;Hombres;2015;1021
12;Castellón/Castelló;12016 Artana;Hombres;2014;1029
12;Castellón/Castelló;12016 Artana;Hombres;2013;1037
12;Castellón/Castelló;12016 Artana;Hombres;2012;1015
12;Castellón/Castelló;12016 Artana;Hombres;2011;1023
12;Castellón/Castelló;12016 Artana;Hombres;2010;1012
12;Castellón/Castelló;12016 Artana;Hombres;2009;1002
12;Castellón/Castelló;12016 Artana;Hombres;2008;1018
12;Castellón/Castelló;12016 Artana;Hombres;2007;985
12;Castellón/Castelló;12016 Artana;Hombres;2006;935
12;Castellón/Castelló;12016 Artana;Hombres;2005;907
12;Castellón/Castelló;12016 Artana;Hombres;2004;927
12;Castellón/Castelló;12016 Artana;Hombres;2003;919
12;Castellón/Castelló;12016 Artana;Hombres;2002;873
12;Castellón/Castelló;12016 Artana;Hombres;2001;907
12;Castellón/Castelló;12016 Artana;Hombres;2000;909
12;Castellón/Castelló;12016 Artana;Hombres;1999;904
12;Castellón/Castelló;12016 Artana;Hombres;1998;928
12;Castellón/Castelló;12016 Artana;Hombres;1997;
12;Castellón/Castelló;12016 Artana;Hombres;1996;956
12;Castellón/Castelló;12016 Artana;Mujeres;2023;970
12;Castellón/Castelló;12016 Artana;Mujeres;2022;966
12;Castellón/Castelló;12016 Artana;Mujeres;2021;971
12;Castellón/Castelló;12016 Artana;Mujeres;2020;969
12;Castellón/Castelló;12016 Artana;Mujeres;2019;955
12;Castellón/Castelló;12016 Artana;Mujeres;2018;966
12;Castellón/Castelló;12016 Artana;Mujeres;2017;974
12;Castellón/Castelló;12016 Artana;Mujeres;2016;967
12;Castellón/Castelló;12016 Artana;Mujeres;2015;971
12;Castellón/Castelló;12016 Artana;Mujeres;2014;965
12;Castellón/Castelló;12016 Artana;Mujeres;2013;978
12;Castellón/Castelló;12016 Artana;Mujeres;2012;959
12;Castellón/Castelló;12016 Artana;Mujeres;2011;967
12;Castellón/Castelló;12016 Artana;Mujeres;2010;959
12;Castellón/Castelló;12016 Artana;Mujeres;2009;967
12;Castellón/Castelló;12016 Artana;Mujeres;2008;969
12;Castellón/Castelló;12016 Artana;Mujeres;2007;952
12;Castellón/Castelló;12016 Artana;Mujeres;2006;922
12;Castellón/Castelló;12016 Artana;Mujeres;2005;896
12;Castellón/Castelló;12016 Artana;Mujeres;2004;924
12;Castellón/Castelló;12016 Artana;Mujeres;2003;929
12;Castellón/Castelló;12016 Artana;Mujeres;2002;897
12;Castellón/Castelló;12016 Artana;Mujeres;2001;928
12;Castellón/Castelló;12016 Artana;Mujeres;2000;931
12;Castellón/Castelló;12016 Artana;Mujeres;1999;924
12;Castellón/Castelló;12016 Artana;Mujeres;1998;941
12;Castellón/Castelló;12016 Artana;Mujeres;1997;
12;Castellón/Castelló;12016 Artana;Mujeres;1996;953
12;Castellón/Castelló;12001 Atzeneta del Maestrat;Total;2023;1319
12;Castellón/Castelló;12001 Atzeneta del Maestrat;Total;2022;1287
12;Castellón/Castelló;12001 Atzeneta del Maestrat;Total;2021;1292
12;Castellón/Castelló;12001 Atzeneta del Maestrat;Total;2020;1304
12;Castellón/Castelló;12001 Atzeneta del Maestrat;Total;2019;1276
12;Castellón/Castelló;12001 Atzeneta del Maestrat;Total;2018;1271
12;Castellón/Castelló;12001 Atzeneta del Maestrat;Total;2017;1290
12;Castellón/Castelló;12001 Atzeneta del Maestrat;Total;2016;1286
12;Castellón/Castelló;12001 Atzeneta del Maestrat;Total;2015;1307
12;Castellón/Castelló;12001 Atzeneta del Maestrat;Total;2014;1321
12;Castellón/Castelló;12001 Atzeneta del Maestrat;Total;2013;1325
12;Castellón/Castelló;12001 Atzeneta del Maestrat;Total;2012;1342
12;Castellón/Castelló;12001 Atzeneta del Maestrat;Total;2011;1367
12;Castellón/Castelló;12001 Atzeneta del Maestrat;Total;2010;1409
12;Castellón/Castelló;12001 Atzeneta del Maestrat;Total;2009;1424
12;Castellón/Castelló;12001 Atzeneta del Maestrat;Total;2008;1448
12;Castellón/Castelló;12001 Atzeneta del Maestrat;Total;2007;1462
12;Castellón/Castelló;12001 Atzeneta del Maestrat;Total;2006;1463
12;Castellón/Castelló;12001 Atzeneta del Maestrat;Total;2005;1457
12;Castellón/Castelló;12001 Atzeneta del Maestrat;Total;2004;1442
12;Castellón/Castelló;12001 Atzeneta del Maestrat;Total;2003;1417
12;Castellón/Castelló;12001 Atzeneta del Maestrat;Total;2002;1405
12;Castellón/Castelló;12001 Atzeneta del Maestrat;Total;2001;1415
12;Castellón/Castelló;12001 Atzeneta del Maestrat;Total;2000;1438
12;Castellón/Castelló;12001 Atzeneta del Maestrat;Total;1999;1465
12;Castellón/Castelló;12001 Atzeneta del Maestrat;Total;1998;1465
12;Castellón/Castelló;12001 Atzeneta del Maestrat;Total;1997;
12;Castellón/Castelló;12001 Atzeneta del Maestrat;Total;1996;1486
12;Castellón/Castelló;12001 Atzeneta del Maestrat;Hombres;2023;671
12;Castellón/Castelló;12001 Atzeneta del Maestrat;Hombres;2022;654
12;Castellón/Castelló;12001 Atzeneta del Maestrat;Hombres;2021;655
12;Castellón/Castelló;12001 Atzeneta del Maestrat;Hombres;2020;653
12;Castellón/Castelló;12001 Atzeneta del Maestrat;Hombres;2019;649
12;Castellón/Castelló;12001 Atzeneta del Maestrat;Hombres;2018;643
12;Castellón/Castelló;12001 Atzeneta del Maestrat;Hombres;2017;656
12;Castellón/Castelló;12001 Atzeneta del Maestrat;Hombres;2016;659
12;Castellón/Castelló;12001 Atzeneta del Maestrat;Hombres;2015;671
12;Castellón/Castelló;12001 Atzeneta del Maestrat;Hombres;2014;680
12;Castellón/Castelló;12001 Atzeneta del Maestrat;Hombres;2013;690
12;Castellón/Castelló;12001 Atzeneta del Maestrat;Hombres;2012;699
12;Castellón/Castelló;12001 Atzeneta del Maestrat;Hombres;2011;713
12;Castellón/Castelló;12001 Atzeneta del Maestrat;Hombres;2010;728
12;Castellón/Castelló;12001 Atzeneta del Maestrat;Hombres;2009;731
12;Castellón/Castelló;12001 Atzeneta del Maestrat;Hombres;2008;737
12;Castellón/Castelló;12001 Atzeneta del Maestrat;Hombres;2007;741
12;Castellón/Castelló;12001 Atzeneta del Maestrat;Hombres;2006;743
12;Castellón/Castelló;12001 Atzeneta del Maestrat;Hombres;2005;746
12;Castellón/Castelló;12001 Atzeneta del Maestrat;Hombres;2004;741
12;Castellón/Castelló;12001 Atzeneta del Maestrat;Hombres;2003;716
12;Castellón/Castelló;12001 Atzeneta del Maestrat;Hombres;2002;715
12;Castellón/Castelló;12001 Atzeneta del Maestrat;Hombres;2001;721
12;Castellón/Castelló;12001 Atzeneta del Maestrat;Hombres;2000;728
12;Castellón/Castelló;12001 Atzeneta del Maestrat;Hombres;1999;741
12;Castellón/Castelló;12001 Atzeneta del Maestrat;Hombres;1998;741
12;Castellón/Castelló;12001 Atzeneta del Maestrat;Hombres;1997;
12;Castellón/Castelló;12001 Atzeneta del Maestrat;Hombres;1996;753
12;Castellón/Castelló;12001 Atzeneta del Maestrat;Mujeres;2023;648
12;Castellón/Castelló;12001 Atzeneta del Maestrat;Mujeres;2022;633
12;Castellón/Castelló;12001 Atzeneta del Maestrat;Mujeres;2021;637
12;Castellón/Castelló;12001 Atzeneta del Maestrat;Mujeres;2020;651
12;Castellón/Castelló;12001 Atzeneta del Maestrat;Mujeres;2019;627
12;Castellón/Castelló;12001 Atzeneta del Maestrat;Mujeres;2018;628
12;Castellón/Castelló;12001 Atzeneta del Maestrat;Mujeres;2017;634
12;Castellón/Castelló;12001 Atzeneta del Maestrat;Mujeres;2016;627
12;Castellón/Castelló;12001 Atzeneta del Maestrat;Mujeres;2015;636
12;Castellón/Castelló;12001 Atzeneta del Maestrat;Mujeres;2014;641
12;Castellón/Castelló;12001 Atzeneta del Maestrat;Mujeres;2013;635
12;Castellón/Castelló;12001 Atzeneta del Maestrat;Mujeres;2012;643
12;Castellón/Castelló;12001 Atzeneta del Maestrat;Mujeres;2011;654
12;Castellón/Castelló;12001 Atzeneta del Maestrat;Mujeres;2010;681
12;Castellón/Castelló;12001 Atzeneta del Maestrat;Mujeres;2009;693
12;Castellón/Castelló;12001 Atzeneta del Maestrat;Mujeres;2008;711
12;Castellón/Castelló;12001 Atzeneta del Maestrat;Mujeres;2007;721
12;Castellón/Castelló;12001 Atzeneta del Maestrat;Mujeres;2006;720
12;Castellón/Castelló;12001 Atzeneta del Maestrat;Mujeres;2005;711
12;Castellón/Castelló;12001 Atzeneta del Maestrat;Mujeres;2004;701
12;Castellón/Castelló;12001 Atzeneta del Maestrat;Mujeres;2003;701
12;Castellón/Castelló;12001 Atzeneta del Maestrat;Mujeres;2002;690
12;Castellón/Castelló;12001 Atzeneta del Maestrat;Mujeres;2001;694
12;Castellón/Castelló;12001 Atzeneta del Maestrat;Mujeres;2000;710
12;Castellón/Castelló;12001 Atzeneta del Maestrat;Mujeres;1999;724
12;Castellón/Castelló;12001 Atzeneta del Maestrat;Mujeres;1998;724
12;Castellón/Castelló;12001 Atzeneta del Maestrat;Mujeres;1997;
12;Castellón/Castelló;12001 Atzeneta del Maestrat;Mujeres;1996;733
12;Castellón/Castelló;12017 Ayódar;Total;2023;178
12;Castellón/Castelló;12017 Ayódar;Total;2022;156
12;Castellón/Castelló;12017 Ayódar;Total;2021;158
12;Castellón/Castelló;12017 Ayódar;Total;2020;153
12;Castellón/Castelló;12017 Ayódar;Total;2019;159
12;Castellón/Castelló;12017 Ayódar;Total;2018;164
12;Castellón/Castelló;12017 Ayódar;Total;2017;165
12;Castellón/Castelló;12017 Ayódar;Total;2016;172
12;Castellón/Castelló;12017 Ayódar;Total;2015;175
12;Castellón/Castelló;12017 Ayódar;Total;2014;188
12;Castellón/Castelló;12017 Ayódar;Total;2013;197
12;Castellón/Castelló;12017 Ayódar;Total;2012;206
12;Castellón/Castelló;12017 Ayódar;Total;2011;212
12;Castellón/Castelló;12017 Ayódar;Total;2010;220
12;Castellón/Castelló;12017 Ayódar;Total;2009;234
12;Castellón/Castelló;12017 Ayódar;Total;2008;236
12;Castellón/Castelló;12017 Ayódar;Total;2007;231
12;Castellón/Castelló;12017 Ayódar;Total;2006;227
12;Castellón/Castelló;12017 Ayódar;Total;2005;228
12;Castellón/Castelló;12017 Ayódar;Total;2004;225
12;Castellón/Castelló;12017 Ayódar;Total;2003;220
12;Castellón/Castelló;12017 Ayódar;Total;2002;242
12;Castellón/Castelló;12017 Ayódar;Total;2001;241
12;Castellón/Castelló;12017 Ayódar;Total;2000;236
12;Castellón/Castelló;12017 Ayódar;Total;1999;256
12;Castellón/Castelló;12017 Ayódar;Total;1998;223
12;Castellón/Castelló;12017 Ayódar;Total;1997;
12;Castellón/Castelló;12017 Ayódar;Total;1996;221
12;Castellón/Castelló;12017 Ayódar;Hombres;2023;96
12;Castellón/Castelló;12017 Ayódar;Hombres;2022;89
12;Castellón/Castelló;12017 Ayódar;Hombres;2021;85
12;Castellón/Castelló;12017 Ayódar;Hombres;2020;82
12;Castellón/Castelló;12017 Ayódar;Hombres;2019;86
12;Castellón/Castelló;12017 Ayódar;Hombres;2018;88
12;Castellón/Castelló;12017 Ayódar;Hombres;2017;89
12;Castellón/Castelló;12017 Ayódar;Hombres;2016;94
12;Castellón/Castelló;12017 Ayódar;Hombres;2015;93
12;Castellón/Castelló;12017 Ayódar;Hombres;2014;101
12;Castellón/Castelló;12017 Ayódar;Hombres;2013;103
12;Castellón/Castelló;12017 Ayódar;Hombres;2012;106
12;Castellón/Castelló;12017 Ayódar;Hombres;2011;110
12;Castellón/Castelló;12017 Ayódar;Hombres;2010;112
12;Castellón/Castelló;12017 Ayódar;Hombres;2009;119
12;Castellón/Castelló;12017 Ayódar;Hombres;2008;123
12;Castellón/Castelló;12017 Ayódar;Hombres;2007;121
12;Castellón/Castelló;12017 Ayódar;Hombres;2006;126
12;Castellón/Castelló;12017 Ayódar;Hombres;2005;126
12;Castellón/Castelló;12017 Ayódar;Hombres;2004;125
12;Castellón/Castelló;12017 Ayódar;Hombres;2003;123
12;Castellón/Castelló;12017 Ayódar;Hombres;2002;137
12;Castellón/Castelló;12017 Ayódar;Hombres;2001;137
12;Castellón/Castelló;12017 Ayódar;Hombres;2000;133
12;Castellón/Castelló;12017 Ayódar;Hombres;1999;140
12;Castellón/Castelló;12017 Ayódar;Hombres;1998;122
12;Castellón/Castelló;12017 Ayódar;Hombres;1997;
12;Castellón/Castelló;12017 Ayódar;Hombres;1996;120
12;Castellón/Castelló;12017 Ayódar;Mujeres;2023;82
12;Castellón/Castelló;12017 Ayódar;Mujeres;2022;67
12;Castellón/Castelló;12017 Ayódar;Mujeres;2021;73
12;Castellón/Castelló;12017 Ayódar;Mujeres;2020;71
12;Castellón/Castelló;12017 Ayódar;Mujeres;2019;73
12;Castellón/Castelló;12017 Ayódar;Mujeres;2018;76
12;Castellón/Castelló;12017 Ayódar;Mujeres;2017;76
12;Castellón/Castelló;12017 Ayódar;Mujeres;2016;78
12;Castellón/Castelló;12017 Ayódar;Mujeres;2015;82
12;Castellón/Castelló;12017 Ayódar;Mujeres;2014;87
12;Castellón/Castelló;12017 Ayódar;Mujeres;2013;94
12;Castellón/Castelló;12017 Ayódar;Mujeres;2012;100
12;Castellón/Castelló;12017 Ayódar;Mujeres;2011;102
12;Castellón/Castelló;12017 Ayódar;Mujeres;2010;108
12;Castellón/Castelló;12017 Ayódar;Mujeres;2009;115
12;Castellón/Castelló;12017 Ayódar;Mujeres;2008;113
12;Castellón/Castelló;12017 Ayódar;Mujeres;2007;110
12;Castellón/Castelló;12017 Ayódar;Mujeres;2006;101
12;Castellón/Castelló;12017 Ayódar;Mujeres;2005;102
12;Castellón/Castelló;12017 Ayódar;Mujeres;2004;100
12;Castellón/Castelló;12017 Ayódar;Mujeres;2003;97
12;Castellón/Castelló;12017 Ayódar;Mujeres;2002;105
12;Castellón/Castelló;12017 Ayódar;Mujeres;2001;104
12;Castellón/Castelló;12017 Ayódar;Mujeres;2000;103
12;Castellón/Castelló;12017 Ayódar;Mujeres;1999;116
12;Castellón/Castelló;12017 Ayódar;Mujeres;1998;101
12;Castellón/Castelló;12017 Ayódar;Mujeres;1997;
12;Castellón/Castelló;12017 Ayódar;Mujeres;1996;101
12;Castellón/Castelló;12018 Azuébar;Total;2023;336
12;Castellón/Castelló;12018 Azuébar;Total;2022;318
12;Castellón/Castelló;12018 Azuébar;Total;2021;319
12;Castellón/Castelló;12018 Azuébar;Total;2020;310
12;Castellón/Castelló;12018 Azuébar;Total;2019;315
12;Castellón/Castelló;12018 Azuébar;Total;2018;324
12;Castellón/Castelló;12018 Azuébar;Total;2017;324
12;Castellón/Castelló;12018 Azuébar;Total;2016;322
12;Castellón/Castelló;12018 Azuébar;Total;2015;325
12;Castellón/Castelló;12018 Azuébar;Total;2014;323
12;Castellón/Castelló;12018 Azuébar;Total;2013;336
12;Castellón/Castelló;12018 Azuébar;Total;2012;359
12;Castellón/Castelló;12018 Azuébar;Total;2011;376
12;Castellón/Castelló;12018 Azuébar;Total;2010;345
12;Castellón/Castelló;12018 Azuébar;Total;2009;336
12;Castellón/Castelló;12018 Azuébar;Total;2008;343
12;Castellón/Castelló;12018 Azuébar;Total;2007;355
12;Castellón/Castelló;12018 Azuébar;Total;2006;342
12;Castellón/Castelló;12018 Azuébar;Total;2005;366
12;Castellón/Castelló;12018 Azuébar;Total;2004;348
12;Castellón/Castelló;12018 Azuébar;Total;2003;337
12;Castellón/Castelló;12018 Azuébar;Total;2002;341
12;Castellón/Castelló;12018 Azuébar;Total;2001;340
12;Castellón/Castelló;12018 Azuébar;Total;2000;347
12;Castellón/Castelló;12018 Azuébar;Total;1999;347
12;Castellón/Castelló;12018 Azuébar;Total;1998;351
12;Castellón/Castelló;12018 Azuébar;Total;1997;
12;Castellón/Castelló;12018 Azuébar;Total;1996;375
12;Castellón/Castelló;12018 Azuébar;Hombres;2023;183
12;Castellón/Castelló;12018 Azuébar;Hombres;2022;174
12;Castellón/Castelló;12018 Azuébar;Hombres;2021;172
12;Castellón/Castelló;12018 Azuébar;Hombres;2020;164
12;Castellón/Castelló;12018 Azuébar;Hombres;2019;165
12;Castellón/Castelló;12018 Azuébar;Hombres;2018;172
12;Castellón/Castelló;12018 Azuébar;Hombres;2017;175
12;Castellón/Castelló;12018 Azuébar;Hombres;2016;169
12;Castellón/Castelló;12018 Azuébar;Hombres;2015;170
12;Castellón/Castelló;12018 Azuébar;Hombres;2014;168
12;Castellón/Castelló;12018 Azuébar;Hombres;2013;173
12;Castellón/Castelló;12018 Azuébar;Hombres;2012;184
12;Castellón/Castelló;12018 Azuébar;Hombres;2011;191
12;Castellón/Castelló;12018 Azuébar;Hombres;2010;179
12;Castellón/Castelló;12018 Azuébar;Hombres;2009;170
12;Castellón/Castelló;12018 Azuébar;Hombres;2008;171
12;Castellón/Castelló;12018 Azuébar;Hombres;2007;172
12;Castellón/Castelló;12018 Azuébar;Hombres;2006;168
12;Castellón/Castelló;12018 Azuébar;Hombres;2005;181
12;Castellón/Castelló;12018 Azuébar;Hombres;2004;176
12;Castellón/Castelló;12018 Azuébar;Hombres;2003;170
12;Castellón/Castelló;12018 Azuébar;Hombres;2002;166
12;Castellón/Castelló;12018 Azuébar;Hombres;2001;168
12;Castellón/Castelló;12018 Azuébar;Hombres;2000;171
12;Castellón/Castelló;12018 Azuébar;Hombres;1999;171
12;Castellón/Castelló;12018 Azuébar;Hombres;1998;173
12;Castellón/Castelló;12018 Azuébar;Hombres;1997;
12;Castellón/Castelló;12018 Azuébar;Hombres;1996;190
12;Castellón/Castelló;12018 Azuébar;Mujeres;2023;153
12;Castellón/Castelló;12018 Azuébar;Mujeres;2022;144
12;Castellón/Castelló;12018 Azuébar;Mujeres;2021;147
12;Castellón/Castelló;12018 Azuébar;Mujeres;2020;146
12;Castellón/Castelló;12018 Azuébar;Mujeres;2019;150
12;Castellón/Castelló;12018 Azuébar;Mujeres;2018;152
12;Castellón/Castelló;12018 Azuébar;Mujeres;2017;149
12;Castellón/Castelló;12018 Azuébar;Mujeres;2016;153
12;Castellón/Castelló;12018 Azuébar;Mujeres;2015;155
12;Castellón/Castelló;12018 Azuébar;Mujeres;2014;155
12;Castellón/Castelló;12018 Azuébar;Mujeres;2013;163
12;Castellón/Castelló;12018 Azuébar;Mujeres;2012;175
12;Castellón/Castelló;12018 Azuébar;Mujeres;2011;185
12;Castellón/Castelló;12018 Azuébar;Mujeres;2010;166
12;Castellón/Castelló;12018 Azuébar;Mujeres;2009;166
12;Castellón/Castelló;12018 Azuébar;Mujeres;2008;172
12;Castellón/Castelló;12018 Azuébar;Mujeres;2007;183
12;Castellón/Castelló;12018 Azuébar;Mujeres;2006;174
12;Castellón/Castelló;12018 Azuébar;Mujeres;2005;185
12;Castellón/Castelló;12018 Azuébar;Mujeres;2004;172
12;Castellón/Castelló;12018 Azuébar;Mujeres;2003;167
12;Castellón/Castelló;12018 Azuébar;Mujeres;2002;175
12;Castellón/Castelló;12018 Azuébar;Mujeres;2001;172
12;Castellón/Castelló;12018 Azuébar;Mujeres;2000;176
12;Castellón/Castelló;12018 Azuébar;Mujeres;1999;176
12;Castellón/Castelló;12018 Azuébar;Mujeres;1998;178
12;Castellón/Castelló;12018 Azuébar;Mujeres;1997;
12;Castellón/Castelló;12018 Azuébar;Mujeres;1996;185
12;Castellón/Castelló;12002 Aín;Total;2023;130
12;Castellón/Castelló;12002 Aín;Total;2022;136
12;Castellón/Castelló;12002 Aín;Total;2021;135
12;Castellón/Castelló;12002 Aín;Total;2020;123
12;Castellón/Castelló;12002 Aín;Total;2019;127
12;Castellón/Castelló;12002 Aín;Total;2018;125
12;Castellón/Castelló;12002 Aín;Total;2017;129
12;Castellón/Castelló;12002 Aín;Total;2016;122
12;Castellón/Castelló;12002 Aín;Total;2015;131
12;Castellón/Castelló;12002 Aín;Total;2014;129
12;Castellón/Castelló;12002 Aín;Total;2013;132
12;Castellón/Castelló;12002 Aín;Total;2012;140
12;Castellón/Castelló;12002 Aín;Total;2011;141
12;Castellón/Castelló;12002 Aín;Total;2010;140
12;Castellón/Castelló;12002 Aín;Total;2009;141
12;Castellón/Castelló;12002 Aín;Total;2008;145
12;Castellón/Castelló;12002 Aín;Total;2007;149
12;Castellón/Castelló;12002 Aín;Total;2006;145
12;Castellón/Castelló;12002 Aín;Total;2005;149
12;Castellón/Castelló;12002 Aín;Total;2004;153
12;Castellón/Castelló;12002 Aín;Total;2003;154
12;Castellón/Castelló;12002 Aín;Total;2002;156
12;Castellón/Castelló;12002 Aín;Total;2001;166
12;Castellón/Castelló;12002 Aín;Total;2000;167
12;Castellón/Castelló;12002 Aín;Total;1999;156
12;Castellón/Castelló;12002 Aín;Total;1998;155
12;Castellón/Castelló;12002 Aín;Total;1997;
12;Castellón/Castelló;12002 Aín;Total;1996;130
12;Castellón/Castelló;12002 Aín;Hombres;2023;71
12;Castellón/Castelló;12002 Aín;Hombres;2022;72
12;Castellón/Castelló;12002 Aín;Hombres;2021;71
12;Castellón/Castelló;12002 Aín;Hombres;2020;64
12;Castellón/Castelló;12002 Aín;Hombres;2019;64
12;Castellón/Castelló;12002 Aín;Hombres;2018;66
12;Castellón/Castelló;12002 Aín;Hombres;2017;69
12;Castellón/Castelló;12002 Aín;Hombres;2016;66
12;Castellón/Castelló;12002 Aín;Hombres;2015;71
12;Castellón/Castelló;12002 Aín;Hombres;2014;69
12;Castellón/Castelló;12002 Aín;Hombres;2013;68
12;Castellón/Castelló;12002 Aín;Hombres;2012;69
12;Castellón/Castelló;12002 Aín;Hombres;2011;72
12;Castellón/Castelló;12002 Aín;Hombres;2010;70
12;Castellón/Castelló;12002 Aín;Hombres;2009;72
12;Castellón/Castelló;12002 Aín;Hombres;2008;73
12;Castellón/Castelló;12002 Aín;Hombres;2007;76
12;Castellón/Castelló;12002 Aín;Hombres;2006;71
12;Castellón/Castelló;12002 Aín;Hombres;2005;76
12;Castellón/Castelló;12002 Aín;Hombres;2004;78
12;Castellón/Castelló;12002 Aín;Hombres;2003;79
12;Castellón/Castelló;12002 Aín;Hombres;2002;78
12;Castellón/Castelló;12002 Aín;Hombres;2001;82
12;Castellón/Castelló;12002 Aín;Hombres;2000;82
12;Castellón/Castelló;12002 Aín;Hombres;1999;77
12;Castellón/Castelló;12002 Aín;Hombres;1998;79
12;Castellón/Castelló;12002 Aín;Hombres;1997;
12;Castellón/Castelló;12002 Aín;Hombres;1996;68
12;Castellón/Castelló;12002 Aín;Mujeres;2023;59
12;Castellón/Castelló;12002 Aín;Mujeres;2022;64
12;Castellón/Castelló;12002 Aín;Mujeres;2021;64
12;Castellón/Castelló;12002 Aín;Mujeres;2020;59
12;Castellón/Castelló;12002 Aín;Mujeres;2019;63
12;Castellón/Castelló;12002 Aín;Mujeres;2018;59
12;Castellón/Castelló;12002 Aín;Mujeres;2017;60
12;Castellón/Castelló;12002 Aín;Mujeres;2016;56
12;Castellón/Castelló;12002 Aín;Mujeres;2015;60
12;Castellón/Castelló;12002 Aín;Mujeres;2014;60
12;Castellón/Castelló;12002 Aín;Mujeres;2013;64
12;Castellón/Castelló;12002 Aín;Mujeres;2012;71
12;Castellón/Castelló;12002 Aín;Mujeres;2011;69
12;Castellón/Castelló;12002 Aín;Mujeres;2010;70
12;Castellón/Castelló;12002 Aín;Mujeres;2009;69
12;Castellón/Castelló;12002 Aín;Mujeres;2008;72
12;Castellón/Castelló;12002 Aín;Mujeres;2007;73
12;Castellón/Castelló;12002 Aín;Mujeres;2006;74
12;Castellón/Castelló;12002 Aín;Mujeres;2005;73
12;Castellón/Castelló;12002 Aín;Mujeres;2004;75
12;Castellón/Castelló;12002 Aín;Mujeres;2003;75
12;Castellón/Castelló;12002 Aín;Mujeres;2002;78
12;Castellón/Castelló;12002 Aín;Mujeres;2001;84
12;Castellón/Castelló;12002 Aín;Mujeres;2000;85
12;Castellón/Castelló;12002 Aín;Mujeres;1999;79
12;Castellón/Castelló;12002 Aín;Mujeres;1998;76
12;Castellón/Castelló;12002 Aín;Mujeres;1997;
12;Castellón/Castelló;12002 Aín;Mujeres;1996;62
12;Castellón/Castelló;12020 Barracas;Total;2023;198
12;Castellón/Castelló;12020 Barracas;Total;2022;185
12;Castellón/Castelló;12020 Barracas;Total;2021;185
12;Castellón/Castelló;12020 Barracas;Total;2020;168
12;Castellón/Castelló;12020 Barracas;Total;2019;162
12;Castellón/Castelló;12020 Barracas;Total;2018;169
12;Castellón/Castelló;12020 Barracas;Total;2017;165
12;Castellón/Castelló;12020 Barracas;Total;2016;179
12;Castellón/Castelló;12020 Barracas;Total;2015;181
12;Castellón/Castelló;12020 Barracas;Total;2014;194
12;Castellón/Castelló;12020 Barracas;Total;2013;193
12;Castellón/Castelló;12020 Barracas;Total;2012;201
12;Castellón/Castelló;12020 Barracas;Total;2011;198
12;Castellón/Castelló;12020 Barracas;Total;2010;190
12;Castellón/Castelló;12020 Barracas;Total;2009;184
12;Castellón/Castelló;12020 Barracas;Total;2008;179
12;Castellón/Castelló;12020 Barracas;Total;2007;186
12;Castellón/Castelló;12020 Barracas;Total;2006;192
12;Castellón/Castelló;12020 Barracas;Total;2005;195
12;Castellón/Castelló;12020 Barracas;Total;2004;183
12;Castellón/Castelló;12020 Barracas;Total;2003;186
12;Castellón/Castelló;12020 Barracas;Total;2002;172
12;Castellón/Castelló;12020 Barracas;Total;2001;164
12;Castellón/Castelló;12020 Barracas;Total;2000;159
12;Castellón/Castelló;12020 Barracas;Total;1999;160
12;Castellón/Castelló;12020 Barracas;Total;1998;166
12;Castellón/Castelló;12020 Barracas;Total;1997;
12;Castellón/Castelló;12020 Barracas;Total;1996;171
12;Castellón/Castelló;12020 Barracas;Hombres;2023;103
12;Castellón/Castelló;12020 Barracas;Hombres;2022;98
12;Castellón/Castelló;12020 Barracas;Hombres;2021;101
12;Castellón/Castelló;12020 Barracas;Hombres;2020;100
12;Castellón/Castelló;12020 Barracas;Hombres;2019;93
12;Castellón/Castelló;12020 Barracas;Hombres;2018;93
12;Castellón/Castelló;12020 Barracas;Hombres;2017;88
12;Castellón/Castelló;12020 Barracas;Hombres;2016;96
12;Castellón/Castelló;12020 Barracas;Hombres;2015;99
12;Castellón/Castelló;12020 Barracas;Hombres;2014;105
12;Castellón/Castelló;12020 Barracas;Hombres;2013;105
12;Castellón/Castelló;12020 Barracas;Hombres;2012;109
12;Castellón/Castelló;12020 Barracas;Hombres;2011;102
12;Castellón/Castelló;12020 Barracas;Hombres;2010;101
12;Castellón/Castelló;12020 Barracas;Hombres;2009;95
12;Castellón/Castelló;12020 Barracas;Hombres;2008;96
12;Castellón/Castelló;12020 Barracas;Hombres;2007;100
12;Castellón/Castelló;12020 Barracas;Hombres;2006;100
12;Castellón/Castelló;12020 Barracas;Hombres;2005;102
12;Castellón/Castelló;12020 Barracas;Hombres;2004;101
12;Castellón/Castelló;12020 Barracas;Hombres;2003;102
12;Castellón/Castelló;12020 Barracas;Hombres;2002;92
12;Castellón/Castelló;12020 Barracas;Hombres;2001;87
12;Castellón/Castelló;12020 Barracas;Hombres;2000;85
12;Castellón/Castelló;12020 Barracas;Hombres;1999;87
12;Castellón/Castelló;12020 Barracas;Hombres;1998;91
12;Castellón/Castelló;12020 Barracas;Hombres;1997;
12;Castellón/Castelló;12020 Barracas;Hombres;1996;96
12;Castellón/Castelló;12020 Barracas;Mujeres;2023;95
12;Castellón/Castelló;12020 Barracas;Mujeres;2022;87
12;Castellón/Castelló;12020 Barracas;Mujeres;2021;84
12;Castellón/Castelló;12020 Barracas;Mujeres;2020;68
12;Castellón/Castelló;12020 Barracas;Mujeres;2019;69
12;Castellón/Castelló;12020 Barracas;Mujeres;2018;76
12;Castellón/Castelló;12020 Barracas;Mujeres;2017;77
12;Castellón/Castelló;12020 Barracas;Mujeres;2016;83
12;Castellón/Castelló;12020 Barracas;Mujeres;2015;82
12;Castellón/Castelló;12020 Barracas;Mujeres;2014;89
12;Castellón/Castelló;12020 Barracas;Mujeres;2013;88
12;Castellón/Castelló;12020 Barracas;Mujeres;2012;92
12;Castellón/Castelló;12020 Barracas;Mujeres;2011;96
12;Castellón/Castelló;12020 Barracas;Mujeres;2010;89
12;Castellón/Castelló;12020 Barracas;Mujeres;2009;89
12;Castellón/Castelló;12020 Barracas;Mujeres;2008;83
12;Castellón/Castelló;12020 Barracas;Mujeres;2007;86
12;Castellón/Castelló;12020 Barracas;Mujeres;2006;92
12;Castellón/Castelló;12020 Barracas;Mujeres;2005;93
12;Castellón/Castelló;12020 Barracas;Mujeres;2004;82
12;Castellón/Castelló;12020 Barracas;Mujeres;2003;84
12;Castellón/Castelló;12020 Barracas;Mujeres;2002;80
12;Castellón/Castelló;12020 Barracas;Mujeres;2001;77
12;Castellón/Castelló;12020 Barracas;Mujeres;2000;74
12;Castellón/Castelló;12020 Barracas;Mujeres;1999;73
12;Castellón/Castelló;12020 Barracas;Mujeres;1998;75
12;Castellón/Castelló;12020 Barracas;Mujeres;1997;
12;Castellón/Castelló;12020 Barracas;Mujeres;1996;75
12;Castellón/Castelló;12022 Bejís;Total;2023;409
12;Castellón/Castelló;12022 Bejís;Total;2022;393
12;Castellón/Castelló;12022 Bejís;Total;2021;390
12;Castellón/Castelló;12022 Bejís;Total;2020;371
12;Castellón/Castelló;12022 Bejís;Total;2019;380
12;Castellón/Castelló;12022 Bejís;Total;2018;373
12;Castellón/Castelló;12022 Bejís;Total;2017;378
12;Castellón/Castelló;12022 Bejís;Total;2016;404
12;Castellón/Castelló;12022 Bejís;Total;2015;399
12;Castellón/Castelló;12022 Bejís;Total;2014;406
12;Castellón/Castelló;12022 Bejís;Total;2013;429
12;Castellón/Castelló;12022 Bejís;Total;2012;415
12;Castellón/Castelló;12022 Bejís;Total;2011;423
12;Castellón/Castelló;12022 Bejís;Total;2010;426
12;Castellón/Castelló;12022 Bejís;Total;2009;427
12;Castellón/Castelló;12022 Bejís;Total;2008;452
12;Castellón/Castelló;12022 Bejís;Total;2007;428
12;Castellón/Castelló;12022 Bejís;Total;2006;421
12;Castellón/Castelló;12022 Bejís;Total;2005;413
12;Castellón/Castelló;12022 Bejís;Total;2004;381
12;Castellón/Castelló;12022 Bejís;Total;2003;371
12;Castellón/Castelló;12022 Bejís;Total;2002;377
12;Castellón/Castelló;12022 Bejís;Total;2001;381
12;Castellón/Castelló;12022 Bejís;Total;2000;383
12;Castellón/Castelló;12022 Bejís;Total;1999;383
12;Castellón/Castelló;12022 Bejís;Total;1998;362
12;Castellón/Castelló;12022 Bejís;Total;1997;
12;Castellón/Castelló;12022 Bejís;Total;1996;368
12;Castellón/Castelló;12022 Bejís;Hombres;2023;241
12;Castellón/Castelló;12022 Bejís;Hombres;2022;223
12;Castellón/Castelló;12022 Bejís;Hombres;2021;218
12;Castellón/Castelló;12022 Bejís;Hombres;2020;210
12;Castellón/Castelló;12022 Bejís;Hombres;2019;215
12;Castellón/Castelló;12022 Bejís;Hombres;2018;214
12;Castellón/Castelló;12022 Bejís;Hombres;2017;218
12;Castellón/Castelló;12022 Bejís;Hombres;2016;231
12;Castellón/Castelló;12022 Bejís;Hombres;2015;228
12;Castellón/Castelló;12022 Bejís;Hombres;2014;232
12;Castellón/Castelló;12022 Bejís;Hombres;2013;249
12;Castellón/Castelló;12022 Bejís;Hombres;2012;238
12;Castellón/Castelló;12022 Bejís;Hombres;2011;242
12;Castellón/Castelló;12022 Bejís;Hombres;2010;247
12;Castellón/Castelló;12022 Bejís;Hombres;2009;250
12;Castellón/Castelló;12022 Bejís;Hombres;2008;255
12;Castellón/Castelló;12022 Bejís;Hombres;2007;244
12;Castellón/Castelló;12022 Bejís;Hombres;2006;235
12;Castellón/Castelló;12022 Bejís;Hombres;2005;232
12;Castellón/Castelló;12022 Bejís;Hombres;2004;216
12;Castellón/Castelló;12022 Bejís;Hombres;2003;210
12;Castellón/Castelló;12022 Bejís;Hombres;2002;219
12;Castellón/Castelló;12022 Bejís;Hombres;2001;216
12;Castellón/Castelló;12022 Bejís;Hombres;2000;218
12;Castellón/Castelló;12022 Bejís;Hombres;1999;211
12;Castellón/Castelló;12022 Bejís;Hombres;1998;201
12;Castellón/Castelló;12022 Bejís;Hombres;1997;
12;Castellón/Castelló;12022 Bejís;Hombres;1996;203
12;Castellón/Castelló;12022 Bejís;Mujeres;2023;168
12;Castellón/Castelló;12022 Bejís;Mujeres;2022;170
12;Castellón/Castelló;12022 Bejís;Mujeres;2021;172
12;Castellón/Castelló;12022 Bejís;Mujeres;2020;161
12;Castellón/Castelló;12022 Bejís;Mujeres;2019;165
12;Castellón/Castelló;12022 Bejís;Mujeres;2018;159
12;Castellón/Castelló;12022 Bejís;Mujeres;2017;160
12;Castellón/Castelló;12022 Bejís;Mujeres;2016;173
12;Castellón/Castelló;12022 Bejís;Mujeres;2015;171
12;Castellón/Castelló;12022 Bejís;Mujeres;2014;174
12;Castellón/Castelló;12022 Bejís;Mujeres;2013;180
12;Castellón/Castelló;12022 Bejís;Mujeres;2012;177
12;Castellón/Castelló;12022 Bejís;Mujeres;2011;181
12;Castellón/Castelló;12022 Bejís;Mujeres;2010;179
12;Castellón/Castelló;12022 Bejís;Mujeres;2009;177
12;Castellón/Castelló;12022 Bejís;Mujeres;2008;197
12;Castellón/Castelló;12022 Bejís;Mujeres;2007;184
12;Castellón/Castelló;12022 Bejís;Mujeres;2006;186
12;Castellón/Castelló;12022 Bejís;Mujeres;2005;181
12;Castellón/Castelló;12022 Bejís;Mujeres;2004;165
12;Castellón/Castelló;12022 Bejís;Mujeres;2003;161
12;Castellón/Castelló;12022 Bejís;Mujeres;2002;158
12;Castellón/Castelló;12022 Bejís;Mujeres;2001;165
12;Castellón/Castelló;12022 Bejís;Mujeres;2000;165
12;Castellón/Castelló;12022 Bejís;Mujeres;1999;172
12;Castellón/Castelló;12022 Bejís;Mujeres;1998;161
12;Castellón/Castelló;12022 Bejís;Mujeres;1997;
12;Castellón/Castelló;12022 Bejís;Mujeres;1996;165
12;Castellón/Castelló;12024 Benafer;Total;2023;164
12;Castellón/Castelló;12024 Benafer;Total;2022;171
12;Castellón/Castelló;12024 Benafer;Total;2021;173
12;Castellón/Castelló;12024 Benafer;Total;2020;164
12;Castellón/Castelló;12024 Benafer;Total;2019;152
12;Castellón/Castelló;12024 Benafer;Total;2018;156
12;Castellón/Castelló;12024 Benafer;Total;2017;159
12;Castellón/Castelló;12024 Benafer;Total;2016;164
12;Castellón/Castelló;12024 Benafer;Total;2015;170
12;Castellón/Castelló;12024 Benafer;Total;2014;171
12;Castellón/Castelló;12024 Benafer;Total;2013;169
12;Castellón/Castelló;12024 Benafer;Total;2012;173
12;Castellón/Castelló;12024 Benafer;Total;2011;177
12;Castellón/Castelló;12024 Benafer;Total;2010;179
12;Castellón/Castelló;12024 Benafer;Total;2009;180
12;Castellón/Castelló;12024 Benafer;Total;2008;179
12;Castellón/Castelló;12024 Benafer;Total;2007;168
12;Castellón/Castelló;12024 Benafer;Total;2006;167
12;Castellón/Castelló;12024 Benafer;Total;2005;148
12;Castellón/Castelló;12024 Benafer;Total;2004;145
12;Castellón/Castelló;12024 Benafer;Total;2003;144
12;Castellón/Castelló;12024 Benafer;Total;2002;142
12;Castellón/Castelló;12024 Benafer;Total;2001;145
12;Castellón/Castelló;12024 Benafer;Total;2000;151
12;Castellón/Castelló;12024 Benafer;Total;1999;150
12;Castellón/Castelló;12024 Benafer;Total;1998;148
12;Castellón/Castelló;12024 Benafer;Total;1997;
12;Castellón/Castelló;12024 Benafer;Total;1996;153
12;Castellón/Castelló;12024 Benafer;Hombres;2023;82
12;Castellón/Castelló;12024 Benafer;Hombres;2022;89
12;Castellón/Castelló;12024 Benafer;Hombres;2021;94
12;Castellón/Castelló;12024 Benafer;Hombres;2020;87
12;Castellón/Castelló;12024 Benafer;Hombres;2019;81
12;Castellón/Castelló;12024 Benafer;Hombres;2018;82
12;Castellón/Castelló;12024 Benafer;Hombres;2017;84
12;Castellón/Castelló;12024 Benafer;Hombres;2016;87
12;Castellón/Castelló;12024 Benafer;Hombres;2015;88
12;Castellón/Castelló;12024 Benafer;Hombres;2014;90
12;Castellón/Castelló;12024 Benafer;Hombres;2013;87
12;Castellón/Castelló;12024 Benafer;Hombres;2012;94
12;Castellón/Castelló;12024 Benafer;Hombres;2011;97
12;Castellón/Castelló;12024 Benafer;Hombres;2010;94
12;Castellón/Castelló;12024 Benafer;Hombres;2009;95
12;Castellón/Castelló;12024 Benafer;Hombres;2008;95
12;Castellón/Castelló;12024 Benafer;Hombres;2007;85
12;Castellón/Castelló;12024 Benafer;Hombres;2006;86
12;Castellón/Castelló;12024 Benafer;Hombres;2005;79
12;Castellón/Castelló;12024 Benafer;Hombres;2004;76
12;Castellón/Castelló;12024 Benafer;Hombres;2003;78
12;Castellón/Castelló;12024 Benafer;Hombres;2002;77
12;Castellón/Castelló;12024 Benafer;Hombres;2001;79
12;Castellón/Castelló;12024 Benafer;Hombres;2000;83
12;Castellón/Castelló;12024 Benafer;Hombres;1999;81
12;Castellón/Castelló;12024 Benafer;Hombres;1998;81
12;Castellón/Castelló;12024 Benafer;Hombres;1997;
12;Castellón/Castelló;12024 Benafer;Hombres;1996;83
12;Castellón/Castelló;12024 Benafer;Mujeres;2023;82
12;Castellón/Castelló;12024 Benafer;Mujeres;2022;82
12;Castellón/Castelló;12024 Benafer;Mujeres;2021;79
12;Castellón/Castelló;12024 Benafer;Mujeres;2020;77
12;Castellón/Castelló;12024 Benafer;Mujeres;2019;71
12;Castellón/Castelló;12024 Benafer;Mujeres;2018;74
12;Castellón/Castelló;12024 Benafer;Mujeres;2017;75
12;Castellón/Castelló;12024 Benafer;Mujeres;2016;77
12;Castellón/Castelló;12024 Benafer;Mujeres;2015;82
12;Castellón/Castelló;12024 Benafer;Mujeres;2014;81
12;Castellón/Castelló;12024 Benafer;Mujeres;2013;82
12;Castellón/Castelló;12024 Benafer;Mujeres;2012;79
12;Castellón/Castelló;12024 Benafer;Mujeres;2011;80
12;Castellón/Castelló;12024 Benafer;Mujeres;2010;85
12;Castellón/Castelló;12024 Benafer;Mujeres;2009;85
12;Castellón/Castelló;12024 Benafer;Mujeres;2008;84
12;Castellón/Castelló;12024 Benafer;Mujeres;2007;83
12;Castellón/Castelló;12024 Benafer;Mujeres;2006;81
12;Castellón/Castelló;12024 Benafer;Mujeres;2005;69
12;Castellón/Castelló;12024 Benafer;Mujeres;2004;69
12;Castellón/Castelló;12024 Benafer;Mujeres;2003;66
12;Castellón/Castelló;12024 Benafer;Mujeres;2002;65
12;Castellón/Castelló;12024 Benafer;Mujeres;2001;66
12;Castellón/Castelló;12024 Benafer;Mujeres;2000;68
12;Castellón/Castelló;12024 Benafer;Mujeres;1999;69
12;Castellón/Castelló;12024 Benafer;Mujeres;1998;67
12;Castellón/Castelló;12024 Benafer;Mujeres;1997;
12;Castellón/Castelló;12024 Benafer;Mujeres;1996;70
12;Castellón/Castelló;12025 Benafigos;Total;2023;135
12;Castellón/Castelló;12025 Benafigos;Total;2022;136
12;Castellón/Castelló;12025 Benafigos;Total;2021;145
12;Castellón/Castelló;12025 Benafigos;Total;2020;138
12;Castellón/Castelló;12025 Benafigos;Total;2019;142
12;Castellón/Castelló;12025 Benafigos;Total;2018;149
12;Castellón/Castelló;12025 Benafigos;Total;2017;148
12;Castellón/Castelló;12025 Benafigos;Total;2016;160
12;Castellón/Castelló;12025 Benafigos;Total;2015;156
12;Castellón/Castelló;12025 Benafigos;Total;2014;156
12;Castellón/Castelló;12025 Benafigos;Total;2013;161
12;Castellón/Castelló;12025 Benafigos;Total;2012;165
12;Castellón/Castelló;12025 Benafigos;Total;2011;161
12;Castellón/Castelló;12025 Benafigos;Total;2010;158
12;Castellón/Castelló;12025 Benafigos;Total;2009;169
12;Castellón/Castelló;12025 Benafigos;Total;2008;171
12;Castellón/Castelló;12025 Benafigos;Total;2007;178
12;Castellón/Castelló;12025 Benafigos;Total;2006;190
12;Castellón/Castelló;12025 Benafigos;Total;2005;195
12;Castellón/Castelló;12025 Benafigos;Total;2004;186
12;Castellón/Castelló;12025 Benafigos;Total;2003;193
12;Castellón/Castelló;12025 Benafigos;Total;2002;194
12;Castellón/Castelló;12025 Benafigos;Total;2001;202
12;Castellón/Castelló;12025 Benafigos;Total;2000;206
12;Castellón/Castelló;12025 Benafigos;Total;1999;209
12;Castellón/Castelló;12025 Benafigos;Total;1998;218
12;Castellón/Castelló;12025 Benafigos;Total;1997;
12;Castellón/Castelló;12025 Benafigos;Total;1996;238
12;Castellón/Castelló;12025 Benafigos;Hombres;2023;78
12;Castellón/Castelló;12025 Benafigos;Hombres;2022;81
12;Castellón/Castelló;12025 Benafigos;Hombres;2021;84
12;Castellón/Castelló;12025 Benafigos;Hombres;2020;82
12;Castellón/Castelló;12025 Benafigos;Hombres;2019;80
12;Castellón/Castelló;12025 Benafigos;Hombres;2018;84
12;Castellón/Castelló;12025 Benafigos;Hombres;2017;84
12;Castellón/Castelló;12025 Benafigos;Hombres;2016;90
12;Castellón/Castelló;12025 Benafigos;Hombres;2015;89
12;Castellón/Castelló;12025 Benafigos;Hombres;2014;88
12;Castellón/Castelló;12025 Benafigos;Hombres;2013;90
12;Castellón/Castelló;12025 Benafigos;Hombres;2012;89
12;Castellón/Castelló;12025 Benafigos;Hombres;2011;91
12;Castellón/Castelló;12025 Benafigos;Hombres;2010;88
12;Castellón/Castelló;12025 Benafigos;Hombres;2009;93
12;Castellón/Castelló;12025 Benafigos;Hombres;2008;94
12;Castellón/Castelló;12025 Benafigos;Hombres;2007;99
12;Castellón/Castelló;12025 Benafigos;Hombres;2006;105
12;Castellón/Castelló;12025 Benafigos;Hombres;2005;108
12;Castellón/Castelló;12025 Benafigos;Hombres;2004;99
12;Castellón/Castelló;12025 Benafigos;Hombres;2003;102
12;Castellón/Castelló;12025 Benafigos;Hombres;2002;103
12;Castellón/Castelló;12025 Benafigos;Hombres;2001;106
12;Castellón/Castelló;12025 Benafigos;Hombres;2000;109
12;Castellón/Castelló;12025 Benafigos;Hombres;1999;112
12;Castellón/Castelló;12025 Benafigos;Hombres;1998;119
12;Castellón/Castelló;12025 Benafigos;Hombres;1997;
12;Castellón/Castelló;12025 Benafigos;Hombres;1996;127
12;Castellón/Castelló;12025 Benafigos;Mujeres;2023;57
12;Castellón/Castelló;12025 Benafigos;Mujeres;2022;55
12;Castellón/Castelló;12025 Benafigos;Mujeres;2021;61
12;Castellón/Castelló;12025 Benafigos;Mujeres;2020;56
12;Castellón/Castelló;12025 Benafigos;Mujeres;2019;62
12;Castellón/Castelló;12025 Benafigos;Mujeres;2018;65
12;Castellón/Castelló;12025 Benafigos;Mujeres;2017;64
12;Castellón/Castelló;12025 Benafigos;Mujeres;2016;70
12;Castellón/Castelló;12025 Benafigos;Mujeres;2015;67
12;Castellón/Castelló;12025 Benafigos;Mujeres;2014;68
12;Castellón/Castelló;12025 Benafigos;Mujeres;2013;71
12;Castellón/Castelló;12025 Benafigos;Mujeres;2012;76
12;Castellón/Castelló;12025 Benafigos;Mujeres;2011;70
12;Castellón/Castelló;12025 Benafigos;Mujeres;2010;70
12;Castellón/Castelló;12025 Benafigos;Mujeres;2009;76
12;Castellón/Castelló;12025 Benafigos;Mujeres;2008;77
12;Castellón/Castelló;12025 Benafigos;Mujeres;2007;79
12;Castellón/Castelló;12025 Benafigos;Mujeres;2006;85
12;Castellón/Castelló;12025 Benafigos;Mujeres;2005;87
12;Castellón/Castelló;12025 Benafigos;Mujeres;2004;87
12;Castellón/Castelló;12025 Benafigos;Mujeres;2003;91
12;Castellón/Castelló;12025 Benafigos;Mujeres;2002;91
12;Castellón/Castelló;12025 Benafigos;Mujeres;2001;96
12;Castellón/Castelló;12025 Benafigos;Mujeres;2000;97
12;Castellón/Castelló;12025 Benafigos;Mujeres;1999;97
12;Castellón/Castelló;12025 Benafigos;Mujeres;1998;99
12;Castellón/Castelló;12025 Benafigos;Mujeres;1997;
12;Castellón/Castelló;12025 Benafigos;Mujeres;1996;111
12;Castellón/Castelló;12026 Benassal;Total;2023;1026
12;Castellón/Castelló;12026 Benassal;Total;2022;1040
12;Castellón/Castelló;12026 Benassal;Total;2021;1055
12;Castellón/Castelló;12026 Benassal;Total;2020;1063
12;Castellón/Castelló;12026 Benassal;Total;2019;1068
12;Castellón/Castelló;12026 Benassal;Total;2018;1084
12;Castellón/Castelló;12026 Benassal;Total;2017;1106
12;Castellón/Castelló;12026 Benassal;Total;2016;1130
12;Castellón/Castelló;12026 Benassal;Total;2015;1150
12;Castellón/Castelló;12026 Benassal;Total;2014;1162
12;Castellón/Castelló;12026 Benassal;Total;2013;1195
12;Castellón/Castelló;12026 Benassal;Total;2012;1226
12;Castellón/Castelló;12026 Benassal;Total;2011;1264
12;Castellón/Castelló;12026 Benassal;Total;2010;1297
12;Castellón/Castelló;12026 Benassal;Total;2009;1340
12;Castellón/Castelló;12026 Benassal;Total;2008;1332
12;Castellón/Castelló;12026 Benassal;Total;2007;1328
12;Castellón/Castelló;12026 Benassal;Total;2006;1346
12;Castellón/Castelló;12026 Benassal;Total;2005;1340
12;Castellón/Castelló;12026 Benassal;Total;2004;1355
12;Castellón/Castelló;12026 Benassal;Total;2003;1391
12;Castellón/Castelló;12026 Benassal;Total;2002;1413
12;Castellón/Castelló;12026 Benassal;Total;2001;1387
12;Castellón/Castelló;12026 Benassal;Total;2000;1388
12;Castellón/Castelló;12026 Benassal;Total;1999;1390
12;Castellón/Castelló;12026 Benassal;Total;1998;1416
12;Castellón/Castelló;12026 Benassal;Total;1997;
12;Castellón/Castelló;12026 Benassal;Total;1996;1405
12;Castellón/Castelló;12026 Benassal;Hombres;2023;527
12;Castellón/Castelló;12026 Benassal;Hombres;2022;529
12;Castellón/Castelló;12026 Benassal;Hombres;2021;539
12;Castellón/Castelló;12026 Benassal;Hombres;2020;543
12;Castellón/Castelló;12026 Benassal;Hombres;2019;550
12;Castellón/Castelló;12026 Benassal;Hombres;2018;560
12;Castellón/Castelló;12026 Benassal;Hombres;2017;565
12;Castellón/Castelló;12026 Benassal;Hombres;2016;576
12;Castellón/Castelló;12026 Benassal;Hombres;2015;584
12;Castellón/Castelló;12026 Benassal;Hombres;2014;594
12;Castellón/Castelló;12026 Benassal;Hombres;2013;609
12;Castellón/Castelló;12026 Benassal;Hombres;2012;630
12;Castellón/Castelló;12026 Benassal;Hombres;2011;649
12;Castellón/Castelló;12026 Benassal;Hombres;2010;657
12;Castellón/Castelló;12026 Benassal;Hombres;2009;676
12;Castellón/Castelló;12026 Benassal;Hombres;2008;673
12;Castellón/Castelló;12026 Benassal;Hombres;2007;666
12;Castellón/Castelló;12026 Benassal;Hombres;2006;685
12;Castellón/Castelló;12026 Benassal;Hombres;2005;676
12;Castellón/Castelló;12026 Benassal;Hombres;2004;680
12;Castellón/Castelló;12026 Benassal;Hombres;2003;695
12;Castellón/Castelló;12026 Benassal;Hombres;2002;703
12;Castellón/Castelló;12026 Benassal;Hombres;2001;682
12;Castellón/Castelló;12026 Benassal;Hombres;2000;672
12;Castellón/Castelló;12026 Benassal;Hombres;1999;671
12;Castellón/Castelló;12026 Benassal;Hombres;1998;687
12;Castellón/Castelló;12026 Benassal;Hombres;1997;
12;Castellón/Castelló;12026 Benassal;Hombres;1996;678
12;Castellón/Castelló;12026 Benassal;Mujeres;2023;499
12;Castellón/Castelló;12026 Benassal;Mujeres;2022;511
12;Castellón/Castelló;12026 Benassal;Mujeres;2021;516
12;Castellón/Castelló;12026 Benassal;Mujeres;2020;520
12;Castellón/Castelló;12026 Benassal;Mujeres;2019;518
12;Castellón/Castelló;12026 Benassal;Mujeres;2018;524
12;Castellón/Castelló;12026 Benassal;Mujeres;2017;541
12;Castellón/Castelló;12026 Benassal;Mujeres;2016;554
12;Castellón/Castelló;12026 Benassal;Mujeres;2015;566
12;Castellón/Castelló;12026 Benassal;Mujeres;2014;568
12;Castellón/Castelló;12026 Benassal;Mujeres;2013;586
12;Castellón/Castelló;12026 Benassal;Mujeres;2012;596
12;Castellón/Castelló;12026 Benassal;Mujeres;2011;615
12;Castellón/Castelló;12026 Benassal;Mujeres;2010;640
12;Castellón/Castelló;12026 Benassal;Mujeres;2009;664
12;Castellón/Castelló;12026 Benassal;Mujeres;2008;659
12;Castellón/Castelló;12026 Benassal;Mujeres;2007;662
12;Castellón/Castelló;12026 Benassal;Mujeres;2006;661
12;Castellón/Castelló;12026 Benassal;Mujeres;2005;664
12;Castellón/Castelló;12026 Benassal;Mujeres;2004;675
12;Castellón/Castelló;12026 Benassal;Mujeres;2003;696
12;Castellón/Castelló;12026 Benassal;Mujeres;2002;710
12;Castellón/Castelló;12026 Benassal;Mujeres;2001;705
12;Castellón/Castelló;12026 Benassal;Mujeres;2000;716
12;Castellón/Castelló;12026 Benassal;Mujeres;1999;719
12;Castellón/Castelló;12026 Benassal;Mujeres;1998;729
12;Castellón/Castelló;12026 Benassal;Mujeres;1997;
12;Castellón/Castelló;12026 Benassal;Mujeres;1996;727
12;Castellón/Castelló;12027 Benicarló;Total;2023;28681
12;Castellón/Castelló;12027 Benicarló;Total;2022;27780
12;Castellón/Castelló;12027 Benicarló;Total;2021;27658
12;Castellón/Castelló;12027 Benicarló;Total;2020;27363
12;Castellón/Castelló;12027 Benicarló;Total;2019;26912
12;Castellón/Castelló;12027 Benicarló;Total;2018;26744
12;Castellón/Castelló;12027 Benicarló;Total;2017;26429
12;Castellón/Castelló;12027 Benicarló;Total;2016;26486
12;Castellón/Castelló;12027 Benicarló;Total;2015;26403
12;Castellón/Castelló;12027 Benicarló;Total;2014;26521
12;Castellón/Castelló;12027 Benicarló;Total;2013;26491
12;Castellón/Castelló;12027 Benicarló;Total;2012;26677
12;Castellón/Castelló;12027 Benicarló;Total;2011;26553
12;Castellón/Castelló;12027 Benicarló;Total;2010;26616
12;Castellón/Castelló;12027 Benicarló;Total;2009;26655
12;Castellón/Castelló;12027 Benicarló;Total;2008;26381
12;Castellón/Castelló;12027 Benicarló;Total;2007;25248
12;Castellón/Castelló;12027 Benicarló;Total;2006;24427
12;Castellón/Castelló;12027 Benicarló;Total;2005;23552
12;Castellón/Castelló;12027 Benicarló;Total;2004;22653
12;Castellón/Castelló;12027 Benicarló;Total;2003;22063
12;Castellón/Castelló;12027 Benicarló;Total;2002;21488
12;Castellón/Castelló;12027 Benicarló;Total;2001;20644
12;Castellón/Castelló;12027 Benicarló;Total;2000;19908
12;Castellón/Castelló;12027 Benicarló;Total;1999;19540
12;Castellón/Castelló;12027 Benicarló;Total;1998;19350
12;Castellón/Castelló;12027 Benicarló;Total;1997;
12;Castellón/Castelló;12027 Benicarló;Total;1996;19229
12;Castellón/Castelló;12027 Benicarló;Hombres;2023;14432
12;Castellón/Castelló;12027 Benicarló;Hombres;2022;13863
12;Castellón/Castelló;12027 Benicarló;Hombres;2021;13799
12;Castellón/Castelló;12027 Benicarló;Hombres;2020;13635
12;Castellón/Castelló;12027 Benicarló;Hombres;2019;13408
12;Castellón/Castelló;12027 Benicarló;Hombres;2018;13326
12;Castellón/Castelló;12027 Benicarló;Hombres;2017;13166
12;Castellón/Castelló;12027 Benicarló;Hombres;2016;13202
12;Castellón/Castelló;12027 Benicarló;Hombres;2015;13161
12;Castellón/Castelló;12027 Benicarló;Hombres;2014;13261
12;Castellón/Castelló;12027 Benicarló;Hombres;2013;13247
12;Castellón/Castelló;12027 Benicarló;Hombres;2012;13398
12;Castellón/Castelló;12027 Benicarló;Hombres;2011;13376
12;Castellón/Castelló;12027 Benicarló;Hombres;2010;13455
12;Castellón/Castelló;12027 Benicarló;Hombres;2009;13507
12;Castellón/Castelló;12027 Benicarló;Hombres;2008;13344
12;Castellón/Castelló;12027 Benicarló;Hombres;2007;12756
12;Castellón/Castelló;12027 Benicarló;Hombres;2006;12351
12;Castellón/Castelló;12027 Benicarló;Hombres;2005;11832
12;Castellón/Castelló;12027 Benicarló;Hombres;2004;11357
12;Castellón/Castelló;12027 Benicarló;Hombres;2003;11125
12;Castellón/Castelló;12027 Benicarló;Hombres;2002;10808
12;Castellón/Castelló;12027 Benicarló;Hombres;2001;10336
12;Castellón/Castelló;12027 Benicarló;Hombres;2000;9889
12;Castellón/Castelló;12027 Benicarló;Hombres;1999;9681
12;Castellón/Castelló;12027 Benicarló;Hombres;1998;9557
12;Castellón/Castelló;12027 Benicarló;Hombres;1997;
12;Castellón/Castelló;12027 Benicarló;Hombres;1996;9467
12;Castellón/Castelló;12027 Benicarló;Mujeres;2023;14249
12;Castellón/Castelló;12027 Benicarló;Mujeres;2022;13917
12;Castellón/Castelló;12027 Benicarló;Mujeres;2021;13859
12;Castellón/Castelló;12027 Benicarló;Mujeres;2020;13728
12;Castellón/Castelló;12027 Benicarló;Mujeres;2019;13504
12;Castellón/Castelló;12027 Benicarló;Mujeres;2018;13418
12;Castellón/Castelló;12027 Benicarló;Mujeres;2017;13263
12;Castellón/Castelló;12027 Benicarló;Mujeres;2016;13284
12;Castellón/Castelló;12027 Benicarló;Mujeres;2015;13242
12;Castellón/Castelló;12027 Benicarló;Mujeres;2014;13260
12;Castellón/Castelló;12027 Benicarló;Mujeres;2013;13244
12;Castellón/Castelló;12027 Benicarló;Mujeres;2012;13279
12;Castellón/Castelló;12027 Benicarló;Mujeres;2011;13177
12;Castellón/Castelló;12027 Benicarló;Mujeres;2010;13161
12;Castellón/Castelló;12027 Benicarló;Mujeres;2009;13148
12;Castellón/Castelló;12027 Benicarló;Mujeres;2008;13037
12;Castellón/Castelló;12027 Benicarló;Mujeres;2007;12492
12;Castellón/Castelló;12027 Benicarló;Mujeres;2006;12076
12;Castellón/Castelló;12027 Benicarló;Mujeres;2005;11720
12;Castellón/Castelló;12027 Benicarló;Mujeres;2004;11296
12;Castellón/Castelló;12027 Benicarló;Mujeres;2003;10938
12;Castellón/Castelló;12027 Benicarló;Mujeres;2002;10680
12;Castellón/Castelló;12027 Benicarló;Mujeres;2001;10308
12;Castellón/Castelló;12027 Benicarló;Mujeres;2000;10019
12;Castellón/Castelló;12027 Benicarló;Mujeres;1999;9859
12;Castellón/Castelló;12027 Benicarló;Mujeres;1998;9793
12;Castellón/Castelló;12027 Benicarló;Mujeres;1997;
12;Castellón/Castelló;12027 Benicarló;Mujeres;1996;9762
12;Castellón/Castelló;12028 Benicàssim/Benicasim;Total;2023;19951
12;Castellón/Castelló;12028 Benicàssim/Benicasim;Total;2022;19507
12;Castellón/Castelló;12028 Benicàssim/Benicasim;Total;2021;18991
12;Castellón/Castelló;12028 Benicàssim/Benicasim;Total;2020;18364
12;Castellón/Castelló;12028 Benicàssim/Benicasim;Total;2019;18192
12;Castellón/Castelló;12028 Benicàssim/Benicasim;Total;2018;18055
12;Castellón/Castelló;12028 Benicàssim/Benicasim;Total;2017;17964
12;Castellón/Castelló;12028 Benicàssim/Benicasim;Total;2016;17957
12;Castellón/Castelló;12028 Benicàssim/Benicasim;Total;2015;18098
12;Castellón/Castelló;12028 Benicàssim/Benicasim;Total;2014;18233
12;Castellón/Castelló;12028 Benicàssim/Benicasim;Total;2013;18989
12;Castellón/Castelló;12028 Benicàssim/Benicasim;Total;2012;18753
12;Castellón/Castelló;12028 Benicàssim/Benicasim;Total;2011;18524
12;Castellón/Castelló;12028 Benicàssim/Benicasim;Total;2010;18206
12;Castellón/Castelló;12028 Benicàssim/Benicasim;Total;2009;18098
12;Castellón/Castelló;12028 Benicàssim/Benicasim;Total;2008;17870
12;Castellón/Castelló;12028 Benicàssim/Benicasim;Total;2007;17267
12;Castellón/Castelló;12028 Benicàssim/Benicasim;Total;2006;16584
12;Castellón/Castelló;12028 Benicàssim/Benicasim;Total;2005;16200
12;Castellón/Castelló;12028 Benicàssim/Benicasim;Total;2004;15151
12;Castellón/Castelló;12028 Benicàssim/Benicasim;Total;2003;14607
12;Castellón/Castelló;12028 Benicàssim/Benicasim;Total;2002;13901
12;Castellón/Castelló;12028 Benicàssim/Benicasim;Total;2001;12808
12;Castellón/Castelló;12028 Benicàssim/Benicasim;Total;2000;11874
12;Castellón/Castelló;12028 Benicàssim/Benicasim;Total;1999;11288
12;Castellón/Castelló;12028 Benicàssim/Benicasim;Total;1998;10702
12;Castellón/Castelló;12028 Benicàssim/Benicasim;Total;1997;
12;Castellón/Castelló;12028 Benicàssim/Benicasim;Total;1996;9913
12;Castellón/Castelló;12028 Benicàssim/Benicasim;Hombres;2023;9808
12;Castellón/Castelló;12028 Benicàssim/Benicasim;Hombres;2022;9633
12;Castellón/Castelló;12028 Benicàssim/Benicasim;Hombres;2021;9437
12;Castellón/Castelló;12028 Benicàssim/Benicasim;Hombres;2020;9113
12;Castellón/Castelló;12028 Benicàssim/Benicasim;Hombres;2019;9046
12;Castellón/Castelló;12028 Benicàssim/Benicasim;Hombres;2018;9015
12;Castellón/Castelló;12028 Benicàssim/Benicasim;Hombres;2017;8953
12;Castellón/Castelló;12028 Benicàssim/Benicasim;Hombres;2016;8976
12;Castellón/Castelló;12028 Benicàssim/Benicasim;Hombres;2015;9083
12;Castellón/Castelló;12028 Benicàssim/Benicasim;Hombres;2014;9178
12;Castellón/Castelló;12028 Benicàssim/Benicasim;Hombres;2013;9596
12;Castellón/Castelló;12028 Benicàssim/Benicasim;Hombres;2012;9485
12;Castellón/Castelló;12028 Benicàssim/Benicasim;Hombres;2011;9353
12;Castellón/Castelló;12028 Benicàssim/Benicasim;Hombres;2010;9204
12;Castellón/Castelló;12028 Benicàssim/Benicasim;Hombres;2009;9132
12;Castellón/Castelló;12028 Benicàssim/Benicasim;Hombres;2008;9006
12;Castellón/Castelló;12028 Benicàssim/Benicasim;Hombres;2007;8708
12;Castellón/Castelló;12028 Benicàssim/Benicasim;Hombres;2006;8370
12;Castellón/Castelló;12028 Benicàssim/Benicasim;Hombres;2005;8203
12;Castellón/Castelló;12028 Benicàssim/Benicasim;Hombres;2004;7669
12;Castellón/Castelló;12028 Benicàssim/Benicasim;Hombres;2003;7420
12;Castellón/Castelló;12028 Benicàssim/Benicasim;Hombres;2002;7057
12;Castellón/Castelló;12028 Benicàssim/Benicasim;Hombres;2001;6485
12;Castellón/Castelló;12028 Benicàssim/Benicasim;Hombres;2000;6017
12;Castellón/Castelló;12028 Benicàssim/Benicasim;Hombres;1999;5702
12;Castellón/Castelló;12028 Benicàssim/Benicasim;Hombres;1998;5445
12;Castellón/Castelló;12028 Benicàssim/Benicasim;Hombres;1997;
12;Castellón/Castelló;12028 Benicàssim/Benicasim;Hombres;1996;5042
12;Castellón/Castelló;12028 Benicàssim/Benicasim;Mujeres;2023;10143
12;Castellón/Castelló;12028 Benicàssim/Benicasim;Mujeres;2022;9874
12;Castellón/Castelló;12028 Benicàssim/Benicasim;Mujeres;2021;9554
12;Castellón/Castelló;12028 Benicàssim/Benicasim;Mujeres;2020;9251
12;Castellón/Castelló;12028 Benicàssim/Benicasim;Mujeres;2019;9146
12;Castellón/Castelló;12028 Benicàssim/Benicasim;Mujeres;2018;9040
12;Castellón/Castelló;12028 Benicàssim/Benicasim;Mujeres;2017;9011
12;Castellón/Castelló;12028 Benicàssim/Benicasim;Mujeres;2016;8981
12;Castellón/Castelló;12028 Benicàssim/Benicasim;Mujeres;2015;9015
12;Castellón/Castelló;12028 Benicàssim/Benicasim;Mujeres;2014;9055
12;Castellón/Castelló;12028 Benicàssim/Benicasim;Mujeres;2013;9393
12;Castellón/Castelló;12028 Benicàssim/Benicasim;Mujeres;2012;9268
12;Castellón/Castelló;12028 Benicàssim/Benicasim;Mujeres;2011;9171
12;Castellón/Castelló;12028 Benicàssim/Benicasim;Mujeres;2010;9002
12;Castellón/Castelló;12028 Benicàssim/Benicasim;Mujeres;2009;8966
12;Castellón/Castelló;12028 Benicàssim/Benicasim;Mujeres;2008;8864
12;Castellón/Castelló;12028 Benicàssim/Benicasim;Mujeres;2007;8559
12;Castellón/Castelló;12028 Benicàssim/Benicasim;Mujeres;2006;8214
12;Castellón/Castelló;12028 Benicàssim/Benicasim;Mujeres;2005;7997
12;Castellón/Castelló;12028 Benicàssim/Benicasim;Mujeres;2004;7482
12;Castellón/Castelló;12028 Benicàssim/Benicasim;Mujeres;2003;7187
12;Castellón/Castelló;12028 Benicàssim/Benicasim;Mujeres;2002;6844
12;Castellón/Castelló;12028 Benicàssim/Benicasim;Mujeres;2001;6323
12;Castellón/Castelló;12028 Benicàssim/Benicasim;Mujeres;2000;5857
12;Castellón/Castelló;12028 Benicàssim/Benicasim;Mujeres;1999;5586
12;Castellón/Castelló;12028 Benicàssim/Benicasim;Mujeres;1998;5257
12;Castellón/Castelló;12028 Benicàssim/Benicasim;Mujeres;1997;
12;Castellón/Castelló;12028 Benicàssim/Benicasim;Mujeres;1996;4871
12;Castellón/Castelló;12029 Benlloc;Total;2023;1108
12;Castellón/Castelló;12029 Benlloc;Total;2022;1092
12;Castellón/Castelló;12029 Benlloc;Total;2021;1075
12;Castellón/Castelló;12029 Benlloc;Total;2020;1048
12;Castellón/Castelló;12029 Benlloc;Total;2019;1033
12;Castellón/Castelló;12029 Benlloc;Total;2018;1036
12;Castellón/Castelló;12029 Benlloc;Total;2017;1060
12;Castellón/Castelló;12029 Benlloc;Total;2016;1095
12;Castellón/Castelló;12029 Benlloc;Total;2015;1119
12;Castellón/Castelló;12029 Benlloc;Total;2014;1153
12;Castellón/Castelló;12029 Benlloc;Total;2013;1179
12;Castellón/Castelló;12029 Benlloc;Total;2012;1185
12;Castellón/Castelló;12029 Benlloc;Total;2011;1211
12;Castellón/Castelló;12029 Benlloc;Total;2010;1181
12;Castellón/Castelló;12029 Benlloc;Total;2009;1175
12;Castellón/Castelló;12029 Benlloc;Total;2008;1156
12;Castellón/Castelló;12029 Benlloc;Total;2007;1115
12;Castellón/Castelló;12029 Benlloc;Total;2006;1107
12;Castellón/Castelló;12029 Benlloc;Total;2005;1019
12;Castellón/Castelló;12029 Benlloc;Total;2004;860
12;Castellón/Castelló;12029 Benlloc;Total;2003;883
12;Castellón/Castelló;12029 Benlloc;Total;2002;910
12;Castellón/Castelló;12029 Benlloc;Total;2001;887
12;Castellón/Castelló;12029 Benlloc;Total;2000;842
12;Castellón/Castelló;12029 Benlloc;Total;1999;833
12;Castellón/Castelló;12029 Benlloc;Total;1998;863
12;Castellón/Castelló;12029 Benlloc;Total;1997;
12;Castellón/Castelló;12029 Benlloc;Total;1996;876
12;Castellón/Castelló;12029 Benlloc;Hombres;2023;562
12;Castellón/Castelló;12029 Benlloc;Hombres;2022;555
12;Castellón/Castelló;12029 Benlloc;Hombres;2021;552
12;Castellón/Castelló;12029 Benlloc;Hombres;2020;525
12;Castellón/Castelló;12029 Benlloc;Hombres;2019;518
12;Castellón/Castelló;12029 Benlloc;Hombres;2018;524
12;Castellón/Castelló;12029 Benlloc;Hombres;2017;529
12;Castellón/Castelló;12029 Benlloc;Hombres;2016;548
12;Castellón/Castelló;12029 Benlloc;Hombres;2015;562
12;Castellón/Castelló;12029 Benlloc;Hombres;2014;584
12;Castellón/Castelló;12029 Benlloc;Hombres;2013;613
12;Castellón/Castelló;12029 Benlloc;Hombres;2012;617
12;Castellón/Castelló;12029 Benlloc;Hombres;2011;634
12;Castellón/Castelló;12029 Benlloc;Hombres;2010;627
12;Castellón/Castelló;12029 Benlloc;Hombres;2009;629
12;Castellón/Castelló;12029 Benlloc;Hombres;2008;625
12;Castellón/Castelló;12029 Benlloc;Hombres;2007;601
12;Castellón/Castelló;12029 Benlloc;Hombres;2006;590
12;Castellón/Castelló;12029 Benlloc;Hombres;2005;533
12;Castellón/Castelló;12029 Benlloc;Hombres;2004;439
12;Castellón/Castelló;12029 Benlloc;Hombres;2003;451
12;Castellón/Castelló;12029 Benlloc;Hombres;2002;466
12;Castellón/Castelló;12029 Benlloc;Hombres;2001;450
12;Castellón/Castelló;12029 Benlloc;Hombres;2000;427
12;Castellón/Castelló;12029 Benlloc;Hombres;1999;426
12;Castellón/Castelló;12029 Benlloc;Hombres;1998;443
12;Castellón/Castelló;12029 Benlloc;Hombres;1997;
12;Castellón/Castelló;12029 Benlloc;Hombres;1996;448
12;Castellón/Castelló;12029 Benlloc;Mujeres;2023;546
12;Castellón/Castelló;12029 Benlloc;Mujeres;2022;537
12;Castellón/Castelló;12029 Benlloc;Mujeres;2021;523
12;Castellón/Castelló;12029 Benlloc;Mujeres;2020;523
12;Castellón/Castelló;12029 Benlloc;Mujeres;2019;515
12;Castellón/Castelló;12029 Benlloc;Mujeres;2018;512
12;Castellón/Castelló;12029 Benlloc;Mujeres;2017;531
12;Castellón/Castelló;12029 Benlloc;Mujeres;2016;547
12;Castellón/Castelló;12029 Benlloc;Mujeres;2015;557
12;Castellón/Castelló;12029 Benlloc;Mujeres;2014;569
12;Castellón/Castelló;12029 Benlloc;Mujeres;2013;566
12;Castellón/Castelló;12029 Benlloc;Mujeres;2012;568
12;Castellón/Castelló;12029 Benlloc;Mujeres;2011;577
12;Castellón/Castelló;12029 Benlloc;Mujeres;2010;554
12;Castellón/Castelló;12029 Benlloc;Mujeres;2009;546
12;Castellón/Castelló;12029 Benlloc;Mujeres;2008;531
12;Castellón/Castelló;12029 Benlloc;Mujeres;2007;514
12;Castellón/Castelló;12029 Benlloc;Mujeres;2006;517
12;Castellón/Castelló;12029 Benlloc;Mujeres;2005;486
12;Castellón/Castelló;12029 Benlloc;Mujeres;2004;421
12;Castellón/Castelló;12029 Benlloc;Mujeres;2003;432
12;Castellón/Castelló;12029 Benlloc;Mujeres;2002;444
12;Castellón/Castelló;12029 Benlloc;Mujeres;2001;437
12;Castellón/Castelló;12029 Benlloc;Mujeres;2000;415
12;Castellón/Castelló;12029 Benlloc;Mujeres;1999;407
12;Castellón/Castelló;12029 Benlloc;Mujeres;1998;420
12;Castellón/Castelló;12029 Benlloc;Mujeres;1997;
12;Castellón/Castelló;12029 Benlloc;Mujeres;1996;428
12;Castellón/Castelló;12021 Betxí;Total;2023;5580
12;Castellón/Castelló;12021 Betxí;Total;2022;5587
12;Castellón/Castelló;12021 Betxí;Total;2021;5605
12;Castellón/Castelló;12021 Betxí;Total;2020;5618
12;Castellón/Castelló;12021 Betxí;Total;2019;5645
12;Castellón/Castelló;12021 Betxí;Total;2018;5709
12;Castellón/Castelló;12021 Betxí;Total;2017;5750
12;Castellón/Castelló;12021 Betxí;Total;2016;5780
12;Castellón/Castelló;12021 Betxí;Total;2015;5763
12;Castellón/Castelló;12021 Betxí;Total;2014;5770
12;Castellón/Castelló;12021 Betxí;Total;2013;5815
12;Castellón/Castelló;12021 Betxí;Total;2012;5815
12;Castellón/Castelló;12021 Betxí;Total;2011;5890
12;Castellón/Castelló;12021 Betxí;Total;2010;5938
12;Castellón/Castelló;12021 Betxí;Total;2009;5902
12;Castellón/Castelló;12021 Betxí;Total;2008;5860
12;Castellón/Castelló;12021 Betxí;Total;2007;5684
12;Castellón/Castelló;12021 Betxí;Total;2006;5615
12;Castellón/Castelló;12021 Betxí;Total;2005;5551
12;Castellón/Castelló;12021 Betxí;Total;2004;5528
12;Castellón/Castelló;12021 Betxí;Total;2003;5467
12;Castellón/Castelló;12021 Betxí;Total;2002;5428
12;Castellón/Castelló;12021 Betxí;Total;2001;5381
12;Castellón/Castelló;12021 Betxí;Total;2000;5356
12;Castellón/Castelló;12021 Betxí;Total;1999;5339
12;Castellón/Castelló;12021 Betxí;Total;1998;5314
12;Castellón/Castelló;12021 Betxí;Total;1997;
12;Castellón/Castelló;12021 Betxí;Total;1996;5284
12;Castellón/Castelló;12021 Betxí;Hombres;2023;2760
12;Castellón/Castelló;12021 Betxí;Hombres;2022;2773
12;Castellón/Castelló;12021 Betxí;Hombres;2021;2773
12;Castellón/Castelló;12021 Betxí;Hombres;2020;2778
12;Castellón/Castelló;12021 Betxí;Hombres;2019;2792
12;Castellón/Castelló;12021 Betxí;Hombres;2018;2815
12;Castellón/Castelló;12021 Betxí;Hombres;2017;2833
12;Castellón/Castelló;12021 Betxí;Hombres;2016;2853
12;Castellón/Castelló;12021 Betxí;Hombres;2015;2842
12;Castellón/Castelló;12021 Betxí;Hombres;2014;2867
12;Castellón/Castelló;12021 Betxí;Hombres;2013;2896
12;Castellón/Castelló;12021 Betxí;Hombres;2012;2912
12;Castellón/Castelló;12021 Betxí;Hombres;2011;2960
12;Castellón/Castelló;12021 Betxí;Hombres;2010;2987
12;Castellón/Castelló;12021 Betxí;Hombres;2009;2991
12;Castellón/Castelló;12021 Betxí;Hombres;2008;2968
12;Castellón/Castelló;12021 Betxí;Hombres;2007;2878
12;Castellón/Castelló;12021 Betxí;Hombres;2006;2849
12;Castellón/Castelló;12021 Betxí;Hombres;2005;2804
12;Castellón/Castelló;12021 Betxí;Hombres;2004;2796
12;Castellón/Castelló;12021 Betxí;Hombres;2003;2778
12;Castellón/Castelló;12021 Betxí;Hombres;2002;2746
12;Castellón/Castelló;12021 Betxí;Hombres;2001;2731
12;Castellón/Castelló;12021 Betxí;Hombres;2000;2718
12;Castellón/Castelló;12021 Betxí;Hombres;1999;2721
12;Castellón/Castelló;12021 Betxí;Hombres;1998;2701
12;Castellón/Castelló;12021 Betxí;Hombres;1997;
12;Castellón/Castelló;12021 Betxí;Hombres;1996;2685
12;Castellón/Castelló;12021 Betxí;Mujeres;2023;2820
12;Castellón/Castelló;12021 Betxí;Mujeres;2022;2814
12;Castellón/Castelló;12021 Betxí;Mujeres;2021;2832
12;Castellón/Castelló;12021 Betxí;Mujeres;2020;2840
12;Castellón/Castelló;12021 Betxí;Mujeres;2019;2853
12;Castellón/Castelló;12021 Betxí;Mujeres;2018;2894
12;Castellón/Castelló;12021 Betxí;Mujeres;2017;2917
12;Castellón/Castelló;12021 Betxí;Mujeres;2016;2927
12;Castellón/Castelló;12021 Betxí;Mujeres;2015;2921
12;Castellón/Castelló;12021 Betxí;Mujeres;2014;2903
12;Castellón/Castelló;12021 Betxí;Mujeres;2013;2919
12;Castellón/Castelló;12021 Betxí;Mujeres;2012;2903
12;Castellón/Castelló;12021 Betxí;Mujeres;2011;2930
12;Castellón/Castelló;12021 Betxí;Mujeres;2010;2951
12;Castellón/Castelló;12021 Betxí;Mujeres;2009;2911
12;Castellón/Castelló;12021 Betxí;Mujeres;2008;2892
12;Castellón/Castelló;12021 Betxí;Mujeres;2007;2806
12;Castellón/Castelló;12021 Betxí;Mujeres;2006;2766
12;Castellón/Castelló;12021 Betxí;Mujeres;2005;2747
12;Castellón/Castelló;12021 Betxí;Mujeres;2004;2732
12;Castellón/Castelló;12021 Betxí;Mujeres;2003;2689
12;Castellón/Castelló;12021 Betxí;Mujeres;2002;2682
12;Castellón/Castelló;12021 Betxí;Mujeres;2001;2650
12;Castellón/Castelló;12021 Betxí;Mujeres;2000;2638
12;Castellón/Castelló;12021 Betxí;Mujeres;1999;2618
12;Castellón/Castelló;12021 Betxí;Mujeres;1998;2613
12;Castellón/Castelló;12021 Betxí;Mujeres;1997;
12;Castellón/Castelló;12021 Betxí;Mujeres;1996;2599
12;Castellón/Castelló;12032 Borriana/Burriana;Total;2023;35750
12;Castellón/Castelló;12032 Borriana/Burriana;Total;2022;35019
12;Castellón/Castelló;12032 Borriana/Burriana;Total;2021;34903
12;Castellón/Castelló;12032 Borriana/Burriana;Total;2020;35052
12;Castellón/Castelló;12032 Borriana/Burriana;Total;2019;34683
12;Castellón/Castelló;12032 Borriana/Burriana;Total;2018;34544
12;Castellón/Castelló;12032 Borriana/Burriana;Total;2017;34464
12;Castellón/Castelló;12032 Borriana/Burriana;Total;2016;34643
12;Castellón/Castelló;12032 Borriana/Burriana;Total;2015;34708
12;Castellón/Castelló;12032 Borriana/Burriana;Total;2014;34783
12;Castellón/Castelló;12032 Borriana/Burriana;Total;2013;34744
12;Castellón/Castelló;12032 Borriana/Burriana;Total;2012;35598
12;Castellón/Castelló;12032 Borriana/Burriana;Total;2011;35433
12;Castellón/Castelló;12032 Borriana/Burriana;Total;2010;34896
12;Castellón/Castelló;12032 Borriana/Burriana;Total;2009;34565
12;Castellón/Castelló;12032 Borriana/Burriana;Total;2008;34235
12;Castellón/Castelló;12032 Borriana/Burriana;Total;2007;33255
12;Castellón/Castelló;12032 Borriana/Burriana;Total;2006;32349
12;Castellón/Castelló;12032 Borriana/Burriana;Total;2005;31281
12;Castellón/Castelló;12032 Borriana/Burriana;Total;2004;30059
12;Castellón/Castelló;12032 Borriana/Burriana;Total;2003;29250
12;Castellón/Castelló;12032 Borriana/Burriana;Total;2002;27794
12;Castellón/Castelló;12032 Borriana/Burriana;Total;2001;27055
12;Castellón/Castelló;12032 Borriana/Burriana;Total;2000;26499
12;Castellón/Castelló;12032 Borriana/Burriana;Total;1999;26323
12;Castellón/Castelló;12032 Borriana/Burriana;Total;1998;26097
12;Castellón/Castelló;12032 Borriana/Burriana;Total;1997;
12;Castellón/Castelló;12032 Borriana/Burriana;Total;1996;26211
12;Castellón/Castelló;12032 Borriana/Burriana;Hombres;2023;17769
12;Castellón/Castelló;12032 Borriana/Burriana;Hombres;2022;17343
12;Castellón/Castelló;12032 Borriana/Burriana;Hombres;2021;17321
12;Castellón/Castelló;12032 Borriana/Burriana;Hombres;2020;17420
12;Castellón/Castelló;12032 Borriana/Burriana;Hombres;2019;17224
12;Castellón/Castelló;12032 Borriana/Burriana;Hombres;2018;17121
12;Castellón/Castelló;12032 Borriana/Burriana;Hombres;2017;17034
12;Castellón/Castelló;12032 Borriana/Burriana;Hombres;2016;17140
12;Castellón/Castelló;12032 Borriana/Burriana;Hombres;2015;17244
12;Castellón/Castelló;12032 Borriana/Burriana;Hombres;2014;17274
12;Castellón/Castelló;12032 Borriana/Burriana;Hombres;2013;17288
12;Castellón/Castelló;12032 Borriana/Burriana;Hombres;2012;17801
12;Castellón/Castelló;12032 Borriana/Burriana;Hombres;2011;17729
12;Castellón/Castelló;12032 Borriana/Burriana;Hombres;2010;17494
12;Castellón/Castelló;12032 Borriana/Burriana;Hombres;2009;17406
12;Castellón/Castelló;12032 Borriana/Burriana;Hombres;2008;17217
12;Castellón/Castelló;12032 Borriana/Burriana;Hombres;2007;16668
12;Castellón/Castelló;12032 Borriana/Burriana;Hombres;2006;16194
12;Castellón/Castelló;12032 Borriana/Burriana;Hombres;2005;15610
12;Castellón/Castelló;12032 Borriana/Burriana;Hombres;2004;14961
12;Castellón/Castelló;12032 Borriana/Burriana;Hombres;2003;14558
12;Castellón/Castelló;12032 Borriana/Burriana;Hombres;2002;13741
12;Castellón/Castelló;12032 Borriana/Burriana;Hombres;2001;13297
12;Castellón/Castelló;12032 Borriana/Burriana;Hombres;2000;12952
12;Castellón/Castelló;12032 Borriana/Burriana;Hombres;1999;12825
12;Castellón/Castelló;12032 Borriana/Burriana;Hombres;1998;12677
12;Castellón/Castelló;12032 Borriana/Burriana;Hombres;1997;
12;Castellón/Castelló;12032 Borriana/Burriana;Hombres;1996;12725
12;Castellón/Castelló;12032 Borriana/Burriana;Mujeres;2023;17981
12;Castellón/Castelló;12032 Borriana/Burriana;Mujeres;2022;17676
12;Castellón/Castelló;12032 Borriana/Burriana;Mujeres;2021;17582
12;Castellón/Castelló;12032 Borriana/Burriana;Mujeres;2020;17632
12;Castellón/Castelló;12032 Borriana/Burriana;Mujeres;2019;17459
12;Castellón/Castelló;12032 Borriana/Burriana;Mujeres;2018;17423
12;Castellón/Castelló;12032 Borriana/Burriana;Mujeres;2017;17430
12;Castellón/Castelló;12032 Borriana/Burriana;Mujeres;2016;17503
12;Castellón/Castelló;12032 Borriana/Burriana;Mujeres;2015;17464
12;Castellón/Castelló;12032 Borriana/Burriana;Mujeres;2014;17509
12;Castellón/Castelló;12032 Borriana/Burriana;Mujeres;2013;17456
12;Castellón/Castelló;12032 Borriana/Burriana;Mujeres;2012;17797
12;Castellón/Castelló;12032 Borriana/Burriana;Mujeres;2011;17704
12;Castellón/Castelló;12032 Borriana/Burriana;Mujeres;2010;17402
12;Castellón/Castelló;12032 Borriana/Burriana;Mujeres;2009;17159
12;Castellón/Castelló;12032 Borriana/Burriana;Mujeres;2008;17018
12;Castellón/Castelló;12032 Borriana/Burriana;Mujeres;2007;16587
12;Castellón/Castelló;12032 Borriana/Burriana;Mujeres;2006;16155
12;Castellón/Castelló;12032 Borriana/Burriana;Mujeres;2005;15671
12;Castellón/Castelló;12032 Borriana/Burriana;Mujeres;2004;15098
12;Castellón/Castelló;12032 Borriana/Burriana;Mujeres;2003;14692
12;Castellón/Castelló;12032 Borriana/Burriana;Mujeres;2002;14053
12;Castellón/Castelló;12032 Borriana/Burriana;Mujeres;2001;13758
12;Castellón/Castelló;12032 Borriana/Burriana;Mujeres;2000;13547
12;Castellón/Castelló;12032 Borriana/Burriana;Mujeres;1999;13498
12;Castellón/Castelló;12032 Borriana/Burriana;Mujeres;1998;13420
12;Castellón/Castelló;12032 Borriana/Burriana;Mujeres;1997;
12;Castellón/Castelló;12032 Borriana/Burriana;Mujeres;1996;13486
12;Castellón/Castelló;12031 Borriol;Total;2023;5865
12;Castellón/Castelló;12031 Borriol;Total;2022;5749
12;Castellón/Castelló;12031 Borriol;Total;2021;5552
12;Castellón/Castelló;12031 Borriol;Total;2020;5397
12;Castellón/Castelló;12031 Borriol;Total;2019;5360
12;Castellón/Castelló;12031 Borriol;Total;2018;5322
12;Castellón/Castelló;12031 Borriol;Total;2017;5279
12;Castellón/Castelló;12031 Borriol;Total;2016;5187
12;Castellón/Castelló;12031 Borriol;Total;2015;5176
12;Castellón/Castelló;12031 Borriol;Total;2014;5209
12;Castellón/Castelló;12031 Borriol;Total;2013;5276
12;Castellón/Castelló;12031 Borriol;Total;2012;5231
12;Castellón/Castelló;12031 Borriol;Total;2011;5180
12;Castellón/Castelló;12031 Borriol;Total;2010;5075
12;Castellón/Castelló;12031 Borriol;Total;2009;5025
12;Castellón/Castelló;12031 Borriol;Total;2008;4874
12;Castellón/Castelló;12031 Borriol;Total;2007;4715
12;Castellón/Castelló;12031 Borriol;Total;2006;4478
12;Castellón/Castelló;12031 Borriol;Total;2005;4288
12;Castellón/Castelló;12031 Borriol;Total;2004;4195
12;Castellón/Castelló;12031 Borriol;Total;2003;4073
12;Castellón/Castelló;12031 Borriol;Total;2002;3917
12;Castellón/Castelló;12031 Borriol;Total;2001;3743
12;Castellón/Castelló;12031 Borriol;Total;2000;3576
12;Castellón/Castelló;12031 Borriol;Total;1999;3405
12;Castellón/Castelló;12031 Borriol;Total;1998;3284
12;Castellón/Castelló;12031 Borriol;Total;1997;
12;Castellón/Castelló;12031 Borriol;Total;1996;3129
12;Castellón/Castelló;12031 Borriol;Hombres;2023;3004
12;Castellón/Castelló;12031 Borriol;Hombres;2022;2953
12;Castellón/Castelló;12031 Borriol;Hombres;2021;2835
12;Castellón/Castelló;12031 Borriol;Hombres;2020;2756
12;Castellón/Castelló;12031 Borriol;Hombres;2019;2736
12;Castellón/Castelló;12031 Borriol;Hombres;2018;2696
12;Castellón/Castelló;12031 Borriol;Hombres;2017;2668
12;Castellón/Castelló;12031 Borriol;Hombres;2016;2623
12;Castellón/Castelló;12031 Borriol;Hombres;2015;2615
12;Castellón/Castelló;12031 Borriol;Hombres;2014;2639
12;Castellón/Castelló;12031 Borriol;Hombres;2013;2691
12;Castellón/Castelló;12031 Borriol;Hombres;2012;2667
12;Castellón/Castelló;12031 Borriol;Hombres;2011;2622
12;Castellón/Castelló;12031 Borriol;Hombres;2010;2562
12;Castellón/Castelló;12031 Borriol;Hombres;2009;2547
12;Castellón/Castelló;12031 Borriol;Hombres;2008;2473
12;Castellón/Castelló;12031 Borriol;Hombres;2007;2414
12;Castellón/Castelló;12031 Borriol;Hombres;2006;2286
12;Castellón/Castelló;12031 Borriol;Hombres;2005;2189
12;Castellón/Castelló;12031 Borriol;Hombres;2004;2136
12;Castellón/Castelló;12031 Borriol;Hombres;2003;2063
12;Castellón/Castelló;12031 Borriol;Hombres;2002;1980
12;Castellón/Castelló;12031 Borriol;Hombres;2001;1894
12;Castellón/Castelló;12031 Borriol;Hombres;2000;1808
12;Castellón/Castelló;12031 Borriol;Hombres;1999;1723
12;Castellón/Castelló;12031 Borriol;Hombres;1998;1660
12;Castellón/Castelló;12031 Borriol;Hombres;1997;
12;Castellón/Castelló;12031 Borriol;Hombres;1996;1565
12;Castellón/Castelló;12031 Borriol;Mujeres;2023;2861
12;Castellón/Castelló;12031 Borriol;Mujeres;2022;2796
12;Castellón/Castelló;12031 Borriol;Mujeres;2021;2717
12;Castellón/Castelló;12031 Borriol;Mujeres;2020;2641
12;Castellón/Castelló;12031 Borriol;Mujeres;2019;2624
12;Castellón/Castelló;12031 Borriol;Mujeres;2018;2626
12;Castellón/Castelló;12031 Borriol;Mujeres;2017;2611
12;Castellón/Castelló;12031 Borriol;Mujeres;2016;2564
12;Castellón/Castelló;12031 Borriol;Mujeres;2015;2561
12;Castellón/Castelló;12031 Borriol;Mujeres;2014;2570
12;Castellón/Castelló;12031 Borriol;Mujeres;2013;2585
12;Castellón/Castelló;12031 Borriol;Mujeres;2012;2564
12;Castellón/Castelló;12031 Borriol;Mujeres;2011;2558
12;Castellón/Castelló;12031 Borriol;Mujeres;2010;2513
12;Castellón/Castelló;12031 Borriol;Mujeres;2009;2478
12;Castellón/Castelló;12031 Borriol;Mujeres;2008;2401
12;Castellón/Castelló;12031 Borriol;Mujeres;2007;2301
12;Castellón/Castelló;12031 Borriol;Mujeres;2006;2192
12;Castellón/Castelló;12031 Borriol;Mujeres;2005;2099
12;Castellón/Castelló;12031 Borriol;Mujeres;2004;2059
12;Castellón/Castelló;12031 Borriol;Mujeres;2003;2010
12;Castellón/Castelló;12031 Borriol;Mujeres;2002;1937
12;Castellón/Castelló;12031 Borriol;Mujeres;2001;1849
12;Castellón/Castelló;12031 Borriol;Mujeres;2000;1768
12;Castellón/Castelló;12031 Borriol;Mujeres;1999;1682
12;Castellón/Castelló;12031 Borriol;Mujeres;1998;1624
12;Castellón/Castelló;12031 Borriol;Mujeres;1997;
12;Castellón/Castelló;12031 Borriol;Mujeres;1996;1564
12;Castellón/Castelló;12033 Cabanes;Total;2023;3222
12;Castellón/Castelló;12033 Cabanes;Total;2022;3079
12;Castellón/Castelló;12033 Cabanes;Total;2021;3027
12;Castellón/Castelló;12033 Cabanes;Total;2020;2978
12;Castellón/Castelló;12033 Cabanes;Total;2019;2958
12;Castellón/Castelló;12033 Cabanes;Total;2018;2889
12;Castellón/Castelló;12033 Cabanes;Total;2017;2913
12;Castellón/Castelló;12033 Cabanes;Total;2016;2966
12;Castellón/Castelló;12033 Cabanes;Total;2015;2939
12;Castellón/Castelló;12033 Cabanes;Total;2014;2985
12;Castellón/Castelló;12033 Cabanes;Total;2013;3006
12;Castellón/Castelló;12033 Cabanes;Total;2012;2971
12;Castellón/Castelló;12033 Cabanes;Total;2011;3019
12;Castellón/Castelló;12033 Cabanes;Total;2010;3089
12;Castellón/Castelló;12033 Cabanes;Total;2009;3128
12;Castellón/Castelló;12033 Cabanes;Total;2008;3088
12;Castellón/Castelló;12033 Cabanes;Total;2007;2935
12;Castellón/Castelló;12033 Cabanes;Total;2006;2734
12;Castellón/Castelló;12033 Cabanes;Total;2005;2659
12;Castellón/Castelló;12033 Cabanes;Total;2004;2589
12;Castellón/Castelló;12033 Cabanes;Total;2003;2574
12;Castellón/Castelló;12033 Cabanes;Total;2002;2461
12;Castellón/Castelló;12033 Cabanes;Total;2001;2391
12;Castellón/Castelló;12033 Cabanes;Total;2000;2359
12;Castellón/Castelló;12033 Cabanes;Total;1999;2390
12;Castellón/Castelló;12033 Cabanes;Total;1998;2366
12;Castellón/Castelló;12033 Cabanes;Total;1997;
12;Castellón/Castelló;12033 Cabanes;Total;1996;2364
12;Castellón/Castelló;12033 Cabanes;Hombres;2023;1651
12;Castellón/Castelló;12033 Cabanes;Hombres;2022;1565
12;Castellón/Castelló;12033 Cabanes;Hombres;2021;1537
12;Castellón/Castelló;12033 Cabanes;Hombres;2020;1507
12;Castellón/Castelló;12033 Cabanes;Hombres;2019;1509
12;Castellón/Castelló;12033 Cabanes;Hombres;2018;1468
12;Castellón/Castelló;12033 Cabanes;Hombres;2017;1475
12;Castellón/Castelló;12033 Cabanes;Hombres;2016;1502
12;Castellón/Castelló;12033 Cabanes;Hombres;2015;1474
12;Castellón/Castelló;12033 Cabanes;Hombres;2014;1504
12;Castellón/Castelló;12033 Cabanes;Hombres;2013;1539
12;Castellón/Castelló;12033 Cabanes;Hombres;2012;1524
12;Castellón/Castelló;12033 Cabanes;Hombres;2011;1532
12;Castellón/Castelló;12033 Cabanes;Hombres;2010;1575
12;Castellón/Castelló;12033 Cabanes;Hombres;2009;1601
12;Castellón/Castelló;12033 Cabanes;Hombres;2008;1566
12;Castellón/Castelló;12033 Cabanes;Hombres;2007;1488
12;Castellón/Castelló;12033 Cabanes;Hombres;2006;1382
12;Castellón/Castelló;12033 Cabanes;Hombres;2005;1345
12;Castellón/Castelló;12033 Cabanes;Hombres;2004;1320
12;Castellón/Castelló;12033 Cabanes;Hombres;2003;1303
12;Castellón/Castelló;12033 Cabanes;Hombres;2002;1227
12;Castellón/Castelló;12033 Cabanes;Hombres;2001;1185
12;Castellón/Castelló;12033 Cabanes;Hombres;2000;1183
12;Castellón/Castelló;12033 Cabanes;Hombres;1999;1182
12;Castellón/Castelló;12033 Cabanes;Hombres;1998;1158
12;Castellón/Castelló;12033 Cabanes;Hombres;1997;
12;Castellón/Castelló;12033 Cabanes;Hombres;1996;1159
12;Castellón/Castelló;12033 Cabanes;Mujeres;2023;1571
12;Castellón/Castelló;12033 Cabanes;Mujeres;2022;1514
12;Castellón/Castelló;12033 Cabanes;Mujeres;2021;1490
12;Castellón/Castelló;12033 Cabanes;Mujeres;2020;1471
12;Castellón/Castelló;12033 Cabanes;Mujeres;2019;1449
12;Castellón/Castelló;12033 Cabanes;Mujeres;2018;1421
12;Castellón/Castelló;12033 Cabanes;Mujeres;2017;1438
12;Castellón/Castelló;12033 Cabanes;Mujeres;2016;1464
12;Castellón/Castelló;12033 Cabanes;Mujeres;2015;1465
12;Castellón/Castelló;12033 Cabanes;Mujeres;2014;1481
12;Castellón/Castelló;12033 Cabanes;Mujeres;2013;1467
12;Castellón/Castelló;12033 Cabanes;Mujeres;2012;1447
12;Castellón/Castelló;12033 Cabanes;Mujeres;2011;1487
12;Castellón/Castelló;12033 Cabanes;Mujeres;2010;1514
12;Castellón/Castelló;12033 Cabanes;Mujeres;2009;1527
12;Castellón/Castelló;12033 Cabanes;Mujeres;2008;1522
12;Castellón/Castelló;12033 Cabanes;Mujeres;2007;1447
12;Castellón/Castelló;12033 Cabanes;Mujeres;2006;1352
12;Castellón/Castelló;12033 Cabanes;Mujeres;2005;1314
12;Castellón/Castelló;12033 Cabanes;Mujeres;2004;1269
12;Castellón/Castelló;12033 Cabanes;Mujeres;2003;1271
12;Castellón/Castelló;12033 Cabanes;Mujeres;2002;1234
12;Castellón/Castelló;12033 Cabanes;Mujeres;2001;1206
12;Castellón/Castelló;12033 Cabanes;Mujeres;2000;1176
12;Castellón/Castelló;12033 Cabanes;Mujeres;1999;1208
12;Castellón/Castelló;12033 Cabanes;Mujeres;1998;1208
12;Castellón/Castelló;12033 Cabanes;Mujeres;1997;
12;Castellón/Castelló;12033 Cabanes;Mujeres;1996;1205
12;Castellón/Castelló;12036 Canet lo Roig;Total;2023;685
12;Castellón/Castelló;12036 Canet lo Roig;Total;2022;680
12;Castellón/Castelló;12036 Canet lo Roig;Total;2021;687
12;Castellón/Castelló;12036 Canet lo Roig;Total;2020;676
12;Castellón/Castelló;12036 Canet lo Roig;Total;2019;674
12;Castellón/Castelló;12036 Canet lo Roig;Total;2018;696
12;Castellón/Castelló;12036 Canet lo Roig;Total;2017;706
12;Castellón/Castelló;12036 Canet lo Roig;Total;2016;724
12;Castellón/Castelló;12036 Canet lo Roig;Total;2015;746
12;Castellón/Castelló;12036 Canet lo Roig;Total;2014;760
12;Castellón/Castelló;12036 Canet lo Roig;Total;2013;817
12;Castellón/Castelló;12036 Canet lo Roig;Total;2012;836
12;Castellón/Castelló;12036 Canet lo Roig;Total;2011;855
12;Castellón/Castelló;12036 Canet lo Roig;Total;2010;870
12;Castellón/Castelló;12036 Canet lo Roig;Total;2009;882
12;Castellón/Castelló;12036 Canet lo Roig;Total;2008;897
12;Castellón/Castelló;12036 Canet lo Roig;Total;2007;927
12;Castellón/Castelló;12036 Canet lo Roig;Total;2006;913
12;Castellón/Castelló;12036 Canet lo Roig;Total;2005;916
12;Castellón/Castelló;12036 Canet lo Roig;Total;2004;909
12;Castellón/Castelló;12036 Canet lo Roig;Total;2003;922
12;Castellón/Castelló;12036 Canet lo Roig;Total;2002;881
12;Castellón/Castelló;12036 Canet lo Roig;Total;2001;878
12;Castellón/Castelló;12036 Canet lo Roig;Total;2000;879
12;Castellón/Castelló;12036 Canet lo Roig;Total;1999;914
12;Castellón/Castelló;12036 Canet lo Roig;Total;1998;914
12;Castellón/Castelló;12036 Canet lo Roig;Total;1997;
12;Castellón/Castelló;12036 Canet lo Roig;Total;1996;934
12;Castellón/Castelló;12036 Canet lo Roig;Hombres;2023;352
12;Castellón/Castelló;12036 Canet lo Roig;Hombres;2022;345
12;Castellón/Castelló;12036 Canet lo Roig;Hombres;2021;346
12;Castellón/Castelló;12036 Canet lo Roig;Hombres;2020;337
12;Castellón/Castelló;12036 Canet lo Roig;Hombres;2019;330
12;Castellón/Castelló;12036 Canet lo Roig;Hombres;2018;338
12;Castellón/Castelló;12036 Canet lo Roig;Hombres;2017;343
12;Castellón/Castelló;12036 Canet lo Roig;Hombres;2016;353
12;Castellón/Castelló;12036 Canet lo Roig;Hombres;2015;364
12;Castellón/Castelló;12036 Canet lo Roig;Hombres;2014;374
12;Castellón/Castelló;12036 Canet lo Roig;Hombres;2013;404
12;Castellón/Castelló;12036 Canet lo Roig;Hombres;2012;416
12;Castellón/Castelló;12036 Canet lo Roig;Hombres;2011;430
12;Castellón/Castelló;12036 Canet lo Roig;Hombres;2010;434
12;Castellón/Castelló;12036 Canet lo Roig;Hombres;2009;445
12;Castellón/Castelló;12036 Canet lo Roig;Hombres;2008;451
12;Castellón/Castelló;12036 Canet lo Roig;Hombres;2007;457
12;Castellón/Castelló;12036 Canet lo Roig;Hombres;2006;445
12;Castellón/Castelló;12036 Canet lo Roig;Hombres;2005;442
12;Castellón/Castelló;12036 Canet lo Roig;Hombres;2004;442
12;Castellón/Castelló;12036 Canet lo Roig;Hombres;2003;448
12;Castellón/Castelló;12036 Canet lo Roig;Hombres;2002;426
12;Castellón/Castelló;12036 Canet lo Roig;Hombres;2001;418
12;Castellón/Castelló;12036 Canet lo Roig;Hombres;2000;420
12;Castellón/Castelló;12036 Canet lo Roig;Hombres;1999;436
12;Castellón/Castelló;12036 Canet lo Roig;Hombres;1998;436
12;Castellón/Castelló;12036 Canet lo Roig;Hombres;1997;
12;Castellón/Castelló;12036 Canet lo Roig;Hombres;1996;450
12;Castellón/Castelló;12036 Canet lo Roig;Mujeres;2023;333
12;Castellón/Castelló;12036 Canet lo Roig;Mujeres;2022;335
12;Castellón/Castelló;12036 Canet lo Roig;Mujeres;2021;341
12;Castellón/Castelló;12036 Canet lo Roig;Mujeres;2020;339
12;Castellón/Castelló;12036 Canet lo Roig;Mujeres;2019;344
12;Castellón/Castelló;12036 Canet lo Roig;Mujeres;2018;358
12;Castellón/Castelló;12036 Canet lo Roig;Mujeres;2017;363
12;Castellón/Castelló;12036 Canet lo Roig;Mujeres;2016;371
12;Castellón/Castelló;12036 Canet lo Roig;Mujeres;2015;382
12;Castellón/Castelló;12036 Canet lo Roig;Mujeres;2014;386
12;Castellón/Castelló;12036 Canet lo Roig;Mujeres;2013;413
12;Castellón/Castelló;12036 Canet lo Roig;Mujeres;2012;420
12;Castellón/Castelló;12036 Canet lo Roig;Mujeres;2011;425
12;Castellón/Castelló;12036 Canet lo Roig;Mujeres;2010;436
12;Castellón/Castelló;12036 Canet lo Roig;Mujeres;2009;437
12;Castellón/Castelló;12036 Canet lo Roig;Mujeres;2008;446
12;Castellón/Castelló;12036 Canet lo Roig;Mujeres;2007;470
12;Castellón/Castelló;12036 Canet lo Roig;Mujeres;2006;468
12;Castellón/Castelló;12036 Canet lo Roig;Mujeres;2005;474
12;Castellón/Castelló;12036 Canet lo Roig;Mujeres;2004;467
12;Castellón/Castelló;12036 Canet lo Roig;Mujeres;2003;474
12;Castellón/Castelló;12036 Canet lo Roig;Mujeres;2002;455
12;Castellón/Castelló;12036 Canet lo Roig;Mujeres;2001;460
12;Castellón/Castelló;12036 Canet lo Roig;Mujeres;2000;459
12;Castellón/Castelló;12036 Canet lo Roig;Mujeres;1999;478
12;Castellón/Castelló;12036 Canet lo Roig;Mujeres;1998;478
12;Castellón/Castelló;12036 Canet lo Roig;Mujeres;1997;
12;Castellón/Castelló;12036 Canet lo Roig;Mujeres;1996;484
12;Castellón/Castelló;12037 Castell de Cabres;Total;2023;19
12;Castellón/Castelló;12037 Castell de Cabres;Total;2022;20
12;Castellón/Castelló;12037 Castell de Cabres;Total;2021;22
12;Castellón/Castelló;12037 Castell de Cabres;Total;2020;22
12;Castellón/Castelló;12037 Castell de Cabres;Total;2019;17
12;Castellón/Castelló;12037 Castell de Cabres;Total;2018;19
12;Castellón/Castelló;12037 Castell de Cabres;Total;2017;17
12;Castellón/Castelló;12037 Castell de Cabres;Total;2016;17
12;Castellón/Castelló;12037 Castell de Cabres;Total;2015;16
12;Castellón/Castelló;12037 Castell de Cabres;Total;2014;16
12;Castellón/Castelló;12037 Castell de Cabres;Total;2013;15
12;Castellón/Castelló;12037 Castell de Cabres;Total;2012;17
12;Castellón/Castelló;12037 Castell de Cabres;Total;2011;17
12;Castellón/Castelló;12037 Castell de Cabres;Total;2010;16
12;Castellón/Castelló;12037 Castell de Cabres;Total;2009;18
12;Castellón/Castelló;12037 Castell de Cabres;Total;2008;18
12;Castellón/Castelló;12037 Castell de Cabres;Total;2007;18
12;Castellón/Castelló;12037 Castell de Cabres;Total;2006;19
12;Castellón/Castelló;12037 Castell de Cabres;Total;2005;19
12;Castellón/Castelló;12037 Castell de Cabres;Total;2004;19
12;Castellón/Castelló;12037 Castell de Cabres;Total;2003;18
12;Castellón/Castelló;12037 Castell de Cabres;Total;2002;19
12;Castellón/Castelló;12037 Castell de Cabres;Total;2001;21
12;Castellón/Castelló;12037 Castell de Cabres;Total;2000;22
12;Castellón/Castelló;12037 Castell de Cabres;Total;1999;22
12;Castellón/Castelló;12037 Castell de Cabres;Total;1998;22
12;Castellón/Castelló;12037 Castell de Cabres;Total;1997;
12;Castellón/Castelló;12037 Castell de Cabres;Total;1996;24
12;Castellón/Castelló;12037 Castell de Cabres;Hombres;2023;11
12;Castellón/Castelló;12037 Castell de Cabres;Hombres;2022;12
12;Castellón/Castelló;12037 Castell de Cabres;Hombres;2021;13
12;Castellón/Castelló;12037 Castell de Cabres;Hombres;2020;13
12;Castellón/Castelló;12037 Castell de Cabres;Hombres;2019;9
12;Castellón/Castelló;12037 Castell de Cabres;Hombres;2018;10
12;Castellón/Castelló;12037 Castell de Cabres;Hombres;2017;10
12;Castellón/Castelló;12037 Castell de Cabres;Hombres;2016;10
12;Castellón/Castelló;12037 Castell de Cabres;Hombres;2015;10
12;Castellón/Castelló;12037 Castell de Cabres;Hombres;2014;10
12;Castellón/Castelló;12037 Castell de Cabres;Hombres;2013;10
12;Castellón/Castelló;12037 Castell de Cabres;Hombres;2012;12
12;Castellón/Castelló;12037 Castell de Cabres;Hombres;2011;9
12;Castellón/Castelló;12037 Castell de Cabres;Hombres;2010;8
12;Castellón/Castelló;12037 Castell de Cabres;Hombres;2009;9
12;Castellón/Castelló;12037 Castell de Cabres;Hombres;2008;9
12;Castellón/Castelló;12037 Castell de Cabres;Hombres;2007;9
12;Castellón/Castelló;12037 Castell de Cabres;Hombres;2006;9
12;Castellón/Castelló;12037 Castell de Cabres;Hombres;2005;9
12;Castellón/Castelló;12037 Castell de Cabres;Hombres;2004;9
12;Castellón/Castelló;12037 Castell de Cabres;Hombres;2003;8
12;Castellón/Castelló;12037 Castell de Cabres;Hombres;2002;8
12;Castellón/Castelló;12037 Castell de Cabres;Hombres;2001;9
12;Castellón/Castelló;12037 Castell de Cabres;Hombres;2000;10
12;Castellón/Castelló;12037 Castell de Cabres;Hombres;1999;10
12;Castellón/Castelló;12037 Castell de Cabres;Hombres;1998;10
12;Castellón/Castelló;12037 Castell de Cabres;Hombres;1997;
12;Castellón/Castelló;12037 Castell de Cabres;Hombres;1996;12
12;Castellón/Castelló;12037 Castell de Cabres;Mujeres;2023;8
12;Castellón/Castelló;12037 Castell de Cabres;Mujeres;2022;8
12;Castellón/Castelló;12037 Castell de Cabres;Mujeres;2021;9
12;Castellón/Castelló;12037 Castell de Cabres;Mujeres;2020;9
12;Castellón/Castelló;12037 Castell de Cabres;Mujeres;2019;8
12;Castellón/Castelló;12037 Castell de Cabres;Mujeres;2018;9
12;Castellón/Castelló;12037 Castell de Cabres;Mujeres;2017;7
12;Castellón/Castelló;12037 Castell de Cabres;Mujeres;2016;7
12;Castellón/Castelló;12037 Castell de Cabres;Mujeres;2015;6
12;Castellón/Castelló;12037 Castell de Cabres;Mujeres;2014;6
12;Castellón/Castelló;12037 Castell de Cabres;Mujeres;2013;5
12;Castellón/Castelló;12037 Castell de Cabres;Mujeres;2012;5
12;Castellón/Castelló;12037 Castell de Cabres;Mujeres;2011;8
12;Castellón/Castelló;12037 Castell de Cabres;Mujeres;2010;8
12;Castellón/Castelló;12037 Castell de Cabres;Mujeres;2009;9
12;Castellón/Castelló;12037 Castell de Cabres;Mujeres;2008;9
12;Castellón/Castelló;12037 Castell de Cabres;Mujeres;2007;9
12;Castellón/Castelló;12037 Castell de Cabres;Mujeres;2006;10
12;Castellón/Castelló;12037 Castell de Cabres;Mujeres;2005;10
12;Castellón/Castelló;12037 Castell de Cabres;Mujeres;2004;10
12;Castellón/Castelló;12037 Castell de Cabres;Mujeres;2003;10
12;Castellón/Castelló;12037 Castell de Cabres;Mujeres;2002;11
12;Castellón/Castelló;12037 Castell de Cabres;Mujeres;2001;12
12;Castellón/Castelló;12037 Castell de Cabres;Mujeres;2000;12
12;Castellón/Castelló;12037 Castell de Cabres;Mujeres;1999;12
12;Castellón/Castelló;12037 Castell de Cabres;Mujeres;1998;12
12;Castellón/Castelló;12037 Castell de Cabres;Mujeres;1997;
12;Castellón/Castelló;12037 Castell de Cabres;Mujeres;1996;12
12;Castellón/Castelló;12038 Castellfort;Total;2023;188
12;Castellón/Castelló;12038 Castellfort;Total;2022;188
12;Castellón/Castelló;12038 Castellfort;Total;2021;179
12;Castellón/Castelló;12038 Castellfort;Total;2020;179
12;Castellón/Castelló;12038 Castellfort;Total;2019;183
12;Castellón/Castelló;12038 Castellfort;Total;2018;192
12;Castellón/Castelló;12038 Castellfort;Total;2017;198
12;Castellón/Castelló;12038 Castellfort;Total;2016;205
12;Castellón/Castelló;12038 Castellfort;Total;2015;206
12;Castellón/Castelló;12038 Castellfort;Total;2014;215
12;Castellón/Castelló;12038 Castellfort;Total;2013;222
12;Castellón/Castelló;12038 Castellfort;Total;2012;238
12;Castellón/Castelló;12038 Castellfort;Total;2011;237
12;Castellón/Castelló;12038 Castellfort;Total;2010;240
12;Castellón/Castelló;12038 Castellfort;Total;2009;236
12;Castellón/Castelló;12038 Castellfort;Total;2008;235
12;Castellón/Castelló;12038 Castellfort;Total;2007;228
12;Castellón/Castelló;12038 Castellfort;Total;2006;218
12;Castellón/Castelló;12038 Castellfort;Total;2005;217
12;Castellón/Castelló;12038 Castellfort;Total;2004;218
12;Castellón/Castelló;12038 Castellfort;Total;2003;220
12;Castellón/Castelló;12038 Castellfort;Total;2002;231
12;Castellón/Castelló;12038 Castellfort;Total;2001;239
12;Castellón/Castelló;12038 Castellfort;Total;2000;236
12;Castellón/Castelló;12038 Castellfort;Total;1999;234
12;Castellón/Castelló;12038 Castellfort;Total;1998;235
12;Castellón/Castelló;12038 Castellfort;Total;1997;
12;Castellón/Castelló;12038 Castellfort;Total;1996;245
12;Castellón/Castelló;12038 Castellfort;Hombres;2023;98
12;Castellón/Castelló;12038 Castellfort;Hombres;2022;99
12;Castellón/Castelló;12038 Castellfort;Hombres;2021;97
12;Castellón/Castelló;12038 Castellfort;Hombres;2020;96
12;Castellón/Castelló;12038 Castellfort;Hombres;2019;100
12;Castellón/Castelló;12038 Castellfort;Hombres;2018;104
12;Castellón/Castelló;12038 Castellfort;Hombres;2017;106
12;Castellón/Castelló;12038 Castellfort;Hombres;2016;105
12;Castellón/Castelló;12038 Castellfort;Hombres;2015;104
12;Castellón/Castelló;12038 Castellfort;Hombres;2014;111
12;Castellón/Castelló;12038 Castellfort;Hombres;2013;116
12;Castellón/Castelló;12038 Castellfort;Hombres;2012;124
12;Castellón/Castelló;12038 Castellfort;Hombres;2011;126
12;Castellón/Castelló;12038 Castellfort;Hombres;2010;126
12;Castellón/Castelló;12038 Castellfort;Hombres;2009;127
12;Castellón/Castelló;12038 Castellfort;Hombres;2008;124
12;Castellón/Castelló;12038 Castellfort;Hombres;2007;115
12;Castellón/Castelló;12038 Castellfort;Hombres;2006;112
12;Castellón/Castelló;12038 Castellfort;Hombres;2005;113
12;Castellón/Castelló;12038 Castellfort;Hombres;2004;114
12;Castellón/Castelló;12038 Castellfort;Hombres;2003;116
12;Castellón/Castelló;12038 Castellfort;Hombres;2002;121
12;Castellón/Castelló;12038 Castellfort;Hombres;2001;124
12;Castellón/Castelló;12038 Castellfort;Hombres;2000;123
12;Castellón/Castelló;12038 Castellfort;Hombres;1999;121
12;Castellón/Castelló;12038 Castellfort;Hombres;1998;124
12;Castellón/Castelló;12038 Castellfort;Hombres;1997;
12;Castellón/Castelló;12038 Castellfort;Hombres;1996;128
12;Castellón/Castelló;12038 Castellfort;Mujeres;2023;90
12;Castellón/Castelló;12038 Castellfort;Mujeres;2022;89
12;Castellón/Castelló;12038 Castellfort;Mujeres;2021;82
12;Castellón/Castelló;12038 Castellfort;Mujeres;2020;83
12;Castellón/Castelló;12038 Castellfort;Mujeres;2019;83
12;Castellón/Castelló;12038 Castellfort;Mujeres;2018;88
12;Castellón/Castelló;12038 Castellfort;Mujeres;2017;92
12;Castellón/Castelló;12038 Castellfort;Mujeres;2016;100
12;Castellón/Castelló;12038 Castellfort;Mujeres;2015;102
12;Castellón/Castelló;12038 Castellfort;Mujeres;2014;104
12;Castellón/Castelló;12038 Castellfort;Mujeres;2013;106
12;Castellón/Castelló;12038 Castellfort;Mujeres;2012;114
12;Castellón/Castelló;12038 Castellfort;Mujeres;2011;111
12;Castellón/Castelló;12038 Castellfort;Mujeres;2010;114
12;Castellón/Castelló;12038 Castellfort;Mujeres;2009;109
12;Castellón/Castelló;12038 Castellfort;Mujeres;2008;111
12;Castellón/Castelló;12038 Castellfort;Mujeres;2007;113
12;Castellón/Castelló;12038 Castellfort;Mujeres;2006;106
12;Castellón/Castelló;12038 Castellfort;Mujeres;2005;104
12;Castellón/Castelló;12038 Castellfort;Mujeres;2004;104
12;Castellón/Castelló;12038 Castellfort;Mujeres;2003;104
12;Castellón/Castelló;12038 Castellfort;Mujeres;2002;110
12;Castellón/Castelló;12038 Castellfort;Mujeres;2001;115
12;Castellón/Castelló;12038 Castellfort;Mujeres;2000;113
12;Castellón/Castelló;12038 Castellfort;Mujeres;1999;113
12;Castellón/Castelló;12038 Castellfort;Mujeres;1998;111
12;Castellón/Castelló;12038 Castellfort;Mujeres;1997;
12;Castellón/Castelló;12038 Castellfort;Mujeres;1996;117
12;Castellón/Castelló;12039 Castellnovo;Total;2023;888
12;Castellón/Castelló;12039 Castellnovo;Total;2022;893
12;Castellón/Castelló;12039 Castellnovo;Total;2021;914
12;Castellón/Castelló;12039 Castellnovo;Total;2020;918
12;Castellón/Castelló;12039 Castellnovo;Total;2019;917
12;Castellón/Castelló;12039 Castellnovo;Total;2018;946
12;Castellón/Castelló;12039 Castellnovo;Total;2017;966
12;Castellón/Castelló;12039 Castellnovo;Total;2016;981
12;Castellón/Castelló;12039 Castellnovo;Total;2015;1003
12;Castellón/Castelló;12039 Castellnovo;Total;2014;991
12;Castellón/Castelló;12039 Castellnovo;Total;2013;1026
12;Castellón/Castelló;12039 Castellnovo;Total;2012;1050
12;Castellón/Castelló;12039 Castellnovo;Total;2011;1065
12;Castellón/Castelló;12039 Castellnovo;Total;2010;1071
12;Castellón/Castelló;12039 Castellnovo;Total;2009;1081
12;Castellón/Castelló;12039 Castellnovo;Total;2008;1080
12;Castellón/Castelló;12039 Castellnovo;Total;2007;1052
12;Castellón/Castelló;12039 Castellnovo;Total;2006;1019
12;Castellón/Castelló;12039 Castellnovo;Total;2005;1029
12;Castellón/Castelló;12039 Castellnovo;Total;2004;1011
12;Castellón/Castelló;12039 Castellnovo;Total;2003;1027
12;Castellón/Castelló;12039 Castellnovo;Total;2002;1031
12;Castellón/Castelló;12039 Castellnovo;Total;2001;1020
12;Castellón/Castelló;12039 Castellnovo;Total;2000;1020
12;Castellón/Castelló;12039 Castellnovo;Total;1999;1031
12;Castellón/Castelló;12039 Castellnovo;Total;1998;1026
12;Castellón/Castelló;12039 Castellnovo;Total;1997;
12;Castellón/Castelló;12039 Castellnovo;Total;1996;1037
12;Castellón/Castelló;12039 Castellnovo;Hombres;2023;456
12;Castellón/Castelló;12039 Castellnovo;Hombres;2022;455
12;Castellón/Castelló;12039 Castellnovo;Hombres;2021;464
12;Castellón/Castelló;12039 Castellnovo;Hombres;2020;465
12;Castellón/Castelló;12039 Castellnovo;Hombres;2019;461
12;Castellón/Castelló;12039 Castellnovo;Hombres;2018;479
12;Castellón/Castelló;12039 Castellnovo;Hombres;2017;490
12;Castellón/Castelló;12039 Castellnovo;Hombres;2016;498
12;Castellón/Castelló;12039 Castellnovo;Hombres;2015;505
12;Castellón/Castelló;12039 Castellnovo;Hombres;2014;505
12;Castellón/Castelló;12039 Castellnovo;Hombres;2013;518
12;Castellón/Castelló;12039 Castellnovo;Hombres;2012;535
12;Castellón/Castelló;12039 Castellnovo;Hombres;2011;542
12;Castellón/Castelló;12039 Castellnovo;Hombres;2010;538
12;Castellón/Castelló;12039 Castellnovo;Hombres;2009;549
12;Castellón/Castelló;12039 Castellnovo;Hombres;2008;541
12;Castellón/Castelló;12039 Castellnovo;Hombres;2007;517
12;Castellón/Castelló;12039 Castellnovo;Hombres;2006;497
12;Castellón/Castelló;12039 Castellnovo;Hombres;2005;498
12;Castellón/Castelló;12039 Castellnovo;Hombres;2004;485
12;Castellón/Castelló;12039 Castellnovo;Hombres;2003;483
12;Castellón/Castelló;12039 Castellnovo;Hombres;2002;485
12;Castellón/Castelló;12039 Castellnovo;Hombres;2001;475
12;Castellón/Castelló;12039 Castellnovo;Hombres;2000;476
12;Castellón/Castelló;12039 Castellnovo;Hombres;1999;486
12;Castellón/Castelló;12039 Castellnovo;Hombres;1998;491
12;Castellón/Castelló;12039 Castellnovo;Hombres;1997;
12;Castellón/Castelló;12039 Castellnovo;Hombres;1996;503
12;Castellón/Castelló;12039 Castellnovo;Mujeres;2023;432
12;Castellón/Castelló;12039 Castellnovo;Mujeres;2022;438
12;Castellón/Castelló;12039 Castellnovo;Mujeres;2021;450
12;Castellón/Castelló;12039 Castellnovo;Mujeres;2020;453
12;Castellón/Castelló;12039 Castellnovo;Mujeres;2019;456
12;Castellón/Castelló;12039 Castellnovo;Mujeres;2018;467
12;Castellón/Castelló;12039 Castellnovo;Mujeres;2017;476
12;Castellón/Castelló;12039 Castellnovo;Mujeres;2016;483
12;Castellón/Castelló;12039 Castellnovo;Mujeres;2015;498
12;Castellón/Castelló;12039 Castellnovo;Mujeres;2014;486
12;Castellón/Castelló;12039 Castellnovo;Mujeres;2013;508
12;Castellón/Castelló;12039 Castellnovo;Mujeres;2012;515
12;Castellón/Castelló;12039 Castellnovo;Mujeres;2011;523
12;Castellón/Castelló;12039 Castellnovo;Mujeres;2010;533
12;Castellón/Castelló;12039 Castellnovo;Mujeres;2009;532
12;Castellón/Castelló;12039 Castellnovo;Mujeres;2008;539
12;Castellón/Castelló;12039 Castellnovo;Mujeres;2007;535
12;Castellón/Castelló;12039 Castellnovo;Mujeres;2006;522
12;Castellón/Castelló;12039 Castellnovo;Mujeres;2005;531
12;Castellón/Castelló;12039 Castellnovo;Mujeres;2004;526
12;Castellón/Castelló;12039 Castellnovo;Mujeres;2003;544
12;Castellón/Castelló;12039 Castellnovo;Mujeres;2002;546
12;Castellón/Castelló;12039 Castellnovo;Mujeres;2001;545
12;Castellón/Castelló;12039 Castellnovo;Mujeres;2000;544
12;Castellón/Castelló;12039 Castellnovo;Mujeres;1999;545
12;Castellón/Castelló;12039 Castellnovo;Mujeres;1998;535
12;Castellón/Castelló;12039 Castellnovo;Mujeres;1997;
12;Castellón/Castelló;12039 Castellnovo;Mujeres;1996;534
12;Castellón/Castelló;12040 Castelló de la Plana;Total;2023;176238
12;Castellón/Castelló;12040 Castelló de la Plana;Total;2022;171857
12;Castellón/Castelló;12040 Castelló de la Plana;Total;2021;172589
12;Castellón/Castelló;12040 Castelló de la Plana;Total;2020;174264
12;Castellón/Castelló;12040 Castelló de la Plana;Total;2019;171728
12;Castellón/Castelló;12040 Castelló de la Plana;Total;2018;170888
12;Castellón/Castelló;12040 Castelló de la Plana;Total;2017;169498
12;Castellón/Castelló;12040 Castelló de la Plana;Total;2016;170990
12;Castellón/Castelló;12040 Castelló de la Plana;Total;2015;171669
12;Castellón/Castelló;12040 Castelló de la Plana;Total;2014;173841
12;Castellón/Castelló;12040 Castelló de la Plana;Total;2013;180185
12;Castellón/Castelló;12040 Castelló de la Plana;Total;2012;180204
12;Castellón/Castelló;12040 Castelló de la Plana;Total;2011;180114
12;Castellón/Castelló;12040 Castelló de la Plana;Total;2010;180690
12;Castellón/Castelló;12040 Castelló de la Plana;Total;2009;180005
12;Castellón/Castelló;12040 Castelló de la Plana;Total;2008;177924
12;Castellón/Castelló;12040 Castelló de la Plana;Total;2007;172624
12;Castellón/Castelló;12040 Castelló de la Plana;Total;2006;172110
12;Castellón/Castelló;12040 Castelló de la Plana;Total;2005;167455
12;Castellón/Castelló;12040 Castelló de la Plana;Total;2004;163088
12;Castellón/Castelló;12040 Castelló de la Plana;Total;2003;160714
12;Castellón/Castelló;12040 Castelló de la Plana;Total;2002;153225
12;Castellón/Castelló;12040 Castelló de la Plana;Total;2001;146563
12;Castellón/Castelló;12040 Castelló de la Plana;Total;2000;142285
12;Castellón/Castelló;12040 Castelló de la Plana;Total;1999;139712
12;Castellón/Castelló;12040 Castelló de la Plana;Total;1998;137741
12;Castellón/Castelló;12040 Castelló de la Plana;Total;1997;
12;Castellón/Castelló;12040 Castelló de la Plana;Total;1996;135729
12;Castellón/Castelló;12040 Castelló de la Plana;Hombres;2023;85021
12;Castellón/Castelló;12040 Castelló de la Plana;Hombres;2022;82969
12;Castellón/Castelló;12040 Castelló de la Plana;Hombres;2021;83337
12;Castellón/Castelló;12040 Castelló de la Plana;Hombres;2020;84319
12;Castellón/Castelló;12040 Castelló de la Plana;Hombres;2019;83072
12;Castellón/Castelló;12040 Castelló de la Plana;Hombres;2018;82695
12;Castellón/Castelló;12040 Castelló de la Plana;Hombres;2017;82003
12;Castellón/Castelló;12040 Castelló de la Plana;Hombres;2016;82982
12;Castellón/Castelló;12040 Castelló de la Plana;Hombres;2015;83406
12;Castellón/Castelló;12040 Castelló de la Plana;Hombres;2014;84732
12;Castellón/Castelló;12040 Castelló de la Plana;Hombres;2013;88404
12;Castellón/Castelló;12040 Castelló de la Plana;Hombres;2012;88550
12;Castellón/Castelló;12040 Castelló de la Plana;Hombres;2011;88478
12;Castellón/Castelló;12040 Castelló de la Plana;Hombres;2010;89006
12;Castellón/Castelló;12040 Castelló de la Plana;Hombres;2009;88979
12;Castellón/Castelló;12040 Castelló de la Plana;Hombres;2008;87989
12;Castellón/Castelló;12040 Castelló de la Plana;Hombres;2007;85204
12;Castellón/Castelló;12040 Castelló de la Plana;Hombres;2006;85208
12;Castellón/Castelló;12040 Castelló de la Plana;Hombres;2005;82859
12;Castellón/Castelló;12040 Castelló de la Plana;Hombres;2004;80576
12;Castellón/Castelló;12040 Castelló de la Plana;Hombres;2003;79353
12;Castellón/Castelló;12040 Castelló de la Plana;Hombres;2002;75557
12;Castellón/Castelló;12040 Castelló de la Plana;Hombres;2001;71766
12;Castellón/Castelló;12040 Castelló de la Plana;Hombres;2000;69360
12;Castellón/Castelló;12040 Castelló de la Plana;Hombres;1999;68112
12;Castellón/Castelló;12040 Castelló de la Plana;Hombres;1998;67015
12;Castellón/Castelló;12040 Castelló de la Plana;Hombres;1997;
12;Castellón/Castelló;12040 Castelló de la Plana;Hombres;1996;66044
12;Castellón/Castelló;12040 Castelló de la Plana;Mujeres;2023;91217
12;Castellón/Castelló;12040 Castelló de la Plana;Mujeres;2022;88888
12;Castellón/Castelló;12040 Castelló de la Plana;Mujeres;2021;89252
12;Castellón/Castelló;12040 Castelló de la Plana;Mujeres;2020;89945
12;Castellón/Castelló;12040 Castelló de la Plana;Mujeres;2019;88656
12;Castellón/Castelló;12040 Castelló de la Plana;Mujeres;2018;88193
12;Castellón/Castelló;12040 Castelló de la Plana;Mujeres;2017;87495
12;Castellón/Castelló;12040 Castelló de la Plana;Mujeres;2016;88008
12;Castellón/Castelló;12040 Castelló de la Plana;Mujeres;2015;88263
12;Castellón/Castelló;12040 Castelló de la Plana;Mujeres;2014;89109
12;Castellón/Castelló;12040 Castelló de la Plana;Mujeres;2013;91781
12;Castellón/Castelló;12040 Castelló de la Plana;Mujeres;2012;91654
12;Castellón/Castelló;12040 Castelló de la Plana;Mujeres;2011;91636
12;Castellón/Castelló;12040 Castelló de la Plana;Mujeres;2010;91684
12;Castellón/Castelló;12040 Castelló de la Plana;Mujeres;2009;91026
12;Castellón/Castelló;12040 Castelló de la Plana;Mujeres;2008;89935
12;Castellón/Castelló;12040 Castelló de la Plana;Mujeres;2007;87420
12;Castellón/Castelló;12040 Castelló de la Plana;Mujeres;2006;86902
12;Castellón/Castelló;12040 Castelló de la Plana;Mujeres;2005;84596
12;Castellón/Castelló;12040 Castelló de la Plana;Mujeres;2004;82512
12;Castellón/Castelló;12040 Castelló de la Plana;Mujeres;2003;81361
12;Castellón/Castelló;12040 Castelló de la Plana;Mujeres;2002;77668
12;Castellón/Castelló;12040 Castelló de la Plana;Mujeres;2001;74797
12;Castellón/Castelló;12040 Castelló de la Plana;Mujeres;2000;72925
12;Castellón/Castelló;12040 Castelló de la Plana;Mujeres;1999;71600
12;Castellón/Castelló;12040 Castelló de la Plana;Mujeres;1998;70726
12;Castellón/Castelló;12040 Castelló de la Plana;Mujeres;1997;
12;Castellón/Castelló;12040 Castelló de la Plana;Mujeres;1996;69685
12;Castellón/Castelló;12041 Castillo de Villamalefa;Total;2023;109
12;Castellón/Castelló;12041 Castillo de Villamalefa;Total;2022;112
12;Castellón/Castelló;12041 Castillo de Villamalefa;Total;2021;103
12;Castellón/Castelló;12041 Castillo de Villamalefa;Total;2020;101
12;Castellón/Castelló;12041 Castillo de Villamalefa;Total;2019;107
12;Castellón/Castelló;12041 Castillo de Villamalefa;Total;2018;101
12;Castellón/Castelló;12041 Castillo de Villamalefa;Total;2017;103
12;Castellón/Castelló;12041 Castillo de Villamalefa;Total;2016;103
12;Castellón/Castelló;12041 Castillo de Villamalefa;Total;2015;112
12;Castellón/Castelló;12041 Castillo de Villamalefa;Total;2014;105
12;Castellón/Castelló;12041 Castillo de Villamalefa;Total;2013;110
12;Castellón/Castelló;12041 Castillo de Villamalefa;Total;2012;112
12;Castellón/Castelló;12041 Castillo de Villamalefa;Total;2011;114
12;Castellón/Castelló;12041 Castillo de Villamalefa;Total;2010;102
12;Castellón/Castelló;12041 Castillo de Villamalefa;Total;2009;109
12;Castellón/Castelló;12041 Castillo de Villamalefa;Total;2008;88
12;Castellón/Castelló;12041 Castillo de Villamalefa;Total;2007;98
12;Castellón/Castelló;12041 Castillo de Villamalefa;Total;2006;101
12;Castellón/Castelló;12041 Castillo de Villamalefa;Total;2005;104
12;Castellón/Castelló;12041 Castillo de Villamalefa;Total;2004;108
12;Castellón/Castelló;12041 Castillo de Villamalefa;Total;2003;105
12;Castellón/Castelló;12041 Castillo de Villamalefa;Total;2002;103
12;Castellón/Castelló;12041 Castillo de Villamalefa;Total;2001;110
12;Castellón/Castelló;12041 Castillo de Villamalefa;Total;2000;115
12;Castellón/Castelló;12041 Castillo de Villamalefa;Total;1999;123
12;Castellón/Castelló;12041 Castillo de Villamalefa;Total;1998;130
12;Castellón/Castelló;12041 Castillo de Villamalefa;Total;1997;
12;Castellón/Castelló;12041 Castillo de Villamalefa;Total;1996;137
12;Castellón/Castelló;12041 Castillo de Villamalefa;Hombres;2023;72
12;Castellón/Castelló;12041 Castillo de Villamalefa;Hombres;2022;73
12;Castellón/Castelló;12041 Castillo de Villamalefa;Hombres;2021;68
12;Castellón/Castelló;12041 Castillo de Villamalefa;Hombres;2020;68
12;Castellón/Castelló;12041 Castillo de Villamalefa;Hombres;2019;72
12;Castellón/Castelló;12041 Castillo de Villamalefa;Hombres;2018;66
12;Castellón/Castelló;12041 Castillo de Villamalefa;Hombres;2017;67
12;Castellón/Castelló;12041 Castillo de Villamalefa;Hombres;2016;65
12;Castellón/Castelló;12041 Castillo de Villamalefa;Hombres;2015;72
12;Castellón/Castelló;12041 Castillo de Villamalefa;Hombres;2014;65
12;Castellón/Castelló;12041 Castillo de Villamalefa;Hombres;2013;70
12;Castellón/Castelló;12041 Castillo de Villamalefa;Hombres;2012;70
12;Castellón/Castelló;12041 Castillo de Villamalefa;Hombres;2011;69
12;Castellón/Castelló;12041 Castillo de Villamalefa;Hombres;2010;54
12;Castellón/Castelló;12041 Castillo de Villamalefa;Hombres;2009;56
12;Castellón/Castelló;12041 Castillo de Villamalefa;Hombres;2008;43
12;Castellón/Castelló;12041 Castillo de Villamalefa;Hombres;2007;47
12;Castellón/Castelló;12041 Castillo de Villamalefa;Hombres;2006;48
12;Castellón/Castelló;12041 Castillo de Villamalefa;Hombres;2005;50
12;Castellón/Castelló;12041 Castillo de Villamalefa;Hombres;2004;53
12;Castellón/Castelló;12041 Castillo de Villamalefa;Hombres;2003;52
12;Castellón/Castelló;12041 Castillo de Villamalefa;Hombres;2002;52
12;Castellón/Castelló;12041 Castillo de Villamalefa;Hombres;2001;55
12;Castellón/Castelló;12041 Castillo de Villamalefa;Hombres;2000;58
12;Castellón/Castelló;12041 Castillo de Villamalefa;Hombres;1999;61
12;Castellón/Castelló;12041 Castillo de Villamalefa;Hombres;1998;64
12;Castellón/Castelló;12041 Castillo de Villamalefa;Hombres;1997;
12;Castellón/Castelló;12041 Castillo de Villamalefa;Hombres;1996;69
12;Castellón/Castelló;12041 Castillo de Villamalefa;Mujeres;2023;37
12;Castellón/Castelló;12041 Castillo de Villamalefa;Mujeres;2022;39
12;Castellón/Castelló;12041 Castillo de Villamalefa;Mujeres;2021;35
12;Castellón/Castelló;12041 Castillo de Villamalefa;Mujeres;2020;33
12;Castellón/Castelló;12041 Castillo de Villamalefa;Mujeres;2019;35
12;Castellón/Castelló;12041 Castillo de Villamalefa;Mujeres;2018;35
12;Castellón/Castelló;12041 Castillo de Villamalefa;Mujeres;2017;36
12;Castellón/Castelló;12041 Castillo de Villamalefa;Mujeres;2016;38
12;Castellón/Castelló;12041 Castillo de Villamalefa;Mujeres;2015;40
12;Castellón/Castelló;12041 Castillo de Villamalefa;Mujeres;2014;40
12;Castellón/Castelló;12041 Castillo de Villamalefa;Mujeres;2013;40
12;Castellón/Castelló;12041 Castillo de Villamalefa;Mujeres;2012;42
12;Castellón/Castelló;12041 Castillo de Villamalefa;Mujeres;2011;45
12;Castellón/Castelló;12041 Castillo de Villamalefa;Mujeres;2010;48
12;Castellón/Castelló;12041 Castillo de Villamalefa;Mujeres;2009;53
12;Castellón/Castelló;12041 Castillo de Villamalefa;Mujeres;2008;45
12;Castellón/Castelló;12041 Castillo de Villamalefa;Mujeres;2007;51
12;Castellón/Castelló;12041 Castillo de Villamalefa;Mujeres;2006;53
12;Castellón/Castelló;12041 Castillo de Villamalefa;Mujeres;2005;54
12;Castellón/Castelló;12041 Castillo de Villamalefa;Mujeres;2004;55
12;Castellón/Castelló;12041 Castillo de Villamalefa;Mujeres;2003;53
12;Castellón/Castelló;12041 Castillo de Villamalefa;Mujeres;2002;51
12;Castellón/Castelló;12041 Castillo de Villamalefa;Mujeres;2001;55
12;Castellón/Castelló;12041 Castillo de Villamalefa;Mujeres;2000;57
12;Castellón/Castelló;12041 Castillo de Villamalefa;Mujeres;1999;62
12;Castellón/Castelló;12041 Castillo de Villamalefa;Mujeres;1998;66
12;Castellón/Castelló;12041 Castillo de Villamalefa;Mujeres;1997;
12;Castellón/Castelló;12041 Castillo de Villamalefa;Mujeres;1996;68
12;Castellón/Castelló;12042 Catí;Total;2023;724
12;Castellón/Castelló;12042 Catí;Total;2022;711
12;Castellón/Castelló;12042 Catí;Total;2021;714
12;Castellón/Castelló;12042 Catí;Total;2020;714
12;Castellón/Castelló;12042 Catí;Total;2019;721
12;Castellón/Castelló;12042 Catí;Total;2018;742
12;Castellón/Castelló;12042 Catí;Total;2017;757
12;Castellón/Castelló;12042 Catí;Total;2016;779
12;Castellón/Castelló;12042 Catí;Total;2015;779
12;Castellón/Castelló;12042 Catí;Total;2014;787
12;Castellón/Castelló;12042 Catí;Total;2013;824
12;Castellón/Castelló;12042 Catí;Total;2012;841
12;Castellón/Castelló;12042 Catí;Total;2011;850
12;Castellón/Castelló;12042 Catí;Total;2010;863
12;Castellón/Castelló;12042 Catí;Total;2009;859
12;Castellón/Castelló;12042 Catí;Total;2008;861
12;Castellón/Castelló;12042 Catí;Total;2007;861
12;Castellón/Castelló;12042 Catí;Total;2006;869
12;Castellón/Castelló;12042 Catí;Total;2005;857
12;Castellón/Castelló;12042 Catí;Total;2004;853
12;Castellón/Castelló;12042 Catí;Total;2003;862
12;Castellón/Castelló;12042 Catí;Total;2002;855
12;Castellón/Castelló;12042 Catí;Total;2001;866
12;Castellón/Castelló;12042 Catí;Total;2000;869
12;Castellón/Castelló;12042 Catí;Total;1999;878
12;Castellón/Castelló;12042 Catí;Total;1998;897
12;Castellón/Castelló;12042 Catí;Total;1997;
12;Castellón/Castelló;12042 Catí;Total;1996;912
12;Castellón/Castelló;12042 Catí;Hombres;2023;361
12;Castellón/Castelló;12042 Catí;Hombres;2022;356
12;Castellón/Castelló;12042 Catí;Hombres;2021;358
12;Castellón/Castelló;12042 Catí;Hombres;2020;359
12;Castellón/Castelló;12042 Catí;Hombres;2019;362
12;Castellón/Castelló;12042 Catí;Hombres;2018;370
12;Castellón/Castelló;12042 Catí;Hombres;2017;374
12;Castellón/Castelló;12042 Catí;Hombres;2016;390
12;Castellón/Castelló;12042 Catí;Hombres;2015;395
12;Castellón/Castelló;12042 Catí;Hombres;2014;397
12;Castellón/Castelló;12042 Catí;Hombres;2013;419
12;Castellón/Castelló;12042 Catí;Hombres;2012;425
12;Castellón/Castelló;12042 Catí;Hombres;2011;429
12;Castellón/Castelló;12042 Catí;Hombres;2010;442
12;Castellón/Castelló;12042 Catí;Hombres;2009;440
12;Castellón/Castelló;12042 Catí;Hombres;2008;449
12;Castellón/Castelló;12042 Catí;Hombres;2007;448
12;Castellón/Castelló;12042 Catí;Hombres;2006;454
12;Castellón/Castelló;12042 Catí;Hombres;2005;442
12;Castellón/Castelló;12042 Catí;Hombres;2004;442
12;Castellón/Castelló;12042 Catí;Hombres;2003;445
12;Castellón/Castelló;12042 Catí;Hombres;2002;440
12;Castellón/Castelló;12042 Catí;Hombres;2001;450
12;Castellón/Castelló;12042 Catí;Hombres;2000;448
12;Castellón/Castelló;12042 Catí;Hombres;1999;455
12;Castellón/Castelló;12042 Catí;Hombres;1998;462
12;Castellón/Castelló;12042 Catí;Hombres;1997;
12;Castellón/Castelló;12042 Catí;Hombres;1996;472
12;Castellón/Castelló;12042 Catí;Mujeres;2023;363
12;Castellón/Castelló;12042 Catí;Mujeres;2022;355
12;Castellón/Castelló;12042 Catí;Mujeres;2021;356
12;Castellón/Castelló;12042 Catí;Mujeres;2020;355
12;Castellón/Castelló;12042 Catí;Mujeres;2019;359
12;Castellón/Castelló;12042 Catí;Mujeres;2018;372
12;Castellón/Castelló;12042 Catí;Mujeres;2017;383
12;Castellón/Castelló;12042 Catí;Mujeres;2016;389
12;Castellón/Castelló;12042 Catí;Mujeres;2015;384
12;Castellón/Castelló;12042 Catí;Mujeres;2014;390
12;Castellón/Castelló;12042 Catí;Mujeres;2013;405
12;Castellón/Castelló;12042 Catí;Mujeres;2012;416
12;Castellón/Castelló;12042 Catí;Mujeres;2011;421
12;Castellón/Castelló;12042 Catí;Mujeres;2010;421
12;Castellón/Castelló;12042 Catí;Mujeres;2009;419
12;Castellón/Castelló;12042 Catí;Mujeres;2008;412
12;Castellón/Castelló;12042 Catí;Mujeres;2007;413
12;Castellón/Castelló;12042 Catí;Mujeres;2006;415
12;Castellón/Castelló;12042 Catí;Mujeres;2005;415
12;Castellón/Castelló;12042 Catí;Mujeres;2004;411
12;Castellón/Castelló;12042 Catí;Mujeres;2003;417
12;Castellón/Castelló;12042 Catí;Mujeres;2002;415
12;Castellón/Castelló;12042 Catí;Mujeres;2001;416
12;Castellón/Castelló;12042 Catí;Mujeres;2000;421
12;Castellón/Castelló;12042 Catí;Mujeres;1999;423
12;Castellón/Castelló;12042 Catí;Mujeres;1998;435
12;Castellón/Castelló;12042 Catí;Mujeres;1997;
12;Castellón/Castelló;12042 Catí;Mujeres;1996;440
12;Castellón/Castelló;12043 Caudiel;Total;2023;716
12;Castellón/Castelló;12043 Caudiel;Total;2022;674
12;Castellón/Castelló;12043 Caudiel;Total;2021;663
12;Castellón/Castelló;12043 Caudiel;Total;2020;659
12;Castellón/Castelló;12043 Caudiel;Total;2019;664
12;Castellón/Castelló;12043 Caudiel;Total;2018;647
12;Castellón/Castelló;12043 Caudiel;Total;2017;653
12;Castellón/Castelló;12043 Caudiel;Total;2016;673
12;Castellón/Castelló;12043 Caudiel;Total;2015;700
12;Castellón/Castelló;12043 Caudiel;Total;2014;739
12;Castellón/Castelló;12043 Caudiel;Total;2013;753
12;Castellón/Castelló;12043 Caudiel;Total;2012;739
12;Castellón/Castelló;12043 Caudiel;Total;2011;754
12;Castellón/Castelló;12043 Caudiel;Total;2010;766
12;Castellón/Castelló;12043 Caudiel;Total;2009;712
12;Castellón/Castelló;12043 Caudiel;Total;2008;724
12;Castellón/Castelló;12043 Caudiel;Total;2007;714
12;Castellón/Castelló;12043 Caudiel;Total;2006;697
12;Castellón/Castelló;12043 Caudiel;Total;2005;701
12;Castellón/Castelló;12043 Caudiel;Total;2004;704
12;Castellón/Castelló;12043 Caudiel;Total;2003;709
12;Castellón/Castelló;12043 Caudiel;Total;2002;711
12;Castellón/Castelló;12043 Caudiel;Total;2001;690
12;Castellón/Castelló;12043 Caudiel;Total;2000;695
12;Castellón/Castelló;12043 Caudiel;Total;1999;699
12;Castellón/Castelló;12043 Caudiel;Total;1998;707
12;Castellón/Castelló;12043 Caudiel;Total;1997;
12;Castellón/Castelló;12043 Caudiel;Total;1996;712
12;Castellón/Castelló;12043 Caudiel;Hombres;2023;358
12;Castellón/Castelló;12043 Caudiel;Hombres;2022;350
12;Castellón/Castelló;12043 Caudiel;Hombres;2021;344
12;Castellón/Castelló;12043 Caudiel;Hombres;2020;341
12;Castellón/Castelló;12043 Caudiel;Hombres;2019;340
12;Castellón/Castelló;12043 Caudiel;Hombres;2018;334
12;Castellón/Castelló;12043 Caudiel;Hombres;2017;339
12;Castellón/Castelló;12043 Caudiel;Hombres;2016;352
12;Castellón/Castelló;12043 Caudiel;Hombres;2015;359
12;Castellón/Castelló;12043 Caudiel;Hombres;2014;380
12;Castellón/Castelló;12043 Caudiel;Hombres;2013;390
12;Castellón/Castelló;12043 Caudiel;Hombres;2012;384
12;Castellón/Castelló;12043 Caudiel;Hombres;2011;385
12;Castellón/Castelló;12043 Caudiel;Hombres;2010;388
12;Castellón/Castelló;12043 Caudiel;Hombres;2009;364
12;Castellón/Castelló;12043 Caudiel;Hombres;2008;370
12;Castellón/Castelló;12043 Caudiel;Hombres;2007;368
12;Castellón/Castelló;12043 Caudiel;Hombres;2006;361
12;Castellón/Castelló;12043 Caudiel;Hombres;2005;352
12;Castellón/Castelló;12043 Caudiel;Hombres;2004;352
12;Castellón/Castelló;12043 Caudiel;Hombres;2003;349
12;Castellón/Castelló;12043 Caudiel;Hombres;2002;348
12;Castellón/Castelló;12043 Caudiel;Hombres;2001;339
12;Castellón/Castelló;12043 Caudiel;Hombres;2000;339
12;Castellón/Castelló;12043 Caudiel;Hombres;1999;348
12;Castellón/Castelló;12043 Caudiel;Hombres;1998;350
12;Castellón/Castelló;12043 Caudiel;Hombres;1997;
12;Castellón/Castelló;12043 Caudiel;Hombres;1996;348
12;Castellón/Castelló;12043 Caudiel;Mujeres;2023;358
12;Castellón/Castelló;12043 Caudiel;Mujeres;2022;324
12;Castellón/Castelló;12043 Caudiel;Mujeres;2021;319
12;Castellón/Castelló;12043 Caudiel;Mujeres;2020;318
12;Castellón/Castelló;12043 Caudiel;Mujeres;2019;324
12;Castellón/Castelló;12043 Caudiel;Mujeres;2018;313
12;Castellón/Castelló;12043 Caudiel;Mujeres;2017;314
12;Castellón/Castelló;12043 Caudiel;Mujeres;2016;321
12;Castellón/Castelló;12043 Caudiel;Mujeres;2015;341
12;Castellón/Castelló;12043 Caudiel;Mujeres;2014;359
12;Castellón/Castelló;12043 Caudiel;Mujeres;2013;363
12;Castellón/Castelló;12043 Caudiel;Mujeres;2012;355
12;Castellón/Castelló;12043 Caudiel;Mujeres;2011;369
12;Castellón/Castelló;12043 Caudiel;Mujeres;2010;378
12;Castellón/Castelló;12043 Caudiel;Mujeres;2009;348
12;Castellón/Castelló;12043 Caudiel;Mujeres;2008;354
12;Castellón/Castelló;12043 Caudiel;Mujeres;2007;346
12;Castellón/Castelló;12043 Caudiel;Mujeres;2006;336
12;Castellón/Castelló;12043 Caudiel;Mujeres;2005;349
12;Castellón/Castelló;12043 Caudiel;Mujeres;2004;352
12;Castellón/Castelló;12043 Caudiel;Mujeres;2003;360
12;Castellón/Castelló;12043 Caudiel;Mujeres;2002;363
12;Castellón/Castelló;12043 Caudiel;Mujeres;2001;351
12;Castellón/Castelló;12043 Caudiel;Mujeres;2000;356
12;Castellón/Castelló;12043 Caudiel;Mujeres;1999;351
12;Castellón/Castelló;12043 Caudiel;Mujeres;1998;357
12;Castellón/Castelló;12043 Caudiel;Mujeres;1997;
12;Castellón/Castelló;12043 Caudiel;Mujeres;1996;364
12;Castellón/Castelló;12044 Cervera del Maestre;Total;2023;656
12;Castellón/Castelló;12044 Cervera del Maestre;Total;2022;593
12;Castellón/Castelló;12044 Cervera del Maestre;Total;2021;577
12;Castellón/Castelló;12044 Cervera del Maestre;Total;2020;557
12;Castellón/Castelló;12044 Cervera del Maestre;Total;2019;575
12;Castellón/Castelló;12044 Cervera del Maestre;Total;2018;599
12;Castellón/Castelló;12044 Cervera del Maestre;Total;2017;620
12;Castellón/Castelló;12044 Cervera del Maestre;Total;2016;642
12;Castellón/Castelló;12044 Cervera del Maestre;Total;2015;653
12;Castellón/Castelló;12044 Cervera del Maestre;Total;2014;644
12;Castellón/Castelló;12044 Cervera del Maestre;Total;2013;711
12;Castellón/Castelló;12044 Cervera del Maestre;Total;2012;716
12;Castellón/Castelló;12044 Cervera del Maestre;Total;2011;727
12;Castellón/Castelló;12044 Cervera del Maestre;Total;2010;717
12;Castellón/Castelló;12044 Cervera del Maestre;Total;2009;730
12;Castellón/Castelló;12044 Cervera del Maestre;Total;2008;748
12;Castellón/Castelló;12044 Cervera del Maestre;Total;2007;724
12;Castellón/Castelló;12044 Cervera del Maestre;Total;2006;680
12;Castellón/Castelló;12044 Cervera del Maestre;Total;2005;663
12;Castellón/Castelló;12044 Cervera del Maestre;Total;2004;640
12;Castellón/Castelló;12044 Cervera del Maestre;Total;2003;660
12;Castellón/Castelló;12044 Cervera del Maestre;Total;2002;661
12;Castellón/Castelló;12044 Cervera del Maestre;Total;2001;688
12;Castellón/Castelló;12044 Cervera del Maestre;Total;2000;711
12;Castellón/Castelló;12044 Cervera del Maestre;Total;1999;711
12;Castellón/Castelló;12044 Cervera del Maestre;Total;1998;730
12;Castellón/Castelló;12044 Cervera del Maestre;Total;1997;
12;Castellón/Castelló;12044 Cervera del Maestre;Total;1996;746
12;Castellón/Castelló;12044 Cervera del Maestre;Hombres;2023;317
12;Castellón/Castelló;12044 Cervera del Maestre;Hombres;2022;284
12;Castellón/Castelló;12044 Cervera del Maestre;Hombres;2021;276
12;Castellón/Castelló;12044 Cervera del Maestre;Hombres;2020;268
12;Castellón/Castelló;12044 Cervera del Maestre;Hombres;2019;286
12;Castellón/Castelló;12044 Cervera del Maestre;Hombres;2018;292
12;Castellón/Castelló;12044 Cervera del Maestre;Hombres;2017;296
12;Castellón/Castelló;12044 Cervera del Maestre;Hombres;2016;307
12;Castellón/Castelló;12044 Cervera del Maestre;Hombres;2015;312
12;Castellón/Castelló;12044 Cervera del Maestre;Hombres;2014;312
12;Castellón/Castelló;12044 Cervera del Maestre;Hombres;2013;341
12;Castellón/Castelló;12044 Cervera del Maestre;Hombres;2012;347
12;Castellón/Castelló;12044 Cervera del Maestre;Hombres;2011;354
12;Castellón/Castelló;12044 Cervera del Maestre;Hombres;2010;352
12;Castellón/Castelló;12044 Cervera del Maestre;Hombres;2009;362
12;Castellón/Castelló;12044 Cervera del Maestre;Hombres;2008;368
12;Castellón/Castelló;12044 Cervera del Maestre;Hombres;2007;348
12;Castellón/Castelló;12044 Cervera del Maestre;Hombres;2006;328
12;Castellón/Castelló;12044 Cervera del Maestre;Hombres;2005;324
12;Castellón/Castelló;12044 Cervera del Maestre;Hombres;2004;300
12;Castellón/Castelló;12044 Cervera del Maestre;Hombres;2003;308
12;Castellón/Castelló;12044 Cervera del Maestre;Hombres;2002;312
12;Castellón/Castelló;12044 Cervera del Maestre;Hombres;2001;327
12;Castellón/Castelló;12044 Cervera del Maestre;Hombres;2000;333
12;Castellón/Castelló;12044 Cervera del Maestre;Hombres;1999;337
12;Castellón/Castelló;12044 Cervera del Maestre;Hombres;1998;348
12;Castellón/Castelló;12044 Cervera del Maestre;Hombres;1997;
12;Castellón/Castelló;12044 Cervera del Maestre;Hombres;1996;362
12;Castellón/Castelló;12044 Cervera del Maestre;Mujeres;2023;339
12;Castellón/Castelló;12044 Cervera del Maestre;Mujeres;2022;309
12;Castellón/Castelló;12044 Cervera del Maestre;Mujeres;2021;301
12;Castellón/Castelló;12044 Cervera del Maestre;Mujeres;2020;289
12;Castellón/Castelló;12044 Cervera del Maestre;Mujeres;2019;289
12;Castellón/Castelló;12044 Cervera del Maestre;Mujeres;2018;307
12;Castellón/Castelló;12044 Cervera del Maestre;Mujeres;2017;324
12;Castellón/Castelló;12044 Cervera del Maestre;Mujeres;2016;335
12;Castellón/Castelló;12044 Cervera del Maestre;Mujeres;2015;341
12;Castellón/Castelló;12044 Cervera del Maestre;Mujeres;2014;332
12;Castellón/Castelló;12044 Cervera del Maestre;Mujeres;2013;370
12;Castellón/Castelló;12044 Cervera del Maestre;Mujeres;2012;369
12;Castellón/Castelló;12044 Cervera del Maestre;Mujeres;2011;373
12;Castellón/Castelló;12044 Cervera del Maestre;Mujeres;2010;365
12;Castellón/Castelló;12044 Cervera del Maestre;Mujeres;2009;368
12;Castellón/Castelló;12044 Cervera del Maestre;Mujeres;2008;380
12;Castellón/Castelló;12044 Cervera del Maestre;Mujeres;2007;376
12;Castellón/Castelló;12044 Cervera del Maestre;Mujeres;2006;352
12;Castellón/Castelló;12044 Cervera del Maestre;Mujeres;2005;339
12;Castellón/Castelló;12044 Cervera del Maestre;Mujeres;2004;340
12;Castellón/Castelló;12044 Cervera del Maestre;Mujeres;2003;352
12;Castellón/Castelló;12044 Cervera del Maestre;Mujeres;2002;349
12;Castellón/Castelló;12044 Cervera del Maestre;Mujeres;2001;361
12;Castellón/Castelló;12044 Cervera del Maestre;Mujeres;2000;378
12;Castellón/Castelló;12044 Cervera del Maestre;Mujeres;1999;374
12;Castellón/Castelló;12044 Cervera del Maestre;Mujeres;1998;382
12;Castellón/Castelló;12044 Cervera del Maestre;Mujeres;1997;
12;Castellón/Castelló;12044 Cervera del Maestre;Mujeres;1996;384
12;Castellón/Castelló;12053 Chilches/Xilxes;Total;2023;2981
12;Castellón/Castelló;12053 Chilches/Xilxes;Total;2022;2846
12;Castellón/Castelló;12053 Chilches/Xilxes;Total;2021;2795
12;Castellón/Castelló;12053 Chilches/Xilxes;Total;2020;2714
12;Castellón/Castelló;12053 Chilches/Xilxes;Total;2019;2679
12;Castellón/Castelló;12053 Chilches/Xilxes;Total;2018;2670
12;Castellón/Castelló;12053 Chilches/Xilxes;Total;2017;2658
12;Castellón/Castelló;12053 Chilches/Xilxes;Total;2016;2677
12;Castellón/Castelló;12053 Chilches/Xilxes;Total;2015;2752
12;Castellón/Castelló;12053 Chilches/Xilxes;Total;2014;2853
12;Castellón/Castelló;12053 Chilches/Xilxes;Total;2013;2925
12;Castellón/Castelló;12053 Chilches/Xilxes;Total;2012;2875
12;Castellón/Castelló;12053 Chilches/Xilxes;Total;2011;2844
12;Castellón/Castelló;12053 Chilches/Xilxes;Total;2010;2894
12;Castellón/Castelló;12053 Chilches/Xilxes;Total;2009;2872
12;Castellón/Castelló;12053 Chilches/Xilxes;Total;2008;2821
12;Castellón/Castelló;12053 Chilches/Xilxes;Total;2007;2713
12;Castellón/Castelló;12053 Chilches/Xilxes;Total;2006;2638
12;Castellón/Castelló;12053 Chilches/Xilxes;Total;2005;2566
12;Castellón/Castelló;12053 Chilches/Xilxes;Total;2004;2550
12;Castellón/Castelló;12053 Chilches/Xilxes;Total;2003;2484
12;Castellón/Castelló;12053 Chilches/Xilxes;Total;2002;2411
12;Castellón/Castelló;12053 Chilches/Xilxes;Total;2001;2324
12;Castellón/Castelló;12053 Chilches/Xilxes;Total;2000;2299
12;Castellón/Castelló;12053 Chilches/Xilxes;Total;1999;2228
12;Castellón/Castelló;12053 Chilches/Xilxes;Total;1998;2222
12;Castellón/Castelló;12053 Chilches/Xilxes;Total;1997;
12;Castellón/Castelló;12053 Chilches/Xilxes;Total;1996;2216
12;Castellón/Castelló;12053 Chilches/Xilxes;Hombres;2023;1531
12;Castellón/Castelló;12053 Chilches/Xilxes;Hombres;2022;1464
12;Castellón/Castelló;12053 Chilches/Xilxes;Hombres;2021;1441
12;Castellón/Castelló;12053 Chilches/Xilxes;Hombres;2020;1407
12;Castellón/Castelló;12053 Chilches/Xilxes;Hombres;2019;1383
12;Castellón/Castelló;12053 Chilches/Xilxes;Hombres;2018;1377
12;Castellón/Castelló;12053 Chilches/Xilxes;Hombres;2017;1392
12;Castellón/Castelló;12053 Chilches/Xilxes;Hombres;2016;1407
12;Castellón/Castelló;12053 Chilches/Xilxes;Hombres;2015;1440
12;Castellón/Castelló;12053 Chilches/Xilxes;Hombres;2014;1502
12;Castellón/Castelló;12053 Chilches/Xilxes;Hombres;2013;1537
12;Castellón/Castelló;12053 Chilches/Xilxes;Hombres;2012;1504
12;Castellón/Castelló;12053 Chilches/Xilxes;Hombres;2011;1469
12;Castellón/Castelló;12053 Chilches/Xilxes;Hombres;2010;1501
12;Castellón/Castelló;12053 Chilches/Xilxes;Hombres;2009;1501
12;Castellón/Castelló;12053 Chilches/Xilxes;Hombres;2008;1473
12;Castellón/Castelló;12053 Chilches/Xilxes;Hombres;2007;1411
12;Castellón/Castelló;12053 Chilches/Xilxes;Hombres;2006;1354
12;Castellón/Castelló;12053 Chilches/Xilxes;Hombres;2005;1316
12;Castellón/Castelló;12053 Chilches/Xilxes;Hombres;2004;1320
12;Castellón/Castelló;12053 Chilches/Xilxes;Hombres;2003;1282
12;Castellón/Castelló;12053 Chilches/Xilxes;Hombres;2002;1248
12;Castellón/Castelló;12053 Chilches/Xilxes;Hombres;2001;1196
12;Castellón/Castelló;12053 Chilches/Xilxes;Hombres;2000;1179
12;Castellón/Castelló;12053 Chilches/Xilxes;Hombres;1999;1137
12;Castellón/Castelló;12053 Chilches/Xilxes;Hombres;1998;1134
12;Castellón/Castelló;12053 Chilches/Xilxes;Hombres;1997;
12;Castellón/Castelló;12053 Chilches/Xilxes;Hombres;1996;1121
12;Castellón/Castelló;12053 Chilches/Xilxes;Mujeres;2023;1450
12;Castellón/Castelló;12053 Chilches/Xilxes;Mujeres;2022;1382
12;Castellón/Castelló;12053 Chilches/Xilxes;Mujeres;2021;1354
12;Castellón/Castelló;12053 Chilches/Xilxes;Mujeres;2020;1307
12;Castellón/Castelló;12053 Chilches/Xilxes;Mujeres;2019;1296
12;Castellón/Castelló;12053 Chilches/Xilxes;Mujeres;2018;1293
12;Castellón/Castelló;12053 Chilches/Xilxes;Mujeres;2017;1266
12;Castellón/Castelló;12053 Chilches/Xilxes;Mujeres;2016;1270
12;Castellón/Castelló;12053 Chilches/Xilxes;Mujeres;2015;1312
12;Castellón/Castelló;12053 Chilches/Xilxes;Mujeres;2014;1351
12;Castellón/Castelló;12053 Chilches/Xilxes;Mujeres;2013;1388
12;Castellón/Castelló;12053 Chilches/Xilxes;Mujeres;2012;1371
12;Castellón/Castelló;12053 Chilches/Xilxes;Mujeres;2011;1375
12;Castellón/Castelló;12053 Chilches/Xilxes;Mujeres;2010;1393
12;Castellón/Castelló;12053 Chilches/Xilxes;Mujeres;2009;1371
12;Castellón/Castelló;12053 Chilches/Xilxes;Mujeres;2008;1348
12;Castellón/Castelló;12053 Chilches/Xilxes;Mujeres;2007;1302
12;Castellón/Castelló;12053 Chilches/Xilxes;Mujeres;2006;1284
12;Castellón/Castelló;12053 Chilches/Xilxes;Mujeres;2005;1250
12;Castellón/Castelló;12053 Chilches/Xilxes;Mujeres;2004;1230
12;Castellón/Castelló;12053 Chilches/Xilxes;Mujeres;2003;1202
12;Castellón/Castelló;12053 Chilches/Xilxes;Mujeres;2002;1163
12;Castellón/Castelló;12053 Chilches/Xilxes;Mujeres;2001;1128
12;Castellón/Castelló;12053 Chilches/Xilxes;Mujeres;2000;1120
12;Castellón/Castelló;12053 Chilches/Xilxes;Mujeres;1999;1091
12;Castellón/Castelló;12053 Chilches/Xilxes;Mujeres;1998;1088
12;Castellón/Castelló;12053 Chilches/Xilxes;Mujeres;1997;
12;Castellón/Castelló;12053 Chilches/Xilxes;Mujeres;1996;1095
12;Castellón/Castelló;12056 Chóvar;Total;2023;310
12;Castellón/Castelló;12056 Chóvar;Total;2022;304
12;Castellón/Castelló;12056 Chóvar;Total;2021;302
12;Castellón/Castelló;12056 Chóvar;Total;2020;288
12;Castellón/Castelló;12056 Chóvar;Total;2019;288
12;Castellón/Castelló;12056 Chóvar;Total;2018;297
12;Castellón/Castelló;12056 Chóvar;Total;2017;303
12;Castellón/Castelló;12056 Chóvar;Total;2016;327
12;Castellón/Castelló;12056 Chóvar;Total;2015;327
12;Castellón/Castelló;12056 Chóvar;Total;2014;339
12;Castellón/Castelló;12056 Chóvar;Total;2013;346
12;Castellón/Castelló;12056 Chóvar;Total;2012;355
12;Castellón/Castelló;12056 Chóvar;Total;2011;363
12;Castellón/Castelló;12056 Chóvar;Total;2010;349
12;Castellón/Castelló;12056 Chóvar;Total;2009;347
12;Castellón/Castelló;12056 Chóvar;Total;2008;354
12;Castellón/Castelló;12056 Chóvar;Total;2007;347
12;Castellón/Castelló;12056 Chóvar;Total;2006;356
12;Castellón/Castelló;12056 Chóvar;Total;2005;353
12;Castellón/Castelló;12056 Chóvar;Total;2004;345
12;Castellón/Castelló;12056 Chóvar;Total;2003;351
12;Castellón/Castelló;12056 Chóvar;Total;2002;372
12;Castellón/Castelló;12056 Chóvar;Total;2001;380
12;Castellón/Castelló;12056 Chóvar;Total;2000;378
12;Castellón/Castelló;12056 Chóvar;Total;1999;390
12;Castellón/Castelló;12056 Chóvar;Total;1998;393
12;Castellón/Castelló;12056 Chóvar;Total;1997;
12;Castellón/Castelló;12056 Chóvar;Total;1996;398
12;Castellón/Castelló;12056 Chóvar;Hombres;2023;161
12;Castellón/Castelló;12056 Chóvar;Hombres;2022;158
12;Castellón/Castelló;12056 Chóvar;Hombres;2021;158
12;Castellón/Castelló;12056 Chóvar;Hombres;2020;148
12;Castellón/Castelló;12056 Chóvar;Hombres;2019;150
12;Castellón/Castelló;12056 Chóvar;Hombres;2018;155
12;Castellón/Castelló;12056 Chóvar;Hombres;2017;156
12;Castellón/Castelló;12056 Chóvar;Hombres;2016;170
12;Castellón/Castelló;12056 Chóvar;Hombres;2015;172
12;Castellón/Castelló;12056 Chóvar;Hombres;2014;177
12;Castellón/Castelló;12056 Chóvar;Hombres;2013;176
12;Castellón/Castelló;12056 Chóvar;Hombres;2012;183
12;Castellón/Castelló;12056 Chóvar;Hombres;2011;187
12;Castellón/Castelló;12056 Chóvar;Hombres;2010;181
12;Castellón/Castelló;12056 Chóvar;Hombres;2009;178
12;Castellón/Castelló;12056 Chóvar;Hombres;2008;182
12;Castellón/Castelló;12056 Chóvar;Hombres;2007;181
12;Castellón/Castelló;12056 Chóvar;Hombres;2006;184
12;Castellón/Castelló;12056 Chóvar;Hombres;2005;179
12;Castellón/Castelló;12056 Chóvar;Hombres;2004;176
12;Castellón/Castelló;12056 Chóvar;Hombres;2003;178
12;Castellón/Castelló;12056 Chóvar;Hombres;2002;188
12;Castellón/Castelló;12056 Chóvar;Hombres;2001;193
12;Castellón/Castelló;12056 Chóvar;Hombres;2000;193
12;Castellón/Castelló;12056 Chóvar;Hombres;1999;197
12;Castellón/Castelló;12056 Chóvar;Hombres;1998;199
12;Castellón/Castelló;12056 Chóvar;Hombres;1997;
12;Castellón/Castelló;12056 Chóvar;Hombres;1996;204
12;Castellón/Castelló;12056 Chóvar;Mujeres;2023;149
12;Castellón/Castelló;12056 Chóvar;Mujeres;2022;146
12;Castellón/Castelló;12056 Chóvar;Mujeres;2021;144
12;Castellón/Castelló;12056 Chóvar;Mujeres;2020;140
12;Castellón/Castelló;12056 Chóvar;Mujeres;2019;138
12;Castellón/Castelló;12056 Chóvar;Mujeres;2018;142
12;Castellón/Castelló;12056 Chóvar;Mujeres;2017;147
12;Castellón/Castelló;12056 Chóvar;Mujeres;2016;157
12;Castellón/Castelló;12056 Chóvar;Mujeres;2015;155
12;Castellón/Castelló;12056 Chóvar;Mujeres;2014;162
12;Castellón/Castelló;12056 Chóvar;Mujeres;2013;170
12;Castellón/Castelló;12056 Chóvar;Mujeres;2012;172
12;Castellón/Castelló;12056 Chóvar;Mujeres;2011;176
12;Castellón/Castelló;12056 Chóvar;Mujeres;2010;168
12;Castellón/Castelló;12056 Chóvar;Mujeres;2009;169
12;Castellón/Castelló;12056 Chóvar;Mujeres;2008;172
12;Castellón/Castelló;12056 Chóvar;Mujeres;2007;166
12;Castellón/Castelló;12056 Chóvar;Mujeres;2006;172
12;Castellón/Castelló;12056 Chóvar;Mujeres;2005;174
12;Castellón/Castelló;12056 Chóvar;Mujeres;2004;169
12;Castellón/Castelló;12056 Chóvar;Mujeres;2003;173
12;Castellón/Castelló;12056 Chóvar;Mujeres;2002;184
12;Castellón/Castelló;12056 Chóvar;Mujeres;2001;187
12;Castellón/Castelló;12056 Chóvar;Mujeres;2000;185
12;Castellón/Castelló;12056 Chóvar;Mujeres;1999;193
12;Castellón/Castelló;12056 Chóvar;Mujeres;1998;194
12;Castellón/Castelló;12056 Chóvar;Mujeres;1997;
12;Castellón/Castelló;12056 Chóvar;Mujeres;1996;194
12;Castellón/Castelló;12045 Cinctorres;Total;2023;427
12;Castellón/Castelló;12045 Cinctorres;Total;2022;412
12;Castellón/Castelló;12045 Cinctorres;Total;2021;404
12;Castellón/Castelló;12045 Cinctorres;Total;2020;400
12;Castellón/Castelló;12045 Cinctorres;Total;2019;391
12;Castellón/Castelló;12045 Cinctorres;Total;2018;399
12;Castellón/Castelló;12045 Cinctorres;Total;2017;411
12;Castellón/Castelló;12045 Cinctorres;Total;2016;418
12;Castellón/Castelló;12045 Cinctorres;Total;2015;424
12;Castellón/Castelló;12045 Cinctorres;Total;2014;454
12;Castellón/Castelló;12045 Cinctorres;Total;2013;459
12;Castellón/Castelló;12045 Cinctorres;Total;2012;484
12;Castellón/Castelló;12045 Cinctorres;Total;2011;494
12;Castellón/Castelló;12045 Cinctorres;Total;2010;493
12;Castellón/Castelló;12045 Cinctorres;Total;2009;498
12;Castellón/Castelló;12045 Cinctorres;Total;2008;504
12;Castellón/Castelló;12045 Cinctorres;Total;2007;516
12;Castellón/Castelló;12045 Cinctorres;Total;2006;526
12;Castellón/Castelló;12045 Cinctorres;Total;2005;524
12;Castellón/Castelló;12045 Cinctorres;Total;2004;509
12;Castellón/Castelló;12045 Cinctorres;Total;2003;504
12;Castellón/Castelló;12045 Cinctorres;Total;2002;517
12;Castellón/Castelló;12045 Cinctorres;Total;2001;509
12;Castellón/Castelló;12045 Cinctorres;Total;2000;520
12;Castellón/Castelló;12045 Cinctorres;Total;1999;533
12;Castellón/Castelló;12045 Cinctorres;Total;1998;551
12;Castellón/Castelló;12045 Cinctorres;Total;1997;
12;Castellón/Castelló;12045 Cinctorres;Total;1996;591
12;Castellón/Castelló;12045 Cinctorres;Hombres;2023;207
12;Castellón/Castelló;12045 Cinctorres;Hombres;2022;200
12;Castellón/Castelló;12045 Cinctorres;Hombres;2021;198
12;Castellón/Castelló;12045 Cinctorres;Hombres;2020;198
12;Castellón/Castelló;12045 Cinctorres;Hombres;2019;192
12;Castellón/Castelló;12045 Cinctorres;Hombres;2018;193
12;Castellón/Castelló;12045 Cinctorres;Hombres;2017;196
12;Castellón/Castelló;12045 Cinctorres;Hombres;2016;201
12;Castellón/Castelló;12045 Cinctorres;Hombres;2015;207
12;Castellón/Castelló;12045 Cinctorres;Hombres;2014;225
12;Castellón/Castelló;12045 Cinctorres;Hombres;2013;232
12;Castellón/Castelló;12045 Cinctorres;Hombres;2012;246
12;Castellón/Castelló;12045 Cinctorres;Hombres;2011;245
12;Castellón/Castelló;12045 Cinctorres;Hombres;2010;240
12;Castellón/Castelló;12045 Cinctorres;Hombres;2009;235
12;Castellón/Castelló;12045 Cinctorres;Hombres;2008;241
12;Castellón/Castelló;12045 Cinctorres;Hombres;2007;243
12;Castellón/Castelló;12045 Cinctorres;Hombres;2006;249
12;Castellón/Castelló;12045 Cinctorres;Hombres;2005;249
12;Castellón/Castelló;12045 Cinctorres;Hombres;2004;229
12;Castellón/Castelló;12045 Cinctorres;Hombres;2003;231
12;Castellón/Castelló;12045 Cinctorres;Hombres;2002;237
12;Castellón/Castelló;12045 Cinctorres;Hombres;2001;236
12;Castellón/Castelló;12045 Cinctorres;Hombres;2000;246
12;Castellón/Castelló;12045 Cinctorres;Hombres;1999;247
12;Castellón/Castelló;12045 Cinctorres;Hombres;1998;253
12;Castellón/Castelló;12045 Cinctorres;Hombres;1997;
12;Castellón/Castelló;12045 Cinctorres;Hombres;1996;274
12;Castellón/Castelló;12045 Cinctorres;Mujeres;2023;220
12;Castellón/Castelló;12045 Cinctorres;Mujeres;2022;212
12;Castellón/Castelló;12045 Cinctorres;Mujeres;2021;206
12;Castellón/Castelló;12045 Cinctorres;Mujeres;2020;202
12;Castellón/Castelló;12045 Cinctorres;Mujeres;2019;199
12;Castellón/Castelló;12045 Cinctorres;Mujeres;2018;206
12;Castellón/Castelló;12045 Cinctorres;Mujeres;2017;215
12;Castellón/Castelló;12045 Cinctorres;Mujeres;2016;217
12;Castellón/Castelló;12045 Cinctorres;Mujeres;2015;217
12;Castellón/Castelló;12045 Cinctorres;Mujeres;2014;229
12;Castellón/Castelló;12045 Cinctorres;Mujeres;2013;227
12;Castellón/Castelló;12045 Cinctorres;Mujeres;2012;238
12;Castellón/Castelló;12045 Cinctorres;Mujeres;2011;249
12;Castellón/Castelló;12045 Cinctorres;Mujeres;2010;253
12;Castellón/Castelló;12045 Cinctorres;Mujeres;2009;263
12;Castellón/Castelló;12045 Cinctorres;Mujeres;2008;263
12;Castellón/Castelló;12045 Cinctorres;Mujeres;2007;273
12;Castellón/Castelló;12045 Cinctorres;Mujeres;2006;277
12;Castellón/Castelló;12045 Cinctorres;Mujeres;2005;275
12;Castellón/Castelló;12045 Cinctorres;Mujeres;2004;280
12;Castellón/Castelló;12045 Cinctorres;Mujeres;2003;273
12;Castellón/Castelló;12045 Cinctorres;Mujeres;2002;280
12;Castellón/Castelló;12045 Cinctorres;Mujeres;2001;273
12;Castellón/Castelló;12045 Cinctorres;Mujeres;2000;274
12;Castellón/Castelló;12045 Cinctorres;Mujeres;1999;286
12;Castellón/Castelló;12045 Cinctorres;Mujeres;1998;298
12;Castellón/Castelló;12045 Cinctorres;Mujeres;1997;
12;Castellón/Castelló;12045 Cinctorres;Mujeres;1996;317
12;Castellón/Castelló;12046 Cirat;Total;2023;223
12;Castellón/Castelló;12046 Cirat;Total;2022;226
12;Castellón/Castelló;12046 Cirat;Total;2021;211
12;Castellón/Castelló;12046 Cirat;Total;2020;206
12;Castellón/Castelló;12046 Cirat;Total;2019;201
12;Castellón/Castelló;12046 Cirat;Total;2018;206
12;Castellón/Castelló;12046 Cirat;Total;2017;216
12;Castellón/Castelló;12046 Cirat;Total;2016;220
12;Castellón/Castelló;12046 Cirat;Total;2015;233
12;Castellón/Castelló;12046 Cirat;Total;2014;225
12;Castellón/Castelló;12046 Cirat;Total;2013;233
12;Castellón/Castelló;12046 Cirat;Total;2012;247
12;Castellón/Castelló;12046 Cirat;Total;2011;270
12;Castellón/Castelló;12046 Cirat;Total;2010;257
12;Castellón/Castelló;12046 Cirat;Total;2009;267
12;Castellón/Castelló;12046 Cirat;Total;2008;256
12;Castellón/Castelló;12046 Cirat;Total;2007;256
12;Castellón/Castelló;12046 Cirat;Total;2006;262
12;Castellón/Castelló;12046 Cirat;Total;2005;272
12;Castellón/Castelló;12046 Cirat;Total;2004;281
12;Castellón/Castelló;12046 Cirat;Total;2003;255
12;Castellón/Castelló;12046 Cirat;Total;2002;268
12;Castellón/Castelló;12046 Cirat;Total;2001;288
12;Castellón/Castelló;12046 Cirat;Total;2000;282
12;Castellón/Castelló;12046 Cirat;Total;1999;272
12;Castellón/Castelló;12046 Cirat;Total;1998;281
12;Castellón/Castelló;12046 Cirat;Total;1997;
12;Castellón/Castelló;12046 Cirat;Total;1996;302
12;Castellón/Castelló;12046 Cirat;Hombres;2023;127
12;Castellón/Castelló;12046 Cirat;Hombres;2022;130
12;Castellón/Castelló;12046 Cirat;Hombres;2021;118
12;Castellón/Castelló;12046 Cirat;Hombres;2020;114
12;Castellón/Castelló;12046 Cirat;Hombres;2019;109
12;Castellón/Castelló;12046 Cirat;Hombres;2018;113
12;Castellón/Castelló;12046 Cirat;Hombres;2017;122
12;Castellón/Castelló;12046 Cirat;Hombres;2016;121
12;Castellón/Castelló;12046 Cirat;Hombres;2015;130
12;Castellón/Castelló;12046 Cirat;Hombres;2014;125
12;Castellón/Castelló;12046 Cirat;Hombres;2013;130
12;Castellón/Castelló;12046 Cirat;Hombres;2012;135
12;Castellón/Castelló;12046 Cirat;Hombres;2011;152
12;Castellón/Castelló;12046 Cirat;Hombres;2010;146
12;Castellón/Castelló;12046 Cirat;Hombres;2009;147
12;Castellón/Castelló;12046 Cirat;Hombres;2008;140
12;Castellón/Castelló;12046 Cirat;Hombres;2007;139
12;Castellón/Castelló;12046 Cirat;Hombres;2006;144
12;Castellón/Castelló;12046 Cirat;Hombres;2005;146
12;Castellón/Castelló;12046 Cirat;Hombres;2004;149
12;Castellón/Castelló;12046 Cirat;Hombres;2003;137
12;Castellón/Castelló;12046 Cirat;Hombres;2002;143
12;Castellón/Castelló;12046 Cirat;Hombres;2001;155
12;Castellón/Castelló;12046 Cirat;Hombres;2000;151
12;Castellón/Castelló;12046 Cirat;Hombres;1999;143
12;Castellón/Castelló;12046 Cirat;Hombres;1998;148
12;Castellón/Castelló;12046 Cirat;Hombres;1997;
12;Castellón/Castelló;12046 Cirat;Hombres;1996;156
12;Castellón/Castelló;12046 Cirat;Mujeres;2023;96
12;Castellón/Castelló;12046 Cirat;Mujeres;2022;96
12;Castellón/Castelló;12046 Cirat;Mujeres;2021;93
12;Castellón/Castelló;12046 Cirat;Mujeres;2020;92
12;Castellón/Castelló;12046 Cirat;Mujeres;2019;92
12;Castellón/Castelló;12046 Cirat;Mujeres;2018;93
12;Castellón/Castelló;12046 Cirat;Mujeres;2017;94
12;Castellón/Castelló;12046 Cirat;Mujeres;2016;99
12;Castellón/Castelló;12046 Cirat;Mujeres;2015;103
12;Castellón/Castelló;12046 Cirat;Mujeres;2014;100
12;Castellón/Castelló;12046 Cirat;Mujeres;2013;103
12;Castellón/Castelló;12046 Cirat;Mujeres;2012;112
12;Castellón/Castelló;12046 Cirat;Mujeres;2011;118
12;Castellón/Castelló;12046 Cirat;Mujeres;2010;111
12;Castellón/Castelló;12046 Cirat;Mujeres;2009;120
12;Castellón/Castelló;12046 Cirat;Mujeres;2008;116
12;Castellón/Castelló;12046 Cirat;Mujeres;2007;117
12;Castellón/Castelló;12046 Cirat;Mujeres;2006;118
12;Castellón/Castelló;12046 Cirat;Mujeres;2005;126
12;Castellón/Castelló;12046 Cirat;Mujeres;2004;132
12;Castellón/Castelló;12046 Cirat;Mujeres;2003;118
12;Castellón/Castelló;12046 Cirat;Mujeres;2002;125
12;Castellón/Castelló;12046 Cirat;Mujeres;2001;133
12;Castellón/Castelló;12046 Cirat;Mujeres;2000;131
12;Castellón/Castelló;12046 Cirat;Mujeres;1999;129
12;Castellón/Castelló;12046 Cirat;Mujeres;1998;133
12;Castellón/Castelló;12046 Cirat;Mujeres;1997;
12;Castellón/Castelló;12046 Cirat;Mujeres;1996;146
12;Castellón/Castelló;12048 Cortes de Arenoso;Total;2023;304
12;Castellón/Castelló;12048 Cortes de Arenoso;Total;2022;293
12;Castellón/Castelló;12048 Cortes de Arenoso;Total;2021;291
12;Castellón/Castelló;12048 Cortes de Arenoso;Total;2020;300
12;Castellón/Castelló;12048 Cortes de Arenoso;Total;2019;318
12;Castellón/Castelló;12048 Cortes de Arenoso;Total;2018;317
12;Castellón/Castelló;12048 Cortes de Arenoso;Total;2017;298
12;Castellón/Castelló;12048 Cortes de Arenoso;Total;2016;300
12;Castellón/Castelló;12048 Cortes de Arenoso;Total;2015;308
12;Castellón/Castelló;12048 Cortes de Arenoso;Total;2014;318
12;Castellón/Castelló;12048 Cortes de Arenoso;Total;2013;327
12;Castellón/Castelló;12048 Cortes de Arenoso;Total;2012;352
12;Castellón/Castelló;12048 Cortes de Arenoso;Total;2011;347
12;Castellón/Castelló;12048 Cortes de Arenoso;Total;2010;349
12;Castellón/Castelló;12048 Cortes de Arenoso;Total;2009;349
12;Castellón/Castelló;12048 Cortes de Arenoso;Total;2008;355
12;Castellón/Castelló;12048 Cortes de Arenoso;Total;2007;387
12;Castellón/Castelló;12048 Cortes de Arenoso;Total;2006;407
12;Castellón/Castelló;12048 Cortes de Arenoso;Total;2005;413
12;Castellón/Castelló;12048 Cortes de Arenoso;Total;2004;392
12;Castellón/Castelló;12048 Cortes de Arenoso;Total;2003;393
12;Castellón/Castelló;12048 Cortes de Arenoso;Total;2002;370
12;Castellón/Castelló;12048 Cortes de Arenoso;Total;2001;384
12;Castellón/Castelló;12048 Cortes de Arenoso;Total;2000;406
12;Castellón/Castelló;12048 Cortes de Arenoso;Total;1999;429
12;Castellón/Castelló;12048 Cortes de Arenoso;Total;1998;410
12;Castellón/Castelló;12048 Cortes de Arenoso;Total;1997;
12;Castellón/Castelló;12048 Cortes de Arenoso;Total;1996;411
12;Castellón/Castelló;12048 Cortes de Arenoso;Hombres;2023;156
12;Castellón/Castelló;12048 Cortes de Arenoso;Hombres;2022;152
12;Castellón/Castelló;12048 Cortes de Arenoso;Hombres;2021;155
12;Castellón/Castelló;12048 Cortes de Arenoso;Hombres;2020;161
12;Castellón/Castelló;12048 Cortes de Arenoso;Hombres;2019;172
12;Castellón/Castelló;12048 Cortes de Arenoso;Hombres;2018;173
12;Castellón/Castelló;12048 Cortes de Arenoso;Hombres;2017;161
12;Castellón/Castelló;12048 Cortes de Arenoso;Hombres;2016;164
12;Castellón/Castelló;12048 Cortes de Arenoso;Hombres;2015;165
12;Castellón/Castelló;12048 Cortes de Arenoso;Hombres;2014;173
12;Castellón/Castelló;12048 Cortes de Arenoso;Hombres;2013;180
12;Castellón/Castelló;12048 Cortes de Arenoso;Hombres;2012;189
12;Castellón/Castelló;12048 Cortes de Arenoso;Hombres;2011;187
12;Castellón/Castelló;12048 Cortes de Arenoso;Hombres;2010;184
12;Castellón/Castelló;12048 Cortes de Arenoso;Hombres;2009;191
12;Castellón/Castelló;12048 Cortes de Arenoso;Hombres;2008;187
12;Castellón/Castelló;12048 Cortes de Arenoso;Hombres;2007;208
12;Castellón/Castelló;12048 Cortes de Arenoso;Hombres;2006;217
12;Castellón/Castelló;12048 Cortes de Arenoso;Hombres;2005;221
12;Castellón/Castelló;12048 Cortes de Arenoso;Hombres;2004;220
12;Castellón/Castelló;12048 Cortes de Arenoso;Hombres;2003;212
12;Castellón/Castelló;12048 Cortes de Arenoso;Hombres;2002;199
12;Castellón/Castelló;12048 Cortes de Arenoso;Hombres;2001;205
12;Castellón/Castelló;12048 Cortes de Arenoso;Hombres;2000;215
12;Castellón/Castelló;12048 Cortes de Arenoso;Hombres;1999;228
12;Castellón/Castelló;12048 Cortes de Arenoso;Hombres;1998;224
12;Castellón/Castelló;12048 Cortes de Arenoso;Hombres;1997;
12;Castellón/Castelló;12048 Cortes de Arenoso;Hombres;1996;224
12;Castellón/Castelló;12048 Cortes de Arenoso;Mujeres;2023;148
12;Castellón/Castelló;12048 Cortes de Arenoso;Mujeres;2022;141
12;Castellón/Castelló;12048 Cortes de Arenoso;Mujeres;2021;136
12;Castellón/Castelló;12048 Cortes de Arenoso;Mujeres;2020;139
12;Castellón/Castelló;12048 Cortes de Arenoso;Mujeres;2019;146
12;Castellón/Castelló;12048 Cortes de Arenoso;Mujeres;2018;144
12;Castellón/Castelló;12048 Cortes de Arenoso;Mujeres;2017;137
12;Castellón/Castelló;12048 Cortes de Arenoso;Mujeres;2016;136
12;Castellón/Castelló;12048 Cortes de Arenoso;Mujeres;2015;143
12;Castellón/Castelló;12048 Cortes de Arenoso;Mujeres;2014;145
12;Castellón/Castelló;12048 Cortes de Arenoso;Mujeres;2013;147
12;Castellón/Castelló;12048 Cortes de Arenoso;Mujeres;2012;163
12;Castellón/Castelló;12048 Cortes de Arenoso;Mujeres;2011;160
12;Castellón/Castelló;12048 Cortes de Arenoso;Mujeres;2010;165
12;Castellón/Castelló;12048 Cortes de Arenoso;Mujeres;2009;158
12;Castellón/Castelló;12048 Cortes de Arenoso;Mujeres;2008;168
12;Castellón/Castelló;12048 Cortes de Arenoso;Mujeres;2007;179
12;Castellón/Castelló;12048 Cortes de Arenoso;Mujeres;2006;190
12;Castellón/Castelló;12048 Cortes de Arenoso;Mujeres;2005;192
12;Castellón/Castelló;12048 Cortes de Arenoso;Mujeres;2004;172
12;Castellón/Castelló;12048 Cortes de Arenoso;Mujeres;2003;181
12;Castellón/Castelló;12048 Cortes de Arenoso;Mujeres;2002;171
12;Castellón/Castelló;12048 Cortes de Arenoso;Mujeres;2001;179
12;Castellón/Castelló;12048 Cortes de Arenoso;Mujeres;2000;191
12;Castellón/Castelló;12048 Cortes de Arenoso;Mujeres;1999;201
12;Castellón/Castelló;12048 Cortes de Arenoso;Mujeres;1998;186
12;Castellón/Castelló;12048 Cortes de Arenoso;Mujeres;1997;
12;Castellón/Castelló;12048 Cortes de Arenoso;Mujeres;1996;187
12;Castellón/Castelló;12049 Costur;Total;2023;535
12;Castellón/Castelló;12049 Costur;Total;2022;528
12;Castellón/Castelló;12049 Costur;Total;2021;531
12;Castellón/Castelló;12049 Costur;Total;2020;518
12;Castellón/Castelló;12049 Costur;Total;2019;524
12;Castellón/Castelló;12049 Costur;Total;2018;511
12;Castellón/Castelló;12049 Costur;Total;2017;532
12;Castellón/Castelló;12049 Costur;Total;2016;543
12;Castellón/Castelló;12049 Costur;Total;2015;550
12;Castellón/Castelló;12049 Costur;Total;2014;562
12;Castellón/Castelló;12049 Costur;Total;2013;575
12;Castellón/Castelló;12049 Costur;Total;2012;587
12;Castellón/Castelló;12049 Costur;Total;2011;581
12;Castellón/Castelló;12049 Costur;Total;2010;588
12;Castellón/Castelló;12049 Costur;Total;2009;574
12;Castellón/Castelló;12049 Costur;Total;2008;579
12;Castellón/Castelló;12049 Costur;Total;2007;555
12;Castellón/Castelló;12049 Costur;Total;2006;498
12;Castellón/Castelló;12049 Costur;Total;2005;490
12;Castellón/Castelló;12049 Costur;Total;2004;471
12;Castellón/Castelló;12049 Costur;Total;2003;466
12;Castellón/Castelló;12049 Costur;Total;2002;463
12;Castellón/Castelló;12049 Costur;Total;2001;468
12;Castellón/Castelló;12049 Costur;Total;2000;463
12;Castellón/Castelló;12049 Costur;Total;1999;467
12;Castellón/Castelló;12049 Costur;Total;1998;469
12;Castellón/Castelló;12049 Costur;Total;1997;
12;Castellón/Castelló;12049 Costur;Total;1996;466
12;Castellón/Castelló;12049 Costur;Hombres;2023;282
12;Castellón/Castelló;12049 Costur;Hombres;2022;279
12;Castellón/Castelló;12049 Costur;Hombres;2021;278
12;Castellón/Castelló;12049 Costur;Hombres;2020;272
12;Castellón/Castelló;12049 Costur;Hombres;2019;277
12;Castellón/Castelló;12049 Costur;Hombres;2018;272
12;Castellón/Castelló;12049 Costur;Hombres;2017;276
12;Castellón/Castelló;12049 Costur;Hombres;2016;285
12;Castellón/Castelló;12049 Costur;Hombres;2015;287
12;Castellón/Castelló;12049 Costur;Hombres;2014;289
12;Castellón/Castelló;12049 Costur;Hombres;2013;294
12;Castellón/Castelló;12049 Costur;Hombres;2012;303
12;Castellón/Castelló;12049 Costur;Hombres;2011;298
12;Castellón/Castelló;12049 Costur;Hombres;2010;304
12;Castellón/Castelló;12049 Costur;Hombres;2009;300
12;Castellón/Castelló;12049 Costur;Hombres;2008;296
12;Castellón/Castelló;12049 Costur;Hombres;2007;287
12;Castellón/Castelló;12049 Costur;Hombres;2006;255
12;Castellón/Castelló;12049 Costur;Hombres;2005;246
12;Castellón/Castelló;12049 Costur;Hombres;2004;240
12;Castellón/Castelló;12049 Costur;Hombres;2003;236
12;Castellón/Castelló;12049 Costur;Hombres;2002;232
12;Castellón/Castelló;12049 Costur;Hombres;2001;235
12;Castellón/Castelló;12049 Costur;Hombres;2000;230
12;Castellón/Castelló;12049 Costur;Hombres;1999;234
12;Castellón/Castelló;12049 Costur;Hombres;1998;238
12;Castellón/Castelló;12049 Costur;Hombres;1997;
12;Castellón/Castelló;12049 Costur;Hombres;1996;234
12;Castellón/Castelló;12049 Costur;Mujeres;2023;253
12;Castellón/Castelló;12049 Costur;Mujeres;2022;249
12;Castellón/Castelló;12049 Costur;Mujeres;2021;253
12;Castellón/Castelló;12049 Costur;Mujeres;2020;246
12;Castellón/Castelló;12049 Costur;Mujeres;2019;247
12;Castellón/Castelló;12049 Costur;Mujeres;2018;239
12;Castellón/Castelló;12049 Costur;Mujeres;2017;256
12;Castellón/Castelló;12049 Costur;Mujeres;2016;258
12;Castellón/Castelló;12049 Costur;Mujeres;2015;263
12;Castellón/Castelló;12049 Costur;Mujeres;2014;273
12;Castellón/Castelló;12049 Costur;Mujeres;2013;281
12;Castellón/Castelló;12049 Costur;Mujeres;2012;284
12;Castellón/Castelló;12049 Costur;Mujeres;2011;283
12;Castellón/Castelló;12049 Costur;Mujeres;2010;284
12;Castellón/Castelló;12049 Costur;Mujeres;2009;274
12;Castellón/Castelló;12049 Costur;Mujeres;2008;283
12;Castellón/Castelló;12049 Costur;Mujeres;2007;268
12;Castellón/Castelló;12049 Costur;Mujeres;2006;243
12;Castellón/Castelló;12049 Costur;Mujeres;2005;244
12;Castellón/Castelló;12049 Costur;Mujeres;2004;231
12;Castellón/Castelló;12049 Costur;Mujeres;2003;230
12;Castellón/Castelló;12049 Costur;Mujeres;2002;231
12;Castellón/Castelló;12049 Costur;Mujeres;2001;233
12;Castellón/Castelló;12049 Costur;Mujeres;2000;233
12;Castellón/Castelló;12049 Costur;Mujeres;1999;233
12;Castellón/Castelló;12049 Costur;Mujeres;1998;231
12;Castellón/Castelló;12049 Costur;Mujeres;1997;
12;Castellón/Castelló;12049 Costur;Mujeres;1996;232
12;Castellón/Castelló;12050 Coves de Vinromà, les;Total;2023;1831
12;Castellón/Castelló;12050 Coves de Vinromà, les;Total;2022;1791
12;Castellón/Castelló;12050 Coves de Vinromà, les;Total;2021;1792
12;Castellón/Castelló;12050 Coves de Vinromà, les;Total;2020;1806
12;Castellón/Castelló;12050 Coves de Vinromà, les;Total;2019;1823
12;Castellón/Castelló;12050 Coves de Vinromà, les;Total;2018;1822
12;Castellón/Castelló;12050 Coves de Vinromà, les;Total;2017;1836
12;Castellón/Castelló;12050 Coves de Vinromà, les;Total;2016;1870
12;Castellón/Castelló;12050 Coves de Vinromà, les;Total;2015;1870
12;Castellón/Castelló;12050 Coves de Vinromà, les;Total;2014;1910
12;Castellón/Castelló;12050 Coves de Vinromà, les;Total;2013;1925
12;Castellón/Castelló;12050 Coves de Vinromà, les;Total;2012;2009
12;Castellón/Castelló;12050 Coves de Vinromà, les;Total;2011;2049
12;Castellón/Castelló;12050 Coves de Vinromà, les;Total;2010;2038
12;Castellón/Castelló;12050 Coves de Vinromà, les;Total;2009;2052
12;Castellón/Castelló;12050 Coves de Vinromà, les;Total;2008;2093
12;Castellón/Castelló;12050 Coves de Vinromà, les;Total;2007;1984
12;Castellón/Castelló;12050 Coves de Vinromà, les;Total;2006;1876
12;Castellón/Castelló;12050 Coves de Vinromà, les;Total;2005;1857
12;Castellón/Castelló;12050 Coves de Vinromà, les;Total;2004;1877
12;Castellón/Castelló;12050 Coves de Vinromà, les;Total;2003;1865
12;Castellón/Castelló;12050 Coves de Vinromà, les;Total;2002;1860
12;Castellón/Castelló;12050 Coves de Vinromà, les;Total;2001;1783
12;Castellón/Castelló;12050 Coves de Vinromà, les;Total;2000;1810
12;Castellón/Castelló;12050 Coves de Vinromà, les;Total;1999;1836
12;Castellón/Castelló;12050 Coves de Vinromà, les;Total;1998;1866
12;Castellón/Castelló;12050 Coves de Vinromà, les;Total;1997;
12;Castellón/Castelló;12050 Coves de Vinromà, les;Total;1996;1857
12;Castellón/Castelló;12050 Coves de Vinromà, les;Hombres;2023;934
12;Castellón/Castelló;12050 Coves de Vinromà, les;Hombres;2022;909
12;Castellón/Castelló;12050 Coves de Vinromà, les;Hombres;2021;902
12;Castellón/Castelló;12050 Coves de Vinromà, les;Hombres;2020;904
12;Castellón/Castelló;12050 Coves de Vinromà, les;Hombres;2019;921
12;Castellón/Castelló;12050 Coves de Vinromà, les;Hombres;2018;914
12;Castellón/Castelló;12050 Coves de Vinromà, les;Hombres;2017;917
12;Castellón/Castelló;12050 Coves de Vinromà, les;Hombres;2016;924
12;Castellón/Castelló;12050 Coves de Vinromà, les;Hombres;2015;933
12;Castellón/Castelló;12050 Coves de Vinromà, les;Hombres;2014;963
12;Castellón/Castelló;12050 Coves de Vinromà, les;Hombres;2013;970
12;Castellón/Castelló;12050 Coves de Vinromà, les;Hombres;2012;1002
12;Castellón/Castelló;12050 Coves de Vinromà, les;Hombres;2011;1024
12;Castellón/Castelló;12050 Coves de Vinromà, les;Hombres;2010;1023
12;Castellón/Castelló;12050 Coves de Vinromà, les;Hombres;2009;1049
12;Castellón/Castelló;12050 Coves de Vinromà, les;Hombres;2008;1068
12;Castellón/Castelló;12050 Coves de Vinromà, les;Hombres;2007;990
12;Castellón/Castelló;12050 Coves de Vinromà, les;Hombres;2006;942
12;Castellón/Castelló;12050 Coves de Vinromà, les;Hombres;2005;926
12;Castellón/Castelló;12050 Coves de Vinromà, les;Hombres;2004;949
12;Castellón/Castelló;12050 Coves de Vinromà, les;Hombres;2003;960
12;Castellón/Castelló;12050 Coves de Vinromà, les;Hombres;2002;960
12;Castellón/Castelló;12050 Coves de Vinromà, les;Hombres;2001;901
12;Castellón/Castelló;12050 Coves de Vinromà, les;Hombres;2000;915
12;Castellón/Castelló;12050 Coves de Vinromà, les;Hombres;1999;931
12;Castellón/Castelló;12050 Coves de Vinromà, les;Hombres;1998;935
12;Castellón/Castelló;12050 Coves de Vinromà, les;Hombres;1997;
12;Castellón/Castelló;12050 Coves de Vinromà, les;Hombres;1996;933
12;Castellón/Castelló;12050 Coves de Vinromà, les;Mujeres;2023;897
12;Castellón/Castelló;12050 Coves de Vinromà, les;Mujeres;2022;882
12;Castellón/Castelló;12050 Coves de Vinromà, les;Mujeres;2021;890
12;Castellón/Castelló;12050 Coves de Vinromà, les;Mujeres;2020;902
12;Castellón/Castelló;12050 Coves de Vinromà, les;Mujeres;2019;902
12;Castellón/Castelló;12050 Coves de Vinromà, les;Mujeres;2018;908
12;Castellón/Castelló;12050 Coves de Vinromà, les;Mujeres;2017;919
12;Castellón/Castelló;12050 Coves de Vinromà, les;Mujeres;2016;946
12;Castellón/Castelló;12050 Coves de Vinromà, les;Mujeres;2015;937
12;Castellón/Castelló;12050 Coves de Vinromà, les;Mujeres;2014;947
12;Castellón/Castelló;12050 Coves de Vinromà, les;Mujeres;2013;955
12;Castellón/Castelló;12050 Coves de Vinromà, les;Mujeres;2012;1007
12;Castellón/Castelló;12050 Coves de Vinromà, les;Mujeres;2011;1025
12;Castellón/Castelló;12050 Coves de Vinromà, les;Mujeres;2010;1015
12;Castellón/Castelló;12050 Coves de Vinromà, les;Mujeres;2009;1003
12;Castellón/Castelló;12050 Coves de Vinromà, les;Mujeres;2008;1025
12;Castellón/Castelló;12050 Coves de Vinromà, les;Mujeres;2007;994
12;Castellón/Castelló;12050 Coves de Vinromà, les;Mujeres;2006;934
12;Castellón/Castelló;12050 Coves de Vinromà, les;Mujeres;2005;931
12;Castellón/Castelló;12050 Coves de Vinromà, les;Mujeres;2004;928
12;Castellón/Castelló;12050 Coves de Vinromà, les;Mujeres;2003;905
12;Castellón/Castelló;12050 Coves de Vinromà, les;Mujeres;2002;900
12;Castellón/Castelló;12050 Coves de Vinromà, les;Mujeres;2001;882
12;Castellón/Castelló;12050 Coves de Vinromà, les;Mujeres;2000;895
12;Castellón/Castelló;12050 Coves de Vinromà, les;Mujeres;1999;905
12;Castellón/Castelló;12050 Coves de Vinromà, les;Mujeres;1998;931
12;Castellón/Castelló;12050 Coves de Vinromà, les;Mujeres;1997;
12;Castellón/Castelló;12050 Coves de Vinromà, les;Mujeres;1996;924
12;Castellón/Castelló;12051 Culla;Total;2023;480
12;Castellón/Castelló;12051 Culla;Total;2022;499
12;Castellón/Castelló;12051 Culla;Total;2021;510
12;Castellón/Castelló;12051 Culla;Total;2020;481
12;Castellón/Castelló;12051 Culla;Total;2019;495
12;Castellón/Castelló;12051 Culla;Total;2018;504
12;Castellón/Castelló;12051 Culla;Total;2017;516
12;Castellón/Castelló;12051 Culla;Total;2016;524
12;Castellón/Castelló;12051 Culla;Total;2015;535
12;Castellón/Castelló;12051 Culla;Total;2014;559
12;Castellón/Castelló;12051 Culla;Total;2013;583
12;Castellón/Castelló;12051 Culla;Total;2012;601
12;Castellón/Castelló;12051 Culla;Total;2011;608
12;Castellón/Castelló;12051 Culla;Total;2010;633
12;Castellón/Castelló;12051 Culla;Total;2009;637
12;Castellón/Castelló;12051 Culla;Total;2008;650
12;Castellón/Castelló;12051 Culla;Total;2007;669
12;Castellón/Castelló;12051 Culla;Total;2006;651
12;Castellón/Castelló;12051 Culla;Total;2005;677
12;Castellón/Castelló;12051 Culla;Total;2004;697
12;Castellón/Castelló;12051 Culla;Total;2003;723
12;Castellón/Castelló;12051 Culla;Total;2002;723
12;Castellón/Castelló;12051 Culla;Total;2001;753
12;Castellón/Castelló;12051 Culla;Total;2000;771
12;Castellón/Castelló;12051 Culla;Total;1999;794
12;Castellón/Castelló;12051 Culla;Total;1998;811
12;Castellón/Castelló;12051 Culla;Total;1997;
12;Castellón/Castelló;12051 Culla;Total;1996;844
12;Castellón/Castelló;12051 Culla;Hombres;2023;247
12;Castellón/Castelló;12051 Culla;Hombres;2022;255
12;Castellón/Castelló;12051 Culla;Hombres;2021;257
12;Castellón/Castelló;12051 Culla;Hombres;2020;241
12;Castellón/Castelló;12051 Culla;Hombres;2019;252
12;Castellón/Castelló;12051 Culla;Hombres;2018;261
12;Castellón/Castelló;12051 Culla;Hombres;2017;267
12;Castellón/Castelló;12051 Culla;Hombres;2016;272
12;Castellón/Castelló;12051 Culla;Hombres;2015;271
12;Castellón/Castelló;12051 Culla;Hombres;2014;285
12;Castellón/Castelló;12051 Culla;Hombres;2013;300
12;Castellón/Castelló;12051 Culla;Hombres;2012;306
12;Castellón/Castelló;12051 Culla;Hombres;2011;312
12;Castellón/Castelló;12051 Culla;Hombres;2010;329
12;Castellón/Castelló;12051 Culla;Hombres;2009;332
12;Castellón/Castelló;12051 Culla;Hombres;2008;341
12;Castellón/Castelló;12051 Culla;Hombres;2007;351
12;Castellón/Castelló;12051 Culla;Hombres;2006;338
12;Castellón/Castelló;12051 Culla;Hombres;2005;353
12;Castellón/Castelló;12051 Culla;Hombres;2004;360
12;Castellón/Castelló;12051 Culla;Hombres;2003;371
12;Castellón/Castelló;12051 Culla;Hombres;2002;362
12;Castellón/Castelló;12051 Culla;Hombres;2001;383
12;Castellón/Castelló;12051 Culla;Hombres;2000;395
12;Castellón/Castelló;12051 Culla;Hombres;1999;406
12;Castellón/Castelló;12051 Culla;Hombres;1998;411
12;Castellón/Castelló;12051 Culla;Hombres;1997;
12;Castellón/Castelló;12051 Culla;Hombres;1996;420
12;Castellón/Castelló;12051 Culla;Mujeres;2023;233
12;Castellón/Castelló;12051 Culla;Mujeres;2022;244
12;Castellón/Castelló;12051 Culla;Mujeres;2021;253
12;Castellón/Castelló;12051 Culla;Mujeres;2020;240
12;Castellón/Castelló;12051 Culla;Mujeres;2019;243
12;Castellón/Castelló;12051 Culla;Mujeres;2018;243
12;Castellón/Castelló;12051 Culla;Mujeres;2017;249
12;Castellón/Castelló;12051 Culla;Mujeres;2016;252
12;Castellón/Castelló;12051 Culla;Mujeres;2015;264
12;Castellón/Castelló;12051 Culla;Mujeres;2014;274
12;Castellón/Castelló;12051 Culla;Mujeres;2013;283
12;Castellón/Castelló;12051 Culla;Mujeres;2012;295
12;Castellón/Castelló;12051 Culla;Mujeres;2011;296
12;Castellón/Castelló;12051 Culla;Mujeres;2010;304
12;Castellón/Castelló;12051 Culla;Mujeres;2009;305
12;Castellón/Castelló;12051 Culla;Mujeres;2008;309
12;Castellón/Castelló;12051 Culla;Mujeres;2007;318
12;Castellón/Castelló;12051 Culla;Mujeres;2006;313
12;Castellón/Castelló;12051 Culla;Mujeres;2005;324
12;Castellón/Castelló;12051 Culla;Mujeres;2004;337
12;Castellón/Castelló;12051 Culla;Mujeres;2003;352
12;Castellón/Castelló;12051 Culla;Mujeres;2002;361
12;Castellón/Castelló;12051 Culla;Mujeres;2001;370
12;Castellón/Castelló;12051 Culla;Mujeres;2000;376
12;Castellón/Castelló;12051 Culla;Mujeres;1999;388
12;Castellón/Castelló;12051 Culla;Mujeres;1998;400
12;Castellón/Castelló;12051 Culla;Mujeres;1997;
12;Castellón/Castelló;12051 Culla;Mujeres;1996;424
12;Castellón/Castelló;12034 Càlig;Total;2023;2013
12;Castellón/Castelló;12034 Càlig;Total;2022;1990
12;Castellón/Castelló;12034 Càlig;Total;2021;2002
12;Castellón/Castelló;12034 Càlig;Total;2020;1961
12;Castellón/Castelló;12034 Càlig;Total;2019;1950
12;Castellón/Castelló;12034 Càlig;Total;2018;1945
12;Castellón/Castelló;12034 Càlig;Total;2017;1959
12;Castellón/Castelló;12034 Càlig;Total;2016;2020
12;Castellón/Castelló;12034 Càlig;Total;2015;2049
12;Castellón/Castelló;12034 Càlig;Total;2014;2080
12;Castellón/Castelló;12034 Càlig;Total;2013;2130
12;Castellón/Castelló;12034 Càlig;Total;2012;2231
12;Castellón/Castelló;12034 Càlig;Total;2011;2236
12;Castellón/Castelló;12034 Càlig;Total;2010;2217
12;Castellón/Castelló;12034 Càlig;Total;2009;2198
12;Castellón/Castelló;12034 Càlig;Total;2008;2170
12;Castellón/Castelló;12034 Càlig;Total;2007;2023
12;Castellón/Castelló;12034 Càlig;Total;2006;1963
12;Castellón/Castelló;12034 Càlig;Total;2005;1647
12;Castellón/Castelló;12034 Càlig;Total;2004;1721
12;Castellón/Castelló;12034 Càlig;Total;2003;1808
12;Castellón/Castelló;12034 Càlig;Total;2002;1733
12;Castellón/Castelló;12034 Càlig;Total;2001;1772
12;Castellón/Castelló;12034 Càlig;Total;2000;1744
12;Castellón/Castelló;12034 Càlig;Total;1999;1742
12;Castellón/Castelló;12034 Càlig;Total;1998;1755
12;Castellón/Castelló;12034 Càlig;Total;1997;
12;Castellón/Castelló;12034 Càlig;Total;1996;1774
12;Castellón/Castelló;12034 Càlig;Hombres;2023;1013
12;Castellón/Castelló;12034 Càlig;Hombres;2022;998
12;Castellón/Castelló;12034 Càlig;Hombres;2021;1012
12;Castellón/Castelló;12034 Càlig;Hombres;2020;998
12;Castellón/Castelló;12034 Càlig;Hombres;2019;989
12;Castellón/Castelló;12034 Càlig;Hombres;2018;995
12;Castellón/Castelló;12034 Càlig;Hombres;2017;997
12;Castellón/Castelló;12034 Càlig;Hombres;2016;1023
12;Castellón/Castelló;12034 Càlig;Hombres;2015;1049
12;Castellón/Castelló;12034 Càlig;Hombres;2014;1054
12;Castellón/Castelló;12034 Càlig;Hombres;2013;1084
12;Castellón/Castelló;12034 Càlig;Hombres;2012;1138
12;Castellón/Castelló;12034 Càlig;Hombres;2011;1128
12;Castellón/Castelló;12034 Càlig;Hombres;2010;1136
12;Castellón/Castelló;12034 Càlig;Hombres;2009;1118
12;Castellón/Castelló;12034 Càlig;Hombres;2008;1102
12;Castellón/Castelló;12034 Càlig;Hombres;2007;1031
12;Castellón/Castelló;12034 Càlig;Hombres;2006;971
12;Castellón/Castelló;12034 Càlig;Hombres;2005;818
12;Castellón/Castelló;12034 Càlig;Hombres;2004;862
12;Castellón/Castelló;12034 Càlig;Hombres;2003;904
12;Castellón/Castelló;12034 Càlig;Hombres;2002;857
12;Castellón/Castelló;12034 Càlig;Hombres;2001;872
12;Castellón/Castelló;12034 Càlig;Hombres;2000;858
12;Castellón/Castelló;12034 Càlig;Hombres;1999;849
12;Castellón/Castelló;12034 Càlig;Hombres;1998;854
12;Castellón/Castelló;12034 Càlig;Hombres;1997;
12;Castellón/Castelló;12034 Càlig;Hombres;1996;865
12;Castellón/Castelló;12034 Càlig;Mujeres;2023;1000
12;Castellón/Castelló;12034 Càlig;Mujeres;2022;992
12;Castellón/Castelló;12034 Càlig;Mujeres;2021;990
12;Castellón/Castelló;12034 Càlig;Mujeres;2020;963
12;Castellón/Castelló;12034 Càlig;Mujeres;2019;961
12;Castellón/Castelló;12034 Càlig;Mujeres;2018;950
12;Castellón/Castelló;12034 Càlig;Mujeres;2017;962
12;Castellón/Castelló;12034 Càlig;Mujeres;2016;997
12;Castellón/Castelló;12034 Càlig;Mujeres;2015;1000
12;Castellón/Castelló;12034 Càlig;Mujeres;2014;1026
12;Castellón/Castelló;12034 Càlig;Mujeres;2013;1046
12;Castellón/Castelló;12034 Càlig;Mujeres;2012;1093
12;Castellón/Castelló;12034 Càlig;Mujeres;2011;1108
12;Castellón/Castelló;12034 Càlig;Mujeres;2010;1081
12;Castellón/Castelló;12034 Càlig;Mujeres;2009;1080
12;Castellón/Castelló;12034 Càlig;Mujeres;2008;1068
12;Castellón/Castelló;12034 Càlig;Mujeres;2007;992
12;Castellón/Castelló;12034 Càlig;Mujeres;2006;992
12;Castellón/Castelló;12034 Càlig;Mujeres;2005;829
12;Castellón/Castelló;12034 Càlig;Mujeres;2004;859
12;Castellón/Castelló;12034 Càlig;Mujeres;2003;904
12;Castellón/Castelló;12034 Càlig;Mujeres;2002;876
12;Castellón/Castelló;12034 Càlig;Mujeres;2001;900
12;Castellón/Castelló;12034 Càlig;Mujeres;2000;886
12;Castellón/Castelló;12034 Càlig;Mujeres;1999;893
12;Castellón/Castelló;12034 Càlig;Mujeres;1998;901
12;Castellón/Castelló;12034 Càlig;Mujeres;1997;
12;Castellón/Castelló;12034 Càlig;Mujeres;1996;909
12;Castellón/Castelló;12057 Eslida;Total;2023;758
12;Castellón/Castelló;12057 Eslida;Total;2022;742
12;Castellón/Castelló;12057 Eslida;Total;2021;749
12;Castellón/Castelló;12057 Eslida;Total;2020;725
12;Castellón/Castelló;12057 Eslida;Total;2019;759
12;Castellón/Castelló;12057 Eslida;Total;2018;776
12;Castellón/Castelló;12057 Eslida;Total;2017;774
12;Castellón/Castelló;12057 Eslida;Total;2016;805
12;Castellón/Castelló;12057 Eslida;Total;2015;833
12;Castellón/Castelló;12057 Eslida;Total;2014;877
12;Castellón/Castelló;12057 Eslida;Total;2013;906
12;Castellón/Castelló;12057 Eslida;Total;2012;928
12;Castellón/Castelló;12057 Eslida;Total;2011;936
12;Castellón/Castelló;12057 Eslida;Total;2010;907
12;Castellón/Castelló;12057 Eslida;Total;2009;915
12;Castellón/Castelló;12057 Eslida;Total;2008;908
12;Castellón/Castelló;12057 Eslida;Total;2007;892
12;Castellón/Castelló;12057 Eslida;Total;2006;863
12;Castellón/Castelló;12057 Eslida;Total;2005;861
12;Castellón/Castelló;12057 Eslida;Total;2004;828
12;Castellón/Castelló;12057 Eslida;Total;2003;796
12;Castellón/Castelló;12057 Eslida;Total;2002;767
12;Castellón/Castelló;12057 Eslida;Total;2001;757
12;Castellón/Castelló;12057 Eslida;Total;2000;769
12;Castellón/Castelló;12057 Eslida;Total;1999;768
12;Castellón/Castelló;12057 Eslida;Total;1998;766
12;Castellón/Castelló;12057 Eslida;Total;1997;
12;Castellón/Castelló;12057 Eslida;Total;1996;775
12;Castellón/Castelló;12057 Eslida;Hombres;2023;383
12;Castellón/Castelló;12057 Eslida;Hombres;2022;368
12;Castellón/Castelló;12057 Eslida;Hombres;2021;376
12;Castellón/Castelló;12057 Eslida;Hombres;2020;367
12;Castellón/Castelló;12057 Eslida;Hombres;2019;383
12;Castellón/Castelló;12057 Eslida;Hombres;2018;397
12;Castellón/Castelló;12057 Eslida;Hombres;2017;391
12;Castellón/Castelló;12057 Eslida;Hombres;2016;405
12;Castellón/Castelló;12057 Eslida;Hombres;2015;415
12;Castellón/Castelló;12057 Eslida;Hombres;2014;432
12;Castellón/Castelló;12057 Eslida;Hombres;2013;447
12;Castellón/Castelló;12057 Eslida;Hombres;2012;454
12;Castellón/Castelló;12057 Eslida;Hombres;2011;463
12;Castellón/Castelló;12057 Eslida;Hombres;2010;449
12;Castellón/Castelló;12057 Eslida;Hombres;2009;455
12;Castellón/Castelló;12057 Eslida;Hombres;2008;453
12;Castellón/Castelló;12057 Eslida;Hombres;2007;446
12;Castellón/Castelló;12057 Eslida;Hombres;2006;429
12;Castellón/Castelló;12057 Eslida;Hombres;2005;428
12;Castellón/Castelló;12057 Eslida;Hombres;2004;416
12;Castellón/Castelló;12057 Eslida;Hombres;2003;394
12;Castellón/Castelló;12057 Eslida;Hombres;2002;372
12;Castellón/Castelló;12057 Eslida;Hombres;2001;360
12;Castellón/Castelló;12057 Eslida;Hombres;2000;361
12;Castellón/Castelló;12057 Eslida;Hombres;1999;363
12;Castellón/Castelló;12057 Eslida;Hombres;1998;364
12;Castellón/Castelló;12057 Eslida;Hombres;1997;
12;Castellón/Castelló;12057 Eslida;Hombres;1996;366
12;Castellón/Castelló;12057 Eslida;Mujeres;2023;375
12;Castellón/Castelló;12057 Eslida;Mujeres;2022;374
12;Castellón/Castelló;12057 Eslida;Mujeres;2021;373
12;Castellón/Castelló;12057 Eslida;Mujeres;2020;358
12;Castellón/Castelló;12057 Eslida;Mujeres;2019;376
12;Castellón/Castelló;12057 Eslida;Mujeres;2018;379
12;Castellón/Castelló;12057 Eslida;Mujeres;2017;383
12;Castellón/Castelló;12057 Eslida;Mujeres;2016;400
12;Castellón/Castelló;12057 Eslida;Mujeres;2015;418
12;Castellón/Castelló;12057 Eslida;Mujeres;2014;445
12;Castellón/Castelló;12057 Eslida;Mujeres;2013;459
12;Castellón/Castelló;12057 Eslida;Mujeres;2012;474
12;Castellón/Castelló;12057 Eslida;Mujeres;2011;473
12;Castellón/Castelló;12057 Eslida;Mujeres;2010;458
12;Castellón/Castelló;12057 Eslida;Mujeres;2009;460
12;Castellón/Castelló;12057 Eslida;Mujeres;2008;455
12;Castellón/Castelló;12057 Eslida;Mujeres;2007;446
12;Castellón/Castelló;12057 Eslida;Mujeres;2006;434
12;Castellón/Castelló;12057 Eslida;Mujeres;2005;433
12;Castellón/Castelló;12057 Eslida;Mujeres;2004;412
12;Castellón/Castelló;12057 Eslida;Mujeres;2003;402
12;Castellón/Castelló;12057 Eslida;Mujeres;2002;395
12;Castellón/Castelló;12057 Eslida;Mujeres;2001;397
12;Castellón/Castelló;12057 Eslida;Mujeres;2000;408
12;Castellón/Castelló;12057 Eslida;Mujeres;1999;405
12;Castellón/Castelló;12057 Eslida;Mujeres;1998;402
12;Castellón/Castelló;12057 Eslida;Mujeres;1997;
12;Castellón/Castelló;12057 Eslida;Mujeres;1996;409
12;Castellón/Castelló;12058 Espadilla;Total;2023;90
12;Castellón/Castelló;12058 Espadilla;Total;2022;92
12;Castellón/Castelló;12058 Espadilla;Total;2021;84
12;Castellón/Castelló;12058 Espadilla;Total;2020;69
12;Castellón/Castelló;12058 Espadilla;Total;2019;71
12;Castellón/Castelló;12058 Espadilla;Total;2018;72
12;Castellón/Castelló;12058 Espadilla;Total;2017;73
12;Castellón/Castelló;12058 Espadilla;Total;2016;83
12;Castellón/Castelló;12058 Espadilla;Total;2015;86
12;Castellón/Castelló;12058 Espadilla;Total;2014;96
12;Castellón/Castelló;12058 Espadilla;Total;2013;102
12;Castellón/Castelló;12058 Espadilla;Total;2012;116
12;Castellón/Castelló;12058 Espadilla;Total;2011;91
12;Castellón/Castelló;12058 Espadilla;Total;2010;85
12;Castellón/Castelló;12058 Espadilla;Total;2009;75
12;Castellón/Castelló;12058 Espadilla;Total;2008;70
12;Castellón/Castelló;12058 Espadilla;Total;2007;73
12;Castellón/Castelló;12058 Espadilla;Total;2006;72
12;Castellón/Castelló;12058 Espadilla;Total;2005;69
12;Castellón/Castelló;12058 Espadilla;Total;2004;62
12;Castellón/Castelló;12058 Espadilla;Total;2003;67
12;Castellón/Castelló;12058 Espadilla;Total;2002;74
12;Castellón/Castelló;12058 Espadilla;Total;2001;73
12;Castellón/Castelló;12058 Espadilla;Total;2000;73
12;Castellón/Castelló;12058 Espadilla;Total;1999;75
12;Castellón/Castelló;12058 Espadilla;Total;1998;78
12;Castellón/Castelló;12058 Espadilla;Total;1997;
12;Castellón/Castelló;12058 Espadilla;Total;1996;85
12;Castellón/Castelló;12058 Espadilla;Hombres;2023;50
12;Castellón/Castelló;12058 Espadilla;Hombres;2022;52
12;Castellón/Castelló;12058 Espadilla;Hombres;2021;46
12;Castellón/Castelló;12058 Espadilla;Hombres;2020;42
12;Castellón/Castelló;12058 Espadilla;Hombres;2019;42
12;Castellón/Castelló;12058 Espadilla;Hombres;2018;41
12;Castellón/Castelló;12058 Espadilla;Hombres;2017;43
12;Castellón/Castelló;12058 Espadilla;Hombres;2016;46
12;Castellón/Castelló;12058 Espadilla;Hombres;2015;48
12;Castellón/Castelló;12058 Espadilla;Hombres;2014;50
12;Castellón/Castelló;12058 Espadilla;Hombres;2013;52
12;Castellón/Castelló;12058 Espadilla;Hombres;2012;58
12;Castellón/Castelló;12058 Espadilla;Hombres;2011;43
12;Castellón/Castelló;12058 Espadilla;Hombres;2010;37
12;Castellón/Castelló;12058 Espadilla;Hombres;2009;35
12;Castellón/Castelló;12058 Espadilla;Hombres;2008;33
12;Castellón/Castelló;12058 Espadilla;Hombres;2007;35
12;Castellón/Castelló;12058 Espadilla;Hombres;2006;32
12;Castellón/Castelló;12058 Espadilla;Hombres;2005;33
12;Castellón/Castelló;12058 Espadilla;Hombres;2004;28
12;Castellón/Castelló;12058 Espadilla;Hombres;2003;31
12;Castellón/Castelló;12058 Espadilla;Hombres;2002;35
12;Castellón/Castelló;12058 Espadilla;Hombres;2001;36
12;Castellón/Castelló;12058 Espadilla;Hombres;2000;35
12;Castellón/Castelló;12058 Espadilla;Hombres;1999;35
12;Castellón/Castelló;12058 Espadilla;Hombres;1998;37
12;Castellón/Castelló;12058 Espadilla;Hombres;1997;
12;Castellón/Castelló;12058 Espadilla;Hombres;1996;40
12;Castellón/Castelló;12058 Espadilla;Mujeres;2023;40
12;Castellón/Castelló;12058 Espadilla;Mujeres;2022;40
12;Castellón/Castelló;12058 Espadilla;Mujeres;2021;38
12;Castellón/Castelló;12058 Espadilla;Mujeres;2020;27
12;Castellón/Castelló;12058 Espadilla;Mujeres;2019;29
12;Castellón/Castelló;12058 Espadilla;Mujeres;2018;31
12;Castellón/Castelló;12058 Espadilla;Mujeres;2017;30
12;Castellón/Castelló;12058 Espadilla;Mujeres;2016;37
12;Castellón/Castelló;12058 Espadilla;Mujeres;2015;38
12;Castellón/Castelló;12058 Espadilla;Mujeres;2014;46
12;Castellón/Castelló;12058 Espadilla;Mujeres;2013;50
12;Castellón/Castelló;12058 Espadilla;Mujeres;2012;58
12;Castellón/Castelló;12058 Espadilla;Mujeres;2011;48
12;Castellón/Castelló;12058 Espadilla;Mujeres;2010;48
12;Castellón/Castelló;12058 Espadilla;Mujeres;2009;40
12;Castellón/Castelló;12058 Espadilla;Mujeres;2008;37
12;Castellón/Castelló;12058 Espadilla;Mujeres;2007;38
12;Castellón/Castelló;12058 Espadilla;Mujeres;2006;40
12;Castellón/Castelló;12058 Espadilla;Mujeres;2005;36
12;Castellón/Castelló;12058 Espadilla;Mujeres;2004;34
12;Castellón/Castelló;12058 Espadilla;Mujeres;2003;36
12;Castellón/Castelló;12058 Espadilla;Mujeres;2002;39
12;Castellón/Castelló;12058 Espadilla;Mujeres;2001;37
12;Castellón/Castelló;12058 Espadilla;Mujeres;2000;38
12;Castellón/Castelló;12058 Espadilla;Mujeres;1999;40
12;Castellón/Castelló;12058 Espadilla;Mujeres;1998;41
12;Castellón/Castelló;12058 Espadilla;Mujeres;1997;
12;Castellón/Castelló;12058 Espadilla;Mujeres;1996;45
12;Castellón/Castelló;12059 Fanzara;Total;2023;294
12;Castellón/Castelló;12059 Fanzara;Total;2022;283
12;Castellón/Castelló;12059 Fanzara;Total;2021;273
12;Castellón/Castelló;12059 Fanzara;Total;2020;273
12;Castellón/Castelló;12059 Fanzara;Total;2019;267
12;Castellón/Castelló;12059 Fanzara;Total;2018;276
12;Castellón/Castelló;12059 Fanzara;Total;2017;272
12;Castellón/Castelló;12059 Fanzara;Total;2016;281
12;Castellón/Castelló;12059 Fanzara;Total;2015;314
12;Castellón/Castelló;12059 Fanzara;Total;2014;323
12;Castellón/Castelló;12059 Fanzara;Total;2013;365
12;Castellón/Castelló;12059 Fanzara;Total;2012;351
12;Castellón/Castelló;12059 Fanzara;Total;2011;347
12;Castellón/Castelló;12059 Fanzara;Total;2010;370
12;Castellón/Castelló;12059 Fanzara;Total;2009;400
12;Castellón/Castelló;12059 Fanzara;Total;2008;447
12;Castellón/Castelló;12059 Fanzara;Total;2007;362
12;Castellón/Castelló;12059 Fanzara;Total;2006;280
12;Castellón/Castelló;12059 Fanzara;Total;2005;270
12;Castellón/Castelló;12059 Fanzara;Total;2004;259
12;Castellón/Castelló;12059 Fanzara;Total;2003;240
12;Castellón/Castelló;12059 Fanzara;Total;2002;249
12;Castellón/Castelló;12059 Fanzara;Total;2001;247
12;Castellón/Castelló;12059 Fanzara;Total;2000;250
12;Castellón/Castelló;12059 Fanzara;Total;1999;265
12;Castellón/Castelló;12059 Fanzara;Total;1998;269
12;Castellón/Castelló;12059 Fanzara;Total;1997;
12;Castellón/Castelló;12059 Fanzara;Total;1996;282
12;Castellón/Castelló;12059 Fanzara;Hombres;2023;154
12;Castellón/Castelló;12059 Fanzara;Hombres;2022;145
12;Castellón/Castelló;12059 Fanzara;Hombres;2021;136
12;Castellón/Castelló;12059 Fanzara;Hombres;2020;140
12;Castellón/Castelló;12059 Fanzara;Hombres;2019;137
12;Castellón/Castelló;12059 Fanzara;Hombres;2018;139
12;Castellón/Castelló;12059 Fanzara;Hombres;2017;140
12;Castellón/Castelló;12059 Fanzara;Hombres;2016;144
12;Castellón/Castelló;12059 Fanzara;Hombres;2015;158
12;Castellón/Castelló;12059 Fanzara;Hombres;2014;164
12;Castellón/Castelló;12059 Fanzara;Hombres;2013;184
12;Castellón/Castelló;12059 Fanzara;Hombres;2012;176
12;Castellón/Castelló;12059 Fanzara;Hombres;2011;175
12;Castellón/Castelló;12059 Fanzara;Hombres;2010;187
12;Castellón/Castelló;12059 Fanzara;Hombres;2009;199
12;Castellón/Castelló;12059 Fanzara;Hombres;2008;223
12;Castellón/Castelló;12059 Fanzara;Hombres;2007;177
12;Castellón/Castelló;12059 Fanzara;Hombres;2006;135
12;Castellón/Castelló;12059 Fanzara;Hombres;2005;131
12;Castellón/Castelló;12059 Fanzara;Hombres;2004;125
12;Castellón/Castelló;12059 Fanzara;Hombres;2003;115
12;Castellón/Castelló;12059 Fanzara;Hombres;2002;120
12;Castellón/Castelló;12059 Fanzara;Hombres;2001;118
12;Castellón/Castelló;12059 Fanzara;Hombres;2000;116
12;Castellón/Castelló;12059 Fanzara;Hombres;1999;124
12;Castellón/Castelló;12059 Fanzara;Hombres;1998;128
12;Castellón/Castelló;12059 Fanzara;Hombres;1997;
12;Castellón/Castelló;12059 Fanzara;Hombres;1996;138
12;Castellón/Castelló;12059 Fanzara;Mujeres;2023;140
12;Castellón/Castelló;12059 Fanzara;Mujeres;2022;138
12;Castellón/Castelló;12059 Fanzara;Mujeres;2021;137
12;Castellón/Castelló;12059 Fanzara;Mujeres;2020;133
12;Castellón/Castelló;12059 Fanzara;Mujeres;2019;130
12;Castellón/Castelló;12059 Fanzara;Mujeres;2018;137
12;Castellón/Castelló;12059 Fanzara;Mujeres;2017;132
12;Castellón/Castelló;12059 Fanzara;Mujeres;2016;137
12;Castellón/Castelló;12059 Fanzara;Mujeres;2015;156
12;Castellón/Castelló;12059 Fanzara;Mujeres;2014;159
12;Castellón/Castelló;12059 Fanzara;Mujeres;2013;181
12;Castellón/Castelló;12059 Fanzara;Mujeres;2012;175
12;Castellón/Castelló;12059 Fanzara;Mujeres;2011;172
12;Castellón/Castelló;12059 Fanzara;Mujeres;2010;183
12;Castellón/Castelló;12059 Fanzara;Mujeres;2009;201
12;Castellón/Castelló;12059 Fanzara;Mujeres;2008;224
12;Castellón/Castelló;12059 Fanzara;Mujeres;2007;185
12;Castellón/Castelló;12059 Fanzara;Mujeres;2006;145
12;Castellón/Castelló;12059 Fanzara;Mujeres;2005;139
12;Castellón/Castelló;12059 Fanzara;Mujeres;2004;134
12;Castellón/Castelló;12059 Fanzara;Mujeres;2003;125
12;Castellón/Castelló;12059 Fanzara;Mujeres;2002;129
12;Castellón/Castelló;12059 Fanzara;Mujeres;2001;129
12;Castellón/Castelló;12059 Fanzara;Mujeres;2000;134
12;Castellón/Castelló;12059 Fanzara;Mujeres;1999;141
12;Castellón/Castelló;12059 Fanzara;Mujeres;1998;141
12;Castellón/Castelló;12059 Fanzara;Mujeres;1997;
12;Castellón/Castelló;12059 Fanzara;Mujeres;1996;144
12;Castellón/Castelló;12060 Figueroles;Total;2023;518
12;Castellón/Castelló;12060 Figueroles;Total;2022;518
12;Castellón/Castelló;12060 Figueroles;Total;2021;531
12;Castellón/Castelló;12060 Figueroles;Total;2020;523
12;Castellón/Castelló;12060 Figueroles;Total;2019;523
12;Castellón/Castelló;12060 Figueroles;Total;2018;525
12;Castellón/Castelló;12060 Figueroles;Total;2017;537
12;Castellón/Castelló;12060 Figueroles;Total;2016;542
12;Castellón/Castelló;12060 Figueroles;Total;2015;539
12;Castellón/Castelló;12060 Figueroles;Total;2014;549
12;Castellón/Castelló;12060 Figueroles;Total;2013;571
12;Castellón/Castelló;12060 Figueroles;Total;2012;574
12;Castellón/Castelló;12060 Figueroles;Total;2011;583
12;Castellón/Castelló;12060 Figueroles;Total;2010;590
12;Castellón/Castelló;12060 Figueroles;Total;2009;584
12;Castellón/Castelló;12060 Figueroles;Total;2008;582
12;Castellón/Castelló;12060 Figueroles;Total;2007;580
12;Castellón/Castelló;12060 Figueroles;Total;2006;571
12;Castellón/Castelló;12060 Figueroles;Total;2005;571
12;Castellón/Castelló;12060 Figueroles;Total;2004;562
12;Castellón/Castelló;12060 Figueroles;Total;2003;586
12;Castellón/Castelló;12060 Figueroles;Total;2002;588
12;Castellón/Castelló;12060 Figueroles;Total;2001;588
12;Castellón/Castelló;12060 Figueroles;Total;2000;581
12;Castellón/Castelló;12060 Figueroles;Total;1999;563
12;Castellón/Castelló;12060 Figueroles;Total;1998;548
12;Castellón/Castelló;12060 Figueroles;Total;1997;
12;Castellón/Castelló;12060 Figueroles;Total;1996;556
12;Castellón/Castelló;12060 Figueroles;Hombres;2023;258
12;Castellón/Castelló;12060 Figueroles;Hombres;2022;258
12;Castellón/Castelló;12060 Figueroles;Hombres;2021;264
12;Castellón/Castelló;12060 Figueroles;Hombres;2020;261
12;Castellón/Castelló;12060 Figueroles;Hombres;2019;261
12;Castellón/Castelló;12060 Figueroles;Hombres;2018;266
12;Castellón/Castelló;12060 Figueroles;Hombres;2017;271
12;Castellón/Castelló;12060 Figueroles;Hombres;2016;277
12;Castellón/Castelló;12060 Figueroles;Hombres;2015;276
12;Castellón/Castelló;12060 Figueroles;Hombres;2014;277
12;Castellón/Castelló;12060 Figueroles;Hombres;2013;286
12;Castellón/Castelló;12060 Figueroles;Hombres;2012;291
12;Castellón/Castelló;12060 Figueroles;Hombres;2011;293
12;Castellón/Castelló;12060 Figueroles;Hombres;2010;297
12;Castellón/Castelló;12060 Figueroles;Hombres;2009;295
12;Castellón/Castelló;12060 Figueroles;Hombres;2008;293
12;Castellón/Castelló;12060 Figueroles;Hombres;2007;292
12;Castellón/Castelló;12060 Figueroles;Hombres;2006;287
12;Castellón/Castelló;12060 Figueroles;Hombres;2005;287
12;Castellón/Castelló;12060 Figueroles;Hombres;2004;285
12;Castellón/Castelló;12060 Figueroles;Hombres;2003;292
12;Castellón/Castelló;12060 Figueroles;Hombres;2002;288
12;Castellón/Castelló;12060 Figueroles;Hombres;2001;290
12;Castellón/Castelló;12060 Figueroles;Hombres;2000;287
12;Castellón/Castelló;12060 Figueroles;Hombres;1999;282
12;Castellón/Castelló;12060 Figueroles;Hombres;1998;273
12;Castellón/Castelló;12060 Figueroles;Hombres;1997;
12;Castellón/Castelló;12060 Figueroles;Hombres;1996;274
12;Castellón/Castelló;12060 Figueroles;Mujeres;2023;260
12;Castellón/Castelló;12060 Figueroles;Mujeres;2022;260
12;Castellón/Castelló;12060 Figueroles;Mujeres;2021;267
12;Castellón/Castelló;12060 Figueroles;Mujeres;2020;262
12;Castellón/Castelló;12060 Figueroles;Mujeres;2019;262
12;Castellón/Castelló;12060 Figueroles;Mujeres;2018;259
12;Castellón/Castelló;12060 Figueroles;Mujeres;2017;266
12;Castellón/Castelló;12060 Figueroles;Mujeres;2016;265
12;Castellón/Castelló;12060 Figueroles;Mujeres;2015;263
12;Castellón/Castelló;12060 Figueroles;Mujeres;2014;272
12;Castellón/Castelló;12060 Figueroles;Mujeres;2013;285
12;Castellón/Castelló;12060 Figueroles;Mujeres;2012;283
12;Castellón/Castelló;12060 Figueroles;Mujeres;2011;290
12;Castellón/Castelló;12060 Figueroles;Mujeres;2010;293
12;Castellón/Castelló;12060 Figueroles;Mujeres;2009;289
12;Castellón/Castelló;12060 Figueroles;Mujeres;2008;289
12;Castellón/Castelló;12060 Figueroles;Mujeres;2007;288
12;Castellón/Castelló;12060 Figueroles;Mujeres;2006;284
12;Castellón/Castelló;12060 Figueroles;Mujeres;2005;284
12;Castellón/Castelló;12060 Figueroles;Mujeres;2004;277
12;Castellón/Castelló;12060 Figueroles;Mujeres;2003;294
12;Castellón/Castelló;12060 Figueroles;Mujeres;2002;300
12;Castellón/Castelló;12060 Figueroles;Mujeres;2001;298
12;Castellón/Castelló;12060 Figueroles;Mujeres;2000;294
12;Castellón/Castelló;12060 Figueroles;Mujeres;1999;281
12;Castellón/Castelló;12060 Figueroles;Mujeres;1998;275
12;Castellón/Castelló;12060 Figueroles;Mujeres;1997;
12;Castellón/Castelló;12060 Figueroles;Mujeres;1996;282
12;Castellón/Castelló;12061 Forcall;Total;2023;473
12;Castellón/Castelló;12061 Forcall;Total;2022;465
12;Castellón/Castelló;12061 Forcall;Total;2021;454
12;Castellón/Castelló;12061 Forcall;Total;2020;456
12;Castellón/Castelló;12061 Forcall;Total;2019;465
12;Castellón/Castelló;12061 Forcall;Total;2018;453
12;Castellón/Castelló;12061 Forcall;Total;2017;438
12;Castellón/Castelló;12061 Forcall;Total;2016;461
12;Castellón/Castelló;12061 Forcall;Total;2015;476
12;Castellón/Castelló;12061 Forcall;Total;2014;500
12;Castellón/Castelló;12061 Forcall;Total;2013;510
12;Castellón/Castelló;12061 Forcall;Total;2012;522
12;Castellón/Castelló;12061 Forcall;Total;2011;529
12;Castellón/Castelló;12061 Forcall;Total;2010;538
12;Castellón/Castelló;12061 Forcall;Total;2009;527
12;Castellón/Castelló;12061 Forcall;Total;2008;540
12;Castellón/Castelló;12061 Forcall;Total;2007;525
12;Castellón/Castelló;12061 Forcall;Total;2006;542
12;Castellón/Castelló;12061 Forcall;Total;2005;539
12;Castellón/Castelló;12061 Forcall;Total;2004;543
12;Castellón/Castelló;12061 Forcall;Total;2003;557
12;Castellón/Castelló;12061 Forcall;Total;2002;557
12;Castellón/Castelló;12061 Forcall;Total;2001;566
12;Castellón/Castelló;12061 Forcall;Total;2000;571
12;Castellón/Castelló;12061 Forcall;Total;1999;570
12;Castellón/Castelló;12061 Forcall;Total;1998;540
12;Castellón/Castelló;12061 Forcall;Total;1997;
12;Castellón/Castelló;12061 Forcall;Total;1996;554
12;Castellón/Castelló;12061 Forcall;Hombres;2023;227
12;Castellón/Castelló;12061 Forcall;Hombres;2022;223
12;Castellón/Castelló;12061 Forcall;Hombres;2021;218
12;Castellón/Castelló;12061 Forcall;Hombres;2020;223
12;Castellón/Castelló;12061 Forcall;Hombres;2019;230
12;Castellón/Castelló;12061 Forcall;Hombres;2018;223
12;Castellón/Castelló;12061 Forcall;Hombres;2017;214
12;Castellón/Castelló;12061 Forcall;Hombres;2016;223
12;Castellón/Castelló;12061 Forcall;Hombres;2015;231
12;Castellón/Castelló;12061 Forcall;Hombres;2014;251
12;Castellón/Castelló;12061 Forcall;Hombres;2013;253
12;Castellón/Castelló;12061 Forcall;Hombres;2012;255
12;Castellón/Castelló;12061 Forcall;Hombres;2011;259
12;Castellón/Castelló;12061 Forcall;Hombres;2010;264
12;Castellón/Castelló;12061 Forcall;Hombres;2009;258
12;Castellón/Castelló;12061 Forcall;Hombres;2008;263
12;Castellón/Castelló;12061 Forcall;Hombres;2007;256
12;Castellón/Castelló;12061 Forcall;Hombres;2006;258
12;Castellón/Castelló;12061 Forcall;Hombres;2005;260
12;Castellón/Castelló;12061 Forcall;Hombres;2004;260
12;Castellón/Castelló;12061 Forcall;Hombres;2003;266
12;Castellón/Castelló;12061 Forcall;Hombres;2002;263
12;Castellón/Castelló;12061 Forcall;Hombres;2001;269
12;Castellón/Castelló;12061 Forcall;Hombres;2000;270
12;Castellón/Castelló;12061 Forcall;Hombres;1999;271
12;Castellón/Castelló;12061 Forcall;Hombres;1998;262
12;Castellón/Castelló;12061 Forcall;Hombres;1997;
12;Castellón/Castelló;12061 Forcall;Hombres;1996;271
12;Castellón/Castelló;12061 Forcall;Mujeres;2023;246
12;Castellón/Castelló;12061 Forcall;Mujeres;2022;242
12;Castellón/Castelló;12061 Forcall;Mujeres;2021;236
12;Castellón/Castelló;12061 Forcall;Mujeres;2020;233
12;Castellón/Castelló;12061 Forcall;Mujeres;2019;235
12;Castellón/Castelló;12061 Forcall;Mujeres;2018;230
12;Castellón/Castelló;12061 Forcall;Mujeres;2017;224
12;Castellón/Castelló;12061 Forcall;Mujeres;2016;238
12;Castellón/Castelló;12061 Forcall;Mujeres;2015;245
12;Castellón/Castelló;12061 Forcall;Mujeres;2014;249
12;Castellón/Castelló;12061 Forcall;Mujeres;2013;257
12;Castellón/Castelló;12061 Forcall;Mujeres;2012;267
12;Castellón/Castelló;12061 Forcall;Mujeres;2011;270
12;Castellón/Castelló;12061 Forcall;Mujeres;2010;274
12;Castellón/Castelló;12061 Forcall;Mujeres;2009;269
12;Castellón/Castelló;12061 Forcall;Mujeres;2008;277
12;Castellón/Castelló;12061 Forcall;Mujeres;2007;269
12;Castellón/Castelló;12061 Forcall;Mujeres;2006;284
12;Castellón/Castelló;12061 Forcall;Mujeres;2005;279
12;Castellón/Castelló;12061 Forcall;Mujeres;2004;283
12;Castellón/Castelló;12061 Forcall;Mujeres;2003;291
12;Castellón/Castelló;12061 Forcall;Mujeres;2002;294
12;Castellón/Castelló;12061 Forcall;Mujeres;2001;297
12;Castellón/Castelló;12061 Forcall;Mujeres;2000;301
12;Castellón/Castelló;12061 Forcall;Mujeres;1999;299
12;Castellón/Castelló;12061 Forcall;Mujeres;1998;278
12;Castellón/Castelló;12061 Forcall;Mujeres;1997;
12;Castellón/Castelló;12061 Forcall;Mujeres;1996;283
12;Castellón/Castelló;12063 Fuente la Reina;Total;2023;59
12;Castellón/Castelló;12063 Fuente la Reina;Total;2022;58
12;Castellón/Castelló;12063 Fuente la Reina;Total;2021;49
12;Castellón/Castelló;12063 Fuente la Reina;Total;2020;51
12;Castellón/Castelló;12063 Fuente la Reina;Total;2019;52
12;Castellón/Castelló;12063 Fuente la Reina;Total;2018;49
12;Castellón/Castelló;12063 Fuente la Reina;Total;2017;43
12;Castellón/Castelló;12063 Fuente la Reina;Total;2016;46
12;Castellón/Castelló;12063 Fuente la Reina;Total;2015;51
12;Castellón/Castelló;12063 Fuente la Reina;Total;2014;54
12;Castellón/Castelló;12063 Fuente la Reina;Total;2013;56
12;Castellón/Castelló;12063 Fuente la Reina;Total;2012;57
12;Castellón/Castelló;12063 Fuente la Reina;Total;2011;64
12;Castellón/Castelló;12063 Fuente la Reina;Total;2010;49
12;Castellón/Castelló;12063 Fuente la Reina;Total;2009;56
12;Castellón/Castelló;12063 Fuente la Reina;Total;2008;51
12;Castellón/Castelló;12063 Fuente la Reina;Total;2007;50
12;Castellón/Castelló;12063 Fuente la Reina;Total;2006;44
12;Castellón/Castelló;12063 Fuente la Reina;Total;2005;39
12;Castellón/Castelló;12063 Fuente la Reina;Total;2004;35
12;Castellón/Castelló;12063 Fuente la Reina;Total;2003;27
12;Castellón/Castelló;12063 Fuente la Reina;Total;2002;32
12;Castellón/Castelló;12063 Fuente la Reina;Total;2001;33
12;Castellón/Castelló;12063 Fuente la Reina;Total;2000;29
12;Castellón/Castelló;12063 Fuente la Reina;Total;1999;28
12;Castellón/Castelló;12063 Fuente la Reina;Total;1998;29
12;Castellón/Castelló;12063 Fuente la Reina;Total;1997;
12;Castellón/Castelló;12063 Fuente la Reina;Total;1996;32
12;Castellón/Castelló;12063 Fuente la Reina;Hombres;2023;31
12;Castellón/Castelló;12063 Fuente la Reina;Hombres;2022;34
12;Castellón/Castelló;12063 Fuente la Reina;Hombres;2021;30
12;Castellón/Castelló;12063 Fuente la Reina;Hombres;2020;29
12;Castellón/Castelló;12063 Fuente la Reina;Hombres;2019;28
12;Castellón/Castelló;12063 Fuente la Reina;Hombres;2018;27
12;Castellón/Castelló;12063 Fuente la Reina;Hombres;2017;24
12;Castellón/Castelló;12063 Fuente la Reina;Hombres;2016;28
12;Castellón/Castelló;12063 Fuente la Reina;Hombres;2015;29
12;Castellón/Castelló;12063 Fuente la Reina;Hombres;2014;30
12;Castellón/Castelló;12063 Fuente la Reina;Hombres;2013;32
12;Castellón/Castelló;12063 Fuente la Reina;Hombres;2012;31
12;Castellón/Castelló;12063 Fuente la Reina;Hombres;2011;34
12;Castellón/Castelló;12063 Fuente la Reina;Hombres;2010;25
12;Castellón/Castelló;12063 Fuente la Reina;Hombres;2009;29
12;Castellón/Castelló;12063 Fuente la Reina;Hombres;2008;29
12;Castellón/Castelló;12063 Fuente la Reina;Hombres;2007;26
12;Castellón/Castelló;12063 Fuente la Reina;Hombres;2006;21
12;Castellón/Castelló;12063 Fuente la Reina;Hombres;2005;20
12;Castellón/Castelló;12063 Fuente la Reina;Hombres;2004;19
12;Castellón/Castelló;12063 Fuente la Reina;Hombres;2003;14
12;Castellón/Castelló;12063 Fuente la Reina;Hombres;2002;16
12;Castellón/Castelló;12063 Fuente la Reina;Hombres;2001;15
12;Castellón/Castelló;12063 Fuente la Reina;Hombres;2000;15
12;Castellón/Castelló;12063 Fuente la Reina;Hombres;1999;13
12;Castellón/Castelló;12063 Fuente la Reina;Hombres;1998;13
12;Castellón/Castelló;12063 Fuente la Reina;Hombres;1997;
12;Castellón/Castelló;12063 Fuente la Reina;Hombres;1996;14
12;Castellón/Castelló;12063 Fuente la Reina;Mujeres;2023;28
12;Castellón/Castelló;12063 Fuente la Reina;Mujeres;2022;24
12;Castellón/Castelló;12063 Fuente la Reina;Mujeres;2021;19
12;Castellón/Castelló;12063 Fuente la Reina;Mujeres;2020;22
12;Castellón/Castelló;12063 Fuente la Reina;Mujeres;2019;24
12;Castellón/Castelló;12063 Fuente la Reina;Mujeres;2018;22
12;Castellón/Castelló;12063 Fuente la Reina;Mujeres;2017;19
12;Castellón/Castelló;12063 Fuente la Reina;Mujeres;2016;18
12;Castellón/Castelló;12063 Fuente la Reina;Mujeres;2015;22
12;Castellón/Castelló;12063 Fuente la Reina;Mujeres;2014;24
12;Castellón/Castelló;12063 Fuente la Reina;Mujeres;2013;24
12;Castellón/Castelló;12063 Fuente la Reina;Mujeres;2012;26
12;Castellón/Castelló;12063 Fuente la Reina;Mujeres;2011;30
12;Castellón/Castelló;12063 Fuente la Reina;Mujeres;2010;24
12;Castellón/Castelló;12063 Fuente la Reina;Mujeres;2009;27
12;Castellón/Castelló;12063 Fuente la Reina;Mujeres;2008;22
12;Castellón/Castelló;12063 Fuente la Reina;Mujeres;2007;24
12;Castellón/Castelló;12063 Fuente la Reina;Mujeres;2006;23
12;Castellón/Castelló;12063 Fuente la Reina;Mujeres;2005;19
12;Castellón/Castelló;12063 Fuente la Reina;Mujeres;2004;16
12;Castellón/Castelló;12063 Fuente la Reina;Mujeres;2003;13
12;Castellón/Castelló;12063 Fuente la Reina;Mujeres;2002;16
12;Castellón/Castelló;12063 Fuente la Reina;Mujeres;2001;18
12;Castellón/Castelló;12063 Fuente la Reina;Mujeres;2000;14
12;Castellón/Castelló;12063 Fuente la Reina;Mujeres;1999;15
12;Castellón/Castelló;12063 Fuente la Reina;Mujeres;1998;16
12;Castellón/Castelló;12063 Fuente la Reina;Mujeres;1997;
12;Castellón/Castelló;12063 Fuente la Reina;Mujeres;1996;18
12;Castellón/Castelló;12064 Fuentes de Ayódar;Total;2023;98
12;Castellón/Castelló;12064 Fuentes de Ayódar;Total;2022;95
12;Castellón/Castelló;12064 Fuentes de Ayódar;Total;2021;93
12;Castellón/Castelló;12064 Fuentes de Ayódar;Total;2020;89
12;Castellón/Castelló;12064 Fuentes de Ayódar;Total;2019;87
12;Castellón/Castelló;12064 Fuentes de Ayódar;Total;2018;94
12;Castellón/Castelló;12064 Fuentes de Ayódar;Total;2017;106
12;Castellón/Castelló;12064 Fuentes de Ayódar;Total;2016;114
12;Castellón/Castelló;12064 Fuentes de Ayódar;Total;2015;130
12;Castellón/Castelló;12064 Fuentes de Ayódar;Total;2014;135
12;Castellón/Castelló;12064 Fuentes de Ayódar;Total;2013;143
12;Castellón/Castelló;12064 Fuentes de Ayódar;Total;2012;149
12;Castellón/Castelló;12064 Fuentes de Ayódar;Total;2011;155
12;Castellón/Castelló;12064 Fuentes de Ayódar;Total;2010;142
12;Castellón/Castelló;12064 Fuentes de Ayódar;Total;2009;122
12;Castellón/Castelló;12064 Fuentes de Ayódar;Total;2008;112
12;Castellón/Castelló;12064 Fuentes de Ayódar;Total;2007;105
12;Castellón/Castelló;12064 Fuentes de Ayódar;Total;2006;100
12;Castellón/Castelló;12064 Fuentes de Ayódar;Total;2005;101
12;Castellón/Castelló;12064 Fuentes de Ayódar;Total;2004;95
12;Castellón/Castelló;12064 Fuentes de Ayódar;Total;2003;93
12;Castellón/Castelló;12064 Fuentes de Ayódar;Total;2002;105
12;Castellón/Castelló;12064 Fuentes de Ayódar;Total;2001;105
12;Castellón/Castelló;12064 Fuentes de Ayódar;Total;2000;110
12;Castellón/Castelló;12064 Fuentes de Ayódar;Total;1999;97
12;Castellón/Castelló;12064 Fuentes de Ayódar;Total;1998;105
12;Castellón/Castelló;12064 Fuentes de Ayódar;Total;1997;
12;Castellón/Castelló;12064 Fuentes de Ayódar;Total;1996;98
12;Castellón/Castelló;12064 Fuentes de Ayódar;Hombres;2023;55
12;Castellón/Castelló;12064 Fuentes de Ayódar;Hombres;2022;53
12;Castellón/Castelló;12064 Fuentes de Ayódar;Hombres;2021;52
12;Castellón/Castelló;12064 Fuentes de Ayódar;Hombres;2020;52
12;Castellón/Castelló;12064 Fuentes de Ayódar;Hombres;2019;50
12;Castellón/Castelló;12064 Fuentes de Ayódar;Hombres;2018;53
12;Castellón/Castelló;12064 Fuentes de Ayódar;Hombres;2017;58
12;Castellón/Castelló;12064 Fuentes de Ayódar;Hombres;2016;59
12;Castellón/Castelló;12064 Fuentes de Ayódar;Hombres;2015;68
12;Castellón/Castelló;12064 Fuentes de Ayódar;Hombres;2014;69
12;Castellón/Castelló;12064 Fuentes de Ayódar;Hombres;2013;76
12;Castellón/Castelló;12064 Fuentes de Ayódar;Hombres;2012;78
12;Castellón/Castelló;12064 Fuentes de Ayódar;Hombres;2011;84
12;Castellón/Castelló;12064 Fuentes de Ayódar;Hombres;2010;77
12;Castellón/Castelló;12064 Fuentes de Ayódar;Hombres;2009;69
12;Castellón/Castelló;12064 Fuentes de Ayódar;Hombres;2008;67
12;Castellón/Castelló;12064 Fuentes de Ayódar;Hombres;2007;60
12;Castellón/Castelló;12064 Fuentes de Ayódar;Hombres;2006;55
12;Castellón/Castelló;12064 Fuentes de Ayódar;Hombres;2005;56
12;Castellón/Castelló;12064 Fuentes de Ayódar;Hombres;2004;54
12;Castellón/Castelló;12064 Fuentes de Ayódar;Hombres;2003;52
12;Castellón/Castelló;12064 Fuentes de Ayódar;Hombres;2002;58
12;Castellón/Castelló;12064 Fuentes de Ayódar;Hombres;2001;57
12;Castellón/Castelló;12064 Fuentes de Ayódar;Hombres;2000;60
12;Castellón/Castelló;12064 Fuentes de Ayódar;Hombres;1999;54
12;Castellón/Castelló;12064 Fuentes de Ayódar;Hombres;1998;58
12;Castellón/Castelló;12064 Fuentes de Ayódar;Hombres;1997;
12;Castellón/Castelló;12064 Fuentes de Ayódar;Hombres;1996;49
12;Castellón/Castelló;12064 Fuentes de Ayódar;Mujeres;2023;43
12;Castellón/Castelló;12064 Fuentes de Ayódar;Mujeres;2022;42
12;Castellón/Castelló;12064 Fuentes de Ayódar;Mujeres;2021;41
12;Castellón/Castelló;12064 Fuentes de Ayódar;Mujeres;2020;37
12;Castellón/Castelló;12064 Fuentes de Ayódar;Mujeres;2019;37
12;Castellón/Castelló;12064 Fuentes de Ayódar;Mujeres;2018;41
12;Castellón/Castelló;12064 Fuentes de Ayódar;Mujeres;2017;48
12;Castellón/Castelló;12064 Fuentes de Ayódar;Mujeres;2016;55
12;Castellón/Castelló;12064 Fuentes de Ayódar;Mujeres;2015;62
12;Castellón/Castelló;12064 Fuentes de Ayódar;Mujeres;2014;66
12;Castellón/Castelló;12064 Fuentes de Ayódar;Mujeres;2013;67
12;Castellón/Castelló;12064 Fuentes de Ayódar;Mujeres;2012;71
12;Castellón/Castelló;12064 Fuentes de Ayódar;Mujeres;2011;71
12;Castellón/Castelló;12064 Fuentes de Ayódar;Mujeres;2010;65
12;Castellón/Castelló;12064 Fuentes de Ayódar;Mujeres;2009;53
12;Castellón/Castelló;12064 Fuentes de Ayódar;Mujeres;2008;45
12;Castellón/Castelló;12064 Fuentes de Ayódar;Mujeres;2007;45
12;Castellón/Castelló;12064 Fuentes de Ayódar;Mujeres;2006;45
12;Castellón/Castelló;12064 Fuentes de Ayódar;Mujeres;2005;45
12;Castellón/Castelló;12064 Fuentes de Ayódar;Mujeres;2004;41
12;Castellón/Castelló;12064 Fuentes de Ayódar;Mujeres;2003;41
12;Castellón/Castelló;12064 Fuentes de Ayódar;Mujeres;2002;47
12;Castellón/Castelló;12064 Fuentes de Ayódar;Mujeres;2001;48
12;Castellón/Castelló;12064 Fuentes de Ayódar;Mujeres;2000;50
12;Castellón/Castelló;12064 Fuentes de Ayódar;Mujeres;1999;43
12;Castellón/Castelló;12064 Fuentes de Ayódar;Mujeres;1998;47
12;Castellón/Castelló;12064 Fuentes de Ayódar;Mujeres;1997;
12;Castellón/Castelló;12064 Fuentes de Ayódar;Mujeres;1996;49
12;Castellón/Castelló;12065 Gaibiel;Total;2023;197
12;Castellón/Castelló;12065 Gaibiel;Total;2022;201
12;Castellón/Castelló;12065 Gaibiel;Total;2021;186
12;Castellón/Castelló;12065 Gaibiel;Total;2020;181
12;Castellón/Castelló;12065 Gaibiel;Total;2019;188
12;Castellón/Castelló;12065 Gaibiel;Total;2018;193
12;Castellón/Castelló;12065 Gaibiel;Total;2017;199
12;Castellón/Castelló;12065 Gaibiel;Total;2016;205
12;Castellón/Castelló;12065 Gaibiel;Total;2015;205
12;Castellón/Castelló;12065 Gaibiel;Total;2014;198
12;Castellón/Castelló;12065 Gaibiel;Total;2013;184
12;Castellón/Castelló;12065 Gaibiel;Total;2012;195
12;Castellón/Castelló;12065 Gaibiel;Total;2011;196
12;Castellón/Castelló;12065 Gaibiel;Total;2010;199
12;Castellón/Castelló;12065 Gaibiel;Total;2009;201
12;Castellón/Castelló;12065 Gaibiel;Total;2008;213
12;Castellón/Castelló;12065 Gaibiel;Total;2007;204
12;Castellón/Castelló;12065 Gaibiel;Total;2006;183
12;Castellón/Castelló;12065 Gaibiel;Total;2005;195
12;Castellón/Castelló;12065 Gaibiel;Total;2004;197
12;Castellón/Castelló;12065 Gaibiel;Total;2003;185
12;Castellón/Castelló;12065 Gaibiel;Total;2002;200
12;Castellón/Castelló;12065 Gaibiel;Total;2001;205
12;Castellón/Castelló;12065 Gaibiel;Total;2000;203
12;Castellón/Castelló;12065 Gaibiel;Total;1999;203
12;Castellón/Castelló;12065 Gaibiel;Total;1998;205
12;Castellón/Castelló;12065 Gaibiel;Total;1997;
12;Castellón/Castelló;12065 Gaibiel;Total;1996;217
12;Castellón/Castelló;12065 Gaibiel;Hombres;2023;109
12;Castellón/Castelló;12065 Gaibiel;Hombres;2022;111
12;Castellón/Castelló;12065 Gaibiel;Hombres;2021;103
12;Castellón/Castelló;12065 Gaibiel;Hombres;2020;97
12;Castellón/Castelló;12065 Gaibiel;Hombres;2019;102
12;Castellón/Castelló;12065 Gaibiel;Hombres;2018;103
12;Castellón/Castelló;12065 Gaibiel;Hombres;2017;109
12;Castellón/Castelló;12065 Gaibiel;Hombres;2016;110
12;Castellón/Castelló;12065 Gaibiel;Hombres;2015;109
12;Castellón/Castelló;12065 Gaibiel;Hombres;2014;110
12;Castellón/Castelló;12065 Gaibiel;Hombres;2013;103
12;Castellón/Castelló;12065 Gaibiel;Hombres;2012;107
12;Castellón/Castelló;12065 Gaibiel;Hombres;2011;110
12;Castellón/Castelló;12065 Gaibiel;Hombres;2010;107
12;Castellón/Castelló;12065 Gaibiel;Hombres;2009;110
12;Castellón/Castelló;12065 Gaibiel;Hombres;2008;114
12;Castellón/Castelló;12065 Gaibiel;Hombres;2007;111
12;Castellón/Castelló;12065 Gaibiel;Hombres;2006;96
12;Castellón/Castelló;12065 Gaibiel;Hombres;2005;106
12;Castellón/Castelló;12065 Gaibiel;Hombres;2004;106
12;Castellón/Castelló;12065 Gaibiel;Hombres;2003;99
12;Castellón/Castelló;12065 Gaibiel;Hombres;2002;106
12;Castellón/Castelló;12065 Gaibiel;Hombres;2001;110
12;Castellón/Castelló;12065 Gaibiel;Hombres;2000;111
12;Castellón/Castelló;12065 Gaibiel;Hombres;1999;109
12;Castellón/Castelló;12065 Gaibiel;Hombres;1998;108
12;Castellón/Castelló;12065 Gaibiel;Hombres;1997;
12;Castellón/Castelló;12065 Gaibiel;Hombres;1996;115
12;Castellón/Castelló;12065 Gaibiel;Mujeres;2023;88
12;Castellón/Castelló;12065 Gaibiel;Mujeres;2022;90
12;Castellón/Castelló;12065 Gaibiel;Mujeres;2021;83
12;Castellón/Castelló;12065 Gaibiel;Mujeres;2020;84
12;Castellón/Castelló;12065 Gaibiel;Mujeres;2019;86
12;Castellón/Castelló;12065 Gaibiel;Mujeres;2018;90
12;Castellón/Castelló;12065 Gaibiel;Mujeres;2017;90
12;Castellón/Castelló;12065 Gaibiel;Mujeres;2016;95
12;Castellón/Castelló;12065 Gaibiel;Mujeres;2015;96
12;Castellón/Castelló;12065 Gaibiel;Mujeres;2014;88
12;Castellón/Castelló;12065 Gaibiel;Mujeres;2013;81
12;Castellón/Castelló;12065 Gaibiel;Mujeres;2012;88
12;Castellón/Castelló;12065 Gaibiel;Mujeres;2011;86
12;Castellón/Castelló;12065 Gaibiel;Mujeres;2010;92
12;Castellón/Castelló;12065 Gaibiel;Mujeres;2009;91
12;Castellón/Castelló;12065 Gaibiel;Mujeres;2008;99
12;Castellón/Castelló;12065 Gaibiel;Mujeres;2007;93
12;Castellón/Castelló;12065 Gaibiel;Mujeres;2006;87
12;Castellón/Castelló;12065 Gaibiel;Mujeres;2005;89
12;Castellón/Castelló;12065 Gaibiel;Mujeres;2004;91
12;Castellón/Castelló;12065 Gaibiel;Mujeres;2003;86
12;Castellón/Castelló;12065 Gaibiel;Mujeres;2002;94
12;Castellón/Castelló;12065 Gaibiel;Mujeres;2001;95
12;Castellón/Castelló;12065 Gaibiel;Mujeres;2000;92
12;Castellón/Castelló;12065 Gaibiel;Mujeres;1999;94
12;Castellón/Castelló;12065 Gaibiel;Mujeres;1998;97
12;Castellón/Castelló;12065 Gaibiel;Mujeres;1997;
12;Castellón/Castelló;12065 Gaibiel;Mujeres;1996;102
12;Castellón/Castelló;12067 Geldo;Total;2023;650
12;Castellón/Castelló;12067 Geldo;Total;2022;643
12;Castellón/Castelló;12067 Geldo;Total;2021;628
12;Castellón/Castelló;12067 Geldo;Total;2020;633
12;Castellón/Castelló;12067 Geldo;Total;2019;635
12;Castellón/Castelló;12067 Geldo;Total;2018;633
12;Castellón/Castelló;12067 Geldo;Total;2017;633
12;Castellón/Castelló;12067 Geldo;Total;2016;646
12;Castellón/Castelló;12067 Geldo;Total;2015;651
12;Castellón/Castelló;12067 Geldo;Total;2014;667
12;Castellón/Castelló;12067 Geldo;Total;2013;671
12;Castellón/Castelló;12067 Geldo;Total;2012;687
12;Castellón/Castelló;12067 Geldo;Total;2011;699
12;Castellón/Castelló;12067 Geldo;Total;2010;708
12;Castellón/Castelló;12067 Geldo;Total;2009;706
12;Castellón/Castelló;12067 Geldo;Total;2008;702
12;Castellón/Castelló;12067 Geldo;Total;2007;681
12;Castellón/Castelló;12067 Geldo;Total;2006;684
12;Castellón/Castelló;12067 Geldo;Total;2005;716
12;Castellón/Castelló;12067 Geldo;Total;2004;733
12;Castellón/Castelló;12067 Geldo;Total;2003;728
12;Castellón/Castelló;12067 Geldo;Total;2002;715
12;Castellón/Castelló;12067 Geldo;Total;2001;688
12;Castellón/Castelló;12067 Geldo;Total;2000;689
12;Castellón/Castelló;12067 Geldo;Total;1999;690
12;Castellón/Castelló;12067 Geldo;Total;1998;704
12;Castellón/Castelló;12067 Geldo;Total;1997;
12;Castellón/Castelló;12067 Geldo;Total;1996;700
12;Castellón/Castelló;12067 Geldo;Hombres;2023;325
12;Castellón/Castelló;12067 Geldo;Hombres;2022;322
12;Castellón/Castelló;12067 Geldo;Hombres;2021;315
12;Castellón/Castelló;12067 Geldo;Hombres;2020;313
12;Castellón/Castelló;12067 Geldo;Hombres;2019;316
12;Castellón/Castelló;12067 Geldo;Hombres;2018;314
12;Castellón/Castelló;12067 Geldo;Hombres;2017;318
12;Castellón/Castelló;12067 Geldo;Hombres;2016;328
12;Castellón/Castelló;12067 Geldo;Hombres;2015;335
12;Castellón/Castelló;12067 Geldo;Hombres;2014;343
12;Castellón/Castelló;12067 Geldo;Hombres;2013;348
12;Castellón/Castelló;12067 Geldo;Hombres;2012;354
12;Castellón/Castelló;12067 Geldo;Hombres;2011;358
12;Castellón/Castelló;12067 Geldo;Hombres;2010;364
12;Castellón/Castelló;12067 Geldo;Hombres;2009;367
12;Castellón/Castelló;12067 Geldo;Hombres;2008;364
12;Castellón/Castelló;12067 Geldo;Hombres;2007;354
12;Castellón/Castelló;12067 Geldo;Hombres;2006;355
12;Castellón/Castelló;12067 Geldo;Hombres;2005;364
12;Castellón/Castelló;12067 Geldo;Hombres;2004;370
12;Castellón/Castelló;12067 Geldo;Hombres;2003;367
12;Castellón/Castelló;12067 Geldo;Hombres;2002;361
12;Castellón/Castelló;12067 Geldo;Hombres;2001;345
12;Castellón/Castelló;12067 Geldo;Hombres;2000;344
12;Castellón/Castelló;12067 Geldo;Hombres;1999;346
12;Castellón/Castelló;12067 Geldo;Hombres;1998;351
12;Castellón/Castelló;12067 Geldo;Hombres;1997;
12;Castellón/Castelló;12067 Geldo;Hombres;1996;351
12;Castellón/Castelló;12067 Geldo;Mujeres;2023;325
12;Castellón/Castelló;12067 Geldo;Mujeres;2022;321
12;Castellón/Castelló;12067 Geldo;Mujeres;2021;313
12;Castellón/Castelló;12067 Geldo;Mujeres;2020;320
12;Castellón/Castelló;12067 Geldo;Mujeres;2019;319
12;Castellón/Castelló;12067 Geldo;Mujeres;2018;319
12;Castellón/Castelló;12067 Geldo;Mujeres;2017;315
12;Castellón/Castelló;12067 Geldo;Mujeres;2016;318
12;Castellón/Castelló;12067 Geldo;Mujeres;2015;316
12;Castellón/Castelló;12067 Geldo;Mujeres;2014;324
12;Castellón/Castelló;12067 Geldo;Mujeres;2013;323
12;Castellón/Castelló;12067 Geldo;Mujeres;2012;333
12;Castellón/Castelló;12067 Geldo;Mujeres;2011;341
12;Castellón/Castelló;12067 Geldo;Mujeres;2010;344
12;Castellón/Castelló;12067 Geldo;Mujeres;2009;339
12;Castellón/Castelló;12067 Geldo;Mujeres;2008;338
12;Castellón/Castelló;12067 Geldo;Mujeres;2007;327
12;Castellón/Castelló;12067 Geldo;Mujeres;2006;329
12;Castellón/Castelló;12067 Geldo;Mujeres;2005;352
12;Castellón/Castelló;12067 Geldo;Mujeres;2004;363
12;Castellón/Castelló;12067 Geldo;Mujeres;2003;361
12;Castellón/Castelló;12067 Geldo;Mujeres;2002;354
12;Castellón/Castelló;12067 Geldo;Mujeres;2001;343
12;Castellón/Castelló;12067 Geldo;Mujeres;2000;345
12;Castellón/Castelló;12067 Geldo;Mujeres;1999;344
12;Castellón/Castelló;12067 Geldo;Mujeres;1998;353
12;Castellón/Castelló;12067 Geldo;Mujeres;1997;
12;Castellón/Castelló;12067 Geldo;Mujeres;1996;349
12;Castellón/Castelló;12068 Herbers;Total;2023;62
12;Castellón/Castelló;12068 Herbers;Total;2022;63
12;Castellón/Castelló;12068 Herbers;Total;2021;53
12;Castellón/Castelló;12068 Herbers;Total;2020;44
12;Castellón/Castelló;12068 Herbers;Total;2019;42
12;Castellón/Castelló;12068 Herbers;Total;2018;49
12;Castellón/Castelló;12068 Herbers;Total;2017;48
12;Castellón/Castelló;12068 Herbers;Total;2016;49
12;Castellón/Castelló;12068 Herbers;Total;2015;49
12;Castellón/Castelló;12068 Herbers;Total;2014;54
12;Castellón/Castelló;12068 Herbers;Total;2013;57
12;Castellón/Castelló;12068 Herbers;Total;2012;56
12;Castellón/Castelló;12068 Herbers;Total;2011;59
12;Castellón/Castelló;12068 Herbers;Total;2010;56
12;Castellón/Castelló;12068 Herbers;Total;2009;59
12;Castellón/Castelló;12068 Herbers;Total;2008;65
12;Castellón/Castelló;12068 Herbers;Total;2007;72
12;Castellón/Castelló;12068 Herbers;Total;2006;72
12;Castellón/Castelló;12068 Herbers;Total;2005;73
12;Castellón/Castelló;12068 Herbers;Total;2004;84
12;Castellón/Castelló;12068 Herbers;Total;2003;88
12;Castellón/Castelló;12068 Herbers;Total;2002;94
12;Castellón/Castelló;12068 Herbers;Total;2001;103
12;Castellón/Castelló;12068 Herbers;Total;2000;103
12;Castellón/Castelló;12068 Herbers;Total;1999;107
12;Castellón/Castelló;12068 Herbers;Total;1998;106
12;Castellón/Castelló;12068 Herbers;Total;1997;
12;Castellón/Castelló;12068 Herbers;Total;1996;115
12;Castellón/Castelló;12068 Herbers;Hombres;2023;39
12;Castellón/Castelló;12068 Herbers;Hombres;2022;40
12;Castellón/Castelló;12068 Herbers;Hombres;2021;33
12;Castellón/Castelló;12068 Herbers;Hombres;2020;26
12;Castellón/Castelló;12068 Herbers;Hombres;2019;24
12;Castellón/Castelló;12068 Herbers;Hombres;2018;27
12;Castellón/Castelló;12068 Herbers;Hombres;2017;26
12;Castellón/Castelló;12068 Herbers;Hombres;2016;27
12;Castellón/Castelló;12068 Herbers;Hombres;2015;26
12;Castellón/Castelló;12068 Herbers;Hombres;2014;28
12;Castellón/Castelló;12068 Herbers;Hombres;2013;33
12;Castellón/Castelló;12068 Herbers;Hombres;2012;30
12;Castellón/Castelló;12068 Herbers;Hombres;2011;32
12;Castellón/Castelló;12068 Herbers;Hombres;2010;32
12;Castellón/Castelló;12068 Herbers;Hombres;2009;32
12;Castellón/Castelló;12068 Herbers;Hombres;2008;37
12;Castellón/Castelló;12068 Herbers;Hombres;2007;40
12;Castellón/Castelló;12068 Herbers;Hombres;2006;42
12;Castellón/Castelló;12068 Herbers;Hombres;2005;43
12;Castellón/Castelló;12068 Herbers;Hombres;2004;48
12;Castellón/Castelló;12068 Herbers;Hombres;2003;47
12;Castellón/Castelló;12068 Herbers;Hombres;2002;51
12;Castellón/Castelló;12068 Herbers;Hombres;2001;56
12;Castellón/Castelló;12068 Herbers;Hombres;2000;54
12;Castellón/Castelló;12068 Herbers;Hombres;1999;55
12;Castellón/Castelló;12068 Herbers;Hombres;1998;54
12;Castellón/Castelló;12068 Herbers;Hombres;1997;
12;Castellón/Castelló;12068 Herbers;Hombres;1996;55
12;Castellón/Castelló;12068 Herbers;Mujeres;2023;23
12;Castellón/Castelló;12068 Herbers;Mujeres;2022;23
12;Castellón/Castelló;12068 Herbers;Mujeres;2021;20
12;Castellón/Castelló;12068 Herbers;Mujeres;2020;18
12;Castellón/Castelló;12068 Herbers;Mujeres;2019;18
12;Castellón/Castelló;12068 Herbers;Mujeres;2018;22
12;Castellón/Castelló;12068 Herbers;Mujeres;2017;22
12;Castellón/Castelló;12068 Herbers;Mujeres;2016;22
12;Castellón/Castelló;12068 Herbers;Mujeres;2015;23
12;Castellón/Castelló;12068 Herbers;Mujeres;2014;26
12;Castellón/Castelló;12068 Herbers;Mujeres;2013;24
12;Castellón/Castelló;12068 Herbers;Mujeres;2012;26
12;Castellón/Castelló;12068 Herbers;Mujeres;2011;27
12;Castellón/Castelló;12068 Herbers;Mujeres;2010;24
12;Castellón/Castelló;12068 Herbers;Mujeres;2009;27
12;Castellón/Castelló;12068 Herbers;Mujeres;2008;28
12;Castellón/Castelló;12068 Herbers;Mujeres;2007;32
12;Castellón/Castelló;12068 Herbers;Mujeres;2006;30
12;Castellón/Castelló;12068 Herbers;Mujeres;2005;30
12;Castellón/Castelló;12068 Herbers;Mujeres;2004;36
12;Castellón/Castelló;12068 Herbers;Mujeres;2003;41
12;Castellón/Castelló;12068 Herbers;Mujeres;2002;43
12;Castellón/Castelló;12068 Herbers;Mujeres;2001;47
12;Castellón/Castelló;12068 Herbers;Mujeres;2000;49
12;Castellón/Castelló;12068 Herbers;Mujeres;1999;52
12;Castellón/Castelló;12068 Herbers;Mujeres;1998;52
12;Castellón/Castelló;12068 Herbers;Mujeres;1997;
12;Castellón/Castelló;12068 Herbers;Mujeres;1996;60
12;Castellón/Castelló;12069 Higueras;Total;2023;50
12;Castellón/Castelló;12069 Higueras;Total;2022;46
12;Castellón/Castelló;12069 Higueras;Total;2021;49
12;Castellón/Castelló;12069 Higueras;Total;2020;48
12;Castellón/Castelló;12069 Higueras;Total;2019;54
12;Castellón/Castelló;12069 Higueras;Total;2018;62
12;Castellón/Castelló;12069 Higueras;Total;2017;71
12;Castellón/Castelló;12069 Higueras;Total;2016;76
12;Castellón/Castelló;12069 Higueras;Total;2015;91
12;Castellón/Castelló;12069 Higueras;Total;2014;59
12;Castellón/Castelló;12069 Higueras;Total;2013;49
12;Castellón/Castelló;12069 Higueras;Total;2012;57
12;Castellón/Castelló;12069 Higueras;Total;2011;49
12;Castellón/Castelló;12069 Higueras;Total;2010;50
12;Castellón/Castelló;12069 Higueras;Total;2009;51
12;Castellón/Castelló;12069 Higueras;Total;2008;54
12;Castellón/Castelló;12069 Higueras;Total;2007;67
12;Castellón/Castelló;12069 Higueras;Total;2006;73
12;Castellón/Castelló;12069 Higueras;Total;2005;84
12;Castellón/Castelló;12069 Higueras;Total;2004;92
12;Castellón/Castelló;12069 Higueras;Total;2003;106
12;Castellón/Castelló;12069 Higueras;Total;2002;49
12;Castellón/Castelló;12069 Higueras;Total;2001;44
12;Castellón/Castelló;12069 Higueras;Total;2000;39
12;Castellón/Castelló;12069 Higueras;Total;1999;37
12;Castellón/Castelló;12069 Higueras;Total;1998;41
12;Castellón/Castelló;12069 Higueras;Total;1997;
12;Castellón/Castelló;12069 Higueras;Total;1996;46
12;Castellón/Castelló;12069 Higueras;Hombres;2023;24
12;Castellón/Castelló;12069 Higueras;Hombres;2022;24
12;Castellón/Castelló;12069 Higueras;Hombres;2021;26
12;Castellón/Castelló;12069 Higueras;Hombres;2020;25
12;Castellón/Castelló;12069 Higueras;Hombres;2019;31
12;Castellón/Castelló;12069 Higueras;Hombres;2018;37
12;Castellón/Castelló;12069 Higueras;Hombres;2017;40
12;Castellón/Castelló;12069 Higueras;Hombres;2016;42
12;Castellón/Castelló;12069 Higueras;Hombres;2015;49
12;Castellón/Castelló;12069 Higueras;Hombres;2014;30
12;Castellón/Castelló;12069 Higueras;Hombres;2013;25
12;Castellón/Castelló;12069 Higueras;Hombres;2012;29
12;Castellón/Castelló;12069 Higueras;Hombres;2011;26
12;Castellón/Castelló;12069 Higueras;Hombres;2010;26
12;Castellón/Castelló;12069 Higueras;Hombres;2009;26
12;Castellón/Castelló;12069 Higueras;Hombres;2008;27
12;Castellón/Castelló;12069 Higueras;Hombres;2007;33
12;Castellón/Castelló;12069 Higueras;Hombres;2006;35
12;Castellón/Castelló;12069 Higueras;Hombres;2005;41
12;Castellón/Castelló;12069 Higueras;Hombres;2004;45
12;Castellón/Castelló;12069 Higueras;Hombres;2003;52
12;Castellón/Castelló;12069 Higueras;Hombres;2002;29
12;Castellón/Castelló;12069 Higueras;Hombres;2001;25
12;Castellón/Castelló;12069 Higueras;Hombres;2000;22
12;Castellón/Castelló;12069 Higueras;Hombres;1999;22
12;Castellón/Castelló;12069 Higueras;Hombres;1998;25
12;Castellón/Castelló;12069 Higueras;Hombres;1997;
12;Castellón/Castelló;12069 Higueras;Hombres;1996;27
12;Castellón/Castelló;12069 Higueras;Mujeres;2023;26
12;Castellón/Castelló;12069 Higueras;Mujeres;2022;22
12;Castellón/Castelló;12069 Higueras;Mujeres;2021;23
12;Castellón/Castelló;12069 Higueras;Mujeres;2020;23
12;Castellón/Castelló;12069 Higueras;Mujeres;2019;23
12;Castellón/Castelló;12069 Higueras;Mujeres;2018;25
12;Castellón/Castelló;12069 Higueras;Mujeres;2017;31
12;Castellón/Castelló;12069 Higueras;Mujeres;2016;34
12;Castellón/Castelló;12069 Higueras;Mujeres;2015;42
12;Castellón/Castelló;12069 Higueras;Mujeres;2014;29
12;Castellón/Castelló;12069 Higueras;Mujeres;2013;24
12;Castellón/Castelló;12069 Higueras;Mujeres;2012;28
12;Castellón/Castelló;12069 Higueras;Mujeres;2011;23
12;Castellón/Castelló;12069 Higueras;Mujeres;2010;24
12;Castellón/Castelló;12069 Higueras;Mujeres;2009;25
12;Castellón/Castelló;12069 Higueras;Mujeres;2008;27
12;Castellón/Castelló;12069 Higueras;Mujeres;2007;34
12;Castellón/Castelló;12069 Higueras;Mujeres;2006;38
12;Castellón/Castelló;12069 Higueras;Mujeres;2005;43
12;Castellón/Castelló;12069 Higueras;Mujeres;2004;47
12;Castellón/Castelló;12069 Higueras;Mujeres;2003;54
12;Castellón/Castelló;12069 Higueras;Mujeres;2002;20
12;Castellón/Castelló;12069 Higueras;Mujeres;2001;19
12;Castellón/Castelló;12069 Higueras;Mujeres;2000;17
12;Castellón/Castelló;12069 Higueras;Mujeres;1999;15
12;Castellón/Castelló;12069 Higueras;Mujeres;1998;16
12;Castellón/Castelló;12069 Higueras;Mujeres;1997;
12;Castellón/Castelló;12069 Higueras;Mujeres;1996;19
12;Castellón/Castelló;12070 Jana, la;Total;2023;678
12;Castellón/Castelló;12070 Jana, la;Total;2022;669
12;Castellón/Castelló;12070 Jana, la;Total;2021;664
12;Castellón/Castelló;12070 Jana, la;Total;2020;676
12;Castellón/Castelló;12070 Jana, la;Total;2019;675
12;Castellón/Castelló;12070 Jana, la;Total;2018;666
12;Castellón/Castelló;12070 Jana, la;Total;2017;684
12;Castellón/Castelló;12070 Jana, la;Total;2016;700
12;Castellón/Castelló;12070 Jana, la;Total;2015;714
12;Castellón/Castelló;12070 Jana, la;Total;2014;733
12;Castellón/Castelló;12070 Jana, la;Total;2013;739
12;Castellón/Castelló;12070 Jana, la;Total;2012;757
12;Castellón/Castelló;12070 Jana, la;Total;2011;787
12;Castellón/Castelló;12070 Jana, la;Total;2010;799
12;Castellón/Castelló;12070 Jana, la;Total;2009;820
12;Castellón/Castelló;12070 Jana, la;Total;2008;830
12;Castellón/Castelló;12070 Jana, la;Total;2007;828
12;Castellón/Castelló;12070 Jana, la;Total;2006;823
12;Castellón/Castelló;12070 Jana, la;Total;2005;828
12;Castellón/Castelló;12070 Jana, la;Total;2004;820
12;Castellón/Castelló;12070 Jana, la;Total;2003;791
12;Castellón/Castelló;12070 Jana, la;Total;2002;792
12;Castellón/Castelló;12070 Jana, la;Total;2001;796
12;Castellón/Castelló;12070 Jana, la;Total;2000;812
12;Castellón/Castelló;12070 Jana, la;Total;1999;817
12;Castellón/Castelló;12070 Jana, la;Total;1998;823
12;Castellón/Castelló;12070 Jana, la;Total;1997;
12;Castellón/Castelló;12070 Jana, la;Total;1996;848
12;Castellón/Castelló;12070 Jana, la;Hombres;2023;348
12;Castellón/Castelló;12070 Jana, la;Hombres;2022;343
12;Castellón/Castelló;12070 Jana, la;Hombres;2021;340
12;Castellón/Castelló;12070 Jana, la;Hombres;2020;346
12;Castellón/Castelló;12070 Jana, la;Hombres;2019;341
12;Castellón/Castelló;12070 Jana, la;Hombres;2018;334
12;Castellón/Castelló;12070 Jana, la;Hombres;2017;340
12;Castellón/Castelló;12070 Jana, la;Hombres;2016;350
12;Castellón/Castelló;12070 Jana, la;Hombres;2015;358
12;Castellón/Castelló;12070 Jana, la;Hombres;2014;372
12;Castellón/Castelló;12070 Jana, la;Hombres;2013;381
12;Castellón/Castelló;12070 Jana, la;Hombres;2012;389
12;Castellón/Castelló;12070 Jana, la;Hombres;2011;402
12;Castellón/Castelló;12070 Jana, la;Hombres;2010;407
12;Castellón/Castelló;12070 Jana, la;Hombres;2009;415
12;Castellón/Castelló;12070 Jana, la;Hombres;2008;422
12;Castellón/Castelló;12070 Jana, la;Hombres;2007;415
12;Castellón/Castelló;12070 Jana, la;Hombres;2006;412
12;Castellón/Castelló;12070 Jana, la;Hombres;2005;420
12;Castellón/Castelló;12070 Jana, la;Hombres;2004;410
12;Castellón/Castelló;12070 Jana, la;Hombres;2003;397
12;Castellón/Castelló;12070 Jana, la;Hombres;2002;400
12;Castellón/Castelló;12070 Jana, la;Hombres;2001;402
12;Castellón/Castelló;12070 Jana, la;Hombres;2000;411
12;Castellón/Castelló;12070 Jana, la;Hombres;1999;415
12;Castellón/Castelló;12070 Jana, la;Hombres;1998;418
12;Castellón/Castelló;12070 Jana, la;Hombres;1997;
12;Castellón/Castelló;12070 Jana, la;Hombres;1996;424
12;Castellón/Castelló;12070 Jana, la;Mujeres;2023;330
12;Castellón/Castelló;12070 Jana, la;Mujeres;2022;326
12;Castellón/Castelló;12070 Jana, la;Mujeres;2021;324
12;Castellón/Castelló;12070 Jana, la;Mujeres;2020;330
12;Castellón/Castelló;12070 Jana, la;Mujeres;2019;334
12;Castellón/Castelló;12070 Jana, la;Mujeres;2018;332
12;Castellón/Castelló;12070 Jana, la;Mujeres;2017;344
12;Castellón/Castelló;12070 Jana, la;Mujeres;2016;350
12;Castellón/Castelló;12070 Jana, la;Mujeres;2015;356
12;Castellón/Castelló;12070 Jana, la;Mujeres;2014;361
12;Castellón/Castelló;12070 Jana, la;Mujeres;2013;358
12;Castellón/Castelló;12070 Jana, la;Mujeres;2012;368
12;Castellón/Castelló;12070 Jana, la;Mujeres;2011;385
12;Castellón/Castelló;12070 Jana, la;Mujeres;2010;392
12;Castellón/Castelló;12070 Jana, la;Mujeres;2009;405
12;Castellón/Castelló;12070 Jana, la;Mujeres;2008;408
12;Castellón/Castelló;12070 Jana, la;Mujeres;2007;413
12;Castellón/Castelló;12070 Jana, la;Mujeres;2006;411
12;Castellón/Castelló;12070 Jana, la;Mujeres;2005;408
12;Castellón/Castelló;12070 Jana, la;Mujeres;2004;410
12;Castellón/Castelló;12070 Jana, la;Mujeres;2003;394
12;Castellón/Castelló;12070 Jana, la;Mujeres;2002;392
12;Castellón/Castelló;12070 Jana, la;Mujeres;2001;394
12;Castellón/Castelló;12070 Jana, la;Mujeres;2000;401
12;Castellón/Castelló;12070 Jana, la;Mujeres;1999;402
12;Castellón/Castelló;12070 Jana, la;Mujeres;1998;405
12;Castellón/Castelló;12070 Jana, la;Mujeres;1997;
12;Castellón/Castelló;12070 Jana, la;Mujeres;1996;424
12;Castellón/Castelló;12071 Jérica;Total;2023;1794
12;Castellón/Castelló;12071 Jérica;Total;2022;1655
12;Castellón/Castelló;12071 Jérica;Total;2021;1650
12;Castellón/Castelló;12071 Jérica;Total;2020;1559
12;Castellón/Castelló;12071 Jérica;Total;2019;1548
12;Castellón/Castelló;12071 Jérica;Total;2018;1553
12;Castellón/Castelló;12071 Jérica;Total;2017;1550
12;Castellón/Castelló;12071 Jérica;Total;2016;1574
12;Castellón/Castelló;12071 Jérica;Total;2015;1599
12;Castellón/Castelló;12071 Jérica;Total;2014;1621
12;Castellón/Castelló;12071 Jérica;Total;2013;1621
12;Castellón/Castelló;12071 Jérica;Total;2012;1656
12;Castellón/Castelló;12071 Jérica;Total;2011;1634
12;Castellón/Castelló;12071 Jérica;Total;2010;1690
12;Castellón/Castelló;12071 Jérica;Total;2009;1672
12;Castellón/Castelló;12071 Jérica;Total;2008;1642
12;Castellón/Castelló;12071 Jérica;Total;2007;1611
12;Castellón/Castelló;12071 Jérica;Total;2006;1589
12;Castellón/Castelló;12071 Jérica;Total;2005;1577
12;Castellón/Castelló;12071 Jérica;Total;2004;1542
12;Castellón/Castelló;12071 Jérica;Total;2003;1538
12;Castellón/Castelló;12071 Jérica;Total;2002;1554
12;Castellón/Castelló;12071 Jérica;Total;2001;1571
12;Castellón/Castelló;12071 Jérica;Total;2000;1554
12;Castellón/Castelló;12071 Jérica;Total;1999;1561
12;Castellón/Castelló;12071 Jérica;Total;1998;1574
12;Castellón/Castelló;12071 Jérica;Total;1997;
12;Castellón/Castelló;12071 Jérica;Total;1996;1591
12;Castellón/Castelló;12071 Jérica;Hombres;2023;895
12;Castellón/Castelló;12071 Jérica;Hombres;2022;841
12;Castellón/Castelló;12071 Jérica;Hombres;2021;842
12;Castellón/Castelló;12071 Jérica;Hombres;2020;801
12;Castellón/Castelló;12071 Jérica;Hombres;2019;798
12;Castellón/Castelló;12071 Jérica;Hombres;2018;803
12;Castellón/Castelló;12071 Jérica;Hombres;2017;795
12;Castellón/Castelló;12071 Jérica;Hombres;2016;811
12;Castellón/Castelló;12071 Jérica;Hombres;2015;820
12;Castellón/Castelló;12071 Jérica;Hombres;2014;821
12;Castellón/Castelló;12071 Jérica;Hombres;2013;818
12;Castellón/Castelló;12071 Jérica;Hombres;2012;826
12;Castellón/Castelló;12071 Jérica;Hombres;2011;817
12;Castellón/Castelló;12071 Jérica;Hombres;2010;847
12;Castellón/Castelló;12071 Jérica;Hombres;2009;831
12;Castellón/Castelló;12071 Jérica;Hombres;2008;821
12;Castellón/Castelló;12071 Jérica;Hombres;2007;807
12;Castellón/Castelló;12071 Jérica;Hombres;2006;800
12;Castellón/Castelló;12071 Jérica;Hombres;2005;788
12;Castellón/Castelló;12071 Jérica;Hombres;2004;782
12;Castellón/Castelló;12071 Jérica;Hombres;2003;775
12;Castellón/Castelló;12071 Jérica;Hombres;2002;792
12;Castellón/Castelló;12071 Jérica;Hombres;2001;792
12;Castellón/Castelló;12071 Jérica;Hombres;2000;779
12;Castellón/Castelló;12071 Jérica;Hombres;1999;797
12;Castellón/Castelló;12071 Jérica;Hombres;1998;801
12;Castellón/Castelló;12071 Jérica;Hombres;1997;
12;Castellón/Castelló;12071 Jérica;Hombres;1996;811
12;Castellón/Castelló;12071 Jérica;Mujeres;2023;899
12;Castellón/Castelló;12071 Jérica;Mujeres;2022;814
12;Castellón/Castelló;12071 Jérica;Mujeres;2021;808
12;Castellón/Castelló;12071 Jérica;Mujeres;2020;758
12;Castellón/Castelló;12071 Jérica;Mujeres;2019;750
12;Castellón/Castelló;12071 Jérica;Mujeres;2018;750
12;Castellón/Castelló;12071 Jérica;Mujeres;2017;755
12;Castellón/Castelló;12071 Jérica;Mujeres;2016;763
12;Castellón/Castelló;12071 Jérica;Mujeres;2015;779
12;Castellón/Castelló;12071 Jérica;Mujeres;2014;800
12;Castellón/Castelló;12071 Jérica;Mujeres;2013;803
12;Castellón/Castelló;12071 Jérica;Mujeres;2012;830
12;Castellón/Castelló;12071 Jérica;Mujeres;2011;817
12;Castellón/Castelló;12071 Jérica;Mujeres;2010;843
12;Castellón/Castelló;12071 Jérica;Mujeres;2009;841
12;Castellón/Castelló;12071 Jérica;Mujeres;2008;821
12;Castellón/Castelló;12071 Jérica;Mujeres;2007;804
12;Castellón/Castelló;12071 Jérica;Mujeres;2006;789
12;Castellón/Castelló;12071 Jérica;Mujeres;2005;789
12;Castellón/Castelló;12071 Jérica;Mujeres;2004;760
12;Castellón/Castelló;12071 Jérica;Mujeres;2003;763
12;Castellón/Castelló;12071 Jérica;Mujeres;2002;762
12;Castellón/Castelló;12071 Jérica;Mujeres;2001;779
12;Castellón/Castelló;12071 Jérica;Mujeres;2000;775
12;Castellón/Castelló;12071 Jérica;Mujeres;1999;764
12;Castellón/Castelló;12071 Jérica;Mujeres;1998;773
12;Castellón/Castelló;12071 Jérica;Mujeres;1997;
12;Castellón/Castelló;12071 Jérica;Mujeres;1996;780
12;Castellón/Castelló;12074 Llosa, la;Total;2023;1003
12;Castellón/Castelló;12074 Llosa, la;Total;2022;969
12;Castellón/Castelló;12074 Llosa, la;Total;2021;983
12;Castellón/Castelló;12074 Llosa, la;Total;2020;982
12;Castellón/Castelló;12074 Llosa, la;Total;2019;951
12;Castellón/Castelló;12074 Llosa, la;Total;2018;940
12;Castellón/Castelló;12074 Llosa, la;Total;2017;973
12;Castellón/Castelló;12074 Llosa, la;Total;2016;969
12;Castellón/Castelló;12074 Llosa, la;Total;2015;988
12;Castellón/Castelló;12074 Llosa, la;Total;2014;972
12;Castellón/Castelló;12074 Llosa, la;Total;2013;981
12;Castellón/Castelló;12074 Llosa, la;Total;2012;955
12;Castellón/Castelló;12074 Llosa, la;Total;2011;951
12;Castellón/Castelló;12074 Llosa, la;Total;2010;983
12;Castellón/Castelló;12074 Llosa, la;Total;2009;962
12;Castellón/Castelló;12074 Llosa, la;Total;2008;935
12;Castellón/Castelló;12074 Llosa, la;Total;2007;928
12;Castellón/Castelló;12074 Llosa, la;Total;2006;917
12;Castellón/Castelló;12074 Llosa, la;Total;2005;924
12;Castellón/Castelló;12074 Llosa, la;Total;2004;915
12;Castellón/Castelló;12074 Llosa, la;Total;2003;912
12;Castellón/Castelló;12074 Llosa, la;Total;2002;910
12;Castellón/Castelló;12074 Llosa, la;Total;2001;914
12;Castellón/Castelló;12074 Llosa, la;Total;2000;918
12;Castellón/Castelló;12074 Llosa, la;Total;1999;932
12;Castellón/Castelló;12074 Llosa, la;Total;1998;932
12;Castellón/Castelló;12074 Llosa, la;Total;1997;
12;Castellón/Castelló;12074 Llosa, la;Total;1996;937
12;Castellón/Castelló;12074 Llosa, la;Hombres;2023;489
12;Castellón/Castelló;12074 Llosa, la;Hombres;2022;471
12;Castellón/Castelló;12074 Llosa, la;Hombres;2021;477
12;Castellón/Castelló;12074 Llosa, la;Hombres;2020;479
12;Castellón/Castelló;12074 Llosa, la;Hombres;2019;467
12;Castellón/Castelló;12074 Llosa, la;Hombres;2018;467
12;Castellón/Castelló;12074 Llosa, la;Hombres;2017;481
12;Castellón/Castelló;12074 Llosa, la;Hombres;2016;481
12;Castellón/Castelló;12074 Llosa, la;Hombres;2015;488
12;Castellón/Castelló;12074 Llosa, la;Hombres;2014;484
12;Castellón/Castelló;12074 Llosa, la;Hombres;2013;493
12;Castellón/Castelló;12074 Llosa, la;Hombres;2012;484
12;Castellón/Castelló;12074 Llosa, la;Hombres;2011;483
12;Castellón/Castelló;12074 Llosa, la;Hombres;2010;499
12;Castellón/Castelló;12074 Llosa, la;Hombres;2009;490
12;Castellón/Castelló;12074 Llosa, la;Hombres;2008;477
12;Castellón/Castelló;12074 Llosa, la;Hombres;2007;470
12;Castellón/Castelló;12074 Llosa, la;Hombres;2006;466
12;Castellón/Castelló;12074 Llosa, la;Hombres;2005;472
12;Castellón/Castelló;12074 Llosa, la;Hombres;2004;460
12;Castellón/Castelló;12074 Llosa, la;Hombres;2003;452
12;Castellón/Castelló;12074 Llosa, la;Hombres;2002;449
12;Castellón/Castelló;12074 Llosa, la;Hombres;2001;458
12;Castellón/Castelló;12074 Llosa, la;Hombres;2000;461
12;Castellón/Castelló;12074 Llosa, la;Hombres;1999;471
12;Castellón/Castelló;12074 Llosa, la;Hombres;1998;471
12;Castellón/Castelló;12074 Llosa, la;Hombres;1997;
12;Castellón/Castelló;12074 Llosa, la;Hombres;1996;470
12;Castellón/Castelló;12074 Llosa, la;Mujeres;2023;514
12;Castellón/Castelló;12074 Llosa, la;Mujeres;2022;498
12;Castellón/Castelló;12074 Llosa, la;Mujeres;2021;506
12;Castellón/Castelló;12074 Llosa, la;Mujeres;2020;503
12;Castellón/Castelló;12074 Llosa, la;Mujeres;2019;484
12;Castellón/Castelló;12074 Llosa, la;Mujeres;2018;473
12;Castellón/Castelló;12074 Llosa, la;Mujeres;2017;492
12;Castellón/Castelló;12074 Llosa, la;Mujeres;2016;488
12;Castellón/Castelló;12074 Llosa, la;Mujeres;2015;500
12;Castellón/Castelló;12074 Llosa, la;Mujeres;2014;488
12;Castellón/Castelló;12074 Llosa, la;Mujeres;2013;488
12;Castellón/Castelló;12074 Llosa, la;Mujeres;2012;471
12;Castellón/Castelló;12074 Llosa, la;Mujeres;2011;468
12;Castellón/Castelló;12074 Llosa, la;Mujeres;2010;484
12;Castellón/Castelló;12074 Llosa, la;Mujeres;2009;472
12;Castellón/Castelló;12074 Llosa, la;Mujeres;2008;458
12;Castellón/Castelló;12074 Llosa, la;Mujeres;2007;458
12;Castellón/Castelló;12074 Llosa, la;Mujeres;2006;451
12;Castellón/Castelló;12074 Llosa, la;Mujeres;2005;452
12;Castellón/Castelló;12074 Llosa, la;Mujeres;2004;455
12;Castellón/Castelló;12074 Llosa, la;Mujeres;2003;460
12;Castellón/Castelló;12074 Llosa, la;Mujeres;2002;461
12;Castellón/Castelló;12074 Llosa, la;Mujeres;2001;456
12;Castellón/Castelló;12074 Llosa, la;Mujeres;2000;457
12;Castellón/Castelló;12074 Llosa, la;Mujeres;1999;461
12;Castellón/Castelló;12074 Llosa, la;Mujeres;1998;461
12;Castellón/Castelló;12074 Llosa, la;Mujeres;1997;
12;Castellón/Castelló;12074 Llosa, la;Mujeres;1996;467
12;Castellón/Castelló;12072 Llucena/Lucena del Cid;Total;2023;1369
12;Castellón/Castelló;12072 Llucena/Lucena del Cid;Total;2022;1325
12;Castellón/Castelló;12072 Llucena/Lucena del Cid;Total;2021;1308
12;Castellón/Castelló;12072 Llucena/Lucena del Cid;Total;2020;1315
12;Castellón/Castelló;12072 Llucena/Lucena del Cid;Total;2019;1302
12;Castellón/Castelló;12072 Llucena/Lucena del Cid;Total;2018;1319
12;Castellón/Castelló;12072 Llucena/Lucena del Cid;Total;2017;1331
12;Castellón/Castelló;12072 Llucena/Lucena del Cid;Total;2016;1372
12;Castellón/Castelló;12072 Llucena/Lucena del Cid;Total;2015;1385
12;Castellón/Castelló;12072 Llucena/Lucena del Cid;Total;2014;1417
12;Castellón/Castelló;12072 Llucena/Lucena del Cid;Total;2013;1446
12;Castellón/Castelló;12072 Llucena/Lucena del Cid;Total;2012;1484
12;Castellón/Castelló;12072 Llucena/Lucena del Cid;Total;2011;1516
12;Castellón/Castelló;12072 Llucena/Lucena del Cid;Total;2010;1532
12;Castellón/Castelló;12072 Llucena/Lucena del Cid;Total;2009;1585
12;Castellón/Castelló;12072 Llucena/Lucena del Cid;Total;2008;1587
12;Castellón/Castelló;12072 Llucena/Lucena del Cid;Total;2007;1580
12;Castellón/Castelló;12072 Llucena/Lucena del Cid;Total;2006;1605
12;Castellón/Castelló;12072 Llucena/Lucena del Cid;Total;2005;1578
12;Castellón/Castelló;12072 Llucena/Lucena del Cid;Total;2004;1550
12;Castellón/Castelló;12072 Llucena/Lucena del Cid;Total;2003;1559
12;Castellón/Castelló;12072 Llucena/Lucena del Cid;Total;2002;1556
12;Castellón/Castelló;12072 Llucena/Lucena del Cid;Total;2001;1541
12;Castellón/Castelló;12072 Llucena/Lucena del Cid;Total;2000;1538
12;Castellón/Castelló;12072 Llucena/Lucena del Cid;Total;1999;1581
12;Castellón/Castelló;12072 Llucena/Lucena del Cid;Total;1998;1581
12;Castellón/Castelló;12072 Llucena/Lucena del Cid;Total;1997;
12;Castellón/Castelló;12072 Llucena/Lucena del Cid;Total;1996;1629
12;Castellón/Castelló;12072 Llucena/Lucena del Cid;Hombres;2023;683
12;Castellón/Castelló;12072 Llucena/Lucena del Cid;Hombres;2022;662
12;Castellón/Castelló;12072 Llucena/Lucena del Cid;Hombres;2021;658
12;Castellón/Castelló;12072 Llucena/Lucena del Cid;Hombres;2020;655
12;Castellón/Castelló;12072 Llucena/Lucena del Cid;Hombres;2019;653
12;Castellón/Castelló;12072 Llucena/Lucena del Cid;Hombres;2018;664
12;Castellón/Castelló;12072 Llucena/Lucena del Cid;Hombres;2017;671
12;Castellón/Castelló;12072 Llucena/Lucena del Cid;Hombres;2016;686
12;Castellón/Castelló;12072 Llucena/Lucena del Cid;Hombres;2015;701
12;Castellón/Castelló;12072 Llucena/Lucena del Cid;Hombres;2014;711
12;Castellón/Castelló;12072 Llucena/Lucena del Cid;Hombres;2013;730
12;Castellón/Castelló;12072 Llucena/Lucena del Cid;Hombres;2012;747
12;Castellón/Castelló;12072 Llucena/Lucena del Cid;Hombres;2011;766
12;Castellón/Castelló;12072 Llucena/Lucena del Cid;Hombres;2010;772
12;Castellón/Castelló;12072 Llucena/Lucena del Cid;Hombres;2009;810
12;Castellón/Castelló;12072 Llucena/Lucena del Cid;Hombres;2008;800
12;Castellón/Castelló;12072 Llucena/Lucena del Cid;Hombres;2007;798
12;Castellón/Castelló;12072 Llucena/Lucena del Cid;Hombres;2006;817
12;Castellón/Castelló;12072 Llucena/Lucena del Cid;Hombres;2005;806
12;Castellón/Castelló;12072 Llucena/Lucena del Cid;Hombres;2004;792
12;Castellón/Castelló;12072 Llucena/Lucena del Cid;Hombres;2003;800
12;Castellón/Castelló;12072 Llucena/Lucena del Cid;Hombres;2002;807
12;Castellón/Castelló;12072 Llucena/Lucena del Cid;Hombres;2001;790
12;Castellón/Castelló;12072 Llucena/Lucena del Cid;Hombres;2000;774
12;Castellón/Castelló;12072 Llucena/Lucena del Cid;Hombres;1999;792
12;Castellón/Castelló;12072 Llucena/Lucena del Cid;Hombres;1998;792
12;Castellón/Castelló;12072 Llucena/Lucena del Cid;Hombres;1997;
12;Castellón/Castelló;12072 Llucena/Lucena del Cid;Hombres;1996;795
12;Castellón/Castelló;12072 Llucena/Lucena del Cid;Mujeres;2023;686
12;Castellón/Castelló;12072 Llucena/Lucena del Cid;Mujeres;2022;663
12;Castellón/Castelló;12072 Llucena/Lucena del Cid;Mujeres;2021;650
12;Castellón/Castelló;12072 Llucena/Lucena del Cid;Mujeres;2020;660
12;Castellón/Castelló;12072 Llucena/Lucena del Cid;Mujeres;2019;649
12;Castellón/Castelló;12072 Llucena/Lucena del Cid;Mujeres;2018;655
12;Castellón/Castelló;12072 Llucena/Lucena del Cid;Mujeres;2017;660
12;Castellón/Castelló;12072 Llucena/Lucena del Cid;Mujeres;2016;686
12;Castellón/Castelló;12072 Llucena/Lucena del Cid;Mujeres;2015;684
12;Castellón/Castelló;12072 Llucena/Lucena del Cid;Mujeres;2014;706
12;Castellón/Castelló;12072 Llucena/Lucena del Cid;Mujeres;2013;716
12;Castellón/Castelló;12072 Llucena/Lucena del Cid;Mujeres;2012;737
12;Castellón/Castelló;12072 Llucena/Lucena del Cid;Mujeres;2011;750
12;Castellón/Castelló;12072 Llucena/Lucena del Cid;Mujeres;2010;760
12;Castellón/Castelló;12072 Llucena/Lucena del Cid;Mujeres;2009;775
12;Castellón/Castelló;12072 Llucena/Lucena del Cid;Mujeres;2008;787
12;Castellón/Castelló;12072 Llucena/Lucena del Cid;Mujeres;2007;782
12;Castellón/Castelló;12072 Llucena/Lucena del Cid;Mujeres;2006;788
12;Castellón/Castelló;12072 Llucena/Lucena del Cid;Mujeres;2005;772
12;Castellón/Castelló;12072 Llucena/Lucena del Cid;Mujeres;2004;758
12;Castellón/Castelló;12072 Llucena/Lucena del Cid;Mujeres;2003;759
12;Castellón/Castelló;12072 Llucena/Lucena del Cid;Mujeres;2002;749
12;Castellón/Castelló;12072 Llucena/Lucena del Cid;Mujeres;2001;751
12;Castellón/Castelló;12072 Llucena/Lucena del Cid;Mujeres;2000;764
12;Castellón/Castelló;12072 Llucena/Lucena del Cid;Mujeres;1999;789
12;Castellón/Castelló;12072 Llucena/Lucena del Cid;Mujeres;1998;789
12;Castellón/Castelló;12072 Llucena/Lucena del Cid;Mujeres;1997;
12;Castellón/Castelló;12072 Llucena/Lucena del Cid;Mujeres;1996;834
12;Castellón/Castelló;12073 Ludiente;Total;2023;155
12;Castellón/Castelló;12073 Ludiente;Total;2022;140
12;Castellón/Castelló;12073 Ludiente;Total;2021;155
12;Castellón/Castelló;12073 Ludiente;Total;2020;149
12;Castellón/Castelló;12073 Ludiente;Total;2019;141
12;Castellón/Castelló;12073 Ludiente;Total;2018;155
12;Castellón/Castelló;12073 Ludiente;Total;2017;160
12;Castellón/Castelló;12073 Ludiente;Total;2016;170
12;Castellón/Castelló;12073 Ludiente;Total;2015;181
12;Castellón/Castelló;12073 Ludiente;Total;2014;175
12;Castellón/Castelló;12073 Ludiente;Total;2013;190
12;Castellón/Castelló;12073 Ludiente;Total;2012;192
12;Castellón/Castelló;12073 Ludiente;Total;2011;200
12;Castellón/Castelló;12073 Ludiente;Total;2010;197
12;Castellón/Castelló;12073 Ludiente;Total;2009;192
12;Castellón/Castelló;12073 Ludiente;Total;2008;169
12;Castellón/Castelló;12073 Ludiente;Total;2007;177
12;Castellón/Castelló;12073 Ludiente;Total;2006;185
12;Castellón/Castelló;12073 Ludiente;Total;2005;203
12;Castellón/Castelló;12073 Ludiente;Total;2004;206
12;Castellón/Castelló;12073 Ludiente;Total;2003;213
12;Castellón/Castelló;12073 Ludiente;Total;2002;214
12;Castellón/Castelló;12073 Ludiente;Total;2001;218
12;Castellón/Castelló;12073 Ludiente;Total;2000;225
12;Castellón/Castelló;12073 Ludiente;Total;1999;228
12;Castellón/Castelló;12073 Ludiente;Total;1998;232
12;Castellón/Castelló;12073 Ludiente;Total;1997;
12;Castellón/Castelló;12073 Ludiente;Total;1996;235
12;Castellón/Castelló;12073 Ludiente;Hombres;2023;88
12;Castellón/Castelló;12073 Ludiente;Hombres;2022;80
12;Castellón/Castelló;12073 Ludiente;Hombres;2021;86
12;Castellón/Castelló;12073 Ludiente;Hombres;2020;82
12;Castellón/Castelló;12073 Ludiente;Hombres;2019;78
12;Castellón/Castelló;12073 Ludiente;Hombres;2018;86
12;Castellón/Castelló;12073 Ludiente;Hombres;2017;91
12;Castellón/Castelló;12073 Ludiente;Hombres;2016;98
12;Castellón/Castelló;12073 Ludiente;Hombres;2015;99
12;Castellón/Castelló;12073 Ludiente;Hombres;2014;95
12;Castellón/Castelló;12073 Ludiente;Hombres;2013;105
12;Castellón/Castelló;12073 Ludiente;Hombres;2012;102
12;Castellón/Castelló;12073 Ludiente;Hombres;2011;107
12;Castellón/Castelló;12073 Ludiente;Hombres;2010;102
12;Castellón/Castelló;12073 Ludiente;Hombres;2009;102
12;Castellón/Castelló;12073 Ludiente;Hombres;2008;91
12;Castellón/Castelló;12073 Ludiente;Hombres;2007;95
12;Castellón/Castelló;12073 Ludiente;Hombres;2006;99
12;Castellón/Castelló;12073 Ludiente;Hombres;2005;107
12;Castellón/Castelló;12073 Ludiente;Hombres;2004;108
12;Castellón/Castelló;12073 Ludiente;Hombres;2003;110
12;Castellón/Castelló;12073 Ludiente;Hombres;2002;112
12;Castellón/Castelló;12073 Ludiente;Hombres;2001;114
12;Castellón/Castelló;12073 Ludiente;Hombres;2000;117
12;Castellón/Castelló;12073 Ludiente;Hombres;1999;118
12;Castellón/Castelló;12073 Ludiente;Hombres;1998;117
12;Castellón/Castelló;12073 Ludiente;Hombres;1997;
12;Castellón/Castelló;12073 Ludiente;Hombres;1996;116
12;Castellón/Castelló;12073 Ludiente;Mujeres;2023;67
12;Castellón/Castelló;12073 Ludiente;Mujeres;2022;60
12;Castellón/Castelló;12073 Ludiente;Mujeres;2021;69
12;Castellón/Castelló;12073 Ludiente;Mujeres;2020;67
12;Castellón/Castelló;12073 Ludiente;Mujeres;2019;63
12;Castellón/Castelló;12073 Ludiente;Mujeres;2018;69
12;Castellón/Castelló;12073 Ludiente;Mujeres;2017;69
12;Castellón/Castelló;12073 Ludiente;Mujeres;2016;72
12;Castellón/Castelló;12073 Ludiente;Mujeres;2015;82
12;Castellón/Castelló;12073 Ludiente;Mujeres;2014;80
12;Castellón/Castelló;12073 Ludiente;Mujeres;2013;85
12;Castellón/Castelló;12073 Ludiente;Mujeres;2012;90
12;Castellón/Castelló;12073 Ludiente;Mujeres;2011;93
12;Castellón/Castelló;12073 Ludiente;Mujeres;2010;95
12;Castellón/Castelló;12073 Ludiente;Mujeres;2009;90
12;Castellón/Castelló;12073 Ludiente;Mujeres;2008;78
12;Castellón/Castelló;12073 Ludiente;Mujeres;2007;82
12;Castellón/Castelló;12073 Ludiente;Mujeres;2006;86
12;Castellón/Castelló;12073 Ludiente;Mujeres;2005;96
12;Castellón/Castelló;12073 Ludiente;Mujeres;2004;98
12;Castellón/Castelló;12073 Ludiente;Mujeres;2003;103
12;Castellón/Castelló;12073 Ludiente;Mujeres;2002;102
12;Castellón/Castelló;12073 Ludiente;Mujeres;2001;104
12;Castellón/Castelló;12073 Ludiente;Mujeres;2000;108
12;Castellón/Castelló;12073 Ludiente;Mujeres;1999;110
12;Castellón/Castelló;12073 Ludiente;Mujeres;1998;115
12;Castellón/Castelló;12073 Ludiente;Mujeres;1997;
12;Castellón/Castelló;12073 Ludiente;Mujeres;1996;119
12;Castellón/Castelló;12075 Mata de Morella, la;Total;2023;179
12;Castellón/Castelló;12075 Mata de Morella, la;Total;2022;179
12;Castellón/Castelló;12075 Mata de Morella, la;Total;2021;169
12;Castellón/Castelló;12075 Mata de Morella, la;Total;2020;160
12;Castellón/Castelló;12075 Mata de Morella, la;Total;2019;166
12;Castellón/Castelló;12075 Mata de Morella, la;Total;2018;162
12;Castellón/Castelló;12075 Mata de Morella, la;Total;2017;173
12;Castellón/Castelló;12075 Mata de Morella, la;Total;2016;173
12;Castellón/Castelló;12075 Mata de Morella, la;Total;2015;176
12;Castellón/Castelló;12075 Mata de Morella, la;Total;2014;181
12;Castellón/Castelló;12075 Mata de Morella, la;Total;2013;208
12;Castellón/Castelló;12075 Mata de Morella, la;Total;2012;211
12;Castellón/Castelló;12075 Mata de Morella, la;Total;2011;207
12;Castellón/Castelló;12075 Mata de Morella, la;Total;2010;195
12;Castellón/Castelló;12075 Mata de Morella, la;Total;2009;192
12;Castellón/Castelló;12075 Mata de Morella, la;Total;2008;195
12;Castellón/Castelló;12075 Mata de Morella, la;Total;2007;185
12;Castellón/Castelló;12075 Mata de Morella, la;Total;2006;174
12;Castellón/Castelló;12075 Mata de Morella, la;Total;2005;172
12;Castellón/Castelló;12075 Mata de Morella, la;Total;2004;171
12;Castellón/Castelló;12075 Mata de Morella, la;Total;2003;174
12;Castellón/Castelló;12075 Mata de Morella, la;Total;2002;171
12;Castellón/Castelló;12075 Mata de Morella, la;Total;2001;177
12;Castellón/Castelló;12075 Mata de Morella, la;Total;2000;180
12;Castellón/Castelló;12075 Mata de Morella, la;Total;1999;189
12;Castellón/Castelló;12075 Mata de Morella, la;Total;1998;196
12;Castellón/Castelló;12075 Mata de Morella, la;Total;1997;
12;Castellón/Castelló;12075 Mata de Morella, la;Total;1996;208
12;Castellón/Castelló;12075 Mata de Morella, la;Hombres;2023;96
12;Castellón/Castelló;12075 Mata de Morella, la;Hombres;2022;98
12;Castellón/Castelló;12075 Mata de Morella, la;Hombres;2021;92
12;Castellón/Castelló;12075 Mata de Morella, la;Hombres;2020;88
12;Castellón/Castelló;12075 Mata de Morella, la;Hombres;2019;90
12;Castellón/Castelló;12075 Mata de Morella, la;Hombres;2018;85
12;Castellón/Castelló;12075 Mata de Morella, la;Hombres;2017;89
12;Castellón/Castelló;12075 Mata de Morella, la;Hombres;2016;88
12;Castellón/Castelló;12075 Mata de Morella, la;Hombres;2015;89
12;Castellón/Castelló;12075 Mata de Morella, la;Hombres;2014;92
12;Castellón/Castelló;12075 Mata de Morella, la;Hombres;2013;106
12;Castellón/Castelló;12075 Mata de Morella, la;Hombres;2012;107
12;Castellón/Castelló;12075 Mata de Morella, la;Hombres;2011;105
12;Castellón/Castelló;12075 Mata de Morella, la;Hombres;2010;101
12;Castellón/Castelló;12075 Mata de Morella, la;Hombres;2009;97
12;Castellón/Castelló;12075 Mata de Morella, la;Hombres;2008;104
12;Castellón/Castelló;12075 Mata de Morella, la;Hombres;2007;101
12;Castellón/Castelló;12075 Mata de Morella, la;Hombres;2006;91
12;Castellón/Castelló;12075 Mata de Morella, la;Hombres;2005;90
12;Castellón/Castelló;12075 Mata de Morella, la;Hombres;2004;91
12;Castellón/Castelló;12075 Mata de Morella, la;Hombres;2003;90
12;Castellón/Castelló;12075 Mata de Morella, la;Hombres;2002;85
12;Castellón/Castelló;12075 Mata de Morella, la;Hombres;2001;91
12;Castellón/Castelló;12075 Mata de Morella, la;Hombres;2000;90
12;Castellón/Castelló;12075 Mata de Morella, la;Hombres;1999;95
12;Castellón/Castelló;12075 Mata de Morella, la;Hombres;1998;96
12;Castellón/Castelló;12075 Mata de Morella, la;Hombres;1997;
12;Castellón/Castelló;12075 Mata de Morella, la;Hombres;1996;101
12;Castellón/Castelló;12075 Mata de Morella, la;Mujeres;2023;83
12;Castellón/Castelló;12075 Mata de Morella, la;Mujeres;2022;81
12;Castellón/Castelló;12075 Mata de Morella, la;Mujeres;2021;77
12;Castellón/Castelló;12075 Mata de Morella, la;Mujeres;2020;72
12;Castellón/Castelló;12075 Mata de Morella, la;Mujeres;2019;76
12;Castellón/Castelló;12075 Mata de Morella, la;Mujeres;2018;77
12;Castellón/Castelló;12075 Mata de Morella, la;Mujeres;2017;84
12;Castellón/Castelló;12075 Mata de Morella, la;Mujeres;2016;85
12;Castellón/Castelló;12075 Mata de Morella, la;Mujeres;2015;87
12;Castellón/Castelló;12075 Mata de Morella, la;Mujeres;2014;89
12;Castellón/Castelló;12075 Mata de Morella, la;Mujeres;2013;102
12;Castellón/Castelló;12075 Mata de Morella, la;Mujeres;2012;104
12;Castellón/Castelló;12075 Mata de Morella, la;Mujeres;2011;102
12;Castellón/Castelló;12075 Mata de Morella, la;Mujeres;2010;94
12;Castellón/Castelló;12075 Mata de Morella, la;Mujeres;2009;95
12;Castellón/Castelló;12075 Mata de Morella, la;Mujeres;2008;91
12;Castellón/Castelló;12075 Mata de Morella, la;Mujeres;2007;84
12;Castellón/Castelló;12075 Mata de Morella, la;Mujeres;2006;83
12;Castellón/Castelló;12075 Mata de Morella, la;Mujeres;2005;82
12;Castellón/Castelló;12075 Mata de Morella, la;Mujeres;2004;80
12;Castellón/Castelló;12075 Mata de Morella, la;Mujeres;2003;84
12;Castellón/Castelló;12075 Mata de Morella, la;Mujeres;2002;86
12;Castellón/Castelló;12075 Mata de Morella, la;Mujeres;2001;86
12;Castellón/Castelló;12075 Mata de Morella, la;Mujeres;2000;90
12;Castellón/Castelló;12075 Mata de Morella, la;Mujeres;1999;94
12;Castellón/Castelló;12075 Mata de Morella, la;Mujeres;1998;100
12;Castellón/Castelló;12075 Mata de Morella, la;Mujeres;1997;
12;Castellón/Castelló;12075 Mata de Morella, la;Mujeres;1996;107
12;Castellón/Castelló;12076 Matet;Total;2023;84
12;Castellón/Castelló;12076 Matet;Total;2022;78
12;Castellón/Castelló;12076 Matet;Total;2021;73
12;Castellón/Castelló;12076 Matet;Total;2020;83
12;Castellón/Castelló;12076 Matet;Total;2019;84
12;Castellón/Castelló;12076 Matet;Total;2018;84
12;Castellón/Castelló;12076 Matet;Total;2017;86
12;Castellón/Castelló;12076 Matet;Total;2016;87
12;Castellón/Castelló;12076 Matet;Total;2015;95
12;Castellón/Castelló;12076 Matet;Total;2014;93
12;Castellón/Castelló;12076 Matet;Total;2013;95
12;Castellón/Castelló;12076 Matet;Total;2012;107
12;Castellón/Castelló;12076 Matet;Total;2011;111
12;Castellón/Castelló;12076 Matet;Total;2010;114
12;Castellón/Castelló;12076 Matet;Total;2009;113
12;Castellón/Castelló;12076 Matet;Total;2008;125
12;Castellón/Castelló;12076 Matet;Total;2007;122
12;Castellón/Castelló;12076 Matet;Total;2006;121
12;Castellón/Castelló;12076 Matet;Total;2005;133
12;Castellón/Castelló;12076 Matet;Total;2004;130
12;Castellón/Castelló;12076 Matet;Total;2003;127
12;Castellón/Castelló;12076 Matet;Total;2002;131
12;Castellón/Castelló;12076 Matet;Total;2001;132
12;Castellón/Castelló;12076 Matet;Total;2000;140
12;Castellón/Castelló;12076 Matet;Total;1999;145
12;Castellón/Castelló;12076 Matet;Total;1998;139
12;Castellón/Castelló;12076 Matet;Total;1997;
12;Castellón/Castelló;12076 Matet;Total;1996;151
12;Castellón/Castelló;12076 Matet;Hombres;2023;52
12;Castellón/Castelló;12076 Matet;Hombres;2022;50
12;Castellón/Castelló;12076 Matet;Hombres;2021;44
12;Castellón/Castelló;12076 Matet;Hombres;2020;45
12;Castellón/Castelló;12076 Matet;Hombres;2019;43
12;Castellón/Castelló;12076 Matet;Hombres;2018;43
12;Castellón/Castelló;12076 Matet;Hombres;2017;46
12;Castellón/Castelló;12076 Matet;Hombres;2016;45
12;Castellón/Castelló;12076 Matet;Hombres;2015;47
12;Castellón/Castelló;12076 Matet;Hombres;2014;45
12;Castellón/Castelló;12076 Matet;Hombres;2013;46
12;Castellón/Castelló;12076 Matet;Hombres;2012;53
12;Castellón/Castelló;12076 Matet;Hombres;2011;56
12;Castellón/Castelló;12076 Matet;Hombres;2010;59
12;Castellón/Castelló;12076 Matet;Hombres;2009;55
12;Castellón/Castelló;12076 Matet;Hombres;2008;64
12;Castellón/Castelló;12076 Matet;Hombres;2007;61
12;Castellón/Castelló;12076 Matet;Hombres;2006;59
12;Castellón/Castelló;12076 Matet;Hombres;2005;67
12;Castellón/Castelló;12076 Matet;Hombres;2004;66
12;Castellón/Castelló;12076 Matet;Hombres;2003;66
12;Castellón/Castelló;12076 Matet;Hombres;2002;69
12;Castellón/Castelló;12076 Matet;Hombres;2001;69
12;Castellón/Castelló;12076 Matet;Hombres;2000;71
12;Castellón/Castelló;12076 Matet;Hombres;1999;73
12;Castellón/Castelló;12076 Matet;Hombres;1998;71
12;Castellón/Castelló;12076 Matet;Hombres;1997;
12;Castellón/Castelló;12076 Matet;Hombres;1996;78
12;Castellón/Castelló;12076 Matet;Mujeres;2023;32
12;Castellón/Castelló;12076 Matet;Mujeres;2022;28
12;Castellón/Castelló;12076 Matet;Mujeres;2021;29
12;Castellón/Castelló;12076 Matet;Mujeres;2020;38
12;Castellón/Castelló;12076 Matet;Mujeres;2019;41
12;Castellón/Castelló;12076 Matet;Mujeres;2018;41
12;Castellón/Castelló;12076 Matet;Mujeres;2017;40
12;Castellón/Castelló;12076 Matet;Mujeres;2016;42
12;Castellón/Castelló;12076 Matet;Mujeres;2015;48
12;Castellón/Castelló;12076 Matet;Mujeres;2014;48
12;Castellón/Castelló;12076 Matet;Mujeres;2013;49
12;Castellón/Castelló;12076 Matet;Mujeres;2012;54
12;Castellón/Castelló;12076 Matet;Mujeres;2011;55
12;Castellón/Castelló;12076 Matet;Mujeres;2010;55
12;Castellón/Castelló;12076 Matet;Mujeres;2009;58
12;Castellón/Castelló;12076 Matet;Mujeres;2008;61
12;Castellón/Castelló;12076 Matet;Mujeres;2007;61
12;Castellón/Castelló;12076 Matet;Mujeres;2006;62
12;Castellón/Castelló;12076 Matet;Mujeres;2005;66
12;Castellón/Castelló;12076 Matet;Mujeres;2004;64
12;Castellón/Castelló;12076 Matet;Mujeres;2003;61
12;Castellón/Castelló;12076 Matet;Mujeres;2002;62
12;Castellón/Castelló;12076 Matet;Mujeres;2001;63
12;Castellón/Castelló;12076 Matet;Mujeres;2000;69
12;Castellón/Castelló;12076 Matet;Mujeres;1999;72
12;Castellón/Castelló;12076 Matet;Mujeres;1998;68
12;Castellón/Castelló;12076 Matet;Mujeres;1997;
12;Castellón/Castelló;12076 Matet;Mujeres;1996;73
12;Castellón/Castelló;12077 Moncofa;Total;2023;7747
12;Castellón/Castelló;12077 Moncofa;Total;2022;7338
12;Castellón/Castelló;12077 Moncofa;Total;2021;6958
12;Castellón/Castelló;12077 Moncofa;Total;2020;6707
12;Castellón/Castelló;12077 Moncofa;Total;2019;6525
12;Castellón/Castelló;12077 Moncofa;Total;2018;6278
12;Castellón/Castelló;12077 Moncofa;Total;2017;6092
12;Castellón/Castelló;12077 Moncofa;Total;2016;6181
12;Castellón/Castelló;12077 Moncofa;Total;2015;6256
12;Castellón/Castelló;12077 Moncofa;Total;2014;6339
12;Castellón/Castelló;12077 Moncofa;Total;2013;6501
12;Castellón/Castelló;12077 Moncofa;Total;2012;6475
12;Castellón/Castelló;12077 Moncofa;Total;2011;6348
12;Castellón/Castelló;12077 Moncofa;Total;2010;6107
12;Castellón/Castelló;12077 Moncofa;Total;2009;6014
12;Castellón/Castelló;12077 Moncofa;Total;2008;5797
12;Castellón/Castelló;12077 Moncofa;Total;2007;5551
12;Castellón/Castelló;12077 Moncofa;Total;2006;5278
12;Castellón/Castelló;12077 Moncofa;Total;2005;4977
12;Castellón/Castelló;12077 Moncofa;Total;2004;4705
12;Castellón/Castelló;12077 Moncofa;Total;2003;4485
12;Castellón/Castelló;12077 Moncofa;Total;2002;4302
12;Castellón/Castelló;12077 Moncofa;Total;2001;4031
12;Castellón/Castelló;12077 Moncofa;Total;2000;3905
12;Castellón/Castelló;12077 Moncofa;Total;1999;3797
12;Castellón/Castelló;12077 Moncofa;Total;1998;3724
12;Castellón/Castelló;12077 Moncofa;Total;1997;
12;Castellón/Castelló;12077 Moncofa;Total;1996;3610
12;Castellón/Castelló;12077 Moncofa;Hombres;2023;3946
12;Castellón/Castelló;12077 Moncofa;Hombres;2022;3747
12;Castellón/Castelló;12077 Moncofa;Hombres;2021;3590
12;Castellón/Castelló;12077 Moncofa;Hombres;2020;3459
12;Castellón/Castelló;12077 Moncofa;Hombres;2019;3374
12;Castellón/Castelló;12077 Moncofa;Hombres;2018;3257
12;Castellón/Castelló;12077 Moncofa;Hombres;2017;3170
12;Castellón/Castelló;12077 Moncofa;Hombres;2016;3208
12;Castellón/Castelló;12077 Moncofa;Hombres;2015;3259
12;Castellón/Castelló;12077 Moncofa;Hombres;2014;3266
12;Castellón/Castelló;12077 Moncofa;Hombres;2013;3360
12;Castellón/Castelló;12077 Moncofa;Hombres;2012;3347
12;Castellón/Castelló;12077 Moncofa;Hombres;2011;3248
12;Castellón/Castelló;12077 Moncofa;Hombres;2010;3117
12;Castellón/Castelló;12077 Moncofa;Hombres;2009;3076
12;Castellón/Castelló;12077 Moncofa;Hombres;2008;2967
12;Castellón/Castelló;12077 Moncofa;Hombres;2007;2833
12;Castellón/Castelló;12077 Moncofa;Hombres;2006;2707
12;Castellón/Castelló;12077 Moncofa;Hombres;2005;2562
12;Castellón/Castelló;12077 Moncofa;Hombres;2004;2427
12;Castellón/Castelló;12077 Moncofa;Hombres;2003;2321
12;Castellón/Castelló;12077 Moncofa;Hombres;2002;2199
12;Castellón/Castelló;12077 Moncofa;Hombres;2001;2063
12;Castellón/Castelló;12077 Moncofa;Hombres;2000;1997
12;Castellón/Castelló;12077 Moncofa;Hombres;1999;1930
12;Castellón/Castelló;12077 Moncofa;Hombres;1998;1897
12;Castellón/Castelló;12077 Moncofa;Hombres;1997;
12;Castellón/Castelló;12077 Moncofa;Hombres;1996;1818
12;Castellón/Castelló;12077 Moncofa;Mujeres;2023;3801
12;Castellón/Castelló;12077 Moncofa;Mujeres;2022;3591
12;Castellón/Castelló;12077 Moncofa;Mujeres;2021;3368
12;Castellón/Castelló;12077 Moncofa;Mujeres;2020;3248
12;Castellón/Castelló;12077 Moncofa;Mujeres;2019;3151
12;Castellón/Castelló;12077 Moncofa;Mujeres;2018;3021
12;Castellón/Castelló;12077 Moncofa;Mujeres;2017;2922
12;Castellón/Castelló;12077 Moncofa;Mujeres;2016;2973
12;Castellón/Castelló;12077 Moncofa;Mujeres;2015;2997
12;Castellón/Castelló;12077 Moncofa;Mujeres;2014;3073
12;Castellón/Castelló;12077 Moncofa;Mujeres;2013;3141
12;Castellón/Castelló;12077 Moncofa;Mujeres;2012;3128
12;Castellón/Castelló;12077 Moncofa;Mujeres;2011;3100
12;Castellón/Castelló;12077 Moncofa;Mujeres;2010;2990
12;Castellón/Castelló;12077 Moncofa;Mujeres;2009;2938
12;Castellón/Castelló;12077 Moncofa;Mujeres;2008;2830
12;Castellón/Castelló;12077 Moncofa;Mujeres;2007;2718
12;Castellón/Castelló;12077 Moncofa;Mujeres;2006;2571
12;Castellón/Castelló;12077 Moncofa;Mujeres;2005;2415
12;Castellón/Castelló;12077 Moncofa;Mujeres;2004;2278
12;Castellón/Castelló;12077 Moncofa;Mujeres;2003;2164
12;Castellón/Castelló;12077 Moncofa;Mujeres;2002;2103
12;Castellón/Castelló;12077 Moncofa;Mujeres;2001;1968
12;Castellón/Castelló;12077 Moncofa;Mujeres;2000;1908
12;Castellón/Castelló;12077 Moncofa;Mujeres;1999;1867
12;Castellón/Castelló;12077 Moncofa;Mujeres;1998;1827
12;Castellón/Castelló;12077 Moncofa;Mujeres;1997;
12;Castellón/Castelló;12077 Moncofa;Mujeres;1996;1792
12;Castellón/Castelló;12079 Montanejos;Total;2023;603
12;Castellón/Castelló;12079 Montanejos;Total;2022;553
12;Castellón/Castelló;12079 Montanejos;Total;2021;544
12;Castellón/Castelló;12079 Montanejos;Total;2020;564
12;Castellón/Castelló;12079 Montanejos;Total;2019;572
12;Castellón/Castelló;12079 Montanejos;Total;2018;548
12;Castellón/Castelló;12079 Montanejos;Total;2017;502
12;Castellón/Castelló;12079 Montanejos;Total;2016;539
12;Castellón/Castelló;12079 Montanejos;Total;2015;549
12;Castellón/Castelló;12079 Montanejos;Total;2014;583
12;Castellón/Castelló;12079 Montanejos;Total;2013;607
12;Castellón/Castelló;12079 Montanejos;Total;2012;620
12;Castellón/Castelló;12079 Montanejos;Total;2011;630
12;Castellón/Castelló;12079 Montanejos;Total;2010;618
12;Castellón/Castelló;12079 Montanejos;Total;2009;617
12;Castellón/Castelló;12079 Montanejos;Total;2008;618
12;Castellón/Castelló;12079 Montanejos;Total;2007;604
12;Castellón/Castelló;12079 Montanejos;Total;2006;500
12;Castellón/Castelló;12079 Montanejos;Total;2005;488
12;Castellón/Castelló;12079 Montanejos;Total;2004;481
12;Castellón/Castelló;12079 Montanejos;Total;2003;465
12;Castellón/Castelló;12079 Montanejos;Total;2002;453
12;Castellón/Castelló;12079 Montanejos;Total;2001;438
12;Castellón/Castelló;12079 Montanejos;Total;2000;415
12;Castellón/Castelló;12079 Montanejos;Total;1999;425
12;Castellón/Castelló;12079 Montanejos;Total;1998;408
12;Castellón/Castelló;12079 Montanejos;Total;1997;
12;Castellón/Castelló;12079 Montanejos;Total;1996;404
12;Castellón/Castelló;12079 Montanejos;Hombres;2023;313
12;Castellón/Castelló;12079 Montanejos;Hombres;2022;294
12;Castellón/Castelló;12079 Montanejos;Hombres;2021;284
12;Castellón/Castelló;12079 Montanejos;Hombres;2020;292
12;Castellón/Castelló;12079 Montanejos;Hombres;2019;305
12;Castellón/Castelló;12079 Montanejos;Hombres;2018;286
12;Castellón/Castelló;12079 Montanejos;Hombres;2017;258
12;Castellón/Castelló;12079 Montanejos;Hombres;2016;273
12;Castellón/Castelló;12079 Montanejos;Hombres;2015;268
12;Castellón/Castelló;12079 Montanejos;Hombres;2014;284
12;Castellón/Castelló;12079 Montanejos;Hombres;2013;298
12;Castellón/Castelló;12079 Montanejos;Hombres;2012;311
12;Castellón/Castelló;12079 Montanejos;Hombres;2011;319
12;Castellón/Castelló;12079 Montanejos;Hombres;2010;305
12;Castellón/Castelló;12079 Montanejos;Hombres;2009;312
12;Castellón/Castelló;12079 Montanejos;Hombres;2008;312
12;Castellón/Castelló;12079 Montanejos;Hombres;2007;305
12;Castellón/Castelló;12079 Montanejos;Hombres;2006;252
12;Castellón/Castelló;12079 Montanejos;Hombres;2005;245
12;Castellón/Castelló;12079 Montanejos;Hombres;2004;240
12;Castellón/Castelló;12079 Montanejos;Hombres;2003;230
12;Castellón/Castelló;12079 Montanejos;Hombres;2002;220
12;Castellón/Castelló;12079 Montanejos;Hombres;2001;218
12;Castellón/Castelló;12079 Montanejos;Hombres;2000;209
12;Castellón/Castelló;12079 Montanejos;Hombres;1999;212
12;Castellón/Castelló;12079 Montanejos;Hombres;1998;209
12;Castellón/Castelló;12079 Montanejos;Hombres;1997;
12;Castellón/Castelló;12079 Montanejos;Hombres;1996;206
12;Castellón/Castelló;12079 Montanejos;Mujeres;2023;290
12;Castellón/Castelló;12079 Montanejos;Mujeres;2022;259
12;Castellón/Castelló;12079 Montanejos;Mujeres;2021;260
12;Castellón/Castelló;12079 Montanejos;Mujeres;2020;272
12;Castellón/Castelló;12079 Montanejos;Mujeres;2019;267
12;Castellón/Castelló;12079 Montanejos;Mujeres;2018;262
12;Castellón/Castelló;12079 Montanejos;Mujeres;2017;244
12;Castellón/Castelló;12079 Montanejos;Mujeres;2016;266
12;Castellón/Castelló;12079 Montanejos;Mujeres;2015;281
12;Castellón/Castelló;12079 Montanejos;Mujeres;2014;299
12;Castellón/Castelló;12079 Montanejos;Mujeres;2013;309
12;Castellón/Castelló;12079 Montanejos;Mujeres;2012;309
12;Castellón/Castelló;12079 Montanejos;Mujeres;2011;311
12;Castellón/Castelló;12079 Montanejos;Mujeres;2010;313
12;Castellón/Castelló;12079 Montanejos;Mujeres;2009;305
12;Castellón/Castelló;12079 Montanejos;Mujeres;2008;306
12;Castellón/Castelló;12079 Montanejos;Mujeres;2007;299
12;Castellón/Castelló;12079 Montanejos;Mujeres;2006;248
12;Castellón/Castelló;12079 Montanejos;Mujeres;2005;243
12;Castellón/Castelló;12079 Montanejos;Mujeres;2004;241
12;Castellón/Castelló;12079 Montanejos;Mujeres;2003;235
12;Castellón/Castelló;12079 Montanejos;Mujeres;2002;233
12;Castellón/Castelló;12079 Montanejos;Mujeres;2001;220
12;Castellón/Castelló;12079 Montanejos;Mujeres;2000;206
12;Castellón/Castelló;12079 Montanejos;Mujeres;1999;213
12;Castellón/Castelló;12079 Montanejos;Mujeres;1998;199
12;Castellón/Castelló;12079 Montanejos;Mujeres;1997;
12;Castellón/Castelló;12079 Montanejos;Mujeres;1996;198
12;Castellón/Castelló;12078 Montán;Total;2023;399
12;Castellón/Castelló;12078 Montán;Total;2022;375
12;Castellón/Castelló;12078 Montán;Total;2021;365
12;Castellón/Castelló;12078 Montán;Total;2020;368
12;Castellón/Castelló;12078 Montán;Total;2019;370
12;Castellón/Castelló;12078 Montán;Total;2018;359
12;Castellón/Castelló;12078 Montán;Total;2017;365
12;Castellón/Castelló;12078 Montán;Total;2016;383
12;Castellón/Castelló;12078 Montán;Total;2015;393
12;Castellón/Castelló;12078 Montán;Total;2014;403
12;Castellón/Castelló;12078 Montán;Total;2013;404
12;Castellón/Castelló;12078 Montán;Total;2012;415
12;Castellón/Castelló;12078 Montán;Total;2011;425
12;Castellón/Castelló;12078 Montán;Total;2010;443
12;Castellón/Castelló;12078 Montán;Total;2009;431
12;Castellón/Castelló;12078 Montán;Total;2008;386
12;Castellón/Castelló;12078 Montán;Total;2007;383
12;Castellón/Castelló;12078 Montán;Total;2006;380
12;Castellón/Castelló;12078 Montán;Total;2005;370
12;Castellón/Castelló;12078 Montán;Total;2004;330
12;Castellón/Castelló;12078 Montán;Total;2003;327
12;Castellón/Castelló;12078 Montán;Total;2002;338
12;Castellón/Castelló;12078 Montán;Total;2001;339
12;Castellón/Castelló;12078 Montán;Total;2000;347
12;Castellón/Castelló;12078 Montán;Total;1999;350
12;Castellón/Castelló;12078 Montán;Total;1998;340
12;Castellón/Castelló;12078 Montán;Total;1997;
12;Castellón/Castelló;12078 Montán;Total;1996;346
12;Castellón/Castelló;12078 Montán;Hombres;2023;199
12;Castellón/Castelló;12078 Montán;Hombres;2022;191
12;Castellón/Castelló;12078 Montán;Hombres;2021;184
12;Castellón/Castelló;12078 Montán;Hombres;2020;183
12;Castellón/Castelló;12078 Montán;Hombres;2019;186
12;Castellón/Castelló;12078 Montán;Hombres;2018;172
12;Castellón/Castelló;12078 Montán;Hombres;2017;176
12;Castellón/Castelló;12078 Montán;Hombres;2016;185
12;Castellón/Castelló;12078 Montán;Hombres;2015;186
12;Castellón/Castelló;12078 Montán;Hombres;2014;193
12;Castellón/Castelló;12078 Montán;Hombres;2013;198
12;Castellón/Castelló;12078 Montán;Hombres;2012;201
12;Castellón/Castelló;12078 Montán;Hombres;2011;212
12;Castellón/Castelló;12078 Montán;Hombres;2010;216
12;Castellón/Castelló;12078 Montán;Hombres;2009;212
12;Castellón/Castelló;12078 Montán;Hombres;2008;190
12;Castellón/Castelló;12078 Montán;Hombres;2007;191
12;Castellón/Castelló;12078 Montán;Hombres;2006;192
12;Castellón/Castelló;12078 Montán;Hombres;2005;185
12;Castellón/Castelló;12078 Montán;Hombres;2004;171
12;Castellón/Castelló;12078 Montán;Hombres;2003;170
12;Castellón/Castelló;12078 Montán;Hombres;2002;178
12;Castellón/Castelló;12078 Montán;Hombres;2001;174
12;Castellón/Castelló;12078 Montán;Hombres;2000;179
12;Castellón/Castelló;12078 Montán;Hombres;1999;181
12;Castellón/Castelló;12078 Montán;Hombres;1998;175
12;Castellón/Castelló;12078 Montán;Hombres;1997;
12;Castellón/Castelló;12078 Montán;Hombres;1996;171
12;Castellón/Castelló;12078 Montán;Mujeres;2023;200
12;Castellón/Castelló;12078 Montán;Mujeres;2022;184
12;Castellón/Castelló;12078 Montán;Mujeres;2021;181
12;Castellón/Castelló;12078 Montán;Mujeres;2020;185
12;Castellón/Castelló;12078 Montán;Mujeres;2019;184
12;Castellón/Castelló;12078 Montán;Mujeres;2018;187
12;Castellón/Castelló;12078 Montán;Mujeres;2017;189
12;Castellón/Castelló;12078 Montán;Mujeres;2016;198
12;Castellón/Castelló;12078 Montán;Mujeres;2015;207
12;Castellón/Castelló;12078 Montán;Mujeres;2014;210
12;Castellón/Castelló;12078 Montán;Mujeres;2013;206
12;Castellón/Castelló;12078 Montán;Mujeres;2012;214
12;Castellón/Castelló;12078 Montán;Mujeres;2011;213
12;Castellón/Castelló;12078 Montán;Mujeres;2010;227
12;Castellón/Castelló;12078 Montán;Mujeres;2009;219
12;Castellón/Castelló;12078 Montán;Mujeres;2008;196
12;Castellón/Castelló;12078 Montán;Mujeres;2007;192
12;Castellón/Castelló;12078 Montán;Mujeres;2006;188
12;Castellón/Castelló;12078 Montán;Mujeres;2005;185
12;Castellón/Castelló;12078 Montán;Mujeres;2004;159
12;Castellón/Castelló;12078 Montán;Mujeres;2003;157
12;Castellón/Castelló;12078 Montán;Mujeres;2002;160
12;Castellón/Castelló;12078 Montán;Mujeres;2001;165
12;Castellón/Castelló;12078 Montán;Mujeres;2000;168
12;Castellón/Castelló;12078 Montán;Mujeres;1999;169
12;Castellón/Castelló;12078 Montán;Mujeres;1998;165
12;Castellón/Castelló;12078 Montán;Mujeres;1997;
12;Castellón/Castelló;12078 Montán;Mujeres;1996;175
12;Castellón/Castelló;12080 Morella;Total;2023;2492
12;Castellón/Castelló;12080 Morella;Total;2022;2475
12;Castellón/Castelló;12080 Morella;Total;2021;2406
12;Castellón/Castelló;12080 Morella;Total;2020;2416
12;Castellón/Castelló;12080 Morella;Total;2019;2430
12;Castellón/Castelló;12080 Morella;Total;2018;2437
12;Castellón/Castelló;12080 Morella;Total;2017;2441
12;Castellón/Castelló;12080 Morella;Total;2016;2504
12;Castellón/Castelló;12080 Morella;Total;2015;2575
12;Castellón/Castelló;12080 Morella;Total;2014;2638
12;Castellón/Castelló;12080 Morella;Total;2013;2724
12;Castellón/Castelló;12080 Morella;Total;2012;2739
12;Castellón/Castelló;12080 Morella;Total;2011;2794
12;Castellón/Castelló;12080 Morella;Total;2010;2834
12;Castellón/Castelló;12080 Morella;Total;2009;2822
12;Castellón/Castelló;12080 Morella;Total;2008;2854
12;Castellón/Castelló;12080 Morella;Total;2007;2863
12;Castellón/Castelló;12080 Morella;Total;2006;2802
12;Castellón/Castelló;12080 Morella;Total;2005;2815
12;Castellón/Castelló;12080 Morella;Total;2004;2782
12;Castellón/Castelló;12080 Morella;Total;2003;2766
12;Castellón/Castelló;12080 Morella;Total;2002;2752
12;Castellón/Castelló;12080 Morella;Total;2001;2718
12;Castellón/Castelló;12080 Morella;Total;2000;2711
12;Castellón/Castelló;12080 Morella;Total;1999;2719
12;Castellón/Castelló;12080 Morella;Total;1998;2719
12;Castellón/Castelló;12080 Morella;Total;1997;
12;Castellón/Castelló;12080 Morella;Total;1996;2797
12;Castellón/Castelló;12080 Morella;Hombres;2023;1223
12;Castellón/Castelló;12080 Morella;Hombres;2022;1210
12;Castellón/Castelló;12080 Morella;Hombres;2021;1176
12;Castellón/Castelló;12080 Morella;Hombres;2020;1184
12;Castellón/Castelló;12080 Morella;Hombres;2019;1192
12;Castellón/Castelló;12080 Morella;Hombres;2018;1197
12;Castellón/Castelló;12080 Morella;Hombres;2017;1213
12;Castellón/Castelló;12080 Morella;Hombres;2016;1245
12;Castellón/Castelló;12080 Morella;Hombres;2015;1274
12;Castellón/Castelló;12080 Morella;Hombres;2014;1292
12;Castellón/Castelló;12080 Morella;Hombres;2013;1349
12;Castellón/Castelló;12080 Morella;Hombres;2012;1370
12;Castellón/Castelló;12080 Morella;Hombres;2011;1395
12;Castellón/Castelló;12080 Morella;Hombres;2010;1416
12;Castellón/Castelló;12080 Morella;Hombres;2009;1413
12;Castellón/Castelló;12080 Morella;Hombres;2008;1435
12;Castellón/Castelló;12080 Morella;Hombres;2007;1431
12;Castellón/Castelló;12080 Morella;Hombres;2006;1389
12;Castellón/Castelló;12080 Morella;Hombres;2005;1388
12;Castellón/Castelló;12080 Morella;Hombres;2004;1364
12;Castellón/Castelló;12080 Morella;Hombres;2003;1355
12;Castellón/Castelló;12080 Morella;Hombres;2002;1340
12;Castellón/Castelló;12080 Morella;Hombres;2001;1314
12;Castellón/Castelló;12080 Morella;Hombres;2000;1309
12;Castellón/Castelló;12080 Morella;Hombres;1999;1309
12;Castellón/Castelló;12080 Morella;Hombres;1998;1309
12;Castellón/Castelló;12080 Morella;Hombres;1997;
12;Castellón/Castelló;12080 Morella;Hombres;1996;1352
12;Castellón/Castelló;12080 Morella;Mujeres;2023;1269
12;Castellón/Castelló;12080 Morella;Mujeres;2022;1265
12;Castellón/Castelló;12080 Morella;Mujeres;2021;1230
12;Castellón/Castelló;12080 Morella;Mujeres;2020;1232
12;Castellón/Castelló;12080 Morella;Mujeres;2019;1238
12;Castellón/Castelló;12080 Morella;Mujeres;2018;1240
12;Castellón/Castelló;12080 Morella;Mujeres;2017;1228
12;Castellón/Castelló;12080 Morella;Mujeres;2016;1259
12;Castellón/Castelló;12080 Morella;Mujeres;2015;1301
12;Castellón/Castelló;12080 Morella;Mujeres;2014;1346
12;Castellón/Castelló;12080 Morella;Mujeres;2013;1375
12;Castellón/Castelló;12080 Morella;Mujeres;2012;1369
12;Castellón/Castelló;12080 Morella;Mujeres;2011;1399
12;Castellón/Castelló;12080 Morella;Mujeres;2010;1418
12;Castellón/Castelló;12080 Morella;Mujeres;2009;1409
12;Castellón/Castelló;12080 Morella;Mujeres;2008;1419
12;Castellón/Castelló;12080 Morella;Mujeres;2007;1432
12;Castellón/Castelló;12080 Morella;Mujeres;2006;1413
12;Castellón/Castelló;12080 Morella;Mujeres;2005;1427
12;Castellón/Castelló;12080 Morella;Mujeres;2004;1418
12;Castellón/Castelló;12080 Morella;Mujeres;2003;1411
12;Castellón/Castelló;12080 Morella;Mujeres;2002;1412
12;Castellón/Castelló;12080 Morella;Mujeres;2001;1404
12;Castellón/Castelló;12080 Morella;Mujeres;2000;1402
12;Castellón/Castelló;12080 Morella;Mujeres;1999;1410
12;Castellón/Castelló;12080 Morella;Mujeres;1998;1410
12;Castellón/Castelló;12080 Morella;Mujeres;1997;
12;Castellón/Castelló;12080 Morella;Mujeres;1996;1445
12;Castellón/Castelló;12081 Navajas;Total;2023;840
12;Castellón/Castelló;12081 Navajas;Total;2022;781
12;Castellón/Castelló;12081 Navajas;Total;2021;750
12;Castellón/Castelló;12081 Navajas;Total;2020;720
12;Castellón/Castelló;12081 Navajas;Total;2019;716
12;Castellón/Castelló;12081 Navajas;Total;2018;712
12;Castellón/Castelló;12081 Navajas;Total;2017;714
12;Castellón/Castelló;12081 Navajas;Total;2016;745
12;Castellón/Castelló;12081 Navajas;Total;2015;765
12;Castellón/Castelló;12081 Navajas;Total;2014;761
12;Castellón/Castelló;12081 Navajas;Total;2013;798
12;Castellón/Castelló;12081 Navajas;Total;2012;833
12;Castellón/Castelló;12081 Navajas;Total;2011;819
12;Castellón/Castelló;12081 Navajas;Total;2010;813
12;Castellón/Castelló;12081 Navajas;Total;2009;787
12;Castellón/Castelló;12081 Navajas;Total;2008;733
12;Castellón/Castelló;12081 Navajas;Total;2007;700
12;Castellón/Castelló;12081 Navajas;Total;2006;646
12;Castellón/Castelló;12081 Navajas;Total;2005;641
12;Castellón/Castelló;12081 Navajas;Total;2004;602
12;Castellón/Castelló;12081 Navajas;Total;2003;554
12;Castellón/Castelló;12081 Navajas;Total;2002;562
12;Castellón/Castelló;12081 Navajas;Total;2001;542
12;Castellón/Castelló;12081 Navajas;Total;2000;541
12;Castellón/Castelló;12081 Navajas;Total;1999;536
12;Castellón/Castelló;12081 Navajas;Total;1998;508
12;Castellón/Castelló;12081 Navajas;Total;1997;
12;Castellón/Castelló;12081 Navajas;Total;1996;484
12;Castellón/Castelló;12081 Navajas;Hombres;2023;431
12;Castellón/Castelló;12081 Navajas;Hombres;2022;409
12;Castellón/Castelló;12081 Navajas;Hombres;2021;385
12;Castellón/Castelló;12081 Navajas;Hombres;2020;373
12;Castellón/Castelló;12081 Navajas;Hombres;2019;378
12;Castellón/Castelló;12081 Navajas;Hombres;2018;373
12;Castellón/Castelló;12081 Navajas;Hombres;2017;375
12;Castellón/Castelló;12081 Navajas;Hombres;2016;389
12;Castellón/Castelló;12081 Navajas;Hombres;2015;398
12;Castellón/Castelló;12081 Navajas;Hombres;2014;402
12;Castellón/Castelló;12081 Navajas;Hombres;2013;421
12;Castellón/Castelló;12081 Navajas;Hombres;2012;438
12;Castellón/Castelló;12081 Navajas;Hombres;2011;429
12;Castellón/Castelló;12081 Navajas;Hombres;2010;415
12;Castellón/Castelló;12081 Navajas;Hombres;2009;406
12;Castellón/Castelló;12081 Navajas;Hombres;2008;382
12;Castellón/Castelló;12081 Navajas;Hombres;2007;364
12;Castellón/Castelló;12081 Navajas;Hombres;2006;336
12;Castellón/Castelló;12081 Navajas;Hombres;2005;329
12;Castellón/Castelló;12081 Navajas;Hombres;2004;303
12;Castellón/Castelló;12081 Navajas;Hombres;2003;275
12;Castellón/Castelló;12081 Navajas;Hombres;2002;283
12;Castellón/Castelló;12081 Navajas;Hombres;2001;277
12;Castellón/Castelló;12081 Navajas;Hombres;2000;275
12;Castellón/Castelló;12081 Navajas;Hombres;1999;276
12;Castellón/Castelló;12081 Navajas;Hombres;1998;256
12;Castellón/Castelló;12081 Navajas;Hombres;1997;
12;Castellón/Castelló;12081 Navajas;Hombres;1996;237
12;Castellón/Castelló;12081 Navajas;Mujeres;2023;409
12;Castellón/Castelló;12081 Navajas;Mujeres;2022;372
12;Castellón/Castelló;12081 Navajas;Mujeres;2021;365
12;Castellón/Castelló;12081 Navajas;Mujeres;2020;347
12;Castellón/Castelló;12081 Navajas;Mujeres;2019;338
12;Castellón/Castelló;12081 Navajas;Mujeres;2018;339
12;Castellón/Castelló;12081 Navajas;Mujeres;2017;339
12;Castellón/Castelló;12081 Navajas;Mujeres;2016;356
12;Castellón/Castelló;12081 Navajas;Mujeres;2015;367
12;Castellón/Castelló;12081 Navajas;Mujeres;2014;359
12;Castellón/Castelló;12081 Navajas;Mujeres;2013;377
12;Castellón/Castelló;12081 Navajas;Mujeres;2012;395
12;Castellón/Castelló;12081 Navajas;Mujeres;2011;390
12;Castellón/Castelló;12081 Navajas;Mujeres;2010;398
12;Castellón/Castelló;12081 Navajas;Mujeres;2009;381
12;Castellón/Castelló;12081 Navajas;Mujeres;2008;351
12;Castellón/Castelló;12081 Navajas;Mujeres;2007;336
12;Castellón/Castelló;12081 Navajas;Mujeres;2006;310
12;Castellón/Castelló;12081 Navajas;Mujeres;2005;312
12;Castellón/Castelló;12081 Navajas;Mujeres;2004;299
12;Castellón/Castelló;12081 Navajas;Mujeres;2003;279
12;Castellón/Castelló;12081 Navajas;Mujeres;2002;279
12;Castellón/Castelló;12081 Navajas;Mujeres;2001;265
12;Castellón/Castelló;12081 Navajas;Mujeres;2000;266
12;Castellón/Castelló;12081 Navajas;Mujeres;1999;260
12;Castellón/Castelló;12081 Navajas;Mujeres;1998;252
12;Castellón/Castelló;12081 Navajas;Mujeres;1997;
12;Castellón/Castelló;12081 Navajas;Mujeres;1996;247
12;Castellón/Castelló;12082 Nules;Total;2023;13827
12;Castellón/Castelló;12082 Nules;Total;2022;13449
12;Castellón/Castelló;12082 Nules;Total;2021;13256
12;Castellón/Castelló;12082 Nules;Total;2020;13236
12;Castellón/Castelló;12082 Nules;Total;2019;13103
12;Castellón/Castelló;12082 Nules;Total;2018;13170
12;Castellón/Castelló;12082 Nules;Total;2017;13266
12;Castellón/Castelló;12082 Nules;Total;2016;13305
12;Castellón/Castelló;12082 Nules;Total;2015;13442
12;Castellón/Castelló;12082 Nules;Total;2014;13456
12;Castellón/Castelló;12082 Nules;Total;2013;13573
12;Castellón/Castelló;12082 Nules;Total;2012;13636
12;Castellón/Castelló;12082 Nules;Total;2011;13693
12;Castellón/Castelló;12082 Nules;Total;2010;13750
12;Castellón/Castelló;12082 Nules;Total;2009;13490
12;Castellón/Castelló;12082 Nules;Total;2008;13318
12;Castellón/Castelló;12082 Nules;Total;2007;13007
12;Castellón/Castelló;12082 Nules;Total;2006;12666
12;Castellón/Castelló;12082 Nules;Total;2005;12418
12;Castellón/Castelló;12082 Nules;Total;2004;12065
12;Castellón/Castelló;12082 Nules;Total;2003;11899
12;Castellón/Castelló;12082 Nules;Total;2002;11666
12;Castellón/Castelló;12082 Nules;Total;2001;11562
12;Castellón/Castelló;12082 Nules;Total;2000;11453
12;Castellón/Castelló;12082 Nules;Total;1999;11444
12;Castellón/Castelló;12082 Nules;Total;1998;11490
12;Castellón/Castelló;12082 Nules;Total;1997;
12;Castellón/Castelló;12082 Nules;Total;1996;11493
12;Castellón/Castelló;12082 Nules;Hombres;2023;6938
12;Castellón/Castelló;12082 Nules;Hombres;2022;6728
12;Castellón/Castelló;12082 Nules;Hombres;2021;6628
12;Castellón/Castelló;12082 Nules;Hombres;2020;6631
12;Castellón/Castelló;12082 Nules;Hombres;2019;6549
12;Castellón/Castelló;12082 Nules;Hombres;2018;6584
12;Castellón/Castelló;12082 Nules;Hombres;2017;6611
12;Castellón/Castelló;12082 Nules;Hombres;2016;6618
12;Castellón/Castelló;12082 Nules;Hombres;2015;6664
12;Castellón/Castelló;12082 Nules;Hombres;2014;6691
12;Castellón/Castelló;12082 Nules;Hombres;2013;6758
12;Castellón/Castelló;12082 Nules;Hombres;2012;6808
12;Castellón/Castelló;12082 Nules;Hombres;2011;6845
12;Castellón/Castelló;12082 Nules;Hombres;2010;6908
12;Castellón/Castelló;12082 Nules;Hombres;2009;6756
12;Castellón/Castelló;12082 Nules;Hombres;2008;6659
12;Castellón/Castelló;12082 Nules;Hombres;2007;6498
12;Castellón/Castelló;12082 Nules;Hombres;2006;6340
12;Castellón/Castelló;12082 Nules;Hombres;2005;6220
12;Castellón/Castelló;12082 Nules;Hombres;2004;6025
12;Castellón/Castelló;12082 Nules;Hombres;2003;5928
12;Castellón/Castelló;12082 Nules;Hombres;2002;5808
12;Castellón/Castelló;12082 Nules;Hombres;2001;5751
12;Castellón/Castelló;12082 Nules;Hombres;2000;5698
12;Castellón/Castelló;12082 Nules;Hombres;1999;5705
12;Castellón/Castelló;12082 Nules;Hombres;1998;5733
12;Castellón/Castelló;12082 Nules;Hombres;1997;
12;Castellón/Castelló;12082 Nules;Hombres;1996;5714
12;Castellón/Castelló;12082 Nules;Mujeres;2023;6889
12;Castellón/Castelló;12082 Nules;Mujeres;2022;6721
12;Castellón/Castelló;12082 Nules;Mujeres;2021;6628
12;Castellón/Castelló;12082 Nules;Mujeres;2020;6605
12;Castellón/Castelló;12082 Nules;Mujeres;2019;6554
12;Castellón/Castelló;12082 Nules;Mujeres;2018;6586
12;Castellón/Castelló;12082 Nules;Mujeres;2017;6655
12;Castellón/Castelló;12082 Nules;Mujeres;2016;6687
12;Castellón/Castelló;12082 Nules;Mujeres;2015;6778
12;Castellón/Castelló;12082 Nules;Mujeres;2014;6765
12;Castellón/Castelló;12082 Nules;Mujeres;2013;6815
12;Castellón/Castelló;12082 Nules;Mujeres;2012;6828
12;Castellón/Castelló;12082 Nules;Mujeres;2011;6848
12;Castellón/Castelló;12082 Nules;Mujeres;2010;6842
12;Castellón/Castelló;12082 Nules;Mujeres;2009;6734
12;Castellón/Castelló;12082 Nules;Mujeres;2008;6659
12;Castellón/Castelló;12082 Nules;Mujeres;2007;6509
12;Castellón/Castelló;12082 Nules;Mujeres;2006;6326
12;Castellón/Castelló;12082 Nules;Mujeres;2005;6198
12;Castellón/Castelló;12082 Nules;Mujeres;2004;6040
12;Castellón/Castelló;12082 Nules;Mujeres;2003;5971
12;Castellón/Castelló;12082 Nules;Mujeres;2002;5858
12;Castellón/Castelló;12082 Nules;Mujeres;2001;5811
12;Castellón/Castelló;12082 Nules;Mujeres;2000;5755
12;Castellón/Castelló;12082 Nules;Mujeres;1999;5739
12;Castellón/Castelló;12082 Nules;Mujeres;1998;5757
12;Castellón/Castelló;12082 Nules;Mujeres;1997;
12;Castellón/Castelló;12082 Nules;Mujeres;1996;5779
12;Castellón/Castelló;12083 Olocau del Rey;Total;2023;126
12;Castellón/Castelló;12083 Olocau del Rey;Total;2022;119
12;Castellón/Castelló;12083 Olocau del Rey;Total;2021;117
12;Castellón/Castelló;12083 Olocau del Rey;Total;2020;120
12;Castellón/Castelló;12083 Olocau del Rey;Total;2019;119
12;Castellón/Castelló;12083 Olocau del Rey;Total;2018;117
12;Castellón/Castelló;12083 Olocau del Rey;Total;2017;118
12;Castellón/Castelló;12083 Olocau del Rey;Total;2016;118
12;Castellón/Castelló;12083 Olocau del Rey;Total;2015;123
12;Castellón/Castelló;12083 Olocau del Rey;Total;2014;118
12;Castellón/Castelló;12083 Olocau del Rey;Total;2013;133
12;Castellón/Castelló;12083 Olocau del Rey;Total;2012;135
12;Castellón/Castelló;12083 Olocau del Rey;Total;2011;139
12;Castellón/Castelló;12083 Olocau del Rey;Total;2010;144
12;Castellón/Castelló;12083 Olocau del Rey;Total;2009;138
12;Castellón/Castelló;12083 Olocau del Rey;Total;2008;135
12;Castellón/Castelló;12083 Olocau del Rey;Total;2007;133
12;Castellón/Castelló;12083 Olocau del Rey;Total;2006;136
12;Castellón/Castelló;12083 Olocau del Rey;Total;2005;136
12;Castellón/Castelló;12083 Olocau del Rey;Total;2004;134
12;Castellón/Castelló;12083 Olocau del Rey;Total;2003;136
12;Castellón/Castelló;12083 Olocau del Rey;Total;2002;142
12;Castellón/Castelló;12083 Olocau del Rey;Total;2001;147
12;Castellón/Castelló;12083 Olocau del Rey;Total;2000;144
12;Castellón/Castelló;12083 Olocau del Rey;Total;1999;148
12;Castellón/Castelló;12083 Olocau del Rey;Total;1998;149
12;Castellón/Castelló;12083 Olocau del Rey;Total;1997;
12;Castellón/Castelló;12083 Olocau del Rey;Total;1996;158
12;Castellón/Castelló;12083 Olocau del Rey;Hombres;2023;66
12;Castellón/Castelló;12083 Olocau del Rey;Hombres;2022;62
12;Castellón/Castelló;12083 Olocau del Rey;Hombres;2021;62
12;Castellón/Castelló;12083 Olocau del Rey;Hombres;2020;64
12;Castellón/Castelló;12083 Olocau del Rey;Hombres;2019;65
12;Castellón/Castelló;12083 Olocau del Rey;Hombres;2018;65
12;Castellón/Castelló;12083 Olocau del Rey;Hombres;2017;66
12;Castellón/Castelló;12083 Olocau del Rey;Hombres;2016;66
12;Castellón/Castelló;12083 Olocau del Rey;Hombres;2015;67
12;Castellón/Castelló;12083 Olocau del Rey;Hombres;2014;63
12;Castellón/Castelló;12083 Olocau del Rey;Hombres;2013;72
12;Castellón/Castelló;12083 Olocau del Rey;Hombres;2012;75
12;Castellón/Castelló;12083 Olocau del Rey;Hombres;2011;75
12;Castellón/Castelló;12083 Olocau del Rey;Hombres;2010;77
12;Castellón/Castelló;12083 Olocau del Rey;Hombres;2009;76
12;Castellón/Castelló;12083 Olocau del Rey;Hombres;2008;75
12;Castellón/Castelló;12083 Olocau del Rey;Hombres;2007;75
12;Castellón/Castelló;12083 Olocau del Rey;Hombres;2006;76
12;Castellón/Castelló;12083 Olocau del Rey;Hombres;2005;75
12;Castellón/Castelló;12083 Olocau del Rey;Hombres;2004;75
12;Castellón/Castelló;12083 Olocau del Rey;Hombres;2003;75
12;Castellón/Castelló;12083 Olocau del Rey;Hombres;2002;77
12;Castellón/Castelló;12083 Olocau del Rey;Hombres;2001;80
12;Castellón/Castelló;12083 Olocau del Rey;Hombres;2000;78
12;Castellón/Castelló;12083 Olocau del Rey;Hombres;1999;80
12;Castellón/Castelló;12083 Olocau del Rey;Hombres;1998;81
12;Castellón/Castelló;12083 Olocau del Rey;Hombres;1997;
12;Castellón/Castelló;12083 Olocau del Rey;Hombres;1996;85
12;Castellón/Castelló;12083 Olocau del Rey;Mujeres;2023;60
12;Castellón/Castelló;12083 Olocau del Rey;Mujeres;2022;57
12;Castellón/Castelló;12083 Olocau del Rey;Mujeres;2021;55
12;Castellón/Castelló;12083 Olocau del Rey;Mujeres;2020;56
12;Castellón/Castelló;12083 Olocau del Rey;Mujeres;2019;54
12;Castellón/Castelló;12083 Olocau del Rey;Mujeres;2018;52
12;Castellón/Castelló;12083 Olocau del Rey;Mujeres;2017;52
12;Castellón/Castelló;12083 Olocau del Rey;Mujeres;2016;52
12;Castellón/Castelló;12083 Olocau del Rey;Mujeres;2015;56
12;Castellón/Castelló;12083 Olocau del Rey;Mujeres;2014;55
12;Castellón/Castelló;12083 Olocau del Rey;Mujeres;2013;61
12;Castellón/Castelló;12083 Olocau del Rey;Mujeres;2012;60
12;Castellón/Castelló;12083 Olocau del Rey;Mujeres;2011;64
12;Castellón/Castelló;12083 Olocau del Rey;Mujeres;2010;67
12;Castellón/Castelló;12083 Olocau del Rey;Mujeres;2009;62
12;Castellón/Castelló;12083 Olocau del Rey;Mujeres;2008;60
12;Castellón/Castelló;12083 Olocau del Rey;Mujeres;2007;58
12;Castellón/Castelló;12083 Olocau del Rey;Mujeres;2006;60
12;Castellón/Castelló;12083 Olocau del Rey;Mujeres;2005;61
12;Castellón/Castelló;12083 Olocau del Rey;Mujeres;2004;59
12;Castellón/Castelló;12083 Olocau del Rey;Mujeres;2003;61
12;Castellón/Castelló;12083 Olocau del Rey;Mujeres;2002;65
12;Castellón/Castelló;12083 Olocau del Rey;Mujeres;2001;67
12;Castellón/Castelló;12083 Olocau del Rey;Mujeres;2000;66
12;Castellón/Castelló;12083 Olocau del Rey;Mujeres;1999;68
12;Castellón/Castelló;12083 Olocau del Rey;Mujeres;1998;68
12;Castellón/Castelló;12083 Olocau del Rey;Mujeres;1997;
12;Castellón/Castelló;12083 Olocau del Rey;Mujeres;1996;73
12;Castellón/Castelló;12084 Onda;Total;2023;25547
12;Castellón/Castelló;12084 Onda;Total;2022;25099
12;Castellón/Castelló;12084 Onda;Total;2021;24939
12;Castellón/Castelló;12084 Onda;Total;2020;24980
12;Castellón/Castelló;12084 Onda;Total;2019;24859
12;Castellón/Castelló;12084 Onda;Total;2018;24850
12;Castellón/Castelló;12084 Onda;Total;2017;24807
12;Castellón/Castelló;12084 Onda;Total;2016;24856
12;Castellón/Castelló;12084 Onda;Total;2015;24963
12;Castellón/Castelló;12084 Onda;Total;2014;25228
12;Castellón/Castelló;12084 Onda;Total;2013;25572
12;Castellón/Castelló;12084 Onda;Total;2012;25571
12;Castellón/Castelló;12084 Onda;Total;2011;25704
12;Castellón/Castelló;12084 Onda;Total;2010;25778
12;Castellón/Castelló;12084 Onda;Total;2009;25691
12;Castellón/Castelló;12084 Onda;Total;2008;25362
12;Castellón/Castelló;12084 Onda;Total;2007;24140
12;Castellón/Castelló;12084 Onda;Total;2006;22526
12;Castellón/Castelló;12084 Onda;Total;2005;22281
12;Castellón/Castelló;12084 Onda;Total;2004;21566
12;Castellón/Castelló;12084 Onda;Total;2003;20909
12;Castellón/Castelló;12084 Onda;Total;2002;20326
12;Castellón/Castelló;12084 Onda;Total;2001;19716
12;Castellón/Castelló;12084 Onda;Total;2000;19303
12;Castellón/Castelló;12084 Onda;Total;1999;19110
12;Castellón/Castelló;12084 Onda;Total;1998;18909
12;Castellón/Castelló;12084 Onda;Total;1997;
12;Castellón/Castelló;12084 Onda;Total;1996;18680
12;Castellón/Castelló;12084 Onda;Hombres;2023;12795
12;Castellón/Castelló;12084 Onda;Hombres;2022;12566
12;Castellón/Castelló;12084 Onda;Hombres;2021;12504
12;Castellón/Castelló;12084 Onda;Hombres;2020;12484
12;Castellón/Castelló;12084 Onda;Hombres;2019;12484
12;Castellón/Castelló;12084 Onda;Hombres;2018;12464
12;Castellón/Castelló;12084 Onda;Hombres;2017;12455
12;Castellón/Castelló;12084 Onda;Hombres;2016;12505
12;Castellón/Castelló;12084 Onda;Hombres;2015;12566
12;Castellón/Castelló;12084 Onda;Hombres;2014;12769
12;Castellón/Castelló;12084 Onda;Hombres;2013;12967
12;Castellón/Castelló;12084 Onda;Hombres;2012;12987
12;Castellón/Castelló;12084 Onda;Hombres;2011;13052
12;Castellón/Castelló;12084 Onda;Hombres;2010;13142
12;Castellón/Castelló;12084 Onda;Hombres;2009;13149
12;Castellón/Castelló;12084 Onda;Hombres;2008;13012
12;Castellón/Castelló;12084 Onda;Hombres;2007;12305
12;Castellón/Castelló;12084 Onda;Hombres;2006;11450
12;Castellón/Castelló;12084 Onda;Hombres;2005;11320
12;Castellón/Castelló;12084 Onda;Hombres;2004;10927
12;Castellón/Castelló;12084 Onda;Hombres;2003;10618
12;Castellón/Castelló;12084 Onda;Hombres;2002;10330
12;Castellón/Castelló;12084 Onda;Hombres;2001;9982
12;Castellón/Castelló;12084 Onda;Hombres;2000;9774
12;Castellón/Castelló;12084 Onda;Hombres;1999;9657
12;Castellón/Castelló;12084 Onda;Hombres;1998;9536
12;Castellón/Castelló;12084 Onda;Hombres;1997;
12;Castellón/Castelló;12084 Onda;Hombres;1996;9392
12;Castellón/Castelló;12084 Onda;Mujeres;2023;12752
12;Castellón/Castelló;12084 Onda;Mujeres;2022;12533
12;Castellón/Castelló;12084 Onda;Mujeres;2021;12435
12;Castellón/Castelló;12084 Onda;Mujeres;2020;12496
12;Castellón/Castelló;12084 Onda;Mujeres;2019;12375
12;Castellón/Castelló;12084 Onda;Mujeres;2018;12386
12;Castellón/Castelló;12084 Onda;Mujeres;2017;12352
12;Castellón/Castelló;12084 Onda;Mujeres;2016;12351
12;Castellón/Castelló;12084 Onda;Mujeres;2015;12397
12;Castellón/Castelló;12084 Onda;Mujeres;2014;12459
12;Castellón/Castelló;12084 Onda;Mujeres;2013;12605
12;Castellón/Castelló;12084 Onda;Mujeres;2012;12584
12;Castellón/Castelló;12084 Onda;Mujeres;2011;12652
12;Castellón/Castelló;12084 Onda;Mujeres;2010;12636
12;Castellón/Castelló;12084 Onda;Mujeres;2009;12542
12;Castellón/Castelló;12084 Onda;Mujeres;2008;12350
12;Castellón/Castelló;12084 Onda;Mujeres;2007;11835
12;Castellón/Castelló;12084 Onda;Mujeres;2006;11076
12;Castellón/Castelló;12084 Onda;Mujeres;2005;10961
12;Castellón/Castelló;12084 Onda;Mujeres;2004;10639
12;Castellón/Castelló;12084 Onda;Mujeres;2003;10291
12;Castellón/Castelló;12084 Onda;Mujeres;2002;9996
12;Castellón/Castelló;12084 Onda;Mujeres;2001;9734
12;Castellón/Castelló;12084 Onda;Mujeres;2000;9529
12;Castellón/Castelló;12084 Onda;Mujeres;1999;9453
12;Castellón/Castelló;12084 Onda;Mujeres;1998;9373
12;Castellón/Castelló;12084 Onda;Mujeres;1997;
12;Castellón/Castelló;12084 Onda;Mujeres;1996;9288
12;Castellón/Castelló;12085 Orpesa/Oropesa del Mar;Total;2023;10958
12;Castellón/Castelló;12085 Orpesa/Oropesa del Mar;Total;2022;10184
12;Castellón/Castelló;12085 Orpesa/Oropesa del Mar;Total;2021;9755
12;Castellón/Castelló;12085 Orpesa/Oropesa del Mar;Total;2020;9339
12;Castellón/Castelló;12085 Orpesa/Oropesa del Mar;Total;2019;9076
12;Castellón/Castelló;12085 Orpesa/Oropesa del Mar;Total;2018;8830
12;Castellón/Castelló;12085 Orpesa/Oropesa del Mar;Total;2017;8983
12;Castellón/Castelló;12085 Orpesa/Oropesa del Mar;Total;2016;9245
12;Castellón/Castelló;12085 Orpesa/Oropesa del Mar;Total;2015;9493
12;Castellón/Castelló;12085 Orpesa/Oropesa del Mar;Total;2014;9625
12;Castellón/Castelló;12085 Orpesa/Oropesa del Mar;Total;2013;9878
12;Castellón/Castelló;12085 Orpesa/Oropesa del Mar;Total;2012;9898
12;Castellón/Castelló;12085 Orpesa/Oropesa del Mar;Total;2011;10088
12;Castellón/Castelló;12085 Orpesa/Oropesa del Mar;Total;2010;10787
12;Castellón/Castelló;12085 Orpesa/Oropesa del Mar;Total;2009;11188
12;Castellón/Castelló;12085 Orpesa/Oropesa del Mar;Total;2008;11245
12;Castellón/Castelló;12085 Orpesa/Oropesa del Mar;Total;2007;9613
12;Castellón/Castelló;12085 Orpesa/Oropesa del Mar;Total;2006;8527
12;Castellón/Castelló;12085 Orpesa/Oropesa del Mar;Total;2005;7208
12;Castellón/Castelló;12085 Orpesa/Oropesa del Mar;Total;2004;6153
12;Castellón/Castelló;12085 Orpesa/Oropesa del Mar;Total;2003;5179
12;Castellón/Castelló;12085 Orpesa/Oropesa del Mar;Total;2002;4538
12;Castellón/Castelló;12085 Orpesa/Oropesa del Mar;Total;2001;4078
12;Castellón/Castelló;12085 Orpesa/Oropesa del Mar;Total;2000;3734
12;Castellón/Castelló;12085 Orpesa/Oropesa del Mar;Total;1999;3392
12;Castellón/Castelló;12085 Orpesa/Oropesa del Mar;Total;1998;3044
12;Castellón/Castelló;12085 Orpesa/Oropesa del Mar;Total;1997;
12;Castellón/Castelló;12085 Orpesa/Oropesa del Mar;Total;1996;2578
12;Castellón/Castelló;12085 Orpesa/Oropesa del Mar;Hombres;2023;5596
12;Castellón/Castelló;12085 Orpesa/Oropesa del Mar;Hombres;2022;5205
12;Castellón/Castelló;12085 Orpesa/Oropesa del Mar;Hombres;2021;4974
12;Castellón/Castelló;12085 Orpesa/Oropesa del Mar;Hombres;2020;4751
12;Castellón/Castelló;12085 Orpesa/Oropesa del Mar;Hombres;2019;4660
12;Castellón/Castelló;12085 Orpesa/Oropesa del Mar;Hombres;2018;4544
12;Castellón/Castelló;12085 Orpesa/Oropesa del Mar;Hombres;2017;4635
12;Castellón/Castelló;12085 Orpesa/Oropesa del Mar;Hombres;2016;4813
12;Castellón/Castelló;12085 Orpesa/Oropesa del Mar;Hombres;2015;4992
12;Castellón/Castelló;12085 Orpesa/Oropesa del Mar;Hombres;2014;5086
12;Castellón/Castelló;12085 Orpesa/Oropesa del Mar;Hombres;2013;5229
12;Castellón/Castelló;12085 Orpesa/Oropesa del Mar;Hombres;2012;5254
12;Castellón/Castelló;12085 Orpesa/Oropesa del Mar;Hombres;2011;5384
12;Castellón/Castelló;12085 Orpesa/Oropesa del Mar;Hombres;2010;5845
12;Castellón/Castelló;12085 Orpesa/Oropesa del Mar;Hombres;2009;6142
12;Castellón/Castelló;12085 Orpesa/Oropesa del Mar;Hombres;2008;6245
12;Castellón/Castelló;12085 Orpesa/Oropesa del Mar;Hombres;2007;5320
12;Castellón/Castelló;12085 Orpesa/Oropesa del Mar;Hombres;2006;4740
12;Castellón/Castelló;12085 Orpesa/Oropesa del Mar;Hombres;2005;3955
12;Castellón/Castelló;12085 Orpesa/Oropesa del Mar;Hombres;2004;3305
12;Castellón/Castelló;12085 Orpesa/Oropesa del Mar;Hombres;2003;2733
12;Castellón/Castelló;12085 Orpesa/Oropesa del Mar;Hombres;2002;2340
12;Castellón/Castelló;12085 Orpesa/Oropesa del Mar;Hombres;2001;2081
12;Castellón/Castelló;12085 Orpesa/Oropesa del Mar;Hombres;2000;1912
12;Castellón/Castelló;12085 Orpesa/Oropesa del Mar;Hombres;1999;1740
12;Castellón/Castelló;12085 Orpesa/Oropesa del Mar;Hombres;1998;1555
12;Castellón/Castelló;12085 Orpesa/Oropesa del Mar;Hombres;1997;
12;Castellón/Castelló;12085 Orpesa/Oropesa del Mar;Hombres;1996;1322
12;Castellón/Castelló;12085 Orpesa/Oropesa del Mar;Mujeres;2023;5362
12;Castellón/Castelló;12085 Orpesa/Oropesa del Mar;Mujeres;2022;4979
12;Castellón/Castelló;12085 Orpesa/Oropesa del Mar;Mujeres;2021;4781
12;Castellón/Castelló;12085 Orpesa/Oropesa del Mar;Mujeres;2020;4588
12;Castellón/Castelló;12085 Orpesa/Oropesa del Mar;Mujeres;2019;4416
12;Castellón/Castelló;12085 Orpesa/Oropesa del Mar;Mujeres;2018;4286
12;Castellón/Castelló;12085 Orpesa/Oropesa del Mar;Mujeres;2017;4348
12;Castellón/Castelló;12085 Orpesa/Oropesa del Mar;Mujeres;2016;4432
12;Castellón/Castelló;12085 Orpesa/Oropesa del Mar;Mujeres;2015;4501
12;Castellón/Castelló;12085 Orpesa/Oropesa del Mar;Mujeres;2014;4539
12;Castellón/Castelló;12085 Orpesa/Oropesa del Mar;Mujeres;2013;4649
12;Castellón/Castelló;12085 Orpesa/Oropesa del Mar;Mujeres;2012;4644
12;Castellón/Castelló;12085 Orpesa/Oropesa del Mar;Mujeres;2011;4704
12;Castellón/Castelló;12085 Orpesa/Oropesa del Mar;Mujeres;2010;4942
12;Castellón/Castelló;12085 Orpesa/Oropesa del Mar;Mujeres;2009;5046
12;Castellón/Castelló;12085 Orpesa/Oropesa del Mar;Mujeres;2008;5000
12;Castellón/Castelló;12085 Orpesa/Oropesa del Mar;Mujeres;2007;4293
12;Castellón/Castelló;12085 Orpesa/Oropesa del Mar;Mujeres;2006;3787
12;Castellón/Castelló;12085 Orpesa/Oropesa del Mar;Mujeres;2005;3253
12;Castellón/Castelló;12085 Orpesa/Oropesa del Mar;Mujeres;2004;2848
12;Castellón/Castelló;12085 Orpesa/Oropesa del Mar;Mujeres;2003;2446
12;Castellón/Castelló;12085 Orpesa/Oropesa del Mar;Mujeres;2002;2198
12;Castellón/Castelló;12085 Orpesa/Oropesa del Mar;Mujeres;2001;1997
12;Castellón/Castelló;12085 Orpesa/Oropesa del Mar;Mujeres;2000;1822
12;Castellón/Castelló;12085 Orpesa/Oropesa del Mar;Mujeres;1999;1652
12;Castellón/Castelló;12085 Orpesa/Oropesa del Mar;Mujeres;1998;1489
12;Castellón/Castelló;12085 Orpesa/Oropesa del Mar;Mujeres;1997;
12;Castellón/Castelló;12085 Orpesa/Oropesa del Mar;Mujeres;1996;1256
12;Castellón/Castelló;12087 Palanques;Total;2023;36
12;Castellón/Castelló;12087 Palanques;Total;2022;38
12;Castellón/Castelló;12087 Palanques;Total;2021;36
12;Castellón/Castelló;12087 Palanques;Total;2020;34
12;Castellón/Castelló;12087 Palanques;Total;2019;30
12;Castellón/Castelló;12087 Palanques;Total;2018;31
12;Castellón/Castelló;12087 Palanques;Total;2017;34
12;Castellón/Castelló;12087 Palanques;Total;2016;35
12;Castellón/Castelló;12087 Palanques;Total;2015;31
12;Castellón/Castelló;12087 Palanques;Total;2014;30
12;Castellón/Castelló;12087 Palanques;Total;2013;33
12;Castellón/Castelló;12087 Palanques;Total;2012;31
12;Castellón/Castelló;12087 Palanques;Total;2011;32
12;Castellón/Castelló;12087 Palanques;Total;2010;34
12;Castellón/Castelló;12087 Palanques;Total;2009;35
12;Castellón/Castelló;12087 Palanques;Total;2008;34
12;Castellón/Castelló;12087 Palanques;Total;2007;31
12;Castellón/Castelló;12087 Palanques;Total;2006;33
12;Castellón/Castelló;12087 Palanques;Total;2005;32
12;Castellón/Castelló;12087 Palanques;Total;2004;27
12;Castellón/Castelló;12087 Palanques;Total;2003;25
12;Castellón/Castelló;12087 Palanques;Total;2002;25
12;Castellón/Castelló;12087 Palanques;Total;2001;25
12;Castellón/Castelló;12087 Palanques;Total;2000;21
12;Castellón/Castelló;12087 Palanques;Total;1999;24
12;Castellón/Castelló;12087 Palanques;Total;1998;23
12;Castellón/Castelló;12087 Palanques;Total;1997;
12;Castellón/Castelló;12087 Palanques;Total;1996;23
12;Castellón/Castelló;12087 Palanques;Hombres;2023;21
12;Castellón/Castelló;12087 Palanques;Hombres;2022;23
12;Castellón/Castelló;12087 Palanques;Hombres;2021;21
12;Castellón/Castelló;12087 Palanques;Hombres;2020;20
12;Castellón/Castelló;12087 Palanques;Hombres;2019;18
12;Castellón/Castelló;12087 Palanques;Hombres;2018;17
12;Castellón/Castelló;12087 Palanques;Hombres;2017;19
12;Castellón/Castelló;12087 Palanques;Hombres;2016;19
12;Castellón/Castelló;12087 Palanques;Hombres;2015;15
12;Castellón/Castelló;12087 Palanques;Hombres;2014;15
12;Castellón/Castelló;12087 Palanques;Hombres;2013;18
12;Castellón/Castelló;12087 Palanques;Hombres;2012;18
12;Castellón/Castelló;12087 Palanques;Hombres;2011;18
12;Castellón/Castelló;12087 Palanques;Hombres;2010;19
12;Castellón/Castelló;12087 Palanques;Hombres;2009;20
12;Castellón/Castelló;12087 Palanques;Hombres;2008;18
12;Castellón/Castelló;12087 Palanques;Hombres;2007;16
12;Castellón/Castelló;12087 Palanques;Hombres;2006;17
12;Castellón/Castelló;12087 Palanques;Hombres;2005;18
12;Castellón/Castelló;12087 Palanques;Hombres;2004;16
12;Castellón/Castelló;12087 Palanques;Hombres;2003;16
12;Castellón/Castelló;12087 Palanques;Hombres;2002;16
12;Castellón/Castelló;12087 Palanques;Hombres;2001;16
12;Castellón/Castelló;12087 Palanques;Hombres;2000;13
12;Castellón/Castelló;12087 Palanques;Hombres;1999;14
12;Castellón/Castelló;12087 Palanques;Hombres;1998;13
12;Castellón/Castelló;12087 Palanques;Hombres;1997;
12;Castellón/Castelló;12087 Palanques;Hombres;1996;14
12;Castellón/Castelló;12087 Palanques;Mujeres;2023;15
12;Castellón/Castelló;12087 Palanques;Mujeres;2022;15
12;Castellón/Castelló;12087 Palanques;Mujeres;2021;15
12;Castellón/Castelló;12087 Palanques;Mujeres;2020;14
12;Castellón/Castelló;12087 Palanques;Mujeres;2019;12
12;Castellón/Castelló;12087 Palanques;Mujeres;2018;14
12;Castellón/Castelló;12087 Palanques;Mujeres;2017;15
12;Castellón/Castelló;12087 Palanques;Mujeres;2016;16
12;Castellón/Castelló;12087 Palanques;Mujeres;2015;16
12;Castellón/Castelló;12087 Palanques;Mujeres;2014;15
12;Castellón/Castelló;12087 Palanques;Mujeres;2013;15
12;Castellón/Castelló;12087 Palanques;Mujeres;2012;13
12;Castellón/Castelló;12087 Palanques;Mujeres;2011;14
12;Castellón/Castelló;12087 Palanques;Mujeres;2010;15
12;Castellón/Castelló;12087 Palanques;Mujeres;2009;15
12;Castellón/Castelló;12087 Palanques;Mujeres;2008;16
12;Castellón/Castelló;12087 Palanques;Mujeres;2007;15
12;Castellón/Castelló;12087 Palanques;Mujeres;2006;16
12;Castellón/Castelló;12087 Palanques;Mujeres;2005;14
12;Castellón/Castelló;12087 Palanques;Mujeres;2004;11
12;Castellón/Castelló;12087 Palanques;Mujeres;2003;9
12;Castellón/Castelló;12087 Palanques;Mujeres;2002;9
12;Castellón/Castelló;12087 Palanques;Mujeres;2001;9
12;Castellón/Castelló;12087 Palanques;Mujeres;2000;8
12;Castellón/Castelló;12087 Palanques;Mujeres;1999;10
12;Castellón/Castelló;12087 Palanques;Mujeres;1998;10
12;Castellón/Castelló;12087 Palanques;Mujeres;1997;
12;Castellón/Castelló;12087 Palanques;Mujeres;1996;9
12;Castellón/Castelló;12088 Pavías;Total;2023;74
12;Castellón/Castelló;12088 Pavías;Total;2022;74
12;Castellón/Castelló;12088 Pavías;Total;2021;72
12;Castellón/Castelló;12088 Pavías;Total;2020;68
12;Castellón/Castelló;12088 Pavías;Total;2019;61
12;Castellón/Castelló;12088 Pavías;Total;2018;62
12;Castellón/Castelló;12088 Pavías;Total;2017;63
12;Castellón/Castelló;12088 Pavías;Total;2016;69
12;Castellón/Castelló;12088 Pavías;Total;2015;74
12;Castellón/Castelló;12088 Pavías;Total;2014;54
12;Castellón/Castelló;12088 Pavías;Total;2013;59
12;Castellón/Castelló;12088 Pavías;Total;2012;59
12;Castellón/Castelló;12088 Pavías;Total;2011;59
12;Castellón/Castelló;12088 Pavías;Total;2010;62
12;Castellón/Castelló;12088 Pavías;Total;2009;61
12;Castellón/Castelló;12088 Pavías;Total;2008;57
12;Castellón/Castelló;12088 Pavías;Total;2007;60
12;Castellón/Castelló;12088 Pavías;Total;2006;62
12;Castellón/Castelló;12088 Pavías;Total;2005;60
12;Castellón/Castelló;12088 Pavías;Total;2004;58
12;Castellón/Castelló;12088 Pavías;Total;2003;59
12;Castellón/Castelló;12088 Pavías;Total;2002;59
12;Castellón/Castelló;12088 Pavías;Total;2001;61
12;Castellón/Castelló;12088 Pavías;Total;2000;61
12;Castellón/Castelló;12088 Pavías;Total;1999;57
12;Castellón/Castelló;12088 Pavías;Total;1998;58
12;Castellón/Castelló;12088 Pavías;Total;1997;
12;Castellón/Castelló;12088 Pavías;Total;1996;62
12;Castellón/Castelló;12088 Pavías;Hombres;2023;45
12;Castellón/Castelló;12088 Pavías;Hombres;2022;45
12;Castellón/Castelló;12088 Pavías;Hombres;2021;45
12;Castellón/Castelló;12088 Pavías;Hombres;2020;43
12;Castellón/Castelló;12088 Pavías;Hombres;2019;39
12;Castellón/Castelló;12088 Pavías;Hombres;2018;39
12;Castellón/Castelló;12088 Pavías;Hombres;2017;38
12;Castellón/Castelló;12088 Pavías;Hombres;2016;41
12;Castellón/Castelló;12088 Pavías;Hombres;2015;43
12;Castellón/Castelló;12088 Pavías;Hombres;2014;33
12;Castellón/Castelló;12088 Pavías;Hombres;2013;35
12;Castellón/Castelló;12088 Pavías;Hombres;2012;34
12;Castellón/Castelló;12088 Pavías;Hombres;2011;33
12;Castellón/Castelló;12088 Pavías;Hombres;2010;33
12;Castellón/Castelló;12088 Pavías;Hombres;2009;34
12;Castellón/Castelló;12088 Pavías;Hombres;2008;31
12;Castellón/Castelló;12088 Pavías;Hombres;2007;34
12;Castellón/Castelló;12088 Pavías;Hombres;2006;37
12;Castellón/Castelló;12088 Pavías;Hombres;2005;37
12;Castellón/Castelló;12088 Pavías;Hombres;2004;36
12;Castellón/Castelló;12088 Pavías;Hombres;2003;37
12;Castellón/Castelló;12088 Pavías;Hombres;2002;37
12;Castellón/Castelló;12088 Pavías;Hombres;2001;37
12;Castellón/Castelló;12088 Pavías;Hombres;2000;37
12;Castellón/Castelló;12088 Pavías;Hombres;1999;35
12;Castellón/Castelló;12088 Pavías;Hombres;1998;36
12;Castellón/Castelló;12088 Pavías;Hombres;1997;
12;Castellón/Castelló;12088 Pavías;Hombres;1996;39
12;Castellón/Castelló;12088 Pavías;Mujeres;2023;29
12;Castellón/Castelló;12088 Pavías;Mujeres;2022;29
12;Castellón/Castelló;12088 Pavías;Mujeres;2021;27
12;Castellón/Castelló;12088 Pavías;Mujeres;2020;25
12;Castellón/Castelló;12088 Pavías;Mujeres;2019;22
12;Castellón/Castelló;12088 Pavías;Mujeres;2018;23
12;Castellón/Castelló;12088 Pavías;Mujeres;2017;25
12;Castellón/Castelló;12088 Pavías;Mujeres;2016;28
12;Castellón/Castelló;12088 Pavías;Mujeres;2015;31
12;Castellón/Castelló;12088 Pavías;Mujeres;2014;21
12;Castellón/Castelló;12088 Pavías;Mujeres;2013;24
12;Castellón/Castelló;12088 Pavías;Mujeres;2012;25
12;Castellón/Castelló;12088 Pavías;Mujeres;2011;26
12;Castellón/Castelló;12088 Pavías;Mujeres;2010;29
12;Castellón/Castelló;12088 Pavías;Mujeres;2009;27
12;Castellón/Castelló;12088 Pavías;Mujeres;2008;26
12;Castellón/Castelló;12088 Pavías;Mujeres;2007;26
12;Castellón/Castelló;12088 Pavías;Mujeres;2006;25
12;Castellón/Castelló;12088 Pavías;Mujeres;2005;23
12;Castellón/Castelló;12088 Pavías;Mujeres;2004;22
12;Castellón/Castelló;12088 Pavías;Mujeres;2003;22
12;Castellón/Castelló;12088 Pavías;Mujeres;2002;22
12;Castellón/Castelló;12088 Pavías;Mujeres;2001;24
12;Castellón/Castelló;12088 Pavías;Mujeres;2000;24
12;Castellón/Castelló;12088 Pavías;Mujeres;1999;22
12;Castellón/Castelló;12088 Pavías;Mujeres;1998;22
12;Castellón/Castelló;12088 Pavías;Mujeres;1997;
12;Castellón/Castelló;12088 Pavías;Mujeres;1996;23
12;Castellón/Castelló;12089 Peníscola/Peñíscola;Total;2023;8449
12;Castellón/Castelló;12089 Peníscola/Peñíscola;Total;2022;8210
12;Castellón/Castelló;12089 Peníscola/Peñíscola;Total;2021;7882
12;Castellón/Castelló;12089 Peníscola/Peñíscola;Total;2020;7683
12;Castellón/Castelló;12089 Peníscola/Peñíscola;Total;2019;7612
12;Castellón/Castelló;12089 Peníscola/Peñíscola;Total;2018;7447
12;Castellón/Castelló;12089 Peníscola/Peñíscola;Total;2017;7413
12;Castellón/Castelló;12089 Peníscola/Peñíscola;Total;2016;7421
12;Castellón/Castelló;12089 Peníscola/Peñíscola;Total;2015;7444
12;Castellón/Castelló;12089 Peníscola/Peñíscola;Total;2014;7457
12;Castellón/Castelló;12089 Peníscola/Peñíscola;Total;2013;8182
12;Castellón/Castelló;12089 Peníscola/Peñíscola;Total;2012;8214
12;Castellón/Castelló;12089 Peníscola/Peñíscola;Total;2011;8094
12;Castellón/Castelló;12089 Peníscola/Peñíscola;Total;2010;8051
12;Castellón/Castelló;12089 Peníscola/Peñíscola;Total;2009;7894
12;Castellón/Castelló;12089 Peníscola/Peñíscola;Total;2008;7560
12;Castellón/Castelló;12089 Peníscola/Peñíscola;Total;2007;6884
12;Castellón/Castelló;12089 Peníscola/Peñíscola;Total;2006;6432
12;Castellón/Castelló;12089 Peníscola/Peñíscola;Total;2005;6149
12;Castellón/Castelló;12089 Peníscola/Peñíscola;Total;2004;5809
12;Castellón/Castelló;12089 Peníscola/Peñíscola;Total;2003;5685
12;Castellón/Castelló;12089 Peníscola/Peñíscola;Total;2002;5245
12;Castellón/Castelló;12089 Peníscola/Peñíscola;Total;2001;4887
12;Castellón/Castelló;12089 Peníscola/Peñíscola;Total;2000;4548
12;Castellón/Castelló;12089 Peníscola/Peñíscola;Total;1999;4258
12;Castellón/Castelló;12089 Peníscola/Peñíscola;Total;1998;4047
12;Castellón/Castelló;12089 Peníscola/Peñíscola;Total;1997;
12;Castellón/Castelló;12089 Peníscola/Peñíscola;Total;1996;3821
12;Castellón/Castelló;12089 Peníscola/Peñíscola;Hombres;2023;4303
12;Castellón/Castelló;12089 Peníscola/Peñíscola;Hombres;2022;4174
12;Castellón/Castelló;12089 Peníscola/Peñíscola;Hombres;2021;4002
12;Castellón/Castelló;12089 Peníscola/Peñíscola;Hombres;2020;3887
12;Castellón/Castelló;12089 Peníscola/Peñíscola;Hombres;2019;3849
12;Castellón/Castelló;12089 Peníscola/Peñíscola;Hombres;2018;3747
12;Castellón/Castelló;12089 Peníscola/Peñíscola;Hombres;2017;3718
12;Castellón/Castelló;12089 Peníscola/Peñíscola;Hombres;2016;3751
12;Castellón/Castelló;12089 Peníscola/Peñíscola;Hombres;2015;3772
12;Castellón/Castelló;12089 Peníscola/Peñíscola;Hombres;2014;3762
12;Castellón/Castelló;12089 Peníscola/Peñíscola;Hombres;2013;4205
12;Castellón/Castelló;12089 Peníscola/Peñíscola;Hombres;2012;4223
12;Castellón/Castelló;12089 Peníscola/Peñíscola;Hombres;2011;4146
12;Castellón/Castelló;12089 Peníscola/Peñíscola;Hombres;2010;4138
12;Castellón/Castelló;12089 Peníscola/Peñíscola;Hombres;2009;4084
12;Castellón/Castelló;12089 Peníscola/Peñíscola;Hombres;2008;3935
12;Castellón/Castelló;12089 Peníscola/Peñíscola;Hombres;2007;3578
12;Castellón/Castelló;12089 Peníscola/Peñíscola;Hombres;2006;3341
12;Castellón/Castelló;12089 Peníscola/Peñíscola;Hombres;2005;3179
12;Castellón/Castelló;12089 Peníscola/Peñíscola;Hombres;2004;2988
12;Castellón/Castelló;12089 Peníscola/Peñíscola;Hombres;2003;2939
12;Castellón/Castelló;12089 Peníscola/Peñíscola;Hombres;2002;2717
12;Castellón/Castelló;12089 Peníscola/Peñíscola;Hombres;2001;2503
12;Castellón/Castelló;12089 Peníscola/Peñíscola;Hombres;2000;2293
12;Castellón/Castelló;12089 Peníscola/Peñíscola;Hombres;1999;2142
12;Castellón/Castelló;12089 Peníscola/Peñíscola;Hombres;1998;2037
12;Castellón/Castelló;12089 Peníscola/Peñíscola;Hombres;1997;
12;Castellón/Castelló;12089 Peníscola/Peñíscola;Hombres;1996;1886
12;Castellón/Castelló;12089 Peníscola/Peñíscola;Mujeres;2023;4146
12;Castellón/Castelló;12089 Peníscola/Peñíscola;Mujeres;2022;4036
12;Castellón/Castelló;12089 Peníscola/Peñíscola;Mujeres;2021;3880
12;Castellón/Castelló;12089 Peníscola/Peñíscola;Mujeres;2020;3796
12;Castellón/Castelló;12089 Peníscola/Peñíscola;Mujeres;2019;3763
12;Castellón/Castelló;12089 Peníscola/Peñíscola;Mujeres;2018;3700
12;Castellón/Castelló;12089 Peníscola/Peñíscola;Mujeres;2017;3695
12;Castellón/Castelló;12089 Peníscola/Peñíscola;Mujeres;2016;3670
12;Castellón/Castelló;12089 Peníscola/Peñíscola;Mujeres;2015;3672
12;Castellón/Castelló;12089 Peníscola/Peñíscola;Mujeres;2014;3695
12;Castellón/Castelló;12089 Peníscola/Peñíscola;Mujeres;2013;3977
12;Castellón/Castelló;12089 Peníscola/Peñíscola;Mujeres;2012;3991
12;Castellón/Castelló;12089 Peníscola/Peñíscola;Mujeres;2011;3948
12;Castellón/Castelló;12089 Peníscola/Peñíscola;Mujeres;2010;3913
12;Castellón/Castelló;12089 Peníscola/Peñíscola;Mujeres;2009;3810
12;Castellón/Castelló;12089 Peníscola/Peñíscola;Mujeres;2008;3625
12;Castellón/Castelló;12089 Peníscola/Peñíscola;Mujeres;2007;3306
12;Castellón/Castelló;12089 Peníscola/Peñíscola;Mujeres;2006;3091
12;Castellón/Castelló;12089 Peníscola/Peñíscola;Mujeres;2005;2970
12;Castellón/Castelló;12089 Peníscola/Peñíscola;Mujeres;2004;2821
12;Castellón/Castelló;12089 Peníscola/Peñíscola;Mujeres;2003;2746
12;Castellón/Castelló;12089 Peníscola/Peñíscola;Mujeres;2002;2528
12;Castellón/Castelló;12089 Peníscola/Peñíscola;Mujeres;2001;2384
12;Castellón/Castelló;12089 Peníscola/Peñíscola;Mujeres;2000;2255
12;Castellón/Castelló;12089 Peníscola/Peñíscola;Mujeres;1999;2116
12;Castellón/Castelló;12089 Peníscola/Peñíscola;Mujeres;1998;2010
12;Castellón/Castelló;12089 Peníscola/Peñíscola;Mujeres;1997;
12;Castellón/Castelló;12089 Peníscola/Peñíscola;Mujeres;1996;1935
12;Castellón/Castelló;12090 Pina de Montalgrao;Total;2023;119
12;Castellón/Castelló;12090 Pina de Montalgrao;Total;2022;113
12;Castellón/Castelló;12090 Pina de Montalgrao;Total;2021;114
12;Castellón/Castelló;12090 Pina de Montalgrao;Total;2020;110
12;Castellón/Castelló;12090 Pina de Montalgrao;Total;2019;111
12;Castellón/Castelló;12090 Pina de Montalgrao;Total;2018;114
12;Castellón/Castelló;12090 Pina de Montalgrao;Total;2017;121
12;Castellón/Castelló;12090 Pina de Montalgrao;Total;2016;127
12;Castellón/Castelló;12090 Pina de Montalgrao;Total;2015;129
12;Castellón/Castelló;12090 Pina de Montalgrao;Total;2014;134
12;Castellón/Castelló;12090 Pina de Montalgrao;Total;2013;139
12;Castellón/Castelló;12090 Pina de Montalgrao;Total;2012;149
12;Castellón/Castelló;12090 Pina de Montalgrao;Total;2011;149
12;Castellón/Castelló;12090 Pina de Montalgrao;Total;2010;148
12;Castellón/Castelló;12090 Pina de Montalgrao;Total;2009;147
12;Castellón/Castelló;12090 Pina de Montalgrao;Total;2008;151
12;Castellón/Castelló;12090 Pina de Montalgrao;Total;2007;156
12;Castellón/Castelló;12090 Pina de Montalgrao;Total;2006;161
12;Castellón/Castelló;12090 Pina de Montalgrao;Total;2005;153
12;Castellón/Castelló;12090 Pina de Montalgrao;Total;2004;151
12;Castellón/Castelló;12090 Pina de Montalgrao;Total;2003;158
12;Castellón/Castelló;12090 Pina de Montalgrao;Total;2002;162
12;Castellón/Castelló;12090 Pina de Montalgrao;Total;2001;165
12;Castellón/Castelló;12090 Pina de Montalgrao;Total;2000;167
12;Castellón/Castelló;12090 Pina de Montalgrao;Total;1999;168
12;Castellón/Castelló;12090 Pina de Montalgrao;Total;1998;167
12;Castellón/Castelló;12090 Pina de Montalgrao;Total;1997;
12;Castellón/Castelló;12090 Pina de Montalgrao;Total;1996;175
12;Castellón/Castelló;12090 Pina de Montalgrao;Hombres;2023;65
12;Castellón/Castelló;12090 Pina de Montalgrao;Hombres;2022;61
12;Castellón/Castelló;12090 Pina de Montalgrao;Hombres;2021;59
12;Castellón/Castelló;12090 Pina de Montalgrao;Hombres;2020;57
12;Castellón/Castelló;12090 Pina de Montalgrao;Hombres;2019;59
12;Castellón/Castelló;12090 Pina de Montalgrao;Hombres;2018;59
12;Castellón/Castelló;12090 Pina de Montalgrao;Hombres;2017;59
12;Castellón/Castelló;12090 Pina de Montalgrao;Hombres;2016;64
12;Castellón/Castelló;12090 Pina de Montalgrao;Hombres;2015;65
12;Castellón/Castelló;12090 Pina de Montalgrao;Hombres;2014;67
12;Castellón/Castelló;12090 Pina de Montalgrao;Hombres;2013;69
12;Castellón/Castelló;12090 Pina de Montalgrao;Hombres;2012;73
12;Castellón/Castelló;12090 Pina de Montalgrao;Hombres;2011;75
12;Castellón/Castelló;12090 Pina de Montalgrao;Hombres;2010;78
12;Castellón/Castelló;12090 Pina de Montalgrao;Hombres;2009;80
12;Castellón/Castelló;12090 Pina de Montalgrao;Hombres;2008;85
12;Castellón/Castelló;12090 Pina de Montalgrao;Hombres;2007;87
12;Castellón/Castelló;12090 Pina de Montalgrao;Hombres;2006;89
12;Castellón/Castelló;12090 Pina de Montalgrao;Hombres;2005;82
12;Castellón/Castelló;12090 Pina de Montalgrao;Hombres;2004;79
12;Castellón/Castelló;12090 Pina de Montalgrao;Hombres;2003;85
12;Castellón/Castelló;12090 Pina de Montalgrao;Hombres;2002;85
12;Castellón/Castelló;12090 Pina de Montalgrao;Hombres;2001;87
12;Castellón/Castelló;12090 Pina de Montalgrao;Hombres;2000;89
12;Castellón/Castelló;12090 Pina de Montalgrao;Hombres;1999;89
12;Castellón/Castelló;12090 Pina de Montalgrao;Hombres;1998;88
12;Castellón/Castelló;12090 Pina de Montalgrao;Hombres;1997;
12;Castellón/Castelló;12090 Pina de Montalgrao;Hombres;1996;91
12;Castellón/Castelló;12090 Pina de Montalgrao;Mujeres;2023;54
12;Castellón/Castelló;12090 Pina de Montalgrao;Mujeres;2022;52
12;Castellón/Castelló;12090 Pina de Montalgrao;Mujeres;2021;55
12;Castellón/Castelló;12090 Pina de Montalgrao;Mujeres;2020;53
12;Castellón/Castelló;12090 Pina de Montalgrao;Mujeres;2019;52
12;Castellón/Castelló;12090 Pina de Montalgrao;Mujeres;2018;55
12;Castellón/Castelló;12090 Pina de Montalgrao;Mujeres;2017;62
12;Castellón/Castelló;12090 Pina de Montalgrao;Mujeres;2016;63
12;Castellón/Castelló;12090 Pina de Montalgrao;Mujeres;2015;64
12;Castellón/Castelló;12090 Pina de Montalgrao;Mujeres;2014;67
12;Castellón/Castelló;12090 Pina de Montalgrao;Mujeres;2013;70
12;Castellón/Castelló;12090 Pina de Montalgrao;Mujeres;2012;76
12;Castellón/Castelló;12090 Pina de Montalgrao;Mujeres;2011;74
12;Castellón/Castelló;12090 Pina de Montalgrao;Mujeres;2010;70
12;Castellón/Castelló;12090 Pina de Montalgrao;Mujeres;2009;67
12;Castellón/Castelló;12090 Pina de Montalgrao;Mujeres;2008;66
12;Castellón/Castelló;12090 Pina de Montalgrao;Mujeres;2007;69
12;Castellón/Castelló;12090 Pina de Montalgrao;Mujeres;2006;72
12;Castellón/Castelló;12090 Pina de Montalgrao;Mujeres;2005;71
12;Castellón/Castelló;12090 Pina de Montalgrao;Mujeres;2004;72
12;Castellón/Castelló;12090 Pina de Montalgrao;Mujeres;2003;73
12;Castellón/Castelló;12090 Pina de Montalgrao;Mujeres;2002;77
12;Castellón/Castelló;12090 Pina de Montalgrao;Mujeres;2001;78
12;Castellón/Castelló;12090 Pina de Montalgrao;Mujeres;2000;78
12;Castellón/Castelló;12090 Pina de Montalgrao;Mujeres;1999;79
12;Castellón/Castelló;12090 Pina de Montalgrao;Mujeres;1998;79
12;Castellón/Castelló;12090 Pina de Montalgrao;Mujeres;1997;
12;Castellón/Castelló;12090 Pina de Montalgrao;Mujeres;1996;84
12;Castellón/Castelló;12094 Pobla Tornesa, la;Total;2023;1309
12;Castellón/Castelló;12094 Pobla Tornesa, la;Total;2022;1304
12;Castellón/Castelló;12094 Pobla Tornesa, la;Total;2021;1239
12;Castellón/Castelló;12094 Pobla Tornesa, la;Total;2020;1212
12;Castellón/Castelló;12094 Pobla Tornesa, la;Total;2019;1211
12;Castellón/Castelló;12094 Pobla Tornesa, la;Total;2018;1208
12;Castellón/Castelló;12094 Pobla Tornesa, la;Total;2017;1227
12;Castellón/Castelló;12094 Pobla Tornesa, la;Total;2016;1200
12;Castellón/Castelló;12094 Pobla Tornesa, la;Total;2015;1191
12;Castellón/Castelló;12094 Pobla Tornesa, la;Total;2014;1172
12;Castellón/Castelló;12094 Pobla Tornesa, la;Total;2013;1164
12;Castellón/Castelló;12094 Pobla Tornesa, la;Total;2012;1166
12;Castellón/Castelló;12094 Pobla Tornesa, la;Total;2011;1165
12;Castellón/Castelló;12094 Pobla Tornesa, la;Total;2010;1156
12;Castellón/Castelló;12094 Pobla Tornesa, la;Total;2009;1106
12;Castellón/Castelló;12094 Pobla Tornesa, la;Total;2008;980
12;Castellón/Castelló;12094 Pobla Tornesa, la;Total;2007;928
12;Castellón/Castelló;12094 Pobla Tornesa, la;Total;2006;845
12;Castellón/Castelló;12094 Pobla Tornesa, la;Total;2005;790
12;Castellón/Castelló;12094 Pobla Tornesa, la;Total;2004;670
12;Castellón/Castelló;12094 Pobla Tornesa, la;Total;2003;631
12;Castellón/Castelló;12094 Pobla Tornesa, la;Total;2002;614
12;Castellón/Castelló;12094 Pobla Tornesa, la;Total;2001;564
12;Castellón/Castelló;12094 Pobla Tornesa, la;Total;2000;558
12;Castellón/Castelló;12094 Pobla Tornesa, la;Total;1999;540
12;Castellón/Castelló;12094 Pobla Tornesa, la;Total;1998;532
12;Castellón/Castelló;12094 Pobla Tornesa, la;Total;1997;
12;Castellón/Castelló;12094 Pobla Tornesa, la;Total;1996;529
12;Castellón/Castelló;12094 Pobla Tornesa, la;Hombres;2023;670
12;Castellón/Castelló;12094 Pobla Tornesa, la;Hombres;2022;668
12;Castellón/Castelló;12094 Pobla Tornesa, la;Hombres;2021;632
12;Castellón/Castelló;12094 Pobla Tornesa, la;Hombres;2020;620
12;Castellón/Castelló;12094 Pobla Tornesa, la;Hombres;2019;618
12;Castellón/Castelló;12094 Pobla Tornesa, la;Hombres;2018;628
12;Castellón/Castelló;12094 Pobla Tornesa, la;Hombres;2017;638
12;Castellón/Castelló;12094 Pobla Tornesa, la;Hombres;2016;624
12;Castellón/Castelló;12094 Pobla Tornesa, la;Hombres;2015;626
12;Castellón/Castelló;12094 Pobla Tornesa, la;Hombres;2014;621
12;Castellón/Castelló;12094 Pobla Tornesa, la;Hombres;2013;611
12;Castellón/Castelló;12094 Pobla Tornesa, la;Hombres;2012;611
12;Castellón/Castelló;12094 Pobla Tornesa, la;Hombres;2011;604
12;Castellón/Castelló;12094 Pobla Tornesa, la;Hombres;2010;597
12;Castellón/Castelló;12094 Pobla Tornesa, la;Hombres;2009;570
12;Castellón/Castelló;12094 Pobla Tornesa, la;Hombres;2008;510
12;Castellón/Castelló;12094 Pobla Tornesa, la;Hombres;2007;485
12;Castellón/Castelló;12094 Pobla Tornesa, la;Hombres;2006;436
12;Castellón/Castelló;12094 Pobla Tornesa, la;Hombres;2005;404
12;Castellón/Castelló;12094 Pobla Tornesa, la;Hombres;2004;341
12;Castellón/Castelló;12094 Pobla Tornesa, la;Hombres;2003;318
12;Castellón/Castelló;12094 Pobla Tornesa, la;Hombres;2002;307
12;Castellón/Castelló;12094 Pobla Tornesa, la;Hombres;2001;275
12;Castellón/Castelló;12094 Pobla Tornesa, la;Hombres;2000;273
12;Castellón/Castelló;12094 Pobla Tornesa, la;Hombres;1999;269
12;Castellón/Castelló;12094 Pobla Tornesa, la;Hombres;1998;260
12;Castellón/Castelló;12094 Pobla Tornesa, la;Hombres;1997;
12;Castellón/Castelló;12094 Pobla Tornesa, la;Hombres;1996;260
12;Castellón/Castelló;12094 Pobla Tornesa, la;Mujeres;2023;639
12;Castellón/Castelló;12094 Pobla Tornesa, la;Mujeres;2022;636
12;Castellón/Castelló;12094 Pobla Tornesa, la;Mujeres;2021;607
12;Castellón/Castelló;12094 Pobla Tornesa, la;Mujeres;2020;592
12;Castellón/Castelló;12094 Pobla Tornesa, la;Mujeres;2019;593
12;Castellón/Castelló;12094 Pobla Tornesa, la;Mujeres;2018;580
12;Castellón/Castelló;12094 Pobla Tornesa, la;Mujeres;2017;589
12;Castellón/Castelló;12094 Pobla Tornesa, la;Mujeres;2016;576
12;Castellón/Castelló;12094 Pobla Tornesa, la;Mujeres;2015;565
12;Castellón/Castelló;12094 Pobla Tornesa, la;Mujeres;2014;551
12;Castellón/Castelló;12094 Pobla Tornesa, la;Mujeres;2013;553
12;Castellón/Castelló;12094 Pobla Tornesa, la;Mujeres;2012;555
12;Castellón/Castelló;12094 Pobla Tornesa, la;Mujeres;2011;561
12;Castellón/Castelló;12094 Pobla Tornesa, la;Mujeres;2010;559
12;Castellón/Castelló;12094 Pobla Tornesa, la;Mujeres;2009;536
12;Castellón/Castelló;12094 Pobla Tornesa, la;Mujeres;2008;470
12;Castellón/Castelló;12094 Pobla Tornesa, la;Mujeres;2007;443
12;Castellón/Castelló;12094 Pobla Tornesa, la;Mujeres;2006;409
12;Castellón/Castelló;12094 Pobla Tornesa, la;Mujeres;2005;386
12;Castellón/Castelló;12094 Pobla Tornesa, la;Mujeres;2004;329
12;Castellón/Castelló;12094 Pobla Tornesa, la;Mujeres;2003;313
12;Castellón/Castelló;12094 Pobla Tornesa, la;Mujeres;2002;307
12;Castellón/Castelló;12094 Pobla Tornesa, la;Mujeres;2001;289
12;Castellón/Castelló;12094 Pobla Tornesa, la;Mujeres;2000;285
12;Castellón/Castelló;12094 Pobla Tornesa, la;Mujeres;1999;271
12;Castellón/Castelló;12094 Pobla Tornesa, la;Mujeres;1998;272
12;Castellón/Castelló;12094 Pobla Tornesa, la;Mujeres;1997;
12;Castellón/Castelló;12094 Pobla Tornesa, la;Mujeres;1996;269
12;Castellón/Castelló;12093 Pobla de Benifassà, la;Total;2023;235
12;Castellón/Castelló;12093 Pobla de Benifassà, la;Total;2022;225
12;Castellón/Castelló;12093 Pobla de Benifassà, la;Total;2021;213
12;Castellón/Castelló;12093 Pobla de Benifassà, la;Total;2020;199
12;Castellón/Castelló;12093 Pobla de Benifassà, la;Total;2019;202
12;Castellón/Castelló;12093 Pobla de Benifassà, la;Total;2018;197
12;Castellón/Castelló;12093 Pobla de Benifassà, la;Total;2017;203
12;Castellón/Castelló;12093 Pobla de Benifassà, la;Total;2016;209
12;Castellón/Castelló;12093 Pobla de Benifassà, la;Total;2015;228
12;Castellón/Castelló;12093 Pobla de Benifassà, la;Total;2014;226
12;Castellón/Castelló;12093 Pobla de Benifassà, la;Total;2013;254
12;Castellón/Castelló;12093 Pobla de Benifassà, la;Total;2012;290
12;Castellón/Castelló;12093 Pobla de Benifassà, la;Total;2011;316
12;Castellón/Castelló;12093 Pobla de Benifassà, la;Total;2010;283
12;Castellón/Castelló;12093 Pobla de Benifassà, la;Total;2009;296
12;Castellón/Castelló;12093 Pobla de Benifassà, la;Total;2008;299
12;Castellón/Castelló;12093 Pobla de Benifassà, la;Total;2007;263
12;Castellón/Castelló;12093 Pobla de Benifassà, la;Total;2006;252
12;Castellón/Castelló;12093 Pobla de Benifassà, la;Total;2005;246
12;Castellón/Castelló;12093 Pobla de Benifassà, la;Total;2004;256
12;Castellón/Castelló;12093 Pobla de Benifassà, la;Total;2003;228
12;Castellón/Castelló;12093 Pobla de Benifassà, la;Total;2002;243
12;Castellón/Castelló;12093 Pobla de Benifassà, la;Total;2001;254
12;Castellón/Castelló;12093 Pobla de Benifassà, la;Total;2000;269
12;Castellón/Castelló;12093 Pobla de Benifassà, la;Total;1999;232
12;Castellón/Castelló;12093 Pobla de Benifassà, la;Total;1998;217
12;Castellón/Castelló;12093 Pobla de Benifassà, la;Total;1997;
12;Castellón/Castelló;12093 Pobla de Benifassà, la;Total;1996;202
12;Castellón/Castelló;12093 Pobla de Benifassà, la;Hombres;2023;135
12;Castellón/Castelló;12093 Pobla de Benifassà, la;Hombres;2022;129
12;Castellón/Castelló;12093 Pobla de Benifassà, la;Hombres;2021;122
12;Castellón/Castelló;12093 Pobla de Benifassà, la;Hombres;2020;113
12;Castellón/Castelló;12093 Pobla de Benifassà, la;Hombres;2019;114
12;Castellón/Castelló;12093 Pobla de Benifassà, la;Hombres;2018;110
12;Castellón/Castelló;12093 Pobla de Benifassà, la;Hombres;2017;114
12;Castellón/Castelló;12093 Pobla de Benifassà, la;Hombres;2016;113
12;Castellón/Castelló;12093 Pobla de Benifassà, la;Hombres;2015;121
12;Castellón/Castelló;12093 Pobla de Benifassà, la;Hombres;2014;120
12;Castellón/Castelló;12093 Pobla de Benifassà, la;Hombres;2013;134
12;Castellón/Castelló;12093 Pobla de Benifassà, la;Hombres;2012;156
12;Castellón/Castelló;12093 Pobla de Benifassà, la;Hombres;2011;168
12;Castellón/Castelló;12093 Pobla de Benifassà, la;Hombres;2010;145
12;Castellón/Castelló;12093 Pobla de Benifassà, la;Hombres;2009;156
12;Castellón/Castelló;12093 Pobla de Benifassà, la;Hombres;2008;151
12;Castellón/Castelló;12093 Pobla de Benifassà, la;Hombres;2007;124
12;Castellón/Castelló;12093 Pobla de Benifassà, la;Hombres;2006;130
12;Castellón/Castelló;12093 Pobla de Benifassà, la;Hombres;2005;126
12;Castellón/Castelló;12093 Pobla de Benifassà, la;Hombres;2004;129
12;Castellón/Castelló;12093 Pobla de Benifassà, la;Hombres;2003;114
12;Castellón/Castelló;12093 Pobla de Benifassà, la;Hombres;2002;121
12;Castellón/Castelló;12093 Pobla de Benifassà, la;Hombres;2001;126
12;Castellón/Castelló;12093 Pobla de Benifassà, la;Hombres;2000;132
12;Castellón/Castelló;12093 Pobla de Benifassà, la;Hombres;1999;113
12;Castellón/Castelló;12093 Pobla de Benifassà, la;Hombres;1998;110
12;Castellón/Castelló;12093 Pobla de Benifassà, la;Hombres;1997;
12;Castellón/Castelló;12093 Pobla de Benifassà, la;Hombres;1996;103
12;Castellón/Castelló;12093 Pobla de Benifassà, la;Mujeres;2023;100
12;Castellón/Castelló;12093 Pobla de Benifassà, la;Mujeres;2022;96
12;Castellón/Castelló;12093 Pobla de Benifassà, la;Mujeres;2021;91
12;Castellón/Castelló;12093 Pobla de Benifassà, la;Mujeres;2020;86
12;Castellón/Castelló;12093 Pobla de Benifassà, la;Mujeres;2019;88
12;Castellón/Castelló;12093 Pobla de Benifassà, la;Mujeres;2018;87
12;Castellón/Castelló;12093 Pobla de Benifassà, la;Mujeres;2017;89
12;Castellón/Castelló;12093 Pobla de Benifassà, la;Mujeres;2016;96
12;Castellón/Castelló;12093 Pobla de Benifassà, la;Mujeres;2015;107
12;Castellón/Castelló;12093 Pobla de Benifassà, la;Mujeres;2014;106
12;Castellón/Castelló;12093 Pobla de Benifassà, la;Mujeres;2013;120
12;Castellón/Castelló;12093 Pobla de Benifassà, la;Mujeres;2012;134
12;Castellón/Castelló;12093 Pobla de Benifassà, la;Mujeres;2011;148
12;Castellón/Castelló;12093 Pobla de Benifassà, la;Mujeres;2010;138
12;Castellón/Castelló;12093 Pobla de Benifassà, la;Mujeres;2009;140
12;Castellón/Castelló;12093 Pobla de Benifassà, la;Mujeres;2008;148
12;Castellón/Castelló;12093 Pobla de Benifassà, la;Mujeres;2007;139
12;Castellón/Castelló;12093 Pobla de Benifassà, la;Mujeres;2006;122
12;Castellón/Castelló;12093 Pobla de Benifassà, la;Mujeres;2005;120
12;Castellón/Castelló;12093 Pobla de Benifassà, la;Mujeres;2004;127
12;Castellón/Castelló;12093 Pobla de Benifassà, la;Mujeres;2003;114
12;Castellón/Castelló;12093 Pobla de Benifassà, la;Mujeres;2002;122
12;Castellón/Castelló;12093 Pobla de Benifassà, la;Mujeres;2001;128
12;Castellón/Castelló;12093 Pobla de Benifassà, la;Mujeres;2000;137
12;Castellón/Castelló;12093 Pobla de Benifassà, la;Mujeres;1999;119
12;Castellón/Castelló;12093 Pobla de Benifassà, la;Mujeres;1998;107
12;Castellón/Castelló;12093 Pobla de Benifassà, la;Mujeres;1997;
12;Castellón/Castelló;12093 Pobla de Benifassà, la;Mujeres;1996;99
12;Castellón/Castelló;12091 Portell de Morella;Total;2023;166
12;Castellón/Castelló;12091 Portell de Morella;Total;2022;178
12;Castellón/Castelló;12091 Portell de Morella;Total;2021;181
12;Castellón/Castelló;12091 Portell de Morella;Total;2020;188
12;Castellón/Castelló;12091 Portell de Morella;Total;2019;197
12;Castellón/Castelló;12091 Portell de Morella;Total;2018;197
12;Castellón/Castelló;12091 Portell de Morella;Total;2017;200
12;Castellón/Castelló;12091 Portell de Morella;Total;2016;200
12;Castellón/Castelló;12091 Portell de Morella;Total;2015;218
12;Castellón/Castelló;12091 Portell de Morella;Total;2014;222
12;Castellón/Castelló;12091 Portell de Morella;Total;2013;226
12;Castellón/Castelló;12091 Portell de Morella;Total;2012;234
12;Castellón/Castelló;12091 Portell de Morella;Total;2011;235
12;Castellón/Castelló;12091 Portell de Morella;Total;2010;244
12;Castellón/Castelló;12091 Portell de Morella;Total;2009;254
12;Castellón/Castelló;12091 Portell de Morella;Total;2008;258
12;Castellón/Castelló;12091 Portell de Morella;Total;2007;264
12;Castellón/Castelló;12091 Portell de Morella;Total;2006;254
12;Castellón/Castelló;12091 Portell de Morella;Total;2005;248
12;Castellón/Castelló;12091 Portell de Morella;Total;2004;252
12;Castellón/Castelló;12091 Portell de Morella;Total;2003;259
12;Castellón/Castelló;12091 Portell de Morella;Total;2002;259
12;Castellón/Castelló;12091 Portell de Morella;Total;2001;263
12;Castellón/Castelló;12091 Portell de Morella;Total;2000;262
12;Castellón/Castelló;12091 Portell de Morella;Total;1999;268
12;Castellón/Castelló;12091 Portell de Morella;Total;1998;265
12;Castellón/Castelló;12091 Portell de Morella;Total;1997;
12;Castellón/Castelló;12091 Portell de Morella;Total;1996;277
12;Castellón/Castelló;12091 Portell de Morella;Hombres;2023;85
12;Castellón/Castelló;12091 Portell de Morella;Hombres;2022;89
12;Castellón/Castelló;12091 Portell de Morella;Hombres;2021;92
12;Castellón/Castelló;12091 Portell de Morella;Hombres;2020;94
12;Castellón/Castelló;12091 Portell de Morella;Hombres;2019;101
12;Castellón/Castelló;12091 Portell de Morella;Hombres;2018;97
12;Castellón/Castelló;12091 Portell de Morella;Hombres;2017;98
12;Castellón/Castelló;12091 Portell de Morella;Hombres;2016;100
12;Castellón/Castelló;12091 Portell de Morella;Hombres;2015;113
12;Castellón/Castelló;12091 Portell de Morella;Hombres;2014;113
12;Castellón/Castelló;12091 Portell de Morella;Hombres;2013;115
12;Castellón/Castelló;12091 Portell de Morella;Hombres;2012;119
12;Castellón/Castelló;12091 Portell de Morella;Hombres;2011;117
12;Castellón/Castelló;12091 Portell de Morella;Hombres;2010;119
12;Castellón/Castelló;12091 Portell de Morella;Hombres;2009;124
12;Castellón/Castelló;12091 Portell de Morella;Hombres;2008;125
12;Castellón/Castelló;12091 Portell de Morella;Hombres;2007;128
12;Castellón/Castelló;12091 Portell de Morella;Hombres;2006;125
12;Castellón/Castelló;12091 Portell de Morella;Hombres;2005;121
12;Castellón/Castelló;12091 Portell de Morella;Hombres;2004;122
12;Castellón/Castelló;12091 Portell de Morella;Hombres;2003;130
12;Castellón/Castelló;12091 Portell de Morella;Hombres;2002;127
12;Castellón/Castelló;12091 Portell de Morella;Hombres;2001;128
12;Castellón/Castelló;12091 Portell de Morella;Hombres;2000;127
12;Castellón/Castelló;12091 Portell de Morella;Hombres;1999;128
12;Castellón/Castelló;12091 Portell de Morella;Hombres;1998;130
12;Castellón/Castelló;12091 Portell de Morella;Hombres;1997;
12;Castellón/Castelló;12091 Portell de Morella;Hombres;1996;138
12;Castellón/Castelló;12091 Portell de Morella;Mujeres;2023;81
12;Castellón/Castelló;12091 Portell de Morella;Mujeres;2022;89
12;Castellón/Castelló;12091 Portell de Morella;Mujeres;2021;89
12;Castellón/Castelló;12091 Portell de Morella;Mujeres;2020;94
12;Castellón/Castelló;12091 Portell de Morella;Mujeres;2019;96
12;Castellón/Castelló;12091 Portell de Morella;Mujeres;2018;100
12;Castellón/Castelló;12091 Portell de Morella;Mujeres;2017;102
12;Castellón/Castelló;12091 Portell de Morella;Mujeres;2016;100
12;Castellón/Castelló;12091 Portell de Morella;Mujeres;2015;105
12;Castellón/Castelló;12091 Portell de Morella;Mujeres;2014;109
12;Castellón/Castelló;12091 Portell de Morella;Mujeres;2013;111
12;Castellón/Castelló;12091 Portell de Morella;Mujeres;2012;115
12;Castellón/Castelló;12091 Portell de Morella;Mujeres;2011;118
12;Castellón/Castelló;12091 Portell de Morella;Mujeres;2010;125
12;Castellón/Castelló;12091 Portell de Morella;Mujeres;2009;130
12;Castellón/Castelló;12091 Portell de Morella;Mujeres;2008;133
12;Castellón/Castelló;12091 Portell de Morella;Mujeres;2007;136
12;Castellón/Castelló;12091 Portell de Morella;Mujeres;2006;129
12;Castellón/Castelló;12091 Portell de Morella;Mujeres;2005;127
12;Castellón/Castelló;12091 Portell de Morella;Mujeres;2004;130
12;Castellón/Castelló;12091 Portell de Morella;Mujeres;2003;129
12;Castellón/Castelló;12091 Portell de Morella;Mujeres;2002;132
12;Castellón/Castelló;12091 Portell de Morella;Mujeres;2001;135
12;Castellón/Castelló;12091 Portell de Morella;Mujeres;2000;135
12;Castellón/Castelló;12091 Portell de Morella;Mujeres;1999;140
12;Castellón/Castelló;12091 Portell de Morella;Mujeres;1998;135
12;Castellón/Castelló;12091 Portell de Morella;Mujeres;1997;
12;Castellón/Castelló;12091 Portell de Morella;Mujeres;1996;139
12;Castellón/Castelló;12092 Puebla de Arenoso;Total;2023;169
12;Castellón/Castelló;12092 Puebla de Arenoso;Total;2022;162
12;Castellón/Castelló;12092 Puebla de Arenoso;Total;2021;158
12;Castellón/Castelló;12092 Puebla de Arenoso;Total;2020;152
12;Castellón/Castelló;12092 Puebla de Arenoso;Total;2019;158
12;Castellón/Castelló;12092 Puebla de Arenoso;Total;2018;144
12;Castellón/Castelló;12092 Puebla de Arenoso;Total;2017;133
12;Castellón/Castelló;12092 Puebla de Arenoso;Total;2016;143
12;Castellón/Castelló;12092 Puebla de Arenoso;Total;2015;141
12;Castellón/Castelló;12092 Puebla de Arenoso;Total;2014;154
12;Castellón/Castelló;12092 Puebla de Arenoso;Total;2013;174
12;Castellón/Castelló;12092 Puebla de Arenoso;Total;2012;174
12;Castellón/Castelló;12092 Puebla de Arenoso;Total;2011;175
12;Castellón/Castelló;12092 Puebla de Arenoso;Total;2010;201
12;Castellón/Castelló;12092 Puebla de Arenoso;Total;2009;202
12;Castellón/Castelló;12092 Puebla de Arenoso;Total;2008;211
12;Castellón/Castelló;12092 Puebla de Arenoso;Total;2007;209
12;Castellón/Castelló;12092 Puebla de Arenoso;Total;2006;184
12;Castellón/Castelló;12092 Puebla de Arenoso;Total;2005;169
12;Castellón/Castelló;12092 Puebla de Arenoso;Total;2004;158
12;Castellón/Castelló;12092 Puebla de Arenoso;Total;2003;161
12;Castellón/Castelló;12092 Puebla de Arenoso;Total;2002;164
12;Castellón/Castelló;12092 Puebla de Arenoso;Total;2001;161
12;Castellón/Castelló;12092 Puebla de Arenoso;Total;2000;164
12;Castellón/Castelló;12092 Puebla de Arenoso;Total;1999;171
12;Castellón/Castelló;12092 Puebla de Arenoso;Total;1998;173
12;Castellón/Castelló;12092 Puebla de Arenoso;Total;1997;
12;Castellón/Castelló;12092 Puebla de Arenoso;Total;1996;178
12;Castellón/Castelló;12092 Puebla de Arenoso;Hombres;2023;95
12;Castellón/Castelló;12092 Puebla de Arenoso;Hombres;2022;89
12;Castellón/Castelló;12092 Puebla de Arenoso;Hombres;2021;86
12;Castellón/Castelló;12092 Puebla de Arenoso;Hombres;2020;81
12;Castellón/Castelló;12092 Puebla de Arenoso;Hombres;2019;84
12;Castellón/Castelló;12092 Puebla de Arenoso;Hombres;2018;77
12;Castellón/Castelló;12092 Puebla de Arenoso;Hombres;2017;68
12;Castellón/Castelló;12092 Puebla de Arenoso;Hombres;2016;74
12;Castellón/Castelló;12092 Puebla de Arenoso;Hombres;2015;76
12;Castellón/Castelló;12092 Puebla de Arenoso;Hombres;2014;83
12;Castellón/Castelló;12092 Puebla de Arenoso;Hombres;2013;93
12;Castellón/Castelló;12092 Puebla de Arenoso;Hombres;2012;95
12;Castellón/Castelló;12092 Puebla de Arenoso;Hombres;2011;94
12;Castellón/Castelló;12092 Puebla de Arenoso;Hombres;2010;118
12;Castellón/Castelló;12092 Puebla de Arenoso;Hombres;2009;119
12;Castellón/Castelló;12092 Puebla de Arenoso;Hombres;2008;127
12;Castellón/Castelló;12092 Puebla de Arenoso;Hombres;2007;124
12;Castellón/Castelló;12092 Puebla de Arenoso;Hombres;2006;110
12;Castellón/Castelló;12092 Puebla de Arenoso;Hombres;2005;89
12;Castellón/Castelló;12092 Puebla de Arenoso;Hombres;2004;80
12;Castellón/Castelló;12092 Puebla de Arenoso;Hombres;2003;86
12;Castellón/Castelló;12092 Puebla de Arenoso;Hombres;2002;85
12;Castellón/Castelló;12092 Puebla de Arenoso;Hombres;2001;81
12;Castellón/Castelló;12092 Puebla de Arenoso;Hombres;2000;82
12;Castellón/Castelló;12092 Puebla de Arenoso;Hombres;1999;86
12;Castellón/Castelló;12092 Puebla de Arenoso;Hombres;1998;86
12;Castellón/Castelló;12092 Puebla de Arenoso;Hombres;1997;
12;Castellón/Castelló;12092 Puebla de Arenoso;Hombres;1996;91
12;Castellón/Castelló;12092 Puebla de Arenoso;Mujeres;2023;74
12;Castellón/Castelló;12092 Puebla de Arenoso;Mujeres;2022;73
12;Castellón/Castelló;12092 Puebla de Arenoso;Mujeres;2021;72
12;Castellón/Castelló;12092 Puebla de Arenoso;Mujeres;2020;71
12;Castellón/Castelló;12092 Puebla de Arenoso;Mujeres;2019;74
12;Castellón/Castelló;12092 Puebla de Arenoso;Mujeres;2018;67
12;Castellón/Castelló;12092 Puebla de Arenoso;Mujeres;2017;65
12;Castellón/Castelló;12092 Puebla de Arenoso;Mujeres;2016;69
12;Castellón/Castelló;12092 Puebla de Arenoso;Mujeres;2015;65
12;Castellón/Castelló;12092 Puebla de Arenoso;Mujeres;2014;71
12;Castellón/Castelló;12092 Puebla de Arenoso;Mujeres;2013;81
12;Castellón/Castelló;12092 Puebla de Arenoso;Mujeres;2012;79
12;Castellón/Castelló;12092 Puebla de Arenoso;Mujeres;2011;81
12;Castellón/Castelló;12092 Puebla de Arenoso;Mujeres;2010;83
12;Castellón/Castelló;12092 Puebla de Arenoso;Mujeres;2009;83
12;Castellón/Castelló;12092 Puebla de Arenoso;Mujeres;2008;84
12;Castellón/Castelló;12092 Puebla de Arenoso;Mujeres;2007;85
12;Castellón/Castelló;12092 Puebla de Arenoso;Mujeres;2006;74
12;Castellón/Castelló;12092 Puebla de Arenoso;Mujeres;2005;80
12;Castellón/Castelló;12092 Puebla de Arenoso;Mujeres;2004;78
12;Castellón/Castelló;12092 Puebla de Arenoso;Mujeres;2003;75
12;Castellón/Castelló;12092 Puebla de Arenoso;Mujeres;2002;79
12;Castellón/Castelló;12092 Puebla de Arenoso;Mujeres;2001;80
12;Castellón/Castelló;12092 Puebla de Arenoso;Mujeres;2000;82
12;Castellón/Castelló;12092 Puebla de Arenoso;Mujeres;1999;85
12;Castellón/Castelló;12092 Puebla de Arenoso;Mujeres;1998;87
12;Castellón/Castelló;12092 Puebla de Arenoso;Mujeres;1997;
12;Castellón/Castelló;12092 Puebla de Arenoso;Mujeres;1996;87
12;Castellón/Castelló;12095 Ribesalbes;Total;2023;1135
12;Castellón/Castelló;12095 Ribesalbes;Total;2022;1159
12;Castellón/Castelló;12095 Ribesalbes;Total;2021;1156
12;Castellón/Castelló;12095 Ribesalbes;Total;2020;1163
12;Castellón/Castelló;12095 Ribesalbes;Total;2019;1174
12;Castellón/Castelló;12095 Ribesalbes;Total;2018;1180
12;Castellón/Castelló;12095 Ribesalbes;Total;2017;1210
12;Castellón/Castelló;12095 Ribesalbes;Total;2016;1223
12;Castellón/Castelló;12095 Ribesalbes;Total;2015;1233
12;Castellón/Castelló;12095 Ribesalbes;Total;2014;1265
12;Castellón/Castelló;12095 Ribesalbes;Total;2013;1297
12;Castellón/Castelló;12095 Ribesalbes;Total;2012;1317
12;Castellón/Castelló;12095 Ribesalbes;Total;2011;1342
12;Castellón/Castelló;12095 Ribesalbes;Total;2010;1359
12;Castellón/Castelló;12095 Ribesalbes;Total;2009;1373
12;Castellón/Castelló;12095 Ribesalbes;Total;2008;1363
12;Castellón/Castelló;12095 Ribesalbes;Total;2007;1321
12;Castellón/Castelló;12095 Ribesalbes;Total;2006;1342
12;Castellón/Castelló;12095 Ribesalbes;Total;2005;1336
12;Castellón/Castelló;12095 Ribesalbes;Total;2004;1302
12;Castellón/Castelló;12095 Ribesalbes;Total;2003;1285
12;Castellón/Castelló;12095 Ribesalbes;Total;2002;1306
12;Castellón/Castelló;12095 Ribesalbes;Total;2001;1300
12;Castellón/Castelló;12095 Ribesalbes;Total;2000;1284
12;Castellón/Castelló;12095 Ribesalbes;Total;1999;1283
12;Castellón/Castelló;12095 Ribesalbes;Total;1998;1283
12;Castellón/Castelló;12095 Ribesalbes;Total;1997;
12;Castellón/Castelló;12095 Ribesalbes;Total;1996;1310
12;Castellón/Castelló;12095 Ribesalbes;Hombres;2023;584
12;Castellón/Castelló;12095 Ribesalbes;Hombres;2022;603
12;Castellón/Castelló;12095 Ribesalbes;Hombres;2021;598
12;Castellón/Castelló;12095 Ribesalbes;Hombres;2020;602
12;Castellón/Castelló;12095 Ribesalbes;Hombres;2019;610
12;Castellón/Castelló;12095 Ribesalbes;Hombres;2018;605
12;Castellón/Castelló;12095 Ribesalbes;Hombres;2017;616
12;Castellón/Castelló;12095 Ribesalbes;Hombres;2016;623
12;Castellón/Castelló;12095 Ribesalbes;Hombres;2015;623
12;Castellón/Castelló;12095 Ribesalbes;Hombres;2014;632
12;Castellón/Castelló;12095 Ribesalbes;Hombres;2013;653
12;Castellón/Castelló;12095 Ribesalbes;Hombres;2012;663
12;Castellón/Castelló;12095 Ribesalbes;Hombres;2011;673
12;Castellón/Castelló;12095 Ribesalbes;Hombres;2010;682
12;Castellón/Castelló;12095 Ribesalbes;Hombres;2009;694
12;Castellón/Castelló;12095 Ribesalbes;Hombres;2008;693
12;Castellón/Castelló;12095 Ribesalbes;Hombres;2007;670
12;Castellón/Castelló;12095 Ribesalbes;Hombres;2006;678
12;Castellón/Castelló;12095 Ribesalbes;Hombres;2005;690
12;Castellón/Castelló;12095 Ribesalbes;Hombres;2004;670
12;Castellón/Castelló;12095 Ribesalbes;Hombres;2003;659
12;Castellón/Castelló;12095 Ribesalbes;Hombres;2002;666
12;Castellón/Castelló;12095 Ribesalbes;Hombres;2001;655
12;Castellón/Castelló;12095 Ribesalbes;Hombres;2000;647
12;Castellón/Castelló;12095 Ribesalbes;Hombres;1999;640
12;Castellón/Castelló;12095 Ribesalbes;Hombres;1998;640
12;Castellón/Castelló;12095 Ribesalbes;Hombres;1997;
12;Castellón/Castelló;12095 Ribesalbes;Hombres;1996;648
12;Castellón/Castelló;12095 Ribesalbes;Mujeres;2023;551
12;Castellón/Castelló;12095 Ribesalbes;Mujeres;2022;556
12;Castellón/Castelló;12095 Ribesalbes;Mujeres;2021;558
12;Castellón/Castelló;12095 Ribesalbes;Mujeres;2020;561
12;Castellón/Castelló;12095 Ribesalbes;Mujeres;2019;564
12;Castellón/Castelló;12095 Ribesalbes;Mujeres;2018;575
12;Castellón/Castelló;12095 Ribesalbes;Mujeres;2017;594
12;Castellón/Castelló;12095 Ribesalbes;Mujeres;2016;600
12;Castellón/Castelló;12095 Ribesalbes;Mujeres;2015;610
12;Castellón/Castelló;12095 Ribesalbes;Mujeres;2014;633
12;Castellón/Castelló;12095 Ribesalbes;Mujeres;2013;644
12;Castellón/Castelló;12095 Ribesalbes;Mujeres;2012;654
12;Castellón/Castelló;12095 Ribesalbes;Mujeres;2011;669
12;Castellón/Castelló;12095 Ribesalbes;Mujeres;2010;677
12;Castellón/Castelló;12095 Ribesalbes;Mujeres;2009;679
12;Castellón/Castelló;12095 Ribesalbes;Mujeres;2008;670
12;Castellón/Castelló;12095 Ribesalbes;Mujeres;2007;651
12;Castellón/Castelló;12095 Ribesalbes;Mujeres;2006;664
12;Castellón/Castelló;12095 Ribesalbes;Mujeres;2005;646
12;Castellón/Castelló;12095 Ribesalbes;Mujeres;2004;632
12;Castellón/Castelló;12095 Ribesalbes;Mujeres;2003;626
12;Castellón/Castelló;12095 Ribesalbes;Mujeres;2002;640
12;Castellón/Castelló;12095 Ribesalbes;Mujeres;2001;645
12;Castellón/Castelló;12095 Ribesalbes;Mujeres;2000;637
12;Castellón/Castelló;12095 Ribesalbes;Mujeres;1999;643
12;Castellón/Castelló;12095 Ribesalbes;Mujeres;1998;643
12;Castellón/Castelló;12095 Ribesalbes;Mujeres;1997;
12;Castellón/Castelló;12095 Ribesalbes;Mujeres;1996;662
12;Castellón/Castelló;12096 Rossell;Total;2023;891
12;Castellón/Castelló;12096 Rossell;Total;2022;886
12;Castellón/Castelló;12096 Rossell;Total;2021;904
12;Castellón/Castelló;12096 Rossell;Total;2020;912
12;Castellón/Castelló;12096 Rossell;Total;2019;937
12;Castellón/Castelló;12096 Rossell;Total;2018;952
12;Castellón/Castelló;12096 Rossell;Total;2017;987
12;Castellón/Castelló;12096 Rossell;Total;2016;1002
12;Castellón/Castelló;12096 Rossell;Total;2015;1020
12;Castellón/Castelló;12096 Rossell;Total;2014;1041
12;Castellón/Castelló;12096 Rossell;Total;2013;1097
12;Castellón/Castelló;12096 Rossell;Total;2012;1160
12;Castellón/Castelló;12096 Rossell;Total;2011;1164
12;Castellón/Castelló;12096 Rossell;Total;2010;1189
12;Castellón/Castelló;12096 Rossell;Total;2009;1187
12;Castellón/Castelló;12096 Rossell;Total;2008;1217
12;Castellón/Castelló;12096 Rossell;Total;2007;1228
12;Castellón/Castelló;12096 Rossell;Total;2006;1275
12;Castellón/Castelló;12096 Rossell;Total;2005;1260
12;Castellón/Castelló;12096 Rossell;Total;2004;1291
12;Castellón/Castelló;12096 Rossell;Total;2003;1277
12;Castellón/Castelló;12096 Rossell;Total;2002;1272
12;Castellón/Castelló;12096 Rossell;Total;2001;1230
12;Castellón/Castelló;12096 Rossell;Total;2000;1119
12;Castellón/Castelló;12096 Rossell;Total;1999;1111
12;Castellón/Castelló;12096 Rossell;Total;1998;1148
12;Castellón/Castelló;12096 Rossell;Total;1997;
12;Castellón/Castelló;12096 Rossell;Total;1996;1206
12;Castellón/Castelló;12096 Rossell;Hombres;2023;467
12;Castellón/Castelló;12096 Rossell;Hombres;2022;469
12;Castellón/Castelló;12096 Rossell;Hombres;2021;476
12;Castellón/Castelló;12096 Rossell;Hombres;2020;482
12;Castellón/Castelló;12096 Rossell;Hombres;2019;494
12;Castellón/Castelló;12096 Rossell;Hombres;2018;500
12;Castellón/Castelló;12096 Rossell;Hombres;2017;524
12;Castellón/Castelló;12096 Rossell;Hombres;2016;528
12;Castellón/Castelló;12096 Rossell;Hombres;2015;533
12;Castellón/Castelló;12096 Rossell;Hombres;2014;545
12;Castellón/Castelló;12096 Rossell;Hombres;2013;579
12;Castellón/Castelló;12096 Rossell;Hombres;2012;612
12;Castellón/Castelló;12096 Rossell;Hombres;2011;615
12;Castellón/Castelló;12096 Rossell;Hombres;2010;638
12;Castellón/Castelló;12096 Rossell;Hombres;2009;632
12;Castellón/Castelló;12096 Rossell;Hombres;2008;643
12;Castellón/Castelló;12096 Rossell;Hombres;2007;643
12;Castellón/Castelló;12096 Rossell;Hombres;2006;676
12;Castellón/Castelló;12096 Rossell;Hombres;2005;666
12;Castellón/Castelló;12096 Rossell;Hombres;2004;685
12;Castellón/Castelló;12096 Rossell;Hombres;2003;688
12;Castellón/Castelló;12096 Rossell;Hombres;2002;676
12;Castellón/Castelló;12096 Rossell;Hombres;2001;649
12;Castellón/Castelló;12096 Rossell;Hombres;2000;572
12;Castellón/Castelló;12096 Rossell;Hombres;1999;570
12;Castellón/Castelló;12096 Rossell;Hombres;1998;589
12;Castellón/Castelló;12096 Rossell;Hombres;1997;
12;Castellón/Castelló;12096 Rossell;Hombres;1996;611
12;Castellón/Castelló;12096 Rossell;Mujeres;2023;424
12;Castellón/Castelló;12096 Rossell;Mujeres;2022;417
12;Castellón/Castelló;12096 Rossell;Mujeres;2021;428
12;Castellón/Castelló;12096 Rossell;Mujeres;2020;430
12;Castellón/Castelló;12096 Rossell;Mujeres;2019;443
12;Castellón/Castelló;12096 Rossell;Mujeres;2018;452
12;Castellón/Castelló;12096 Rossell;Mujeres;2017;463
12;Castellón/Castelló;12096 Rossell;Mujeres;2016;474
12;Castellón/Castelló;12096 Rossell;Mujeres;2015;487
12;Castellón/Castelló;12096 Rossell;Mujeres;2014;496
12;Castellón/Castelló;12096 Rossell;Mujeres;2013;518
12;Castellón/Castelló;12096 Rossell;Mujeres;2012;548
12;Castellón/Castelló;12096 Rossell;Mujeres;2011;549
12;Castellón/Castelló;12096 Rossell;Mujeres;2010;551
12;Castellón/Castelló;12096 Rossell;Mujeres;2009;555
12;Castellón/Castelló;12096 Rossell;Mujeres;2008;574
12;Castellón/Castelló;12096 Rossell;Mujeres;2007;585
12;Castellón/Castelló;12096 Rossell;Mujeres;2006;599
12;Castellón/Castelló;12096 Rossell;Mujeres;2005;594
12;Castellón/Castelló;12096 Rossell;Mujeres;2004;606
12;Castellón/Castelló;12096 Rossell;Mujeres;2003;589
12;Castellón/Castelló;12096 Rossell;Mujeres;2002;596
12;Castellón/Castelló;12096 Rossell;Mujeres;2001;581
12;Castellón/Castelló;12096 Rossell;Mujeres;2000;547
12;Castellón/Castelló;12096 Rossell;Mujeres;1999;541
12;Castellón/Castelló;12096 Rossell;Mujeres;1998;559
12;Castellón/Castelló;12096 Rossell;Mujeres;1997;
12;Castellón/Castelló;12096 Rossell;Mujeres;1996;595
12;Castellón/Castelló;12097 Sacañet;Total;2023;86
12;Castellón/Castelló;12097 Sacañet;Total;2022;52
12;Castellón/Castelló;12097 Sacañet;Total;2021;57
12;Castellón/Castelló;12097 Sacañet;Total;2020;62
12;Castellón/Castelló;12097 Sacañet;Total;2019;67
12;Castellón/Castelló;12097 Sacañet;Total;2018;59
12;Castellón/Castelló;12097 Sacañet;Total;2017;62
12;Castellón/Castelló;12097 Sacañet;Total;2016;67
12;Castellón/Castelló;12097 Sacañet;Total;2015;80
12;Castellón/Castelló;12097 Sacañet;Total;2014;78
12;Castellón/Castelló;12097 Sacañet;Total;2013;72
12;Castellón/Castelló;12097 Sacañet;Total;2012;77
12;Castellón/Castelló;12097 Sacañet;Total;2011;87
12;Castellón/Castelló;12097 Sacañet;Total;2010;78
12;Castellón/Castelló;12097 Sacañet;Total;2009;85
12;Castellón/Castelló;12097 Sacañet;Total;2008;100
12;Castellón/Castelló;12097 Sacañet;Total;2007;114
12;Castellón/Castelló;12097 Sacañet;Total;2006;111
12;Castellón/Castelló;12097 Sacañet;Total;2005;116
12;Castellón/Castelló;12097 Sacañet;Total;2004;147
12;Castellón/Castelló;12097 Sacañet;Total;2003;161
12;Castellón/Castelló;12097 Sacañet;Total;2002;68
12;Castellón/Castelló;12097 Sacañet;Total;2001;76
12;Castellón/Castelló;12097 Sacañet;Total;2000;84
12;Castellón/Castelló;12097 Sacañet;Total;1999;94
12;Castellón/Castelló;12097 Sacañet;Total;1998;119
12;Castellón/Castelló;12097 Sacañet;Total;1997;
12;Castellón/Castelló;12097 Sacañet;Total;1996;124
12;Castellón/Castelló;12097 Sacañet;Hombres;2023;53
12;Castellón/Castelló;12097 Sacañet;Hombres;2022;38
12;Castellón/Castelló;12097 Sacañet;Hombres;2021;38
12;Castellón/Castelló;12097 Sacañet;Hombres;2020;42
12;Castellón/Castelló;12097 Sacañet;Hombres;2019;45
12;Castellón/Castelló;12097 Sacañet;Hombres;2018;39
12;Castellón/Castelló;12097 Sacañet;Hombres;2017;41
12;Castellón/Castelló;12097 Sacañet;Hombres;2016;41
12;Castellón/Castelló;12097 Sacañet;Hombres;2015;48
12;Castellón/Castelló;12097 Sacañet;Hombres;2014;45
12;Castellón/Castelló;12097 Sacañet;Hombres;2013;44
12;Castellón/Castelló;12097 Sacañet;Hombres;2012;45
12;Castellón/Castelló;12097 Sacañet;Hombres;2011;52
12;Castellón/Castelló;12097 Sacañet;Hombres;2010;46
12;Castellón/Castelló;12097 Sacañet;Hombres;2009;48
12;Castellón/Castelló;12097 Sacañet;Hombres;2008;56
12;Castellón/Castelló;12097 Sacañet;Hombres;2007;62
12;Castellón/Castelló;12097 Sacañet;Hombres;2006;59
12;Castellón/Castelló;12097 Sacañet;Hombres;2005;70
12;Castellón/Castelló;12097 Sacañet;Hombres;2004;90
12;Castellón/Castelló;12097 Sacañet;Hombres;2003;89
12;Castellón/Castelló;12097 Sacañet;Hombres;2002;44
12;Castellón/Castelló;12097 Sacañet;Hombres;2001;48
12;Castellón/Castelló;12097 Sacañet;Hombres;2000;52
12;Castellón/Castelló;12097 Sacañet;Hombres;1999;53
12;Castellón/Castelló;12097 Sacañet;Hombres;1998;67
12;Castellón/Castelló;12097 Sacañet;Hombres;1997;
12;Castellón/Castelló;12097 Sacañet;Hombres;1996;64
12;Castellón/Castelló;12097 Sacañet;Mujeres;2023;33
12;Castellón/Castelló;12097 Sacañet;Mujeres;2022;14
12;Castellón/Castelló;12097 Sacañet;Mujeres;2021;19
12;Castellón/Castelló;12097 Sacañet;Mujeres;2020;20
12;Castellón/Castelló;12097 Sacañet;Mujeres;2019;22
12;Castellón/Castelló;12097 Sacañet;Mujeres;2018;20
12;Castellón/Castelló;12097 Sacañet;Mujeres;2017;21
12;Castellón/Castelló;12097 Sacañet;Mujeres;2016;26
12;Castellón/Castelló;12097 Sacañet;Mujeres;2015;32
12;Castellón/Castelló;12097 Sacañet;Mujeres;2014;33
12;Castellón/Castelló;12097 Sacañet;Mujeres;2013;28
12;Castellón/Castelló;12097 Sacañet;Mujeres;2012;32
12;Castellón/Castelló;12097 Sacañet;Mujeres;2011;35
12;Castellón/Castelló;12097 Sacañet;Mujeres;2010;32
12;Castellón/Castelló;12097 Sacañet;Mujeres;2009;37
12;Castellón/Castelló;12097 Sacañet;Mujeres;2008;44
12;Castellón/Castelló;12097 Sacañet;Mujeres;2007;52
12;Castellón/Castelló;12097 Sacañet;Mujeres;2006;52
12;Castellón/Castelló;12097 Sacañet;Mujeres;2005;46
12;Castellón/Castelló;12097 Sacañet;Mujeres;2004;57
12;Castellón/Castelló;12097 Sacañet;Mujeres;2003;72
12;Castellón/Castelló;12097 Sacañet;Mujeres;2002;24
12;Castellón/Castelló;12097 Sacañet;Mujeres;2001;28
12;Castellón/Castelló;12097 Sacañet;Mujeres;2000;32
12;Castellón/Castelló;12097 Sacañet;Mujeres;1999;41
12;Castellón/Castelló;12097 Sacañet;Mujeres;1998;52
12;Castellón/Castelló;12097 Sacañet;Mujeres;1997;
12;Castellón/Castelló;12097 Sacañet;Mujeres;1996;60
12;Castellón/Castelló;12098 Salzadella, la;Total;2023;660
12;Castellón/Castelló;12098 Salzadella, la;Total;2022;671
12;Castellón/Castelló;12098 Salzadella, la;Total;2021;683
12;Castellón/Castelló;12098 Salzadella, la;Total;2020;700
12;Castellón/Castelló;12098 Salzadella, la;Total;2019;704
12;Castellón/Castelló;12098 Salzadella, la;Total;2018;729
12;Castellón/Castelló;12098 Salzadella, la;Total;2017;743
12;Castellón/Castelló;12098 Salzadella, la;Total;2016;751
12;Castellón/Castelló;12098 Salzadella, la;Total;2015;762
12;Castellón/Castelló;12098 Salzadella, la;Total;2014;801
12;Castellón/Castelló;12098 Salzadella, la;Total;2013;817
12;Castellón/Castelló;12098 Salzadella, la;Total;2012;850
12;Castellón/Castelló;12098 Salzadella, la;Total;2011;870
12;Castellón/Castelló;12098 Salzadella, la;Total;2010;850
12;Castellón/Castelló;12098 Salzadella, la;Total;2009;838
12;Castellón/Castelló;12098 Salzadella, la;Total;2008;855
12;Castellón/Castelló;12098 Salzadella, la;Total;2007;863
12;Castellón/Castelló;12098 Salzadella, la;Total;2006;816
12;Castellón/Castelló;12098 Salzadella, la;Total;2005;806
12;Castellón/Castelló;12098 Salzadella, la;Total;2004;801
12;Castellón/Castelló;12098 Salzadella, la;Total;2003;788
12;Castellón/Castelló;12098 Salzadella, la;Total;2002;794
12;Castellón/Castelló;12098 Salzadella, la;Total;2001;801
12;Castellón/Castelló;12098 Salzadella, la;Total;2000;814
12;Castellón/Castelló;12098 Salzadella, la;Total;1999;808
12;Castellón/Castelló;12098 Salzadella, la;Total;1998;797
12;Castellón/Castelló;12098 Salzadella, la;Total;1997;
12;Castellón/Castelló;12098 Salzadella, la;Total;1996;824
12;Castellón/Castelló;12098 Salzadella, la;Hombres;2023;346
12;Castellón/Castelló;12098 Salzadella, la;Hombres;2022;348
12;Castellón/Castelló;12098 Salzadella, la;Hombres;2021;353
12;Castellón/Castelló;12098 Salzadella, la;Hombres;2020;361
12;Castellón/Castelló;12098 Salzadella, la;Hombres;2019;360
12;Castellón/Castelló;12098 Salzadella, la;Hombres;2018;366
12;Castellón/Castelló;12098 Salzadella, la;Hombres;2017;376
12;Castellón/Castelló;12098 Salzadella, la;Hombres;2016;380
12;Castellón/Castelló;12098 Salzadella, la;Hombres;2015;384
12;Castellón/Castelló;12098 Salzadella, la;Hombres;2014;405
12;Castellón/Castelló;12098 Salzadella, la;Hombres;2013;411
12;Castellón/Castelló;12098 Salzadella, la;Hombres;2012;425
12;Castellón/Castelló;12098 Salzadella, la;Hombres;2011;432
12;Castellón/Castelló;12098 Salzadella, la;Hombres;2010;421
12;Castellón/Castelló;12098 Salzadella, la;Hombres;2009;416
12;Castellón/Castelló;12098 Salzadella, la;Hombres;2008;432
12;Castellón/Castelló;12098 Salzadella, la;Hombres;2007;445
12;Castellón/Castelló;12098 Salzadella, la;Hombres;2006;426
12;Castellón/Castelló;12098 Salzadella, la;Hombres;2005;424
12;Castellón/Castelló;12098 Salzadella, la;Hombres;2004;415
12;Castellón/Castelló;12098 Salzadella, la;Hombres;2003;400
12;Castellón/Castelló;12098 Salzadella, la;Hombres;2002;397
12;Castellón/Castelló;12098 Salzadella, la;Hombres;2001;400
12;Castellón/Castelló;12098 Salzadella, la;Hombres;2000;405
12;Castellón/Castelló;12098 Salzadella, la;Hombres;1999;397
12;Castellón/Castelló;12098 Salzadella, la;Hombres;1998;391
12;Castellón/Castelló;12098 Salzadella, la;Hombres;1997;
12;Castellón/Castelló;12098 Salzadella, la;Hombres;1996;403
12;Castellón/Castelló;12098 Salzadella, la;Mujeres;2023;314
12;Castellón/Castelló;12098 Salzadella, la;Mujeres;2022;323
12;Castellón/Castelló;12098 Salzadella, la;Mujeres;2021;330
12;Castellón/Castelló;12098 Salzadella, la;Mujeres;2020;339
12;Castellón/Castelló;12098 Salzadella, la;Mujeres;2019;344
12;Castellón/Castelló;12098 Salzadella, la;Mujeres;2018;363
12;Castellón/Castelló;12098 Salzadella, la;Mujeres;2017;367
12;Castellón/Castelló;12098 Salzadella, la;Mujeres;2016;371
12;Castellón/Castelló;12098 Salzadella, la;Mujeres;2015;378
12;Castellón/Castelló;12098 Salzadella, la;Mujeres;2014;396
12;Castellón/Castelló;12098 Salzadella, la;Mujeres;2013;406
12;Castellón/Castelló;12098 Salzadella, la;Mujeres;2012;425
12;Castellón/Castelló;12098 Salzadella, la;Mujeres;2011;438
12;Castellón/Castelló;12098 Salzadella, la;Mujeres;2010;429
12;Castellón/Castelló;12098 Salzadella, la;Mujeres;2009;422
12;Castellón/Castelló;12098 Salzadella, la;Mujeres;2008;423
12;Castellón/Castelló;12098 Salzadella, la;Mujeres;2007;418
12;Castellón/Castelló;12098 Salzadella, la;Mujeres;2006;390
12;Castellón/Castelló;12098 Salzadella, la;Mujeres;2005;382
12;Castellón/Castelló;12098 Salzadella, la;Mujeres;2004;386
12;Castellón/Castelló;12098 Salzadella, la;Mujeres;2003;388
12;Castellón/Castelló;12098 Salzadella, la;Mujeres;2002;397
12;Castellón/Castelló;12098 Salzadella, la;Mujeres;2001;401
12;Castellón/Castelló;12098 Salzadella, la;Mujeres;2000;409
12;Castellón/Castelló;12098 Salzadella, la;Mujeres;1999;411
12;Castellón/Castelló;12098 Salzadella, la;Mujeres;1998;406
12;Castellón/Castelló;12098 Salzadella, la;Mujeres;1997;
12;Castellón/Castelló;12098 Salzadella, la;Mujeres;1996;421
12;Castellón/Castelló;12101 San Rafael del Río;Total;2023;494
12;Castellón/Castelló;12101 San Rafael del Río;Total;2022;484
12;Castellón/Castelló;12101 San Rafael del Río;Total;2021;468
12;Castellón/Castelló;12101 San Rafael del Río;Total;2020;466
12;Castellón/Castelló;12101 San Rafael del Río;Total;2019;469
12;Castellón/Castelló;12101 San Rafael del Río;Total;2018;462
12;Castellón/Castelló;12101 San Rafael del Río;Total;2017;464
12;Castellón/Castelló;12101 San Rafael del Río;Total;2016;483
12;Castellón/Castelló;12101 San Rafael del Río;Total;2015;502
12;Castellón/Castelló;12101 San Rafael del Río;Total;2014;512
12;Castellón/Castelló;12101 San Rafael del Río;Total;2013;546
12;Castellón/Castelló;12101 San Rafael del Río;Total;2012;556
12;Castellón/Castelló;12101 San Rafael del Río;Total;2011;552
12;Castellón/Castelló;12101 San Rafael del Río;Total;2010;550
12;Castellón/Castelló;12101 San Rafael del Río;Total;2009;546
12;Castellón/Castelló;12101 San Rafael del Río;Total;2008;551
12;Castellón/Castelló;12101 San Rafael del Río;Total;2007;532
12;Castellón/Castelló;12101 San Rafael del Río;Total;2006;511
12;Castellón/Castelló;12101 San Rafael del Río;Total;2005;482
12;Castellón/Castelló;12101 San Rafael del Río;Total;2004;481
12;Castellón/Castelló;12101 San Rafael del Río;Total;2003;451
12;Castellón/Castelló;12101 San Rafael del Río;Total;2002;445
12;Castellón/Castelló;12101 San Rafael del Río;Total;2001;451
12;Castellón/Castelló;12101 San Rafael del Río;Total;2000;455
12;Castellón/Castelló;12101 San Rafael del Río;Total;1999;455
12;Castellón/Castelló;12101 San Rafael del Río;Total;1998;462
12;Castellón/Castelló;12101 San Rafael del Río;Total;1997;
12;Castellón/Castelló;12101 San Rafael del Río;Total;1996;492
12;Castellón/Castelló;12101 San Rafael del Río;Hombres;2023;246
12;Castellón/Castelló;12101 San Rafael del Río;Hombres;2022;236
12;Castellón/Castelló;12101 San Rafael del Río;Hombres;2021;235
12;Castellón/Castelló;12101 San Rafael del Río;Hombres;2020;233
12;Castellón/Castelló;12101 San Rafael del Río;Hombres;2019;233
12;Castellón/Castelló;12101 San Rafael del Río;Hombres;2018;230
12;Castellón/Castelló;12101 San Rafael del Río;Hombres;2017;227
12;Castellón/Castelló;12101 San Rafael del Río;Hombres;2016;239
12;Castellón/Castelló;12101 San Rafael del Río;Hombres;2015;254
12;Castellón/Castelló;12101 San Rafael del Río;Hombres;2014;258
12;Castellón/Castelló;12101 San Rafael del Río;Hombres;2013;278
12;Castellón/Castelló;12101 San Rafael del Río;Hombres;2012;284
12;Castellón/Castelló;12101 San Rafael del Río;Hombres;2011;281
12;Castellón/Castelló;12101 San Rafael del Río;Hombres;2010;282
12;Castellón/Castelló;12101 San Rafael del Río;Hombres;2009;280
12;Castellón/Castelló;12101 San Rafael del Río;Hombres;2008;284
12;Castellón/Castelló;12101 San Rafael del Río;Hombres;2007;277
12;Castellón/Castelló;12101 San Rafael del Río;Hombres;2006;268
12;Castellón/Castelló;12101 San Rafael del Río;Hombres;2005;252
12;Castellón/Castelló;12101 San Rafael del Río;Hombres;2004;253
12;Castellón/Castelló;12101 San Rafael del Río;Hombres;2003;236
12;Castellón/Castelló;12101 San Rafael del Río;Hombres;2002;233
12;Castellón/Castelló;12101 San Rafael del Río;Hombres;2001;237
12;Castellón/Castelló;12101 San Rafael del Río;Hombres;2000;242
12;Castellón/Castelló;12101 San Rafael del Río;Hombres;1999;237
12;Castellón/Castelló;12101 San Rafael del Río;Hombres;1998;234
12;Castellón/Castelló;12101 San Rafael del Río;Hombres;1997;
12;Castellón/Castelló;12101 San Rafael del Río;Hombres;1996;251
12;Castellón/Castelló;12101 San Rafael del Río;Mujeres;2023;248
12;Castellón/Castelló;12101 San Rafael del Río;Mujeres;2022;248
12;Castellón/Castelló;12101 San Rafael del Río;Mujeres;2021;233
12;Castellón/Castelló;12101 San Rafael del Río;Mujeres;2020;233
12;Castellón/Castelló;12101 San Rafael del Río;Mujeres;2019;236
12;Castellón/Castelló;12101 San Rafael del Río;Mujeres;2018;232
12;Castellón/Castelló;12101 San Rafael del Río;Mujeres;2017;237
12;Castellón/Castelló;12101 San Rafael del Río;Mujeres;2016;244
12;Castellón/Castelló;12101 San Rafael del Río;Mujeres;2015;248
12;Castellón/Castelló;12101 San Rafael del Río;Mujeres;2014;254
12;Castellón/Castelló;12101 San Rafael del Río;Mujeres;2013;268
12;Castellón/Castelló;12101 San Rafael del Río;Mujeres;2012;272
12;Castellón/Castelló;12101 San Rafael del Río;Mujeres;2011;271
12;Castellón/Castelló;12101 San Rafael del Río;Mujeres;2010;268
12;Castellón/Castelló;12101 San Rafael del Río;Mujeres;2009;266
12;Castellón/Castelló;12101 San Rafael del Río;Mujeres;2008;267
12;Castellón/Castelló;12101 San Rafael del Río;Mujeres;2007;255
12;Castellón/Castelló;12101 San Rafael del Río;Mujeres;2006;243
12;Castellón/Castelló;12101 San Rafael del Río;Mujeres;2005;230
12;Castellón/Castelló;12101 San Rafael del Río;Mujeres;2004;228
12;Castellón/Castelló;12101 San Rafael del Río;Mujeres;2003;215
12;Castellón/Castelló;12101 San Rafael del Río;Mujeres;2002;212
12;Castellón/Castelló;12101 San Rafael del Río;Mujeres;2001;214
12;Castellón/Castelló;12101 San Rafael del Río;Mujeres;2000;213
12;Castellón/Castelló;12101 San Rafael del Río;Mujeres;1999;218
12;Castellón/Castelló;12101 San Rafael del Río;Mujeres;1998;228
12;Castellón/Castelló;12101 San Rafael del Río;Mujeres;1997;
12;Castellón/Castelló;12101 San Rafael del Río;Mujeres;1996;241
12;Castellón/Castelló;12902 Sant Joan de Moró;Total;2023;3516
12;Castellón/Castelló;12902 Sant Joan de Moró;Total;2022;3387
12;Castellón/Castelló;12902 Sant Joan de Moró;Total;2021;3307
12;Castellón/Castelló;12902 Sant Joan de Moró;Total;2020;3232
12;Castellón/Castelló;12902 Sant Joan de Moró;Total;2019;3159
12;Castellón/Castelló;12902 Sant Joan de Moró;Total;2018;3099
12;Castellón/Castelló;12902 Sant Joan de Moró;Total;2017;3084
12;Castellón/Castelló;12902 Sant Joan de Moró;Total;2016;3043
12;Castellón/Castelló;12902 Sant Joan de Moró;Total;2015;3051
12;Castellón/Castelló;12902 Sant Joan de Moró;Total;2014;3045
12;Castellón/Castelló;12902 Sant Joan de Moró;Total;2013;3025
12;Castellón/Castelló;12902 Sant Joan de Moró;Total;2012;2999
12;Castellón/Castelló;12902 Sant Joan de Moró;Total;2011;2938
12;Castellón/Castelló;12902 Sant Joan de Moró;Total;2010;2910
12;Castellón/Castelló;12902 Sant Joan de Moró;Total;2009;2893
12;Castellón/Castelló;12902 Sant Joan de Moró;Total;2008;2774
12;Castellón/Castelló;12902 Sant Joan de Moró;Total;2007;2545
12;Castellón/Castelló;12902 Sant Joan de Moró;Total;2006;2375
12;Castellón/Castelló;12902 Sant Joan de Moró;Total;2005;2157
12;Castellón/Castelló;12902 Sant Joan de Moró;Total;2004;1930
12;Castellón/Castelló;12902 Sant Joan de Moró;Total;2003;1915
12;Castellón/Castelló;12902 Sant Joan de Moró;Total;2002;1862
12;Castellón/Castelló;12902 Sant Joan de Moró;Total;2001;1842
12;Castellón/Castelló;12902 Sant Joan de Moró;Total;2000;1783
12;Castellón/Castelló;12902 Sant Joan de Moró;Total;1999;1741
12;Castellón/Castelló;12902 Sant Joan de Moró;Total;1998;1683
12;Castellón/Castelló;12902 Sant Joan de Moró;Total;1997;
12;Castellón/Castelló;12902 Sant Joan de Moró;Total;1996;1669
12;Castellón/Castelló;12902 Sant Joan de Moró;Hombres;2023;1803
12;Castellón/Castelló;12902 Sant Joan de Moró;Hombres;2022;1745
12;Castellón/Castelló;12902 Sant Joan de Moró;Hombres;2021;1714
12;Castellón/Castelló;12902 Sant Joan de Moró;Hombres;2020;1676
12;Castellón/Castelló;12902 Sant Joan de Moró;Hombres;2019;1646
12;Castellón/Castelló;12902 Sant Joan de Moró;Hombres;2018;1618
12;Castellón/Castelló;12902 Sant Joan de Moró;Hombres;2017;1606
12;Castellón/Castelló;12902 Sant Joan de Moró;Hombres;2016;1585
12;Castellón/Castelló;12902 Sant Joan de Moró;Hombres;2015;1593
12;Castellón/Castelló;12902 Sant Joan de Moró;Hombres;2014;1581
12;Castellón/Castelló;12902 Sant Joan de Moró;Hombres;2013;1580
12;Castellón/Castelló;12902 Sant Joan de Moró;Hombres;2012;1571
12;Castellón/Castelló;12902 Sant Joan de Moró;Hombres;2011;1539
12;Castellón/Castelló;12902 Sant Joan de Moró;Hombres;2010;1534
12;Castellón/Castelló;12902 Sant Joan de Moró;Hombres;2009;1536
12;Castellón/Castelló;12902 Sant Joan de Moró;Hombres;2008;1502
12;Castellón/Castelló;12902 Sant Joan de Moró;Hombres;2007;1369
12;Castellón/Castelló;12902 Sant Joan de Moró;Hombres;2006;1298
12;Castellón/Castelló;12902 Sant Joan de Moró;Hombres;2005;1162
12;Castellón/Castelló;12902 Sant Joan de Moró;Hombres;2004;1040
12;Castellón/Castelló;12902 Sant Joan de Moró;Hombres;2003;1021
12;Castellón/Castelló;12902 Sant Joan de Moró;Hombres;2002;985
12;Castellón/Castelló;12902 Sant Joan de Moró;Hombres;2001;961
12;Castellón/Castelló;12902 Sant Joan de Moró;Hombres;2000;920
12;Castellón/Castelló;12902 Sant Joan de Moró;Hombres;1999;887
12;Castellón/Castelló;12902 Sant Joan de Moró;Hombres;1998;854
12;Castellón/Castelló;12902 Sant Joan de Moró;Hombres;1997;
12;Castellón/Castelló;12902 Sant Joan de Moró;Hombres;1996;840
12;Castellón/Castelló;12902 Sant Joan de Moró;Mujeres;2023;1713
12;Castellón/Castelló;12902 Sant Joan de Moró;Mujeres;2022;1642
12;Castellón/Castelló;12902 Sant Joan de Moró;Mujeres;2021;1593
12;Castellón/Castelló;12902 Sant Joan de Moró;Mujeres;2020;1556
12;Castellón/Castelló;12902 Sant Joan de Moró;Mujeres;2019;1513
12;Castellón/Castelló;12902 Sant Joan de Moró;Mujeres;2018;1481
12;Castellón/Castelló;12902 Sant Joan de Moró;Mujeres;2017;1478
12;Castellón/Castelló;12902 Sant Joan de Moró;Mujeres;2016;1458
12;Castellón/Castelló;12902 Sant Joan de Moró;Mujeres;2015;1458
12;Castellón/Castelló;12902 Sant Joan de Moró;Mujeres;2014;1464
12;Castellón/Castelló;12902 Sant Joan de Moró;Mujeres;2013;1445
12;Castellón/Castelló;12902 Sant Joan de Moró;Mujeres;2012;1428
12;Castellón/Castelló;12902 Sant Joan de Moró;Mujeres;2011;1399
12;Castellón/Castelló;12902 Sant Joan de Moró;Mujeres;2010;1376
12;Castellón/Castelló;12902 Sant Joan de Moró;Mujeres;2009;1357
12;Castellón/Castelló;12902 Sant Joan de Moró;Mujeres;2008;1272
12;Castellón/Castelló;12902 Sant Joan de Moró;Mujeres;2007;1176
12;Castellón/Castelló;12902 Sant Joan de Moró;Mujeres;2006;1077
12;Castellón/Castelló;12902 Sant Joan de Moró;Mujeres;2005;995
12;Castellón/Castelló;12902 Sant Joan de Moró;Mujeres;2004;890
12;Castellón/Castelló;12902 Sant Joan de Moró;Mujeres;2003;894
12;Castellón/Castelló;12902 Sant Joan de Moró;Mujeres;2002;877
12;Castellón/Castelló;12902 Sant Joan de Moró;Mujeres;2001;881
12;Castellón/Castelló;12902 Sant Joan de Moró;Mujeres;2000;863
12;Castellón/Castelló;12902 Sant Joan de Moró;Mujeres;1999;854
12;Castellón/Castelló;12902 Sant Joan de Moró;Mujeres;1998;829
12;Castellón/Castelló;12902 Sant Joan de Moró;Mujeres;1997;
12;Castellón/Castelló;12902 Sant Joan de Moró;Mujeres;1996;829
12;Castellón/Castelló;12099 Sant Jordi/San Jorge;Total;2023;1249
12;Castellón/Castelló;12099 Sant Jordi/San Jorge;Total;2022;1171
12;Castellón/Castelló;12099 Sant Jordi/San Jorge;Total;2021;1063
12;Castellón/Castelló;12099 Sant Jordi/San Jorge;Total;2020;990
12;Castellón/Castelló;12099 Sant Jordi/San Jorge;Total;2019;972
12;Castellón/Castelló;12099 Sant Jordi/San Jorge;Total;2018;935
12;Castellón/Castelló;12099 Sant Jordi/San Jorge;Total;2017;937
12;Castellón/Castelló;12099 Sant Jordi/San Jorge;Total;2016;970
12;Castellón/Castelló;12099 Sant Jordi/San Jorge;Total;2015;1020
12;Castellón/Castelló;12099 Sant Jordi/San Jorge;Total;2014;1078
12;Castellón/Castelló;12099 Sant Jordi/San Jorge;Total;2013;1127
12;Castellón/Castelló;12099 Sant Jordi/San Jorge;Total;2012;1126
12;Castellón/Castelló;12099 Sant Jordi/San Jorge;Total;2011;1111
12;Castellón/Castelló;12099 Sant Jordi/San Jorge;Total;2010;1078
12;Castellón/Castelló;12099 Sant Jordi/San Jorge;Total;2009;1042
12;Castellón/Castelló;12099 Sant Jordi/San Jorge;Total;2008;982
12;Castellón/Castelló;12099 Sant Jordi/San Jorge;Total;2007;935
12;Castellón/Castelló;12099 Sant Jordi/San Jorge;Total;2006;782
12;Castellón/Castelló;12099 Sant Jordi/San Jorge;Total;2005;744
12;Castellón/Castelló;12099 Sant Jordi/San Jorge;Total;2004;637
12;Castellón/Castelló;12099 Sant Jordi/San Jorge;Total;2003;646
12;Castellón/Castelló;12099 Sant Jordi/San Jorge;Total;2002;637
12;Castellón/Castelló;12099 Sant Jordi/San Jorge;Total;2001;605
12;Castellón/Castelló;12099 Sant Jordi/San Jorge;Total;2000;581
12;Castellón/Castelló;12099 Sant Jordi/San Jorge;Total;1999;572
12;Castellón/Castelló;12099 Sant Jordi/San Jorge;Total;1998;577
12;Castellón/Castelló;12099 Sant Jordi/San Jorge;Total;1997;
12;Castellón/Castelló;12099 Sant Jordi/San Jorge;Total;1996;573
12;Castellón/Castelló;12099 Sant Jordi/San Jorge;Hombres;2023;654
12;Castellón/Castelló;12099 Sant Jordi/San Jorge;Hombres;2022;616
12;Castellón/Castelló;12099 Sant Jordi/San Jorge;Hombres;2021;567
12;Castellón/Castelló;12099 Sant Jordi/San Jorge;Hombres;2020;524
12;Castellón/Castelló;12099 Sant Jordi/San Jorge;Hombres;2019;520
12;Castellón/Castelló;12099 Sant Jordi/San Jorge;Hombres;2018;486
12;Castellón/Castelló;12099 Sant Jordi/San Jorge;Hombres;2017;483
12;Castellón/Castelló;12099 Sant Jordi/San Jorge;Hombres;2016;498
12;Castellón/Castelló;12099 Sant Jordi/San Jorge;Hombres;2015;520
12;Castellón/Castelló;12099 Sant Jordi/San Jorge;Hombres;2014;545
12;Castellón/Castelló;12099 Sant Jordi/San Jorge;Hombres;2013;579
12;Castellón/Castelló;12099 Sant Jordi/San Jorge;Hombres;2012;592
12;Castellón/Castelló;12099 Sant Jordi/San Jorge;Hombres;2011;584
12;Castellón/Castelló;12099 Sant Jordi/San Jorge;Hombres;2010;562
12;Castellón/Castelló;12099 Sant Jordi/San Jorge;Hombres;2009;543
12;Castellón/Castelló;12099 Sant Jordi/San Jorge;Hombres;2008;511
12;Castellón/Castelló;12099 Sant Jordi/San Jorge;Hombres;2007;489
12;Castellón/Castelló;12099 Sant Jordi/San Jorge;Hombres;2006;404
12;Castellón/Castelló;12099 Sant Jordi/San Jorge;Hombres;2005;380
12;Castellón/Castelló;12099 Sant Jordi/San Jorge;Hombres;2004;315
12;Castellón/Castelló;12099 Sant Jordi/San Jorge;Hombres;2003;325
12;Castellón/Castelló;12099 Sant Jordi/San Jorge;Hombres;2002;315
12;Castellón/Castelló;12099 Sant Jordi/San Jorge;Hombres;2001;301
12;Castellón/Castelló;12099 Sant Jordi/San Jorge;Hombres;2000;288
12;Castellón/Castelló;12099 Sant Jordi/San Jorge;Hombres;1999;278
12;Castellón/Castelló;12099 Sant Jordi/San Jorge;Hombres;1998;280
12;Castellón/Castelló;12099 Sant Jordi/San Jorge;Hombres;1997;
12;Castellón/Castelló;12099 Sant Jordi/San Jorge;Hombres;1996;275
12;Castellón/Castelló;12099 Sant Jordi/San Jorge;Mujeres;2023;595
12;Castellón/Castelló;12099 Sant Jordi/San Jorge;Mujeres;2022;555
12;Castellón/Castelló;12099 Sant Jordi/San Jorge;Mujeres;2021;496
12;Castellón/Castelló;12099 Sant Jordi/San Jorge;Mujeres;2020;466
12;Castellón/Castelló;12099 Sant Jordi/San Jorge;Mujeres;2019;452
12;Castellón/Castelló;12099 Sant Jordi/San Jorge;Mujeres;2018;449
12;Castellón/Castelló;12099 Sant Jordi/San Jorge;Mujeres;2017;454
12;Castellón/Castelló;12099 Sant Jordi/San Jorge;Mujeres;2016;472
12;Castellón/Castelló;12099 Sant Jordi/San Jorge;Mujeres;2015;500
12;Castellón/Castelló;12099 Sant Jordi/San Jorge;Mujeres;2014;533
12;Castellón/Castelló;12099 Sant Jordi/San Jorge;Mujeres;2013;548
12;Castellón/Castelló;12099 Sant Jordi/San Jorge;Mujeres;2012;534
12;Castellón/Castelló;12099 Sant Jordi/San Jorge;Mujeres;2011;527
12;Castellón/Castelló;12099 Sant Jordi/San Jorge;Mujeres;2010;516
12;Castellón/Castelló;12099 Sant Jordi/San Jorge;Mujeres;2009;499
12;Castellón/Castelló;12099 Sant Jordi/San Jorge;Mujeres;2008;471
12;Castellón/Castelló;12099 Sant Jordi/San Jorge;Mujeres;2007;446
12;Castellón/Castelló;12099 Sant Jordi/San Jorge;Mujeres;2006;378
12;Castellón/Castelló;12099 Sant Jordi/San Jorge;Mujeres;2005;364
12;Castellón/Castelló;12099 Sant Jordi/San Jorge;Mujeres;2004;322
12;Castellón/Castelló;12099 Sant Jordi/San Jorge;Mujeres;2003;321
12;Castellón/Castelló;12099 Sant Jordi/San Jorge;Mujeres;2002;322
12;Castellón/Castelló;12099 Sant Jordi/San Jorge;Mujeres;2001;304
12;Castellón/Castelló;12099 Sant Jordi/San Jorge;Mujeres;2000;293
12;Castellón/Castelló;12099 Sant Jordi/San Jorge;Mujeres;1999;294
12;Castellón/Castelló;12099 Sant Jordi/San Jorge;Mujeres;1998;297
12;Castellón/Castelló;12099 Sant Jordi/San Jorge;Mujeres;1997;
12;Castellón/Castelló;12099 Sant Jordi/San Jorge;Mujeres;1996;298
12;Castellón/Castelló;12100 Sant Mateu;Total;2023;1987
12;Castellón/Castelló;12100 Sant Mateu;Total;2022;1954
12;Castellón/Castelló;12100 Sant Mateu;Total;2021;1968
12;Castellón/Castelló;12100 Sant Mateu;Total;2020;1952
12;Castellón/Castelló;12100 Sant Mateu;Total;2019;1963
12;Castellón/Castelló;12100 Sant Mateu;Total;2018;1974
12;Castellón/Castelló;12100 Sant Mateu;Total;2017;1958
12;Castellón/Castelló;12100 Sant Mateu;Total;2016;1979
12;Castellón/Castelló;12100 Sant Mateu;Total;2015;1995
12;Castellón/Castelló;12100 Sant Mateu;Total;2014;2031
12;Castellón/Castelló;12100 Sant Mateu;Total;2013;2066
12;Castellón/Castelló;12100 Sant Mateu;Total;2012;2112
12;Castellón/Castelló;12100 Sant Mateu;Total;2011;2118
12;Castellón/Castelló;12100 Sant Mateu;Total;2010;2169
12;Castellón/Castelló;12100 Sant Mateu;Total;2009;2187
12;Castellón/Castelló;12100 Sant Mateu;Total;2008;2162
12;Castellón/Castelló;12100 Sant Mateu;Total;2007;2084
12;Castellón/Castelló;12100 Sant Mateu;Total;2006;2043
12;Castellón/Castelló;12100 Sant Mateu;Total;2005;1999
12;Castellón/Castelló;12100 Sant Mateu;Total;2004;1956
12;Castellón/Castelló;12100 Sant Mateu;Total;2003;1930
12;Castellón/Castelló;12100 Sant Mateu;Total;2002;1913
12;Castellón/Castelló;12100 Sant Mateu;Total;2001;1823
12;Castellón/Castelló;12100 Sant Mateu;Total;2000;1806
12;Castellón/Castelló;12100 Sant Mateu;Total;1999;1797
12;Castellón/Castelló;12100 Sant Mateu;Total;1998;1780
12;Castellón/Castelló;12100 Sant Mateu;Total;1997;
12;Castellón/Castelló;12100 Sant Mateu;Total;1996;1779
12;Castellón/Castelló;12100 Sant Mateu;Hombres;2023;979
12;Castellón/Castelló;12100 Sant Mateu;Hombres;2022;963
12;Castellón/Castelló;12100 Sant Mateu;Hombres;2021;974
12;Castellón/Castelló;12100 Sant Mateu;Hombres;2020;969
12;Castellón/Castelló;12100 Sant Mateu;Hombres;2019;971
12;Castellón/Castelló;12100 Sant Mateu;Hombres;2018;973
12;Castellón/Castelló;12100 Sant Mateu;Hombres;2017;959
12;Castellón/Castelló;12100 Sant Mateu;Hombres;2016;977
12;Castellón/Castelló;12100 Sant Mateu;Hombres;2015;986
12;Castellón/Castelló;12100 Sant Mateu;Hombres;2014;1012
12;Castellón/Castelló;12100 Sant Mateu;Hombres;2013;1038
12;Castellón/Castelló;12100 Sant Mateu;Hombres;2012;1084
12;Castellón/Castelló;12100 Sant Mateu;Hombres;2011;1106
12;Castellón/Castelló;12100 Sant Mateu;Hombres;2010;1132
12;Castellón/Castelló;12100 Sant Mateu;Hombres;2009;1134
12;Castellón/Castelló;12100 Sant Mateu;Hombres;2008;1121
12;Castellón/Castelló;12100 Sant Mateu;Hombres;2007;1063
12;Castellón/Castelló;12100 Sant Mateu;Hombres;2006;1050
12;Castellón/Castelló;12100 Sant Mateu;Hombres;2005;1027
12;Castellón/Castelló;12100 Sant Mateu;Hombres;2004;1004
12;Castellón/Castelló;12100 Sant Mateu;Hombres;2003;984
12;Castellón/Castelló;12100 Sant Mateu;Hombres;2002;974
12;Castellón/Castelló;12100 Sant Mateu;Hombres;2001;912
12;Castellón/Castelló;12100 Sant Mateu;Hombres;2000;891
12;Castellón/Castelló;12100 Sant Mateu;Hombres;1999;896
12;Castellón/Castelló;12100 Sant Mateu;Hombres;1998;890
12;Castellón/Castelló;12100 Sant Mateu;Hombres;1997;
12;Castellón/Castelló;12100 Sant Mateu;Hombres;1996;883
12;Castellón/Castelló;12100 Sant Mateu;Mujeres;2023;1008
12;Castellón/Castelló;12100 Sant Mateu;Mujeres;2022;991
12;Castellón/Castelló;12100 Sant Mateu;Mujeres;2021;994
12;Castellón/Castelló;12100 Sant Mateu;Mujeres;2020;983
12;Castellón/Castelló;12100 Sant Mateu;Mujeres;2019;992
12;Castellón/Castelló;12100 Sant Mateu;Mujeres;2018;1001
12;Castellón/Castelló;12100 Sant Mateu;Mujeres;2017;999
12;Castellón/Castelló;12100 Sant Mateu;Mujeres;2016;1002
12;Castellón/Castelló;12100 Sant Mateu;Mujeres;2015;1009
12;Castellón/Castelló;12100 Sant Mateu;Mujeres;2014;1019
12;Castellón/Castelló;12100 Sant Mateu;Mujeres;2013;1028
12;Castellón/Castelló;12100 Sant Mateu;Mujeres;2012;1028
12;Castellón/Castelló;12100 Sant Mateu;Mujeres;2011;1012
12;Castellón/Castelló;12100 Sant Mateu;Mujeres;2010;1037
12;Castellón/Castelló;12100 Sant Mateu;Mujeres;2009;1053
12;Castellón/Castelló;12100 Sant Mateu;Mujeres;2008;1041
12;Castellón/Castelló;12100 Sant Mateu;Mujeres;2007;1021
12;Castellón/Castelló;12100 Sant Mateu;Mujeres;2006;993
12;Castellón/Castelló;12100 Sant Mateu;Mujeres;2005;972
12;Castellón/Castelló;12100 Sant Mateu;Mujeres;2004;952
12;Castellón/Castelló;12100 Sant Mateu;Mujeres;2003;946
12;Castellón/Castelló;12100 Sant Mateu;Mujeres;2002;939
12;Castellón/Castelló;12100 Sant Mateu;Mujeres;2001;911
12;Castellón/Castelló;12100 Sant Mateu;Mujeres;2000;915
12;Castellón/Castelló;12100 Sant Mateu;Mujeres;1999;901
12;Castellón/Castelló;12100 Sant Mateu;Mujeres;1998;890
12;Castellón/Castelló;12100 Sant Mateu;Mujeres;1997;
12;Castellón/Castelló;12100 Sant Mateu;Mujeres;1996;896
12;Castellón/Castelló;12102 Santa Magdalena de Pulpis;Total;2023;784
12;Castellón/Castelló;12102 Santa Magdalena de Pulpis;Total;2022;776
12;Castellón/Castelló;12102 Santa Magdalena de Pulpis;Total;2021;755
12;Castellón/Castelló;12102 Santa Magdalena de Pulpis;Total;2020;754
12;Castellón/Castelló;12102 Santa Magdalena de Pulpis;Total;2019;768
12;Castellón/Castelló;12102 Santa Magdalena de Pulpis;Total;2018;761
12;Castellón/Castelló;12102 Santa Magdalena de Pulpis;Total;2017;765
12;Castellón/Castelló;12102 Santa Magdalena de Pulpis;Total;2016;791
12;Castellón/Castelló;12102 Santa Magdalena de Pulpis;Total;2015;810
12;Castellón/Castelló;12102 Santa Magdalena de Pulpis;Total;2014;830
12;Castellón/Castelló;12102 Santa Magdalena de Pulpis;Total;2013;891
12;Castellón/Castelló;12102 Santa Magdalena de Pulpis;Total;2012;876
12;Castellón/Castelló;12102 Santa Magdalena de Pulpis;Total;2011;848
12;Castellón/Castelló;12102 Santa Magdalena de Pulpis;Total;2010;841
12;Castellón/Castelló;12102 Santa Magdalena de Pulpis;Total;2009;873
12;Castellón/Castelló;12102 Santa Magdalena de Pulpis;Total;2008;874
12;Castellón/Castelló;12102 Santa Magdalena de Pulpis;Total;2007;826
12;Castellón/Castelló;12102 Santa Magdalena de Pulpis;Total;2006;836
12;Castellón/Castelló;12102 Santa Magdalena de Pulpis;Total;2005;835
12;Castellón/Castelló;12102 Santa Magdalena de Pulpis;Total;2004;812
12;Castellón/Castelló;12102 Santa Magdalena de Pulpis;Total;2003;788
12;Castellón/Castelló;12102 Santa Magdalena de Pulpis;Total;2002;786
12;Castellón/Castelló;12102 Santa Magdalena de Pulpis;Total;2001;744
12;Castellón/Castelló;12102 Santa Magdalena de Pulpis;Total;2000;723
12;Castellón/Castelló;12102 Santa Magdalena de Pulpis;Total;1999;712
12;Castellón/Castelló;12102 Santa Magdalena de Pulpis;Total;1998;693
12;Castellón/Castelló;12102 Santa Magdalena de Pulpis;Total;1997;
12;Castellón/Castelló;12102 Santa Magdalena de Pulpis;Total;1996;728
12;Castellón/Castelló;12102 Santa Magdalena de Pulpis;Hombres;2023;411
12;Castellón/Castelló;12102 Santa Magdalena de Pulpis;Hombres;2022;404
12;Castellón/Castelló;12102 Santa Magdalena de Pulpis;Hombres;2021;391
12;Castellón/Castelló;12102 Santa Magdalena de Pulpis;Hombres;2020;391
12;Castellón/Castelló;12102 Santa Magdalena de Pulpis;Hombres;2019;405
12;Castellón/Castelló;12102 Santa Magdalena de Pulpis;Hombres;2018;407
12;Castellón/Castelló;12102 Santa Magdalena de Pulpis;Hombres;2017;412
12;Castellón/Castelló;12102 Santa Magdalena de Pulpis;Hombres;2016;429
12;Castellón/Castelló;12102 Santa Magdalena de Pulpis;Hombres;2015;438
12;Castellón/Castelló;12102 Santa Magdalena de Pulpis;Hombres;2014;442
12;Castellón/Castelló;12102 Santa Magdalena de Pulpis;Hombres;2013;477
12;Castellón/Castelló;12102 Santa Magdalena de Pulpis;Hombres;2012;466
12;Castellón/Castelló;12102 Santa Magdalena de Pulpis;Hombres;2011;449
12;Castellón/Castelló;12102 Santa Magdalena de Pulpis;Hombres;2010;448
12;Castellón/Castelló;12102 Santa Magdalena de Pulpis;Hombres;2009;467
12;Castellón/Castelló;12102 Santa Magdalena de Pulpis;Hombres;2008;464
12;Castellón/Castelló;12102 Santa Magdalena de Pulpis;Hombres;2007;433
12;Castellón/Castelló;12102 Santa Magdalena de Pulpis;Hombres;2006;436
12;Castellón/Castelló;12102 Santa Magdalena de Pulpis;Hombres;2005;437
12;Castellón/Castelló;12102 Santa Magdalena de Pulpis;Hombres;2004;427
12;Castellón/Castelló;12102 Santa Magdalena de Pulpis;Hombres;2003;417
12;Castellón/Castelló;12102 Santa Magdalena de Pulpis;Hombres;2002;420
12;Castellón/Castelló;12102 Santa Magdalena de Pulpis;Hombres;2001;393
12;Castellón/Castelló;12102 Santa Magdalena de Pulpis;Hombres;2000;374
12;Castellón/Castelló;12102 Santa Magdalena de Pulpis;Hombres;1999;366
12;Castellón/Castelló;12102 Santa Magdalena de Pulpis;Hombres;1998;350
12;Castellón/Castelló;12102 Santa Magdalena de Pulpis;Hombres;1997;
12;Castellón/Castelló;12102 Santa Magdalena de Pulpis;Hombres;1996;364
12;Castellón/Castelló;12102 Santa Magdalena de Pulpis;Mujeres;2023;373
12;Castellón/Castelló;12102 Santa Magdalena de Pulpis;Mujeres;2022;372
12;Castellón/Castelló;12102 Santa Magdalena de Pulpis;Mujeres;2021;364
12;Castellón/Castelló;12102 Santa Magdalena de Pulpis;Mujeres;2020;363
12;Castellón/Castelló;12102 Santa Magdalena de Pulpis;Mujeres;2019;363
12;Castellón/Castelló;12102 Santa Magdalena de Pulpis;Mujeres;2018;354
12;Castellón/Castelló;12102 Santa Magdalena de Pulpis;Mujeres;2017;353
12;Castellón/Castelló;12102 Santa Magdalena de Pulpis;Mujeres;2016;362
12;Castellón/Castelló;12102 Santa Magdalena de Pulpis;Mujeres;2015;372
12;Castellón/Castelló;12102 Santa Magdalena de Pulpis;Mujeres;2014;388
12;Castellón/Castelló;12102 Santa Magdalena de Pulpis;Mujeres;2013;414
12;Castellón/Castelló;12102 Santa Magdalena de Pulpis;Mujeres;2012;410
12;Castellón/Castelló;12102 Santa Magdalena de Pulpis;Mujeres;2011;399
12;Castellón/Castelló;12102 Santa Magdalena de Pulpis;Mujeres;2010;393
12;Castellón/Castelló;12102 Santa Magdalena de Pulpis;Mujeres;2009;406
12;Castellón/Castelló;12102 Santa Magdalena de Pulpis;Mujeres;2008;410
12;Castellón/Castelló;12102 Santa Magdalena de Pulpis;Mujeres;2007;393
12;Castellón/Castelló;12102 Santa Magdalena de Pulpis;Mujeres;2006;400
12;Castellón/Castelló;12102 Santa Magdalena de Pulpis;Mujeres;2005;398
12;Castellón/Castelló;12102 Santa Magdalena de Pulpis;Mujeres;2004;385
12;Castellón/Castelló;12102 Santa Magdalena de Pulpis;Mujeres;2003;371
12;Castellón/Castelló;12102 Santa Magdalena de Pulpis;Mujeres;2002;366
12;Castellón/Castelló;12102 Santa Magdalena de Pulpis;Mujeres;2001;351
12;Castellón/Castelló;12102 Santa Magdalena de Pulpis;Mujeres;2000;349
12;Castellón/Castelló;12102 Santa Magdalena de Pulpis;Mujeres;1999;346
12;Castellón/Castelló;12102 Santa Magdalena de Pulpis;Mujeres;1998;343
12;Castellón/Castelló;12102 Santa Magdalena de Pulpis;Mujeres;1997;
12;Castellón/Castelló;12102 Santa Magdalena de Pulpis;Mujeres;1996;364
12;Castellón/Castelló;12104 Segorbe;Total;2023;9425
12;Castellón/Castelló;12104 Segorbe;Total;2022;9146
12;Castellón/Castelló;12104 Segorbe;Total;2021;9139
12;Castellón/Castelló;12104 Segorbe;Total;2020;9097
12;Castellón/Castelló;12104 Segorbe;Total;2019;8978
12;Castellón/Castelló;12104 Segorbe;Total;2018;8878
12;Castellón/Castelló;12104 Segorbe;Total;2017;8969
12;Castellón/Castelló;12104 Segorbe;Total;2016;9005
12;Castellón/Castelló;12104 Segorbe;Total;2015;9073
12;Castellón/Castelló;12104 Segorbe;Total;2014;9233
12;Castellón/Castelló;12104 Segorbe;Total;2013;9089
12;Castellón/Castelló;12104 Segorbe;Total;2012;9291
12;Castellón/Castelló;12104 Segorbe;Total;2011;9326
12;Castellón/Castelló;12104 Segorbe;Total;2010;9267
12;Castellón/Castelló;12104 Segorbe;Total;2009;9244
12;Castellón/Castelló;12104 Segorbe;Total;2008;9131
12;Castellón/Castelló;12104 Segorbe;Total;2007;8889
12;Castellón/Castelló;12104 Segorbe;Total;2006;8730
12;Castellón/Castelló;12104 Segorbe;Total;2005;8456
12;Castellón/Castelló;12104 Segorbe;Total;2004;8299
12;Castellón/Castelló;12104 Segorbe;Total;2003;8229
12;Castellón/Castelló;12104 Segorbe;Total;2002;8127
12;Castellón/Castelló;12104 Segorbe;Total;2001;7946
12;Castellón/Castelló;12104 Segorbe;Total;2000;7839
12;Castellón/Castelló;12104 Segorbe;Total;1999;7768
12;Castellón/Castelló;12104 Segorbe;Total;1998;7710
12;Castellón/Castelló;12104 Segorbe;Total;1997;
12;Castellón/Castelló;12104 Segorbe;Total;1996;7657
12;Castellón/Castelló;12104 Segorbe;Hombres;2023;4648
12;Castellón/Castelló;12104 Segorbe;Hombres;2022;4545
12;Castellón/Castelló;12104 Segorbe;Hombres;2021;4551
12;Castellón/Castelló;12104 Segorbe;Hombres;2020;4509
12;Castellón/Castelló;12104 Segorbe;Hombres;2019;4427
12;Castellón/Castelló;12104 Segorbe;Hombres;2018;4351
12;Castellón/Castelló;12104 Segorbe;Hombres;2017;4417
12;Castellón/Castelló;12104 Segorbe;Hombres;2016;4460
12;Castellón/Castelló;12104 Segorbe;Hombres;2015;4486
12;Castellón/Castelló;12104 Segorbe;Hombres;2014;4556
12;Castellón/Castelló;12104 Segorbe;Hombres;2013;4460
12;Castellón/Castelló;12104 Segorbe;Hombres;2012;4571
12;Castellón/Castelló;12104 Segorbe;Hombres;2011;4603
12;Castellón/Castelló;12104 Segorbe;Hombres;2010;4560
12;Castellón/Castelló;12104 Segorbe;Hombres;2009;4566
12;Castellón/Castelló;12104 Segorbe;Hombres;2008;4509
12;Castellón/Castelló;12104 Segorbe;Hombres;2007;4364
12;Castellón/Castelló;12104 Segorbe;Hombres;2006;4293
12;Castellón/Castelló;12104 Segorbe;Hombres;2005;4131
12;Castellón/Castelló;12104 Segorbe;Hombres;2004;4044
12;Castellón/Castelló;12104 Segorbe;Hombres;2003;3998
12;Castellón/Castelló;12104 Segorbe;Hombres;2002;3963
12;Castellón/Castelló;12104 Segorbe;Hombres;2001;3883
12;Castellón/Castelló;12104 Segorbe;Hombres;2000;3819
12;Castellón/Castelló;12104 Segorbe;Hombres;1999;3780
12;Castellón/Castelló;12104 Segorbe;Hombres;1998;3747
12;Castellón/Castelló;12104 Segorbe;Hombres;1997;
12;Castellón/Castelló;12104 Segorbe;Hombres;1996;3703
12;Castellón/Castelló;12104 Segorbe;Mujeres;2023;4777
12;Castellón/Castelló;12104 Segorbe;Mujeres;2022;4601
12;Castellón/Castelló;12104 Segorbe;Mujeres;2021;4588
12;Castellón/Castelló;12104 Segorbe;Mujeres;2020;4588
12;Castellón/Castelló;12104 Segorbe;Mujeres;2019;4551
12;Castellón/Castelló;12104 Segorbe;Mujeres;2018;4527
12;Castellón/Castelló;12104 Segorbe;Mujeres;2017;4552
12;Castellón/Castelló;12104 Segorbe;Mujeres;2016;4545
12;Castellón/Castelló;12104 Segorbe;Mujeres;2015;4587
12;Castellón/Castelló;12104 Segorbe;Mujeres;2014;4677
12;Castellón/Castelló;12104 Segorbe;Mujeres;2013;4629
12;Castellón/Castelló;12104 Segorbe;Mujeres;2012;4720
12;Castellón/Castelló;12104 Segorbe;Mujeres;2011;4723
12;Castellón/Castelló;12104 Segorbe;Mujeres;2010;4707
12;Castellón/Castelló;12104 Segorbe;Mujeres;2009;4678
12;Castellón/Castelló;12104 Segorbe;Mujeres;2008;4622
12;Castellón/Castelló;12104 Segorbe;Mujeres;2007;4525
12;Castellón/Castelló;12104 Segorbe;Mujeres;2006;4437
12;Castellón/Castelló;12104 Segorbe;Mujeres;2005;4325
12;Castellón/Castelló;12104 Segorbe;Mujeres;2004;4255
12;Castellón/Castelló;12104 Segorbe;Mujeres;2003;4231
12;Castellón/Castelló;12104 Segorbe;Mujeres;2002;4164
12;Castellón/Castelló;12104 Segorbe;Mujeres;2001;4063
12;Castellón/Castelló;12104 Segorbe;Mujeres;2000;4020
12;Castellón/Castelló;12104 Segorbe;Mujeres;1999;3988
12;Castellón/Castelló;12104 Segorbe;Mujeres;1998;3963
12;Castellón/Castelló;12104 Segorbe;Mujeres;1997;
12;Castellón/Castelló;12104 Segorbe;Mujeres;1996;3954
12;Castellón/Castelló;12103 Serratella, la;Total;2023;110
12;Castellón/Castelló;12103 Serratella, la;Total;2022;103
12;Castellón/Castelló;12103 Serratella, la;Total;2021;92
12;Castellón/Castelló;12103 Serratella, la;Total;2020;95
12;Castellón/Castelló;12103 Serratella, la;Total;2019;101
12;Castellón/Castelló;12103 Serratella, la;Total;2018;101
12;Castellón/Castelló;12103 Serratella, la;Total;2017;101
12;Castellón/Castelló;12103 Serratella, la;Total;2016;99
12;Castellón/Castelló;12103 Serratella, la;Total;2015;101
12;Castellón/Castelló;12103 Serratella, la;Total;2014;99
12;Castellón/Castelló;12103 Serratella, la;Total;2013;94
12;Castellón/Castelló;12103 Serratella, la;Total;2012;101
12;Castellón/Castelló;12103 Serratella, la;Total;2011;103
12;Castellón/Castelló;12103 Serratella, la;Total;2010;102
12;Castellón/Castelló;12103 Serratella, la;Total;2009;100
12;Castellón/Castelló;12103 Serratella, la;Total;2008;88
12;Castellón/Castelló;12103 Serratella, la;Total;2007;93
12;Castellón/Castelló;12103 Serratella, la;Total;2006;93
12;Castellón/Castelló;12103 Serratella, la;Total;2005;91
12;Castellón/Castelló;12103 Serratella, la;Total;2004;91
12;Castellón/Castelló;12103 Serratella, la;Total;2003;87
12;Castellón/Castelló;12103 Serratella, la;Total;2002;94
12;Castellón/Castelló;12103 Serratella, la;Total;2001;85
12;Castellón/Castelló;12103 Serratella, la;Total;2000;87
12;Castellón/Castelló;12103 Serratella, la;Total;1999;92
12;Castellón/Castelló;12103 Serratella, la;Total;1998;96
12;Castellón/Castelló;12103 Serratella, la;Total;1997;
12;Castellón/Castelló;12103 Serratella, la;Total;1996;109
12;Castellón/Castelló;12103 Serratella, la;Hombres;2023;51
12;Castellón/Castelló;12103 Serratella, la;Hombres;2022;51
12;Castellón/Castelló;12103 Serratella, la;Hombres;2021;45
12;Castellón/Castelló;12103 Serratella, la;Hombres;2020;49
12;Castellón/Castelló;12103 Serratella, la;Hombres;2019;52
12;Castellón/Castelló;12103 Serratella, la;Hombres;2018;49
12;Castellón/Castelló;12103 Serratella, la;Hombres;2017;52
12;Castellón/Castelló;12103 Serratella, la;Hombres;2016;55
12;Castellón/Castelló;12103 Serratella, la;Hombres;2015;54
12;Castellón/Castelló;12103 Serratella, la;Hombres;2014;52
12;Castellón/Castelló;12103 Serratella, la;Hombres;2013;48
12;Castellón/Castelló;12103 Serratella, la;Hombres;2012;53
12;Castellón/Castelló;12103 Serratella, la;Hombres;2011;54
12;Castellón/Castelló;12103 Serratella, la;Hombres;2010;54
12;Castellón/Castelló;12103 Serratella, la;Hombres;2009;52
12;Castellón/Castelló;12103 Serratella, la;Hombres;2008;47
12;Castellón/Castelló;12103 Serratella, la;Hombres;2007;49
12;Castellón/Castelló;12103 Serratella, la;Hombres;2006;48
12;Castellón/Castelló;12103 Serratella, la;Hombres;2005;48
12;Castellón/Castelló;12103 Serratella, la;Hombres;2004;54
12;Castellón/Castelló;12103 Serratella, la;Hombres;2003;53
12;Castellón/Castelló;12103 Serratella, la;Hombres;2002;55
12;Castellón/Castelló;12103 Serratella, la;Hombres;2001;47
12;Castellón/Castelló;12103 Serratella, la;Hombres;2000;47
12;Castellón/Castelló;12103 Serratella, la;Hombres;1999;50
12;Castellón/Castelló;12103 Serratella, la;Hombres;1998;52
12;Castellón/Castelló;12103 Serratella, la;Hombres;1997;
12;Castellón/Castelló;12103 Serratella, la;Hombres;1996;59
12;Castellón/Castelló;12103 Serratella, la;Mujeres;2023;59
12;Castellón/Castelló;12103 Serratella, la;Mujeres;2022;52
12;Castellón/Castelló;12103 Serratella, la;Mujeres;2021;47
12;Castellón/Castelló;12103 Serratella, la;Mujeres;2020;46
12;Castellón/Castelló;12103 Serratella, la;Mujeres;2019;49
12;Castellón/Castelló;12103 Serratella, la;Mujeres;2018;52
12;Castellón/Castelló;12103 Serratella, la;Mujeres;2017;49
12;Castellón/Castelló;12103 Serratella, la;Mujeres;2016;44
12;Castellón/Castelló;12103 Serratella, la;Mujeres;2015;47
12;Castellón/Castelló;12103 Serratella, la;Mujeres;2014;47
12;Castellón/Castelló;12103 Serratella, la;Mujeres;2013;46
12;Castellón/Castelló;12103 Serratella, la;Mujeres;2012;48
12;Castellón/Castelló;12103 Serratella, la;Mujeres;2011;49
12;Castellón/Castelló;12103 Serratella, la;Mujeres;2010;48
12;Castellón/Castelló;12103 Serratella, la;Mujeres;2009;48
12;Castellón/Castelló;12103 Serratella, la;Mujeres;2008;41
12;Castellón/Castelló;12103 Serratella, la;Mujeres;2007;44
12;Castellón/Castelló;12103 Serratella, la;Mujeres;2006;45
12;Castellón/Castelló;12103 Serratella, la;Mujeres;2005;43
12;Castellón/Castelló;12103 Serratella, la;Mujeres;2004;37
12;Castellón/Castelló;12103 Serratella, la;Mujeres;2003;34
12;Castellón/Castelló;12103 Serratella, la;Mujeres;2002;39
12;Castellón/Castelló;12103 Serratella, la;Mujeres;2001;38
12;Castellón/Castelló;12103 Serratella, la;Mujeres;2000;40
12;Castellón/Castelló;12103 Serratella, la;Mujeres;1999;42
12;Castellón/Castelló;12103 Serratella, la;Mujeres;1998;44
12;Castellón/Castelló;12103 Serratella, la;Mujeres;1997;
12;Castellón/Castelló;12103 Serratella, la;Mujeres;1996;50
12;Castellón/Castelló;12105 Sierra Engarcerán;Total;2023;1045
12;Castellón/Castelló;12105 Sierra Engarcerán;Total;2022;997
12;Castellón/Castelló;12105 Sierra Engarcerán;Total;2021;992
12;Castellón/Castelló;12105 Sierra Engarcerán;Total;2020;988
12;Castellón/Castelló;12105 Sierra Engarcerán;Total;2019;976
12;Castellón/Castelló;12105 Sierra Engarcerán;Total;2018;1023
12;Castellón/Castelló;12105 Sierra Engarcerán;Total;2017;1012
12;Castellón/Castelló;12105 Sierra Engarcerán;Total;2016;1019
12;Castellón/Castelló;12105 Sierra Engarcerán;Total;2015;1018
12;Castellón/Castelló;12105 Sierra Engarcerán;Total;2014;1031
12;Castellón/Castelló;12105 Sierra Engarcerán;Total;2013;1048
12;Castellón/Castelló;12105 Sierra Engarcerán;Total;2012;1066
12;Castellón/Castelló;12105 Sierra Engarcerán;Total;2011;1054
12;Castellón/Castelló;12105 Sierra Engarcerán;Total;2010;1032
12;Castellón/Castelló;12105 Sierra Engarcerán;Total;2009;1039
12;Castellón/Castelló;12105 Sierra Engarcerán;Total;2008;1037
12;Castellón/Castelló;12105 Sierra Engarcerán;Total;2007;1048
12;Castellón/Castelló;12105 Sierra Engarcerán;Total;2006;1069
12;Castellón/Castelló;12105 Sierra Engarcerán;Total;2005;1079
12;Castellón/Castelló;12105 Sierra Engarcerán;Total;2004;1073
12;Castellón/Castelló;12105 Sierra Engarcerán;Total;2003;1079
12;Castellón/Castelló;12105 Sierra Engarcerán;Total;2002;1075
12;Castellón/Castelló;12105 Sierra Engarcerán;Total;2001;1080
12;Castellón/Castelló;12105 Sierra Engarcerán;Total;2000;1098
12;Castellón/Castelló;12105 Sierra Engarcerán;Total;1999;1072
12;Castellón/Castelló;12105 Sierra Engarcerán;Total;1998;1084
12;Castellón/Castelló;12105 Sierra Engarcerán;Total;1997;
12;Castellón/Castelló;12105 Sierra Engarcerán;Total;1996;1090
12;Castellón/Castelló;12105 Sierra Engarcerán;Hombres;2023;549
12;Castellón/Castelló;12105 Sierra Engarcerán;Hombres;2022;528
12;Castellón/Castelló;12105 Sierra Engarcerán;Hombres;2021;525
12;Castellón/Castelló;12105 Sierra Engarcerán;Hombres;2020;520
12;Castellón/Castelló;12105 Sierra Engarcerán;Hombres;2019;513
12;Castellón/Castelló;12105 Sierra Engarcerán;Hombres;2018;542
12;Castellón/Castelló;12105 Sierra Engarcerán;Hombres;2017;535
12;Castellón/Castelló;12105 Sierra Engarcerán;Hombres;2016;539
12;Castellón/Castelló;12105 Sierra Engarcerán;Hombres;2015;540
12;Castellón/Castelló;12105 Sierra Engarcerán;Hombres;2014;552
12;Castellón/Castelló;12105 Sierra Engarcerán;Hombres;2013;559
12;Castellón/Castelló;12105 Sierra Engarcerán;Hombres;2012;572
12;Castellón/Castelló;12105 Sierra Engarcerán;Hombres;2011;563
12;Castellón/Castelló;12105 Sierra Engarcerán;Hombres;2010;551
12;Castellón/Castelló;12105 Sierra Engarcerán;Hombres;2009;550
12;Castellón/Castelló;12105 Sierra Engarcerán;Hombres;2008;542
12;Castellón/Castelló;12105 Sierra Engarcerán;Hombres;2007;542
12;Castellón/Castelló;12105 Sierra Engarcerán;Hombres;2006;550
12;Castellón/Castelló;12105 Sierra Engarcerán;Hombres;2005;554
12;Castellón/Castelló;12105 Sierra Engarcerán;Hombres;2004;555
12;Castellón/Castelló;12105 Sierra Engarcerán;Hombres;2003;559
12;Castellón/Castelló;12105 Sierra Engarcerán;Hombres;2002;557
12;Castellón/Castelló;12105 Sierra Engarcerán;Hombres;2001;562
12;Castellón/Castelló;12105 Sierra Engarcerán;Hombres;2000;577
12;Castellón/Castelló;12105 Sierra Engarcerán;Hombres;1999;565
12;Castellón/Castelló;12105 Sierra Engarcerán;Hombres;1998;570
12;Castellón/Castelló;12105 Sierra Engarcerán;Hombres;1997;
12;Castellón/Castelló;12105 Sierra Engarcerán;Hombres;1996;573
12;Castellón/Castelló;12105 Sierra Engarcerán;Mujeres;2023;496
12;Castellón/Castelló;12105 Sierra Engarcerán;Mujeres;2022;469
12;Castellón/Castelló;12105 Sierra Engarcerán;Mujeres;2021;467
12;Castellón/Castelló;12105 Sierra Engarcerán;Mujeres;2020;468
12;Castellón/Castelló;12105 Sierra Engarcerán;Mujeres;2019;463
12;Castellón/Castelló;12105 Sierra Engarcerán;Mujeres;2018;481
12;Castellón/Castelló;12105 Sierra Engarcerán;Mujeres;2017;477
12;Castellón/Castelló;12105 Sierra Engarcerán;Mujeres;2016;480
12;Castellón/Castelló;12105 Sierra Engarcerán;Mujeres;2015;478
12;Castellón/Castelló;12105 Sierra Engarcerán;Mujeres;2014;479
12;Castellón/Castelló;12105 Sierra Engarcerán;Mujeres;2013;489
12;Castellón/Castelló;12105 Sierra Engarcerán;Mujeres;2012;494
12;Castellón/Castelló;12105 Sierra Engarcerán;Mujeres;2011;491
12;Castellón/Castelló;12105 Sierra Engarcerán;Mujeres;2010;481
12;Castellón/Castelló;12105 Sierra Engarcerán;Mujeres;2009;489
12;Castellón/Castelló;12105 Sierra Engarcerán;Mujeres;2008;495
12;Castellón/Castelló;12105 Sierra Engarcerán;Mujeres;2007;506
12;Castellón/Castelló;12105 Sierra Engarcerán;Mujeres;2006;519
12;Castellón/Castelló;12105 Sierra Engarcerán;Mujeres;2005;525
12;Castellón/Castelló;12105 Sierra Engarcerán;Mujeres;2004;518
12;Castellón/Castelló;12105 Sierra Engarcerán;Mujeres;2003;520
12;Castellón/Castelló;12105 Sierra Engarcerán;Mujeres;2002;518
12;Castellón/Castelló;12105 Sierra Engarcerán;Mujeres;2001;518
12;Castellón/Castelló;12105 Sierra Engarcerán;Mujeres;2000;521
12;Castellón/Castelló;12105 Sierra Engarcerán;Mujeres;1999;507
12;Castellón/Castelló;12105 Sierra Engarcerán;Mujeres;1998;514
12;Castellón/Castelló;12105 Sierra Engarcerán;Mujeres;1997;
12;Castellón/Castelló;12105 Sierra Engarcerán;Mujeres;1996;517
12;Castellón/Castelló;12106 Soneja;Total;2023;1508
12;Castellón/Castelló;12106 Soneja;Total;2022;1520
12;Castellón/Castelló;12106 Soneja;Total;2021;1479
12;Castellón/Castelló;12106 Soneja;Total;2020;1456
12;Castellón/Castelló;12106 Soneja;Total;2019;1447
12;Castellón/Castelló;12106 Soneja;Total;2018;1439
12;Castellón/Castelló;12106 Soneja;Total;2017;1468
12;Castellón/Castelló;12106 Soneja;Total;2016;1463
12;Castellón/Castelló;12106 Soneja;Total;2015;1476
12;Castellón/Castelló;12106 Soneja;Total;2014;1489
12;Castellón/Castelló;12106 Soneja;Total;2013;1514
12;Castellón/Castelló;12106 Soneja;Total;2012;1525
12;Castellón/Castelló;12106 Soneja;Total;2011;1533
12;Castellón/Castelló;12106 Soneja;Total;2010;1542
12;Castellón/Castelló;12106 Soneja;Total;2009;1525
12;Castellón/Castelló;12106 Soneja;Total;2008;1476
12;Castellón/Castelló;12106 Soneja;Total;2007;1429
12;Castellón/Castelló;12106 Soneja;Total;2006;1408
12;Castellón/Castelló;12106 Soneja;Total;2005;1365
12;Castellón/Castelló;12106 Soneja;Total;2004;1350
12;Castellón/Castelló;12106 Soneja;Total;2003;1349
12;Castellón/Castelló;12106 Soneja;Total;2002;1385
12;Castellón/Castelló;12106 Soneja;Total;2001;1369
12;Castellón/Castelló;12106 Soneja;Total;2000;1379
12;Castellón/Castelló;12106 Soneja;Total;1999;1383
12;Castellón/Castelló;12106 Soneja;Total;1998;1387
12;Castellón/Castelló;12106 Soneja;Total;1997;
12;Castellón/Castelló;12106 Soneja;Total;1996;1416
12;Castellón/Castelló;12106 Soneja;Hombres;2023;744
12;Castellón/Castelló;12106 Soneja;Hombres;2022;758
12;Castellón/Castelló;12106 Soneja;Hombres;2021;735
12;Castellón/Castelló;12106 Soneja;Hombres;2020;720
12;Castellón/Castelló;12106 Soneja;Hombres;2019;712
12;Castellón/Castelló;12106 Soneja;Hombres;2018;702
12;Castellón/Castelló;12106 Soneja;Hombres;2017;714
12;Castellón/Castelló;12106 Soneja;Hombres;2016;713
12;Castellón/Castelló;12106 Soneja;Hombres;2015;722
12;Castellón/Castelló;12106 Soneja;Hombres;2014;733
12;Castellón/Castelló;12106 Soneja;Hombres;2013;747
12;Castellón/Castelló;12106 Soneja;Hombres;2012;757
12;Castellón/Castelló;12106 Soneja;Hombres;2011;764
12;Castellón/Castelló;12106 Soneja;Hombres;2010;768
12;Castellón/Castelló;12106 Soneja;Hombres;2009;757
12;Castellón/Castelló;12106 Soneja;Hombres;2008;738
12;Castellón/Castelló;12106 Soneja;Hombres;2007;714
12;Castellón/Castelló;12106 Soneja;Hombres;2006;710
12;Castellón/Castelló;12106 Soneja;Hombres;2005;684
12;Castellón/Castelló;12106 Soneja;Hombres;2004;677
12;Castellón/Castelló;12106 Soneja;Hombres;2003;683
12;Castellón/Castelló;12106 Soneja;Hombres;2002;699
12;Castellón/Castelló;12106 Soneja;Hombres;2001;694
12;Castellón/Castelló;12106 Soneja;Hombres;2000;696
12;Castellón/Castelló;12106 Soneja;Hombres;1999;699
12;Castellón/Castelló;12106 Soneja;Hombres;1998;703
12;Castellón/Castelló;12106 Soneja;Hombres;1997;
12;Castellón/Castelló;12106 Soneja;Hombres;1996;712
12;Castellón/Castelló;12106 Soneja;Mujeres;2023;764
12;Castellón/Castelló;12106 Soneja;Mujeres;2022;762
12;Castellón/Castelló;12106 Soneja;Mujeres;2021;744
12;Castellón/Castelló;12106 Soneja;Mujeres;2020;736
12;Castellón/Castelló;12106 Soneja;Mujeres;2019;735
12;Castellón/Castelló;12106 Soneja;Mujeres;2018;737
12;Castellón/Castelló;12106 Soneja;Mujeres;2017;754
12;Castellón/Castelló;12106 Soneja;Mujeres;2016;750
12;Castellón/Castelló;12106 Soneja;Mujeres;2015;754
12;Castellón/Castelló;12106 Soneja;Mujeres;2014;756
12;Castellón/Castelló;12106 Soneja;Mujeres;2013;767
12;Castellón/Castelló;12106 Soneja;Mujeres;2012;768
12;Castellón/Castelló;12106 Soneja;Mujeres;2011;769
12;Castellón/Castelló;12106 Soneja;Mujeres;2010;774
12;Castellón/Castelló;12106 Soneja;Mujeres;2009;768
12;Castellón/Castelló;12106 Soneja;Mujeres;2008;738
12;Castellón/Castelló;12106 Soneja;Mujeres;2007;715
12;Castellón/Castelló;12106 Soneja;Mujeres;2006;698
12;Castellón/Castelló;12106 Soneja;Mujeres;2005;681
12;Castellón/Castelló;12106 Soneja;Mujeres;2004;673
12;Castellón/Castelló;12106 Soneja;Mujeres;2003;666
12;Castellón/Castelló;12106 Soneja;Mujeres;2002;686
12;Castellón/Castelló;12106 Soneja;Mujeres;2001;675
12;Castellón/Castelló;12106 Soneja;Mujeres;2000;683
12;Castellón/Castelló;12106 Soneja;Mujeres;1999;684
12;Castellón/Castelló;12106 Soneja;Mujeres;1998;684
12;Castellón/Castelló;12106 Soneja;Mujeres;1997;
12;Castellón/Castelló;12106 Soneja;Mujeres;1996;704
12;Castellón/Castelló;12107 Sot de Ferrer;Total;2023;474
12;Castellón/Castelló;12107 Sot de Ferrer;Total;2022;447
12;Castellón/Castelló;12107 Sot de Ferrer;Total;2021;428
12;Castellón/Castelló;12107 Sot de Ferrer;Total;2020;409
12;Castellón/Castelló;12107 Sot de Ferrer;Total;2019;415
12;Castellón/Castelló;12107 Sot de Ferrer;Total;2018;428
12;Castellón/Castelló;12107 Sot de Ferrer;Total;2017;429
12;Castellón/Castelló;12107 Sot de Ferrer;Total;2016;418
12;Castellón/Castelló;12107 Sot de Ferrer;Total;2015;428
12;Castellón/Castelló;12107 Sot de Ferrer;Total;2014;437
12;Castellón/Castelló;12107 Sot de Ferrer;Total;2013;439
12;Castellón/Castelló;12107 Sot de Ferrer;Total;2012;447
12;Castellón/Castelló;12107 Sot de Ferrer;Total;2011;442
12;Castellón/Castelló;12107 Sot de Ferrer;Total;2010;460
12;Castellón/Castelló;12107 Sot de Ferrer;Total;2009;460
12;Castellón/Castelló;12107 Sot de Ferrer;Total;2008;471
12;Castellón/Castelló;12107 Sot de Ferrer;Total;2007;484
12;Castellón/Castelló;12107 Sot de Ferrer;Total;2006;475
12;Castellón/Castelló;12107 Sot de Ferrer;Total;2005;470
12;Castellón/Castelló;12107 Sot de Ferrer;Total;2004;487
12;Castellón/Castelló;12107 Sot de Ferrer;Total;2003;475
12;Castellón/Castelló;12107 Sot de Ferrer;Total;2002;424
12;Castellón/Castelló;12107 Sot de Ferrer;Total;2001;427
12;Castellón/Castelló;12107 Sot de Ferrer;Total;2000;422
12;Castellón/Castelló;12107 Sot de Ferrer;Total;1999;425
12;Castellón/Castelló;12107 Sot de Ferrer;Total;1998;405
12;Castellón/Castelló;12107 Sot de Ferrer;Total;1997;
12;Castellón/Castelló;12107 Sot de Ferrer;Total;1996;412
12;Castellón/Castelló;12107 Sot de Ferrer;Hombres;2023;256
12;Castellón/Castelló;12107 Sot de Ferrer;Hombres;2022;238
12;Castellón/Castelló;12107 Sot de Ferrer;Hombres;2021;229
12;Castellón/Castelló;12107 Sot de Ferrer;Hombres;2020;211
12;Castellón/Castelló;12107 Sot de Ferrer;Hombres;2019;212
12;Castellón/Castelló;12107 Sot de Ferrer;Hombres;2018;220
12;Castellón/Castelló;12107 Sot de Ferrer;Hombres;2017;221
12;Castellón/Castelló;12107 Sot de Ferrer;Hombres;2016;213
12;Castellón/Castelló;12107 Sot de Ferrer;Hombres;2015;219
12;Castellón/Castelló;12107 Sot de Ferrer;Hombres;2014;224
12;Castellón/Castelló;12107 Sot de Ferrer;Hombres;2013;226
12;Castellón/Castelló;12107 Sot de Ferrer;Hombres;2012;231
12;Castellón/Castelló;12107 Sot de Ferrer;Hombres;2011;232
12;Castellón/Castelló;12107 Sot de Ferrer;Hombres;2010;239
12;Castellón/Castelló;12107 Sot de Ferrer;Hombres;2009;239
12;Castellón/Castelló;12107 Sot de Ferrer;Hombres;2008;243
12;Castellón/Castelló;12107 Sot de Ferrer;Hombres;2007;249
12;Castellón/Castelló;12107 Sot de Ferrer;Hombres;2006;238
12;Castellón/Castelló;12107 Sot de Ferrer;Hombres;2005;236
12;Castellón/Castelló;12107 Sot de Ferrer;Hombres;2004;248
12;Castellón/Castelló;12107 Sot de Ferrer;Hombres;2003;240
12;Castellón/Castelló;12107 Sot de Ferrer;Hombres;2002;215
12;Castellón/Castelló;12107 Sot de Ferrer;Hombres;2001;215
12;Castellón/Castelló;12107 Sot de Ferrer;Hombres;2000;215
12;Castellón/Castelló;12107 Sot de Ferrer;Hombres;1999;217
12;Castellón/Castelló;12107 Sot de Ferrer;Hombres;1998;206
12;Castellón/Castelló;12107 Sot de Ferrer;Hombres;1997;
12;Castellón/Castelló;12107 Sot de Ferrer;Hombres;1996;207
12;Castellón/Castelló;12107 Sot de Ferrer;Mujeres;2023;218
12;Castellón/Castelló;12107 Sot de Ferrer;Mujeres;2022;209
12;Castellón/Castelló;12107 Sot de Ferrer;Mujeres;2021;199
12;Castellón/Castelló;12107 Sot de Ferrer;Mujeres;2020;198
12;Castellón/Castelló;12107 Sot de Ferrer;Mujeres;2019;203
12;Castellón/Castelló;12107 Sot de Ferrer;Mujeres;2018;208
12;Castellón/Castelló;12107 Sot de Ferrer;Mujeres;2017;208
12;Castellón/Castelló;12107 Sot de Ferrer;Mujeres;2016;205
12;Castellón/Castelló;12107 Sot de Ferrer;Mujeres;2015;209
12;Castellón/Castelló;12107 Sot de Ferrer;Mujeres;2014;213
12;Castellón/Castelló;12107 Sot de Ferrer;Mujeres;2013;213
12;Castellón/Castelló;12107 Sot de Ferrer;Mujeres;2012;216
12;Castellón/Castelló;12107 Sot de Ferrer;Mujeres;2011;210
12;Castellón/Castelló;12107 Sot de Ferrer;Mujeres;2010;221
12;Castellón/Castelló;12107 Sot de Ferrer;Mujeres;2009;221
12;Castellón/Castelló;12107 Sot de Ferrer;Mujeres;2008;228
12;Castellón/Castelló;12107 Sot de Ferrer;Mujeres;2007;235
12;Castellón/Castelló;12107 Sot de Ferrer;Mujeres;2006;237
12;Castellón/Castelló;12107 Sot de Ferrer;Mujeres;2005;234
12;Castellón/Castelló;12107 Sot de Ferrer;Mujeres;2004;239
12;Castellón/Castelló;12107 Sot de Ferrer;Mujeres;2003;235
12;Castellón/Castelló;12107 Sot de Ferrer;Mujeres;2002;209
12;Castellón/Castelló;12107 Sot de Ferrer;Mujeres;2001;212
12;Castellón/Castelló;12107 Sot de Ferrer;Mujeres;2000;207
12;Castellón/Castelló;12107 Sot de Ferrer;Mujeres;1999;208
12;Castellón/Castelló;12107 Sot de Ferrer;Mujeres;1998;199
12;Castellón/Castelló;12107 Sot de Ferrer;Mujeres;1997;
12;Castellón/Castelló;12107 Sot de Ferrer;Mujeres;1996;205
12;Castellón/Castelló;12108 Suera/Sueras;Total;2023;572
12;Castellón/Castelló;12108 Suera/Sueras;Total;2022;565
12;Castellón/Castelló;12108 Suera/Sueras;Total;2021;554
12;Castellón/Castelló;12108 Suera/Sueras;Total;2020;524
12;Castellón/Castelló;12108 Suera/Sueras;Total;2019;525
12;Castellón/Castelló;12108 Suera/Sueras;Total;2018;520
12;Castellón/Castelló;12108 Suera/Sueras;Total;2017;522
12;Castellón/Castelló;12108 Suera/Sueras;Total;2016;551
12;Castellón/Castelló;12108 Suera/Sueras;Total;2015;564
12;Castellón/Castelló;12108 Suera/Sueras;Total;2014;599
12;Castellón/Castelló;12108 Suera/Sueras;Total;2013;650
12;Castellón/Castelló;12108 Suera/Sueras;Total;2012;650
12;Castellón/Castelló;12108 Suera/Sueras;Total;2011;672
12;Castellón/Castelló;12108 Suera/Sueras;Total;2010;680
12;Castellón/Castelló;12108 Suera/Sueras;Total;2009;654
12;Castellón/Castelló;12108 Suera/Sueras;Total;2008;643
12;Castellón/Castelló;12108 Suera/Sueras;Total;2007;612
12;Castellón/Castelló;12108 Suera/Sueras;Total;2006;592
12;Castellón/Castelló;12108 Suera/Sueras;Total;2005;640
12;Castellón/Castelló;12108 Suera/Sueras;Total;2004;573
12;Castellón/Castelló;12108 Suera/Sueras;Total;2003;607
12;Castellón/Castelló;12108 Suera/Sueras;Total;2002;579
12;Castellón/Castelló;12108 Suera/Sueras;Total;2001;558
12;Castellón/Castelló;12108 Suera/Sueras;Total;2000;547
12;Castellón/Castelló;12108 Suera/Sueras;Total;1999;549
12;Castellón/Castelló;12108 Suera/Sueras;Total;1998;548
12;Castellón/Castelló;12108 Suera/Sueras;Total;1997;
12;Castellón/Castelló;12108 Suera/Sueras;Total;1996;568
12;Castellón/Castelló;12108 Suera/Sueras;Hombres;2023;296
12;Castellón/Castelló;12108 Suera/Sueras;Hombres;2022;299
12;Castellón/Castelló;12108 Suera/Sueras;Hombres;2021;293
12;Castellón/Castelló;12108 Suera/Sueras;Hombres;2020;277
12;Castellón/Castelló;12108 Suera/Sueras;Hombres;2019;279
12;Castellón/Castelló;12108 Suera/Sueras;Hombres;2018;270
12;Castellón/Castelló;12108 Suera/Sueras;Hombres;2017;269
12;Castellón/Castelló;12108 Suera/Sueras;Hombres;2016;283
12;Castellón/Castelló;12108 Suera/Sueras;Hombres;2015;289
12;Castellón/Castelló;12108 Suera/Sueras;Hombres;2014;307
12;Castellón/Castelló;12108 Suera/Sueras;Hombres;2013;336
12;Castellón/Castelló;12108 Suera/Sueras;Hombres;2012;331
12;Castellón/Castelló;12108 Suera/Sueras;Hombres;2011;347
12;Castellón/Castelló;12108 Suera/Sueras;Hombres;2010;343
12;Castellón/Castelló;12108 Suera/Sueras;Hombres;2009;333
12;Castellón/Castelló;12108 Suera/Sueras;Hombres;2008;332
12;Castellón/Castelló;12108 Suera/Sueras;Hombres;2007;308
12;Castellón/Castelló;12108 Suera/Sueras;Hombres;2006;295
12;Castellón/Castelló;12108 Suera/Sueras;Hombres;2005;323
12;Castellón/Castelló;12108 Suera/Sueras;Hombres;2004;286
12;Castellón/Castelló;12108 Suera/Sueras;Hombres;2003;305
12;Castellón/Castelló;12108 Suera/Sueras;Hombres;2002;295
12;Castellón/Castelló;12108 Suera/Sueras;Hombres;2001;277
12;Castellón/Castelló;12108 Suera/Sueras;Hombres;2000;270
12;Castellón/Castelló;12108 Suera/Sueras;Hombres;1999;270
12;Castellón/Castelló;12108 Suera/Sueras;Hombres;1998;274
12;Castellón/Castelló;12108 Suera/Sueras;Hombres;1997;
12;Castellón/Castelló;12108 Suera/Sueras;Hombres;1996;282
12;Castellón/Castelló;12108 Suera/Sueras;Mujeres;2023;276
12;Castellón/Castelló;12108 Suera/Sueras;Mujeres;2022;266
12;Castellón/Castelló;12108 Suera/Sueras;Mujeres;2021;261
12;Castellón/Castelló;12108 Suera/Sueras;Mujeres;2020;247
12;Castellón/Castelló;12108 Suera/Sueras;Mujeres;2019;246
12;Castellón/Castelló;12108 Suera/Sueras;Mujeres;2018;250
12;Castellón/Castelló;12108 Suera/Sueras;Mujeres;2017;253
12;Castellón/Castelló;12108 Suera/Sueras;Mujeres;2016;268
12;Castellón/Castelló;12108 Suera/Sueras;Mujeres;2015;275
12;Castellón/Castelló;12108 Suera/Sueras;Mujeres;2014;292
12;Castellón/Castelló;12108 Suera/Sueras;Mujeres;2013;314
12;Castellón/Castelló;12108 Suera/Sueras;Mujeres;2012;319
12;Castellón/Castelló;12108 Suera/Sueras;Mujeres;2011;325
12;Castellón/Castelló;12108 Suera/Sueras;Mujeres;2010;337
12;Castellón/Castelló;12108 Suera/Sueras;Mujeres;2009;321
12;Castellón/Castelló;12108 Suera/Sueras;Mujeres;2008;311
12;Castellón/Castelló;12108 Suera/Sueras;Mujeres;2007;304
12;Castellón/Castelló;12108 Suera/Sueras;Mujeres;2006;297
12;Castellón/Castelló;12108 Suera/Sueras;Mujeres;2005;317
12;Castellón/Castelló;12108 Suera/Sueras;Mujeres;2004;287
12;Castellón/Castelló;12108 Suera/Sueras;Mujeres;2003;302
12;Castellón/Castelló;12108 Suera/Sueras;Mujeres;2002;284
12;Castellón/Castelló;12108 Suera/Sueras;Mujeres;2001;281
12;Castellón/Castelló;12108 Suera/Sueras;Mujeres;2000;277
12;Castellón/Castelló;12108 Suera/Sueras;Mujeres;1999;279
12;Castellón/Castelló;12108 Suera/Sueras;Mujeres;1998;274
12;Castellón/Castelló;12108 Suera/Sueras;Mujeres;1997;
12;Castellón/Castelló;12108 Suera/Sueras;Mujeres;1996;286
12;Castellón/Castelló;12109 Tales;Total;2023;852
12;Castellón/Castelló;12109 Tales;Total;2022;853
12;Castellón/Castelló;12109 Tales;Total;2021;843
12;Castellón/Castelló;12109 Tales;Total;2020;801
12;Castellón/Castelló;12109 Tales;Total;2019;825
12;Castellón/Castelló;12109 Tales;Total;2018;814
12;Castellón/Castelló;12109 Tales;Total;2017;808
12;Castellón/Castelló;12109 Tales;Total;2016;812
12;Castellón/Castelló;12109 Tales;Total;2015;836
12;Castellón/Castelló;12109 Tales;Total;2014;858
12;Castellón/Castelló;12109 Tales;Total;2013;889
12;Castellón/Castelló;12109 Tales;Total;2012;902
12;Castellón/Castelló;12109 Tales;Total;2011;890
12;Castellón/Castelló;12109 Tales;Total;2010;893
12;Castellón/Castelló;12109 Tales;Total;2009;883
12;Castellón/Castelló;12109 Tales;Total;2008;879
12;Castellón/Castelló;12109 Tales;Total;2007;830
12;Castellón/Castelló;12109 Tales;Total;2006;828
12;Castellón/Castelló;12109 Tales;Total;2005;796
12;Castellón/Castelló;12109 Tales;Total;2004;753
12;Castellón/Castelló;12109 Tales;Total;2003;731
12;Castellón/Castelló;12109 Tales;Total;2002;746
12;Castellón/Castelló;12109 Tales;Total;2001;748
12;Castellón/Castelló;12109 Tales;Total;2000;763
12;Castellón/Castelló;12109 Tales;Total;1999;775
12;Castellón/Castelló;12109 Tales;Total;1998;763
12;Castellón/Castelló;12109 Tales;Total;1997;
12;Castellón/Castelló;12109 Tales;Total;1996;770
12;Castellón/Castelló;12109 Tales;Hombres;2023;435
12;Castellón/Castelló;12109 Tales;Hombres;2022;434
12;Castellón/Castelló;12109 Tales;Hombres;2021;433
12;Castellón/Castelló;12109 Tales;Hombres;2020;409
12;Castellón/Castelló;12109 Tales;Hombres;2019;416
12;Castellón/Castelló;12109 Tales;Hombres;2018;408
12;Castellón/Castelló;12109 Tales;Hombres;2017;407
12;Castellón/Castelló;12109 Tales;Hombres;2016;405
12;Castellón/Castelló;12109 Tales;Hombres;2015;419
12;Castellón/Castelló;12109 Tales;Hombres;2014;438
12;Castellón/Castelló;12109 Tales;Hombres;2013;446
12;Castellón/Castelló;12109 Tales;Hombres;2012;454
12;Castellón/Castelló;12109 Tales;Hombres;2011;444
12;Castellón/Castelló;12109 Tales;Hombres;2010;447
12;Castellón/Castelló;12109 Tales;Hombres;2009;447
12;Castellón/Castelló;12109 Tales;Hombres;2008;444
12;Castellón/Castelló;12109 Tales;Hombres;2007;419
12;Castellón/Castelló;12109 Tales;Hombres;2006;419
12;Castellón/Castelló;12109 Tales;Hombres;2005;397
12;Castellón/Castelló;12109 Tales;Hombres;2004;375
12;Castellón/Castelló;12109 Tales;Hombres;2003;363
12;Castellón/Castelló;12109 Tales;Hombres;2002;368
12;Castellón/Castelló;12109 Tales;Hombres;2001;366
12;Castellón/Castelló;12109 Tales;Hombres;2000;369
12;Castellón/Castelló;12109 Tales;Hombres;1999;375
12;Castellón/Castelló;12109 Tales;Hombres;1998;366
12;Castellón/Castelló;12109 Tales;Hombres;1997;
12;Castellón/Castelló;12109 Tales;Hombres;1996;365
12;Castellón/Castelló;12109 Tales;Mujeres;2023;417
12;Castellón/Castelló;12109 Tales;Mujeres;2022;419
12;Castellón/Castelló;12109 Tales;Mujeres;2021;410
12;Castellón/Castelló;12109 Tales;Mujeres;2020;392
12;Castellón/Castelló;12109 Tales;Mujeres;2019;409
12;Castellón/Castelló;12109 Tales;Mujeres;2018;406
12;Castellón/Castelló;12109 Tales;Mujeres;2017;401
12;Castellón/Castelló;12109 Tales;Mujeres;2016;407
12;Castellón/Castelló;12109 Tales;Mujeres;2015;417
12;Castellón/Castelló;12109 Tales;Mujeres;2014;420
12;Castellón/Castelló;12109 Tales;Mujeres;2013;443
12;Castellón/Castelló;12109 Tales;Mujeres;2012;448
12;Castellón/Castelló;12109 Tales;Mujeres;2011;446
12;Castellón/Castelló;12109 Tales;Mujeres;2010;446
12;Castellón/Castelló;12109 Tales;Mujeres;2009;436
12;Castellón/Castelló;12109 Tales;Mujeres;2008;435
12;Castellón/Castelló;12109 Tales;Mujeres;2007;411
12;Castellón/Castelló;12109 Tales;Mujeres;2006;409
12;Castellón/Castelló;12109 Tales;Mujeres;2005;399
12;Castellón/Castelló;12109 Tales;Mujeres;2004;378
12;Castellón/Castelló;12109 Tales;Mujeres;2003;368
12;Castellón/Castelló;12109 Tales;Mujeres;2002;378
12;Castellón/Castelló;12109 Tales;Mujeres;2001;382
12;Castellón/Castelló;12109 Tales;Mujeres;2000;394
12;Castellón/Castelló;12109 Tales;Mujeres;1999;400
12;Castellón/Castelló;12109 Tales;Mujeres;1998;397
12;Castellón/Castelló;12109 Tales;Mujeres;1997;
12;Castellón/Castelló;12109 Tales;Mujeres;1996;405
12;Castellón/Castelló;12110 Teresa;Total;2023;250
12;Castellón/Castelló;12110 Teresa;Total;2022;253
12;Castellón/Castelló;12110 Teresa;Total;2021;245
12;Castellón/Castelló;12110 Teresa;Total;2020;247
12;Castellón/Castelló;12110 Teresa;Total;2019;242
12;Castellón/Castelló;12110 Teresa;Total;2018;249
12;Castellón/Castelló;12110 Teresa;Total;2017;250
12;Castellón/Castelló;12110 Teresa;Total;2016;266
12;Castellón/Castelló;12110 Teresa;Total;2015;277
12;Castellón/Castelló;12110 Teresa;Total;2014;283
12;Castellón/Castelló;12110 Teresa;Total;2013;286
12;Castellón/Castelló;12110 Teresa;Total;2012;275
12;Castellón/Castelló;12110 Teresa;Total;2011;284
12;Castellón/Castelló;12110 Teresa;Total;2010;288
12;Castellón/Castelló;12110 Teresa;Total;2009;297
12;Castellón/Castelló;12110 Teresa;Total;2008;303
12;Castellón/Castelló;12110 Teresa;Total;2007;311
12;Castellón/Castelló;12110 Teresa;Total;2006;320
12;Castellón/Castelló;12110 Teresa;Total;2005;341
12;Castellón/Castelló;12110 Teresa;Total;2004;328
12;Castellón/Castelló;12110 Teresa;Total;2003;321
12;Castellón/Castelló;12110 Teresa;Total;2002;330
12;Castellón/Castelló;12110 Teresa;Total;2001;342
12;Castellón/Castelló;12110 Teresa;Total;2000;345
12;Castellón/Castelló;12110 Teresa;Total;1999;359
12;Castellón/Castelló;12110 Teresa;Total;1998;368
12;Castellón/Castelló;12110 Teresa;Total;1997;
12;Castellón/Castelló;12110 Teresa;Total;1996;382
12;Castellón/Castelló;12110 Teresa;Hombres;2023;137
12;Castellón/Castelló;12110 Teresa;Hombres;2022;131
12;Castellón/Castelló;12110 Teresa;Hombres;2021;131
12;Castellón/Castelló;12110 Teresa;Hombres;2020;132
12;Castellón/Castelló;12110 Teresa;Hombres;2019;128
12;Castellón/Castelló;12110 Teresa;Hombres;2018;131
12;Castellón/Castelló;12110 Teresa;Hombres;2017;128
12;Castellón/Castelló;12110 Teresa;Hombres;2016;135
12;Castellón/Castelló;12110 Teresa;Hombres;2015;143
12;Castellón/Castelló;12110 Teresa;Hombres;2014;147
12;Castellón/Castelló;12110 Teresa;Hombres;2013;142
12;Castellón/Castelló;12110 Teresa;Hombres;2012;138
12;Castellón/Castelló;12110 Teresa;Hombres;2011;144
12;Castellón/Castelló;12110 Teresa;Hombres;2010;147
12;Castellón/Castelló;12110 Teresa;Hombres;2009;156
12;Castellón/Castelló;12110 Teresa;Hombres;2008;154
12;Castellón/Castelló;12110 Teresa;Hombres;2007;161
12;Castellón/Castelló;12110 Teresa;Hombres;2006;163
12;Castellón/Castelló;12110 Teresa;Hombres;2005;170
12;Castellón/Castelló;12110 Teresa;Hombres;2004;165
12;Castellón/Castelló;12110 Teresa;Hombres;2003;164
12;Castellón/Castelló;12110 Teresa;Hombres;2002;169
12;Castellón/Castelló;12110 Teresa;Hombres;2001;174
12;Castellón/Castelló;12110 Teresa;Hombres;2000;175
12;Castellón/Castelló;12110 Teresa;Hombres;1999;182
12;Castellón/Castelló;12110 Teresa;Hombres;1998;188
12;Castellón/Castelló;12110 Teresa;Hombres;1997;
12;Castellón/Castelló;12110 Teresa;Hombres;1996;192
12;Castellón/Castelló;12110 Teresa;Mujeres;2023;113
12;Castellón/Castelló;12110 Teresa;Mujeres;2022;122
12;Castellón/Castelló;12110 Teresa;Mujeres;2021;114
12;Castellón/Castelló;12110 Teresa;Mujeres;2020;115
12;Castellón/Castelló;12110 Teresa;Mujeres;2019;114
12;Castellón/Castelló;12110 Teresa;Mujeres;2018;118
12;Castellón/Castelló;12110 Teresa;Mujeres;2017;122
12;Castellón/Castelló;12110 Teresa;Mujeres;2016;131
12;Castellón/Castelló;12110 Teresa;Mujeres;2015;134
12;Castellón/Castelló;12110 Teresa;Mujeres;2014;136
12;Castellón/Castelló;12110 Teresa;Mujeres;2013;144
12;Castellón/Castelló;12110 Teresa;Mujeres;2012;137
12;Castellón/Castelló;12110 Teresa;Mujeres;2011;140
12;Castellón/Castelló;12110 Teresa;Mujeres;2010;141
12;Castellón/Castelló;12110 Teresa;Mujeres;2009;141
12;Castellón/Castelló;12110 Teresa;Mujeres;2008;149
12;Castellón/Castelló;12110 Teresa;Mujeres;2007;150
12;Castellón/Castelló;12110 Teresa;Mujeres;2006;157
12;Castellón/Castelló;12110 Teresa;Mujeres;2005;171
12;Castellón/Castelló;12110 Teresa;Mujeres;2004;163
12;Castellón/Castelló;12110 Teresa;Mujeres;2003;157
12;Castellón/Castelló;12110 Teresa;Mujeres;2002;161
12;Castellón/Castelló;12110 Teresa;Mujeres;2001;168
12;Castellón/Castelló;12110 Teresa;Mujeres;2000;170
12;Castellón/Castelló;12110 Teresa;Mujeres;1999;177
12;Castellón/Castelló;12110 Teresa;Mujeres;1998;180
12;Castellón/Castelló;12110 Teresa;Mujeres;1997;
12;Castellón/Castelló;12110 Teresa;Mujeres;1996;190
12;Castellón/Castelló;12112 Todolella;Total;2023;144
12;Castellón/Castelló;12112 Todolella;Total;2022;156
12;Castellón/Castelló;12112 Todolella;Total;2021;145
12;Castellón/Castelló;12112 Todolella;Total;2020;141
12;Castellón/Castelló;12112 Todolella;Total;2019;155
12;Castellón/Castelló;12112 Todolella;Total;2018;138
12;Castellón/Castelló;12112 Todolella;Total;2017;136
12;Castellón/Castelló;12112 Todolella;Total;2016;147
12;Castellón/Castelló;12112 Todolella;Total;2015;140
12;Castellón/Castelló;12112 Todolella;Total;2014;140
12;Castellón/Castelló;12112 Todolella;Total;2013;152
12;Castellón/Castelló;12112 Todolella;Total;2012;148
12;Castellón/Castelló;12112 Todolella;Total;2011;146
12;Castellón/Castelló;12112 Todolella;Total;2010;137
12;Castellón/Castelló;12112 Todolella;Total;2009;149
12;Castellón/Castelló;12112 Todolella;Total;2008;143
12;Castellón/Castelló;12112 Todolella;Total;2007;152
12;Castellón/Castelló;12112 Todolella;Total;2006;140
12;Castellón/Castelló;12112 Todolella;Total;2005;133
12;Castellón/Castelló;12112 Todolella;Total;2004;134
12;Castellón/Castelló;12112 Todolella;Total;2003;135
12;Castellón/Castelló;12112 Todolella;Total;2002;140
12;Castellón/Castelló;12112 Todolella;Total;2001;143
12;Castellón/Castelló;12112 Todolella;Total;2000;144
12;Castellón/Castelló;12112 Todolella;Total;1999;147
12;Castellón/Castelló;12112 Todolella;Total;1998;136
12;Castellón/Castelló;12112 Todolella;Total;1997;
12;Castellón/Castelló;12112 Todolella;Total;1996;138
12;Castellón/Castelló;12112 Todolella;Hombres;2023;86
12;Castellón/Castelló;12112 Todolella;Hombres;2022;91
12;Castellón/Castelló;12112 Todolella;Hombres;2021;84
12;Castellón/Castelló;12112 Todolella;Hombres;2020;84
12;Castellón/Castelló;12112 Todolella;Hombres;2019;92
12;Castellón/Castelló;12112 Todolella;Hombres;2018;81
12;Castellón/Castelló;12112 Todolella;Hombres;2017;76
12;Castellón/Castelló;12112 Todolella;Hombres;2016;85
12;Castellón/Castelló;12112 Todolella;Hombres;2015;80
12;Castellón/Castelló;12112 Todolella;Hombres;2014;78
12;Castellón/Castelló;12112 Todolella;Hombres;2013;85
12;Castellón/Castelló;12112 Todolella;Hombres;2012;84
12;Castellón/Castelló;12112 Todolella;Hombres;2011;84
12;Castellón/Castelló;12112 Todolella;Hombres;2010;79
12;Castellón/Castelló;12112 Todolella;Hombres;2009;91
12;Castellón/Castelló;12112 Todolella;Hombres;2008;89
12;Castellón/Castelló;12112 Todolella;Hombres;2007;90
12;Castellón/Castelló;12112 Todolella;Hombres;2006;83
12;Castellón/Castelló;12112 Todolella;Hombres;2005;79
12;Castellón/Castelló;12112 Todolella;Hombres;2004;82
12;Castellón/Castelló;12112 Todolella;Hombres;2003;81
12;Castellón/Castelló;12112 Todolella;Hombres;2002;84
12;Castellón/Castelló;12112 Todolella;Hombres;2001;84
12;Castellón/Castelló;12112 Todolella;Hombres;2000;82
12;Castellón/Castelló;12112 Todolella;Hombres;1999;84
12;Castellón/Castelló;12112 Todolella;Hombres;1998;81
12;Castellón/Castelló;12112 Todolella;Hombres;1997;
12;Castellón/Castelló;12112 Todolella;Hombres;1996;82
12;Castellón/Castelló;12112 Todolella;Mujeres;2023;58
12;Castellón/Castelló;12112 Todolella;Mujeres;2022;65
12;Castellón/Castelló;12112 Todolella;Mujeres;2021;61
12;Castellón/Castelló;12112 Todolella;Mujeres;2020;57
12;Castellón/Castelló;12112 Todolella;Mujeres;2019;63
12;Castellón/Castelló;12112 Todolella;Mujeres;2018;57
12;Castellón/Castelló;12112 Todolella;Mujeres;2017;60
12;Castellón/Castelló;12112 Todolella;Mujeres;2016;62
12;Castellón/Castelló;12112 Todolella;Mujeres;2015;60
12;Castellón/Castelló;12112 Todolella;Mujeres;2014;62
12;Castellón/Castelló;12112 Todolella;Mujeres;2013;67
12;Castellón/Castelló;12112 Todolella;Mujeres;2012;64
12;Castellón/Castelló;12112 Todolella;Mujeres;2011;62
12;Castellón/Castelló;12112 Todolella;Mujeres;2010;58
12;Castellón/Castelló;12112 Todolella;Mujeres;2009;58
12;Castellón/Castelló;12112 Todolella;Mujeres;2008;54
12;Castellón/Castelló;12112 Todolella;Mujeres;2007;62
12;Castellón/Castelló;12112 Todolella;Mujeres;2006;57
12;Castellón/Castelló;12112 Todolella;Mujeres;2005;54
12;Castellón/Castelló;12112 Todolella;Mujeres;2004;52
12;Castellón/Castelló;12112 Todolella;Mujeres;2003;54
12;Castellón/Castelló;12112 Todolella;Mujeres;2002;56
12;Castellón/Castelló;12112 Todolella;Mujeres;2001;59
12;Castellón/Castelló;12112 Todolella;Mujeres;2000;62
12;Castellón/Castelló;12112 Todolella;Mujeres;1999;63
12;Castellón/Castelló;12112 Todolella;Mujeres;1998;55
12;Castellón/Castelló;12112 Todolella;Mujeres;1997;
12;Castellón/Castelló;12112 Todolella;Mujeres;1996;56
12;Castellón/Castelló;12113 Toga;Total;2023;112
12;Castellón/Castelló;12113 Toga;Total;2022;104
12;Castellón/Castelló;12113 Toga;Total;2021;101
12;Castellón/Castelló;12113 Toga;Total;2020;96
12;Castellón/Castelló;12113 Toga;Total;2019;100
12;Castellón/Castelló;12113 Toga;Total;2018;100
12;Castellón/Castelló;12113 Toga;Total;2017;89
12;Castellón/Castelló;12113 Toga;Total;2016;98
12;Castellón/Castelló;12113 Toga;Total;2015;106
12;Castellón/Castelló;12113 Toga;Total;2014;112
12;Castellón/Castelló;12113 Toga;Total;2013;123
12;Castellón/Castelló;12113 Toga;Total;2012;140
12;Castellón/Castelló;12113 Toga;Total;2011;126
12;Castellón/Castelló;12113 Toga;Total;2010;113
12;Castellón/Castelló;12113 Toga;Total;2009;112
12;Castellón/Castelló;12113 Toga;Total;2008;118
12;Castellón/Castelló;12113 Toga;Total;2007;111
12;Castellón/Castelló;12113 Toga;Total;2006;107
12;Castellón/Castelló;12113 Toga;Total;2005;90
12;Castellón/Castelló;12113 Toga;Total;2004;85
12;Castellón/Castelló;12113 Toga;Total;2003;77
12;Castellón/Castelló;12113 Toga;Total;2002;87
12;Castellón/Castelló;12113 Toga;Total;2001;93
12;Castellón/Castelló;12113 Toga;Total;2000;103
12;Castellón/Castelló;12113 Toga;Total;1999;107
12;Castellón/Castelló;12113 Toga;Total;1998;94
12;Castellón/Castelló;12113 Toga;Total;1997;
12;Castellón/Castelló;12113 Toga;Total;1996;110
12;Castellón/Castelló;12113 Toga;Hombres;2023;60
12;Castellón/Castelló;12113 Toga;Hombres;2022;56
12;Castellón/Castelló;12113 Toga;Hombres;2021;54
12;Castellón/Castelló;12113 Toga;Hombres;2020;50
12;Castellón/Castelló;12113 Toga;Hombres;2019;52
12;Castellón/Castelló;12113 Toga;Hombres;2018;54
12;Castellón/Castelló;12113 Toga;Hombres;2017;46
12;Castellón/Castelló;12113 Toga;Hombres;2016;49
12;Castellón/Castelló;12113 Toga;Hombres;2015;53
12;Castellón/Castelló;12113 Toga;Hombres;2014;53
12;Castellón/Castelló;12113 Toga;Hombres;2013;57
12;Castellón/Castelló;12113 Toga;Hombres;2012;64
12;Castellón/Castelló;12113 Toga;Hombres;2011;61
12;Castellón/Castelló;12113 Toga;Hombres;2010;55
12;Castellón/Castelló;12113 Toga;Hombres;2009;52
12;Castellón/Castelló;12113 Toga;Hombres;2008;58
12;Castellón/Castelló;12113 Toga;Hombres;2007;53
12;Castellón/Castelló;12113 Toga;Hombres;2006;50
12;Castellón/Castelló;12113 Toga;Hombres;2005;43
12;Castellón/Castelló;12113 Toga;Hombres;2004;42
12;Castellón/Castelló;12113 Toga;Hombres;2003;40
12;Castellón/Castelló;12113 Toga;Hombres;2002;46
12;Castellón/Castelló;12113 Toga;Hombres;2001;47
12;Castellón/Castelló;12113 Toga;Hombres;2000;54
12;Castellón/Castelló;12113 Toga;Hombres;1999;55
12;Castellón/Castelló;12113 Toga;Hombres;1998;45
12;Castellón/Castelló;12113 Toga;Hombres;1997;
12;Castellón/Castelló;12113 Toga;Hombres;1996;49
12;Castellón/Castelló;12113 Toga;Mujeres;2023;52
12;Castellón/Castelló;12113 Toga;Mujeres;2022;48
12;Castellón/Castelló;12113 Toga;Mujeres;2021;47
12;Castellón/Castelló;12113 Toga;Mujeres;2020;46
12;Castellón/Castelló;12113 Toga;Mujeres;2019;48
12;Castellón/Castelló;12113 Toga;Mujeres;2018;46
12;Castellón/Castelló;12113 Toga;Mujeres;2017;43
12;Castellón/Castelló;12113 Toga;Mujeres;2016;49
12;Castellón/Castelló;12113 Toga;Mujeres;2015;53
12;Castellón/Castelló;12113 Toga;Mujeres;2014;59
12;Castellón/Castelló;12113 Toga;Mujeres;2013;66
12;Castellón/Castelló;12113 Toga;Mujeres;2012;76
12;Castellón/Castelló;12113 Toga;Mujeres;2011;65
12;Castellón/Castelló;12113 Toga;Mujeres;2010;58
12;Castellón/Castelló;12113 Toga;Mujeres;2009;60
12;Castellón/Castelló;12113 Toga;Mujeres;2008;60
12;Castellón/Castelló;12113 Toga;Mujeres;2007;58
12;Castellón/Castelló;12113 Toga;Mujeres;2006;57
12;Castellón/Castelló;12113 Toga;Mujeres;2005;47
12;Castellón/Castelló;12113 Toga;Mujeres;2004;43
12;Castellón/Castelló;12113 Toga;Mujeres;2003;37
12;Castellón/Castelló;12113 Toga;Mujeres;2002;41
12;Castellón/Castelló;12113 Toga;Mujeres;2001;46
12;Castellón/Castelló;12113 Toga;Mujeres;2000;49
12;Castellón/Castelló;12113 Toga;Mujeres;1999;52
12;Castellón/Castelló;12113 Toga;Mujeres;1998;49
12;Castellón/Castelló;12113 Toga;Mujeres;1997;
12;Castellón/Castelló;12113 Toga;Mujeres;1996;61
12;Castellón/Castelló;12115 Toro, El;Total;2023;248
12;Castellón/Castelló;12115 Toro, El;Total;2022;238
12;Castellón/Castelló;12115 Toro, El;Total;2021;239
12;Castellón/Castelló;12115 Toro, El;Total;2020;241
12;Castellón/Castelló;12115 Toro, El;Total;2019;256
12;Castellón/Castelló;12115 Toro, El;Total;2018;253
12;Castellón/Castelló;12115 Toro, El;Total;2017;253
12;Castellón/Castelló;12115 Toro, El;Total;2016;252
12;Castellón/Castelló;12115 Toro, El;Total;2015;251
12;Castellón/Castelló;12115 Toro, El;Total;2014;256
12;Castellón/Castelló;12115 Toro, El;Total;2013;269
12;Castellón/Castelló;12115 Toro, El;Total;2012;280
12;Castellón/Castelló;12115 Toro, El;Total;2011;279
12;Castellón/Castelló;12115 Toro, El;Total;2010;297
12;Castellón/Castelló;12115 Toro, El;Total;2009;292
12;Castellón/Castelló;12115 Toro, El;Total;2008;309
12;Castellón/Castelló;12115 Toro, El;Total;2007;292
12;Castellón/Castelló;12115 Toro, El;Total;2006;288
12;Castellón/Castelló;12115 Toro, El;Total;2005;284
12;Castellón/Castelló;12115 Toro, El;Total;2004;292
12;Castellón/Castelló;12115 Toro, El;Total;2003;289
12;Castellón/Castelló;12115 Toro, El;Total;2002;307
12;Castellón/Castelló;12115 Toro, El;Total;2001;314
12;Castellón/Castelló;12115 Toro, El;Total;2000;336
12;Castellón/Castelló;12115 Toro, El;Total;1999;345
12;Castellón/Castelló;12115 Toro, El;Total;1998;356
12;Castellón/Castelló;12115 Toro, El;Total;1997;
12;Castellón/Castelló;12115 Toro, El;Total;1996;364
12;Castellón/Castelló;12115 Toro, El;Hombres;2023;128
12;Castellón/Castelló;12115 Toro, El;Hombres;2022;131
12;Castellón/Castelló;12115 Toro, El;Hombres;2021;132
12;Castellón/Castelló;12115 Toro, El;Hombres;2020;136
12;Castellón/Castelló;12115 Toro, El;Hombres;2019;146
12;Castellón/Castelló;12115 Toro, El;Hombres;2018;138
12;Castellón/Castelló;12115 Toro, El;Hombres;2017;135
12;Castellón/Castelló;12115 Toro, El;Hombres;2016;140
12;Castellón/Castelló;12115 Toro, El;Hombres;2015;139
12;Castellón/Castelló;12115 Toro, El;Hombres;2014;141
12;Castellón/Castelló;12115 Toro, El;Hombres;2013;151
12;Castellón/Castelló;12115 Toro, El;Hombres;2012;156
12;Castellón/Castelló;12115 Toro, El;Hombres;2011;158
12;Castellón/Castelló;12115 Toro, El;Hombres;2010;168
12;Castellón/Castelló;12115 Toro, El;Hombres;2009;165
12;Castellón/Castelló;12115 Toro, El;Hombres;2008;169
12;Castellón/Castelló;12115 Toro, El;Hombres;2007;162
12;Castellón/Castelló;12115 Toro, El;Hombres;2006;153
12;Castellón/Castelló;12115 Toro, El;Hombres;2005;149
12;Castellón/Castelló;12115 Toro, El;Hombres;2004;155
12;Castellón/Castelló;12115 Toro, El;Hombres;2003;152
12;Castellón/Castelló;12115 Toro, El;Hombres;2002;163
12;Castellón/Castelló;12115 Toro, El;Hombres;2001;170
12;Castellón/Castelló;12115 Toro, El;Hombres;2000;177
12;Castellón/Castelló;12115 Toro, El;Hombres;1999;186
12;Castellón/Castelló;12115 Toro, El;Hombres;1998;187
12;Castellón/Castelló;12115 Toro, El;Hombres;1997;
12;Castellón/Castelló;12115 Toro, El;Hombres;1996;193
12;Castellón/Castelló;12115 Toro, El;Mujeres;2023;120
12;Castellón/Castelló;12115 Toro, El;Mujeres;2022;107
12;Castellón/Castelló;12115 Toro, El;Mujeres;2021;107
12;Castellón/Castelló;12115 Toro, El;Mujeres;2020;105
12;Castellón/Castelló;12115 Toro, El;Mujeres;2019;110
12;Castellón/Castelló;12115 Toro, El;Mujeres;2018;115
12;Castellón/Castelló;12115 Toro, El;Mujeres;2017;118
12;Castellón/Castelló;12115 Toro, El;Mujeres;2016;112
12;Castellón/Castelló;12115 Toro, El;Mujeres;2015;112
12;Castellón/Castelló;12115 Toro, El;Mujeres;2014;115
12;Castellón/Castelló;12115 Toro, El;Mujeres;2013;118
12;Castellón/Castelló;12115 Toro, El;Mujeres;2012;124
12;Castellón/Castelló;12115 Toro, El;Mujeres;2011;121
12;Castellón/Castelló;12115 Toro, El;Mujeres;2010;129
12;Castellón/Castelló;12115 Toro, El;Mujeres;2009;127
12;Castellón/Castelló;12115 Toro, El;Mujeres;2008;140
12;Castellón/Castelló;12115 Toro, El;Mujeres;2007;130
12;Castellón/Castelló;12115 Toro, El;Mujeres;2006;135
12;Castellón/Castelló;12115 Toro, El;Mujeres;2005;135
12;Castellón/Castelló;12115 Toro, El;Mujeres;2004;137
12;Castellón/Castelló;12115 Toro, El;Mujeres;2003;137
12;Castellón/Castelló;12115 Toro, El;Mujeres;2002;144
12;Castellón/Castelló;12115 Toro, El;Mujeres;2001;144
12;Castellón/Castelló;12115 Toro, El;Mujeres;2000;159
12;Castellón/Castelló;12115 Toro, El;Mujeres;1999;159
12;Castellón/Castelló;12115 Toro, El;Mujeres;1998;169
12;Castellón/Castelló;12115 Toro, El;Mujeres;1997;
12;Castellón/Castelló;12115 Toro, El;Mujeres;1996;171
12;Castellón/Castelló;12116 Torralba del Pinar;Total;2023;69
12;Castellón/Castelló;12116 Torralba del Pinar;Total;2022;60
12;Castellón/Castelló;12116 Torralba del Pinar;Total;2021;63
12;Castellón/Castelló;12116 Torralba del Pinar;Total;2020;61
12;Castellón/Castelló;12116 Torralba del Pinar;Total;2019;69
12;Castellón/Castelló;12116 Torralba del Pinar;Total;2018;54
12;Castellón/Castelló;12116 Torralba del Pinar;Total;2017;57
12;Castellón/Castelló;12116 Torralba del Pinar;Total;2016;66
12;Castellón/Castelló;12116 Torralba del Pinar;Total;2015;71
12;Castellón/Castelló;12116 Torralba del Pinar;Total;2014;48
12;Castellón/Castelló;12116 Torralba del Pinar;Total;2013;49
12;Castellón/Castelló;12116 Torralba del Pinar;Total;2012;56
12;Castellón/Castelló;12116 Torralba del Pinar;Total;2011;54
12;Castellón/Castelló;12116 Torralba del Pinar;Total;2010;64
12;Castellón/Castelló;12116 Torralba del Pinar;Total;2009;62
12;Castellón/Castelló;12116 Torralba del Pinar;Total;2008;68
12;Castellón/Castelló;12116 Torralba del Pinar;Total;2007;71
12;Castellón/Castelló;12116 Torralba del Pinar;Total;2006;73
12;Castellón/Castelló;12116 Torralba del Pinar;Total;2005;66
12;Castellón/Castelló;12116 Torralba del Pinar;Total;2004;68
12;Castellón/Castelló;12116 Torralba del Pinar;Total;2003;77
12;Castellón/Castelló;12116 Torralba del Pinar;Total;2002;81
12;Castellón/Castelló;12116 Torralba del Pinar;Total;2001;78
12;Castellón/Castelló;12116 Torralba del Pinar;Total;2000;75
12;Castellón/Castelló;12116 Torralba del Pinar;Total;1999;69
12;Castellón/Castelló;12116 Torralba del Pinar;Total;1998;67
12;Castellón/Castelló;12116 Torralba del Pinar;Total;1997;
12;Castellón/Castelló;12116 Torralba del Pinar;Total;1996;71
12;Castellón/Castelló;12116 Torralba del Pinar;Hombres;2023;34
12;Castellón/Castelló;12116 Torralba del Pinar;Hombres;2022;28
12;Castellón/Castelló;12116 Torralba del Pinar;Hombres;2021;30
12;Castellón/Castelló;12116 Torralba del Pinar;Hombres;2020;27
12;Castellón/Castelló;12116 Torralba del Pinar;Hombres;2019;32
12;Castellón/Castelló;12116 Torralba del Pinar;Hombres;2018;26
12;Castellón/Castelló;12116 Torralba del Pinar;Hombres;2017;28
12;Castellón/Castelló;12116 Torralba del Pinar;Hombres;2016;32
12;Castellón/Castelló;12116 Torralba del Pinar;Hombres;2015;34
12;Castellón/Castelló;12116 Torralba del Pinar;Hombres;2014;23
12;Castellón/Castelló;12116 Torralba del Pinar;Hombres;2013;23
12;Castellón/Castelló;12116 Torralba del Pinar;Hombres;2012;29
12;Castellón/Castelló;12116 Torralba del Pinar;Hombres;2011;26
12;Castellón/Castelló;12116 Torralba del Pinar;Hombres;2010;34
12;Castellón/Castelló;12116 Torralba del Pinar;Hombres;2009;33
12;Castellón/Castelló;12116 Torralba del Pinar;Hombres;2008;34
12;Castellón/Castelló;12116 Torralba del Pinar;Hombres;2007;34
12;Castellón/Castelló;12116 Torralba del Pinar;Hombres;2006;34
12;Castellón/Castelló;12116 Torralba del Pinar;Hombres;2005;32
12;Castellón/Castelló;12116 Torralba del Pinar;Hombres;2004;32
12;Castellón/Castelló;12116 Torralba del Pinar;Hombres;2003;34
12;Castellón/Castelló;12116 Torralba del Pinar;Hombres;2002;36
12;Castellón/Castelló;12116 Torralba del Pinar;Hombres;2001;36
12;Castellón/Castelló;12116 Torralba del Pinar;Hombres;2000;35
12;Castellón/Castelló;12116 Torralba del Pinar;Hombres;1999;33
12;Castellón/Castelló;12116 Torralba del Pinar;Hombres;1998;31
12;Castellón/Castelló;12116 Torralba del Pinar;Hombres;1997;
12;Castellón/Castelló;12116 Torralba del Pinar;Hombres;1996;36
12;Castellón/Castelló;12116 Torralba del Pinar;Mujeres;2023;35
12;Castellón/Castelló;12116 Torralba del Pinar;Mujeres;2022;32
12;Castellón/Castelló;12116 Torralba del Pinar;Mujeres;2021;33
12;Castellón/Castelló;12116 Torralba del Pinar;Mujeres;2020;34
12;Castellón/Castelló;12116 Torralba del Pinar;Mujeres;2019;37
12;Castellón/Castelló;12116 Torralba del Pinar;Mujeres;2018;28
12;Castellón/Castelló;12116 Torralba del Pinar;Mujeres;2017;29
12;Castellón/Castelló;12116 Torralba del Pinar;Mujeres;2016;34
12;Castellón/Castelló;12116 Torralba del Pinar;Mujeres;2015;37
12;Castellón/Castelló;12116 Torralba del Pinar;Mujeres;2014;25
12;Castellón/Castelló;12116 Torralba del Pinar;Mujeres;2013;26
12;Castellón/Castelló;12116 Torralba del Pinar;Mujeres;2012;27
12;Castellón/Castelló;12116 Torralba del Pinar;Mujeres;2011;28
12;Castellón/Castelló;12116 Torralba del Pinar;Mujeres;2010;30
12;Castellón/Castelló;12116 Torralba del Pinar;Mujeres;2009;29
12;Castellón/Castelló;12116 Torralba del Pinar;Mujeres;2008;34
12;Castellón/Castelló;12116 Torralba del Pinar;Mujeres;2007;37
12;Castellón/Castelló;12116 Torralba del Pinar;Mujeres;2006;39
12;Castellón/Castelló;12116 Torralba del Pinar;Mujeres;2005;34
12;Castellón/Castelló;12116 Torralba del Pinar;Mujeres;2004;36
12;Castellón/Castelló;12116 Torralba del Pinar;Mujeres;2003;43
12;Castellón/Castelló;12116 Torralba del Pinar;Mujeres;2002;45
12;Castellón/Castelló;12116 Torralba del Pinar;Mujeres;2001;42
12;Castellón/Castelló;12116 Torralba del Pinar;Mujeres;2000;40
12;Castellón/Castelló;12116 Torralba del Pinar;Mujeres;1999;36
12;Castellón/Castelló;12116 Torralba del Pinar;Mujeres;1998;36
12;Castellón/Castelló;12116 Torralba del Pinar;Mujeres;1997;
12;Castellón/Castelló;12116 Torralba del Pinar;Mujeres;1996;35
12;Castellón/Castelló;12119 Torre d'en Besora, la;Total;2023;164
12;Castellón/Castelló;12119 Torre d'en Besora, la;Total;2022;165
12;Castellón/Castelló;12119 Torre d'en Besora, la;Total;2021;167
12;Castellón/Castelló;12119 Torre d'en Besora, la;Total;2020;167
12;Castellón/Castelló;12119 Torre d'en Besora, la;Total;2019;158
12;Castellón/Castelló;12119 Torre d'en Besora, la;Total;2018;157
12;Castellón/Castelló;12119 Torre d'en Besora, la;Total;2017;158
12;Castellón/Castelló;12119 Torre d'en Besora, la;Total;2016;166
12;Castellón/Castelló;12119 Torre d'en Besora, la;Total;2015;163
12;Castellón/Castelló;12119 Torre d'en Besora, la;Total;2014;167
12;Castellón/Castelló;12119 Torre d'en Besora, la;Total;2013;179
12;Castellón/Castelló;12119 Torre d'en Besora, la;Total;2012;179
12;Castellón/Castelló;12119 Torre d'en Besora, la;Total;2011;177
12;Castellón/Castelló;12119 Torre d'en Besora, la;Total;2010;182
12;Castellón/Castelló;12119 Torre d'en Besora, la;Total;2009;185
12;Castellón/Castelló;12119 Torre d'en Besora, la;Total;2008;184
12;Castellón/Castelló;12119 Torre d'en Besora, la;Total;2007;180
12;Castellón/Castelló;12119 Torre d'en Besora, la;Total;2006;189
12;Castellón/Castelló;12119 Torre d'en Besora, la;Total;2005;204
12;Castellón/Castelló;12119 Torre d'en Besora, la;Total;2004;190
12;Castellón/Castelló;12119 Torre d'en Besora, la;Total;2003;184
12;Castellón/Castelló;12119 Torre d'en Besora, la;Total;2002;194
12;Castellón/Castelló;12119 Torre d'en Besora, la;Total;2001;202
12;Castellón/Castelló;12119 Torre d'en Besora, la;Total;2000;210
12;Castellón/Castelló;12119 Torre d'en Besora, la;Total;1999;212
12;Castellón/Castelló;12119 Torre d'en Besora, la;Total;1998;210
12;Castellón/Castelló;12119 Torre d'en Besora, la;Total;1997;
12;Castellón/Castelló;12119 Torre d'en Besora, la;Total;1996;227
12;Castellón/Castelló;12119 Torre d'en Besora, la;Hombres;2023;88
12;Castellón/Castelló;12119 Torre d'en Besora, la;Hombres;2022;92
12;Castellón/Castelló;12119 Torre d'en Besora, la;Hombres;2021;92
12;Castellón/Castelló;12119 Torre d'en Besora, la;Hombres;2020;95
12;Castellón/Castelló;12119 Torre d'en Besora, la;Hombres;2019;88
12;Castellón/Castelló;12119 Torre d'en Besora, la;Hombres;2018;87
12;Castellón/Castelló;12119 Torre d'en Besora, la;Hombres;2017;87
12;Castellón/Castelló;12119 Torre d'en Besora, la;Hombres;2016;93
12;Castellón/Castelló;12119 Torre d'en Besora, la;Hombres;2015;94
12;Castellón/Castelló;12119 Torre d'en Besora, la;Hombres;2014;95
12;Castellón/Castelló;12119 Torre d'en Besora, la;Hombres;2013;102
12;Castellón/Castelló;12119 Torre d'en Besora, la;Hombres;2012;100
12;Castellón/Castelló;12119 Torre d'en Besora, la;Hombres;2011;101
12;Castellón/Castelló;12119 Torre d'en Besora, la;Hombres;2010;101
12;Castellón/Castelló;12119 Torre d'en Besora, la;Hombres;2009;102
12;Castellón/Castelló;12119 Torre d'en Besora, la;Hombres;2008;103
12;Castellón/Castelló;12119 Torre d'en Besora, la;Hombres;2007;100
12;Castellón/Castelló;12119 Torre d'en Besora, la;Hombres;2006;104
12;Castellón/Castelló;12119 Torre d'en Besora, la;Hombres;2005;112
12;Castellón/Castelló;12119 Torre d'en Besora, la;Hombres;2004;103
12;Castellón/Castelló;12119 Torre d'en Besora, la;Hombres;2003;96
12;Castellón/Castelló;12119 Torre d'en Besora, la;Hombres;2002;98
12;Castellón/Castelló;12119 Torre d'en Besora, la;Hombres;2001;101
12;Castellón/Castelló;12119 Torre d'en Besora, la;Hombres;2000;107
12;Castellón/Castelló;12119 Torre d'en Besora, la;Hombres;1999;107
12;Castellón/Castelló;12119 Torre d'en Besora, la;Hombres;1998;106
12;Castellón/Castelló;12119 Torre d'en Besora, la;Hombres;1997;
12;Castellón/Castelló;12119 Torre d'en Besora, la;Hombres;1996;117
12;Castellón/Castelló;12119 Torre d'en Besora, la;Mujeres;2023;76
12;Castellón/Castelló;12119 Torre d'en Besora, la;Mujeres;2022;73
12;Castellón/Castelló;12119 Torre d'en Besora, la;Mujeres;2021;75
12;Castellón/Castelló;12119 Torre d'en Besora, la;Mujeres;2020;72
12;Castellón/Castelló;12119 Torre d'en Besora, la;Mujeres;2019;70
12;Castellón/Castelló;12119 Torre d'en Besora, la;Mujeres;2018;70
12;Castellón/Castelló;12119 Torre d'en Besora, la;Mujeres;2017;71
12;Castellón/Castelló;12119 Torre d'en Besora, la;Mujeres;2016;73
12;Castellón/Castelló;12119 Torre d'en Besora, la;Mujeres;2015;69
12;Castellón/Castelló;12119 Torre d'en Besora, la;Mujeres;2014;72
12;Castellón/Castelló;12119 Torre d'en Besora, la;Mujeres;2013;77
12;Castellón/Castelló;12119 Torre d'en Besora, la;Mujeres;2012;79
12;Castellón/Castelló;12119 Torre d'en Besora, la;Mujeres;2011;76
12;Castellón/Castelló;12119 Torre d'en Besora, la;Mujeres;2010;81
12;Castellón/Castelló;12119 Torre d'en Besora, la;Mujeres;2009;83
12;Castellón/Castelló;12119 Torre d'en Besora, la;Mujeres;2008;81
12;Castellón/Castelló;12119 Torre d'en Besora, la;Mujeres;2007;80
12;Castellón/Castelló;12119 Torre d'en Besora, la;Mujeres;2006;85
12;Castellón/Castelló;12119 Torre d'en Besora, la;Mujeres;2005;92
12;Castellón/Castelló;12119 Torre d'en Besora, la;Mujeres;2004;87
12;Castellón/Castelló;12119 Torre d'en Besora, la;Mujeres;2003;88
12;Castellón/Castelló;12119 Torre d'en Besora, la;Mujeres;2002;96
12;Castellón/Castelló;12119 Torre d'en Besora, la;Mujeres;2001;101
12;Castellón/Castelló;12119 Torre d'en Besora, la;Mujeres;2000;103
12;Castellón/Castelló;12119 Torre d'en Besora, la;Mujeres;1999;105
12;Castellón/Castelló;12119 Torre d'en Besora, la;Mujeres;1998;104
12;Castellón/Castelló;12119 Torre d'en Besora, la;Mujeres;1997;
12;Castellón/Castelló;12119 Torre d'en Besora, la;Mujeres;1996;110
12;Castellón/Castelló;12120 Torre d'en Doménec, la;Total;2023;175
12;Castellón/Castelló;12120 Torre d'en Doménec, la;Total;2022;167
12;Castellón/Castelló;12120 Torre d'en Doménec, la;Total;2021;157
12;Castellón/Castelló;12120 Torre d'en Doménec, la;Total;2020;162
12;Castellón/Castelló;12120 Torre d'en Doménec, la;Total;2019;180
12;Castellón/Castelló;12120 Torre d'en Doménec, la;Total;2018;191
12;Castellón/Castelló;12120 Torre d'en Doménec, la;Total;2017;198
12;Castellón/Castelló;12120 Torre d'en Doménec, la;Total;2016;212
12;Castellón/Castelló;12120 Torre d'en Doménec, la;Total;2015;217
12;Castellón/Castelló;12120 Torre d'en Doménec, la;Total;2014;213
12;Castellón/Castelló;12120 Torre d'en Doménec, la;Total;2013;226
12;Castellón/Castelló;12120 Torre d'en Doménec, la;Total;2012;241
12;Castellón/Castelló;12120 Torre d'en Doménec, la;Total;2011;265
12;Castellón/Castelló;12120 Torre d'en Doménec, la;Total;2010;247
12;Castellón/Castelló;12120 Torre d'en Doménec, la;Total;2009;236
12;Castellón/Castelló;12120 Torre d'en Doménec, la;Total;2008;243
12;Castellón/Castelló;12120 Torre d'en Doménec, la;Total;2007;237
12;Castellón/Castelló;12120 Torre d'en Doménec, la;Total;2006;248
12;Castellón/Castelló;12120 Torre d'en Doménec, la;Total;2005;236
12;Castellón/Castelló;12120 Torre d'en Doménec, la;Total;2004;238
12;Castellón/Castelló;12120 Torre d'en Doménec, la;Total;2003;232
12;Castellón/Castelló;12120 Torre d'en Doménec, la;Total;2002;228
12;Castellón/Castelló;12120 Torre d'en Doménec, la;Total;2001;230
12;Castellón/Castelló;12120 Torre d'en Doménec, la;Total;2000;235
12;Castellón/Castelló;12120 Torre d'en Doménec, la;Total;1999;234
12;Castellón/Castelló;12120 Torre d'en Doménec, la;Total;1998;238
12;Castellón/Castelló;12120 Torre d'en Doménec, la;Total;1997;
12;Castellón/Castelló;12120 Torre d'en Doménec, la;Total;1996;260
12;Castellón/Castelló;12120 Torre d'en Doménec, la;Hombres;2023;94
12;Castellón/Castelló;12120 Torre d'en Doménec, la;Hombres;2022;87
12;Castellón/Castelló;12120 Torre d'en Doménec, la;Hombres;2021;80
12;Castellón/Castelló;12120 Torre d'en Doménec, la;Hombres;2020;84
12;Castellón/Castelló;12120 Torre d'en Doménec, la;Hombres;2019;92
12;Castellón/Castelló;12120 Torre d'en Doménec, la;Hombres;2018;96
12;Castellón/Castelló;12120 Torre d'en Doménec, la;Hombres;2017;103
12;Castellón/Castelló;12120 Torre d'en Doménec, la;Hombres;2016;107
12;Castellón/Castelló;12120 Torre d'en Doménec, la;Hombres;2015;109
12;Castellón/Castelló;12120 Torre d'en Doménec, la;Hombres;2014;108
12;Castellón/Castelló;12120 Torre d'en Doménec, la;Hombres;2013;111
12;Castellón/Castelló;12120 Torre d'en Doménec, la;Hombres;2012;121
12;Castellón/Castelló;12120 Torre d'en Doménec, la;Hombres;2011;135
12;Castellón/Castelló;12120 Torre d'en Doménec, la;Hombres;2010;123
12;Castellón/Castelló;12120 Torre d'en Doménec, la;Hombres;2009;122
12;Castellón/Castelló;12120 Torre d'en Doménec, la;Hombres;2008;126
12;Castellón/Castelló;12120 Torre d'en Doménec, la;Hombres;2007;121
12;Castellón/Castelló;12120 Torre d'en Doménec, la;Hombres;2006;132
12;Castellón/Castelló;12120 Torre d'en Doménec, la;Hombres;2005;128
12;Castellón/Castelló;12120 Torre d'en Doménec, la;Hombres;2004;126
12;Castellón/Castelló;12120 Torre d'en Doménec, la;Hombres;2003;121
12;Castellón/Castelló;12120 Torre d'en Doménec, la;Hombres;2002;118
12;Castellón/Castelló;12120 Torre d'en Doménec, la;Hombres;2001;116
12;Castellón/Castelló;12120 Torre d'en Doménec, la;Hombres;2000;118
12;Castellón/Castelló;12120 Torre d'en Doménec, la;Hombres;1999;117
12;Castellón/Castelló;12120 Torre d'en Doménec, la;Hombres;1998;118
12;Castellón/Castelló;12120 Torre d'en Doménec, la;Hombres;1997;
12;Castellón/Castelló;12120 Torre d'en Doménec, la;Hombres;1996;131
12;Castellón/Castelló;12120 Torre d'en Doménec, la;Mujeres;2023;81
12;Castellón/Castelló;12120 Torre d'en Doménec, la;Mujeres;2022;80
12;Castellón/Castelló;12120 Torre d'en Doménec, la;Mujeres;2021;77
12;Castellón/Castelló;12120 Torre d'en Doménec, la;Mujeres;2020;78
12;Castellón/Castelló;12120 Torre d'en Doménec, la;Mujeres;2019;88
12;Castellón/Castelló;12120 Torre d'en Doménec, la;Mujeres;2018;95
12;Castellón/Castelló;12120 Torre d'en Doménec, la;Mujeres;2017;95
12;Castellón/Castelló;12120 Torre d'en Doménec, la;Mujeres;2016;105
12;Castellón/Castelló;12120 Torre d'en Doménec, la;Mujeres;2015;108
12;Castellón/Castelló;12120 Torre d'en Doménec, la;Mujeres;2014;105
12;Castellón/Castelló;12120 Torre d'en Doménec, la;Mujeres;2013;115
12;Castellón/Castelló;12120 Torre d'en Doménec, la;Mujeres;2012;120
12;Castellón/Castelló;12120 Torre d'en Doménec, la;Mujeres;2011;130
12;Castellón/Castelló;12120 Torre d'en Doménec, la;Mujeres;2010;124
12;Castellón/Castelló;12120 Torre d'en Doménec, la;Mujeres;2009;114
12;Castellón/Castelló;12120 Torre d'en Doménec, la;Mujeres;2008;117
12;Castellón/Castelló;12120 Torre d'en Doménec, la;Mujeres;2007;116
12;Castellón/Castelló;12120 Torre d'en Doménec, la;Mujeres;2006;116
12;Castellón/Castelló;12120 Torre d'en Doménec, la;Mujeres;2005;108
12;Castellón/Castelló;12120 Torre d'en Doménec, la;Mujeres;2004;112
12;Castellón/Castelló;12120 Torre d'en Doménec, la;Mujeres;2003;111
12;Castellón/Castelló;12120 Torre d'en Doménec, la;Mujeres;2002;110
12;Castellón/Castelló;12120 Torre d'en Doménec, la;Mujeres;2001;114
12;Castellón/Castelló;12120 Torre d'en Doménec, la;Mujeres;2000;117
12;Castellón/Castelló;12120 Torre d'en Doménec, la;Mujeres;1999;117
12;Castellón/Castelló;12120 Torre d'en Doménec, la;Mujeres;1998;120
12;Castellón/Castelló;12120 Torre d'en Doménec, la;Mujeres;1997;
12;Castellón/Castelló;12120 Torre d'en Doménec, la;Mujeres;1996;129
12;Castellón/Castelló;12117 Torreblanca;Total;2023;5630
12;Castellón/Castelló;12117 Torreblanca;Total;2022;5682
12;Castellón/Castelló;12117 Torreblanca;Total;2021;5606
12;Castellón/Castelló;12117 Torreblanca;Total;2020;5574
12;Castellón/Castelló;12117 Torreblanca;Total;2019;5528
12;Castellón/Castelló;12117 Torreblanca;Total;2018;5461
12;Castellón/Castelló;12117 Torreblanca;Total;2017;5419
12;Castellón/Castelló;12117 Torreblanca;Total;2016;5398
12;Castellón/Castelló;12117 Torreblanca;Total;2015;5413
12;Castellón/Castelló;12117 Torreblanca;Total;2014;5520
12;Castellón/Castelló;12117 Torreblanca;Total;2013;5726
12;Castellón/Castelló;12117 Torreblanca;Total;2012;5737
12;Castellón/Castelló;12117 Torreblanca;Total;2011;5718
12;Castellón/Castelló;12117 Torreblanca;Total;2010;5767
12;Castellón/Castelló;12117 Torreblanca;Total;2009;6115
12;Castellón/Castelló;12117 Torreblanca;Total;2008;6192
12;Castellón/Castelló;12117 Torreblanca;Total;2007;5885
12;Castellón/Castelló;12117 Torreblanca;Total;2006;5884
12;Castellón/Castelló;12117 Torreblanca;Total;2005;5656
12;Castellón/Castelló;12117 Torreblanca;Total;2004;5430
12;Castellón/Castelló;12117 Torreblanca;Total;2003;5238
12;Castellón/Castelló;12117 Torreblanca;Total;2002;5050
12;Castellón/Castelló;12117 Torreblanca;Total;2001;4834
12;Castellón/Castelló;12117 Torreblanca;Total;2000;4614
12;Castellón/Castelló;12117 Torreblanca;Total;1999;4610
12;Castellón/Castelló;12117 Torreblanca;Total;1998;4590
12;Castellón/Castelló;12117 Torreblanca;Total;1997;
12;Castellón/Castelló;12117 Torreblanca;Total;1996;4583
12;Castellón/Castelló;12117 Torreblanca;Hombres;2023;2862
12;Castellón/Castelló;12117 Torreblanca;Hombres;2022;2912
12;Castellón/Castelló;12117 Torreblanca;Hombres;2021;2845
12;Castellón/Castelló;12117 Torreblanca;Hombres;2020;2835
12;Castellón/Castelló;12117 Torreblanca;Hombres;2019;2797
12;Castellón/Castelló;12117 Torreblanca;Hombres;2018;2754
12;Castellón/Castelló;12117 Torreblanca;Hombres;2017;2715
12;Castellón/Castelló;12117 Torreblanca;Hombres;2016;2740
12;Castellón/Castelló;12117 Torreblanca;Hombres;2015;2744
12;Castellón/Castelló;12117 Torreblanca;Hombres;2014;2812
12;Castellón/Castelló;12117 Torreblanca;Hombres;2013;2936
12;Castellón/Castelló;12117 Torreblanca;Hombres;2012;2951
12;Castellón/Castelló;12117 Torreblanca;Hombres;2011;2956
12;Castellón/Castelló;12117 Torreblanca;Hombres;2010;2990
12;Castellón/Castelló;12117 Torreblanca;Hombres;2009;3215
12;Castellón/Castelló;12117 Torreblanca;Hombres;2008;3238
12;Castellón/Castelló;12117 Torreblanca;Hombres;2007;3062
12;Castellón/Castelló;12117 Torreblanca;Hombres;2006;3064
12;Castellón/Castelló;12117 Torreblanca;Hombres;2005;2943
12;Castellón/Castelló;12117 Torreblanca;Hombres;2004;2808
12;Castellón/Castelló;12117 Torreblanca;Hombres;2003;2740
12;Castellón/Castelló;12117 Torreblanca;Hombres;2002;2605
12;Castellón/Castelló;12117 Torreblanca;Hombres;2001;2434
12;Castellón/Castelló;12117 Torreblanca;Hombres;2000;2294
12;Castellón/Castelló;12117 Torreblanca;Hombres;1999;2291
12;Castellón/Castelló;12117 Torreblanca;Hombres;1998;2291
12;Castellón/Castelló;12117 Torreblanca;Hombres;1997;
12;Castellón/Castelló;12117 Torreblanca;Hombres;1996;2298
12;Castellón/Castelló;12117 Torreblanca;Mujeres;2023;2768
12;Castellón/Castelló;12117 Torreblanca;Mujeres;2022;2770
12;Castellón/Castelló;12117 Torreblanca;Mujeres;2021;2761
12;Castellón/Castelló;12117 Torreblanca;Mujeres;2020;2739
12;Castellón/Castelló;12117 Torreblanca;Mujeres;2019;2731
12;Castellón/Castelló;12117 Torreblanca;Mujeres;2018;2707
12;Castellón/Castelló;12117 Torreblanca;Mujeres;2017;2704
12;Castellón/Castelló;12117 Torreblanca;Mujeres;2016;2658
12;Castellón/Castelló;12117 Torreblanca;Mujeres;2015;2669
12;Castellón/Castelló;12117 Torreblanca;Mujeres;2014;2708
12;Castellón/Castelló;12117 Torreblanca;Mujeres;2013;2790
12;Castellón/Castelló;12117 Torreblanca;Mujeres;2012;2786
12;Castellón/Castelló;12117 Torreblanca;Mujeres;2011;2762
12;Castellón/Castelló;12117 Torreblanca;Mujeres;2010;2777
12;Castellón/Castelló;12117 Torreblanca;Mujeres;2009;2900
12;Castellón/Castelló;12117 Torreblanca;Mujeres;2008;2954
12;Castellón/Castelló;12117 Torreblanca;Mujeres;2007;2823
12;Castellón/Castelló;12117 Torreblanca;Mujeres;2006;2820
12;Castellón/Castelló;12117 Torreblanca;Mujeres;2005;2713
12;Castellón/Castelló;12117 Torreblanca;Mujeres;2004;2622
12;Castellón/Castelló;12117 Torreblanca;Mujeres;2003;2498
12;Castellón/Castelló;12117 Torreblanca;Mujeres;2002;2445
12;Castellón/Castelló;12117 Torreblanca;Mujeres;2001;2400
12;Castellón/Castelló;12117 Torreblanca;Mujeres;2000;2320
12;Castellón/Castelló;12117 Torreblanca;Mujeres;1999;2319
12;Castellón/Castelló;12117 Torreblanca;Mujeres;1998;2299
12;Castellón/Castelló;12117 Torreblanca;Mujeres;1997;
12;Castellón/Castelló;12117 Torreblanca;Mujeres;1996;2285
12;Castellón/Castelló;12118 Torrechiva;Total;2023;114
12;Castellón/Castelló;12118 Torrechiva;Total;2022;89
12;Castellón/Castelló;12118 Torrechiva;Total;2021;93
12;Castellón/Castelló;12118 Torrechiva;Total;2020;89
12;Castellón/Castelló;12118 Torrechiva;Total;2019;81
12;Castellón/Castelló;12118 Torrechiva;Total;2018;74
12;Castellón/Castelló;12118 Torrechiva;Total;2017;77
12;Castellón/Castelló;12118 Torrechiva;Total;2016;75
12;Castellón/Castelló;12118 Torrechiva;Total;2015;81
12;Castellón/Castelló;12118 Torrechiva;Total;2014;75
12;Castellón/Castelló;12118 Torrechiva;Total;2013;90
12;Castellón/Castelló;12118 Torrechiva;Total;2012;96
12;Castellón/Castelló;12118 Torrechiva;Total;2011;102
12;Castellón/Castelló;12118 Torrechiva;Total;2010;96
12;Castellón/Castelló;12118 Torrechiva;Total;2009;91
12;Castellón/Castelló;12118 Torrechiva;Total;2008;98
12;Castellón/Castelló;12118 Torrechiva;Total;2007;100
12;Castellón/Castelló;12118 Torrechiva;Total;2006;98
12;Castellón/Castelló;12118 Torrechiva;Total;2005;100
12;Castellón/Castelló;12118 Torrechiva;Total;2004;98
12;Castellón/Castelló;12118 Torrechiva;Total;2003;97
12;Castellón/Castelló;12118 Torrechiva;Total;2002;86
12;Castellón/Castelló;12118 Torrechiva;Total;2001;78
12;Castellón/Castelló;12118 Torrechiva;Total;2000;76
12;Castellón/Castelló;12118 Torrechiva;Total;1999;73
12;Castellón/Castelló;12118 Torrechiva;Total;1998;68
12;Castellón/Castelló;12118 Torrechiva;Total;1997;
12;Castellón/Castelló;12118 Torrechiva;Total;1996;63
12;Castellón/Castelló;12118 Torrechiva;Hombres;2023;58
12;Castellón/Castelló;12118 Torrechiva;Hombres;2022;46
12;Castellón/Castelló;12118 Torrechiva;Hombres;2021;49
12;Castellón/Castelló;12118 Torrechiva;Hombres;2020;48
12;Castellón/Castelló;12118 Torrechiva;Hombres;2019;46
12;Castellón/Castelló;12118 Torrechiva;Hombres;2018;45
12;Castellón/Castelló;12118 Torrechiva;Hombres;2017;46
12;Castellón/Castelló;12118 Torrechiva;Hombres;2016;44
12;Castellón/Castelló;12118 Torrechiva;Hombres;2015;48
12;Castellón/Castelló;12118 Torrechiva;Hombres;2014;45
12;Castellón/Castelló;12118 Torrechiva;Hombres;2013;56
12;Castellón/Castelló;12118 Torrechiva;Hombres;2012;60
12;Castellón/Castelló;12118 Torrechiva;Hombres;2011;64
12;Castellón/Castelló;12118 Torrechiva;Hombres;2010;57
12;Castellón/Castelló;12118 Torrechiva;Hombres;2009;53
12;Castellón/Castelló;12118 Torrechiva;Hombres;2008;56
12;Castellón/Castelló;12118 Torrechiva;Hombres;2007;58
12;Castellón/Castelló;12118 Torrechiva;Hombres;2006;57
12;Castellón/Castelló;12118 Torrechiva;Hombres;2005;62
12;Castellón/Castelló;12118 Torrechiva;Hombres;2004;61
12;Castellón/Castelló;12118 Torrechiva;Hombres;2003;59
12;Castellón/Castelló;12118 Torrechiva;Hombres;2002;51
12;Castellón/Castelló;12118 Torrechiva;Hombres;2001;48
12;Castellón/Castelló;12118 Torrechiva;Hombres;2000;49
12;Castellón/Castelló;12118 Torrechiva;Hombres;1999;46
12;Castellón/Castelló;12118 Torrechiva;Hombres;1998;40
12;Castellón/Castelló;12118 Torrechiva;Hombres;1997;
12;Castellón/Castelló;12118 Torrechiva;Hombres;1996;38
12;Castellón/Castelló;12118 Torrechiva;Mujeres;2023;56
12;Castellón/Castelló;12118 Torrechiva;Mujeres;2022;43
12;Castellón/Castelló;12118 Torrechiva;Mujeres;2021;44
12;Castellón/Castelló;12118 Torrechiva;Mujeres;2020;41
12;Castellón/Castelló;12118 Torrechiva;Mujeres;2019;35
12;Castellón/Castelló;12118 Torrechiva;Mujeres;2018;29
12;Castellón/Castelló;12118 Torrechiva;Mujeres;2017;31
12;Castellón/Castelló;12118 Torrechiva;Mujeres;2016;31
12;Castellón/Castelló;12118 Torrechiva;Mujeres;2015;33
12;Castellón/Castelló;12118 Torrechiva;Mujeres;2014;30
12;Castellón/Castelló;12118 Torrechiva;Mujeres;2013;34
12;Castellón/Castelló;12118 Torrechiva;Mujeres;2012;36
12;Castellón/Castelló;12118 Torrechiva;Mujeres;2011;38
12;Castellón/Castelló;12118 Torrechiva;Mujeres;2010;39
12;Castellón/Castelló;12118 Torrechiva;Mujeres;2009;38
12;Castellón/Castelló;12118 Torrechiva;Mujeres;2008;42
12;Castellón/Castelló;12118 Torrechiva;Mujeres;2007;42
12;Castellón/Castelló;12118 Torrechiva;Mujeres;2006;41
12;Castellón/Castelló;12118 Torrechiva;Mujeres;2005;38
12;Castellón/Castelló;12118 Torrechiva;Mujeres;2004;37
12;Castellón/Castelló;12118 Torrechiva;Mujeres;2003;38
12;Castellón/Castelló;12118 Torrechiva;Mujeres;2002;35
12;Castellón/Castelló;12118 Torrechiva;Mujeres;2001;30
12;Castellón/Castelló;12118 Torrechiva;Mujeres;2000;27
12;Castellón/Castelló;12118 Torrechiva;Mujeres;1999;27
12;Castellón/Castelló;12118 Torrechiva;Mujeres;1998;28
12;Castellón/Castelló;12118 Torrechiva;Mujeres;1997;
12;Castellón/Castelló;12118 Torrechiva;Mujeres;1996;25
12;Castellón/Castelló;12114 Torás;Total;2023;256
12;Castellón/Castelló;12114 Torás;Total;2022;249
12;Castellón/Castelló;12114 Torás;Total;2021;247
12;Castellón/Castelló;12114 Torás;Total;2020;232
12;Castellón/Castelló;12114 Torás;Total;2019;223
12;Castellón/Castelló;12114 Torás;Total;2018;229
12;Castellón/Castelló;12114 Torás;Total;2017;225
12;Castellón/Castelló;12114 Torás;Total;2016;228
12;Castellón/Castelló;12114 Torás;Total;2015;231
12;Castellón/Castelló;12114 Torás;Total;2014;238
12;Castellón/Castelló;12114 Torás;Total;2013;250
12;Castellón/Castelló;12114 Torás;Total;2012;258
12;Castellón/Castelló;12114 Torás;Total;2011;268
12;Castellón/Castelló;12114 Torás;Total;2010;253
12;Castellón/Castelló;12114 Torás;Total;2009;245
12;Castellón/Castelló;12114 Torás;Total;2008;250
12;Castellón/Castelló;12114 Torás;Total;2007;258
12;Castellón/Castelló;12114 Torás;Total;2006;255
12;Castellón/Castelló;12114 Torás;Total;2005;269
12;Castellón/Castelló;12114 Torás;Total;2004;266
12;Castellón/Castelló;12114 Torás;Total;2003;249
12;Castellón/Castelló;12114 Torás;Total;2002;262
12;Castellón/Castelló;12114 Torás;Total;2001;261
12;Castellón/Castelló;12114 Torás;Total;2000;258
12;Castellón/Castelló;12114 Torás;Total;1999;254
12;Castellón/Castelló;12114 Torás;Total;1998;259
12;Castellón/Castelló;12114 Torás;Total;1997;
12;Castellón/Castelló;12114 Torás;Total;1996;278
12;Castellón/Castelló;12114 Torás;Hombres;2023;137
12;Castellón/Castelló;12114 Torás;Hombres;2022;137
12;Castellón/Castelló;12114 Torás;Hombres;2021;138
12;Castellón/Castelló;12114 Torás;Hombres;2020;128
12;Castellón/Castelló;12114 Torás;Hombres;2019;121
12;Castellón/Castelló;12114 Torás;Hombres;2018;120
12;Castellón/Castelló;12114 Torás;Hombres;2017;120
12;Castellón/Castelló;12114 Torás;Hombres;2016;120
12;Castellón/Castelló;12114 Torás;Hombres;2015;117
12;Castellón/Castelló;12114 Torás;Hombres;2014;122
12;Castellón/Castelló;12114 Torás;Hombres;2013;130
12;Castellón/Castelló;12114 Torás;Hombres;2012;135
12;Castellón/Castelló;12114 Torás;Hombres;2011;142
12;Castellón/Castelló;12114 Torás;Hombres;2010;135
12;Castellón/Castelló;12114 Torás;Hombres;2009;128
12;Castellón/Castelló;12114 Torás;Hombres;2008;128
12;Castellón/Castelló;12114 Torás;Hombres;2007;130
12;Castellón/Castelló;12114 Torás;Hombres;2006;128
12;Castellón/Castelló;12114 Torás;Hombres;2005;132
12;Castellón/Castelló;12114 Torás;Hombres;2004;132
12;Castellón/Castelló;12114 Torás;Hombres;2003;129
12;Castellón/Castelló;12114 Torás;Hombres;2002;133
12;Castellón/Castelló;12114 Torás;Hombres;2001;133
12;Castellón/Castelló;12114 Torás;Hombres;2000;132
12;Castellón/Castelló;12114 Torás;Hombres;1999;131
12;Castellón/Castelló;12114 Torás;Hombres;1998;135
12;Castellón/Castelló;12114 Torás;Hombres;1997;
12;Castellón/Castelló;12114 Torás;Hombres;1996;151
12;Castellón/Castelló;12114 Torás;Mujeres;2023;119
12;Castellón/Castelló;12114 Torás;Mujeres;2022;112
12;Castellón/Castelló;12114 Torás;Mujeres;2021;109
12;Castellón/Castelló;12114 Torás;Mujeres;2020;104
12;Castellón/Castelló;12114 Torás;Mujeres;2019;102
12;Castellón/Castelló;12114 Torás;Mujeres;2018;109
12;Castellón/Castelló;12114 Torás;Mujeres;2017;105
12;Castellón/Castelló;12114 Torás;Mujeres;2016;108
12;Castellón/Castelló;12114 Torás;Mujeres;2015;114
12;Castellón/Castelló;12114 Torás;Mujeres;2014;116
12;Castellón/Castelló;12114 Torás;Mujeres;2013;120
12;Castellón/Castelló;12114 Torás;Mujeres;2012;123
12;Castellón/Castelló;12114 Torás;Mujeres;2011;126
12;Castellón/Castelló;12114 Torás;Mujeres;2010;118
12;Castellón/Castelló;12114 Torás;Mujeres;2009;117
12;Castellón/Castelló;12114 Torás;Mujeres;2008;122
12;Castellón/Castelló;12114 Torás;Mujeres;2007;128
12;Castellón/Castelló;12114 Torás;Mujeres;2006;127
12;Castellón/Castelló;12114 Torás;Mujeres;2005;137
12;Castellón/Castelló;12114 Torás;Mujeres;2004;134
12;Castellón/Castelló;12114 Torás;Mujeres;2003;120
12;Castellón/Castelló;12114 Torás;Mujeres;2002;129
12;Castellón/Castelló;12114 Torás;Mujeres;2001;128
12;Castellón/Castelló;12114 Torás;Mujeres;2000;126
12;Castellón/Castelló;12114 Torás;Mujeres;1999;123
12;Castellón/Castelló;12114 Torás;Mujeres;1998;124
12;Castellón/Castelló;12114 Torás;Mujeres;1997;
12;Castellón/Castelló;12114 Torás;Mujeres;1996;127
12;Castellón/Castelló;12121 Traiguera;Total;2023;1336
12;Castellón/Castelló;12121 Traiguera;Total;2022;1323
12;Castellón/Castelló;12121 Traiguera;Total;2021;1358
12;Castellón/Castelló;12121 Traiguera;Total;2020;1367
12;Castellón/Castelló;12121 Traiguera;Total;2019;1378
12;Castellón/Castelló;12121 Traiguera;Total;2018;1375
12;Castellón/Castelló;12121 Traiguera;Total;2017;1434
12;Castellón/Castelló;12121 Traiguera;Total;2016;1502
12;Castellón/Castelló;12121 Traiguera;Total;2015;1534
12;Castellón/Castelló;12121 Traiguera;Total;2014;1531
12;Castellón/Castelló;12121 Traiguera;Total;2013;1576
12;Castellón/Castelló;12121 Traiguera;Total;2012;1654
12;Castellón/Castelló;12121 Traiguera;Total;2011;1686
12;Castellón/Castelló;12121 Traiguera;Total;2010;1701
12;Castellón/Castelló;12121 Traiguera;Total;2009;1695
12;Castellón/Castelló;12121 Traiguera;Total;2008;1704
12;Castellón/Castelló;12121 Traiguera;Total;2007;1698
12;Castellón/Castelló;12121 Traiguera;Total;2006;1664
12;Castellón/Castelló;12121 Traiguera;Total;2005;1632
12;Castellón/Castelló;12121 Traiguera;Total;2004;1561
12;Castellón/Castelló;12121 Traiguera;Total;2003;1604
12;Castellón/Castelló;12121 Traiguera;Total;2002;1596
12;Castellón/Castelló;12121 Traiguera;Total;2001;1573
12;Castellón/Castelló;12121 Traiguera;Total;2000;1588
12;Castellón/Castelló;12121 Traiguera;Total;1999;1594
12;Castellón/Castelló;12121 Traiguera;Total;1998;1586
12;Castellón/Castelló;12121 Traiguera;Total;1997;
12;Castellón/Castelló;12121 Traiguera;Total;1996;1597
12;Castellón/Castelló;12121 Traiguera;Hombres;2023;681
12;Castellón/Castelló;12121 Traiguera;Hombres;2022;675
12;Castellón/Castelló;12121 Traiguera;Hombres;2021;693
12;Castellón/Castelló;12121 Traiguera;Hombres;2020;694
12;Castellón/Castelló;12121 Traiguera;Hombres;2019;695
12;Castellón/Castelló;12121 Traiguera;Hombres;2018;692
12;Castellón/Castelló;12121 Traiguera;Hombres;2017;721
12;Castellón/Castelló;12121 Traiguera;Hombres;2016;751
12;Castellón/Castelló;12121 Traiguera;Hombres;2015;775
12;Castellón/Castelló;12121 Traiguera;Hombres;2014;775
12;Castellón/Castelló;12121 Traiguera;Hombres;2013;805
12;Castellón/Castelló;12121 Traiguera;Hombres;2012;845
12;Castellón/Castelló;12121 Traiguera;Hombres;2011;869
12;Castellón/Castelló;12121 Traiguera;Hombres;2010;886
12;Castellón/Castelló;12121 Traiguera;Hombres;2009;883
12;Castellón/Castelló;12121 Traiguera;Hombres;2008;887
12;Castellón/Castelló;12121 Traiguera;Hombres;2007;884
12;Castellón/Castelló;12121 Traiguera;Hombres;2006;882
12;Castellón/Castelló;12121 Traiguera;Hombres;2005;868
12;Castellón/Castelló;12121 Traiguera;Hombres;2004;826
12;Castellón/Castelló;12121 Traiguera;Hombres;2003;852
12;Castellón/Castelló;12121 Traiguera;Hombres;2002;844
12;Castellón/Castelló;12121 Traiguera;Hombres;2001;820
12;Castellón/Castelló;12121 Traiguera;Hombres;2000;823
12;Castellón/Castelló;12121 Traiguera;Hombres;1999;824
12;Castellón/Castelló;12121 Traiguera;Hombres;1998;816
12;Castellón/Castelló;12121 Traiguera;Hombres;1997;
12;Castellón/Castelló;12121 Traiguera;Hombres;1996;822
12;Castellón/Castelló;12121 Traiguera;Mujeres;2023;655
12;Castellón/Castelló;12121 Traiguera;Mujeres;2022;648
12;Castellón/Castelló;12121 Traiguera;Mujeres;2021;665
12;Castellón/Castelló;12121 Traiguera;Mujeres;2020;673
12;Castellón/Castelló;12121 Traiguera;Mujeres;2019;683
12;Castellón/Castelló;12121 Traiguera;Mujeres;2018;683
12;Castellón/Castelló;12121 Traiguera;Mujeres;2017;713
12;Castellón/Castelló;12121 Traiguera;Mujeres;2016;751
12;Castellón/Castelló;12121 Traiguera;Mujeres;2015;759
12;Castellón/Castelló;12121 Traiguera;Mujeres;2014;756
12;Castellón/Castelló;12121 Traiguera;Mujeres;2013;771
12;Castellón/Castelló;12121 Traiguera;Mujeres;2012;809
12;Castellón/Castelló;12121 Traiguera;Mujeres;2011;817
12;Castellón/Castelló;12121 Traiguera;Mujeres;2010;815
12;Castellón/Castelló;12121 Traiguera;Mujeres;2009;812
12;Castellón/Castelló;12121 Traiguera;Mujeres;2008;817
12;Castellón/Castelló;12121 Traiguera;Mujeres;2007;814
12;Castellón/Castelló;12121 Traiguera;Mujeres;2006;782
12;Castellón/Castelló;12121 Traiguera;Mujeres;2005;764
12;Castellón/Castelló;12121 Traiguera;Mujeres;2004;735
12;Castellón/Castelló;12121 Traiguera;Mujeres;2003;752
12;Castellón/Castelló;12121 Traiguera;Mujeres;2002;752
12;Castellón/Castelló;12121 Traiguera;Mujeres;2001;753
12;Castellón/Castelló;12121 Traiguera;Mujeres;2000;765
12;Castellón/Castelló;12121 Traiguera;Mujeres;1999;770
12;Castellón/Castelló;12121 Traiguera;Mujeres;1998;770
12;Castellón/Castelló;12121 Traiguera;Mujeres;1997;
12;Castellón/Castelló;12121 Traiguera;Mujeres;1996;775
12;Castellón/Castelló;12111 Tírig;Total;2023;430
12;Castellón/Castelló;12111 Tírig;Total;2022;417
12;Castellón/Castelló;12111 Tírig;Total;2021;419
12;Castellón/Castelló;12111 Tírig;Total;2020;420
12;Castellón/Castelló;12111 Tírig;Total;2019;419
12;Castellón/Castelló;12111 Tírig;Total;2018;435
12;Castellón/Castelló;12111 Tírig;Total;2017;437
12;Castellón/Castelló;12111 Tírig;Total;2016;465
12;Castellón/Castelló;12111 Tírig;Total;2015;489
12;Castellón/Castelló;12111 Tírig;Total;2014;497
12;Castellón/Castelló;12111 Tírig;Total;2013;540
12;Castellón/Castelló;12111 Tírig;Total;2012;550
12;Castellón/Castelló;12111 Tírig;Total;2011;560
12;Castellón/Castelló;12111 Tírig;Total;2010;557
12;Castellón/Castelló;12111 Tírig;Total;2009;554
12;Castellón/Castelló;12111 Tírig;Total;2008;562
12;Castellón/Castelló;12111 Tírig;Total;2007;551
12;Castellón/Castelló;12111 Tírig;Total;2006;555
12;Castellón/Castelló;12111 Tírig;Total;2005;570
12;Castellón/Castelló;12111 Tírig;Total;2004;573
12;Castellón/Castelló;12111 Tírig;Total;2003;554
12;Castellón/Castelló;12111 Tírig;Total;2002;566
12;Castellón/Castelló;12111 Tírig;Total;2001;549
12;Castellón/Castelló;12111 Tírig;Total;2000;551
12;Castellón/Castelló;12111 Tírig;Total;1999;556
12;Castellón/Castelló;12111 Tírig;Total;1998;567
12;Castellón/Castelló;12111 Tírig;Total;1997;
12;Castellón/Castelló;12111 Tírig;Total;1996;575
12;Castellón/Castelló;12111 Tírig;Hombres;2023;217
12;Castellón/Castelló;12111 Tírig;Hombres;2022;214
12;Castellón/Castelló;12111 Tírig;Hombres;2021;211
12;Castellón/Castelló;12111 Tírig;Hombres;2020;213
12;Castellón/Castelló;12111 Tírig;Hombres;2019;213
12;Castellón/Castelló;12111 Tírig;Hombres;2018;220
12;Castellón/Castelló;12111 Tírig;Hombres;2017;223
12;Castellón/Castelló;12111 Tírig;Hombres;2016;239
12;Castellón/Castelló;12111 Tírig;Hombres;2015;251
12;Castellón/Castelló;12111 Tírig;Hombres;2014;252
12;Castellón/Castelló;12111 Tírig;Hombres;2013;286
12;Castellón/Castelló;12111 Tírig;Hombres;2012;292
12;Castellón/Castelló;12111 Tírig;Hombres;2011;294
12;Castellón/Castelló;12111 Tírig;Hombres;2010;294
12;Castellón/Castelló;12111 Tírig;Hombres;2009;296
12;Castellón/Castelló;12111 Tírig;Hombres;2008;300
12;Castellón/Castelló;12111 Tírig;Hombres;2007;293
12;Castellón/Castelló;12111 Tírig;Hombres;2006;293
12;Castellón/Castelló;12111 Tírig;Hombres;2005;302
12;Castellón/Castelló;12111 Tírig;Hombres;2004;300
12;Castellón/Castelló;12111 Tírig;Hombres;2003;285
12;Castellón/Castelló;12111 Tírig;Hombres;2002;292
12;Castellón/Castelló;12111 Tírig;Hombres;2001;274
12;Castellón/Castelló;12111 Tírig;Hombres;2000;276
12;Castellón/Castelló;12111 Tírig;Hombres;1999;279
12;Castellón/Castelló;12111 Tírig;Hombres;1998;285
12;Castellón/Castelló;12111 Tírig;Hombres;1997;
12;Castellón/Castelló;12111 Tírig;Hombres;1996;286
12;Castellón/Castelló;12111 Tírig;Mujeres;2023;213
12;Castellón/Castelló;12111 Tírig;Mujeres;2022;203
12;Castellón/Castelló;12111 Tírig;Mujeres;2021;208
12;Castellón/Castelló;12111 Tírig;Mujeres;2020;207
12;Castellón/Castelló;12111 Tírig;Mujeres;2019;206
12;Castellón/Castelló;12111 Tírig;Mujeres;2018;215
12;Castellón/Castelló;12111 Tírig;Mujeres;2017;214
12;Castellón/Castelló;12111 Tírig;Mujeres;2016;226
12;Castellón/Castelló;12111 Tírig;Mujeres;2015;238
12;Castellón/Castelló;12111 Tírig;Mujeres;2014;245
12;Castellón/Castelló;12111 Tírig;Mujeres;2013;254
12;Castellón/Castelló;12111 Tírig;Mujeres;2012;258
12;Castellón/Castelló;12111 Tírig;Mujeres;2011;266
12;Castellón/Castelló;12111 Tírig;Mujeres;2010;263
12;Castellón/Castelló;12111 Tírig;Mujeres;2009;258
12;Castellón/Castelló;12111 Tírig;Mujeres;2008;262
12;Castellón/Castelló;12111 Tírig;Mujeres;2007;258
12;Castellón/Castelló;12111 Tírig;Mujeres;2006;262
12;Castellón/Castelló;12111 Tírig;Mujeres;2005;268
12;Castellón/Castelló;12111 Tírig;Mujeres;2004;273
12;Castellón/Castelló;12111 Tírig;Mujeres;2003;269
12;Castellón/Castelló;12111 Tírig;Mujeres;2002;274
12;Castellón/Castelló;12111 Tírig;Mujeres;2001;275
12;Castellón/Castelló;12111 Tírig;Mujeres;2000;275
12;Castellón/Castelló;12111 Tírig;Mujeres;1999;277
12;Castellón/Castelló;12111 Tírig;Mujeres;1998;282
12;Castellón/Castelló;12111 Tírig;Mujeres;1997;
12;Castellón/Castelló;12111 Tírig;Mujeres;1996;289
12;Castellón/Castelló;12122 Useres, les/Useras;Total;2023;985
12;Castellón/Castelló;12122 Useres, les/Useras;Total;2022;949
12;Castellón/Castelló;12122 Useres, les/Useras;Total;2021;968
12;Castellón/Castelló;12122 Useres, les/Useras;Total;2020;959
12;Castellón/Castelló;12122 Useres, les/Useras;Total;2019;962
12;Castellón/Castelló;12122 Useres, les/Useras;Total;2018;966
12;Castellón/Castelló;12122 Useres, les/Useras;Total;2017;970
12;Castellón/Castelló;12122 Useres, les/Useras;Total;2016;994
12;Castellón/Castelló;12122 Useres, les/Useras;Total;2015;1014
12;Castellón/Castelló;12122 Useres, les/Useras;Total;2014;992
12;Castellón/Castelló;12122 Useres, les/Useras;Total;2013;964
12;Castellón/Castelló;12122 Useres, les/Useras;Total;2012;1017
12;Castellón/Castelló;12122 Useres, les/Useras;Total;2011;1013
12;Castellón/Castelló;12122 Useres, les/Useras;Total;2010;995
12;Castellón/Castelló;12122 Useres, les/Useras;Total;2009;1005
12;Castellón/Castelló;12122 Useres, les/Useras;Total;2008;1008
12;Castellón/Castelló;12122 Useres, les/Useras;Total;2007;990
12;Castellón/Castelló;12122 Useres, les/Useras;Total;2006;1001
12;Castellón/Castelló;12122 Useres, les/Useras;Total;2005;1004
12;Castellón/Castelló;12122 Useres, les/Useras;Total;2004;988
12;Castellón/Castelló;12122 Useres, les/Useras;Total;2003;982
12;Castellón/Castelló;12122 Useres, les/Useras;Total;2002;975
12;Castellón/Castelló;12122 Useres, les/Useras;Total;2001;979
12;Castellón/Castelló;12122 Useres, les/Useras;Total;2000;986
12;Castellón/Castelló;12122 Useres, les/Useras;Total;1999;1012
12;Castellón/Castelló;12122 Useres, les/Useras;Total;1998;1027
12;Castellón/Castelló;12122 Useres, les/Useras;Total;1997;
12;Castellón/Castelló;12122 Useres, les/Useras;Total;1996;1094
12;Castellón/Castelló;12122 Useres, les/Useras;Hombres;2023;511
12;Castellón/Castelló;12122 Useres, les/Useras;Hombres;2022;504
12;Castellón/Castelló;12122 Useres, les/Useras;Hombres;2021;507
12;Castellón/Castelló;12122 Useres, les/Useras;Hombres;2020;498
12;Castellón/Castelló;12122 Useres, les/Useras;Hombres;2019;500
12;Castellón/Castelló;12122 Useres, les/Useras;Hombres;2018;503
12;Castellón/Castelló;12122 Useres, les/Useras;Hombres;2017;500
12;Castellón/Castelló;12122 Useres, les/Useras;Hombres;2016;519
12;Castellón/Castelló;12122 Useres, les/Useras;Hombres;2015;532
12;Castellón/Castelló;12122 Useres, les/Useras;Hombres;2014;514
12;Castellón/Castelló;12122 Useres, les/Useras;Hombres;2013;497
12;Castellón/Castelló;12122 Useres, les/Useras;Hombres;2012;522
12;Castellón/Castelló;12122 Useres, les/Useras;Hombres;2011;531
12;Castellón/Castelló;12122 Useres, les/Useras;Hombres;2010;521
12;Castellón/Castelló;12122 Useres, les/Useras;Hombres;2009;521
12;Castellón/Castelló;12122 Useres, les/Useras;Hombres;2008;528
12;Castellón/Castelló;12122 Useres, les/Useras;Hombres;2007;517
12;Castellón/Castelló;12122 Useres, les/Useras;Hombres;2006;519
12;Castellón/Castelló;12122 Useres, les/Useras;Hombres;2005;526
12;Castellón/Castelló;12122 Useres, les/Useras;Hombres;2004;513
12;Castellón/Castelló;12122 Useres, les/Useras;Hombres;2003;505
12;Castellón/Castelló;12122 Useres, les/Useras;Hombres;2002;494
12;Castellón/Castelló;12122 Useres, les/Useras;Hombres;2001;498
12;Castellón/Castelló;12122 Useres, les/Useras;Hombres;2000;503
12;Castellón/Castelló;12122 Useres, les/Useras;Hombres;1999;515
12;Castellón/Castelló;12122 Useres, les/Useras;Hombres;1998;520
12;Castellón/Castelló;12122 Useres, les/Useras;Hombres;1997;
12;Castellón/Castelló;12122 Useres, les/Useras;Hombres;1996;557
12;Castellón/Castelló;12122 Useres, les/Useras;Mujeres;2023;474
12;Castellón/Castelló;12122 Useres, les/Useras;Mujeres;2022;445
12;Castellón/Castelló;12122 Useres, les/Useras;Mujeres;2021;461
12;Castellón/Castelló;12122 Useres, les/Useras;Mujeres;2020;461
12;Castellón/Castelló;12122 Useres, les/Useras;Mujeres;2019;462
12;Castellón/Castelló;12122 Useres, les/Useras;Mujeres;2018;463
12;Castellón/Castelló;12122 Useres, les/Useras;Mujeres;2017;470
12;Castellón/Castelló;12122 Useres, les/Useras;Mujeres;2016;475
12;Castellón/Castelló;12122 Useres, les/Useras;Mujeres;2015;482
12;Castellón/Castelló;12122 Useres, les/Useras;Mujeres;2014;478
12;Castellón/Castelló;12122 Useres, les/Useras;Mujeres;2013;467
12;Castellón/Castelló;12122 Useres, les/Useras;Mujeres;2012;495
12;Castellón/Castelló;12122 Useres, les/Useras;Mujeres;2011;482
12;Castellón/Castelló;12122 Useres, les/Useras;Mujeres;2010;474
12;Castellón/Castelló;12122 Useres, les/Useras;Mujeres;2009;484
12;Castellón/Castelló;12122 Useres, les/Useras;Mujeres;2008;480
12;Castellón/Castelló;12122 Useres, les/Useras;Mujeres;2007;473
12;Castellón/Castelló;12122 Useres, les/Useras;Mujeres;2006;482
12;Castellón/Castelló;12122 Useres, les/Useras;Mujeres;2005;478
12;Castellón/Castelló;12122 Useres, les/Useras;Mujeres;2004;475
12;Castellón/Castelló;12122 Useres, les/Useras;Mujeres;2003;477
12;Castellón/Castelló;12122 Useres, les/Useras;Mujeres;2002;481
12;Castellón/Castelló;12122 Useres, les/Useras;Mujeres;2001;481
12;Castellón/Castelló;12122 Useres, les/Useras;Mujeres;2000;483
12;Castellón/Castelló;12122 Useres, les/Useras;Mujeres;1999;497
12;Castellón/Castelló;12122 Useres, les/Useras;Mujeres;1998;507
12;Castellón/Castelló;12122 Useres, les/Useras;Mujeres;1997;
12;Castellón/Castelló;12122 Useres, les/Useras;Mujeres;1996;537
12;Castellón/Castelló;12124 Vall d'Alba;Total;2023;3054
12;Castellón/Castelló;12124 Vall d'Alba;Total;2022;2959
12;Castellón/Castelló;12124 Vall d'Alba;Total;2021;2943
12;Castellón/Castelló;12124 Vall d'Alba;Total;2020;2856
12;Castellón/Castelló;12124 Vall d'Alba;Total;2019;2807
12;Castellón/Castelló;12124 Vall d'Alba;Total;2018;2817
12;Castellón/Castelló;12124 Vall d'Alba;Total;2017;2781
12;Castellón/Castelló;12124 Vall d'Alba;Total;2016;2809
12;Castellón/Castelló;12124 Vall d'Alba;Total;2015;2844
12;Castellón/Castelló;12124 Vall d'Alba;Total;2014;2873
12;Castellón/Castelló;12124 Vall d'Alba;Total;2013;3041
12;Castellón/Castelló;12124 Vall d'Alba;Total;2012;3036
12;Castellón/Castelló;12124 Vall d'Alba;Total;2011;3036
12;Castellón/Castelló;12124 Vall d'Alba;Total;2010;2954
12;Castellón/Castelló;12124 Vall d'Alba;Total;2009;2951
12;Castellón/Castelló;12124 Vall d'Alba;Total;2008;2906
12;Castellón/Castelló;12124 Vall d'Alba;Total;2007;2747
12;Castellón/Castelló;12124 Vall d'Alba;Total;2006;2438
12;Castellón/Castelló;12124 Vall d'Alba;Total;2005;2103
12;Castellón/Castelló;12124 Vall d'Alba;Total;2004;2045
12;Castellón/Castelló;12124 Vall d'Alba;Total;2003;2027
12;Castellón/Castelló;12124 Vall d'Alba;Total;2002;2013
12;Castellón/Castelló;12124 Vall d'Alba;Total;2001;1996
12;Castellón/Castelló;12124 Vall d'Alba;Total;2000;1948
12;Castellón/Castelló;12124 Vall d'Alba;Total;1999;1933
12;Castellón/Castelló;12124 Vall d'Alba;Total;1998;1856
12;Castellón/Castelló;12124 Vall d'Alba;Total;1997;
12;Castellón/Castelló;12124 Vall d'Alba;Total;1996;1853
12;Castellón/Castelló;12124 Vall d'Alba;Hombres;2023;1596
12;Castellón/Castelló;12124 Vall d'Alba;Hombres;2022;1544
12;Castellón/Castelló;12124 Vall d'Alba;Hombres;2021;1541
12;Castellón/Castelló;12124 Vall d'Alba;Hombres;2020;1495
12;Castellón/Castelló;12124 Vall d'Alba;Hombres;2019;1468
12;Castellón/Castelló;12124 Vall d'Alba;Hombres;2018;1471
12;Castellón/Castelló;12124 Vall d'Alba;Hombres;2017;1452
12;Castellón/Castelló;12124 Vall d'Alba;Hombres;2016;1463
12;Castellón/Castelló;12124 Vall d'Alba;Hombres;2015;1478
12;Castellón/Castelló;12124 Vall d'Alba;Hombres;2014;1493
12;Castellón/Castelló;12124 Vall d'Alba;Hombres;2013;1576
12;Castellón/Castelló;12124 Vall d'Alba;Hombres;2012;1574
12;Castellón/Castelló;12124 Vall d'Alba;Hombres;2011;1563
12;Castellón/Castelló;12124 Vall d'Alba;Hombres;2010;1543
12;Castellón/Castelló;12124 Vall d'Alba;Hombres;2009;1535
12;Castellón/Castelló;12124 Vall d'Alba;Hombres;2008;1508
12;Castellón/Castelló;12124 Vall d'Alba;Hombres;2007;1415
12;Castellón/Castelló;12124 Vall d'Alba;Hombres;2006;1245
12;Castellón/Castelló;12124 Vall d'Alba;Hombres;2005;1060
12;Castellón/Castelló;12124 Vall d'Alba;Hombres;2004;1039
12;Castellón/Castelló;12124 Vall d'Alba;Hombres;2003;1026
12;Castellón/Castelló;12124 Vall d'Alba;Hombres;2002;1020
12;Castellón/Castelló;12124 Vall d'Alba;Hombres;2001;1009
12;Castellón/Castelló;12124 Vall d'Alba;Hombres;2000;976
12;Castellón/Castelló;12124 Vall d'Alba;Hombres;1999;972
12;Castellón/Castelló;12124 Vall d'Alba;Hombres;1998;935
12;Castellón/Castelló;12124 Vall d'Alba;Hombres;1997;
12;Castellón/Castelló;12124 Vall d'Alba;Hombres;1996;927
12;Castellón/Castelló;12124 Vall d'Alba;Mujeres;2023;1458
12;Castellón/Castelló;12124 Vall d'Alba;Mujeres;2022;1415
12;Castellón/Castelló;12124 Vall d'Alba;Mujeres;2021;1402
12;Castellón/Castelló;12124 Vall d'Alba;Mujeres;2020;1361
12;Castellón/Castelló;12124 Vall d'Alba;Mujeres;2019;1339
12;Castellón/Castelló;12124 Vall d'Alba;Mujeres;2018;1346
12;Castellón/Castelló;12124 Vall d'Alba;Mujeres;2017;1329
12;Castellón/Castelló;12124 Vall d'Alba;Mujeres;2016;1346
12;Castellón/Castelló;12124 Vall d'Alba;Mujeres;2015;1366
12;Castellón/Castelló;12124 Vall d'Alba;Mujeres;2014;1380
12;Castellón/Castelló;12124 Vall d'Alba;Mujeres;2013;1465
12;Castellón/Castelló;12124 Vall d'Alba;Mujeres;2012;1462
12;Castellón/Castelló;12124 Vall d'Alba;Mujeres;2011;1473
12;Castellón/Castelló;12124 Vall d'Alba;Mujeres;2010;1411
12;Castellón/Castelló;12124 Vall d'Alba;Mujeres;2009;1416
12;Castellón/Castelló;12124 Vall d'Alba;Mujeres;2008;1398
12;Castellón/Castelló;12124 Vall d'Alba;Mujeres;2007;1332
12;Castellón/Castelló;12124 Vall d'Alba;Mujeres;2006;1193
12;Castellón/Castelló;12124 Vall d'Alba;Mujeres;2005;1043
12;Castellón/Castelló;12124 Vall d'Alba;Mujeres;2004;1006
12;Castellón/Castelló;12124 Vall d'Alba;Mujeres;2003;1001
12;Castellón/Castelló;12124 Vall d'Alba;Mujeres;2002;993
12;Castellón/Castelló;12124 Vall d'Alba;Mujeres;2001;987
12;Castellón/Castelló;12124 Vall d'Alba;Mujeres;2000;972
12;Castellón/Castelló;12124 Vall d'Alba;Mujeres;1999;961
12;Castellón/Castelló;12124 Vall d'Alba;Mujeres;1998;921
12;Castellón/Castelló;12124 Vall d'Alba;Mujeres;1997;
12;Castellón/Castelló;12124 Vall d'Alba;Mujeres;1996;926
12;Castellón/Castelló;12126 Vall d'Uixó, la;Total;2023;31611
12;Castellón/Castelló;12126 Vall d'Uixó, la;Total;2022;31388
12;Castellón/Castelló;12126 Vall d'Uixó, la;Total;2021;31549
12;Castellón/Castelló;12126 Vall d'Uixó, la;Total;2020;31681
12;Castellón/Castelló;12126 Vall d'Uixó, la;Total;2019;31660
12;Castellón/Castelló;12126 Vall d'Uixó, la;Total;2018;31552
12;Castellón/Castelló;12126 Vall d'Uixó, la;Total;2017;31733
12;Castellón/Castelló;12126 Vall d'Uixó, la;Total;2016;31819
12;Castellón/Castelló;12126 Vall d'Uixó, la;Total;2015;31671
12;Castellón/Castelló;12126 Vall d'Uixó, la;Total;2014;31828
12;Castellón/Castelló;12126 Vall d'Uixó, la;Total;2013;32202
12;Castellón/Castelló;12126 Vall d'Uixó, la;Total;2012;32782
12;Castellón/Castelló;12126 Vall d'Uixó, la;Total;2011;32864
12;Castellón/Castelló;12126 Vall d'Uixó, la;Total;2010;32983
12;Castellón/Castelló;12126 Vall d'Uixó, la;Total;2009;32924
12;Castellón/Castelló;12126 Vall d'Uixó, la;Total;2008;32617
12;Castellón/Castelló;12126 Vall d'Uixó, la;Total;2007;31978
12;Castellón/Castelló;12126 Vall d'Uixó, la;Total;2006;31553
12;Castellón/Castelló;12126 Vall d'Uixó, la;Total;2005;31065
12;Castellón/Castelló;12126 Vall d'Uixó, la;Total;2004;30610
12;Castellón/Castelló;12126 Vall d'Uixó, la;Total;2003;30423
12;Castellón/Castelló;12126 Vall d'Uixó, la;Total;2002;29871
12;Castellón/Castelló;12126 Vall d'Uixó, la;Total;2001;29404
12;Castellón/Castelló;12126 Vall d'Uixó, la;Total;2000;29152
12;Castellón/Castelló;12126 Vall d'Uixó, la;Total;1999;28972
12;Castellón/Castelló;12126 Vall d'Uixó, la;Total;1998;28823
12;Castellón/Castelló;12126 Vall d'Uixó, la;Total;1997;
12;Castellón/Castelló;12126 Vall d'Uixó, la;Total;1996;28283
12;Castellón/Castelló;12126 Vall d'Uixó, la;Hombres;2023;15488
12;Castellón/Castelló;12126 Vall d'Uixó, la;Hombres;2022;15423
12;Castellón/Castelló;12126 Vall d'Uixó, la;Hombres;2021;15506
12;Castellón/Castelló;12126 Vall d'Uixó, la;Hombres;2020;15613
12;Castellón/Castelló;12126 Vall d'Uixó, la;Hombres;2019;15631
12;Castellón/Castelló;12126 Vall d'Uixó, la;Hombres;2018;15577
12;Castellón/Castelló;12126 Vall d'Uixó, la;Hombres;2017;15670
12;Castellón/Castelló;12126 Vall d'Uixó, la;Hombres;2016;15756
12;Castellón/Castelló;12126 Vall d'Uixó, la;Hombres;2015;15703
12;Castellón/Castelló;12126 Vall d'Uixó, la;Hombres;2014;15788
12;Castellón/Castelló;12126 Vall d'Uixó, la;Hombres;2013;15994
12;Castellón/Castelló;12126 Vall d'Uixó, la;Hombres;2012;16279
12;Castellón/Castelló;12126 Vall d'Uixó, la;Hombres;2011;16315
12;Castellón/Castelló;12126 Vall d'Uixó, la;Hombres;2010;16352
12;Castellón/Castelló;12126 Vall d'Uixó, la;Hombres;2009;16365
12;Castellón/Castelló;12126 Vall d'Uixó, la;Hombres;2008;16279
12;Castellón/Castelló;12126 Vall d'Uixó, la;Hombres;2007;15970
12;Castellón/Castelló;12126 Vall d'Uixó, la;Hombres;2006;15792
12;Castellón/Castelló;12126 Vall d'Uixó, la;Hombres;2005;15568
12;Castellón/Castelló;12126 Vall d'Uixó, la;Hombres;2004;15306
12;Castellón/Castelló;12126 Vall d'Uixó, la;Hombres;2003;15206
12;Castellón/Castelló;12126 Vall d'Uixó, la;Hombres;2002;14927
12;Castellón/Castelló;12126 Vall d'Uixó, la;Hombres;2001;14637
12;Castellón/Castelló;12126 Vall d'Uixó, la;Hombres;2000;14503
12;Castellón/Castelló;12126 Vall d'Uixó, la;Hombres;1999;14370
12;Castellón/Castelló;12126 Vall d'Uixó, la;Hombres;1998;14306
12;Castellón/Castelló;12126 Vall d'Uixó, la;Hombres;1997;
12;Castellón/Castelló;12126 Vall d'Uixó, la;Hombres;1996;13972
12;Castellón/Castelló;12126 Vall d'Uixó, la;Mujeres;2023;16123
12;Castellón/Castelló;12126 Vall d'Uixó, la;Mujeres;2022;15965
12;Castellón/Castelló;12126 Vall d'Uixó, la;Mujeres;2021;16043
12;Castellón/Castelló;12126 Vall d'Uixó, la;Mujeres;2020;16068
12;Castellón/Castelló;12126 Vall d'Uixó, la;Mujeres;2019;16029
12;Castellón/Castelló;12126 Vall d'Uixó, la;Mujeres;2018;15975
12;Castellón/Castelló;12126 Vall d'Uixó, la;Mujeres;2017;16063
12;Castellón/Castelló;12126 Vall d'Uixó, la;Mujeres;2016;16063
12;Castellón/Castelló;12126 Vall d'Uixó, la;Mujeres;2015;15968
12;Castellón/Castelló;12126 Vall d'Uixó, la;Mujeres;2014;16040
12;Castellón/Castelló;12126 Vall d'Uixó, la;Mujeres;2013;16208
12;Castellón/Castelló;12126 Vall d'Uixó, la;Mujeres;2012;16503
12;Castellón/Castelló;12126 Vall d'Uixó, la;Mujeres;2011;16549
12;Castellón/Castelló;12126 Vall d'Uixó, la;Mujeres;2010;16631
12;Castellón/Castelló;12126 Vall d'Uixó, la;Mujeres;2009;16559
12;Castellón/Castelló;12126 Vall d'Uixó, la;Mujeres;2008;16338
12;Castellón/Castelló;12126 Vall d'Uixó, la;Mujeres;2007;16008
12;Castellón/Castelló;12126 Vall d'Uixó, la;Mujeres;2006;15761
12;Castellón/Castelló;12126 Vall d'Uixó, la;Mujeres;2005;15497
12;Castellón/Castelló;12126 Vall d'Uixó, la;Mujeres;2004;15304
12;Castellón/Castelló;12126 Vall d'Uixó, la;Mujeres;2003;15217
12;Castellón/Castelló;12126 Vall d'Uixó, la;Mujeres;2002;14944
12;Castellón/Castelló;12126 Vall d'Uixó, la;Mujeres;2001;14767
12;Castellón/Castelló;12126 Vall d'Uixó, la;Mujeres;2000;14649
12;Castellón/Castelló;12126 Vall d'Uixó, la;Mujeres;1999;14602
12;Castellón/Castelló;12126 Vall d'Uixó, la;Mujeres;1998;14517
12;Castellón/Castelló;12126 Vall d'Uixó, la;Mujeres;1997;
12;Castellón/Castelló;12126 Vall d'Uixó, la;Mujeres;1996;14311
12;Castellón/Castelló;12125 Vall de Almonacid;Total;2023;286
12;Castellón/Castelló;12125 Vall de Almonacid;Total;2022;287
12;Castellón/Castelló;12125 Vall de Almonacid;Total;2021;286
12;Castellón/Castelló;12125 Vall de Almonacid;Total;2020;263
12;Castellón/Castelló;12125 Vall de Almonacid;Total;2019;269
12;Castellón/Castelló;12125 Vall de Almonacid;Total;2018;281
12;Castellón/Castelló;12125 Vall de Almonacid;Total;2017;272
12;Castellón/Castelló;12125 Vall de Almonacid;Total;2016;261
12;Castellón/Castelló;12125 Vall de Almonacid;Total;2015;262
12;Castellón/Castelló;12125 Vall de Almonacid;Total;2014;254
12;Castellón/Castelló;12125 Vall de Almonacid;Total;2013;270
12;Castellón/Castelló;12125 Vall de Almonacid;Total;2012;273
12;Castellón/Castelló;12125 Vall de Almonacid;Total;2011;277
12;Castellón/Castelló;12125 Vall de Almonacid;Total;2010;278
12;Castellón/Castelló;12125 Vall de Almonacid;Total;2009;267
12;Castellón/Castelló;12125 Vall de Almonacid;Total;2008;275
12;Castellón/Castelló;12125 Vall de Almonacid;Total;2007;279
12;Castellón/Castelló;12125 Vall de Almonacid;Total;2006;278
12;Castellón/Castelló;12125 Vall de Almonacid;Total;2005;269
12;Castellón/Castelló;12125 Vall de Almonacid;Total;2004;266
12;Castellón/Castelló;12125 Vall de Almonacid;Total;2003;272
12;Castellón/Castelló;12125 Vall de Almonacid;Total;2002;284
12;Castellón/Castelló;12125 Vall de Almonacid;Total;2001;292
12;Castellón/Castelló;12125 Vall de Almonacid;Total;2000;293
12;Castellón/Castelló;12125 Vall de Almonacid;Total;1999;289
12;Castellón/Castelló;12125 Vall de Almonacid;Total;1998;292
12;Castellón/Castelló;12125 Vall de Almonacid;Total;1997;
12;Castellón/Castelló;12125 Vall de Almonacid;Total;1996;288
12;Castellón/Castelló;12125 Vall de Almonacid;Hombres;2023;149
12;Castellón/Castelló;12125 Vall de Almonacid;Hombres;2022;147
12;Castellón/Castelló;12125 Vall de Almonacid;Hombres;2021;143
12;Castellón/Castelló;12125 Vall de Almonacid;Hombres;2020;130
12;Castellón/Castelló;12125 Vall de Almonacid;Hombres;2019;133
12;Castellón/Castelló;12125 Vall de Almonacid;Hombres;2018;140
12;Castellón/Castelló;12125 Vall de Almonacid;Hombres;2017;138
12;Castellón/Castelló;12125 Vall de Almonacid;Hombres;2016;136
12;Castellón/Castelló;12125 Vall de Almonacid;Hombres;2015;140
12;Castellón/Castelló;12125 Vall de Almonacid;Hombres;2014;134
12;Castellón/Castelló;12125 Vall de Almonacid;Hombres;2013;143
12;Castellón/Castelló;12125 Vall de Almonacid;Hombres;2012;144
12;Castellón/Castelló;12125 Vall de Almonacid;Hombres;2011;146
12;Castellón/Castelló;12125 Vall de Almonacid;Hombres;2010;150
12;Castellón/Castelló;12125 Vall de Almonacid;Hombres;2009;147
12;Castellón/Castelló;12125 Vall de Almonacid;Hombres;2008;150
12;Castellón/Castelló;12125 Vall de Almonacid;Hombres;2007;149
12;Castellón/Castelló;12125 Vall de Almonacid;Hombres;2006;142
12;Castellón/Castelló;12125 Vall de Almonacid;Hombres;2005;138
12;Castellón/Castelló;12125 Vall de Almonacid;Hombres;2004;136
12;Castellón/Castelló;12125 Vall de Almonacid;Hombres;2003;141
12;Castellón/Castelló;12125 Vall de Almonacid;Hombres;2002;145
12;Castellón/Castelló;12125 Vall de Almonacid;Hombres;2001;151
12;Castellón/Castelló;12125 Vall de Almonacid;Hombres;2000;154
12;Castellón/Castelló;12125 Vall de Almonacid;Hombres;1999;149
12;Castellón/Castelló;12125 Vall de Almonacid;Hombres;1998;150
12;Castellón/Castelló;12125 Vall de Almonacid;Hombres;1997;
12;Castellón/Castelló;12125 Vall de Almonacid;Hombres;1996;148
12;Castellón/Castelló;12125 Vall de Almonacid;Mujeres;2023;137
12;Castellón/Castelló;12125 Vall de Almonacid;Mujeres;2022;140
12;Castellón/Castelló;12125 Vall de Almonacid;Mujeres;2021;143
12;Castellón/Castelló;12125 Vall de Almonacid;Mujeres;2020;133
12;Castellón/Castelló;12125 Vall de Almonacid;Mujeres;2019;136
12;Castellón/Castelló;12125 Vall de Almonacid;Mujeres;2018;141
12;Castellón/Castelló;12125 Vall de Almonacid;Mujeres;2017;134
12;Castellón/Castelló;12125 Vall de Almonacid;Mujeres;2016;125
12;Castellón/Castelló;12125 Vall de Almonacid;Mujeres;2015;122
12;Castellón/Castelló;12125 Vall de Almonacid;Mujeres;2014;120
12;Castellón/Castelló;12125 Vall de Almonacid;Mujeres;2013;127
12;Castellón/Castelló;12125 Vall de Almonacid;Mujeres;2012;129
12;Castellón/Castelló;12125 Vall de Almonacid;Mujeres;2011;131
12;Castellón/Castelló;12125 Vall de Almonacid;Mujeres;2010;128
12;Castellón/Castelló;12125 Vall de Almonacid;Mujeres;2009;120
12;Castellón/Castelló;12125 Vall de Almonacid;Mujeres;2008;125
12;Castellón/Castelló;12125 Vall de Almonacid;Mujeres;2007;130
12;Castellón/Castelló;12125 Vall de Almonacid;Mujeres;2006;136
12;Castellón/Castelló;12125 Vall de Almonacid;Mujeres;2005;131
12;Castellón/Castelló;12125 Vall de Almonacid;Mujeres;2004;130
12;Castellón/Castelló;12125 Vall de Almonacid;Mujeres;2003;131
12;Castellón/Castelló;12125 Vall de Almonacid;Mujeres;2002;139
12;Castellón/Castelló;12125 Vall de Almonacid;Mujeres;2001;141
12;Castellón/Castelló;12125 Vall de Almonacid;Mujeres;2000;139
12;Castellón/Castelló;12125 Vall de Almonacid;Mujeres;1999;140
12;Castellón/Castelló;12125 Vall de Almonacid;Mujeres;1998;142
12;Castellón/Castelló;12125 Vall de Almonacid;Mujeres;1997;
12;Castellón/Castelló;12125 Vall de Almonacid;Mujeres;1996;140
12;Castellón/Castelló;12123 Vallat;Total;2023;66
12;Castellón/Castelló;12123 Vallat;Total;2022;54
12;Castellón/Castelló;12123 Vallat;Total;2021;57
12;Castellón/Castelló;12123 Vallat;Total;2020;51
12;Castellón/Castelló;12123 Vallat;Total;2019;49
12;Castellón/Castelló;12123 Vallat;Total;2018;49
12;Castellón/Castelló;12123 Vallat;Total;2017;50
12;Castellón/Castelló;12123 Vallat;Total;2016;54
12;Castellón/Castelló;12123 Vallat;Total;2015;52
12;Castellón/Castelló;12123 Vallat;Total;2014;54
12;Castellón/Castelló;12123 Vallat;Total;2013;63
12;Castellón/Castelló;12123 Vallat;Total;2012;73
12;Castellón/Castelló;12123 Vallat;Total;2011;78
12;Castellón/Castelló;12123 Vallat;Total;2010;76
12;Castellón/Castelló;12123 Vallat;Total;2009;78
12;Castellón/Castelló;12123 Vallat;Total;2008;79
12;Castellón/Castelló;12123 Vallat;Total;2007;71
12;Castellón/Castelló;12123 Vallat;Total;2006;69
12;Castellón/Castelló;12123 Vallat;Total;2005;71
12;Castellón/Castelló;12123 Vallat;Total;2004;62
12;Castellón/Castelló;12123 Vallat;Total;2003;62
12;Castellón/Castelló;12123 Vallat;Total;2002;51
12;Castellón/Castelló;12123 Vallat;Total;2001;51
12;Castellón/Castelló;12123 Vallat;Total;2000;57
12;Castellón/Castelló;12123 Vallat;Total;1999;49
12;Castellón/Castelló;12123 Vallat;Total;1998;46
12;Castellón/Castelló;12123 Vallat;Total;1997;
12;Castellón/Castelló;12123 Vallat;Total;1996;43
12;Castellón/Castelló;12123 Vallat;Hombres;2023;31
12;Castellón/Castelló;12123 Vallat;Hombres;2022;27
12;Castellón/Castelló;12123 Vallat;Hombres;2021;28
12;Castellón/Castelló;12123 Vallat;Hombres;2020;25
12;Castellón/Castelló;12123 Vallat;Hombres;2019;21
12;Castellón/Castelló;12123 Vallat;Hombres;2018;23
12;Castellón/Castelló;12123 Vallat;Hombres;2017;23
12;Castellón/Castelló;12123 Vallat;Hombres;2016;25
12;Castellón/Castelló;12123 Vallat;Hombres;2015;21
12;Castellón/Castelló;12123 Vallat;Hombres;2014;23
12;Castellón/Castelló;12123 Vallat;Hombres;2013;30
12;Castellón/Castelló;12123 Vallat;Hombres;2012;36
12;Castellón/Castelló;12123 Vallat;Hombres;2011;41
12;Castellón/Castelló;12123 Vallat;Hombres;2010;39
12;Castellón/Castelló;12123 Vallat;Hombres;2009;36
12;Castellón/Castelló;12123 Vallat;Hombres;2008;37
12;Castellón/Castelló;12123 Vallat;Hombres;2007;33
12;Castellón/Castelló;12123 Vallat;Hombres;2006;35
12;Castellón/Castelló;12123 Vallat;Hombres;2005;35
12;Castellón/Castelló;12123 Vallat;Hombres;2004;31
12;Castellón/Castelló;12123 Vallat;Hombres;2003;31
12;Castellón/Castelló;12123 Vallat;Hombres;2002;24
12;Castellón/Castelló;12123 Vallat;Hombres;2001;24
12;Castellón/Castelló;12123 Vallat;Hombres;2000;27
12;Castellón/Castelló;12123 Vallat;Hombres;1999;24
12;Castellón/Castelló;12123 Vallat;Hombres;1998;22
12;Castellón/Castelló;12123 Vallat;Hombres;1997;
12;Castellón/Castelló;12123 Vallat;Hombres;1996;19
12;Castellón/Castelló;12123 Vallat;Mujeres;2023;35
12;Castellón/Castelló;12123 Vallat;Mujeres;2022;27
12;Castellón/Castelló;12123 Vallat;Mujeres;2021;29
12;Castellón/Castelló;12123 Vallat;Mujeres;2020;26
12;Castellón/Castelló;12123 Vallat;Mujeres;2019;28
12;Castellón/Castelló;12123 Vallat;Mujeres;2018;26
12;Castellón/Castelló;12123 Vallat;Mujeres;2017;27
12;Castellón/Castelló;12123 Vallat;Mujeres;2016;29
12;Castellón/Castelló;12123 Vallat;Mujeres;2015;31
12;Castellón/Castelló;12123 Vallat;Mujeres;2014;31
12;Castellón/Castelló;12123 Vallat;Mujeres;2013;33
12;Castellón/Castelló;12123 Vallat;Mujeres;2012;37
12;Castellón/Castelló;12123 Vallat;Mujeres;2011;37
12;Castellón/Castelló;12123 Vallat;Mujeres;2010;37
12;Castellón/Castelló;12123 Vallat;Mujeres;2009;42
12;Castellón/Castelló;12123 Vallat;Mujeres;2008;42
12;Castellón/Castelló;12123 Vallat;Mujeres;2007;38
12;Castellón/Castelló;12123 Vallat;Mujeres;2006;34
12;Castellón/Castelló;12123 Vallat;Mujeres;2005;36
12;Castellón/Castelló;12123 Vallat;Mujeres;2004;31
12;Castellón/Castelló;12123 Vallat;Mujeres;2003;31
12;Castellón/Castelló;12123 Vallat;Mujeres;2002;27
12;Castellón/Castelló;12123 Vallat;Mujeres;2001;27
12;Castellón/Castelló;12123 Vallat;Mujeres;2000;30
12;Castellón/Castelló;12123 Vallat;Mujeres;1999;25
12;Castellón/Castelló;12123 Vallat;Mujeres;1998;24
12;Castellón/Castelló;12123 Vallat;Mujeres;1997;
12;Castellón/Castelló;12123 Vallat;Mujeres;1996;24
12;Castellón/Castelló;12127 Vallibona;Total;2023;62
12;Castellón/Castelló;12127 Vallibona;Total;2022;61
12;Castellón/Castelló;12127 Vallibona;Total;2021;67
12;Castellón/Castelló;12127 Vallibona;Total;2020;66
12;Castellón/Castelló;12127 Vallibona;Total;2019;69
12;Castellón/Castelló;12127 Vallibona;Total;2018;75
12;Castellón/Castelló;12127 Vallibona;Total;2017;77
12;Castellón/Castelló;12127 Vallibona;Total;2016;81
12;Castellón/Castelló;12127 Vallibona;Total;2015;85
12;Castellón/Castelló;12127 Vallibona;Total;2014;87
12;Castellón/Castelló;12127 Vallibona;Total;2013;90
12;Castellón/Castelló;12127 Vallibona;Total;2012;100
12;Castellón/Castelló;12127 Vallibona;Total;2011;101
12;Castellón/Castelló;12127 Vallibona;Total;2010;100
12;Castellón/Castelló;12127 Vallibona;Total;2009;90
12;Castellón/Castelló;12127 Vallibona;Total;2008;98
12;Castellón/Castelló;12127 Vallibona;Total;2007;98
12;Castellón/Castelló;12127 Vallibona;Total;2006;100
12;Castellón/Castelló;12127 Vallibona;Total;2005;91
12;Castellón/Castelló;12127 Vallibona;Total;2004;89
12;Castellón/Castelló;12127 Vallibona;Total;2003;97
12;Castellón/Castelló;12127 Vallibona;Total;2002;99
12;Castellón/Castelló;12127 Vallibona;Total;2001;94
12;Castellón/Castelló;12127 Vallibona;Total;2000;93
12;Castellón/Castelló;12127 Vallibona;Total;1999;93
12;Castellón/Castelló;12127 Vallibona;Total;1998;102
12;Castellón/Castelló;12127 Vallibona;Total;1997;
12;Castellón/Castelló;12127 Vallibona;Total;1996;108
12;Castellón/Castelló;12127 Vallibona;Hombres;2023;38
12;Castellón/Castelló;12127 Vallibona;Hombres;2022;36
12;Castellón/Castelló;12127 Vallibona;Hombres;2021;40
12;Castellón/Castelló;12127 Vallibona;Hombres;2020;39
12;Castellón/Castelló;12127 Vallibona;Hombres;2019;39
12;Castellón/Castelló;12127 Vallibona;Hombres;2018;42
12;Castellón/Castelló;12127 Vallibona;Hombres;2017;43
12;Castellón/Castelló;12127 Vallibona;Hombres;2016;45
12;Castellón/Castelló;12127 Vallibona;Hombres;2015;47
12;Castellón/Castelló;12127 Vallibona;Hombres;2014;49
12;Castellón/Castelló;12127 Vallibona;Hombres;2013;48
12;Castellón/Castelló;12127 Vallibona;Hombres;2012;54
12;Castellón/Castelló;12127 Vallibona;Hombres;2011;53
12;Castellón/Castelló;12127 Vallibona;Hombres;2010;50
12;Castellón/Castelló;12127 Vallibona;Hombres;2009;48
12;Castellón/Castelló;12127 Vallibona;Hombres;2008;52
12;Castellón/Castelló;12127 Vallibona;Hombres;2007;52
12;Castellón/Castelló;12127 Vallibona;Hombres;2006;53
12;Castellón/Castelló;12127 Vallibona;Hombres;2005;49
12;Castellón/Castelló;12127 Vallibona;Hombres;2004;49
12;Castellón/Castelló;12127 Vallibona;Hombres;2003;55
12;Castellón/Castelló;12127 Vallibona;Hombres;2002;57
12;Castellón/Castelló;12127 Vallibona;Hombres;2001;53
12;Castellón/Castelló;12127 Vallibona;Hombres;2000;53
12;Castellón/Castelló;12127 Vallibona;Hombres;1999;55
12;Castellón/Castelló;12127 Vallibona;Hombres;1998;61
12;Castellón/Castelló;12127 Vallibona;Hombres;1997;
12;Castellón/Castelló;12127 Vallibona;Hombres;1996;58
12;Castellón/Castelló;12127 Vallibona;Mujeres;2023;24
12;Castellón/Castelló;12127 Vallibona;Mujeres;2022;25
12;Castellón/Castelló;12127 Vallibona;Mujeres;2021;27
12;Castellón/Castelló;12127 Vallibona;Mujeres;2020;27
12;Castellón/Castelló;12127 Vallibona;Mujeres;2019;30
12;Castellón/Castelló;12127 Vallibona;Mujeres;2018;33
12;Castellón/Castelló;12127 Vallibona;Mujeres;2017;34
12;Castellón/Castelló;12127 Vallibona;Mujeres;2016;36
12;Castellón/Castelló;12127 Vallibona;Mujeres;2015;38
12;Castellón/Castelló;12127 Vallibona;Mujeres;2014;38
12;Castellón/Castelló;12127 Vallibona;Mujeres;2013;42
12;Castellón/Castelló;12127 Vallibona;Mujeres;2012;46
12;Castellón/Castelló;12127 Vallibona;Mujeres;2011;48
12;Castellón/Castelló;12127 Vallibona;Mujeres;2010;50
12;Castellón/Castelló;12127 Vallibona;Mujeres;2009;42
12;Castellón/Castelló;12127 Vallibona;Mujeres;2008;46
12;Castellón/Castelló;12127 Vallibona;Mujeres;2007;46
12;Castellón/Castelló;12127 Vallibona;Mujeres;2006;47
12;Castellón/Castelló;12127 Vallibona;Mujeres;2005;42
12;Castellón/Castelló;12127 Vallibona;Mujeres;2004;40
12;Castellón/Castelló;12127 Vallibona;Mujeres;2003;42
12;Castellón/Castelló;12127 Vallibona;Mujeres;2002;42
12;Castellón/Castelló;12127 Vallibona;Mujeres;2001;41
12;Castellón/Castelló;12127 Vallibona;Mujeres;2000;40
12;Castellón/Castelló;12127 Vallibona;Mujeres;1999;38
12;Castellón/Castelló;12127 Vallibona;Mujeres;1998;41
12;Castellón/Castelló;12127 Vallibona;Mujeres;1997;
12;Castellón/Castelló;12127 Vallibona;Mujeres;1996;50
12;Castellón/Castelló;12135 Vila-real;Total;2023;51852
12;Castellón/Castelló;12135 Vila-real;Total;2022;51369
12;Castellón/Castelló;12135 Vila-real;Total;2021;51130
12;Castellón/Castelló;12135 Vila-real;Total;2020;51293
12;Castellón/Castelló;12135 Vila-real;Total;2019;50893
12;Castellón/Castelló;12135 Vila-real;Total;2018;50577
12;Castellón/Castelló;12135 Vila-real;Total;2017;50334
12;Castellón/Castelló;12135 Vila-real;Total;2016;50252
12;Castellón/Castelló;12135 Vila-real;Total;2015;50580
12;Castellón/Castelló;12135 Vila-real;Total;2014;50755
12;Castellón/Castelló;12135 Vila-real;Total;2013;51180
12;Castellón/Castelló;12135 Vila-real;Total;2012;51357
12;Castellón/Castelló;12135 Vila-real;Total;2011;51168
12;Castellón/Castelló;12135 Vila-real;Total;2010;51367
12;Castellón/Castelló;12135 Vila-real;Total;2009;51205
12;Castellón/Castelló;12135 Vila-real;Total;2008;50626
12;Castellón/Castelló;12135 Vila-real;Total;2007;49045
12;Castellón/Castelló;12135 Vila-real;Total;2006;48055
12;Castellón/Castelló;12135 Vila-real;Total;2005;46696
12;Castellón/Castelló;12135 Vila-real;Total;2004;45582
12;Castellón/Castelló;12135 Vila-real;Total;2003;44685
12;Castellón/Castelló;12135 Vila-real;Total;2002;43595
12;Castellón/Castelló;12135 Vila-real;Total;2001;42320
12;Castellón/Castelló;12135 Vila-real;Total;2000;41531
12;Castellón/Castelló;12135 Vila-real;Total;1999;40933
12;Castellón/Castelló;12135 Vila-real;Total;1998;40124
12;Castellón/Castelló;12135 Vila-real;Total;1997;
12;Castellón/Castelló;12135 Vila-real;Total;1996;39550
12;Castellón/Castelló;12135 Vila-real;Hombres;2023;25739
12;Castellón/Castelló;12135 Vila-real;Hombres;2022;25532
12;Castellón/Castelló;12135 Vila-real;Hombres;2021;25400
12;Castellón/Castelló;12135 Vila-real;Hombres;2020;25488
12;Castellón/Castelló;12135 Vila-real;Hombres;2019;25282
12;Castellón/Castelló;12135 Vila-real;Hombres;2018;25125
12;Castellón/Castelló;12135 Vila-real;Hombres;2017;24958
12;Castellón/Castelló;12135 Vila-real;Hombres;2016;24866
12;Castellón/Castelló;12135 Vila-real;Hombres;2015;25142
12;Castellón/Castelló;12135 Vila-real;Hombres;2014;25263
12;Castellón/Castelló;12135 Vila-real;Hombres;2013;25518
12;Castellón/Castelló;12135 Vila-real;Hombres;2012;25689
12;Castellón/Castelló;12135 Vila-real;Hombres;2011;25612
12;Castellón/Castelló;12135 Vila-real;Hombres;2010;25812
12;Castellón/Castelló;12135 Vila-real;Hombres;2009;25771
12;Castellón/Castelló;12135 Vila-real;Hombres;2008;25517
12;Castellón/Castelló;12135 Vila-real;Hombres;2007;24650
12;Castellón/Castelló;12135 Vila-real;Hombres;2006;24108
12;Castellón/Castelló;12135 Vila-real;Hombres;2005;23391
12;Castellón/Castelló;12135 Vila-real;Hombres;2004;22814
12;Castellón/Castelló;12135 Vila-real;Hombres;2003;22350
12;Castellón/Castelló;12135 Vila-real;Hombres;2002;21810
12;Castellón/Castelló;12135 Vila-real;Hombres;2001;21089
12;Castellón/Castelló;12135 Vila-real;Hombres;2000;20683
12;Castellón/Castelló;12135 Vila-real;Hombres;1999;20370
12;Castellón/Castelló;12135 Vila-real;Hombres;1998;19959
12;Castellón/Castelló;12135 Vila-real;Hombres;1997;
12;Castellón/Castelló;12135 Vila-real;Hombres;1996;19619
12;Castellón/Castelló;12135 Vila-real;Mujeres;2023;26113
12;Castellón/Castelló;12135 Vila-real;Mujeres;2022;25837
12;Castellón/Castelló;12135 Vila-real;Mujeres;2021;25730
12;Castellón/Castelló;12135 Vila-real;Mujeres;2020;25805
12;Castellón/Castelló;12135 Vila-real;Mujeres;2019;25611
12;Castellón/Castelló;12135 Vila-real;Mujeres;2018;25452
12;Castellón/Castelló;12135 Vila-real;Mujeres;2017;25376
12;Castellón/Castelló;12135 Vila-real;Mujeres;2016;25386
12;Castellón/Castelló;12135 Vila-real;Mujeres;2015;25438
12;Castellón/Castelló;12135 Vila-real;Mujeres;2014;25492
12;Castellón/Castelló;12135 Vila-real;Mujeres;2013;25662
12;Castellón/Castelló;12135 Vila-real;Mujeres;2012;25668
12;Castellón/Castelló;12135 Vila-real;Mujeres;2011;25556
12;Castellón/Castelló;12135 Vila-real;Mujeres;2010;25555
12;Castellón/Castelló;12135 Vila-real;Mujeres;2009;25434
12;Castellón/Castelló;12135 Vila-real;Mujeres;2008;25109
12;Castellón/Castelló;12135 Vila-real;Mujeres;2007;24395
12;Castellón/Castelló;12135 Vila-real;Mujeres;2006;23947
12;Castellón/Castelló;12135 Vila-real;Mujeres;2005;23305
12;Castellón/Castelló;12135 Vila-real;Mujeres;2004;22768
12;Castellón/Castelló;12135 Vila-real;Mujeres;2003;22335
12;Castellón/Castelló;12135 Vila-real;Mujeres;2002;21785
12;Castellón/Castelló;12135 Vila-real;Mujeres;2001;21231
12;Castellón/Castelló;12135 Vila-real;Mujeres;2000;20848
12;Castellón/Castelló;12135 Vila-real;Mujeres;1999;20563
12;Castellón/Castelló;12135 Vila-real;Mujeres;1998;20165
12;Castellón/Castelló;12135 Vila-real;Mujeres;1997;
12;Castellón/Castelló;12135 Vila-real;Mujeres;1996;19931
12;Castellón/Castelló;12128 Vilafamés;Total;2023;1915
12;Castellón/Castelló;12128 Vilafamés;Total;2022;1864
12;Castellón/Castelló;12128 Vilafamés;Total;2021;1840
12;Castellón/Castelló;12128 Vilafamés;Total;2020;1829
12;Castellón/Castelló;12128 Vilafamés;Total;2019;1842
12;Castellón/Castelló;12128 Vilafamés;Total;2018;1833
12;Castellón/Castelló;12128 Vilafamés;Total;2017;1822
12;Castellón/Castelló;12128 Vilafamés;Total;2016;1851
12;Castellón/Castelló;12128 Vilafamés;Total;2015;1867
12;Castellón/Castelló;12128 Vilafamés;Total;2014;1912
12;Castellón/Castelló;12128 Vilafamés;Total;2013;1920
12;Castellón/Castelló;12128 Vilafamés;Total;2012;1935
12;Castellón/Castelló;12128 Vilafamés;Total;2011;1951
12;Castellón/Castelló;12128 Vilafamés;Total;2010;1984
12;Castellón/Castelló;12128 Vilafamés;Total;2009;2017
12;Castellón/Castelló;12128 Vilafamés;Total;2008;1992
12;Castellón/Castelló;12128 Vilafamés;Total;2007;1872
12;Castellón/Castelló;12128 Vilafamés;Total;2006;1806
12;Castellón/Castelló;12128 Vilafamés;Total;2005;1730
12;Castellón/Castelló;12128 Vilafamés;Total;2004;1603
12;Castellón/Castelló;12128 Vilafamés;Total;2003;1532
12;Castellón/Castelló;12128 Vilafamés;Total;2002;1546
12;Castellón/Castelló;12128 Vilafamés;Total;2001;1480
12;Castellón/Castelló;12128 Vilafamés;Total;2000;1471
12;Castellón/Castelló;12128 Vilafamés;Total;1999;1453
12;Castellón/Castelló;12128 Vilafamés;Total;1998;1427
12;Castellón/Castelló;12128 Vilafamés;Total;1997;
12;Castellón/Castelló;12128 Vilafamés;Total;1996;1422
12;Castellón/Castelló;12128 Vilafamés;Hombres;2023;1026
12;Castellón/Castelló;12128 Vilafamés;Hombres;2022;1003
12;Castellón/Castelló;12128 Vilafamés;Hombres;2021;991
12;Castellón/Castelló;12128 Vilafamés;Hombres;2020;1000
12;Castellón/Castelló;12128 Vilafamés;Hombres;2019;997
12;Castellón/Castelló;12128 Vilafamés;Hombres;2018;982
12;Castellón/Castelló;12128 Vilafamés;Hombres;2017;971
12;Castellón/Castelló;12128 Vilafamés;Hombres;2016;979
12;Castellón/Castelló;12128 Vilafamés;Hombres;2015;992
12;Castellón/Castelló;12128 Vilafamés;Hombres;2014;1010
12;Castellón/Castelló;12128 Vilafamés;Hombres;2013;1001
12;Castellón/Castelló;12128 Vilafamés;Hombres;2012;1015
12;Castellón/Castelló;12128 Vilafamés;Hombres;2011;1034
12;Castellón/Castelló;12128 Vilafamés;Hombres;2010;1043
12;Castellón/Castelló;12128 Vilafamés;Hombres;2009;1070
12;Castellón/Castelló;12128 Vilafamés;Hombres;2008;1051
12;Castellón/Castelló;12128 Vilafamés;Hombres;2007;989
12;Castellón/Castelló;12128 Vilafamés;Hombres;2006;974
12;Castellón/Castelló;12128 Vilafamés;Hombres;2005;940
12;Castellón/Castelló;12128 Vilafamés;Hombres;2004;862
12;Castellón/Castelló;12128 Vilafamés;Hombres;2003;820
12;Castellón/Castelló;12128 Vilafamés;Hombres;2002;829
12;Castellón/Castelló;12128 Vilafamés;Hombres;2001;787
12;Castellón/Castelló;12128 Vilafamés;Hombres;2000;780
12;Castellón/Castelló;12128 Vilafamés;Hombres;1999;775
12;Castellón/Castelló;12128 Vilafamés;Hombres;1998;766
12;Castellón/Castelló;12128 Vilafamés;Hombres;1997;
12;Castellón/Castelló;12128 Vilafamés;Hombres;1996;761
12;Castellón/Castelló;12128 Vilafamés;Mujeres;2023;889
12;Castellón/Castelló;12128 Vilafamés;Mujeres;2022;861
12;Castellón/Castelló;12128 Vilafamés;Mujeres;2021;849
12;Castellón/Castelló;12128 Vilafamés;Mujeres;2020;829
12;Castellón/Castelló;12128 Vilafamés;Mujeres;2019;845
12;Castellón/Castelló;12128 Vilafamés;Mujeres;2018;851
12;Castellón/Castelló;12128 Vilafamés;Mujeres;2017;851
12;Castellón/Castelló;12128 Vilafamés;Mujeres;2016;872
12;Castellón/Castelló;12128 Vilafamés;Mujeres;2015;875
12;Castellón/Castelló;12128 Vilafamés;Mujeres;2014;902
12;Castellón/Castelló;12128 Vilafamés;Mujeres;2013;919
12;Castellón/Castelló;12128 Vilafamés;Mujeres;2012;920
12;Castellón/Castelló;12128 Vilafamés;Mujeres;2011;917
12;Castellón/Castelló;12128 Vilafamés;Mujeres;2010;941
12;Castellón/Castelló;12128 Vilafamés;Mujeres;2009;947
12;Castellón/Castelló;12128 Vilafamés;Mujeres;2008;941
12;Castellón/Castelló;12128 Vilafamés;Mujeres;2007;883
12;Castellón/Castelló;12128 Vilafamés;Mujeres;2006;832
12;Castellón/Castelló;12128 Vilafamés;Mujeres;2005;790
12;Castellón/Castelló;12128 Vilafamés;Mujeres;2004;741
12;Castellón/Castelló;12128 Vilafamés;Mujeres;2003;712
12;Castellón/Castelló;12128 Vilafamés;Mujeres;2002;717
12;Castellón/Castelló;12128 Vilafamés;Mujeres;2001;693
12;Castellón/Castelló;12128 Vilafamés;Mujeres;2000;691
12;Castellón/Castelló;12128 Vilafamés;Mujeres;1999;678
12;Castellón/Castelló;12128 Vilafamés;Mujeres;1998;661
12;Castellón/Castelló;12128 Vilafamés;Mujeres;1997;
12;Castellón/Castelló;12128 Vilafamés;Mujeres;1996;661
12;Castellón/Castelló;12129 Vilafranca/Villafranca del Cid;Total;2023;2148
12;Castellón/Castelló;12129 Vilafranca/Villafranca del Cid;Total;2022;2154
12;Castellón/Castelló;12129 Vilafranca/Villafranca del Cid;Total;2021;2201
12;Castellón/Castelló;12129 Vilafranca/Villafranca del Cid;Total;2020;2197
12;Castellón/Castelló;12129 Vilafranca/Villafranca del Cid;Total;2019;2200
12;Castellón/Castelló;12129 Vilafranca/Villafranca del Cid;Total;2018;2227
12;Castellón/Castelló;12129 Vilafranca/Villafranca del Cid;Total;2017;2267
12;Castellón/Castelló;12129 Vilafranca/Villafranca del Cid;Total;2016;2289
12;Castellón/Castelló;12129 Vilafranca/Villafranca del Cid;Total;2015;2295
12;Castellón/Castelló;12129 Vilafranca/Villafranca del Cid;Total;2014;2352
12;Castellón/Castelló;12129 Vilafranca/Villafranca del Cid;Total;2013;2399
12;Castellón/Castelló;12129 Vilafranca/Villafranca del Cid;Total;2012;2494
12;Castellón/Castelló;12129 Vilafranca/Villafranca del Cid;Total;2011;2527
12;Castellón/Castelló;12129 Vilafranca/Villafranca del Cid;Total;2010;2540
12;Castellón/Castelló;12129 Vilafranca/Villafranca del Cid;Total;2009;2521
12;Castellón/Castelló;12129 Vilafranca/Villafranca del Cid;Total;2008;2520
12;Castellón/Castelló;12129 Vilafranca/Villafranca del Cid;Total;2007;2480
12;Castellón/Castelló;12129 Vilafranca/Villafranca del Cid;Total;2006;2518
12;Castellón/Castelló;12129 Vilafranca/Villafranca del Cid;Total;2005;2547
12;Castellón/Castelló;12129 Vilafranca/Villafranca del Cid;Total;2004;2569
12;Castellón/Castelló;12129 Vilafranca/Villafranca del Cid;Total;2003;2576
12;Castellón/Castelló;12129 Vilafranca/Villafranca del Cid;Total;2002;2566
12;Castellón/Castelló;12129 Vilafranca/Villafranca del Cid;Total;2001;2580
12;Castellón/Castelló;12129 Vilafranca/Villafranca del Cid;Total;2000;2635
12;Castellón/Castelló;12129 Vilafranca/Villafranca del Cid;Total;1999;2654
12;Castellón/Castelló;12129 Vilafranca/Villafranca del Cid;Total;1998;2680
12;Castellón/Castelló;12129 Vilafranca/Villafranca del Cid;Total;1997;
12;Castellón/Castelló;12129 Vilafranca/Villafranca del Cid;Total;1996;2740
12;Castellón/Castelló;12129 Vilafranca/Villafranca del Cid;Hombres;2023;1089
12;Castellón/Castelló;12129 Vilafranca/Villafranca del Cid;Hombres;2022;1074
12;Castellón/Castelló;12129 Vilafranca/Villafranca del Cid;Hombres;2021;1085
12;Castellón/Castelló;12129 Vilafranca/Villafranca del Cid;Hombres;2020;1086
12;Castellón/Castelló;12129 Vilafranca/Villafranca del Cid;Hombres;2019;1087
12;Castellón/Castelló;12129 Vilafranca/Villafranca del Cid;Hombres;2018;1102
12;Castellón/Castelló;12129 Vilafranca/Villafranca del Cid;Hombres;2017;1109
12;Castellón/Castelló;12129 Vilafranca/Villafranca del Cid;Hombres;2016;1126
12;Castellón/Castelló;12129 Vilafranca/Villafranca del Cid;Hombres;2015;1137
12;Castellón/Castelló;12129 Vilafranca/Villafranca del Cid;Hombres;2014;1157
12;Castellón/Castelló;12129 Vilafranca/Villafranca del Cid;Hombres;2013;1184
12;Castellón/Castelló;12129 Vilafranca/Villafranca del Cid;Hombres;2012;1227
12;Castellón/Castelló;12129 Vilafranca/Villafranca del Cid;Hombres;2011;1240
12;Castellón/Castelló;12129 Vilafranca/Villafranca del Cid;Hombres;2010;1246
12;Castellón/Castelló;12129 Vilafranca/Villafranca del Cid;Hombres;2009;1225
12;Castellón/Castelló;12129 Vilafranca/Villafranca del Cid;Hombres;2008;1228
12;Castellón/Castelló;12129 Vilafranca/Villafranca del Cid;Hombres;2007;1206
12;Castellón/Castelló;12129 Vilafranca/Villafranca del Cid;Hombres;2006;1215
12;Castellón/Castelló;12129 Vilafranca/Villafranca del Cid;Hombres;2005;1243
12;Castellón/Castelló;12129 Vilafranca/Villafranca del Cid;Hombres;2004;1256
12;Castellón/Castelló;12129 Vilafranca/Villafranca del Cid;Hombres;2003;1273
12;Castellón/Castelló;12129 Vilafranca/Villafranca del Cid;Hombres;2002;1260
12;Castellón/Castelló;12129 Vilafranca/Villafranca del Cid;Hombres;2001;1255
12;Castellón/Castelló;12129 Vilafranca/Villafranca del Cid;Hombres;2000;1284
12;Castellón/Castelló;12129 Vilafranca/Villafranca del Cid;Hombres;1999;1288
12;Castellón/Castelló;12129 Vilafranca/Villafranca del Cid;Hombres;1998;1290
12;Castellón/Castelló;12129 Vilafranca/Villafranca del Cid;Hombres;1997;
12;Castellón/Castelló;12129 Vilafranca/Villafranca del Cid;Hombres;1996;1333
12;Castellón/Castelló;12129 Vilafranca/Villafranca del Cid;Mujeres;2023;1059
12;Castellón/Castelló;12129 Vilafranca/Villafranca del Cid;Mujeres;2022;1080
12;Castellón/Castelló;12129 Vilafranca/Villafranca del Cid;Mujeres;2021;1116
12;Castellón/Castelló;12129 Vilafranca/Villafranca del Cid;Mujeres;2020;1111
12;Castellón/Castelló;12129 Vilafranca/Villafranca del Cid;Mujeres;2019;1113
12;Castellón/Castelló;12129 Vilafranca/Villafranca del Cid;Mujeres;2018;1125
12;Castellón/Castelló;12129 Vilafranca/Villafranca del Cid;Mujeres;2017;1158
12;Castellón/Castelló;12129 Vilafranca/Villafranca del Cid;Mujeres;2016;1163
12;Castellón/Castelló;12129 Vilafranca/Villafranca del Cid;Mujeres;2015;1158
12;Castellón/Castelló;12129 Vilafranca/Villafranca del Cid;Mujeres;2014;1195
12;Castellón/Castelló;12129 Vilafranca/Villafranca del Cid;Mujeres;2013;1215
12;Castellón/Castelló;12129 Vilafranca/Villafranca del Cid;Mujeres;2012;1267
12;Castellón/Castelló;12129 Vilafranca/Villafranca del Cid;Mujeres;2011;1287
12;Castellón/Castelló;12129 Vilafranca/Villafranca del Cid;Mujeres;2010;1294
12;Castellón/Castelló;12129 Vilafranca/Villafranca del Cid;Mujeres;2009;1296
12;Castellón/Castelló;12129 Vilafranca/Villafranca del Cid;Mujeres;2008;1292
12;Castellón/Castelló;12129 Vilafranca/Villafranca del Cid;Mujeres;2007;1274
12;Castellón/Castelló;12129 Vilafranca/Villafranca del Cid;Mujeres;2006;1303
12;Castellón/Castelló;12129 Vilafranca/Villafranca del Cid;Mujeres;2005;1304
12;Castellón/Castelló;12129 Vilafranca/Villafranca del Cid;Mujeres;2004;1313
12;Castellón/Castelló;12129 Vilafranca/Villafranca del Cid;Mujeres;2003;1303
12;Castellón/Castelló;12129 Vilafranca/Villafranca del Cid;Mujeres;2002;1306
12;Castellón/Castelló;12129 Vilafranca/Villafranca del Cid;Mujeres;2001;1325
12;Castellón/Castelló;12129 Vilafranca/Villafranca del Cid;Mujeres;2000;1351
12;Castellón/Castelló;12129 Vilafranca/Villafranca del Cid;Mujeres;1999;1366
12;Castellón/Castelló;12129 Vilafranca/Villafranca del Cid;Mujeres;1998;1390
12;Castellón/Castelló;12129 Vilafranca/Villafranca del Cid;Mujeres;1997;
12;Castellón/Castelló;12129 Vilafranca/Villafranca del Cid;Mujeres;1996;1407
12;Castellón/Castelló;12132 Vilanova d'Alcolea;Total;2023;575
12;Castellón/Castelló;12132 Vilanova d'Alcolea;Total;2022;571
12;Castellón/Castelló;12132 Vilanova d'Alcolea;Total;2021;578
12;Castellón/Castelló;12132 Vilanova d'Alcolea;Total;2020;569
12;Castellón/Castelló;12132 Vilanova d'Alcolea;Total;2019;584
12;Castellón/Castelló;12132 Vilanova d'Alcolea;Total;2018;575
12;Castellón/Castelló;12132 Vilanova d'Alcolea;Total;2017;586
12;Castellón/Castelló;12132 Vilanova d'Alcolea;Total;2016;595
12;Castellón/Castelló;12132 Vilanova d'Alcolea;Total;2015;603
12;Castellón/Castelló;12132 Vilanova d'Alcolea;Total;2014;604
12;Castellón/Castelló;12132 Vilanova d'Alcolea;Total;2013;674
12;Castellón/Castelló;12132 Vilanova d'Alcolea;Total;2012;688
12;Castellón/Castelló;12132 Vilanova d'Alcolea;Total;2011;703
12;Castellón/Castelló;12132 Vilanova d'Alcolea;Total;2010;698
12;Castellón/Castelló;12132 Vilanova d'Alcolea;Total;2009;698
12;Castellón/Castelló;12132 Vilanova d'Alcolea;Total;2008;703
12;Castellón/Castelló;12132 Vilanova d'Alcolea;Total;2007;718
12;Castellón/Castelló;12132 Vilanova d'Alcolea;Total;2006;671
12;Castellón/Castelló;12132 Vilanova d'Alcolea;Total;2005;671
12;Castellón/Castelló;12132 Vilanova d'Alcolea;Total;2004;637
12;Castellón/Castelló;12132 Vilanova d'Alcolea;Total;2003;627
12;Castellón/Castelló;12132 Vilanova d'Alcolea;Total;2002;655
12;Castellón/Castelló;12132 Vilanova d'Alcolea;Total;2001;666
12;Castellón/Castelló;12132 Vilanova d'Alcolea;Total;2000;639
12;Castellón/Castelló;12132 Vilanova d'Alcolea;Total;1999;649
12;Castellón/Castelló;12132 Vilanova d'Alcolea;Total;1998;632
12;Castellón/Castelló;12132 Vilanova d'Alcolea;Total;1997;
12;Castellón/Castelló;12132 Vilanova d'Alcolea;Total;1996;669
12;Castellón/Castelló;12132 Vilanova d'Alcolea;Hombres;2023;304
12;Castellón/Castelló;12132 Vilanova d'Alcolea;Hombres;2022;296
12;Castellón/Castelló;12132 Vilanova d'Alcolea;Hombres;2021;297
12;Castellón/Castelló;12132 Vilanova d'Alcolea;Hombres;2020;293
12;Castellón/Castelló;12132 Vilanova d'Alcolea;Hombres;2019;300
12;Castellón/Castelló;12132 Vilanova d'Alcolea;Hombres;2018;298
12;Castellón/Castelló;12132 Vilanova d'Alcolea;Hombres;2017;309
12;Castellón/Castelló;12132 Vilanova d'Alcolea;Hombres;2016;311
12;Castellón/Castelló;12132 Vilanova d'Alcolea;Hombres;2015;318
12;Castellón/Castelló;12132 Vilanova d'Alcolea;Hombres;2014;318
12;Castellón/Castelló;12132 Vilanova d'Alcolea;Hombres;2013;357
12;Castellón/Castelló;12132 Vilanova d'Alcolea;Hombres;2012;365
12;Castellón/Castelló;12132 Vilanova d'Alcolea;Hombres;2011;373
12;Castellón/Castelló;12132 Vilanova d'Alcolea;Hombres;2010;364
12;Castellón/Castelló;12132 Vilanova d'Alcolea;Hombres;2009;367
12;Castellón/Castelló;12132 Vilanova d'Alcolea;Hombres;2008;373
12;Castellón/Castelló;12132 Vilanova d'Alcolea;Hombres;2007;381
12;Castellón/Castelló;12132 Vilanova d'Alcolea;Hombres;2006;348
12;Castellón/Castelló;12132 Vilanova d'Alcolea;Hombres;2005;354
12;Castellón/Castelló;12132 Vilanova d'Alcolea;Hombres;2004;331
12;Castellón/Castelló;12132 Vilanova d'Alcolea;Hombres;2003;323
12;Castellón/Castelló;12132 Vilanova d'Alcolea;Hombres;2002;341
12;Castellón/Castelló;12132 Vilanova d'Alcolea;Hombres;2001;345
12;Castellón/Castelló;12132 Vilanova d'Alcolea;Hombres;2000;328
12;Castellón/Castelló;12132 Vilanova d'Alcolea;Hombres;1999;329
12;Castellón/Castelló;12132 Vilanova d'Alcolea;Hombres;1998;320
12;Castellón/Castelló;12132 Vilanova d'Alcolea;Hombres;1997;
12;Castellón/Castelló;12132 Vilanova d'Alcolea;Hombres;1996;335
12;Castellón/Castelló;12132 Vilanova d'Alcolea;Mujeres;2023;271
12;Castellón/Castelló;12132 Vilanova d'Alcolea;Mujeres;2022;275
12;Castellón/Castelló;12132 Vilanova d'Alcolea;Mujeres;2021;281
12;Castellón/Castelló;12132 Vilanova d'Alcolea;Mujeres;2020;276
12;Castellón/Castelló;12132 Vilanova d'Alcolea;Mujeres;2019;284
12;Castellón/Castelló;12132 Vilanova d'Alcolea;Mujeres;2018;277
12;Castellón/Castelló;12132 Vilanova d'Alcolea;Mujeres;2017;277
12;Castellón/Castelló;12132 Vilanova d'Alcolea;Mujeres;2016;284
12;Castellón/Castelló;12132 Vilanova d'Alcolea;Mujeres;2015;285
12;Castellón/Castelló;12132 Vilanova d'Alcolea;Mujeres;2014;286
12;Castellón/Castelló;12132 Vilanova d'Alcolea;Mujeres;2013;317
12;Castellón/Castelló;12132 Vilanova d'Alcolea;Mujeres;2012;323
12;Castellón/Castelló;12132 Vilanova d'Alcolea;Mujeres;2011;330
12;Castellón/Castelló;12132 Vilanova d'Alcolea;Mujeres;2010;334
12;Castellón/Castelló;12132 Vilanova d'Alcolea;Mujeres;2009;331
12;Castellón/Castelló;12132 Vilanova d'Alcolea;Mujeres;2008;330
12;Castellón/Castelló;12132 Vilanova d'Alcolea;Mujeres;2007;337
12;Castellón/Castelló;12132 Vilanova d'Alcolea;Mujeres;2006;323
12;Castellón/Castelló;12132 Vilanova d'Alcolea;Mujeres;2005;317
12;Castellón/Castelló;12132 Vilanova d'Alcolea;Mujeres;2004;306
12;Castellón/Castelló;12132 Vilanova d'Alcolea;Mujeres;2003;304
12;Castellón/Castelló;12132 Vilanova d'Alcolea;Mujeres;2002;314
12;Castellón/Castelló;12132 Vilanova d'Alcolea;Mujeres;2001;321
12;Castellón/Castelló;12132 Vilanova d'Alcolea;Mujeres;2000;311
12;Castellón/Castelló;12132 Vilanova d'Alcolea;Mujeres;1999;320
12;Castellón/Castelló;12132 Vilanova d'Alcolea;Mujeres;1998;312
12;Castellón/Castelló;12132 Vilanova d'Alcolea;Mujeres;1997;
12;Castellón/Castelló;12132 Vilanova d'Alcolea;Mujeres;1996;334
12;Castellón/Castelló;12134 Vilar de Canes;Total;2023;159
12;Castellón/Castelló;12134 Vilar de Canes;Total;2022;170
12;Castellón/Castelló;12134 Vilar de Canes;Total;2021;174
12;Castellón/Castelló;12134 Vilar de Canes;Total;2020;169
12;Castellón/Castelló;12134 Vilar de Canes;Total;2019;169
12;Castellón/Castelló;12134 Vilar de Canes;Total;2018;172
12;Castellón/Castelló;12134 Vilar de Canes;Total;2017;177
12;Castellón/Castelló;12134 Vilar de Canes;Total;2016;179
12;Castellón/Castelló;12134 Vilar de Canes;Total;2015;175
12;Castellón/Castelló;12134 Vilar de Canes;Total;2014;175
12;Castellón/Castelló;12134 Vilar de Canes;Total;2013;186
12;Castellón/Castelló;12134 Vilar de Canes;Total;2012;187
12;Castellón/Castelló;12134 Vilar de Canes;Total;2011;186
12;Castellón/Castelló;12134 Vilar de Canes;Total;2010;181
12;Castellón/Castelló;12134 Vilar de Canes;Total;2009;175
12;Castellón/Castelló;12134 Vilar de Canes;Total;2008;176
12;Castellón/Castelló;12134 Vilar de Canes;Total;2007;178
12;Castellón/Castelló;12134 Vilar de Canes;Total;2006;185
12;Castellón/Castelló;12134 Vilar de Canes;Total;2005;185
12;Castellón/Castelló;12134 Vilar de Canes;Total;2004;185
12;Castellón/Castelló;12134 Vilar de Canes;Total;2003;181
12;Castellón/Castelló;12134 Vilar de Canes;Total;2002;183
12;Castellón/Castelló;12134 Vilar de Canes;Total;2001;180
12;Castellón/Castelló;12134 Vilar de Canes;Total;2000;183
12;Castellón/Castelló;12134 Vilar de Canes;Total;1999;188
12;Castellón/Castelló;12134 Vilar de Canes;Total;1998;188
12;Castellón/Castelló;12134 Vilar de Canes;Total;1997;
12;Castellón/Castelló;12134 Vilar de Canes;Total;1996;188
12;Castellón/Castelló;12134 Vilar de Canes;Hombres;2023;79
12;Castellón/Castelló;12134 Vilar de Canes;Hombres;2022;87
12;Castellón/Castelló;12134 Vilar de Canes;Hombres;2021;88
12;Castellón/Castelló;12134 Vilar de Canes;Hombres;2020;88
12;Castellón/Castelló;12134 Vilar de Canes;Hombres;2019;88
12;Castellón/Castelló;12134 Vilar de Canes;Hombres;2018;90
12;Castellón/Castelló;12134 Vilar de Canes;Hombres;2017;92
12;Castellón/Castelló;12134 Vilar de Canes;Hombres;2016;95
12;Castellón/Castelló;12134 Vilar de Canes;Hombres;2015;95
12;Castellón/Castelló;12134 Vilar de Canes;Hombres;2014;96
12;Castellón/Castelló;12134 Vilar de Canes;Hombres;2013;100
12;Castellón/Castelló;12134 Vilar de Canes;Hombres;2012;99
12;Castellón/Castelló;12134 Vilar de Canes;Hombres;2011;99
12;Castellón/Castelló;12134 Vilar de Canes;Hombres;2010;97
12;Castellón/Castelló;12134 Vilar de Canes;Hombres;2009;93
12;Castellón/Castelló;12134 Vilar de Canes;Hombres;2008;92
12;Castellón/Castelló;12134 Vilar de Canes;Hombres;2007;92
12;Castellón/Castelló;12134 Vilar de Canes;Hombres;2006;94
12;Castellón/Castelló;12134 Vilar de Canes;Hombres;2005;94
12;Castellón/Castelló;12134 Vilar de Canes;Hombres;2004;93
12;Castellón/Castelló;12134 Vilar de Canes;Hombres;2003;91
12;Castellón/Castelló;12134 Vilar de Canes;Hombres;2002;90
12;Castellón/Castelló;12134 Vilar de Canes;Hombres;2001;91
12;Castellón/Castelló;12134 Vilar de Canes;Hombres;2000;94
12;Castellón/Castelló;12134 Vilar de Canes;Hombres;1999;93
12;Castellón/Castelló;12134 Vilar de Canes;Hombres;1998;93
12;Castellón/Castelló;12134 Vilar de Canes;Hombres;1997;
12;Castellón/Castelló;12134 Vilar de Canes;Hombres;1996;93
12;Castellón/Castelló;12134 Vilar de Canes;Mujeres;2023;80
12;Castellón/Castelló;12134 Vilar de Canes;Mujeres;2022;83
12;Castellón/Castelló;12134 Vilar de Canes;Mujeres;2021;86
12;Castellón/Castelló;12134 Vilar de Canes;Mujeres;2020;81
12;Castellón/Castelló;12134 Vilar de Canes;Mujeres;2019;81
12;Castellón/Castelló;12134 Vilar de Canes;Mujeres;2018;82
12;Castellón/Castelló;12134 Vilar de Canes;Mujeres;2017;85
12;Castellón/Castelló;12134 Vilar de Canes;Mujeres;2016;84
12;Castellón/Castelló;12134 Vilar de Canes;Mujeres;2015;80
12;Castellón/Castelló;12134 Vilar de Canes;Mujeres;2014;79
12;Castellón/Castelló;12134 Vilar de Canes;Mujeres;2013;86
12;Castellón/Castelló;12134 Vilar de Canes;Mujeres;2012;88
12;Castellón/Castelló;12134 Vilar de Canes;Mujeres;2011;87
12;Castellón/Castelló;12134 Vilar de Canes;Mujeres;2010;84
12;Castellón/Castelló;12134 Vilar de Canes;Mujeres;2009;82
12;Castellón/Castelló;12134 Vilar de Canes;Mujeres;2008;84
12;Castellón/Castelló;12134 Vilar de Canes;Mujeres;2007;86
12;Castellón/Castelló;12134 Vilar de Canes;Mujeres;2006;91
12;Castellón/Castelló;12134 Vilar de Canes;Mujeres;2005;91
12;Castellón/Castelló;12134 Vilar de Canes;Mujeres;2004;92
12;Castellón/Castelló;12134 Vilar de Canes;Mujeres;2003;90
12;Castellón/Castelló;12134 Vilar de Canes;Mujeres;2002;93
12;Castellón/Castelló;12134 Vilar de Canes;Mujeres;2001;89
12;Castellón/Castelló;12134 Vilar de Canes;Mujeres;2000;89
12;Castellón/Castelló;12134 Vilar de Canes;Mujeres;1999;95
12;Castellón/Castelló;12134 Vilar de Canes;Mujeres;1998;95
12;Castellón/Castelló;12134 Vilar de Canes;Mujeres;1997;
12;Castellón/Castelló;12134 Vilar de Canes;Mujeres;1996;95
12;Castellón/Castelló;12136 Vilavella, la;Total;2023;3074
12;Castellón/Castelló;12136 Vilavella, la;Total;2022;3084
12;Castellón/Castelló;12136 Vilavella, la;Total;2021;3111
12;Castellón/Castelló;12136 Vilavella, la;Total;2020;3125
12;Castellón/Castelló;12136 Vilavella, la;Total;2019;3157
12;Castellón/Castelló;12136 Vilavella, la;Total;2018;3226
12;Castellón/Castelló;12136 Vilavella, la;Total;2017;3215
12;Castellón/Castelló;12136 Vilavella, la;Total;2016;3243
12;Castellón/Castelló;12136 Vilavella, la;Total;2015;3253
12;Castellón/Castelló;12136 Vilavella, la;Total;2014;3273
12;Castellón/Castelló;12136 Vilavella, la;Total;2013;3272
12;Castellón/Castelló;12136 Vilavella, la;Total;2012;3281
12;Castellón/Castelló;12136 Vilavella, la;Total;2011;3321
12;Castellón/Castelló;12136 Vilavella, la;Total;2010;3357
12;Castellón/Castelló;12136 Vilavella, la;Total;2009;3397
12;Castellón/Castelló;12136 Vilavella, la;Total;2008;3418
12;Castellón/Castelló;12136 Vilavella, la;Total;2007;3391
12;Castellón/Castelló;12136 Vilavella, la;Total;2006;3368
12;Castellón/Castelló;12136 Vilavella, la;Total;2005;3363
12;Castellón/Castelló;12136 Vilavella, la;Total;2004;3360
12;Castellón/Castelló;12136 Vilavella, la;Total;2003;3369
12;Castellón/Castelló;12136 Vilavella, la;Total;2002;3366
12;Castellón/Castelló;12136 Vilavella, la;Total;2001;3376
12;Castellón/Castelló;12136 Vilavella, la;Total;2000;3366
12;Castellón/Castelló;12136 Vilavella, la;Total;1999;3376
12;Castellón/Castelló;12136 Vilavella, la;Total;1998;3401
12;Castellón/Castelló;12136 Vilavella, la;Total;1997;
12;Castellón/Castelló;12136 Vilavella, la;Total;1996;3413
12;Castellón/Castelló;12136 Vilavella, la;Hombres;2023;1526
12;Castellón/Castelló;12136 Vilavella, la;Hombres;2022;1533
12;Castellón/Castelló;12136 Vilavella, la;Hombres;2021;1549
12;Castellón/Castelló;12136 Vilavella, la;Hombres;2020;1554
12;Castellón/Castelló;12136 Vilavella, la;Hombres;2019;1569
12;Castellón/Castelló;12136 Vilavella, la;Hombres;2018;1611
12;Castellón/Castelló;12136 Vilavella, la;Hombres;2017;1609
12;Castellón/Castelló;12136 Vilavella, la;Hombres;2016;1623
12;Castellón/Castelló;12136 Vilavella, la;Hombres;2015;1629
12;Castellón/Castelló;12136 Vilavella, la;Hombres;2014;1641
12;Castellón/Castelló;12136 Vilavella, la;Hombres;2013;1633
12;Castellón/Castelló;12136 Vilavella, la;Hombres;2012;1635
12;Castellón/Castelló;12136 Vilavella, la;Hombres;2011;1664
12;Castellón/Castelló;12136 Vilavella, la;Hombres;2010;1683
12;Castellón/Castelló;12136 Vilavella, la;Hombres;2009;1709
12;Castellón/Castelló;12136 Vilavella, la;Hombres;2008;1722
12;Castellón/Castelló;12136 Vilavella, la;Hombres;2007;1700
12;Castellón/Castelló;12136 Vilavella, la;Hombres;2006;1686
12;Castellón/Castelló;12136 Vilavella, la;Hombres;2005;1692
12;Castellón/Castelló;12136 Vilavella, la;Hombres;2004;1691
12;Castellón/Castelló;12136 Vilavella, la;Hombres;2003;1691
12;Castellón/Castelló;12136 Vilavella, la;Hombres;2002;1679
12;Castellón/Castelló;12136 Vilavella, la;Hombres;2001;1686
12;Castellón/Castelló;12136 Vilavella, la;Hombres;2000;1684
12;Castellón/Castelló;12136 Vilavella, la;Hombres;1999;1683
12;Castellón/Castelló;12136 Vilavella, la;Hombres;1998;1686
12;Castellón/Castelló;12136 Vilavella, la;Hombres;1997;
12;Castellón/Castelló;12136 Vilavella, la;Hombres;1996;1691
12;Castellón/Castelló;12136 Vilavella, la;Mujeres;2023;1548
12;Castellón/Castelló;12136 Vilavella, la;Mujeres;2022;1551
12;Castellón/Castelló;12136 Vilavella, la;Mujeres;2021;1562
12;Castellón/Castelló;12136 Vilavella, la;Mujeres;2020;1571
12;Castellón/Castelló;12136 Vilavella, la;Mujeres;2019;1588
12;Castellón/Castelló;12136 Vilavella, la;Mujeres;2018;1615
12;Castellón/Castelló;12136 Vilavella, la;Mujeres;2017;1606
12;Castellón/Castelló;12136 Vilavella, la;Mujeres;2016;1620
12;Castellón/Castelló;12136 Vilavella, la;Mujeres;2015;1624
12;Castellón/Castelló;12136 Vilavella, la;Mujeres;2014;1632
12;Castellón/Castelló;12136 Vilavella, la;Mujeres;2013;1639
12;Castellón/Castelló;12136 Vilavella, la;Mujeres;2012;1646
12;Castellón/Castelló;12136 Vilavella, la;Mujeres;2011;1657
12;Castellón/Castelló;12136 Vilavella, la;Mujeres;2010;1674
12;Castellón/Castelló;12136 Vilavella, la;Mujeres;2009;1688
12;Castellón/Castelló;12136 Vilavella, la;Mujeres;2008;1696
12;Castellón/Castelló;12136 Vilavella, la;Mujeres;2007;1691
12;Castellón/Castelló;12136 Vilavella, la;Mujeres;2006;1682
12;Castellón/Castelló;12136 Vilavella, la;Mujeres;2005;1671
12;Castellón/Castelló;12136 Vilavella, la;Mujeres;2004;1669
12;Castellón/Castelló;12136 Vilavella, la;Mujeres;2003;1678
12;Castellón/Castelló;12136 Vilavella, la;Mujeres;2002;1687
12;Castellón/Castelló;12136 Vilavella, la;Mujeres;2001;1690
12;Castellón/Castelló;12136 Vilavella, la;Mujeres;2000;1682
12;Castellón/Castelló;12136 Vilavella, la;Mujeres;1999;1693
12;Castellón/Castelló;12136 Vilavella, la;Mujeres;1998;1715
12;Castellón/Castelló;12136 Vilavella, la;Mujeres;1997;
12;Castellón/Castelló;12136 Vilavella, la;Mujeres;1996;1722
12;Castellón/Castelló;12130 Villahermosa del Río;Total;2023;488
12;Castellón/Castelló;12130 Villahermosa del Río;Total;2022;463
12;Castellón/Castelló;12130 Villahermosa del Río;Total;2021;476
12;Castellón/Castelló;12130 Villahermosa del Río;Total;2020;484
12;Castellón/Castelló;12130 Villahermosa del Río;Total;2019;489
12;Castellón/Castelló;12130 Villahermosa del Río;Total;2018;462
12;Castellón/Castelló;12130 Villahermosa del Río;Total;2017;477
12;Castellón/Castelló;12130 Villahermosa del Río;Total;2016;487
12;Castellón/Castelló;12130 Villahermosa del Río;Total;2015;484
12;Castellón/Castelló;12130 Villahermosa del Río;Total;2014;500
12;Castellón/Castelló;12130 Villahermosa del Río;Total;2013;491
12;Castellón/Castelló;12130 Villahermosa del Río;Total;2012;506
12;Castellón/Castelló;12130 Villahermosa del Río;Total;2011;500
12;Castellón/Castelló;12130 Villahermosa del Río;Total;2010;456
12;Castellón/Castelló;12130 Villahermosa del Río;Total;2009;429
12;Castellón/Castelló;12130 Villahermosa del Río;Total;2008;451
12;Castellón/Castelló;12130 Villahermosa del Río;Total;2007;447
12;Castellón/Castelló;12130 Villahermosa del Río;Total;2006;444
12;Castellón/Castelló;12130 Villahermosa del Río;Total;2005;441
12;Castellón/Castelló;12130 Villahermosa del Río;Total;2004;439
12;Castellón/Castelló;12130 Villahermosa del Río;Total;2003;448
12;Castellón/Castelló;12130 Villahermosa del Río;Total;2002;437
12;Castellón/Castelló;12130 Villahermosa del Río;Total;2001;441
12;Castellón/Castelló;12130 Villahermosa del Río;Total;2000;452
12;Castellón/Castelló;12130 Villahermosa del Río;Total;1999;458
12;Castellón/Castelló;12130 Villahermosa del Río;Total;1998;456
12;Castellón/Castelló;12130 Villahermosa del Río;Total;1997;
12;Castellón/Castelló;12130 Villahermosa del Río;Total;1996;474
12;Castellón/Castelló;12130 Villahermosa del Río;Hombres;2023;265
12;Castellón/Castelló;12130 Villahermosa del Río;Hombres;2022;260
12;Castellón/Castelló;12130 Villahermosa del Río;Hombres;2021;268
12;Castellón/Castelló;12130 Villahermosa del Río;Hombres;2020;271
12;Castellón/Castelló;12130 Villahermosa del Río;Hombres;2019;268
12;Castellón/Castelló;12130 Villahermosa del Río;Hombres;2018;252
12;Castellón/Castelló;12130 Villahermosa del Río;Hombres;2017;262
12;Castellón/Castelló;12130 Villahermosa del Río;Hombres;2016;269
12;Castellón/Castelló;12130 Villahermosa del Río;Hombres;2015;260
12;Castellón/Castelló;12130 Villahermosa del Río;Hombres;2014;266
12;Castellón/Castelló;12130 Villahermosa del Río;Hombres;2013;264
12;Castellón/Castelló;12130 Villahermosa del Río;Hombres;2012;266
12;Castellón/Castelló;12130 Villahermosa del Río;Hombres;2011;262
12;Castellón/Castelló;12130 Villahermosa del Río;Hombres;2010;241
12;Castellón/Castelló;12130 Villahermosa del Río;Hombres;2009;236
12;Castellón/Castelló;12130 Villahermosa del Río;Hombres;2008;237
12;Castellón/Castelló;12130 Villahermosa del Río;Hombres;2007;232
12;Castellón/Castelló;12130 Villahermosa del Río;Hombres;2006;233
12;Castellón/Castelló;12130 Villahermosa del Río;Hombres;2005;237
12;Castellón/Castelló;12130 Villahermosa del Río;Hombres;2004;237
12;Castellón/Castelló;12130 Villahermosa del Río;Hombres;2003;242
12;Castellón/Castelló;12130 Villahermosa del Río;Hombres;2002;239
12;Castellón/Castelló;12130 Villahermosa del Río;Hombres;2001;241
12;Castellón/Castelló;12130 Villahermosa del Río;Hombres;2000;247
12;Castellón/Castelló;12130 Villahermosa del Río;Hombres;1999;255
12;Castellón/Castelló;12130 Villahermosa del Río;Hombres;1998;254
12;Castellón/Castelló;12130 Villahermosa del Río;Hombres;1997;
12;Castellón/Castelló;12130 Villahermosa del Río;Hombres;1996;262
12;Castellón/Castelló;12130 Villahermosa del Río;Mujeres;2023;223
12;Castellón/Castelló;12130 Villahermosa del Río;Mujeres;2022;203
12;Castellón/Castelló;12130 Villahermosa del Río;Mujeres;2021;208
12;Castellón/Castelló;12130 Villahermosa del Río;Mujeres;2020;213
12;Castellón/Castelló;12130 Villahermosa del Río;Mujeres;2019;221
12;Castellón/Castelló;12130 Villahermosa del Río;Mujeres;2018;210
12;Castellón/Castelló;12130 Villahermosa del Río;Mujeres;2017;215
12;Castellón/Castelló;12130 Villahermosa del Río;Mujeres;2016;218
12;Castellón/Castelló;12130 Villahermosa del Río;Mujeres;2015;224
12;Castellón/Castelló;12130 Villahermosa del Río;Mujeres;2014;234
12;Castellón/Castelló;12130 Villahermosa del Río;Mujeres;2013;227
12;Castellón/Castelló;12130 Villahermosa del Río;Mujeres;2012;240
12;Castellón/Castelló;12130 Villahermosa del Río;Mujeres;2011;238
12;Castellón/Castelló;12130 Villahermosa del Río;Mujeres;2010;215
12;Castellón/Castelló;12130 Villahermosa del Río;Mujeres;2009;193
12;Castellón/Castelló;12130 Villahermosa del Río;Mujeres;2008;214
12;Castellón/Castelló;12130 Villahermosa del Río;Mujeres;2007;215
12;Castellón/Castelló;12130 Villahermosa del Río;Mujeres;2006;211
12;Castellón/Castelló;12130 Villahermosa del Río;Mujeres;2005;204
12;Castellón/Castelló;12130 Villahermosa del Río;Mujeres;2004;202
12;Castellón/Castelló;12130 Villahermosa del Río;Mujeres;2003;206
12;Castellón/Castelló;12130 Villahermosa del Río;Mujeres;2002;198
12;Castellón/Castelló;12130 Villahermosa del Río;Mujeres;2001;200
12;Castellón/Castelló;12130 Villahermosa del Río;Mujeres;2000;205
12;Castellón/Castelló;12130 Villahermosa del Río;Mujeres;1999;203
12;Castellón/Castelló;12130 Villahermosa del Río;Mujeres;1998;202
12;Castellón/Castelló;12130 Villahermosa del Río;Mujeres;1997;
12;Castellón/Castelló;12130 Villahermosa del Río;Mujeres;1996;212
12;Castellón/Castelló;12131 Villamalur;Total;2023;95
12;Castellón/Castelló;12131 Villamalur;Total;2022;85
12;Castellón/Castelló;12131 Villamalur;Total;2021;92
12;Castellón/Castelló;12131 Villamalur;Total;2020;102
12;Castellón/Castelló;12131 Villamalur;Total;2019;62
12;Castellón/Castelló;12131 Villamalur;Total;2018;63
12;Castellón/Castelló;12131 Villamalur;Total;2017;62
12;Castellón/Castelló;12131 Villamalur;Total;2016;68
12;Castellón/Castelló;12131 Villamalur;Total;2015;70
12;Castellón/Castelló;12131 Villamalur;Total;2014;75
12;Castellón/Castelló;12131 Villamalur;Total;2013;82
12;Castellón/Castelló;12131 Villamalur;Total;2012;92
12;Castellón/Castelló;12131 Villamalur;Total;2011;102
12;Castellón/Castelló;12131 Villamalur;Total;2010;102
12;Castellón/Castelló;12131 Villamalur;Total;2009;92
12;Castellón/Castelló;12131 Villamalur;Total;2008;90
12;Castellón/Castelló;12131 Villamalur;Total;2007;98
12;Castellón/Castelló;12131 Villamalur;Total;2006;100
12;Castellón/Castelló;12131 Villamalur;Total;2005;104
12;Castellón/Castelló;12131 Villamalur;Total;2004;108
12;Castellón/Castelló;12131 Villamalur;Total;2003;113
12;Castellón/Castelló;12131 Villamalur;Total;2002;118
12;Castellón/Castelló;12131 Villamalur;Total;2001;127
12;Castellón/Castelló;12131 Villamalur;Total;2000;141
12;Castellón/Castelló;12131 Villamalur;Total;1999;148
12;Castellón/Castelló;12131 Villamalur;Total;1998;149
12;Castellón/Castelló;12131 Villamalur;Total;1997;
12;Castellón/Castelló;12131 Villamalur;Total;1996;161
12;Castellón/Castelló;12131 Villamalur;Hombres;2023;58
12;Castellón/Castelló;12131 Villamalur;Hombres;2022;57
12;Castellón/Castelló;12131 Villamalur;Hombres;2021;61
12;Castellón/Castelló;12131 Villamalur;Hombres;2020;65
12;Castellón/Castelló;12131 Villamalur;Hombres;2019;37
12;Castellón/Castelló;12131 Villamalur;Hombres;2018;38
12;Castellón/Castelló;12131 Villamalur;Hombres;2017;38
12;Castellón/Castelló;12131 Villamalur;Hombres;2016;40
12;Castellón/Castelló;12131 Villamalur;Hombres;2015;40
12;Castellón/Castelló;12131 Villamalur;Hombres;2014;41
12;Castellón/Castelló;12131 Villamalur;Hombres;2013;45
12;Castellón/Castelló;12131 Villamalur;Hombres;2012;49
12;Castellón/Castelló;12131 Villamalur;Hombres;2011;54
12;Castellón/Castelló;12131 Villamalur;Hombres;2010;53
12;Castellón/Castelló;12131 Villamalur;Hombres;2009;47
12;Castellón/Castelló;12131 Villamalur;Hombres;2008;45
12;Castellón/Castelló;12131 Villamalur;Hombres;2007;50
12;Castellón/Castelló;12131 Villamalur;Hombres;2006;52
12;Castellón/Castelló;12131 Villamalur;Hombres;2005;56
12;Castellón/Castelló;12131 Villamalur;Hombres;2004;58
12;Castellón/Castelló;12131 Villamalur;Hombres;2003;61
12;Castellón/Castelló;12131 Villamalur;Hombres;2002;64
12;Castellón/Castelló;12131 Villamalur;Hombres;2001;70
12;Castellón/Castelló;12131 Villamalur;Hombres;2000;79
12;Castellón/Castelló;12131 Villamalur;Hombres;1999;84
12;Castellón/Castelló;12131 Villamalur;Hombres;1998;84
12;Castellón/Castelló;12131 Villamalur;Hombres;1997;
12;Castellón/Castelló;12131 Villamalur;Hombres;1996;88
12;Castellón/Castelló;12131 Villamalur;Mujeres;2023;37
12;Castellón/Castelló;12131 Villamalur;Mujeres;2022;28
12;Castellón/Castelló;12131 Villamalur;Mujeres;2021;31
12;Castellón/Castelló;12131 Villamalur;Mujeres;2020;37
12;Castellón/Castelló;12131 Villamalur;Mujeres;2019;25
12;Castellón/Castelló;12131 Villamalur;Mujeres;2018;25
12;Castellón/Castelló;12131 Villamalur;Mujeres;2017;24
12;Castellón/Castelló;12131 Villamalur;Mujeres;2016;28
12;Castellón/Castelló;12131 Villamalur;Mujeres;2015;30
12;Castellón/Castelló;12131 Villamalur;Mujeres;2014;34
12;Castellón/Castelló;12131 Villamalur;Mujeres;2013;37
12;Castellón/Castelló;12131 Villamalur;Mujeres;2012;43
12;Castellón/Castelló;12131 Villamalur;Mujeres;2011;48
12;Castellón/Castelló;12131 Villamalur;Mujeres;2010;49
12;Castellón/Castelló;12131 Villamalur;Mujeres;2009;45
12;Castellón/Castelló;12131 Villamalur;Mujeres;2008;45
12;Castellón/Castelló;12131 Villamalur;Mujeres;2007;48
12;Castellón/Castelló;12131 Villamalur;Mujeres;2006;48
12;Castellón/Castelló;12131 Villamalur;Mujeres;2005;48
12;Castellón/Castelló;12131 Villamalur;Mujeres;2004;50
12;Castellón/Castelló;12131 Villamalur;Mujeres;2003;52
12;Castellón/Castelló;12131 Villamalur;Mujeres;2002;54
12;Castellón/Castelló;12131 Villamalur;Mujeres;2001;57
12;Castellón/Castelló;12131 Villamalur;Mujeres;2000;62
12;Castellón/Castelló;12131 Villamalur;Mujeres;1999;64
12;Castellón/Castelló;12131 Villamalur;Mujeres;1998;65
12;Castellón/Castelló;12131 Villamalur;Mujeres;1997;
12;Castellón/Castelló;12131 Villamalur;Mujeres;1996;73
12;Castellón/Castelló;12133 Villanueva de Viver;Total;2023;110
12;Castellón/Castelló;12133 Villanueva de Viver;Total;2022;89
12;Castellón/Castelló;12133 Villanueva de Viver;Total;2021;82
12;Castellón/Castelló;12133 Villanueva de Viver;Total;2020;60
12;Castellón/Castelló;12133 Villanueva de Viver;Total;2019;61
12;Castellón/Castelló;12133 Villanueva de Viver;Total;2018;66
12;Castellón/Castelló;12133 Villanueva de Viver;Total;2017;61
12;Castellón/Castelló;12133 Villanueva de Viver;Total;2016;60
12;Castellón/Castelló;12133 Villanueva de Viver;Total;2015;61
12;Castellón/Castelló;12133 Villanueva de Viver;Total;2014;68
12;Castellón/Castelló;12133 Villanueva de Viver;Total;2013;69
12;Castellón/Castelló;12133 Villanueva de Viver;Total;2012;77
12;Castellón/Castelló;12133 Villanueva de Viver;Total;2011;66
12;Castellón/Castelló;12133 Villanueva de Viver;Total;2010;69
12;Castellón/Castelló;12133 Villanueva de Viver;Total;2009;64
12;Castellón/Castelló;12133 Villanueva de Viver;Total;2008;74
12;Castellón/Castelló;12133 Villanueva de Viver;Total;2007;73
12;Castellón/Castelló;12133 Villanueva de Viver;Total;2006;72
12;Castellón/Castelló;12133 Villanueva de Viver;Total;2005;73
12;Castellón/Castelló;12133 Villanueva de Viver;Total;2004;71
12;Castellón/Castelló;12133 Villanueva de Viver;Total;2003;75
12;Castellón/Castelló;12133 Villanueva de Viver;Total;2002;75
12;Castellón/Castelló;12133 Villanueva de Viver;Total;2001;75
12;Castellón/Castelló;12133 Villanueva de Viver;Total;2000;79
12;Castellón/Castelló;12133 Villanueva de Viver;Total;1999;80
12;Castellón/Castelló;12133 Villanueva de Viver;Total;1998;88
12;Castellón/Castelló;12133 Villanueva de Viver;Total;1997;
12;Castellón/Castelló;12133 Villanueva de Viver;Total;1996;95
12;Castellón/Castelló;12133 Villanueva de Viver;Hombres;2023;61
12;Castellón/Castelló;12133 Villanueva de Viver;Hombres;2022;48
12;Castellón/Castelló;12133 Villanueva de Viver;Hombres;2021;43
12;Castellón/Castelló;12133 Villanueva de Viver;Hombres;2020;33
12;Castellón/Castelló;12133 Villanueva de Viver;Hombres;2019;34
12;Castellón/Castelló;12133 Villanueva de Viver;Hombres;2018;34
12;Castellón/Castelló;12133 Villanueva de Viver;Hombres;2017;34
12;Castellón/Castelló;12133 Villanueva de Viver;Hombres;2016;33
12;Castellón/Castelló;12133 Villanueva de Viver;Hombres;2015;33
12;Castellón/Castelló;12133 Villanueva de Viver;Hombres;2014;37
12;Castellón/Castelló;12133 Villanueva de Viver;Hombres;2013;38
12;Castellón/Castelló;12133 Villanueva de Viver;Hombres;2012;43
12;Castellón/Castelló;12133 Villanueva de Viver;Hombres;2011;38
12;Castellón/Castelló;12133 Villanueva de Viver;Hombres;2010;38
12;Castellón/Castelló;12133 Villanueva de Viver;Hombres;2009;39
12;Castellón/Castelló;12133 Villanueva de Viver;Hombres;2008;42
12;Castellón/Castelló;12133 Villanueva de Viver;Hombres;2007;41
12;Castellón/Castelló;12133 Villanueva de Viver;Hombres;2006;41
12;Castellón/Castelló;12133 Villanueva de Viver;Hombres;2005;41
12;Castellón/Castelló;12133 Villanueva de Viver;Hombres;2004;38
12;Castellón/Castelló;12133 Villanueva de Viver;Hombres;2003;39
12;Castellón/Castelló;12133 Villanueva de Viver;Hombres;2002;39
12;Castellón/Castelló;12133 Villanueva de Viver;Hombres;2001;38
12;Castellón/Castelló;12133 Villanueva de Viver;Hombres;2000;40
12;Castellón/Castelló;12133 Villanueva de Viver;Hombres;1999;40
12;Castellón/Castelló;12133 Villanueva de Viver;Hombres;1998;46
12;Castellón/Castelló;12133 Villanueva de Viver;Hombres;1997;
12;Castellón/Castelló;12133 Villanueva de Viver;Hombres;1996;50
12;Castellón/Castelló;12133 Villanueva de Viver;Mujeres;2023;49
12;Castellón/Castelló;12133 Villanueva de Viver;Mujeres;2022;41
12;Castellón/Castelló;12133 Villanueva de Viver;Mujeres;2021;39
12;Castellón/Castelló;12133 Villanueva de Viver;Mujeres;2020;27
12;Castellón/Castelló;12133 Villanueva de Viver;Mujeres;2019;27
12;Castellón/Castelló;12133 Villanueva de Viver;Mujeres;2018;32
12;Castellón/Castelló;12133 Villanueva de Viver;Mujeres;2017;27
12;Castellón/Castelló;12133 Villanueva de Viver;Mujeres;2016;27
12;Castellón/Castelló;12133 Villanueva de Viver;Mujeres;2015;28
12;Castellón/Castelló;12133 Villanueva de Viver;Mujeres;2014;31
12;Castellón/Castelló;12133 Villanueva de Viver;Mujeres;2013;31
12;Castellón/Castelló;12133 Villanueva de Viver;Mujeres;2012;34
12;Castellón/Castelló;12133 Villanueva de Viver;Mujeres;2011;28
12;Castellón/Castelló;12133 Villanueva de Viver;Mujeres;2010;31
12;Castellón/Castelló;12133 Villanueva de Viver;Mujeres;2009;25
12;Castellón/Castelló;12133 Villanueva de Viver;Mujeres;2008;32
12;Castellón/Castelló;12133 Villanueva de Viver;Mujeres;2007;32
12;Castellón/Castelló;12133 Villanueva de Viver;Mujeres;2006;31
12;Castellón/Castelló;12133 Villanueva de Viver;Mujeres;2005;32
12;Castellón/Castelló;12133 Villanueva de Viver;Mujeres;2004;33
12;Castellón/Castelló;12133 Villanueva de Viver;Mujeres;2003;36
12;Castellón/Castelló;12133 Villanueva de Viver;Mujeres;2002;36
12;Castellón/Castelló;12133 Villanueva de Viver;Mujeres;2001;37
12;Castellón/Castelló;12133 Villanueva de Viver;Mujeres;2000;39
12;Castellón/Castelló;12133 Villanueva de Viver;Mujeres;1999;40
12;Castellón/Castelló;12133 Villanueva de Viver;Mujeres;1998;42
12;Castellón/Castelló;12133 Villanueva de Viver;Mujeres;1997;
12;Castellón/Castelló;12133 Villanueva de Viver;Mujeres;1996;45
12;Castellón/Castelló;12137 Villores;Total;2023;54
12;Castellón/Castelló;12137 Villores;Total;2022;53
12;Castellón/Castelló;12137 Villores;Total;2021;46
12;Castellón/Castelló;12137 Villores;Total;2020;42
12;Castellón/Castelló;12137 Villores;Total;2019;39
12;Castellón/Castelló;12137 Villores;Total;2018;42
12;Castellón/Castelló;12137 Villores;Total;2017;42
12;Castellón/Castelló;12137 Villores;Total;2016;38
12;Castellón/Castelló;12137 Villores;Total;2015;37
12;Castellón/Castelló;12137 Villores;Total;2014;42
12;Castellón/Castelló;12137 Villores;Total;2013;43
12;Castellón/Castelló;12137 Villores;Total;2012;48
12;Castellón/Castelló;12137 Villores;Total;2011;50
12;Castellón/Castelló;12137 Villores;Total;2010;51
12;Castellón/Castelló;12137 Villores;Total;2009;51
12;Castellón/Castelló;12137 Villores;Total;2008;53
12;Castellón/Castelló;12137 Villores;Total;2007;50
12;Castellón/Castelló;12137 Villores;Total;2006;54
12;Castellón/Castelló;12137 Villores;Total;2005;62
12;Castellón/Castelló;12137 Villores;Total;2004;56
12;Castellón/Castelló;12137 Villores;Total;2003;62
12;Castellón/Castelló;12137 Villores;Total;2002;65
12;Castellón/Castelló;12137 Villores;Total;2001;62
12;Castellón/Castelló;12137 Villores;Total;2000;63
12;Castellón/Castelló;12137 Villores;Total;1999;66
12;Castellón/Castelló;12137 Villores;Total;1998;66
12;Castellón/Castelló;12137 Villores;Total;1997;
12;Castellón/Castelló;12137 Villores;Total;1996;72
12;Castellón/Castelló;12137 Villores;Hombres;2023;26
12;Castellón/Castelló;12137 Villores;Hombres;2022;26
12;Castellón/Castelló;12137 Villores;Hombres;2021;22
12;Castellón/Castelló;12137 Villores;Hombres;2020;21
12;Castellón/Castelló;12137 Villores;Hombres;2019;19
12;Castellón/Castelló;12137 Villores;Hombres;2018;23
12;Castellón/Castelló;12137 Villores;Hombres;2017;22
12;Castellón/Castelló;12137 Villores;Hombres;2016;20
12;Castellón/Castelló;12137 Villores;Hombres;2015;19
12;Castellón/Castelló;12137 Villores;Hombres;2014;22
12;Castellón/Castelló;12137 Villores;Hombres;2013;23
12;Castellón/Castelló;12137 Villores;Hombres;2012;27
12;Castellón/Castelló;12137 Villores;Hombres;2011;27
12;Castellón/Castelló;12137 Villores;Hombres;2010;29
12;Castellón/Castelló;12137 Villores;Hombres;2009;28
12;Castellón/Castelló;12137 Villores;Hombres;2008;30
12;Castellón/Castelló;12137 Villores;Hombres;2007;27
12;Castellón/Castelló;12137 Villores;Hombres;2006;30
12;Castellón/Castelló;12137 Villores;Hombres;2005;35
12;Castellón/Castelló;12137 Villores;Hombres;2004;30
12;Castellón/Castelló;12137 Villores;Hombres;2003;31
12;Castellón/Castelló;12137 Villores;Hombres;2002;34
12;Castellón/Castelló;12137 Villores;Hombres;2001;32
12;Castellón/Castelló;12137 Villores;Hombres;2000;32
12;Castellón/Castelló;12137 Villores;Hombres;1999;33
12;Castellón/Castelló;12137 Villores;Hombres;1998;33
12;Castellón/Castelló;12137 Villores;Hombres;1997;
12;Castellón/Castelló;12137 Villores;Hombres;1996;36
12;Castellón/Castelló;12137 Villores;Mujeres;2023;28
12;Castellón/Castelló;12137 Villores;Mujeres;2022;27
12;Castellón/Castelló;12137 Villores;Mujeres;2021;24
12;Castellón/Castelló;12137 Villores;Mujeres;2020;21
12;Castellón/Castelló;12137 Villores;Mujeres;2019;20
12;Castellón/Castelló;12137 Villores;Mujeres;2018;19
12;Castellón/Castelló;12137 Villores;Mujeres;2017;20
12;Castellón/Castelló;12137 Villores;Mujeres;2016;18
12;Castellón/Castelló;12137 Villores;Mujeres;2015;18
12;Castellón/Castelló;12137 Villores;Mujeres;2014;20
12;Castellón/Castelló;12137 Villores;Mujeres;2013;20
12;Castellón/Castelló;12137 Villores;Mujeres;2012;21
12;Castellón/Castelló;12137 Villores;Mujeres;2011;23
12;Castellón/Castelló;12137 Villores;Mujeres;2010;22
12;Castellón/Castelló;12137 Villores;Mujeres;2009;23
12;Castellón/Castelló;12137 Villores;Mujeres;2008;23
12;Castellón/Castelló;12137 Villores;Mujeres;2007;23
12;Castellón/Castelló;12137 Villores;Mujeres;2006;24
12;Castellón/Castelló;12137 Villores;Mujeres;2005;27
12;Castellón/Castelló;12137 Villores;Mujeres;2004;26
12;Castellón/Castelló;12137 Villores;Mujeres;2003;31
12;Castellón/Castelló;12137 Villores;Mujeres;2002;31
12;Castellón/Castelló;12137 Villores;Mujeres;2001;30
12;Castellón/Castelló;12137 Villores;Mujeres;2000;31
12;Castellón/Castelló;12137 Villores;Mujeres;1999;33
12;Castellón/Castelló;12137 Villores;Mujeres;1998;33
12;Castellón/Castelló;12137 Villores;Mujeres;1997;
12;Castellón/Castelló;12137 Villores;Mujeres;1996;36
12;Castellón/Castelló;12138 Vinaròs;Total;2023;29686
12;Castellón/Castelló;12138 Vinaròs;Total;2022;29120
12;Castellón/Castelló;12138 Vinaròs;Total;2021;28862
12;Castellón/Castelló;12138 Vinaròs;Total;2020;28833
12;Castellón/Castelló;12138 Vinaròs;Total;2019;28682
12;Castellón/Castelló;12138 Vinaròs;Total;2018;28438
12;Castellón/Castelló;12138 Vinaròs;Total;2017;28292
12;Castellón/Castelló;12138 Vinaròs;Total;2016;28290
12;Castellón/Castelló;12138 Vinaròs;Total;2015;28190
12;Castellón/Castelló;12138 Vinaròs;Total;2014;28337
12;Castellón/Castelló;12138 Vinaròs;Total;2013;28829
12;Castellón/Castelló;12138 Vinaròs;Total;2012;28615
12;Castellón/Castelló;12138 Vinaròs;Total;2011;28508
12;Castellón/Castelló;12138 Vinaròs;Total;2010;28291
12;Castellón/Castelló;12138 Vinaròs;Total;2009;28273
12;Castellón/Castelló;12138 Vinaròs;Total;2008;27912
12;Castellón/Castelló;12138 Vinaròs;Total;2007;26977
12;Castellón/Castelló;12138 Vinaròs;Total;2006;26251
12;Castellón/Castelló;12138 Vinaròs;Total;2005;25232
12;Castellón/Castelló;12138 Vinaròs;Total;2004;24467
12;Castellón/Castelló;12138 Vinaròs;Total;2003;24507
12;Castellón/Castelló;12138 Vinaròs;Total;2002;23807
12;Castellón/Castelló;12138 Vinaròs;Total;2001;23142
12;Castellón/Castelló;12138 Vinaròs;Total;2000;22552
12;Castellón/Castelló;12138 Vinaròs;Total;1999;22268
12;Castellón/Castelló;12138 Vinaròs;Total;1998;21592
12;Castellón/Castelló;12138 Vinaròs;Total;1997;
12;Castellón/Castelló;12138 Vinaròs;Total;1996;20940
12;Castellón/Castelló;12138 Vinaròs;Hombres;2023;14598
12;Castellón/Castelló;12138 Vinaròs;Hombres;2022;14380
12;Castellón/Castelló;12138 Vinaròs;Hombres;2021;14267
12;Castellón/Castelló;12138 Vinaròs;Hombres;2020;14238
12;Castellón/Castelló;12138 Vinaròs;Hombres;2019;14169
12;Castellón/Castelló;12138 Vinaròs;Hombres;2018;14011
12;Castellón/Castelló;12138 Vinaròs;Hombres;2017;13990
12;Castellón/Castelló;12138 Vinaròs;Hombres;2016;13989
12;Castellón/Castelló;12138 Vinaròs;Hombres;2015;13940
12;Castellón/Castelló;12138 Vinaròs;Hombres;2014;14038
12;Castellón/Castelló;12138 Vinaròs;Hombres;2013;14318
12;Castellón/Castelló;12138 Vinaròs;Hombres;2012;14224
12;Castellón/Castelló;12138 Vinaròs;Hombres;2011;14194
12;Castellón/Castelló;12138 Vinaròs;Hombres;2010;14116
12;Castellón/Castelló;12138 Vinaròs;Hombres;2009;14145
12;Castellón/Castelló;12138 Vinaròs;Hombres;2008;13955
12;Castellón/Castelló;12138 Vinaròs;Hombres;2007;13467
12;Castellón/Castelló;12138 Vinaròs;Hombres;2006;13082
12;Castellón/Castelló;12138 Vinaròs;Hombres;2005;12503
12;Castellón/Castelló;12138 Vinaròs;Hombres;2004;12112
12;Castellón/Castelló;12138 Vinaròs;Hombres;2003;12129
12;Castellón/Castelló;12138 Vinaròs;Hombres;2002;11721
12;Castellón/Castelló;12138 Vinaròs;Hombres;2001;11325
12;Castellón/Castelló;12138 Vinaròs;Hombres;2000;11025
12;Castellón/Castelló;12138 Vinaròs;Hombres;1999;10850
12;Castellón/Castelló;12138 Vinaròs;Hombres;1998;10513
12;Castellón/Castelló;12138 Vinaròs;Hombres;1997;
12;Castellón/Castelló;12138 Vinaròs;Hombres;1996;10216
12;Castellón/Castelló;12138 Vinaròs;Mujeres;2023;15088
12;Castellón/Castelló;12138 Vinaròs;Mujeres;2022;14740
12;Castellón/Castelló;12138 Vinaròs;Mujeres;2021;14595
12;Castellón/Castelló;12138 Vinaròs;Mujeres;2020;14595
12;Castellón/Castelló;12138 Vinaròs;Mujeres;2019;14513
12;Castellón/Castelló;12138 Vinaròs;Mujeres;2018;14427
12;Castellón/Castelló;12138 Vinaròs;Mujeres;2017;14302
12;Castellón/Castelló;12138 Vinaròs;Mujeres;2016;14301
12;Castellón/Castelló;12138 Vinaròs;Mujeres;2015;14250
12;Castellón/Castelló;12138 Vinaròs;Mujeres;2014;14299
12;Castellón/Castelló;12138 Vinaròs;Mujeres;2013;14511
12;Castellón/Castelló;12138 Vinaròs;Mujeres;2012;14391
12;Castellón/Castelló;12138 Vinaròs;Mujeres;2011;14314
12;Castellón/Castelló;12138 Vinaròs;Mujeres;2010;14175
12;Castellón/Castelló;12138 Vinaròs;Mujeres;2009;14128
12;Castellón/Castelló;12138 Vinaròs;Mujeres;2008;13957
12;Castellón/Castelló;12138 Vinaròs;Mujeres;2007;13510
12;Castellón/Castelló;12138 Vinaròs;Mujeres;2006;13169
12;Castellón/Castelló;12138 Vinaròs;Mujeres;2005;12729
12;Castellón/Castelló;12138 Vinaròs;Mujeres;2004;12355
12;Castellón/Castelló;12138 Vinaròs;Mujeres;2003;12378
12;Castellón/Castelló;12138 Vinaròs;Mujeres;2002;12086
12;Castellón/Castelló;12138 Vinaròs;Mujeres;2001;11817
12;Castellón/Castelló;12138 Vinaròs;Mujeres;2000;11527
12;Castellón/Castelló;12138 Vinaròs;Mujeres;1999;11418
12;Castellón/Castelló;12138 Vinaròs;Mujeres;1998;11079
12;Castellón/Castelló;12138 Vinaròs;Mujeres;1997;
12;Castellón/Castelló;12138 Vinaròs;Mujeres;1996;10724
12;Castellón/Castelló;12139 Vistabella del Maestrat;Total;2023;369
12;Castellón/Castelló;12139 Vistabella del Maestrat;Total;2022;334
12;Castellón/Castelló;12139 Vistabella del Maestrat;Total;2021;337
12;Castellón/Castelló;12139 Vistabella del Maestrat;Total;2020;333
12;Castellón/Castelló;12139 Vistabella del Maestrat;Total;2019;339
12;Castellón/Castelló;12139 Vistabella del Maestrat;Total;2018;342
12;Castellón/Castelló;12139 Vistabella del Maestrat;Total;2017;352
12;Castellón/Castelló;12139 Vistabella del Maestrat;Total;2016;364
12;Castellón/Castelló;12139 Vistabella del Maestrat;Total;2015;370
12;Castellón/Castelló;12139 Vistabella del Maestrat;Total;2014;384
12;Castellón/Castelló;12139 Vistabella del Maestrat;Total;2013;402
12;Castellón/Castelló;12139 Vistabella del Maestrat;Total;2012;419
12;Castellón/Castelló;12139 Vistabella del Maestrat;Total;2011;413
12;Castellón/Castelló;12139 Vistabella del Maestrat;Total;2010;421
12;Castellón/Castelló;12139 Vistabella del Maestrat;Total;2009;412
12;Castellón/Castelló;12139 Vistabella del Maestrat;Total;2008;426
12;Castellón/Castelló;12139 Vistabella del Maestrat;Total;2007;404
12;Castellón/Castelló;12139 Vistabella del Maestrat;Total;2006;399
12;Castellón/Castelló;12139 Vistabella del Maestrat;Total;2005;410
12;Castellón/Castelló;12139 Vistabella del Maestrat;Total;2004;418
12;Castellón/Castelló;12139 Vistabella del Maestrat;Total;2003;423
12;Castellón/Castelló;12139 Vistabella del Maestrat;Total;2002;414
12;Castellón/Castelló;12139 Vistabella del Maestrat;Total;2001;433
12;Castellón/Castelló;12139 Vistabella del Maestrat;Total;2000;453
12;Castellón/Castelló;12139 Vistabella del Maestrat;Total;1999;467
12;Castellón/Castelló;12139 Vistabella del Maestrat;Total;1998;473
12;Castellón/Castelló;12139 Vistabella del Maestrat;Total;1997;
12;Castellón/Castelló;12139 Vistabella del Maestrat;Total;1996;475
12;Castellón/Castelló;12139 Vistabella del Maestrat;Hombres;2023;197
12;Castellón/Castelló;12139 Vistabella del Maestrat;Hombres;2022;181
12;Castellón/Castelló;12139 Vistabella del Maestrat;Hombres;2021;183
12;Castellón/Castelló;12139 Vistabella del Maestrat;Hombres;2020;184
12;Castellón/Castelló;12139 Vistabella del Maestrat;Hombres;2019;186
12;Castellón/Castelló;12139 Vistabella del Maestrat;Hombres;2018;190
12;Castellón/Castelló;12139 Vistabella del Maestrat;Hombres;2017;192
12;Castellón/Castelló;12139 Vistabella del Maestrat;Hombres;2016;197
12;Castellón/Castelló;12139 Vistabella del Maestrat;Hombres;2015;199
12;Castellón/Castelló;12139 Vistabella del Maestrat;Hombres;2014;202
12;Castellón/Castelló;12139 Vistabella del Maestrat;Hombres;2013;211
12;Castellón/Castelló;12139 Vistabella del Maestrat;Hombres;2012;218
12;Castellón/Castelló;12139 Vistabella del Maestrat;Hombres;2011;219
12;Castellón/Castelló;12139 Vistabella del Maestrat;Hombres;2010;219
12;Castellón/Castelló;12139 Vistabella del Maestrat;Hombres;2009;222
12;Castellón/Castelló;12139 Vistabella del Maestrat;Hombres;2008;226
12;Castellón/Castelló;12139 Vistabella del Maestrat;Hombres;2007;209
12;Castellón/Castelló;12139 Vistabella del Maestrat;Hombres;2006;203
12;Castellón/Castelló;12139 Vistabella del Maestrat;Hombres;2005;210
12;Castellón/Castelló;12139 Vistabella del Maestrat;Hombres;2004;213
12;Castellón/Castelló;12139 Vistabella del Maestrat;Hombres;2003;211
12;Castellón/Castelló;12139 Vistabella del Maestrat;Hombres;2002;205
12;Castellón/Castelló;12139 Vistabella del Maestrat;Hombres;2001;218
12;Castellón/Castelló;12139 Vistabella del Maestrat;Hombres;2000;228
12;Castellón/Castelló;12139 Vistabella del Maestrat;Hombres;1999;234
12;Castellón/Castelló;12139 Vistabella del Maestrat;Hombres;1998;233
12;Castellón/Castelló;12139 Vistabella del Maestrat;Hombres;1997;
12;Castellón/Castelló;12139 Vistabella del Maestrat;Hombres;1996;235
12;Castellón/Castelló;12139 Vistabella del Maestrat;Mujeres;2023;172
12;Castellón/Castelló;12139 Vistabella del Maestrat;Mujeres;2022;153
12;Castellón/Castelló;12139 Vistabella del Maestrat;Mujeres;2021;154
12;Castellón/Castelló;12139 Vistabella del Maestrat;Mujeres;2020;149
12;Castellón/Castelló;12139 Vistabella del Maestrat;Mujeres;2019;153
12;Castellón/Castelló;12139 Vistabella del Maestrat;Mujeres;2018;152
12;Castellón/Castelló;12139 Vistabella del Maestrat;Mujeres;2017;160
12;Castellón/Castelló;12139 Vistabella del Maestrat;Mujeres;2016;167
12;Castellón/Castelló;12139 Vistabella del Maestrat;Mujeres;2015;171
12;Castellón/Castelló;12139 Vistabella del Maestrat;Mujeres;2014;182
12;Castellón/Castelló;12139 Vistabella del Maestrat;Mujeres;2013;191
12;Castellón/Castelló;12139 Vistabella del Maestrat;Mujeres;2012;201
12;Castellón/Castelló;12139 Vistabella del Maestrat;Mujeres;2011;194
12;Castellón/Castelló;12139 Vistabella del Maestrat;Mujeres;2010;202
12;Castellón/Castelló;12139 Vistabella del Maestrat;Mujeres;2009;190
12;Castellón/Castelló;12139 Vistabella del Maestrat;Mujeres;2008;200
12;Castellón/Castelló;12139 Vistabella del Maestrat;Mujeres;2007;195
12;Castellón/Castelló;12139 Vistabella del Maestrat;Mujeres;2006;196
12;Castellón/Castelló;12139 Vistabella del Maestrat;Mujeres;2005;200
12;Castellón/Castelló;12139 Vistabella del Maestrat;Mujeres;2004;205
12;Castellón/Castelló;12139 Vistabella del Maestrat;Mujeres;2003;212
12;Castellón/Castelló;12139 Vistabella del Maestrat;Mujeres;2002;209
12;Castellón/Castelló;12139 Vistabella del Maestrat;Mujeres;2001;215
12;Castellón/Castelló;12139 Vistabella del Maestrat;Mujeres;2000;225
12;Castellón/Castelló;12139 Vistabella del Maestrat;Mujeres;1999;233
12;Castellón/Castelló;12139 Vistabella del Maestrat;Mujeres;1998;240
12;Castellón/Castelló;12139 Vistabella del Maestrat;Mujeres;1997;
12;Castellón/Castelló;12139 Vistabella del Maestrat;Mujeres;1996;240
12;Castellón/Castelló;12140 Viver;Total;2023;1683
12;Castellón/Castelló;12140 Viver;Total;2022;1691
12;Castellón/Castelló;12140 Viver;Total;2021;1661
12;Castellón/Castelló;12140 Viver;Total;2020;1572
12;Castellón/Castelló;12140 Viver;Total;2019;1536
12;Castellón/Castelló;12140 Viver;Total;2018;1538
12;Castellón/Castelló;12140 Viver;Total;2017;1509
12;Castellón/Castelló;12140 Viver;Total;2016;1536
12;Castellón/Castelló;12140 Viver;Total;2015;1558
12;Castellón/Castelló;12140 Viver;Total;2014;1594
12;Castellón/Castelló;12140 Viver;Total;2013;1633
12;Castellón/Castelló;12140 Viver;Total;2012;1666
12;Castellón/Castelló;12140 Viver;Total;2011;1681
12;Castellón/Castelló;12140 Viver;Total;2010;1695
12;Castellón/Castelló;12140 Viver;Total;2009;1754
12;Castellón/Castelló;12140 Viver;Total;2008;1703
12;Castellón/Castelló;12140 Viver;Total;2007;1611
12;Castellón/Castelló;12140 Viver;Total;2006;1479
12;Castellón/Castelló;12140 Viver;Total;2005;1441
12;Castellón/Castelló;12140 Viver;Total;2004;1413
12;Castellón/Castelló;12140 Viver;Total;2003;1386
12;Castellón/Castelló;12140 Viver;Total;2002;1314
12;Castellón/Castelló;12140 Viver;Total;2001;1285
12;Castellón/Castelló;12140 Viver;Total;2000;1297
12;Castellón/Castelló;12140 Viver;Total;1999;1265
12;Castellón/Castelló;12140 Viver;Total;1998;1237
12;Castellón/Castelló;12140 Viver;Total;1997;
12;Castellón/Castelló;12140 Viver;Total;1996;1202
12;Castellón/Castelló;12140 Viver;Hombres;2023;873
12;Castellón/Castelló;12140 Viver;Hombres;2022;866
12;Castellón/Castelló;12140 Viver;Hombres;2021;851
12;Castellón/Castelló;12140 Viver;Hombres;2020;823
12;Castellón/Castelló;12140 Viver;Hombres;2019;800
12;Castellón/Castelló;12140 Viver;Hombres;2018;796
12;Castellón/Castelló;12140 Viver;Hombres;2017;784
12;Castellón/Castelló;12140 Viver;Hombres;2016;792
12;Castellón/Castelló;12140 Viver;Hombres;2015;809
12;Castellón/Castelló;12140 Viver;Hombres;2014;830
12;Castellón/Castelló;12140 Viver;Hombres;2013;851
12;Castellón/Castelló;12140 Viver;Hombres;2012;870
12;Castellón/Castelló;12140 Viver;Hombres;2011;875
12;Castellón/Castelló;12140 Viver;Hombres;2010;879
12;Castellón/Castelló;12140 Viver;Hombres;2009;916
12;Castellón/Castelló;12140 Viver;Hombres;2008;891
12;Castellón/Castelló;12140 Viver;Hombres;2007;836
12;Castellón/Castelló;12140 Viver;Hombres;2006;765
12;Castellón/Castelló;12140 Viver;Hombres;2005;735
12;Castellón/Castelló;12140 Viver;Hombres;2004;734
12;Castellón/Castelló;12140 Viver;Hombres;2003;712
12;Castellón/Castelló;12140 Viver;Hombres;2002;662
12;Castellón/Castelló;12140 Viver;Hombres;2001;645
12;Castellón/Castelló;12140 Viver;Hombres;2000;656
12;Castellón/Castelló;12140 Viver;Hombres;1999;650
12;Castellón/Castelló;12140 Viver;Hombres;1998;636
12;Castellón/Castelló;12140 Viver;Hombres;1997;
12;Castellón/Castelló;12140 Viver;Hombres;1996;610
12;Castellón/Castelló;12140 Viver;Mujeres;2023;810
12;Castellón/Castelló;12140 Viver;Mujeres;2022;825
12;Castellón/Castelló;12140 Viver;Mujeres;2021;810
12;Castellón/Castelló;12140 Viver;Mujeres;2020;749
12;Castellón/Castelló;12140 Viver;Mujeres;2019;736
12;Castellón/Castelló;12140 Viver;Mujeres;2018;742
12;Castellón/Castelló;12140 Viver;Mujeres;2017;725
12;Castellón/Castelló;12140 Viver;Mujeres;2016;744
12;Castellón/Castelló;12140 Viver;Mujeres;2015;749
12;Castellón/Castelló;12140 Viver;Mujeres;2014;764
12;Castellón/Castelló;12140 Viver;Mujeres;2013;782
12;Castellón/Castelló;12140 Viver;Mujeres;2012;796
12;Castellón/Castelló;12140 Viver;Mujeres;2011;806
12;Castellón/Castelló;12140 Viver;Mujeres;2010;816
12;Castellón/Castelló;12140 Viver;Mujeres;2009;838
12;Castellón/Castelló;12140 Viver;Mujeres;2008;812
12;Castellón/Castelló;12140 Viver;Mujeres;2007;775
12;Castellón/Castelló;12140 Viver;Mujeres;2006;714
12;Castellón/Castelló;12140 Viver;Mujeres;2005;706
12;Castellón/Castelló;12140 Viver;Mujeres;2004;679
12;Castellón/Castelló;12140 Viver;Mujeres;2003;674
12;Castellón/Castelló;12140 Viver;Mujeres;2002;652
12;Castellón/Castelló;12140 Viver;Mujeres;2001;640
12;Castellón/Castelló;12140 Viver;Mujeres;2000;641
12;Castellón/Castelló;12140 Viver;Mujeres;1999;615
12;Castellón/Castelló;12140 Viver;Mujeres;1998;601
12;Castellón/Castelló;12140 Viver;Mujeres;1997;
12;Castellón/Castelló;12140 Viver;Mujeres;1996;592
12;Castellón/Castelló;12052 Xert;Total;2023;686
12;Castellón/Castelló;12052 Xert;Total;2022;679
12;Castellón/Castelló;12052 Xert;Total;2021;686
12;Castellón/Castelló;12052 Xert;Total;2020;688
12;Castellón/Castelló;12052 Xert;Total;2019;701
12;Castellón/Castelló;12052 Xert;Total;2018;725
12;Castellón/Castelló;12052 Xert;Total;2017;733
12;Castellón/Castelló;12052 Xert;Total;2016;754
12;Castellón/Castelló;12052 Xert;Total;2015;779
12;Castellón/Castelló;12052 Xert;Total;2014;819
12;Castellón/Castelló;12052 Xert;Total;2013;862
12;Castellón/Castelló;12052 Xert;Total;2012;873
12;Castellón/Castelló;12052 Xert;Total;2011;889
12;Castellón/Castelló;12052 Xert;Total;2010;897
12;Castellón/Castelló;12052 Xert;Total;2009;906
12;Castellón/Castelló;12052 Xert;Total;2008;927
12;Castellón/Castelló;12052 Xert;Total;2007;918
12;Castellón/Castelló;12052 Xert;Total;2006;912
12;Castellón/Castelló;12052 Xert;Total;2005;914
12;Castellón/Castelló;12052 Xert;Total;2004;896
12;Castellón/Castelló;12052 Xert;Total;2003;903
12;Castellón/Castelló;12052 Xert;Total;2002;895
12;Castellón/Castelló;12052 Xert;Total;2001;888
12;Castellón/Castelló;12052 Xert;Total;2000;894
12;Castellón/Castelló;12052 Xert;Total;1999;913
12;Castellón/Castelló;12052 Xert;Total;1998;920
12;Castellón/Castelló;12052 Xert;Total;1997;
12;Castellón/Castelló;12052 Xert;Total;1996;938
12;Castellón/Castelló;12052 Xert;Hombres;2023;342
12;Castellón/Castelló;12052 Xert;Hombres;2022;336
12;Castellón/Castelló;12052 Xert;Hombres;2021;335
12;Castellón/Castelló;12052 Xert;Hombres;2020;332
12;Castellón/Castelló;12052 Xert;Hombres;2019;338
12;Castellón/Castelló;12052 Xert;Hombres;2018;344
12;Castellón/Castelló;12052 Xert;Hombres;2017;347
12;Castellón/Castelló;12052 Xert;Hombres;2016;363
12;Castellón/Castelló;12052 Xert;Hombres;2015;384
12;Castellón/Castelló;12052 Xert;Hombres;2014;405
12;Castellón/Castelló;12052 Xert;Hombres;2013;431
12;Castellón/Castelló;12052 Xert;Hombres;2012;438
12;Castellón/Castelló;12052 Xert;Hombres;2011;446
12;Castellón/Castelló;12052 Xert;Hombres;2010;451
12;Castellón/Castelló;12052 Xert;Hombres;2009;453
12;Castellón/Castelló;12052 Xert;Hombres;2008;456
12;Castellón/Castelló;12052 Xert;Hombres;2007;452
12;Castellón/Castelló;12052 Xert;Hombres;2006;449
12;Castellón/Castelló;12052 Xert;Hombres;2005;449
12;Castellón/Castelló;12052 Xert;Hombres;2004;439
12;Castellón/Castelló;12052 Xert;Hombres;2003;441
12;Castellón/Castelló;12052 Xert;Hombres;2002;429
12;Castellón/Castelló;12052 Xert;Hombres;2001;430
12;Castellón/Castelló;12052 Xert;Hombres;2000;433
12;Castellón/Castelló;12052 Xert;Hombres;1999;445
12;Castellón/Castelló;12052 Xert;Hombres;1998;449
12;Castellón/Castelló;12052 Xert;Hombres;1997;
12;Castellón/Castelló;12052 Xert;Hombres;1996;457
12;Castellón/Castelló;12052 Xert;Mujeres;2023;344
12;Castellón/Castelló;12052 Xert;Mujeres;2022;343
12;Castellón/Castelló;12052 Xert;Mujeres;2021;351
12;Castellón/Castelló;12052 Xert;Mujeres;2020;356
12;Castellón/Castelló;12052 Xert;Mujeres;2019;363
12;Castellón/Castelló;12052 Xert;Mujeres;2018;381
12;Castellón/Castelló;12052 Xert;Mujeres;2017;386
12;Castellón/Castelló;12052 Xert;Mujeres;2016;391
12;Castellón/Castelló;12052 Xert;Mujeres;2015;395
12;Castellón/Castelló;12052 Xert;Mujeres;2014;414
12;Castellón/Castelló;12052 Xert;Mujeres;2013;431
12;Castellón/Castelló;12052 Xert;Mujeres;2012;435
12;Castellón/Castelló;12052 Xert;Mujeres;2011;443
12;Castellón/Castelló;12052 Xert;Mujeres;2010;446
12;Castellón/Castelló;12052 Xert;Mujeres;2009;453
12;Castellón/Castelló;12052 Xert;Mujeres;2008;471
12;Castellón/Castelló;12052 Xert;Mujeres;2007;466
12;Castellón/Castelló;12052 Xert;Mujeres;2006;463
12;Castellón/Castelló;12052 Xert;Mujeres;2005;465
12;Castellón/Castelló;12052 Xert;Mujeres;2004;457
12;Castellón/Castelló;12052 Xert;Mujeres;2003;462
12;Castellón/Castelló;12052 Xert;Mujeres;2002;466
12;Castellón/Castelló;12052 Xert;Mujeres;2001;458
12;Castellón/Castelló;12052 Xert;Mujeres;2000;461
12;Castellón/Castelló;12052 Xert;Mujeres;1999;468
12;Castellón/Castelló;12052 Xert;Mujeres;1998;471
12;Castellón/Castelló;12052 Xert;Mujeres;1997;
12;Castellón/Castelló;12052 Xert;Mujeres;1996;481
12;Castellón/Castelló;12055 Xodos/Chodos;Total;2023;117
12;Castellón/Castelló;12055 Xodos/Chodos;Total;2022;120
12;Castellón/Castelló;12055 Xodos/Chodos;Total;2021;109
12;Castellón/Castelló;12055 Xodos/Chodos;Total;2020;106
12;Castellón/Castelló;12055 Xodos/Chodos;Total;2019;112
12;Castellón/Castelló;12055 Xodos/Chodos;Total;2018;113
12;Castellón/Castelló;12055 Xodos/Chodos;Total;2017;115
12;Castellón/Castelló;12055 Xodos/Chodos;Total;2016;117
12;Castellón/Castelló;12055 Xodos/Chodos;Total;2015;124
12;Castellón/Castelló;12055 Xodos/Chodos;Total;2014;126
12;Castellón/Castelló;12055 Xodos/Chodos;Total;2013;118
12;Castellón/Castelló;12055 Xodos/Chodos;Total;2012;127
12;Castellón/Castelló;12055 Xodos/Chodos;Total;2011;125
12;Castellón/Castelló;12055 Xodos/Chodos;Total;2010;126
12;Castellón/Castelló;12055 Xodos/Chodos;Total;2009;126
12;Castellón/Castelló;12055 Xodos/Chodos;Total;2008;122
12;Castellón/Castelló;12055 Xodos/Chodos;Total;2007;124
12;Castellón/Castelló;12055 Xodos/Chodos;Total;2006;128
12;Castellón/Castelló;12055 Xodos/Chodos;Total;2005;136
12;Castellón/Castelló;12055 Xodos/Chodos;Total;2004;131
12;Castellón/Castelló;12055 Xodos/Chodos;Total;2003;142
12;Castellón/Castelló;12055 Xodos/Chodos;Total;2002;150
12;Castellón/Castelló;12055 Xodos/Chodos;Total;2001;151
12;Castellón/Castelló;12055 Xodos/Chodos;Total;2000;160
12;Castellón/Castelló;12055 Xodos/Chodos;Total;1999;156
12;Castellón/Castelló;12055 Xodos/Chodos;Total;1998;159
12;Castellón/Castelló;12055 Xodos/Chodos;Total;1997;
12;Castellón/Castelló;12055 Xodos/Chodos;Total;1996;161
12;Castellón/Castelló;12055 Xodos/Chodos;Hombres;2023;72
12;Castellón/Castelló;12055 Xodos/Chodos;Hombres;2022;72
12;Castellón/Castelló;12055 Xodos/Chodos;Hombres;2021;67
12;Castellón/Castelló;12055 Xodos/Chodos;Hombres;2020;65
12;Castellón/Castelló;12055 Xodos/Chodos;Hombres;2019;69
12;Castellón/Castelló;12055 Xodos/Chodos;Hombres;2018;66
12;Castellón/Castelló;12055 Xodos/Chodos;Hombres;2017;66
12;Castellón/Castelló;12055 Xodos/Chodos;Hombres;2016;66
12;Castellón/Castelló;12055 Xodos/Chodos;Hombres;2015;70
12;Castellón/Castelló;12055 Xodos/Chodos;Hombres;2014;71
12;Castellón/Castelló;12055 Xodos/Chodos;Hombres;2013;65
12;Castellón/Castelló;12055 Xodos/Chodos;Hombres;2012;70
12;Castellón/Castelló;12055 Xodos/Chodos;Hombres;2011;66
12;Castellón/Castelló;12055 Xodos/Chodos;Hombres;2010;66
12;Castellón/Castelló;12055 Xodos/Chodos;Hombres;2009;67
12;Castellón/Castelló;12055 Xodos/Chodos;Hombres;2008;66
12;Castellón/Castelló;12055 Xodos/Chodos;Hombres;2007;67
12;Castellón/Castelló;12055 Xodos/Chodos;Hombres;2006;69
12;Castellón/Castelló;12055 Xodos/Chodos;Hombres;2005;74
12;Castellón/Castelló;12055 Xodos/Chodos;Hombres;2004;68
12;Castellón/Castelló;12055 Xodos/Chodos;Hombres;2003;77
12;Castellón/Castelló;12055 Xodos/Chodos;Hombres;2002;80
12;Castellón/Castelló;12055 Xodos/Chodos;Hombres;2001;81
12;Castellón/Castelló;12055 Xodos/Chodos;Hombres;2000;87
12;Castellón/Castelló;12055 Xodos/Chodos;Hombres;1999;86
12;Castellón/Castelló;12055 Xodos/Chodos;Hombres;1998;84
12;Castellón/Castelló;12055 Xodos/Chodos;Hombres;1997;
12;Castellón/Castelló;12055 Xodos/Chodos;Hombres;1996;87
12;Castellón/Castelló;12055 Xodos/Chodos;Mujeres;2023;45
12;Castellón/Castelló;12055 Xodos/Chodos;Mujeres;2022;48
12;Castellón/Castelló;12055 Xodos/Chodos;Mujeres;2021;42
12;Castellón/Castelló;12055 Xodos/Chodos;Mujeres;2020;41
12;Castellón/Castelló;12055 Xodos/Chodos;Mujeres;2019;43
12;Castellón/Castelló;12055 Xodos/Chodos;Mujeres;2018;47
12;Castellón/Castelló;12055 Xodos/Chodos;Mujeres;2017;49
12;Castellón/Castelló;12055 Xodos/Chodos;Mujeres;2016;51
12;Castellón/Castelló;12055 Xodos/Chodos;Mujeres;2015;54
12;Castellón/Castelló;12055 Xodos/Chodos;Mujeres;2014;55
12;Castellón/Castelló;12055 Xodos/Chodos;Mujeres;2013;53
12;Castellón/Castelló;12055 Xodos/Chodos;Mujeres;2012;57
12;Castellón/Castelló;12055 Xodos/Chodos;Mujeres;2011;59
12;Castellón/Castelló;12055 Xodos/Chodos;Mujeres;2010;60
12;Castellón/Castelló;12055 Xodos/Chodos;Mujeres;2009;59
12;Castellón/Castelló;12055 Xodos/Chodos;Mujeres;2008;56
12;Castellón/Castelló;12055 Xodos/Chodos;Mujeres;2007;57
12;Castellón/Castelló;12055 Xodos/Chodos;Mujeres;2006;59
12;Castellón/Castelló;12055 Xodos/Chodos;Mujeres;2005;62
12;Castellón/Castelló;12055 Xodos/Chodos;Mujeres;2004;63
12;Castellón/Castelló;12055 Xodos/Chodos;Mujeres;2003;65
12;Castellón/Castelló;12055 Xodos/Chodos;Mujeres;2002;70
12;Castellón/Castelló;12055 Xodos/Chodos;Mujeres;2001;70
12;Castellón/Castelló;12055 Xodos/Chodos;Mujeres;2000;73
12;Castellón/Castelló;12055 Xodos/Chodos;Mujeres;1999;70
12;Castellón/Castelló;12055 Xodos/Chodos;Mujeres;1998;75
12;Castellón/Castelló;12055 Xodos/Chodos;Mujeres;1997;
12;Castellón/Castelló;12055 Xodos/Chodos;Mujeres;1996;74
12;Castellón/Castelló;12141 Zorita del Maestrazgo;Total;2023;117
12;Castellón/Castelló;12141 Zorita del Maestrazgo;Total;2022;107
12;Castellón/Castelló;12141 Zorita del Maestrazgo;Total;2021;116
12;Castellón/Castelló;12141 Zorita del Maestrazgo;Total;2020;111
12;Castellón/Castelló;12141 Zorita del Maestrazgo;Total;2019;114
12;Castellón/Castelló;12141 Zorita del Maestrazgo;Total;2018;112
12;Castellón/Castelló;12141 Zorita del Maestrazgo;Total;2017;118
12;Castellón/Castelló;12141 Zorita del Maestrazgo;Total;2016;124
12;Castellón/Castelló;12141 Zorita del Maestrazgo;Total;2015;129
12;Castellón/Castelló;12141 Zorita del Maestrazgo;Total;2014;129
12;Castellón/Castelló;12141 Zorita del Maestrazgo;Total;2013;140
12;Castellón/Castelló;12141 Zorita del Maestrazgo;Total;2012;146
12;Castellón/Castelló;12141 Zorita del Maestrazgo;Total;2011;150
12;Castellón/Castelló;12141 Zorita del Maestrazgo;Total;2010;150
12;Castellón/Castelló;12141 Zorita del Maestrazgo;Total;2009;146
12;Castellón/Castelló;12141 Zorita del Maestrazgo;Total;2008;152
12;Castellón/Castelló;12141 Zorita del Maestrazgo;Total;2007;145
12;Castellón/Castelló;12141 Zorita del Maestrazgo;Total;2006;131
12;Castellón/Castelló;12141 Zorita del Maestrazgo;Total;2005;132
12;Castellón/Castelló;12141 Zorita del Maestrazgo;Total;2004;131
12;Castellón/Castelló;12141 Zorita del Maestrazgo;Total;2003;128
12;Castellón/Castelló;12141 Zorita del Maestrazgo;Total;2002;139
12;Castellón/Castelló;12141 Zorita del Maestrazgo;Total;2001;138
12;Castellón/Castelló;12141 Zorita del Maestrazgo;Total;2000;138
12;Castellón/Castelló;12141 Zorita del Maestrazgo;Total;1999;135
12;Castellón/Castelló;12141 Zorita del Maestrazgo;Total;1998;135
12;Castellón/Castelló;12141 Zorita del Maestrazgo;Total;1997;
12;Castellón/Castelló;12141 Zorita del Maestrazgo;Total;1996;146
12;Castellón/Castelló;12141 Zorita del Maestrazgo;Hombres;2023;58
12;Castellón/Castelló;12141 Zorita del Maestrazgo;Hombres;2022;56
12;Castellón/Castelló;12141 Zorita del Maestrazgo;Hombres;2021;60
12;Castellón/Castelló;12141 Zorita del Maestrazgo;Hombres;2020;58
12;Castellón/Castelló;12141 Zorita del Maestrazgo;Hombres;2019;59
12;Castellón/Castelló;12141 Zorita del Maestrazgo;Hombres;2018;58
12;Castellón/Castelló;12141 Zorita del Maestrazgo;Hombres;2017;61
12;Castellón/Castelló;12141 Zorita del Maestrazgo;Hombres;2016;63
12;Castellón/Castelló;12141 Zorita del Maestrazgo;Hombres;2015;65
12;Castellón/Castelló;12141 Zorita del Maestrazgo;Hombres;2014;67
12;Castellón/Castelló;12141 Zorita del Maestrazgo;Hombres;2013;72
12;Castellón/Castelló;12141 Zorita del Maestrazgo;Hombres;2012;75
12;Castellón/Castelló;12141 Zorita del Maestrazgo;Hombres;2011;74
12;Castellón/Castelló;12141 Zorita del Maestrazgo;Hombres;2010;71
12;Castellón/Castelló;12141 Zorita del Maestrazgo;Hombres;2009;68
12;Castellón/Castelló;12141 Zorita del Maestrazgo;Hombres;2008;70
12;Castellón/Castelló;12141 Zorita del Maestrazgo;Hombres;2007;66
12;Castellón/Castelló;12141 Zorita del Maestrazgo;Hombres;2006;60
12;Castellón/Castelló;12141 Zorita del Maestrazgo;Hombres;2005;64
12;Castellón/Castelló;12141 Zorita del Maestrazgo;Hombres;2004;64
12;Castellón/Castelló;12141 Zorita del Maestrazgo;Hombres;2003;62
12;Castellón/Castelló;12141 Zorita del Maestrazgo;Hombres;2002;68
12;Castellón/Castelló;12141 Zorita del Maestrazgo;Hombres;2001;69
12;Castellón/Castelló;12141 Zorita del Maestrazgo;Hombres;2000;68
12;Castellón/Castelló;12141 Zorita del Maestrazgo;Hombres;1999;67
12;Castellón/Castelló;12141 Zorita del Maestrazgo;Hombres;1998;68
12;Castellón/Castelló;12141 Zorita del Maestrazgo;Hombres;1997;
12;Castellón/Castelló;12141 Zorita del Maestrazgo;Hombres;1996;72
12;Castellón/Castelló;12141 Zorita del Maestrazgo;Mujeres;2023;59
12;Castellón/Castelló;12141 Zorita del Maestrazgo;Mujeres;2022;51
12;Castellón/Castelló;12141 Zorita del Maestrazgo;Mujeres;2021;56
12;Castellón/Castelló;12141 Zorita del Maestrazgo;Mujeres;2020;53
12;Castellón/Castelló;12141 Zorita del Maestrazgo;Mujeres;2019;55
12;Castellón/Castelló;12141 Zorita del Maestrazgo;Mujeres;2018;54
12;Castellón/Castelló;12141 Zorita del Maestrazgo;Mujeres;2017;57
12;Castellón/Castelló;12141 Zorita del Maestrazgo;Mujeres;2016;61
12;Castellón/Castelló;12141 Zorita del Maestrazgo;Mujeres;2015;64
12;Castellón/Castelló;12141 Zorita del Maestrazgo;Mujeres;2014;62
12;Castellón/Castelló;12141 Zorita del Maestrazgo;Mujeres;2013;68
12;Castellón/Castelló;12141 Zorita del Maestrazgo;Mujeres;2012;71
12;Castellón/Castelló;12141 Zorita del Maestrazgo;Mujeres;2011;76
12;Castellón/Castelló;12141 Zorita del Maestrazgo;Mujeres;2010;79
12;Castellón/Castelló;12141 Zorita del Maestrazgo;Mujeres;2009;78
12;Castellón/Castelló;12141 Zorita del Maestrazgo;Mujeres;2008;82
12;Castellón/Castelló;12141 Zorita del Maestrazgo;Mujeres;2007;79
12;Castellón/Castelló;12141 Zorita del Maestrazgo;Mujeres;2006;71
12;Castellón/Castelló;12141 Zorita del Maestrazgo;Mujeres;2005;68
12;Castellón/Castelló;12141 Zorita del Maestrazgo;Mujeres;2004;67
12;Castellón/Castelló;12141 Zorita del Maestrazgo;Mujeres;2003;66
12;Castellón/Castelló;12141 Zorita del Maestrazgo;Mujeres;2002;71
12;Castellón/Castelló;12141 Zorita del Maestrazgo;Mujeres;2001;69
12;Castellón/Castelló;12141 Zorita del Maestrazgo;Mujeres;2000;70
12;Castellón/Castelló;12141 Zorita del Maestrazgo;Mujeres;1999;68
12;Castellón/Castelló;12141 Zorita del Maestrazgo;Mujeres;1998;67
12;Castellón/Castelló;12141 Zorita del Maestrazgo;Mujeres;1997;
12;Castellón/Castelló;12141 Zorita del Maestrazgo;Mujeres;1996;74
12;Castellón/Castelló;12142 Zucaina;Total;2023;176
12;Castellón/Castelló;12142 Zucaina;Total;2022;174
12;Castellón/Castelló;12142 Zucaina;Total;2021;175
12;Castellón/Castelló;12142 Zucaina;Total;2020;162
12;Castellón/Castelló;12142 Zucaina;Total;2019;171
12;Castellón/Castelló;12142 Zucaina;Total;2018;172
12;Castellón/Castelló;12142 Zucaina;Total;2017;189
12;Castellón/Castelló;12142 Zucaina;Total;2016;190
12;Castellón/Castelló;12142 Zucaina;Total;2015;183
12;Castellón/Castelló;12142 Zucaina;Total;2014;184
12;Castellón/Castelló;12142 Zucaina;Total;2013;184
12;Castellón/Castelló;12142 Zucaina;Total;2012;187
12;Castellón/Castelló;12142 Zucaina;Total;2011;190
12;Castellón/Castelló;12142 Zucaina;Total;2010;186
12;Castellón/Castelló;12142 Zucaina;Total;2009;182
12;Castellón/Castelló;12142 Zucaina;Total;2008;170
12;Castellón/Castelló;12142 Zucaina;Total;2007;178
12;Castellón/Castelló;12142 Zucaina;Total;2006;186
12;Castellón/Castelló;12142 Zucaina;Total;2005;193
12;Castellón/Castelló;12142 Zucaina;Total;2004;199
12;Castellón/Castelló;12142 Zucaina;Total;2003;204
12;Castellón/Castelló;12142 Zucaina;Total;2002;201
12;Castellón/Castelló;12142 Zucaina;Total;2001;209
12;Castellón/Castelló;12142 Zucaina;Total;2000;215
12;Castellón/Castelló;12142 Zucaina;Total;1999;214
12;Castellón/Castelló;12142 Zucaina;Total;1998;218
12;Castellón/Castelló;12142 Zucaina;Total;1997;
12;Castellón/Castelló;12142 Zucaina;Total;1996;223
12;Castellón/Castelló;12142 Zucaina;Hombres;2023;98
12;Castellón/Castelló;12142 Zucaina;Hombres;2022;97
12;Castellón/Castelló;12142 Zucaina;Hombres;2021;98
12;Castellón/Castelló;12142 Zucaina;Hombres;2020;91
12;Castellón/Castelló;12142 Zucaina;Hombres;2019;97
12;Castellón/Castelló;12142 Zucaina;Hombres;2018;97
12;Castellón/Castelló;12142 Zucaina;Hombres;2017;107
12;Castellón/Castelló;12142 Zucaina;Hombres;2016;105
12;Castellón/Castelló;12142 Zucaina;Hombres;2015;99
12;Castellón/Castelló;12142 Zucaina;Hombres;2014;100
12;Castellón/Castelló;12142 Zucaina;Hombres;2013;101
12;Castellón/Castelló;12142 Zucaina;Hombres;2012;100
12;Castellón/Castelló;12142 Zucaina;Hombres;2011;101
12;Castellón/Castelló;12142 Zucaina;Hombres;2010;102
12;Castellón/Castelló;12142 Zucaina;Hombres;2009;100
12;Castellón/Castelló;12142 Zucaina;Hombres;2008;95
12;Castellón/Castelló;12142 Zucaina;Hombres;2007;99
12;Castellón/Castelló;12142 Zucaina;Hombres;2006;106
12;Castellón/Castelló;12142 Zucaina;Hombres;2005;111
12;Castellón/Castelló;12142 Zucaina;Hombres;2004;112
12;Castellón/Castelló;12142 Zucaina;Hombres;2003;114
12;Castellón/Castelló;12142 Zucaina;Hombres;2002;113
12;Castellón/Castelló;12142 Zucaina;Hombres;2001;120
12;Castellón/Castelló;12142 Zucaina;Hombres;2000;121
12;Castellón/Castelló;12142 Zucaina;Hombres;1999;120
12;Castellón/Castelló;12142 Zucaina;Hombres;1998;123
12;Castellón/Castelló;12142 Zucaina;Hombres;1997;
12;Castellón/Castelló;12142 Zucaina;Hombres;1996;128
12;Castellón/Castelló;12142 Zucaina;Mujeres;2023;78
12;Castellón/Castelló;12142 Zucaina;Mujeres;2022;77
12;Castellón/Castelló;12142 Zucaina;Mujeres;2021;77
12;Castellón/Castelló;12142 Zucaina;Mujeres;2020;71
12;Castellón/Castelló;12142 Zucaina;Mujeres;2019;74
12;Castellón/Castelló;12142 Zucaina;Mujeres;2018;75
12;Castellón/Castelló;12142 Zucaina;Mujeres;2017;82
12;Castellón/Castelló;12142 Zucaina;Mujeres;2016;85
12;Castellón/Castelló;12142 Zucaina;Mujeres;2015;84
12;Castellón/Castelló;12142 Zucaina;Mujeres;2014;84
12;Castellón/Castelló;12142 Zucaina;Mujeres;2013;83
12;Castellón/Castelló;12142 Zucaina;Mujeres;2012;87
12;Castellón/Castelló;12142 Zucaina;Mujeres;2011;89
12;Castellón/Castelló;12142 Zucaina;Mujeres;2010;84
12;Castellón/Castelló;12142 Zucaina;Mujeres;2009;82
12;Castellón/Castelló;12142 Zucaina;Mujeres;2008;75
12;Castellón/Castelló;12142 Zucaina;Mujeres;2007;79
12;Castellón/Castelló;12142 Zucaina;Mujeres;2006;80
12;Castellón/Castelló;12142 Zucaina;Mujeres;2005;82
12;Castellón/Castelló;12142 Zucaina;Mujeres;2004;87
12;Castellón/Castelló;12142 Zucaina;Mujeres;2003;90
12;Castellón/Castelló;12142 Zucaina;Mujeres;2002;88
12;Castellón/Castelló;12142 Zucaina;Mujeres;2001;89
12;Castellón/Castelló;12142 Zucaina;Mujeres;2000;94
12;Castellón/Castelló;12142 Zucaina;Mujeres;1999;94
12;Castellón/Castelló;12142 Zucaina;Mujeres;1998;95
12;Castellón/Castelló;12142 Zucaina;Mujeres;1997;
12;Castellón/Castelló;12142 Zucaina;Mujeres;1996;95
