codigo_provincia;nombre_provincia;Municipios;Sexo;Periodo;Total
23;Jaén;23001 Albanchez de Mágina;Total;2023;958
23;Jaén;23001 Albanchez de Mágina;Total;2022;993
23;Jaén;23001 Albanchez de Mágina;Total;2021;992
23;Jaén;23001 Albanchez de Mágina;Total;2020;1011
23;Jaén;23001 Albanchez de Mágina;Total;2019;1024
23;Jaén;23001 Albanchez de Mágina;Total;2018;1027
23;Jaén;23001 Albanchez de Mágina;Total;2017;1060
23;Jaén;23001 Albanchez de Mágina;Total;2016;1072
23;Jaén;23001 Albanchez de Mágina;Total;2015;1186
23;Jaén;23001 Albanchez de Mágina;Total;2014;1140
23;Jaén;23001 Albanchez de Mágina;Total;2013;1179
23;Jaén;23001 Albanchez de Mágina;Total;2012;1233
23;Jaén;23001 Albanchez de Mágina;Total;2011;1229
23;Jaén;23001 Albanchez de Mágina;Total;2010;1230
23;Jaén;23001 Albanchez de Mágina;Total;2009;1228
23;Jaén;23001 Albanchez de Mágina;Total;2008;1264
23;Jaén;23001 Albanchez de Mágina;Total;2007;1272
23;Jaén;23001 Albanchez de Mágina;Total;2006;1326
23;Jaén;23001 Albanchez de Mágina;Total;2005;1358
23;Jaén;23001 Albanchez de Mágina;Total;2004;1397
23;Jaén;23001 Albanchez de Mágina;Total;2003;1405
23;Jaén;23001 Albanchez de Mágina;Total;2002;1453
23;Jaén;23001 Albanchez de Mágina;Total;2001;1474
23;Jaén;23001 Albanchez de Mágina;Total;2000;1497
23;Jaén;23001 Albanchez de Mágina;Total;1999;1502
23;Jaén;23001 Albanchez de Mágina;Total;1998;1496
23;Jaén;23001 Albanchez de Mágina;Total;1997;
23;Jaén;23001 Albanchez de Mágina;Total;1996;1540
23;Jaén;23001 Albanchez de Mágina;Hombres;2023;501
23;Jaén;23001 Albanchez de Mágina;Hombres;2022;516
23;Jaén;23001 Albanchez de Mágina;Hombres;2021;519
23;Jaén;23001 Albanchez de Mágina;Hombres;2020;528
23;Jaén;23001 Albanchez de Mágina;Hombres;2019;532
23;Jaén;23001 Albanchez de Mágina;Hombres;2018;536
23;Jaén;23001 Albanchez de Mágina;Hombres;2017;550
23;Jaén;23001 Albanchez de Mágina;Hombres;2016;556
23;Jaén;23001 Albanchez de Mágina;Hombres;2015;613
23;Jaén;23001 Albanchez de Mágina;Hombres;2014;591
23;Jaén;23001 Albanchez de Mágina;Hombres;2013;614
23;Jaén;23001 Albanchez de Mágina;Hombres;2012;643
23;Jaén;23001 Albanchez de Mágina;Hombres;2011;623
23;Jaén;23001 Albanchez de Mágina;Hombres;2010;617
23;Jaén;23001 Albanchez de Mágina;Hombres;2009;620
23;Jaén;23001 Albanchez de Mágina;Hombres;2008;650
23;Jaén;23001 Albanchez de Mágina;Hombres;2007;658
23;Jaén;23001 Albanchez de Mágina;Hombres;2006;688
23;Jaén;23001 Albanchez de Mágina;Hombres;2005;704
23;Jaén;23001 Albanchez de Mágina;Hombres;2004;720
23;Jaén;23001 Albanchez de Mágina;Hombres;2003;723
23;Jaén;23001 Albanchez de Mágina;Hombres;2002;754
23;Jaén;23001 Albanchez de Mágina;Hombres;2001;756
23;Jaén;23001 Albanchez de Mágina;Hombres;2000;760
23;Jaén;23001 Albanchez de Mágina;Hombres;1999;764
23;Jaén;23001 Albanchez de Mágina;Hombres;1998;766
23;Jaén;23001 Albanchez de Mágina;Hombres;1997;
23;Jaén;23001 Albanchez de Mágina;Hombres;1996;768
23;Jaén;23001 Albanchez de Mágina;Mujeres;2023;457
23;Jaén;23001 Albanchez de Mágina;Mujeres;2022;477
23;Jaén;23001 Albanchez de Mágina;Mujeres;2021;473
23;Jaén;23001 Albanchez de Mágina;Mujeres;2020;483
23;Jaén;23001 Albanchez de Mágina;Mujeres;2019;492
23;Jaén;23001 Albanchez de Mágina;Mujeres;2018;491
23;Jaén;23001 Albanchez de Mágina;Mujeres;2017;510
23;Jaén;23001 Albanchez de Mágina;Mujeres;2016;516
23;Jaén;23001 Albanchez de Mágina;Mujeres;2015;573
23;Jaén;23001 Albanchez de Mágina;Mujeres;2014;549
23;Jaén;23001 Albanchez de Mágina;Mujeres;2013;565
23;Jaén;23001 Albanchez de Mágina;Mujeres;2012;590
23;Jaén;23001 Albanchez de Mágina;Mujeres;2011;606
23;Jaén;23001 Albanchez de Mágina;Mujeres;2010;613
23;Jaén;23001 Albanchez de Mágina;Mujeres;2009;608
23;Jaén;23001 Albanchez de Mágina;Mujeres;2008;614
23;Jaén;23001 Albanchez de Mágina;Mujeres;2007;614
23;Jaén;23001 Albanchez de Mágina;Mujeres;2006;638
23;Jaén;23001 Albanchez de Mágina;Mujeres;2005;654
23;Jaén;23001 Albanchez de Mágina;Mujeres;2004;677
23;Jaén;23001 Albanchez de Mágina;Mujeres;2003;682
23;Jaén;23001 Albanchez de Mágina;Mujeres;2002;699
23;Jaén;23001 Albanchez de Mágina;Mujeres;2001;718
23;Jaén;23001 Albanchez de Mágina;Mujeres;2000;737
23;Jaén;23001 Albanchez de Mágina;Mujeres;1999;738
23;Jaén;23001 Albanchez de Mágina;Mujeres;1998;730
23;Jaén;23001 Albanchez de Mágina;Mujeres;1997;
23;Jaén;23001 Albanchez de Mágina;Mujeres;1996;772
23;Jaén;23002 Alcalá la Real;Total;2023;21587
23;Jaén;23002 Alcalá la Real;Total;2022;21556
23;Jaén;23002 Alcalá la Real;Total;2021;21623
23;Jaén;23002 Alcalá la Real;Total;2020;21709
23;Jaén;23002 Alcalá la Real;Total;2019;21605
23;Jaén;23002 Alcalá la Real;Total;2018;21708
23;Jaén;23002 Alcalá la Real;Total;2017;21758
23;Jaén;23002 Alcalá la Real;Total;2016;21758
23;Jaén;23002 Alcalá la Real;Total;2015;22036
23;Jaén;23002 Alcalá la Real;Total;2014;22324
23;Jaén;23002 Alcalá la Real;Total;2013;22682
23;Jaén;23002 Alcalá la Real;Total;2012;22870
23;Jaén;23002 Alcalá la Real;Total;2011;22758
23;Jaén;23002 Alcalá la Real;Total;2010;22759
23;Jaén;23002 Alcalá la Real;Total;2009;22783
23;Jaén;23002 Alcalá la Real;Total;2008;22524
23;Jaén;23002 Alcalá la Real;Total;2007;22324
23;Jaén;23002 Alcalá la Real;Total;2006;22129
23;Jaén;23002 Alcalá la Real;Total;2005;22038
23;Jaén;23002 Alcalá la Real;Total;2004;21806
23;Jaén;23002 Alcalá la Real;Total;2003;21880
23;Jaén;23002 Alcalá la Real;Total;2002;21517
23;Jaén;23002 Alcalá la Real;Total;2001;21523
23;Jaén;23002 Alcalá la Real;Total;2000;21599
23;Jaén;23002 Alcalá la Real;Total;1999;21521
23;Jaén;23002 Alcalá la Real;Total;1998;21493
23;Jaén;23002 Alcalá la Real;Total;1997;
23;Jaén;23002 Alcalá la Real;Total;1996;21558
23;Jaén;23002 Alcalá la Real;Hombres;2023;10672
23;Jaén;23002 Alcalá la Real;Hombres;2022;10645
23;Jaén;23002 Alcalá la Real;Hombres;2021;10662
23;Jaén;23002 Alcalá la Real;Hombres;2020;10678
23;Jaén;23002 Alcalá la Real;Hombres;2019;10612
23;Jaén;23002 Alcalá la Real;Hombres;2018;10678
23;Jaén;23002 Alcalá la Real;Hombres;2017;10702
23;Jaén;23002 Alcalá la Real;Hombres;2016;10692
23;Jaén;23002 Alcalá la Real;Hombres;2015;10824
23;Jaén;23002 Alcalá la Real;Hombres;2014;11011
23;Jaén;23002 Alcalá la Real;Hombres;2013;11244
23;Jaén;23002 Alcalá la Real;Hombres;2012;11408
23;Jaén;23002 Alcalá la Real;Hombres;2011;11307
23;Jaén;23002 Alcalá la Real;Hombres;2010;11325
23;Jaén;23002 Alcalá la Real;Hombres;2009;11343
23;Jaén;23002 Alcalá la Real;Hombres;2008;11217
23;Jaén;23002 Alcalá la Real;Hombres;2007;11065
23;Jaén;23002 Alcalá la Real;Hombres;2006;10980
23;Jaén;23002 Alcalá la Real;Hombres;2005;10919
23;Jaén;23002 Alcalá la Real;Hombres;2004;10795
23;Jaén;23002 Alcalá la Real;Hombres;2003;10819
23;Jaén;23002 Alcalá la Real;Hombres;2002;10607
23;Jaén;23002 Alcalá la Real;Hombres;2001;10610
23;Jaén;23002 Alcalá la Real;Hombres;2000;10627
23;Jaén;23002 Alcalá la Real;Hombres;1999;10620
23;Jaén;23002 Alcalá la Real;Hombres;1998;10626
23;Jaén;23002 Alcalá la Real;Hombres;1997;
23;Jaén;23002 Alcalá la Real;Hombres;1996;10692
23;Jaén;23002 Alcalá la Real;Mujeres;2023;10915
23;Jaén;23002 Alcalá la Real;Mujeres;2022;10911
23;Jaén;23002 Alcalá la Real;Mujeres;2021;10961
23;Jaén;23002 Alcalá la Real;Mujeres;2020;11031
23;Jaén;23002 Alcalá la Real;Mujeres;2019;10993
23;Jaén;23002 Alcalá la Real;Mujeres;2018;11030
23;Jaén;23002 Alcalá la Real;Mujeres;2017;11056
23;Jaén;23002 Alcalá la Real;Mujeres;2016;11066
23;Jaén;23002 Alcalá la Real;Mujeres;2015;11212
23;Jaén;23002 Alcalá la Real;Mujeres;2014;11313
23;Jaén;23002 Alcalá la Real;Mujeres;2013;11438
23;Jaén;23002 Alcalá la Real;Mujeres;2012;11462
23;Jaén;23002 Alcalá la Real;Mujeres;2011;11451
23;Jaén;23002 Alcalá la Real;Mujeres;2010;11434
23;Jaén;23002 Alcalá la Real;Mujeres;2009;11440
23;Jaén;23002 Alcalá la Real;Mujeres;2008;11307
23;Jaén;23002 Alcalá la Real;Mujeres;2007;11259
23;Jaén;23002 Alcalá la Real;Mujeres;2006;11149
23;Jaén;23002 Alcalá la Real;Mujeres;2005;11119
23;Jaén;23002 Alcalá la Real;Mujeres;2004;11011
23;Jaén;23002 Alcalá la Real;Mujeres;2003;11061
23;Jaén;23002 Alcalá la Real;Mujeres;2002;10910
23;Jaén;23002 Alcalá la Real;Mujeres;2001;10913
23;Jaén;23002 Alcalá la Real;Mujeres;2000;10972
23;Jaén;23002 Alcalá la Real;Mujeres;1999;10901
23;Jaén;23002 Alcalá la Real;Mujeres;1998;10867
23;Jaén;23002 Alcalá la Real;Mujeres;1997;
23;Jaén;23002 Alcalá la Real;Mujeres;1996;10866
23;Jaén;23003 Alcaudete;Total;2023;10265
23;Jaén;23003 Alcaudete;Total;2022;10347
23;Jaén;23003 Alcaudete;Total;2021;10434
23;Jaén;23003 Alcaudete;Total;2020;10483
23;Jaén;23003 Alcaudete;Total;2019;10498
23;Jaén;23003 Alcaudete;Total;2018;10558
23;Jaén;23003 Alcaudete;Total;2017;10634
23;Jaén;23003 Alcaudete;Total;2016;10698
23;Jaén;23003 Alcaudete;Total;2015;10779
23;Jaén;23003 Alcaudete;Total;2014;10896
23;Jaén;23003 Alcaudete;Total;2013;11008
23;Jaén;23003 Alcaudete;Total;2012;11139
23;Jaén;23003 Alcaudete;Total;2011;11265
23;Jaén;23003 Alcaudete;Total;2010;11135
23;Jaén;23003 Alcaudete;Total;2009;11135
23;Jaén;23003 Alcaudete;Total;2008;11015
23;Jaén;23003 Alcaudete;Total;2007;11113
23;Jaén;23003 Alcaudete;Total;2006;11164
23;Jaén;23003 Alcaudete;Total;2005;11143
23;Jaén;23003 Alcaudete;Total;2004;11101
23;Jaén;23003 Alcaudete;Total;2003;11151
23;Jaén;23003 Alcaudete;Total;2002;11199
23;Jaén;23003 Alcaudete;Total;2001;11261
23;Jaén;23003 Alcaudete;Total;2000;11367
23;Jaén;23003 Alcaudete;Total;1999;11404
23;Jaén;23003 Alcaudete;Total;1998;11346
23;Jaén;23003 Alcaudete;Total;1997;
23;Jaén;23003 Alcaudete;Total;1996;11367
23;Jaén;23003 Alcaudete;Hombres;2023;5048
23;Jaén;23003 Alcaudete;Hombres;2022;5090
23;Jaén;23003 Alcaudete;Hombres;2021;5105
23;Jaén;23003 Alcaudete;Hombres;2020;5173
23;Jaén;23003 Alcaudete;Hombres;2019;5166
23;Jaén;23003 Alcaudete;Hombres;2018;5193
23;Jaén;23003 Alcaudete;Hombres;2017;5235
23;Jaén;23003 Alcaudete;Hombres;2016;5274
23;Jaén;23003 Alcaudete;Hombres;2015;5300
23;Jaén;23003 Alcaudete;Hombres;2014;5368
23;Jaén;23003 Alcaudete;Hombres;2013;5479
23;Jaén;23003 Alcaudete;Hombres;2012;5587
23;Jaén;23003 Alcaudete;Hombres;2011;5638
23;Jaén;23003 Alcaudete;Hombres;2010;5555
23;Jaén;23003 Alcaudete;Hombres;2009;5522
23;Jaén;23003 Alcaudete;Hombres;2008;5458
23;Jaén;23003 Alcaudete;Hombres;2007;5526
23;Jaén;23003 Alcaudete;Hombres;2006;5550
23;Jaén;23003 Alcaudete;Hombres;2005;5521
23;Jaén;23003 Alcaudete;Hombres;2004;5500
23;Jaén;23003 Alcaudete;Hombres;2003;5521
23;Jaén;23003 Alcaudete;Hombres;2002;5540
23;Jaén;23003 Alcaudete;Hombres;2001;5562
23;Jaén;23003 Alcaudete;Hombres;2000;5625
23;Jaén;23003 Alcaudete;Hombres;1999;5638
23;Jaén;23003 Alcaudete;Hombres;1998;5626
23;Jaén;23003 Alcaudete;Hombres;1997;
23;Jaén;23003 Alcaudete;Hombres;1996;5623
23;Jaén;23003 Alcaudete;Mujeres;2023;5217
23;Jaén;23003 Alcaudete;Mujeres;2022;5257
23;Jaén;23003 Alcaudete;Mujeres;2021;5329
23;Jaén;23003 Alcaudete;Mujeres;2020;5310
23;Jaén;23003 Alcaudete;Mujeres;2019;5332
23;Jaén;23003 Alcaudete;Mujeres;2018;5365
23;Jaén;23003 Alcaudete;Mujeres;2017;5399
23;Jaén;23003 Alcaudete;Mujeres;2016;5424
23;Jaén;23003 Alcaudete;Mujeres;2015;5479
23;Jaén;23003 Alcaudete;Mujeres;2014;5528
23;Jaén;23003 Alcaudete;Mujeres;2013;5529
23;Jaén;23003 Alcaudete;Mujeres;2012;5552
23;Jaén;23003 Alcaudete;Mujeres;2011;5627
23;Jaén;23003 Alcaudete;Mujeres;2010;5580
23;Jaén;23003 Alcaudete;Mujeres;2009;5613
23;Jaén;23003 Alcaudete;Mujeres;2008;5557
23;Jaén;23003 Alcaudete;Mujeres;2007;5587
23;Jaén;23003 Alcaudete;Mujeres;2006;5614
23;Jaén;23003 Alcaudete;Mujeres;2005;5622
23;Jaén;23003 Alcaudete;Mujeres;2004;5601
23;Jaén;23003 Alcaudete;Mujeres;2003;5630
23;Jaén;23003 Alcaudete;Mujeres;2002;5659
23;Jaén;23003 Alcaudete;Mujeres;2001;5699
23;Jaén;23003 Alcaudete;Mujeres;2000;5742
23;Jaén;23003 Alcaudete;Mujeres;1999;5766
23;Jaén;23003 Alcaudete;Mujeres;1998;5720
23;Jaén;23003 Alcaudete;Mujeres;1997;
23;Jaén;23003 Alcaudete;Mujeres;1996;5744
23;Jaén;23004 Aldeaquemada;Total;2023;468
23;Jaén;23004 Aldeaquemada;Total;2022;463
23;Jaén;23004 Aldeaquemada;Total;2021;487
23;Jaén;23004 Aldeaquemada;Total;2020;476
23;Jaén;23004 Aldeaquemada;Total;2019;481
23;Jaén;23004 Aldeaquemada;Total;2018;501
23;Jaén;23004 Aldeaquemada;Total;2017;503
23;Jaén;23004 Aldeaquemada;Total;2016;516
23;Jaén;23004 Aldeaquemada;Total;2015;531
23;Jaén;23004 Aldeaquemada;Total;2014;536
23;Jaén;23004 Aldeaquemada;Total;2013;540
23;Jaén;23004 Aldeaquemada;Total;2012;550
23;Jaén;23004 Aldeaquemada;Total;2011;560
23;Jaén;23004 Aldeaquemada;Total;2010;541
23;Jaén;23004 Aldeaquemada;Total;2009;545
23;Jaén;23004 Aldeaquemada;Total;2008;552
23;Jaén;23004 Aldeaquemada;Total;2007;571
23;Jaén;23004 Aldeaquemada;Total;2006;542
23;Jaén;23004 Aldeaquemada;Total;2005;545
23;Jaén;23004 Aldeaquemada;Total;2004;539
23;Jaén;23004 Aldeaquemada;Total;2003;549
23;Jaén;23004 Aldeaquemada;Total;2002;567
23;Jaén;23004 Aldeaquemada;Total;2001;573
23;Jaén;23004 Aldeaquemada;Total;2000;602
23;Jaén;23004 Aldeaquemada;Total;1999;627
23;Jaén;23004 Aldeaquemada;Total;1998;613
23;Jaén;23004 Aldeaquemada;Total;1997;
23;Jaén;23004 Aldeaquemada;Total;1996;622
23;Jaén;23004 Aldeaquemada;Hombres;2023;245
23;Jaén;23004 Aldeaquemada;Hombres;2022;248
23;Jaén;23004 Aldeaquemada;Hombres;2021;260
23;Jaén;23004 Aldeaquemada;Hombres;2020;259
23;Jaén;23004 Aldeaquemada;Hombres;2019;265
23;Jaén;23004 Aldeaquemada;Hombres;2018;270
23;Jaén;23004 Aldeaquemada;Hombres;2017;273
23;Jaén;23004 Aldeaquemada;Hombres;2016;281
23;Jaén;23004 Aldeaquemada;Hombres;2015;280
23;Jaén;23004 Aldeaquemada;Hombres;2014;279
23;Jaén;23004 Aldeaquemada;Hombres;2013;284
23;Jaén;23004 Aldeaquemada;Hombres;2012;290
23;Jaén;23004 Aldeaquemada;Hombres;2011;293
23;Jaén;23004 Aldeaquemada;Hombres;2010;278
23;Jaén;23004 Aldeaquemada;Hombres;2009;279
23;Jaén;23004 Aldeaquemada;Hombres;2008;287
23;Jaén;23004 Aldeaquemada;Hombres;2007;296
23;Jaén;23004 Aldeaquemada;Hombres;2006;284
23;Jaén;23004 Aldeaquemada;Hombres;2005;289
23;Jaén;23004 Aldeaquemada;Hombres;2004;279
23;Jaén;23004 Aldeaquemada;Hombres;2003;282
23;Jaén;23004 Aldeaquemada;Hombres;2002;294
23;Jaén;23004 Aldeaquemada;Hombres;2001;296
23;Jaén;23004 Aldeaquemada;Hombres;2000;314
23;Jaén;23004 Aldeaquemada;Hombres;1999;327
23;Jaén;23004 Aldeaquemada;Hombres;1998;317
23;Jaén;23004 Aldeaquemada;Hombres;1997;
23;Jaén;23004 Aldeaquemada;Hombres;1996;311
23;Jaén;23004 Aldeaquemada;Mujeres;2023;223
23;Jaén;23004 Aldeaquemada;Mujeres;2022;215
23;Jaén;23004 Aldeaquemada;Mujeres;2021;227
23;Jaén;23004 Aldeaquemada;Mujeres;2020;217
23;Jaén;23004 Aldeaquemada;Mujeres;2019;216
23;Jaén;23004 Aldeaquemada;Mujeres;2018;231
23;Jaén;23004 Aldeaquemada;Mujeres;2017;230
23;Jaén;23004 Aldeaquemada;Mujeres;2016;235
23;Jaén;23004 Aldeaquemada;Mujeres;2015;251
23;Jaén;23004 Aldeaquemada;Mujeres;2014;257
23;Jaén;23004 Aldeaquemada;Mujeres;2013;256
23;Jaén;23004 Aldeaquemada;Mujeres;2012;260
23;Jaén;23004 Aldeaquemada;Mujeres;2011;267
23;Jaén;23004 Aldeaquemada;Mujeres;2010;263
23;Jaén;23004 Aldeaquemada;Mujeres;2009;266
23;Jaén;23004 Aldeaquemada;Mujeres;2008;265
23;Jaén;23004 Aldeaquemada;Mujeres;2007;275
23;Jaén;23004 Aldeaquemada;Mujeres;2006;258
23;Jaén;23004 Aldeaquemada;Mujeres;2005;256
23;Jaén;23004 Aldeaquemada;Mujeres;2004;260
23;Jaén;23004 Aldeaquemada;Mujeres;2003;267
23;Jaén;23004 Aldeaquemada;Mujeres;2002;273
23;Jaén;23004 Aldeaquemada;Mujeres;2001;277
23;Jaén;23004 Aldeaquemada;Mujeres;2000;288
23;Jaén;23004 Aldeaquemada;Mujeres;1999;300
23;Jaén;23004 Aldeaquemada;Mujeres;1998;296
23;Jaén;23004 Aldeaquemada;Mujeres;1997;
23;Jaén;23004 Aldeaquemada;Mujeres;1996;311
23;Jaén;23005 Andújar;Total;2023;35788
23;Jaén;23005 Andújar;Total;2022;36030
23;Jaén;23005 Andújar;Total;2021;36212
23;Jaén;23005 Andújar;Total;2020;36615
23;Jaén;23005 Andújar;Total;2019;36793
23;Jaén;23005 Andújar;Total;2018;37113
23;Jaén;23005 Andújar;Total;2017;37611
23;Jaén;23005 Andújar;Total;2016;37975
23;Jaén;23005 Andújar;Total;2015;38246
23;Jaén;23005 Andújar;Total;2014;38549
23;Jaén;23005 Andújar;Total;2013;38885
23;Jaén;23005 Andújar;Total;2012;39008
23;Jaén;23005 Andújar;Total;2011;39095
23;Jaén;23005 Andújar;Total;2010;39171
23;Jaén;23005 Andújar;Total;2009;39111
23;Jaén;23005 Andújar;Total;2008;38979
23;Jaén;23005 Andújar;Total;2007;38769
23;Jaén;23005 Andújar;Total;2006;38662
23;Jaén;23005 Andújar;Total;2005;38539
23;Jaén;23005 Andújar;Total;2004;38241
23;Jaén;23005 Andújar;Total;2003;37681
23;Jaén;23005 Andújar;Total;2002;37920
23;Jaén;23005 Andújar;Total;2001;37903
23;Jaén;23005 Andújar;Total;2000;37621
23;Jaén;23005 Andújar;Total;1999;38254
23;Jaén;23005 Andújar;Total;1998;38254
23;Jaén;23005 Andújar;Total;1997;
23;Jaén;23005 Andújar;Total;1996;37705
23;Jaén;23005 Andújar;Hombres;2023;17469
23;Jaén;23005 Andújar;Hombres;2022;17618
23;Jaén;23005 Andújar;Hombres;2021;17697
23;Jaén;23005 Andújar;Hombres;2020;17919
23;Jaén;23005 Andújar;Hombres;2019;17978
23;Jaén;23005 Andújar;Hombres;2018;18179
23;Jaén;23005 Andújar;Hombres;2017;18449
23;Jaén;23005 Andújar;Hombres;2016;18686
23;Jaén;23005 Andújar;Hombres;2015;18832
23;Jaén;23005 Andújar;Hombres;2014;19014
23;Jaén;23005 Andújar;Hombres;2013;19231
23;Jaén;23005 Andújar;Hombres;2012;19279
23;Jaén;23005 Andújar;Hombres;2011;19298
23;Jaén;23005 Andújar;Hombres;2010;19318
23;Jaén;23005 Andújar;Hombres;2009;19305
23;Jaén;23005 Andújar;Hombres;2008;19267
23;Jaén;23005 Andújar;Hombres;2007;19130
23;Jaén;23005 Andújar;Hombres;2006;19049
23;Jaén;23005 Andújar;Hombres;2005;18977
23;Jaén;23005 Andújar;Hombres;2004;18835
23;Jaén;23005 Andújar;Hombres;2003;18555
23;Jaén;23005 Andújar;Hombres;2002;18678
23;Jaén;23005 Andújar;Hombres;2001;18682
23;Jaén;23005 Andújar;Hombres;2000;18559
23;Jaén;23005 Andújar;Hombres;1999;18938
23;Jaén;23005 Andújar;Hombres;1998;18938
23;Jaén;23005 Andújar;Hombres;1997;
23;Jaén;23005 Andújar;Hombres;1996;18655
23;Jaén;23005 Andújar;Mujeres;2023;18319
23;Jaén;23005 Andújar;Mujeres;2022;18412
23;Jaén;23005 Andújar;Mujeres;2021;18515
23;Jaén;23005 Andújar;Mujeres;2020;18696
23;Jaén;23005 Andújar;Mujeres;2019;18815
23;Jaén;23005 Andújar;Mujeres;2018;18934
23;Jaén;23005 Andújar;Mujeres;2017;19162
23;Jaén;23005 Andújar;Mujeres;2016;19289
23;Jaén;23005 Andújar;Mujeres;2015;19414
23;Jaén;23005 Andújar;Mujeres;2014;19535
23;Jaén;23005 Andújar;Mujeres;2013;19654
23;Jaén;23005 Andújar;Mujeres;2012;19729
23;Jaén;23005 Andújar;Mujeres;2011;19797
23;Jaén;23005 Andújar;Mujeres;2010;19853
23;Jaén;23005 Andújar;Mujeres;2009;19806
23;Jaén;23005 Andújar;Mujeres;2008;19712
23;Jaén;23005 Andújar;Mujeres;2007;19639
23;Jaén;23005 Andújar;Mujeres;2006;19613
23;Jaén;23005 Andújar;Mujeres;2005;19562
23;Jaén;23005 Andújar;Mujeres;2004;19406
23;Jaén;23005 Andújar;Mujeres;2003;19126
23;Jaén;23005 Andújar;Mujeres;2002;19242
23;Jaén;23005 Andújar;Mujeres;2001;19221
23;Jaén;23005 Andújar;Mujeres;2000;19062
23;Jaén;23005 Andújar;Mujeres;1999;19316
23;Jaén;23005 Andújar;Mujeres;1998;19316
23;Jaén;23005 Andújar;Mujeres;1997;
23;Jaén;23005 Andújar;Mujeres;1996;19050
23;Jaén;23006 Arjona;Total;2023;5349
23;Jaén;23006 Arjona;Total;2022;5397
23;Jaén;23006 Arjona;Total;2021;5450
23;Jaén;23006 Arjona;Total;2020;5515
23;Jaén;23006 Arjona;Total;2019;5542
23;Jaén;23006 Arjona;Total;2018;5595
23;Jaén;23006 Arjona;Total;2017;5662
23;Jaén;23006 Arjona;Total;2016;5691
23;Jaén;23006 Arjona;Total;2015;5692
23;Jaén;23006 Arjona;Total;2014;5732
23;Jaén;23006 Arjona;Total;2013;5764
23;Jaén;23006 Arjona;Total;2012;5763
23;Jaén;23006 Arjona;Total;2011;5771
23;Jaén;23006 Arjona;Total;2010;5807
23;Jaén;23006 Arjona;Total;2009;5822
23;Jaén;23006 Arjona;Total;2008;5826
23;Jaén;23006 Arjona;Total;2007;5826
23;Jaén;23006 Arjona;Total;2006;5775
23;Jaén;23006 Arjona;Total;2005;5759
23;Jaén;23006 Arjona;Total;2004;5648
23;Jaén;23006 Arjona;Total;2003;5641
23;Jaén;23006 Arjona;Total;2002;5659
23;Jaén;23006 Arjona;Total;2001;5696
23;Jaén;23006 Arjona;Total;2000;5634
23;Jaén;23006 Arjona;Total;1999;5695
23;Jaén;23006 Arjona;Total;1998;5683
23;Jaén;23006 Arjona;Total;1997;
23;Jaén;23006 Arjona;Total;1996;5660
23;Jaén;23006 Arjona;Hombres;2023;2633
23;Jaén;23006 Arjona;Hombres;2022;2662
23;Jaén;23006 Arjona;Hombres;2021;2691
23;Jaén;23006 Arjona;Hombres;2020;2715
23;Jaén;23006 Arjona;Hombres;2019;2730
23;Jaén;23006 Arjona;Hombres;2018;2756
23;Jaén;23006 Arjona;Hombres;2017;2799
23;Jaén;23006 Arjona;Hombres;2016;2812
23;Jaén;23006 Arjona;Hombres;2015;2825
23;Jaén;23006 Arjona;Hombres;2014;2846
23;Jaén;23006 Arjona;Hombres;2013;2879
23;Jaén;23006 Arjona;Hombres;2012;2876
23;Jaén;23006 Arjona;Hombres;2011;2876
23;Jaén;23006 Arjona;Hombres;2010;2889
23;Jaén;23006 Arjona;Hombres;2009;2894
23;Jaén;23006 Arjona;Hombres;2008;2921
23;Jaén;23006 Arjona;Hombres;2007;2920
23;Jaén;23006 Arjona;Hombres;2006;2891
23;Jaén;23006 Arjona;Hombres;2005;2876
23;Jaén;23006 Arjona;Hombres;2004;2825
23;Jaén;23006 Arjona;Hombres;2003;2831
23;Jaén;23006 Arjona;Hombres;2002;2843
23;Jaén;23006 Arjona;Hombres;2001;2873
23;Jaén;23006 Arjona;Hombres;2000;2848
23;Jaén;23006 Arjona;Hombres;1999;2874
23;Jaén;23006 Arjona;Hombres;1998;2876
23;Jaén;23006 Arjona;Hombres;1997;
23;Jaén;23006 Arjona;Hombres;1996;2839
23;Jaén;23006 Arjona;Mujeres;2023;2716
23;Jaén;23006 Arjona;Mujeres;2022;2735
23;Jaén;23006 Arjona;Mujeres;2021;2759
23;Jaén;23006 Arjona;Mujeres;2020;2800
23;Jaén;23006 Arjona;Mujeres;2019;2812
23;Jaén;23006 Arjona;Mujeres;2018;2839
23;Jaén;23006 Arjona;Mujeres;2017;2863
23;Jaén;23006 Arjona;Mujeres;2016;2879
23;Jaén;23006 Arjona;Mujeres;2015;2867
23;Jaén;23006 Arjona;Mujeres;2014;2886
23;Jaén;23006 Arjona;Mujeres;2013;2885
23;Jaén;23006 Arjona;Mujeres;2012;2887
23;Jaén;23006 Arjona;Mujeres;2011;2895
23;Jaén;23006 Arjona;Mujeres;2010;2918
23;Jaén;23006 Arjona;Mujeres;2009;2928
23;Jaén;23006 Arjona;Mujeres;2008;2905
23;Jaén;23006 Arjona;Mujeres;2007;2906
23;Jaén;23006 Arjona;Mujeres;2006;2884
23;Jaén;23006 Arjona;Mujeres;2005;2883
23;Jaén;23006 Arjona;Mujeres;2004;2823
23;Jaén;23006 Arjona;Mujeres;2003;2810
23;Jaén;23006 Arjona;Mujeres;2002;2816
23;Jaén;23006 Arjona;Mujeres;2001;2823
23;Jaén;23006 Arjona;Mujeres;2000;2786
23;Jaén;23006 Arjona;Mujeres;1999;2821
23;Jaén;23006 Arjona;Mujeres;1998;2807
23;Jaén;23006 Arjona;Mujeres;1997;
23;Jaén;23006 Arjona;Mujeres;1996;2821
23;Jaén;23007 Arjonilla;Total;2023;3539
23;Jaén;23007 Arjonilla;Total;2022;3535
23;Jaén;23007 Arjonilla;Total;2021;3545
23;Jaén;23007 Arjonilla;Total;2020;3571
23;Jaén;23007 Arjonilla;Total;2019;3575
23;Jaén;23007 Arjonilla;Total;2018;3610
23;Jaén;23007 Arjonilla;Total;2017;3654
23;Jaén;23007 Arjonilla;Total;2016;3695
23;Jaén;23007 Arjonilla;Total;2015;3729
23;Jaén;23007 Arjonilla;Total;2014;3764
23;Jaén;23007 Arjonilla;Total;2013;3793
23;Jaén;23007 Arjonilla;Total;2012;3830
23;Jaén;23007 Arjonilla;Total;2011;3837
23;Jaén;23007 Arjonilla;Total;2010;3840
23;Jaén;23007 Arjonilla;Total;2009;3851
23;Jaén;23007 Arjonilla;Total;2008;3876
23;Jaén;23007 Arjonilla;Total;2007;3886
23;Jaén;23007 Arjonilla;Total;2006;3908
23;Jaén;23007 Arjonilla;Total;2005;3926
23;Jaén;23007 Arjonilla;Total;2004;3935
23;Jaén;23007 Arjonilla;Total;2003;3971
23;Jaén;23007 Arjonilla;Total;2002;3957
23;Jaén;23007 Arjonilla;Total;2001;3951
23;Jaén;23007 Arjonilla;Total;2000;3917
23;Jaén;23007 Arjonilla;Total;1999;3941
23;Jaén;23007 Arjonilla;Total;1998;3996
23;Jaén;23007 Arjonilla;Total;1997;
23;Jaén;23007 Arjonilla;Total;1996;4072
23;Jaén;23007 Arjonilla;Hombres;2023;1792
23;Jaén;23007 Arjonilla;Hombres;2022;1792
23;Jaén;23007 Arjonilla;Hombres;2021;1794
23;Jaén;23007 Arjonilla;Hombres;2020;1810
23;Jaén;23007 Arjonilla;Hombres;2019;1812
23;Jaén;23007 Arjonilla;Hombres;2018;1820
23;Jaén;23007 Arjonilla;Hombres;2017;1834
23;Jaén;23007 Arjonilla;Hombres;2016;1843
23;Jaén;23007 Arjonilla;Hombres;2015;1867
23;Jaén;23007 Arjonilla;Hombres;2014;1889
23;Jaén;23007 Arjonilla;Hombres;2013;1894
23;Jaén;23007 Arjonilla;Hombres;2012;1914
23;Jaén;23007 Arjonilla;Hombres;2011;1910
23;Jaén;23007 Arjonilla;Hombres;2010;1905
23;Jaén;23007 Arjonilla;Hombres;2009;1916
23;Jaén;23007 Arjonilla;Hombres;2008;1928
23;Jaén;23007 Arjonilla;Hombres;2007;1932
23;Jaén;23007 Arjonilla;Hombres;2006;1949
23;Jaén;23007 Arjonilla;Hombres;2005;1952
23;Jaén;23007 Arjonilla;Hombres;2004;1962
23;Jaén;23007 Arjonilla;Hombres;2003;1985
23;Jaén;23007 Arjonilla;Hombres;2002;1976
23;Jaén;23007 Arjonilla;Hombres;2001;1969
23;Jaén;23007 Arjonilla;Hombres;2000;1955
23;Jaén;23007 Arjonilla;Hombres;1999;1963
23;Jaén;23007 Arjonilla;Hombres;1998;1998
23;Jaén;23007 Arjonilla;Hombres;1997;
23;Jaén;23007 Arjonilla;Hombres;1996;2040
23;Jaén;23007 Arjonilla;Mujeres;2023;1747
23;Jaén;23007 Arjonilla;Mujeres;2022;1743
23;Jaén;23007 Arjonilla;Mujeres;2021;1751
23;Jaén;23007 Arjonilla;Mujeres;2020;1761
23;Jaén;23007 Arjonilla;Mujeres;2019;1763
23;Jaén;23007 Arjonilla;Mujeres;2018;1790
23;Jaén;23007 Arjonilla;Mujeres;2017;1820
23;Jaén;23007 Arjonilla;Mujeres;2016;1852
23;Jaén;23007 Arjonilla;Mujeres;2015;1862
23;Jaén;23007 Arjonilla;Mujeres;2014;1875
23;Jaén;23007 Arjonilla;Mujeres;2013;1899
23;Jaén;23007 Arjonilla;Mujeres;2012;1916
23;Jaén;23007 Arjonilla;Mujeres;2011;1927
23;Jaén;23007 Arjonilla;Mujeres;2010;1935
23;Jaén;23007 Arjonilla;Mujeres;2009;1935
23;Jaén;23007 Arjonilla;Mujeres;2008;1948
23;Jaén;23007 Arjonilla;Mujeres;2007;1954
23;Jaén;23007 Arjonilla;Mujeres;2006;1959
23;Jaén;23007 Arjonilla;Mujeres;2005;1974
23;Jaén;23007 Arjonilla;Mujeres;2004;1973
23;Jaén;23007 Arjonilla;Mujeres;2003;1986
23;Jaén;23007 Arjonilla;Mujeres;2002;1981
23;Jaén;23007 Arjonilla;Mujeres;2001;1982
23;Jaén;23007 Arjonilla;Mujeres;2000;1962
23;Jaén;23007 Arjonilla;Mujeres;1999;1978
23;Jaén;23007 Arjonilla;Mujeres;1998;1998
23;Jaén;23007 Arjonilla;Mujeres;1997;
23;Jaén;23007 Arjonilla;Mujeres;1996;2032
23;Jaén;23008 Arquillos;Total;2023;1680
23;Jaén;23008 Arquillos;Total;2022;1698
23;Jaén;23008 Arquillos;Total;2021;1708
23;Jaén;23008 Arquillos;Total;2020;1722
23;Jaén;23008 Arquillos;Total;2019;1734
23;Jaén;23008 Arquillos;Total;2018;1767
23;Jaén;23008 Arquillos;Total;2017;1797
23;Jaén;23008 Arquillos;Total;2016;1836
23;Jaén;23008 Arquillos;Total;2015;1872
23;Jaén;23008 Arquillos;Total;2014;1900
23;Jaén;23008 Arquillos;Total;2013;1948
23;Jaén;23008 Arquillos;Total;2012;1970
23;Jaén;23008 Arquillos;Total;2011;1967
23;Jaén;23008 Arquillos;Total;2010;1944
23;Jaén;23008 Arquillos;Total;2009;1952
23;Jaén;23008 Arquillos;Total;2008;1937
23;Jaén;23008 Arquillos;Total;2007;1966
23;Jaén;23008 Arquillos;Total;2006;1985
23;Jaén;23008 Arquillos;Total;2005;1981
23;Jaén;23008 Arquillos;Total;2004;1962
23;Jaén;23008 Arquillos;Total;2003;1944
23;Jaén;23008 Arquillos;Total;2002;1926
23;Jaén;23008 Arquillos;Total;2001;1921
23;Jaén;23008 Arquillos;Total;2000;1970
23;Jaén;23008 Arquillos;Total;1999;1936
23;Jaén;23008 Arquillos;Total;1998;1892
23;Jaén;23008 Arquillos;Total;1997;
23;Jaén;23008 Arquillos;Total;1996;1900
23;Jaén;23008 Arquillos;Hombres;2023;852
23;Jaén;23008 Arquillos;Hombres;2022;855
23;Jaén;23008 Arquillos;Hombres;2021;863
23;Jaén;23008 Arquillos;Hombres;2020;866
23;Jaén;23008 Arquillos;Hombres;2019;866
23;Jaén;23008 Arquillos;Hombres;2018;884
23;Jaén;23008 Arquillos;Hombres;2017;893
23;Jaén;23008 Arquillos;Hombres;2016;917
23;Jaén;23008 Arquillos;Hombres;2015;929
23;Jaén;23008 Arquillos;Hombres;2014;948
23;Jaén;23008 Arquillos;Hombres;2013;983
23;Jaén;23008 Arquillos;Hombres;2012;996
23;Jaén;23008 Arquillos;Hombres;2011;981
23;Jaén;23008 Arquillos;Hombres;2010;966
23;Jaén;23008 Arquillos;Hombres;2009;972
23;Jaén;23008 Arquillos;Hombres;2008;969
23;Jaén;23008 Arquillos;Hombres;2007;980
23;Jaén;23008 Arquillos;Hombres;2006;995
23;Jaén;23008 Arquillos;Hombres;2005;993
23;Jaén;23008 Arquillos;Hombres;2004;977
23;Jaén;23008 Arquillos;Hombres;2003;966
23;Jaén;23008 Arquillos;Hombres;2002;961
23;Jaén;23008 Arquillos;Hombres;2001;961
23;Jaén;23008 Arquillos;Hombres;2000;985
23;Jaén;23008 Arquillos;Hombres;1999;961
23;Jaén;23008 Arquillos;Hombres;1998;941
23;Jaén;23008 Arquillos;Hombres;1997;
23;Jaén;23008 Arquillos;Hombres;1996;950
23;Jaén;23008 Arquillos;Mujeres;2023;828
23;Jaén;23008 Arquillos;Mujeres;2022;843
23;Jaén;23008 Arquillos;Mujeres;2021;845
23;Jaén;23008 Arquillos;Mujeres;2020;856
23;Jaén;23008 Arquillos;Mujeres;2019;868
23;Jaén;23008 Arquillos;Mujeres;2018;883
23;Jaén;23008 Arquillos;Mujeres;2017;904
23;Jaén;23008 Arquillos;Mujeres;2016;919
23;Jaén;23008 Arquillos;Mujeres;2015;943
23;Jaén;23008 Arquillos;Mujeres;2014;952
23;Jaén;23008 Arquillos;Mujeres;2013;965
23;Jaén;23008 Arquillos;Mujeres;2012;974
23;Jaén;23008 Arquillos;Mujeres;2011;986
23;Jaén;23008 Arquillos;Mujeres;2010;978
23;Jaén;23008 Arquillos;Mujeres;2009;980
23;Jaén;23008 Arquillos;Mujeres;2008;968
23;Jaén;23008 Arquillos;Mujeres;2007;986
23;Jaén;23008 Arquillos;Mujeres;2006;990
23;Jaén;23008 Arquillos;Mujeres;2005;988
23;Jaén;23008 Arquillos;Mujeres;2004;985
23;Jaén;23008 Arquillos;Mujeres;2003;978
23;Jaén;23008 Arquillos;Mujeres;2002;965
23;Jaén;23008 Arquillos;Mujeres;2001;960
23;Jaén;23008 Arquillos;Mujeres;2000;985
23;Jaén;23008 Arquillos;Mujeres;1999;975
23;Jaén;23008 Arquillos;Mujeres;1998;951
23;Jaén;23008 Arquillos;Mujeres;1997;
23;Jaén;23008 Arquillos;Mujeres;1996;950
23;Jaén;23905 Arroyo del Ojanco;Total;2023;2187
23;Jaén;23905 Arroyo del Ojanco;Total;2022;2227
23;Jaén;23905 Arroyo del Ojanco;Total;2021;2243
23;Jaén;23905 Arroyo del Ojanco;Total;2020;2287
23;Jaén;23905 Arroyo del Ojanco;Total;2019;2288
23;Jaén;23905 Arroyo del Ojanco;Total;2018;2323
23;Jaén;23905 Arroyo del Ojanco;Total;2017;2353
23;Jaén;23905 Arroyo del Ojanco;Total;2016;2354
23;Jaén;23905 Arroyo del Ojanco;Total;2015;2373
23;Jaén;23905 Arroyo del Ojanco;Total;2014;2455
23;Jaén;23905 Arroyo del Ojanco;Total;2013;2505
23;Jaén;23905 Arroyo del Ojanco;Total;2012;2525
23;Jaén;23905 Arroyo del Ojanco;Total;2011;2522
23;Jaén;23905 Arroyo del Ojanco;Total;2010;2509
23;Jaén;23905 Arroyo del Ojanco;Total;2009;2483
23;Jaén;23905 Arroyo del Ojanco;Total;2008;2490
23;Jaén;23905 Arroyo del Ojanco;Total;2007;2468
23;Jaén;23905 Arroyo del Ojanco;Total;2006;2500
23;Jaén;23905 Arroyo del Ojanco;Total;2005;2533
23;Jaén;23905 Arroyo del Ojanco;Total;2004;2468
23;Jaén;23905 Arroyo del Ojanco;Total;2003;2287
23;Jaén;23905 Arroyo del Ojanco;Total;2002;2348
23;Jaén;23905 Arroyo del Ojanco;Total;2001;
23;Jaén;23905 Arroyo del Ojanco;Total;2000;
23;Jaén;23905 Arroyo del Ojanco;Total;1999;
23;Jaén;23905 Arroyo del Ojanco;Total;1998;
23;Jaén;23905 Arroyo del Ojanco;Total;1997;
23;Jaén;23905 Arroyo del Ojanco;Total;1996;
23;Jaén;23905 Arroyo del Ojanco;Hombres;2023;1102
23;Jaén;23905 Arroyo del Ojanco;Hombres;2022;1129
23;Jaén;23905 Arroyo del Ojanco;Hombres;2021;1134
23;Jaén;23905 Arroyo del Ojanco;Hombres;2020;1147
23;Jaén;23905 Arroyo del Ojanco;Hombres;2019;1158
23;Jaén;23905 Arroyo del Ojanco;Hombres;2018;1182
23;Jaén;23905 Arroyo del Ojanco;Hombres;2017;1199
23;Jaén;23905 Arroyo del Ojanco;Hombres;2016;1193
23;Jaén;23905 Arroyo del Ojanco;Hombres;2015;1203
23;Jaén;23905 Arroyo del Ojanco;Hombres;2014;1266
23;Jaén;23905 Arroyo del Ojanco;Hombres;2013;1311
23;Jaén;23905 Arroyo del Ojanco;Hombres;2012;1325
23;Jaén;23905 Arroyo del Ojanco;Hombres;2011;1313
23;Jaén;23905 Arroyo del Ojanco;Hombres;2010;1288
23;Jaén;23905 Arroyo del Ojanco;Hombres;2009;1271
23;Jaén;23905 Arroyo del Ojanco;Hombres;2008;1281
23;Jaén;23905 Arroyo del Ojanco;Hombres;2007;1263
23;Jaén;23905 Arroyo del Ojanco;Hombres;2006;1279
23;Jaén;23905 Arroyo del Ojanco;Hombres;2005;1302
23;Jaén;23905 Arroyo del Ojanco;Hombres;2004;1268
23;Jaén;23905 Arroyo del Ojanco;Hombres;2003;1165
23;Jaén;23905 Arroyo del Ojanco;Hombres;2002;1222
23;Jaén;23905 Arroyo del Ojanco;Hombres;2001;
23;Jaén;23905 Arroyo del Ojanco;Hombres;2000;
23;Jaén;23905 Arroyo del Ojanco;Hombres;1999;
23;Jaén;23905 Arroyo del Ojanco;Hombres;1998;
23;Jaén;23905 Arroyo del Ojanco;Hombres;1997;
23;Jaén;23905 Arroyo del Ojanco;Hombres;1996;
23;Jaén;23905 Arroyo del Ojanco;Mujeres;2023;1085
23;Jaén;23905 Arroyo del Ojanco;Mujeres;2022;1098
23;Jaén;23905 Arroyo del Ojanco;Mujeres;2021;1109
23;Jaén;23905 Arroyo del Ojanco;Mujeres;2020;1140
23;Jaén;23905 Arroyo del Ojanco;Mujeres;2019;1130
23;Jaén;23905 Arroyo del Ojanco;Mujeres;2018;1141
23;Jaén;23905 Arroyo del Ojanco;Mujeres;2017;1154
23;Jaén;23905 Arroyo del Ojanco;Mujeres;2016;1161
23;Jaén;23905 Arroyo del Ojanco;Mujeres;2015;1170
23;Jaén;23905 Arroyo del Ojanco;Mujeres;2014;1189
23;Jaén;23905 Arroyo del Ojanco;Mujeres;2013;1194
23;Jaén;23905 Arroyo del Ojanco;Mujeres;2012;1200
23;Jaén;23905 Arroyo del Ojanco;Mujeres;2011;1209
23;Jaén;23905 Arroyo del Ojanco;Mujeres;2010;1221
23;Jaén;23905 Arroyo del Ojanco;Mujeres;2009;1212
23;Jaén;23905 Arroyo del Ojanco;Mujeres;2008;1209
23;Jaén;23905 Arroyo del Ojanco;Mujeres;2007;1205
23;Jaén;23905 Arroyo del Ojanco;Mujeres;2006;1221
23;Jaén;23905 Arroyo del Ojanco;Mujeres;2005;1231
23;Jaén;23905 Arroyo del Ojanco;Mujeres;2004;1200
23;Jaén;23905 Arroyo del Ojanco;Mujeres;2003;1122
23;Jaén;23905 Arroyo del Ojanco;Mujeres;2002;1126
23;Jaén;23905 Arroyo del Ojanco;Mujeres;2001;
23;Jaén;23905 Arroyo del Ojanco;Mujeres;2000;
23;Jaén;23905 Arroyo del Ojanco;Mujeres;1999;
23;Jaén;23905 Arroyo del Ojanco;Mujeres;1998;
23;Jaén;23905 Arroyo del Ojanco;Mujeres;1997;
23;Jaén;23905 Arroyo del Ojanco;Mujeres;1996;
23;Jaén;23009 Baeza;Total;2023;15723
23;Jaén;23009 Baeza;Total;2022;15773
23;Jaén;23009 Baeza;Total;2021;15762
23;Jaén;23009 Baeza;Total;2020;15791
23;Jaén;23009 Baeza;Total;2019;15841
23;Jaén;23009 Baeza;Total;2018;15902
23;Jaén;23009 Baeza;Total;2017;15996
23;Jaén;23009 Baeza;Total;2016;16100
23;Jaén;23009 Baeza;Total;2015;16163
23;Jaén;23009 Baeza;Total;2014;16215
23;Jaén;23009 Baeza;Total;2013;16302
23;Jaén;23009 Baeza;Total;2012;16535
23;Jaén;23009 Baeza;Total;2011;16411
23;Jaén;23009 Baeza;Total;2010;16360
23;Jaén;23009 Baeza;Total;2009;16253
23;Jaén;23009 Baeza;Total;2008;16197
23;Jaén;23009 Baeza;Total;2007;16135
23;Jaén;23009 Baeza;Total;2006;16056
23;Jaén;23009 Baeza;Total;2005;15880
23;Jaén;23009 Baeza;Total;2004;15177
23;Jaén;23009 Baeza;Total;2003;15072
23;Jaén;23009 Baeza;Total;2002;15223
23;Jaén;23009 Baeza;Total;2001;15276
23;Jaén;23009 Baeza;Total;2000;15738
23;Jaén;23009 Baeza;Total;1999;15841
23;Jaén;23009 Baeza;Total;1998;15635
23;Jaén;23009 Baeza;Total;1997;
23;Jaén;23009 Baeza;Total;1996;16012
23;Jaén;23009 Baeza;Hombres;2023;7796
23;Jaén;23009 Baeza;Hombres;2022;7815
23;Jaén;23009 Baeza;Hombres;2021;7799
23;Jaén;23009 Baeza;Hombres;2020;7817
23;Jaén;23009 Baeza;Hombres;2019;7841
23;Jaén;23009 Baeza;Hombres;2018;7898
23;Jaén;23009 Baeza;Hombres;2017;7930
23;Jaén;23009 Baeza;Hombres;2016;7995
23;Jaén;23009 Baeza;Hombres;2015;8012
23;Jaén;23009 Baeza;Hombres;2014;8026
23;Jaén;23009 Baeza;Hombres;2013;8101
23;Jaén;23009 Baeza;Hombres;2012;8250
23;Jaén;23009 Baeza;Hombres;2011;8164
23;Jaén;23009 Baeza;Hombres;2010;8111
23;Jaén;23009 Baeza;Hombres;2009;8062
23;Jaén;23009 Baeza;Hombres;2008;8068
23;Jaén;23009 Baeza;Hombres;2007;8011
23;Jaén;23009 Baeza;Hombres;2006;7951
23;Jaén;23009 Baeza;Hombres;2005;7882
23;Jaén;23009 Baeza;Hombres;2004;7517
23;Jaén;23009 Baeza;Hombres;2003;7460
23;Jaén;23009 Baeza;Hombres;2002;7479
23;Jaén;23009 Baeza;Hombres;2001;7499
23;Jaén;23009 Baeza;Hombres;2000;7720
23;Jaén;23009 Baeza;Hombres;1999;7764
23;Jaén;23009 Baeza;Hombres;1998;7665
23;Jaén;23009 Baeza;Hombres;1997;
23;Jaén;23009 Baeza;Hombres;1996;7856
23;Jaén;23009 Baeza;Mujeres;2023;7927
23;Jaén;23009 Baeza;Mujeres;2022;7958
23;Jaén;23009 Baeza;Mujeres;2021;7963
23;Jaén;23009 Baeza;Mujeres;2020;7974
23;Jaén;23009 Baeza;Mujeres;2019;8000
23;Jaén;23009 Baeza;Mujeres;2018;8004
23;Jaén;23009 Baeza;Mujeres;2017;8066
23;Jaén;23009 Baeza;Mujeres;2016;8105
23;Jaén;23009 Baeza;Mujeres;2015;8151
23;Jaén;23009 Baeza;Mujeres;2014;8189
23;Jaén;23009 Baeza;Mujeres;2013;8201
23;Jaén;23009 Baeza;Mujeres;2012;8285
23;Jaén;23009 Baeza;Mujeres;2011;8247
23;Jaén;23009 Baeza;Mujeres;2010;8249
23;Jaén;23009 Baeza;Mujeres;2009;8191
23;Jaén;23009 Baeza;Mujeres;2008;8129
23;Jaén;23009 Baeza;Mujeres;2007;8124
23;Jaén;23009 Baeza;Mujeres;2006;8105
23;Jaén;23009 Baeza;Mujeres;2005;7998
23;Jaén;23009 Baeza;Mujeres;2004;7660
23;Jaén;23009 Baeza;Mujeres;2003;7612
23;Jaén;23009 Baeza;Mujeres;2002;7744
23;Jaén;23009 Baeza;Mujeres;2001;7777
23;Jaén;23009 Baeza;Mujeres;2000;8018
23;Jaén;23009 Baeza;Mujeres;1999;8077
23;Jaén;23009 Baeza;Mujeres;1998;7970
23;Jaén;23009 Baeza;Mujeres;1997;
23;Jaén;23009 Baeza;Mujeres;1996;8156
23;Jaén;23010 Bailén;Total;2023;17211
23;Jaén;23010 Bailén;Total;2022;17377
23;Jaén;23010 Bailén;Total;2021;17498
23;Jaén;23010 Bailén;Total;2020;17548
23;Jaén;23010 Bailén;Total;2019;17667
23;Jaén;23010 Bailén;Total;2018;17820
23;Jaén;23010 Bailén;Total;2017;17924
23;Jaén;23010 Bailén;Total;2016;18085
23;Jaén;23010 Bailén;Total;2015;18243
23;Jaén;23010 Bailén;Total;2014;18419
23;Jaén;23010 Bailén;Total;2013;18616
23;Jaén;23010 Bailén;Total;2012;18725
23;Jaén;23010 Bailén;Total;2011;18741
23;Jaén;23010 Bailén;Total;2010;18763
23;Jaén;23010 Bailén;Total;2009;18785
23;Jaén;23010 Bailén;Total;2008;18798
23;Jaén;23010 Bailén;Total;2007;18583
23;Jaén;23010 Bailén;Total;2006;18362
23;Jaén;23010 Bailén;Total;2005;18202
23;Jaén;23010 Bailén;Total;2004;17966
23;Jaén;23010 Bailén;Total;2003;17845
23;Jaén;23010 Bailén;Total;2002;17736
23;Jaén;23010 Bailén;Total;2001;17672
23;Jaén;23010 Bailén;Total;2000;17472
23;Jaén;23010 Bailén;Total;1999;17481
23;Jaén;23010 Bailén;Total;1998;17414
23;Jaén;23010 Bailén;Total;1997;
23;Jaén;23010 Bailén;Total;1996;17408
23;Jaén;23010 Bailén;Hombres;2023;8535
23;Jaén;23010 Bailén;Hombres;2022;8609
23;Jaén;23010 Bailén;Hombres;2021;8688
23;Jaén;23010 Bailén;Hombres;2020;8709
23;Jaén;23010 Bailén;Hombres;2019;8773
23;Jaén;23010 Bailén;Hombres;2018;8842
23;Jaén;23010 Bailén;Hombres;2017;8917
23;Jaén;23010 Bailén;Hombres;2016;9000
23;Jaén;23010 Bailén;Hombres;2015;9087
23;Jaén;23010 Bailén;Hombres;2014;9214
23;Jaén;23010 Bailén;Hombres;2013;9346
23;Jaén;23010 Bailén;Hombres;2012;9402
23;Jaén;23010 Bailén;Hombres;2011;9446
23;Jaén;23010 Bailén;Hombres;2010;9447
23;Jaén;23010 Bailén;Hombres;2009;9497
23;Jaén;23010 Bailén;Hombres;2008;9641
23;Jaén;23010 Bailén;Hombres;2007;9512
23;Jaén;23010 Bailén;Hombres;2006;9402
23;Jaén;23010 Bailén;Hombres;2005;9303
23;Jaén;23010 Bailén;Hombres;2004;9168
23;Jaén;23010 Bailén;Hombres;2003;9094
23;Jaén;23010 Bailén;Hombres;2002;9029
23;Jaén;23010 Bailén;Hombres;2001;9007
23;Jaén;23010 Bailén;Hombres;2000;8903
23;Jaén;23010 Bailén;Hombres;1999;8913
23;Jaén;23010 Bailén;Hombres;1998;8905
23;Jaén;23010 Bailén;Hombres;1997;
23;Jaén;23010 Bailén;Hombres;1996;8733
23;Jaén;23010 Bailén;Mujeres;2023;8676
23;Jaén;23010 Bailén;Mujeres;2022;8768
23;Jaén;23010 Bailén;Mujeres;2021;8810
23;Jaén;23010 Bailén;Mujeres;2020;8839
23;Jaén;23010 Bailén;Mujeres;2019;8894
23;Jaén;23010 Bailén;Mujeres;2018;8978
23;Jaén;23010 Bailén;Mujeres;2017;9007
23;Jaén;23010 Bailén;Mujeres;2016;9085
23;Jaén;23010 Bailén;Mujeres;2015;9156
23;Jaén;23010 Bailén;Mujeres;2014;9205
23;Jaén;23010 Bailén;Mujeres;2013;9270
23;Jaén;23010 Bailén;Mujeres;2012;9323
23;Jaén;23010 Bailén;Mujeres;2011;9295
23;Jaén;23010 Bailén;Mujeres;2010;9316
23;Jaén;23010 Bailén;Mujeres;2009;9288
23;Jaén;23010 Bailén;Mujeres;2008;9157
23;Jaén;23010 Bailén;Mujeres;2007;9071
23;Jaén;23010 Bailén;Mujeres;2006;8960
23;Jaén;23010 Bailén;Mujeres;2005;8899
23;Jaén;23010 Bailén;Mujeres;2004;8798
23;Jaén;23010 Bailén;Mujeres;2003;8751
23;Jaén;23010 Bailén;Mujeres;2002;8707
23;Jaén;23010 Bailén;Mujeres;2001;8665
23;Jaén;23010 Bailén;Mujeres;2000;8569
23;Jaén;23010 Bailén;Mujeres;1999;8568
23;Jaén;23010 Bailén;Mujeres;1998;8509
23;Jaén;23010 Bailén;Mujeres;1997;
23;Jaén;23010 Bailén;Mujeres;1996;8675
23;Jaén;23011 Baños de la Encina;Total;2023;2558
23;Jaén;23011 Baños de la Encina;Total;2022;2594
23;Jaén;23011 Baños de la Encina;Total;2021;2596
23;Jaén;23011 Baños de la Encina;Total;2020;2576
23;Jaén;23011 Baños de la Encina;Total;2019;2582
23;Jaén;23011 Baños de la Encina;Total;2018;2611
23;Jaén;23011 Baños de la Encina;Total;2017;2613
23;Jaén;23011 Baños de la Encina;Total;2016;2634
23;Jaén;23011 Baños de la Encina;Total;2015;2672
23;Jaén;23011 Baños de la Encina;Total;2014;2669
23;Jaén;23011 Baños de la Encina;Total;2013;2679
23;Jaén;23011 Baños de la Encina;Total;2012;2694
23;Jaén;23011 Baños de la Encina;Total;2011;2714
23;Jaén;23011 Baños de la Encina;Total;2010;2733
23;Jaén;23011 Baños de la Encina;Total;2009;2716
23;Jaén;23011 Baños de la Encina;Total;2008;2713
23;Jaén;23011 Baños de la Encina;Total;2007;2743
23;Jaén;23011 Baños de la Encina;Total;2006;2715
23;Jaén;23011 Baños de la Encina;Total;2005;2738
23;Jaén;23011 Baños de la Encina;Total;2004;2734
23;Jaén;23011 Baños de la Encina;Total;2003;2716
23;Jaén;23011 Baños de la Encina;Total;2002;2688
23;Jaén;23011 Baños de la Encina;Total;2001;2700
23;Jaén;23011 Baños de la Encina;Total;2000;2721
23;Jaén;23011 Baños de la Encina;Total;1999;2783
23;Jaén;23011 Baños de la Encina;Total;1998;2747
23;Jaén;23011 Baños de la Encina;Total;1997;
23;Jaén;23011 Baños de la Encina;Total;1996;2756
23;Jaén;23011 Baños de la Encina;Hombres;2023;1305
23;Jaén;23011 Baños de la Encina;Hombres;2022;1340
23;Jaén;23011 Baños de la Encina;Hombres;2021;1344
23;Jaén;23011 Baños de la Encina;Hombres;2020;1329
23;Jaén;23011 Baños de la Encina;Hombres;2019;1332
23;Jaén;23011 Baños de la Encina;Hombres;2018;1343
23;Jaén;23011 Baños de la Encina;Hombres;2017;1343
23;Jaén;23011 Baños de la Encina;Hombres;2016;1350
23;Jaén;23011 Baños de la Encina;Hombres;2015;1364
23;Jaén;23011 Baños de la Encina;Hombres;2014;1358
23;Jaén;23011 Baños de la Encina;Hombres;2013;1369
23;Jaén;23011 Baños de la Encina;Hombres;2012;1388
23;Jaén;23011 Baños de la Encina;Hombres;2011;1403
23;Jaén;23011 Baños de la Encina;Hombres;2010;1419
23;Jaén;23011 Baños de la Encina;Hombres;2009;1402
23;Jaén;23011 Baños de la Encina;Hombres;2008;1408
23;Jaén;23011 Baños de la Encina;Hombres;2007;1431
23;Jaén;23011 Baños de la Encina;Hombres;2006;1410
23;Jaén;23011 Baños de la Encina;Hombres;2005;1427
23;Jaén;23011 Baños de la Encina;Hombres;2004;1439
23;Jaén;23011 Baños de la Encina;Hombres;2003;1417
23;Jaén;23011 Baños de la Encina;Hombres;2002;1392
23;Jaén;23011 Baños de la Encina;Hombres;2001;1384
23;Jaén;23011 Baños de la Encina;Hombres;2000;1385
23;Jaén;23011 Baños de la Encina;Hombres;1999;1411
23;Jaén;23011 Baños de la Encina;Hombres;1998;1399
23;Jaén;23011 Baños de la Encina;Hombres;1997;
23;Jaén;23011 Baños de la Encina;Hombres;1996;1413
23;Jaén;23011 Baños de la Encina;Mujeres;2023;1253
23;Jaén;23011 Baños de la Encina;Mujeres;2022;1254
23;Jaén;23011 Baños de la Encina;Mujeres;2021;1252
23;Jaén;23011 Baños de la Encina;Mujeres;2020;1247
23;Jaén;23011 Baños de la Encina;Mujeres;2019;1250
23;Jaén;23011 Baños de la Encina;Mujeres;2018;1268
23;Jaén;23011 Baños de la Encina;Mujeres;2017;1270
23;Jaén;23011 Baños de la Encina;Mujeres;2016;1284
23;Jaén;23011 Baños de la Encina;Mujeres;2015;1308
23;Jaén;23011 Baños de la Encina;Mujeres;2014;1311
23;Jaén;23011 Baños de la Encina;Mujeres;2013;1310
23;Jaén;23011 Baños de la Encina;Mujeres;2012;1306
23;Jaén;23011 Baños de la Encina;Mujeres;2011;1311
23;Jaén;23011 Baños de la Encina;Mujeres;2010;1314
23;Jaén;23011 Baños de la Encina;Mujeres;2009;1314
23;Jaén;23011 Baños de la Encina;Mujeres;2008;1305
23;Jaén;23011 Baños de la Encina;Mujeres;2007;1312
23;Jaén;23011 Baños de la Encina;Mujeres;2006;1305
23;Jaén;23011 Baños de la Encina;Mujeres;2005;1311
23;Jaén;23011 Baños de la Encina;Mujeres;2004;1295
23;Jaén;23011 Baños de la Encina;Mujeres;2003;1299
23;Jaén;23011 Baños de la Encina;Mujeres;2002;1296
23;Jaén;23011 Baños de la Encina;Mujeres;2001;1316
23;Jaén;23011 Baños de la Encina;Mujeres;2000;1336
23;Jaén;23011 Baños de la Encina;Mujeres;1999;1372
23;Jaén;23011 Baños de la Encina;Mujeres;1998;1348
23;Jaén;23011 Baños de la Encina;Mujeres;1997;
23;Jaén;23011 Baños de la Encina;Mujeres;1996;1343
23;Jaén;23012 Beas de Segura;Total;2023;4984
23;Jaén;23012 Beas de Segura;Total;2022;5112
23;Jaén;23012 Beas de Segura;Total;2021;5115
23;Jaén;23012 Beas de Segura;Total;2020;5100
23;Jaén;23012 Beas de Segura;Total;2019;5130
23;Jaén;23012 Beas de Segura;Total;2018;5191
23;Jaén;23012 Beas de Segura;Total;2017;5275
23;Jaén;23012 Beas de Segura;Total;2016;5380
23;Jaén;23012 Beas de Segura;Total;2015;5439
23;Jaén;23012 Beas de Segura;Total;2014;5542
23;Jaén;23012 Beas de Segura;Total;2013;5642
23;Jaén;23012 Beas de Segura;Total;2012;5804
23;Jaén;23012 Beas de Segura;Total;2011;5763
23;Jaén;23012 Beas de Segura;Total;2010;5674
23;Jaén;23012 Beas de Segura;Total;2009;5591
23;Jaén;23012 Beas de Segura;Total;2008;5586
23;Jaén;23012 Beas de Segura;Total;2007;5571
23;Jaén;23012 Beas de Segura;Total;2006;5467
23;Jaén;23012 Beas de Segura;Total;2005;5456
23;Jaén;23012 Beas de Segura;Total;2004;5477
23;Jaén;23012 Beas de Segura;Total;2003;5647
23;Jaén;23012 Beas de Segura;Total;2002;5661
23;Jaén;23012 Beas de Segura;Total;2001;8061
23;Jaén;23012 Beas de Segura;Total;2000;8029
23;Jaén;23012 Beas de Segura;Total;1999;8135
23;Jaén;23012 Beas de Segura;Total;1998;8092
23;Jaén;23012 Beas de Segura;Total;1997;
23;Jaén;23012 Beas de Segura;Total;1996;8261
23;Jaén;23012 Beas de Segura;Hombres;2023;2576
23;Jaén;23012 Beas de Segura;Hombres;2022;2657
23;Jaén;23012 Beas de Segura;Hombres;2021;2678
23;Jaén;23012 Beas de Segura;Hombres;2020;2658
23;Jaén;23012 Beas de Segura;Hombres;2019;2683
23;Jaén;23012 Beas de Segura;Hombres;2018;2700
23;Jaén;23012 Beas de Segura;Hombres;2017;2752
23;Jaén;23012 Beas de Segura;Hombres;2016;2794
23;Jaén;23012 Beas de Segura;Hombres;2015;2820
23;Jaén;23012 Beas de Segura;Hombres;2014;2890
23;Jaén;23012 Beas de Segura;Hombres;2013;2962
23;Jaén;23012 Beas de Segura;Hombres;2012;3109
23;Jaén;23012 Beas de Segura;Hombres;2011;3037
23;Jaén;23012 Beas de Segura;Hombres;2010;2951
23;Jaén;23012 Beas de Segura;Hombres;2009;2882
23;Jaén;23012 Beas de Segura;Hombres;2008;2876
23;Jaén;23012 Beas de Segura;Hombres;2007;2855
23;Jaén;23012 Beas de Segura;Hombres;2006;2811
23;Jaén;23012 Beas de Segura;Hombres;2005;2805
23;Jaén;23012 Beas de Segura;Hombres;2004;2809
23;Jaén;23012 Beas de Segura;Hombres;2003;2903
23;Jaén;23012 Beas de Segura;Hombres;2002;2908
23;Jaén;23012 Beas de Segura;Hombres;2001;4142
23;Jaén;23012 Beas de Segura;Hombres;2000;4118
23;Jaén;23012 Beas de Segura;Hombres;1999;4156
23;Jaén;23012 Beas de Segura;Hombres;1998;4115
23;Jaén;23012 Beas de Segura;Hombres;1997;
23;Jaén;23012 Beas de Segura;Hombres;1996;4145
23;Jaén;23012 Beas de Segura;Mujeres;2023;2408
23;Jaén;23012 Beas de Segura;Mujeres;2022;2455
23;Jaén;23012 Beas de Segura;Mujeres;2021;2437
23;Jaén;23012 Beas de Segura;Mujeres;2020;2442
23;Jaén;23012 Beas de Segura;Mujeres;2019;2447
23;Jaén;23012 Beas de Segura;Mujeres;2018;2491
23;Jaén;23012 Beas de Segura;Mujeres;2017;2523
23;Jaén;23012 Beas de Segura;Mujeres;2016;2586
23;Jaén;23012 Beas de Segura;Mujeres;2015;2619
23;Jaén;23012 Beas de Segura;Mujeres;2014;2652
23;Jaén;23012 Beas de Segura;Mujeres;2013;2680
23;Jaén;23012 Beas de Segura;Mujeres;2012;2695
23;Jaén;23012 Beas de Segura;Mujeres;2011;2726
23;Jaén;23012 Beas de Segura;Mujeres;2010;2723
23;Jaén;23012 Beas de Segura;Mujeres;2009;2709
23;Jaén;23012 Beas de Segura;Mujeres;2008;2710
23;Jaén;23012 Beas de Segura;Mujeres;2007;2716
23;Jaén;23012 Beas de Segura;Mujeres;2006;2656
23;Jaén;23012 Beas de Segura;Mujeres;2005;2651
23;Jaén;23012 Beas de Segura;Mujeres;2004;2668
23;Jaén;23012 Beas de Segura;Mujeres;2003;2744
23;Jaén;23012 Beas de Segura;Mujeres;2002;2753
23;Jaén;23012 Beas de Segura;Mujeres;2001;3919
23;Jaén;23012 Beas de Segura;Mujeres;2000;3911
23;Jaén;23012 Beas de Segura;Mujeres;1999;3979
23;Jaén;23012 Beas de Segura;Mujeres;1998;3977
23;Jaén;23012 Beas de Segura;Mujeres;1997;
23;Jaén;23012 Beas de Segura;Mujeres;1996;4116
23;Jaén;23902 Bedmar y Garcíez;Total;2023;2605
23;Jaén;23902 Bedmar y Garcíez;Total;2022;2637
23;Jaén;23902 Bedmar y Garcíez;Total;2021;2656
23;Jaén;23902 Bedmar y Garcíez;Total;2020;2633
23;Jaén;23902 Bedmar y Garcíez;Total;2019;2642
23;Jaén;23902 Bedmar y Garcíez;Total;2018;2682
23;Jaén;23902 Bedmar y Garcíez;Total;2017;2757
23;Jaén;23902 Bedmar y Garcíez;Total;2016;2823
23;Jaén;23902 Bedmar y Garcíez;Total;2015;2871
23;Jaén;23902 Bedmar y Garcíez;Total;2014;2902
23;Jaén;23902 Bedmar y Garcíez;Total;2013;2969
23;Jaén;23902 Bedmar y Garcíez;Total;2012;3051
23;Jaén;23902 Bedmar y Garcíez;Total;2011;3112
23;Jaén;23902 Bedmar y Garcíez;Total;2010;3132
23;Jaén;23902 Bedmar y Garcíez;Total;2009;3127
23;Jaén;23902 Bedmar y Garcíez;Total;2008;3137
23;Jaén;23902 Bedmar y Garcíez;Total;2007;3161
23;Jaén;23902 Bedmar y Garcíez;Total;2006;3185
23;Jaén;23902 Bedmar y Garcíez;Total;2005;3210
23;Jaén;23902 Bedmar y Garcíez;Total;2004;3227
23;Jaén;23902 Bedmar y Garcíez;Total;2003;3237
23;Jaén;23902 Bedmar y Garcíez;Total;2002;3240
23;Jaén;23902 Bedmar y Garcíez;Total;2001;3253
23;Jaén;23902 Bedmar y Garcíez;Total;2000;3268
23;Jaén;23902 Bedmar y Garcíez;Total;1999;3239
23;Jaén;23902 Bedmar y Garcíez;Total;1998;3220
23;Jaén;23902 Bedmar y Garcíez;Total;1997;
23;Jaén;23902 Bedmar y Garcíez;Total;1996;3234
23;Jaén;23902 Bedmar y Garcíez;Hombres;2023;1322
23;Jaén;23902 Bedmar y Garcíez;Hombres;2022;1343
23;Jaén;23902 Bedmar y Garcíez;Hombres;2021;1344
23;Jaén;23902 Bedmar y Garcíez;Hombres;2020;1334
23;Jaén;23902 Bedmar y Garcíez;Hombres;2019;1341
23;Jaén;23902 Bedmar y Garcíez;Hombres;2018;1342
23;Jaén;23902 Bedmar y Garcíez;Hombres;2017;1379
23;Jaén;23902 Bedmar y Garcíez;Hombres;2016;1401
23;Jaén;23902 Bedmar y Garcíez;Hombres;2015;1421
23;Jaén;23902 Bedmar y Garcíez;Hombres;2014;1443
23;Jaén;23902 Bedmar y Garcíez;Hombres;2013;1483
23;Jaén;23902 Bedmar y Garcíez;Hombres;2012;1532
23;Jaén;23902 Bedmar y Garcíez;Hombres;2011;1553
23;Jaén;23902 Bedmar y Garcíez;Hombres;2010;1567
23;Jaén;23902 Bedmar y Garcíez;Hombres;2009;1567
23;Jaén;23902 Bedmar y Garcíez;Hombres;2008;1587
23;Jaén;23902 Bedmar y Garcíez;Hombres;2007;1589
23;Jaén;23902 Bedmar y Garcíez;Hombres;2006;1597
23;Jaén;23902 Bedmar y Garcíez;Hombres;2005;1625
23;Jaén;23902 Bedmar y Garcíez;Hombres;2004;1641
23;Jaén;23902 Bedmar y Garcíez;Hombres;2003;1645
23;Jaén;23902 Bedmar y Garcíez;Hombres;2002;1642
23;Jaén;23902 Bedmar y Garcíez;Hombres;2001;1634
23;Jaén;23902 Bedmar y Garcíez;Hombres;2000;1641
23;Jaén;23902 Bedmar y Garcíez;Hombres;1999;1629
23;Jaén;23902 Bedmar y Garcíez;Hombres;1998;1631
23;Jaén;23902 Bedmar y Garcíez;Hombres;1997;
23;Jaén;23902 Bedmar y Garcíez;Hombres;1996;1632
23;Jaén;23902 Bedmar y Garcíez;Mujeres;2023;1283
23;Jaén;23902 Bedmar y Garcíez;Mujeres;2022;1294
23;Jaén;23902 Bedmar y Garcíez;Mujeres;2021;1312
23;Jaén;23902 Bedmar y Garcíez;Mujeres;2020;1299
23;Jaén;23902 Bedmar y Garcíez;Mujeres;2019;1301
23;Jaén;23902 Bedmar y Garcíez;Mujeres;2018;1340
23;Jaén;23902 Bedmar y Garcíez;Mujeres;2017;1378
23;Jaén;23902 Bedmar y Garcíez;Mujeres;2016;1422
23;Jaén;23902 Bedmar y Garcíez;Mujeres;2015;1450
23;Jaén;23902 Bedmar y Garcíez;Mujeres;2014;1459
23;Jaén;23902 Bedmar y Garcíez;Mujeres;2013;1486
23;Jaén;23902 Bedmar y Garcíez;Mujeres;2012;1519
23;Jaén;23902 Bedmar y Garcíez;Mujeres;2011;1559
23;Jaén;23902 Bedmar y Garcíez;Mujeres;2010;1565
23;Jaén;23902 Bedmar y Garcíez;Mujeres;2009;1560
23;Jaén;23902 Bedmar y Garcíez;Mujeres;2008;1550
23;Jaén;23902 Bedmar y Garcíez;Mujeres;2007;1572
23;Jaén;23902 Bedmar y Garcíez;Mujeres;2006;1588
23;Jaén;23902 Bedmar y Garcíez;Mujeres;2005;1585
23;Jaén;23902 Bedmar y Garcíez;Mujeres;2004;1586
23;Jaén;23902 Bedmar y Garcíez;Mujeres;2003;1592
23;Jaén;23902 Bedmar y Garcíez;Mujeres;2002;1598
23;Jaén;23902 Bedmar y Garcíez;Mujeres;2001;1619
23;Jaén;23902 Bedmar y Garcíez;Mujeres;2000;1627
23;Jaén;23902 Bedmar y Garcíez;Mujeres;1999;1610
23;Jaén;23902 Bedmar y Garcíez;Mujeres;1998;1589
23;Jaén;23902 Bedmar y Garcíez;Mujeres;1997;
23;Jaén;23902 Bedmar y Garcíez;Mujeres;1996;1602
23;Jaén;23014 Begíjar;Total;2023;2967
23;Jaén;23014 Begíjar;Total;2022;3008
23;Jaén;23014 Begíjar;Total;2021;2998
23;Jaén;23014 Begíjar;Total;2020;3009
23;Jaén;23014 Begíjar;Total;2019;3029
23;Jaén;23014 Begíjar;Total;2018;3075
23;Jaén;23014 Begíjar;Total;2017;3073
23;Jaén;23014 Begíjar;Total;2016;3102
23;Jaén;23014 Begíjar;Total;2015;3133
23;Jaén;23014 Begíjar;Total;2014;3133
23;Jaén;23014 Begíjar;Total;2013;3135
23;Jaén;23014 Begíjar;Total;2012;3151
23;Jaén;23014 Begíjar;Total;2011;3168
23;Jaén;23014 Begíjar;Total;2010;3174
23;Jaén;23014 Begíjar;Total;2009;3165
23;Jaén;23014 Begíjar;Total;2008;3148
23;Jaén;23014 Begíjar;Total;2007;3161
23;Jaén;23014 Begíjar;Total;2006;3101
23;Jaén;23014 Begíjar;Total;2005;3109
23;Jaén;23014 Begíjar;Total;2004;3109
23;Jaén;23014 Begíjar;Total;2003;3118
23;Jaén;23014 Begíjar;Total;2002;3117
23;Jaén;23014 Begíjar;Total;2001;3161
23;Jaén;23014 Begíjar;Total;2000;3136
23;Jaén;23014 Begíjar;Total;1999;3171
23;Jaén;23014 Begíjar;Total;1998;3176
23;Jaén;23014 Begíjar;Total;1997;
23;Jaén;23014 Begíjar;Total;1996;3111
23;Jaén;23014 Begíjar;Hombres;2023;1493
23;Jaén;23014 Begíjar;Hombres;2022;1507
23;Jaén;23014 Begíjar;Hombres;2021;1503
23;Jaén;23014 Begíjar;Hombres;2020;1509
23;Jaén;23014 Begíjar;Hombres;2019;1526
23;Jaén;23014 Begíjar;Hombres;2018;1550
23;Jaén;23014 Begíjar;Hombres;2017;1546
23;Jaén;23014 Begíjar;Hombres;2016;1561
23;Jaén;23014 Begíjar;Hombres;2015;1575
23;Jaén;23014 Begíjar;Hombres;2014;1577
23;Jaén;23014 Begíjar;Hombres;2013;1575
23;Jaén;23014 Begíjar;Hombres;2012;1570
23;Jaén;23014 Begíjar;Hombres;2011;1585
23;Jaén;23014 Begíjar;Hombres;2010;1586
23;Jaén;23014 Begíjar;Hombres;2009;1581
23;Jaén;23014 Begíjar;Hombres;2008;1583
23;Jaén;23014 Begíjar;Hombres;2007;1592
23;Jaén;23014 Begíjar;Hombres;2006;1577
23;Jaén;23014 Begíjar;Hombres;2005;1580
23;Jaén;23014 Begíjar;Hombres;2004;1580
23;Jaén;23014 Begíjar;Hombres;2003;1581
23;Jaén;23014 Begíjar;Hombres;2002;1566
23;Jaén;23014 Begíjar;Hombres;2001;1588
23;Jaén;23014 Begíjar;Hombres;2000;1573
23;Jaén;23014 Begíjar;Hombres;1999;1586
23;Jaén;23014 Begíjar;Hombres;1998;1601
23;Jaén;23014 Begíjar;Hombres;1997;
23;Jaén;23014 Begíjar;Hombres;1996;1572
23;Jaén;23014 Begíjar;Mujeres;2023;1474
23;Jaén;23014 Begíjar;Mujeres;2022;1501
23;Jaén;23014 Begíjar;Mujeres;2021;1495
23;Jaén;23014 Begíjar;Mujeres;2020;1500
23;Jaén;23014 Begíjar;Mujeres;2019;1503
23;Jaén;23014 Begíjar;Mujeres;2018;1525
23;Jaén;23014 Begíjar;Mujeres;2017;1527
23;Jaén;23014 Begíjar;Mujeres;2016;1541
23;Jaén;23014 Begíjar;Mujeres;2015;1558
23;Jaén;23014 Begíjar;Mujeres;2014;1556
23;Jaén;23014 Begíjar;Mujeres;2013;1560
23;Jaén;23014 Begíjar;Mujeres;2012;1581
23;Jaén;23014 Begíjar;Mujeres;2011;1583
23;Jaén;23014 Begíjar;Mujeres;2010;1588
23;Jaén;23014 Begíjar;Mujeres;2009;1584
23;Jaén;23014 Begíjar;Mujeres;2008;1565
23;Jaén;23014 Begíjar;Mujeres;2007;1569
23;Jaén;23014 Begíjar;Mujeres;2006;1524
23;Jaén;23014 Begíjar;Mujeres;2005;1529
23;Jaén;23014 Begíjar;Mujeres;2004;1529
23;Jaén;23014 Begíjar;Mujeres;2003;1537
23;Jaén;23014 Begíjar;Mujeres;2002;1551
23;Jaén;23014 Begíjar;Mujeres;2001;1573
23;Jaén;23014 Begíjar;Mujeres;2000;1563
23;Jaén;23014 Begíjar;Mujeres;1999;1585
23;Jaén;23014 Begíjar;Mujeres;1998;1575
23;Jaén;23014 Begíjar;Mujeres;1997;
23;Jaén;23014 Begíjar;Mujeres;1996;1539
23;Jaén;23015 Bélmez de la Moraleda;Total;2023;1525
23;Jaén;23015 Bélmez de la Moraleda;Total;2022;1519
23;Jaén;23015 Bélmez de la Moraleda;Total;2021;1542
23;Jaén;23015 Bélmez de la Moraleda;Total;2020;1569
23;Jaén;23015 Bélmez de la Moraleda;Total;2019;1567
23;Jaén;23015 Bélmez de la Moraleda;Total;2018;1567
23;Jaén;23015 Bélmez de la Moraleda;Total;2017;1600
23;Jaén;23015 Bélmez de la Moraleda;Total;2016;1646
23;Jaén;23015 Bélmez de la Moraleda;Total;2015;1693
23;Jaén;23015 Bélmez de la Moraleda;Total;2014;1709
23;Jaén;23015 Bélmez de la Moraleda;Total;2013;1726
23;Jaén;23015 Bélmez de la Moraleda;Total;2012;1752
23;Jaén;23015 Bélmez de la Moraleda;Total;2011;1763
23;Jaén;23015 Bélmez de la Moraleda;Total;2010;1795
23;Jaén;23015 Bélmez de la Moraleda;Total;2009;1833
23;Jaén;23015 Bélmez de la Moraleda;Total;2008;1868
23;Jaén;23015 Bélmez de la Moraleda;Total;2007;1894
23;Jaén;23015 Bélmez de la Moraleda;Total;2006;1922
23;Jaén;23015 Bélmez de la Moraleda;Total;2005;1937
23;Jaén;23015 Bélmez de la Moraleda;Total;2004;1897
23;Jaén;23015 Bélmez de la Moraleda;Total;2003;1954
23;Jaén;23015 Bélmez de la Moraleda;Total;2002;1968
23;Jaén;23015 Bélmez de la Moraleda;Total;2001;1964
23;Jaén;23015 Bélmez de la Moraleda;Total;2000;1959
23;Jaén;23015 Bélmez de la Moraleda;Total;1999;2055
23;Jaén;23015 Bélmez de la Moraleda;Total;1998;2067
23;Jaén;23015 Bélmez de la Moraleda;Total;1997;
23;Jaén;23015 Bélmez de la Moraleda;Total;1996;2011
23;Jaén;23015 Bélmez de la Moraleda;Hombres;2023;743
23;Jaén;23015 Bélmez de la Moraleda;Hombres;2022;738
23;Jaén;23015 Bélmez de la Moraleda;Hombres;2021;768
23;Jaén;23015 Bélmez de la Moraleda;Hombres;2020;790
23;Jaén;23015 Bélmez de la Moraleda;Hombres;2019;795
23;Jaén;23015 Bélmez de la Moraleda;Hombres;2018;789
23;Jaén;23015 Bélmez de la Moraleda;Hombres;2017;806
23;Jaén;23015 Bélmez de la Moraleda;Hombres;2016;830
23;Jaén;23015 Bélmez de la Moraleda;Hombres;2015;836
23;Jaén;23015 Bélmez de la Moraleda;Hombres;2014;843
23;Jaén;23015 Bélmez de la Moraleda;Hombres;2013;855
23;Jaén;23015 Bélmez de la Moraleda;Hombres;2012;874
23;Jaén;23015 Bélmez de la Moraleda;Hombres;2011;867
23;Jaén;23015 Bélmez de la Moraleda;Hombres;2010;888
23;Jaén;23015 Bélmez de la Moraleda;Hombres;2009;910
23;Jaén;23015 Bélmez de la Moraleda;Hombres;2008;961
23;Jaén;23015 Bélmez de la Moraleda;Hombres;2007;982
23;Jaén;23015 Bélmez de la Moraleda;Hombres;2006;1002
23;Jaén;23015 Bélmez de la Moraleda;Hombres;2005;1009
23;Jaén;23015 Bélmez de la Moraleda;Hombres;2004;971
23;Jaén;23015 Bélmez de la Moraleda;Hombres;2003;994
23;Jaén;23015 Bélmez de la Moraleda;Hombres;2002;1007
23;Jaén;23015 Bélmez de la Moraleda;Hombres;2001;1002
23;Jaén;23015 Bélmez de la Moraleda;Hombres;2000;1001
23;Jaén;23015 Bélmez de la Moraleda;Hombres;1999;1050
23;Jaén;23015 Bélmez de la Moraleda;Hombres;1998;1062
23;Jaén;23015 Bélmez de la Moraleda;Hombres;1997;
23;Jaén;23015 Bélmez de la Moraleda;Hombres;1996;989
23;Jaén;23015 Bélmez de la Moraleda;Mujeres;2023;782
23;Jaén;23015 Bélmez de la Moraleda;Mujeres;2022;781
23;Jaén;23015 Bélmez de la Moraleda;Mujeres;2021;774
23;Jaén;23015 Bélmez de la Moraleda;Mujeres;2020;779
23;Jaén;23015 Bélmez de la Moraleda;Mujeres;2019;772
23;Jaén;23015 Bélmez de la Moraleda;Mujeres;2018;778
23;Jaén;23015 Bélmez de la Moraleda;Mujeres;2017;794
23;Jaén;23015 Bélmez de la Moraleda;Mujeres;2016;816
23;Jaén;23015 Bélmez de la Moraleda;Mujeres;2015;857
23;Jaén;23015 Bélmez de la Moraleda;Mujeres;2014;866
23;Jaén;23015 Bélmez de la Moraleda;Mujeres;2013;871
23;Jaén;23015 Bélmez de la Moraleda;Mujeres;2012;878
23;Jaén;23015 Bélmez de la Moraleda;Mujeres;2011;896
23;Jaén;23015 Bélmez de la Moraleda;Mujeres;2010;907
23;Jaén;23015 Bélmez de la Moraleda;Mujeres;2009;923
23;Jaén;23015 Bélmez de la Moraleda;Mujeres;2008;907
23;Jaén;23015 Bélmez de la Moraleda;Mujeres;2007;912
23;Jaén;23015 Bélmez de la Moraleda;Mujeres;2006;920
23;Jaén;23015 Bélmez de la Moraleda;Mujeres;2005;928
23;Jaén;23015 Bélmez de la Moraleda;Mujeres;2004;926
23;Jaén;23015 Bélmez de la Moraleda;Mujeres;2003;960
23;Jaén;23015 Bélmez de la Moraleda;Mujeres;2002;961
23;Jaén;23015 Bélmez de la Moraleda;Mujeres;2001;962
23;Jaén;23015 Bélmez de la Moraleda;Mujeres;2000;958
23;Jaén;23015 Bélmez de la Moraleda;Mujeres;1999;1005
23;Jaén;23015 Bélmez de la Moraleda;Mujeres;1998;1005
23;Jaén;23015 Bélmez de la Moraleda;Mujeres;1997;
23;Jaén;23015 Bélmez de la Moraleda;Mujeres;1996;1022
23;Jaén;23016 Benatae;Total;2023;437
23;Jaén;23016 Benatae;Total;2022;448
23;Jaén;23016 Benatae;Total;2021;443
23;Jaén;23016 Benatae;Total;2020;445
23;Jaén;23016 Benatae;Total;2019;448
23;Jaén;23016 Benatae;Total;2018;457
23;Jaén;23016 Benatae;Total;2017;467
23;Jaén;23016 Benatae;Total;2016;463
23;Jaén;23016 Benatae;Total;2015;487
23;Jaén;23016 Benatae;Total;2014;498
23;Jaén;23016 Benatae;Total;2013;531
23;Jaén;23016 Benatae;Total;2012;551
23;Jaén;23016 Benatae;Total;2011;546
23;Jaén;23016 Benatae;Total;2010;548
23;Jaén;23016 Benatae;Total;2009;545
23;Jaén;23016 Benatae;Total;2008;563
23;Jaén;23016 Benatae;Total;2007;582
23;Jaén;23016 Benatae;Total;2006;586
23;Jaén;23016 Benatae;Total;2005;596
23;Jaén;23016 Benatae;Total;2004;600
23;Jaén;23016 Benatae;Total;2003;622
23;Jaén;23016 Benatae;Total;2002;547
23;Jaén;23016 Benatae;Total;2001;565
23;Jaén;23016 Benatae;Total;2000;574
23;Jaén;23016 Benatae;Total;1999;581
23;Jaén;23016 Benatae;Total;1998;581
23;Jaén;23016 Benatae;Total;1997;
23;Jaén;23016 Benatae;Total;1996;585
23;Jaén;23016 Benatae;Hombres;2023;223
23;Jaén;23016 Benatae;Hombres;2022;228
23;Jaén;23016 Benatae;Hombres;2021;226
23;Jaén;23016 Benatae;Hombres;2020;227
23;Jaén;23016 Benatae;Hombres;2019;229
23;Jaén;23016 Benatae;Hombres;2018;238
23;Jaén;23016 Benatae;Hombres;2017;244
23;Jaén;23016 Benatae;Hombres;2016;242
23;Jaén;23016 Benatae;Hombres;2015;255
23;Jaén;23016 Benatae;Hombres;2014;257
23;Jaén;23016 Benatae;Hombres;2013;283
23;Jaén;23016 Benatae;Hombres;2012;299
23;Jaén;23016 Benatae;Hombres;2011;289
23;Jaén;23016 Benatae;Hombres;2010;284
23;Jaén;23016 Benatae;Hombres;2009;288
23;Jaén;23016 Benatae;Hombres;2008;317
23;Jaén;23016 Benatae;Hombres;2007;332
23;Jaén;23016 Benatae;Hombres;2006;338
23;Jaén;23016 Benatae;Hombres;2005;342
23;Jaén;23016 Benatae;Hombres;2004;339
23;Jaén;23016 Benatae;Hombres;2003;350
23;Jaén;23016 Benatae;Hombres;2002;303
23;Jaén;23016 Benatae;Hombres;2001;318
23;Jaén;23016 Benatae;Hombres;2000;319
23;Jaén;23016 Benatae;Hombres;1999;310
23;Jaén;23016 Benatae;Hombres;1998;310
23;Jaén;23016 Benatae;Hombres;1997;
23;Jaén;23016 Benatae;Hombres;1996;295
23;Jaén;23016 Benatae;Mujeres;2023;214
23;Jaén;23016 Benatae;Mujeres;2022;220
23;Jaén;23016 Benatae;Mujeres;2021;217
23;Jaén;23016 Benatae;Mujeres;2020;218
23;Jaén;23016 Benatae;Mujeres;2019;219
23;Jaén;23016 Benatae;Mujeres;2018;219
23;Jaén;23016 Benatae;Mujeres;2017;223
23;Jaén;23016 Benatae;Mujeres;2016;221
23;Jaén;23016 Benatae;Mujeres;2015;232
23;Jaén;23016 Benatae;Mujeres;2014;241
23;Jaén;23016 Benatae;Mujeres;2013;248
23;Jaén;23016 Benatae;Mujeres;2012;252
23;Jaén;23016 Benatae;Mujeres;2011;257
23;Jaén;23016 Benatae;Mujeres;2010;264
23;Jaén;23016 Benatae;Mujeres;2009;257
23;Jaén;23016 Benatae;Mujeres;2008;246
23;Jaén;23016 Benatae;Mujeres;2007;250
23;Jaén;23016 Benatae;Mujeres;2006;248
23;Jaén;23016 Benatae;Mujeres;2005;254
23;Jaén;23016 Benatae;Mujeres;2004;261
23;Jaén;23016 Benatae;Mujeres;2003;272
23;Jaén;23016 Benatae;Mujeres;2002;244
23;Jaén;23016 Benatae;Mujeres;2001;247
23;Jaén;23016 Benatae;Mujeres;2000;255
23;Jaén;23016 Benatae;Mujeres;1999;271
23;Jaén;23016 Benatae;Mujeres;1998;271
23;Jaén;23016 Benatae;Mujeres;1997;
23;Jaén;23016 Benatae;Mujeres;1996;290
23;Jaén;23017 Cabra del Santo Cristo;Total;2023;1695
23;Jaén;23017 Cabra del Santo Cristo;Total;2022;1745
23;Jaén;23017 Cabra del Santo Cristo;Total;2021;1786
23;Jaén;23017 Cabra del Santo Cristo;Total;2020;1782
23;Jaén;23017 Cabra del Santo Cristo;Total;2019;1779
23;Jaén;23017 Cabra del Santo Cristo;Total;2018;1840
23;Jaén;23017 Cabra del Santo Cristo;Total;2017;1877
23;Jaén;23017 Cabra del Santo Cristo;Total;2016;1908
23;Jaén;23017 Cabra del Santo Cristo;Total;2015;1937
23;Jaén;23017 Cabra del Santo Cristo;Total;2014;1968
23;Jaén;23017 Cabra del Santo Cristo;Total;2013;1996
23;Jaén;23017 Cabra del Santo Cristo;Total;2012;2034
23;Jaén;23017 Cabra del Santo Cristo;Total;2011;2055
23;Jaén;23017 Cabra del Santo Cristo;Total;2010;2070
23;Jaén;23017 Cabra del Santo Cristo;Total;2009;2101
23;Jaén;23017 Cabra del Santo Cristo;Total;2008;2110
23;Jaén;23017 Cabra del Santo Cristo;Total;2007;2157
23;Jaén;23017 Cabra del Santo Cristo;Total;2006;2212
23;Jaén;23017 Cabra del Santo Cristo;Total;2005;2246
23;Jaén;23017 Cabra del Santo Cristo;Total;2004;2240
23;Jaén;23017 Cabra del Santo Cristo;Total;2003;2238
23;Jaén;23017 Cabra del Santo Cristo;Total;2002;2247
23;Jaén;23017 Cabra del Santo Cristo;Total;2001;2229
23;Jaén;23017 Cabra del Santo Cristo;Total;2000;2250
23;Jaén;23017 Cabra del Santo Cristo;Total;1999;2275
23;Jaén;23017 Cabra del Santo Cristo;Total;1998;2249
23;Jaén;23017 Cabra del Santo Cristo;Total;1997;
23;Jaén;23017 Cabra del Santo Cristo;Total;1996;2280
23;Jaén;23017 Cabra del Santo Cristo;Hombres;2023;885
23;Jaén;23017 Cabra del Santo Cristo;Hombres;2022;915
23;Jaén;23017 Cabra del Santo Cristo;Hombres;2021;937
23;Jaén;23017 Cabra del Santo Cristo;Hombres;2020;927
23;Jaén;23017 Cabra del Santo Cristo;Hombres;2019;930
23;Jaén;23017 Cabra del Santo Cristo;Hombres;2018;965
23;Jaén;23017 Cabra del Santo Cristo;Hombres;2017;993
23;Jaén;23017 Cabra del Santo Cristo;Hombres;2016;1003
23;Jaén;23017 Cabra del Santo Cristo;Hombres;2015;1021
23;Jaén;23017 Cabra del Santo Cristo;Hombres;2014;1032
23;Jaén;23017 Cabra del Santo Cristo;Hombres;2013;1049
23;Jaén;23017 Cabra del Santo Cristo;Hombres;2012;1068
23;Jaén;23017 Cabra del Santo Cristo;Hombres;2011;1076
23;Jaén;23017 Cabra del Santo Cristo;Hombres;2010;1093
23;Jaén;23017 Cabra del Santo Cristo;Hombres;2009;1103
23;Jaén;23017 Cabra del Santo Cristo;Hombres;2008;1098
23;Jaén;23017 Cabra del Santo Cristo;Hombres;2007;1129
23;Jaén;23017 Cabra del Santo Cristo;Hombres;2006;1170
23;Jaén;23017 Cabra del Santo Cristo;Hombres;2005;1184
23;Jaén;23017 Cabra del Santo Cristo;Hombres;2004;1181
23;Jaén;23017 Cabra del Santo Cristo;Hombres;2003;1163
23;Jaén;23017 Cabra del Santo Cristo;Hombres;2002;1160
23;Jaén;23017 Cabra del Santo Cristo;Hombres;2001;1144
23;Jaén;23017 Cabra del Santo Cristo;Hombres;2000;1149
23;Jaén;23017 Cabra del Santo Cristo;Hombres;1999;1170
23;Jaén;23017 Cabra del Santo Cristo;Hombres;1998;1151
23;Jaén;23017 Cabra del Santo Cristo;Hombres;1997;
23;Jaén;23017 Cabra del Santo Cristo;Hombres;1996;1166
23;Jaén;23017 Cabra del Santo Cristo;Mujeres;2023;810
23;Jaén;23017 Cabra del Santo Cristo;Mujeres;2022;830
23;Jaén;23017 Cabra del Santo Cristo;Mujeres;2021;849
23;Jaén;23017 Cabra del Santo Cristo;Mujeres;2020;855
23;Jaén;23017 Cabra del Santo Cristo;Mujeres;2019;849
23;Jaén;23017 Cabra del Santo Cristo;Mujeres;2018;875
23;Jaén;23017 Cabra del Santo Cristo;Mujeres;2017;884
23;Jaén;23017 Cabra del Santo Cristo;Mujeres;2016;905
23;Jaén;23017 Cabra del Santo Cristo;Mujeres;2015;916
23;Jaén;23017 Cabra del Santo Cristo;Mujeres;2014;936
23;Jaén;23017 Cabra del Santo Cristo;Mujeres;2013;947
23;Jaén;23017 Cabra del Santo Cristo;Mujeres;2012;966
23;Jaén;23017 Cabra del Santo Cristo;Mujeres;2011;979
23;Jaén;23017 Cabra del Santo Cristo;Mujeres;2010;977
23;Jaén;23017 Cabra del Santo Cristo;Mujeres;2009;998
23;Jaén;23017 Cabra del Santo Cristo;Mujeres;2008;1012
23;Jaén;23017 Cabra del Santo Cristo;Mujeres;2007;1028
23;Jaén;23017 Cabra del Santo Cristo;Mujeres;2006;1042
23;Jaén;23017 Cabra del Santo Cristo;Mujeres;2005;1062
23;Jaén;23017 Cabra del Santo Cristo;Mujeres;2004;1059
23;Jaén;23017 Cabra del Santo Cristo;Mujeres;2003;1075
23;Jaén;23017 Cabra del Santo Cristo;Mujeres;2002;1087
23;Jaén;23017 Cabra del Santo Cristo;Mujeres;2001;1085
23;Jaén;23017 Cabra del Santo Cristo;Mujeres;2000;1101
23;Jaén;23017 Cabra del Santo Cristo;Mujeres;1999;1105
23;Jaén;23017 Cabra del Santo Cristo;Mujeres;1998;1098
23;Jaén;23017 Cabra del Santo Cristo;Mujeres;1997;
23;Jaén;23017 Cabra del Santo Cristo;Mujeres;1996;1114
23;Jaén;23018 Cambil;Total;2023;2643
23;Jaén;23018 Cambil;Total;2022;2642
23;Jaén;23018 Cambil;Total;2021;2662
23;Jaén;23018 Cambil;Total;2020;2683
23;Jaén;23018 Cambil;Total;2019;2703
23;Jaén;23018 Cambil;Total;2018;2739
23;Jaén;23018 Cambil;Total;2017;2772
23;Jaén;23018 Cambil;Total;2016;2802
23;Jaén;23018 Cambil;Total;2015;2857
23;Jaén;23018 Cambil;Total;2014;2861
23;Jaén;23018 Cambil;Total;2013;2861
23;Jaén;23018 Cambil;Total;2012;2912
23;Jaén;23018 Cambil;Total;2011;2921
23;Jaén;23018 Cambil;Total;2010;2940
23;Jaén;23018 Cambil;Total;2009;2968
23;Jaén;23018 Cambil;Total;2008;2967
23;Jaén;23018 Cambil;Total;2007;2943
23;Jaén;23018 Cambil;Total;2006;2996
23;Jaén;23018 Cambil;Total;2005;3024
23;Jaén;23018 Cambil;Total;2004;3034
23;Jaén;23018 Cambil;Total;2003;2995
23;Jaén;23018 Cambil;Total;2002;3071
23;Jaén;23018 Cambil;Total;2001;3063
23;Jaén;23018 Cambil;Total;2000;3108
23;Jaén;23018 Cambil;Total;1999;3183
23;Jaén;23018 Cambil;Total;1998;3221
23;Jaén;23018 Cambil;Total;1997;
23;Jaén;23018 Cambil;Total;1996;3297
23;Jaén;23018 Cambil;Hombres;2023;1383
23;Jaén;23018 Cambil;Hombres;2022;1389
23;Jaén;23018 Cambil;Hombres;2021;1389
23;Jaén;23018 Cambil;Hombres;2020;1403
23;Jaén;23018 Cambil;Hombres;2019;1411
23;Jaén;23018 Cambil;Hombres;2018;1427
23;Jaén;23018 Cambil;Hombres;2017;1436
23;Jaén;23018 Cambil;Hombres;2016;1450
23;Jaén;23018 Cambil;Hombres;2015;1480
23;Jaén;23018 Cambil;Hombres;2014;1476
23;Jaén;23018 Cambil;Hombres;2013;1478
23;Jaén;23018 Cambil;Hombres;2012;1514
23;Jaén;23018 Cambil;Hombres;2011;1510
23;Jaén;23018 Cambil;Hombres;2010;1523
23;Jaén;23018 Cambil;Hombres;2009;1533
23;Jaén;23018 Cambil;Hombres;2008;1547
23;Jaén;23018 Cambil;Hombres;2007;1546
23;Jaén;23018 Cambil;Hombres;2006;1581
23;Jaén;23018 Cambil;Hombres;2005;1578
23;Jaén;23018 Cambil;Hombres;2004;1582
23;Jaén;23018 Cambil;Hombres;2003;1577
23;Jaén;23018 Cambil;Hombres;2002;1629
23;Jaén;23018 Cambil;Hombres;2001;1622
23;Jaén;23018 Cambil;Hombres;2000;1638
23;Jaén;23018 Cambil;Hombres;1999;1664
23;Jaén;23018 Cambil;Hombres;1998;1694
23;Jaén;23018 Cambil;Hombres;1997;
23;Jaén;23018 Cambil;Hombres;1996;1734
23;Jaén;23018 Cambil;Mujeres;2023;1260
23;Jaén;23018 Cambil;Mujeres;2022;1253
23;Jaén;23018 Cambil;Mujeres;2021;1273
23;Jaén;23018 Cambil;Mujeres;2020;1280
23;Jaén;23018 Cambil;Mujeres;2019;1292
23;Jaén;23018 Cambil;Mujeres;2018;1312
23;Jaén;23018 Cambil;Mujeres;2017;1336
23;Jaén;23018 Cambil;Mujeres;2016;1352
23;Jaén;23018 Cambil;Mujeres;2015;1377
23;Jaén;23018 Cambil;Mujeres;2014;1385
23;Jaén;23018 Cambil;Mujeres;2013;1383
23;Jaén;23018 Cambil;Mujeres;2012;1398
23;Jaén;23018 Cambil;Mujeres;2011;1411
23;Jaén;23018 Cambil;Mujeres;2010;1417
23;Jaén;23018 Cambil;Mujeres;2009;1435
23;Jaén;23018 Cambil;Mujeres;2008;1420
23;Jaén;23018 Cambil;Mujeres;2007;1397
23;Jaén;23018 Cambil;Mujeres;2006;1415
23;Jaén;23018 Cambil;Mujeres;2005;1446
23;Jaén;23018 Cambil;Mujeres;2004;1452
23;Jaén;23018 Cambil;Mujeres;2003;1418
23;Jaén;23018 Cambil;Mujeres;2002;1442
23;Jaén;23018 Cambil;Mujeres;2001;1441
23;Jaén;23018 Cambil;Mujeres;2000;1470
23;Jaén;23018 Cambil;Mujeres;1999;1519
23;Jaén;23018 Cambil;Mujeres;1998;1527
23;Jaén;23018 Cambil;Mujeres;1997;
23;Jaén;23018 Cambil;Mujeres;1996;1563
23;Jaén;23019 Campillo de Arenas;Total;2023;1708
23;Jaén;23019 Campillo de Arenas;Total;2022;1705
23;Jaén;23019 Campillo de Arenas;Total;2021;1743
23;Jaén;23019 Campillo de Arenas;Total;2020;1751
23;Jaén;23019 Campillo de Arenas;Total;2019;1760
23;Jaén;23019 Campillo de Arenas;Total;2018;1784
23;Jaén;23019 Campillo de Arenas;Total;2017;1854
23;Jaén;23019 Campillo de Arenas;Total;2016;1897
23;Jaén;23019 Campillo de Arenas;Total;2015;1941
23;Jaén;23019 Campillo de Arenas;Total;2014;1977
23;Jaén;23019 Campillo de Arenas;Total;2013;2014
23;Jaén;23019 Campillo de Arenas;Total;2012;2073
23;Jaén;23019 Campillo de Arenas;Total;2011;2055
23;Jaén;23019 Campillo de Arenas;Total;2010;2084
23;Jaén;23019 Campillo de Arenas;Total;2009;2094
23;Jaén;23019 Campillo de Arenas;Total;2008;1977
23;Jaén;23019 Campillo de Arenas;Total;2007;1985
23;Jaén;23019 Campillo de Arenas;Total;2006;2020
23;Jaén;23019 Campillo de Arenas;Total;2005;2026
23;Jaén;23019 Campillo de Arenas;Total;2004;2098
23;Jaén;23019 Campillo de Arenas;Total;2003;2118
23;Jaén;23019 Campillo de Arenas;Total;2002;2054
23;Jaén;23019 Campillo de Arenas;Total;2001;2119
23;Jaén;23019 Campillo de Arenas;Total;2000;2179
23;Jaén;23019 Campillo de Arenas;Total;1999;2221
23;Jaén;23019 Campillo de Arenas;Total;1998;2250
23;Jaén;23019 Campillo de Arenas;Total;1997;
23;Jaén;23019 Campillo de Arenas;Total;1996;2291
23;Jaén;23019 Campillo de Arenas;Hombres;2023;859
23;Jaén;23019 Campillo de Arenas;Hombres;2022;856
23;Jaén;23019 Campillo de Arenas;Hombres;2021;878
23;Jaén;23019 Campillo de Arenas;Hombres;2020;887
23;Jaén;23019 Campillo de Arenas;Hombres;2019;896
23;Jaén;23019 Campillo de Arenas;Hombres;2018;919
23;Jaén;23019 Campillo de Arenas;Hombres;2017;966
23;Jaén;23019 Campillo de Arenas;Hombres;2016;990
23;Jaén;23019 Campillo de Arenas;Hombres;2015;1016
23;Jaén;23019 Campillo de Arenas;Hombres;2014;1032
23;Jaén;23019 Campillo de Arenas;Hombres;2013;1060
23;Jaén;23019 Campillo de Arenas;Hombres;2012;1104
23;Jaén;23019 Campillo de Arenas;Hombres;2011;1092
23;Jaén;23019 Campillo de Arenas;Hombres;2010;1098
23;Jaén;23019 Campillo de Arenas;Hombres;2009;1100
23;Jaén;23019 Campillo de Arenas;Hombres;2008;1035
23;Jaén;23019 Campillo de Arenas;Hombres;2007;1017
23;Jaén;23019 Campillo de Arenas;Hombres;2006;1032
23;Jaén;23019 Campillo de Arenas;Hombres;2005;1032
23;Jaén;23019 Campillo de Arenas;Hombres;2004;1064
23;Jaén;23019 Campillo de Arenas;Hombres;2003;1069
23;Jaén;23019 Campillo de Arenas;Hombres;2002;1042
23;Jaén;23019 Campillo de Arenas;Hombres;2001;1081
23;Jaén;23019 Campillo de Arenas;Hombres;2000;1109
23;Jaén;23019 Campillo de Arenas;Hombres;1999;1137
23;Jaén;23019 Campillo de Arenas;Hombres;1998;1144
23;Jaén;23019 Campillo de Arenas;Hombres;1997;
23;Jaén;23019 Campillo de Arenas;Hombres;1996;1157
23;Jaén;23019 Campillo de Arenas;Mujeres;2023;849
23;Jaén;23019 Campillo de Arenas;Mujeres;2022;849
23;Jaén;23019 Campillo de Arenas;Mujeres;2021;865
23;Jaén;23019 Campillo de Arenas;Mujeres;2020;864
23;Jaén;23019 Campillo de Arenas;Mujeres;2019;864
23;Jaén;23019 Campillo de Arenas;Mujeres;2018;865
23;Jaén;23019 Campillo de Arenas;Mujeres;2017;888
23;Jaén;23019 Campillo de Arenas;Mujeres;2016;907
23;Jaén;23019 Campillo de Arenas;Mujeres;2015;925
23;Jaén;23019 Campillo de Arenas;Mujeres;2014;945
23;Jaén;23019 Campillo de Arenas;Mujeres;2013;954
23;Jaén;23019 Campillo de Arenas;Mujeres;2012;969
23;Jaén;23019 Campillo de Arenas;Mujeres;2011;963
23;Jaén;23019 Campillo de Arenas;Mujeres;2010;986
23;Jaén;23019 Campillo de Arenas;Mujeres;2009;994
23;Jaén;23019 Campillo de Arenas;Mujeres;2008;942
23;Jaén;23019 Campillo de Arenas;Mujeres;2007;968
23;Jaén;23019 Campillo de Arenas;Mujeres;2006;988
23;Jaén;23019 Campillo de Arenas;Mujeres;2005;994
23;Jaén;23019 Campillo de Arenas;Mujeres;2004;1034
23;Jaén;23019 Campillo de Arenas;Mujeres;2003;1049
23;Jaén;23019 Campillo de Arenas;Mujeres;2002;1012
23;Jaén;23019 Campillo de Arenas;Mujeres;2001;1038
23;Jaén;23019 Campillo de Arenas;Mujeres;2000;1070
23;Jaén;23019 Campillo de Arenas;Mujeres;1999;1084
23;Jaén;23019 Campillo de Arenas;Mujeres;1998;1106
23;Jaén;23019 Campillo de Arenas;Mujeres;1997;
23;Jaén;23019 Campillo de Arenas;Mujeres;1996;1134
23;Jaén;23020 Canena;Total;2023;1780
23;Jaén;23020 Canena;Total;2022;1802
23;Jaén;23020 Canena;Total;2021;1822
23;Jaén;23020 Canena;Total;2020;1814
23;Jaén;23020 Canena;Total;2019;1831
23;Jaén;23020 Canena;Total;2018;1882
23;Jaén;23020 Canena;Total;2017;1927
23;Jaén;23020 Canena;Total;2016;1943
23;Jaén;23020 Canena;Total;2015;1959
23;Jaén;23020 Canena;Total;2014;1981
23;Jaén;23020 Canena;Total;2013;2018
23;Jaén;23020 Canena;Total;2012;2105
23;Jaén;23020 Canena;Total;2011;2114
23;Jaén;23020 Canena;Total;2010;2092
23;Jaén;23020 Canena;Total;2009;2083
23;Jaén;23020 Canena;Total;2008;2096
23;Jaén;23020 Canena;Total;2007;2089
23;Jaén;23020 Canena;Total;2006;2082
23;Jaén;23020 Canena;Total;2005;2092
23;Jaén;23020 Canena;Total;2004;2103
23;Jaén;23020 Canena;Total;2003;2118
23;Jaén;23020 Canena;Total;2002;2132
23;Jaén;23020 Canena;Total;2001;2117
23;Jaén;23020 Canena;Total;2000;2122
23;Jaén;23020 Canena;Total;1999;2139
23;Jaén;23020 Canena;Total;1998;2142
23;Jaén;23020 Canena;Total;1997;
23;Jaén;23020 Canena;Total;1996;2137
23;Jaén;23020 Canena;Hombres;2023;935
23;Jaén;23020 Canena;Hombres;2022;938
23;Jaén;23020 Canena;Hombres;2021;944
23;Jaén;23020 Canena;Hombres;2020;936
23;Jaén;23020 Canena;Hombres;2019;935
23;Jaén;23020 Canena;Hombres;2018;963
23;Jaén;23020 Canena;Hombres;2017;990
23;Jaén;23020 Canena;Hombres;2016;996
23;Jaén;23020 Canena;Hombres;2015;996
23;Jaén;23020 Canena;Hombres;2014;1002
23;Jaén;23020 Canena;Hombres;2013;1023
23;Jaén;23020 Canena;Hombres;2012;1102
23;Jaén;23020 Canena;Hombres;2011;1096
23;Jaén;23020 Canena;Hombres;2010;1061
23;Jaén;23020 Canena;Hombres;2009;1043
23;Jaén;23020 Canena;Hombres;2008;1041
23;Jaén;23020 Canena;Hombres;2007;1022
23;Jaén;23020 Canena;Hombres;2006;1016
23;Jaén;23020 Canena;Hombres;2005;1015
23;Jaén;23020 Canena;Hombres;2004;1023
23;Jaén;23020 Canena;Hombres;2003;1036
23;Jaén;23020 Canena;Hombres;2002;1042
23;Jaén;23020 Canena;Hombres;2001;1038
23;Jaén;23020 Canena;Hombres;2000;1025
23;Jaén;23020 Canena;Hombres;1999;1037
23;Jaén;23020 Canena;Hombres;1998;1042
23;Jaén;23020 Canena;Hombres;1997;
23;Jaén;23020 Canena;Hombres;1996;1037
23;Jaén;23020 Canena;Mujeres;2023;845
23;Jaén;23020 Canena;Mujeres;2022;864
23;Jaén;23020 Canena;Mujeres;2021;878
23;Jaén;23020 Canena;Mujeres;2020;878
23;Jaén;23020 Canena;Mujeres;2019;896
23;Jaén;23020 Canena;Mujeres;2018;919
23;Jaén;23020 Canena;Mujeres;2017;937
23;Jaén;23020 Canena;Mujeres;2016;947
23;Jaén;23020 Canena;Mujeres;2015;963
23;Jaén;23020 Canena;Mujeres;2014;979
23;Jaén;23020 Canena;Mujeres;2013;995
23;Jaén;23020 Canena;Mujeres;2012;1003
23;Jaén;23020 Canena;Mujeres;2011;1018
23;Jaén;23020 Canena;Mujeres;2010;1031
23;Jaén;23020 Canena;Mujeres;2009;1040
23;Jaén;23020 Canena;Mujeres;2008;1055
23;Jaén;23020 Canena;Mujeres;2007;1067
23;Jaén;23020 Canena;Mujeres;2006;1066
23;Jaén;23020 Canena;Mujeres;2005;1077
23;Jaén;23020 Canena;Mujeres;2004;1080
23;Jaén;23020 Canena;Mujeres;2003;1082
23;Jaén;23020 Canena;Mujeres;2002;1090
23;Jaén;23020 Canena;Mujeres;2001;1079
23;Jaén;23020 Canena;Mujeres;2000;1097
23;Jaén;23020 Canena;Mujeres;1999;1102
23;Jaén;23020 Canena;Mujeres;1998;1100
23;Jaén;23020 Canena;Mujeres;1997;
23;Jaén;23020 Canena;Mujeres;1996;1100
23;Jaén;23021 Carboneros;Total;2023;606
23;Jaén;23021 Carboneros;Total;2022;593
23;Jaén;23021 Carboneros;Total;2021;608
23;Jaén;23021 Carboneros;Total;2020;591
23;Jaén;23021 Carboneros;Total;2019;615
23;Jaén;23021 Carboneros;Total;2018;606
23;Jaén;23021 Carboneros;Total;2017;625
23;Jaén;23021 Carboneros;Total;2016;630
23;Jaén;23021 Carboneros;Total;2015;641
23;Jaén;23021 Carboneros;Total;2014;641
23;Jaén;23021 Carboneros;Total;2013;647
23;Jaén;23021 Carboneros;Total;2012;663
23;Jaén;23021 Carboneros;Total;2011;661
23;Jaén;23021 Carboneros;Total;2010;670
23;Jaén;23021 Carboneros;Total;2009;663
23;Jaén;23021 Carboneros;Total;2008;670
23;Jaén;23021 Carboneros;Total;2007;674
23;Jaén;23021 Carboneros;Total;2006;671
23;Jaén;23021 Carboneros;Total;2005;680
23;Jaén;23021 Carboneros;Total;2004;691
23;Jaén;23021 Carboneros;Total;2003;673
23;Jaén;23021 Carboneros;Total;2002;676
23;Jaén;23021 Carboneros;Total;2001;683
23;Jaén;23021 Carboneros;Total;2000;679
23;Jaén;23021 Carboneros;Total;1999;681
23;Jaén;23021 Carboneros;Total;1998;696
23;Jaén;23021 Carboneros;Total;1997;
23;Jaén;23021 Carboneros;Total;1996;700
23;Jaén;23021 Carboneros;Hombres;2023;311
23;Jaén;23021 Carboneros;Hombres;2022;308
23;Jaén;23021 Carboneros;Hombres;2021;314
23;Jaén;23021 Carboneros;Hombres;2020;307
23;Jaén;23021 Carboneros;Hombres;2019;318
23;Jaén;23021 Carboneros;Hombres;2018;313
23;Jaén;23021 Carboneros;Hombres;2017;322
23;Jaén;23021 Carboneros;Hombres;2016;327
23;Jaén;23021 Carboneros;Hombres;2015;331
23;Jaén;23021 Carboneros;Hombres;2014;331
23;Jaén;23021 Carboneros;Hombres;2013;334
23;Jaén;23021 Carboneros;Hombres;2012;344
23;Jaén;23021 Carboneros;Hombres;2011;347
23;Jaén;23021 Carboneros;Hombres;2010;352
23;Jaén;23021 Carboneros;Hombres;2009;348
23;Jaén;23021 Carboneros;Hombres;2008;350
23;Jaén;23021 Carboneros;Hombres;2007;353
23;Jaén;23021 Carboneros;Hombres;2006;349
23;Jaén;23021 Carboneros;Hombres;2005;353
23;Jaén;23021 Carboneros;Hombres;2004;360
23;Jaén;23021 Carboneros;Hombres;2003;343
23;Jaén;23021 Carboneros;Hombres;2002;343
23;Jaén;23021 Carboneros;Hombres;2001;346
23;Jaén;23021 Carboneros;Hombres;2000;336
23;Jaén;23021 Carboneros;Hombres;1999;337
23;Jaén;23021 Carboneros;Hombres;1998;344
23;Jaén;23021 Carboneros;Hombres;1997;
23;Jaén;23021 Carboneros;Hombres;1996;345
23;Jaén;23021 Carboneros;Mujeres;2023;295
23;Jaén;23021 Carboneros;Mujeres;2022;285
23;Jaén;23021 Carboneros;Mujeres;2021;294
23;Jaén;23021 Carboneros;Mujeres;2020;284
23;Jaén;23021 Carboneros;Mujeres;2019;297
23;Jaén;23021 Carboneros;Mujeres;2018;293
23;Jaén;23021 Carboneros;Mujeres;2017;303
23;Jaén;23021 Carboneros;Mujeres;2016;303
23;Jaén;23021 Carboneros;Mujeres;2015;310
23;Jaén;23021 Carboneros;Mujeres;2014;310
23;Jaén;23021 Carboneros;Mujeres;2013;313
23;Jaén;23021 Carboneros;Mujeres;2012;319
23;Jaén;23021 Carboneros;Mujeres;2011;314
23;Jaén;23021 Carboneros;Mujeres;2010;318
23;Jaén;23021 Carboneros;Mujeres;2009;315
23;Jaén;23021 Carboneros;Mujeres;2008;320
23;Jaén;23021 Carboneros;Mujeres;2007;321
23;Jaén;23021 Carboneros;Mujeres;2006;322
23;Jaén;23021 Carboneros;Mujeres;2005;327
23;Jaén;23021 Carboneros;Mujeres;2004;331
23;Jaén;23021 Carboneros;Mujeres;2003;330
23;Jaén;23021 Carboneros;Mujeres;2002;333
23;Jaén;23021 Carboneros;Mujeres;2001;337
23;Jaén;23021 Carboneros;Mujeres;2000;343
23;Jaén;23021 Carboneros;Mujeres;1999;344
23;Jaén;23021 Carboneros;Mujeres;1998;352
23;Jaén;23021 Carboneros;Mujeres;1997;
23;Jaén;23021 Carboneros;Mujeres;1996;355
23;Jaén;23901 Cárcheles;Total;2023;1300
23;Jaén;23901 Cárcheles;Total;2022;1310
23;Jaén;23901 Cárcheles;Total;2021;1320
23;Jaén;23901 Cárcheles;Total;2020;1332
23;Jaén;23901 Cárcheles;Total;2019;1363
23;Jaén;23901 Cárcheles;Total;2018;1373
23;Jaén;23901 Cárcheles;Total;2017;1375
23;Jaén;23901 Cárcheles;Total;2016;1387
23;Jaén;23901 Cárcheles;Total;2015;1425
23;Jaén;23901 Cárcheles;Total;2014;1458
23;Jaén;23901 Cárcheles;Total;2013;1466
23;Jaén;23901 Cárcheles;Total;2012;1497
23;Jaén;23901 Cárcheles;Total;2011;1488
23;Jaén;23901 Cárcheles;Total;2010;1504
23;Jaén;23901 Cárcheles;Total;2009;1505
23;Jaén;23901 Cárcheles;Total;2008;1491
23;Jaén;23901 Cárcheles;Total;2007;1507
23;Jaén;23901 Cárcheles;Total;2006;1441
23;Jaén;23901 Cárcheles;Total;2005;1479
23;Jaén;23901 Cárcheles;Total;2004;1436
23;Jaén;23901 Cárcheles;Total;2003;1463
23;Jaén;23901 Cárcheles;Total;2002;1500
23;Jaén;23901 Cárcheles;Total;2001;1528
23;Jaén;23901 Cárcheles;Total;2000;1537
23;Jaén;23901 Cárcheles;Total;1999;1570
23;Jaén;23901 Cárcheles;Total;1998;1550
23;Jaén;23901 Cárcheles;Total;1997;
23;Jaén;23901 Cárcheles;Total;1996;1564
23;Jaén;23901 Cárcheles;Hombres;2023;686
23;Jaén;23901 Cárcheles;Hombres;2022;684
23;Jaén;23901 Cárcheles;Hombres;2021;696
23;Jaén;23901 Cárcheles;Hombres;2020;700
23;Jaén;23901 Cárcheles;Hombres;2019;716
23;Jaén;23901 Cárcheles;Hombres;2018;717
23;Jaén;23901 Cárcheles;Hombres;2017;720
23;Jaén;23901 Cárcheles;Hombres;2016;724
23;Jaén;23901 Cárcheles;Hombres;2015;740
23;Jaén;23901 Cárcheles;Hombres;2014;751
23;Jaén;23901 Cárcheles;Hombres;2013;760
23;Jaén;23901 Cárcheles;Hombres;2012;788
23;Jaén;23901 Cárcheles;Hombres;2011;778
23;Jaén;23901 Cárcheles;Hombres;2010;784
23;Jaén;23901 Cárcheles;Hombres;2009;780
23;Jaén;23901 Cárcheles;Hombres;2008;767
23;Jaén;23901 Cárcheles;Hombres;2007;772
23;Jaén;23901 Cárcheles;Hombres;2006;731
23;Jaén;23901 Cárcheles;Hombres;2005;753
23;Jaén;23901 Cárcheles;Hombres;2004;731
23;Jaén;23901 Cárcheles;Hombres;2003;743
23;Jaén;23901 Cárcheles;Hombres;2002;756
23;Jaén;23901 Cárcheles;Hombres;2001;761
23;Jaén;23901 Cárcheles;Hombres;2000;756
23;Jaén;23901 Cárcheles;Hombres;1999;777
23;Jaén;23901 Cárcheles;Hombres;1998;770
23;Jaén;23901 Cárcheles;Hombres;1997;
23;Jaén;23901 Cárcheles;Hombres;1996;776
23;Jaén;23901 Cárcheles;Mujeres;2023;614
23;Jaén;23901 Cárcheles;Mujeres;2022;626
23;Jaén;23901 Cárcheles;Mujeres;2021;624
23;Jaén;23901 Cárcheles;Mujeres;2020;632
23;Jaén;23901 Cárcheles;Mujeres;2019;647
23;Jaén;23901 Cárcheles;Mujeres;2018;656
23;Jaén;23901 Cárcheles;Mujeres;2017;655
23;Jaén;23901 Cárcheles;Mujeres;2016;663
23;Jaén;23901 Cárcheles;Mujeres;2015;685
23;Jaén;23901 Cárcheles;Mujeres;2014;707
23;Jaén;23901 Cárcheles;Mujeres;2013;706
23;Jaén;23901 Cárcheles;Mujeres;2012;709
23;Jaén;23901 Cárcheles;Mujeres;2011;710
23;Jaén;23901 Cárcheles;Mujeres;2010;720
23;Jaén;23901 Cárcheles;Mujeres;2009;725
23;Jaén;23901 Cárcheles;Mujeres;2008;724
23;Jaén;23901 Cárcheles;Mujeres;2007;735
23;Jaén;23901 Cárcheles;Mujeres;2006;710
23;Jaén;23901 Cárcheles;Mujeres;2005;726
23;Jaén;23901 Cárcheles;Mujeres;2004;705
23;Jaén;23901 Cárcheles;Mujeres;2003;720
23;Jaén;23901 Cárcheles;Mujeres;2002;744
23;Jaén;23901 Cárcheles;Mujeres;2001;767
23;Jaén;23901 Cárcheles;Mujeres;2000;781
23;Jaén;23901 Cárcheles;Mujeres;1999;793
23;Jaén;23901 Cárcheles;Mujeres;1998;780
23;Jaén;23901 Cárcheles;Mujeres;1997;
23;Jaén;23901 Cárcheles;Mujeres;1996;788
23;Jaén;23024 Carolina, La;Total;2023;14801
23;Jaén;23024 Carolina, La;Total;2022;14960
23;Jaén;23024 Carolina, La;Total;2021;15048
23;Jaén;23024 Carolina, La;Total;2020;15160
23;Jaén;23024 Carolina, La;Total;2019;15261
23;Jaén;23024 Carolina, La;Total;2018;15306
23;Jaén;23024 Carolina, La;Total;2017;15508
23;Jaén;23024 Carolina, La;Total;2016;15579
23;Jaén;23024 Carolina, La;Total;2015;15673
23;Jaén;23024 Carolina, La;Total;2014;15808
23;Jaén;23024 Carolina, La;Total;2013;15899
23;Jaén;23024 Carolina, La;Total;2012;15945
23;Jaén;23024 Carolina, La;Total;2011;15978
23;Jaén;23024 Carolina, La;Total;2010;15901
23;Jaén;23024 Carolina, La;Total;2009;15880
23;Jaén;23024 Carolina, La;Total;2008;15649
23;Jaén;23024 Carolina, La;Total;2007;15676
23;Jaén;23024 Carolina, La;Total;2006;15576
23;Jaén;23024 Carolina, La;Total;2005;15545
23;Jaén;23024 Carolina, La;Total;2004;15573
23;Jaén;23024 Carolina, La;Total;2003;15198
23;Jaén;23024 Carolina, La;Total;2002;14981
23;Jaén;23024 Carolina, La;Total;2001;15029
23;Jaén;23024 Carolina, La;Total;2000;14938
23;Jaén;23024 Carolina, La;Total;1999;15121
23;Jaén;23024 Carolina, La;Total;1998;14674
23;Jaén;23024 Carolina, La;Total;1997;
23;Jaén;23024 Carolina, La;Total;1996;15048
23;Jaén;23024 Carolina, La;Hombres;2023;7340
23;Jaén;23024 Carolina, La;Hombres;2022;7402
23;Jaén;23024 Carolina, La;Hombres;2021;7442
23;Jaén;23024 Carolina, La;Hombres;2020;7497
23;Jaén;23024 Carolina, La;Hombres;2019;7546
23;Jaén;23024 Carolina, La;Hombres;2018;7569
23;Jaén;23024 Carolina, La;Hombres;2017;7672
23;Jaén;23024 Carolina, La;Hombres;2016;7712
23;Jaén;23024 Carolina, La;Hombres;2015;7738
23;Jaén;23024 Carolina, La;Hombres;2014;7823
23;Jaén;23024 Carolina, La;Hombres;2013;7902
23;Jaén;23024 Carolina, La;Hombres;2012;7917
23;Jaén;23024 Carolina, La;Hombres;2011;7893
23;Jaén;23024 Carolina, La;Hombres;2010;7837
23;Jaén;23024 Carolina, La;Hombres;2009;7832
23;Jaén;23024 Carolina, La;Hombres;2008;7718
23;Jaén;23024 Carolina, La;Hombres;2007;7740
23;Jaén;23024 Carolina, La;Hombres;2006;7684
23;Jaén;23024 Carolina, La;Hombres;2005;7654
23;Jaén;23024 Carolina, La;Hombres;2004;7667
23;Jaén;23024 Carolina, La;Hombres;2003;7504
23;Jaén;23024 Carolina, La;Hombres;2002;7372
23;Jaén;23024 Carolina, La;Hombres;2001;7385
23;Jaén;23024 Carolina, La;Hombres;2000;7360
23;Jaén;23024 Carolina, La;Hombres;1999;7460
23;Jaén;23024 Carolina, La;Hombres;1998;7198
23;Jaén;23024 Carolina, La;Hombres;1997;
23;Jaén;23024 Carolina, La;Hombres;1996;7380
23;Jaén;23024 Carolina, La;Mujeres;2023;7461
23;Jaén;23024 Carolina, La;Mujeres;2022;7558
23;Jaén;23024 Carolina, La;Mujeres;2021;7606
23;Jaén;23024 Carolina, La;Mujeres;2020;7663
23;Jaén;23024 Carolina, La;Mujeres;2019;7715
23;Jaén;23024 Carolina, La;Mujeres;2018;7737
23;Jaén;23024 Carolina, La;Mujeres;2017;7836
23;Jaén;23024 Carolina, La;Mujeres;2016;7867
23;Jaén;23024 Carolina, La;Mujeres;2015;7935
23;Jaén;23024 Carolina, La;Mujeres;2014;7985
23;Jaén;23024 Carolina, La;Mujeres;2013;7997
23;Jaén;23024 Carolina, La;Mujeres;2012;8028
23;Jaén;23024 Carolina, La;Mujeres;2011;8085
23;Jaén;23024 Carolina, La;Mujeres;2010;8064
23;Jaén;23024 Carolina, La;Mujeres;2009;8048
23;Jaén;23024 Carolina, La;Mujeres;2008;7931
23;Jaén;23024 Carolina, La;Mujeres;2007;7936
23;Jaén;23024 Carolina, La;Mujeres;2006;7892
23;Jaén;23024 Carolina, La;Mujeres;2005;7891
23;Jaén;23024 Carolina, La;Mujeres;2004;7906
23;Jaén;23024 Carolina, La;Mujeres;2003;7694
23;Jaén;23024 Carolina, La;Mujeres;2002;7609
23;Jaén;23024 Carolina, La;Mujeres;2001;7644
23;Jaén;23024 Carolina, La;Mujeres;2000;7578
23;Jaén;23024 Carolina, La;Mujeres;1999;7661
23;Jaén;23024 Carolina, La;Mujeres;1998;7476
23;Jaén;23024 Carolina, La;Mujeres;1997;
23;Jaén;23024 Carolina, La;Mujeres;1996;7668
23;Jaén;23025 Castellar;Total;2023;3173
23;Jaén;23025 Castellar;Total;2022;3209
23;Jaén;23025 Castellar;Total;2021;3267
23;Jaén;23025 Castellar;Total;2020;3292
23;Jaén;23025 Castellar;Total;2019;3314
23;Jaén;23025 Castellar;Total;2018;3364
23;Jaén;23025 Castellar;Total;2017;3389
23;Jaén;23025 Castellar;Total;2016;3411
23;Jaén;23025 Castellar;Total;2015;3440
23;Jaén;23025 Castellar;Total;2014;3470
23;Jaén;23025 Castellar;Total;2013;3504
23;Jaén;23025 Castellar;Total;2012;3543
23;Jaén;23025 Castellar;Total;2011;3573
23;Jaén;23025 Castellar;Total;2010;3593
23;Jaén;23025 Castellar;Total;2009;3601
23;Jaén;23025 Castellar;Total;2008;3614
23;Jaén;23025 Castellar;Total;2007;3654
23;Jaén;23025 Castellar;Total;2006;3748
23;Jaén;23025 Castellar;Total;2005;3773
23;Jaén;23025 Castellar;Total;2004;3737
23;Jaén;23025 Castellar;Total;2003;3701
23;Jaén;23025 Castellar;Total;2002;3659
23;Jaén;23025 Castellar;Total;2001;3684
23;Jaén;23025 Castellar;Total;2000;3676
23;Jaén;23025 Castellar;Total;1999;3696
23;Jaén;23025 Castellar;Total;1998;3654
23;Jaén;23025 Castellar;Total;1997;
23;Jaén;23025 Castellar;Total;1996;3695
23;Jaén;23025 Castellar;Hombres;2023;1610
23;Jaén;23025 Castellar;Hombres;2022;1616
23;Jaén;23025 Castellar;Hombres;2021;1648
23;Jaén;23025 Castellar;Hombres;2020;1659
23;Jaén;23025 Castellar;Hombres;2019;1670
23;Jaén;23025 Castellar;Hombres;2018;1697
23;Jaén;23025 Castellar;Hombres;2017;1703
23;Jaén;23025 Castellar;Hombres;2016;1705
23;Jaén;23025 Castellar;Hombres;2015;1724
23;Jaén;23025 Castellar;Hombres;2014;1737
23;Jaén;23025 Castellar;Hombres;2013;1766
23;Jaén;23025 Castellar;Hombres;2012;1793
23;Jaén;23025 Castellar;Hombres;2011;1827
23;Jaén;23025 Castellar;Hombres;2010;1839
23;Jaén;23025 Castellar;Hombres;2009;1855
23;Jaén;23025 Castellar;Hombres;2008;1852
23;Jaén;23025 Castellar;Hombres;2007;1878
23;Jaén;23025 Castellar;Hombres;2006;1929
23;Jaén;23025 Castellar;Hombres;2005;1952
23;Jaén;23025 Castellar;Hombres;2004;1931
23;Jaén;23025 Castellar;Hombres;2003;1898
23;Jaén;23025 Castellar;Hombres;2002;1855
23;Jaén;23025 Castellar;Hombres;2001;1868
23;Jaén;23025 Castellar;Hombres;2000;1853
23;Jaén;23025 Castellar;Hombres;1999;1874
23;Jaén;23025 Castellar;Hombres;1998;1842
23;Jaén;23025 Castellar;Hombres;1997;
23;Jaén;23025 Castellar;Hombres;1996;1860
23;Jaén;23025 Castellar;Mujeres;2023;1563
23;Jaén;23025 Castellar;Mujeres;2022;1593
23;Jaén;23025 Castellar;Mujeres;2021;1619
23;Jaén;23025 Castellar;Mujeres;2020;1633
23;Jaén;23025 Castellar;Mujeres;2019;1644
23;Jaén;23025 Castellar;Mujeres;2018;1667
23;Jaén;23025 Castellar;Mujeres;2017;1686
23;Jaén;23025 Castellar;Mujeres;2016;1706
23;Jaén;23025 Castellar;Mujeres;2015;1716
23;Jaén;23025 Castellar;Mujeres;2014;1733
23;Jaén;23025 Castellar;Mujeres;2013;1738
23;Jaén;23025 Castellar;Mujeres;2012;1750
23;Jaén;23025 Castellar;Mujeres;2011;1746
23;Jaén;23025 Castellar;Mujeres;2010;1754
23;Jaén;23025 Castellar;Mujeres;2009;1746
23;Jaén;23025 Castellar;Mujeres;2008;1762
23;Jaén;23025 Castellar;Mujeres;2007;1776
23;Jaén;23025 Castellar;Mujeres;2006;1819
23;Jaén;23025 Castellar;Mujeres;2005;1821
23;Jaén;23025 Castellar;Mujeres;2004;1806
23;Jaén;23025 Castellar;Mujeres;2003;1803
23;Jaén;23025 Castellar;Mujeres;2002;1804
23;Jaén;23025 Castellar;Mujeres;2001;1816
23;Jaén;23025 Castellar;Mujeres;2000;1823
23;Jaén;23025 Castellar;Mujeres;1999;1822
23;Jaén;23025 Castellar;Mujeres;1998;1812
23;Jaén;23025 Castellar;Mujeres;1997;
23;Jaén;23025 Castellar;Mujeres;1996;1835
23;Jaén;23026 Castillo de Locubín;Total;2023;3901
23;Jaén;23026 Castillo de Locubín;Total;2022;3960
23;Jaén;23026 Castillo de Locubín;Total;2021;4019
23;Jaén;23026 Castillo de Locubín;Total;2020;4049
23;Jaén;23026 Castillo de Locubín;Total;2019;4058
23;Jaén;23026 Castillo de Locubín;Total;2018;4120
23;Jaén;23026 Castillo de Locubín;Total;2017;4165
23;Jaén;23026 Castillo de Locubín;Total;2016;4212
23;Jaén;23026 Castillo de Locubín;Total;2015;4293
23;Jaén;23026 Castillo de Locubín;Total;2014;4381
23;Jaén;23026 Castillo de Locubín;Total;2013;4526
23;Jaén;23026 Castillo de Locubín;Total;2012;4659
23;Jaén;23026 Castillo de Locubín;Total;2011;4697
23;Jaén;23026 Castillo de Locubín;Total;2010;4692
23;Jaén;23026 Castillo de Locubín;Total;2009;4732
23;Jaén;23026 Castillo de Locubín;Total;2008;4832
23;Jaén;23026 Castillo de Locubín;Total;2007;4887
23;Jaén;23026 Castillo de Locubín;Total;2006;5009
23;Jaén;23026 Castillo de Locubín;Total;2005;5004
23;Jaén;23026 Castillo de Locubín;Total;2004;5002
23;Jaén;23026 Castillo de Locubín;Total;2003;4916
23;Jaén;23026 Castillo de Locubín;Total;2002;4971
23;Jaén;23026 Castillo de Locubín;Total;2001;5036
23;Jaén;23026 Castillo de Locubín;Total;2000;5166
23;Jaén;23026 Castillo de Locubín;Total;1999;5277
23;Jaén;23026 Castillo de Locubín;Total;1998;5366
23;Jaén;23026 Castillo de Locubín;Total;1997;
23;Jaén;23026 Castillo de Locubín;Total;1996;5667
23;Jaén;23026 Castillo de Locubín;Hombres;2023;1930
23;Jaén;23026 Castillo de Locubín;Hombres;2022;1966
23;Jaén;23026 Castillo de Locubín;Hombres;2021;1994
23;Jaén;23026 Castillo de Locubín;Hombres;2020;1998
23;Jaén;23026 Castillo de Locubín;Hombres;2019;2011
23;Jaén;23026 Castillo de Locubín;Hombres;2018;2038
23;Jaén;23026 Castillo de Locubín;Hombres;2017;2053
23;Jaén;23026 Castillo de Locubín;Hombres;2016;2072
23;Jaén;23026 Castillo de Locubín;Hombres;2015;2114
23;Jaén;23026 Castillo de Locubín;Hombres;2014;2153
23;Jaén;23026 Castillo de Locubín;Hombres;2013;2231
23;Jaén;23026 Castillo de Locubín;Hombres;2012;2310
23;Jaén;23026 Castillo de Locubín;Hombres;2011;2335
23;Jaén;23026 Castillo de Locubín;Hombres;2010;2314
23;Jaén;23026 Castillo de Locubín;Hombres;2009;2337
23;Jaén;23026 Castillo de Locubín;Hombres;2008;2410
23;Jaén;23026 Castillo de Locubín;Hombres;2007;2436
23;Jaén;23026 Castillo de Locubín;Hombres;2006;2492
23;Jaén;23026 Castillo de Locubín;Hombres;2005;2481
23;Jaén;23026 Castillo de Locubín;Hombres;2004;2472
23;Jaén;23026 Castillo de Locubín;Hombres;2003;2403
23;Jaén;23026 Castillo de Locubín;Hombres;2002;2436
23;Jaén;23026 Castillo de Locubín;Hombres;2001;2474
23;Jaén;23026 Castillo de Locubín;Hombres;2000;2535
23;Jaén;23026 Castillo de Locubín;Hombres;1999;2585
23;Jaén;23026 Castillo de Locubín;Hombres;1998;2628
23;Jaén;23026 Castillo de Locubín;Hombres;1997;
23;Jaén;23026 Castillo de Locubín;Hombres;1996;2805
23;Jaén;23026 Castillo de Locubín;Mujeres;2023;1971
23;Jaén;23026 Castillo de Locubín;Mujeres;2022;1994
23;Jaén;23026 Castillo de Locubín;Mujeres;2021;2025
23;Jaén;23026 Castillo de Locubín;Mujeres;2020;2051
23;Jaén;23026 Castillo de Locubín;Mujeres;2019;2047
23;Jaén;23026 Castillo de Locubín;Mujeres;2018;2082
23;Jaén;23026 Castillo de Locubín;Mujeres;2017;2112
23;Jaén;23026 Castillo de Locubín;Mujeres;2016;2140
23;Jaén;23026 Castillo de Locubín;Mujeres;2015;2179
23;Jaén;23026 Castillo de Locubín;Mujeres;2014;2228
23;Jaén;23026 Castillo de Locubín;Mujeres;2013;2295
23;Jaén;23026 Castillo de Locubín;Mujeres;2012;2349
23;Jaén;23026 Castillo de Locubín;Mujeres;2011;2362
23;Jaén;23026 Castillo de Locubín;Mujeres;2010;2378
23;Jaén;23026 Castillo de Locubín;Mujeres;2009;2395
23;Jaén;23026 Castillo de Locubín;Mujeres;2008;2422
23;Jaén;23026 Castillo de Locubín;Mujeres;2007;2451
23;Jaén;23026 Castillo de Locubín;Mujeres;2006;2517
23;Jaén;23026 Castillo de Locubín;Mujeres;2005;2523
23;Jaén;23026 Castillo de Locubín;Mujeres;2004;2530
23;Jaén;23026 Castillo de Locubín;Mujeres;2003;2513
23;Jaén;23026 Castillo de Locubín;Mujeres;2002;2535
23;Jaén;23026 Castillo de Locubín;Mujeres;2001;2562
23;Jaén;23026 Castillo de Locubín;Mujeres;2000;2631
23;Jaén;23026 Castillo de Locubín;Mujeres;1999;2692
23;Jaén;23026 Castillo de Locubín;Mujeres;1998;2738
23;Jaén;23026 Castillo de Locubín;Mujeres;1997;
23;Jaén;23026 Castillo de Locubín;Mujeres;1996;2862
23;Jaén;23027 Cazalilla;Total;2023;738
23;Jaén;23027 Cazalilla;Total;2022;745
23;Jaén;23027 Cazalilla;Total;2021;775
23;Jaén;23027 Cazalilla;Total;2020;803
23;Jaén;23027 Cazalilla;Total;2019;824
23;Jaén;23027 Cazalilla;Total;2018;829
23;Jaén;23027 Cazalilla;Total;2017;844
23;Jaén;23027 Cazalilla;Total;2016;846
23;Jaén;23027 Cazalilla;Total;2015;872
23;Jaén;23027 Cazalilla;Total;2014;870
23;Jaén;23027 Cazalilla;Total;2013;902
23;Jaén;23027 Cazalilla;Total;2012;928
23;Jaén;23027 Cazalilla;Total;2011;918
23;Jaén;23027 Cazalilla;Total;2010;878
23;Jaén;23027 Cazalilla;Total;2009;889
23;Jaén;23027 Cazalilla;Total;2008;840
23;Jaén;23027 Cazalilla;Total;2007;840
23;Jaén;23027 Cazalilla;Total;2006;839
23;Jaén;23027 Cazalilla;Total;2005;833
23;Jaén;23027 Cazalilla;Total;2004;819
23;Jaén;23027 Cazalilla;Total;2003;823
23;Jaén;23027 Cazalilla;Total;2002;809
23;Jaén;23027 Cazalilla;Total;2001;826
23;Jaén;23027 Cazalilla;Total;2000;829
23;Jaén;23027 Cazalilla;Total;1999;840
23;Jaén;23027 Cazalilla;Total;1998;821
23;Jaén;23027 Cazalilla;Total;1997;
23;Jaén;23027 Cazalilla;Total;1996;867
23;Jaén;23027 Cazalilla;Hombres;2023;368
23;Jaén;23027 Cazalilla;Hombres;2022;376
23;Jaén;23027 Cazalilla;Hombres;2021;393
23;Jaén;23027 Cazalilla;Hombres;2020;396
23;Jaén;23027 Cazalilla;Hombres;2019;404
23;Jaén;23027 Cazalilla;Hombres;2018;410
23;Jaén;23027 Cazalilla;Hombres;2017;409
23;Jaén;23027 Cazalilla;Hombres;2016;407
23;Jaén;23027 Cazalilla;Hombres;2015;426
23;Jaén;23027 Cazalilla;Hombres;2014;423
23;Jaén;23027 Cazalilla;Hombres;2013;434
23;Jaén;23027 Cazalilla;Hombres;2012;453
23;Jaén;23027 Cazalilla;Hombres;2011;450
23;Jaén;23027 Cazalilla;Hombres;2010;432
23;Jaén;23027 Cazalilla;Hombres;2009;436
23;Jaén;23027 Cazalilla;Hombres;2008;431
23;Jaén;23027 Cazalilla;Hombres;2007;438
23;Jaén;23027 Cazalilla;Hombres;2006;439
23;Jaén;23027 Cazalilla;Hombres;2005;434
23;Jaén;23027 Cazalilla;Hombres;2004;422
23;Jaén;23027 Cazalilla;Hombres;2003;420
23;Jaén;23027 Cazalilla;Hombres;2002;409
23;Jaén;23027 Cazalilla;Hombres;2001;418
23;Jaén;23027 Cazalilla;Hombres;2000;421
23;Jaén;23027 Cazalilla;Hombres;1999;424
23;Jaén;23027 Cazalilla;Hombres;1998;399
23;Jaén;23027 Cazalilla;Hombres;1997;
23;Jaén;23027 Cazalilla;Hombres;1996;422
23;Jaén;23027 Cazalilla;Mujeres;2023;370
23;Jaén;23027 Cazalilla;Mujeres;2022;369
23;Jaén;23027 Cazalilla;Mujeres;2021;382
23;Jaén;23027 Cazalilla;Mujeres;2020;407
23;Jaén;23027 Cazalilla;Mujeres;2019;420
23;Jaén;23027 Cazalilla;Mujeres;2018;419
23;Jaén;23027 Cazalilla;Mujeres;2017;435
23;Jaén;23027 Cazalilla;Mujeres;2016;439
23;Jaén;23027 Cazalilla;Mujeres;2015;446
23;Jaén;23027 Cazalilla;Mujeres;2014;447
23;Jaén;23027 Cazalilla;Mujeres;2013;468
23;Jaén;23027 Cazalilla;Mujeres;2012;475
23;Jaén;23027 Cazalilla;Mujeres;2011;468
23;Jaén;23027 Cazalilla;Mujeres;2010;446
23;Jaén;23027 Cazalilla;Mujeres;2009;453
23;Jaén;23027 Cazalilla;Mujeres;2008;409
23;Jaén;23027 Cazalilla;Mujeres;2007;402
23;Jaén;23027 Cazalilla;Mujeres;2006;400
23;Jaén;23027 Cazalilla;Mujeres;2005;399
23;Jaén;23027 Cazalilla;Mujeres;2004;397
23;Jaén;23027 Cazalilla;Mujeres;2003;403
23;Jaén;23027 Cazalilla;Mujeres;2002;400
23;Jaén;23027 Cazalilla;Mujeres;2001;408
23;Jaén;23027 Cazalilla;Mujeres;2000;408
23;Jaén;23027 Cazalilla;Mujeres;1999;416
23;Jaén;23027 Cazalilla;Mujeres;1998;422
23;Jaén;23027 Cazalilla;Mujeres;1997;
23;Jaén;23027 Cazalilla;Mujeres;1996;445
23;Jaén;23028 Cazorla;Total;2023;7067
23;Jaén;23028 Cazorla;Total;2022;7183
23;Jaén;23028 Cazorla;Total;2021;7248
23;Jaén;23028 Cazorla;Total;2020;7352
23;Jaén;23028 Cazorla;Total;2019;7441
23;Jaén;23028 Cazorla;Total;2018;7574
23;Jaén;23028 Cazorla;Total;2017;7613
23;Jaén;23028 Cazorla;Total;2016;7673
23;Jaén;23028 Cazorla;Total;2015;7692
23;Jaén;23028 Cazorla;Total;2014;7812
23;Jaén;23028 Cazorla;Total;2013;7929
23;Jaén;23028 Cazorla;Total;2012;7984
23;Jaén;23028 Cazorla;Total;2011;8030
23;Jaén;23028 Cazorla;Total;2010;8104
23;Jaén;23028 Cazorla;Total;2009;8133
23;Jaén;23028 Cazorla;Total;2008;8170
23;Jaén;23028 Cazorla;Total;2007;8132
23;Jaén;23028 Cazorla;Total;2006;8173
23;Jaén;23028 Cazorla;Total;2005;8190
23;Jaén;23028 Cazorla;Total;2004;8096
23;Jaén;23028 Cazorla;Total;2003;8167
23;Jaén;23028 Cazorla;Total;2002;8254
23;Jaén;23028 Cazorla;Total;2001;8394
23;Jaén;23028 Cazorla;Total;2000;8397
23;Jaén;23028 Cazorla;Total;1999;8643
23;Jaén;23028 Cazorla;Total;1998;8527
23;Jaén;23028 Cazorla;Total;1997;
23;Jaén;23028 Cazorla;Total;1996;9690
23;Jaén;23028 Cazorla;Hombres;2023;3432
23;Jaén;23028 Cazorla;Hombres;2022;3473
23;Jaén;23028 Cazorla;Hombres;2021;3512
23;Jaén;23028 Cazorla;Hombres;2020;3565
23;Jaén;23028 Cazorla;Hombres;2019;3606
23;Jaén;23028 Cazorla;Hombres;2018;3690
23;Jaén;23028 Cazorla;Hombres;2017;3691
23;Jaén;23028 Cazorla;Hombres;2016;3729
23;Jaén;23028 Cazorla;Hombres;2015;3730
23;Jaén;23028 Cazorla;Hombres;2014;3780
23;Jaén;23028 Cazorla;Hombres;2013;3852
23;Jaén;23028 Cazorla;Hombres;2012;3894
23;Jaén;23028 Cazorla;Hombres;2011;3876
23;Jaén;23028 Cazorla;Hombres;2010;3925
23;Jaén;23028 Cazorla;Hombres;2009;3917
23;Jaén;23028 Cazorla;Hombres;2008;3989
23;Jaén;23028 Cazorla;Hombres;2007;3981
23;Jaén;23028 Cazorla;Hombres;2006;4011
23;Jaén;23028 Cazorla;Hombres;2005;4010
23;Jaén;23028 Cazorla;Hombres;2004;3935
23;Jaén;23028 Cazorla;Hombres;2003;3987
23;Jaén;23028 Cazorla;Hombres;2002;4019
23;Jaén;23028 Cazorla;Hombres;2001;4078
23;Jaén;23028 Cazorla;Hombres;2000;4083
23;Jaén;23028 Cazorla;Hombres;1999;4191
23;Jaén;23028 Cazorla;Hombres;1998;4156
23;Jaén;23028 Cazorla;Hombres;1997;
23;Jaén;23028 Cazorla;Hombres;1996;4741
23;Jaén;23028 Cazorla;Mujeres;2023;3635
23;Jaén;23028 Cazorla;Mujeres;2022;3710
23;Jaén;23028 Cazorla;Mujeres;2021;3736
23;Jaén;23028 Cazorla;Mujeres;2020;3787
23;Jaén;23028 Cazorla;Mujeres;2019;3835
23;Jaén;23028 Cazorla;Mujeres;2018;3884
23;Jaén;23028 Cazorla;Mujeres;2017;3922
23;Jaén;23028 Cazorla;Mujeres;2016;3944
23;Jaén;23028 Cazorla;Mujeres;2015;3962
23;Jaén;23028 Cazorla;Mujeres;2014;4032
23;Jaén;23028 Cazorla;Mujeres;2013;4077
23;Jaén;23028 Cazorla;Mujeres;2012;4090
23;Jaén;23028 Cazorla;Mujeres;2011;4154
23;Jaén;23028 Cazorla;Mujeres;2010;4179
23;Jaén;23028 Cazorla;Mujeres;2009;4216
23;Jaén;23028 Cazorla;Mujeres;2008;4181
23;Jaén;23028 Cazorla;Mujeres;2007;4151
23;Jaén;23028 Cazorla;Mujeres;2006;4162
23;Jaén;23028 Cazorla;Mujeres;2005;4180
23;Jaén;23028 Cazorla;Mujeres;2004;4161
23;Jaén;23028 Cazorla;Mujeres;2003;4180
23;Jaén;23028 Cazorla;Mujeres;2002;4235
23;Jaén;23028 Cazorla;Mujeres;2001;4316
23;Jaén;23028 Cazorla;Mujeres;2000;4314
23;Jaén;23028 Cazorla;Mujeres;1999;4452
23;Jaén;23028 Cazorla;Mujeres;1998;4371
23;Jaén;23028 Cazorla;Mujeres;1997;
23;Jaén;23028 Cazorla;Mujeres;1996;4949
23;Jaén;23029 Chiclana de Segura;Total;2023;896
23;Jaén;23029 Chiclana de Segura;Total;2022;902
23;Jaén;23029 Chiclana de Segura;Total;2021;917
23;Jaén;23029 Chiclana de Segura;Total;2020;955
23;Jaén;23029 Chiclana de Segura;Total;2019;965
23;Jaén;23029 Chiclana de Segura;Total;2018;962
23;Jaén;23029 Chiclana de Segura;Total;2017;988
23;Jaén;23029 Chiclana de Segura;Total;2016;1002
23;Jaén;23029 Chiclana de Segura;Total;2015;1023
23;Jaén;23029 Chiclana de Segura;Total;2014;1051
23;Jaén;23029 Chiclana de Segura;Total;2013;1084
23;Jaén;23029 Chiclana de Segura;Total;2012;1147
23;Jaén;23029 Chiclana de Segura;Total;2011;1176
23;Jaén;23029 Chiclana de Segura;Total;2010;1195
23;Jaén;23029 Chiclana de Segura;Total;2009;1230
23;Jaén;23029 Chiclana de Segura;Total;2008;1194
23;Jaén;23029 Chiclana de Segura;Total;2007;1154
23;Jaén;23029 Chiclana de Segura;Total;2006;1191
23;Jaén;23029 Chiclana de Segura;Total;2005;1194
23;Jaén;23029 Chiclana de Segura;Total;2004;1249
23;Jaén;23029 Chiclana de Segura;Total;2003;1267
23;Jaén;23029 Chiclana de Segura;Total;2002;1295
23;Jaén;23029 Chiclana de Segura;Total;2001;1317
23;Jaén;23029 Chiclana de Segura;Total;2000;1346
23;Jaén;23029 Chiclana de Segura;Total;1999;1390
23;Jaén;23029 Chiclana de Segura;Total;1998;1488
23;Jaén;23029 Chiclana de Segura;Total;1997;
23;Jaén;23029 Chiclana de Segura;Total;1996;1679
23;Jaén;23029 Chiclana de Segura;Hombres;2023;462
23;Jaén;23029 Chiclana de Segura;Hombres;2022;462
23;Jaén;23029 Chiclana de Segura;Hombres;2021;457
23;Jaén;23029 Chiclana de Segura;Hombres;2020;482
23;Jaén;23029 Chiclana de Segura;Hombres;2019;489
23;Jaén;23029 Chiclana de Segura;Hombres;2018;491
23;Jaén;23029 Chiclana de Segura;Hombres;2017;503
23;Jaén;23029 Chiclana de Segura;Hombres;2016;495
23;Jaén;23029 Chiclana de Segura;Hombres;2015;506
23;Jaén;23029 Chiclana de Segura;Hombres;2014;524
23;Jaén;23029 Chiclana de Segura;Hombres;2013;549
23;Jaén;23029 Chiclana de Segura;Hombres;2012;602
23;Jaén;23029 Chiclana de Segura;Hombres;2011;612
23;Jaén;23029 Chiclana de Segura;Hombres;2010;615
23;Jaén;23029 Chiclana de Segura;Hombres;2009;637
23;Jaén;23029 Chiclana de Segura;Hombres;2008;619
23;Jaén;23029 Chiclana de Segura;Hombres;2007;577
23;Jaén;23029 Chiclana de Segura;Hombres;2006;589
23;Jaén;23029 Chiclana de Segura;Hombres;2005;592
23;Jaén;23029 Chiclana de Segura;Hombres;2004;630
23;Jaén;23029 Chiclana de Segura;Hombres;2003;647
23;Jaén;23029 Chiclana de Segura;Hombres;2002;663
23;Jaén;23029 Chiclana de Segura;Hombres;2001;667
23;Jaén;23029 Chiclana de Segura;Hombres;2000;675
23;Jaén;23029 Chiclana de Segura;Hombres;1999;693
23;Jaén;23029 Chiclana de Segura;Hombres;1998;736
23;Jaén;23029 Chiclana de Segura;Hombres;1997;
23;Jaén;23029 Chiclana de Segura;Hombres;1996;845
23;Jaén;23029 Chiclana de Segura;Mujeres;2023;434
23;Jaén;23029 Chiclana de Segura;Mujeres;2022;440
23;Jaén;23029 Chiclana de Segura;Mujeres;2021;460
23;Jaén;23029 Chiclana de Segura;Mujeres;2020;473
23;Jaén;23029 Chiclana de Segura;Mujeres;2019;476
23;Jaén;23029 Chiclana de Segura;Mujeres;2018;471
23;Jaén;23029 Chiclana de Segura;Mujeres;2017;485
23;Jaén;23029 Chiclana de Segura;Mujeres;2016;507
23;Jaén;23029 Chiclana de Segura;Mujeres;2015;517
23;Jaén;23029 Chiclana de Segura;Mujeres;2014;527
23;Jaén;23029 Chiclana de Segura;Mujeres;2013;535
23;Jaén;23029 Chiclana de Segura;Mujeres;2012;545
23;Jaén;23029 Chiclana de Segura;Mujeres;2011;564
23;Jaén;23029 Chiclana de Segura;Mujeres;2010;580
23;Jaén;23029 Chiclana de Segura;Mujeres;2009;593
23;Jaén;23029 Chiclana de Segura;Mujeres;2008;575
23;Jaén;23029 Chiclana de Segura;Mujeres;2007;577
23;Jaén;23029 Chiclana de Segura;Mujeres;2006;602
23;Jaén;23029 Chiclana de Segura;Mujeres;2005;602
23;Jaén;23029 Chiclana de Segura;Mujeres;2004;619
23;Jaén;23029 Chiclana de Segura;Mujeres;2003;620
23;Jaén;23029 Chiclana de Segura;Mujeres;2002;632
23;Jaén;23029 Chiclana de Segura;Mujeres;2001;650
23;Jaén;23029 Chiclana de Segura;Mujeres;2000;671
23;Jaén;23029 Chiclana de Segura;Mujeres;1999;697
23;Jaén;23029 Chiclana de Segura;Mujeres;1998;752
23;Jaén;23029 Chiclana de Segura;Mujeres;1997;
23;Jaén;23029 Chiclana de Segura;Mujeres;1996;834
23;Jaén;23030 Chilluévar;Total;2023;1363
23;Jaén;23030 Chilluévar;Total;2022;1397
23;Jaén;23030 Chilluévar;Total;2021;1392
23;Jaén;23030 Chilluévar;Total;2020;1410
23;Jaén;23030 Chilluévar;Total;2019;1434
23;Jaén;23030 Chilluévar;Total;2018;1459
23;Jaén;23030 Chilluévar;Total;2017;1483
23;Jaén;23030 Chilluévar;Total;2016;1499
23;Jaén;23030 Chilluévar;Total;2015;1509
23;Jaén;23030 Chilluévar;Total;2014;1533
23;Jaén;23030 Chilluévar;Total;2013;1578
23;Jaén;23030 Chilluévar;Total;2012;1635
23;Jaén;23030 Chilluévar;Total;2011;1589
23;Jaén;23030 Chilluévar;Total;2010;1603
23;Jaén;23030 Chilluévar;Total;2009;1594
23;Jaén;23030 Chilluévar;Total;2008;1604
23;Jaén;23030 Chilluévar;Total;2007;1615
23;Jaén;23030 Chilluévar;Total;2006;1629
23;Jaén;23030 Chilluévar;Total;2005;1676
23;Jaén;23030 Chilluévar;Total;2004;1707
23;Jaén;23030 Chilluévar;Total;2003;1719
23;Jaén;23030 Chilluévar;Total;2002;1762
23;Jaén;23030 Chilluévar;Total;2001;1818
23;Jaén;23030 Chilluévar;Total;2000;1721
23;Jaén;23030 Chilluévar;Total;1999;1781
23;Jaén;23030 Chilluévar;Total;1998;1781
23;Jaén;23030 Chilluévar;Total;1997;
23;Jaén;23030 Chilluévar;Total;1996;1811
23;Jaén;23030 Chilluévar;Hombres;2023;676
23;Jaén;23030 Chilluévar;Hombres;2022;688
23;Jaén;23030 Chilluévar;Hombres;2021;685
23;Jaén;23030 Chilluévar;Hombres;2020;682
23;Jaén;23030 Chilluévar;Hombres;2019;692
23;Jaén;23030 Chilluévar;Hombres;2018;704
23;Jaén;23030 Chilluévar;Hombres;2017;721
23;Jaén;23030 Chilluévar;Hombres;2016;729
23;Jaén;23030 Chilluévar;Hombres;2015;739
23;Jaén;23030 Chilluévar;Hombres;2014;754
23;Jaén;23030 Chilluévar;Hombres;2013;785
23;Jaén;23030 Chilluévar;Hombres;2012;827
23;Jaén;23030 Chilluévar;Hombres;2011;785
23;Jaén;23030 Chilluévar;Hombres;2010;785
23;Jaén;23030 Chilluévar;Hombres;2009;777
23;Jaén;23030 Chilluévar;Hombres;2008;791
23;Jaén;23030 Chilluévar;Hombres;2007;799
23;Jaén;23030 Chilluévar;Hombres;2006;798
23;Jaén;23030 Chilluévar;Hombres;2005;823
23;Jaén;23030 Chilluévar;Hombres;2004;837
23;Jaén;23030 Chilluévar;Hombres;2003;848
23;Jaén;23030 Chilluévar;Hombres;2002;866
23;Jaén;23030 Chilluévar;Hombres;2001;898
23;Jaén;23030 Chilluévar;Hombres;2000;852
23;Jaén;23030 Chilluévar;Hombres;1999;881
23;Jaén;23030 Chilluévar;Hombres;1998;881
23;Jaén;23030 Chilluévar;Hombres;1997;
23;Jaén;23030 Chilluévar;Hombres;1996;896
23;Jaén;23030 Chilluévar;Mujeres;2023;687
23;Jaén;23030 Chilluévar;Mujeres;2022;709
23;Jaén;23030 Chilluévar;Mujeres;2021;707
23;Jaén;23030 Chilluévar;Mujeres;2020;728
23;Jaén;23030 Chilluévar;Mujeres;2019;742
23;Jaén;23030 Chilluévar;Mujeres;2018;755
23;Jaén;23030 Chilluévar;Mujeres;2017;762
23;Jaén;23030 Chilluévar;Mujeres;2016;770
23;Jaén;23030 Chilluévar;Mujeres;2015;770
23;Jaén;23030 Chilluévar;Mujeres;2014;779
23;Jaén;23030 Chilluévar;Mujeres;2013;793
23;Jaén;23030 Chilluévar;Mujeres;2012;808
23;Jaén;23030 Chilluévar;Mujeres;2011;804
23;Jaén;23030 Chilluévar;Mujeres;2010;818
23;Jaén;23030 Chilluévar;Mujeres;2009;817
23;Jaén;23030 Chilluévar;Mujeres;2008;813
23;Jaén;23030 Chilluévar;Mujeres;2007;816
23;Jaén;23030 Chilluévar;Mujeres;2006;831
23;Jaén;23030 Chilluévar;Mujeres;2005;853
23;Jaén;23030 Chilluévar;Mujeres;2004;870
23;Jaén;23030 Chilluévar;Mujeres;2003;871
23;Jaén;23030 Chilluévar;Mujeres;2002;896
23;Jaén;23030 Chilluévar;Mujeres;2001;920
23;Jaén;23030 Chilluévar;Mujeres;2000;869
23;Jaén;23030 Chilluévar;Mujeres;1999;900
23;Jaén;23030 Chilluévar;Mujeres;1998;900
23;Jaén;23030 Chilluévar;Mujeres;1997;
23;Jaén;23030 Chilluévar;Mujeres;1996;915
23;Jaén;23031 Escañuela;Total;2023;934
23;Jaén;23031 Escañuela;Total;2022;932
23;Jaén;23031 Escañuela;Total;2021;940
23;Jaén;23031 Escañuela;Total;2020;944
23;Jaén;23031 Escañuela;Total;2019;950
23;Jaén;23031 Escañuela;Total;2018;949
23;Jaén;23031 Escañuela;Total;2017;952
23;Jaén;23031 Escañuela;Total;2016;947
23;Jaén;23031 Escañuela;Total;2015;953
23;Jaén;23031 Escañuela;Total;2014;950
23;Jaén;23031 Escañuela;Total;2013;960
23;Jaén;23031 Escañuela;Total;2012;975
23;Jaén;23031 Escañuela;Total;2011;995
23;Jaén;23031 Escañuela;Total;2010;988
23;Jaén;23031 Escañuela;Total;2009;970
23;Jaén;23031 Escañuela;Total;2008;958
23;Jaén;23031 Escañuela;Total;2007;949
23;Jaén;23031 Escañuela;Total;2006;950
23;Jaén;23031 Escañuela;Total;2005;956
23;Jaén;23031 Escañuela;Total;2004;942
23;Jaén;23031 Escañuela;Total;2003;956
23;Jaén;23031 Escañuela;Total;2002;949
23;Jaén;23031 Escañuela;Total;2001;948
23;Jaén;23031 Escañuela;Total;2000;935
23;Jaén;23031 Escañuela;Total;1999;951
23;Jaén;23031 Escañuela;Total;1998;976
23;Jaén;23031 Escañuela;Total;1997;
23;Jaén;23031 Escañuela;Total;1996;1005
23;Jaén;23031 Escañuela;Hombres;2023;459
23;Jaén;23031 Escañuela;Hombres;2022;459
23;Jaén;23031 Escañuela;Hombres;2021;465
23;Jaén;23031 Escañuela;Hombres;2020;463
23;Jaén;23031 Escañuela;Hombres;2019;468
23;Jaén;23031 Escañuela;Hombres;2018;472
23;Jaén;23031 Escañuela;Hombres;2017;476
23;Jaén;23031 Escañuela;Hombres;2016;475
23;Jaén;23031 Escañuela;Hombres;2015;485
23;Jaén;23031 Escañuela;Hombres;2014;477
23;Jaén;23031 Escañuela;Hombres;2013;486
23;Jaén;23031 Escañuela;Hombres;2012;495
23;Jaén;23031 Escañuela;Hombres;2011;499
23;Jaén;23031 Escañuela;Hombres;2010;490
23;Jaén;23031 Escañuela;Hombres;2009;477
23;Jaén;23031 Escañuela;Hombres;2008;475
23;Jaén;23031 Escañuela;Hombres;2007;467
23;Jaén;23031 Escañuela;Hombres;2006;470
23;Jaén;23031 Escañuela;Hombres;2005;475
23;Jaén;23031 Escañuela;Hombres;2004;460
23;Jaén;23031 Escañuela;Hombres;2003;468
23;Jaén;23031 Escañuela;Hombres;2002;469
23;Jaén;23031 Escañuela;Hombres;2001;466
23;Jaén;23031 Escañuela;Hombres;2000;464
23;Jaén;23031 Escañuela;Hombres;1999;471
23;Jaén;23031 Escañuela;Hombres;1998;488
23;Jaén;23031 Escañuela;Hombres;1997;
23;Jaén;23031 Escañuela;Hombres;1996;498
23;Jaén;23031 Escañuela;Mujeres;2023;475
23;Jaén;23031 Escañuela;Mujeres;2022;473
23;Jaén;23031 Escañuela;Mujeres;2021;475
23;Jaén;23031 Escañuela;Mujeres;2020;481
23;Jaén;23031 Escañuela;Mujeres;2019;482
23;Jaén;23031 Escañuela;Mujeres;2018;477
23;Jaén;23031 Escañuela;Mujeres;2017;476
23;Jaén;23031 Escañuela;Mujeres;2016;472
23;Jaén;23031 Escañuela;Mujeres;2015;468
23;Jaén;23031 Escañuela;Mujeres;2014;473
23;Jaén;23031 Escañuela;Mujeres;2013;474
23;Jaén;23031 Escañuela;Mujeres;2012;480
23;Jaén;23031 Escañuela;Mujeres;2011;496
23;Jaén;23031 Escañuela;Mujeres;2010;498
23;Jaén;23031 Escañuela;Mujeres;2009;493
23;Jaén;23031 Escañuela;Mujeres;2008;483
23;Jaén;23031 Escañuela;Mujeres;2007;482
23;Jaén;23031 Escañuela;Mujeres;2006;480
23;Jaén;23031 Escañuela;Mujeres;2005;481
23;Jaén;23031 Escañuela;Mujeres;2004;482
23;Jaén;23031 Escañuela;Mujeres;2003;488
23;Jaén;23031 Escañuela;Mujeres;2002;480
23;Jaén;23031 Escañuela;Mujeres;2001;482
23;Jaén;23031 Escañuela;Mujeres;2000;471
23;Jaén;23031 Escañuela;Mujeres;1999;480
23;Jaén;23031 Escañuela;Mujeres;1998;488
23;Jaén;23031 Escañuela;Mujeres;1997;
23;Jaén;23031 Escañuela;Mujeres;1996;507
23;Jaén;23032 Espeluy;Total;2023;604
23;Jaén;23032 Espeluy;Total;2022;606
23;Jaén;23032 Espeluy;Total;2021;609
23;Jaén;23032 Espeluy;Total;2020;620
23;Jaén;23032 Espeluy;Total;2019;619
23;Jaén;23032 Espeluy;Total;2018;643
23;Jaén;23032 Espeluy;Total;2017;666
23;Jaén;23032 Espeluy;Total;2016;687
23;Jaén;23032 Espeluy;Total;2015;699
23;Jaén;23032 Espeluy;Total;2014;707
23;Jaén;23032 Espeluy;Total;2013;715
23;Jaén;23032 Espeluy;Total;2012;735
23;Jaén;23032 Espeluy;Total;2011;746
23;Jaén;23032 Espeluy;Total;2010;753
23;Jaén;23032 Espeluy;Total;2009;758
23;Jaén;23032 Espeluy;Total;2008;759
23;Jaén;23032 Espeluy;Total;2007;762
23;Jaén;23032 Espeluy;Total;2006;750
23;Jaén;23032 Espeluy;Total;2005;769
23;Jaén;23032 Espeluy;Total;2004;779
23;Jaén;23032 Espeluy;Total;2003;792
23;Jaén;23032 Espeluy;Total;2002;791
23;Jaén;23032 Espeluy;Total;2001;770
23;Jaén;23032 Espeluy;Total;2000;788
23;Jaén;23032 Espeluy;Total;1999;791
23;Jaén;23032 Espeluy;Total;1998;805
23;Jaén;23032 Espeluy;Total;1997;
23;Jaén;23032 Espeluy;Total;1996;814
23;Jaén;23032 Espeluy;Hombres;2023;300
23;Jaén;23032 Espeluy;Hombres;2022;300
23;Jaén;23032 Espeluy;Hombres;2021;296
23;Jaén;23032 Espeluy;Hombres;2020;304
23;Jaén;23032 Espeluy;Hombres;2019;304
23;Jaén;23032 Espeluy;Hombres;2018;317
23;Jaén;23032 Espeluy;Hombres;2017;326
23;Jaén;23032 Espeluy;Hombres;2016;338
23;Jaén;23032 Espeluy;Hombres;2015;346
23;Jaén;23032 Espeluy;Hombres;2014;354
23;Jaén;23032 Espeluy;Hombres;2013;360
23;Jaén;23032 Espeluy;Hombres;2012;370
23;Jaén;23032 Espeluy;Hombres;2011;375
23;Jaén;23032 Espeluy;Hombres;2010;383
23;Jaén;23032 Espeluy;Hombres;2009;387
23;Jaén;23032 Espeluy;Hombres;2008;382
23;Jaén;23032 Espeluy;Hombres;2007;387
23;Jaén;23032 Espeluy;Hombres;2006;381
23;Jaén;23032 Espeluy;Hombres;2005;387
23;Jaén;23032 Espeluy;Hombres;2004;393
23;Jaén;23032 Espeluy;Hombres;2003;400
23;Jaén;23032 Espeluy;Hombres;2002;400
23;Jaén;23032 Espeluy;Hombres;2001;384
23;Jaén;23032 Espeluy;Hombres;2000;393
23;Jaén;23032 Espeluy;Hombres;1999;389
23;Jaén;23032 Espeluy;Hombres;1998;391
23;Jaén;23032 Espeluy;Hombres;1997;
23;Jaén;23032 Espeluy;Hombres;1996;396
23;Jaén;23032 Espeluy;Mujeres;2023;304
23;Jaén;23032 Espeluy;Mujeres;2022;306
23;Jaén;23032 Espeluy;Mujeres;2021;313
23;Jaén;23032 Espeluy;Mujeres;2020;316
23;Jaén;23032 Espeluy;Mujeres;2019;315
23;Jaén;23032 Espeluy;Mujeres;2018;326
23;Jaén;23032 Espeluy;Mujeres;2017;340
23;Jaén;23032 Espeluy;Mujeres;2016;349
23;Jaén;23032 Espeluy;Mujeres;2015;353
23;Jaén;23032 Espeluy;Mujeres;2014;353
23;Jaén;23032 Espeluy;Mujeres;2013;355
23;Jaén;23032 Espeluy;Mujeres;2012;365
23;Jaén;23032 Espeluy;Mujeres;2011;371
23;Jaén;23032 Espeluy;Mujeres;2010;370
23;Jaén;23032 Espeluy;Mujeres;2009;371
23;Jaén;23032 Espeluy;Mujeres;2008;377
23;Jaén;23032 Espeluy;Mujeres;2007;375
23;Jaén;23032 Espeluy;Mujeres;2006;369
23;Jaén;23032 Espeluy;Mujeres;2005;382
23;Jaén;23032 Espeluy;Mujeres;2004;386
23;Jaén;23032 Espeluy;Mujeres;2003;392
23;Jaén;23032 Espeluy;Mujeres;2002;391
23;Jaén;23032 Espeluy;Mujeres;2001;386
23;Jaén;23032 Espeluy;Mujeres;2000;395
23;Jaén;23032 Espeluy;Mujeres;1999;402
23;Jaén;23032 Espeluy;Mujeres;1998;414
23;Jaén;23032 Espeluy;Mujeres;1997;
23;Jaén;23032 Espeluy;Mujeres;1996;418
23;Jaén;23033 Frailes;Total;2023;1565
23;Jaén;23033 Frailes;Total;2022;1565
23;Jaén;23033 Frailes;Total;2021;1599
23;Jaén;23033 Frailes;Total;2020;1585
23;Jaén;23033 Frailes;Total;2019;1575
23;Jaén;23033 Frailes;Total;2018;1592
23;Jaén;23033 Frailes;Total;2017;1610
23;Jaén;23033 Frailes;Total;2016;1637
23;Jaén;23033 Frailes;Total;2015;1651
23;Jaén;23033 Frailes;Total;2014;1648
23;Jaén;23033 Frailes;Total;2013;1681
23;Jaén;23033 Frailes;Total;2012;1723
23;Jaén;23033 Frailes;Total;2011;1734
23;Jaén;23033 Frailes;Total;2010;1768
23;Jaén;23033 Frailes;Total;2009;1788
23;Jaén;23033 Frailes;Total;2008;1817
23;Jaén;23033 Frailes;Total;2007;1775
23;Jaén;23033 Frailes;Total;2006;1796
23;Jaén;23033 Frailes;Total;2005;1801
23;Jaén;23033 Frailes;Total;2004;1804
23;Jaén;23033 Frailes;Total;2003;1822
23;Jaén;23033 Frailes;Total;2002;1858
23;Jaén;23033 Frailes;Total;2001;1858
23;Jaén;23033 Frailes;Total;2000;1858
23;Jaén;23033 Frailes;Total;1999;1894
23;Jaén;23033 Frailes;Total;1998;1872
23;Jaén;23033 Frailes;Total;1997;
23;Jaén;23033 Frailes;Total;1996;1891
23;Jaén;23033 Frailes;Hombres;2023;781
23;Jaén;23033 Frailes;Hombres;2022;786
23;Jaén;23033 Frailes;Hombres;2021;796
23;Jaén;23033 Frailes;Hombres;2020;788
23;Jaén;23033 Frailes;Hombres;2019;783
23;Jaén;23033 Frailes;Hombres;2018;799
23;Jaén;23033 Frailes;Hombres;2017;802
23;Jaén;23033 Frailes;Hombres;2016;811
23;Jaén;23033 Frailes;Hombres;2015;824
23;Jaén;23033 Frailes;Hombres;2014;815
23;Jaén;23033 Frailes;Hombres;2013;837
23;Jaén;23033 Frailes;Hombres;2012;867
23;Jaén;23033 Frailes;Hombres;2011;867
23;Jaén;23033 Frailes;Hombres;2010;891
23;Jaén;23033 Frailes;Hombres;2009;904
23;Jaén;23033 Frailes;Hombres;2008;926
23;Jaén;23033 Frailes;Hombres;2007;900
23;Jaén;23033 Frailes;Hombres;2006;905
23;Jaén;23033 Frailes;Hombres;2005;912
23;Jaén;23033 Frailes;Hombres;2004;922
23;Jaén;23033 Frailes;Hombres;2003;929
23;Jaén;23033 Frailes;Hombres;2002;948
23;Jaén;23033 Frailes;Hombres;2001;949
23;Jaén;23033 Frailes;Hombres;2000;948
23;Jaén;23033 Frailes;Hombres;1999;969
23;Jaén;23033 Frailes;Hombres;1998;955
23;Jaén;23033 Frailes;Hombres;1997;
23;Jaén;23033 Frailes;Hombres;1996;955
23;Jaén;23033 Frailes;Mujeres;2023;784
23;Jaén;23033 Frailes;Mujeres;2022;779
23;Jaén;23033 Frailes;Mujeres;2021;803
23;Jaén;23033 Frailes;Mujeres;2020;797
23;Jaén;23033 Frailes;Mujeres;2019;792
23;Jaén;23033 Frailes;Mujeres;2018;793
23;Jaén;23033 Frailes;Mujeres;2017;808
23;Jaén;23033 Frailes;Mujeres;2016;826
23;Jaén;23033 Frailes;Mujeres;2015;827
23;Jaén;23033 Frailes;Mujeres;2014;833
23;Jaén;23033 Frailes;Mujeres;2013;844
23;Jaén;23033 Frailes;Mujeres;2012;856
23;Jaén;23033 Frailes;Mujeres;2011;867
23;Jaén;23033 Frailes;Mujeres;2010;877
23;Jaén;23033 Frailes;Mujeres;2009;884
23;Jaén;23033 Frailes;Mujeres;2008;891
23;Jaén;23033 Frailes;Mujeres;2007;875
23;Jaén;23033 Frailes;Mujeres;2006;891
23;Jaén;23033 Frailes;Mujeres;2005;889
23;Jaén;23033 Frailes;Mujeres;2004;882
23;Jaén;23033 Frailes;Mujeres;2003;893
23;Jaén;23033 Frailes;Mujeres;2002;910
23;Jaén;23033 Frailes;Mujeres;2001;909
23;Jaén;23033 Frailes;Mujeres;2000;910
23;Jaén;23033 Frailes;Mujeres;1999;925
23;Jaén;23033 Frailes;Mujeres;1998;917
23;Jaén;23033 Frailes;Mujeres;1997;
23;Jaén;23033 Frailes;Mujeres;1996;936
23;Jaén;23034 Fuensanta de Martos;Total;2023;3023
23;Jaén;23034 Fuensanta de Martos;Total;2022;3023
23;Jaén;23034 Fuensanta de Martos;Total;2021;3011
23;Jaén;23034 Fuensanta de Martos;Total;2020;3038
23;Jaén;23034 Fuensanta de Martos;Total;2019;3074
23;Jaén;23034 Fuensanta de Martos;Total;2018;3086
23;Jaén;23034 Fuensanta de Martos;Total;2017;3071
23;Jaén;23034 Fuensanta de Martos;Total;2016;3115
23;Jaén;23034 Fuensanta de Martos;Total;2015;3160
23;Jaén;23034 Fuensanta de Martos;Total;2014;3160
23;Jaén;23034 Fuensanta de Martos;Total;2013;3226
23;Jaén;23034 Fuensanta de Martos;Total;2012;3254
23;Jaén;23034 Fuensanta de Martos;Total;2011;3236
23;Jaén;23034 Fuensanta de Martos;Total;2010;3267
23;Jaén;23034 Fuensanta de Martos;Total;2009;3286
23;Jaén;23034 Fuensanta de Martos;Total;2008;3300
23;Jaén;23034 Fuensanta de Martos;Total;2007;3328
23;Jaén;23034 Fuensanta de Martos;Total;2006;3326
23;Jaén;23034 Fuensanta de Martos;Total;2005;3312
23;Jaén;23034 Fuensanta de Martos;Total;2004;3252
23;Jaén;23034 Fuensanta de Martos;Total;2003;3278
23;Jaén;23034 Fuensanta de Martos;Total;2002;3298
23;Jaén;23034 Fuensanta de Martos;Total;2001;3340
23;Jaén;23034 Fuensanta de Martos;Total;2000;3330
23;Jaén;23034 Fuensanta de Martos;Total;1999;3372
23;Jaén;23034 Fuensanta de Martos;Total;1998;3377
23;Jaén;23034 Fuensanta de Martos;Total;1997;
23;Jaén;23034 Fuensanta de Martos;Total;1996;3391
23;Jaén;23034 Fuensanta de Martos;Hombres;2023;1524
23;Jaén;23034 Fuensanta de Martos;Hombres;2022;1529
23;Jaén;23034 Fuensanta de Martos;Hombres;2021;1511
23;Jaén;23034 Fuensanta de Martos;Hombres;2020;1524
23;Jaén;23034 Fuensanta de Martos;Hombres;2019;1539
23;Jaén;23034 Fuensanta de Martos;Hombres;2018;1531
23;Jaén;23034 Fuensanta de Martos;Hombres;2017;1518
23;Jaén;23034 Fuensanta de Martos;Hombres;2016;1541
23;Jaén;23034 Fuensanta de Martos;Hombres;2015;1558
23;Jaén;23034 Fuensanta de Martos;Hombres;2014;1560
23;Jaén;23034 Fuensanta de Martos;Hombres;2013;1601
23;Jaén;23034 Fuensanta de Martos;Hombres;2012;1615
23;Jaén;23034 Fuensanta de Martos;Hombres;2011;1588
23;Jaén;23034 Fuensanta de Martos;Hombres;2010;1600
23;Jaén;23034 Fuensanta de Martos;Hombres;2009;1612
23;Jaén;23034 Fuensanta de Martos;Hombres;2008;1657
23;Jaén;23034 Fuensanta de Martos;Hombres;2007;1660
23;Jaén;23034 Fuensanta de Martos;Hombres;2006;1665
23;Jaén;23034 Fuensanta de Martos;Hombres;2005;1661
23;Jaén;23034 Fuensanta de Martos;Hombres;2004;1612
23;Jaén;23034 Fuensanta de Martos;Hombres;2003;1629
23;Jaén;23034 Fuensanta de Martos;Hombres;2002;1645
23;Jaén;23034 Fuensanta de Martos;Hombres;2001;1662
23;Jaén;23034 Fuensanta de Martos;Hombres;2000;1661
23;Jaén;23034 Fuensanta de Martos;Hombres;1999;1683
23;Jaén;23034 Fuensanta de Martos;Hombres;1998;1681
23;Jaén;23034 Fuensanta de Martos;Hombres;1997;
23;Jaén;23034 Fuensanta de Martos;Hombres;1996;1650
23;Jaén;23034 Fuensanta de Martos;Mujeres;2023;1499
23;Jaén;23034 Fuensanta de Martos;Mujeres;2022;1494
23;Jaén;23034 Fuensanta de Martos;Mujeres;2021;1500
23;Jaén;23034 Fuensanta de Martos;Mujeres;2020;1514
23;Jaén;23034 Fuensanta de Martos;Mujeres;2019;1535
23;Jaén;23034 Fuensanta de Martos;Mujeres;2018;1555
23;Jaén;23034 Fuensanta de Martos;Mujeres;2017;1553
23;Jaén;23034 Fuensanta de Martos;Mujeres;2016;1574
23;Jaén;23034 Fuensanta de Martos;Mujeres;2015;1602
23;Jaén;23034 Fuensanta de Martos;Mujeres;2014;1600
23;Jaén;23034 Fuensanta de Martos;Mujeres;2013;1625
23;Jaén;23034 Fuensanta de Martos;Mujeres;2012;1639
23;Jaén;23034 Fuensanta de Martos;Mujeres;2011;1648
23;Jaén;23034 Fuensanta de Martos;Mujeres;2010;1667
23;Jaén;23034 Fuensanta de Martos;Mujeres;2009;1674
23;Jaén;23034 Fuensanta de Martos;Mujeres;2008;1643
23;Jaén;23034 Fuensanta de Martos;Mujeres;2007;1668
23;Jaén;23034 Fuensanta de Martos;Mujeres;2006;1661
23;Jaén;23034 Fuensanta de Martos;Mujeres;2005;1651
23;Jaén;23034 Fuensanta de Martos;Mujeres;2004;1640
23;Jaén;23034 Fuensanta de Martos;Mujeres;2003;1649
23;Jaén;23034 Fuensanta de Martos;Mujeres;2002;1653
23;Jaén;23034 Fuensanta de Martos;Mujeres;2001;1678
23;Jaén;23034 Fuensanta de Martos;Mujeres;2000;1669
23;Jaén;23034 Fuensanta de Martos;Mujeres;1999;1689
23;Jaén;23034 Fuensanta de Martos;Mujeres;1998;1696
23;Jaén;23034 Fuensanta de Martos;Mujeres;1997;
23;Jaén;23034 Fuensanta de Martos;Mujeres;1996;1741
23;Jaén;23035 Fuerte del Rey;Total;2023;1352
23;Jaén;23035 Fuerte del Rey;Total;2022;1309
23;Jaén;23035 Fuerte del Rey;Total;2021;1313
23;Jaén;23035 Fuerte del Rey;Total;2020;1355
23;Jaén;23035 Fuerte del Rey;Total;2019;1357
23;Jaén;23035 Fuerte del Rey;Total;2018;1387
23;Jaén;23035 Fuerte del Rey;Total;2017;1384
23;Jaén;23035 Fuerte del Rey;Total;2016;1399
23;Jaén;23035 Fuerte del Rey;Total;2015;1409
23;Jaén;23035 Fuerte del Rey;Total;2014;1402
23;Jaén;23035 Fuerte del Rey;Total;2013;1410
23;Jaén;23035 Fuerte del Rey;Total;2012;1402
23;Jaén;23035 Fuerte del Rey;Total;2011;1381
23;Jaén;23035 Fuerte del Rey;Total;2010;1388
23;Jaén;23035 Fuerte del Rey;Total;2009;1354
23;Jaén;23035 Fuerte del Rey;Total;2008;1315
23;Jaén;23035 Fuerte del Rey;Total;2007;1287
23;Jaén;23035 Fuerte del Rey;Total;2006;1267
23;Jaén;23035 Fuerte del Rey;Total;2005;1259
23;Jaén;23035 Fuerte del Rey;Total;2004;1214
23;Jaén;23035 Fuerte del Rey;Total;2003;1204
23;Jaén;23035 Fuerte del Rey;Total;2002;1192
23;Jaén;23035 Fuerte del Rey;Total;2001;1194
23;Jaén;23035 Fuerte del Rey;Total;2000;1157
23;Jaén;23035 Fuerte del Rey;Total;1999;1156
23;Jaén;23035 Fuerte del Rey;Total;1998;1165
23;Jaén;23035 Fuerte del Rey;Total;1997;
23;Jaén;23035 Fuerte del Rey;Total;1996;1183
23;Jaén;23035 Fuerte del Rey;Hombres;2023;703
23;Jaén;23035 Fuerte del Rey;Hombres;2022;682
23;Jaén;23035 Fuerte del Rey;Hombres;2021;677
23;Jaén;23035 Fuerte del Rey;Hombres;2020;688
23;Jaén;23035 Fuerte del Rey;Hombres;2019;688
23;Jaén;23035 Fuerte del Rey;Hombres;2018;715
23;Jaén;23035 Fuerte del Rey;Hombres;2017;713
23;Jaén;23035 Fuerte del Rey;Hombres;2016;725
23;Jaén;23035 Fuerte del Rey;Hombres;2015;723
23;Jaén;23035 Fuerte del Rey;Hombres;2014;716
23;Jaén;23035 Fuerte del Rey;Hombres;2013;724
23;Jaén;23035 Fuerte del Rey;Hombres;2012;718
23;Jaén;23035 Fuerte del Rey;Hombres;2011;706
23;Jaén;23035 Fuerte del Rey;Hombres;2010;713
23;Jaén;23035 Fuerte del Rey;Hombres;2009;695
23;Jaén;23035 Fuerte del Rey;Hombres;2008;671
23;Jaén;23035 Fuerte del Rey;Hombres;2007;645
23;Jaén;23035 Fuerte del Rey;Hombres;2006;639
23;Jaén;23035 Fuerte del Rey;Hombres;2005;630
23;Jaén;23035 Fuerte del Rey;Hombres;2004;605
23;Jaén;23035 Fuerte del Rey;Hombres;2003;595
23;Jaén;23035 Fuerte del Rey;Hombres;2002;586
23;Jaén;23035 Fuerte del Rey;Hombres;2001;591
23;Jaén;23035 Fuerte del Rey;Hombres;2000;576
23;Jaén;23035 Fuerte del Rey;Hombres;1999;569
23;Jaén;23035 Fuerte del Rey;Hombres;1998;576
23;Jaén;23035 Fuerte del Rey;Hombres;1997;
23;Jaén;23035 Fuerte del Rey;Hombres;1996;583
23;Jaén;23035 Fuerte del Rey;Mujeres;2023;649
23;Jaén;23035 Fuerte del Rey;Mujeres;2022;627
23;Jaén;23035 Fuerte del Rey;Mujeres;2021;636
23;Jaén;23035 Fuerte del Rey;Mujeres;2020;667
23;Jaén;23035 Fuerte del Rey;Mujeres;2019;669
23;Jaén;23035 Fuerte del Rey;Mujeres;2018;672
23;Jaén;23035 Fuerte del Rey;Mujeres;2017;671
23;Jaén;23035 Fuerte del Rey;Mujeres;2016;674
23;Jaén;23035 Fuerte del Rey;Mujeres;2015;686
23;Jaén;23035 Fuerte del Rey;Mujeres;2014;686
23;Jaén;23035 Fuerte del Rey;Mujeres;2013;686
23;Jaén;23035 Fuerte del Rey;Mujeres;2012;684
23;Jaén;23035 Fuerte del Rey;Mujeres;2011;675
23;Jaén;23035 Fuerte del Rey;Mujeres;2010;675
23;Jaén;23035 Fuerte del Rey;Mujeres;2009;659
23;Jaén;23035 Fuerte del Rey;Mujeres;2008;644
23;Jaén;23035 Fuerte del Rey;Mujeres;2007;642
23;Jaén;23035 Fuerte del Rey;Mujeres;2006;628
23;Jaén;23035 Fuerte del Rey;Mujeres;2005;629
23;Jaén;23035 Fuerte del Rey;Mujeres;2004;609
23;Jaén;23035 Fuerte del Rey;Mujeres;2003;609
23;Jaén;23035 Fuerte del Rey;Mujeres;2002;606
23;Jaén;23035 Fuerte del Rey;Mujeres;2001;603
23;Jaén;23035 Fuerte del Rey;Mujeres;2000;581
23;Jaén;23035 Fuerte del Rey;Mujeres;1999;587
23;Jaén;23035 Fuerte del Rey;Mujeres;1998;589
23;Jaén;23035 Fuerte del Rey;Mujeres;1997;
23;Jaén;23035 Fuerte del Rey;Mujeres;1996;600
23;Jaén;23037 Génave;Total;2023;561
23;Jaén;23037 Génave;Total;2022;573
23;Jaén;23037 Génave;Total;2021;593
23;Jaén;23037 Génave;Total;2020;590
23;Jaén;23037 Génave;Total;2019;611
23;Jaén;23037 Génave;Total;2018;614
23;Jaén;23037 Génave;Total;2017;614
23;Jaén;23037 Génave;Total;2016;608
23;Jaén;23037 Génave;Total;2015;618
23;Jaén;23037 Génave;Total;2014;617
23;Jaén;23037 Génave;Total;2013;613
23;Jaén;23037 Génave;Total;2012;646
23;Jaén;23037 Génave;Total;2011;640
23;Jaén;23037 Génave;Total;2010;637
23;Jaén;23037 Génave;Total;2009;629
23;Jaén;23037 Génave;Total;2008;626
23;Jaén;23037 Génave;Total;2007;638
23;Jaén;23037 Génave;Total;2006;565
23;Jaén;23037 Génave;Total;2005;579
23;Jaén;23037 Génave;Total;2004;605
23;Jaén;23037 Génave;Total;2003;616
23;Jaén;23037 Génave;Total;2002;661
23;Jaén;23037 Génave;Total;2001;674
23;Jaén;23037 Génave;Total;2000;691
23;Jaén;23037 Génave;Total;1999;708
23;Jaén;23037 Génave;Total;1998;719
23;Jaén;23037 Génave;Total;1997;
23;Jaén;23037 Génave;Total;1996;720
23;Jaén;23037 Génave;Hombres;2023;298
23;Jaén;23037 Génave;Hombres;2022;305
23;Jaén;23037 Génave;Hombres;2021;324
23;Jaén;23037 Génave;Hombres;2020;324
23;Jaén;23037 Génave;Hombres;2019;335
23;Jaén;23037 Génave;Hombres;2018;332
23;Jaén;23037 Génave;Hombres;2017;333
23;Jaén;23037 Génave;Hombres;2016;327
23;Jaén;23037 Génave;Hombres;2015;335
23;Jaén;23037 Génave;Hombres;2014;335
23;Jaén;23037 Génave;Hombres;2013;329
23;Jaén;23037 Génave;Hombres;2012;350
23;Jaén;23037 Génave;Hombres;2011;343
23;Jaén;23037 Génave;Hombres;2010;339
23;Jaén;23037 Génave;Hombres;2009;337
23;Jaén;23037 Génave;Hombres;2008;337
23;Jaén;23037 Génave;Hombres;2007;337
23;Jaén;23037 Génave;Hombres;2006;300
23;Jaén;23037 Génave;Hombres;2005;302
23;Jaén;23037 Génave;Hombres;2004;315
23;Jaén;23037 Génave;Hombres;2003;319
23;Jaén;23037 Génave;Hombres;2002;348
23;Jaén;23037 Génave;Hombres;2001;357
23;Jaén;23037 Génave;Hombres;2000;364
23;Jaén;23037 Génave;Hombres;1999;369
23;Jaén;23037 Génave;Hombres;1998;373
23;Jaén;23037 Génave;Hombres;1997;
23;Jaén;23037 Génave;Hombres;1996;367
23;Jaén;23037 Génave;Mujeres;2023;263
23;Jaén;23037 Génave;Mujeres;2022;268
23;Jaén;23037 Génave;Mujeres;2021;269
23;Jaén;23037 Génave;Mujeres;2020;266
23;Jaén;23037 Génave;Mujeres;2019;276
23;Jaén;23037 Génave;Mujeres;2018;282
23;Jaén;23037 Génave;Mujeres;2017;281
23;Jaén;23037 Génave;Mujeres;2016;281
23;Jaén;23037 Génave;Mujeres;2015;283
23;Jaén;23037 Génave;Mujeres;2014;282
23;Jaén;23037 Génave;Mujeres;2013;284
23;Jaén;23037 Génave;Mujeres;2012;296
23;Jaén;23037 Génave;Mujeres;2011;297
23;Jaén;23037 Génave;Mujeres;2010;298
23;Jaén;23037 Génave;Mujeres;2009;292
23;Jaén;23037 Génave;Mujeres;2008;289
23;Jaén;23037 Génave;Mujeres;2007;301
23;Jaén;23037 Génave;Mujeres;2006;265
23;Jaén;23037 Génave;Mujeres;2005;277
23;Jaén;23037 Génave;Mujeres;2004;290
23;Jaén;23037 Génave;Mujeres;2003;297
23;Jaén;23037 Génave;Mujeres;2002;313
23;Jaén;23037 Génave;Mujeres;2001;317
23;Jaén;23037 Génave;Mujeres;2000;327
23;Jaén;23037 Génave;Mujeres;1999;339
23;Jaén;23037 Génave;Mujeres;1998;346
23;Jaén;23037 Génave;Mujeres;1997;
23;Jaén;23037 Génave;Mujeres;1996;353
23;Jaén;23038 Guardia de Jaén, La;Total;2023;5175
23;Jaén;23038 Guardia de Jaén, La;Total;2022;5151
23;Jaén;23038 Guardia de Jaén, La;Total;2021;5082
23;Jaén;23038 Guardia de Jaén, La;Total;2020;4983
23;Jaén;23038 Guardia de Jaén, La;Total;2019;5011
23;Jaén;23038 Guardia de Jaén, La;Total;2018;4965
23;Jaén;23038 Guardia de Jaén, La;Total;2017;4931
23;Jaén;23038 Guardia de Jaén, La;Total;2016;4895
23;Jaén;23038 Guardia de Jaén, La;Total;2015;4832
23;Jaén;23038 Guardia de Jaén, La;Total;2014;4747
23;Jaén;23038 Guardia de Jaén, La;Total;2013;4654
23;Jaén;23038 Guardia de Jaén, La;Total;2012;4551
23;Jaén;23038 Guardia de Jaén, La;Total;2011;4465
23;Jaén;23038 Guardia de Jaén, La;Total;2010;4232
23;Jaén;23038 Guardia de Jaén, La;Total;2009;4061
23;Jaén;23038 Guardia de Jaén, La;Total;2008;3928
23;Jaén;23038 Guardia de Jaén, La;Total;2007;3678
23;Jaén;23038 Guardia de Jaén, La;Total;2006;3301
23;Jaén;23038 Guardia de Jaén, La;Total;2005;2811
23;Jaén;23038 Guardia de Jaén, La;Total;2004;2216
23;Jaén;23038 Guardia de Jaén, La;Total;2003;2105
23;Jaén;23038 Guardia de Jaén, La;Total;2002;2040
23;Jaén;23038 Guardia de Jaén, La;Total;2001;2029
23;Jaén;23038 Guardia de Jaén, La;Total;2000;2062
23;Jaén;23038 Guardia de Jaén, La;Total;1999;2106
23;Jaén;23038 Guardia de Jaén, La;Total;1998;2093
23;Jaén;23038 Guardia de Jaén, La;Total;1997;
23;Jaén;23038 Guardia de Jaén, La;Total;1996;2051
23;Jaén;23038 Guardia de Jaén, La;Hombres;2023;2644
23;Jaén;23038 Guardia de Jaén, La;Hombres;2022;2633
23;Jaén;23038 Guardia de Jaén, La;Hombres;2021;2584
23;Jaén;23038 Guardia de Jaén, La;Hombres;2020;2518
23;Jaén;23038 Guardia de Jaén, La;Hombres;2019;2526
23;Jaén;23038 Guardia de Jaén, La;Hombres;2018;2527
23;Jaén;23038 Guardia de Jaén, La;Hombres;2017;2499
23;Jaén;23038 Guardia de Jaén, La;Hombres;2016;2488
23;Jaén;23038 Guardia de Jaén, La;Hombres;2015;2449
23;Jaén;23038 Guardia de Jaén, La;Hombres;2014;2424
23;Jaén;23038 Guardia de Jaén, La;Hombres;2013;2366
23;Jaén;23038 Guardia de Jaén, La;Hombres;2012;2339
23;Jaén;23038 Guardia de Jaén, La;Hombres;2011;2323
23;Jaén;23038 Guardia de Jaén, La;Hombres;2010;2197
23;Jaén;23038 Guardia de Jaén, La;Hombres;2009;2128
23;Jaén;23038 Guardia de Jaén, La;Hombres;2008;2069
23;Jaén;23038 Guardia de Jaén, La;Hombres;2007;1935
23;Jaén;23038 Guardia de Jaén, La;Hombres;2006;1725
23;Jaén;23038 Guardia de Jaén, La;Hombres;2005;1471
23;Jaén;23038 Guardia de Jaén, La;Hombres;2004;1148
23;Jaén;23038 Guardia de Jaén, La;Hombres;2003;1087
23;Jaén;23038 Guardia de Jaén, La;Hombres;2002;1060
23;Jaén;23038 Guardia de Jaén, La;Hombres;2001;1057
23;Jaén;23038 Guardia de Jaén, La;Hombres;2000;1074
23;Jaén;23038 Guardia de Jaén, La;Hombres;1999;1097
23;Jaén;23038 Guardia de Jaén, La;Hombres;1998;1089
23;Jaén;23038 Guardia de Jaén, La;Hombres;1997;
23;Jaén;23038 Guardia de Jaén, La;Hombres;1996;1060
23;Jaén;23038 Guardia de Jaén, La;Mujeres;2023;2531
23;Jaén;23038 Guardia de Jaén, La;Mujeres;2022;2518
23;Jaén;23038 Guardia de Jaén, La;Mujeres;2021;2498
23;Jaén;23038 Guardia de Jaén, La;Mujeres;2020;2465
23;Jaén;23038 Guardia de Jaén, La;Mujeres;2019;2485
23;Jaén;23038 Guardia de Jaén, La;Mujeres;2018;2438
23;Jaén;23038 Guardia de Jaén, La;Mujeres;2017;2432
23;Jaén;23038 Guardia de Jaén, La;Mujeres;2016;2407
23;Jaén;23038 Guardia de Jaén, La;Mujeres;2015;2383
23;Jaén;23038 Guardia de Jaén, La;Mujeres;2014;2323
23;Jaén;23038 Guardia de Jaén, La;Mujeres;2013;2288
23;Jaén;23038 Guardia de Jaén, La;Mujeres;2012;2212
23;Jaén;23038 Guardia de Jaén, La;Mujeres;2011;2142
23;Jaén;23038 Guardia de Jaén, La;Mujeres;2010;2035
23;Jaén;23038 Guardia de Jaén, La;Mujeres;2009;1933
23;Jaén;23038 Guardia de Jaén, La;Mujeres;2008;1859
23;Jaén;23038 Guardia de Jaén, La;Mujeres;2007;1743
23;Jaén;23038 Guardia de Jaén, La;Mujeres;2006;1576
23;Jaén;23038 Guardia de Jaén, La;Mujeres;2005;1340
23;Jaén;23038 Guardia de Jaén, La;Mujeres;2004;1068
23;Jaén;23038 Guardia de Jaén, La;Mujeres;2003;1018
23;Jaén;23038 Guardia de Jaén, La;Mujeres;2002;980
23;Jaén;23038 Guardia de Jaén, La;Mujeres;2001;972
23;Jaén;23038 Guardia de Jaén, La;Mujeres;2000;988
23;Jaén;23038 Guardia de Jaén, La;Mujeres;1999;1009
23;Jaén;23038 Guardia de Jaén, La;Mujeres;1998;1004
23;Jaén;23038 Guardia de Jaén, La;Mujeres;1997;
23;Jaén;23038 Guardia de Jaén, La;Mujeres;1996;991
23;Jaén;23039 Guarromán;Total;2023;2782
23;Jaén;23039 Guarromán;Total;2022;2748
23;Jaén;23039 Guarromán;Total;2021;2714
23;Jaén;23039 Guarromán;Total;2020;2739
23;Jaén;23039 Guarromán;Total;2019;2724
23;Jaén;23039 Guarromán;Total;2018;2779
23;Jaén;23039 Guarromán;Total;2017;2821
23;Jaén;23039 Guarromán;Total;2016;2861
23;Jaén;23039 Guarromán;Total;2015;2876
23;Jaén;23039 Guarromán;Total;2014;2919
23;Jaén;23039 Guarromán;Total;2013;2925
23;Jaén;23039 Guarromán;Total;2012;2936
23;Jaén;23039 Guarromán;Total;2011;2869
23;Jaén;23039 Guarromán;Total;2010;2909
23;Jaén;23039 Guarromán;Total;2009;2936
23;Jaén;23039 Guarromán;Total;2008;2927
23;Jaén;23039 Guarromán;Total;2007;2926
23;Jaén;23039 Guarromán;Total;2006;2904
23;Jaén;23039 Guarromán;Total;2005;2909
23;Jaén;23039 Guarromán;Total;2004;2896
23;Jaén;23039 Guarromán;Total;2003;2829
23;Jaén;23039 Guarromán;Total;2002;2809
23;Jaén;23039 Guarromán;Total;2001;2804
23;Jaén;23039 Guarromán;Total;2000;2802
23;Jaén;23039 Guarromán;Total;1999;2831
23;Jaén;23039 Guarromán;Total;1998;2825
23;Jaén;23039 Guarromán;Total;1997;
23;Jaén;23039 Guarromán;Total;1996;2874
23;Jaén;23039 Guarromán;Hombres;2023;1426
23;Jaén;23039 Guarromán;Hombres;2022;1377
23;Jaén;23039 Guarromán;Hombres;2021;1370
23;Jaén;23039 Guarromán;Hombres;2020;1384
23;Jaén;23039 Guarromán;Hombres;2019;1363
23;Jaén;23039 Guarromán;Hombres;2018;1395
23;Jaén;23039 Guarromán;Hombres;2017;1426
23;Jaén;23039 Guarromán;Hombres;2016;1440
23;Jaén;23039 Guarromán;Hombres;2015;1470
23;Jaén;23039 Guarromán;Hombres;2014;1478
23;Jaén;23039 Guarromán;Hombres;2013;1485
23;Jaén;23039 Guarromán;Hombres;2012;1476
23;Jaén;23039 Guarromán;Hombres;2011;1446
23;Jaén;23039 Guarromán;Hombres;2010;1462
23;Jaén;23039 Guarromán;Hombres;2009;1470
23;Jaén;23039 Guarromán;Hombres;2008;1488
23;Jaén;23039 Guarromán;Hombres;2007;1470
23;Jaén;23039 Guarromán;Hombres;2006;1441
23;Jaén;23039 Guarromán;Hombres;2005;1437
23;Jaén;23039 Guarromán;Hombres;2004;1428
23;Jaén;23039 Guarromán;Hombres;2003;1398
23;Jaén;23039 Guarromán;Hombres;2002;1386
23;Jaén;23039 Guarromán;Hombres;2001;1376
23;Jaén;23039 Guarromán;Hombres;2000;1376
23;Jaén;23039 Guarromán;Hombres;1999;1402
23;Jaén;23039 Guarromán;Hombres;1998;1403
23;Jaén;23039 Guarromán;Hombres;1997;
23;Jaén;23039 Guarromán;Hombres;1996;1410
23;Jaén;23039 Guarromán;Mujeres;2023;1356
23;Jaén;23039 Guarromán;Mujeres;2022;1371
23;Jaén;23039 Guarromán;Mujeres;2021;1344
23;Jaén;23039 Guarromán;Mujeres;2020;1355
23;Jaén;23039 Guarromán;Mujeres;2019;1361
23;Jaén;23039 Guarromán;Mujeres;2018;1384
23;Jaén;23039 Guarromán;Mujeres;2017;1395
23;Jaén;23039 Guarromán;Mujeres;2016;1421
23;Jaén;23039 Guarromán;Mujeres;2015;1406
23;Jaén;23039 Guarromán;Mujeres;2014;1441
23;Jaén;23039 Guarromán;Mujeres;2013;1440
23;Jaén;23039 Guarromán;Mujeres;2012;1460
23;Jaén;23039 Guarromán;Mujeres;2011;1423
23;Jaén;23039 Guarromán;Mujeres;2010;1447
23;Jaén;23039 Guarromán;Mujeres;2009;1466
23;Jaén;23039 Guarromán;Mujeres;2008;1439
23;Jaén;23039 Guarromán;Mujeres;2007;1456
23;Jaén;23039 Guarromán;Mujeres;2006;1463
23;Jaén;23039 Guarromán;Mujeres;2005;1472
23;Jaén;23039 Guarromán;Mujeres;2004;1468
23;Jaén;23039 Guarromán;Mujeres;2003;1431
23;Jaén;23039 Guarromán;Mujeres;2002;1423
23;Jaén;23039 Guarromán;Mujeres;2001;1428
23;Jaén;23039 Guarromán;Mujeres;2000;1426
23;Jaén;23039 Guarromán;Mujeres;1999;1429
23;Jaén;23039 Guarromán;Mujeres;1998;1422
23;Jaén;23039 Guarromán;Mujeres;1997;
23;Jaén;23039 Guarromán;Mujeres;1996;1464
23;Jaén;23041 Higuera de Calatrava;Total;2023;605
23;Jaén;23041 Higuera de Calatrava;Total;2022;609
23;Jaén;23041 Higuera de Calatrava;Total;2021;601
23;Jaén;23041 Higuera de Calatrava;Total;2020;614
23;Jaén;23041 Higuera de Calatrava;Total;2019;619
23;Jaén;23041 Higuera de Calatrava;Total;2018;616
23;Jaén;23041 Higuera de Calatrava;Total;2017;622
23;Jaén;23041 Higuera de Calatrava;Total;2016;632
23;Jaén;23041 Higuera de Calatrava;Total;2015;649
23;Jaén;23041 Higuera de Calatrava;Total;2014;642
23;Jaén;23041 Higuera de Calatrava;Total;2013;645
23;Jaén;23041 Higuera de Calatrava;Total;2012;653
23;Jaén;23041 Higuera de Calatrava;Total;2011;670
23;Jaén;23041 Higuera de Calatrava;Total;2010;657
23;Jaén;23041 Higuera de Calatrava;Total;2009;659
23;Jaén;23041 Higuera de Calatrava;Total;2008;661
23;Jaén;23041 Higuera de Calatrava;Total;2007;674
23;Jaén;23041 Higuera de Calatrava;Total;2006;696
23;Jaén;23041 Higuera de Calatrava;Total;2005;702
23;Jaén;23041 Higuera de Calatrava;Total;2004;695
23;Jaén;23041 Higuera de Calatrava;Total;2003;676
23;Jaén;23041 Higuera de Calatrava;Total;2002;683
23;Jaén;23041 Higuera de Calatrava;Total;2001;691
23;Jaén;23041 Higuera de Calatrava;Total;2000;691
23;Jaén;23041 Higuera de Calatrava;Total;1999;706
23;Jaén;23041 Higuera de Calatrava;Total;1998;706
23;Jaén;23041 Higuera de Calatrava;Total;1997;
23;Jaén;23041 Higuera de Calatrava;Total;1996;707
23;Jaén;23041 Higuera de Calatrava;Hombres;2023;321
23;Jaén;23041 Higuera de Calatrava;Hombres;2022;322
23;Jaén;23041 Higuera de Calatrava;Hombres;2021;316
23;Jaén;23041 Higuera de Calatrava;Hombres;2020;325
23;Jaén;23041 Higuera de Calatrava;Hombres;2019;332
23;Jaén;23041 Higuera de Calatrava;Hombres;2018;329
23;Jaén;23041 Higuera de Calatrava;Hombres;2017;333
23;Jaén;23041 Higuera de Calatrava;Hombres;2016;333
23;Jaén;23041 Higuera de Calatrava;Hombres;2015;341
23;Jaén;23041 Higuera de Calatrava;Hombres;2014;337
23;Jaén;23041 Higuera de Calatrava;Hombres;2013;340
23;Jaén;23041 Higuera de Calatrava;Hombres;2012;350
23;Jaén;23041 Higuera de Calatrava;Hombres;2011;353
23;Jaén;23041 Higuera de Calatrava;Hombres;2010;347
23;Jaén;23041 Higuera de Calatrava;Hombres;2009;342
23;Jaén;23041 Higuera de Calatrava;Hombres;2008;341
23;Jaén;23041 Higuera de Calatrava;Hombres;2007;353
23;Jaén;23041 Higuera de Calatrava;Hombres;2006;368
23;Jaén;23041 Higuera de Calatrava;Hombres;2005;367
23;Jaén;23041 Higuera de Calatrava;Hombres;2004;361
23;Jaén;23041 Higuera de Calatrava;Hombres;2003;352
23;Jaén;23041 Higuera de Calatrava;Hombres;2002;353
23;Jaén;23041 Higuera de Calatrava;Hombres;2001;358
23;Jaén;23041 Higuera de Calatrava;Hombres;2000;356
23;Jaén;23041 Higuera de Calatrava;Hombres;1999;365
23;Jaén;23041 Higuera de Calatrava;Hombres;1998;366
23;Jaén;23041 Higuera de Calatrava;Hombres;1997;
23;Jaén;23041 Higuera de Calatrava;Hombres;1996;366
23;Jaén;23041 Higuera de Calatrava;Mujeres;2023;284
23;Jaén;23041 Higuera de Calatrava;Mujeres;2022;287
23;Jaén;23041 Higuera de Calatrava;Mujeres;2021;285
23;Jaén;23041 Higuera de Calatrava;Mujeres;2020;289
23;Jaén;23041 Higuera de Calatrava;Mujeres;2019;287
23;Jaén;23041 Higuera de Calatrava;Mujeres;2018;287
23;Jaén;23041 Higuera de Calatrava;Mujeres;2017;289
23;Jaén;23041 Higuera de Calatrava;Mujeres;2016;299
23;Jaén;23041 Higuera de Calatrava;Mujeres;2015;308
23;Jaén;23041 Higuera de Calatrava;Mujeres;2014;305
23;Jaén;23041 Higuera de Calatrava;Mujeres;2013;305
23;Jaén;23041 Higuera de Calatrava;Mujeres;2012;303
23;Jaén;23041 Higuera de Calatrava;Mujeres;2011;317
23;Jaén;23041 Higuera de Calatrava;Mujeres;2010;310
23;Jaén;23041 Higuera de Calatrava;Mujeres;2009;317
23;Jaén;23041 Higuera de Calatrava;Mujeres;2008;320
23;Jaén;23041 Higuera de Calatrava;Mujeres;2007;321
23;Jaén;23041 Higuera de Calatrava;Mujeres;2006;328
23;Jaén;23041 Higuera de Calatrava;Mujeres;2005;335
23;Jaén;23041 Higuera de Calatrava;Mujeres;2004;334
23;Jaén;23041 Higuera de Calatrava;Mujeres;2003;324
23;Jaén;23041 Higuera de Calatrava;Mujeres;2002;330
23;Jaén;23041 Higuera de Calatrava;Mujeres;2001;333
23;Jaén;23041 Higuera de Calatrava;Mujeres;2000;335
23;Jaén;23041 Higuera de Calatrava;Mujeres;1999;341
23;Jaén;23041 Higuera de Calatrava;Mujeres;1998;340
23;Jaén;23041 Higuera de Calatrava;Mujeres;1997;
23;Jaén;23041 Higuera de Calatrava;Mujeres;1996;341
23;Jaén;23042 Hinojares;Total;2023;348
23;Jaén;23042 Hinojares;Total;2022;335
23;Jaén;23042 Hinojares;Total;2021;356
23;Jaén;23042 Hinojares;Total;2020;373
23;Jaén;23042 Hinojares;Total;2019;401
23;Jaén;23042 Hinojares;Total;2018;335
23;Jaén;23042 Hinojares;Total;2017;334
23;Jaén;23042 Hinojares;Total;2016;338
23;Jaén;23042 Hinojares;Total;2015;355
23;Jaén;23042 Hinojares;Total;2014;370
23;Jaén;23042 Hinojares;Total;2013;395
23;Jaén;23042 Hinojares;Total;2012;436
23;Jaén;23042 Hinojares;Total;2011;435
23;Jaén;23042 Hinojares;Total;2010;414
23;Jaén;23042 Hinojares;Total;2009;409
23;Jaén;23042 Hinojares;Total;2008;425
23;Jaén;23042 Hinojares;Total;2007;447
23;Jaén;23042 Hinojares;Total;2006;446
23;Jaén;23042 Hinojares;Total;2005;467
23;Jaén;23042 Hinojares;Total;2004;478
23;Jaén;23042 Hinojares;Total;2003;454
23;Jaén;23042 Hinojares;Total;2002;467
23;Jaén;23042 Hinojares;Total;2001;493
23;Jaén;23042 Hinojares;Total;2000;501
23;Jaén;23042 Hinojares;Total;1999;508
23;Jaén;23042 Hinojares;Total;1998;502
23;Jaén;23042 Hinojares;Total;1997;
23;Jaén;23042 Hinojares;Total;1996;524
23;Jaén;23042 Hinojares;Hombres;2023;180
23;Jaén;23042 Hinojares;Hombres;2022;175
23;Jaén;23042 Hinojares;Hombres;2021;188
23;Jaén;23042 Hinojares;Hombres;2020;199
23;Jaén;23042 Hinojares;Hombres;2019;215
23;Jaén;23042 Hinojares;Hombres;2018;175
23;Jaén;23042 Hinojares;Hombres;2017;171
23;Jaén;23042 Hinojares;Hombres;2016;173
23;Jaén;23042 Hinojares;Hombres;2015;186
23;Jaén;23042 Hinojares;Hombres;2014;201
23;Jaén;23042 Hinojares;Hombres;2013;204
23;Jaén;23042 Hinojares;Hombres;2012;230
23;Jaén;23042 Hinojares;Hombres;2011;232
23;Jaén;23042 Hinojares;Hombres;2010;216
23;Jaén;23042 Hinojares;Hombres;2009;210
23;Jaén;23042 Hinojares;Hombres;2008;208
23;Jaén;23042 Hinojares;Hombres;2007;218
23;Jaén;23042 Hinojares;Hombres;2006;214
23;Jaén;23042 Hinojares;Hombres;2005;226
23;Jaén;23042 Hinojares;Hombres;2004;237
23;Jaén;23042 Hinojares;Hombres;2003;222
23;Jaén;23042 Hinojares;Hombres;2002;226
23;Jaén;23042 Hinojares;Hombres;2001;237
23;Jaén;23042 Hinojares;Hombres;2000;239
23;Jaén;23042 Hinojares;Hombres;1999;247
23;Jaén;23042 Hinojares;Hombres;1998;245
23;Jaén;23042 Hinojares;Hombres;1997;
23;Jaén;23042 Hinojares;Hombres;1996;257
23;Jaén;23042 Hinojares;Mujeres;2023;168
23;Jaén;23042 Hinojares;Mujeres;2022;160
23;Jaén;23042 Hinojares;Mujeres;2021;168
23;Jaén;23042 Hinojares;Mujeres;2020;174
23;Jaén;23042 Hinojares;Mujeres;2019;186
23;Jaén;23042 Hinojares;Mujeres;2018;160
23;Jaén;23042 Hinojares;Mujeres;2017;163
23;Jaén;23042 Hinojares;Mujeres;2016;165
23;Jaén;23042 Hinojares;Mujeres;2015;169
23;Jaén;23042 Hinojares;Mujeres;2014;169
23;Jaén;23042 Hinojares;Mujeres;2013;191
23;Jaén;23042 Hinojares;Mujeres;2012;206
23;Jaén;23042 Hinojares;Mujeres;2011;203
23;Jaén;23042 Hinojares;Mujeres;2010;198
23;Jaén;23042 Hinojares;Mujeres;2009;199
23;Jaén;23042 Hinojares;Mujeres;2008;217
23;Jaén;23042 Hinojares;Mujeres;2007;229
23;Jaén;23042 Hinojares;Mujeres;2006;232
23;Jaén;23042 Hinojares;Mujeres;2005;241
23;Jaén;23042 Hinojares;Mujeres;2004;241
23;Jaén;23042 Hinojares;Mujeres;2003;232
23;Jaén;23042 Hinojares;Mujeres;2002;241
23;Jaén;23042 Hinojares;Mujeres;2001;256
23;Jaén;23042 Hinojares;Mujeres;2000;262
23;Jaén;23042 Hinojares;Mujeres;1999;261
23;Jaén;23042 Hinojares;Mujeres;1998;257
23;Jaén;23042 Hinojares;Mujeres;1997;
23;Jaén;23042 Hinojares;Mujeres;1996;267
23;Jaén;23043 Hornos;Total;2023;574
23;Jaén;23043 Hornos;Total;2022;589
23;Jaén;23043 Hornos;Total;2021;601
23;Jaén;23043 Hornos;Total;2020;594
23;Jaén;23043 Hornos;Total;2019;601
23;Jaén;23043 Hornos;Total;2018;620
23;Jaén;23043 Hornos;Total;2017;631
23;Jaén;23043 Hornos;Total;2016;649
23;Jaén;23043 Hornos;Total;2015;657
23;Jaén;23043 Hornos;Total;2014;658
23;Jaén;23043 Hornos;Total;2013;677
23;Jaén;23043 Hornos;Total;2012;685
23;Jaén;23043 Hornos;Total;2011;675
23;Jaén;23043 Hornos;Total;2010;683
23;Jaén;23043 Hornos;Total;2009;684
23;Jaén;23043 Hornos;Total;2008;679
23;Jaén;23043 Hornos;Total;2007;673
23;Jaén;23043 Hornos;Total;2006;663
23;Jaén;23043 Hornos;Total;2005;657
23;Jaén;23043 Hornos;Total;2004;649
23;Jaén;23043 Hornos;Total;2003;690
23;Jaén;23043 Hornos;Total;2002;693
23;Jaén;23043 Hornos;Total;2001;702
23;Jaén;23043 Hornos;Total;2000;718
23;Jaén;23043 Hornos;Total;1999;744
23;Jaén;23043 Hornos;Total;1998;741
23;Jaén;23043 Hornos;Total;1997;
23;Jaén;23043 Hornos;Total;1996;761
23;Jaén;23043 Hornos;Hombres;2023;278
23;Jaén;23043 Hornos;Hombres;2022;291
23;Jaén;23043 Hornos;Hombres;2021;294
23;Jaén;23043 Hornos;Hombres;2020;295
23;Jaén;23043 Hornos;Hombres;2019;301
23;Jaén;23043 Hornos;Hombres;2018;312
23;Jaén;23043 Hornos;Hombres;2017;318
23;Jaén;23043 Hornos;Hombres;2016;327
23;Jaén;23043 Hornos;Hombres;2015;322
23;Jaén;23043 Hornos;Hombres;2014;317
23;Jaén;23043 Hornos;Hombres;2013;329
23;Jaén;23043 Hornos;Hombres;2012;340
23;Jaén;23043 Hornos;Hombres;2011;332
23;Jaén;23043 Hornos;Hombres;2010;340
23;Jaén;23043 Hornos;Hombres;2009;339
23;Jaén;23043 Hornos;Hombres;2008;340
23;Jaén;23043 Hornos;Hombres;2007;339
23;Jaén;23043 Hornos;Hombres;2006;332
23;Jaén;23043 Hornos;Hombres;2005;330
23;Jaén;23043 Hornos;Hombres;2004;323
23;Jaén;23043 Hornos;Hombres;2003;341
23;Jaén;23043 Hornos;Hombres;2002;338
23;Jaén;23043 Hornos;Hombres;2001;344
23;Jaén;23043 Hornos;Hombres;2000;347
23;Jaén;23043 Hornos;Hombres;1999;361
23;Jaén;23043 Hornos;Hombres;1998;365
23;Jaén;23043 Hornos;Hombres;1997;
23;Jaén;23043 Hornos;Hombres;1996;377
23;Jaén;23043 Hornos;Mujeres;2023;296
23;Jaén;23043 Hornos;Mujeres;2022;298
23;Jaén;23043 Hornos;Mujeres;2021;307
23;Jaén;23043 Hornos;Mujeres;2020;299
23;Jaén;23043 Hornos;Mujeres;2019;300
23;Jaén;23043 Hornos;Mujeres;2018;308
23;Jaén;23043 Hornos;Mujeres;2017;313
23;Jaén;23043 Hornos;Mujeres;2016;322
23;Jaén;23043 Hornos;Mujeres;2015;335
23;Jaén;23043 Hornos;Mujeres;2014;341
23;Jaén;23043 Hornos;Mujeres;2013;348
23;Jaén;23043 Hornos;Mujeres;2012;345
23;Jaén;23043 Hornos;Mujeres;2011;343
23;Jaén;23043 Hornos;Mujeres;2010;343
23;Jaén;23043 Hornos;Mujeres;2009;345
23;Jaén;23043 Hornos;Mujeres;2008;339
23;Jaén;23043 Hornos;Mujeres;2007;334
23;Jaén;23043 Hornos;Mujeres;2006;331
23;Jaén;23043 Hornos;Mujeres;2005;327
23;Jaén;23043 Hornos;Mujeres;2004;326
23;Jaén;23043 Hornos;Mujeres;2003;349
23;Jaén;23043 Hornos;Mujeres;2002;355
23;Jaén;23043 Hornos;Mujeres;2001;358
23;Jaén;23043 Hornos;Mujeres;2000;371
23;Jaén;23043 Hornos;Mujeres;1999;383
23;Jaén;23043 Hornos;Mujeres;1998;376
23;Jaén;23043 Hornos;Mujeres;1997;
23;Jaén;23043 Hornos;Mujeres;1996;384
23;Jaén;23044 Huelma;Total;2023;5559
23;Jaén;23044 Huelma;Total;2022;5615
23;Jaén;23044 Huelma;Total;2021;5682
23;Jaén;23044 Huelma;Total;2020;5744
23;Jaén;23044 Huelma;Total;2019;5776
23;Jaén;23044 Huelma;Total;2018;5845
23;Jaén;23044 Huelma;Total;2017;5932
23;Jaén;23044 Huelma;Total;2016;6021
23;Jaén;23044 Huelma;Total;2015;6089
23;Jaén;23044 Huelma;Total;2014;6114
23;Jaén;23044 Huelma;Total;2013;6141
23;Jaén;23044 Huelma;Total;2012;6162
23;Jaén;23044 Huelma;Total;2011;6174
23;Jaén;23044 Huelma;Total;2010;6208
23;Jaén;23044 Huelma;Total;2009;6231
23;Jaén;23044 Huelma;Total;2008;6233
23;Jaén;23044 Huelma;Total;2007;6221
23;Jaén;23044 Huelma;Total;2006;6172
23;Jaén;23044 Huelma;Total;2005;6180
23;Jaén;23044 Huelma;Total;2004;6136
23;Jaén;23044 Huelma;Total;2003;6106
23;Jaén;23044 Huelma;Total;2002;6093
23;Jaén;23044 Huelma;Total;2001;6054
23;Jaén;23044 Huelma;Total;2000;6232
23;Jaén;23044 Huelma;Total;1999;6047
23;Jaén;23044 Huelma;Total;1998;6051
23;Jaén;23044 Huelma;Total;1997;
23;Jaén;23044 Huelma;Total;1996;6021
23;Jaén;23044 Huelma;Hombres;2023;2742
23;Jaén;23044 Huelma;Hombres;2022;2779
23;Jaén;23044 Huelma;Hombres;2021;2827
23;Jaén;23044 Huelma;Hombres;2020;2857
23;Jaén;23044 Huelma;Hombres;2019;2871
23;Jaén;23044 Huelma;Hombres;2018;2905
23;Jaén;23044 Huelma;Hombres;2017;2950
23;Jaén;23044 Huelma;Hombres;2016;2993
23;Jaén;23044 Huelma;Hombres;2015;3021
23;Jaén;23044 Huelma;Hombres;2014;3047
23;Jaén;23044 Huelma;Hombres;2013;3048
23;Jaén;23044 Huelma;Hombres;2012;3053
23;Jaén;23044 Huelma;Hombres;2011;3057
23;Jaén;23044 Huelma;Hombres;2010;3087
23;Jaén;23044 Huelma;Hombres;2009;3108
23;Jaén;23044 Huelma;Hombres;2008;3154
23;Jaén;23044 Huelma;Hombres;2007;3150
23;Jaén;23044 Huelma;Hombres;2006;3146
23;Jaén;23044 Huelma;Hombres;2005;3170
23;Jaén;23044 Huelma;Hombres;2004;3149
23;Jaén;23044 Huelma;Hombres;2003;3121
23;Jaén;23044 Huelma;Hombres;2002;3116
23;Jaén;23044 Huelma;Hombres;2001;3102
23;Jaén;23044 Huelma;Hombres;2000;3191
23;Jaén;23044 Huelma;Hombres;1999;3082
23;Jaén;23044 Huelma;Hombres;1998;3082
23;Jaén;23044 Huelma;Hombres;1997;
23;Jaén;23044 Huelma;Hombres;1996;3026
23;Jaén;23044 Huelma;Mujeres;2023;2817
23;Jaén;23044 Huelma;Mujeres;2022;2836
23;Jaén;23044 Huelma;Mujeres;2021;2855
23;Jaén;23044 Huelma;Mujeres;2020;2887
23;Jaén;23044 Huelma;Mujeres;2019;2905
23;Jaén;23044 Huelma;Mujeres;2018;2940
23;Jaén;23044 Huelma;Mujeres;2017;2982
23;Jaén;23044 Huelma;Mujeres;2016;3028
23;Jaén;23044 Huelma;Mujeres;2015;3068
23;Jaén;23044 Huelma;Mujeres;2014;3067
23;Jaén;23044 Huelma;Mujeres;2013;3093
23;Jaén;23044 Huelma;Mujeres;2012;3109
23;Jaén;23044 Huelma;Mujeres;2011;3117
23;Jaén;23044 Huelma;Mujeres;2010;3121
23;Jaén;23044 Huelma;Mujeres;2009;3123
23;Jaén;23044 Huelma;Mujeres;2008;3079
23;Jaén;23044 Huelma;Mujeres;2007;3071
23;Jaén;23044 Huelma;Mujeres;2006;3026
23;Jaén;23044 Huelma;Mujeres;2005;3010
23;Jaén;23044 Huelma;Mujeres;2004;2987
23;Jaén;23044 Huelma;Mujeres;2003;2985
23;Jaén;23044 Huelma;Mujeres;2002;2977
23;Jaén;23044 Huelma;Mujeres;2001;2952
23;Jaén;23044 Huelma;Mujeres;2000;3041
23;Jaén;23044 Huelma;Mujeres;1999;2965
23;Jaén;23044 Huelma;Mujeres;1998;2969
23;Jaén;23044 Huelma;Mujeres;1997;
23;Jaén;23044 Huelma;Mujeres;1996;2995
23;Jaén;23045 Huesa;Total;2023;2436
23;Jaén;23045 Huesa;Total;2022;2445
23;Jaén;23045 Huesa;Total;2021;2475
23;Jaén;23045 Huesa;Total;2020;2490
23;Jaén;23045 Huesa;Total;2019;2489
23;Jaén;23045 Huesa;Total;2018;2527
23;Jaén;23045 Huesa;Total;2017;2541
23;Jaén;23045 Huesa;Total;2016;2553
23;Jaén;23045 Huesa;Total;2015;2584
23;Jaén;23045 Huesa;Total;2014;2604
23;Jaén;23045 Huesa;Total;2013;2622
23;Jaén;23045 Huesa;Total;2012;2648
23;Jaén;23045 Huesa;Total;2011;2662
23;Jaén;23045 Huesa;Total;2010;2667
23;Jaén;23045 Huesa;Total;2009;2677
23;Jaén;23045 Huesa;Total;2008;2693
23;Jaén;23045 Huesa;Total;2007;2700
23;Jaén;23045 Huesa;Total;2006;2726
23;Jaén;23045 Huesa;Total;2005;2727
23;Jaén;23045 Huesa;Total;2004;2743
23;Jaén;23045 Huesa;Total;2003;2756
23;Jaén;23045 Huesa;Total;2002;2768
23;Jaén;23045 Huesa;Total;2001;2741
23;Jaén;23045 Huesa;Total;2000;2719
23;Jaén;23045 Huesa;Total;1999;2735
23;Jaén;23045 Huesa;Total;1998;2702
23;Jaén;23045 Huesa;Total;1997;
23;Jaén;23045 Huesa;Total;1996;2764
23;Jaén;23045 Huesa;Hombres;2023;1225
23;Jaén;23045 Huesa;Hombres;2022;1238
23;Jaén;23045 Huesa;Hombres;2021;1251
23;Jaén;23045 Huesa;Hombres;2020;1262
23;Jaén;23045 Huesa;Hombres;2019;1251
23;Jaén;23045 Huesa;Hombres;2018;1270
23;Jaén;23045 Huesa;Hombres;2017;1281
23;Jaén;23045 Huesa;Hombres;2016;1294
23;Jaén;23045 Huesa;Hombres;2015;1301
23;Jaén;23045 Huesa;Hombres;2014;1315
23;Jaén;23045 Huesa;Hombres;2013;1325
23;Jaén;23045 Huesa;Hombres;2012;1339
23;Jaén;23045 Huesa;Hombres;2011;1341
23;Jaén;23045 Huesa;Hombres;2010;1350
23;Jaén;23045 Huesa;Hombres;2009;1360
23;Jaén;23045 Huesa;Hombres;2008;1359
23;Jaén;23045 Huesa;Hombres;2007;1362
23;Jaén;23045 Huesa;Hombres;2006;1382
23;Jaén;23045 Huesa;Hombres;2005;1371
23;Jaén;23045 Huesa;Hombres;2004;1389
23;Jaén;23045 Huesa;Hombres;2003;1397
23;Jaén;23045 Huesa;Hombres;2002;1403
23;Jaén;23045 Huesa;Hombres;2001;1387
23;Jaén;23045 Huesa;Hombres;2000;1367
23;Jaén;23045 Huesa;Hombres;1999;1368
23;Jaén;23045 Huesa;Hombres;1998;1365
23;Jaén;23045 Huesa;Hombres;1997;
23;Jaén;23045 Huesa;Hombres;1996;1409
23;Jaén;23045 Huesa;Mujeres;2023;1211
23;Jaén;23045 Huesa;Mujeres;2022;1207
23;Jaén;23045 Huesa;Mujeres;2021;1224
23;Jaén;23045 Huesa;Mujeres;2020;1228
23;Jaén;23045 Huesa;Mujeres;2019;1238
23;Jaén;23045 Huesa;Mujeres;2018;1257
23;Jaén;23045 Huesa;Mujeres;2017;1260
23;Jaén;23045 Huesa;Mujeres;2016;1259
23;Jaén;23045 Huesa;Mujeres;2015;1283
23;Jaén;23045 Huesa;Mujeres;2014;1289
23;Jaén;23045 Huesa;Mujeres;2013;1297
23;Jaén;23045 Huesa;Mujeres;2012;1309
23;Jaén;23045 Huesa;Mujeres;2011;1321
23;Jaén;23045 Huesa;Mujeres;2010;1317
23;Jaén;23045 Huesa;Mujeres;2009;1317
23;Jaén;23045 Huesa;Mujeres;2008;1334
23;Jaén;23045 Huesa;Mujeres;2007;1338
23;Jaén;23045 Huesa;Mujeres;2006;1344
23;Jaén;23045 Huesa;Mujeres;2005;1356
23;Jaén;23045 Huesa;Mujeres;2004;1354
23;Jaén;23045 Huesa;Mujeres;2003;1359
23;Jaén;23045 Huesa;Mujeres;2002;1365
23;Jaén;23045 Huesa;Mujeres;2001;1354
23;Jaén;23045 Huesa;Mujeres;2000;1352
23;Jaén;23045 Huesa;Mujeres;1999;1367
23;Jaén;23045 Huesa;Mujeres;1998;1337
23;Jaén;23045 Huesa;Mujeres;1997;
23;Jaén;23045 Huesa;Mujeres;1996;1355
23;Jaén;23046 Ibros;Total;2023;2737
23;Jaén;23046 Ibros;Total;2022;2787
23;Jaén;23046 Ibros;Total;2021;2808
23;Jaén;23046 Ibros;Total;2020;2827
23;Jaén;23046 Ibros;Total;2019;2832
23;Jaén;23046 Ibros;Total;2018;2884
23;Jaén;23046 Ibros;Total;2017;2925
23;Jaén;23046 Ibros;Total;2016;2956
23;Jaén;23046 Ibros;Total;2015;2973
23;Jaén;23046 Ibros;Total;2014;3002
23;Jaén;23046 Ibros;Total;2013;3038
23;Jaén;23046 Ibros;Total;2012;3059
23;Jaén;23046 Ibros;Total;2011;3097
23;Jaén;23046 Ibros;Total;2010;3144
23;Jaén;23046 Ibros;Total;2009;3122
23;Jaén;23046 Ibros;Total;2008;3160
23;Jaén;23046 Ibros;Total;2007;3176
23;Jaén;23046 Ibros;Total;2006;3186
23;Jaén;23046 Ibros;Total;2005;3148
23;Jaén;23046 Ibros;Total;2004;3021
23;Jaén;23046 Ibros;Total;2003;3025
23;Jaén;23046 Ibros;Total;2002;3060
23;Jaén;23046 Ibros;Total;2001;3063
23;Jaén;23046 Ibros;Total;2000;3015
23;Jaén;23046 Ibros;Total;1999;3056
23;Jaén;23046 Ibros;Total;1998;3036
23;Jaén;23046 Ibros;Total;1997;
23;Jaén;23046 Ibros;Total;1996;3158
23;Jaén;23046 Ibros;Hombres;2023;1376
23;Jaén;23046 Ibros;Hombres;2022;1397
23;Jaén;23046 Ibros;Hombres;2021;1402
23;Jaén;23046 Ibros;Hombres;2020;1422
23;Jaén;23046 Ibros;Hombres;2019;1422
23;Jaén;23046 Ibros;Hombres;2018;1448
23;Jaén;23046 Ibros;Hombres;2017;1471
23;Jaén;23046 Ibros;Hombres;2016;1477
23;Jaén;23046 Ibros;Hombres;2015;1475
23;Jaén;23046 Ibros;Hombres;2014;1489
23;Jaén;23046 Ibros;Hombres;2013;1511
23;Jaén;23046 Ibros;Hombres;2012;1527
23;Jaén;23046 Ibros;Hombres;2011;1542
23;Jaén;23046 Ibros;Hombres;2010;1581
23;Jaén;23046 Ibros;Hombres;2009;1571
23;Jaén;23046 Ibros;Hombres;2008;1595
23;Jaén;23046 Ibros;Hombres;2007;1609
23;Jaén;23046 Ibros;Hombres;2006;1615
23;Jaén;23046 Ibros;Hombres;2005;1584
23;Jaén;23046 Ibros;Hombres;2004;1525
23;Jaén;23046 Ibros;Hombres;2003;1519
23;Jaén;23046 Ibros;Hombres;2002;1532
23;Jaén;23046 Ibros;Hombres;2001;1540
23;Jaén;23046 Ibros;Hombres;2000;1513
23;Jaén;23046 Ibros;Hombres;1999;1533
23;Jaén;23046 Ibros;Hombres;1998;1525
23;Jaén;23046 Ibros;Hombres;1997;
23;Jaén;23046 Ibros;Hombres;1996;1593
23;Jaén;23046 Ibros;Mujeres;2023;1361
23;Jaén;23046 Ibros;Mujeres;2022;1390
23;Jaén;23046 Ibros;Mujeres;2021;1406
23;Jaén;23046 Ibros;Mujeres;2020;1405
23;Jaén;23046 Ibros;Mujeres;2019;1410
23;Jaén;23046 Ibros;Mujeres;2018;1436
23;Jaén;23046 Ibros;Mujeres;2017;1454
23;Jaén;23046 Ibros;Mujeres;2016;1479
23;Jaén;23046 Ibros;Mujeres;2015;1498
23;Jaén;23046 Ibros;Mujeres;2014;1513
23;Jaén;23046 Ibros;Mujeres;2013;1527
23;Jaén;23046 Ibros;Mujeres;2012;1532
23;Jaén;23046 Ibros;Mujeres;2011;1555
23;Jaén;23046 Ibros;Mujeres;2010;1563
23;Jaén;23046 Ibros;Mujeres;2009;1551
23;Jaén;23046 Ibros;Mujeres;2008;1565
23;Jaén;23046 Ibros;Mujeres;2007;1567
23;Jaén;23046 Ibros;Mujeres;2006;1571
23;Jaén;23046 Ibros;Mujeres;2005;1564
23;Jaén;23046 Ibros;Mujeres;2004;1496
23;Jaén;23046 Ibros;Mujeres;2003;1506
23;Jaén;23046 Ibros;Mujeres;2002;1528
23;Jaén;23046 Ibros;Mujeres;2001;1523
23;Jaén;23046 Ibros;Mujeres;2000;1502
23;Jaén;23046 Ibros;Mujeres;1999;1523
23;Jaén;23046 Ibros;Mujeres;1998;1511
23;Jaén;23046 Ibros;Mujeres;1997;
23;Jaén;23046 Ibros;Mujeres;1996;1565
23;Jaén;23047 Iruela, La;Total;2023;1881
23;Jaén;23047 Iruela, La;Total;2022;1910
23;Jaén;23047 Iruela, La;Total;2021;1892
23;Jaén;23047 Iruela, La;Total;2020;1879
23;Jaén;23047 Iruela, La;Total;2019;1899
23;Jaén;23047 Iruela, La;Total;2018;1935
23;Jaén;23047 Iruela, La;Total;2017;1958
23;Jaén;23047 Iruela, La;Total;2016;1989
23;Jaén;23047 Iruela, La;Total;2015;1999
23;Jaén;23047 Iruela, La;Total;2014;2045
23;Jaén;23047 Iruela, La;Total;2013;2090
23;Jaén;23047 Iruela, La;Total;2012;2132
23;Jaén;23047 Iruela, La;Total;2011;2055
23;Jaén;23047 Iruela, La;Total;2010;2011
23;Jaén;23047 Iruela, La;Total;2009;1985
23;Jaén;23047 Iruela, La;Total;2008;1985
23;Jaén;23047 Iruela, La;Total;2007;1982
23;Jaén;23047 Iruela, La;Total;2006;1989
23;Jaén;23047 Iruela, La;Total;2005;1894
23;Jaén;23047 Iruela, La;Total;2004;1843
23;Jaén;23047 Iruela, La;Total;2003;1860
23;Jaén;23047 Iruela, La;Total;2002;1844
23;Jaén;23047 Iruela, La;Total;2001;1853
23;Jaén;23047 Iruela, La;Total;2000;1907
23;Jaén;23047 Iruela, La;Total;1999;1988
23;Jaén;23047 Iruela, La;Total;1998;2031
23;Jaén;23047 Iruela, La;Total;1997;
23;Jaén;23047 Iruela, La;Total;1996;2106
23;Jaén;23047 Iruela, La;Hombres;2023;943
23;Jaén;23047 Iruela, La;Hombres;2022;967
23;Jaén;23047 Iruela, La;Hombres;2021;952
23;Jaén;23047 Iruela, La;Hombres;2020;938
23;Jaén;23047 Iruela, La;Hombres;2019;948
23;Jaén;23047 Iruela, La;Hombres;2018;964
23;Jaén;23047 Iruela, La;Hombres;2017;973
23;Jaén;23047 Iruela, La;Hombres;2016;977
23;Jaén;23047 Iruela, La;Hombres;2015;988
23;Jaén;23047 Iruela, La;Hombres;2014;1035
23;Jaén;23047 Iruela, La;Hombres;2013;1074
23;Jaén;23047 Iruela, La;Hombres;2012;1110
23;Jaén;23047 Iruela, La;Hombres;2011;1042
23;Jaén;23047 Iruela, La;Hombres;2010;1019
23;Jaén;23047 Iruela, La;Hombres;2009;1005
23;Jaén;23047 Iruela, La;Hombres;2008;1005
23;Jaén;23047 Iruela, La;Hombres;2007;1001
23;Jaén;23047 Iruela, La;Hombres;2006;1002
23;Jaén;23047 Iruela, La;Hombres;2005;951
23;Jaén;23047 Iruela, La;Hombres;2004;927
23;Jaén;23047 Iruela, La;Hombres;2003;933
23;Jaén;23047 Iruela, La;Hombres;2002;925
23;Jaén;23047 Iruela, La;Hombres;2001;944
23;Jaén;23047 Iruela, La;Hombres;2000;967
23;Jaén;23047 Iruela, La;Hombres;1999;1005
23;Jaén;23047 Iruela, La;Hombres;1998;1036
23;Jaén;23047 Iruela, La;Hombres;1997;
23;Jaén;23047 Iruela, La;Hombres;1996;1074
23;Jaén;23047 Iruela, La;Mujeres;2023;938
23;Jaén;23047 Iruela, La;Mujeres;2022;943
23;Jaén;23047 Iruela, La;Mujeres;2021;940
23;Jaén;23047 Iruela, La;Mujeres;2020;941
23;Jaén;23047 Iruela, La;Mujeres;2019;951
23;Jaén;23047 Iruela, La;Mujeres;2018;971
23;Jaén;23047 Iruela, La;Mujeres;2017;985
23;Jaén;23047 Iruela, La;Mujeres;2016;1012
23;Jaén;23047 Iruela, La;Mujeres;2015;1011
23;Jaén;23047 Iruela, La;Mujeres;2014;1010
23;Jaén;23047 Iruela, La;Mujeres;2013;1016
23;Jaén;23047 Iruela, La;Mujeres;2012;1022
23;Jaén;23047 Iruela, La;Mujeres;2011;1013
23;Jaén;23047 Iruela, La;Mujeres;2010;992
23;Jaén;23047 Iruela, La;Mujeres;2009;980
23;Jaén;23047 Iruela, La;Mujeres;2008;980
23;Jaén;23047 Iruela, La;Mujeres;2007;981
23;Jaén;23047 Iruela, La;Mujeres;2006;987
23;Jaén;23047 Iruela, La;Mujeres;2005;943
23;Jaén;23047 Iruela, La;Mujeres;2004;916
23;Jaén;23047 Iruela, La;Mujeres;2003;927
23;Jaén;23047 Iruela, La;Mujeres;2002;919
23;Jaén;23047 Iruela, La;Mujeres;2001;909
23;Jaén;23047 Iruela, La;Mujeres;2000;940
23;Jaén;23047 Iruela, La;Mujeres;1999;983
23;Jaén;23047 Iruela, La;Mujeres;1998;995
23;Jaén;23047 Iruela, La;Mujeres;1997;
23;Jaén;23047 Iruela, La;Mujeres;1996;1032
23;Jaén;23048 Iznatoraf;Total;2023;902
23;Jaén;23048 Iznatoraf;Total;2022;905
23;Jaén;23048 Iznatoraf;Total;2021;907
23;Jaén;23048 Iznatoraf;Total;2020;942
23;Jaén;23048 Iznatoraf;Total;2019;960
23;Jaén;23048 Iznatoraf;Total;2018;995
23;Jaén;23048 Iznatoraf;Total;2017;1000
23;Jaén;23048 Iznatoraf;Total;2016;1031
23;Jaén;23048 Iznatoraf;Total;2015;1016
23;Jaén;23048 Iznatoraf;Total;2014;1038
23;Jaén;23048 Iznatoraf;Total;2013;1054
23;Jaén;23048 Iznatoraf;Total;2012;1080
23;Jaén;23048 Iznatoraf;Total;2011;1083
23;Jaén;23048 Iznatoraf;Total;2010;1079
23;Jaén;23048 Iznatoraf;Total;2009;1107
23;Jaén;23048 Iznatoraf;Total;2008;1126
23;Jaén;23048 Iznatoraf;Total;2007;1121
23;Jaén;23048 Iznatoraf;Total;2006;1155
23;Jaén;23048 Iznatoraf;Total;2005;1188
23;Jaén;23048 Iznatoraf;Total;2004;1205
23;Jaén;23048 Iznatoraf;Total;2003;1235
23;Jaén;23048 Iznatoraf;Total;2002;1274
23;Jaén;23048 Iznatoraf;Total;2001;1283
23;Jaén;23048 Iznatoraf;Total;2000;1218
23;Jaén;23048 Iznatoraf;Total;1999;1220
23;Jaén;23048 Iznatoraf;Total;1998;1204
23;Jaén;23048 Iznatoraf;Total;1997;
23;Jaén;23048 Iznatoraf;Total;1996;1218
23;Jaén;23048 Iznatoraf;Hombres;2023;451
23;Jaén;23048 Iznatoraf;Hombres;2022;454
23;Jaén;23048 Iznatoraf;Hombres;2021;455
23;Jaén;23048 Iznatoraf;Hombres;2020;478
23;Jaén;23048 Iznatoraf;Hombres;2019;496
23;Jaén;23048 Iznatoraf;Hombres;2018;514
23;Jaén;23048 Iznatoraf;Hombres;2017;518
23;Jaén;23048 Iznatoraf;Hombres;2016;539
23;Jaén;23048 Iznatoraf;Hombres;2015;537
23;Jaén;23048 Iznatoraf;Hombres;2014;548
23;Jaén;23048 Iznatoraf;Hombres;2013;564
23;Jaén;23048 Iznatoraf;Hombres;2012;588
23;Jaén;23048 Iznatoraf;Hombres;2011;579
23;Jaén;23048 Iznatoraf;Hombres;2010;563
23;Jaén;23048 Iznatoraf;Hombres;2009;570
23;Jaén;23048 Iznatoraf;Hombres;2008;580
23;Jaén;23048 Iznatoraf;Hombres;2007;574
23;Jaén;23048 Iznatoraf;Hombres;2006;599
23;Jaén;23048 Iznatoraf;Hombres;2005;625
23;Jaén;23048 Iznatoraf;Hombres;2004;635
23;Jaén;23048 Iznatoraf;Hombres;2003;657
23;Jaén;23048 Iznatoraf;Hombres;2002;685
23;Jaén;23048 Iznatoraf;Hombres;2001;680
23;Jaén;23048 Iznatoraf;Hombres;2000;608
23;Jaén;23048 Iznatoraf;Hombres;1999;606
23;Jaén;23048 Iznatoraf;Hombres;1998;593
23;Jaén;23048 Iznatoraf;Hombres;1997;
23;Jaén;23048 Iznatoraf;Hombres;1996;595
23;Jaén;23048 Iznatoraf;Mujeres;2023;451
23;Jaén;23048 Iznatoraf;Mujeres;2022;451
23;Jaén;23048 Iznatoraf;Mujeres;2021;452
23;Jaén;23048 Iznatoraf;Mujeres;2020;464
23;Jaén;23048 Iznatoraf;Mujeres;2019;464
23;Jaén;23048 Iznatoraf;Mujeres;2018;481
23;Jaén;23048 Iznatoraf;Mujeres;2017;482
23;Jaén;23048 Iznatoraf;Mujeres;2016;492
23;Jaén;23048 Iznatoraf;Mujeres;2015;479
23;Jaén;23048 Iznatoraf;Mujeres;2014;490
23;Jaén;23048 Iznatoraf;Mujeres;2013;490
23;Jaén;23048 Iznatoraf;Mujeres;2012;492
23;Jaén;23048 Iznatoraf;Mujeres;2011;504
23;Jaén;23048 Iznatoraf;Mujeres;2010;516
23;Jaén;23048 Iznatoraf;Mujeres;2009;537
23;Jaén;23048 Iznatoraf;Mujeres;2008;546
23;Jaén;23048 Iznatoraf;Mujeres;2007;547
23;Jaén;23048 Iznatoraf;Mujeres;2006;556
23;Jaén;23048 Iznatoraf;Mujeres;2005;563
23;Jaén;23048 Iznatoraf;Mujeres;2004;570
23;Jaén;23048 Iznatoraf;Mujeres;2003;578
23;Jaén;23048 Iznatoraf;Mujeres;2002;589
23;Jaén;23048 Iznatoraf;Mujeres;2001;603
23;Jaén;23048 Iznatoraf;Mujeres;2000;610
23;Jaén;23048 Iznatoraf;Mujeres;1999;614
23;Jaén;23048 Iznatoraf;Mujeres;1998;611
23;Jaén;23048 Iznatoraf;Mujeres;1997;
23;Jaén;23048 Iznatoraf;Mujeres;1996;623
23;Jaén;23049 Jabalquinto;Total;2023;1962
23;Jaén;23049 Jabalquinto;Total;2022;1968
23;Jaén;23049 Jabalquinto;Total;2021;2013
23;Jaén;23049 Jabalquinto;Total;2020;2017
23;Jaén;23049 Jabalquinto;Total;2019;2039
23;Jaén;23049 Jabalquinto;Total;2018;2070
23;Jaén;23049 Jabalquinto;Total;2017;2114
23;Jaén;23049 Jabalquinto;Total;2016;2152
23;Jaén;23049 Jabalquinto;Total;2015;2201
23;Jaén;23049 Jabalquinto;Total;2014;2250
23;Jaén;23049 Jabalquinto;Total;2013;2300
23;Jaén;23049 Jabalquinto;Total;2012;2335
23;Jaén;23049 Jabalquinto;Total;2011;2422
23;Jaén;23049 Jabalquinto;Total;2010;2337
23;Jaén;23049 Jabalquinto;Total;2009;2351
23;Jaén;23049 Jabalquinto;Total;2008;2393
23;Jaén;23049 Jabalquinto;Total;2007;2408
23;Jaén;23049 Jabalquinto;Total;2006;2416
23;Jaén;23049 Jabalquinto;Total;2005;2420
23;Jaén;23049 Jabalquinto;Total;2004;2420
23;Jaén;23049 Jabalquinto;Total;2003;2454
23;Jaén;23049 Jabalquinto;Total;2002;2478
23;Jaén;23049 Jabalquinto;Total;2001;2533
23;Jaén;23049 Jabalquinto;Total;2000;2547
23;Jaén;23049 Jabalquinto;Total;1999;2552
23;Jaén;23049 Jabalquinto;Total;1998;2583
23;Jaén;23049 Jabalquinto;Total;1997;
23;Jaén;23049 Jabalquinto;Total;1996;2631
23;Jaén;23049 Jabalquinto;Hombres;2023;989
23;Jaén;23049 Jabalquinto;Hombres;2022;984
23;Jaén;23049 Jabalquinto;Hombres;2021;1014
23;Jaén;23049 Jabalquinto;Hombres;2020;1022
23;Jaén;23049 Jabalquinto;Hombres;2019;1025
23;Jaén;23049 Jabalquinto;Hombres;2018;1042
23;Jaén;23049 Jabalquinto;Hombres;2017;1058
23;Jaén;23049 Jabalquinto;Hombres;2016;1070
23;Jaén;23049 Jabalquinto;Hombres;2015;1111
23;Jaén;23049 Jabalquinto;Hombres;2014;1127
23;Jaén;23049 Jabalquinto;Hombres;2013;1161
23;Jaén;23049 Jabalquinto;Hombres;2012;1187
23;Jaén;23049 Jabalquinto;Hombres;2011;1230
23;Jaén;23049 Jabalquinto;Hombres;2010;1186
23;Jaén;23049 Jabalquinto;Hombres;2009;1185
23;Jaén;23049 Jabalquinto;Hombres;2008;1216
23;Jaén;23049 Jabalquinto;Hombres;2007;1211
23;Jaén;23049 Jabalquinto;Hombres;2006;1215
23;Jaén;23049 Jabalquinto;Hombres;2005;1220
23;Jaén;23049 Jabalquinto;Hombres;2004;1220
23;Jaén;23049 Jabalquinto;Hombres;2003;1239
23;Jaén;23049 Jabalquinto;Hombres;2002;1230
23;Jaén;23049 Jabalquinto;Hombres;2001;1258
23;Jaén;23049 Jabalquinto;Hombres;2000;1267
23;Jaén;23049 Jabalquinto;Hombres;1999;1272
23;Jaén;23049 Jabalquinto;Hombres;1998;1284
23;Jaén;23049 Jabalquinto;Hombres;1997;
23;Jaén;23049 Jabalquinto;Hombres;1996;1305
23;Jaén;23049 Jabalquinto;Mujeres;2023;973
23;Jaén;23049 Jabalquinto;Mujeres;2022;984
23;Jaén;23049 Jabalquinto;Mujeres;2021;999
23;Jaén;23049 Jabalquinto;Mujeres;2020;995
23;Jaén;23049 Jabalquinto;Mujeres;2019;1014
23;Jaén;23049 Jabalquinto;Mujeres;2018;1028
23;Jaén;23049 Jabalquinto;Mujeres;2017;1056
23;Jaén;23049 Jabalquinto;Mujeres;2016;1082
23;Jaén;23049 Jabalquinto;Mujeres;2015;1090
23;Jaén;23049 Jabalquinto;Mujeres;2014;1123
23;Jaén;23049 Jabalquinto;Mujeres;2013;1139
23;Jaén;23049 Jabalquinto;Mujeres;2012;1148
23;Jaén;23049 Jabalquinto;Mujeres;2011;1192
23;Jaén;23049 Jabalquinto;Mujeres;2010;1151
23;Jaén;23049 Jabalquinto;Mujeres;2009;1166
23;Jaén;23049 Jabalquinto;Mujeres;2008;1177
23;Jaén;23049 Jabalquinto;Mujeres;2007;1197
23;Jaén;23049 Jabalquinto;Mujeres;2006;1201
23;Jaén;23049 Jabalquinto;Mujeres;2005;1200
23;Jaén;23049 Jabalquinto;Mujeres;2004;1200
23;Jaén;23049 Jabalquinto;Mujeres;2003;1215
23;Jaén;23049 Jabalquinto;Mujeres;2002;1248
23;Jaén;23049 Jabalquinto;Mujeres;2001;1275
23;Jaén;23049 Jabalquinto;Mujeres;2000;1280
23;Jaén;23049 Jabalquinto;Mujeres;1999;1280
23;Jaén;23049 Jabalquinto;Mujeres;1998;1299
23;Jaén;23049 Jabalquinto;Mujeres;1997;
23;Jaén;23049 Jabalquinto;Mujeres;1996;1326
23;Jaén;23050 Jaén;Total;2023;111888
23;Jaén;23050 Jaén;Total;2022;111669
23;Jaén;23050 Jaén;Total;2021;111932
23;Jaén;23050 Jaén;Total;2020;112757
23;Jaén;23050 Jaén;Total;2019;112999
23;Jaén;23050 Jaén;Total;2018;113457
23;Jaén;23050 Jaén;Total;2017;114238
23;Jaén;23050 Jaén;Total;2016;114658
23;Jaén;23050 Jaén;Total;2015;115395
23;Jaén;23050 Jaén;Total;2014;115837
23;Jaén;23050 Jaén;Total;2013;116176
23;Jaén;23050 Jaén;Total;2012;116731
23;Jaén;23050 Jaén;Total;2011;116781
23;Jaén;23050 Jaén;Total;2010;116790
23;Jaén;23050 Jaén;Total;2009;116557
23;Jaén;23050 Jaén;Total;2008;116417
23;Jaén;23050 Jaén;Total;2007;116393
23;Jaén;23050 Jaén;Total;2006;116769
23;Jaén;23050 Jaén;Total;2005;116540
23;Jaén;23050 Jaén;Total;2004;115917
23;Jaén;23050 Jaén;Total;2003;115638
23;Jaén;23050 Jaén;Total;2002;112921
23;Jaén;23050 Jaén;Total;2001;111406
23;Jaén;23050 Jaén;Total;2000;110781
23;Jaén;23050 Jaén;Total;1999;109247
23;Jaén;23050 Jaén;Total;1998;107184
23;Jaén;23050 Jaén;Total;1997;
23;Jaén;23050 Jaén;Total;1996;104776
23;Jaén;23050 Jaén;Hombres;2023;53724
23;Jaén;23050 Jaén;Hombres;2022;53690
23;Jaén;23050 Jaén;Hombres;2021;53799
23;Jaén;23050 Jaén;Hombres;2020;54244
23;Jaén;23050 Jaén;Hombres;2019;54420
23;Jaén;23050 Jaén;Hombres;2018;54533
23;Jaén;23050 Jaén;Hombres;2017;54948
23;Jaén;23050 Jaén;Hombres;2016;55159
23;Jaén;23050 Jaén;Hombres;2015;55553
23;Jaén;23050 Jaén;Hombres;2014;55842
23;Jaén;23050 Jaén;Hombres;2013;56115
23;Jaén;23050 Jaén;Hombres;2012;56446
23;Jaén;23050 Jaén;Hombres;2011;56476
23;Jaén;23050 Jaén;Hombres;2010;56373
23;Jaén;23050 Jaén;Hombres;2009;56348
23;Jaén;23050 Jaén;Hombres;2008;56355
23;Jaén;23050 Jaén;Hombres;2007;56228
23;Jaén;23050 Jaén;Hombres;2006;56459
23;Jaén;23050 Jaén;Hombres;2005;56330
23;Jaén;23050 Jaén;Hombres;2004;55997
23;Jaén;23050 Jaén;Hombres;2003;55892
23;Jaén;23050 Jaén;Hombres;2002;54565
23;Jaén;23050 Jaén;Hombres;2001;53833
23;Jaén;23050 Jaén;Hombres;2000;53491
23;Jaén;23050 Jaén;Hombres;1999;52727
23;Jaén;23050 Jaén;Hombres;1998;51658
23;Jaén;23050 Jaén;Hombres;1997;
23;Jaén;23050 Jaén;Hombres;1996;50470
23;Jaén;23050 Jaén;Mujeres;2023;58164
23;Jaén;23050 Jaén;Mujeres;2022;57979
23;Jaén;23050 Jaén;Mujeres;2021;58133
23;Jaén;23050 Jaén;Mujeres;2020;58513
23;Jaén;23050 Jaén;Mujeres;2019;58579
23;Jaén;23050 Jaén;Mujeres;2018;58924
23;Jaén;23050 Jaén;Mujeres;2017;59290
23;Jaén;23050 Jaén;Mujeres;2016;59499
23;Jaén;23050 Jaén;Mujeres;2015;59842
23;Jaén;23050 Jaén;Mujeres;2014;59995
23;Jaén;23050 Jaén;Mujeres;2013;60061
23;Jaén;23050 Jaén;Mujeres;2012;60285
23;Jaén;23050 Jaén;Mujeres;2011;60305
23;Jaén;23050 Jaén;Mujeres;2010;60417
23;Jaén;23050 Jaén;Mujeres;2009;60209
23;Jaén;23050 Jaén;Mujeres;2008;60062
23;Jaén;23050 Jaén;Mujeres;2007;60165
23;Jaén;23050 Jaén;Mujeres;2006;60310
23;Jaén;23050 Jaén;Mujeres;2005;60210
23;Jaén;23050 Jaén;Mujeres;2004;59920
23;Jaén;23050 Jaén;Mujeres;2003;59746
23;Jaén;23050 Jaén;Mujeres;2002;58356
23;Jaén;23050 Jaén;Mujeres;2001;57573
23;Jaén;23050 Jaén;Mujeres;2000;57290
23;Jaén;23050 Jaén;Mujeres;1999;56520
23;Jaén;23050 Jaén;Mujeres;1998;55526
23;Jaén;23050 Jaén;Mujeres;1997;
23;Jaén;23050 Jaén;Mujeres;1996;54306
23;Jaén;23051 Jamilena;Total;2023;3319
23;Jaén;23051 Jamilena;Total;2022;3314
23;Jaén;23051 Jamilena;Total;2021;3302
23;Jaén;23051 Jamilena;Total;2020;3271
23;Jaén;23051 Jamilena;Total;2019;3293
23;Jaén;23051 Jamilena;Total;2018;3327
23;Jaén;23051 Jamilena;Total;2017;3343
23;Jaén;23051 Jamilena;Total;2016;3376
23;Jaén;23051 Jamilena;Total;2015;3404
23;Jaén;23051 Jamilena;Total;2014;3466
23;Jaén;23051 Jamilena;Total;2013;3507
23;Jaén;23051 Jamilena;Total;2012;3496
23;Jaén;23051 Jamilena;Total;2011;3494
23;Jaén;23051 Jamilena;Total;2010;3521
23;Jaén;23051 Jamilena;Total;2009;3485
23;Jaén;23051 Jamilena;Total;2008;3523
23;Jaén;23051 Jamilena;Total;2007;3501
23;Jaén;23051 Jamilena;Total;2006;3459
23;Jaén;23051 Jamilena;Total;2005;3429
23;Jaén;23051 Jamilena;Total;2004;3379
23;Jaén;23051 Jamilena;Total;2003;3371
23;Jaén;23051 Jamilena;Total;2002;3351
23;Jaén;23051 Jamilena;Total;2001;3344
23;Jaén;23051 Jamilena;Total;2000;3301
23;Jaén;23051 Jamilena;Total;1999;3327
23;Jaén;23051 Jamilena;Total;1998;3289
23;Jaén;23051 Jamilena;Total;1997;
23;Jaén;23051 Jamilena;Total;1996;3306
23;Jaén;23051 Jamilena;Hombres;2023;1664
23;Jaén;23051 Jamilena;Hombres;2022;1655
23;Jaén;23051 Jamilena;Hombres;2021;1668
23;Jaén;23051 Jamilena;Hombres;2020;1654
23;Jaén;23051 Jamilena;Hombres;2019;1668
23;Jaén;23051 Jamilena;Hombres;2018;1684
23;Jaén;23051 Jamilena;Hombres;2017;1695
23;Jaén;23051 Jamilena;Hombres;2016;1706
23;Jaén;23051 Jamilena;Hombres;2015;1727
23;Jaén;23051 Jamilena;Hombres;2014;1765
23;Jaén;23051 Jamilena;Hombres;2013;1796
23;Jaén;23051 Jamilena;Hombres;2012;1782
23;Jaén;23051 Jamilena;Hombres;2011;1780
23;Jaén;23051 Jamilena;Hombres;2010;1792
23;Jaén;23051 Jamilena;Hombres;2009;1772
23;Jaén;23051 Jamilena;Hombres;2008;1795
23;Jaén;23051 Jamilena;Hombres;2007;1785
23;Jaén;23051 Jamilena;Hombres;2006;1758
23;Jaén;23051 Jamilena;Hombres;2005;1732
23;Jaén;23051 Jamilena;Hombres;2004;1709
23;Jaén;23051 Jamilena;Hombres;2003;1703
23;Jaén;23051 Jamilena;Hombres;2002;1704
23;Jaén;23051 Jamilena;Hombres;2001;1705
23;Jaén;23051 Jamilena;Hombres;2000;1683
23;Jaén;23051 Jamilena;Hombres;1999;1692
23;Jaén;23051 Jamilena;Hombres;1998;1673
23;Jaén;23051 Jamilena;Hombres;1997;
23;Jaén;23051 Jamilena;Hombres;1996;1676
23;Jaén;23051 Jamilena;Mujeres;2023;1655
23;Jaén;23051 Jamilena;Mujeres;2022;1659
23;Jaén;23051 Jamilena;Mujeres;2021;1634
23;Jaén;23051 Jamilena;Mujeres;2020;1617
23;Jaén;23051 Jamilena;Mujeres;2019;1625
23;Jaén;23051 Jamilena;Mujeres;2018;1643
23;Jaén;23051 Jamilena;Mujeres;2017;1648
23;Jaén;23051 Jamilena;Mujeres;2016;1670
23;Jaén;23051 Jamilena;Mujeres;2015;1677
23;Jaén;23051 Jamilena;Mujeres;2014;1701
23;Jaén;23051 Jamilena;Mujeres;2013;1711
23;Jaén;23051 Jamilena;Mujeres;2012;1714
23;Jaén;23051 Jamilena;Mujeres;2011;1714
23;Jaén;23051 Jamilena;Mujeres;2010;1729
23;Jaén;23051 Jamilena;Mujeres;2009;1713
23;Jaén;23051 Jamilena;Mujeres;2008;1728
23;Jaén;23051 Jamilena;Mujeres;2007;1716
23;Jaén;23051 Jamilena;Mujeres;2006;1701
23;Jaén;23051 Jamilena;Mujeres;2005;1697
23;Jaén;23051 Jamilena;Mujeres;2004;1670
23;Jaén;23051 Jamilena;Mujeres;2003;1668
23;Jaén;23051 Jamilena;Mujeres;2002;1647
23;Jaén;23051 Jamilena;Mujeres;2001;1639
23;Jaén;23051 Jamilena;Mujeres;2000;1618
23;Jaén;23051 Jamilena;Mujeres;1999;1635
23;Jaén;23051 Jamilena;Mujeres;1998;1616
23;Jaén;23051 Jamilena;Mujeres;1997;
23;Jaén;23051 Jamilena;Mujeres;1996;1630
23;Jaén;23052 Jimena;Total;2023;1223
23;Jaén;23052 Jimena;Total;2022;1253
23;Jaén;23052 Jimena;Total;2021;1249
23;Jaén;23052 Jimena;Total;2020;1269
23;Jaén;23052 Jimena;Total;2019;1284
23;Jaén;23052 Jimena;Total;2018;1286
23;Jaén;23052 Jimena;Total;2017;1293
23;Jaén;23052 Jimena;Total;2016;1323
23;Jaén;23052 Jimena;Total;2015;1344
23;Jaén;23052 Jimena;Total;2014;1358
23;Jaén;23052 Jimena;Total;2013;1378
23;Jaén;23052 Jimena;Total;2012;1399
23;Jaén;23052 Jimena;Total;2011;1415
23;Jaén;23052 Jimena;Total;2010;1435
23;Jaén;23052 Jimena;Total;2009;1464
23;Jaén;23052 Jimena;Total;2008;1493
23;Jaén;23052 Jimena;Total;2007;1489
23;Jaén;23052 Jimena;Total;2006;1507
23;Jaén;23052 Jimena;Total;2005;1478
23;Jaén;23052 Jimena;Total;2004;1500
23;Jaén;23052 Jimena;Total;2003;1501
23;Jaén;23052 Jimena;Total;2002;1504
23;Jaén;23052 Jimena;Total;2001;1546
23;Jaén;23052 Jimena;Total;2000;1582
23;Jaén;23052 Jimena;Total;1999;1585
23;Jaén;23052 Jimena;Total;1998;1589
23;Jaén;23052 Jimena;Total;1997;
23;Jaén;23052 Jimena;Total;1996;1604
23;Jaén;23052 Jimena;Hombres;2023;595
23;Jaén;23052 Jimena;Hombres;2022;611
23;Jaén;23052 Jimena;Hombres;2021;605
23;Jaén;23052 Jimena;Hombres;2020;612
23;Jaén;23052 Jimena;Hombres;2019;624
23;Jaén;23052 Jimena;Hombres;2018;622
23;Jaén;23052 Jimena;Hombres;2017;622
23;Jaén;23052 Jimena;Hombres;2016;637
23;Jaén;23052 Jimena;Hombres;2015;652
23;Jaén;23052 Jimena;Hombres;2014;665
23;Jaén;23052 Jimena;Hombres;2013;670
23;Jaén;23052 Jimena;Hombres;2012;681
23;Jaén;23052 Jimena;Hombres;2011;682
23;Jaén;23052 Jimena;Hombres;2010;697
23;Jaén;23052 Jimena;Hombres;2009;710
23;Jaén;23052 Jimena;Hombres;2008;727
23;Jaén;23052 Jimena;Hombres;2007;722
23;Jaén;23052 Jimena;Hombres;2006;728
23;Jaén;23052 Jimena;Hombres;2005;715
23;Jaén;23052 Jimena;Hombres;2004;722
23;Jaén;23052 Jimena;Hombres;2003;722
23;Jaén;23052 Jimena;Hombres;2002;720
23;Jaén;23052 Jimena;Hombres;2001;740
23;Jaén;23052 Jimena;Hombres;2000;763
23;Jaén;23052 Jimena;Hombres;1999;766
23;Jaén;23052 Jimena;Hombres;1998;769
23;Jaén;23052 Jimena;Hombres;1997;
23;Jaén;23052 Jimena;Hombres;1996;780
23;Jaén;23052 Jimena;Mujeres;2023;628
23;Jaén;23052 Jimena;Mujeres;2022;642
23;Jaén;23052 Jimena;Mujeres;2021;644
23;Jaén;23052 Jimena;Mujeres;2020;657
23;Jaén;23052 Jimena;Mujeres;2019;660
23;Jaén;23052 Jimena;Mujeres;2018;664
23;Jaén;23052 Jimena;Mujeres;2017;671
23;Jaén;23052 Jimena;Mujeres;2016;686
23;Jaén;23052 Jimena;Mujeres;2015;692
23;Jaén;23052 Jimena;Mujeres;2014;693
23;Jaén;23052 Jimena;Mujeres;2013;708
23;Jaén;23052 Jimena;Mujeres;2012;718
23;Jaén;23052 Jimena;Mujeres;2011;733
23;Jaén;23052 Jimena;Mujeres;2010;738
23;Jaén;23052 Jimena;Mujeres;2009;754
23;Jaén;23052 Jimena;Mujeres;2008;766
23;Jaén;23052 Jimena;Mujeres;2007;767
23;Jaén;23052 Jimena;Mujeres;2006;779
23;Jaén;23052 Jimena;Mujeres;2005;763
23;Jaén;23052 Jimena;Mujeres;2004;778
23;Jaén;23052 Jimena;Mujeres;2003;779
23;Jaén;23052 Jimena;Mujeres;2002;784
23;Jaén;23052 Jimena;Mujeres;2001;806
23;Jaén;23052 Jimena;Mujeres;2000;819
23;Jaén;23052 Jimena;Mujeres;1999;819
23;Jaén;23052 Jimena;Mujeres;1998;820
23;Jaén;23052 Jimena;Mujeres;1997;
23;Jaén;23052 Jimena;Mujeres;1996;824
23;Jaén;23053 Jódar;Total;2023;11449
23;Jaén;23053 Jódar;Total;2022;11533
23;Jaén;23053 Jódar;Total;2021;11583
23;Jaén;23053 Jódar;Total;2020;11634
23;Jaén;23053 Jódar;Total;2019;11667
23;Jaén;23053 Jódar;Total;2018;11805
23;Jaén;23053 Jódar;Total;2017;11901
23;Jaén;23053 Jódar;Total;2016;11994
23;Jaén;23053 Jódar;Total;2015;12022
23;Jaén;23053 Jódar;Total;2014;12082
23;Jaén;23053 Jódar;Total;2013;12155
23;Jaén;23053 Jódar;Total;2012;12117
23;Jaén;23053 Jódar;Total;2011;12120
23;Jaén;23053 Jódar;Total;2010;12117
23;Jaén;23053 Jódar;Total;2009;12157
23;Jaén;23053 Jódar;Total;2008;12119
23;Jaén;23053 Jódar;Total;2007;12168
23;Jaén;23053 Jódar;Total;2006;12150
23;Jaén;23053 Jódar;Total;2005;12153
23;Jaén;23053 Jódar;Total;2004;12135
23;Jaén;23053 Jódar;Total;2003;11991
23;Jaén;23053 Jódar;Total;2002;11991
23;Jaén;23053 Jódar;Total;2001;11979
23;Jaén;23053 Jódar;Total;2000;11805
23;Jaén;23053 Jódar;Total;1999;12051
23;Jaén;23053 Jódar;Total;1998;12115
23;Jaén;23053 Jódar;Total;1997;
23;Jaén;23053 Jódar;Total;1996;12060
23;Jaén;23053 Jódar;Hombres;2023;5705
23;Jaén;23053 Jódar;Hombres;2022;5744
23;Jaén;23053 Jódar;Hombres;2021;5783
23;Jaén;23053 Jódar;Hombres;2020;5813
23;Jaén;23053 Jódar;Hombres;2019;5822
23;Jaén;23053 Jódar;Hombres;2018;5877
23;Jaén;23053 Jódar;Hombres;2017;5903
23;Jaén;23053 Jódar;Hombres;2016;5944
23;Jaén;23053 Jódar;Hombres;2015;5959
23;Jaén;23053 Jódar;Hombres;2014;5963
23;Jaén;23053 Jódar;Hombres;2013;6001
23;Jaén;23053 Jódar;Hombres;2012;6011
23;Jaén;23053 Jódar;Hombres;2011;6007
23;Jaén;23053 Jódar;Hombres;2010;6010
23;Jaén;23053 Jódar;Hombres;2009;6027
23;Jaén;23053 Jódar;Hombres;2008;6050
23;Jaén;23053 Jódar;Hombres;2007;6082
23;Jaén;23053 Jódar;Hombres;2006;6071
23;Jaén;23053 Jódar;Hombres;2005;6058
23;Jaén;23053 Jódar;Hombres;2004;6054
23;Jaén;23053 Jódar;Hombres;2003;5966
23;Jaén;23053 Jódar;Hombres;2002;5950
23;Jaén;23053 Jódar;Hombres;2001;5947
23;Jaén;23053 Jódar;Hombres;2000;5848
23;Jaén;23053 Jódar;Hombres;1999;5954
23;Jaén;23053 Jódar;Hombres;1998;5991
23;Jaén;23053 Jódar;Hombres;1997;
23;Jaén;23053 Jódar;Hombres;1996;5970
23;Jaén;23053 Jódar;Mujeres;2023;5744
23;Jaén;23053 Jódar;Mujeres;2022;5789
23;Jaén;23053 Jódar;Mujeres;2021;5800
23;Jaén;23053 Jódar;Mujeres;2020;5821
23;Jaén;23053 Jódar;Mujeres;2019;5845
23;Jaén;23053 Jódar;Mujeres;2018;5928
23;Jaén;23053 Jódar;Mujeres;2017;5998
23;Jaén;23053 Jódar;Mujeres;2016;6050
23;Jaén;23053 Jódar;Mujeres;2015;6063
23;Jaén;23053 Jódar;Mujeres;2014;6119
23;Jaén;23053 Jódar;Mujeres;2013;6154
23;Jaén;23053 Jódar;Mujeres;2012;6106
23;Jaén;23053 Jódar;Mujeres;2011;6113
23;Jaén;23053 Jódar;Mujeres;2010;6107
23;Jaén;23053 Jódar;Mujeres;2009;6130
23;Jaén;23053 Jódar;Mujeres;2008;6069
23;Jaén;23053 Jódar;Mujeres;2007;6086
23;Jaén;23053 Jódar;Mujeres;2006;6079
23;Jaén;23053 Jódar;Mujeres;2005;6095
23;Jaén;23053 Jódar;Mujeres;2004;6081
23;Jaén;23053 Jódar;Mujeres;2003;6025
23;Jaén;23053 Jódar;Mujeres;2002;6041
23;Jaén;23053 Jódar;Mujeres;2001;6032
23;Jaén;23053 Jódar;Mujeres;2000;5957
23;Jaén;23053 Jódar;Mujeres;1999;6097
23;Jaén;23053 Jódar;Mujeres;1998;6124
23;Jaén;23053 Jódar;Mujeres;1997;
23;Jaén;23053 Jódar;Mujeres;1996;6090
23;Jaén;23040 Lahiguera;Total;2023;1604
23;Jaén;23040 Lahiguera;Total;2022;1638
23;Jaén;23040 Lahiguera;Total;2021;1652
23;Jaén;23040 Lahiguera;Total;2020;1686
23;Jaén;23040 Lahiguera;Total;2019;1710
23;Jaén;23040 Lahiguera;Total;2018;1742
23;Jaén;23040 Lahiguera;Total;2017;1759
23;Jaén;23040 Lahiguera;Total;2016;1771
23;Jaén;23040 Lahiguera;Total;2015;1783
23;Jaén;23040 Lahiguera;Total;2014;1804
23;Jaén;23040 Lahiguera;Total;2013;1833
23;Jaén;23040 Lahiguera;Total;2012;1856
23;Jaén;23040 Lahiguera;Total;2011;1878
23;Jaén;23040 Lahiguera;Total;2010;1878
23;Jaén;23040 Lahiguera;Total;2009;1886
23;Jaén;23040 Lahiguera;Total;2008;1892
23;Jaén;23040 Lahiguera;Total;2007;1884
23;Jaén;23040 Lahiguera;Total;2006;1877
23;Jaén;23040 Lahiguera;Total;2005;1890
23;Jaén;23040 Lahiguera;Total;2004;1887
23;Jaén;23040 Lahiguera;Total;2003;1884
23;Jaén;23040 Lahiguera;Total;2002;1849
23;Jaén;23040 Lahiguera;Total;2001;1893
23;Jaén;23040 Lahiguera;Total;2000;1913
23;Jaén;23040 Lahiguera;Total;1999;1937
23;Jaén;23040 Lahiguera;Total;1998;1921
23;Jaén;23040 Lahiguera;Total;1997;
23;Jaén;23040 Lahiguera;Total;1996;1919
23;Jaén;23040 Lahiguera;Hombres;2023;794
23;Jaén;23040 Lahiguera;Hombres;2022;810
23;Jaén;23040 Lahiguera;Hombres;2021;816
23;Jaén;23040 Lahiguera;Hombres;2020;827
23;Jaén;23040 Lahiguera;Hombres;2019;840
23;Jaén;23040 Lahiguera;Hombres;2018;852
23;Jaén;23040 Lahiguera;Hombres;2017;862
23;Jaén;23040 Lahiguera;Hombres;2016;872
23;Jaén;23040 Lahiguera;Hombres;2015;877
23;Jaén;23040 Lahiguera;Hombres;2014;885
23;Jaén;23040 Lahiguera;Hombres;2013;903
23;Jaén;23040 Lahiguera;Hombres;2012;913
23;Jaén;23040 Lahiguera;Hombres;2011;932
23;Jaén;23040 Lahiguera;Hombres;2010;932
23;Jaén;23040 Lahiguera;Hombres;2009;940
23;Jaén;23040 Lahiguera;Hombres;2008;939
23;Jaén;23040 Lahiguera;Hombres;2007;940
23;Jaén;23040 Lahiguera;Hombres;2006;937
23;Jaén;23040 Lahiguera;Hombres;2005;940
23;Jaén;23040 Lahiguera;Hombres;2004;937
23;Jaén;23040 Lahiguera;Hombres;2003;942
23;Jaén;23040 Lahiguera;Hombres;2002;916
23;Jaén;23040 Lahiguera;Hombres;2001;942
23;Jaén;23040 Lahiguera;Hombres;2000;945
23;Jaén;23040 Lahiguera;Hombres;1999;954
23;Jaén;23040 Lahiguera;Hombres;1998;937
23;Jaén;23040 Lahiguera;Hombres;1997;
23;Jaén;23040 Lahiguera;Hombres;1996;934
23;Jaén;23040 Lahiguera;Mujeres;2023;810
23;Jaén;23040 Lahiguera;Mujeres;2022;828
23;Jaén;23040 Lahiguera;Mujeres;2021;836
23;Jaén;23040 Lahiguera;Mujeres;2020;859
23;Jaén;23040 Lahiguera;Mujeres;2019;870
23;Jaén;23040 Lahiguera;Mujeres;2018;890
23;Jaén;23040 Lahiguera;Mujeres;2017;897
23;Jaén;23040 Lahiguera;Mujeres;2016;899
23;Jaén;23040 Lahiguera;Mujeres;2015;906
23;Jaén;23040 Lahiguera;Mujeres;2014;919
23;Jaén;23040 Lahiguera;Mujeres;2013;930
23;Jaén;23040 Lahiguera;Mujeres;2012;943
23;Jaén;23040 Lahiguera;Mujeres;2011;946
23;Jaén;23040 Lahiguera;Mujeres;2010;946
23;Jaén;23040 Lahiguera;Mujeres;2009;946
23;Jaén;23040 Lahiguera;Mujeres;2008;953
23;Jaén;23040 Lahiguera;Mujeres;2007;944
23;Jaén;23040 Lahiguera;Mujeres;2006;940
23;Jaén;23040 Lahiguera;Mujeres;2005;950
23;Jaén;23040 Lahiguera;Mujeres;2004;950
23;Jaén;23040 Lahiguera;Mujeres;2003;942
23;Jaén;23040 Lahiguera;Mujeres;2002;933
23;Jaén;23040 Lahiguera;Mujeres;2001;951
23;Jaén;23040 Lahiguera;Mujeres;2000;968
23;Jaén;23040 Lahiguera;Mujeres;1999;983
23;Jaén;23040 Lahiguera;Mujeres;1998;984
23;Jaén;23040 Lahiguera;Mujeres;1997;
23;Jaén;23040 Lahiguera;Mujeres;1996;985
23;Jaén;23054 Larva;Total;2023;444
23;Jaén;23054 Larva;Total;2022;459
23;Jaén;23054 Larva;Total;2021;467
23;Jaén;23054 Larva;Total;2020;474
23;Jaén;23054 Larva;Total;2019;472
23;Jaén;23054 Larva;Total;2018;482
23;Jaén;23054 Larva;Total;2017;486
23;Jaén;23054 Larva;Total;2016;483
23;Jaén;23054 Larva;Total;2015;487
23;Jaén;23054 Larva;Total;2014;488
23;Jaén;23054 Larva;Total;2013;487
23;Jaén;23054 Larva;Total;2012;495
23;Jaén;23054 Larva;Total;2011;494
23;Jaén;23054 Larva;Total;2010;502
23;Jaén;23054 Larva;Total;2009;478
23;Jaén;23054 Larva;Total;2008;475
23;Jaén;23054 Larva;Total;2007;478
23;Jaén;23054 Larva;Total;2006;474
23;Jaén;23054 Larva;Total;2005;474
23;Jaén;23054 Larva;Total;2004;497
23;Jaén;23054 Larva;Total;2003;503
23;Jaén;23054 Larva;Total;2002;511
23;Jaén;23054 Larva;Total;2001;516
23;Jaén;23054 Larva;Total;2000;521
23;Jaén;23054 Larva;Total;1999;518
23;Jaén;23054 Larva;Total;1998;531
23;Jaén;23054 Larva;Total;1997;
23;Jaén;23054 Larva;Total;1996;546
23;Jaén;23054 Larva;Hombres;2023;231
23;Jaén;23054 Larva;Hombres;2022;237
23;Jaén;23054 Larva;Hombres;2021;243
23;Jaén;23054 Larva;Hombres;2020;244
23;Jaén;23054 Larva;Hombres;2019;243
23;Jaén;23054 Larva;Hombres;2018;244
23;Jaén;23054 Larva;Hombres;2017;248
23;Jaén;23054 Larva;Hombres;2016;248
23;Jaén;23054 Larva;Hombres;2015;251
23;Jaén;23054 Larva;Hombres;2014;249
23;Jaén;23054 Larva;Hombres;2013;247
23;Jaén;23054 Larva;Hombres;2012;257
23;Jaén;23054 Larva;Hombres;2011;254
23;Jaén;23054 Larva;Hombres;2010;259
23;Jaén;23054 Larva;Hombres;2009;244
23;Jaén;23054 Larva;Hombres;2008;245
23;Jaén;23054 Larva;Hombres;2007;244
23;Jaén;23054 Larva;Hombres;2006;245
23;Jaén;23054 Larva;Hombres;2005;245
23;Jaén;23054 Larva;Hombres;2004;257
23;Jaén;23054 Larva;Hombres;2003;263
23;Jaén;23054 Larva;Hombres;2002;269
23;Jaén;23054 Larva;Hombres;2001;269
23;Jaén;23054 Larva;Hombres;2000;273
23;Jaén;23054 Larva;Hombres;1999;266
23;Jaén;23054 Larva;Hombres;1998;270
23;Jaén;23054 Larva;Hombres;1997;
23;Jaén;23054 Larva;Hombres;1996;281
23;Jaén;23054 Larva;Mujeres;2023;213
23;Jaén;23054 Larva;Mujeres;2022;222
23;Jaén;23054 Larva;Mujeres;2021;224
23;Jaén;23054 Larva;Mujeres;2020;230
23;Jaén;23054 Larva;Mujeres;2019;229
23;Jaén;23054 Larva;Mujeres;2018;238
23;Jaén;23054 Larva;Mujeres;2017;238
23;Jaén;23054 Larva;Mujeres;2016;235
23;Jaén;23054 Larva;Mujeres;2015;236
23;Jaén;23054 Larva;Mujeres;2014;239
23;Jaén;23054 Larva;Mujeres;2013;240
23;Jaén;23054 Larva;Mujeres;2012;238
23;Jaén;23054 Larva;Mujeres;2011;240
23;Jaén;23054 Larva;Mujeres;2010;243
23;Jaén;23054 Larva;Mujeres;2009;234
23;Jaén;23054 Larva;Mujeres;2008;230
23;Jaén;23054 Larva;Mujeres;2007;234
23;Jaén;23054 Larva;Mujeres;2006;229
23;Jaén;23054 Larva;Mujeres;2005;229
23;Jaén;23054 Larva;Mujeres;2004;240
23;Jaén;23054 Larva;Mujeres;2003;240
23;Jaén;23054 Larva;Mujeres;2002;242
23;Jaén;23054 Larva;Mujeres;2001;247
23;Jaén;23054 Larva;Mujeres;2000;248
23;Jaén;23054 Larva;Mujeres;1999;252
23;Jaén;23054 Larva;Mujeres;1998;261
23;Jaén;23054 Larva;Mujeres;1997;
23;Jaén;23054 Larva;Mujeres;1996;265
23;Jaén;23055 Linares;Total;2023;55096
23;Jaén;23055 Linares;Total;2022;55729
23;Jaén;23055 Linares;Total;2021;56525
23;Jaén;23055 Linares;Total;2020;57353
23;Jaén;23055 Linares;Total;2019;57414
23;Jaén;23055 Linares;Total;2018;57811
23;Jaén;23055 Linares;Total;2017;58449
23;Jaén;23055 Linares;Total;2016;58829
23;Jaén;23055 Linares;Total;2015;59737
23;Jaén;23055 Linares;Total;2014;60290
23;Jaén;23055 Linares;Total;2013;60740
23;Jaén;23055 Linares;Total;2012;60950
23;Jaén;23055 Linares;Total;2011;61110
23;Jaén;23055 Linares;Total;2010;61306
23;Jaén;23055 Linares;Total;2009;61338
23;Jaén;23055 Linares;Total;2008;61340
23;Jaén;23055 Linares;Total;2007;61262
23;Jaén;23055 Linares;Total;2006;61452
23;Jaén;23055 Linares;Total;2005;60807
23;Jaén;23055 Linares;Total;2004;59096
23;Jaén;23055 Linares;Total;2003;58257
23;Jaén;23055 Linares;Total;2002;57800
23;Jaén;23055 Linares;Total;2001;57796
23;Jaén;23055 Linares;Total;2000;58034
23;Jaén;23055 Linares;Total;1999;58722
23;Jaén;23055 Linares;Total;1998;58410
23;Jaén;23055 Linares;Total;1997;
23;Jaén;23055 Linares;Total;1996;60222
23;Jaén;23055 Linares;Hombres;2023;26884
23;Jaén;23055 Linares;Hombres;2022;27232
23;Jaén;23055 Linares;Hombres;2021;27620
23;Jaén;23055 Linares;Hombres;2020;28042
23;Jaén;23055 Linares;Hombres;2019;28059
23;Jaén;23055 Linares;Hombres;2018;28279
23;Jaén;23055 Linares;Hombres;2017;28619
23;Jaén;23055 Linares;Hombres;2016;28822
23;Jaén;23055 Linares;Hombres;2015;29316
23;Jaén;23055 Linares;Hombres;2014;29556
23;Jaén;23055 Linares;Hombres;2013;29750
23;Jaén;23055 Linares;Hombres;2012;29893
23;Jaén;23055 Linares;Hombres;2011;29922
23;Jaén;23055 Linares;Hombres;2010;29989
23;Jaén;23055 Linares;Hombres;2009;30067
23;Jaén;23055 Linares;Hombres;2008;30135
23;Jaén;23055 Linares;Hombres;2007;30065
23;Jaén;23055 Linares;Hombres;2006;30118
23;Jaén;23055 Linares;Hombres;2005;29789
23;Jaén;23055 Linares;Hombres;2004;28942
23;Jaén;23055 Linares;Hombres;2003;28491
23;Jaén;23055 Linares;Hombres;2002;28263
23;Jaén;23055 Linares;Hombres;2001;28250
23;Jaén;23055 Linares;Hombres;2000;28290
23;Jaén;23055 Linares;Hombres;1999;28686
23;Jaén;23055 Linares;Hombres;1998;28516
23;Jaén;23055 Linares;Hombres;1997;
23;Jaén;23055 Linares;Hombres;1996;29415
23;Jaén;23055 Linares;Mujeres;2023;28212
23;Jaén;23055 Linares;Mujeres;2022;28497
23;Jaén;23055 Linares;Mujeres;2021;28905
23;Jaén;23055 Linares;Mujeres;2020;29311
23;Jaén;23055 Linares;Mujeres;2019;29355
23;Jaén;23055 Linares;Mujeres;2018;29532
23;Jaén;23055 Linares;Mujeres;2017;29830
23;Jaén;23055 Linares;Mujeres;2016;30007
23;Jaén;23055 Linares;Mujeres;2015;30421
23;Jaén;23055 Linares;Mujeres;2014;30734
23;Jaén;23055 Linares;Mujeres;2013;30990
23;Jaén;23055 Linares;Mujeres;2012;31057
23;Jaén;23055 Linares;Mujeres;2011;31188
23;Jaén;23055 Linares;Mujeres;2010;31317
23;Jaén;23055 Linares;Mujeres;2009;31271
23;Jaén;23055 Linares;Mujeres;2008;31205
23;Jaén;23055 Linares;Mujeres;2007;31197
23;Jaén;23055 Linares;Mujeres;2006;31334
23;Jaén;23055 Linares;Mujeres;2005;31018
23;Jaén;23055 Linares;Mujeres;2004;30154
23;Jaén;23055 Linares;Mujeres;2003;29766
23;Jaén;23055 Linares;Mujeres;2002;29537
23;Jaén;23055 Linares;Mujeres;2001;29546
23;Jaén;23055 Linares;Mujeres;2000;29744
23;Jaén;23055 Linares;Mujeres;1999;30036
23;Jaén;23055 Linares;Mujeres;1998;29894
23;Jaén;23055 Linares;Mujeres;1997;
23;Jaén;23055 Linares;Mujeres;1996;30807
23;Jaén;23056 Lopera;Total;2023;3579
23;Jaén;23056 Lopera;Total;2022;3616
23;Jaén;23056 Lopera;Total;2021;3640
23;Jaén;23056 Lopera;Total;2020;3652
23;Jaén;23056 Lopera;Total;2019;3665
23;Jaén;23056 Lopera;Total;2018;3673
23;Jaén;23056 Lopera;Total;2017;3714
23;Jaén;23056 Lopera;Total;2016;3743
23;Jaén;23056 Lopera;Total;2015;3779
23;Jaén;23056 Lopera;Total;2014;3837
23;Jaén;23056 Lopera;Total;2013;3882
23;Jaén;23056 Lopera;Total;2012;3888
23;Jaén;23056 Lopera;Total;2011;3918
23;Jaén;23056 Lopera;Total;2010;3986
23;Jaén;23056 Lopera;Total;2009;4008
23;Jaén;23056 Lopera;Total;2008;4028
23;Jaén;23056 Lopera;Total;2007;3988
23;Jaén;23056 Lopera;Total;2006;3995
23;Jaén;23056 Lopera;Total;2005;3976
23;Jaén;23056 Lopera;Total;2004;4001
23;Jaén;23056 Lopera;Total;2003;4020
23;Jaén;23056 Lopera;Total;2002;4014
23;Jaén;23056 Lopera;Total;2001;3993
23;Jaén;23056 Lopera;Total;2000;3978
23;Jaén;23056 Lopera;Total;1999;3982
23;Jaén;23056 Lopera;Total;1998;3996
23;Jaén;23056 Lopera;Total;1997;
23;Jaén;23056 Lopera;Total;1996;4004
23;Jaén;23056 Lopera;Hombres;2023;1830
23;Jaén;23056 Lopera;Hombres;2022;1847
23;Jaén;23056 Lopera;Hombres;2021;1845
23;Jaén;23056 Lopera;Hombres;2020;1854
23;Jaén;23056 Lopera;Hombres;2019;1855
23;Jaén;23056 Lopera;Hombres;2018;1849
23;Jaén;23056 Lopera;Hombres;2017;1859
23;Jaén;23056 Lopera;Hombres;2016;1868
23;Jaén;23056 Lopera;Hombres;2015;1892
23;Jaén;23056 Lopera;Hombres;2014;1933
23;Jaén;23056 Lopera;Hombres;2013;1950
23;Jaén;23056 Lopera;Hombres;2012;1944
23;Jaén;23056 Lopera;Hombres;2011;1947
23;Jaén;23056 Lopera;Hombres;2010;1971
23;Jaén;23056 Lopera;Hombres;2009;1971
23;Jaén;23056 Lopera;Hombres;2008;2011
23;Jaén;23056 Lopera;Hombres;2007;1975
23;Jaén;23056 Lopera;Hombres;2006;1963
23;Jaén;23056 Lopera;Hombres;2005;1956
23;Jaén;23056 Lopera;Hombres;2004;1981
23;Jaén;23056 Lopera;Hombres;2003;1985
23;Jaén;23056 Lopera;Hombres;2002;1982
23;Jaén;23056 Lopera;Hombres;2001;1969
23;Jaén;23056 Lopera;Hombres;2000;1953
23;Jaén;23056 Lopera;Hombres;1999;1959
23;Jaén;23056 Lopera;Hombres;1998;1973
23;Jaén;23056 Lopera;Hombres;1997;
23;Jaén;23056 Lopera;Hombres;1996;1973
23;Jaén;23056 Lopera;Mujeres;2023;1749
23;Jaén;23056 Lopera;Mujeres;2022;1769
23;Jaén;23056 Lopera;Mujeres;2021;1795
23;Jaén;23056 Lopera;Mujeres;2020;1798
23;Jaén;23056 Lopera;Mujeres;2019;1810
23;Jaén;23056 Lopera;Mujeres;2018;1824
23;Jaén;23056 Lopera;Mujeres;2017;1855
23;Jaén;23056 Lopera;Mujeres;2016;1875
23;Jaén;23056 Lopera;Mujeres;2015;1887
23;Jaén;23056 Lopera;Mujeres;2014;1904
23;Jaén;23056 Lopera;Mujeres;2013;1932
23;Jaén;23056 Lopera;Mujeres;2012;1944
23;Jaén;23056 Lopera;Mujeres;2011;1971
23;Jaén;23056 Lopera;Mujeres;2010;2015
23;Jaén;23056 Lopera;Mujeres;2009;2037
23;Jaén;23056 Lopera;Mujeres;2008;2017
23;Jaén;23056 Lopera;Mujeres;2007;2013
23;Jaén;23056 Lopera;Mujeres;2006;2032
23;Jaén;23056 Lopera;Mujeres;2005;2020
23;Jaén;23056 Lopera;Mujeres;2004;2020
23;Jaén;23056 Lopera;Mujeres;2003;2035
23;Jaén;23056 Lopera;Mujeres;2002;2032
23;Jaén;23056 Lopera;Mujeres;2001;2024
23;Jaén;23056 Lopera;Mujeres;2000;2025
23;Jaén;23056 Lopera;Mujeres;1999;2023
23;Jaén;23056 Lopera;Mujeres;1998;2023
23;Jaén;23056 Lopera;Mujeres;1997;
23;Jaén;23056 Lopera;Mujeres;1996;2031
23;Jaén;23057 Lupión;Total;2023;806
23;Jaén;23057 Lupión;Total;2022;830
23;Jaén;23057 Lupión;Total;2021;830
23;Jaén;23057 Lupión;Total;2020;820
23;Jaén;23057 Lupión;Total;2019;842
23;Jaén;23057 Lupión;Total;2018;852
23;Jaén;23057 Lupión;Total;2017;881
23;Jaén;23057 Lupión;Total;2016;883
23;Jaén;23057 Lupión;Total;2015;910
23;Jaén;23057 Lupión;Total;2014;924
23;Jaén;23057 Lupión;Total;2013;938
23;Jaén;23057 Lupión;Total;2012;960
23;Jaén;23057 Lupión;Total;2011;1001
23;Jaén;23057 Lupión;Total;2010;966
23;Jaén;23057 Lupión;Total;2009;981
23;Jaén;23057 Lupión;Total;2008;975
23;Jaén;23057 Lupión;Total;2007;1000
23;Jaén;23057 Lupión;Total;2006;1009
23;Jaén;23057 Lupión;Total;2005;1012
23;Jaén;23057 Lupión;Total;2004;1026
23;Jaén;23057 Lupión;Total;2003;1049
23;Jaén;23057 Lupión;Total;2002;1054
23;Jaén;23057 Lupión;Total;2001;1052
23;Jaén;23057 Lupión;Total;2000;1050
23;Jaén;23057 Lupión;Total;1999;1084
23;Jaén;23057 Lupión;Total;1998;1092
23;Jaén;23057 Lupión;Total;1997;
23;Jaén;23057 Lupión;Total;1996;1107
23;Jaén;23057 Lupión;Hombres;2023;392
23;Jaén;23057 Lupión;Hombres;2022;405
23;Jaén;23057 Lupión;Hombres;2021;408
23;Jaén;23057 Lupión;Hombres;2020;405
23;Jaén;23057 Lupión;Hombres;2019;413
23;Jaén;23057 Lupión;Hombres;2018;415
23;Jaén;23057 Lupión;Hombres;2017;429
23;Jaén;23057 Lupión;Hombres;2016;432
23;Jaén;23057 Lupión;Hombres;2015;450
23;Jaén;23057 Lupión;Hombres;2014;459
23;Jaén;23057 Lupión;Hombres;2013;466
23;Jaén;23057 Lupión;Hombres;2012;475
23;Jaén;23057 Lupión;Hombres;2011;490
23;Jaén;23057 Lupión;Hombres;2010;478
23;Jaén;23057 Lupión;Hombres;2009;486
23;Jaén;23057 Lupión;Hombres;2008;485
23;Jaén;23057 Lupión;Hombres;2007;490
23;Jaén;23057 Lupión;Hombres;2006;493
23;Jaén;23057 Lupión;Hombres;2005;494
23;Jaén;23057 Lupión;Hombres;2004;504
23;Jaén;23057 Lupión;Hombres;2003;513
23;Jaén;23057 Lupión;Hombres;2002;510
23;Jaén;23057 Lupión;Hombres;2001;502
23;Jaén;23057 Lupión;Hombres;2000;500
23;Jaén;23057 Lupión;Hombres;1999;514
23;Jaén;23057 Lupión;Hombres;1998;521
23;Jaén;23057 Lupión;Hombres;1997;
23;Jaén;23057 Lupión;Hombres;1996;519
23;Jaén;23057 Lupión;Mujeres;2023;414
23;Jaén;23057 Lupión;Mujeres;2022;425
23;Jaén;23057 Lupión;Mujeres;2021;422
23;Jaén;23057 Lupión;Mujeres;2020;415
23;Jaén;23057 Lupión;Mujeres;2019;429
23;Jaén;23057 Lupión;Mujeres;2018;437
23;Jaén;23057 Lupión;Mujeres;2017;452
23;Jaén;23057 Lupión;Mujeres;2016;451
23;Jaén;23057 Lupión;Mujeres;2015;460
23;Jaén;23057 Lupión;Mujeres;2014;465
23;Jaén;23057 Lupión;Mujeres;2013;472
23;Jaén;23057 Lupión;Mujeres;2012;485
23;Jaén;23057 Lupión;Mujeres;2011;511
23;Jaén;23057 Lupión;Mujeres;2010;488
23;Jaén;23057 Lupión;Mujeres;2009;495
23;Jaén;23057 Lupión;Mujeres;2008;490
23;Jaén;23057 Lupión;Mujeres;2007;510
23;Jaén;23057 Lupión;Mujeres;2006;516
23;Jaén;23057 Lupión;Mujeres;2005;518
23;Jaén;23057 Lupión;Mujeres;2004;522
23;Jaén;23057 Lupión;Mujeres;2003;536
23;Jaén;23057 Lupión;Mujeres;2002;544
23;Jaén;23057 Lupión;Mujeres;2001;550
23;Jaén;23057 Lupión;Mujeres;2000;550
23;Jaén;23057 Lupión;Mujeres;1999;570
23;Jaén;23057 Lupión;Mujeres;1998;571
23;Jaén;23057 Lupión;Mujeres;1997;
23;Jaén;23057 Lupión;Mujeres;1996;588
23;Jaén;23058 Mancha Real;Total;2023;11375
23;Jaén;23058 Mancha Real;Total;2022;11350
23;Jaén;23058 Mancha Real;Total;2021;11315
23;Jaén;23058 Mancha Real;Total;2020;11328
23;Jaén;23058 Mancha Real;Total;2019;11264
23;Jaén;23058 Mancha Real;Total;2018;11322
23;Jaén;23058 Mancha Real;Total;2017;11265
23;Jaén;23058 Mancha Real;Total;2016;11194
23;Jaén;23058 Mancha Real;Total;2015;11212
23;Jaén;23058 Mancha Real;Total;2014;11324
23;Jaén;23058 Mancha Real;Total;2013;11353
23;Jaén;23058 Mancha Real;Total;2012;11308
23;Jaén;23058 Mancha Real;Total;2011;11162
23;Jaén;23058 Mancha Real;Total;2010;11088
23;Jaén;23058 Mancha Real;Total;2009;10972
23;Jaén;23058 Mancha Real;Total;2008;10754
23;Jaén;23058 Mancha Real;Total;2007;10616
23;Jaén;23058 Mancha Real;Total;2006;10431
23;Jaén;23058 Mancha Real;Total;2005;10187
23;Jaén;23058 Mancha Real;Total;2004;9674
23;Jaén;23058 Mancha Real;Total;2003;9562
23;Jaén;23058 Mancha Real;Total;2002;9493
23;Jaén;23058 Mancha Real;Total;2001;9270
23;Jaén;23058 Mancha Real;Total;2000;9012
23;Jaén;23058 Mancha Real;Total;1999;9067
23;Jaén;23058 Mancha Real;Total;1998;8970
23;Jaén;23058 Mancha Real;Total;1997;
23;Jaén;23058 Mancha Real;Total;1996;8913
23;Jaén;23058 Mancha Real;Hombres;2023;5660
23;Jaén;23058 Mancha Real;Hombres;2022;5659
23;Jaén;23058 Mancha Real;Hombres;2021;5638
23;Jaén;23058 Mancha Real;Hombres;2020;5660
23;Jaén;23058 Mancha Real;Hombres;2019;5584
23;Jaén;23058 Mancha Real;Hombres;2018;5627
23;Jaén;23058 Mancha Real;Hombres;2017;5604
23;Jaén;23058 Mancha Real;Hombres;2016;5560
23;Jaén;23058 Mancha Real;Hombres;2015;5590
23;Jaén;23058 Mancha Real;Hombres;2014;5677
23;Jaén;23058 Mancha Real;Hombres;2013;5727
23;Jaén;23058 Mancha Real;Hombres;2012;5691
23;Jaén;23058 Mancha Real;Hombres;2011;5606
23;Jaén;23058 Mancha Real;Hombres;2010;5579
23;Jaén;23058 Mancha Real;Hombres;2009;5533
23;Jaén;23058 Mancha Real;Hombres;2008;5517
23;Jaén;23058 Mancha Real;Hombres;2007;5446
23;Jaén;23058 Mancha Real;Hombres;2006;5339
23;Jaén;23058 Mancha Real;Hombres;2005;5206
23;Jaén;23058 Mancha Real;Hombres;2004;4941
23;Jaén;23058 Mancha Real;Hombres;2003;4879
23;Jaén;23058 Mancha Real;Hombres;2002;4859
23;Jaén;23058 Mancha Real;Hombres;2001;4752
23;Jaén;23058 Mancha Real;Hombres;2000;4616
23;Jaén;23058 Mancha Real;Hombres;1999;4643
23;Jaén;23058 Mancha Real;Hombres;1998;4594
23;Jaén;23058 Mancha Real;Hombres;1997;
23;Jaén;23058 Mancha Real;Hombres;1996;4468
23;Jaén;23058 Mancha Real;Mujeres;2023;5715
23;Jaén;23058 Mancha Real;Mujeres;2022;5691
23;Jaén;23058 Mancha Real;Mujeres;2021;5677
23;Jaén;23058 Mancha Real;Mujeres;2020;5668
23;Jaén;23058 Mancha Real;Mujeres;2019;5680
23;Jaén;23058 Mancha Real;Mujeres;2018;5695
23;Jaén;23058 Mancha Real;Mujeres;2017;5661
23;Jaén;23058 Mancha Real;Mujeres;2016;5634
23;Jaén;23058 Mancha Real;Mujeres;2015;5622
23;Jaén;23058 Mancha Real;Mujeres;2014;5647
23;Jaén;23058 Mancha Real;Mujeres;2013;5626
23;Jaén;23058 Mancha Real;Mujeres;2012;5617
23;Jaén;23058 Mancha Real;Mujeres;2011;5556
23;Jaén;23058 Mancha Real;Mujeres;2010;5509
23;Jaén;23058 Mancha Real;Mujeres;2009;5439
23;Jaén;23058 Mancha Real;Mujeres;2008;5237
23;Jaén;23058 Mancha Real;Mujeres;2007;5170
23;Jaén;23058 Mancha Real;Mujeres;2006;5092
23;Jaén;23058 Mancha Real;Mujeres;2005;4981
23;Jaén;23058 Mancha Real;Mujeres;2004;4733
23;Jaén;23058 Mancha Real;Mujeres;2003;4683
23;Jaén;23058 Mancha Real;Mujeres;2002;4634
23;Jaén;23058 Mancha Real;Mujeres;2001;4518
23;Jaén;23058 Mancha Real;Mujeres;2000;4396
23;Jaén;23058 Mancha Real;Mujeres;1999;4424
23;Jaén;23058 Mancha Real;Mujeres;1998;4376
23;Jaén;23058 Mancha Real;Mujeres;1997;
23;Jaén;23058 Mancha Real;Mujeres;1996;4445
23;Jaén;23059 Marmolejo;Total;2023;6586
23;Jaén;23059 Marmolejo;Total;2022;6660
23;Jaén;23059 Marmolejo;Total;2021;6726
23;Jaén;23059 Marmolejo;Total;2020;6763
23;Jaén;23059 Marmolejo;Total;2019;6812
23;Jaén;23059 Marmolejo;Total;2018;6877
23;Jaén;23059 Marmolejo;Total;2017;6968
23;Jaén;23059 Marmolejo;Total;2016;7053
23;Jaén;23059 Marmolejo;Total;2015;7089
23;Jaén;23059 Marmolejo;Total;2014;7183
23;Jaén;23059 Marmolejo;Total;2013;7252
23;Jaén;23059 Marmolejo;Total;2012;7329
23;Jaén;23059 Marmolejo;Total;2011;7380
23;Jaén;23059 Marmolejo;Total;2010;7485
23;Jaén;23059 Marmolejo;Total;2009;7595
23;Jaén;23059 Marmolejo;Total;2008;7600
23;Jaén;23059 Marmolejo;Total;2007;7615
23;Jaén;23059 Marmolejo;Total;2006;7618
23;Jaén;23059 Marmolejo;Total;2005;7605
23;Jaén;23059 Marmolejo;Total;2004;7602
23;Jaén;23059 Marmolejo;Total;2003;7553
23;Jaén;23059 Marmolejo;Total;2002;7576
23;Jaén;23059 Marmolejo;Total;2001;7431
23;Jaén;23059 Marmolejo;Total;2000;7549
23;Jaén;23059 Marmolejo;Total;1999;7687
23;Jaén;23059 Marmolejo;Total;1998;7666
23;Jaén;23059 Marmolejo;Total;1997;
23;Jaén;23059 Marmolejo;Total;1996;7707
23;Jaén;23059 Marmolejo;Hombres;2023;3290
23;Jaén;23059 Marmolejo;Hombres;2022;3315
23;Jaén;23059 Marmolejo;Hombres;2021;3333
23;Jaén;23059 Marmolejo;Hombres;2020;3354
23;Jaén;23059 Marmolejo;Hombres;2019;3394
23;Jaén;23059 Marmolejo;Hombres;2018;3429
23;Jaén;23059 Marmolejo;Hombres;2017;3477
23;Jaén;23059 Marmolejo;Hombres;2016;3532
23;Jaén;23059 Marmolejo;Hombres;2015;3534
23;Jaén;23059 Marmolejo;Hombres;2014;3572
23;Jaén;23059 Marmolejo;Hombres;2013;3624
23;Jaén;23059 Marmolejo;Hombres;2012;3674
23;Jaén;23059 Marmolejo;Hombres;2011;3703
23;Jaén;23059 Marmolejo;Hombres;2010;3766
23;Jaén;23059 Marmolejo;Hombres;2009;3821
23;Jaén;23059 Marmolejo;Hombres;2008;3834
23;Jaén;23059 Marmolejo;Hombres;2007;3853
23;Jaén;23059 Marmolejo;Hombres;2006;3844
23;Jaén;23059 Marmolejo;Hombres;2005;3828
23;Jaén;23059 Marmolejo;Hombres;2004;3826
23;Jaén;23059 Marmolejo;Hombres;2003;3796
23;Jaén;23059 Marmolejo;Hombres;2002;3807
23;Jaén;23059 Marmolejo;Hombres;2001;3726
23;Jaén;23059 Marmolejo;Hombres;2000;3800
23;Jaén;23059 Marmolejo;Hombres;1999;3864
23;Jaén;23059 Marmolejo;Hombres;1998;3849
23;Jaén;23059 Marmolejo;Hombres;1997;
23;Jaén;23059 Marmolejo;Hombres;1996;3879
23;Jaén;23059 Marmolejo;Mujeres;2023;3296
23;Jaén;23059 Marmolejo;Mujeres;2022;3345
23;Jaén;23059 Marmolejo;Mujeres;2021;3393
23;Jaén;23059 Marmolejo;Mujeres;2020;3409
23;Jaén;23059 Marmolejo;Mujeres;2019;3418
23;Jaén;23059 Marmolejo;Mujeres;2018;3448
23;Jaén;23059 Marmolejo;Mujeres;2017;3491
23;Jaén;23059 Marmolejo;Mujeres;2016;3521
23;Jaén;23059 Marmolejo;Mujeres;2015;3555
23;Jaén;23059 Marmolejo;Mujeres;2014;3611
23;Jaén;23059 Marmolejo;Mujeres;2013;3628
23;Jaén;23059 Marmolejo;Mujeres;2012;3655
23;Jaén;23059 Marmolejo;Mujeres;2011;3677
23;Jaén;23059 Marmolejo;Mujeres;2010;3719
23;Jaén;23059 Marmolejo;Mujeres;2009;3774
23;Jaén;23059 Marmolejo;Mujeres;2008;3766
23;Jaén;23059 Marmolejo;Mujeres;2007;3762
23;Jaén;23059 Marmolejo;Mujeres;2006;3774
23;Jaén;23059 Marmolejo;Mujeres;2005;3777
23;Jaén;23059 Marmolejo;Mujeres;2004;3776
23;Jaén;23059 Marmolejo;Mujeres;2003;3757
23;Jaén;23059 Marmolejo;Mujeres;2002;3769
23;Jaén;23059 Marmolejo;Mujeres;2001;3705
23;Jaén;23059 Marmolejo;Mujeres;2000;3749
23;Jaén;23059 Marmolejo;Mujeres;1999;3823
23;Jaén;23059 Marmolejo;Mujeres;1998;3817
23;Jaén;23059 Marmolejo;Mujeres;1997;
23;Jaén;23059 Marmolejo;Mujeres;1996;3828
23;Jaén;23060 Martos;Total;2023;24363
23;Jaén;23060 Martos;Total;2022;24329
23;Jaén;23060 Martos;Total;2021;24271
23;Jaén;23060 Martos;Total;2020;24343
23;Jaén;23060 Martos;Total;2019;24215
23;Jaén;23060 Martos;Total;2018;24207
23;Jaén;23060 Martos;Total;2017;24207
23;Jaén;23060 Martos;Total;2016;24240
23;Jaén;23060 Martos;Total;2015;24398
23;Jaén;23060 Martos;Total;2014;24562
23;Jaén;23060 Martos;Total;2013;24585
23;Jaén;23060 Martos;Total;2012;24547
23;Jaén;23060 Martos;Total;2011;24739
23;Jaén;23060 Martos;Total;2010;24707
23;Jaén;23060 Martos;Total;2009;24655
23;Jaén;23060 Martos;Total;2008;24520
23;Jaén;23060 Martos;Total;2007;24141
23;Jaén;23060 Martos;Total;2006;24061
23;Jaén;23060 Martos;Total;2005;23804
23;Jaén;23060 Martos;Total;2004;23719
23;Jaén;23060 Martos;Total;2003;22862
23;Jaén;23060 Martos;Total;2002;22688
23;Jaén;23060 Martos;Total;2001;22702
23;Jaén;23060 Martos;Total;2000;22732
23;Jaén;23060 Martos;Total;1999;22637
23;Jaén;23060 Martos;Total;1998;22391
23;Jaén;23060 Martos;Total;1997;
23;Jaén;23060 Martos;Total;1996;22307
23;Jaén;23060 Martos;Hombres;2023;12087
23;Jaén;23060 Martos;Hombres;2022;12064
23;Jaén;23060 Martos;Hombres;2021;12017
23;Jaén;23060 Martos;Hombres;2020;12070
23;Jaén;23060 Martos;Hombres;2019;12012
23;Jaén;23060 Martos;Hombres;2018;12006
23;Jaén;23060 Martos;Hombres;2017;12006
23;Jaén;23060 Martos;Hombres;2016;12032
23;Jaén;23060 Martos;Hombres;2015;12099
23;Jaén;23060 Martos;Hombres;2014;12190
23;Jaén;23060 Martos;Hombres;2013;12199
23;Jaén;23060 Martos;Hombres;2012;12139
23;Jaén;23060 Martos;Hombres;2011;12167
23;Jaén;23060 Martos;Hombres;2010;12140
23;Jaén;23060 Martos;Hombres;2009;12106
23;Jaén;23060 Martos;Hombres;2008;12050
23;Jaén;23060 Martos;Hombres;2007;11832
23;Jaén;23060 Martos;Hombres;2006;11810
23;Jaén;23060 Martos;Hombres;2005;11669
23;Jaén;23060 Martos;Hombres;2004;11617
23;Jaén;23060 Martos;Hombres;2003;11096
23;Jaén;23060 Martos;Hombres;2002;10978
23;Jaén;23060 Martos;Hombres;2001;10987
23;Jaén;23060 Martos;Hombres;2000;10988
23;Jaén;23060 Martos;Hombres;1999;10929
23;Jaén;23060 Martos;Hombres;1998;10793
23;Jaén;23060 Martos;Hombres;1997;
23;Jaén;23060 Martos;Hombres;1996;10779
23;Jaén;23060 Martos;Mujeres;2023;12276
23;Jaén;23060 Martos;Mujeres;2022;12265
23;Jaén;23060 Martos;Mujeres;2021;12254
23;Jaén;23060 Martos;Mujeres;2020;12273
23;Jaén;23060 Martos;Mujeres;2019;12203
23;Jaén;23060 Martos;Mujeres;2018;12201
23;Jaén;23060 Martos;Mujeres;2017;12201
23;Jaén;23060 Martos;Mujeres;2016;12208
23;Jaén;23060 Martos;Mujeres;2015;12299
23;Jaén;23060 Martos;Mujeres;2014;12372
23;Jaén;23060 Martos;Mujeres;2013;12386
23;Jaén;23060 Martos;Mujeres;2012;12408
23;Jaén;23060 Martos;Mujeres;2011;12572
23;Jaén;23060 Martos;Mujeres;2010;12567
23;Jaén;23060 Martos;Mujeres;2009;12549
23;Jaén;23060 Martos;Mujeres;2008;12470
23;Jaén;23060 Martos;Mujeres;2007;12309
23;Jaén;23060 Martos;Mujeres;2006;12251
23;Jaén;23060 Martos;Mujeres;2005;12135
23;Jaén;23060 Martos;Mujeres;2004;12102
23;Jaén;23060 Martos;Mujeres;2003;11766
23;Jaén;23060 Martos;Mujeres;2002;11710
23;Jaén;23060 Martos;Mujeres;2001;11715
23;Jaén;23060 Martos;Mujeres;2000;11744
23;Jaén;23060 Martos;Mujeres;1999;11708
23;Jaén;23060 Martos;Mujeres;1998;11598
23;Jaén;23060 Martos;Mujeres;1997;
23;Jaén;23060 Martos;Mujeres;1996;11528
23;Jaén;23061 Mengíbar;Total;2023;10041
23;Jaén;23061 Mengíbar;Total;2022;9965
23;Jaén;23061 Mengíbar;Total;2021;9973
23;Jaén;23061 Mengíbar;Total;2020;9997
23;Jaén;23061 Mengíbar;Total;2019;9941
23;Jaén;23061 Mengíbar;Total;2018;9927
23;Jaén;23061 Mengíbar;Total;2017;9916
23;Jaén;23061 Mengíbar;Total;2016;9921
23;Jaén;23061 Mengíbar;Total;2015;9935
23;Jaén;23061 Mengíbar;Total;2014;9943
23;Jaén;23061 Mengíbar;Total;2013;9973
23;Jaén;23061 Mengíbar;Total;2012;9908
23;Jaén;23061 Mengíbar;Total;2011;9732
23;Jaén;23061 Mengíbar;Total;2010;9797
23;Jaén;23061 Mengíbar;Total;2009;9572
23;Jaén;23061 Mengíbar;Total;2008;9378
23;Jaén;23061 Mengíbar;Total;2007;9222
23;Jaén;23061 Mengíbar;Total;2006;9102
23;Jaén;23061 Mengíbar;Total;2005;9048
23;Jaén;23061 Mengíbar;Total;2004;8963
23;Jaén;23061 Mengíbar;Total;2003;8929
23;Jaén;23061 Mengíbar;Total;2002;8745
23;Jaén;23061 Mengíbar;Total;2001;8360
23;Jaén;23061 Mengíbar;Total;2000;8339
23;Jaén;23061 Mengíbar;Total;1999;8535
23;Jaén;23061 Mengíbar;Total;1998;8535
23;Jaén;23061 Mengíbar;Total;1997;
23;Jaén;23061 Mengíbar;Total;1996;8563
23;Jaén;23061 Mengíbar;Hombres;2023;5014
23;Jaén;23061 Mengíbar;Hombres;2022;4958
23;Jaén;23061 Mengíbar;Hombres;2021;4960
23;Jaén;23061 Mengíbar;Hombres;2020;4973
23;Jaén;23061 Mengíbar;Hombres;2019;4946
23;Jaén;23061 Mengíbar;Hombres;2018;4941
23;Jaén;23061 Mengíbar;Hombres;2017;4944
23;Jaén;23061 Mengíbar;Hombres;2016;4938
23;Jaén;23061 Mengíbar;Hombres;2015;4956
23;Jaén;23061 Mengíbar;Hombres;2014;4980
23;Jaén;23061 Mengíbar;Hombres;2013;5009
23;Jaén;23061 Mengíbar;Hombres;2012;4984
23;Jaén;23061 Mengíbar;Hombres;2011;4885
23;Jaén;23061 Mengíbar;Hombres;2010;4946
23;Jaén;23061 Mengíbar;Hombres;2009;4805
23;Jaén;23061 Mengíbar;Hombres;2008;4715
23;Jaén;23061 Mengíbar;Hombres;2007;4648
23;Jaén;23061 Mengíbar;Hombres;2006;4597
23;Jaén;23061 Mengíbar;Hombres;2005;4579
23;Jaén;23061 Mengíbar;Hombres;2004;4539
23;Jaén;23061 Mengíbar;Hombres;2003;4503
23;Jaén;23061 Mengíbar;Hombres;2002;4396
23;Jaén;23061 Mengíbar;Hombres;2001;4195
23;Jaén;23061 Mengíbar;Hombres;2000;4181
23;Jaén;23061 Mengíbar;Hombres;1999;4291
23;Jaén;23061 Mengíbar;Hombres;1998;4291
23;Jaén;23061 Mengíbar;Hombres;1997;
23;Jaén;23061 Mengíbar;Hombres;1996;4314
23;Jaén;23061 Mengíbar;Mujeres;2023;5027
23;Jaén;23061 Mengíbar;Mujeres;2022;5007
23;Jaén;23061 Mengíbar;Mujeres;2021;5013
23;Jaén;23061 Mengíbar;Mujeres;2020;5024
23;Jaén;23061 Mengíbar;Mujeres;2019;4995
23;Jaén;23061 Mengíbar;Mujeres;2018;4986
23;Jaén;23061 Mengíbar;Mujeres;2017;4972
23;Jaén;23061 Mengíbar;Mujeres;2016;4983
23;Jaén;23061 Mengíbar;Mujeres;2015;4979
23;Jaén;23061 Mengíbar;Mujeres;2014;4963
23;Jaén;23061 Mengíbar;Mujeres;2013;4964
23;Jaén;23061 Mengíbar;Mujeres;2012;4924
23;Jaén;23061 Mengíbar;Mujeres;2011;4847
23;Jaén;23061 Mengíbar;Mujeres;2010;4851
23;Jaén;23061 Mengíbar;Mujeres;2009;4767
23;Jaén;23061 Mengíbar;Mujeres;2008;4663
23;Jaén;23061 Mengíbar;Mujeres;2007;4574
23;Jaén;23061 Mengíbar;Mujeres;2006;4505
23;Jaén;23061 Mengíbar;Mujeres;2005;4469
23;Jaén;23061 Mengíbar;Mujeres;2004;4424
23;Jaén;23061 Mengíbar;Mujeres;2003;4426
23;Jaén;23061 Mengíbar;Mujeres;2002;4349
23;Jaén;23061 Mengíbar;Mujeres;2001;4165
23;Jaén;23061 Mengíbar;Mujeres;2000;4158
23;Jaén;23061 Mengíbar;Mujeres;1999;4244
23;Jaén;23061 Mengíbar;Mujeres;1998;4244
23;Jaén;23061 Mengíbar;Mujeres;1997;
23;Jaén;23061 Mengíbar;Mujeres;1996;4249
23;Jaén;23062 Montizón;Total;2023;1606
23;Jaén;23062 Montizón;Total;2022;1606
23;Jaén;23062 Montizón;Total;2021;1635
23;Jaén;23062 Montizón;Total;2020;1689
23;Jaén;23062 Montizón;Total;2019;1725
23;Jaén;23062 Montizón;Total;2018;1716
23;Jaén;23062 Montizón;Total;2017;1745
23;Jaén;23062 Montizón;Total;2016;1768
23;Jaén;23062 Montizón;Total;2015;1815
23;Jaén;23062 Montizón;Total;2014;1797
23;Jaén;23062 Montizón;Total;2013;1845
23;Jaén;23062 Montizón;Total;2012;1904
23;Jaén;23062 Montizón;Total;2011;1897
23;Jaén;23062 Montizón;Total;2010;1921
23;Jaén;23062 Montizón;Total;2009;1904
23;Jaén;23062 Montizón;Total;2008;1917
23;Jaén;23062 Montizón;Total;2007;1932
23;Jaén;23062 Montizón;Total;2006;1956
23;Jaén;23062 Montizón;Total;2005;1989
23;Jaén;23062 Montizón;Total;2004;1999
23;Jaén;23062 Montizón;Total;2003;2001
23;Jaén;23062 Montizón;Total;2002;1984
23;Jaén;23062 Montizón;Total;2001;1974
23;Jaén;23062 Montizón;Total;2000;1969
23;Jaén;23062 Montizón;Total;1999;2017
23;Jaén;23062 Montizón;Total;1998;2017
23;Jaén;23062 Montizón;Total;1997;
23;Jaén;23062 Montizón;Total;1996;2015
23;Jaén;23062 Montizón;Hombres;2023;824
23;Jaén;23062 Montizón;Hombres;2022;820
23;Jaén;23062 Montizón;Hombres;2021;840
23;Jaén;23062 Montizón;Hombres;2020;866
23;Jaén;23062 Montizón;Hombres;2019;894
23;Jaén;23062 Montizón;Hombres;2018;882
23;Jaén;23062 Montizón;Hombres;2017;901
23;Jaén;23062 Montizón;Hombres;2016;915
23;Jaén;23062 Montizón;Hombres;2015;938
23;Jaén;23062 Montizón;Hombres;2014;928
23;Jaén;23062 Montizón;Hombres;2013;966
23;Jaén;23062 Montizón;Hombres;2012;1007
23;Jaén;23062 Montizón;Hombres;2011;991
23;Jaén;23062 Montizón;Hombres;2010;990
23;Jaén;23062 Montizón;Hombres;2009;976
23;Jaén;23062 Montizón;Hombres;2008;1003
23;Jaén;23062 Montizón;Hombres;2007;1001
23;Jaén;23062 Montizón;Hombres;2006;1008
23;Jaén;23062 Montizón;Hombres;2005;1023
23;Jaén;23062 Montizón;Hombres;2004;1030
23;Jaén;23062 Montizón;Hombres;2003;1032
23;Jaén;23062 Montizón;Hombres;2002;1033
23;Jaén;23062 Montizón;Hombres;2001;1022
23;Jaén;23062 Montizón;Hombres;2000;1010
23;Jaén;23062 Montizón;Hombres;1999;1032
23;Jaén;23062 Montizón;Hombres;1998;1032
23;Jaén;23062 Montizón;Hombres;1997;
23;Jaén;23062 Montizón;Hombres;1996;1016
23;Jaén;23062 Montizón;Mujeres;2023;782
23;Jaén;23062 Montizón;Mujeres;2022;786
23;Jaén;23062 Montizón;Mujeres;2021;795
23;Jaén;23062 Montizón;Mujeres;2020;823
23;Jaén;23062 Montizón;Mujeres;2019;831
23;Jaén;23062 Montizón;Mujeres;2018;834
23;Jaén;23062 Montizón;Mujeres;2017;844
23;Jaén;23062 Montizón;Mujeres;2016;853
23;Jaén;23062 Montizón;Mujeres;2015;877
23;Jaén;23062 Montizón;Mujeres;2014;869
23;Jaén;23062 Montizón;Mujeres;2013;879
23;Jaén;23062 Montizón;Mujeres;2012;897
23;Jaén;23062 Montizón;Mujeres;2011;906
23;Jaén;23062 Montizón;Mujeres;2010;931
23;Jaén;23062 Montizón;Mujeres;2009;928
23;Jaén;23062 Montizón;Mujeres;2008;914
23;Jaén;23062 Montizón;Mujeres;2007;931
23;Jaén;23062 Montizón;Mujeres;2006;948
23;Jaén;23062 Montizón;Mujeres;2005;966
23;Jaén;23062 Montizón;Mujeres;2004;969
23;Jaén;23062 Montizón;Mujeres;2003;969
23;Jaén;23062 Montizón;Mujeres;2002;951
23;Jaén;23062 Montizón;Mujeres;2001;952
23;Jaén;23062 Montizón;Mujeres;2000;959
23;Jaén;23062 Montizón;Mujeres;1999;985
23;Jaén;23062 Montizón;Mujeres;1998;985
23;Jaén;23062 Montizón;Mujeres;1997;
23;Jaén;23062 Montizón;Mujeres;1996;999
23;Jaén;23063 Navas de San Juan;Total;2023;4427
23;Jaén;23063 Navas de San Juan;Total;2022;4465
23;Jaén;23063 Navas de San Juan;Total;2021;4473
23;Jaén;23063 Navas de San Juan;Total;2020;4528
23;Jaén;23063 Navas de San Juan;Total;2019;4517
23;Jaén;23063 Navas de San Juan;Total;2018;4555
23;Jaén;23063 Navas de San Juan;Total;2017;4506
23;Jaén;23063 Navas de San Juan;Total;2016;4597
23;Jaén;23063 Navas de San Juan;Total;2015;4712
23;Jaén;23063 Navas de San Juan;Total;2014;4790
23;Jaén;23063 Navas de San Juan;Total;2013;4895
23;Jaén;23063 Navas de San Juan;Total;2012;4982
23;Jaén;23063 Navas de San Juan;Total;2011;5000
23;Jaén;23063 Navas de San Juan;Total;2010;5021
23;Jaén;23063 Navas de San Juan;Total;2009;5030
23;Jaén;23063 Navas de San Juan;Total;2008;5053
23;Jaén;23063 Navas de San Juan;Total;2007;5052
23;Jaén;23063 Navas de San Juan;Total;2006;5047
23;Jaén;23063 Navas de San Juan;Total;2005;5083
23;Jaén;23063 Navas de San Juan;Total;2004;5086
23;Jaén;23063 Navas de San Juan;Total;2003;5109
23;Jaén;23063 Navas de San Juan;Total;2002;4974
23;Jaén;23063 Navas de San Juan;Total;2001;5066
23;Jaén;23063 Navas de San Juan;Total;2000;5155
23;Jaén;23063 Navas de San Juan;Total;1999;5251
23;Jaén;23063 Navas de San Juan;Total;1998;5285
23;Jaén;23063 Navas de San Juan;Total;1997;
23;Jaén;23063 Navas de San Juan;Total;1996;5363
23;Jaén;23063 Navas de San Juan;Hombres;2023;2241
23;Jaén;23063 Navas de San Juan;Hombres;2022;2248
23;Jaén;23063 Navas de San Juan;Hombres;2021;2257
23;Jaén;23063 Navas de San Juan;Hombres;2020;2275
23;Jaén;23063 Navas de San Juan;Hombres;2019;2260
23;Jaén;23063 Navas de San Juan;Hombres;2018;2280
23;Jaén;23063 Navas de San Juan;Hombres;2017;2260
23;Jaén;23063 Navas de San Juan;Hombres;2016;2304
23;Jaén;23063 Navas de San Juan;Hombres;2015;2359
23;Jaén;23063 Navas de San Juan;Hombres;2014;2394
23;Jaén;23063 Navas de San Juan;Hombres;2013;2465
23;Jaén;23063 Navas de San Juan;Hombres;2012;2520
23;Jaén;23063 Navas de San Juan;Hombres;2011;2509
23;Jaén;23063 Navas de San Juan;Hombres;2010;2496
23;Jaén;23063 Navas de San Juan;Hombres;2009;2503
23;Jaén;23063 Navas de San Juan;Hombres;2008;2546
23;Jaén;23063 Navas de San Juan;Hombres;2007;2527
23;Jaén;23063 Navas de San Juan;Hombres;2006;2503
23;Jaén;23063 Navas de San Juan;Hombres;2005;2530
23;Jaén;23063 Navas de San Juan;Hombres;2004;2527
23;Jaén;23063 Navas de San Juan;Hombres;2003;2544
23;Jaén;23063 Navas de San Juan;Hombres;2002;2460
23;Jaén;23063 Navas de San Juan;Hombres;2001;2512
23;Jaén;23063 Navas de San Juan;Hombres;2000;2552
23;Jaén;23063 Navas de San Juan;Hombres;1999;2603
23;Jaén;23063 Navas de San Juan;Hombres;1998;2628
23;Jaén;23063 Navas de San Juan;Hombres;1997;
23;Jaén;23063 Navas de San Juan;Hombres;1996;2650
23;Jaén;23063 Navas de San Juan;Mujeres;2023;2186
23;Jaén;23063 Navas de San Juan;Mujeres;2022;2217
23;Jaén;23063 Navas de San Juan;Mujeres;2021;2216
23;Jaén;23063 Navas de San Juan;Mujeres;2020;2253
23;Jaén;23063 Navas de San Juan;Mujeres;2019;2257
23;Jaén;23063 Navas de San Juan;Mujeres;2018;2275
23;Jaén;23063 Navas de San Juan;Mujeres;2017;2246
23;Jaén;23063 Navas de San Juan;Mujeres;2016;2293
23;Jaén;23063 Navas de San Juan;Mujeres;2015;2353
23;Jaén;23063 Navas de San Juan;Mujeres;2014;2396
23;Jaén;23063 Navas de San Juan;Mujeres;2013;2430
23;Jaén;23063 Navas de San Juan;Mujeres;2012;2462
23;Jaén;23063 Navas de San Juan;Mujeres;2011;2491
23;Jaén;23063 Navas de San Juan;Mujeres;2010;2525
23;Jaén;23063 Navas de San Juan;Mujeres;2009;2527
23;Jaén;23063 Navas de San Juan;Mujeres;2008;2507
23;Jaén;23063 Navas de San Juan;Mujeres;2007;2525
23;Jaén;23063 Navas de San Juan;Mujeres;2006;2544
23;Jaén;23063 Navas de San Juan;Mujeres;2005;2553
23;Jaén;23063 Navas de San Juan;Mujeres;2004;2559
23;Jaén;23063 Navas de San Juan;Mujeres;2003;2565
23;Jaén;23063 Navas de San Juan;Mujeres;2002;2514
23;Jaén;23063 Navas de San Juan;Mujeres;2001;2554
23;Jaén;23063 Navas de San Juan;Mujeres;2000;2603
23;Jaén;23063 Navas de San Juan;Mujeres;1999;2648
23;Jaén;23063 Navas de San Juan;Mujeres;1998;2657
23;Jaén;23063 Navas de San Juan;Mujeres;1997;
23;Jaén;23063 Navas de San Juan;Mujeres;1996;2713
23;Jaén;23064 Noalejo;Total;2023;1826
23;Jaén;23064 Noalejo;Total;2022;1856
23;Jaén;23064 Noalejo;Total;2021;1884
23;Jaén;23064 Noalejo;Total;2020;1932
23;Jaén;23064 Noalejo;Total;2019;1970
23;Jaén;23064 Noalejo;Total;2018;1948
23;Jaén;23064 Noalejo;Total;2017;1963
23;Jaén;23064 Noalejo;Total;2016;1977
23;Jaén;23064 Noalejo;Total;2015;2000
23;Jaén;23064 Noalejo;Total;2014;2002
23;Jaén;23064 Noalejo;Total;2013;2012
23;Jaén;23064 Noalejo;Total;2012;2106
23;Jaén;23064 Noalejo;Total;2011;2095
23;Jaén;23064 Noalejo;Total;2010;2005
23;Jaén;23064 Noalejo;Total;2009;2023
23;Jaén;23064 Noalejo;Total;2008;2069
23;Jaén;23064 Noalejo;Total;2007;2060
23;Jaén;23064 Noalejo;Total;2006;2110
23;Jaén;23064 Noalejo;Total;2005;2155
23;Jaén;23064 Noalejo;Total;2004;2173
23;Jaén;23064 Noalejo;Total;2003;2183
23;Jaén;23064 Noalejo;Total;2002;2170
23;Jaén;23064 Noalejo;Total;2001;2231
23;Jaén;23064 Noalejo;Total;2000;2278
23;Jaén;23064 Noalejo;Total;1999;2298
23;Jaén;23064 Noalejo;Total;1998;2294
23;Jaén;23064 Noalejo;Total;1997;
23;Jaén;23064 Noalejo;Total;1996;2408
23;Jaén;23064 Noalejo;Hombres;2023;931
23;Jaén;23064 Noalejo;Hombres;2022;936
23;Jaén;23064 Noalejo;Hombres;2021;957
23;Jaén;23064 Noalejo;Hombres;2020;978
23;Jaén;23064 Noalejo;Hombres;2019;996
23;Jaén;23064 Noalejo;Hombres;2018;983
23;Jaén;23064 Noalejo;Hombres;2017;990
23;Jaén;23064 Noalejo;Hombres;2016;997
23;Jaén;23064 Noalejo;Hombres;2015;1008
23;Jaén;23064 Noalejo;Hombres;2014;1006
23;Jaén;23064 Noalejo;Hombres;2013;1029
23;Jaén;23064 Noalejo;Hombres;2012;1085
23;Jaén;23064 Noalejo;Hombres;2011;1070
23;Jaén;23064 Noalejo;Hombres;2010;1013
23;Jaén;23064 Noalejo;Hombres;2009;1016
23;Jaén;23064 Noalejo;Hombres;2008;1037
23;Jaén;23064 Noalejo;Hombres;2007;1023
23;Jaén;23064 Noalejo;Hombres;2006;1056
23;Jaén;23064 Noalejo;Hombres;2005;1080
23;Jaén;23064 Noalejo;Hombres;2004;1093
23;Jaén;23064 Noalejo;Hombres;2003;1102
23;Jaén;23064 Noalejo;Hombres;2002;1094
23;Jaén;23064 Noalejo;Hombres;2001;1126
23;Jaén;23064 Noalejo;Hombres;2000;1146
23;Jaén;23064 Noalejo;Hombres;1999;1153
23;Jaén;23064 Noalejo;Hombres;1998;1145
23;Jaén;23064 Noalejo;Hombres;1997;
23;Jaén;23064 Noalejo;Hombres;1996;1210
23;Jaén;23064 Noalejo;Mujeres;2023;895
23;Jaén;23064 Noalejo;Mujeres;2022;920
23;Jaén;23064 Noalejo;Mujeres;2021;927
23;Jaén;23064 Noalejo;Mujeres;2020;954
23;Jaén;23064 Noalejo;Mujeres;2019;974
23;Jaén;23064 Noalejo;Mujeres;2018;965
23;Jaén;23064 Noalejo;Mujeres;2017;973
23;Jaén;23064 Noalejo;Mujeres;2016;980
23;Jaén;23064 Noalejo;Mujeres;2015;992
23;Jaén;23064 Noalejo;Mujeres;2014;996
23;Jaén;23064 Noalejo;Mujeres;2013;983
23;Jaén;23064 Noalejo;Mujeres;2012;1021
23;Jaén;23064 Noalejo;Mujeres;2011;1025
23;Jaén;23064 Noalejo;Mujeres;2010;992
23;Jaén;23064 Noalejo;Mujeres;2009;1007
23;Jaén;23064 Noalejo;Mujeres;2008;1032
23;Jaén;23064 Noalejo;Mujeres;2007;1037
23;Jaén;23064 Noalejo;Mujeres;2006;1054
23;Jaén;23064 Noalejo;Mujeres;2005;1075
23;Jaén;23064 Noalejo;Mujeres;2004;1080
23;Jaén;23064 Noalejo;Mujeres;2003;1081
23;Jaén;23064 Noalejo;Mujeres;2002;1076
23;Jaén;23064 Noalejo;Mujeres;2001;1105
23;Jaén;23064 Noalejo;Mujeres;2000;1132
23;Jaén;23064 Noalejo;Mujeres;1999;1145
23;Jaén;23064 Noalejo;Mujeres;1998;1149
23;Jaén;23064 Noalejo;Mujeres;1997;
23;Jaén;23064 Noalejo;Mujeres;1996;1198
23;Jaén;23065 Orcera;Total;2023;1735
23;Jaén;23065 Orcera;Total;2022;1752
23;Jaén;23065 Orcera;Total;2021;1761
23;Jaén;23065 Orcera;Total;2020;1791
23;Jaén;23065 Orcera;Total;2019;1811
23;Jaén;23065 Orcera;Total;2018;1835
23;Jaén;23065 Orcera;Total;2017;1860
23;Jaén;23065 Orcera;Total;2016;1894
23;Jaén;23065 Orcera;Total;2015;1919
23;Jaén;23065 Orcera;Total;2014;1927
23;Jaén;23065 Orcera;Total;2013;1983
23;Jaén;23065 Orcera;Total;2012;1992
23;Jaén;23065 Orcera;Total;2011;1999
23;Jaén;23065 Orcera;Total;2010;2037
23;Jaén;23065 Orcera;Total;2009;2070
23;Jaén;23065 Orcera;Total;2008;2138
23;Jaén;23065 Orcera;Total;2007;2089
23;Jaén;23065 Orcera;Total;2006;2141
23;Jaén;23065 Orcera;Total;2005;2117
23;Jaén;23065 Orcera;Total;2004;2137
23;Jaén;23065 Orcera;Total;2003;2160
23;Jaén;23065 Orcera;Total;2002;2148
23;Jaén;23065 Orcera;Total;2001;2204
23;Jaén;23065 Orcera;Total;2000;2258
23;Jaén;23065 Orcera;Total;1999;2259
23;Jaén;23065 Orcera;Total;1998;2261
23;Jaén;23065 Orcera;Total;1997;
23;Jaén;23065 Orcera;Total;1996;2389
23;Jaén;23065 Orcera;Hombres;2023;869
23;Jaén;23065 Orcera;Hombres;2022;885
23;Jaén;23065 Orcera;Hombres;2021;889
23;Jaén;23065 Orcera;Hombres;2020;912
23;Jaén;23065 Orcera;Hombres;2019;914
23;Jaén;23065 Orcera;Hombres;2018;928
23;Jaén;23065 Orcera;Hombres;2017;940
23;Jaén;23065 Orcera;Hombres;2016;954
23;Jaén;23065 Orcera;Hombres;2015;967
23;Jaén;23065 Orcera;Hombres;2014;969
23;Jaén;23065 Orcera;Hombres;2013;998
23;Jaén;23065 Orcera;Hombres;2012;1004
23;Jaén;23065 Orcera;Hombres;2011;1000
23;Jaén;23065 Orcera;Hombres;2010;1026
23;Jaén;23065 Orcera;Hombres;2009;1038
23;Jaén;23065 Orcera;Hombres;2008;1090
23;Jaén;23065 Orcera;Hombres;2007;1040
23;Jaén;23065 Orcera;Hombres;2006;1080
23;Jaén;23065 Orcera;Hombres;2005;1060
23;Jaén;23065 Orcera;Hombres;2004;1069
23;Jaén;23065 Orcera;Hombres;2003;1072
23;Jaén;23065 Orcera;Hombres;2002;1077
23;Jaén;23065 Orcera;Hombres;2001;1104
23;Jaén;23065 Orcera;Hombres;2000;1128
23;Jaén;23065 Orcera;Hombres;1999;1134
23;Jaén;23065 Orcera;Hombres;1998;1135
23;Jaén;23065 Orcera;Hombres;1997;
23;Jaén;23065 Orcera;Hombres;1996;1213
23;Jaén;23065 Orcera;Mujeres;2023;866
23;Jaén;23065 Orcera;Mujeres;2022;867
23;Jaén;23065 Orcera;Mujeres;2021;872
23;Jaén;23065 Orcera;Mujeres;2020;879
23;Jaén;23065 Orcera;Mujeres;2019;897
23;Jaén;23065 Orcera;Mujeres;2018;907
23;Jaén;23065 Orcera;Mujeres;2017;920
23;Jaén;23065 Orcera;Mujeres;2016;940
23;Jaén;23065 Orcera;Mujeres;2015;952
23;Jaén;23065 Orcera;Mujeres;2014;958
23;Jaén;23065 Orcera;Mujeres;2013;985
23;Jaén;23065 Orcera;Mujeres;2012;988
23;Jaén;23065 Orcera;Mujeres;2011;999
23;Jaén;23065 Orcera;Mujeres;2010;1011
23;Jaén;23065 Orcera;Mujeres;2009;1032
23;Jaén;23065 Orcera;Mujeres;2008;1048
23;Jaén;23065 Orcera;Mujeres;2007;1049
23;Jaén;23065 Orcera;Mujeres;2006;1061
23;Jaén;23065 Orcera;Mujeres;2005;1057
23;Jaén;23065 Orcera;Mujeres;2004;1068
23;Jaén;23065 Orcera;Mujeres;2003;1088
23;Jaén;23065 Orcera;Mujeres;2002;1071
23;Jaén;23065 Orcera;Mujeres;2001;1100
23;Jaén;23065 Orcera;Mujeres;2000;1130
23;Jaén;23065 Orcera;Mujeres;1999;1125
23;Jaén;23065 Orcera;Mujeres;1998;1126
23;Jaén;23065 Orcera;Mujeres;1997;
23;Jaén;23065 Orcera;Mujeres;1996;1176
23;Jaén;23066 Peal de Becerro;Total;2023;5325
23;Jaén;23066 Peal de Becerro;Total;2022;5345
23;Jaén;23066 Peal de Becerro;Total;2021;5325
23;Jaén;23066 Peal de Becerro;Total;2020;5240
23;Jaén;23066 Peal de Becerro;Total;2019;5266
23;Jaén;23066 Peal de Becerro;Total;2018;5277
23;Jaén;23066 Peal de Becerro;Total;2017;5290
23;Jaén;23066 Peal de Becerro;Total;2016;5325
23;Jaén;23066 Peal de Becerro;Total;2015;5410
23;Jaén;23066 Peal de Becerro;Total;2014;5413
23;Jaén;23066 Peal de Becerro;Total;2013;5468
23;Jaén;23066 Peal de Becerro;Total;2012;5614
23;Jaén;23066 Peal de Becerro;Total;2011;5581
23;Jaén;23066 Peal de Becerro;Total;2010;5523
23;Jaén;23066 Peal de Becerro;Total;2009;5574
23;Jaén;23066 Peal de Becerro;Total;2008;5551
23;Jaén;23066 Peal de Becerro;Total;2007;5489
23;Jaén;23066 Peal de Becerro;Total;2006;5494
23;Jaén;23066 Peal de Becerro;Total;2005;5470
23;Jaén;23066 Peal de Becerro;Total;2004;5458
23;Jaén;23066 Peal de Becerro;Total;2003;5417
23;Jaén;23066 Peal de Becerro;Total;2002;5290
23;Jaén;23066 Peal de Becerro;Total;2001;5176
23;Jaén;23066 Peal de Becerro;Total;2000;5310
23;Jaén;23066 Peal de Becerro;Total;1999;5379
23;Jaén;23066 Peal de Becerro;Total;1998;5280
23;Jaén;23066 Peal de Becerro;Total;1997;
23;Jaén;23066 Peal de Becerro;Total;1996;5147
23;Jaén;23066 Peal de Becerro;Hombres;2023;2660
23;Jaén;23066 Peal de Becerro;Hombres;2022;2677
23;Jaén;23066 Peal de Becerro;Hombres;2021;2659
23;Jaén;23066 Peal de Becerro;Hombres;2020;2605
23;Jaén;23066 Peal de Becerro;Hombres;2019;2602
23;Jaén;23066 Peal de Becerro;Hombres;2018;2607
23;Jaén;23066 Peal de Becerro;Hombres;2017;2630
23;Jaén;23066 Peal de Becerro;Hombres;2016;2651
23;Jaén;23066 Peal de Becerro;Hombres;2015;2696
23;Jaén;23066 Peal de Becerro;Hombres;2014;2693
23;Jaén;23066 Peal de Becerro;Hombres;2013;2728
23;Jaén;23066 Peal de Becerro;Hombres;2012;2876
23;Jaén;23066 Peal de Becerro;Hombres;2011;2857
23;Jaén;23066 Peal de Becerro;Hombres;2010;2773
23;Jaén;23066 Peal de Becerro;Hombres;2009;2808
23;Jaén;23066 Peal de Becerro;Hombres;2008;2820
23;Jaén;23066 Peal de Becerro;Hombres;2007;2771
23;Jaén;23066 Peal de Becerro;Hombres;2006;2755
23;Jaén;23066 Peal de Becerro;Hombres;2005;2745
23;Jaén;23066 Peal de Becerro;Hombres;2004;2720
23;Jaén;23066 Peal de Becerro;Hombres;2003;2695
23;Jaén;23066 Peal de Becerro;Hombres;2002;2628
23;Jaén;23066 Peal de Becerro;Hombres;2001;2563
23;Jaén;23066 Peal de Becerro;Hombres;2000;2633
23;Jaén;23066 Peal de Becerro;Hombres;1999;2670
23;Jaén;23066 Peal de Becerro;Hombres;1998;2611
23;Jaén;23066 Peal de Becerro;Hombres;1997;
23;Jaén;23066 Peal de Becerro;Hombres;1996;2551
23;Jaén;23066 Peal de Becerro;Mujeres;2023;2665
23;Jaén;23066 Peal de Becerro;Mujeres;2022;2668
23;Jaén;23066 Peal de Becerro;Mujeres;2021;2666
23;Jaén;23066 Peal de Becerro;Mujeres;2020;2635
23;Jaén;23066 Peal de Becerro;Mujeres;2019;2664
23;Jaén;23066 Peal de Becerro;Mujeres;2018;2670
23;Jaén;23066 Peal de Becerro;Mujeres;2017;2660
23;Jaén;23066 Peal de Becerro;Mujeres;2016;2674
23;Jaén;23066 Peal de Becerro;Mujeres;2015;2714
23;Jaén;23066 Peal de Becerro;Mujeres;2014;2720
23;Jaén;23066 Peal de Becerro;Mujeres;2013;2740
23;Jaén;23066 Peal de Becerro;Mujeres;2012;2738
23;Jaén;23066 Peal de Becerro;Mujeres;2011;2724
23;Jaén;23066 Peal de Becerro;Mujeres;2010;2750
23;Jaén;23066 Peal de Becerro;Mujeres;2009;2766
23;Jaén;23066 Peal de Becerro;Mujeres;2008;2731
23;Jaén;23066 Peal de Becerro;Mujeres;2007;2718
23;Jaén;23066 Peal de Becerro;Mujeres;2006;2739
23;Jaén;23066 Peal de Becerro;Mujeres;2005;2725
23;Jaén;23066 Peal de Becerro;Mujeres;2004;2738
23;Jaén;23066 Peal de Becerro;Mujeres;2003;2722
23;Jaén;23066 Peal de Becerro;Mujeres;2002;2662
23;Jaén;23066 Peal de Becerro;Mujeres;2001;2613
23;Jaén;23066 Peal de Becerro;Mujeres;2000;2677
23;Jaén;23066 Peal de Becerro;Mujeres;1999;2709
23;Jaén;23066 Peal de Becerro;Mujeres;1998;2669
23;Jaén;23066 Peal de Becerro;Mujeres;1997;
23;Jaén;23066 Peal de Becerro;Mujeres;1996;2596
23;Jaén;23067 Pegalajar;Total;2023;2822
23;Jaén;23067 Pegalajar;Total;2022;2823
23;Jaén;23067 Pegalajar;Total;2021;2859
23;Jaén;23067 Pegalajar;Total;2020;2875
23;Jaén;23067 Pegalajar;Total;2019;2919
23;Jaén;23067 Pegalajar;Total;2018;2916
23;Jaén;23067 Pegalajar;Total;2017;2945
23;Jaén;23067 Pegalajar;Total;2016;2966
23;Jaén;23067 Pegalajar;Total;2015;3032
23;Jaén;23067 Pegalajar;Total;2014;3055
23;Jaén;23067 Pegalajar;Total;2013;3073
23;Jaén;23067 Pegalajar;Total;2012;3093
23;Jaén;23067 Pegalajar;Total;2011;3095
23;Jaén;23067 Pegalajar;Total;2010;3116
23;Jaén;23067 Pegalajar;Total;2009;3141
23;Jaén;23067 Pegalajar;Total;2008;3145
23;Jaén;23067 Pegalajar;Total;2007;3172
23;Jaén;23067 Pegalajar;Total;2006;3171
23;Jaén;23067 Pegalajar;Total;2005;3136
23;Jaén;23067 Pegalajar;Total;2004;3093
23;Jaén;23067 Pegalajar;Total;2003;3084
23;Jaén;23067 Pegalajar;Total;2002;3091
23;Jaén;23067 Pegalajar;Total;2001;3085
23;Jaén;23067 Pegalajar;Total;2000;3074
23;Jaén;23067 Pegalajar;Total;1999;3126
23;Jaén;23067 Pegalajar;Total;1998;3137
23;Jaén;23067 Pegalajar;Total;1997;
23;Jaén;23067 Pegalajar;Total;1996;3136
23;Jaén;23067 Pegalajar;Hombres;2023;1429
23;Jaén;23067 Pegalajar;Hombres;2022;1426
23;Jaén;23067 Pegalajar;Hombres;2021;1434
23;Jaén;23067 Pegalajar;Hombres;2020;1453
23;Jaén;23067 Pegalajar;Hombres;2019;1470
23;Jaén;23067 Pegalajar;Hombres;2018;1464
23;Jaén;23067 Pegalajar;Hombres;2017;1475
23;Jaén;23067 Pegalajar;Hombres;2016;1482
23;Jaén;23067 Pegalajar;Hombres;2015;1522
23;Jaén;23067 Pegalajar;Hombres;2014;1536
23;Jaén;23067 Pegalajar;Hombres;2013;1545
23;Jaén;23067 Pegalajar;Hombres;2012;1551
23;Jaén;23067 Pegalajar;Hombres;2011;1549
23;Jaén;23067 Pegalajar;Hombres;2010;1561
23;Jaén;23067 Pegalajar;Hombres;2009;1568
23;Jaén;23067 Pegalajar;Hombres;2008;1612
23;Jaén;23067 Pegalajar;Hombres;2007;1628
23;Jaén;23067 Pegalajar;Hombres;2006;1636
23;Jaén;23067 Pegalajar;Hombres;2005;1607
23;Jaén;23067 Pegalajar;Hombres;2004;1583
23;Jaén;23067 Pegalajar;Hombres;2003;1580
23;Jaén;23067 Pegalajar;Hombres;2002;1577
23;Jaén;23067 Pegalajar;Hombres;2001;1582
23;Jaén;23067 Pegalajar;Hombres;2000;1570
23;Jaén;23067 Pegalajar;Hombres;1999;1611
23;Jaén;23067 Pegalajar;Hombres;1998;1615
23;Jaén;23067 Pegalajar;Hombres;1997;
23;Jaén;23067 Pegalajar;Hombres;1996;1569
23;Jaén;23067 Pegalajar;Mujeres;2023;1393
23;Jaén;23067 Pegalajar;Mujeres;2022;1397
23;Jaén;23067 Pegalajar;Mujeres;2021;1425
23;Jaén;23067 Pegalajar;Mujeres;2020;1422
23;Jaén;23067 Pegalajar;Mujeres;2019;1449
23;Jaén;23067 Pegalajar;Mujeres;2018;1452
23;Jaén;23067 Pegalajar;Mujeres;2017;1470
23;Jaén;23067 Pegalajar;Mujeres;2016;1484
23;Jaén;23067 Pegalajar;Mujeres;2015;1510
23;Jaén;23067 Pegalajar;Mujeres;2014;1519
23;Jaén;23067 Pegalajar;Mujeres;2013;1528
23;Jaén;23067 Pegalajar;Mujeres;2012;1542
23;Jaén;23067 Pegalajar;Mujeres;2011;1546
23;Jaén;23067 Pegalajar;Mujeres;2010;1555
23;Jaén;23067 Pegalajar;Mujeres;2009;1573
23;Jaén;23067 Pegalajar;Mujeres;2008;1533
23;Jaén;23067 Pegalajar;Mujeres;2007;1544
23;Jaén;23067 Pegalajar;Mujeres;2006;1535
23;Jaén;23067 Pegalajar;Mujeres;2005;1529
23;Jaén;23067 Pegalajar;Mujeres;2004;1510
23;Jaén;23067 Pegalajar;Mujeres;2003;1504
23;Jaén;23067 Pegalajar;Mujeres;2002;1514
23;Jaén;23067 Pegalajar;Mujeres;2001;1503
23;Jaén;23067 Pegalajar;Mujeres;2000;1504
23;Jaén;23067 Pegalajar;Mujeres;1999;1515
23;Jaén;23067 Pegalajar;Mujeres;1998;1522
23;Jaén;23067 Pegalajar;Mujeres;1997;
23;Jaén;23067 Pegalajar;Mujeres;1996;1567
23;Jaén;23069 Porcuna;Total;2023;5975
23;Jaén;23069 Porcuna;Total;2022;6080
23;Jaén;23069 Porcuna;Total;2021;6115
23;Jaén;23069 Porcuna;Total;2020;6156
23;Jaén;23069 Porcuna;Total;2019;6235
23;Jaén;23069 Porcuna;Total;2018;6283
23;Jaén;23069 Porcuna;Total;2017;6403
23;Jaén;23069 Porcuna;Total;2016;6532
23;Jaén;23069 Porcuna;Total;2015;6567
23;Jaén;23069 Porcuna;Total;2014;6630
23;Jaén;23069 Porcuna;Total;2013;6727
23;Jaén;23069 Porcuna;Total;2012;6806
23;Jaén;23069 Porcuna;Total;2011;6828
23;Jaén;23069 Porcuna;Total;2010;6825
23;Jaén;23069 Porcuna;Total;2009;6868
23;Jaén;23069 Porcuna;Total;2008;6939
23;Jaén;23069 Porcuna;Total;2007;6847
23;Jaén;23069 Porcuna;Total;2006;6859
23;Jaén;23069 Porcuna;Total;2005;6915
23;Jaén;23069 Porcuna;Total;2004;6935
23;Jaén;23069 Porcuna;Total;2003;6899
23;Jaén;23069 Porcuna;Total;2002;6923
23;Jaén;23069 Porcuna;Total;2001;7042
23;Jaén;23069 Porcuna;Total;2000;6941
23;Jaén;23069 Porcuna;Total;1999;6969
23;Jaén;23069 Porcuna;Total;1998;6974
23;Jaén;23069 Porcuna;Total;1997;
23;Jaén;23069 Porcuna;Total;1996;7008
23;Jaén;23069 Porcuna;Hombres;2023;3008
23;Jaén;23069 Porcuna;Hombres;2022;3064
23;Jaén;23069 Porcuna;Hombres;2021;3079
23;Jaén;23069 Porcuna;Hombres;2020;3102
23;Jaén;23069 Porcuna;Hombres;2019;3144
23;Jaén;23069 Porcuna;Hombres;2018;3171
23;Jaén;23069 Porcuna;Hombres;2017;3243
23;Jaén;23069 Porcuna;Hombres;2016;3329
23;Jaén;23069 Porcuna;Hombres;2015;3311
23;Jaén;23069 Porcuna;Hombres;2014;3356
23;Jaén;23069 Porcuna;Hombres;2013;3400
23;Jaén;23069 Porcuna;Hombres;2012;3442
23;Jaén;23069 Porcuna;Hombres;2011;3454
23;Jaén;23069 Porcuna;Hombres;2010;3463
23;Jaén;23069 Porcuna;Hombres;2009;3487
23;Jaén;23069 Porcuna;Hombres;2008;3507
23;Jaén;23069 Porcuna;Hombres;2007;3425
23;Jaén;23069 Porcuna;Hombres;2006;3427
23;Jaén;23069 Porcuna;Hombres;2005;3461
23;Jaén;23069 Porcuna;Hombres;2004;3469
23;Jaén;23069 Porcuna;Hombres;2003;3462
23;Jaén;23069 Porcuna;Hombres;2002;3465
23;Jaén;23069 Porcuna;Hombres;2001;3533
23;Jaén;23069 Porcuna;Hombres;2000;3470
23;Jaén;23069 Porcuna;Hombres;1999;3480
23;Jaén;23069 Porcuna;Hombres;1998;3473
23;Jaén;23069 Porcuna;Hombres;1997;
23;Jaén;23069 Porcuna;Hombres;1996;3504
23;Jaén;23069 Porcuna;Mujeres;2023;2967
23;Jaén;23069 Porcuna;Mujeres;2022;3016
23;Jaén;23069 Porcuna;Mujeres;2021;3036
23;Jaén;23069 Porcuna;Mujeres;2020;3054
23;Jaén;23069 Porcuna;Mujeres;2019;3091
23;Jaén;23069 Porcuna;Mujeres;2018;3112
23;Jaén;23069 Porcuna;Mujeres;2017;3160
23;Jaén;23069 Porcuna;Mujeres;2016;3203
23;Jaén;23069 Porcuna;Mujeres;2015;3256
23;Jaén;23069 Porcuna;Mujeres;2014;3274
23;Jaén;23069 Porcuna;Mujeres;2013;3327
23;Jaén;23069 Porcuna;Mujeres;2012;3364
23;Jaén;23069 Porcuna;Mujeres;2011;3374
23;Jaén;23069 Porcuna;Mujeres;2010;3362
23;Jaén;23069 Porcuna;Mujeres;2009;3381
23;Jaén;23069 Porcuna;Mujeres;2008;3432
23;Jaén;23069 Porcuna;Mujeres;2007;3422
23;Jaén;23069 Porcuna;Mujeres;2006;3432
23;Jaén;23069 Porcuna;Mujeres;2005;3454
23;Jaén;23069 Porcuna;Mujeres;2004;3466
23;Jaén;23069 Porcuna;Mujeres;2003;3437
23;Jaén;23069 Porcuna;Mujeres;2002;3458
23;Jaén;23069 Porcuna;Mujeres;2001;3509
23;Jaén;23069 Porcuna;Mujeres;2000;3471
23;Jaén;23069 Porcuna;Mujeres;1999;3489
23;Jaén;23069 Porcuna;Mujeres;1998;3501
23;Jaén;23069 Porcuna;Mujeres;1997;
23;Jaén;23069 Porcuna;Mujeres;1996;3504
23;Jaén;23070 Pozo Alcón;Total;2023;4594
23;Jaén;23070 Pozo Alcón;Total;2022;4633
23;Jaén;23070 Pozo Alcón;Total;2021;4706
23;Jaén;23070 Pozo Alcón;Total;2020;4731
23;Jaén;23070 Pozo Alcón;Total;2019;4673
23;Jaén;23070 Pozo Alcón;Total;2018;4708
23;Jaén;23070 Pozo Alcón;Total;2017;4758
23;Jaén;23070 Pozo Alcón;Total;2016;4857
23;Jaén;23070 Pozo Alcón;Total;2015;4892
23;Jaén;23070 Pozo Alcón;Total;2014;4970
23;Jaén;23070 Pozo Alcón;Total;2013;5165
23;Jaén;23070 Pozo Alcón;Total;2012;5260
23;Jaén;23070 Pozo Alcón;Total;2011;5378
23;Jaén;23070 Pozo Alcón;Total;2010;5413
23;Jaén;23070 Pozo Alcón;Total;2009;5396
23;Jaén;23070 Pozo Alcón;Total;2008;5464
23;Jaén;23070 Pozo Alcón;Total;2007;5527
23;Jaén;23070 Pozo Alcón;Total;2006;5322
23;Jaén;23070 Pozo Alcón;Total;2005;5437
23;Jaén;23070 Pozo Alcón;Total;2004;5497
23;Jaén;23070 Pozo Alcón;Total;2003;5602
23;Jaén;23070 Pozo Alcón;Total;2002;5384
23;Jaén;23070 Pozo Alcón;Total;2001;5483
23;Jaén;23070 Pozo Alcón;Total;2000;5618
23;Jaén;23070 Pozo Alcón;Total;1999;5859
23;Jaén;23070 Pozo Alcón;Total;1998;6010
23;Jaén;23070 Pozo Alcón;Total;1997;
23;Jaén;23070 Pozo Alcón;Total;1996;6385
23;Jaén;23070 Pozo Alcón;Hombres;2023;2374
23;Jaén;23070 Pozo Alcón;Hombres;2022;2384
23;Jaén;23070 Pozo Alcón;Hombres;2021;2428
23;Jaén;23070 Pozo Alcón;Hombres;2020;2436
23;Jaén;23070 Pozo Alcón;Hombres;2019;2398
23;Jaén;23070 Pozo Alcón;Hombres;2018;2391
23;Jaén;23070 Pozo Alcón;Hombres;2017;2432
23;Jaén;23070 Pozo Alcón;Hombres;2016;2480
23;Jaén;23070 Pozo Alcón;Hombres;2015;2492
23;Jaén;23070 Pozo Alcón;Hombres;2014;2534
23;Jaén;23070 Pozo Alcón;Hombres;2013;2642
23;Jaén;23070 Pozo Alcón;Hombres;2012;2717
23;Jaén;23070 Pozo Alcón;Hombres;2011;2784
23;Jaén;23070 Pozo Alcón;Hombres;2010;2791
23;Jaén;23070 Pozo Alcón;Hombres;2009;2775
23;Jaén;23070 Pozo Alcón;Hombres;2008;2848
23;Jaén;23070 Pozo Alcón;Hombres;2007;2875
23;Jaén;23070 Pozo Alcón;Hombres;2006;2737
23;Jaén;23070 Pozo Alcón;Hombres;2005;2791
23;Jaén;23070 Pozo Alcón;Hombres;2004;2791
23;Jaén;23070 Pozo Alcón;Hombres;2003;2827
23;Jaén;23070 Pozo Alcón;Hombres;2002;2688
23;Jaén;23070 Pozo Alcón;Hombres;2001;2732
23;Jaén;23070 Pozo Alcón;Hombres;2000;2819
23;Jaén;23070 Pozo Alcón;Hombres;1999;2947
23;Jaén;23070 Pozo Alcón;Hombres;1998;3049
23;Jaén;23070 Pozo Alcón;Hombres;1997;
23;Jaén;23070 Pozo Alcón;Hombres;1996;3238
23;Jaén;23070 Pozo Alcón;Mujeres;2023;2220
23;Jaén;23070 Pozo Alcón;Mujeres;2022;2249
23;Jaén;23070 Pozo Alcón;Mujeres;2021;2278
23;Jaén;23070 Pozo Alcón;Mujeres;2020;2295
23;Jaén;23070 Pozo Alcón;Mujeres;2019;2275
23;Jaén;23070 Pozo Alcón;Mujeres;2018;2317
23;Jaén;23070 Pozo Alcón;Mujeres;2017;2326
23;Jaén;23070 Pozo Alcón;Mujeres;2016;2377
23;Jaén;23070 Pozo Alcón;Mujeres;2015;2400
23;Jaén;23070 Pozo Alcón;Mujeres;2014;2436
23;Jaén;23070 Pozo Alcón;Mujeres;2013;2523
23;Jaén;23070 Pozo Alcón;Mujeres;2012;2543
23;Jaén;23070 Pozo Alcón;Mujeres;2011;2594
23;Jaén;23070 Pozo Alcón;Mujeres;2010;2622
23;Jaén;23070 Pozo Alcón;Mujeres;2009;2621
23;Jaén;23070 Pozo Alcón;Mujeres;2008;2616
23;Jaén;23070 Pozo Alcón;Mujeres;2007;2652
23;Jaén;23070 Pozo Alcón;Mujeres;2006;2585
23;Jaén;23070 Pozo Alcón;Mujeres;2005;2646
23;Jaén;23070 Pozo Alcón;Mujeres;2004;2706
23;Jaén;23070 Pozo Alcón;Mujeres;2003;2775
23;Jaén;23070 Pozo Alcón;Mujeres;2002;2696
23;Jaén;23070 Pozo Alcón;Mujeres;2001;2751
23;Jaén;23070 Pozo Alcón;Mujeres;2000;2799
23;Jaén;23070 Pozo Alcón;Mujeres;1999;2912
23;Jaén;23070 Pozo Alcón;Mujeres;1998;2961
23;Jaén;23070 Pozo Alcón;Mujeres;1997;
23;Jaén;23070 Pozo Alcón;Mujeres;1996;3147
23;Jaén;23071 Puente de Génave;Total;2023;2168
23;Jaén;23071 Puente de Génave;Total;2022;2175
23;Jaén;23071 Puente de Génave;Total;2021;2166
23;Jaén;23071 Puente de Génave;Total;2020;2159
23;Jaén;23071 Puente de Génave;Total;2019;2159
23;Jaén;23071 Puente de Génave;Total;2018;2179
23;Jaén;23071 Puente de Génave;Total;2017;2218
23;Jaén;23071 Puente de Génave;Total;2016;2216
23;Jaén;23071 Puente de Génave;Total;2015;2221
23;Jaén;23071 Puente de Génave;Total;2014;2247
23;Jaén;23071 Puente de Génave;Total;2013;2260
23;Jaén;23071 Puente de Génave;Total;2012;2305
23;Jaén;23071 Puente de Génave;Total;2011;2332
23;Jaén;23071 Puente de Génave;Total;2010;2298
23;Jaén;23071 Puente de Génave;Total;2009;2222
23;Jaén;23071 Puente de Génave;Total;2008;2174
23;Jaén;23071 Puente de Génave;Total;2007;2132
23;Jaén;23071 Puente de Génave;Total;2006;2153
23;Jaén;23071 Puente de Génave;Total;2005;2119
23;Jaén;23071 Puente de Génave;Total;2004;2072
23;Jaén;23071 Puente de Génave;Total;2003;2086
23;Jaén;23071 Puente de Génave;Total;2002;2030
23;Jaén;23071 Puente de Génave;Total;2001;1979
23;Jaén;23071 Puente de Génave;Total;2000;1972
23;Jaén;23071 Puente de Génave;Total;1999;2048
23;Jaén;23071 Puente de Génave;Total;1998;2048
23;Jaén;23071 Puente de Génave;Total;1997;
23;Jaén;23071 Puente de Génave;Total;1996;2073
23;Jaén;23071 Puente de Génave;Hombres;2023;1108
23;Jaén;23071 Puente de Génave;Hombres;2022;1112
23;Jaén;23071 Puente de Génave;Hombres;2021;1091
23;Jaén;23071 Puente de Génave;Hombres;2020;1076
23;Jaén;23071 Puente de Génave;Hombres;2019;1080
23;Jaén;23071 Puente de Génave;Hombres;2018;1091
23;Jaén;23071 Puente de Génave;Hombres;2017;1117
23;Jaén;23071 Puente de Génave;Hombres;2016;1118
23;Jaén;23071 Puente de Génave;Hombres;2015;1123
23;Jaén;23071 Puente de Génave;Hombres;2014;1126
23;Jaén;23071 Puente de Génave;Hombres;2013;1138
23;Jaén;23071 Puente de Génave;Hombres;2012;1171
23;Jaén;23071 Puente de Génave;Hombres;2011;1175
23;Jaén;23071 Puente de Génave;Hombres;2010;1138
23;Jaén;23071 Puente de Génave;Hombres;2009;1102
23;Jaén;23071 Puente de Génave;Hombres;2008;1075
23;Jaén;23071 Puente de Génave;Hombres;2007;1056
23;Jaén;23071 Puente de Génave;Hombres;2006;1068
23;Jaén;23071 Puente de Génave;Hombres;2005;1053
23;Jaén;23071 Puente de Génave;Hombres;2004;1037
23;Jaén;23071 Puente de Génave;Hombres;2003;1045
23;Jaén;23071 Puente de Génave;Hombres;2002;1010
23;Jaén;23071 Puente de Génave;Hombres;2001;981
23;Jaén;23071 Puente de Génave;Hombres;2000;974
23;Jaén;23071 Puente de Génave;Hombres;1999;1036
23;Jaén;23071 Puente de Génave;Hombres;1998;1036
23;Jaén;23071 Puente de Génave;Hombres;1997;
23;Jaén;23071 Puente de Génave;Hombres;1996;1037
23;Jaén;23071 Puente de Génave;Mujeres;2023;1060
23;Jaén;23071 Puente de Génave;Mujeres;2022;1063
23;Jaén;23071 Puente de Génave;Mujeres;2021;1075
23;Jaén;23071 Puente de Génave;Mujeres;2020;1083
23;Jaén;23071 Puente de Génave;Mujeres;2019;1079
23;Jaén;23071 Puente de Génave;Mujeres;2018;1088
23;Jaén;23071 Puente de Génave;Mujeres;2017;1101
23;Jaén;23071 Puente de Génave;Mujeres;2016;1098
23;Jaén;23071 Puente de Génave;Mujeres;2015;1098
23;Jaén;23071 Puente de Génave;Mujeres;2014;1121
23;Jaén;23071 Puente de Génave;Mujeres;2013;1122
23;Jaén;23071 Puente de Génave;Mujeres;2012;1134
23;Jaén;23071 Puente de Génave;Mujeres;2011;1157
23;Jaén;23071 Puente de Génave;Mujeres;2010;1160
23;Jaén;23071 Puente de Génave;Mujeres;2009;1120
23;Jaén;23071 Puente de Génave;Mujeres;2008;1099
23;Jaén;23071 Puente de Génave;Mujeres;2007;1076
23;Jaén;23071 Puente de Génave;Mujeres;2006;1085
23;Jaén;23071 Puente de Génave;Mujeres;2005;1066
23;Jaén;23071 Puente de Génave;Mujeres;2004;1035
23;Jaén;23071 Puente de Génave;Mujeres;2003;1041
23;Jaén;23071 Puente de Génave;Mujeres;2002;1020
23;Jaén;23071 Puente de Génave;Mujeres;2001;998
23;Jaén;23071 Puente de Génave;Mujeres;2000;998
23;Jaén;23071 Puente de Génave;Mujeres;1999;1012
23;Jaén;23071 Puente de Génave;Mujeres;1998;1012
23;Jaén;23071 Puente de Génave;Mujeres;1997;
23;Jaén;23071 Puente de Génave;Mujeres;1996;1036
23;Jaén;23072 Puerta de Segura, La;Total;2023;2226
23;Jaén;23072 Puerta de Segura, La;Total;2022;2245
23;Jaén;23072 Puerta de Segura, La;Total;2021;2250
23;Jaén;23072 Puerta de Segura, La;Total;2020;2234
23;Jaén;23072 Puerta de Segura, La;Total;2019;2268
23;Jaén;23072 Puerta de Segura, La;Total;2018;2339
23;Jaén;23072 Puerta de Segura, La;Total;2017;2396
23;Jaén;23072 Puerta de Segura, La;Total;2016;2435
23;Jaén;23072 Puerta de Segura, La;Total;2015;2503
23;Jaén;23072 Puerta de Segura, La;Total;2014;2542
23;Jaén;23072 Puerta de Segura, La;Total;2013;2591
23;Jaén;23072 Puerta de Segura, La;Total;2012;2638
23;Jaén;23072 Puerta de Segura, La;Total;2011;2615
23;Jaén;23072 Puerta de Segura, La;Total;2010;2653
23;Jaén;23072 Puerta de Segura, La;Total;2009;2638
23;Jaén;23072 Puerta de Segura, La;Total;2008;2631
23;Jaén;23072 Puerta de Segura, La;Total;2007;2625
23;Jaén;23072 Puerta de Segura, La;Total;2006;2618
23;Jaén;23072 Puerta de Segura, La;Total;2005;2646
23;Jaén;23072 Puerta de Segura, La;Total;2004;2640
23;Jaén;23072 Puerta de Segura, La;Total;2003;2612
23;Jaén;23072 Puerta de Segura, La;Total;2002;2646
23;Jaén;23072 Puerta de Segura, La;Total;2001;2654
23;Jaén;23072 Puerta de Segura, La;Total;2000;2677
23;Jaén;23072 Puerta de Segura, La;Total;1999;2730
23;Jaén;23072 Puerta de Segura, La;Total;1998;2745
23;Jaén;23072 Puerta de Segura, La;Total;1997;
23;Jaén;23072 Puerta de Segura, La;Total;1996;2818
23;Jaén;23072 Puerta de Segura, La;Hombres;2023;1113
23;Jaén;23072 Puerta de Segura, La;Hombres;2022;1128
23;Jaén;23072 Puerta de Segura, La;Hombres;2021;1137
23;Jaén;23072 Puerta de Segura, La;Hombres;2020;1121
23;Jaén;23072 Puerta de Segura, La;Hombres;2019;1136
23;Jaén;23072 Puerta de Segura, La;Hombres;2018;1163
23;Jaén;23072 Puerta de Segura, La;Hombres;2017;1193
23;Jaén;23072 Puerta de Segura, La;Hombres;2016;1214
23;Jaén;23072 Puerta de Segura, La;Hombres;2015;1250
23;Jaén;23072 Puerta de Segura, La;Hombres;2014;1274
23;Jaén;23072 Puerta de Segura, La;Hombres;2013;1299
23;Jaén;23072 Puerta de Segura, La;Hombres;2012;1343
23;Jaén;23072 Puerta de Segura, La;Hombres;2011;1303
23;Jaén;23072 Puerta de Segura, La;Hombres;2010;1321
23;Jaén;23072 Puerta de Segura, La;Hombres;2009;1313
23;Jaén;23072 Puerta de Segura, La;Hombres;2008;1306
23;Jaén;23072 Puerta de Segura, La;Hombres;2007;1308
23;Jaén;23072 Puerta de Segura, La;Hombres;2006;1318
23;Jaén;23072 Puerta de Segura, La;Hombres;2005;1333
23;Jaén;23072 Puerta de Segura, La;Hombres;2004;1332
23;Jaén;23072 Puerta de Segura, La;Hombres;2003;1306
23;Jaén;23072 Puerta de Segura, La;Hombres;2002;1327
23;Jaén;23072 Puerta de Segura, La;Hombres;2001;1327
23;Jaén;23072 Puerta de Segura, La;Hombres;2000;1339
23;Jaén;23072 Puerta de Segura, La;Hombres;1999;1365
23;Jaén;23072 Puerta de Segura, La;Hombres;1998;1368
23;Jaén;23072 Puerta de Segura, La;Hombres;1997;
23;Jaén;23072 Puerta de Segura, La;Hombres;1996;1405
23;Jaén;23072 Puerta de Segura, La;Mujeres;2023;1113
23;Jaén;23072 Puerta de Segura, La;Mujeres;2022;1117
23;Jaén;23072 Puerta de Segura, La;Mujeres;2021;1113
23;Jaén;23072 Puerta de Segura, La;Mujeres;2020;1113
23;Jaén;23072 Puerta de Segura, La;Mujeres;2019;1132
23;Jaén;23072 Puerta de Segura, La;Mujeres;2018;1176
23;Jaén;23072 Puerta de Segura, La;Mujeres;2017;1203
23;Jaén;23072 Puerta de Segura, La;Mujeres;2016;1221
23;Jaén;23072 Puerta de Segura, La;Mujeres;2015;1253
23;Jaén;23072 Puerta de Segura, La;Mujeres;2014;1268
23;Jaén;23072 Puerta de Segura, La;Mujeres;2013;1292
23;Jaén;23072 Puerta de Segura, La;Mujeres;2012;1295
23;Jaén;23072 Puerta de Segura, La;Mujeres;2011;1312
23;Jaén;23072 Puerta de Segura, La;Mujeres;2010;1332
23;Jaén;23072 Puerta de Segura, La;Mujeres;2009;1325
23;Jaén;23072 Puerta de Segura, La;Mujeres;2008;1325
23;Jaén;23072 Puerta de Segura, La;Mujeres;2007;1317
23;Jaén;23072 Puerta de Segura, La;Mujeres;2006;1300
23;Jaén;23072 Puerta de Segura, La;Mujeres;2005;1313
23;Jaén;23072 Puerta de Segura, La;Mujeres;2004;1308
23;Jaén;23072 Puerta de Segura, La;Mujeres;2003;1306
23;Jaén;23072 Puerta de Segura, La;Mujeres;2002;1319
23;Jaén;23072 Puerta de Segura, La;Mujeres;2001;1327
23;Jaén;23072 Puerta de Segura, La;Mujeres;2000;1338
23;Jaén;23072 Puerta de Segura, La;Mujeres;1999;1365
23;Jaén;23072 Puerta de Segura, La;Mujeres;1998;1377
23;Jaén;23072 Puerta de Segura, La;Mujeres;1997;
23;Jaén;23072 Puerta de Segura, La;Mujeres;1996;1413
23;Jaén;23073 Quesada;Total;2023;5015
23;Jaén;23073 Quesada;Total;2022;5106
23;Jaén;23073 Quesada;Total;2021;5161
23;Jaén;23073 Quesada;Total;2020;5196
23;Jaén;23073 Quesada;Total;2019;5209
23;Jaén;23073 Quesada;Total;2018;5303
23;Jaén;23073 Quesada;Total;2017;5400
23;Jaén;23073 Quesada;Total;2016;5483
23;Jaén;23073 Quesada;Total;2015;5585
23;Jaén;23073 Quesada;Total;2014;5613
23;Jaén;23073 Quesada;Total;2013;5705
23;Jaén;23073 Quesada;Total;2012;5906
23;Jaén;23073 Quesada;Total;2011;5841
23;Jaén;23073 Quesada;Total;2010;5898
23;Jaén;23073 Quesada;Total;2009;5916
23;Jaén;23073 Quesada;Total;2008;5944
23;Jaén;23073 Quesada;Total;2007;5922
23;Jaén;23073 Quesada;Total;2006;5938
23;Jaén;23073 Quesada;Total;2005;5964
23;Jaén;23073 Quesada;Total;2004;5979
23;Jaén;23073 Quesada;Total;2003;5954
23;Jaén;23073 Quesada;Total;2002;5999
23;Jaén;23073 Quesada;Total;2001;6033
23;Jaén;23073 Quesada;Total;2000;6089
23;Jaén;23073 Quesada;Total;1999;6158
23;Jaén;23073 Quesada;Total;1998;6181
23;Jaén;23073 Quesada;Total;1997;
23;Jaén;23073 Quesada;Total;1996;6256
23;Jaén;23073 Quesada;Hombres;2023;2547
23;Jaén;23073 Quesada;Hombres;2022;2595
23;Jaén;23073 Quesada;Hombres;2021;2625
23;Jaén;23073 Quesada;Hombres;2020;2638
23;Jaén;23073 Quesada;Hombres;2019;2645
23;Jaén;23073 Quesada;Hombres;2018;2689
23;Jaén;23073 Quesada;Hombres;2017;2735
23;Jaén;23073 Quesada;Hombres;2016;2777
23;Jaén;23073 Quesada;Hombres;2015;2821
23;Jaén;23073 Quesada;Hombres;2014;2832
23;Jaén;23073 Quesada;Hombres;2013;2893
23;Jaén;23073 Quesada;Hombres;2012;3038
23;Jaén;23073 Quesada;Hombres;2011;2945
23;Jaén;23073 Quesada;Hombres;2010;2944
23;Jaén;23073 Quesada;Hombres;2009;2958
23;Jaén;23073 Quesada;Hombres;2008;2955
23;Jaén;23073 Quesada;Hombres;2007;2947
23;Jaén;23073 Quesada;Hombres;2006;2951
23;Jaén;23073 Quesada;Hombres;2005;2947
23;Jaén;23073 Quesada;Hombres;2004;2952
23;Jaén;23073 Quesada;Hombres;2003;2927
23;Jaén;23073 Quesada;Hombres;2002;2948
23;Jaén;23073 Quesada;Hombres;2001;2979
23;Jaén;23073 Quesada;Hombres;2000;2995
23;Jaén;23073 Quesada;Hombres;1999;3016
23;Jaén;23073 Quesada;Hombres;1998;3018
23;Jaén;23073 Quesada;Hombres;1997;
23;Jaén;23073 Quesada;Hombres;1996;3085
23;Jaén;23073 Quesada;Mujeres;2023;2468
23;Jaén;23073 Quesada;Mujeres;2022;2511
23;Jaén;23073 Quesada;Mujeres;2021;2536
23;Jaén;23073 Quesada;Mujeres;2020;2558
23;Jaén;23073 Quesada;Mujeres;2019;2564
23;Jaén;23073 Quesada;Mujeres;2018;2614
23;Jaén;23073 Quesada;Mujeres;2017;2665
23;Jaén;23073 Quesada;Mujeres;2016;2706
23;Jaén;23073 Quesada;Mujeres;2015;2764
23;Jaén;23073 Quesada;Mujeres;2014;2781
23;Jaén;23073 Quesada;Mujeres;2013;2812
23;Jaén;23073 Quesada;Mujeres;2012;2868
23;Jaén;23073 Quesada;Mujeres;2011;2896
23;Jaén;23073 Quesada;Mujeres;2010;2954
23;Jaén;23073 Quesada;Mujeres;2009;2958
23;Jaén;23073 Quesada;Mujeres;2008;2989
23;Jaén;23073 Quesada;Mujeres;2007;2975
23;Jaén;23073 Quesada;Mujeres;2006;2987
23;Jaén;23073 Quesada;Mujeres;2005;3017
23;Jaén;23073 Quesada;Mujeres;2004;3027
23;Jaén;23073 Quesada;Mujeres;2003;3027
23;Jaén;23073 Quesada;Mujeres;2002;3051
23;Jaén;23073 Quesada;Mujeres;2001;3054
23;Jaén;23073 Quesada;Mujeres;2000;3094
23;Jaén;23073 Quesada;Mujeres;1999;3142
23;Jaén;23073 Quesada;Mujeres;1998;3163
23;Jaén;23073 Quesada;Mujeres;1997;
23;Jaén;23073 Quesada;Mujeres;1996;3171
23;Jaén;23074 Rus;Total;2023;3453
23;Jaén;23074 Rus;Total;2022;3465
23;Jaén;23074 Rus;Total;2021;3516
23;Jaén;23074 Rus;Total;2020;3531
23;Jaén;23074 Rus;Total;2019;3547
23;Jaén;23074 Rus;Total;2018;3580
23;Jaén;23074 Rus;Total;2017;3630
23;Jaén;23074 Rus;Total;2016;3668
23;Jaén;23074 Rus;Total;2015;3728
23;Jaén;23074 Rus;Total;2014;3695
23;Jaén;23074 Rus;Total;2013;3740
23;Jaén;23074 Rus;Total;2012;3785
23;Jaén;23074 Rus;Total;2011;3821
23;Jaén;23074 Rus;Total;2010;3796
23;Jaén;23074 Rus;Total;2009;3801
23;Jaén;23074 Rus;Total;2008;3817
23;Jaén;23074 Rus;Total;2007;3807
23;Jaén;23074 Rus;Total;2006;3778
23;Jaén;23074 Rus;Total;2005;3784
23;Jaén;23074 Rus;Total;2004;3743
23;Jaén;23074 Rus;Total;2003;3762
23;Jaén;23074 Rus;Total;2002;3769
23;Jaén;23074 Rus;Total;2001;3753
23;Jaén;23074 Rus;Total;2000;3747
23;Jaén;23074 Rus;Total;1999;3793
23;Jaén;23074 Rus;Total;1998;3793
23;Jaén;23074 Rus;Total;1997;
23;Jaén;23074 Rus;Total;1996;3773
23;Jaén;23074 Rus;Hombres;2023;1750
23;Jaén;23074 Rus;Hombres;2022;1758
23;Jaén;23074 Rus;Hombres;2021;1792
23;Jaén;23074 Rus;Hombres;2020;1811
23;Jaén;23074 Rus;Hombres;2019;1814
23;Jaén;23074 Rus;Hombres;2018;1828
23;Jaén;23074 Rus;Hombres;2017;1858
23;Jaén;23074 Rus;Hombres;2016;1874
23;Jaén;23074 Rus;Hombres;2015;1904
23;Jaén;23074 Rus;Hombres;2014;1894
23;Jaén;23074 Rus;Hombres;2013;1921
23;Jaén;23074 Rus;Hombres;2012;1955
23;Jaén;23074 Rus;Hombres;2011;1981
23;Jaén;23074 Rus;Hombres;2010;1942
23;Jaén;23074 Rus;Hombres;2009;1935
23;Jaén;23074 Rus;Hombres;2008;1943
23;Jaén;23074 Rus;Hombres;2007;1942
23;Jaén;23074 Rus;Hombres;2006;1921
23;Jaén;23074 Rus;Hombres;2005;1929
23;Jaén;23074 Rus;Hombres;2004;1885
23;Jaén;23074 Rus;Hombres;2003;1898
23;Jaén;23074 Rus;Hombres;2002;1902
23;Jaén;23074 Rus;Hombres;2001;1885
23;Jaén;23074 Rus;Hombres;2000;1870
23;Jaén;23074 Rus;Hombres;1999;1903
23;Jaén;23074 Rus;Hombres;1998;1903
23;Jaén;23074 Rus;Hombres;1997;
23;Jaén;23074 Rus;Hombres;1996;1888
23;Jaén;23074 Rus;Mujeres;2023;1703
23;Jaén;23074 Rus;Mujeres;2022;1707
23;Jaén;23074 Rus;Mujeres;2021;1724
23;Jaén;23074 Rus;Mujeres;2020;1720
23;Jaén;23074 Rus;Mujeres;2019;1733
23;Jaén;23074 Rus;Mujeres;2018;1752
23;Jaén;23074 Rus;Mujeres;2017;1772
23;Jaén;23074 Rus;Mujeres;2016;1794
23;Jaén;23074 Rus;Mujeres;2015;1824
23;Jaén;23074 Rus;Mujeres;2014;1801
23;Jaén;23074 Rus;Mujeres;2013;1819
23;Jaén;23074 Rus;Mujeres;2012;1830
23;Jaén;23074 Rus;Mujeres;2011;1840
23;Jaén;23074 Rus;Mujeres;2010;1854
23;Jaén;23074 Rus;Mujeres;2009;1866
23;Jaén;23074 Rus;Mujeres;2008;1874
23;Jaén;23074 Rus;Mujeres;2007;1865
23;Jaén;23074 Rus;Mujeres;2006;1857
23;Jaén;23074 Rus;Mujeres;2005;1855
23;Jaén;23074 Rus;Mujeres;2004;1858
23;Jaén;23074 Rus;Mujeres;2003;1864
23;Jaén;23074 Rus;Mujeres;2002;1867
23;Jaén;23074 Rus;Mujeres;2001;1868
23;Jaén;23074 Rus;Mujeres;2000;1877
23;Jaén;23074 Rus;Mujeres;1999;1890
23;Jaén;23074 Rus;Mujeres;1998;1890
23;Jaén;23074 Rus;Mujeres;1997;
23;Jaén;23074 Rus;Mujeres;1996;1885
23;Jaén;23075 Sabiote;Total;2023;3823
23;Jaén;23075 Sabiote;Total;2022;3863
23;Jaén;23075 Sabiote;Total;2021;3867
23;Jaén;23075 Sabiote;Total;2020;3886
23;Jaén;23075 Sabiote;Total;2019;3918
23;Jaén;23075 Sabiote;Total;2018;3958
23;Jaén;23075 Sabiote;Total;2017;4012
23;Jaén;23075 Sabiote;Total;2016;4042
23;Jaén;23075 Sabiote;Total;2015;4073
23;Jaén;23075 Sabiote;Total;2014;4101
23;Jaén;23075 Sabiote;Total;2013;4143
23;Jaén;23075 Sabiote;Total;2012;4229
23;Jaén;23075 Sabiote;Total;2011;4275
23;Jaén;23075 Sabiote;Total;2010;4279
23;Jaén;23075 Sabiote;Total;2009;4291
23;Jaén;23075 Sabiote;Total;2008;4247
23;Jaén;23075 Sabiote;Total;2007;4246
23;Jaén;23075 Sabiote;Total;2006;4129
23;Jaén;23075 Sabiote;Total;2005;4131
23;Jaén;23075 Sabiote;Total;2004;4141
23;Jaén;23075 Sabiote;Total;2003;4143
23;Jaén;23075 Sabiote;Total;2002;4194
23;Jaén;23075 Sabiote;Total;2001;4181
23;Jaén;23075 Sabiote;Total;2000;4192
23;Jaén;23075 Sabiote;Total;1999;4199
23;Jaén;23075 Sabiote;Total;1998;4186
23;Jaén;23075 Sabiote;Total;1997;
23;Jaén;23075 Sabiote;Total;1996;4325
23;Jaén;23075 Sabiote;Hombres;2023;1894
23;Jaén;23075 Sabiote;Hombres;2022;1905
23;Jaén;23075 Sabiote;Hombres;2021;1908
23;Jaén;23075 Sabiote;Hombres;2020;1918
23;Jaén;23075 Sabiote;Hombres;2019;1932
23;Jaén;23075 Sabiote;Hombres;2018;1953
23;Jaén;23075 Sabiote;Hombres;2017;1982
23;Jaén;23075 Sabiote;Hombres;2016;2016
23;Jaén;23075 Sabiote;Hombres;2015;2026
23;Jaén;23075 Sabiote;Hombres;2014;2028
23;Jaén;23075 Sabiote;Hombres;2013;2051
23;Jaén;23075 Sabiote;Hombres;2012;2104
23;Jaén;23075 Sabiote;Hombres;2011;2134
23;Jaén;23075 Sabiote;Hombres;2010;2148
23;Jaén;23075 Sabiote;Hombres;2009;2170
23;Jaén;23075 Sabiote;Hombres;2008;2164
23;Jaén;23075 Sabiote;Hombres;2007;2160
23;Jaén;23075 Sabiote;Hombres;2006;2100
23;Jaén;23075 Sabiote;Hombres;2005;2104
23;Jaén;23075 Sabiote;Hombres;2004;2112
23;Jaén;23075 Sabiote;Hombres;2003;2113
23;Jaén;23075 Sabiote;Hombres;2002;2130
23;Jaén;23075 Sabiote;Hombres;2001;2120
23;Jaén;23075 Sabiote;Hombres;2000;2120
23;Jaén;23075 Sabiote;Hombres;1999;2104
23;Jaén;23075 Sabiote;Hombres;1998;2088
23;Jaén;23075 Sabiote;Hombres;1997;
23;Jaén;23075 Sabiote;Hombres;1996;2107
23;Jaén;23075 Sabiote;Mujeres;2023;1929
23;Jaén;23075 Sabiote;Mujeres;2022;1958
23;Jaén;23075 Sabiote;Mujeres;2021;1959
23;Jaén;23075 Sabiote;Mujeres;2020;1968
23;Jaén;23075 Sabiote;Mujeres;2019;1986
23;Jaén;23075 Sabiote;Mujeres;2018;2005
23;Jaén;23075 Sabiote;Mujeres;2017;2030
23;Jaén;23075 Sabiote;Mujeres;2016;2026
23;Jaén;23075 Sabiote;Mujeres;2015;2047
23;Jaén;23075 Sabiote;Mujeres;2014;2073
23;Jaén;23075 Sabiote;Mujeres;2013;2092
23;Jaén;23075 Sabiote;Mujeres;2012;2125
23;Jaén;23075 Sabiote;Mujeres;2011;2141
23;Jaén;23075 Sabiote;Mujeres;2010;2131
23;Jaén;23075 Sabiote;Mujeres;2009;2121
23;Jaén;23075 Sabiote;Mujeres;2008;2083
23;Jaén;23075 Sabiote;Mujeres;2007;2086
23;Jaén;23075 Sabiote;Mujeres;2006;2029
23;Jaén;23075 Sabiote;Mujeres;2005;2027
23;Jaén;23075 Sabiote;Mujeres;2004;2029
23;Jaén;23075 Sabiote;Mujeres;2003;2030
23;Jaén;23075 Sabiote;Mujeres;2002;2064
23;Jaén;23075 Sabiote;Mujeres;2001;2061
23;Jaén;23075 Sabiote;Mujeres;2000;2072
23;Jaén;23075 Sabiote;Mujeres;1999;2095
23;Jaén;23075 Sabiote;Mujeres;1998;2098
23;Jaén;23075 Sabiote;Mujeres;1997;
23;Jaén;23075 Sabiote;Mujeres;1996;2218
23;Jaén;23076 Santa Elena;Total;2023;866
23;Jaén;23076 Santa Elena;Total;2022;883
23;Jaén;23076 Santa Elena;Total;2021;887
23;Jaén;23076 Santa Elena;Total;2020;890
23;Jaén;23076 Santa Elena;Total;2019;888
23;Jaén;23076 Santa Elena;Total;2018;913
23;Jaén;23076 Santa Elena;Total;2017;930
23;Jaén;23076 Santa Elena;Total;2016;966
23;Jaén;23076 Santa Elena;Total;2015;986
23;Jaén;23076 Santa Elena;Total;2014;1001
23;Jaén;23076 Santa Elena;Total;2013;970
23;Jaén;23076 Santa Elena;Total;2012;990
23;Jaén;23076 Santa Elena;Total;2011;996
23;Jaén;23076 Santa Elena;Total;2010;1007
23;Jaén;23076 Santa Elena;Total;2009;1032
23;Jaén;23076 Santa Elena;Total;2008;1003
23;Jaén;23076 Santa Elena;Total;2007;1005
23;Jaén;23076 Santa Elena;Total;2006;1002
23;Jaén;23076 Santa Elena;Total;2005;1008
23;Jaén;23076 Santa Elena;Total;2004;1004
23;Jaén;23076 Santa Elena;Total;2003;1012
23;Jaén;23076 Santa Elena;Total;2002;1042
23;Jaén;23076 Santa Elena;Total;2001;1019
23;Jaén;23076 Santa Elena;Total;2000;992
23;Jaén;23076 Santa Elena;Total;1999;1020
23;Jaén;23076 Santa Elena;Total;1998;1043
23;Jaén;23076 Santa Elena;Total;1997;
23;Jaén;23076 Santa Elena;Total;1996;1077
23;Jaén;23076 Santa Elena;Hombres;2023;451
23;Jaén;23076 Santa Elena;Hombres;2022;458
23;Jaén;23076 Santa Elena;Hombres;2021;464
23;Jaén;23076 Santa Elena;Hombres;2020;465
23;Jaén;23076 Santa Elena;Hombres;2019;464
23;Jaén;23076 Santa Elena;Hombres;2018;483
23;Jaén;23076 Santa Elena;Hombres;2017;492
23;Jaén;23076 Santa Elena;Hombres;2016;514
23;Jaén;23076 Santa Elena;Hombres;2015;526
23;Jaén;23076 Santa Elena;Hombres;2014;537
23;Jaén;23076 Santa Elena;Hombres;2013;520
23;Jaén;23076 Santa Elena;Hombres;2012;528
23;Jaén;23076 Santa Elena;Hombres;2011;534
23;Jaén;23076 Santa Elena;Hombres;2010;530
23;Jaén;23076 Santa Elena;Hombres;2009;538
23;Jaén;23076 Santa Elena;Hombres;2008;529
23;Jaén;23076 Santa Elena;Hombres;2007;536
23;Jaén;23076 Santa Elena;Hombres;2006;535
23;Jaén;23076 Santa Elena;Hombres;2005;537
23;Jaén;23076 Santa Elena;Hombres;2004;533
23;Jaén;23076 Santa Elena;Hombres;2003;532
23;Jaén;23076 Santa Elena;Hombres;2002;551
23;Jaén;23076 Santa Elena;Hombres;2001;540
23;Jaén;23076 Santa Elena;Hombres;2000;528
23;Jaén;23076 Santa Elena;Hombres;1999;544
23;Jaén;23076 Santa Elena;Hombres;1998;556
23;Jaén;23076 Santa Elena;Hombres;1997;
23;Jaén;23076 Santa Elena;Hombres;1996;577
23;Jaén;23076 Santa Elena;Mujeres;2023;415
23;Jaén;23076 Santa Elena;Mujeres;2022;425
23;Jaén;23076 Santa Elena;Mujeres;2021;423
23;Jaén;23076 Santa Elena;Mujeres;2020;425
23;Jaén;23076 Santa Elena;Mujeres;2019;424
23;Jaén;23076 Santa Elena;Mujeres;2018;430
23;Jaén;23076 Santa Elena;Mujeres;2017;438
23;Jaén;23076 Santa Elena;Mujeres;2016;452
23;Jaén;23076 Santa Elena;Mujeres;2015;460
23;Jaén;23076 Santa Elena;Mujeres;2014;464
23;Jaén;23076 Santa Elena;Mujeres;2013;450
23;Jaén;23076 Santa Elena;Mujeres;2012;462
23;Jaén;23076 Santa Elena;Mujeres;2011;462
23;Jaén;23076 Santa Elena;Mujeres;2010;477
23;Jaén;23076 Santa Elena;Mujeres;2009;494
23;Jaén;23076 Santa Elena;Mujeres;2008;474
23;Jaén;23076 Santa Elena;Mujeres;2007;469
23;Jaén;23076 Santa Elena;Mujeres;2006;467
23;Jaén;23076 Santa Elena;Mujeres;2005;471
23;Jaén;23076 Santa Elena;Mujeres;2004;471
23;Jaén;23076 Santa Elena;Mujeres;2003;480
23;Jaén;23076 Santa Elena;Mujeres;2002;491
23;Jaén;23076 Santa Elena;Mujeres;2001;479
23;Jaén;23076 Santa Elena;Mujeres;2000;464
23;Jaén;23076 Santa Elena;Mujeres;1999;476
23;Jaén;23076 Santa Elena;Mujeres;1998;487
23;Jaén;23076 Santa Elena;Mujeres;1997;
23;Jaén;23076 Santa Elena;Mujeres;1996;500
23;Jaén;23077 Santiago de Calatrava;Total;2023;657
23;Jaén;23077 Santiago de Calatrava;Total;2022;655
23;Jaén;23077 Santiago de Calatrava;Total;2021;670
23;Jaén;23077 Santiago de Calatrava;Total;2020;675
23;Jaén;23077 Santiago de Calatrava;Total;2019;699
23;Jaén;23077 Santiago de Calatrava;Total;2018;697
23;Jaén;23077 Santiago de Calatrava;Total;2017;709
23;Jaén;23077 Santiago de Calatrava;Total;2016;727
23;Jaén;23077 Santiago de Calatrava;Total;2015;797
23;Jaén;23077 Santiago de Calatrava;Total;2014;795
23;Jaén;23077 Santiago de Calatrava;Total;2013;795
23;Jaén;23077 Santiago de Calatrava;Total;2012;811
23;Jaén;23077 Santiago de Calatrava;Total;2011;838
23;Jaén;23077 Santiago de Calatrava;Total;2010;857
23;Jaén;23077 Santiago de Calatrava;Total;2009;860
23;Jaén;23077 Santiago de Calatrava;Total;2008;867
23;Jaén;23077 Santiago de Calatrava;Total;2007;880
23;Jaén;23077 Santiago de Calatrava;Total;2006;883
23;Jaén;23077 Santiago de Calatrava;Total;2005;862
23;Jaén;23077 Santiago de Calatrava;Total;2004;898
23;Jaén;23077 Santiago de Calatrava;Total;2003;929
23;Jaén;23077 Santiago de Calatrava;Total;2002;926
23;Jaén;23077 Santiago de Calatrava;Total;2001;911
23;Jaén;23077 Santiago de Calatrava;Total;2000;916
23;Jaén;23077 Santiago de Calatrava;Total;1999;927
23;Jaén;23077 Santiago de Calatrava;Total;1998;931
23;Jaén;23077 Santiago de Calatrava;Total;1997;
23;Jaén;23077 Santiago de Calatrava;Total;1996;942
23;Jaén;23077 Santiago de Calatrava;Hombres;2023;345
23;Jaén;23077 Santiago de Calatrava;Hombres;2022;345
23;Jaén;23077 Santiago de Calatrava;Hombres;2021;355
23;Jaén;23077 Santiago de Calatrava;Hombres;2020;360
23;Jaén;23077 Santiago de Calatrava;Hombres;2019;371
23;Jaén;23077 Santiago de Calatrava;Hombres;2018;367
23;Jaén;23077 Santiago de Calatrava;Hombres;2017;374
23;Jaén;23077 Santiago de Calatrava;Hombres;2016;373
23;Jaén;23077 Santiago de Calatrava;Hombres;2015;410
23;Jaén;23077 Santiago de Calatrava;Hombres;2014;408
23;Jaén;23077 Santiago de Calatrava;Hombres;2013;412
23;Jaén;23077 Santiago de Calatrava;Hombres;2012;420
23;Jaén;23077 Santiago de Calatrava;Hombres;2011;435
23;Jaén;23077 Santiago de Calatrava;Hombres;2010;446
23;Jaén;23077 Santiago de Calatrava;Hombres;2009;446
23;Jaén;23077 Santiago de Calatrava;Hombres;2008;447
23;Jaén;23077 Santiago de Calatrava;Hombres;2007;443
23;Jaén;23077 Santiago de Calatrava;Hombres;2006;453
23;Jaén;23077 Santiago de Calatrava;Hombres;2005;440
23;Jaén;23077 Santiago de Calatrava;Hombres;2004;452
23;Jaén;23077 Santiago de Calatrava;Hombres;2003;467
23;Jaén;23077 Santiago de Calatrava;Hombres;2002;457
23;Jaén;23077 Santiago de Calatrava;Hombres;2001;449
23;Jaén;23077 Santiago de Calatrava;Hombres;2000;455
23;Jaén;23077 Santiago de Calatrava;Hombres;1999;465
23;Jaén;23077 Santiago de Calatrava;Hombres;1998;466
23;Jaén;23077 Santiago de Calatrava;Hombres;1997;
23;Jaén;23077 Santiago de Calatrava;Hombres;1996;469
23;Jaén;23077 Santiago de Calatrava;Mujeres;2023;312
23;Jaén;23077 Santiago de Calatrava;Mujeres;2022;310
23;Jaén;23077 Santiago de Calatrava;Mujeres;2021;315
23;Jaén;23077 Santiago de Calatrava;Mujeres;2020;315
23;Jaén;23077 Santiago de Calatrava;Mujeres;2019;328
23;Jaén;23077 Santiago de Calatrava;Mujeres;2018;330
23;Jaén;23077 Santiago de Calatrava;Mujeres;2017;335
23;Jaén;23077 Santiago de Calatrava;Mujeres;2016;354
23;Jaén;23077 Santiago de Calatrava;Mujeres;2015;387
23;Jaén;23077 Santiago de Calatrava;Mujeres;2014;387
23;Jaén;23077 Santiago de Calatrava;Mujeres;2013;383
23;Jaén;23077 Santiago de Calatrava;Mujeres;2012;391
23;Jaén;23077 Santiago de Calatrava;Mujeres;2011;403
23;Jaén;23077 Santiago de Calatrava;Mujeres;2010;411
23;Jaén;23077 Santiago de Calatrava;Mujeres;2009;414
23;Jaén;23077 Santiago de Calatrava;Mujeres;2008;420
23;Jaén;23077 Santiago de Calatrava;Mujeres;2007;437
23;Jaén;23077 Santiago de Calatrava;Mujeres;2006;430
23;Jaén;23077 Santiago de Calatrava;Mujeres;2005;422
23;Jaén;23077 Santiago de Calatrava;Mujeres;2004;446
23;Jaén;23077 Santiago de Calatrava;Mujeres;2003;462
23;Jaén;23077 Santiago de Calatrava;Mujeres;2002;469
23;Jaén;23077 Santiago de Calatrava;Mujeres;2001;462
23;Jaén;23077 Santiago de Calatrava;Mujeres;2000;461
23;Jaén;23077 Santiago de Calatrava;Mujeres;1999;462
23;Jaén;23077 Santiago de Calatrava;Mujeres;1998;465
23;Jaén;23077 Santiago de Calatrava;Mujeres;1997;
23;Jaén;23077 Santiago de Calatrava;Mujeres;1996;473
23;Jaén;23904 Santiago-Pontones;Total;2023;2729
23;Jaén;23904 Santiago-Pontones;Total;2022;2777
23;Jaén;23904 Santiago-Pontones;Total;2021;2832
23;Jaén;23904 Santiago-Pontones;Total;2020;2911
23;Jaén;23904 Santiago-Pontones;Total;2019;2956
23;Jaén;23904 Santiago-Pontones;Total;2018;3060
23;Jaén;23904 Santiago-Pontones;Total;2017;3108
23;Jaén;23904 Santiago-Pontones;Total;2016;3229
23;Jaén;23904 Santiago-Pontones;Total;2015;3338
23;Jaén;23904 Santiago-Pontones;Total;2014;3422
23;Jaén;23904 Santiago-Pontones;Total;2013;3491
23;Jaén;23904 Santiago-Pontones;Total;2012;3565
23;Jaén;23904 Santiago-Pontones;Total;2011;3655
23;Jaén;23904 Santiago-Pontones;Total;2010;3702
23;Jaén;23904 Santiago-Pontones;Total;2009;3758
23;Jaén;23904 Santiago-Pontones;Total;2008;3884
23;Jaén;23904 Santiago-Pontones;Total;2007;3944
23;Jaén;23904 Santiago-Pontones;Total;2006;4040
23;Jaén;23904 Santiago-Pontones;Total;2005;4131
23;Jaén;23904 Santiago-Pontones;Total;2004;4172
23;Jaén;23904 Santiago-Pontones;Total;2003;4230
23;Jaén;23904 Santiago-Pontones;Total;2002;4316
23;Jaén;23904 Santiago-Pontones;Total;2001;4338
23;Jaén;23904 Santiago-Pontones;Total;2000;4425
23;Jaén;23904 Santiago-Pontones;Total;1999;4520
23;Jaén;23904 Santiago-Pontones;Total;1998;4640
23;Jaén;23904 Santiago-Pontones;Total;1997;
23;Jaén;23904 Santiago-Pontones;Total;1996;5021
23;Jaén;23904 Santiago-Pontones;Hombres;2023;1415
23;Jaén;23904 Santiago-Pontones;Hombres;2022;1436
23;Jaén;23904 Santiago-Pontones;Hombres;2021;1464
23;Jaén;23904 Santiago-Pontones;Hombres;2020;1491
23;Jaén;23904 Santiago-Pontones;Hombres;2019;1521
23;Jaén;23904 Santiago-Pontones;Hombres;2018;1573
23;Jaén;23904 Santiago-Pontones;Hombres;2017;1599
23;Jaén;23904 Santiago-Pontones;Hombres;2016;1663
23;Jaén;23904 Santiago-Pontones;Hombres;2015;1717
23;Jaén;23904 Santiago-Pontones;Hombres;2014;1750
23;Jaén;23904 Santiago-Pontones;Hombres;2013;1789
23;Jaén;23904 Santiago-Pontones;Hombres;2012;1836
23;Jaén;23904 Santiago-Pontones;Hombres;2011;1871
23;Jaén;23904 Santiago-Pontones;Hombres;2010;1898
23;Jaén;23904 Santiago-Pontones;Hombres;2009;1932
23;Jaén;23904 Santiago-Pontones;Hombres;2008;1996
23;Jaén;23904 Santiago-Pontones;Hombres;2007;2021
23;Jaén;23904 Santiago-Pontones;Hombres;2006;2066
23;Jaén;23904 Santiago-Pontones;Hombres;2005;2107
23;Jaén;23904 Santiago-Pontones;Hombres;2004;2140
23;Jaén;23904 Santiago-Pontones;Hombres;2003;2155
23;Jaén;23904 Santiago-Pontones;Hombres;2002;2187
23;Jaén;23904 Santiago-Pontones;Hombres;2001;2201
23;Jaén;23904 Santiago-Pontones;Hombres;2000;2250
23;Jaén;23904 Santiago-Pontones;Hombres;1999;2303
23;Jaén;23904 Santiago-Pontones;Hombres;1998;2345
23;Jaén;23904 Santiago-Pontones;Hombres;1997;
23;Jaén;23904 Santiago-Pontones;Hombres;1996;2536
23;Jaén;23904 Santiago-Pontones;Mujeres;2023;1314
23;Jaén;23904 Santiago-Pontones;Mujeres;2022;1341
23;Jaén;23904 Santiago-Pontones;Mujeres;2021;1368
23;Jaén;23904 Santiago-Pontones;Mujeres;2020;1420
23;Jaén;23904 Santiago-Pontones;Mujeres;2019;1435
23;Jaén;23904 Santiago-Pontones;Mujeres;2018;1487
23;Jaén;23904 Santiago-Pontones;Mujeres;2017;1509
23;Jaén;23904 Santiago-Pontones;Mujeres;2016;1566
23;Jaén;23904 Santiago-Pontones;Mujeres;2015;1621
23;Jaén;23904 Santiago-Pontones;Mujeres;2014;1672
23;Jaén;23904 Santiago-Pontones;Mujeres;2013;1702
23;Jaén;23904 Santiago-Pontones;Mujeres;2012;1729
23;Jaén;23904 Santiago-Pontones;Mujeres;2011;1784
23;Jaén;23904 Santiago-Pontones;Mujeres;2010;1804
23;Jaén;23904 Santiago-Pontones;Mujeres;2009;1826
23;Jaén;23904 Santiago-Pontones;Mujeres;2008;1888
23;Jaén;23904 Santiago-Pontones;Mujeres;2007;1923
23;Jaén;23904 Santiago-Pontones;Mujeres;2006;1974
23;Jaén;23904 Santiago-Pontones;Mujeres;2005;2024
23;Jaén;23904 Santiago-Pontones;Mujeres;2004;2032
23;Jaén;23904 Santiago-Pontones;Mujeres;2003;2075
23;Jaén;23904 Santiago-Pontones;Mujeres;2002;2129
23;Jaén;23904 Santiago-Pontones;Mujeres;2001;2137
23;Jaén;23904 Santiago-Pontones;Mujeres;2000;2175
23;Jaén;23904 Santiago-Pontones;Mujeres;1999;2217
23;Jaén;23904 Santiago-Pontones;Mujeres;1998;2295
23;Jaén;23904 Santiago-Pontones;Mujeres;1997;
23;Jaén;23904 Santiago-Pontones;Mujeres;1996;2485
23;Jaén;23079 Santisteban del Puerto;Total;2023;4442
23;Jaén;23079 Santisteban del Puerto;Total;2022;4434
23;Jaén;23079 Santisteban del Puerto;Total;2021;4472
23;Jaén;23079 Santisteban del Puerto;Total;2020;4463
23;Jaén;23079 Santisteban del Puerto;Total;2019;4472
23;Jaén;23079 Santisteban del Puerto;Total;2018;4520
23;Jaén;23079 Santisteban del Puerto;Total;2017;4566
23;Jaén;23079 Santisteban del Puerto;Total;2016;4621
23;Jaén;23079 Santisteban del Puerto;Total;2015;4666
23;Jaén;23079 Santisteban del Puerto;Total;2014;4712
23;Jaén;23079 Santisteban del Puerto;Total;2013;4758
23;Jaén;23079 Santisteban del Puerto;Total;2012;4788
23;Jaén;23079 Santisteban del Puerto;Total;2011;4806
23;Jaén;23079 Santisteban del Puerto;Total;2010;4837
23;Jaén;23079 Santisteban del Puerto;Total;2009;4860
23;Jaén;23079 Santisteban del Puerto;Total;2008;4918
23;Jaén;23079 Santisteban del Puerto;Total;2007;4927
23;Jaén;23079 Santisteban del Puerto;Total;2006;4959
23;Jaén;23079 Santisteban del Puerto;Total;2005;4840
23;Jaén;23079 Santisteban del Puerto;Total;2004;4787
23;Jaén;23079 Santisteban del Puerto;Total;2003;4835
23;Jaén;23079 Santisteban del Puerto;Total;2002;4693
23;Jaén;23079 Santisteban del Puerto;Total;2001;4826
23;Jaén;23079 Santisteban del Puerto;Total;2000;4863
23;Jaén;23079 Santisteban del Puerto;Total;1999;5042
23;Jaén;23079 Santisteban del Puerto;Total;1998;5074
23;Jaén;23079 Santisteban del Puerto;Total;1997;
23;Jaén;23079 Santisteban del Puerto;Total;1996;5058
23;Jaén;23079 Santisteban del Puerto;Hombres;2023;2285
23;Jaén;23079 Santisteban del Puerto;Hombres;2022;2289
23;Jaén;23079 Santisteban del Puerto;Hombres;2021;2316
23;Jaén;23079 Santisteban del Puerto;Hombres;2020;2297
23;Jaén;23079 Santisteban del Puerto;Hombres;2019;2304
23;Jaén;23079 Santisteban del Puerto;Hombres;2018;2324
23;Jaén;23079 Santisteban del Puerto;Hombres;2017;2353
23;Jaén;23079 Santisteban del Puerto;Hombres;2016;2377
23;Jaén;23079 Santisteban del Puerto;Hombres;2015;2401
23;Jaén;23079 Santisteban del Puerto;Hombres;2014;2418
23;Jaén;23079 Santisteban del Puerto;Hombres;2013;2453
23;Jaén;23079 Santisteban del Puerto;Hombres;2012;2485
23;Jaén;23079 Santisteban del Puerto;Hombres;2011;2478
23;Jaén;23079 Santisteban del Puerto;Hombres;2010;2483
23;Jaén;23079 Santisteban del Puerto;Hombres;2009;2493
23;Jaén;23079 Santisteban del Puerto;Hombres;2008;2541
23;Jaén;23079 Santisteban del Puerto;Hombres;2007;2537
23;Jaén;23079 Santisteban del Puerto;Hombres;2006;2583
23;Jaén;23079 Santisteban del Puerto;Hombres;2005;2505
23;Jaén;23079 Santisteban del Puerto;Hombres;2004;2449
23;Jaén;23079 Santisteban del Puerto;Hombres;2003;2467
23;Jaén;23079 Santisteban del Puerto;Hombres;2002;2385
23;Jaén;23079 Santisteban del Puerto;Hombres;2001;2462
23;Jaén;23079 Santisteban del Puerto;Hombres;2000;2472
23;Jaén;23079 Santisteban del Puerto;Hombres;1999;2558
23;Jaén;23079 Santisteban del Puerto;Hombres;1998;2577
23;Jaén;23079 Santisteban del Puerto;Hombres;1997;
23;Jaén;23079 Santisteban del Puerto;Hombres;1996;2561
23;Jaén;23079 Santisteban del Puerto;Mujeres;2023;2157
23;Jaén;23079 Santisteban del Puerto;Mujeres;2022;2145
23;Jaén;23079 Santisteban del Puerto;Mujeres;2021;2156
23;Jaén;23079 Santisteban del Puerto;Mujeres;2020;2166
23;Jaén;23079 Santisteban del Puerto;Mujeres;2019;2168
23;Jaén;23079 Santisteban del Puerto;Mujeres;2018;2196
23;Jaén;23079 Santisteban del Puerto;Mujeres;2017;2213
23;Jaén;23079 Santisteban del Puerto;Mujeres;2016;2244
23;Jaén;23079 Santisteban del Puerto;Mujeres;2015;2265
23;Jaén;23079 Santisteban del Puerto;Mujeres;2014;2294
23;Jaén;23079 Santisteban del Puerto;Mujeres;2013;2305
23;Jaén;23079 Santisteban del Puerto;Mujeres;2012;2303
23;Jaén;23079 Santisteban del Puerto;Mujeres;2011;2328
23;Jaén;23079 Santisteban del Puerto;Mujeres;2010;2354
23;Jaén;23079 Santisteban del Puerto;Mujeres;2009;2367
23;Jaén;23079 Santisteban del Puerto;Mujeres;2008;2377
23;Jaén;23079 Santisteban del Puerto;Mujeres;2007;2390
23;Jaén;23079 Santisteban del Puerto;Mujeres;2006;2376
23;Jaén;23079 Santisteban del Puerto;Mujeres;2005;2335
23;Jaén;23079 Santisteban del Puerto;Mujeres;2004;2338
23;Jaén;23079 Santisteban del Puerto;Mujeres;2003;2368
23;Jaén;23079 Santisteban del Puerto;Mujeres;2002;2308
23;Jaén;23079 Santisteban del Puerto;Mujeres;2001;2364
23;Jaén;23079 Santisteban del Puerto;Mujeres;2000;2391
23;Jaén;23079 Santisteban del Puerto;Mujeres;1999;2484
23;Jaén;23079 Santisteban del Puerto;Mujeres;1998;2497
23;Jaén;23079 Santisteban del Puerto;Mujeres;1997;
23;Jaén;23079 Santisteban del Puerto;Mujeres;1996;2497
23;Jaén;23080 Santo Tomé;Total;2023;2081
23;Jaén;23080 Santo Tomé;Total;2022;2105
23;Jaén;23080 Santo Tomé;Total;2021;2118
23;Jaén;23080 Santo Tomé;Total;2020;2129
23;Jaén;23080 Santo Tomé;Total;2019;2139
23;Jaén;23080 Santo Tomé;Total;2018;2154
23;Jaén;23080 Santo Tomé;Total;2017;2208
23;Jaén;23080 Santo Tomé;Total;2016;2249
23;Jaén;23080 Santo Tomé;Total;2015;2303
23;Jaén;23080 Santo Tomé;Total;2014;2330
23;Jaén;23080 Santo Tomé;Total;2013;2430
23;Jaén;23080 Santo Tomé;Total;2012;2635
23;Jaén;23080 Santo Tomé;Total;2011;2483
23;Jaén;23080 Santo Tomé;Total;2010;2486
23;Jaén;23080 Santo Tomé;Total;2009;2460
23;Jaén;23080 Santo Tomé;Total;2008;2429
23;Jaén;23080 Santo Tomé;Total;2007;2324
23;Jaén;23080 Santo Tomé;Total;2006;2276
23;Jaén;23080 Santo Tomé;Total;2005;2287
23;Jaén;23080 Santo Tomé;Total;2004;2275
23;Jaén;23080 Santo Tomé;Total;2003;2269
23;Jaén;23080 Santo Tomé;Total;2002;2344
23;Jaén;23080 Santo Tomé;Total;2001;2332
23;Jaén;23080 Santo Tomé;Total;2000;2315
23;Jaén;23080 Santo Tomé;Total;1999;2362
23;Jaén;23080 Santo Tomé;Total;1998;2462
23;Jaén;23080 Santo Tomé;Total;1997;
23;Jaén;23080 Santo Tomé;Total;1996;2503
23;Jaén;23080 Santo Tomé;Hombres;2023;1063
23;Jaén;23080 Santo Tomé;Hombres;2022;1072
23;Jaén;23080 Santo Tomé;Hombres;2021;1077
23;Jaén;23080 Santo Tomé;Hombres;2020;1091
23;Jaén;23080 Santo Tomé;Hombres;2019;1087
23;Jaén;23080 Santo Tomé;Hombres;2018;1079
23;Jaén;23080 Santo Tomé;Hombres;2017;1108
23;Jaén;23080 Santo Tomé;Hombres;2016;1132
23;Jaén;23080 Santo Tomé;Hombres;2015;1167
23;Jaén;23080 Santo Tomé;Hombres;2014;1194
23;Jaén;23080 Santo Tomé;Hombres;2013;1285
23;Jaén;23080 Santo Tomé;Hombres;2012;1456
23;Jaén;23080 Santo Tomé;Hombres;2011;1292
23;Jaén;23080 Santo Tomé;Hombres;2010;1292
23;Jaén;23080 Santo Tomé;Hombres;2009;1282
23;Jaén;23080 Santo Tomé;Hombres;2008;1263
23;Jaén;23080 Santo Tomé;Hombres;2007;1182
23;Jaén;23080 Santo Tomé;Hombres;2006;1169
23;Jaén;23080 Santo Tomé;Hombres;2005;1167
23;Jaén;23080 Santo Tomé;Hombres;2004;1146
23;Jaén;23080 Santo Tomé;Hombres;2003;1138
23;Jaén;23080 Santo Tomé;Hombres;2002;1178
23;Jaén;23080 Santo Tomé;Hombres;2001;1172
23;Jaén;23080 Santo Tomé;Hombres;2000;1164
23;Jaén;23080 Santo Tomé;Hombres;1999;1182
23;Jaén;23080 Santo Tomé;Hombres;1998;1233
23;Jaén;23080 Santo Tomé;Hombres;1997;
23;Jaén;23080 Santo Tomé;Hombres;1996;1257
23;Jaén;23080 Santo Tomé;Mujeres;2023;1018
23;Jaén;23080 Santo Tomé;Mujeres;2022;1033
23;Jaén;23080 Santo Tomé;Mujeres;2021;1041
23;Jaén;23080 Santo Tomé;Mujeres;2020;1038
23;Jaén;23080 Santo Tomé;Mujeres;2019;1052
23;Jaén;23080 Santo Tomé;Mujeres;2018;1075
23;Jaén;23080 Santo Tomé;Mujeres;2017;1100
23;Jaén;23080 Santo Tomé;Mujeres;2016;1117
23;Jaén;23080 Santo Tomé;Mujeres;2015;1136
23;Jaén;23080 Santo Tomé;Mujeres;2014;1136
23;Jaén;23080 Santo Tomé;Mujeres;2013;1145
23;Jaén;23080 Santo Tomé;Mujeres;2012;1179
23;Jaén;23080 Santo Tomé;Mujeres;2011;1191
23;Jaén;23080 Santo Tomé;Mujeres;2010;1194
23;Jaén;23080 Santo Tomé;Mujeres;2009;1178
23;Jaén;23080 Santo Tomé;Mujeres;2008;1166
23;Jaén;23080 Santo Tomé;Mujeres;2007;1142
23;Jaén;23080 Santo Tomé;Mujeres;2006;1107
23;Jaén;23080 Santo Tomé;Mujeres;2005;1120
23;Jaén;23080 Santo Tomé;Mujeres;2004;1129
23;Jaén;23080 Santo Tomé;Mujeres;2003;1131
23;Jaén;23080 Santo Tomé;Mujeres;2002;1166
23;Jaén;23080 Santo Tomé;Mujeres;2001;1160
23;Jaén;23080 Santo Tomé;Mujeres;2000;1151
23;Jaén;23080 Santo Tomé;Mujeres;1999;1180
23;Jaén;23080 Santo Tomé;Mujeres;1998;1229
23;Jaén;23080 Santo Tomé;Mujeres;1997;
23;Jaén;23080 Santo Tomé;Mujeres;1996;1246
23;Jaén;23081 Segura de la Sierra;Total;2023;1710
23;Jaén;23081 Segura de la Sierra;Total;2022;1729
23;Jaén;23081 Segura de la Sierra;Total;2021;1771
23;Jaén;23081 Segura de la Sierra;Total;2020;1803
23;Jaén;23081 Segura de la Sierra;Total;2019;1790
23;Jaén;23081 Segura de la Sierra;Total;2018;1782
23;Jaén;23081 Segura de la Sierra;Total;2017;1807
23;Jaén;23081 Segura de la Sierra;Total;2016;1845
23;Jaén;23081 Segura de la Sierra;Total;2015;1916
23;Jaén;23081 Segura de la Sierra;Total;2014;1923
23;Jaén;23081 Segura de la Sierra;Total;2013;1949
23;Jaén;23081 Segura de la Sierra;Total;2012;1982
23;Jaén;23081 Segura de la Sierra;Total;2011;1977
23;Jaén;23081 Segura de la Sierra;Total;2010;2026
23;Jaén;23081 Segura de la Sierra;Total;2009;2054
23;Jaén;23081 Segura de la Sierra;Total;2008;1986
23;Jaén;23081 Segura de la Sierra;Total;2007;2005
23;Jaén;23081 Segura de la Sierra;Total;2006;2029
23;Jaén;23081 Segura de la Sierra;Total;2005;1771
23;Jaén;23081 Segura de la Sierra;Total;2004;1860
23;Jaén;23081 Segura de la Sierra;Total;2003;1951
23;Jaén;23081 Segura de la Sierra;Total;2002;2062
23;Jaén;23081 Segura de la Sierra;Total;2001;2159
23;Jaén;23081 Segura de la Sierra;Total;2000;2204
23;Jaén;23081 Segura de la Sierra;Total;1999;2211
23;Jaén;23081 Segura de la Sierra;Total;1998;2186
23;Jaén;23081 Segura de la Sierra;Total;1997;
23;Jaén;23081 Segura de la Sierra;Total;1996;2196
23;Jaén;23081 Segura de la Sierra;Hombres;2023;844
23;Jaén;23081 Segura de la Sierra;Hombres;2022;861
23;Jaén;23081 Segura de la Sierra;Hombres;2021;873
23;Jaén;23081 Segura de la Sierra;Hombres;2020;885
23;Jaén;23081 Segura de la Sierra;Hombres;2019;874
23;Jaén;23081 Segura de la Sierra;Hombres;2018;876
23;Jaén;23081 Segura de la Sierra;Hombres;2017;890
23;Jaén;23081 Segura de la Sierra;Hombres;2016;907
23;Jaén;23081 Segura de la Sierra;Hombres;2015;939
23;Jaén;23081 Segura de la Sierra;Hombres;2014;946
23;Jaén;23081 Segura de la Sierra;Hombres;2013;965
23;Jaén;23081 Segura de la Sierra;Hombres;2012;989
23;Jaén;23081 Segura de la Sierra;Hombres;2011;985
23;Jaén;23081 Segura de la Sierra;Hombres;2010;1023
23;Jaén;23081 Segura de la Sierra;Hombres;2009;1051
23;Jaén;23081 Segura de la Sierra;Hombres;2008;1050
23;Jaén;23081 Segura de la Sierra;Hombres;2007;1063
23;Jaén;23081 Segura de la Sierra;Hombres;2006;1133
23;Jaén;23081 Segura de la Sierra;Hombres;2005;887
23;Jaén;23081 Segura de la Sierra;Hombres;2004;930
23;Jaén;23081 Segura de la Sierra;Hombres;2003;976
23;Jaén;23081 Segura de la Sierra;Hombres;2002;1028
23;Jaén;23081 Segura de la Sierra;Hombres;2001;1082
23;Jaén;23081 Segura de la Sierra;Hombres;2000;1103
23;Jaén;23081 Segura de la Sierra;Hombres;1999;1106
23;Jaén;23081 Segura de la Sierra;Hombres;1998;1093
23;Jaén;23081 Segura de la Sierra;Hombres;1997;
23;Jaén;23081 Segura de la Sierra;Hombres;1996;1087
23;Jaén;23081 Segura de la Sierra;Mujeres;2023;866
23;Jaén;23081 Segura de la Sierra;Mujeres;2022;868
23;Jaén;23081 Segura de la Sierra;Mujeres;2021;898
23;Jaén;23081 Segura de la Sierra;Mujeres;2020;918
23;Jaén;23081 Segura de la Sierra;Mujeres;2019;916
23;Jaén;23081 Segura de la Sierra;Mujeres;2018;906
23;Jaén;23081 Segura de la Sierra;Mujeres;2017;917
23;Jaén;23081 Segura de la Sierra;Mujeres;2016;938
23;Jaén;23081 Segura de la Sierra;Mujeres;2015;977
23;Jaén;23081 Segura de la Sierra;Mujeres;2014;977
23;Jaén;23081 Segura de la Sierra;Mujeres;2013;984
23;Jaén;23081 Segura de la Sierra;Mujeres;2012;993
23;Jaén;23081 Segura de la Sierra;Mujeres;2011;992
23;Jaén;23081 Segura de la Sierra;Mujeres;2010;1003
23;Jaén;23081 Segura de la Sierra;Mujeres;2009;1003
23;Jaén;23081 Segura de la Sierra;Mujeres;2008;936
23;Jaén;23081 Segura de la Sierra;Mujeres;2007;942
23;Jaén;23081 Segura de la Sierra;Mujeres;2006;896
23;Jaén;23081 Segura de la Sierra;Mujeres;2005;884
23;Jaén;23081 Segura de la Sierra;Mujeres;2004;930
23;Jaén;23081 Segura de la Sierra;Mujeres;2003;975
23;Jaén;23081 Segura de la Sierra;Mujeres;2002;1034
23;Jaén;23081 Segura de la Sierra;Mujeres;2001;1077
23;Jaén;23081 Segura de la Sierra;Mujeres;2000;1101
23;Jaén;23081 Segura de la Sierra;Mujeres;1999;1105
23;Jaén;23081 Segura de la Sierra;Mujeres;1998;1093
23;Jaén;23081 Segura de la Sierra;Mujeres;1997;
23;Jaén;23081 Segura de la Sierra;Mujeres;1996;1109
23;Jaén;23082 Siles;Total;2023;2137
23;Jaén;23082 Siles;Total;2022;2168
23;Jaén;23082 Siles;Total;2021;2209
23;Jaén;23082 Siles;Total;2020;2220
23;Jaén;23082 Siles;Total;2019;2241
23;Jaén;23082 Siles;Total;2018;2262
23;Jaén;23082 Siles;Total;2017;2305
23;Jaén;23082 Siles;Total;2016;2336
23;Jaén;23082 Siles;Total;2015;2345
23;Jaén;23082 Siles;Total;2014;2362
23;Jaén;23082 Siles;Total;2013;2387
23;Jaén;23082 Siles;Total;2012;2451
23;Jaén;23082 Siles;Total;2011;2451
23;Jaén;23082 Siles;Total;2010;2454
23;Jaén;23082 Siles;Total;2009;2438
23;Jaén;23082 Siles;Total;2008;2465
23;Jaén;23082 Siles;Total;2007;2466
23;Jaén;23082 Siles;Total;2006;2465
23;Jaén;23082 Siles;Total;2005;2477
23;Jaén;23082 Siles;Total;2004;2473
23;Jaén;23082 Siles;Total;2003;2475
23;Jaén;23082 Siles;Total;2002;2521
23;Jaén;23082 Siles;Total;2001;2567
23;Jaén;23082 Siles;Total;2000;2636
23;Jaén;23082 Siles;Total;1999;2728
23;Jaén;23082 Siles;Total;1998;2777
23;Jaén;23082 Siles;Total;1997;
23;Jaén;23082 Siles;Total;1996;2871
23;Jaén;23082 Siles;Hombres;2023;1083
23;Jaén;23082 Siles;Hombres;2022;1109
23;Jaén;23082 Siles;Hombres;2021;1128
23;Jaén;23082 Siles;Hombres;2020;1126
23;Jaén;23082 Siles;Hombres;2019;1115
23;Jaén;23082 Siles;Hombres;2018;1134
23;Jaén;23082 Siles;Hombres;2017;1166
23;Jaén;23082 Siles;Hombres;2016;1185
23;Jaén;23082 Siles;Hombres;2015;1199
23;Jaén;23082 Siles;Hombres;2014;1193
23;Jaén;23082 Siles;Hombres;2013;1223
23;Jaén;23082 Siles;Hombres;2012;1249
23;Jaén;23082 Siles;Hombres;2011;1242
23;Jaén;23082 Siles;Hombres;2010;1242
23;Jaén;23082 Siles;Hombres;2009;1236
23;Jaén;23082 Siles;Hombres;2008;1260
23;Jaén;23082 Siles;Hombres;2007;1253
23;Jaén;23082 Siles;Hombres;2006;1239
23;Jaén;23082 Siles;Hombres;2005;1253
23;Jaén;23082 Siles;Hombres;2004;1254
23;Jaén;23082 Siles;Hombres;2003;1242
23;Jaén;23082 Siles;Hombres;2002;1264
23;Jaén;23082 Siles;Hombres;2001;1285
23;Jaén;23082 Siles;Hombres;2000;1320
23;Jaén;23082 Siles;Hombres;1999;1368
23;Jaén;23082 Siles;Hombres;1998;1384
23;Jaén;23082 Siles;Hombres;1997;
23;Jaén;23082 Siles;Hombres;1996;1433
23;Jaén;23082 Siles;Mujeres;2023;1054
23;Jaén;23082 Siles;Mujeres;2022;1059
23;Jaén;23082 Siles;Mujeres;2021;1081
23;Jaén;23082 Siles;Mujeres;2020;1094
23;Jaén;23082 Siles;Mujeres;2019;1126
23;Jaén;23082 Siles;Mujeres;2018;1128
23;Jaén;23082 Siles;Mujeres;2017;1139
23;Jaén;23082 Siles;Mujeres;2016;1151
23;Jaén;23082 Siles;Mujeres;2015;1146
23;Jaén;23082 Siles;Mujeres;2014;1169
23;Jaén;23082 Siles;Mujeres;2013;1164
23;Jaén;23082 Siles;Mujeres;2012;1202
23;Jaén;23082 Siles;Mujeres;2011;1209
23;Jaén;23082 Siles;Mujeres;2010;1212
23;Jaén;23082 Siles;Mujeres;2009;1202
23;Jaén;23082 Siles;Mujeres;2008;1205
23;Jaén;23082 Siles;Mujeres;2007;1213
23;Jaén;23082 Siles;Mujeres;2006;1226
23;Jaén;23082 Siles;Mujeres;2005;1224
23;Jaén;23082 Siles;Mujeres;2004;1219
23;Jaén;23082 Siles;Mujeres;2003;1233
23;Jaén;23082 Siles;Mujeres;2002;1257
23;Jaén;23082 Siles;Mujeres;2001;1282
23;Jaén;23082 Siles;Mujeres;2000;1316
23;Jaén;23082 Siles;Mujeres;1999;1360
23;Jaén;23082 Siles;Mujeres;1998;1393
23;Jaén;23082 Siles;Mujeres;1997;
23;Jaén;23082 Siles;Mujeres;1996;1438
23;Jaén;23084 Sorihuela del Guadalimar;Total;2023;1043
23;Jaén;23084 Sorihuela del Guadalimar;Total;2022;1053
23;Jaén;23084 Sorihuela del Guadalimar;Total;2021;1075
23;Jaén;23084 Sorihuela del Guadalimar;Total;2020;1098
23;Jaén;23084 Sorihuela del Guadalimar;Total;2019;1100
23;Jaén;23084 Sorihuela del Guadalimar;Total;2018;1124
23;Jaén;23084 Sorihuela del Guadalimar;Total;2017;1157
23;Jaén;23084 Sorihuela del Guadalimar;Total;2016;1196
23;Jaén;23084 Sorihuela del Guadalimar;Total;2015;1248
23;Jaén;23084 Sorihuela del Guadalimar;Total;2014;1298
23;Jaén;23084 Sorihuela del Guadalimar;Total;2013;1317
23;Jaén;23084 Sorihuela del Guadalimar;Total;2012;1342
23;Jaén;23084 Sorihuela del Guadalimar;Total;2011;1334
23;Jaén;23084 Sorihuela del Guadalimar;Total;2010;1349
23;Jaén;23084 Sorihuela del Guadalimar;Total;2009;1333
23;Jaén;23084 Sorihuela del Guadalimar;Total;2008;1270
23;Jaén;23084 Sorihuela del Guadalimar;Total;2007;1234
23;Jaén;23084 Sorihuela del Guadalimar;Total;2006;1223
23;Jaén;23084 Sorihuela del Guadalimar;Total;2005;1258
23;Jaén;23084 Sorihuela del Guadalimar;Total;2004;1256
23;Jaén;23084 Sorihuela del Guadalimar;Total;2003;1283
23;Jaén;23084 Sorihuela del Guadalimar;Total;2002;1322
23;Jaén;23084 Sorihuela del Guadalimar;Total;2001;1301
23;Jaén;23084 Sorihuela del Guadalimar;Total;2000;1238
23;Jaén;23084 Sorihuela del Guadalimar;Total;1999;1238
23;Jaén;23084 Sorihuela del Guadalimar;Total;1998;1269
23;Jaén;23084 Sorihuela del Guadalimar;Total;1997;
23;Jaén;23084 Sorihuela del Guadalimar;Total;1996;1283
23;Jaén;23084 Sorihuela del Guadalimar;Hombres;2023;542
23;Jaén;23084 Sorihuela del Guadalimar;Hombres;2022;547
23;Jaén;23084 Sorihuela del Guadalimar;Hombres;2021;558
23;Jaén;23084 Sorihuela del Guadalimar;Hombres;2020;571
23;Jaén;23084 Sorihuela del Guadalimar;Hombres;2019;572
23;Jaén;23084 Sorihuela del Guadalimar;Hombres;2018;583
23;Jaén;23084 Sorihuela del Guadalimar;Hombres;2017;606
23;Jaén;23084 Sorihuela del Guadalimar;Hombres;2016;632
23;Jaén;23084 Sorihuela del Guadalimar;Hombres;2015;661
23;Jaén;23084 Sorihuela del Guadalimar;Hombres;2014;684
23;Jaén;23084 Sorihuela del Guadalimar;Hombres;2013;688
23;Jaén;23084 Sorihuela del Guadalimar;Hombres;2012;695
23;Jaén;23084 Sorihuela del Guadalimar;Hombres;2011;683
23;Jaén;23084 Sorihuela del Guadalimar;Hombres;2010;696
23;Jaén;23084 Sorihuela del Guadalimar;Hombres;2009;695
23;Jaén;23084 Sorihuela del Guadalimar;Hombres;2008;667
23;Jaén;23084 Sorihuela del Guadalimar;Hombres;2007;647
23;Jaén;23084 Sorihuela del Guadalimar;Hombres;2006;654
23;Jaén;23084 Sorihuela del Guadalimar;Hombres;2005;679
23;Jaén;23084 Sorihuela del Guadalimar;Hombres;2004;676
23;Jaén;23084 Sorihuela del Guadalimar;Hombres;2003;686
23;Jaén;23084 Sorihuela del Guadalimar;Hombres;2002;692
23;Jaén;23084 Sorihuela del Guadalimar;Hombres;2001;677
23;Jaén;23084 Sorihuela del Guadalimar;Hombres;2000;632
23;Jaén;23084 Sorihuela del Guadalimar;Hombres;1999;634
23;Jaén;23084 Sorihuela del Guadalimar;Hombres;1998;649
23;Jaén;23084 Sorihuela del Guadalimar;Hombres;1997;
23;Jaén;23084 Sorihuela del Guadalimar;Hombres;1996;647
23;Jaén;23084 Sorihuela del Guadalimar;Mujeres;2023;501
23;Jaén;23084 Sorihuela del Guadalimar;Mujeres;2022;506
23;Jaén;23084 Sorihuela del Guadalimar;Mujeres;2021;517
23;Jaén;23084 Sorihuela del Guadalimar;Mujeres;2020;527
23;Jaén;23084 Sorihuela del Guadalimar;Mujeres;2019;528
23;Jaén;23084 Sorihuela del Guadalimar;Mujeres;2018;541
23;Jaén;23084 Sorihuela del Guadalimar;Mujeres;2017;551
23;Jaén;23084 Sorihuela del Guadalimar;Mujeres;2016;564
23;Jaén;23084 Sorihuela del Guadalimar;Mujeres;2015;587
23;Jaén;23084 Sorihuela del Guadalimar;Mujeres;2014;614
23;Jaén;23084 Sorihuela del Guadalimar;Mujeres;2013;629
23;Jaén;23084 Sorihuela del Guadalimar;Mujeres;2012;647
23;Jaén;23084 Sorihuela del Guadalimar;Mujeres;2011;651
23;Jaén;23084 Sorihuela del Guadalimar;Mujeres;2010;653
23;Jaén;23084 Sorihuela del Guadalimar;Mujeres;2009;638
23;Jaén;23084 Sorihuela del Guadalimar;Mujeres;2008;603
23;Jaén;23084 Sorihuela del Guadalimar;Mujeres;2007;587
23;Jaén;23084 Sorihuela del Guadalimar;Mujeres;2006;569
23;Jaén;23084 Sorihuela del Guadalimar;Mujeres;2005;579
23;Jaén;23084 Sorihuela del Guadalimar;Mujeres;2004;580
23;Jaén;23084 Sorihuela del Guadalimar;Mujeres;2003;597
23;Jaén;23084 Sorihuela del Guadalimar;Mujeres;2002;630
23;Jaén;23084 Sorihuela del Guadalimar;Mujeres;2001;624
23;Jaén;23084 Sorihuela del Guadalimar;Mujeres;2000;606
23;Jaén;23084 Sorihuela del Guadalimar;Mujeres;1999;604
23;Jaén;23084 Sorihuela del Guadalimar;Mujeres;1998;620
23;Jaén;23084 Sorihuela del Guadalimar;Mujeres;1997;
23;Jaén;23084 Sorihuela del Guadalimar;Mujeres;1996;636
23;Jaén;23085 Torreblascopedro;Total;2023;2434
23;Jaén;23085 Torreblascopedro;Total;2022;2460
23;Jaén;23085 Torreblascopedro;Total;2021;2422
23;Jaén;23085 Torreblascopedro;Total;2020;2508
23;Jaén;23085 Torreblascopedro;Total;2019;2546
23;Jaén;23085 Torreblascopedro;Total;2018;2564
23;Jaén;23085 Torreblascopedro;Total;2017;2594
23;Jaén;23085 Torreblascopedro;Total;2016;2669
23;Jaén;23085 Torreblascopedro;Total;2015;2742
23;Jaén;23085 Torreblascopedro;Total;2014;2783
23;Jaén;23085 Torreblascopedro;Total;2013;2789
23;Jaén;23085 Torreblascopedro;Total;2012;2824
23;Jaén;23085 Torreblascopedro;Total;2011;2856
23;Jaén;23085 Torreblascopedro;Total;2010;2859
23;Jaén;23085 Torreblascopedro;Total;2009;2801
23;Jaén;23085 Torreblascopedro;Total;2008;2812
23;Jaén;23085 Torreblascopedro;Total;2007;2835
23;Jaén;23085 Torreblascopedro;Total;2006;2832
23;Jaén;23085 Torreblascopedro;Total;2005;2866
23;Jaén;23085 Torreblascopedro;Total;2004;2803
23;Jaén;23085 Torreblascopedro;Total;2003;2916
23;Jaén;23085 Torreblascopedro;Total;2002;2946
23;Jaén;23085 Torreblascopedro;Total;2001;2992
23;Jaén;23085 Torreblascopedro;Total;2000;2976
23;Jaén;23085 Torreblascopedro;Total;1999;3001
23;Jaén;23085 Torreblascopedro;Total;1998;3044
23;Jaén;23085 Torreblascopedro;Total;1997;
23;Jaén;23085 Torreblascopedro;Total;1996;3033
23;Jaén;23085 Torreblascopedro;Hombres;2023;1237
23;Jaén;23085 Torreblascopedro;Hombres;2022;1249
23;Jaén;23085 Torreblascopedro;Hombres;2021;1227
23;Jaén;23085 Torreblascopedro;Hombres;2020;1271
23;Jaén;23085 Torreblascopedro;Hombres;2019;1292
23;Jaén;23085 Torreblascopedro;Hombres;2018;1297
23;Jaén;23085 Torreblascopedro;Hombres;2017;1309
23;Jaén;23085 Torreblascopedro;Hombres;2016;1339
23;Jaén;23085 Torreblascopedro;Hombres;2015;1374
23;Jaén;23085 Torreblascopedro;Hombres;2014;1401
23;Jaén;23085 Torreblascopedro;Hombres;2013;1405
23;Jaén;23085 Torreblascopedro;Hombres;2012;1422
23;Jaén;23085 Torreblascopedro;Hombres;2011;1449
23;Jaén;23085 Torreblascopedro;Hombres;2010;1452
23;Jaén;23085 Torreblascopedro;Hombres;2009;1411
23;Jaén;23085 Torreblascopedro;Hombres;2008;1426
23;Jaén;23085 Torreblascopedro;Hombres;2007;1424
23;Jaén;23085 Torreblascopedro;Hombres;2006;1422
23;Jaén;23085 Torreblascopedro;Hombres;2005;1431
23;Jaén;23085 Torreblascopedro;Hombres;2004;1396
23;Jaén;23085 Torreblascopedro;Hombres;2003;1445
23;Jaén;23085 Torreblascopedro;Hombres;2002;1457
23;Jaén;23085 Torreblascopedro;Hombres;2001;1488
23;Jaén;23085 Torreblascopedro;Hombres;2000;1493
23;Jaén;23085 Torreblascopedro;Hombres;1999;1490
23;Jaén;23085 Torreblascopedro;Hombres;1998;1509
23;Jaén;23085 Torreblascopedro;Hombres;1997;
23;Jaén;23085 Torreblascopedro;Hombres;1996;1496
23;Jaén;23085 Torreblascopedro;Mujeres;2023;1197
23;Jaén;23085 Torreblascopedro;Mujeres;2022;1211
23;Jaén;23085 Torreblascopedro;Mujeres;2021;1195
23;Jaén;23085 Torreblascopedro;Mujeres;2020;1237
23;Jaén;23085 Torreblascopedro;Mujeres;2019;1254
23;Jaén;23085 Torreblascopedro;Mujeres;2018;1267
23;Jaén;23085 Torreblascopedro;Mujeres;2017;1285
23;Jaén;23085 Torreblascopedro;Mujeres;2016;1330
23;Jaén;23085 Torreblascopedro;Mujeres;2015;1368
23;Jaén;23085 Torreblascopedro;Mujeres;2014;1382
23;Jaén;23085 Torreblascopedro;Mujeres;2013;1384
23;Jaén;23085 Torreblascopedro;Mujeres;2012;1402
23;Jaén;23085 Torreblascopedro;Mujeres;2011;1407
23;Jaén;23085 Torreblascopedro;Mujeres;2010;1407
23;Jaén;23085 Torreblascopedro;Mujeres;2009;1390
23;Jaén;23085 Torreblascopedro;Mujeres;2008;1386
23;Jaén;23085 Torreblascopedro;Mujeres;2007;1411
23;Jaén;23085 Torreblascopedro;Mujeres;2006;1410
23;Jaén;23085 Torreblascopedro;Mujeres;2005;1435
23;Jaén;23085 Torreblascopedro;Mujeres;2004;1407
23;Jaén;23085 Torreblascopedro;Mujeres;2003;1471
23;Jaén;23085 Torreblascopedro;Mujeres;2002;1489
23;Jaén;23085 Torreblascopedro;Mujeres;2001;1504
23;Jaén;23085 Torreblascopedro;Mujeres;2000;1483
23;Jaén;23085 Torreblascopedro;Mujeres;1999;1511
23;Jaén;23085 Torreblascopedro;Mujeres;1998;1535
23;Jaén;23085 Torreblascopedro;Mujeres;1997;
23;Jaén;23085 Torreblascopedro;Mujeres;1996;1537
23;Jaén;23086 Torredelcampo;Total;2023;13871
23;Jaén;23086 Torredelcampo;Total;2022;13922
23;Jaén;23086 Torredelcampo;Total;2021;14059
23;Jaén;23086 Torredelcampo;Total;2020;14142
23;Jaén;23086 Torredelcampo;Total;2019;14247
23;Jaén;23086 Torredelcampo;Total;2018;14335
23;Jaén;23086 Torredelcampo;Total;2017;14435
23;Jaén;23086 Torredelcampo;Total;2016;14538
23;Jaén;23086 Torredelcampo;Total;2015;14605
23;Jaén;23086 Torredelcampo;Total;2014;14616
23;Jaén;23086 Torredelcampo;Total;2013;14729
23;Jaén;23086 Torredelcampo;Total;2012;14690
23;Jaén;23086 Torredelcampo;Total;2011;14625
23;Jaén;23086 Torredelcampo;Total;2010;14657
23;Jaén;23086 Torredelcampo;Total;2009;14627
23;Jaén;23086 Torredelcampo;Total;2008;14565
23;Jaén;23086 Torredelcampo;Total;2007;14339
23;Jaén;23086 Torredelcampo;Total;2006;14076
23;Jaén;23086 Torredelcampo;Total;2005;13961
23;Jaén;23086 Torredelcampo;Total;2004;13798
23;Jaén;23086 Torredelcampo;Total;2003;13628
23;Jaén;23086 Torredelcampo;Total;2002;13440
23;Jaén;23086 Torredelcampo;Total;2001;13327
23;Jaén;23086 Torredelcampo;Total;2000;13052
23;Jaén;23086 Torredelcampo;Total;1999;12866
23;Jaén;23086 Torredelcampo;Total;1998;12675
23;Jaén;23086 Torredelcampo;Total;1997;
23;Jaén;23086 Torredelcampo;Total;1996;12301
23;Jaén;23086 Torredelcampo;Hombres;2023;6945
23;Jaén;23086 Torredelcampo;Hombres;2022;6977
23;Jaén;23086 Torredelcampo;Hombres;2021;7042
23;Jaén;23086 Torredelcampo;Hombres;2020;7079
23;Jaén;23086 Torredelcampo;Hombres;2019;7143
23;Jaén;23086 Torredelcampo;Hombres;2018;7168
23;Jaén;23086 Torredelcampo;Hombres;2017;7235
23;Jaén;23086 Torredelcampo;Hombres;2016;7300
23;Jaén;23086 Torredelcampo;Hombres;2015;7347
23;Jaén;23086 Torredelcampo;Hombres;2014;7341
23;Jaén;23086 Torredelcampo;Hombres;2013;7389
23;Jaén;23086 Torredelcampo;Hombres;2012;7370
23;Jaén;23086 Torredelcampo;Hombres;2011;7342
23;Jaén;23086 Torredelcampo;Hombres;2010;7389
23;Jaén;23086 Torredelcampo;Hombres;2009;7377
23;Jaén;23086 Torredelcampo;Hombres;2008;7349
23;Jaén;23086 Torredelcampo;Hombres;2007;7227
23;Jaén;23086 Torredelcampo;Hombres;2006;7092
23;Jaén;23086 Torredelcampo;Hombres;2005;7044
23;Jaén;23086 Torredelcampo;Hombres;2004;6956
23;Jaén;23086 Torredelcampo;Hombres;2003;6851
23;Jaén;23086 Torredelcampo;Hombres;2002;6727
23;Jaén;23086 Torredelcampo;Hombres;2001;6680
23;Jaén;23086 Torredelcampo;Hombres;2000;6534
23;Jaén;23086 Torredelcampo;Hombres;1999;6457
23;Jaén;23086 Torredelcampo;Hombres;1998;6347
23;Jaén;23086 Torredelcampo;Hombres;1997;
23;Jaén;23086 Torredelcampo;Hombres;1996;6123
23;Jaén;23086 Torredelcampo;Mujeres;2023;6926
23;Jaén;23086 Torredelcampo;Mujeres;2022;6945
23;Jaén;23086 Torredelcampo;Mujeres;2021;7017
23;Jaén;23086 Torredelcampo;Mujeres;2020;7063
23;Jaén;23086 Torredelcampo;Mujeres;2019;7104
23;Jaén;23086 Torredelcampo;Mujeres;2018;7167
23;Jaén;23086 Torredelcampo;Mujeres;2017;7200
23;Jaén;23086 Torredelcampo;Mujeres;2016;7238
23;Jaén;23086 Torredelcampo;Mujeres;2015;7258
23;Jaén;23086 Torredelcampo;Mujeres;2014;7275
23;Jaén;23086 Torredelcampo;Mujeres;2013;7340
23;Jaén;23086 Torredelcampo;Mujeres;2012;7320
23;Jaén;23086 Torredelcampo;Mujeres;2011;7283
23;Jaén;23086 Torredelcampo;Mujeres;2010;7268
23;Jaén;23086 Torredelcampo;Mujeres;2009;7250
23;Jaén;23086 Torredelcampo;Mujeres;2008;7216
23;Jaén;23086 Torredelcampo;Mujeres;2007;7112
23;Jaén;23086 Torredelcampo;Mujeres;2006;6984
23;Jaén;23086 Torredelcampo;Mujeres;2005;6917
23;Jaén;23086 Torredelcampo;Mujeres;2004;6842
23;Jaén;23086 Torredelcampo;Mujeres;2003;6777
23;Jaén;23086 Torredelcampo;Mujeres;2002;6713
23;Jaén;23086 Torredelcampo;Mujeres;2001;6647
23;Jaén;23086 Torredelcampo;Mujeres;2000;6518
23;Jaén;23086 Torredelcampo;Mujeres;1999;6409
23;Jaén;23086 Torredelcampo;Mujeres;1998;6328
23;Jaén;23086 Torredelcampo;Mujeres;1997;
23;Jaén;23086 Torredelcampo;Mujeres;1996;6178
23;Jaén;23087 Torredonjimeno;Total;2023;13301
23;Jaén;23087 Torredonjimeno;Total;2022;13467
23;Jaén;23087 Torredonjimeno;Total;2021;13545
23;Jaén;23087 Torredonjimeno;Total;2020;13632
23;Jaén;23087 Torredonjimeno;Total;2019;13696
23;Jaén;23087 Torredonjimeno;Total;2018;13731
23;Jaén;23087 Torredonjimeno;Total;2017;13780
23;Jaén;23087 Torredonjimeno;Total;2016;13874
23;Jaén;23087 Torredonjimeno;Total;2015;14011
23;Jaén;23087 Torredonjimeno;Total;2014;14036
23;Jaén;23087 Torredonjimeno;Total;2013;14116
23;Jaén;23087 Torredonjimeno;Total;2012;14126
23;Jaén;23087 Torredonjimeno;Total;2011;14141
23;Jaén;23087 Torredonjimeno;Total;2010;14112
23;Jaén;23087 Torredonjimeno;Total;2009;14181
23;Jaén;23087 Torredonjimeno;Total;2008;14138
23;Jaén;23087 Torredonjimeno;Total;2007;14010
23;Jaén;23087 Torredonjimeno;Total;2006;13914
23;Jaén;23087 Torredonjimeno;Total;2005;13957
23;Jaén;23087 Torredonjimeno;Total;2004;13927
23;Jaén;23087 Torredonjimeno;Total;2003;13827
23;Jaén;23087 Torredonjimeno;Total;2002;13820
23;Jaén;23087 Torredonjimeno;Total;2001;13848
23;Jaén;23087 Torredonjimeno;Total;2000;13846
23;Jaén;23087 Torredonjimeno;Total;1999;13839
23;Jaén;23087 Torredonjimeno;Total;1998;13773
23;Jaén;23087 Torredonjimeno;Total;1997;
23;Jaén;23087 Torredonjimeno;Total;1996;13688
23;Jaén;23087 Torredonjimeno;Hombres;2023;6563
23;Jaén;23087 Torredonjimeno;Hombres;2022;6642
23;Jaén;23087 Torredonjimeno;Hombres;2021;6679
23;Jaén;23087 Torredonjimeno;Hombres;2020;6710
23;Jaén;23087 Torredonjimeno;Hombres;2019;6734
23;Jaén;23087 Torredonjimeno;Hombres;2018;6747
23;Jaén;23087 Torredonjimeno;Hombres;2017;6774
23;Jaén;23087 Torredonjimeno;Hombres;2016;6813
23;Jaén;23087 Torredonjimeno;Hombres;2015;6873
23;Jaén;23087 Torredonjimeno;Hombres;2014;6900
23;Jaén;23087 Torredonjimeno;Hombres;2013;6943
23;Jaén;23087 Torredonjimeno;Hombres;2012;6954
23;Jaén;23087 Torredonjimeno;Hombres;2011;6961
23;Jaén;23087 Torredonjimeno;Hombres;2010;6948
23;Jaén;23087 Torredonjimeno;Hombres;2009;6999
23;Jaén;23087 Torredonjimeno;Hombres;2008;7019
23;Jaén;23087 Torredonjimeno;Hombres;2007;6941
23;Jaén;23087 Torredonjimeno;Hombres;2006;6856
23;Jaén;23087 Torredonjimeno;Hombres;2005;6868
23;Jaén;23087 Torredonjimeno;Hombres;2004;6860
23;Jaén;23087 Torredonjimeno;Hombres;2003;6811
23;Jaén;23087 Torredonjimeno;Hombres;2002;6799
23;Jaén;23087 Torredonjimeno;Hombres;2001;6809
23;Jaén;23087 Torredonjimeno;Hombres;2000;6810
23;Jaén;23087 Torredonjimeno;Hombres;1999;6806
23;Jaén;23087 Torredonjimeno;Hombres;1998;6775
23;Jaén;23087 Torredonjimeno;Hombres;1997;
23;Jaén;23087 Torredonjimeno;Hombres;1996;6675
23;Jaén;23087 Torredonjimeno;Mujeres;2023;6738
23;Jaén;23087 Torredonjimeno;Mujeres;2022;6825
23;Jaén;23087 Torredonjimeno;Mujeres;2021;6866
23;Jaén;23087 Torredonjimeno;Mujeres;2020;6922
23;Jaén;23087 Torredonjimeno;Mujeres;2019;6962
23;Jaén;23087 Torredonjimeno;Mujeres;2018;6984
23;Jaén;23087 Torredonjimeno;Mujeres;2017;7006
23;Jaén;23087 Torredonjimeno;Mujeres;2016;7061
23;Jaén;23087 Torredonjimeno;Mujeres;2015;7138
23;Jaén;23087 Torredonjimeno;Mujeres;2014;7136
23;Jaén;23087 Torredonjimeno;Mujeres;2013;7173
23;Jaén;23087 Torredonjimeno;Mujeres;2012;7172
23;Jaén;23087 Torredonjimeno;Mujeres;2011;7180
23;Jaén;23087 Torredonjimeno;Mujeres;2010;7164
23;Jaén;23087 Torredonjimeno;Mujeres;2009;7182
23;Jaén;23087 Torredonjimeno;Mujeres;2008;7119
23;Jaén;23087 Torredonjimeno;Mujeres;2007;7069
23;Jaén;23087 Torredonjimeno;Mujeres;2006;7058
23;Jaén;23087 Torredonjimeno;Mujeres;2005;7089
23;Jaén;23087 Torredonjimeno;Mujeres;2004;7067
23;Jaén;23087 Torredonjimeno;Mujeres;2003;7016
23;Jaén;23087 Torredonjimeno;Mujeres;2002;7021
23;Jaén;23087 Torredonjimeno;Mujeres;2001;7039
23;Jaén;23087 Torredonjimeno;Mujeres;2000;7036
23;Jaén;23087 Torredonjimeno;Mujeres;1999;7033
23;Jaén;23087 Torredonjimeno;Mujeres;1998;6998
23;Jaén;23087 Torredonjimeno;Mujeres;1997;
23;Jaén;23087 Torredonjimeno;Mujeres;1996;7013
23;Jaén;23088 Torreperogil;Total;2023;7108
23;Jaén;23088 Torreperogil;Total;2022;7130
23;Jaén;23088 Torreperogil;Total;2021;7194
23;Jaén;23088 Torreperogil;Total;2020;7222
23;Jaén;23088 Torreperogil;Total;2019;7276
23;Jaén;23088 Torreperogil;Total;2018;7286
23;Jaén;23088 Torreperogil;Total;2017;7391
23;Jaén;23088 Torreperogil;Total;2016;7468
23;Jaén;23088 Torreperogil;Total;2015;7548
23;Jaén;23088 Torreperogil;Total;2014;7600
23;Jaén;23088 Torreperogil;Total;2013;7649
23;Jaén;23088 Torreperogil;Total;2012;7720
23;Jaén;23088 Torreperogil;Total;2011;7710
23;Jaén;23088 Torreperogil;Total;2010;7516
23;Jaén;23088 Torreperogil;Total;2009;7225
23;Jaén;23088 Torreperogil;Total;2008;7367
23;Jaén;23088 Torreperogil;Total;2007;7331
23;Jaén;23088 Torreperogil;Total;2006;6649
23;Jaén;23088 Torreperogil;Total;2005;6813
23;Jaén;23088 Torreperogil;Total;2004;6948
23;Jaén;23088 Torreperogil;Total;2003;7118
23;Jaén;23088 Torreperogil;Total;2002;7227
23;Jaén;23088 Torreperogil;Total;2001;7266
23;Jaén;23088 Torreperogil;Total;2000;7424
23;Jaén;23088 Torreperogil;Total;1999;7491
23;Jaén;23088 Torreperogil;Total;1998;7538
23;Jaén;23088 Torreperogil;Total;1997;
23;Jaén;23088 Torreperogil;Total;1996;7490
23;Jaén;23088 Torreperogil;Hombres;2023;3480
23;Jaén;23088 Torreperogil;Hombres;2022;3508
23;Jaén;23088 Torreperogil;Hombres;2021;3529
23;Jaén;23088 Torreperogil;Hombres;2020;3532
23;Jaén;23088 Torreperogil;Hombres;2019;3552
23;Jaén;23088 Torreperogil;Hombres;2018;3554
23;Jaén;23088 Torreperogil;Hombres;2017;3613
23;Jaén;23088 Torreperogil;Hombres;2016;3634
23;Jaén;23088 Torreperogil;Hombres;2015;3676
23;Jaén;23088 Torreperogil;Hombres;2014;3723
23;Jaén;23088 Torreperogil;Hombres;2013;3790
23;Jaén;23088 Torreperogil;Hombres;2012;3823
23;Jaén;23088 Torreperogil;Hombres;2011;3807
23;Jaén;23088 Torreperogil;Hombres;2010;3711
23;Jaén;23088 Torreperogil;Hombres;2009;3549
23;Jaén;23088 Torreperogil;Hombres;2008;3662
23;Jaén;23088 Torreperogil;Hombres;2007;3634
23;Jaén;23088 Torreperogil;Hombres;2006;3260
23;Jaén;23088 Torreperogil;Hombres;2005;3350
23;Jaén;23088 Torreperogil;Hombres;2004;3419
23;Jaén;23088 Torreperogil;Hombres;2003;3504
23;Jaén;23088 Torreperogil;Hombres;2002;3561
23;Jaén;23088 Torreperogil;Hombres;2001;3573
23;Jaén;23088 Torreperogil;Hombres;2000;3661
23;Jaén;23088 Torreperogil;Hombres;1999;3692
23;Jaén;23088 Torreperogil;Hombres;1998;3712
23;Jaén;23088 Torreperogil;Hombres;1997;
23;Jaén;23088 Torreperogil;Hombres;1996;3660
23;Jaén;23088 Torreperogil;Mujeres;2023;3628
23;Jaén;23088 Torreperogil;Mujeres;2022;3622
23;Jaén;23088 Torreperogil;Mujeres;2021;3665
23;Jaén;23088 Torreperogil;Mujeres;2020;3690
23;Jaén;23088 Torreperogil;Mujeres;2019;3724
23;Jaén;23088 Torreperogil;Mujeres;2018;3732
23;Jaén;23088 Torreperogil;Mujeres;2017;3778
23;Jaén;23088 Torreperogil;Mujeres;2016;3834
23;Jaén;23088 Torreperogil;Mujeres;2015;3872
23;Jaén;23088 Torreperogil;Mujeres;2014;3877
23;Jaén;23088 Torreperogil;Mujeres;2013;3859
23;Jaén;23088 Torreperogil;Mujeres;2012;3897
23;Jaén;23088 Torreperogil;Mujeres;2011;3903
23;Jaén;23088 Torreperogil;Mujeres;2010;3805
23;Jaén;23088 Torreperogil;Mujeres;2009;3676
23;Jaén;23088 Torreperogil;Mujeres;2008;3705
23;Jaén;23088 Torreperogil;Mujeres;2007;3697
23;Jaén;23088 Torreperogil;Mujeres;2006;3389
23;Jaén;23088 Torreperogil;Mujeres;2005;3463
23;Jaén;23088 Torreperogil;Mujeres;2004;3529
23;Jaén;23088 Torreperogil;Mujeres;2003;3614
23;Jaén;23088 Torreperogil;Mujeres;2002;3666
23;Jaén;23088 Torreperogil;Mujeres;2001;3693
23;Jaén;23088 Torreperogil;Mujeres;2000;3763
23;Jaén;23088 Torreperogil;Mujeres;1999;3799
23;Jaén;23088 Torreperogil;Mujeres;1998;3826
23;Jaén;23088 Torreperogil;Mujeres;1997;
23;Jaén;23088 Torreperogil;Mujeres;1996;3830
23;Jaén;23090 Torres;Total;2023;1349
23;Jaén;23090 Torres;Total;2022;1360
23;Jaén;23090 Torres;Total;2021;1350
23;Jaén;23090 Torres;Total;2020;1372
23;Jaén;23090 Torres;Total;2019;1406
23;Jaén;23090 Torres;Total;2018;1434
23;Jaén;23090 Torres;Total;2017;1475
23;Jaén;23090 Torres;Total;2016;1513
23;Jaén;23090 Torres;Total;2015;1516
23;Jaén;23090 Torres;Total;2014;1558
23;Jaén;23090 Torres;Total;2013;1592
23;Jaén;23090 Torres;Total;2012;1619
23;Jaén;23090 Torres;Total;2011;1643
23;Jaén;23090 Torres;Total;2010;1656
23;Jaén;23090 Torres;Total;2009;1663
23;Jaén;23090 Torres;Total;2008;1645
23;Jaén;23090 Torres;Total;2007;1665
23;Jaén;23090 Torres;Total;2006;1682
23;Jaén;23090 Torres;Total;2005;1725
23;Jaén;23090 Torres;Total;2004;1769
23;Jaén;23090 Torres;Total;2003;1792
23;Jaén;23090 Torres;Total;2002;1797
23;Jaén;23090 Torres;Total;2001;1773
23;Jaén;23090 Torres;Total;2000;1816
23;Jaén;23090 Torres;Total;1999;1859
23;Jaén;23090 Torres;Total;1998;1854
23;Jaén;23090 Torres;Total;1997;
23;Jaén;23090 Torres;Total;1996;1882
23;Jaén;23090 Torres;Hombres;2023;697
23;Jaén;23090 Torres;Hombres;2022;703
23;Jaén;23090 Torres;Hombres;2021;696
23;Jaén;23090 Torres;Hombres;2020;709
23;Jaén;23090 Torres;Hombres;2019;721
23;Jaén;23090 Torres;Hombres;2018;720
23;Jaén;23090 Torres;Hombres;2017;744
23;Jaén;23090 Torres;Hombres;2016;768
23;Jaén;23090 Torres;Hombres;2015;766
23;Jaén;23090 Torres;Hombres;2014;794
23;Jaén;23090 Torres;Hombres;2013;813
23;Jaén;23090 Torres;Hombres;2012;826
23;Jaén;23090 Torres;Hombres;2011;820
23;Jaén;23090 Torres;Hombres;2010;832
23;Jaén;23090 Torres;Hombres;2009;835
23;Jaén;23090 Torres;Hombres;2008;836
23;Jaén;23090 Torres;Hombres;2007;849
23;Jaén;23090 Torres;Hombres;2006;867
23;Jaén;23090 Torres;Hombres;2005;896
23;Jaén;23090 Torres;Hombres;2004;921
23;Jaén;23090 Torres;Hombres;2003;932
23;Jaén;23090 Torres;Hombres;2002;927
23;Jaén;23090 Torres;Hombres;2001;916
23;Jaén;23090 Torres;Hombres;2000;937
23;Jaén;23090 Torres;Hombres;1999;965
23;Jaén;23090 Torres;Hombres;1998;956
23;Jaén;23090 Torres;Hombres;1997;
23;Jaén;23090 Torres;Hombres;1996;950
23;Jaén;23090 Torres;Mujeres;2023;652
23;Jaén;23090 Torres;Mujeres;2022;657
23;Jaén;23090 Torres;Mujeres;2021;654
23;Jaén;23090 Torres;Mujeres;2020;663
23;Jaén;23090 Torres;Mujeres;2019;685
23;Jaén;23090 Torres;Mujeres;2018;714
23;Jaén;23090 Torres;Mujeres;2017;731
23;Jaén;23090 Torres;Mujeres;2016;745
23;Jaén;23090 Torres;Mujeres;2015;750
23;Jaén;23090 Torres;Mujeres;2014;764
23;Jaén;23090 Torres;Mujeres;2013;779
23;Jaén;23090 Torres;Mujeres;2012;793
23;Jaén;23090 Torres;Mujeres;2011;823
23;Jaén;23090 Torres;Mujeres;2010;824
23;Jaén;23090 Torres;Mujeres;2009;828
23;Jaén;23090 Torres;Mujeres;2008;809
23;Jaén;23090 Torres;Mujeres;2007;816
23;Jaén;23090 Torres;Mujeres;2006;815
23;Jaén;23090 Torres;Mujeres;2005;829
23;Jaén;23090 Torres;Mujeres;2004;848
23;Jaén;23090 Torres;Mujeres;2003;860
23;Jaén;23090 Torres;Mujeres;2002;870
23;Jaén;23090 Torres;Mujeres;2001;857
23;Jaén;23090 Torres;Mujeres;2000;879
23;Jaén;23090 Torres;Mujeres;1999;894
23;Jaén;23090 Torres;Mujeres;1998;898
23;Jaén;23090 Torres;Mujeres;1997;
23;Jaén;23090 Torres;Mujeres;1996;932
23;Jaén;23091 Torres de Albánchez;Total;2023;746
23;Jaén;23091 Torres de Albánchez;Total;2022;758
23;Jaén;23091 Torres de Albánchez;Total;2021;760
23;Jaén;23091 Torres de Albánchez;Total;2020;770
23;Jaén;23091 Torres de Albánchez;Total;2019;787
23;Jaén;23091 Torres de Albánchez;Total;2018;804
23;Jaén;23091 Torres de Albánchez;Total;2017;826
23;Jaén;23091 Torres de Albánchez;Total;2016;860
23;Jaén;23091 Torres de Albánchez;Total;2015;877
23;Jaén;23091 Torres de Albánchez;Total;2014;909
23;Jaén;23091 Torres de Albánchez;Total;2013;915
23;Jaén;23091 Torres de Albánchez;Total;2012;950
23;Jaén;23091 Torres de Albánchez;Total;2011;970
23;Jaén;23091 Torres de Albánchez;Total;2010;978
23;Jaén;23091 Torres de Albánchez;Total;2009;1001
23;Jaén;23091 Torres de Albánchez;Total;2008;972
23;Jaén;23091 Torres de Albánchez;Total;2007;824
23;Jaén;23091 Torres de Albánchez;Total;2006;870
23;Jaén;23091 Torres de Albánchez;Total;2005;923
23;Jaén;23091 Torres de Albánchez;Total;2004;940
23;Jaén;23091 Torres de Albánchez;Total;2003;956
23;Jaén;23091 Torres de Albánchez;Total;2002;1018
23;Jaén;23091 Torres de Albánchez;Total;2001;1020
23;Jaén;23091 Torres de Albánchez;Total;2000;1021
23;Jaén;23091 Torres de Albánchez;Total;1999;1026
23;Jaén;23091 Torres de Albánchez;Total;1998;1055
23;Jaén;23091 Torres de Albánchez;Total;1997;
23;Jaén;23091 Torres de Albánchez;Total;1996;1075
23;Jaén;23091 Torres de Albánchez;Hombres;2023;391
23;Jaén;23091 Torres de Albánchez;Hombres;2022;399
23;Jaén;23091 Torres de Albánchez;Hombres;2021;399
23;Jaén;23091 Torres de Albánchez;Hombres;2020;402
23;Jaén;23091 Torres de Albánchez;Hombres;2019;401
23;Jaén;23091 Torres de Albánchez;Hombres;2018;417
23;Jaén;23091 Torres de Albánchez;Hombres;2017;433
23;Jaén;23091 Torres de Albánchez;Hombres;2016;447
23;Jaén;23091 Torres de Albánchez;Hombres;2015;455
23;Jaén;23091 Torres de Albánchez;Hombres;2014;473
23;Jaén;23091 Torres de Albánchez;Hombres;2013;477
23;Jaén;23091 Torres de Albánchez;Hombres;2012;493
23;Jaén;23091 Torres de Albánchez;Hombres;2011;497
23;Jaén;23091 Torres de Albánchez;Hombres;2010;502
23;Jaén;23091 Torres de Albánchez;Hombres;2009;513
23;Jaén;23091 Torres de Albánchez;Hombres;2008;493
23;Jaén;23091 Torres de Albánchez;Hombres;2007;415
23;Jaén;23091 Torres de Albánchez;Hombres;2006;432
23;Jaén;23091 Torres de Albánchez;Hombres;2005;464
23;Jaén;23091 Torres de Albánchez;Hombres;2004;476
23;Jaén;23091 Torres de Albánchez;Hombres;2003;482
23;Jaén;23091 Torres de Albánchez;Hombres;2002;508
23;Jaén;23091 Torres de Albánchez;Hombres;2001;509
23;Jaén;23091 Torres de Albánchez;Hombres;2000;510
23;Jaén;23091 Torres de Albánchez;Hombres;1999;513
23;Jaén;23091 Torres de Albánchez;Hombres;1998;528
23;Jaén;23091 Torres de Albánchez;Hombres;1997;
23;Jaén;23091 Torres de Albánchez;Hombres;1996;538
23;Jaén;23091 Torres de Albánchez;Mujeres;2023;355
23;Jaén;23091 Torres de Albánchez;Mujeres;2022;359
23;Jaén;23091 Torres de Albánchez;Mujeres;2021;361
23;Jaén;23091 Torres de Albánchez;Mujeres;2020;368
23;Jaén;23091 Torres de Albánchez;Mujeres;2019;386
23;Jaén;23091 Torres de Albánchez;Mujeres;2018;387
23;Jaén;23091 Torres de Albánchez;Mujeres;2017;393
23;Jaén;23091 Torres de Albánchez;Mujeres;2016;413
23;Jaén;23091 Torres de Albánchez;Mujeres;2015;422
23;Jaén;23091 Torres de Albánchez;Mujeres;2014;436
23;Jaén;23091 Torres de Albánchez;Mujeres;2013;438
23;Jaén;23091 Torres de Albánchez;Mujeres;2012;457
23;Jaén;23091 Torres de Albánchez;Mujeres;2011;473
23;Jaén;23091 Torres de Albánchez;Mujeres;2010;476
23;Jaén;23091 Torres de Albánchez;Mujeres;2009;488
23;Jaén;23091 Torres de Albánchez;Mujeres;2008;479
23;Jaén;23091 Torres de Albánchez;Mujeres;2007;409
23;Jaén;23091 Torres de Albánchez;Mujeres;2006;438
23;Jaén;23091 Torres de Albánchez;Mujeres;2005;459
23;Jaén;23091 Torres de Albánchez;Mujeres;2004;464
23;Jaén;23091 Torres de Albánchez;Mujeres;2003;474
23;Jaén;23091 Torres de Albánchez;Mujeres;2002;510
23;Jaén;23091 Torres de Albánchez;Mujeres;2001;511
23;Jaén;23091 Torres de Albánchez;Mujeres;2000;511
23;Jaén;23091 Torres de Albánchez;Mujeres;1999;513
23;Jaén;23091 Torres de Albánchez;Mujeres;1998;527
23;Jaén;23091 Torres de Albánchez;Mujeres;1997;
23;Jaén;23091 Torres de Albánchez;Mujeres;1996;537
23;Jaén;23092 Úbeda;Total;2023;33810
23;Jaén;23092 Úbeda;Total;2022;34062
23;Jaén;23092 Úbeda;Total;2021;34208
23;Jaén;23092 Úbeda;Total;2020;34329
23;Jaén;23092 Úbeda;Total;2019;34345
23;Jaén;23092 Úbeda;Total;2018;34602
23;Jaén;23092 Úbeda;Total;2017;34733
23;Jaén;23092 Úbeda;Total;2016;34835
23;Jaén;23092 Úbeda;Total;2015;34930
23;Jaén;23092 Úbeda;Total;2014;35177
23;Jaén;23092 Úbeda;Total;2013;35514
23;Jaén;23092 Úbeda;Total;2012;35784
23;Jaén;23092 Úbeda;Total;2011;35866
23;Jaén;23092 Úbeda;Total;2010;36025
23;Jaén;23092 Úbeda;Total;2009;35649
23;Jaén;23092 Úbeda;Total;2008;34462
23;Jaén;23092 Úbeda;Total;2007;34347
23;Jaén;23092 Úbeda;Total;2006;34139
23;Jaén;23092 Úbeda;Total;2005;33993
23;Jaén;23092 Úbeda;Total;2004;33511
23;Jaén;23092 Úbeda;Total;2003;33347
23;Jaén;23092 Úbeda;Total;2002;32971
23;Jaén;23092 Úbeda;Total;2001;32764
23;Jaén;23092 Úbeda;Total;2000;32456
23;Jaén;23092 Úbeda;Total;1999;32739
23;Jaén;23092 Úbeda;Total;1998;32524
23;Jaén;23092 Úbeda;Total;1997;
23;Jaén;23092 Úbeda;Total;1996;32086
23;Jaén;23092 Úbeda;Hombres;2023;16476
23;Jaén;23092 Úbeda;Hombres;2022;16656
23;Jaén;23092 Úbeda;Hombres;2021;16725
23;Jaén;23092 Úbeda;Hombres;2020;16790
23;Jaén;23092 Úbeda;Hombres;2019;16813
23;Jaén;23092 Úbeda;Hombres;2018;16960
23;Jaén;23092 Úbeda;Hombres;2017;17046
23;Jaén;23092 Úbeda;Hombres;2016;17095
23;Jaén;23092 Úbeda;Hombres;2015;17124
23;Jaén;23092 Úbeda;Hombres;2014;17242
23;Jaén;23092 Úbeda;Hombres;2013;17465
23;Jaén;23092 Úbeda;Hombres;2012;17638
23;Jaén;23092 Úbeda;Hombres;2011;17624
23;Jaén;23092 Úbeda;Hombres;2010;17674
23;Jaén;23092 Úbeda;Hombres;2009;17489
23;Jaén;23092 Úbeda;Hombres;2008;16870
23;Jaén;23092 Úbeda;Hombres;2007;16809
23;Jaén;23092 Úbeda;Hombres;2006;16694
23;Jaén;23092 Úbeda;Hombres;2005;16663
23;Jaén;23092 Úbeda;Hombres;2004;16434
23;Jaén;23092 Úbeda;Hombres;2003;16337
23;Jaén;23092 Úbeda;Hombres;2002;16114
23;Jaén;23092 Úbeda;Hombres;2001;15979
23;Jaén;23092 Úbeda;Hombres;2000;15815
23;Jaén;23092 Úbeda;Hombres;1999;15972
23;Jaén;23092 Úbeda;Hombres;1998;15865
23;Jaén;23092 Úbeda;Hombres;1997;
23;Jaén;23092 Úbeda;Hombres;1996;15707
23;Jaén;23092 Úbeda;Mujeres;2023;17334
23;Jaén;23092 Úbeda;Mujeres;2022;17406
23;Jaén;23092 Úbeda;Mujeres;2021;17483
23;Jaén;23092 Úbeda;Mujeres;2020;17539
23;Jaén;23092 Úbeda;Mujeres;2019;17532
23;Jaén;23092 Úbeda;Mujeres;2018;17642
23;Jaén;23092 Úbeda;Mujeres;2017;17687
23;Jaén;23092 Úbeda;Mujeres;2016;17740
23;Jaén;23092 Úbeda;Mujeres;2015;17806
23;Jaén;23092 Úbeda;Mujeres;2014;17935
23;Jaén;23092 Úbeda;Mujeres;2013;18049
23;Jaén;23092 Úbeda;Mujeres;2012;18146
23;Jaén;23092 Úbeda;Mujeres;2011;18242
23;Jaén;23092 Úbeda;Mujeres;2010;18351
23;Jaén;23092 Úbeda;Mujeres;2009;18160
23;Jaén;23092 Úbeda;Mujeres;2008;17592
23;Jaén;23092 Úbeda;Mujeres;2007;17538
23;Jaén;23092 Úbeda;Mujeres;2006;17445
23;Jaén;23092 Úbeda;Mujeres;2005;17330
23;Jaén;23092 Úbeda;Mujeres;2004;17077
23;Jaén;23092 Úbeda;Mujeres;2003;17010
23;Jaén;23092 Úbeda;Mujeres;2002;16857
23;Jaén;23092 Úbeda;Mujeres;2001;16785
23;Jaén;23092 Úbeda;Mujeres;2000;16641
23;Jaén;23092 Úbeda;Mujeres;1999;16767
23;Jaén;23092 Úbeda;Mujeres;1998;16659
23;Jaén;23092 Úbeda;Mujeres;1997;
23;Jaén;23092 Úbeda;Mujeres;1996;16379
23;Jaén;23093 Valdepeñas de Jaén;Total;2023;3566
23;Jaén;23093 Valdepeñas de Jaén;Total;2022;3597
23;Jaén;23093 Valdepeñas de Jaén;Total;2021;3649
23;Jaén;23093 Valdepeñas de Jaén;Total;2020;3679
23;Jaén;23093 Valdepeñas de Jaén;Total;2019;3714
23;Jaén;23093 Valdepeñas de Jaén;Total;2018;3799
23;Jaén;23093 Valdepeñas de Jaén;Total;2017;3852
23;Jaén;23093 Valdepeñas de Jaén;Total;2016;3910
23;Jaén;23093 Valdepeñas de Jaén;Total;2015;3926
23;Jaén;23093 Valdepeñas de Jaén;Total;2014;3988
23;Jaén;23093 Valdepeñas de Jaén;Total;2013;4045
23;Jaén;23093 Valdepeñas de Jaén;Total;2012;4096
23;Jaén;23093 Valdepeñas de Jaén;Total;2011;4108
23;Jaén;23093 Valdepeñas de Jaén;Total;2010;4137
23;Jaén;23093 Valdepeñas de Jaén;Total;2009;4198
23;Jaén;23093 Valdepeñas de Jaén;Total;2008;4222
23;Jaén;23093 Valdepeñas de Jaén;Total;2007;4224
23;Jaén;23093 Valdepeñas de Jaén;Total;2006;4241
23;Jaén;23093 Valdepeñas de Jaén;Total;2005;4315
23;Jaén;23093 Valdepeñas de Jaén;Total;2004;4365
23;Jaén;23093 Valdepeñas de Jaén;Total;2003;4411
23;Jaén;23093 Valdepeñas de Jaén;Total;2002;4501
23;Jaén;23093 Valdepeñas de Jaén;Total;2001;4501
23;Jaén;23093 Valdepeñas de Jaén;Total;2000;4509
23;Jaén;23093 Valdepeñas de Jaén;Total;1999;4520
23;Jaén;23093 Valdepeñas de Jaén;Total;1998;4573
23;Jaén;23093 Valdepeñas de Jaén;Total;1997;
23;Jaén;23093 Valdepeñas de Jaén;Total;1996;4560
23;Jaén;23093 Valdepeñas de Jaén;Hombres;2023;1761
23;Jaén;23093 Valdepeñas de Jaén;Hombres;2022;1787
23;Jaén;23093 Valdepeñas de Jaén;Hombres;2021;1819
23;Jaén;23093 Valdepeñas de Jaén;Hombres;2020;1819
23;Jaén;23093 Valdepeñas de Jaén;Hombres;2019;1841
23;Jaén;23093 Valdepeñas de Jaén;Hombres;2018;1875
23;Jaén;23093 Valdepeñas de Jaén;Hombres;2017;1910
23;Jaén;23093 Valdepeñas de Jaén;Hombres;2016;1937
23;Jaén;23093 Valdepeñas de Jaén;Hombres;2015;1943
23;Jaén;23093 Valdepeñas de Jaén;Hombres;2014;1971
23;Jaén;23093 Valdepeñas de Jaén;Hombres;2013;2011
23;Jaén;23093 Valdepeñas de Jaén;Hombres;2012;2040
23;Jaén;23093 Valdepeñas de Jaén;Hombres;2011;2042
23;Jaén;23093 Valdepeñas de Jaén;Hombres;2010;2058
23;Jaén;23093 Valdepeñas de Jaén;Hombres;2009;2091
23;Jaén;23093 Valdepeñas de Jaén;Hombres;2008;2110
23;Jaén;23093 Valdepeñas de Jaén;Hombres;2007;2094
23;Jaén;23093 Valdepeñas de Jaén;Hombres;2006;2104
23;Jaén;23093 Valdepeñas de Jaén;Hombres;2005;2151
23;Jaén;23093 Valdepeñas de Jaén;Hombres;2004;2179
23;Jaén;23093 Valdepeñas de Jaén;Hombres;2003;2208
23;Jaén;23093 Valdepeñas de Jaén;Hombres;2002;2272
23;Jaén;23093 Valdepeñas de Jaén;Hombres;2001;2271
23;Jaén;23093 Valdepeñas de Jaén;Hombres;2000;2283
23;Jaén;23093 Valdepeñas de Jaén;Hombres;1999;2281
23;Jaén;23093 Valdepeñas de Jaén;Hombres;1998;2305
23;Jaén;23093 Valdepeñas de Jaén;Hombres;1997;
23;Jaén;23093 Valdepeñas de Jaén;Hombres;1996;2290
23;Jaén;23093 Valdepeñas de Jaén;Mujeres;2023;1805
23;Jaén;23093 Valdepeñas de Jaén;Mujeres;2022;1810
23;Jaén;23093 Valdepeñas de Jaén;Mujeres;2021;1830
23;Jaén;23093 Valdepeñas de Jaén;Mujeres;2020;1860
23;Jaén;23093 Valdepeñas de Jaén;Mujeres;2019;1873
23;Jaén;23093 Valdepeñas de Jaén;Mujeres;2018;1924
23;Jaén;23093 Valdepeñas de Jaén;Mujeres;2017;1942
23;Jaén;23093 Valdepeñas de Jaén;Mujeres;2016;1973
23;Jaén;23093 Valdepeñas de Jaén;Mujeres;2015;1983
23;Jaén;23093 Valdepeñas de Jaén;Mujeres;2014;2017
23;Jaén;23093 Valdepeñas de Jaén;Mujeres;2013;2034
23;Jaén;23093 Valdepeñas de Jaén;Mujeres;2012;2056
23;Jaén;23093 Valdepeñas de Jaén;Mujeres;2011;2066
23;Jaén;23093 Valdepeñas de Jaén;Mujeres;2010;2079
23;Jaén;23093 Valdepeñas de Jaén;Mujeres;2009;2107
23;Jaén;23093 Valdepeñas de Jaén;Mujeres;2008;2112
23;Jaén;23093 Valdepeñas de Jaén;Mujeres;2007;2130
23;Jaén;23093 Valdepeñas de Jaén;Mujeres;2006;2137
23;Jaén;23093 Valdepeñas de Jaén;Mujeres;2005;2164
23;Jaén;23093 Valdepeñas de Jaén;Mujeres;2004;2186
23;Jaén;23093 Valdepeñas de Jaén;Mujeres;2003;2203
23;Jaén;23093 Valdepeñas de Jaén;Mujeres;2002;2229
23;Jaén;23093 Valdepeñas de Jaén;Mujeres;2001;2230
23;Jaén;23093 Valdepeñas de Jaén;Mujeres;2000;2226
23;Jaén;23093 Valdepeñas de Jaén;Mujeres;1999;2239
23;Jaén;23093 Valdepeñas de Jaén;Mujeres;1998;2268
23;Jaén;23093 Valdepeñas de Jaén;Mujeres;1997;
23;Jaén;23093 Valdepeñas de Jaén;Mujeres;1996;2270
23;Jaén;23094 Vilches;Total;2023;4238
23;Jaén;23094 Vilches;Total;2022;4317
23;Jaén;23094 Vilches;Total;2021;4376
23;Jaén;23094 Vilches;Total;2020;4409
23;Jaén;23094 Vilches;Total;2019;4436
23;Jaén;23094 Vilches;Total;2018;4519
23;Jaén;23094 Vilches;Total;2017;4567
23;Jaén;23094 Vilches;Total;2016;4646
23;Jaén;23094 Vilches;Total;2015;4689
23;Jaén;23094 Vilches;Total;2014;4724
23;Jaén;23094 Vilches;Total;2013;4768
23;Jaén;23094 Vilches;Total;2012;4831
23;Jaén;23094 Vilches;Total;2011;4867
23;Jaén;23094 Vilches;Total;2010;4892
23;Jaén;23094 Vilches;Total;2009;4938
23;Jaén;23094 Vilches;Total;2008;5008
23;Jaén;23094 Vilches;Total;2007;5005
23;Jaén;23094 Vilches;Total;2006;5018
23;Jaén;23094 Vilches;Total;2005;4940
23;Jaén;23094 Vilches;Total;2004;4946
23;Jaén;23094 Vilches;Total;2003;4976
23;Jaén;23094 Vilches;Total;2002;4960
23;Jaén;23094 Vilches;Total;2001;4989
23;Jaén;23094 Vilches;Total;2000;5030
23;Jaén;23094 Vilches;Total;1999;5089
23;Jaén;23094 Vilches;Total;1998;5086
23;Jaén;23094 Vilches;Total;1997;
23;Jaén;23094 Vilches;Total;1996;5162
23;Jaén;23094 Vilches;Hombres;2023;2129
23;Jaén;23094 Vilches;Hombres;2022;2168
23;Jaén;23094 Vilches;Hombres;2021;2194
23;Jaén;23094 Vilches;Hombres;2020;2210
23;Jaén;23094 Vilches;Hombres;2019;2216
23;Jaén;23094 Vilches;Hombres;2018;2274
23;Jaén;23094 Vilches;Hombres;2017;2291
23;Jaén;23094 Vilches;Hombres;2016;2336
23;Jaén;23094 Vilches;Hombres;2015;2357
23;Jaén;23094 Vilches;Hombres;2014;2396
23;Jaén;23094 Vilches;Hombres;2013;2429
23;Jaén;23094 Vilches;Hombres;2012;2479
23;Jaén;23094 Vilches;Hombres;2011;2471
23;Jaén;23094 Vilches;Hombres;2010;2470
23;Jaén;23094 Vilches;Hombres;2009;2502
23;Jaén;23094 Vilches;Hombres;2008;2551
23;Jaén;23094 Vilches;Hombres;2007;2547
23;Jaén;23094 Vilches;Hombres;2006;2545
23;Jaén;23094 Vilches;Hombres;2005;2501
23;Jaén;23094 Vilches;Hombres;2004;2490
23;Jaén;23094 Vilches;Hombres;2003;2495
23;Jaén;23094 Vilches;Hombres;2002;2474
23;Jaén;23094 Vilches;Hombres;2001;2494
23;Jaén;23094 Vilches;Hombres;2000;2504
23;Jaén;23094 Vilches;Hombres;1999;2531
23;Jaén;23094 Vilches;Hombres;1998;2543
23;Jaén;23094 Vilches;Hombres;1997;
23;Jaén;23094 Vilches;Hombres;1996;2573
23;Jaén;23094 Vilches;Mujeres;2023;2109
23;Jaén;23094 Vilches;Mujeres;2022;2149
23;Jaén;23094 Vilches;Mujeres;2021;2182
23;Jaén;23094 Vilches;Mujeres;2020;2199
23;Jaén;23094 Vilches;Mujeres;2019;2220
23;Jaén;23094 Vilches;Mujeres;2018;2245
23;Jaén;23094 Vilches;Mujeres;2017;2276
23;Jaén;23094 Vilches;Mujeres;2016;2310
23;Jaén;23094 Vilches;Mujeres;2015;2332
23;Jaén;23094 Vilches;Mujeres;2014;2328
23;Jaén;23094 Vilches;Mujeres;2013;2339
23;Jaén;23094 Vilches;Mujeres;2012;2352
23;Jaén;23094 Vilches;Mujeres;2011;2396
23;Jaén;23094 Vilches;Mujeres;2010;2422
23;Jaén;23094 Vilches;Mujeres;2009;2436
23;Jaén;23094 Vilches;Mujeres;2008;2457
23;Jaén;23094 Vilches;Mujeres;2007;2458
23;Jaén;23094 Vilches;Mujeres;2006;2473
23;Jaén;23094 Vilches;Mujeres;2005;2439
23;Jaén;23094 Vilches;Mujeres;2004;2456
23;Jaén;23094 Vilches;Mujeres;2003;2481
23;Jaén;23094 Vilches;Mujeres;2002;2486
23;Jaén;23094 Vilches;Mujeres;2001;2495
23;Jaén;23094 Vilches;Mujeres;2000;2526
23;Jaén;23094 Vilches;Mujeres;1999;2558
23;Jaén;23094 Vilches;Mujeres;1998;2543
23;Jaén;23094 Vilches;Mujeres;1997;
23;Jaén;23094 Vilches;Mujeres;1996;2589
23;Jaén;23095 Villacarrillo;Total;2023;10344
23;Jaén;23095 Villacarrillo;Total;2022;10484
23;Jaén;23095 Villacarrillo;Total;2021;10545
23;Jaén;23095 Villacarrillo;Total;2020;10673
23;Jaén;23095 Villacarrillo;Total;2019;10726
23;Jaén;23095 Villacarrillo;Total;2018;10795
23;Jaén;23095 Villacarrillo;Total;2017;10857
23;Jaén;23095 Villacarrillo;Total;2016;11000
23;Jaén;23095 Villacarrillo;Total;2015;11040
23;Jaén;23095 Villacarrillo;Total;2014;11092
23;Jaén;23095 Villacarrillo;Total;2013;11263
23;Jaén;23095 Villacarrillo;Total;2012;11442
23;Jaén;23095 Villacarrillo;Total;2011;11357
23;Jaén;23095 Villacarrillo;Total;2010;11278
23;Jaén;23095 Villacarrillo;Total;2009;11294
23;Jaén;23095 Villacarrillo;Total;2008;11293
23;Jaén;23095 Villacarrillo;Total;2007;11117
23;Jaén;23095 Villacarrillo;Total;2006;11137
23;Jaén;23095 Villacarrillo;Total;2005;10902
23;Jaén;23095 Villacarrillo;Total;2004;11081
23;Jaén;23095 Villacarrillo;Total;2003;11180
23;Jaén;23095 Villacarrillo;Total;2002;11095
23;Jaén;23095 Villacarrillo;Total;2001;11073
23;Jaén;23095 Villacarrillo;Total;2000;11067
23;Jaén;23095 Villacarrillo;Total;1999;11154
23;Jaén;23095 Villacarrillo;Total;1998;11152
23;Jaén;23095 Villacarrillo;Total;1997;
23;Jaén;23095 Villacarrillo;Total;1996;11107
23;Jaén;23095 Villacarrillo;Hombres;2023;5222
23;Jaén;23095 Villacarrillo;Hombres;2022;5286
23;Jaén;23095 Villacarrillo;Hombres;2021;5316
23;Jaén;23095 Villacarrillo;Hombres;2020;5363
23;Jaén;23095 Villacarrillo;Hombres;2019;5391
23;Jaén;23095 Villacarrillo;Hombres;2018;5417
23;Jaén;23095 Villacarrillo;Hombres;2017;5459
23;Jaén;23095 Villacarrillo;Hombres;2016;5553
23;Jaén;23095 Villacarrillo;Hombres;2015;5578
23;Jaén;23095 Villacarrillo;Hombres;2014;5595
23;Jaén;23095 Villacarrillo;Hombres;2013;5718
23;Jaén;23095 Villacarrillo;Hombres;2012;5879
23;Jaén;23095 Villacarrillo;Hombres;2011;5793
23;Jaén;23095 Villacarrillo;Hombres;2010;5694
23;Jaén;23095 Villacarrillo;Hombres;2009;5700
23;Jaén;23095 Villacarrillo;Hombres;2008;5694
23;Jaén;23095 Villacarrillo;Hombres;2007;5601
23;Jaén;23095 Villacarrillo;Hombres;2006;5619
23;Jaén;23095 Villacarrillo;Hombres;2005;5509
23;Jaén;23095 Villacarrillo;Hombres;2004;5597
23;Jaén;23095 Villacarrillo;Hombres;2003;5632
23;Jaén;23095 Villacarrillo;Hombres;2002;5568
23;Jaén;23095 Villacarrillo;Hombres;2001;5516
23;Jaén;23095 Villacarrillo;Hombres;2000;5497
23;Jaén;23095 Villacarrillo;Hombres;1999;5545
23;Jaén;23095 Villacarrillo;Hombres;1998;5600
23;Jaén;23095 Villacarrillo;Hombres;1997;
23;Jaén;23095 Villacarrillo;Hombres;1996;5533
23;Jaén;23095 Villacarrillo;Mujeres;2023;5122
23;Jaén;23095 Villacarrillo;Mujeres;2022;5198
23;Jaén;23095 Villacarrillo;Mujeres;2021;5229
23;Jaén;23095 Villacarrillo;Mujeres;2020;5310
23;Jaén;23095 Villacarrillo;Mujeres;2019;5335
23;Jaén;23095 Villacarrillo;Mujeres;2018;5378
23;Jaén;23095 Villacarrillo;Mujeres;2017;5398
23;Jaén;23095 Villacarrillo;Mujeres;2016;5447
23;Jaén;23095 Villacarrillo;Mujeres;2015;5462
23;Jaén;23095 Villacarrillo;Mujeres;2014;5497
23;Jaén;23095 Villacarrillo;Mujeres;2013;5545
23;Jaén;23095 Villacarrillo;Mujeres;2012;5563
23;Jaén;23095 Villacarrillo;Mujeres;2011;5564
23;Jaén;23095 Villacarrillo;Mujeres;2010;5584
23;Jaén;23095 Villacarrillo;Mujeres;2009;5594
23;Jaén;23095 Villacarrillo;Mujeres;2008;5599
23;Jaén;23095 Villacarrillo;Mujeres;2007;5516
23;Jaén;23095 Villacarrillo;Mujeres;2006;5518
23;Jaén;23095 Villacarrillo;Mujeres;2005;5393
23;Jaén;23095 Villacarrillo;Mujeres;2004;5484
23;Jaén;23095 Villacarrillo;Mujeres;2003;5548
23;Jaén;23095 Villacarrillo;Mujeres;2002;5527
23;Jaén;23095 Villacarrillo;Mujeres;2001;5557
23;Jaén;23095 Villacarrillo;Mujeres;2000;5570
23;Jaén;23095 Villacarrillo;Mujeres;1999;5609
23;Jaén;23095 Villacarrillo;Mujeres;1998;5552
23;Jaén;23095 Villacarrillo;Mujeres;1997;
23;Jaén;23095 Villacarrillo;Mujeres;1996;5574
23;Jaén;23096 Villanueva de la Reina;Total;2023;2964
23;Jaén;23096 Villanueva de la Reina;Total;2022;3013
23;Jaén;23096 Villanueva de la Reina;Total;2021;3026
23;Jaén;23096 Villanueva de la Reina;Total;2020;3038
23;Jaén;23096 Villanueva de la Reina;Total;2019;3081
23;Jaén;23096 Villanueva de la Reina;Total;2018;3146
23;Jaén;23096 Villanueva de la Reina;Total;2017;3151
23;Jaén;23096 Villanueva de la Reina;Total;2016;3152
23;Jaén;23096 Villanueva de la Reina;Total;2015;3245
23;Jaén;23096 Villanueva de la Reina;Total;2014;3274
23;Jaén;23096 Villanueva de la Reina;Total;2013;3301
23;Jaén;23096 Villanueva de la Reina;Total;2012;3358
23;Jaén;23096 Villanueva de la Reina;Total;2011;3334
23;Jaén;23096 Villanueva de la Reina;Total;2010;3403
23;Jaén;23096 Villanueva de la Reina;Total;2009;3435
23;Jaén;23096 Villanueva de la Reina;Total;2008;3423
23;Jaén;23096 Villanueva de la Reina;Total;2007;3385
23;Jaén;23096 Villanueva de la Reina;Total;2006;3375
23;Jaén;23096 Villanueva de la Reina;Total;2005;3352
23;Jaén;23096 Villanueva de la Reina;Total;2004;3344
23;Jaén;23096 Villanueva de la Reina;Total;2003;3300
23;Jaén;23096 Villanueva de la Reina;Total;2002;3304
23;Jaén;23096 Villanueva de la Reina;Total;2001;3308
23;Jaén;23096 Villanueva de la Reina;Total;2000;3304
23;Jaén;23096 Villanueva de la Reina;Total;1999;3322
23;Jaén;23096 Villanueva de la Reina;Total;1998;3331
23;Jaén;23096 Villanueva de la Reina;Total;1997;
23;Jaén;23096 Villanueva de la Reina;Total;1996;3301
23;Jaén;23096 Villanueva de la Reina;Hombres;2023;1499
23;Jaén;23096 Villanueva de la Reina;Hombres;2022;1518
23;Jaén;23096 Villanueva de la Reina;Hombres;2021;1527
23;Jaén;23096 Villanueva de la Reina;Hombres;2020;1522
23;Jaén;23096 Villanueva de la Reina;Hombres;2019;1544
23;Jaén;23096 Villanueva de la Reina;Hombres;2018;1582
23;Jaén;23096 Villanueva de la Reina;Hombres;2017;1588
23;Jaén;23096 Villanueva de la Reina;Hombres;2016;1590
23;Jaén;23096 Villanueva de la Reina;Hombres;2015;1642
23;Jaén;23096 Villanueva de la Reina;Hombres;2014;1647
23;Jaén;23096 Villanueva de la Reina;Hombres;2013;1669
23;Jaén;23096 Villanueva de la Reina;Hombres;2012;1714
23;Jaén;23096 Villanueva de la Reina;Hombres;2011;1684
23;Jaén;23096 Villanueva de la Reina;Hombres;2010;1725
23;Jaén;23096 Villanueva de la Reina;Hombres;2009;1748
23;Jaén;23096 Villanueva de la Reina;Hombres;2008;1745
23;Jaén;23096 Villanueva de la Reina;Hombres;2007;1707
23;Jaén;23096 Villanueva de la Reina;Hombres;2006;1693
23;Jaén;23096 Villanueva de la Reina;Hombres;2005;1676
23;Jaén;23096 Villanueva de la Reina;Hombres;2004;1660
23;Jaén;23096 Villanueva de la Reina;Hombres;2003;1646
23;Jaén;23096 Villanueva de la Reina;Hombres;2002;1650
23;Jaén;23096 Villanueva de la Reina;Hombres;2001;1652
23;Jaén;23096 Villanueva de la Reina;Hombres;2000;1647
23;Jaén;23096 Villanueva de la Reina;Hombres;1999;1658
23;Jaén;23096 Villanueva de la Reina;Hombres;1998;1660
23;Jaén;23096 Villanueva de la Reina;Hombres;1997;
23;Jaén;23096 Villanueva de la Reina;Hombres;1996;1624
23;Jaén;23096 Villanueva de la Reina;Mujeres;2023;1465
23;Jaén;23096 Villanueva de la Reina;Mujeres;2022;1495
23;Jaén;23096 Villanueva de la Reina;Mujeres;2021;1499
23;Jaén;23096 Villanueva de la Reina;Mujeres;2020;1516
23;Jaén;23096 Villanueva de la Reina;Mujeres;2019;1537
23;Jaén;23096 Villanueva de la Reina;Mujeres;2018;1564
23;Jaén;23096 Villanueva de la Reina;Mujeres;2017;1563
23;Jaén;23096 Villanueva de la Reina;Mujeres;2016;1562
23;Jaén;23096 Villanueva de la Reina;Mujeres;2015;1603
23;Jaén;23096 Villanueva de la Reina;Mujeres;2014;1627
23;Jaén;23096 Villanueva de la Reina;Mujeres;2013;1632
23;Jaén;23096 Villanueva de la Reina;Mujeres;2012;1644
23;Jaén;23096 Villanueva de la Reina;Mujeres;2011;1650
23;Jaén;23096 Villanueva de la Reina;Mujeres;2010;1678
23;Jaén;23096 Villanueva de la Reina;Mujeres;2009;1687
23;Jaén;23096 Villanueva de la Reina;Mujeres;2008;1678
23;Jaén;23096 Villanueva de la Reina;Mujeres;2007;1678
23;Jaén;23096 Villanueva de la Reina;Mujeres;2006;1682
23;Jaén;23096 Villanueva de la Reina;Mujeres;2005;1676
23;Jaén;23096 Villanueva de la Reina;Mujeres;2004;1684
23;Jaén;23096 Villanueva de la Reina;Mujeres;2003;1654
23;Jaén;23096 Villanueva de la Reina;Mujeres;2002;1654
23;Jaén;23096 Villanueva de la Reina;Mujeres;2001;1656
23;Jaén;23096 Villanueva de la Reina;Mujeres;2000;1657
23;Jaén;23096 Villanueva de la Reina;Mujeres;1999;1664
23;Jaén;23096 Villanueva de la Reina;Mujeres;1998;1671
23;Jaén;23096 Villanueva de la Reina;Mujeres;1997;
23;Jaén;23096 Villanueva de la Reina;Mujeres;1996;1677
23;Jaén;23097 Villanueva del Arzobispo;Total;2023;7933
23;Jaén;23097 Villanueva del Arzobispo;Total;2022;7968
23;Jaén;23097 Villanueva del Arzobispo;Total;2021;7967
23;Jaén;23097 Villanueva del Arzobispo;Total;2020;8078
23;Jaén;23097 Villanueva del Arzobispo;Total;2019;8193
23;Jaén;23097 Villanueva del Arzobispo;Total;2018;8301
23;Jaén;23097 Villanueva del Arzobispo;Total;2017;8402
23;Jaén;23097 Villanueva del Arzobispo;Total;2016;8447
23;Jaén;23097 Villanueva del Arzobispo;Total;2015;8484
23;Jaén;23097 Villanueva del Arzobispo;Total;2014;8595
23;Jaén;23097 Villanueva del Arzobispo;Total;2013;8768
23;Jaén;23097 Villanueva del Arzobispo;Total;2012;8942
23;Jaén;23097 Villanueva del Arzobispo;Total;2011;8924
23;Jaén;23097 Villanueva del Arzobispo;Total;2010;8755
23;Jaén;23097 Villanueva del Arzobispo;Total;2009;8714
23;Jaén;23097 Villanueva del Arzobispo;Total;2008;8673
23;Jaén;23097 Villanueva del Arzobispo;Total;2007;8619
23;Jaén;23097 Villanueva del Arzobispo;Total;2006;8724
23;Jaén;23097 Villanueva del Arzobispo;Total;2005;8768
23;Jaén;23097 Villanueva del Arzobispo;Total;2004;8728
23;Jaén;23097 Villanueva del Arzobispo;Total;2003;8761
23;Jaén;23097 Villanueva del Arzobispo;Total;2002;8748
23;Jaén;23097 Villanueva del Arzobispo;Total;2001;8691
23;Jaén;23097 Villanueva del Arzobispo;Total;2000;8650
23;Jaén;23097 Villanueva del Arzobispo;Total;1999;8644
23;Jaén;23097 Villanueva del Arzobispo;Total;1998;8628
23;Jaén;23097 Villanueva del Arzobispo;Total;1997;
23;Jaén;23097 Villanueva del Arzobispo;Total;1996;8495
23;Jaén;23097 Villanueva del Arzobispo;Hombres;2023;4091
23;Jaén;23097 Villanueva del Arzobispo;Hombres;2022;4082
23;Jaén;23097 Villanueva del Arzobispo;Hombres;2021;4072
23;Jaén;23097 Villanueva del Arzobispo;Hombres;2020;4143
23;Jaén;23097 Villanueva del Arzobispo;Hombres;2019;4214
23;Jaén;23097 Villanueva del Arzobispo;Hombres;2018;4264
23;Jaén;23097 Villanueva del Arzobispo;Hombres;2017;4331
23;Jaén;23097 Villanueva del Arzobispo;Hombres;2016;4352
23;Jaén;23097 Villanueva del Arzobispo;Hombres;2015;4378
23;Jaén;23097 Villanueva del Arzobispo;Hombres;2014;4448
23;Jaén;23097 Villanueva del Arzobispo;Hombres;2013;4588
23;Jaén;23097 Villanueva del Arzobispo;Hombres;2012;4765
23;Jaén;23097 Villanueva del Arzobispo;Hombres;2011;4709
23;Jaén;23097 Villanueva del Arzobispo;Hombres;2010;4545
23;Jaén;23097 Villanueva del Arzobispo;Hombres;2009;4502
23;Jaén;23097 Villanueva del Arzobispo;Hombres;2008;4460
23;Jaén;23097 Villanueva del Arzobispo;Hombres;2007;4386
23;Jaén;23097 Villanueva del Arzobispo;Hombres;2006;4447
23;Jaén;23097 Villanueva del Arzobispo;Hombres;2005;4497
23;Jaén;23097 Villanueva del Arzobispo;Hombres;2004;4469
23;Jaén;23097 Villanueva del Arzobispo;Hombres;2003;4483
23;Jaén;23097 Villanueva del Arzobispo;Hombres;2002;4444
23;Jaén;23097 Villanueva del Arzobispo;Hombres;2001;4388
23;Jaén;23097 Villanueva del Arzobispo;Hombres;2000;4349
23;Jaén;23097 Villanueva del Arzobispo;Hombres;1999;4324
23;Jaén;23097 Villanueva del Arzobispo;Hombres;1998;4297
23;Jaén;23097 Villanueva del Arzobispo;Hombres;1997;
23;Jaén;23097 Villanueva del Arzobispo;Hombres;1996;4181
23;Jaén;23097 Villanueva del Arzobispo;Mujeres;2023;3842
23;Jaén;23097 Villanueva del Arzobispo;Mujeres;2022;3886
23;Jaén;23097 Villanueva del Arzobispo;Mujeres;2021;3895
23;Jaén;23097 Villanueva del Arzobispo;Mujeres;2020;3935
23;Jaén;23097 Villanueva del Arzobispo;Mujeres;2019;3979
23;Jaén;23097 Villanueva del Arzobispo;Mujeres;2018;4037
23;Jaén;23097 Villanueva del Arzobispo;Mujeres;2017;4071
23;Jaén;23097 Villanueva del Arzobispo;Mujeres;2016;4095
23;Jaén;23097 Villanueva del Arzobispo;Mujeres;2015;4106
23;Jaén;23097 Villanueva del Arzobispo;Mujeres;2014;4147
23;Jaén;23097 Villanueva del Arzobispo;Mujeres;2013;4180
23;Jaén;23097 Villanueva del Arzobispo;Mujeres;2012;4177
23;Jaén;23097 Villanueva del Arzobispo;Mujeres;2011;4215
23;Jaén;23097 Villanueva del Arzobispo;Mujeres;2010;4210
23;Jaén;23097 Villanueva del Arzobispo;Mujeres;2009;4212
23;Jaén;23097 Villanueva del Arzobispo;Mujeres;2008;4213
23;Jaén;23097 Villanueva del Arzobispo;Mujeres;2007;4233
23;Jaén;23097 Villanueva del Arzobispo;Mujeres;2006;4277
23;Jaén;23097 Villanueva del Arzobispo;Mujeres;2005;4271
23;Jaén;23097 Villanueva del Arzobispo;Mujeres;2004;4259
23;Jaén;23097 Villanueva del Arzobispo;Mujeres;2003;4278
23;Jaén;23097 Villanueva del Arzobispo;Mujeres;2002;4304
23;Jaén;23097 Villanueva del Arzobispo;Mujeres;2001;4303
23;Jaén;23097 Villanueva del Arzobispo;Mujeres;2000;4301
23;Jaén;23097 Villanueva del Arzobispo;Mujeres;1999;4320
23;Jaén;23097 Villanueva del Arzobispo;Mujeres;1998;4331
23;Jaén;23097 Villanueva del Arzobispo;Mujeres;1997;
23;Jaén;23097 Villanueva del Arzobispo;Mujeres;1996;4314
23;Jaén;23098 Villardompardo;Total;2023;920
23;Jaén;23098 Villardompardo;Total;2022;935
23;Jaén;23098 Villardompardo;Total;2021;956
23;Jaén;23098 Villardompardo;Total;2020;968
23;Jaén;23098 Villardompardo;Total;2019;965
23;Jaén;23098 Villardompardo;Total;2018;966
23;Jaén;23098 Villardompardo;Total;2017;1001
23;Jaén;23098 Villardompardo;Total;2016;1017
23;Jaén;23098 Villardompardo;Total;2015;1029
23;Jaén;23098 Villardompardo;Total;2014;1054
23;Jaén;23098 Villardompardo;Total;2013;1081
23;Jaén;23098 Villardompardo;Total;2012;1101
23;Jaén;23098 Villardompardo;Total;2011;1111
23;Jaén;23098 Villardompardo;Total;2010;1122
23;Jaén;23098 Villardompardo;Total;2009;1132
23;Jaén;23098 Villardompardo;Total;2008;1140
23;Jaén;23098 Villardompardo;Total;2007;1161
23;Jaén;23098 Villardompardo;Total;2006;1160
23;Jaén;23098 Villardompardo;Total;2005;1172
23;Jaén;23098 Villardompardo;Total;2004;1176
23;Jaén;23098 Villardompardo;Total;2003;1203
23;Jaén;23098 Villardompardo;Total;2002;1230
23;Jaén;23098 Villardompardo;Total;2001;1246
23;Jaén;23098 Villardompardo;Total;2000;1258
23;Jaén;23098 Villardompardo;Total;1999;1261
23;Jaén;23098 Villardompardo;Total;1998;1257
23;Jaén;23098 Villardompardo;Total;1997;
23;Jaén;23098 Villardompardo;Total;1996;1279
23;Jaén;23098 Villardompardo;Hombres;2023;459
23;Jaén;23098 Villardompardo;Hombres;2022;466
23;Jaén;23098 Villardompardo;Hombres;2021;483
23;Jaén;23098 Villardompardo;Hombres;2020;488
23;Jaén;23098 Villardompardo;Hombres;2019;488
23;Jaén;23098 Villardompardo;Hombres;2018;490
23;Jaén;23098 Villardompardo;Hombres;2017;499
23;Jaén;23098 Villardompardo;Hombres;2016;508
23;Jaén;23098 Villardompardo;Hombres;2015;514
23;Jaén;23098 Villardompardo;Hombres;2014;522
23;Jaén;23098 Villardompardo;Hombres;2013;540
23;Jaén;23098 Villardompardo;Hombres;2012;554
23;Jaén;23098 Villardompardo;Hombres;2011;556
23;Jaén;23098 Villardompardo;Hombres;2010;563
23;Jaén;23098 Villardompardo;Hombres;2009;566
23;Jaén;23098 Villardompardo;Hombres;2008;576
23;Jaén;23098 Villardompardo;Hombres;2007;581
23;Jaén;23098 Villardompardo;Hombres;2006;585
23;Jaén;23098 Villardompardo;Hombres;2005;594
23;Jaén;23098 Villardompardo;Hombres;2004;593
23;Jaén;23098 Villardompardo;Hombres;2003;603
23;Jaén;23098 Villardompardo;Hombres;2002;615
23;Jaén;23098 Villardompardo;Hombres;2001;617
23;Jaén;23098 Villardompardo;Hombres;2000;620
23;Jaén;23098 Villardompardo;Hombres;1999;622
23;Jaén;23098 Villardompardo;Hombres;1998;616
23;Jaén;23098 Villardompardo;Hombres;1997;
23;Jaén;23098 Villardompardo;Hombres;1996;620
23;Jaén;23098 Villardompardo;Mujeres;2023;461
23;Jaén;23098 Villardompardo;Mujeres;2022;469
23;Jaén;23098 Villardompardo;Mujeres;2021;473
23;Jaén;23098 Villardompardo;Mujeres;2020;480
23;Jaén;23098 Villardompardo;Mujeres;2019;477
23;Jaén;23098 Villardompardo;Mujeres;2018;476
23;Jaén;23098 Villardompardo;Mujeres;2017;502
23;Jaén;23098 Villardompardo;Mujeres;2016;509
23;Jaén;23098 Villardompardo;Mujeres;2015;515
23;Jaén;23098 Villardompardo;Mujeres;2014;532
23;Jaén;23098 Villardompardo;Mujeres;2013;541
23;Jaén;23098 Villardompardo;Mujeres;2012;547
23;Jaén;23098 Villardompardo;Mujeres;2011;555
23;Jaén;23098 Villardompardo;Mujeres;2010;559
23;Jaén;23098 Villardompardo;Mujeres;2009;566
23;Jaén;23098 Villardompardo;Mujeres;2008;564
23;Jaén;23098 Villardompardo;Mujeres;2007;580
23;Jaén;23098 Villardompardo;Mujeres;2006;575
23;Jaén;23098 Villardompardo;Mujeres;2005;578
23;Jaén;23098 Villardompardo;Mujeres;2004;583
23;Jaén;23098 Villardompardo;Mujeres;2003;600
23;Jaén;23098 Villardompardo;Mujeres;2002;615
23;Jaén;23098 Villardompardo;Mujeres;2001;629
23;Jaén;23098 Villardompardo;Mujeres;2000;638
23;Jaén;23098 Villardompardo;Mujeres;1999;639
23;Jaén;23098 Villardompardo;Mujeres;1998;641
23;Jaén;23098 Villardompardo;Mujeres;1997;
23;Jaén;23098 Villardompardo;Mujeres;1996;659
23;Jaén;23099 Villares, Los;Total;2023;6079
23;Jaén;23099 Villares, Los;Total;2022;6120
23;Jaén;23099 Villares, Los;Total;2021;6106
23;Jaén;23099 Villares, Los;Total;2020;6020
23;Jaén;23099 Villares, Los;Total;2019;6014
23;Jaén;23099 Villares, Los;Total;2018;5980
23;Jaén;23099 Villares, Los;Total;2017;6007
23;Jaén;23099 Villares, Los;Total;2016;6019
23;Jaén;23099 Villares, Los;Total;2015;5999
23;Jaén;23099 Villares, Los;Total;2014;5936
23;Jaén;23099 Villares, Los;Total;2013;6013
23;Jaén;23099 Villares, Los;Total;2012;5974
23;Jaén;23099 Villares, Los;Total;2011;5871
23;Jaén;23099 Villares, Los;Total;2010;5819
23;Jaén;23099 Villares, Los;Total;2009;5783
23;Jaén;23099 Villares, Los;Total;2008;5661
23;Jaén;23099 Villares, Los;Total;2007;5431
23;Jaén;23099 Villares, Los;Total;2006;5329
23;Jaén;23099 Villares, Los;Total;2005;5289
23;Jaén;23099 Villares, Los;Total;2004;5207
23;Jaén;23099 Villares, Los;Total;2003;5164
23;Jaén;23099 Villares, Los;Total;2002;5007
23;Jaén;23099 Villares, Los;Total;2001;4772
23;Jaén;23099 Villares, Los;Total;2000;4851
23;Jaén;23099 Villares, Los;Total;1999;4878
23;Jaén;23099 Villares, Los;Total;1998;4860
23;Jaén;23099 Villares, Los;Total;1997;
23;Jaén;23099 Villares, Los;Total;1996;4968
23;Jaén;23099 Villares, Los;Hombres;2023;3059
23;Jaén;23099 Villares, Los;Hombres;2022;3074
23;Jaén;23099 Villares, Los;Hombres;2021;3067
23;Jaén;23099 Villares, Los;Hombres;2020;3014
23;Jaén;23099 Villares, Los;Hombres;2019;3004
23;Jaén;23099 Villares, Los;Hombres;2018;2991
23;Jaén;23099 Villares, Los;Hombres;2017;3001
23;Jaén;23099 Villares, Los;Hombres;2016;3009
23;Jaén;23099 Villares, Los;Hombres;2015;3000
23;Jaén;23099 Villares, Los;Hombres;2014;2985
23;Jaén;23099 Villares, Los;Hombres;2013;3025
23;Jaén;23099 Villares, Los;Hombres;2012;2979
23;Jaén;23099 Villares, Los;Hombres;2011;2904
23;Jaén;23099 Villares, Los;Hombres;2010;2888
23;Jaén;23099 Villares, Los;Hombres;2009;2876
23;Jaén;23099 Villares, Los;Hombres;2008;2824
23;Jaén;23099 Villares, Los;Hombres;2007;2708
23;Jaén;23099 Villares, Los;Hombres;2006;2654
23;Jaén;23099 Villares, Los;Hombres;2005;2638
23;Jaén;23099 Villares, Los;Hombres;2004;2596
23;Jaén;23099 Villares, Los;Hombres;2003;2583
23;Jaén;23099 Villares, Los;Hombres;2002;2505
23;Jaén;23099 Villares, Los;Hombres;2001;2389
23;Jaén;23099 Villares, Los;Hombres;2000;2424
23;Jaén;23099 Villares, Los;Hombres;1999;2448
23;Jaén;23099 Villares, Los;Hombres;1998;2434
23;Jaén;23099 Villares, Los;Hombres;1997;
23;Jaén;23099 Villares, Los;Hombres;1996;2462
23;Jaén;23099 Villares, Los;Mujeres;2023;3020
23;Jaén;23099 Villares, Los;Mujeres;2022;3046
23;Jaén;23099 Villares, Los;Mujeres;2021;3039
23;Jaén;23099 Villares, Los;Mujeres;2020;3006
23;Jaén;23099 Villares, Los;Mujeres;2019;3010
23;Jaén;23099 Villares, Los;Mujeres;2018;2989
23;Jaén;23099 Villares, Los;Mujeres;2017;3006
23;Jaén;23099 Villares, Los;Mujeres;2016;3010
23;Jaén;23099 Villares, Los;Mujeres;2015;2999
23;Jaén;23099 Villares, Los;Mujeres;2014;2951
23;Jaén;23099 Villares, Los;Mujeres;2013;2988
23;Jaén;23099 Villares, Los;Mujeres;2012;2995
23;Jaén;23099 Villares, Los;Mujeres;2011;2967
23;Jaén;23099 Villares, Los;Mujeres;2010;2931
23;Jaén;23099 Villares, Los;Mujeres;2009;2907
23;Jaén;23099 Villares, Los;Mujeres;2008;2837
23;Jaén;23099 Villares, Los;Mujeres;2007;2723
23;Jaén;23099 Villares, Los;Mujeres;2006;2675
23;Jaén;23099 Villares, Los;Mujeres;2005;2651
23;Jaén;23099 Villares, Los;Mujeres;2004;2611
23;Jaén;23099 Villares, Los;Mujeres;2003;2581
23;Jaén;23099 Villares, Los;Mujeres;2002;2502
23;Jaén;23099 Villares, Los;Mujeres;2001;2383
23;Jaén;23099 Villares, Los;Mujeres;2000;2427
23;Jaén;23099 Villares, Los;Mujeres;1999;2430
23;Jaén;23099 Villares, Los;Mujeres;1998;2426
23;Jaén;23099 Villares, Los;Mujeres;1997;
23;Jaén;23099 Villares, Los;Mujeres;1996;2506
23;Jaén;23101 Villarrodrigo;Total;2023;383
23;Jaén;23101 Villarrodrigo;Total;2022;375
23;Jaén;23101 Villarrodrigo;Total;2021;392
23;Jaén;23101 Villarrodrigo;Total;2020;391
23;Jaén;23101 Villarrodrigo;Total;2019;405
23;Jaén;23101 Villarrodrigo;Total;2018;416
23;Jaén;23101 Villarrodrigo;Total;2017;425
23;Jaén;23101 Villarrodrigo;Total;2016;441
23;Jaén;23101 Villarrodrigo;Total;2015;438
23;Jaén;23101 Villarrodrigo;Total;2014;458
23;Jaén;23101 Villarrodrigo;Total;2013;464
23;Jaén;23101 Villarrodrigo;Total;2012;462
23;Jaén;23101 Villarrodrigo;Total;2011;449
23;Jaén;23101 Villarrodrigo;Total;2010;450
23;Jaén;23101 Villarrodrigo;Total;2009;474
23;Jaén;23101 Villarrodrigo;Total;2008;496
23;Jaén;23101 Villarrodrigo;Total;2007;532
23;Jaén;23101 Villarrodrigo;Total;2006;477
23;Jaén;23101 Villarrodrigo;Total;2005;510
23;Jaén;23101 Villarrodrigo;Total;2004;535
23;Jaén;23101 Villarrodrigo;Total;2003;563
23;Jaén;23101 Villarrodrigo;Total;2002;581
23;Jaén;23101 Villarrodrigo;Total;2001;446
23;Jaén;23101 Villarrodrigo;Total;2000;565
23;Jaén;23101 Villarrodrigo;Total;1999;573
23;Jaén;23101 Villarrodrigo;Total;1998;588
23;Jaén;23101 Villarrodrigo;Total;1997;
23;Jaén;23101 Villarrodrigo;Total;1996;617
23;Jaén;23101 Villarrodrigo;Hombres;2023;208
23;Jaén;23101 Villarrodrigo;Hombres;2022;201
23;Jaén;23101 Villarrodrigo;Hombres;2021;206
23;Jaén;23101 Villarrodrigo;Hombres;2020;210
23;Jaén;23101 Villarrodrigo;Hombres;2019;215
23;Jaén;23101 Villarrodrigo;Hombres;2018;221
23;Jaén;23101 Villarrodrigo;Hombres;2017;220
23;Jaén;23101 Villarrodrigo;Hombres;2016;227
23;Jaén;23101 Villarrodrigo;Hombres;2015;225
23;Jaén;23101 Villarrodrigo;Hombres;2014;236
23;Jaén;23101 Villarrodrigo;Hombres;2013;243
23;Jaén;23101 Villarrodrigo;Hombres;2012;242
23;Jaén;23101 Villarrodrigo;Hombres;2011;231
23;Jaén;23101 Villarrodrigo;Hombres;2010;230
23;Jaén;23101 Villarrodrigo;Hombres;2009;243
23;Jaén;23101 Villarrodrigo;Hombres;2008;254
23;Jaén;23101 Villarrodrigo;Hombres;2007;270
23;Jaén;23101 Villarrodrigo;Hombres;2006;237
23;Jaén;23101 Villarrodrigo;Hombres;2005;254
23;Jaén;23101 Villarrodrigo;Hombres;2004;265
23;Jaén;23101 Villarrodrigo;Hombres;2003;282
23;Jaén;23101 Villarrodrigo;Hombres;2002;295
23;Jaén;23101 Villarrodrigo;Hombres;2001;221
23;Jaén;23101 Villarrodrigo;Hombres;2000;279
23;Jaén;23101 Villarrodrigo;Hombres;1999;283
23;Jaén;23101 Villarrodrigo;Hombres;1998;290
23;Jaén;23101 Villarrodrigo;Hombres;1997;
23;Jaén;23101 Villarrodrigo;Hombres;1996;304
23;Jaén;23101 Villarrodrigo;Mujeres;2023;175
23;Jaén;23101 Villarrodrigo;Mujeres;2022;174
23;Jaén;23101 Villarrodrigo;Mujeres;2021;186
23;Jaén;23101 Villarrodrigo;Mujeres;2020;181
23;Jaén;23101 Villarrodrigo;Mujeres;2019;190
23;Jaén;23101 Villarrodrigo;Mujeres;2018;195
23;Jaén;23101 Villarrodrigo;Mujeres;2017;205
23;Jaén;23101 Villarrodrigo;Mujeres;2016;214
23;Jaén;23101 Villarrodrigo;Mujeres;2015;213
23;Jaén;23101 Villarrodrigo;Mujeres;2014;222
23;Jaén;23101 Villarrodrigo;Mujeres;2013;221
23;Jaén;23101 Villarrodrigo;Mujeres;2012;220
23;Jaén;23101 Villarrodrigo;Mujeres;2011;218
23;Jaén;23101 Villarrodrigo;Mujeres;2010;220
23;Jaén;23101 Villarrodrigo;Mujeres;2009;231
23;Jaén;23101 Villarrodrigo;Mujeres;2008;242
23;Jaén;23101 Villarrodrigo;Mujeres;2007;262
23;Jaén;23101 Villarrodrigo;Mujeres;2006;240
23;Jaén;23101 Villarrodrigo;Mujeres;2005;256
23;Jaén;23101 Villarrodrigo;Mujeres;2004;270
23;Jaén;23101 Villarrodrigo;Mujeres;2003;281
23;Jaén;23101 Villarrodrigo;Mujeres;2002;286
23;Jaén;23101 Villarrodrigo;Mujeres;2001;225
23;Jaén;23101 Villarrodrigo;Mujeres;2000;286
23;Jaén;23101 Villarrodrigo;Mujeres;1999;290
23;Jaén;23101 Villarrodrigo;Mujeres;1998;298
23;Jaén;23101 Villarrodrigo;Mujeres;1997;
23;Jaén;23101 Villarrodrigo;Mujeres;1996;313
23;Jaén;23903 Villatorres;Total;2023;4261
23;Jaén;23903 Villatorres;Total;2022;4293
23;Jaén;23903 Villatorres;Total;2021;4311
23;Jaén;23903 Villatorres;Total;2020;4298
23;Jaén;23903 Villatorres;Total;2019;4316
23;Jaén;23903 Villatorres;Total;2018;4357
23;Jaén;23903 Villatorres;Total;2017;4389
23;Jaén;23903 Villatorres;Total;2016;4377
23;Jaén;23903 Villatorres;Total;2015;4412
23;Jaén;23903 Villatorres;Total;2014;4443
23;Jaén;23903 Villatorres;Total;2013;4472
23;Jaén;23903 Villatorres;Total;2012;4467
23;Jaén;23903 Villatorres;Total;2011;4431
23;Jaén;23903 Villatorres;Total;2010;4438
23;Jaén;23903 Villatorres;Total;2009;4445
23;Jaén;23903 Villatorres;Total;2008;4464
23;Jaén;23903 Villatorres;Total;2007;4392
23;Jaén;23903 Villatorres;Total;2006;4351
23;Jaén;23903 Villatorres;Total;2005;4324
23;Jaén;23903 Villatorres;Total;2004;4339
23;Jaén;23903 Villatorres;Total;2003;4333
23;Jaén;23903 Villatorres;Total;2002;4322
23;Jaén;23903 Villatorres;Total;2001;4336
23;Jaén;23903 Villatorres;Total;2000;4197
23;Jaén;23903 Villatorres;Total;1999;4539
23;Jaén;23903 Villatorres;Total;1998;4060
23;Jaén;23903 Villatorres;Total;1997;
23;Jaén;23903 Villatorres;Total;1996;4079
23;Jaén;23903 Villatorres;Hombres;2023;2179
23;Jaén;23903 Villatorres;Hombres;2022;2194
23;Jaén;23903 Villatorres;Hombres;2021;2190
23;Jaén;23903 Villatorres;Hombres;2020;2175
23;Jaén;23903 Villatorres;Hombres;2019;2184
23;Jaén;23903 Villatorres;Hombres;2018;2215
23;Jaén;23903 Villatorres;Hombres;2017;2221
23;Jaén;23903 Villatorres;Hombres;2016;2216
23;Jaén;23903 Villatorres;Hombres;2015;2240
23;Jaén;23903 Villatorres;Hombres;2014;2260
23;Jaén;23903 Villatorres;Hombres;2013;2273
23;Jaén;23903 Villatorres;Hombres;2012;2275
23;Jaén;23903 Villatorres;Hombres;2011;2256
23;Jaén;23903 Villatorres;Hombres;2010;2255
23;Jaén;23903 Villatorres;Hombres;2009;2255
23;Jaén;23903 Villatorres;Hombres;2008;2312
23;Jaén;23903 Villatorres;Hombres;2007;2275
23;Jaén;23903 Villatorres;Hombres;2006;2262
23;Jaén;23903 Villatorres;Hombres;2005;2240
23;Jaén;23903 Villatorres;Hombres;2004;2251
23;Jaén;23903 Villatorres;Hombres;2003;2243
23;Jaén;23903 Villatorres;Hombres;2002;2216
23;Jaén;23903 Villatorres;Hombres;2001;2205
23;Jaén;23903 Villatorres;Hombres;2000;2123
23;Jaén;23903 Villatorres;Hombres;1999;2295
23;Jaén;23903 Villatorres;Hombres;1998;2018
23;Jaén;23903 Villatorres;Hombres;1997;
23;Jaén;23903 Villatorres;Hombres;1996;2027
23;Jaén;23903 Villatorres;Mujeres;2023;2082
23;Jaén;23903 Villatorres;Mujeres;2022;2099
23;Jaén;23903 Villatorres;Mujeres;2021;2121
23;Jaén;23903 Villatorres;Mujeres;2020;2123
23;Jaén;23903 Villatorres;Mujeres;2019;2132
23;Jaén;23903 Villatorres;Mujeres;2018;2142
23;Jaén;23903 Villatorres;Mujeres;2017;2168
23;Jaén;23903 Villatorres;Mujeres;2016;2161
23;Jaén;23903 Villatorres;Mujeres;2015;2172
23;Jaén;23903 Villatorres;Mujeres;2014;2183
23;Jaén;23903 Villatorres;Mujeres;2013;2199
23;Jaén;23903 Villatorres;Mujeres;2012;2192
23;Jaén;23903 Villatorres;Mujeres;2011;2175
23;Jaén;23903 Villatorres;Mujeres;2010;2183
23;Jaén;23903 Villatorres;Mujeres;2009;2190
23;Jaén;23903 Villatorres;Mujeres;2008;2152
23;Jaén;23903 Villatorres;Mujeres;2007;2117
23;Jaén;23903 Villatorres;Mujeres;2006;2089
23;Jaén;23903 Villatorres;Mujeres;2005;2084
23;Jaén;23903 Villatorres;Mujeres;2004;2088
23;Jaén;23903 Villatorres;Mujeres;2003;2090
23;Jaén;23903 Villatorres;Mujeres;2002;2106
23;Jaén;23903 Villatorres;Mujeres;2001;2131
23;Jaén;23903 Villatorres;Mujeres;2000;2074
23;Jaén;23903 Villatorres;Mujeres;1999;2244
23;Jaén;23903 Villatorres;Mujeres;1998;2042
23;Jaén;23903 Villatorres;Mujeres;1997;
23;Jaén;23903 Villatorres;Mujeres;1996;2052
