codigo_provincia;nombre_provincia;Municipios;Sexo;Periodo;Total
35;Palmas, Las;35001 Agaete;Total;2023;5568
35;Palmas, Las;35001 Agaete;Total;2022;5633
35;Palmas, Las;35001 Agaete;Total;2021;5695
35;Palmas, Las;35001 Agaete;Total;2020;5599
35;Palmas, Las;35001 Agaete;Total;2019;5586
35;Palmas, Las;35001 Agaete;Total;2018;5573
35;Palmas, Las;35001 Agaete;Total;2017;5526
35;Palmas, Las;35001 Agaete;Total;2016;5558
35;Palmas, Las;35001 Agaete;Total;2015;5618
35;Palmas, Las;35001 Agaete;Total;2014;5656
35;Palmas, Las;35001 Agaete;Total;2013;5796
35;Palmas, Las;35001 Agaete;Total;2012;5767
35;Palmas, Las;35001 Agaete;Total;2011;5776
35;Palmas, Las;35001 Agaete;Total;2010;5748
35;Palmas, Las;35001 Agaete;Total;2009;5782
35;Palmas, Las;35001 Agaete;Total;2008;5765
35;Palmas, Las;35001 Agaete;Total;2007;5710
35;Palmas, Las;35001 Agaete;Total;2006;5638
35;Palmas, Las;35001 Agaete;Total;2005;5606
35;Palmas, Las;35001 Agaete;Total;2004;5511
35;Palmas, Las;35001 Agaete;Total;2003;5635
35;Palmas, Las;35001 Agaete;Total;2002;5649
35;Palmas, Las;35001 Agaete;Total;2001;5613
35;Palmas, Las;35001 Agaete;Total;2000;5665
35;Palmas, Las;35001 Agaete;Total;1999;5789
35;Palmas, Las;35001 Agaete;Total;1998;5712
35;Palmas, Las;35001 Agaete;Total;1997;
35;Palmas, Las;35001 Agaete;Total;1996;6028
35;Palmas, Las;35001 Agaete;Hombres;2023;2802
35;Palmas, Las;35001 Agaete;Hombres;2022;2841
35;Palmas, Las;35001 Agaete;Hombres;2021;2856
35;Palmas, Las;35001 Agaete;Hombres;2020;2800
35;Palmas, Las;35001 Agaete;Hombres;2019;2792
35;Palmas, Las;35001 Agaete;Hombres;2018;2783
35;Palmas, Las;35001 Agaete;Hombres;2017;2757
35;Palmas, Las;35001 Agaete;Hombres;2016;2766
35;Palmas, Las;35001 Agaete;Hombres;2015;2813
35;Palmas, Las;35001 Agaete;Hombres;2014;2832
35;Palmas, Las;35001 Agaete;Hombres;2013;2908
35;Palmas, Las;35001 Agaete;Hombres;2012;2906
35;Palmas, Las;35001 Agaete;Hombres;2011;2917
35;Palmas, Las;35001 Agaete;Hombres;2010;2893
35;Palmas, Las;35001 Agaete;Hombres;2009;2903
35;Palmas, Las;35001 Agaete;Hombres;2008;2930
35;Palmas, Las;35001 Agaete;Hombres;2007;2899
35;Palmas, Las;35001 Agaete;Hombres;2006;2878
35;Palmas, Las;35001 Agaete;Hombres;2005;2858
35;Palmas, Las;35001 Agaete;Hombres;2004;2816
35;Palmas, Las;35001 Agaete;Hombres;2003;2879
35;Palmas, Las;35001 Agaete;Hombres;2002;2889
35;Palmas, Las;35001 Agaete;Hombres;2001;2853
35;Palmas, Las;35001 Agaete;Hombres;2000;2882
35;Palmas, Las;35001 Agaete;Hombres;1999;2963
35;Palmas, Las;35001 Agaete;Hombres;1998;2916
35;Palmas, Las;35001 Agaete;Hombres;1997;
35;Palmas, Las;35001 Agaete;Hombres;1996;3052
35;Palmas, Las;35001 Agaete;Mujeres;2023;2766
35;Palmas, Las;35001 Agaete;Mujeres;2022;2792
35;Palmas, Las;35001 Agaete;Mujeres;2021;2839
35;Palmas, Las;35001 Agaete;Mujeres;2020;2799
35;Palmas, Las;35001 Agaete;Mujeres;2019;2794
35;Palmas, Las;35001 Agaete;Mujeres;2018;2790
35;Palmas, Las;35001 Agaete;Mujeres;2017;2769
35;Palmas, Las;35001 Agaete;Mujeres;2016;2792
35;Palmas, Las;35001 Agaete;Mujeres;2015;2805
35;Palmas, Las;35001 Agaete;Mujeres;2014;2824
35;Palmas, Las;35001 Agaete;Mujeres;2013;2888
35;Palmas, Las;35001 Agaete;Mujeres;2012;2861
35;Palmas, Las;35001 Agaete;Mujeres;2011;2859
35;Palmas, Las;35001 Agaete;Mujeres;2010;2855
35;Palmas, Las;35001 Agaete;Mujeres;2009;2879
35;Palmas, Las;35001 Agaete;Mujeres;2008;2835
35;Palmas, Las;35001 Agaete;Mujeres;2007;2811
35;Palmas, Las;35001 Agaete;Mujeres;2006;2760
35;Palmas, Las;35001 Agaete;Mujeres;2005;2748
35;Palmas, Las;35001 Agaete;Mujeres;2004;2695
35;Palmas, Las;35001 Agaete;Mujeres;2003;2756
35;Palmas, Las;35001 Agaete;Mujeres;2002;2760
35;Palmas, Las;35001 Agaete;Mujeres;2001;2760
35;Palmas, Las;35001 Agaete;Mujeres;2000;2783
35;Palmas, Las;35001 Agaete;Mujeres;1999;2826
35;Palmas, Las;35001 Agaete;Mujeres;1998;2796
35;Palmas, Las;35001 Agaete;Mujeres;1997;
35;Palmas, Las;35001 Agaete;Mujeres;1996;2976
35;Palmas, Las;35002 Agüimes;Total;2023;32643
35;Palmas, Las;35002 Agüimes;Total;2022;32067
35;Palmas, Las;35002 Agüimes;Total;2021;32105
35;Palmas, Las;35002 Agüimes;Total;2020;31914
35;Palmas, Las;35002 Agüimes;Total;2019;31619
35;Palmas, Las;35002 Agüimes;Total;2018;31152
35;Palmas, Las;35002 Agüimes;Total;2017;30882
35;Palmas, Las;35002 Agüimes;Total;2016;30742
35;Palmas, Las;35002 Agüimes;Total;2015;30294
35;Palmas, Las;35002 Agüimes;Total;2014;30244
35;Palmas, Las;35002 Agüimes;Total;2013;30214
35;Palmas, Las;35002 Agüimes;Total;2012;29912
35;Palmas, Las;35002 Agüimes;Total;2011;29767
35;Palmas, Las;35002 Agüimes;Total;2010;29431
35;Palmas, Las;35002 Agüimes;Total;2009;28924
35;Palmas, Las;35002 Agüimes;Total;2008;28224
35;Palmas, Las;35002 Agüimes;Total;2007;27310
35;Palmas, Las;35002 Agüimes;Total;2006;26593
35;Palmas, Las;35002 Agüimes;Total;2005;25541
35;Palmas, Las;35002 Agüimes;Total;2004;24460
35;Palmas, Las;35002 Agüimes;Total;2003;23572
35;Palmas, Las;35002 Agüimes;Total;2002;22567
35;Palmas, Las;35002 Agüimes;Total;2001;21512
35;Palmas, Las;35002 Agüimes;Total;2000;20692
35;Palmas, Las;35002 Agüimes;Total;1999;19933
35;Palmas, Las;35002 Agüimes;Total;1998;19305
35;Palmas, Las;35002 Agüimes;Total;1997;
35;Palmas, Las;35002 Agüimes;Total;1996;18284
35;Palmas, Las;35002 Agüimes;Hombres;2023;16422
35;Palmas, Las;35002 Agüimes;Hombres;2022;16164
35;Palmas, Las;35002 Agüimes;Hombres;2021;16197
35;Palmas, Las;35002 Agüimes;Hombres;2020;16120
35;Palmas, Las;35002 Agüimes;Hombres;2019;15984
35;Palmas, Las;35002 Agüimes;Hombres;2018;15777
35;Palmas, Las;35002 Agüimes;Hombres;2017;15668
35;Palmas, Las;35002 Agüimes;Hombres;2016;15574
35;Palmas, Las;35002 Agüimes;Hombres;2015;15351
35;Palmas, Las;35002 Agüimes;Hombres;2014;15300
35;Palmas, Las;35002 Agüimes;Hombres;2013;15278
35;Palmas, Las;35002 Agüimes;Hombres;2012;15175
35;Palmas, Las;35002 Agüimes;Hombres;2011;15129
35;Palmas, Las;35002 Agüimes;Hombres;2010;15027
35;Palmas, Las;35002 Agüimes;Hombres;2009;14814
35;Palmas, Las;35002 Agüimes;Hombres;2008;14443
35;Palmas, Las;35002 Agüimes;Hombres;2007;13969
35;Palmas, Las;35002 Agüimes;Hombres;2006;13672
35;Palmas, Las;35002 Agüimes;Hombres;2005;13165
35;Palmas, Las;35002 Agüimes;Hombres;2004;12621
35;Palmas, Las;35002 Agüimes;Hombres;2003;12178
35;Palmas, Las;35002 Agüimes;Hombres;2002;11645
35;Palmas, Las;35002 Agüimes;Hombres;2001;11050
35;Palmas, Las;35002 Agüimes;Hombres;2000;10558
35;Palmas, Las;35002 Agüimes;Hombres;1999;10160
35;Palmas, Las;35002 Agüimes;Hombres;1998;9802
35;Palmas, Las;35002 Agüimes;Hombres;1997;
35;Palmas, Las;35002 Agüimes;Hombres;1996;9290
35;Palmas, Las;35002 Agüimes;Mujeres;2023;16221
35;Palmas, Las;35002 Agüimes;Mujeres;2022;15903
35;Palmas, Las;35002 Agüimes;Mujeres;2021;15908
35;Palmas, Las;35002 Agüimes;Mujeres;2020;15794
35;Palmas, Las;35002 Agüimes;Mujeres;2019;15635
35;Palmas, Las;35002 Agüimes;Mujeres;2018;15375
35;Palmas, Las;35002 Agüimes;Mujeres;2017;15214
35;Palmas, Las;35002 Agüimes;Mujeres;2016;15168
35;Palmas, Las;35002 Agüimes;Mujeres;2015;14943
35;Palmas, Las;35002 Agüimes;Mujeres;2014;14944
35;Palmas, Las;35002 Agüimes;Mujeres;2013;14936
35;Palmas, Las;35002 Agüimes;Mujeres;2012;14737
35;Palmas, Las;35002 Agüimes;Mujeres;2011;14638
35;Palmas, Las;35002 Agüimes;Mujeres;2010;14404
35;Palmas, Las;35002 Agüimes;Mujeres;2009;14110
35;Palmas, Las;35002 Agüimes;Mujeres;2008;13781
35;Palmas, Las;35002 Agüimes;Mujeres;2007;13341
35;Palmas, Las;35002 Agüimes;Mujeres;2006;12921
35;Palmas, Las;35002 Agüimes;Mujeres;2005;12376
35;Palmas, Las;35002 Agüimes;Mujeres;2004;11839
35;Palmas, Las;35002 Agüimes;Mujeres;2003;11394
35;Palmas, Las;35002 Agüimes;Mujeres;2002;10922
35;Palmas, Las;35002 Agüimes;Mujeres;2001;10462
35;Palmas, Las;35002 Agüimes;Mujeres;2000;10134
35;Palmas, Las;35002 Agüimes;Mujeres;1999;9773
35;Palmas, Las;35002 Agüimes;Mujeres;1998;9503
35;Palmas, Las;35002 Agüimes;Mujeres;1997;
35;Palmas, Las;35002 Agüimes;Mujeres;1996;8994
35;Palmas, Las;35020 Aldea de San Nicolás, La;Total;2023;7506
35;Palmas, Las;35020 Aldea de San Nicolás, La;Total;2022;7536
35;Palmas, Las;35020 Aldea de San Nicolás, La;Total;2021;7516
35;Palmas, Las;35020 Aldea de San Nicolás, La;Total;2020;7508
35;Palmas, Las;35020 Aldea de San Nicolás, La;Total;2019;7504
35;Palmas, Las;35020 Aldea de San Nicolás, La;Total;2018;7608
35;Palmas, Las;35020 Aldea de San Nicolás, La;Total;2017;7613
35;Palmas, Las;35020 Aldea de San Nicolás, La;Total;2016;7741
35;Palmas, Las;35020 Aldea de San Nicolás, La;Total;2015;7969
35;Palmas, Las;35020 Aldea de San Nicolás, La;Total;2014;8225
35;Palmas, Las;35020 Aldea de San Nicolás, La;Total;2013;8228
35;Palmas, Las;35020 Aldea de San Nicolás, La;Total;2012;8633
35;Palmas, Las;35020 Aldea de San Nicolás, La;Total;2011;8626
35;Palmas, Las;35020 Aldea de San Nicolás, La;Total;2010;8623
35;Palmas, Las;35020 Aldea de San Nicolás, La;Total;2009;8539
35;Palmas, Las;35020 Aldea de San Nicolás, La;Total;2008;8403
35;Palmas, Las;35020 Aldea de San Nicolás, La;Total;2007;8431
35;Palmas, Las;35020 Aldea de San Nicolás, La;Total;2006;8409
35;Palmas, Las;35020 Aldea de San Nicolás, La;Total;2005;8299
35;Palmas, Las;35020 Aldea de San Nicolás, La;Total;2004;7988
35;Palmas, Las;35020 Aldea de San Nicolás, La;Total;2003;8089
35;Palmas, Las;35020 Aldea de San Nicolás, La;Total;2002;8063
35;Palmas, Las;35020 Aldea de San Nicolás, La;Total;2001;8055
35;Palmas, Las;35020 Aldea de San Nicolás, La;Total;2000;8070
35;Palmas, Las;35020 Aldea de San Nicolás, La;Total;1999;8073
35;Palmas, Las;35020 Aldea de San Nicolás, La;Total;1998;8091
35;Palmas, Las;35020 Aldea de San Nicolás, La;Total;1997;
35;Palmas, Las;35020 Aldea de San Nicolás, La;Total;1996;8082
35;Palmas, Las;35020 Aldea de San Nicolás, La;Hombres;2023;3893
35;Palmas, Las;35020 Aldea de San Nicolás, La;Hombres;2022;3895
35;Palmas, Las;35020 Aldea de San Nicolás, La;Hombres;2021;3867
35;Palmas, Las;35020 Aldea de San Nicolás, La;Hombres;2020;3839
35;Palmas, Las;35020 Aldea de San Nicolás, La;Hombres;2019;3846
35;Palmas, Las;35020 Aldea de San Nicolás, La;Hombres;2018;3882
35;Palmas, Las;35020 Aldea de San Nicolás, La;Hombres;2017;3894
35;Palmas, Las;35020 Aldea de San Nicolás, La;Hombres;2016;3946
35;Palmas, Las;35020 Aldea de San Nicolás, La;Hombres;2015;4036
35;Palmas, Las;35020 Aldea de San Nicolás, La;Hombres;2014;4160
35;Palmas, Las;35020 Aldea de San Nicolás, La;Hombres;2013;4159
35;Palmas, Las;35020 Aldea de San Nicolás, La;Hombres;2012;4378
35;Palmas, Las;35020 Aldea de San Nicolás, La;Hombres;2011;4376
35;Palmas, Las;35020 Aldea de San Nicolás, La;Hombres;2010;4365
35;Palmas, Las;35020 Aldea de San Nicolás, La;Hombres;2009;4299
35;Palmas, Las;35020 Aldea de San Nicolás, La;Hombres;2008;4241
35;Palmas, Las;35020 Aldea de San Nicolás, La;Hombres;2007;4301
35;Palmas, Las;35020 Aldea de San Nicolás, La;Hombres;2006;4345
35;Palmas, Las;35020 Aldea de San Nicolás, La;Hombres;2005;4260
35;Palmas, Las;35020 Aldea de San Nicolás, La;Hombres;2004;4036
35;Palmas, Las;35020 Aldea de San Nicolás, La;Hombres;2003;4091
35;Palmas, Las;35020 Aldea de San Nicolás, La;Hombres;2002;4073
35;Palmas, Las;35020 Aldea de San Nicolás, La;Hombres;2001;4061
35;Palmas, Las;35020 Aldea de San Nicolás, La;Hombres;2000;4084
35;Palmas, Las;35020 Aldea de San Nicolás, La;Hombres;1999;4081
35;Palmas, Las;35020 Aldea de San Nicolás, La;Hombres;1998;4074
35;Palmas, Las;35020 Aldea de San Nicolás, La;Hombres;1997;
35;Palmas, Las;35020 Aldea de San Nicolás, La;Hombres;1996;4056
35;Palmas, Las;35020 Aldea de San Nicolás, La;Mujeres;2023;3613
35;Palmas, Las;35020 Aldea de San Nicolás, La;Mujeres;2022;3641
35;Palmas, Las;35020 Aldea de San Nicolás, La;Mujeres;2021;3649
35;Palmas, Las;35020 Aldea de San Nicolás, La;Mujeres;2020;3669
35;Palmas, Las;35020 Aldea de San Nicolás, La;Mujeres;2019;3658
35;Palmas, Las;35020 Aldea de San Nicolás, La;Mujeres;2018;3726
35;Palmas, Las;35020 Aldea de San Nicolás, La;Mujeres;2017;3719
35;Palmas, Las;35020 Aldea de San Nicolás, La;Mujeres;2016;3795
35;Palmas, Las;35020 Aldea de San Nicolás, La;Mujeres;2015;3933
35;Palmas, Las;35020 Aldea de San Nicolás, La;Mujeres;2014;4065
35;Palmas, Las;35020 Aldea de San Nicolás, La;Mujeres;2013;4069
35;Palmas, Las;35020 Aldea de San Nicolás, La;Mujeres;2012;4255
35;Palmas, Las;35020 Aldea de San Nicolás, La;Mujeres;2011;4250
35;Palmas, Las;35020 Aldea de San Nicolás, La;Mujeres;2010;4258
35;Palmas, Las;35020 Aldea de San Nicolás, La;Mujeres;2009;4240
35;Palmas, Las;35020 Aldea de San Nicolás, La;Mujeres;2008;4162
35;Palmas, Las;35020 Aldea de San Nicolás, La;Mujeres;2007;4130
35;Palmas, Las;35020 Aldea de San Nicolás, La;Mujeres;2006;4064
35;Palmas, Las;35020 Aldea de San Nicolás, La;Mujeres;2005;4039
35;Palmas, Las;35020 Aldea de San Nicolás, La;Mujeres;2004;3952
35;Palmas, Las;35020 Aldea de San Nicolás, La;Mujeres;2003;3998
35;Palmas, Las;35020 Aldea de San Nicolás, La;Mujeres;2002;3990
35;Palmas, Las;35020 Aldea de San Nicolás, La;Mujeres;2001;3994
35;Palmas, Las;35020 Aldea de San Nicolás, La;Mujeres;2000;3986
35;Palmas, Las;35020 Aldea de San Nicolás, La;Mujeres;1999;3992
35;Palmas, Las;35020 Aldea de San Nicolás, La;Mujeres;1998;4017
35;Palmas, Las;35020 Aldea de San Nicolás, La;Mujeres;1997;
35;Palmas, Las;35020 Aldea de San Nicolás, La;Mujeres;1996;4026
35;Palmas, Las;35003 Antigua;Total;2023;13523
35;Palmas, Las;35003 Antigua;Total;2022;12940
35;Palmas, Las;35003 Antigua;Total;2021;12783
35;Palmas, Las;35003 Antigua;Total;2020;12972
35;Palmas, Las;35003 Antigua;Total;2019;12461
35;Palmas, Las;35003 Antigua;Total;2018;11948
35;Palmas, Las;35003 Antigua;Total;2017;11405
35;Palmas, Las;35003 Antigua;Total;2016;10834
35;Palmas, Las;35003 Antigua;Total;2015;11024
35;Palmas, Las;35003 Antigua;Total;2014;11643
35;Palmas, Las;35003 Antigua;Total;2013;11629
35;Palmas, Las;35003 Antigua;Total;2012;11172
35;Palmas, Las;35003 Antigua;Total;2011;10600
35;Palmas, Las;35003 Antigua;Total;2010;10458
35;Palmas, Las;35003 Antigua;Total;2009;10371
35;Palmas, Las;35003 Antigua;Total;2008;9715
35;Palmas, Las;35003 Antigua;Total;2007;9204
35;Palmas, Las;35003 Antigua;Total;2006;8206
35;Palmas, Las;35003 Antigua;Total;2005;7578
35;Palmas, Las;35003 Antigua;Total;2004;6853
35;Palmas, Las;35003 Antigua;Total;2003;6587
35;Palmas, Las;35003 Antigua;Total;2002;6543
35;Palmas, Las;35003 Antigua;Total;2001;5722
35;Palmas, Las;35003 Antigua;Total;2000;4821
35;Palmas, Las;35003 Antigua;Total;1999;4240
35;Palmas, Las;35003 Antigua;Total;1998;3617
35;Palmas, Las;35003 Antigua;Total;1997;
35;Palmas, Las;35003 Antigua;Total;1996;3004
35;Palmas, Las;35003 Antigua;Hombres;2023;7094
35;Palmas, Las;35003 Antigua;Hombres;2022;6801
35;Palmas, Las;35003 Antigua;Hombres;2021;6716
35;Palmas, Las;35003 Antigua;Hombres;2020;6845
35;Palmas, Las;35003 Antigua;Hombres;2019;6601
35;Palmas, Las;35003 Antigua;Hombres;2018;6370
35;Palmas, Las;35003 Antigua;Hombres;2017;6096
35;Palmas, Las;35003 Antigua;Hombres;2016;5795
35;Palmas, Las;35003 Antigua;Hombres;2015;5875
35;Palmas, Las;35003 Antigua;Hombres;2014;6238
35;Palmas, Las;35003 Antigua;Hombres;2013;6250
35;Palmas, Las;35003 Antigua;Hombres;2012;6030
35;Palmas, Las;35003 Antigua;Hombres;2011;5754
35;Palmas, Las;35003 Antigua;Hombres;2010;5690
35;Palmas, Las;35003 Antigua;Hombres;2009;5639
35;Palmas, Las;35003 Antigua;Hombres;2008;5302
35;Palmas, Las;35003 Antigua;Hombres;2007;5074
35;Palmas, Las;35003 Antigua;Hombres;2006;4538
35;Palmas, Las;35003 Antigua;Hombres;2005;4257
35;Palmas, Las;35003 Antigua;Hombres;2004;3883
35;Palmas, Las;35003 Antigua;Hombres;2003;3740
35;Palmas, Las;35003 Antigua;Hombres;2002;3711
35;Palmas, Las;35003 Antigua;Hombres;2001;3226
35;Palmas, Las;35003 Antigua;Hombres;2000;2670
35;Palmas, Las;35003 Antigua;Hombres;1999;2337
35;Palmas, Las;35003 Antigua;Hombres;1998;1942
35;Palmas, Las;35003 Antigua;Hombres;1997;
35;Palmas, Las;35003 Antigua;Hombres;1996;1577
35;Palmas, Las;35003 Antigua;Mujeres;2023;6429
35;Palmas, Las;35003 Antigua;Mujeres;2022;6139
35;Palmas, Las;35003 Antigua;Mujeres;2021;6067
35;Palmas, Las;35003 Antigua;Mujeres;2020;6127
35;Palmas, Las;35003 Antigua;Mujeres;2019;5860
35;Palmas, Las;35003 Antigua;Mujeres;2018;5578
35;Palmas, Las;35003 Antigua;Mujeres;2017;5309
35;Palmas, Las;35003 Antigua;Mujeres;2016;5039
35;Palmas, Las;35003 Antigua;Mujeres;2015;5149
35;Palmas, Las;35003 Antigua;Mujeres;2014;5405
35;Palmas, Las;35003 Antigua;Mujeres;2013;5379
35;Palmas, Las;35003 Antigua;Mujeres;2012;5142
35;Palmas, Las;35003 Antigua;Mujeres;2011;4846
35;Palmas, Las;35003 Antigua;Mujeres;2010;4768
35;Palmas, Las;35003 Antigua;Mujeres;2009;4732
35;Palmas, Las;35003 Antigua;Mujeres;2008;4413
35;Palmas, Las;35003 Antigua;Mujeres;2007;4130
35;Palmas, Las;35003 Antigua;Mujeres;2006;3668
35;Palmas, Las;35003 Antigua;Mujeres;2005;3321
35;Palmas, Las;35003 Antigua;Mujeres;2004;2970
35;Palmas, Las;35003 Antigua;Mujeres;2003;2847
35;Palmas, Las;35003 Antigua;Mujeres;2002;2832
35;Palmas, Las;35003 Antigua;Mujeres;2001;2496
35;Palmas, Las;35003 Antigua;Mujeres;2000;2151
35;Palmas, Las;35003 Antigua;Mujeres;1999;1903
35;Palmas, Las;35003 Antigua;Mujeres;1998;1675
35;Palmas, Las;35003 Antigua;Mujeres;1997;
35;Palmas, Las;35003 Antigua;Mujeres;1996;1427
35;Palmas, Las;35004 Arrecife;Total;2023;64826
35;Palmas, Las;35004 Arrecife;Total;2022;63750
35;Palmas, Las;35004 Arrecife;Total;2021;64497
35;Palmas, Las;35004 Arrecife;Total;2020;64645
35;Palmas, Las;35004 Arrecife;Total;2019;62988
35;Palmas, Las;35004 Arrecife;Total;2018;61351
35;Palmas, Las;35004 Arrecife;Total;2017;59771
35;Palmas, Las;35004 Arrecife;Total;2016;58537
35;Palmas, Las;35004 Arrecife;Total;2015;56940
35;Palmas, Las;35004 Arrecife;Total;2014;56880
35;Palmas, Las;35004 Arrecife;Total;2013;55673
35;Palmas, Las;35004 Arrecife;Total;2012;56284
35;Palmas, Las;35004 Arrecife;Total;2011;57357
35;Palmas, Las;35004 Arrecife;Total;2010;58156
35;Palmas, Las;35004 Arrecife;Total;2009;59127
35;Palmas, Las;35004 Arrecife;Total;2008;59040
35;Palmas, Las;35004 Arrecife;Total;2007;56834
35;Palmas, Las;35004 Arrecife;Total;2006;55203
35;Palmas, Las;35004 Arrecife;Total;2005;53920
35;Palmas, Las;35004 Arrecife;Total;2004;51633
35;Palmas, Las;35004 Arrecife;Total;2003;50785
35;Palmas, Las;35004 Arrecife;Total;2002;48253
35;Palmas, Las;35004 Arrecife;Total;2001;45549
35;Palmas, Las;35004 Arrecife;Total;2000;43711
35;Palmas, Las;35004 Arrecife;Total;1999;42231
35;Palmas, Las;35004 Arrecife;Total;1998;40770
35;Palmas, Las;35004 Arrecife;Total;1997;
35;Palmas, Las;35004 Arrecife;Total;1996;38091
35;Palmas, Las;35004 Arrecife;Hombres;2023;32459
35;Palmas, Las;35004 Arrecife;Hombres;2022;31987
35;Palmas, Las;35004 Arrecife;Hombres;2021;32389
35;Palmas, Las;35004 Arrecife;Hombres;2020;32443
35;Palmas, Las;35004 Arrecife;Hombres;2019;31512
35;Palmas, Las;35004 Arrecife;Hombres;2018;30724
35;Palmas, Las;35004 Arrecife;Hombres;2017;29961
35;Palmas, Las;35004 Arrecife;Hombres;2016;29291
35;Palmas, Las;35004 Arrecife;Hombres;2015;28539
35;Palmas, Las;35004 Arrecife;Hombres;2014;28611
35;Palmas, Las;35004 Arrecife;Hombres;2013;28078
35;Palmas, Las;35004 Arrecife;Hombres;2012;28463
35;Palmas, Las;35004 Arrecife;Hombres;2011;29236
35;Palmas, Las;35004 Arrecife;Hombres;2010;29690
35;Palmas, Las;35004 Arrecife;Hombres;2009;30443
35;Palmas, Las;35004 Arrecife;Hombres;2008;30553
35;Palmas, Las;35004 Arrecife;Hombres;2007;29360
35;Palmas, Las;35004 Arrecife;Hombres;2006;28471
35;Palmas, Las;35004 Arrecife;Hombres;2005;27724
35;Palmas, Las;35004 Arrecife;Hombres;2004;26403
35;Palmas, Las;35004 Arrecife;Hombres;2003;25923
35;Palmas, Las;35004 Arrecife;Hombres;2002;24587
35;Palmas, Las;35004 Arrecife;Hombres;2001;23217
35;Palmas, Las;35004 Arrecife;Hombres;2000;22217
35;Palmas, Las;35004 Arrecife;Hombres;1999;21488
35;Palmas, Las;35004 Arrecife;Hombres;1998;20737
35;Palmas, Las;35004 Arrecife;Hombres;1997;
35;Palmas, Las;35004 Arrecife;Hombres;1996;19266
35;Palmas, Las;35004 Arrecife;Mujeres;2023;32367
35;Palmas, Las;35004 Arrecife;Mujeres;2022;31763
35;Palmas, Las;35004 Arrecife;Mujeres;2021;32108
35;Palmas, Las;35004 Arrecife;Mujeres;2020;32202
35;Palmas, Las;35004 Arrecife;Mujeres;2019;31476
35;Palmas, Las;35004 Arrecife;Mujeres;2018;30627
35;Palmas, Las;35004 Arrecife;Mujeres;2017;29810
35;Palmas, Las;35004 Arrecife;Mujeres;2016;29246
35;Palmas, Las;35004 Arrecife;Mujeres;2015;28401
35;Palmas, Las;35004 Arrecife;Mujeres;2014;28269
35;Palmas, Las;35004 Arrecife;Mujeres;2013;27595
35;Palmas, Las;35004 Arrecife;Mujeres;2012;27821
35;Palmas, Las;35004 Arrecife;Mujeres;2011;28121
35;Palmas, Las;35004 Arrecife;Mujeres;2010;28466
35;Palmas, Las;35004 Arrecife;Mujeres;2009;28684
35;Palmas, Las;35004 Arrecife;Mujeres;2008;28487
35;Palmas, Las;35004 Arrecife;Mujeres;2007;27474
35;Palmas, Las;35004 Arrecife;Mujeres;2006;26732
35;Palmas, Las;35004 Arrecife;Mujeres;2005;26196
35;Palmas, Las;35004 Arrecife;Mujeres;2004;25230
35;Palmas, Las;35004 Arrecife;Mujeres;2003;24862
35;Palmas, Las;35004 Arrecife;Mujeres;2002;23666
35;Palmas, Las;35004 Arrecife;Mujeres;2001;22332
35;Palmas, Las;35004 Arrecife;Mujeres;2000;21494
35;Palmas, Las;35004 Arrecife;Mujeres;1999;20743
35;Palmas, Las;35004 Arrecife;Mujeres;1998;20033
35;Palmas, Las;35004 Arrecife;Mujeres;1997;
35;Palmas, Las;35004 Arrecife;Mujeres;1996;18825
35;Palmas, Las;35005 Artenara;Total;2023;1032
35;Palmas, Las;35005 Artenara;Total;2022;1030
35;Palmas, Las;35005 Artenara;Total;2021;1046
35;Palmas, Las;35005 Artenara;Total;2020;1049
35;Palmas, Las;35005 Artenara;Total;2019;1069
35;Palmas, Las;35005 Artenara;Total;2018;1090
35;Palmas, Las;35005 Artenara;Total;2017;1096
35;Palmas, Las;35005 Artenara;Total;2016;1136
35;Palmas, Las;35005 Artenara;Total;2015;1177
35;Palmas, Las;35005 Artenara;Total;2014;1180
35;Palmas, Las;35005 Artenara;Total;2013;1198
35;Palmas, Las;35005 Artenara;Total;2012;1242
35;Palmas, Las;35005 Artenara;Total;2011;1261
35;Palmas, Las;35005 Artenara;Total;2010;1230
35;Palmas, Las;35005 Artenara;Total;2009;1257
35;Palmas, Las;35005 Artenara;Total;2008;1301
35;Palmas, Las;35005 Artenara;Total;2007;1300
35;Palmas, Las;35005 Artenara;Total;2006;1306
35;Palmas, Las;35005 Artenara;Total;2005;1386
35;Palmas, Las;35005 Artenara;Total;2004;1469
35;Palmas, Las;35005 Artenara;Total;2003;1357
35;Palmas, Las;35005 Artenara;Total;2002;1394
35;Palmas, Las;35005 Artenara;Total;2001;1490
35;Palmas, Las;35005 Artenara;Total;2000;1572
35;Palmas, Las;35005 Artenara;Total;1999;1368
35;Palmas, Las;35005 Artenara;Total;1998;1247
35;Palmas, Las;35005 Artenara;Total;1997;
35;Palmas, Las;35005 Artenara;Total;1996;1250
35;Palmas, Las;35005 Artenara;Hombres;2023;598
35;Palmas, Las;35005 Artenara;Hombres;2022;594
35;Palmas, Las;35005 Artenara;Hombres;2021;594
35;Palmas, Las;35005 Artenara;Hombres;2020;586
35;Palmas, Las;35005 Artenara;Hombres;2019;589
35;Palmas, Las;35005 Artenara;Hombres;2018;589
35;Palmas, Las;35005 Artenara;Hombres;2017;592
35;Palmas, Las;35005 Artenara;Hombres;2016;620
35;Palmas, Las;35005 Artenara;Hombres;2015;641
35;Palmas, Las;35005 Artenara;Hombres;2014;647
35;Palmas, Las;35005 Artenara;Hombres;2013;649
35;Palmas, Las;35005 Artenara;Hombres;2012;680
35;Palmas, Las;35005 Artenara;Hombres;2011;679
35;Palmas, Las;35005 Artenara;Hombres;2010;666
35;Palmas, Las;35005 Artenara;Hombres;2009;674
35;Palmas, Las;35005 Artenara;Hombres;2008;698
35;Palmas, Las;35005 Artenara;Hombres;2007;696
35;Palmas, Las;35005 Artenara;Hombres;2006;695
35;Palmas, Las;35005 Artenara;Hombres;2005;728
35;Palmas, Las;35005 Artenara;Hombres;2004;771
35;Palmas, Las;35005 Artenara;Hombres;2003;702
35;Palmas, Las;35005 Artenara;Hombres;2002;731
35;Palmas, Las;35005 Artenara;Hombres;2001;771
35;Palmas, Las;35005 Artenara;Hombres;2000;803
35;Palmas, Las;35005 Artenara;Hombres;1999;714
35;Palmas, Las;35005 Artenara;Hombres;1998;640
35;Palmas, Las;35005 Artenara;Hombres;1997;
35;Palmas, Las;35005 Artenara;Hombres;1996;645
35;Palmas, Las;35005 Artenara;Mujeres;2023;434
35;Palmas, Las;35005 Artenara;Mujeres;2022;436
35;Palmas, Las;35005 Artenara;Mujeres;2021;452
35;Palmas, Las;35005 Artenara;Mujeres;2020;463
35;Palmas, Las;35005 Artenara;Mujeres;2019;480
35;Palmas, Las;35005 Artenara;Mujeres;2018;501
35;Palmas, Las;35005 Artenara;Mujeres;2017;504
35;Palmas, Las;35005 Artenara;Mujeres;2016;516
35;Palmas, Las;35005 Artenara;Mujeres;2015;536
35;Palmas, Las;35005 Artenara;Mujeres;2014;533
35;Palmas, Las;35005 Artenara;Mujeres;2013;549
35;Palmas, Las;35005 Artenara;Mujeres;2012;562
35;Palmas, Las;35005 Artenara;Mujeres;2011;582
35;Palmas, Las;35005 Artenara;Mujeres;2010;564
35;Palmas, Las;35005 Artenara;Mujeres;2009;583
35;Palmas, Las;35005 Artenara;Mujeres;2008;603
35;Palmas, Las;35005 Artenara;Mujeres;2007;604
35;Palmas, Las;35005 Artenara;Mujeres;2006;611
35;Palmas, Las;35005 Artenara;Mujeres;2005;658
35;Palmas, Las;35005 Artenara;Mujeres;2004;698
35;Palmas, Las;35005 Artenara;Mujeres;2003;655
35;Palmas, Las;35005 Artenara;Mujeres;2002;663
35;Palmas, Las;35005 Artenara;Mujeres;2001;719
35;Palmas, Las;35005 Artenara;Mujeres;2000;769
35;Palmas, Las;35005 Artenara;Mujeres;1999;654
35;Palmas, Las;35005 Artenara;Mujeres;1998;607
35;Palmas, Las;35005 Artenara;Mujeres;1997;
35;Palmas, Las;35005 Artenara;Mujeres;1996;605
35;Palmas, Las;35006 Arucas;Total;2023;38601
35;Palmas, Las;35006 Arucas;Total;2022;38369
35;Palmas, Las;35006 Arucas;Total;2021;38535
35;Palmas, Las;35006 Arucas;Total;2020;38334
35;Palmas, Las;35006 Arucas;Total;2019;38138
35;Palmas, Las;35006 Arucas;Total;2018;37691
35;Palmas, Las;35006 Arucas;Total;2017;37367
35;Palmas, Las;35006 Arucas;Total;2016;37299
35;Palmas, Las;35006 Arucas;Total;2015;37054
35;Palmas, Las;35006 Arucas;Total;2014;37056
35;Palmas, Las;35006 Arucas;Total;2013;36852
35;Palmas, Las;35006 Arucas;Total;2012;36797
35;Palmas, Las;35006 Arucas;Total;2011;36872
35;Palmas, Las;35006 Arucas;Total;2010;36745
35;Palmas, Las;35006 Arucas;Total;2009;36259
35;Palmas, Las;35006 Arucas;Total;2008;35542
35;Palmas, Las;35006 Arucas;Total;2007;35280
35;Palmas, Las;35006 Arucas;Total;2006;34874
35;Palmas, Las;35006 Arucas;Total;2005;34245
35;Palmas, Las;35006 Arucas;Total;2004;33701
35;Palmas, Las;35006 Arucas;Total;2003;33449
35;Palmas, Las;35006 Arucas;Total;2002;32917
35;Palmas, Las;35006 Arucas;Total;2001;32542
35;Palmas, Las;35006 Arucas;Total;2000;31973
35;Palmas, Las;35006 Arucas;Total;1999;31175
35;Palmas, Las;35006 Arucas;Total;1998;30390
35;Palmas, Las;35006 Arucas;Total;1997;
35;Palmas, Las;35006 Arucas;Total;1996;29719
35;Palmas, Las;35006 Arucas;Hombres;2023;19090
35;Palmas, Las;35006 Arucas;Hombres;2022;19054
35;Palmas, Las;35006 Arucas;Hombres;2021;19155
35;Palmas, Las;35006 Arucas;Hombres;2020;19077
35;Palmas, Las;35006 Arucas;Hombres;2019;19000
35;Palmas, Las;35006 Arucas;Hombres;2018;18735
35;Palmas, Las;35006 Arucas;Hombres;2017;18578
35;Palmas, Las;35006 Arucas;Hombres;2016;18556
35;Palmas, Las;35006 Arucas;Hombres;2015;18448
35;Palmas, Las;35006 Arucas;Hombres;2014;18489
35;Palmas, Las;35006 Arucas;Hombres;2013;18382
35;Palmas, Las;35006 Arucas;Hombres;2012;18374
35;Palmas, Las;35006 Arucas;Hombres;2011;18379
35;Palmas, Las;35006 Arucas;Hombres;2010;18361
35;Palmas, Las;35006 Arucas;Hombres;2009;18159
35;Palmas, Las;35006 Arucas;Hombres;2008;17829
35;Palmas, Las;35006 Arucas;Hombres;2007;17715
35;Palmas, Las;35006 Arucas;Hombres;2006;17525
35;Palmas, Las;35006 Arucas;Hombres;2005;17226
35;Palmas, Las;35006 Arucas;Hombres;2004;16958
35;Palmas, Las;35006 Arucas;Hombres;2003;16803
35;Palmas, Las;35006 Arucas;Hombres;2002;16566
35;Palmas, Las;35006 Arucas;Hombres;2001;16357
35;Palmas, Las;35006 Arucas;Hombres;2000;16014
35;Palmas, Las;35006 Arucas;Hombres;1999;15619
35;Palmas, Las;35006 Arucas;Hombres;1998;15241
35;Palmas, Las;35006 Arucas;Hombres;1997;
35;Palmas, Las;35006 Arucas;Hombres;1996;14991
35;Palmas, Las;35006 Arucas;Mujeres;2023;19511
35;Palmas, Las;35006 Arucas;Mujeres;2022;19315
35;Palmas, Las;35006 Arucas;Mujeres;2021;19380
35;Palmas, Las;35006 Arucas;Mujeres;2020;19257
35;Palmas, Las;35006 Arucas;Mujeres;2019;19138
35;Palmas, Las;35006 Arucas;Mujeres;2018;18956
35;Palmas, Las;35006 Arucas;Mujeres;2017;18789
35;Palmas, Las;35006 Arucas;Mujeres;2016;18743
35;Palmas, Las;35006 Arucas;Mujeres;2015;18606
35;Palmas, Las;35006 Arucas;Mujeres;2014;18567
35;Palmas, Las;35006 Arucas;Mujeres;2013;18470
35;Palmas, Las;35006 Arucas;Mujeres;2012;18423
35;Palmas, Las;35006 Arucas;Mujeres;2011;18493
35;Palmas, Las;35006 Arucas;Mujeres;2010;18384
35;Palmas, Las;35006 Arucas;Mujeres;2009;18100
35;Palmas, Las;35006 Arucas;Mujeres;2008;17713
35;Palmas, Las;35006 Arucas;Mujeres;2007;17565
35;Palmas, Las;35006 Arucas;Mujeres;2006;17349
35;Palmas, Las;35006 Arucas;Mujeres;2005;17019
35;Palmas, Las;35006 Arucas;Mujeres;2004;16743
35;Palmas, Las;35006 Arucas;Mujeres;2003;16646
35;Palmas, Las;35006 Arucas;Mujeres;2002;16351
35;Palmas, Las;35006 Arucas;Mujeres;2001;16185
35;Palmas, Las;35006 Arucas;Mujeres;2000;15959
35;Palmas, Las;35006 Arucas;Mujeres;1999;15556
35;Palmas, Las;35006 Arucas;Mujeres;1998;15149
35;Palmas, Las;35006 Arucas;Mujeres;1997;
35;Palmas, Las;35006 Arucas;Mujeres;1996;14728
35;Palmas, Las;35007 Betancuria;Total;2023;816
35;Palmas, Las;35007 Betancuria;Total;2022;789
35;Palmas, Las;35007 Betancuria;Total;2021;762
35;Palmas, Las;35007 Betancuria;Total;2020;773
35;Palmas, Las;35007 Betancuria;Total;2019;758
35;Palmas, Las;35007 Betancuria;Total;2018;731
35;Palmas, Las;35007 Betancuria;Total;2017;710
35;Palmas, Las;35007 Betancuria;Total;2016;714
35;Palmas, Las;35007 Betancuria;Total;2015;713
35;Palmas, Las;35007 Betancuria;Total;2014;733
35;Palmas, Las;35007 Betancuria;Total;2013;811
35;Palmas, Las;35007 Betancuria;Total;2012;805
35;Palmas, Las;35007 Betancuria;Total;2011;839
35;Palmas, Las;35007 Betancuria;Total;2010;823
35;Palmas, Las;35007 Betancuria;Total;2009;680
35;Palmas, Las;35007 Betancuria;Total;2008;715
35;Palmas, Las;35007 Betancuria;Total;2007;742
35;Palmas, Las;35007 Betancuria;Total;2006;705
35;Palmas, Las;35007 Betancuria;Total;2005;738
35;Palmas, Las;35007 Betancuria;Total;2004;749
35;Palmas, Las;35007 Betancuria;Total;2003;721
35;Palmas, Las;35007 Betancuria;Total;2002;665
35;Palmas, Las;35007 Betancuria;Total;2001;670
35;Palmas, Las;35007 Betancuria;Total;2000;677
35;Palmas, Las;35007 Betancuria;Total;1999;636
35;Palmas, Las;35007 Betancuria;Total;1998;619
35;Palmas, Las;35007 Betancuria;Total;1997;
35;Palmas, Las;35007 Betancuria;Total;1996;592
35;Palmas, Las;35007 Betancuria;Hombres;2023;434
35;Palmas, Las;35007 Betancuria;Hombres;2022;412
35;Palmas, Las;35007 Betancuria;Hombres;2021;394
35;Palmas, Las;35007 Betancuria;Hombres;2020;397
35;Palmas, Las;35007 Betancuria;Hombres;2019;396
35;Palmas, Las;35007 Betancuria;Hombres;2018;385
35;Palmas, Las;35007 Betancuria;Hombres;2017;373
35;Palmas, Las;35007 Betancuria;Hombres;2016;369
35;Palmas, Las;35007 Betancuria;Hombres;2015;364
35;Palmas, Las;35007 Betancuria;Hombres;2014;375
35;Palmas, Las;35007 Betancuria;Hombres;2013;419
35;Palmas, Las;35007 Betancuria;Hombres;2012;419
35;Palmas, Las;35007 Betancuria;Hombres;2011;439
35;Palmas, Las;35007 Betancuria;Hombres;2010;426
35;Palmas, Las;35007 Betancuria;Hombres;2009;343
35;Palmas, Las;35007 Betancuria;Hombres;2008;361
35;Palmas, Las;35007 Betancuria;Hombres;2007;379
35;Palmas, Las;35007 Betancuria;Hombres;2006;352
35;Palmas, Las;35007 Betancuria;Hombres;2005;372
35;Palmas, Las;35007 Betancuria;Hombres;2004;378
35;Palmas, Las;35007 Betancuria;Hombres;2003;361
35;Palmas, Las;35007 Betancuria;Hombres;2002;344
35;Palmas, Las;35007 Betancuria;Hombres;2001;343
35;Palmas, Las;35007 Betancuria;Hombres;2000;348
35;Palmas, Las;35007 Betancuria;Hombres;1999;331
35;Palmas, Las;35007 Betancuria;Hombres;1998;322
35;Palmas, Las;35007 Betancuria;Hombres;1997;
35;Palmas, Las;35007 Betancuria;Hombres;1996;305
35;Palmas, Las;35007 Betancuria;Mujeres;2023;382
35;Palmas, Las;35007 Betancuria;Mujeres;2022;377
35;Palmas, Las;35007 Betancuria;Mujeres;2021;368
35;Palmas, Las;35007 Betancuria;Mujeres;2020;376
35;Palmas, Las;35007 Betancuria;Mujeres;2019;362
35;Palmas, Las;35007 Betancuria;Mujeres;2018;346
35;Palmas, Las;35007 Betancuria;Mujeres;2017;337
35;Palmas, Las;35007 Betancuria;Mujeres;2016;345
35;Palmas, Las;35007 Betancuria;Mujeres;2015;349
35;Palmas, Las;35007 Betancuria;Mujeres;2014;358
35;Palmas, Las;35007 Betancuria;Mujeres;2013;392
35;Palmas, Las;35007 Betancuria;Mujeres;2012;386
35;Palmas, Las;35007 Betancuria;Mujeres;2011;400
35;Palmas, Las;35007 Betancuria;Mujeres;2010;397
35;Palmas, Las;35007 Betancuria;Mujeres;2009;337
35;Palmas, Las;35007 Betancuria;Mujeres;2008;354
35;Palmas, Las;35007 Betancuria;Mujeres;2007;363
35;Palmas, Las;35007 Betancuria;Mujeres;2006;353
35;Palmas, Las;35007 Betancuria;Mujeres;2005;366
35;Palmas, Las;35007 Betancuria;Mujeres;2004;371
35;Palmas, Las;35007 Betancuria;Mujeres;2003;360
35;Palmas, Las;35007 Betancuria;Mujeres;2002;321
35;Palmas, Las;35007 Betancuria;Mujeres;2001;327
35;Palmas, Las;35007 Betancuria;Mujeres;2000;329
35;Palmas, Las;35007 Betancuria;Mujeres;1999;305
35;Palmas, Las;35007 Betancuria;Mujeres;1998;297
35;Palmas, Las;35007 Betancuria;Mujeres;1997;
35;Palmas, Las;35007 Betancuria;Mujeres;1996;287
35;Palmas, Las;35008 Firgas;Total;2023;7669
35;Palmas, Las;35008 Firgas;Total;2022;7581
35;Palmas, Las;35008 Firgas;Total;2021;7513
35;Palmas, Las;35008 Firgas;Total;2020;7438
35;Palmas, Las;35008 Firgas;Total;2019;7455
35;Palmas, Las;35008 Firgas;Total;2018;7491
35;Palmas, Las;35008 Firgas;Total;2017;7570
35;Palmas, Las;35008 Firgas;Total;2016;7465
35;Palmas, Las;35008 Firgas;Total;2015;7486
35;Palmas, Las;35008 Firgas;Total;2014;7618
35;Palmas, Las;35008 Firgas;Total;2013;7628
35;Palmas, Las;35008 Firgas;Total;2012;7648
35;Palmas, Las;35008 Firgas;Total;2011;7640
35;Palmas, Las;35008 Firgas;Total;2010;7564
35;Palmas, Las;35008 Firgas;Total;2009;7524
35;Palmas, Las;35008 Firgas;Total;2008;7424
35;Palmas, Las;35008 Firgas;Total;2007;7369
35;Palmas, Las;35008 Firgas;Total;2006;7188
35;Palmas, Las;35008 Firgas;Total;2005;7179
35;Palmas, Las;35008 Firgas;Total;2004;7060
35;Palmas, Las;35008 Firgas;Total;2003;7023
35;Palmas, Las;35008 Firgas;Total;2002;6927
35;Palmas, Las;35008 Firgas;Total;2001;6889
35;Palmas, Las;35008 Firgas;Total;2000;6814
35;Palmas, Las;35008 Firgas;Total;1999;6747
35;Palmas, Las;35008 Firgas;Total;1998;6575
35;Palmas, Las;35008 Firgas;Total;1997;
35;Palmas, Las;35008 Firgas;Total;1996;6526
35;Palmas, Las;35008 Firgas;Hombres;2023;3887
35;Palmas, Las;35008 Firgas;Hombres;2022;3836
35;Palmas, Las;35008 Firgas;Hombres;2021;3792
35;Palmas, Las;35008 Firgas;Hombres;2020;3756
35;Palmas, Las;35008 Firgas;Hombres;2019;3755
35;Palmas, Las;35008 Firgas;Hombres;2018;3766
35;Palmas, Las;35008 Firgas;Hombres;2017;3814
35;Palmas, Las;35008 Firgas;Hombres;2016;3761
35;Palmas, Las;35008 Firgas;Hombres;2015;3782
35;Palmas, Las;35008 Firgas;Hombres;2014;3860
35;Palmas, Las;35008 Firgas;Hombres;2013;3877
35;Palmas, Las;35008 Firgas;Hombres;2012;3900
35;Palmas, Las;35008 Firgas;Hombres;2011;3904
35;Palmas, Las;35008 Firgas;Hombres;2010;3872
35;Palmas, Las;35008 Firgas;Hombres;2009;3859
35;Palmas, Las;35008 Firgas;Hombres;2008;3806
35;Palmas, Las;35008 Firgas;Hombres;2007;3758
35;Palmas, Las;35008 Firgas;Hombres;2006;3663
35;Palmas, Las;35008 Firgas;Hombres;2005;3676
35;Palmas, Las;35008 Firgas;Hombres;2004;3603
35;Palmas, Las;35008 Firgas;Hombres;2003;3580
35;Palmas, Las;35008 Firgas;Hombres;2002;3517
35;Palmas, Las;35008 Firgas;Hombres;2001;3504
35;Palmas, Las;35008 Firgas;Hombres;2000;3454
35;Palmas, Las;35008 Firgas;Hombres;1999;3390
35;Palmas, Las;35008 Firgas;Hombres;1998;3307
35;Palmas, Las;35008 Firgas;Hombres;1997;
35;Palmas, Las;35008 Firgas;Hombres;1996;3300
35;Palmas, Las;35008 Firgas;Mujeres;2023;3782
35;Palmas, Las;35008 Firgas;Mujeres;2022;3745
35;Palmas, Las;35008 Firgas;Mujeres;2021;3721
35;Palmas, Las;35008 Firgas;Mujeres;2020;3682
35;Palmas, Las;35008 Firgas;Mujeres;2019;3700
35;Palmas, Las;35008 Firgas;Mujeres;2018;3725
35;Palmas, Las;35008 Firgas;Mujeres;2017;3756
35;Palmas, Las;35008 Firgas;Mujeres;2016;3704
35;Palmas, Las;35008 Firgas;Mujeres;2015;3704
35;Palmas, Las;35008 Firgas;Mujeres;2014;3758
35;Palmas, Las;35008 Firgas;Mujeres;2013;3751
35;Palmas, Las;35008 Firgas;Mujeres;2012;3748
35;Palmas, Las;35008 Firgas;Mujeres;2011;3736
35;Palmas, Las;35008 Firgas;Mujeres;2010;3692
35;Palmas, Las;35008 Firgas;Mujeres;2009;3665
35;Palmas, Las;35008 Firgas;Mujeres;2008;3618
35;Palmas, Las;35008 Firgas;Mujeres;2007;3611
35;Palmas, Las;35008 Firgas;Mujeres;2006;3525
35;Palmas, Las;35008 Firgas;Mujeres;2005;3503
35;Palmas, Las;35008 Firgas;Mujeres;2004;3457
35;Palmas, Las;35008 Firgas;Mujeres;2003;3443
35;Palmas, Las;35008 Firgas;Mujeres;2002;3410
35;Palmas, Las;35008 Firgas;Mujeres;2001;3385
35;Palmas, Las;35008 Firgas;Mujeres;2000;3360
35;Palmas, Las;35008 Firgas;Mujeres;1999;3357
35;Palmas, Las;35008 Firgas;Mujeres;1998;3268
35;Palmas, Las;35008 Firgas;Mujeres;1997;
35;Palmas, Las;35008 Firgas;Mujeres;1996;3226
35;Palmas, Las;35009 Gáldar;Total;2023;24678
35;Palmas, Las;35009 Gáldar;Total;2022;24567
35;Palmas, Las;35009 Gáldar;Total;2021;24455
35;Palmas, Las;35009 Gáldar;Total;2020;24370
35;Palmas, Las;35009 Gáldar;Total;2019;24242
35;Palmas, Las;35009 Gáldar;Total;2018;24209
35;Palmas, Las;35009 Gáldar;Total;2017;24251
35;Palmas, Las;35009 Gáldar;Total;2016;24296
35;Palmas, Las;35009 Gáldar;Total;2015;24235
35;Palmas, Las;35009 Gáldar;Total;2014;24209
35;Palmas, Las;35009 Gáldar;Total;2013;24227
35;Palmas, Las;35009 Gáldar;Total;2012;24319
35;Palmas, Las;35009 Gáldar;Total;2011;24361
35;Palmas, Las;35009 Gáldar;Total;2010;24473
35;Palmas, Las;35009 Gáldar;Total;2009;24405
35;Palmas, Las;35009 Gáldar;Total;2008;23951
35;Palmas, Las;35009 Gáldar;Total;2007;23776
35;Palmas, Las;35009 Gáldar;Total;2006;23453
35;Palmas, Las;35009 Gáldar;Total;2005;23201
35;Palmas, Las;35009 Gáldar;Total;2004;22992
35;Palmas, Las;35009 Gáldar;Total;2003;22763
35;Palmas, Las;35009 Gáldar;Total;2002;22677
35;Palmas, Las;35009 Gáldar;Total;2001;22335
35;Palmas, Las;35009 Gáldar;Total;2000;22291
35;Palmas, Las;35009 Gáldar;Total;1999;22220
35;Palmas, Las;35009 Gáldar;Total;1998;21987
35;Palmas, Las;35009 Gáldar;Total;1997;
35;Palmas, Las;35009 Gáldar;Total;1996;21704
35;Palmas, Las;35009 Gáldar;Hombres;2023;12360
35;Palmas, Las;35009 Gáldar;Hombres;2022;12299
35;Palmas, Las;35009 Gáldar;Hombres;2021;12247
35;Palmas, Las;35009 Gáldar;Hombres;2020;12165
35;Palmas, Las;35009 Gáldar;Hombres;2019;12099
35;Palmas, Las;35009 Gáldar;Hombres;2018;12118
35;Palmas, Las;35009 Gáldar;Hombres;2017;12167
35;Palmas, Las;35009 Gáldar;Hombres;2016;12193
35;Palmas, Las;35009 Gáldar;Hombres;2015;12165
35;Palmas, Las;35009 Gáldar;Hombres;2014;12136
35;Palmas, Las;35009 Gáldar;Hombres;2013;12149
35;Palmas, Las;35009 Gáldar;Hombres;2012;12218
35;Palmas, Las;35009 Gáldar;Hombres;2011;12253
35;Palmas, Las;35009 Gáldar;Hombres;2010;12319
35;Palmas, Las;35009 Gáldar;Hombres;2009;12285
35;Palmas, Las;35009 Gáldar;Hombres;2008;12027
35;Palmas, Las;35009 Gáldar;Hombres;2007;11959
35;Palmas, Las;35009 Gáldar;Hombres;2006;11802
35;Palmas, Las;35009 Gáldar;Hombres;2005;11658
35;Palmas, Las;35009 Gáldar;Hombres;2004;11536
35;Palmas, Las;35009 Gáldar;Hombres;2003;11425
35;Palmas, Las;35009 Gáldar;Hombres;2002;11389
35;Palmas, Las;35009 Gáldar;Hombres;2001;11208
35;Palmas, Las;35009 Gáldar;Hombres;2000;11174
35;Palmas, Las;35009 Gáldar;Hombres;1999;11143
35;Palmas, Las;35009 Gáldar;Hombres;1998;11026
35;Palmas, Las;35009 Gáldar;Hombres;1997;
35;Palmas, Las;35009 Gáldar;Hombres;1996;10878
35;Palmas, Las;35009 Gáldar;Mujeres;2023;12318
35;Palmas, Las;35009 Gáldar;Mujeres;2022;12268
35;Palmas, Las;35009 Gáldar;Mujeres;2021;12208
35;Palmas, Las;35009 Gáldar;Mujeres;2020;12205
35;Palmas, Las;35009 Gáldar;Mujeres;2019;12143
35;Palmas, Las;35009 Gáldar;Mujeres;2018;12091
35;Palmas, Las;35009 Gáldar;Mujeres;2017;12084
35;Palmas, Las;35009 Gáldar;Mujeres;2016;12103
35;Palmas, Las;35009 Gáldar;Mujeres;2015;12070
35;Palmas, Las;35009 Gáldar;Mujeres;2014;12073
35;Palmas, Las;35009 Gáldar;Mujeres;2013;12078
35;Palmas, Las;35009 Gáldar;Mujeres;2012;12101
35;Palmas, Las;35009 Gáldar;Mujeres;2011;12108
35;Palmas, Las;35009 Gáldar;Mujeres;2010;12154
35;Palmas, Las;35009 Gáldar;Mujeres;2009;12120
35;Palmas, Las;35009 Gáldar;Mujeres;2008;11924
35;Palmas, Las;35009 Gáldar;Mujeres;2007;11817
35;Palmas, Las;35009 Gáldar;Mujeres;2006;11651
35;Palmas, Las;35009 Gáldar;Mujeres;2005;11543
35;Palmas, Las;35009 Gáldar;Mujeres;2004;11456
35;Palmas, Las;35009 Gáldar;Mujeres;2003;11338
35;Palmas, Las;35009 Gáldar;Mujeres;2002;11288
35;Palmas, Las;35009 Gáldar;Mujeres;2001;11127
35;Palmas, Las;35009 Gáldar;Mujeres;2000;11117
35;Palmas, Las;35009 Gáldar;Mujeres;1999;11077
35;Palmas, Las;35009 Gáldar;Mujeres;1998;10961
35;Palmas, Las;35009 Gáldar;Mujeres;1997;
35;Palmas, Las;35009 Gáldar;Mujeres;1996;10826
35;Palmas, Las;35010 Haría;Total;2023;5507
35;Palmas, Las;35010 Haría;Total;2022;5382
35;Palmas, Las;35010 Haría;Total;2021;5365
35;Palmas, Las;35010 Haría;Total;2020;5263
35;Palmas, Las;35010 Haría;Total;2019;5123
35;Palmas, Las;35010 Haría;Total;2018;4969
35;Palmas, Las;35010 Haría;Total;2017;4858
35;Palmas, Las;35010 Haría;Total;2016;4767
35;Palmas, Las;35010 Haría;Total;2015;4755
35;Palmas, Las;35010 Haría;Total;2014;4736
35;Palmas, Las;35010 Haría;Total;2013;4782
35;Palmas, Las;35010 Haría;Total;2012;5190
35;Palmas, Las;35010 Haría;Total;2011;5203
35;Palmas, Las;35010 Haría;Total;2010;5249
35;Palmas, Las;35010 Haría;Total;2009;5249
35;Palmas, Las;35010 Haría;Total;2008;5188
35;Palmas, Las;35010 Haría;Total;2007;5049
35;Palmas, Las;35010 Haría;Total;2006;5004
35;Palmas, Las;35010 Haría;Total;2005;4894
35;Palmas, Las;35010 Haría;Total;2004;4747
35;Palmas, Las;35010 Haría;Total;2003;4741
35;Palmas, Las;35010 Haría;Total;2002;4551
35;Palmas, Las;35010 Haría;Total;2001;4285
35;Palmas, Las;35010 Haría;Total;2000;4201
35;Palmas, Las;35010 Haría;Total;1999;4022
35;Palmas, Las;35010 Haría;Total;1998;3779
35;Palmas, Las;35010 Haría;Total;1997;
35;Palmas, Las;35010 Haría;Total;1996;3531
35;Palmas, Las;35010 Haría;Hombres;2023;2818
35;Palmas, Las;35010 Haría;Hombres;2022;2755
35;Palmas, Las;35010 Haría;Hombres;2021;2767
35;Palmas, Las;35010 Haría;Hombres;2020;2713
35;Palmas, Las;35010 Haría;Hombres;2019;2641
35;Palmas, Las;35010 Haría;Hombres;2018;2532
35;Palmas, Las;35010 Haría;Hombres;2017;2473
35;Palmas, Las;35010 Haría;Hombres;2016;2453
35;Palmas, Las;35010 Haría;Hombres;2015;2446
35;Palmas, Las;35010 Haría;Hombres;2014;2443
35;Palmas, Las;35010 Haría;Hombres;2013;2459
35;Palmas, Las;35010 Haría;Hombres;2012;2678
35;Palmas, Las;35010 Haría;Hombres;2011;2694
35;Palmas, Las;35010 Haría;Hombres;2010;2733
35;Palmas, Las;35010 Haría;Hombres;2009;2740
35;Palmas, Las;35010 Haría;Hombres;2008;2712
35;Palmas, Las;35010 Haría;Hombres;2007;2635
35;Palmas, Las;35010 Haría;Hombres;2006;2612
35;Palmas, Las;35010 Haría;Hombres;2005;2563
35;Palmas, Las;35010 Haría;Hombres;2004;2447
35;Palmas, Las;35010 Haría;Hombres;2003;2441
35;Palmas, Las;35010 Haría;Hombres;2002;2367
35;Palmas, Las;35010 Haría;Hombres;2001;2226
35;Palmas, Las;35010 Haría;Hombres;2000;2163
35;Palmas, Las;35010 Haría;Hombres;1999;2069
35;Palmas, Las;35010 Haría;Hombres;1998;1943
35;Palmas, Las;35010 Haría;Hombres;1997;
35;Palmas, Las;35010 Haría;Hombres;1996;1814
35;Palmas, Las;35010 Haría;Mujeres;2023;2689
35;Palmas, Las;35010 Haría;Mujeres;2022;2627
35;Palmas, Las;35010 Haría;Mujeres;2021;2598
35;Palmas, Las;35010 Haría;Mujeres;2020;2550
35;Palmas, Las;35010 Haría;Mujeres;2019;2482
35;Palmas, Las;35010 Haría;Mujeres;2018;2437
35;Palmas, Las;35010 Haría;Mujeres;2017;2385
35;Palmas, Las;35010 Haría;Mujeres;2016;2314
35;Palmas, Las;35010 Haría;Mujeres;2015;2309
35;Palmas, Las;35010 Haría;Mujeres;2014;2293
35;Palmas, Las;35010 Haría;Mujeres;2013;2323
35;Palmas, Las;35010 Haría;Mujeres;2012;2512
35;Palmas, Las;35010 Haría;Mujeres;2011;2509
35;Palmas, Las;35010 Haría;Mujeres;2010;2516
35;Palmas, Las;35010 Haría;Mujeres;2009;2509
35;Palmas, Las;35010 Haría;Mujeres;2008;2476
35;Palmas, Las;35010 Haría;Mujeres;2007;2414
35;Palmas, Las;35010 Haría;Mujeres;2006;2392
35;Palmas, Las;35010 Haría;Mujeres;2005;2331
35;Palmas, Las;35010 Haría;Mujeres;2004;2300
35;Palmas, Las;35010 Haría;Mujeres;2003;2300
35;Palmas, Las;35010 Haría;Mujeres;2002;2184
35;Palmas, Las;35010 Haría;Mujeres;2001;2059
35;Palmas, Las;35010 Haría;Mujeres;2000;2038
35;Palmas, Las;35010 Haría;Mujeres;1999;1953
35;Palmas, Las;35010 Haría;Mujeres;1998;1836
35;Palmas, Las;35010 Haría;Mujeres;1997;
35;Palmas, Las;35010 Haría;Mujeres;1996;1717
35;Palmas, Las;35011 Ingenio;Total;2023;32354
35;Palmas, Las;35011 Ingenio;Total;2022;31932
35;Palmas, Las;35011 Ingenio;Total;2021;31887
35;Palmas, Las;35011 Ingenio;Total;2020;31694
35;Palmas, Las;35011 Ingenio;Total;2019;31321
35;Palmas, Las;35011 Ingenio;Total;2018;30831
35;Palmas, Las;35011 Ingenio;Total;2017;30529
35;Palmas, Las;35011 Ingenio;Total;2016;30340
35;Palmas, Las;35011 Ingenio;Total;2015;30258
35;Palmas, Las;35011 Ingenio;Total;2014;30173
35;Palmas, Las;35011 Ingenio;Total;2013;29978
35;Palmas, Las;35011 Ingenio;Total;2012;30048
35;Palmas, Las;35011 Ingenio;Total;2011;29871
35;Palmas, Las;35011 Ingenio;Total;2010;29640
35;Palmas, Las;35011 Ingenio;Total;2009;29319
35;Palmas, Las;35011 Ingenio;Total;2008;28809
35;Palmas, Las;35011 Ingenio;Total;2007;28132
35;Palmas, Las;35011 Ingenio;Total;2006;27934
35;Palmas, Las;35011 Ingenio;Total;2005;27308
35;Palmas, Las;35011 Ingenio;Total;2004;26857
35;Palmas, Las;35011 Ingenio;Total;2003;26433
35;Palmas, Las;35011 Ingenio;Total;2002;25681
35;Palmas, Las;35011 Ingenio;Total;2001;25237
35;Palmas, Las;35011 Ingenio;Total;2000;24616
35;Palmas, Las;35011 Ingenio;Total;1999;24004
35;Palmas, Las;35011 Ingenio;Total;1998;23496
35;Palmas, Las;35011 Ingenio;Total;1997;
35;Palmas, Las;35011 Ingenio;Total;1996;24394
35;Palmas, Las;35011 Ingenio;Hombres;2023;16294
35;Palmas, Las;35011 Ingenio;Hombres;2022;16054
35;Palmas, Las;35011 Ingenio;Hombres;2021;15999
35;Palmas, Las;35011 Ingenio;Hombres;2020;15901
35;Palmas, Las;35011 Ingenio;Hombres;2019;15769
35;Palmas, Las;35011 Ingenio;Hombres;2018;15532
35;Palmas, Las;35011 Ingenio;Hombres;2017;15398
35;Palmas, Las;35011 Ingenio;Hombres;2016;15313
35;Palmas, Las;35011 Ingenio;Hombres;2015;15365
35;Palmas, Las;35011 Ingenio;Hombres;2014;15312
35;Palmas, Las;35011 Ingenio;Hombres;2013;15187
35;Palmas, Las;35011 Ingenio;Hombres;2012;15238
35;Palmas, Las;35011 Ingenio;Hombres;2011;15148
35;Palmas, Las;35011 Ingenio;Hombres;2010;15003
35;Palmas, Las;35011 Ingenio;Hombres;2009;14879
35;Palmas, Las;35011 Ingenio;Hombres;2008;14702
35;Palmas, Las;35011 Ingenio;Hombres;2007;14317
35;Palmas, Las;35011 Ingenio;Hombres;2006;14239
35;Palmas, Las;35011 Ingenio;Hombres;2005;13896
35;Palmas, Las;35011 Ingenio;Hombres;2004;13647
35;Palmas, Las;35011 Ingenio;Hombres;2003;13444
35;Palmas, Las;35011 Ingenio;Hombres;2002;13052
35;Palmas, Las;35011 Ingenio;Hombres;2001;12824
35;Palmas, Las;35011 Ingenio;Hombres;2000;12463
35;Palmas, Las;35011 Ingenio;Hombres;1999;12147
35;Palmas, Las;35011 Ingenio;Hombres;1998;11902
35;Palmas, Las;35011 Ingenio;Hombres;1997;
35;Palmas, Las;35011 Ingenio;Hombres;1996;12221
35;Palmas, Las;35011 Ingenio;Mujeres;2023;16060
35;Palmas, Las;35011 Ingenio;Mujeres;2022;15878
35;Palmas, Las;35011 Ingenio;Mujeres;2021;15888
35;Palmas, Las;35011 Ingenio;Mujeres;2020;15793
35;Palmas, Las;35011 Ingenio;Mujeres;2019;15552
35;Palmas, Las;35011 Ingenio;Mujeres;2018;15299
35;Palmas, Las;35011 Ingenio;Mujeres;2017;15131
35;Palmas, Las;35011 Ingenio;Mujeres;2016;15027
35;Palmas, Las;35011 Ingenio;Mujeres;2015;14893
35;Palmas, Las;35011 Ingenio;Mujeres;2014;14861
35;Palmas, Las;35011 Ingenio;Mujeres;2013;14791
35;Palmas, Las;35011 Ingenio;Mujeres;2012;14810
35;Palmas, Las;35011 Ingenio;Mujeres;2011;14723
35;Palmas, Las;35011 Ingenio;Mujeres;2010;14637
35;Palmas, Las;35011 Ingenio;Mujeres;2009;14440
35;Palmas, Las;35011 Ingenio;Mujeres;2008;14107
35;Palmas, Las;35011 Ingenio;Mujeres;2007;13815
35;Palmas, Las;35011 Ingenio;Mujeres;2006;13695
35;Palmas, Las;35011 Ingenio;Mujeres;2005;13412
35;Palmas, Las;35011 Ingenio;Mujeres;2004;13210
35;Palmas, Las;35011 Ingenio;Mujeres;2003;12989
35;Palmas, Las;35011 Ingenio;Mujeres;2002;12629
35;Palmas, Las;35011 Ingenio;Mujeres;2001;12413
35;Palmas, Las;35011 Ingenio;Mujeres;2000;12153
35;Palmas, Las;35011 Ingenio;Mujeres;1999;11857
35;Palmas, Las;35011 Ingenio;Mujeres;1998;11594
35;Palmas, Las;35011 Ingenio;Mujeres;1997;
35;Palmas, Las;35011 Ingenio;Mujeres;1996;12173
35;Palmas, Las;35012 Mogán;Total;2023;20845
35;Palmas, Las;35012 Mogán;Total;2022;20331
35;Palmas, Las;35012 Mogán;Total;2021;20572
35;Palmas, Las;35012 Mogán;Total;2020;20487
35;Palmas, Las;35012 Mogán;Total;2019;20072
35;Palmas, Las;35012 Mogán;Total;2018;19657
35;Palmas, Las;35012 Mogán;Total;2017;19783
35;Palmas, Las;35012 Mogán;Total;2016;21049
35;Palmas, Las;35012 Mogán;Total;2015;22277
35;Palmas, Las;35012 Mogán;Total;2014;23491
35;Palmas, Las;35012 Mogán;Total;2013;21782
35;Palmas, Las;35012 Mogán;Total;2012;24225
35;Palmas, Las;35012 Mogán;Total;2011;23476
35;Palmas, Las;35012 Mogán;Total;2010;22638
35;Palmas, Las;35012 Mogán;Total;2009;21690
35;Palmas, Las;35012 Mogán;Total;2008;20391
35;Palmas, Las;35012 Mogán;Total;2007;18547
35;Palmas, Las;35012 Mogán;Total;2006;16569
35;Palmas, Las;35012 Mogán;Total;2005;15953
35;Palmas, Las;35012 Mogán;Total;2004;15176
35;Palmas, Las;35012 Mogán;Total;2003;15932
35;Palmas, Las;35012 Mogán;Total;2002;15395
35;Palmas, Las;35012 Mogán;Total;2001;14321
35;Palmas, Las;35012 Mogán;Total;2000;13136
35;Palmas, Las;35012 Mogán;Total;1999;12256
35;Palmas, Las;35012 Mogán;Total;1998;11607
35;Palmas, Las;35012 Mogán;Total;1997;
35;Palmas, Las;35012 Mogán;Total;1996;10398
35;Palmas, Las;35012 Mogán;Hombres;2023;10721
35;Palmas, Las;35012 Mogán;Hombres;2022;10452
35;Palmas, Las;35012 Mogán;Hombres;2021;10618
35;Palmas, Las;35012 Mogán;Hombres;2020;10579
35;Palmas, Las;35012 Mogán;Hombres;2019;10371
35;Palmas, Las;35012 Mogán;Hombres;2018;10146
35;Palmas, Las;35012 Mogán;Hombres;2017;10216
35;Palmas, Las;35012 Mogán;Hombres;2016;10914
35;Palmas, Las;35012 Mogán;Hombres;2015;11557
35;Palmas, Las;35012 Mogán;Hombres;2014;12181
35;Palmas, Las;35012 Mogán;Hombres;2013;11354
35;Palmas, Las;35012 Mogán;Hombres;2012;12632
35;Palmas, Las;35012 Mogán;Hombres;2011;12250
35;Palmas, Las;35012 Mogán;Hombres;2010;11817
35;Palmas, Las;35012 Mogán;Hombres;2009;11358
35;Palmas, Las;35012 Mogán;Hombres;2008;10722
35;Palmas, Las;35012 Mogán;Hombres;2007;9778
35;Palmas, Las;35012 Mogán;Hombres;2006;8791
35;Palmas, Las;35012 Mogán;Hombres;2005;8525
35;Palmas, Las;35012 Mogán;Hombres;2004;8109
35;Palmas, Las;35012 Mogán;Hombres;2003;8498
35;Palmas, Las;35012 Mogán;Hombres;2002;8156
35;Palmas, Las;35012 Mogán;Hombres;2001;7554
35;Palmas, Las;35012 Mogán;Hombres;2000;6873
35;Palmas, Las;35012 Mogán;Hombres;1999;6430
35;Palmas, Las;35012 Mogán;Hombres;1998;6076
35;Palmas, Las;35012 Mogán;Hombres;1997;
35;Palmas, Las;35012 Mogán;Hombres;1996;5356
35;Palmas, Las;35012 Mogán;Mujeres;2023;10124
35;Palmas, Las;35012 Mogán;Mujeres;2022;9879
35;Palmas, Las;35012 Mogán;Mujeres;2021;9954
35;Palmas, Las;35012 Mogán;Mujeres;2020;9908
35;Palmas, Las;35012 Mogán;Mujeres;2019;9701
35;Palmas, Las;35012 Mogán;Mujeres;2018;9511
35;Palmas, Las;35012 Mogán;Mujeres;2017;9567
35;Palmas, Las;35012 Mogán;Mujeres;2016;10135
35;Palmas, Las;35012 Mogán;Mujeres;2015;10720
35;Palmas, Las;35012 Mogán;Mujeres;2014;11310
35;Palmas, Las;35012 Mogán;Mujeres;2013;10428
35;Palmas, Las;35012 Mogán;Mujeres;2012;11593
35;Palmas, Las;35012 Mogán;Mujeres;2011;11226
35;Palmas, Las;35012 Mogán;Mujeres;2010;10821
35;Palmas, Las;35012 Mogán;Mujeres;2009;10332
35;Palmas, Las;35012 Mogán;Mujeres;2008;9669
35;Palmas, Las;35012 Mogán;Mujeres;2007;8769
35;Palmas, Las;35012 Mogán;Mujeres;2006;7778
35;Palmas, Las;35012 Mogán;Mujeres;2005;7428
35;Palmas, Las;35012 Mogán;Mujeres;2004;7067
35;Palmas, Las;35012 Mogán;Mujeres;2003;7434
35;Palmas, Las;35012 Mogán;Mujeres;2002;7239
35;Palmas, Las;35012 Mogán;Mujeres;2001;6767
35;Palmas, Las;35012 Mogán;Mujeres;2000;6263
35;Palmas, Las;35012 Mogán;Mujeres;1999;5826
35;Palmas, Las;35012 Mogán;Mujeres;1998;5531
35;Palmas, Las;35012 Mogán;Mujeres;1997;
35;Palmas, Las;35012 Mogán;Mujeres;1996;5042
35;Palmas, Las;35013 Moya;Total;2023;7889
35;Palmas, Las;35013 Moya;Total;2022;7870
35;Palmas, Las;35013 Moya;Total;2021;7833
35;Palmas, Las;35013 Moya;Total;2020;7746
35;Palmas, Las;35013 Moya;Total;2019;7696
35;Palmas, Las;35013 Moya;Total;2018;7728
35;Palmas, Las;35013 Moya;Total;2017;7792
35;Palmas, Las;35013 Moya;Total;2016;7821
35;Palmas, Las;35013 Moya;Total;2015;7845
35;Palmas, Las;35013 Moya;Total;2014;7869
35;Palmas, Las;35013 Moya;Total;2013;7977
35;Palmas, Las;35013 Moya;Total;2012;8042
35;Palmas, Las;35013 Moya;Total;2011;8089
35;Palmas, Las;35013 Moya;Total;2010;8098
35;Palmas, Las;35013 Moya;Total;2009;8054
35;Palmas, Las;35013 Moya;Total;2008;8071
35;Palmas, Las;35013 Moya;Total;2007;7974
35;Palmas, Las;35013 Moya;Total;2006;7808
35;Palmas, Las;35013 Moya;Total;2005;7801
35;Palmas, Las;35013 Moya;Total;2004;7825
35;Palmas, Las;35013 Moya;Total;2003;8307
35;Palmas, Las;35013 Moya;Total;2002;8435
35;Palmas, Las;35013 Moya;Total;2001;8594
35;Palmas, Las;35013 Moya;Total;2000;8664
35;Palmas, Las;35013 Moya;Total;1999;8701
35;Palmas, Las;35013 Moya;Total;1998;8613
35;Palmas, Las;35013 Moya;Total;1997;
35;Palmas, Las;35013 Moya;Total;1996;8663
35;Palmas, Las;35013 Moya;Hombres;2023;3991
35;Palmas, Las;35013 Moya;Hombres;2022;4001
35;Palmas, Las;35013 Moya;Hombres;2021;3981
35;Palmas, Las;35013 Moya;Hombres;2020;3939
35;Palmas, Las;35013 Moya;Hombres;2019;3913
35;Palmas, Las;35013 Moya;Hombres;2018;3933
35;Palmas, Las;35013 Moya;Hombres;2017;3954
35;Palmas, Las;35013 Moya;Hombres;2016;3969
35;Palmas, Las;35013 Moya;Hombres;2015;3988
35;Palmas, Las;35013 Moya;Hombres;2014;3999
35;Palmas, Las;35013 Moya;Hombres;2013;4077
35;Palmas, Las;35013 Moya;Hombres;2012;4083
35;Palmas, Las;35013 Moya;Hombres;2011;4108
35;Palmas, Las;35013 Moya;Hombres;2010;4122
35;Palmas, Las;35013 Moya;Hombres;2009;4070
35;Palmas, Las;35013 Moya;Hombres;2008;4087
35;Palmas, Las;35013 Moya;Hombres;2007;4036
35;Palmas, Las;35013 Moya;Hombres;2006;3954
35;Palmas, Las;35013 Moya;Hombres;2005;3944
35;Palmas, Las;35013 Moya;Hombres;2004;3973
35;Palmas, Las;35013 Moya;Hombres;2003;4194
35;Palmas, Las;35013 Moya;Hombres;2002;4269
35;Palmas, Las;35013 Moya;Hombres;2001;4343
35;Palmas, Las;35013 Moya;Hombres;2000;4391
35;Palmas, Las;35013 Moya;Hombres;1999;4418
35;Palmas, Las;35013 Moya;Hombres;1998;4367
35;Palmas, Las;35013 Moya;Hombres;1997;
35;Palmas, Las;35013 Moya;Hombres;1996;4371
35;Palmas, Las;35013 Moya;Mujeres;2023;3898
35;Palmas, Las;35013 Moya;Mujeres;2022;3869
35;Palmas, Las;35013 Moya;Mujeres;2021;3852
35;Palmas, Las;35013 Moya;Mujeres;2020;3807
35;Palmas, Las;35013 Moya;Mujeres;2019;3783
35;Palmas, Las;35013 Moya;Mujeres;2018;3795
35;Palmas, Las;35013 Moya;Mujeres;2017;3838
35;Palmas, Las;35013 Moya;Mujeres;2016;3852
35;Palmas, Las;35013 Moya;Mujeres;2015;3857
35;Palmas, Las;35013 Moya;Mujeres;2014;3870
35;Palmas, Las;35013 Moya;Mujeres;2013;3900
35;Palmas, Las;35013 Moya;Mujeres;2012;3959
35;Palmas, Las;35013 Moya;Mujeres;2011;3981
35;Palmas, Las;35013 Moya;Mujeres;2010;3976
35;Palmas, Las;35013 Moya;Mujeres;2009;3984
35;Palmas, Las;35013 Moya;Mujeres;2008;3984
35;Palmas, Las;35013 Moya;Mujeres;2007;3938
35;Palmas, Las;35013 Moya;Mujeres;2006;3854
35;Palmas, Las;35013 Moya;Mujeres;2005;3857
35;Palmas, Las;35013 Moya;Mujeres;2004;3852
35;Palmas, Las;35013 Moya;Mujeres;2003;4113
35;Palmas, Las;35013 Moya;Mujeres;2002;4166
35;Palmas, Las;35013 Moya;Mujeres;2001;4251
35;Palmas, Las;35013 Moya;Mujeres;2000;4273
35;Palmas, Las;35013 Moya;Mujeres;1999;4283
35;Palmas, Las;35013 Moya;Mujeres;1998;4246
35;Palmas, Las;35013 Moya;Mujeres;1997;
35;Palmas, Las;35013 Moya;Mujeres;1996;4292
35;Palmas, Las;35014 Oliva, La;Total;2023;29099
35;Palmas, Las;35014 Oliva, La;Total;2022;27945
35;Palmas, Las;35014 Oliva, La;Total;2021;27768
35;Palmas, Las;35014 Oliva, La;Total;2020;27234
35;Palmas, Las;35014 Oliva, La;Total;2019;26580
35;Palmas, Las;35014 Oliva, La;Total;2018;25884
35;Palmas, Las;35014 Oliva, La;Total;2017;25349
35;Palmas, Las;35014 Oliva, La;Total;2016;24508
35;Palmas, Las;35014 Oliva, La;Total;2015;25199
35;Palmas, Las;35014 Oliva, La;Total;2014;24307
35;Palmas, Las;35014 Oliva, La;Total;2013;25083
35;Palmas, Las;35014 Oliva, La;Total;2012;24079
35;Palmas, Las;35014 Oliva, La;Total;2011;22953
35;Palmas, Las;35014 Oliva, La;Total;2010;22351
35;Palmas, Las;35014 Oliva, La;Total;2009;21996
35;Palmas, Las;35014 Oliva, La;Total;2008;21354
35;Palmas, Las;35014 Oliva, La;Total;2007;20084
35;Palmas, Las;35014 Oliva, La;Total;2006;18884
35;Palmas, Las;35014 Oliva, La;Total;2005;17273
35;Palmas, Las;35014 Oliva, La;Total;2004;15583
35;Palmas, Las;35014 Oliva, La;Total;2003;14042
35;Palmas, Las;35014 Oliva, La;Total;2002;13026
35;Palmas, Las;35014 Oliva, La;Total;2001;11376
35;Palmas, Las;35014 Oliva, La;Total;2000;10578
35;Palmas, Las;35014 Oliva, La;Total;1999;9547
35;Palmas, Las;35014 Oliva, La;Total;1998;8500
35;Palmas, Las;35014 Oliva, La;Total;1997;
35;Palmas, Las;35014 Oliva, La;Total;1996;6956
35;Palmas, Las;35014 Oliva, La;Hombres;2023;15055
35;Palmas, Las;35014 Oliva, La;Hombres;2022;14474
35;Palmas, Las;35014 Oliva, La;Hombres;2021;14398
35;Palmas, Las;35014 Oliva, La;Hombres;2020;14140
35;Palmas, Las;35014 Oliva, La;Hombres;2019;13825
35;Palmas, Las;35014 Oliva, La;Hombres;2018;13505
35;Palmas, Las;35014 Oliva, La;Hombres;2017;13251
35;Palmas, Las;35014 Oliva, La;Hombres;2016;12895
35;Palmas, Las;35014 Oliva, La;Hombres;2015;13367
35;Palmas, Las;35014 Oliva, La;Hombres;2014;12873
35;Palmas, Las;35014 Oliva, La;Hombres;2013;13328
35;Palmas, Las;35014 Oliva, La;Hombres;2012;12860
35;Palmas, Las;35014 Oliva, La;Hombres;2011;12309
35;Palmas, Las;35014 Oliva, La;Hombres;2010;11976
35;Palmas, Las;35014 Oliva, La;Hombres;2009;11854
35;Palmas, Las;35014 Oliva, La;Hombres;2008;11578
35;Palmas, Las;35014 Oliva, La;Hombres;2007;10941
35;Palmas, Las;35014 Oliva, La;Hombres;2006;10307
35;Palmas, Las;35014 Oliva, La;Hombres;2005;9419
35;Palmas, Las;35014 Oliva, La;Hombres;2004;8452
35;Palmas, Las;35014 Oliva, La;Hombres;2003;7548
35;Palmas, Las;35014 Oliva, La;Hombres;2002;6984
35;Palmas, Las;35014 Oliva, La;Hombres;2001;6145
35;Palmas, Las;35014 Oliva, La;Hombres;2000;5713
35;Palmas, Las;35014 Oliva, La;Hombres;1999;5132
35;Palmas, Las;35014 Oliva, La;Hombres;1998;4527
35;Palmas, Las;35014 Oliva, La;Hombres;1997;
35;Palmas, Las;35014 Oliva, La;Hombres;1996;3596
35;Palmas, Las;35014 Oliva, La;Mujeres;2023;14044
35;Palmas, Las;35014 Oliva, La;Mujeres;2022;13471
35;Palmas, Las;35014 Oliva, La;Mujeres;2021;13370
35;Palmas, Las;35014 Oliva, La;Mujeres;2020;13094
35;Palmas, Las;35014 Oliva, La;Mujeres;2019;12755
35;Palmas, Las;35014 Oliva, La;Mujeres;2018;12379
35;Palmas, Las;35014 Oliva, La;Mujeres;2017;12098
35;Palmas, Las;35014 Oliva, La;Mujeres;2016;11613
35;Palmas, Las;35014 Oliva, La;Mujeres;2015;11832
35;Palmas, Las;35014 Oliva, La;Mujeres;2014;11434
35;Palmas, Las;35014 Oliva, La;Mujeres;2013;11755
35;Palmas, Las;35014 Oliva, La;Mujeres;2012;11219
35;Palmas, Las;35014 Oliva, La;Mujeres;2011;10644
35;Palmas, Las;35014 Oliva, La;Mujeres;2010;10375
35;Palmas, Las;35014 Oliva, La;Mujeres;2009;10142
35;Palmas, Las;35014 Oliva, La;Mujeres;2008;9776
35;Palmas, Las;35014 Oliva, La;Mujeres;2007;9143
35;Palmas, Las;35014 Oliva, La;Mujeres;2006;8577
35;Palmas, Las;35014 Oliva, La;Mujeres;2005;7854
35;Palmas, Las;35014 Oliva, La;Mujeres;2004;7131
35;Palmas, Las;35014 Oliva, La;Mujeres;2003;6494
35;Palmas, Las;35014 Oliva, La;Mujeres;2002;6042
35;Palmas, Las;35014 Oliva, La;Mujeres;2001;5231
35;Palmas, Las;35014 Oliva, La;Mujeres;2000;4865
35;Palmas, Las;35014 Oliva, La;Mujeres;1999;4415
35;Palmas, Las;35014 Oliva, La;Mujeres;1998;3973
35;Palmas, Las;35014 Oliva, La;Mujeres;1997;
35;Palmas, Las;35014 Oliva, La;Mujeres;1996;3360
35;Palmas, Las;35015 Pájara;Total;2023;21271
35;Palmas, Las;35015 Pájara;Total;2022;20751
35;Palmas, Las;35015 Pájara;Total;2021;21014
35;Palmas, Las;35015 Pájara;Total;2020;21349
35;Palmas, Las;35015 Pájara;Total;2019;21093
35;Palmas, Las;35015 Pájara;Total;2018;20539
35;Palmas, Las;35015 Pájara;Total;2017;19823
35;Palmas, Las;35015 Pájara;Total;2016;19394
35;Palmas, Las;35015 Pájara;Total;2015;19271
35;Palmas, Las;35015 Pájara;Total;2014;19679
35;Palmas, Las;35015 Pájara;Total;2013;20931
35;Palmas, Las;35015 Pájara;Total;2012;20500
35;Palmas, Las;35015 Pájara;Total;2011;20565
35;Palmas, Las;35015 Pájara;Total;2010;20622
35;Palmas, Las;35015 Pájara;Total;2009;20821
35;Palmas, Las;35015 Pájara;Total;2008;20283
35;Palmas, Las;35015 Pájara;Total;2007;19424
35;Palmas, Las;35015 Pájara;Total;2006;18494
35;Palmas, Las;35015 Pájara;Total;2005;18173
35;Palmas, Las;35015 Pájara;Total;2004;16821
35;Palmas, Las;35015 Pájara;Total;2003;16279
35;Palmas, Las;35015 Pájara;Total;2002;15860
35;Palmas, Las;35015 Pájara;Total;2001;14629
35;Palmas, Las;35015 Pájara;Total;2000;12923
35;Palmas, Las;35015 Pájara;Total;1999;10132
35;Palmas, Las;35015 Pájara;Total;1998;8556
35;Palmas, Las;35015 Pájara;Total;1997;
35;Palmas, Las;35015 Pájara;Total;1996;5812
35;Palmas, Las;35015 Pájara;Hombres;2023;10988
35;Palmas, Las;35015 Pájara;Hombres;2022;10782
35;Palmas, Las;35015 Pájara;Hombres;2021;10946
35;Palmas, Las;35015 Pájara;Hombres;2020;11118
35;Palmas, Las;35015 Pájara;Hombres;2019;10977
35;Palmas, Las;35015 Pájara;Hombres;2018;10661
35;Palmas, Las;35015 Pájara;Hombres;2017;10302
35;Palmas, Las;35015 Pájara;Hombres;2016;10093
35;Palmas, Las;35015 Pájara;Hombres;2015;10061
35;Palmas, Las;35015 Pájara;Hombres;2014;10342
35;Palmas, Las;35015 Pájara;Hombres;2013;11049
35;Palmas, Las;35015 Pájara;Hombres;2012;10920
35;Palmas, Las;35015 Pájara;Hombres;2011;11063
35;Palmas, Las;35015 Pájara;Hombres;2010;11209
35;Palmas, Las;35015 Pájara;Hombres;2009;11425
35;Palmas, Las;35015 Pájara;Hombres;2008;11164
35;Palmas, Las;35015 Pájara;Hombres;2007;10765
35;Palmas, Las;35015 Pájara;Hombres;2006;10284
35;Palmas, Las;35015 Pájara;Hombres;2005;10211
35;Palmas, Las;35015 Pájara;Hombres;2004;9490
35;Palmas, Las;35015 Pájara;Hombres;2003;9319
35;Palmas, Las;35015 Pájara;Hombres;2002;9152
35;Palmas, Las;35015 Pájara;Hombres;2001;8469
35;Palmas, Las;35015 Pájara;Hombres;2000;7390
35;Palmas, Las;35015 Pájara;Hombres;1999;5677
35;Palmas, Las;35015 Pájara;Hombres;1998;4707
35;Palmas, Las;35015 Pájara;Hombres;1997;
35;Palmas, Las;35015 Pájara;Hombres;1996;3057
35;Palmas, Las;35015 Pájara;Mujeres;2023;10283
35;Palmas, Las;35015 Pájara;Mujeres;2022;9969
35;Palmas, Las;35015 Pájara;Mujeres;2021;10068
35;Palmas, Las;35015 Pájara;Mujeres;2020;10231
35;Palmas, Las;35015 Pájara;Mujeres;2019;10116
35;Palmas, Las;35015 Pájara;Mujeres;2018;9878
35;Palmas, Las;35015 Pájara;Mujeres;2017;9521
35;Palmas, Las;35015 Pájara;Mujeres;2016;9301
35;Palmas, Las;35015 Pájara;Mujeres;2015;9210
35;Palmas, Las;35015 Pájara;Mujeres;2014;9337
35;Palmas, Las;35015 Pájara;Mujeres;2013;9882
35;Palmas, Las;35015 Pájara;Mujeres;2012;9580
35;Palmas, Las;35015 Pájara;Mujeres;2011;9502
35;Palmas, Las;35015 Pájara;Mujeres;2010;9413
35;Palmas, Las;35015 Pájara;Mujeres;2009;9396
35;Palmas, Las;35015 Pájara;Mujeres;2008;9119
35;Palmas, Las;35015 Pájara;Mujeres;2007;8659
35;Palmas, Las;35015 Pájara;Mujeres;2006;8210
35;Palmas, Las;35015 Pájara;Mujeres;2005;7962
35;Palmas, Las;35015 Pájara;Mujeres;2004;7331
35;Palmas, Las;35015 Pájara;Mujeres;2003;6960
35;Palmas, Las;35015 Pájara;Mujeres;2002;6708
35;Palmas, Las;35015 Pájara;Mujeres;2001;6160
35;Palmas, Las;35015 Pájara;Mujeres;2000;5533
35;Palmas, Las;35015 Pájara;Mujeres;1999;4455
35;Palmas, Las;35015 Pájara;Mujeres;1998;3849
35;Palmas, Las;35015 Pájara;Mujeres;1997;
35;Palmas, Las;35015 Pájara;Mujeres;1996;2755
35;Palmas, Las;35016 Palmas de Gran Canaria, Las;Total;2023;378027
35;Palmas, Las;35016 Palmas de Gran Canaria, Las;Total;2022;378797
35;Palmas, Las;35016 Palmas de Gran Canaria, Las;Total;2021;378675
35;Palmas, Las;35016 Palmas de Gran Canaria, Las;Total;2020;381223
35;Palmas, Las;35016 Palmas de Gran Canaria, Las;Total;2019;379925
35;Palmas, Las;35016 Palmas de Gran Canaria, Las;Total;2018;378517
35;Palmas, Las;35016 Palmas de Gran Canaria, Las;Total;2017;377650
35;Palmas, Las;35016 Palmas de Gran Canaria, Las;Total;2016;378998
35;Palmas, Las;35016 Palmas de Gran Canaria, Las;Total;2015;379766
35;Palmas, Las;35016 Palmas de Gran Canaria, Las;Total;2014;382283
35;Palmas, Las;35016 Palmas de Gran Canaria, Las;Total;2013;383050
35;Palmas, Las;35016 Palmas de Gran Canaria, Las;Total;2012;382296
35;Palmas, Las;35016 Palmas de Gran Canaria, Las;Total;2011;383343
35;Palmas, Las;35016 Palmas de Gran Canaria, Las;Total;2010;383308
35;Palmas, Las;35016 Palmas de Gran Canaria, Las;Total;2009;381847
35;Palmas, Las;35016 Palmas de Gran Canaria, Las;Total;2008;381123
35;Palmas, Las;35016 Palmas de Gran Canaria, Las;Total;2007;377203
35;Palmas, Las;35016 Palmas de Gran Canaria, Las;Total;2006;377056
35;Palmas, Las;35016 Palmas de Gran Canaria, Las;Total;2005;378628
35;Palmas, Las;35016 Palmas de Gran Canaria, Las;Total;2004;376953
35;Palmas, Las;35016 Palmas de Gran Canaria, Las;Total;2003;377600
35;Palmas, Las;35016 Palmas de Gran Canaria, Las;Total;2002;370649
35;Palmas, Las;35016 Palmas de Gran Canaria, Las;Total;2001;364777
35;Palmas, Las;35016 Palmas de Gran Canaria, Las;Total;2000;358518
35;Palmas, Las;35016 Palmas de Gran Canaria, Las;Total;1999;354757
35;Palmas, Las;35016 Palmas de Gran Canaria, Las;Total;1998;352641
35;Palmas, Las;35016 Palmas de Gran Canaria, Las;Total;1997;
35;Palmas, Las;35016 Palmas de Gran Canaria, Las;Total;1996;355563
35;Palmas, Las;35016 Palmas de Gran Canaria, Las;Hombres;2023;181846
35;Palmas, Las;35016 Palmas de Gran Canaria, Las;Hombres;2022;182267
35;Palmas, Las;35016 Palmas de Gran Canaria, Las;Hombres;2021;182571
35;Palmas, Las;35016 Palmas de Gran Canaria, Las;Hombres;2020;183905
35;Palmas, Las;35016 Palmas de Gran Canaria, Las;Hombres;2019;183417
35;Palmas, Las;35016 Palmas de Gran Canaria, Las;Hombres;2018;183034
35;Palmas, Las;35016 Palmas de Gran Canaria, Las;Hombres;2017;182881
35;Palmas, Las;35016 Palmas de Gran Canaria, Las;Hombres;2016;183816
35;Palmas, Las;35016 Palmas de Gran Canaria, Las;Hombres;2015;184254
35;Palmas, Las;35016 Palmas de Gran Canaria, Las;Hombres;2014;185692
35;Palmas, Las;35016 Palmas de Gran Canaria, Las;Hombres;2013;186335
35;Palmas, Las;35016 Palmas de Gran Canaria, Las;Hombres;2012;186030
35;Palmas, Las;35016 Palmas de Gran Canaria, Las;Hombres;2011;186866
35;Palmas, Las;35016 Palmas de Gran Canaria, Las;Hombres;2010;186942
35;Palmas, Las;35016 Palmas de Gran Canaria, Las;Hombres;2009;186191
35;Palmas, Las;35016 Palmas de Gran Canaria, Las;Hombres;2008;185770
35;Palmas, Las;35016 Palmas de Gran Canaria, Las;Hombres;2007;184059
35;Palmas, Las;35016 Palmas de Gran Canaria, Las;Hombres;2006;184295
35;Palmas, Las;35016 Palmas de Gran Canaria, Las;Hombres;2005;185494
35;Palmas, Las;35016 Palmas de Gran Canaria, Las;Hombres;2004;184619
35;Palmas, Las;35016 Palmas de Gran Canaria, Las;Hombres;2003;185188
35;Palmas, Las;35016 Palmas de Gran Canaria, Las;Hombres;2002;181581
35;Palmas, Las;35016 Palmas de Gran Canaria, Las;Hombres;2001;178582
35;Palmas, Las;35016 Palmas de Gran Canaria, Las;Hombres;2000;175221
35;Palmas, Las;35016 Palmas de Gran Canaria, Las;Hombres;1999;173266
35;Palmas, Las;35016 Palmas de Gran Canaria, Las;Hombres;1998;171964
35;Palmas, Las;35016 Palmas de Gran Canaria, Las;Hombres;1997;
35;Palmas, Las;35016 Palmas de Gran Canaria, Las;Hombres;1996;174894
35;Palmas, Las;35016 Palmas de Gran Canaria, Las;Mujeres;2023;196181
35;Palmas, Las;35016 Palmas de Gran Canaria, Las;Mujeres;2022;196530
35;Palmas, Las;35016 Palmas de Gran Canaria, Las;Mujeres;2021;196104
35;Palmas, Las;35016 Palmas de Gran Canaria, Las;Mujeres;2020;197318
35;Palmas, Las;35016 Palmas de Gran Canaria, Las;Mujeres;2019;196508
35;Palmas, Las;35016 Palmas de Gran Canaria, Las;Mujeres;2018;195483
35;Palmas, Las;35016 Palmas de Gran Canaria, Las;Mujeres;2017;194769
35;Palmas, Las;35016 Palmas de Gran Canaria, Las;Mujeres;2016;195182
35;Palmas, Las;35016 Palmas de Gran Canaria, Las;Mujeres;2015;195512
35;Palmas, Las;35016 Palmas de Gran Canaria, Las;Mujeres;2014;196591
35;Palmas, Las;35016 Palmas de Gran Canaria, Las;Mujeres;2013;196715
35;Palmas, Las;35016 Palmas de Gran Canaria, Las;Mujeres;2012;196266
35;Palmas, Las;35016 Palmas de Gran Canaria, Las;Mujeres;2011;196477
35;Palmas, Las;35016 Palmas de Gran Canaria, Las;Mujeres;2010;196366
35;Palmas, Las;35016 Palmas de Gran Canaria, Las;Mujeres;2009;195656
35;Palmas, Las;35016 Palmas de Gran Canaria, Las;Mujeres;2008;195353
35;Palmas, Las;35016 Palmas de Gran Canaria, Las;Mujeres;2007;193144
35;Palmas, Las;35016 Palmas de Gran Canaria, Las;Mujeres;2006;192761
35;Palmas, Las;35016 Palmas de Gran Canaria, Las;Mujeres;2005;193134
35;Palmas, Las;35016 Palmas de Gran Canaria, Las;Mujeres;2004;192334
35;Palmas, Las;35016 Palmas de Gran Canaria, Las;Mujeres;2003;192412
35;Palmas, Las;35016 Palmas de Gran Canaria, Las;Mujeres;2002;189068
35;Palmas, Las;35016 Palmas de Gran Canaria, Las;Mujeres;2001;186195
35;Palmas, Las;35016 Palmas de Gran Canaria, Las;Mujeres;2000;183297
35;Palmas, Las;35016 Palmas de Gran Canaria, Las;Mujeres;1999;181491
35;Palmas, Las;35016 Palmas de Gran Canaria, Las;Mujeres;1998;180677
35;Palmas, Las;35016 Palmas de Gran Canaria, Las;Mujeres;1997;
35;Palmas, Las;35016 Palmas de Gran Canaria, Las;Mujeres;1996;180669
35;Palmas, Las;35017 Puerto del Rosario;Total;2023;43390
35;Palmas, Las;35017 Puerto del Rosario;Total;2022;42024
35;Palmas, Las;35017 Puerto del Rosario;Total;2021;41786
35;Palmas, Las;35017 Puerto del Rosario;Total;2020;41808
35;Palmas, Las;35017 Puerto del Rosario;Total;2019;40753
35;Palmas, Las;35017 Puerto del Rosario;Total;2018;39382
35;Palmas, Las;35017 Puerto del Rosario;Total;2017;38711
35;Palmas, Las;35017 Puerto del Rosario;Total;2016;38126
35;Palmas, Las;35017 Puerto del Rosario;Total;2015;37363
35;Palmas, Las;35017 Puerto del Rosario;Total;2014;36790
35;Palmas, Las;35017 Puerto del Rosario;Total;2013;36774
35;Palmas, Las;35017 Puerto del Rosario;Total;2012;36285
35;Palmas, Las;35017 Puerto del Rosario;Total;2011;35664
35;Palmas, Las;35017 Puerto del Rosario;Total;2010;35702
35;Palmas, Las;35017 Puerto del Rosario;Total;2009;35667
35;Palmas, Las;35017 Puerto del Rosario;Total;2008;35293
35;Palmas, Las;35017 Puerto del Rosario;Total;2007;31808
35;Palmas, Las;35017 Puerto del Rosario;Total;2006;30555
35;Palmas, Las;35017 Puerto del Rosario;Total;2005;30363
35;Palmas, Las;35017 Puerto del Rosario;Total;2004;28357
35;Palmas, Las;35017 Puerto del Rosario;Total;2003;26093
35;Palmas, Las;35017 Puerto del Rosario;Total;2002;22652
35;Palmas, Las;35017 Puerto del Rosario;Total;2001;23068
35;Palmas, Las;35017 Puerto del Rosario;Total;2000;21274
35;Palmas, Las;35017 Puerto del Rosario;Total;1999;20218
35;Palmas, Las;35017 Puerto del Rosario;Total;1998;19367
35;Palmas, Las;35017 Puerto del Rosario;Total;1997;
35;Palmas, Las;35017 Puerto del Rosario;Total;1996;19030
35;Palmas, Las;35017 Puerto del Rosario;Hombres;2023;21811
35;Palmas, Las;35017 Puerto del Rosario;Hombres;2022;21078
35;Palmas, Las;35017 Puerto del Rosario;Hombres;2021;21069
35;Palmas, Las;35017 Puerto del Rosario;Hombres;2020;21145
35;Palmas, Las;35017 Puerto del Rosario;Hombres;2019;20640
35;Palmas, Las;35017 Puerto del Rosario;Hombres;2018;19989
35;Palmas, Las;35017 Puerto del Rosario;Hombres;2017;19650
35;Palmas, Las;35017 Puerto del Rosario;Hombres;2016;19399
35;Palmas, Las;35017 Puerto del Rosario;Hombres;2015;19082
35;Palmas, Las;35017 Puerto del Rosario;Hombres;2014;18784
35;Palmas, Las;35017 Puerto del Rosario;Hombres;2013;18856
35;Palmas, Las;35017 Puerto del Rosario;Hombres;2012;18632
35;Palmas, Las;35017 Puerto del Rosario;Hombres;2011;18346
35;Palmas, Las;35017 Puerto del Rosario;Hombres;2010;18399
35;Palmas, Las;35017 Puerto del Rosario;Hombres;2009;18551
35;Palmas, Las;35017 Puerto del Rosario;Hombres;2008;18487
35;Palmas, Las;35017 Puerto del Rosario;Hombres;2007;16731
35;Palmas, Las;35017 Puerto del Rosario;Hombres;2006;16080
35;Palmas, Las;35017 Puerto del Rosario;Hombres;2005;15961
35;Palmas, Las;35017 Puerto del Rosario;Hombres;2004;14849
35;Palmas, Las;35017 Puerto del Rosario;Hombres;2003;13646
35;Palmas, Las;35017 Puerto del Rosario;Hombres;2002;11902
35;Palmas, Las;35017 Puerto del Rosario;Hombres;2001;12151
35;Palmas, Las;35017 Puerto del Rosario;Hombres;2000;11169
35;Palmas, Las;35017 Puerto del Rosario;Hombres;1999;10593
35;Palmas, Las;35017 Puerto del Rosario;Hombres;1998;10165
35;Palmas, Las;35017 Puerto del Rosario;Hombres;1997;
35;Palmas, Las;35017 Puerto del Rosario;Hombres;1996;10001
35;Palmas, Las;35017 Puerto del Rosario;Mujeres;2023;21579
35;Palmas, Las;35017 Puerto del Rosario;Mujeres;2022;20946
35;Palmas, Las;35017 Puerto del Rosario;Mujeres;2021;20717
35;Palmas, Las;35017 Puerto del Rosario;Mujeres;2020;20663
35;Palmas, Las;35017 Puerto del Rosario;Mujeres;2019;20113
35;Palmas, Las;35017 Puerto del Rosario;Mujeres;2018;19393
35;Palmas, Las;35017 Puerto del Rosario;Mujeres;2017;19061
35;Palmas, Las;35017 Puerto del Rosario;Mujeres;2016;18727
35;Palmas, Las;35017 Puerto del Rosario;Mujeres;2015;18281
35;Palmas, Las;35017 Puerto del Rosario;Mujeres;2014;18006
35;Palmas, Las;35017 Puerto del Rosario;Mujeres;2013;17918
35;Palmas, Las;35017 Puerto del Rosario;Mujeres;2012;17653
35;Palmas, Las;35017 Puerto del Rosario;Mujeres;2011;17318
35;Palmas, Las;35017 Puerto del Rosario;Mujeres;2010;17303
35;Palmas, Las;35017 Puerto del Rosario;Mujeres;2009;17116
35;Palmas, Las;35017 Puerto del Rosario;Mujeres;2008;16806
35;Palmas, Las;35017 Puerto del Rosario;Mujeres;2007;15077
35;Palmas, Las;35017 Puerto del Rosario;Mujeres;2006;14475
35;Palmas, Las;35017 Puerto del Rosario;Mujeres;2005;14402
35;Palmas, Las;35017 Puerto del Rosario;Mujeres;2004;13508
35;Palmas, Las;35017 Puerto del Rosario;Mujeres;2003;12447
35;Palmas, Las;35017 Puerto del Rosario;Mujeres;2002;10750
35;Palmas, Las;35017 Puerto del Rosario;Mujeres;2001;10917
35;Palmas, Las;35017 Puerto del Rosario;Mujeres;2000;10105
35;Palmas, Las;35017 Puerto del Rosario;Mujeres;1999;9625
35;Palmas, Las;35017 Puerto del Rosario;Mujeres;1998;9202
35;Palmas, Las;35017 Puerto del Rosario;Mujeres;1997;
35;Palmas, Las;35017 Puerto del Rosario;Mujeres;1996;9029
35;Palmas, Las;35018 San Bartolomé;Total;2023;19200
35;Palmas, Las;35018 San Bartolomé;Total;2022;18989
35;Palmas, Las;35018 San Bartolomé;Total;2021;19058
35;Palmas, Las;35018 San Bartolomé;Total;2020;19099
35;Palmas, Las;35018 San Bartolomé;Total;2019;18816
35;Palmas, Las;35018 San Bartolomé;Total;2018;18327
35;Palmas, Las;35018 San Bartolomé;Total;2017;18249
35;Palmas, Las;35018 San Bartolomé;Total;2016;18151
35;Palmas, Las;35018 San Bartolomé;Total;2015;18402
35;Palmas, Las;35018 San Bartolomé;Total;2014;18689
35;Palmas, Las;35018 San Bartolomé;Total;2013;18541
35;Palmas, Las;35018 San Bartolomé;Total;2012;18487
35;Palmas, Las;35018 San Bartolomé;Total;2011;18468
35;Palmas, Las;35018 San Bartolomé;Total;2010;18161
35;Palmas, Las;35018 San Bartolomé;Total;2009;18517
35;Palmas, Las;35018 San Bartolomé;Total;2008;18300
35;Palmas, Las;35018 San Bartolomé;Total;2007;18050
35;Palmas, Las;35018 San Bartolomé;Total;2006;17610
35;Palmas, Las;35018 San Bartolomé;Total;2005;17452
35;Palmas, Las;35018 San Bartolomé;Total;2004;16884
35;Palmas, Las;35018 San Bartolomé;Total;2003;16481
35;Palmas, Las;35018 San Bartolomé;Total;2002;15910
35;Palmas, Las;35018 San Bartolomé;Total;2001;14835
35;Palmas, Las;35018 San Bartolomé;Total;2000;13129
35;Palmas, Las;35018 San Bartolomé;Total;1999;11576
35;Palmas, Las;35018 San Bartolomé;Total;1998;10127
35;Palmas, Las;35018 San Bartolomé;Total;1997;
35;Palmas, Las;35018 San Bartolomé;Total;1996;9852
35;Palmas, Las;35018 San Bartolomé;Hombres;2023;9509
35;Palmas, Las;35018 San Bartolomé;Hombres;2022;9439
35;Palmas, Las;35018 San Bartolomé;Hombres;2021;9528
35;Palmas, Las;35018 San Bartolomé;Hombres;2020;9556
35;Palmas, Las;35018 San Bartolomé;Hombres;2019;9418
35;Palmas, Las;35018 San Bartolomé;Hombres;2018;9181
35;Palmas, Las;35018 San Bartolomé;Hombres;2017;9187
35;Palmas, Las;35018 San Bartolomé;Hombres;2016;9159
35;Palmas, Las;35018 San Bartolomé;Hombres;2015;9288
35;Palmas, Las;35018 San Bartolomé;Hombres;2014;9443
35;Palmas, Las;35018 San Bartolomé;Hombres;2013;9389
35;Palmas, Las;35018 San Bartolomé;Hombres;2012;9374
35;Palmas, Las;35018 San Bartolomé;Hombres;2011;9423
35;Palmas, Las;35018 San Bartolomé;Hombres;2010;9309
35;Palmas, Las;35018 San Bartolomé;Hombres;2009;9525
35;Palmas, Las;35018 San Bartolomé;Hombres;2008;9465
35;Palmas, Las;35018 San Bartolomé;Hombres;2007;9323
35;Palmas, Las;35018 San Bartolomé;Hombres;2006;9141
35;Palmas, Las;35018 San Bartolomé;Hombres;2005;9042
35;Palmas, Las;35018 San Bartolomé;Hombres;2004;8689
35;Palmas, Las;35018 San Bartolomé;Hombres;2003;8533
35;Palmas, Las;35018 San Bartolomé;Hombres;2002;8220
35;Palmas, Las;35018 San Bartolomé;Hombres;2001;7674
35;Palmas, Las;35018 San Bartolomé;Hombres;2000;6829
35;Palmas, Las;35018 San Bartolomé;Hombres;1999;6057
35;Palmas, Las;35018 San Bartolomé;Hombres;1998;5289
35;Palmas, Las;35018 San Bartolomé;Hombres;1997;
35;Palmas, Las;35018 San Bartolomé;Hombres;1996;5052
35;Palmas, Las;35018 San Bartolomé;Mujeres;2023;9691
35;Palmas, Las;35018 San Bartolomé;Mujeres;2022;9550
35;Palmas, Las;35018 San Bartolomé;Mujeres;2021;9530
35;Palmas, Las;35018 San Bartolomé;Mujeres;2020;9543
35;Palmas, Las;35018 San Bartolomé;Mujeres;2019;9398
35;Palmas, Las;35018 San Bartolomé;Mujeres;2018;9146
35;Palmas, Las;35018 San Bartolomé;Mujeres;2017;9062
35;Palmas, Las;35018 San Bartolomé;Mujeres;2016;8992
35;Palmas, Las;35018 San Bartolomé;Mujeres;2015;9114
35;Palmas, Las;35018 San Bartolomé;Mujeres;2014;9246
35;Palmas, Las;35018 San Bartolomé;Mujeres;2013;9152
35;Palmas, Las;35018 San Bartolomé;Mujeres;2012;9113
35;Palmas, Las;35018 San Bartolomé;Mujeres;2011;9045
35;Palmas, Las;35018 San Bartolomé;Mujeres;2010;8852
35;Palmas, Las;35018 San Bartolomé;Mujeres;2009;8992
35;Palmas, Las;35018 San Bartolomé;Mujeres;2008;8835
35;Palmas, Las;35018 San Bartolomé;Mujeres;2007;8727
35;Palmas, Las;35018 San Bartolomé;Mujeres;2006;8469
35;Palmas, Las;35018 San Bartolomé;Mujeres;2005;8410
35;Palmas, Las;35018 San Bartolomé;Mujeres;2004;8195
35;Palmas, Las;35018 San Bartolomé;Mujeres;2003;7948
35;Palmas, Las;35018 San Bartolomé;Mujeres;2002;7690
35;Palmas, Las;35018 San Bartolomé;Mujeres;2001;7161
35;Palmas, Las;35018 San Bartolomé;Mujeres;2000;6300
35;Palmas, Las;35018 San Bartolomé;Mujeres;1999;5519
35;Palmas, Las;35018 San Bartolomé;Mujeres;1998;4838
35;Palmas, Las;35018 San Bartolomé;Mujeres;1997;
35;Palmas, Las;35018 San Bartolomé;Mujeres;1996;4800
35;Palmas, Las;35019 San Bartolomé de Tirajana;Total;2023;53912
35;Palmas, Las;35019 San Bartolomé de Tirajana;Total;2022;52936
35;Palmas, Las;35019 San Bartolomé de Tirajana;Total;2021;53066
35;Palmas, Las;35019 San Bartolomé de Tirajana;Total;2020;53397
35;Palmas, Las;35019 San Bartolomé de Tirajana;Total;2019;53443
35;Palmas, Las;35019 San Bartolomé de Tirajana;Total;2018;53588
35;Palmas, Las;35019 San Bartolomé de Tirajana;Total;2017;53542
35;Palmas, Las;35019 San Bartolomé de Tirajana;Total;2016;53829
35;Palmas, Las;35019 San Bartolomé de Tirajana;Total;2015;54932
35;Palmas, Las;35019 San Bartolomé de Tirajana;Total;2014;54377
35;Palmas, Las;35019 San Bartolomé de Tirajana;Total;2013;56698
35;Palmas, Las;35019 San Bartolomé de Tirajana;Total;2012;55954
35;Palmas, Las;35019 San Bartolomé de Tirajana;Total;2011;54613
35;Palmas, Las;35019 San Bartolomé de Tirajana;Total;2010;53288
35;Palmas, Las;35019 San Bartolomé de Tirajana;Total;2009;52161
35;Palmas, Las;35019 San Bartolomé de Tirajana;Total;2008;51260
35;Palmas, Las;35019 San Bartolomé de Tirajana;Total;2007;49601
35;Palmas, Las;35019 San Bartolomé de Tirajana;Total;2006;47922
35;Palmas, Las;35019 San Bartolomé de Tirajana;Total;2005;46428
35;Palmas, Las;35019 San Bartolomé de Tirajana;Total;2004;44155
35;Palmas, Las;35019 San Bartolomé de Tirajana;Total;2003;45559
35;Palmas, Las;35019 San Bartolomé de Tirajana;Total;2002;42403
35;Palmas, Las;35019 San Bartolomé de Tirajana;Total;2001;40825
35;Palmas, Las;35019 San Bartolomé de Tirajana;Total;2000;39939
35;Palmas, Las;35019 San Bartolomé de Tirajana;Total;1999;38729
35;Palmas, Las;35019 San Bartolomé de Tirajana;Total;1998;37162
35;Palmas, Las;35019 San Bartolomé de Tirajana;Total;1997;
35;Palmas, Las;35019 San Bartolomé de Tirajana;Total;1996;35443
35;Palmas, Las;35019 San Bartolomé de Tirajana;Hombres;2023;28282
35;Palmas, Las;35019 San Bartolomé de Tirajana;Hombres;2022;27721
35;Palmas, Las;35019 San Bartolomé de Tirajana;Hombres;2021;27752
35;Palmas, Las;35019 San Bartolomé de Tirajana;Hombres;2020;27857
35;Palmas, Las;35019 San Bartolomé de Tirajana;Hombres;2019;27888
35;Palmas, Las;35019 San Bartolomé de Tirajana;Hombres;2018;27932
35;Palmas, Las;35019 San Bartolomé de Tirajana;Hombres;2017;27845
35;Palmas, Las;35019 San Bartolomé de Tirajana;Hombres;2016;27991
35;Palmas, Las;35019 San Bartolomé de Tirajana;Hombres;2015;28653
35;Palmas, Las;35019 San Bartolomé de Tirajana;Hombres;2014;28437
35;Palmas, Las;35019 San Bartolomé de Tirajana;Hombres;2013;29639
35;Palmas, Las;35019 San Bartolomé de Tirajana;Hombres;2012;29279
35;Palmas, Las;35019 San Bartolomé de Tirajana;Hombres;2011;28579
35;Palmas, Las;35019 San Bartolomé de Tirajana;Hombres;2010;27825
35;Palmas, Las;35019 San Bartolomé de Tirajana;Hombres;2009;27228
35;Palmas, Las;35019 San Bartolomé de Tirajana;Hombres;2008;26831
35;Palmas, Las;35019 San Bartolomé de Tirajana;Hombres;2007;25943
35;Palmas, Las;35019 San Bartolomé de Tirajana;Hombres;2006;25001
35;Palmas, Las;35019 San Bartolomé de Tirajana;Hombres;2005;24249
35;Palmas, Las;35019 San Bartolomé de Tirajana;Hombres;2004;23091
35;Palmas, Las;35019 San Bartolomé de Tirajana;Hombres;2003;23724
35;Palmas, Las;35019 San Bartolomé de Tirajana;Hombres;2002;22066
35;Palmas, Las;35019 San Bartolomé de Tirajana;Hombres;2001;21222
35;Palmas, Las;35019 San Bartolomé de Tirajana;Hombres;2000;20681
35;Palmas, Las;35019 San Bartolomé de Tirajana;Hombres;1999;20035
35;Palmas, Las;35019 San Bartolomé de Tirajana;Hombres;1998;19138
35;Palmas, Las;35019 San Bartolomé de Tirajana;Hombres;1997;
35;Palmas, Las;35019 San Bartolomé de Tirajana;Hombres;1996;18186
35;Palmas, Las;35019 San Bartolomé de Tirajana;Mujeres;2023;25630
35;Palmas, Las;35019 San Bartolomé de Tirajana;Mujeres;2022;25215
35;Palmas, Las;35019 San Bartolomé de Tirajana;Mujeres;2021;25314
35;Palmas, Las;35019 San Bartolomé de Tirajana;Mujeres;2020;25540
35;Palmas, Las;35019 San Bartolomé de Tirajana;Mujeres;2019;25555
35;Palmas, Las;35019 San Bartolomé de Tirajana;Mujeres;2018;25656
35;Palmas, Las;35019 San Bartolomé de Tirajana;Mujeres;2017;25697
35;Palmas, Las;35019 San Bartolomé de Tirajana;Mujeres;2016;25838
35;Palmas, Las;35019 San Bartolomé de Tirajana;Mujeres;2015;26279
35;Palmas, Las;35019 San Bartolomé de Tirajana;Mujeres;2014;25940
35;Palmas, Las;35019 San Bartolomé de Tirajana;Mujeres;2013;27059
35;Palmas, Las;35019 San Bartolomé de Tirajana;Mujeres;2012;26675
35;Palmas, Las;35019 San Bartolomé de Tirajana;Mujeres;2011;26034
35;Palmas, Las;35019 San Bartolomé de Tirajana;Mujeres;2010;25463
35;Palmas, Las;35019 San Bartolomé de Tirajana;Mujeres;2009;24933
35;Palmas, Las;35019 San Bartolomé de Tirajana;Mujeres;2008;24429
35;Palmas, Las;35019 San Bartolomé de Tirajana;Mujeres;2007;23658
35;Palmas, Las;35019 San Bartolomé de Tirajana;Mujeres;2006;22921
35;Palmas, Las;35019 San Bartolomé de Tirajana;Mujeres;2005;22179
35;Palmas, Las;35019 San Bartolomé de Tirajana;Mujeres;2004;21064
35;Palmas, Las;35019 San Bartolomé de Tirajana;Mujeres;2003;21835
35;Palmas, Las;35019 San Bartolomé de Tirajana;Mujeres;2002;20337
35;Palmas, Las;35019 San Bartolomé de Tirajana;Mujeres;2001;19603
35;Palmas, Las;35019 San Bartolomé de Tirajana;Mujeres;2000;19258
35;Palmas, Las;35019 San Bartolomé de Tirajana;Mujeres;1999;18694
35;Palmas, Las;35019 San Bartolomé de Tirajana;Mujeres;1998;18024
35;Palmas, Las;35019 San Bartolomé de Tirajana;Mujeres;1997;
35;Palmas, Las;35019 San Bartolomé de Tirajana;Mujeres;1996;17257
35;Palmas, Las;35021 Santa Brígida;Total;2023;18510
35;Palmas, Las;35021 Santa Brígida;Total;2022;18341
35;Palmas, Las;35021 Santa Brígida;Total;2021;18297
35;Palmas, Las;35021 Santa Brígida;Total;2020;18394
35;Palmas, Las;35021 Santa Brígida;Total;2019;18263
35;Palmas, Las;35021 Santa Brígida;Total;2018;18314
35;Palmas, Las;35021 Santa Brígida;Total;2017;18295
35;Palmas, Las;35021 Santa Brígida;Total;2016;18437
35;Palmas, Las;35021 Santa Brígida;Total;2015;18582
35;Palmas, Las;35021 Santa Brígida;Total;2014;18775
35;Palmas, Las;35021 Santa Brígida;Total;2013;18971
35;Palmas, Las;35021 Santa Brígida;Total;2012;18907
35;Palmas, Las;35021 Santa Brígida;Total;2011;18973
35;Palmas, Las;35021 Santa Brígida;Total;2010;19135
35;Palmas, Las;35021 Santa Brígida;Total;2009;19154
35;Palmas, Las;35021 Santa Brígida;Total;2008;19042
35;Palmas, Las;35021 Santa Brígida;Total;2007;18919
35;Palmas, Las;35021 Santa Brígida;Total;2006;18760
35;Palmas, Las;35021 Santa Brígida;Total;2005;18806
35;Palmas, Las;35021 Santa Brígida;Total;2004;18599
35;Palmas, Las;35021 Santa Brígida;Total;2003;18817
35;Palmas, Las;35021 Santa Brígida;Total;2002;18729
35;Palmas, Las;35021 Santa Brígida;Total;2001;18314
35;Palmas, Las;35021 Santa Brígida;Total;2000;18153
35;Palmas, Las;35021 Santa Brígida;Total;1999;17706
35;Palmas, Las;35021 Santa Brígida;Total;1998;17143
35;Palmas, Las;35021 Santa Brígida;Total;1997;
35;Palmas, Las;35021 Santa Brígida;Total;1996;16809
35;Palmas, Las;35021 Santa Brígida;Hombres;2023;9234
35;Palmas, Las;35021 Santa Brígida;Hombres;2022;9172
35;Palmas, Las;35021 Santa Brígida;Hombres;2021;9115
35;Palmas, Las;35021 Santa Brígida;Hombres;2020;9139
35;Palmas, Las;35021 Santa Brígida;Hombres;2019;9080
35;Palmas, Las;35021 Santa Brígida;Hombres;2018;9102
35;Palmas, Las;35021 Santa Brígida;Hombres;2017;9102
35;Palmas, Las;35021 Santa Brígida;Hombres;2016;9166
35;Palmas, Las;35021 Santa Brígida;Hombres;2015;9214
35;Palmas, Las;35021 Santa Brígida;Hombres;2014;9307
35;Palmas, Las;35021 Santa Brígida;Hombres;2013;9422
35;Palmas, Las;35021 Santa Brígida;Hombres;2012;9375
35;Palmas, Las;35021 Santa Brígida;Hombres;2011;9412
35;Palmas, Las;35021 Santa Brígida;Hombres;2010;9498
35;Palmas, Las;35021 Santa Brígida;Hombres;2009;9528
35;Palmas, Las;35021 Santa Brígida;Hombres;2008;9494
35;Palmas, Las;35021 Santa Brígida;Hombres;2007;9425
35;Palmas, Las;35021 Santa Brígida;Hombres;2006;9360
35;Palmas, Las;35021 Santa Brígida;Hombres;2005;9384
35;Palmas, Las;35021 Santa Brígida;Hombres;2004;9292
35;Palmas, Las;35021 Santa Brígida;Hombres;2003;9412
35;Palmas, Las;35021 Santa Brígida;Hombres;2002;9376
35;Palmas, Las;35021 Santa Brígida;Hombres;2001;9143
35;Palmas, Las;35021 Santa Brígida;Hombres;2000;9067
35;Palmas, Las;35021 Santa Brígida;Hombres;1999;8819
35;Palmas, Las;35021 Santa Brígida;Hombres;1998;8517
35;Palmas, Las;35021 Santa Brígida;Hombres;1997;
35;Palmas, Las;35021 Santa Brígida;Hombres;1996;8392
35;Palmas, Las;35021 Santa Brígida;Mujeres;2023;9276
35;Palmas, Las;35021 Santa Brígida;Mujeres;2022;9169
35;Palmas, Las;35021 Santa Brígida;Mujeres;2021;9182
35;Palmas, Las;35021 Santa Brígida;Mujeres;2020;9255
35;Palmas, Las;35021 Santa Brígida;Mujeres;2019;9183
35;Palmas, Las;35021 Santa Brígida;Mujeres;2018;9212
35;Palmas, Las;35021 Santa Brígida;Mujeres;2017;9193
35;Palmas, Las;35021 Santa Brígida;Mujeres;2016;9271
35;Palmas, Las;35021 Santa Brígida;Mujeres;2015;9368
35;Palmas, Las;35021 Santa Brígida;Mujeres;2014;9468
35;Palmas, Las;35021 Santa Brígida;Mujeres;2013;9549
35;Palmas, Las;35021 Santa Brígida;Mujeres;2012;9532
35;Palmas, Las;35021 Santa Brígida;Mujeres;2011;9561
35;Palmas, Las;35021 Santa Brígida;Mujeres;2010;9637
35;Palmas, Las;35021 Santa Brígida;Mujeres;2009;9626
35;Palmas, Las;35021 Santa Brígida;Mujeres;2008;9548
35;Palmas, Las;35021 Santa Brígida;Mujeres;2007;9494
35;Palmas, Las;35021 Santa Brígida;Mujeres;2006;9400
35;Palmas, Las;35021 Santa Brígida;Mujeres;2005;9422
35;Palmas, Las;35021 Santa Brígida;Mujeres;2004;9307
35;Palmas, Las;35021 Santa Brígida;Mujeres;2003;9405
35;Palmas, Las;35021 Santa Brígida;Mujeres;2002;9353
35;Palmas, Las;35021 Santa Brígida;Mujeres;2001;9171
35;Palmas, Las;35021 Santa Brígida;Mujeres;2000;9086
35;Palmas, Las;35021 Santa Brígida;Mujeres;1999;8887
35;Palmas, Las;35021 Santa Brígida;Mujeres;1998;8626
35;Palmas, Las;35021 Santa Brígida;Mujeres;1997;
35;Palmas, Las;35021 Santa Brígida;Mujeres;1996;8417
35;Palmas, Las;35022 Santa Lucía de Tirajana;Total;2023;75677
35;Palmas, Las;35022 Santa Lucía de Tirajana;Total;2022;74560
35;Palmas, Las;35022 Santa Lucía de Tirajana;Total;2021;73573
35;Palmas, Las;35022 Santa Lucía de Tirajana;Total;2020;74602
35;Palmas, Las;35022 Santa Lucía de Tirajana;Total;2019;73328
35;Palmas, Las;35022 Santa Lucía de Tirajana;Total;2018;71863
35;Palmas, Las;35022 Santa Lucía de Tirajana;Total;2017;70396
35;Palmas, Las;35022 Santa Lucía de Tirajana;Total;2016;69178
35;Palmas, Las;35022 Santa Lucía de Tirajana;Total;2015;69069
35;Palmas, Las;35022 Santa Lucía de Tirajana;Total;2014;68544
35;Palmas, Las;35022 Santa Lucía de Tirajana;Total;2013;68506
35;Palmas, Las;35022 Santa Lucía de Tirajana;Total;2012;67291
35;Palmas, Las;35022 Santa Lucía de Tirajana;Total;2011;66130
35;Palmas, Las;35022 Santa Lucía de Tirajana;Total;2010;64845
35;Palmas, Las;35022 Santa Lucía de Tirajana;Total;2009;63637
35;Palmas, Las;35022 Santa Lucía de Tirajana;Total;2008;61325
35;Palmas, Las;35022 Santa Lucía de Tirajana;Total;2007;58335
35;Palmas, Las;35022 Santa Lucía de Tirajana;Total;2006;57211
35;Palmas, Las;35022 Santa Lucía de Tirajana;Total;2005;56268
35;Palmas, Las;35022 Santa Lucía de Tirajana;Total;2004;53820
35;Palmas, Las;35022 Santa Lucía de Tirajana;Total;2003;52684
35;Palmas, Las;35022 Santa Lucía de Tirajana;Total;2002;49902
35;Palmas, Las;35022 Santa Lucía de Tirajana;Total;2001;47161
35;Palmas, Las;35022 Santa Lucía de Tirajana;Total;2000;44974
35;Palmas, Las;35022 Santa Lucía de Tirajana;Total;1999;43543
35;Palmas, Las;35022 Santa Lucía de Tirajana;Total;1998;41769
35;Palmas, Las;35022 Santa Lucía de Tirajana;Total;1997;
35;Palmas, Las;35022 Santa Lucía de Tirajana;Total;1996;40127
35;Palmas, Las;35022 Santa Lucía de Tirajana;Hombres;2023;37587
35;Palmas, Las;35022 Santa Lucía de Tirajana;Hombres;2022;37048
35;Palmas, Las;35022 Santa Lucía de Tirajana;Hombres;2021;36635
35;Palmas, Las;35022 Santa Lucía de Tirajana;Hombres;2020;37222
35;Palmas, Las;35022 Santa Lucía de Tirajana;Hombres;2019;36623
35;Palmas, Las;35022 Santa Lucía de Tirajana;Hombres;2018;35916
35;Palmas, Las;35022 Santa Lucía de Tirajana;Hombres;2017;35183
35;Palmas, Las;35022 Santa Lucía de Tirajana;Hombres;2016;34553
35;Palmas, Las;35022 Santa Lucía de Tirajana;Hombres;2015;34529
35;Palmas, Las;35022 Santa Lucía de Tirajana;Hombres;2014;34397
35;Palmas, Las;35022 Santa Lucía de Tirajana;Hombres;2013;34433
35;Palmas, Las;35022 Santa Lucía de Tirajana;Hombres;2012;33811
35;Palmas, Las;35022 Santa Lucía de Tirajana;Hombres;2011;33268
35;Palmas, Las;35022 Santa Lucía de Tirajana;Hombres;2010;32736
35;Palmas, Las;35022 Santa Lucía de Tirajana;Hombres;2009;32142
35;Palmas, Las;35022 Santa Lucía de Tirajana;Hombres;2008;31090
35;Palmas, Las;35022 Santa Lucía de Tirajana;Hombres;2007;29642
35;Palmas, Las;35022 Santa Lucía de Tirajana;Hombres;2006;29124
35;Palmas, Las;35022 Santa Lucía de Tirajana;Hombres;2005;28714
35;Palmas, Las;35022 Santa Lucía de Tirajana;Hombres;2004;27497
35;Palmas, Las;35022 Santa Lucía de Tirajana;Hombres;2003;27010
35;Palmas, Las;35022 Santa Lucía de Tirajana;Hombres;2002;25561
35;Palmas, Las;35022 Santa Lucía de Tirajana;Hombres;2001;24101
35;Palmas, Las;35022 Santa Lucía de Tirajana;Hombres;2000;22875
35;Palmas, Las;35022 Santa Lucía de Tirajana;Hombres;1999;22164
35;Palmas, Las;35022 Santa Lucía de Tirajana;Hombres;1998;21222
35;Palmas, Las;35022 Santa Lucía de Tirajana;Hombres;1997;
35;Palmas, Las;35022 Santa Lucía de Tirajana;Hombres;1996;20364
35;Palmas, Las;35022 Santa Lucía de Tirajana;Mujeres;2023;38090
35;Palmas, Las;35022 Santa Lucía de Tirajana;Mujeres;2022;37512
35;Palmas, Las;35022 Santa Lucía de Tirajana;Mujeres;2021;36938
35;Palmas, Las;35022 Santa Lucía de Tirajana;Mujeres;2020;37380
35;Palmas, Las;35022 Santa Lucía de Tirajana;Mujeres;2019;36705
35;Palmas, Las;35022 Santa Lucía de Tirajana;Mujeres;2018;35947
35;Palmas, Las;35022 Santa Lucía de Tirajana;Mujeres;2017;35213
35;Palmas, Las;35022 Santa Lucía de Tirajana;Mujeres;2016;34625
35;Palmas, Las;35022 Santa Lucía de Tirajana;Mujeres;2015;34540
35;Palmas, Las;35022 Santa Lucía de Tirajana;Mujeres;2014;34147
35;Palmas, Las;35022 Santa Lucía de Tirajana;Mujeres;2013;34073
35;Palmas, Las;35022 Santa Lucía de Tirajana;Mujeres;2012;33480
35;Palmas, Las;35022 Santa Lucía de Tirajana;Mujeres;2011;32862
35;Palmas, Las;35022 Santa Lucía de Tirajana;Mujeres;2010;32109
35;Palmas, Las;35022 Santa Lucía de Tirajana;Mujeres;2009;31495
35;Palmas, Las;35022 Santa Lucía de Tirajana;Mujeres;2008;30235
35;Palmas, Las;35022 Santa Lucía de Tirajana;Mujeres;2007;28693
35;Palmas, Las;35022 Santa Lucía de Tirajana;Mujeres;2006;28087
35;Palmas, Las;35022 Santa Lucía de Tirajana;Mujeres;2005;27554
35;Palmas, Las;35022 Santa Lucía de Tirajana;Mujeres;2004;26323
35;Palmas, Las;35022 Santa Lucía de Tirajana;Mujeres;2003;25674
35;Palmas, Las;35022 Santa Lucía de Tirajana;Mujeres;2002;24341
35;Palmas, Las;35022 Santa Lucía de Tirajana;Mujeres;2001;23060
35;Palmas, Las;35022 Santa Lucía de Tirajana;Mujeres;2000;22099
35;Palmas, Las;35022 Santa Lucía de Tirajana;Mujeres;1999;21379
35;Palmas, Las;35022 Santa Lucía de Tirajana;Mujeres;1998;20547
35;Palmas, Las;35022 Santa Lucía de Tirajana;Mujeres;1997;
35;Palmas, Las;35022 Santa Lucía de Tirajana;Mujeres;1996;19763
35;Palmas, Las;35023 Santa María de Guía de Gran Canaria;Total;2023;13948
35;Palmas, Las;35023 Santa María de Guía de Gran Canaria;Total;2022;13838
35;Palmas, Las;35023 Santa María de Guía de Gran Canaria;Total;2021;13871
35;Palmas, Las;35023 Santa María de Guía de Gran Canaria;Total;2020;13897
35;Palmas, Las;35023 Santa María de Guía de Gran Canaria;Total;2019;13850
35;Palmas, Las;35023 Santa María de Guía de Gran Canaria;Total;2018;13924
35;Palmas, Las;35023 Santa María de Guía de Gran Canaria;Total;2017;13924
35;Palmas, Las;35023 Santa María de Guía de Gran Canaria;Total;2016;13970
35;Palmas, Las;35023 Santa María de Guía de Gran Canaria;Total;2015;13890
35;Palmas, Las;35023 Santa María de Guía de Gran Canaria;Total;2014;13968
35;Palmas, Las;35023 Santa María de Guía de Gran Canaria;Total;2013;13811
35;Palmas, Las;35023 Santa María de Guía de Gran Canaria;Total;2012;14070
35;Palmas, Las;35023 Santa María de Guía de Gran Canaria;Total;2011;14306
35;Palmas, Las;35023 Santa María de Guía de Gran Canaria;Total;2010;14200
35;Palmas, Las;35023 Santa María de Guía de Gran Canaria;Total;2009;14069
35;Palmas, Las;35023 Santa María de Guía de Gran Canaria;Total;2008;14146
35;Palmas, Las;35023 Santa María de Guía de Gran Canaria;Total;2007;14081
35;Palmas, Las;35023 Santa María de Guía de Gran Canaria;Total;2006;14048
35;Palmas, Las;35023 Santa María de Guía de Gran Canaria;Total;2005;14086
35;Palmas, Las;35023 Santa María de Guía de Gran Canaria;Total;2004;14107
35;Palmas, Las;35023 Santa María de Guía de Gran Canaria;Total;2003;14255
35;Palmas, Las;35023 Santa María de Guía de Gran Canaria;Total;2002;14171
35;Palmas, Las;35023 Santa María de Guía de Gran Canaria;Total;2001;14174
35;Palmas, Las;35023 Santa María de Guía de Gran Canaria;Total;2000;14032
35;Palmas, Las;35023 Santa María de Guía de Gran Canaria;Total;1999;13897
35;Palmas, Las;35023 Santa María de Guía de Gran Canaria;Total;1998;13544
35;Palmas, Las;35023 Santa María de Guía de Gran Canaria;Total;1997;
35;Palmas, Las;35023 Santa María de Guía de Gran Canaria;Total;1996;13117
35;Palmas, Las;35023 Santa María de Guía de Gran Canaria;Hombres;2023;6945
35;Palmas, Las;35023 Santa María de Guía de Gran Canaria;Hombres;2022;6903
35;Palmas, Las;35023 Santa María de Guía de Gran Canaria;Hombres;2021;6905
35;Palmas, Las;35023 Santa María de Guía de Gran Canaria;Hombres;2020;6914
35;Palmas, Las;35023 Santa María de Guía de Gran Canaria;Hombres;2019;6907
35;Palmas, Las;35023 Santa María de Guía de Gran Canaria;Hombres;2018;6928
35;Palmas, Las;35023 Santa María de Guía de Gran Canaria;Hombres;2017;6918
35;Palmas, Las;35023 Santa María de Guía de Gran Canaria;Hombres;2016;6940
35;Palmas, Las;35023 Santa María de Guía de Gran Canaria;Hombres;2015;6926
35;Palmas, Las;35023 Santa María de Guía de Gran Canaria;Hombres;2014;6963
35;Palmas, Las;35023 Santa María de Guía de Gran Canaria;Hombres;2013;6884
35;Palmas, Las;35023 Santa María de Guía de Gran Canaria;Hombres;2012;6994
35;Palmas, Las;35023 Santa María de Guía de Gran Canaria;Hombres;2011;7111
35;Palmas, Las;35023 Santa María de Guía de Gran Canaria;Hombres;2010;7068
35;Palmas, Las;35023 Santa María de Guía de Gran Canaria;Hombres;2009;7022
35;Palmas, Las;35023 Santa María de Guía de Gran Canaria;Hombres;2008;7069
35;Palmas, Las;35023 Santa María de Guía de Gran Canaria;Hombres;2007;7044
35;Palmas, Las;35023 Santa María de Guía de Gran Canaria;Hombres;2006;7014
35;Palmas, Las;35023 Santa María de Guía de Gran Canaria;Hombres;2005;7024
35;Palmas, Las;35023 Santa María de Guía de Gran Canaria;Hombres;2004;7043
35;Palmas, Las;35023 Santa María de Guía de Gran Canaria;Hombres;2003;7114
35;Palmas, Las;35023 Santa María de Guía de Gran Canaria;Hombres;2002;7072
35;Palmas, Las;35023 Santa María de Guía de Gran Canaria;Hombres;2001;7078
35;Palmas, Las;35023 Santa María de Guía de Gran Canaria;Hombres;2000;6999
35;Palmas, Las;35023 Santa María de Guía de Gran Canaria;Hombres;1999;6933
35;Palmas, Las;35023 Santa María de Guía de Gran Canaria;Hombres;1998;6757
35;Palmas, Las;35023 Santa María de Guía de Gran Canaria;Hombres;1997;
35;Palmas, Las;35023 Santa María de Guía de Gran Canaria;Hombres;1996;6483
35;Palmas, Las;35023 Santa María de Guía de Gran Canaria;Mujeres;2023;7003
35;Palmas, Las;35023 Santa María de Guía de Gran Canaria;Mujeres;2022;6935
35;Palmas, Las;35023 Santa María de Guía de Gran Canaria;Mujeres;2021;6966
35;Palmas, Las;35023 Santa María de Guía de Gran Canaria;Mujeres;2020;6983
35;Palmas, Las;35023 Santa María de Guía de Gran Canaria;Mujeres;2019;6943
35;Palmas, Las;35023 Santa María de Guía de Gran Canaria;Mujeres;2018;6996
35;Palmas, Las;35023 Santa María de Guía de Gran Canaria;Mujeres;2017;7006
35;Palmas, Las;35023 Santa María de Guía de Gran Canaria;Mujeres;2016;7030
35;Palmas, Las;35023 Santa María de Guía de Gran Canaria;Mujeres;2015;6964
35;Palmas, Las;35023 Santa María de Guía de Gran Canaria;Mujeres;2014;7005
35;Palmas, Las;35023 Santa María de Guía de Gran Canaria;Mujeres;2013;6927
35;Palmas, Las;35023 Santa María de Guía de Gran Canaria;Mujeres;2012;7076
35;Palmas, Las;35023 Santa María de Guía de Gran Canaria;Mujeres;2011;7195
35;Palmas, Las;35023 Santa María de Guía de Gran Canaria;Mujeres;2010;7132
35;Palmas, Las;35023 Santa María de Guía de Gran Canaria;Mujeres;2009;7047
35;Palmas, Las;35023 Santa María de Guía de Gran Canaria;Mujeres;2008;7077
35;Palmas, Las;35023 Santa María de Guía de Gran Canaria;Mujeres;2007;7037
35;Palmas, Las;35023 Santa María de Guía de Gran Canaria;Mujeres;2006;7034
35;Palmas, Las;35023 Santa María de Guía de Gran Canaria;Mujeres;2005;7062
35;Palmas, Las;35023 Santa María de Guía de Gran Canaria;Mujeres;2004;7064
35;Palmas, Las;35023 Santa María de Guía de Gran Canaria;Mujeres;2003;7141
35;Palmas, Las;35023 Santa María de Guía de Gran Canaria;Mujeres;2002;7099
35;Palmas, Las;35023 Santa María de Guía de Gran Canaria;Mujeres;2001;7096
35;Palmas, Las;35023 Santa María de Guía de Gran Canaria;Mujeres;2000;7033
35;Palmas, Las;35023 Santa María de Guía de Gran Canaria;Mujeres;1999;6964
35;Palmas, Las;35023 Santa María de Guía de Gran Canaria;Mujeres;1998;6787
35;Palmas, Las;35023 Santa María de Guía de Gran Canaria;Mujeres;1997;
35;Palmas, Las;35023 Santa María de Guía de Gran Canaria;Mujeres;1996;6634
35;Palmas, Las;35024 Teguise;Total;2023;23881
35;Palmas, Las;35024 Teguise;Total;2022;23411
35;Palmas, Las;35024 Teguise;Total;2021;23044
35;Palmas, Las;35024 Teguise;Total;2020;22703
35;Palmas, Las;35024 Teguise;Total;2019;22342
35;Palmas, Las;35024 Teguise;Total;2018;22122
35;Palmas, Las;35024 Teguise;Total;2017;21896
35;Palmas, Las;35024 Teguise;Total;2016;21724
35;Palmas, Las;35024 Teguise;Total;2015;21454
35;Palmas, Las;35024 Teguise;Total;2014;21101
35;Palmas, Las;35024 Teguise;Total;2013;21152
35;Palmas, Las;35024 Teguise;Total;2012;21096
35;Palmas, Las;35024 Teguise;Total;2011;20788
35;Palmas, Las;35024 Teguise;Total;2010;20105
35;Palmas, Las;35024 Teguise;Total;2009;19418
35;Palmas, Las;35024 Teguise;Total;2008;18798
35;Palmas, Las;35024 Teguise;Total;2007;17688
35;Palmas, Las;35024 Teguise;Total;2006;16616
35;Palmas, Las;35024 Teguise;Total;2005;15824
35;Palmas, Las;35024 Teguise;Total;2004;14477
35;Palmas, Las;35024 Teguise;Total;2003;14214
35;Palmas, Las;35024 Teguise;Total;2002;13714
35;Palmas, Las;35024 Teguise;Total;2001;12905
35;Palmas, Las;35024 Teguise;Total;2000;12184
35;Palmas, Las;35024 Teguise;Total;1999;11534
35;Palmas, Las;35024 Teguise;Total;1998;10874
35;Palmas, Las;35024 Teguise;Total;1997;
35;Palmas, Las;35024 Teguise;Total;1996;8691
35;Palmas, Las;35024 Teguise;Hombres;2023;11962
35;Palmas, Las;35024 Teguise;Hombres;2022;11736
35;Palmas, Las;35024 Teguise;Hombres;2021;11595
35;Palmas, Las;35024 Teguise;Hombres;2020;11428
35;Palmas, Las;35024 Teguise;Hombres;2019;11264
35;Palmas, Las;35024 Teguise;Hombres;2018;11179
35;Palmas, Las;35024 Teguise;Hombres;2017;11086
35;Palmas, Las;35024 Teguise;Hombres;2016;11031
35;Palmas, Las;35024 Teguise;Hombres;2015;10883
35;Palmas, Las;35024 Teguise;Hombres;2014;10675
35;Palmas, Las;35024 Teguise;Hombres;2013;10698
35;Palmas, Las;35024 Teguise;Hombres;2012;10698
35;Palmas, Las;35024 Teguise;Hombres;2011;10526
35;Palmas, Las;35024 Teguise;Hombres;2010;10239
35;Palmas, Las;35024 Teguise;Hombres;2009;9930
35;Palmas, Las;35024 Teguise;Hombres;2008;9605
35;Palmas, Las;35024 Teguise;Hombres;2007;9014
35;Palmas, Las;35024 Teguise;Hombres;2006;8496
35;Palmas, Las;35024 Teguise;Hombres;2005;8088
35;Palmas, Las;35024 Teguise;Hombres;2004;7462
35;Palmas, Las;35024 Teguise;Hombres;2003;7339
35;Palmas, Las;35024 Teguise;Hombres;2002;7070
35;Palmas, Las;35024 Teguise;Hombres;2001;6641
35;Palmas, Las;35024 Teguise;Hombres;2000;6265
35;Palmas, Las;35024 Teguise;Hombres;1999;5934
35;Palmas, Las;35024 Teguise;Hombres;1998;5566
35;Palmas, Las;35024 Teguise;Hombres;1997;
35;Palmas, Las;35024 Teguise;Hombres;1996;4455
35;Palmas, Las;35024 Teguise;Mujeres;2023;11919
35;Palmas, Las;35024 Teguise;Mujeres;2022;11675
35;Palmas, Las;35024 Teguise;Mujeres;2021;11449
35;Palmas, Las;35024 Teguise;Mujeres;2020;11275
35;Palmas, Las;35024 Teguise;Mujeres;2019;11078
35;Palmas, Las;35024 Teguise;Mujeres;2018;10943
35;Palmas, Las;35024 Teguise;Mujeres;2017;10810
35;Palmas, Las;35024 Teguise;Mujeres;2016;10693
35;Palmas, Las;35024 Teguise;Mujeres;2015;10571
35;Palmas, Las;35024 Teguise;Mujeres;2014;10426
35;Palmas, Las;35024 Teguise;Mujeres;2013;10454
35;Palmas, Las;35024 Teguise;Mujeres;2012;10398
35;Palmas, Las;35024 Teguise;Mujeres;2011;10262
35;Palmas, Las;35024 Teguise;Mujeres;2010;9866
35;Palmas, Las;35024 Teguise;Mujeres;2009;9488
35;Palmas, Las;35024 Teguise;Mujeres;2008;9193
35;Palmas, Las;35024 Teguise;Mujeres;2007;8674
35;Palmas, Las;35024 Teguise;Mujeres;2006;8120
35;Palmas, Las;35024 Teguise;Mujeres;2005;7736
35;Palmas, Las;35024 Teguise;Mujeres;2004;7015
35;Palmas, Las;35024 Teguise;Mujeres;2003;6875
35;Palmas, Las;35024 Teguise;Mujeres;2002;6644
35;Palmas, Las;35024 Teguise;Mujeres;2001;6264
35;Palmas, Las;35024 Teguise;Mujeres;2000;5919
35;Palmas, Las;35024 Teguise;Mujeres;1999;5600
35;Palmas, Las;35024 Teguise;Mujeres;1998;5308
35;Palmas, Las;35024 Teguise;Mujeres;1997;
35;Palmas, Las;35024 Teguise;Mujeres;1996;4236
35;Palmas, Las;35025 Tejeda;Total;2023;1844
35;Palmas, Las;35025 Tejeda;Total;2022;1813
35;Palmas, Las;35025 Tejeda;Total;2021;1865
35;Palmas, Las;35025 Tejeda;Total;2020;1883
35;Palmas, Las;35025 Tejeda;Total;2019;1909
35;Palmas, Las;35025 Tejeda;Total;2018;1921
35;Palmas, Las;35025 Tejeda;Total;2017;1950
35;Palmas, Las;35025 Tejeda;Total;2016;1967
35;Palmas, Las;35025 Tejeda;Total;2015;2001
35;Palmas, Las;35025 Tejeda;Total;2014;1990
35;Palmas, Las;35025 Tejeda;Total;2013;2028
35;Palmas, Las;35025 Tejeda;Total;2012;2119
35;Palmas, Las;35025 Tejeda;Total;2011;2201
35;Palmas, Las;35025 Tejeda;Total;2010;2133
35;Palmas, Las;35025 Tejeda;Total;2009;2164
35;Palmas, Las;35025 Tejeda;Total;2008;2206
35;Palmas, Las;35025 Tejeda;Total;2007;2239
35;Palmas, Las;35025 Tejeda;Total;2006;2286
35;Palmas, Las;35025 Tejeda;Total;2005;2341
35;Palmas, Las;35025 Tejeda;Total;2004;2347
35;Palmas, Las;35025 Tejeda;Total;2003;2351
35;Palmas, Las;35025 Tejeda;Total;2002;2402
35;Palmas, Las;35025 Tejeda;Total;2001;2444
35;Palmas, Las;35025 Tejeda;Total;2000;2565
35;Palmas, Las;35025 Tejeda;Total;1999;2487
35;Palmas, Las;35025 Tejeda;Total;1998;2445
35;Palmas, Las;35025 Tejeda;Total;1997;
35;Palmas, Las;35025 Tejeda;Total;1996;2552
35;Palmas, Las;35025 Tejeda;Hombres;2023;1008
35;Palmas, Las;35025 Tejeda;Hombres;2022;992
35;Palmas, Las;35025 Tejeda;Hombres;2021;1015
35;Palmas, Las;35025 Tejeda;Hombres;2020;1016
35;Palmas, Las;35025 Tejeda;Hombres;2019;1031
35;Palmas, Las;35025 Tejeda;Hombres;2018;1041
35;Palmas, Las;35025 Tejeda;Hombres;2017;1046
35;Palmas, Las;35025 Tejeda;Hombres;2016;1060
35;Palmas, Las;35025 Tejeda;Hombres;2015;1064
35;Palmas, Las;35025 Tejeda;Hombres;2014;1048
35;Palmas, Las;35025 Tejeda;Hombres;2013;1072
35;Palmas, Las;35025 Tejeda;Hombres;2012;1132
35;Palmas, Las;35025 Tejeda;Hombres;2011;1173
35;Palmas, Las;35025 Tejeda;Hombres;2010;1135
35;Palmas, Las;35025 Tejeda;Hombres;2009;1140
35;Palmas, Las;35025 Tejeda;Hombres;2008;1170
35;Palmas, Las;35025 Tejeda;Hombres;2007;1188
35;Palmas, Las;35025 Tejeda;Hombres;2006;1198
35;Palmas, Las;35025 Tejeda;Hombres;2005;1226
35;Palmas, Las;35025 Tejeda;Hombres;2004;1220
35;Palmas, Las;35025 Tejeda;Hombres;2003;1229
35;Palmas, Las;35025 Tejeda;Hombres;2002;1227
35;Palmas, Las;35025 Tejeda;Hombres;2001;1249
35;Palmas, Las;35025 Tejeda;Hombres;2000;1307
35;Palmas, Las;35025 Tejeda;Hombres;1999;1263
35;Palmas, Las;35025 Tejeda;Hombres;1998;1247
35;Palmas, Las;35025 Tejeda;Hombres;1997;
35;Palmas, Las;35025 Tejeda;Hombres;1996;1295
35;Palmas, Las;35025 Tejeda;Mujeres;2023;836
35;Palmas, Las;35025 Tejeda;Mujeres;2022;821
35;Palmas, Las;35025 Tejeda;Mujeres;2021;850
35;Palmas, Las;35025 Tejeda;Mujeres;2020;867
35;Palmas, Las;35025 Tejeda;Mujeres;2019;878
35;Palmas, Las;35025 Tejeda;Mujeres;2018;880
35;Palmas, Las;35025 Tejeda;Mujeres;2017;904
35;Palmas, Las;35025 Tejeda;Mujeres;2016;907
35;Palmas, Las;35025 Tejeda;Mujeres;2015;937
35;Palmas, Las;35025 Tejeda;Mujeres;2014;942
35;Palmas, Las;35025 Tejeda;Mujeres;2013;956
35;Palmas, Las;35025 Tejeda;Mujeres;2012;987
35;Palmas, Las;35025 Tejeda;Mujeres;2011;1028
35;Palmas, Las;35025 Tejeda;Mujeres;2010;998
35;Palmas, Las;35025 Tejeda;Mujeres;2009;1024
35;Palmas, Las;35025 Tejeda;Mujeres;2008;1036
35;Palmas, Las;35025 Tejeda;Mujeres;2007;1051
35;Palmas, Las;35025 Tejeda;Mujeres;2006;1088
35;Palmas, Las;35025 Tejeda;Mujeres;2005;1115
35;Palmas, Las;35025 Tejeda;Mujeres;2004;1127
35;Palmas, Las;35025 Tejeda;Mujeres;2003;1122
35;Palmas, Las;35025 Tejeda;Mujeres;2002;1175
35;Palmas, Las;35025 Tejeda;Mujeres;2001;1195
35;Palmas, Las;35025 Tejeda;Mujeres;2000;1258
35;Palmas, Las;35025 Tejeda;Mujeres;1999;1224
35;Palmas, Las;35025 Tejeda;Mujeres;1998;1198
35;Palmas, Las;35025 Tejeda;Mujeres;1997;
35;Palmas, Las;35025 Tejeda;Mujeres;1996;1257
35;Palmas, Las;35026 Telde;Total;2023;102487
35;Palmas, Las;35026 Telde;Total;2022;102472
35;Palmas, Las;35026 Telde;Total;2021;102769
35;Palmas, Las;35026 Telde;Total;2020;102791
35;Palmas, Las;35026 Telde;Total;2019;102647
35;Palmas, Las;35026 Telde;Total;2018;102424
35;Palmas, Las;35026 Telde;Total;2017;102005
35;Palmas, Las;35026 Telde;Total;2016;102164
35;Palmas, Las;35026 Telde;Total;2015;102078
35;Palmas, Las;35026 Telde;Total;2014;102076
35;Palmas, Las;35026 Telde;Total;2013;102170
35;Palmas, Las;35026 Telde;Total;2012;101300
35;Palmas, Las;35026 Telde;Total;2011;101375
35;Palmas, Las;35026 Telde;Total;2010;100900
35;Palmas, Las;35026 Telde;Total;2009;100015
35;Palmas, Las;35026 Telde;Total;2008;99201
35;Palmas, Las;35026 Telde;Total;2007;98399
35;Palmas, Las;35026 Telde;Total;2006;97525
35;Palmas, Las;35026 Telde;Total;2005;96547
35;Palmas, Las;35026 Telde;Total;2004;94862
35;Palmas, Las;35026 Telde;Total;2003;93942
35;Palmas, Las;35026 Telde;Total;2002;91160
35;Palmas, Las;35026 Telde;Total;2001;89493
35;Palmas, Las;35026 Telde;Total;2000;88110
35;Palmas, Las;35026 Telde;Total;1999;86037
35;Palmas, Las;35026 Telde;Total;1998;83733
35;Palmas, Las;35026 Telde;Total;1997;
35;Palmas, Las;35026 Telde;Total;1996;84389
35;Palmas, Las;35026 Telde;Hombres;2023;50233
35;Palmas, Las;35026 Telde;Hombres;2022;50312
35;Palmas, Las;35026 Telde;Hombres;2021;50464
35;Palmas, Las;35026 Telde;Hombres;2020;50425
35;Palmas, Las;35026 Telde;Hombres;2019;50446
35;Palmas, Las;35026 Telde;Hombres;2018;50411
35;Palmas, Las;35026 Telde;Hombres;2017;50320
35;Palmas, Las;35026 Telde;Hombres;2016;50467
35;Palmas, Las;35026 Telde;Hombres;2015;50487
35;Palmas, Las;35026 Telde;Hombres;2014;50527
35;Palmas, Las;35026 Telde;Hombres;2013;50686
35;Palmas, Las;35026 Telde;Hombres;2012;50285
35;Palmas, Las;35026 Telde;Hombres;2011;50402
35;Palmas, Las;35026 Telde;Hombres;2010;50225
35;Palmas, Las;35026 Telde;Hombres;2009;49765
35;Palmas, Las;35026 Telde;Hombres;2008;49435
35;Palmas, Las;35026 Telde;Hombres;2007;49098
35;Palmas, Las;35026 Telde;Hombres;2006;48745
35;Palmas, Las;35026 Telde;Hombres;2005;48397
35;Palmas, Las;35026 Telde;Hombres;2004;47665
35;Palmas, Las;35026 Telde;Hombres;2003;47190
35;Palmas, Las;35026 Telde;Hombres;2002;45800
35;Palmas, Las;35026 Telde;Hombres;2001;45015
35;Palmas, Las;35026 Telde;Hombres;2000;44269
35;Palmas, Las;35026 Telde;Hombres;1999;43117
35;Palmas, Las;35026 Telde;Hombres;1998;41907
35;Palmas, Las;35026 Telde;Hombres;1997;
35;Palmas, Las;35026 Telde;Hombres;1996;42277
35;Palmas, Las;35026 Telde;Mujeres;2023;52254
35;Palmas, Las;35026 Telde;Mujeres;2022;52160
35;Palmas, Las;35026 Telde;Mujeres;2021;52305
35;Palmas, Las;35026 Telde;Mujeres;2020;52366
35;Palmas, Las;35026 Telde;Mujeres;2019;52201
35;Palmas, Las;35026 Telde;Mujeres;2018;52013
35;Palmas, Las;35026 Telde;Mujeres;2017;51685
35;Palmas, Las;35026 Telde;Mujeres;2016;51697
35;Palmas, Las;35026 Telde;Mujeres;2015;51591
35;Palmas, Las;35026 Telde;Mujeres;2014;51549
35;Palmas, Las;35026 Telde;Mujeres;2013;51484
35;Palmas, Las;35026 Telde;Mujeres;2012;51015
35;Palmas, Las;35026 Telde;Mujeres;2011;50973
35;Palmas, Las;35026 Telde;Mujeres;2010;50675
35;Palmas, Las;35026 Telde;Mujeres;2009;50250
35;Palmas, Las;35026 Telde;Mujeres;2008;49766
35;Palmas, Las;35026 Telde;Mujeres;2007;49301
35;Palmas, Las;35026 Telde;Mujeres;2006;48780
35;Palmas, Las;35026 Telde;Mujeres;2005;48150
35;Palmas, Las;35026 Telde;Mujeres;2004;47197
35;Palmas, Las;35026 Telde;Mujeres;2003;46752
35;Palmas, Las;35026 Telde;Mujeres;2002;45360
35;Palmas, Las;35026 Telde;Mujeres;2001;44478
35;Palmas, Las;35026 Telde;Mujeres;2000;43841
35;Palmas, Las;35026 Telde;Mujeres;1999;42920
35;Palmas, Las;35026 Telde;Mujeres;1998;41826
35;Palmas, Las;35026 Telde;Mujeres;1997;
35;Palmas, Las;35026 Telde;Mujeres;1996;42112
35;Palmas, Las;35027 Teror;Total;2023;12799
35;Palmas, Las;35027 Teror;Total;2022;12667
35;Palmas, Las;35027 Teror;Total;2021;12634
35;Palmas, Las;35027 Teror;Total;2020;12522
35;Palmas, Las;35027 Teror;Total;2019;12519
35;Palmas, Las;35027 Teror;Total;2018;12449
35;Palmas, Las;35027 Teror;Total;2017;12424
35;Palmas, Las;35027 Teror;Total;2016;12489
35;Palmas, Las;35027 Teror;Total;2015;12499
35;Palmas, Las;35027 Teror;Total;2014;12606
35;Palmas, Las;35027 Teror;Total;2013;12761
35;Palmas, Las;35027 Teror;Total;2012;12830
35;Palmas, Las;35027 Teror;Total;2011;12932
35;Palmas, Las;35027 Teror;Total;2010;12944
35;Palmas, Las;35027 Teror;Total;2009;12926
35;Palmas, Las;35027 Teror;Total;2008;12818
35;Palmas, Las;35027 Teror;Total;2007;12290
35;Palmas, Las;35027 Teror;Total;2006;12175
35;Palmas, Las;35027 Teror;Total;2005;12189
35;Palmas, Las;35027 Teror;Total;2004;12281
35;Palmas, Las;35027 Teror;Total;2003;12104
35;Palmas, Las;35027 Teror;Total;2002;12296
35;Palmas, Las;35027 Teror;Total;2001;12144
35;Palmas, Las;35027 Teror;Total;2000;11898
35;Palmas, Las;35027 Teror;Total;1999;11654
35;Palmas, Las;35027 Teror;Total;1998;11459
35;Palmas, Las;35027 Teror;Total;1997;
35;Palmas, Las;35027 Teror;Total;1996;11225
35;Palmas, Las;35027 Teror;Hombres;2023;6547
35;Palmas, Las;35027 Teror;Hombres;2022;6489
35;Palmas, Las;35027 Teror;Hombres;2021;6457
35;Palmas, Las;35027 Teror;Hombres;2020;6410
35;Palmas, Las;35027 Teror;Hombres;2019;6428
35;Palmas, Las;35027 Teror;Hombres;2018;6392
35;Palmas, Las;35027 Teror;Hombres;2017;6393
35;Palmas, Las;35027 Teror;Hombres;2016;6419
35;Palmas, Las;35027 Teror;Hombres;2015;6435
35;Palmas, Las;35027 Teror;Hombres;2014;6482
35;Palmas, Las;35027 Teror;Hombres;2013;6543
35;Palmas, Las;35027 Teror;Hombres;2012;6573
35;Palmas, Las;35027 Teror;Hombres;2011;6624
35;Palmas, Las;35027 Teror;Hombres;2010;6637
35;Palmas, Las;35027 Teror;Hombres;2009;6635
35;Palmas, Las;35027 Teror;Hombres;2008;6548
35;Palmas, Las;35027 Teror;Hombres;2007;6240
35;Palmas, Las;35027 Teror;Hombres;2006;6169
35;Palmas, Las;35027 Teror;Hombres;2005;6164
35;Palmas, Las;35027 Teror;Hombres;2004;6196
35;Palmas, Las;35027 Teror;Hombres;2003;6126
35;Palmas, Las;35027 Teror;Hombres;2002;6208
35;Palmas, Las;35027 Teror;Hombres;2001;6139
35;Palmas, Las;35027 Teror;Hombres;2000;5999
35;Palmas, Las;35027 Teror;Hombres;1999;5880
35;Palmas, Las;35027 Teror;Hombres;1998;5755
35;Palmas, Las;35027 Teror;Hombres;1997;
35;Palmas, Las;35027 Teror;Hombres;1996;5691
35;Palmas, Las;35027 Teror;Mujeres;2023;6252
35;Palmas, Las;35027 Teror;Mujeres;2022;6178
35;Palmas, Las;35027 Teror;Mujeres;2021;6177
35;Palmas, Las;35027 Teror;Mujeres;2020;6112
35;Palmas, Las;35027 Teror;Mujeres;2019;6091
35;Palmas, Las;35027 Teror;Mujeres;2018;6057
35;Palmas, Las;35027 Teror;Mujeres;2017;6031
35;Palmas, Las;35027 Teror;Mujeres;2016;6070
35;Palmas, Las;35027 Teror;Mujeres;2015;6064
35;Palmas, Las;35027 Teror;Mujeres;2014;6124
35;Palmas, Las;35027 Teror;Mujeres;2013;6218
35;Palmas, Las;35027 Teror;Mujeres;2012;6257
35;Palmas, Las;35027 Teror;Mujeres;2011;6308
35;Palmas, Las;35027 Teror;Mujeres;2010;6307
35;Palmas, Las;35027 Teror;Mujeres;2009;6291
35;Palmas, Las;35027 Teror;Mujeres;2008;6270
35;Palmas, Las;35027 Teror;Mujeres;2007;6050
35;Palmas, Las;35027 Teror;Mujeres;2006;6006
35;Palmas, Las;35027 Teror;Mujeres;2005;6025
35;Palmas, Las;35027 Teror;Mujeres;2004;6085
35;Palmas, Las;35027 Teror;Mujeres;2003;5978
35;Palmas, Las;35027 Teror;Mujeres;2002;6088
35;Palmas, Las;35027 Teror;Mujeres;2001;6005
35;Palmas, Las;35027 Teror;Mujeres;2000;5899
35;Palmas, Las;35027 Teror;Mujeres;1999;5774
35;Palmas, Las;35027 Teror;Mujeres;1998;5704
35;Palmas, Las;35027 Teror;Mujeres;1997;
35;Palmas, Las;35027 Teror;Mujeres;1996;5534
35;Palmas, Las;35028 Tías;Total;2023;21433
35;Palmas, Las;35028 Tías;Total;2022;21083
35;Palmas, Las;35028 Tías;Total;2021;20801
35;Palmas, Las;35028 Tías;Total;2020;20628
35;Palmas, Las;35028 Tías;Total;2019;20170
35;Palmas, Las;35028 Tías;Total;2018;20006
35;Palmas, Las;35028 Tías;Total;2017;19964
35;Palmas, Las;35028 Tías;Total;2016;20037
35;Palmas, Las;35028 Tías;Total;2015;20019
35;Palmas, Las;35028 Tías;Total;2014;19658
35;Palmas, Las;35028 Tías;Total;2013;20451
35;Palmas, Las;35028 Tías;Total;2012;20228
35;Palmas, Las;35028 Tías;Total;2011;20102
35;Palmas, Las;35028 Tías;Total;2010;19869
35;Palmas, Las;35028 Tías;Total;2009;19849
35;Palmas, Las;35028 Tías;Total;2008;19487
35;Palmas, Las;35028 Tías;Total;2007;18263
35;Palmas, Las;35028 Tías;Total;2006;17884
35;Palmas, Las;35028 Tías;Total;2005;16850
35;Palmas, Las;35028 Tías;Total;2004;15788
35;Palmas, Las;35028 Tías;Total;2003;15636
35;Palmas, Las;35028 Tías;Total;2002;15230
35;Palmas, Las;35028 Tías;Total;2001;14442
35;Palmas, Las;35028 Tías;Total;2000;13537
35;Palmas, Las;35028 Tías;Total;1999;12684
35;Palmas, Las;35028 Tías;Total;1998;11534
35;Palmas, Las;35028 Tías;Total;1997;
35;Palmas, Las;35028 Tías;Total;1996;10096
35;Palmas, Las;35028 Tías;Hombres;2023;10900
35;Palmas, Las;35028 Tías;Hombres;2022;10724
35;Palmas, Las;35028 Tías;Hombres;2021;10641
35;Palmas, Las;35028 Tías;Hombres;2020;10607
35;Palmas, Las;35028 Tías;Hombres;2019;10354
35;Palmas, Las;35028 Tías;Hombres;2018;10259
35;Palmas, Las;35028 Tías;Hombres;2017;10219
35;Palmas, Las;35028 Tías;Hombres;2016;10267
35;Palmas, Las;35028 Tías;Hombres;2015;10241
35;Palmas, Las;35028 Tías;Hombres;2014;10058
35;Palmas, Las;35028 Tías;Hombres;2013;10441
35;Palmas, Las;35028 Tías;Hombres;2012;10377
35;Palmas, Las;35028 Tías;Hombres;2011;10348
35;Palmas, Las;35028 Tías;Hombres;2010;10241
35;Palmas, Las;35028 Tías;Hombres;2009;10245
35;Palmas, Las;35028 Tías;Hombres;2008;10083
35;Palmas, Las;35028 Tías;Hombres;2007;9499
35;Palmas, Las;35028 Tías;Hombres;2006;9334
35;Palmas, Las;35028 Tías;Hombres;2005;8775
35;Palmas, Las;35028 Tías;Hombres;2004;8216
35;Palmas, Las;35028 Tías;Hombres;2003;8136
35;Palmas, Las;35028 Tías;Hombres;2002;7897
35;Palmas, Las;35028 Tías;Hombres;2001;7530
35;Palmas, Las;35028 Tías;Hombres;2000;7024
35;Palmas, Las;35028 Tías;Hombres;1999;6550
35;Palmas, Las;35028 Tías;Hombres;1998;5935
35;Palmas, Las;35028 Tías;Hombres;1997;
35;Palmas, Las;35028 Tías;Hombres;1996;5184
35;Palmas, Las;35028 Tías;Mujeres;2023;10533
35;Palmas, Las;35028 Tías;Mujeres;2022;10359
35;Palmas, Las;35028 Tías;Mujeres;2021;10160
35;Palmas, Las;35028 Tías;Mujeres;2020;10021
35;Palmas, Las;35028 Tías;Mujeres;2019;9816
35;Palmas, Las;35028 Tías;Mujeres;2018;9747
35;Palmas, Las;35028 Tías;Mujeres;2017;9745
35;Palmas, Las;35028 Tías;Mujeres;2016;9770
35;Palmas, Las;35028 Tías;Mujeres;2015;9778
35;Palmas, Las;35028 Tías;Mujeres;2014;9600
35;Palmas, Las;35028 Tías;Mujeres;2013;10010
35;Palmas, Las;35028 Tías;Mujeres;2012;9851
35;Palmas, Las;35028 Tías;Mujeres;2011;9754
35;Palmas, Las;35028 Tías;Mujeres;2010;9628
35;Palmas, Las;35028 Tías;Mujeres;2009;9604
35;Palmas, Las;35028 Tías;Mujeres;2008;9404
35;Palmas, Las;35028 Tías;Mujeres;2007;8764
35;Palmas, Las;35028 Tías;Mujeres;2006;8550
35;Palmas, Las;35028 Tías;Mujeres;2005;8075
35;Palmas, Las;35028 Tías;Mujeres;2004;7572
35;Palmas, Las;35028 Tías;Mujeres;2003;7500
35;Palmas, Las;35028 Tías;Mujeres;2002;7333
35;Palmas, Las;35028 Tías;Mujeres;2001;6912
35;Palmas, Las;35028 Tías;Mujeres;2000;6513
35;Palmas, Las;35028 Tías;Mujeres;1999;6134
35;Palmas, Las;35028 Tías;Mujeres;1998;5599
35;Palmas, Las;35028 Tías;Mujeres;1997;
35;Palmas, Las;35028 Tías;Mujeres;1996;4912
35;Palmas, Las;35029 Tinajo;Total;2023;6759
35;Palmas, Las;35029 Tinajo;Total;2022;6573
35;Palmas, Las;35029 Tinajo;Total;2021;6447
35;Palmas, Las;35029 Tinajo;Total;2020;6434
35;Palmas, Las;35029 Tinajo;Total;2019;6279
35;Palmas, Las;35029 Tinajo;Total;2018;6119
35;Palmas, Las;35029 Tinajo;Total;2017;6028
35;Palmas, Las;35029 Tinajo;Total;2016;5924
35;Palmas, Las;35029 Tinajo;Total;2015;5824
35;Palmas, Las;35029 Tinajo;Total;2014;5808
35;Palmas, Las;35029 Tinajo;Total;2013;5783
35;Palmas, Las;35029 Tinajo;Total;2012;5716
35;Palmas, Las;35029 Tinajo;Total;2011;5728
35;Palmas, Las;35029 Tinajo;Total;2010;5655
35;Palmas, Las;35029 Tinajo;Total;2009;5837
35;Palmas, Las;35029 Tinajo;Total;2008;5746
35;Palmas, Las;35029 Tinajo;Total;2007;5588
35;Palmas, Las;35029 Tinajo;Total;2006;5476
35;Palmas, Las;35029 Tinajo;Total;2005;5258
35;Palmas, Las;35029 Tinajo;Total;2004;5123
35;Palmas, Las;35029 Tinajo;Total;2003;5066
35;Palmas, Las;35029 Tinajo;Total;2002;4964
35;Palmas, Las;35029 Tinajo;Total;2001;4670
35;Palmas, Las;35029 Tinajo;Total;2000;4373
35;Palmas, Las;35029 Tinajo;Total;1999;4149
35;Palmas, Las;35029 Tinajo;Total;1998;3964
35;Palmas, Las;35029 Tinajo;Total;1997;
35;Palmas, Las;35029 Tinajo;Total;1996;3755
35;Palmas, Las;35029 Tinajo;Hombres;2023;3428
35;Palmas, Las;35029 Tinajo;Hombres;2022;3356
35;Palmas, Las;35029 Tinajo;Hombres;2021;3318
35;Palmas, Las;35029 Tinajo;Hombres;2020;3324
35;Palmas, Las;35029 Tinajo;Hombres;2019;3232
35;Palmas, Las;35029 Tinajo;Hombres;2018;3176
35;Palmas, Las;35029 Tinajo;Hombres;2017;3123
35;Palmas, Las;35029 Tinajo;Hombres;2016;3070
35;Palmas, Las;35029 Tinajo;Hombres;2015;3014
35;Palmas, Las;35029 Tinajo;Hombres;2014;2992
35;Palmas, Las;35029 Tinajo;Hombres;2013;3003
35;Palmas, Las;35029 Tinajo;Hombres;2012;2954
35;Palmas, Las;35029 Tinajo;Hombres;2011;2965
35;Palmas, Las;35029 Tinajo;Hombres;2010;2960
35;Palmas, Las;35029 Tinajo;Hombres;2009;3079
35;Palmas, Las;35029 Tinajo;Hombres;2008;3040
35;Palmas, Las;35029 Tinajo;Hombres;2007;2954
35;Palmas, Las;35029 Tinajo;Hombres;2006;2893
35;Palmas, Las;35029 Tinajo;Hombres;2005;2784
35;Palmas, Las;35029 Tinajo;Hombres;2004;2702
35;Palmas, Las;35029 Tinajo;Hombres;2003;2667
35;Palmas, Las;35029 Tinajo;Hombres;2002;2627
35;Palmas, Las;35029 Tinajo;Hombres;2001;2453
35;Palmas, Las;35029 Tinajo;Hombres;2000;2279
35;Palmas, Las;35029 Tinajo;Hombres;1999;2144
35;Palmas, Las;35029 Tinajo;Hombres;1998;2035
35;Palmas, Las;35029 Tinajo;Hombres;1997;
35;Palmas, Las;35029 Tinajo;Hombres;1996;1925
35;Palmas, Las;35029 Tinajo;Mujeres;2023;3331
35;Palmas, Las;35029 Tinajo;Mujeres;2022;3217
35;Palmas, Las;35029 Tinajo;Mujeres;2021;3129
35;Palmas, Las;35029 Tinajo;Mujeres;2020;3110
35;Palmas, Las;35029 Tinajo;Mujeres;2019;3047
35;Palmas, Las;35029 Tinajo;Mujeres;2018;2943
35;Palmas, Las;35029 Tinajo;Mujeres;2017;2905
35;Palmas, Las;35029 Tinajo;Mujeres;2016;2854
35;Palmas, Las;35029 Tinajo;Mujeres;2015;2810
35;Palmas, Las;35029 Tinajo;Mujeres;2014;2816
35;Palmas, Las;35029 Tinajo;Mujeres;2013;2780
35;Palmas, Las;35029 Tinajo;Mujeres;2012;2762
35;Palmas, Las;35029 Tinajo;Mujeres;2011;2763
35;Palmas, Las;35029 Tinajo;Mujeres;2010;2695
35;Palmas, Las;35029 Tinajo;Mujeres;2009;2758
35;Palmas, Las;35029 Tinajo;Mujeres;2008;2706
35;Palmas, Las;35029 Tinajo;Mujeres;2007;2634
35;Palmas, Las;35029 Tinajo;Mujeres;2006;2583
35;Palmas, Las;35029 Tinajo;Mujeres;2005;2474
35;Palmas, Las;35029 Tinajo;Mujeres;2004;2421
35;Palmas, Las;35029 Tinajo;Mujeres;2003;2399
35;Palmas, Las;35029 Tinajo;Mujeres;2002;2337
35;Palmas, Las;35029 Tinajo;Mujeres;2001;2217
35;Palmas, Las;35029 Tinajo;Mujeres;2000;2094
35;Palmas, Las;35029 Tinajo;Mujeres;1999;2005
35;Palmas, Las;35029 Tinajo;Mujeres;1998;1929
35;Palmas, Las;35029 Tinajo;Mujeres;1997;
35;Palmas, Las;35029 Tinajo;Mujeres;1996;1830
35;Palmas, Las;35030 Tuineje;Total;2023;15967
35;Palmas, Las;35030 Tuineje;Total;2022;15572
35;Palmas, Las;35030 Tuineje;Total;2021;15549
35;Palmas, Las;35030 Tuineje;Total;2020;15596
35;Palmas, Las;35030 Tuineje;Total;2019;15241
35;Palmas, Las;35030 Tuineje;Total;2018;14791
35;Palmas, Las;35030 Tuineje;Total;2017;14301
35;Palmas, Las;35030 Tuineje;Total;2016;13945
35;Palmas, Las;35030 Tuineje;Total;2015;13797
35;Palmas, Las;35030 Tuineje;Total;2014;13778
35;Palmas, Las;35030 Tuineje;Total;2013;13946
35;Palmas, Las;35030 Tuineje;Total;2012;13615
35;Palmas, Las;35030 Tuineje;Total;2011;13451
35;Palmas, Las;35030 Tuineje;Total;2010;13536
35;Palmas, Las;35030 Tuineje;Total;2009;13632
35;Palmas, Las;35030 Tuineje;Total;2008;13569
35;Palmas, Las;35030 Tuineje;Total;2007;13124
35;Palmas, Las;35030 Tuineje;Total;2006;12836
35;Palmas, Las;35030 Tuineje;Total;2005;12517
35;Palmas, Las;35030 Tuineje;Total;2004;11623
35;Palmas, Las;35030 Tuineje;Total;2003;11261
35;Palmas, Las;35030 Tuineje;Total;2002;11016
35;Palmas, Las;35030 Tuineje;Total;2001;10560
35;Palmas, Las;35030 Tuineje;Total;2000;9851
35;Palmas, Las;35030 Tuineje;Total;1999;9130
35;Palmas, Las;35030 Tuineje;Total;1998;8361
35;Palmas, Las;35030 Tuineje;Total;1997;
35;Palmas, Las;35030 Tuineje;Total;1996;7544
35;Palmas, Las;35030 Tuineje;Hombres;2023;8139
35;Palmas, Las;35030 Tuineje;Hombres;2022;7908
35;Palmas, Las;35030 Tuineje;Hombres;2021;7910
35;Palmas, Las;35030 Tuineje;Hombres;2020;7972
35;Palmas, Las;35030 Tuineje;Hombres;2019;7811
35;Palmas, Las;35030 Tuineje;Hombres;2018;7559
35;Palmas, Las;35030 Tuineje;Hombres;2017;7313
35;Palmas, Las;35030 Tuineje;Hombres;2016;7172
35;Palmas, Las;35030 Tuineje;Hombres;2015;7071
35;Palmas, Las;35030 Tuineje;Hombres;2014;7080
35;Palmas, Las;35030 Tuineje;Hombres;2013;7198
35;Palmas, Las;35030 Tuineje;Hombres;2012;7025
35;Palmas, Las;35030 Tuineje;Hombres;2011;6966
35;Palmas, Las;35030 Tuineje;Hombres;2010;7045
35;Palmas, Las;35030 Tuineje;Hombres;2009;7079
35;Palmas, Las;35030 Tuineje;Hombres;2008;7134
35;Palmas, Las;35030 Tuineje;Hombres;2007;6965
35;Palmas, Las;35030 Tuineje;Hombres;2006;6811
35;Palmas, Las;35030 Tuineje;Hombres;2005;6671
35;Palmas, Las;35030 Tuineje;Hombres;2004;6173
35;Palmas, Las;35030 Tuineje;Hombres;2003;5998
35;Palmas, Las;35030 Tuineje;Hombres;2002;5887
35;Palmas, Las;35030 Tuineje;Hombres;2001;5645
35;Palmas, Las;35030 Tuineje;Hombres;2000;5248
35;Palmas, Las;35030 Tuineje;Hombres;1999;4845
35;Palmas, Las;35030 Tuineje;Hombres;1998;4398
35;Palmas, Las;35030 Tuineje;Hombres;1997;
35;Palmas, Las;35030 Tuineje;Hombres;1996;3914
35;Palmas, Las;35030 Tuineje;Mujeres;2023;7828
35;Palmas, Las;35030 Tuineje;Mujeres;2022;7664
35;Palmas, Las;35030 Tuineje;Mujeres;2021;7639
35;Palmas, Las;35030 Tuineje;Mujeres;2020;7624
35;Palmas, Las;35030 Tuineje;Mujeres;2019;7430
35;Palmas, Las;35030 Tuineje;Mujeres;2018;7232
35;Palmas, Las;35030 Tuineje;Mujeres;2017;6988
35;Palmas, Las;35030 Tuineje;Mujeres;2016;6773
35;Palmas, Las;35030 Tuineje;Mujeres;2015;6726
35;Palmas, Las;35030 Tuineje;Mujeres;2014;6698
35;Palmas, Las;35030 Tuineje;Mujeres;2013;6748
35;Palmas, Las;35030 Tuineje;Mujeres;2012;6590
35;Palmas, Las;35030 Tuineje;Mujeres;2011;6485
35;Palmas, Las;35030 Tuineje;Mujeres;2010;6491
35;Palmas, Las;35030 Tuineje;Mujeres;2009;6553
35;Palmas, Las;35030 Tuineje;Mujeres;2008;6435
35;Palmas, Las;35030 Tuineje;Mujeres;2007;6159
35;Palmas, Las;35030 Tuineje;Mujeres;2006;6025
35;Palmas, Las;35030 Tuineje;Mujeres;2005;5846
35;Palmas, Las;35030 Tuineje;Mujeres;2004;5450
35;Palmas, Las;35030 Tuineje;Mujeres;2003;5263
35;Palmas, Las;35030 Tuineje;Mujeres;2002;5129
35;Palmas, Las;35030 Tuineje;Mujeres;2001;4915
35;Palmas, Las;35030 Tuineje;Mujeres;2000;4603
35;Palmas, Las;35030 Tuineje;Mujeres;1999;4285
35;Palmas, Las;35030 Tuineje;Mujeres;1998;3963
35;Palmas, Las;35030 Tuineje;Mujeres;1997;
35;Palmas, Las;35030 Tuineje;Mujeres;1996;3630
35;Palmas, Las;35032 Valleseco;Total;2023;3733
35;Palmas, Las;35032 Valleseco;Total;2022;3750
35;Palmas, Las;35032 Valleseco;Total;2021;3754
35;Palmas, Las;35032 Valleseco;Total;2020;3727
35;Palmas, Las;35032 Valleseco;Total;2019;3749
35;Palmas, Las;35032 Valleseco;Total;2018;3784
35;Palmas, Las;35032 Valleseco;Total;2017;3810
35;Palmas, Las;35032 Valleseco;Total;2016;3861
35;Palmas, Las;35032 Valleseco;Total;2015;3856
35;Palmas, Las;35032 Valleseco;Total;2014;3886
35;Palmas, Las;35032 Valleseco;Total;2013;3904
35;Palmas, Las;35032 Valleseco;Total;2012;3903
35;Palmas, Las;35032 Valleseco;Total;2011;3963
35;Palmas, Las;35032 Valleseco;Total;2010;3935
35;Palmas, Las;35032 Valleseco;Total;2009;3968
35;Palmas, Las;35032 Valleseco;Total;2008;4022
35;Palmas, Las;35032 Valleseco;Total;2007;4019
35;Palmas, Las;35032 Valleseco;Total;2006;4050
35;Palmas, Las;35032 Valleseco;Total;2005;4055
35;Palmas, Las;35032 Valleseco;Total;2004;4082
35;Palmas, Las;35032 Valleseco;Total;2003;4045
35;Palmas, Las;35032 Valleseco;Total;2002;4030
35;Palmas, Las;35032 Valleseco;Total;2001;4024
35;Palmas, Las;35032 Valleseco;Total;2000;4006
35;Palmas, Las;35032 Valleseco;Total;1999;4129
35;Palmas, Las;35032 Valleseco;Total;1998;4219
35;Palmas, Las;35032 Valleseco;Total;1997;
35;Palmas, Las;35032 Valleseco;Total;1996;4383
35;Palmas, Las;35032 Valleseco;Hombres;2023;1950
35;Palmas, Las;35032 Valleseco;Hombres;2022;1958
35;Palmas, Las;35032 Valleseco;Hombres;2021;1968
35;Palmas, Las;35032 Valleseco;Hombres;2020;1957
35;Palmas, Las;35032 Valleseco;Hombres;2019;1964
35;Palmas, Las;35032 Valleseco;Hombres;2018;1974
35;Palmas, Las;35032 Valleseco;Hombres;2017;1993
35;Palmas, Las;35032 Valleseco;Hombres;2016;2028
35;Palmas, Las;35032 Valleseco;Hombres;2015;2030
35;Palmas, Las;35032 Valleseco;Hombres;2014;2040
35;Palmas, Las;35032 Valleseco;Hombres;2013;2051
35;Palmas, Las;35032 Valleseco;Hombres;2012;2053
35;Palmas, Las;35032 Valleseco;Hombres;2011;2097
35;Palmas, Las;35032 Valleseco;Hombres;2010;2070
35;Palmas, Las;35032 Valleseco;Hombres;2009;2091
35;Palmas, Las;35032 Valleseco;Hombres;2008;2127
35;Palmas, Las;35032 Valleseco;Hombres;2007;2116
35;Palmas, Las;35032 Valleseco;Hombres;2006;2128
35;Palmas, Las;35032 Valleseco;Hombres;2005;2135
35;Palmas, Las;35032 Valleseco;Hombres;2004;2140
35;Palmas, Las;35032 Valleseco;Hombres;2003;2121
35;Palmas, Las;35032 Valleseco;Hombres;2002;2097
35;Palmas, Las;35032 Valleseco;Hombres;2001;2076
35;Palmas, Las;35032 Valleseco;Hombres;2000;2059
35;Palmas, Las;35032 Valleseco;Hombres;1999;2118
35;Palmas, Las;35032 Valleseco;Hombres;1998;2150
35;Palmas, Las;35032 Valleseco;Hombres;1997;
35;Palmas, Las;35032 Valleseco;Hombres;1996;2241
35;Palmas, Las;35032 Valleseco;Mujeres;2023;1783
35;Palmas, Las;35032 Valleseco;Mujeres;2022;1792
35;Palmas, Las;35032 Valleseco;Mujeres;2021;1786
35;Palmas, Las;35032 Valleseco;Mujeres;2020;1770
35;Palmas, Las;35032 Valleseco;Mujeres;2019;1785
35;Palmas, Las;35032 Valleseco;Mujeres;2018;1810
35;Palmas, Las;35032 Valleseco;Mujeres;2017;1817
35;Palmas, Las;35032 Valleseco;Mujeres;2016;1833
35;Palmas, Las;35032 Valleseco;Mujeres;2015;1826
35;Palmas, Las;35032 Valleseco;Mujeres;2014;1846
35;Palmas, Las;35032 Valleseco;Mujeres;2013;1853
35;Palmas, Las;35032 Valleseco;Mujeres;2012;1850
35;Palmas, Las;35032 Valleseco;Mujeres;2011;1866
35;Palmas, Las;35032 Valleseco;Mujeres;2010;1865
35;Palmas, Las;35032 Valleseco;Mujeres;2009;1877
35;Palmas, Las;35032 Valleseco;Mujeres;2008;1895
35;Palmas, Las;35032 Valleseco;Mujeres;2007;1903
35;Palmas, Las;35032 Valleseco;Mujeres;2006;1922
35;Palmas, Las;35032 Valleseco;Mujeres;2005;1920
35;Palmas, Las;35032 Valleseco;Mujeres;2004;1942
35;Palmas, Las;35032 Valleseco;Mujeres;2003;1924
35;Palmas, Las;35032 Valleseco;Mujeres;2002;1933
35;Palmas, Las;35032 Valleseco;Mujeres;2001;1948
35;Palmas, Las;35032 Valleseco;Mujeres;2000;1947
35;Palmas, Las;35032 Valleseco;Mujeres;1999;2011
35;Palmas, Las;35032 Valleseco;Mujeres;1998;2069
35;Palmas, Las;35032 Valleseco;Mujeres;1997;
35;Palmas, Las;35032 Valleseco;Mujeres;1996;2142
35;Palmas, Las;35031 Valsequillo de Gran Canaria;Total;2023;9667
35;Palmas, Las;35031 Valsequillo de Gran Canaria;Total;2022;9490
35;Palmas, Las;35031 Valsequillo de Gran Canaria;Total;2021;9382
35;Palmas, Las;35031 Valsequillo de Gran Canaria;Total;2020;9377
35;Palmas, Las;35031 Valsequillo de Gran Canaria;Total;2019;9340
35;Palmas, Las;35031 Valsequillo de Gran Canaria;Total;2018;9278
35;Palmas, Las;35031 Valsequillo de Gran Canaria;Total;2017;9191
35;Palmas, Las;35031 Valsequillo de Gran Canaria;Total;2016;9227
35;Palmas, Las;35031 Valsequillo de Gran Canaria;Total;2015;9276
35;Palmas, Las;35031 Valsequillo de Gran Canaria;Total;2014;9233
35;Palmas, Las;35031 Valsequillo de Gran Canaria;Total;2013;9170
35;Palmas, Las;35031 Valsequillo de Gran Canaria;Total;2012;9157
35;Palmas, Las;35031 Valsequillo de Gran Canaria;Total;2011;9090
35;Palmas, Las;35031 Valsequillo de Gran Canaria;Total;2010;9099
35;Palmas, Las;35031 Valsequillo de Gran Canaria;Total;2009;9067
35;Palmas, Las;35031 Valsequillo de Gran Canaria;Total;2008;8987
35;Palmas, Las;35031 Valsequillo de Gran Canaria;Total;2007;8853
35;Palmas, Las;35031 Valsequillo de Gran Canaria;Total;2006;8583
35;Palmas, Las;35031 Valsequillo de Gran Canaria;Total;2005;8659
35;Palmas, Las;35031 Valsequillo de Gran Canaria;Total;2004;8498
35;Palmas, Las;35031 Valsequillo de Gran Canaria;Total;2003;8381
35;Palmas, Las;35031 Valsequillo de Gran Canaria;Total;2002;8311
35;Palmas, Las;35031 Valsequillo de Gran Canaria;Total;2001;8139
35;Palmas, Las;35031 Valsequillo de Gran Canaria;Total;2000;8049
35;Palmas, Las;35031 Valsequillo de Gran Canaria;Total;1999;7905
35;Palmas, Las;35031 Valsequillo de Gran Canaria;Total;1998;7710
35;Palmas, Las;35031 Valsequillo de Gran Canaria;Total;1997;
35;Palmas, Las;35031 Valsequillo de Gran Canaria;Total;1996;7796
35;Palmas, Las;35031 Valsequillo de Gran Canaria;Hombres;2023;4860
35;Palmas, Las;35031 Valsequillo de Gran Canaria;Hombres;2022;4770
35;Palmas, Las;35031 Valsequillo de Gran Canaria;Hombres;2021;4697
35;Palmas, Las;35031 Valsequillo de Gran Canaria;Hombres;2020;4704
35;Palmas, Las;35031 Valsequillo de Gran Canaria;Hombres;2019;4689
35;Palmas, Las;35031 Valsequillo de Gran Canaria;Hombres;2018;4670
35;Palmas, Las;35031 Valsequillo de Gran Canaria;Hombres;2017;4631
35;Palmas, Las;35031 Valsequillo de Gran Canaria;Hombres;2016;4644
35;Palmas, Las;35031 Valsequillo de Gran Canaria;Hombres;2015;4682
35;Palmas, Las;35031 Valsequillo de Gran Canaria;Hombres;2014;4652
35;Palmas, Las;35031 Valsequillo de Gran Canaria;Hombres;2013;4616
35;Palmas, Las;35031 Valsequillo de Gran Canaria;Hombres;2012;4628
35;Palmas, Las;35031 Valsequillo de Gran Canaria;Hombres;2011;4621
35;Palmas, Las;35031 Valsequillo de Gran Canaria;Hombres;2010;4615
35;Palmas, Las;35031 Valsequillo de Gran Canaria;Hombres;2009;4617
35;Palmas, Las;35031 Valsequillo de Gran Canaria;Hombres;2008;4575
35;Palmas, Las;35031 Valsequillo de Gran Canaria;Hombres;2007;4521
35;Palmas, Las;35031 Valsequillo de Gran Canaria;Hombres;2006;4382
35;Palmas, Las;35031 Valsequillo de Gran Canaria;Hombres;2005;4429
35;Palmas, Las;35031 Valsequillo de Gran Canaria;Hombres;2004;4348
35;Palmas, Las;35031 Valsequillo de Gran Canaria;Hombres;2003;4277
35;Palmas, Las;35031 Valsequillo de Gran Canaria;Hombres;2002;4261
35;Palmas, Las;35031 Valsequillo de Gran Canaria;Hombres;2001;4189
35;Palmas, Las;35031 Valsequillo de Gran Canaria;Hombres;2000;4139
35;Palmas, Las;35031 Valsequillo de Gran Canaria;Hombres;1999;4065
35;Palmas, Las;35031 Valsequillo de Gran Canaria;Hombres;1998;3945
35;Palmas, Las;35031 Valsequillo de Gran Canaria;Hombres;1997;
35;Palmas, Las;35031 Valsequillo de Gran Canaria;Hombres;1996;3975
35;Palmas, Las;35031 Valsequillo de Gran Canaria;Mujeres;2023;4807
35;Palmas, Las;35031 Valsequillo de Gran Canaria;Mujeres;2022;4720
35;Palmas, Las;35031 Valsequillo de Gran Canaria;Mujeres;2021;4685
35;Palmas, Las;35031 Valsequillo de Gran Canaria;Mujeres;2020;4673
35;Palmas, Las;35031 Valsequillo de Gran Canaria;Mujeres;2019;4651
35;Palmas, Las;35031 Valsequillo de Gran Canaria;Mujeres;2018;4608
35;Palmas, Las;35031 Valsequillo de Gran Canaria;Mujeres;2017;4560
35;Palmas, Las;35031 Valsequillo de Gran Canaria;Mujeres;2016;4583
35;Palmas, Las;35031 Valsequillo de Gran Canaria;Mujeres;2015;4594
35;Palmas, Las;35031 Valsequillo de Gran Canaria;Mujeres;2014;4581
35;Palmas, Las;35031 Valsequillo de Gran Canaria;Mujeres;2013;4554
35;Palmas, Las;35031 Valsequillo de Gran Canaria;Mujeres;2012;4529
35;Palmas, Las;35031 Valsequillo de Gran Canaria;Mujeres;2011;4469
35;Palmas, Las;35031 Valsequillo de Gran Canaria;Mujeres;2010;4484
35;Palmas, Las;35031 Valsequillo de Gran Canaria;Mujeres;2009;4450
35;Palmas, Las;35031 Valsequillo de Gran Canaria;Mujeres;2008;4412
35;Palmas, Las;35031 Valsequillo de Gran Canaria;Mujeres;2007;4332
35;Palmas, Las;35031 Valsequillo de Gran Canaria;Mujeres;2006;4201
35;Palmas, Las;35031 Valsequillo de Gran Canaria;Mujeres;2005;4230
35;Palmas, Las;35031 Valsequillo de Gran Canaria;Mujeres;2004;4150
35;Palmas, Las;35031 Valsequillo de Gran Canaria;Mujeres;2003;4104
35;Palmas, Las;35031 Valsequillo de Gran Canaria;Mujeres;2002;4050
35;Palmas, Las;35031 Valsequillo de Gran Canaria;Mujeres;2001;3950
35;Palmas, Las;35031 Valsequillo de Gran Canaria;Mujeres;2000;3910
35;Palmas, Las;35031 Valsequillo de Gran Canaria;Mujeres;1999;3840
35;Palmas, Las;35031 Valsequillo de Gran Canaria;Mujeres;1998;3765
35;Palmas, Las;35031 Valsequillo de Gran Canaria;Mujeres;1997;
35;Palmas, Las;35031 Valsequillo de Gran Canaria;Mujeres;1996;3821
35;Palmas, Las;35033 Vega de San Mateo;Total;2023;7782
35;Palmas, Las;35033 Vega de San Mateo;Total;2022;7682
35;Palmas, Las;35033 Vega de San Mateo;Total;2021;7645
35;Palmas, Las;35033 Vega de San Mateo;Total;2020;7569
35;Palmas, Las;35033 Vega de San Mateo;Total;2019;7556
35;Palmas, Las;35033 Vega de San Mateo;Total;2018;7625
35;Palmas, Las;35033 Vega de San Mateo;Total;2017;7562
35;Palmas, Las;35033 Vega de San Mateo;Total;2016;7628
35;Palmas, Las;35033 Vega de San Mateo;Total;2015;7668
35;Palmas, Las;35033 Vega de San Mateo;Total;2014;7698
35;Palmas, Las;35033 Vega de San Mateo;Total;2013;7774
35;Palmas, Las;35033 Vega de San Mateo;Total;2012;7765
35;Palmas, Las;35033 Vega de San Mateo;Total;2011;7726
35;Palmas, Las;35033 Vega de San Mateo;Total;2010;7699
35;Palmas, Las;35033 Vega de San Mateo;Total;2009;7636
35;Palmas, Las;35033 Vega de San Mateo;Total;2008;7586
35;Palmas, Las;35033 Vega de San Mateo;Total;2007;7611
35;Palmas, Las;35033 Vega de San Mateo;Total;2006;7661
35;Palmas, Las;35033 Vega de San Mateo;Total;2005;7721
35;Palmas, Las;35033 Vega de San Mateo;Total;2004;7617
35;Palmas, Las;35033 Vega de San Mateo;Total;2003;7610
35;Palmas, Las;35033 Vega de San Mateo;Total;2002;7575
35;Palmas, Las;35033 Vega de San Mateo;Total;2001;7406
35;Palmas, Las;35033 Vega de San Mateo;Total;2000;7424
35;Palmas, Las;35033 Vega de San Mateo;Total;1999;7281
35;Palmas, Las;35033 Vega de San Mateo;Total;1998;7146
35;Palmas, Las;35033 Vega de San Mateo;Total;1997;
35;Palmas, Las;35033 Vega de San Mateo;Total;1996;7316
35;Palmas, Las;35033 Vega de San Mateo;Hombres;2023;3993
35;Palmas, Las;35033 Vega de San Mateo;Hombres;2022;3946
35;Palmas, Las;35033 Vega de San Mateo;Hombres;2021;3944
35;Palmas, Las;35033 Vega de San Mateo;Hombres;2020;3900
35;Palmas, Las;35033 Vega de San Mateo;Hombres;2019;3905
35;Palmas, Las;35033 Vega de San Mateo;Hombres;2018;3938
35;Palmas, Las;35033 Vega de San Mateo;Hombres;2017;3894
35;Palmas, Las;35033 Vega de San Mateo;Hombres;2016;3903
35;Palmas, Las;35033 Vega de San Mateo;Hombres;2015;3910
35;Palmas, Las;35033 Vega de San Mateo;Hombres;2014;3920
35;Palmas, Las;35033 Vega de San Mateo;Hombres;2013;3963
35;Palmas, Las;35033 Vega de San Mateo;Hombres;2012;3974
35;Palmas, Las;35033 Vega de San Mateo;Hombres;2011;3946
35;Palmas, Las;35033 Vega de San Mateo;Hombres;2010;3938
35;Palmas, Las;35033 Vega de San Mateo;Hombres;2009;3908
35;Palmas, Las;35033 Vega de San Mateo;Hombres;2008;3915
35;Palmas, Las;35033 Vega de San Mateo;Hombres;2007;3945
35;Palmas, Las;35033 Vega de San Mateo;Hombres;2006;3979
35;Palmas, Las;35033 Vega de San Mateo;Hombres;2005;4016
35;Palmas, Las;35033 Vega de San Mateo;Hombres;2004;3956
35;Palmas, Las;35033 Vega de San Mateo;Hombres;2003;3981
35;Palmas, Las;35033 Vega de San Mateo;Hombres;2002;3963
35;Palmas, Las;35033 Vega de San Mateo;Hombres;2001;3851
35;Palmas, Las;35033 Vega de San Mateo;Hombres;2000;3847
35;Palmas, Las;35033 Vega de San Mateo;Hombres;1999;3762
35;Palmas, Las;35033 Vega de San Mateo;Hombres;1998;3684
35;Palmas, Las;35033 Vega de San Mateo;Hombres;1997;
35;Palmas, Las;35033 Vega de San Mateo;Hombres;1996;3771
35;Palmas, Las;35033 Vega de San Mateo;Mujeres;2023;3789
35;Palmas, Las;35033 Vega de San Mateo;Mujeres;2022;3736
35;Palmas, Las;35033 Vega de San Mateo;Mujeres;2021;3701
35;Palmas, Las;35033 Vega de San Mateo;Mujeres;2020;3669
35;Palmas, Las;35033 Vega de San Mateo;Mujeres;2019;3651
35;Palmas, Las;35033 Vega de San Mateo;Mujeres;2018;3687
35;Palmas, Las;35033 Vega de San Mateo;Mujeres;2017;3668
35;Palmas, Las;35033 Vega de San Mateo;Mujeres;2016;3725
35;Palmas, Las;35033 Vega de San Mateo;Mujeres;2015;3758
35;Palmas, Las;35033 Vega de San Mateo;Mujeres;2014;3778
35;Palmas, Las;35033 Vega de San Mateo;Mujeres;2013;3811
35;Palmas, Las;35033 Vega de San Mateo;Mujeres;2012;3791
35;Palmas, Las;35033 Vega de San Mateo;Mujeres;2011;3780
35;Palmas, Las;35033 Vega de San Mateo;Mujeres;2010;3761
35;Palmas, Las;35033 Vega de San Mateo;Mujeres;2009;3728
35;Palmas, Las;35033 Vega de San Mateo;Mujeres;2008;3671
35;Palmas, Las;35033 Vega de San Mateo;Mujeres;2007;3666
35;Palmas, Las;35033 Vega de San Mateo;Mujeres;2006;3682
35;Palmas, Las;35033 Vega de San Mateo;Mujeres;2005;3705
35;Palmas, Las;35033 Vega de San Mateo;Mujeres;2004;3661
35;Palmas, Las;35033 Vega de San Mateo;Mujeres;2003;3629
35;Palmas, Las;35033 Vega de San Mateo;Mujeres;2002;3612
35;Palmas, Las;35033 Vega de San Mateo;Mujeres;2001;3555
35;Palmas, Las;35033 Vega de San Mateo;Mujeres;2000;3577
35;Palmas, Las;35033 Vega de San Mateo;Mujeres;1999;3519
35;Palmas, Las;35033 Vega de San Mateo;Mujeres;1998;3462
35;Palmas, Las;35033 Vega de San Mateo;Mujeres;1997;
35;Palmas, Las;35033 Vega de San Mateo;Mujeres;1996;3545
35;Palmas, Las;35034 Yaiza;Total;2023;17415
35;Palmas, Las;35034 Yaiza;Total;2022;16924
35;Palmas, Las;35034 Yaiza;Total;2021;16977
35;Palmas, Las;35034 Yaiza;Total;2020;17040
35;Palmas, Las;35034 Yaiza;Total;2019;16571
35;Palmas, Las;35034 Yaiza;Total;2018;16289
35;Palmas, Las;35034 Yaiza;Total;2017;16257
35;Palmas, Las;35034 Yaiza;Total;2016;15944
35;Palmas, Las;35034 Yaiza;Total;2015;15815
35;Palmas, Las;35034 Yaiza;Total;2014;15068
35;Palmas, Las;35034 Yaiza;Total;2013;15571
35;Palmas, Las;35034 Yaiza;Total;2012;15131
35;Palmas, Las;35034 Yaiza;Total;2011;14871
35;Palmas, Las;35034 Yaiza;Total;2010;14242
35;Palmas, Las;35034 Yaiza;Total;2009;13941
35;Palmas, Las;35034 Yaiza;Total;2008;12947
35;Palmas, Las;35034 Yaiza;Total;2007;10894
35;Palmas, Las;35034 Yaiza;Total;2006;9664
35;Palmas, Las;35034 Yaiza;Total;2005;8841
35;Palmas, Las;35034 Yaiza;Total;2004;8130
35;Palmas, Las;35034 Yaiza;Total;2003;7792
35;Palmas, Las;35034 Yaiza;Total;2002;7320
35;Palmas, Las;35034 Yaiza;Total;2001;6358
35;Palmas, Las;35034 Yaiza;Total;2000;5175
35;Palmas, Las;35034 Yaiza;Total;1999;4179
35;Palmas, Las;35034 Yaiza;Total;1998;3801
35;Palmas, Las;35034 Yaiza;Total;1997;
35;Palmas, Las;35034 Yaiza;Total;1996;3363
35;Palmas, Las;35034 Yaiza;Hombres;2023;8932
35;Palmas, Las;35034 Yaiza;Hombres;2022;8744
35;Palmas, Las;35034 Yaiza;Hombres;2021;8781
35;Palmas, Las;35034 Yaiza;Hombres;2020;8795
35;Palmas, Las;35034 Yaiza;Hombres;2019;8607
35;Palmas, Las;35034 Yaiza;Hombres;2018;8436
35;Palmas, Las;35034 Yaiza;Hombres;2017;8438
35;Palmas, Las;35034 Yaiza;Hombres;2016;8335
35;Palmas, Las;35034 Yaiza;Hombres;2015;8288
35;Palmas, Las;35034 Yaiza;Hombres;2014;7871
35;Palmas, Las;35034 Yaiza;Hombres;2013;8178
35;Palmas, Las;35034 Yaiza;Hombres;2012;8037
35;Palmas, Las;35034 Yaiza;Hombres;2011;7930
35;Palmas, Las;35034 Yaiza;Hombres;2010;7648
35;Palmas, Las;35034 Yaiza;Hombres;2009;7570
35;Palmas, Las;35034 Yaiza;Hombres;2008;7112
35;Palmas, Las;35034 Yaiza;Hombres;2007;6060
35;Palmas, Las;35034 Yaiza;Hombres;2006;5386
35;Palmas, Las;35034 Yaiza;Hombres;2005;4952
35;Palmas, Las;35034 Yaiza;Hombres;2004;4584
35;Palmas, Las;35034 Yaiza;Hombres;2003;4426
35;Palmas, Las;35034 Yaiza;Hombres;2002;4173
35;Palmas, Las;35034 Yaiza;Hombres;2001;3644
35;Palmas, Las;35034 Yaiza;Hombres;2000;2896
35;Palmas, Las;35034 Yaiza;Hombres;1999;2302
35;Palmas, Las;35034 Yaiza;Hombres;1998;2057
35;Palmas, Las;35034 Yaiza;Hombres;1997;
35;Palmas, Las;35034 Yaiza;Hombres;1996;1798
35;Palmas, Las;35034 Yaiza;Mujeres;2023;8483
35;Palmas, Las;35034 Yaiza;Mujeres;2022;8180
35;Palmas, Las;35034 Yaiza;Mujeres;2021;8196
35;Palmas, Las;35034 Yaiza;Mujeres;2020;8245
35;Palmas, Las;35034 Yaiza;Mujeres;2019;7964
35;Palmas, Las;35034 Yaiza;Mujeres;2018;7853
35;Palmas, Las;35034 Yaiza;Mujeres;2017;7819
35;Palmas, Las;35034 Yaiza;Mujeres;2016;7609
35;Palmas, Las;35034 Yaiza;Mujeres;2015;7527
35;Palmas, Las;35034 Yaiza;Mujeres;2014;7197
35;Palmas, Las;35034 Yaiza;Mujeres;2013;7393
35;Palmas, Las;35034 Yaiza;Mujeres;2012;7094
35;Palmas, Las;35034 Yaiza;Mujeres;2011;6941
35;Palmas, Las;35034 Yaiza;Mujeres;2010;6594
35;Palmas, Las;35034 Yaiza;Mujeres;2009;6371
35;Palmas, Las;35034 Yaiza;Mujeres;2008;5835
35;Palmas, Las;35034 Yaiza;Mujeres;2007;4834
35;Palmas, Las;35034 Yaiza;Mujeres;2006;4278
35;Palmas, Las;35034 Yaiza;Mujeres;2005;3889
35;Palmas, Las;35034 Yaiza;Mujeres;2004;3546
35;Palmas, Las;35034 Yaiza;Mujeres;2003;3366
35;Palmas, Las;35034 Yaiza;Mujeres;2002;3147
35;Palmas, Las;35034 Yaiza;Mujeres;2001;2714
35;Palmas, Las;35034 Yaiza;Mujeres;2000;2279
35;Palmas, Las;35034 Yaiza;Mujeres;1999;1877
35;Palmas, Las;35034 Yaiza;Mujeres;1998;1744
35;Palmas, Las;35034 Yaiza;Mujeres;1997;
35;Palmas, Las;35034 Yaiza;Mujeres;1996;1565
