codigo_provincia;nombre_provincia;Municipios;Sexo;Periodo;Total
45;Toledo;45001 Ajofrín;Total;2023;2340
45;Toledo;45001 Ajofrín;Total;2022;2290
45;Toledo;45001 Ajofrín;Total;2021;2236
45;Toledo;45001 Ajofrín;Total;2020;2259
45;Toledo;45001 Ajofrín;Total;2019;2264
45;Toledo;45001 Ajofrín;Total;2018;2244
45;Toledo;45001 Ajofrín;Total;2017;2245
45;Toledo;45001 Ajofrín;Total;2016;2267
45;Toledo;45001 Ajofrín;Total;2015;2314
45;Toledo;45001 Ajofrín;Total;2014;2336
45;Toledo;45001 Ajofrín;Total;2013;2359
45;Toledo;45001 Ajofrín;Total;2012;2288
45;Toledo;45001 Ajofrín;Total;2011;2309
45;Toledo;45001 Ajofrín;Total;2010;2292
45;Toledo;45001 Ajofrín;Total;2009;2290
45;Toledo;45001 Ajofrín;Total;2008;2328
45;Toledo;45001 Ajofrín;Total;2007;2297
45;Toledo;45001 Ajofrín;Total;2006;2279
45;Toledo;45001 Ajofrín;Total;2005;2226
45;Toledo;45001 Ajofrín;Total;2004;2171
45;Toledo;45001 Ajofrín;Total;2003;2150
45;Toledo;45001 Ajofrín;Total;2002;2174
45;Toledo;45001 Ajofrín;Total;2001;2185
45;Toledo;45001 Ajofrín;Total;2000;2173
45;Toledo;45001 Ajofrín;Total;1999;2149
45;Toledo;45001 Ajofrín;Total;1998;2155
45;Toledo;45001 Ajofrín;Total;1997;
45;Toledo;45001 Ajofrín;Total;1996;2162
45;Toledo;45001 Ajofrín;Hombres;2023;1180
45;Toledo;45001 Ajofrín;Hombres;2022;1157
45;Toledo;45001 Ajofrín;Hombres;2021;1128
45;Toledo;45001 Ajofrín;Hombres;2020;1133
45;Toledo;45001 Ajofrín;Hombres;2019;1135
45;Toledo;45001 Ajofrín;Hombres;2018;1116
45;Toledo;45001 Ajofrín;Hombres;2017;1114
45;Toledo;45001 Ajofrín;Hombres;2016;1133
45;Toledo;45001 Ajofrín;Hombres;2015;1165
45;Toledo;45001 Ajofrín;Hombres;2014;1160
45;Toledo;45001 Ajofrín;Hombres;2013;1180
45;Toledo;45001 Ajofrín;Hombres;2012;1160
45;Toledo;45001 Ajofrín;Hombres;2011;1171
45;Toledo;45001 Ajofrín;Hombres;2010;1182
45;Toledo;45001 Ajofrín;Hombres;2009;1187
45;Toledo;45001 Ajofrín;Hombres;2008;1215
45;Toledo;45001 Ajofrín;Hombres;2007;1187
45;Toledo;45001 Ajofrín;Hombres;2006;1173
45;Toledo;45001 Ajofrín;Hombres;2005;1151
45;Toledo;45001 Ajofrín;Hombres;2004;1125
45;Toledo;45001 Ajofrín;Hombres;2003;1112
45;Toledo;45001 Ajofrín;Hombres;2002;1125
45;Toledo;45001 Ajofrín;Hombres;2001;1140
45;Toledo;45001 Ajofrín;Hombres;2000;1124
45;Toledo;45001 Ajofrín;Hombres;1999;1115
45;Toledo;45001 Ajofrín;Hombres;1998;1114
45;Toledo;45001 Ajofrín;Hombres;1997;
45;Toledo;45001 Ajofrín;Hombres;1996;1100
45;Toledo;45001 Ajofrín;Mujeres;2023;1160
45;Toledo;45001 Ajofrín;Mujeres;2022;1133
45;Toledo;45001 Ajofrín;Mujeres;2021;1108
45;Toledo;45001 Ajofrín;Mujeres;2020;1126
45;Toledo;45001 Ajofrín;Mujeres;2019;1129
45;Toledo;45001 Ajofrín;Mujeres;2018;1128
45;Toledo;45001 Ajofrín;Mujeres;2017;1131
45;Toledo;45001 Ajofrín;Mujeres;2016;1134
45;Toledo;45001 Ajofrín;Mujeres;2015;1149
45;Toledo;45001 Ajofrín;Mujeres;2014;1176
45;Toledo;45001 Ajofrín;Mujeres;2013;1179
45;Toledo;45001 Ajofrín;Mujeres;2012;1128
45;Toledo;45001 Ajofrín;Mujeres;2011;1138
45;Toledo;45001 Ajofrín;Mujeres;2010;1110
45;Toledo;45001 Ajofrín;Mujeres;2009;1103
45;Toledo;45001 Ajofrín;Mujeres;2008;1113
45;Toledo;45001 Ajofrín;Mujeres;2007;1110
45;Toledo;45001 Ajofrín;Mujeres;2006;1106
45;Toledo;45001 Ajofrín;Mujeres;2005;1075
45;Toledo;45001 Ajofrín;Mujeres;2004;1046
45;Toledo;45001 Ajofrín;Mujeres;2003;1038
45;Toledo;45001 Ajofrín;Mujeres;2002;1049
45;Toledo;45001 Ajofrín;Mujeres;2001;1045
45;Toledo;45001 Ajofrín;Mujeres;2000;1049
45;Toledo;45001 Ajofrín;Mujeres;1999;1034
45;Toledo;45001 Ajofrín;Mujeres;1998;1041
45;Toledo;45001 Ajofrín;Mujeres;1997;
45;Toledo;45001 Ajofrín;Mujeres;1996;1062
45;Toledo;45002 Alameda de la Sagra;Total;2023;4149
45;Toledo;45002 Alameda de la Sagra;Total;2022;3908
45;Toledo;45002 Alameda de la Sagra;Total;2021;3757
45;Toledo;45002 Alameda de la Sagra;Total;2020;3734
45;Toledo;45002 Alameda de la Sagra;Total;2019;3623
45;Toledo;45002 Alameda de la Sagra;Total;2018;3562
45;Toledo;45002 Alameda de la Sagra;Total;2017;3534
45;Toledo;45002 Alameda de la Sagra;Total;2016;3561
45;Toledo;45002 Alameda de la Sagra;Total;2015;3478
45;Toledo;45002 Alameda de la Sagra;Total;2014;3509
45;Toledo;45002 Alameda de la Sagra;Total;2013;3518
45;Toledo;45002 Alameda de la Sagra;Total;2012;3511
45;Toledo;45002 Alameda de la Sagra;Total;2011;3487
45;Toledo;45002 Alameda de la Sagra;Total;2010;3405
45;Toledo;45002 Alameda de la Sagra;Total;2009;3385
45;Toledo;45002 Alameda de la Sagra;Total;2008;3324
45;Toledo;45002 Alameda de la Sagra;Total;2007;3242
45;Toledo;45002 Alameda de la Sagra;Total;2006;3183
45;Toledo;45002 Alameda de la Sagra;Total;2005;3120
45;Toledo;45002 Alameda de la Sagra;Total;2004;3006
45;Toledo;45002 Alameda de la Sagra;Total;2003;2918
45;Toledo;45002 Alameda de la Sagra;Total;2002;2890
45;Toledo;45002 Alameda de la Sagra;Total;2001;2841
45;Toledo;45002 Alameda de la Sagra;Total;2000;2846
45;Toledo;45002 Alameda de la Sagra;Total;1999;2823
45;Toledo;45002 Alameda de la Sagra;Total;1998;2823
45;Toledo;45002 Alameda de la Sagra;Total;1997;
45;Toledo;45002 Alameda de la Sagra;Total;1996;2797
45;Toledo;45002 Alameda de la Sagra;Hombres;2023;2181
45;Toledo;45002 Alameda de la Sagra;Hombres;2022;2036
45;Toledo;45002 Alameda de la Sagra;Hombres;2021;1960
45;Toledo;45002 Alameda de la Sagra;Hombres;2020;1948
45;Toledo;45002 Alameda de la Sagra;Hombres;2019;1912
45;Toledo;45002 Alameda de la Sagra;Hombres;2018;1874
45;Toledo;45002 Alameda de la Sagra;Hombres;2017;1848
45;Toledo;45002 Alameda de la Sagra;Hombres;2016;1864
45;Toledo;45002 Alameda de la Sagra;Hombres;2015;1817
45;Toledo;45002 Alameda de la Sagra;Hombres;2014;1831
45;Toledo;45002 Alameda de la Sagra;Hombres;2013;1825
45;Toledo;45002 Alameda de la Sagra;Hombres;2012;1829
45;Toledo;45002 Alameda de la Sagra;Hombres;2011;1835
45;Toledo;45002 Alameda de la Sagra;Hombres;2010;1797
45;Toledo;45002 Alameda de la Sagra;Hombres;2009;1799
45;Toledo;45002 Alameda de la Sagra;Hombres;2008;1760
45;Toledo;45002 Alameda de la Sagra;Hombres;2007;1708
45;Toledo;45002 Alameda de la Sagra;Hombres;2006;1692
45;Toledo;45002 Alameda de la Sagra;Hombres;2005;1653
45;Toledo;45002 Alameda de la Sagra;Hombres;2004;1588
45;Toledo;45002 Alameda de la Sagra;Hombres;2003;1538
45;Toledo;45002 Alameda de la Sagra;Hombres;2002;1531
45;Toledo;45002 Alameda de la Sagra;Hombres;2001;1516
45;Toledo;45002 Alameda de la Sagra;Hombres;2000;1510
45;Toledo;45002 Alameda de la Sagra;Hombres;1999;1483
45;Toledo;45002 Alameda de la Sagra;Hombres;1998;1483
45;Toledo;45002 Alameda de la Sagra;Hombres;1997;
45;Toledo;45002 Alameda de la Sagra;Hombres;1996;1468
45;Toledo;45002 Alameda de la Sagra;Mujeres;2023;1968
45;Toledo;45002 Alameda de la Sagra;Mujeres;2022;1872
45;Toledo;45002 Alameda de la Sagra;Mujeres;2021;1797
45;Toledo;45002 Alameda de la Sagra;Mujeres;2020;1786
45;Toledo;45002 Alameda de la Sagra;Mujeres;2019;1711
45;Toledo;45002 Alameda de la Sagra;Mujeres;2018;1688
45;Toledo;45002 Alameda de la Sagra;Mujeres;2017;1686
45;Toledo;45002 Alameda de la Sagra;Mujeres;2016;1697
45;Toledo;45002 Alameda de la Sagra;Mujeres;2015;1661
45;Toledo;45002 Alameda de la Sagra;Mujeres;2014;1678
45;Toledo;45002 Alameda de la Sagra;Mujeres;2013;1693
45;Toledo;45002 Alameda de la Sagra;Mujeres;2012;1682
45;Toledo;45002 Alameda de la Sagra;Mujeres;2011;1652
45;Toledo;45002 Alameda de la Sagra;Mujeres;2010;1608
45;Toledo;45002 Alameda de la Sagra;Mujeres;2009;1586
45;Toledo;45002 Alameda de la Sagra;Mujeres;2008;1564
45;Toledo;45002 Alameda de la Sagra;Mujeres;2007;1534
45;Toledo;45002 Alameda de la Sagra;Mujeres;2006;1491
45;Toledo;45002 Alameda de la Sagra;Mujeres;2005;1467
45;Toledo;45002 Alameda de la Sagra;Mujeres;2004;1418
45;Toledo;45002 Alameda de la Sagra;Mujeres;2003;1380
45;Toledo;45002 Alameda de la Sagra;Mujeres;2002;1359
45;Toledo;45002 Alameda de la Sagra;Mujeres;2001;1325
45;Toledo;45002 Alameda de la Sagra;Mujeres;2000;1336
45;Toledo;45002 Alameda de la Sagra;Mujeres;1999;1340
45;Toledo;45002 Alameda de la Sagra;Mujeres;1998;1340
45;Toledo;45002 Alameda de la Sagra;Mujeres;1997;
45;Toledo;45002 Alameda de la Sagra;Mujeres;1996;1329
45;Toledo;45003 Albarreal de Tajo;Total;2023;735
45;Toledo;45003 Albarreal de Tajo;Total;2022;692
45;Toledo;45003 Albarreal de Tajo;Total;2021;708
45;Toledo;45003 Albarreal de Tajo;Total;2020;679
45;Toledo;45003 Albarreal de Tajo;Total;2019;683
45;Toledo;45003 Albarreal de Tajo;Total;2018;692
45;Toledo;45003 Albarreal de Tajo;Total;2017;702
45;Toledo;45003 Albarreal de Tajo;Total;2016;701
45;Toledo;45003 Albarreal de Tajo;Total;2015;713
45;Toledo;45003 Albarreal de Tajo;Total;2014;734
45;Toledo;45003 Albarreal de Tajo;Total;2013;722
45;Toledo;45003 Albarreal de Tajo;Total;2012;743
45;Toledo;45003 Albarreal de Tajo;Total;2011;742
45;Toledo;45003 Albarreal de Tajo;Total;2010;725
45;Toledo;45003 Albarreal de Tajo;Total;2009;718
45;Toledo;45003 Albarreal de Tajo;Total;2008;709
45;Toledo;45003 Albarreal de Tajo;Total;2007;662
45;Toledo;45003 Albarreal de Tajo;Total;2006;659
45;Toledo;45003 Albarreal de Tajo;Total;2005;662
45;Toledo;45003 Albarreal de Tajo;Total;2004;657
45;Toledo;45003 Albarreal de Tajo;Total;2003;641
45;Toledo;45003 Albarreal de Tajo;Total;2002;638
45;Toledo;45003 Albarreal de Tajo;Total;2001;630
45;Toledo;45003 Albarreal de Tajo;Total;2000;612
45;Toledo;45003 Albarreal de Tajo;Total;1999;618
45;Toledo;45003 Albarreal de Tajo;Total;1998;605
45;Toledo;45003 Albarreal de Tajo;Total;1997;
45;Toledo;45003 Albarreal de Tajo;Total;1996;594
45;Toledo;45003 Albarreal de Tajo;Hombres;2023;375
45;Toledo;45003 Albarreal de Tajo;Hombres;2022;362
45;Toledo;45003 Albarreal de Tajo;Hombres;2021;371
45;Toledo;45003 Albarreal de Tajo;Hombres;2020;348
45;Toledo;45003 Albarreal de Tajo;Hombres;2019;353
45;Toledo;45003 Albarreal de Tajo;Hombres;2018;359
45;Toledo;45003 Albarreal de Tajo;Hombres;2017;364
45;Toledo;45003 Albarreal de Tajo;Hombres;2016;365
45;Toledo;45003 Albarreal de Tajo;Hombres;2015;372
45;Toledo;45003 Albarreal de Tajo;Hombres;2014;385
45;Toledo;45003 Albarreal de Tajo;Hombres;2013;384
45;Toledo;45003 Albarreal de Tajo;Hombres;2012;389
45;Toledo;45003 Albarreal de Tajo;Hombres;2011;386
45;Toledo;45003 Albarreal de Tajo;Hombres;2010;378
45;Toledo;45003 Albarreal de Tajo;Hombres;2009;369
45;Toledo;45003 Albarreal de Tajo;Hombres;2008;362
45;Toledo;45003 Albarreal de Tajo;Hombres;2007;336
45;Toledo;45003 Albarreal de Tajo;Hombres;2006;338
45;Toledo;45003 Albarreal de Tajo;Hombres;2005;333
45;Toledo;45003 Albarreal de Tajo;Hombres;2004;327
45;Toledo;45003 Albarreal de Tajo;Hombres;2003;319
45;Toledo;45003 Albarreal de Tajo;Hombres;2002;322
45;Toledo;45003 Albarreal de Tajo;Hombres;2001;314
45;Toledo;45003 Albarreal de Tajo;Hombres;2000;304
45;Toledo;45003 Albarreal de Tajo;Hombres;1999;308
45;Toledo;45003 Albarreal de Tajo;Hombres;1998;299
45;Toledo;45003 Albarreal de Tajo;Hombres;1997;
45;Toledo;45003 Albarreal de Tajo;Hombres;1996;293
45;Toledo;45003 Albarreal de Tajo;Mujeres;2023;360
45;Toledo;45003 Albarreal de Tajo;Mujeres;2022;330
45;Toledo;45003 Albarreal de Tajo;Mujeres;2021;337
45;Toledo;45003 Albarreal de Tajo;Mujeres;2020;331
45;Toledo;45003 Albarreal de Tajo;Mujeres;2019;330
45;Toledo;45003 Albarreal de Tajo;Mujeres;2018;333
45;Toledo;45003 Albarreal de Tajo;Mujeres;2017;338
45;Toledo;45003 Albarreal de Tajo;Mujeres;2016;336
45;Toledo;45003 Albarreal de Tajo;Mujeres;2015;341
45;Toledo;45003 Albarreal de Tajo;Mujeres;2014;349
45;Toledo;45003 Albarreal de Tajo;Mujeres;2013;338
45;Toledo;45003 Albarreal de Tajo;Mujeres;2012;354
45;Toledo;45003 Albarreal de Tajo;Mujeres;2011;356
45;Toledo;45003 Albarreal de Tajo;Mujeres;2010;347
45;Toledo;45003 Albarreal de Tajo;Mujeres;2009;349
45;Toledo;45003 Albarreal de Tajo;Mujeres;2008;347
45;Toledo;45003 Albarreal de Tajo;Mujeres;2007;326
45;Toledo;45003 Albarreal de Tajo;Mujeres;2006;321
45;Toledo;45003 Albarreal de Tajo;Mujeres;2005;329
45;Toledo;45003 Albarreal de Tajo;Mujeres;2004;330
45;Toledo;45003 Albarreal de Tajo;Mujeres;2003;322
45;Toledo;45003 Albarreal de Tajo;Mujeres;2002;316
45;Toledo;45003 Albarreal de Tajo;Mujeres;2001;316
45;Toledo;45003 Albarreal de Tajo;Mujeres;2000;308
45;Toledo;45003 Albarreal de Tajo;Mujeres;1999;310
45;Toledo;45003 Albarreal de Tajo;Mujeres;1998;306
45;Toledo;45003 Albarreal de Tajo;Mujeres;1997;
45;Toledo;45003 Albarreal de Tajo;Mujeres;1996;301
45;Toledo;45004 Alcabón;Total;2023;762
45;Toledo;45004 Alcabón;Total;2022;743
45;Toledo;45004 Alcabón;Total;2021;678
45;Toledo;45004 Alcabón;Total;2020;664
45;Toledo;45004 Alcabón;Total;2019;686
45;Toledo;45004 Alcabón;Total;2018;669
45;Toledo;45004 Alcabón;Total;2017;685
45;Toledo;45004 Alcabón;Total;2016;705
45;Toledo;45004 Alcabón;Total;2015;720
45;Toledo;45004 Alcabón;Total;2014;710
45;Toledo;45004 Alcabón;Total;2013;732
45;Toledo;45004 Alcabón;Total;2012;756
45;Toledo;45004 Alcabón;Total;2011;762
45;Toledo;45004 Alcabón;Total;2010;747
45;Toledo;45004 Alcabón;Total;2009;754
45;Toledo;45004 Alcabón;Total;2008;742
45;Toledo;45004 Alcabón;Total;2007;728
45;Toledo;45004 Alcabón;Total;2006;707
45;Toledo;45004 Alcabón;Total;2005;685
45;Toledo;45004 Alcabón;Total;2004;671
45;Toledo;45004 Alcabón;Total;2003;652
45;Toledo;45004 Alcabón;Total;2002;656
45;Toledo;45004 Alcabón;Total;2001;632
45;Toledo;45004 Alcabón;Total;2000;630
45;Toledo;45004 Alcabón;Total;1999;618
45;Toledo;45004 Alcabón;Total;1998;609
45;Toledo;45004 Alcabón;Total;1997;
45;Toledo;45004 Alcabón;Total;1996;573
45;Toledo;45004 Alcabón;Hombres;2023;384
45;Toledo;45004 Alcabón;Hombres;2022;374
45;Toledo;45004 Alcabón;Hombres;2021;344
45;Toledo;45004 Alcabón;Hombres;2020;341
45;Toledo;45004 Alcabón;Hombres;2019;351
45;Toledo;45004 Alcabón;Hombres;2018;347
45;Toledo;45004 Alcabón;Hombres;2017;355
45;Toledo;45004 Alcabón;Hombres;2016;369
45;Toledo;45004 Alcabón;Hombres;2015;386
45;Toledo;45004 Alcabón;Hombres;2014;374
45;Toledo;45004 Alcabón;Hombres;2013;386
45;Toledo;45004 Alcabón;Hombres;2012;392
45;Toledo;45004 Alcabón;Hombres;2011;400
45;Toledo;45004 Alcabón;Hombres;2010;382
45;Toledo;45004 Alcabón;Hombres;2009;383
45;Toledo;45004 Alcabón;Hombres;2008;375
45;Toledo;45004 Alcabón;Hombres;2007;360
45;Toledo;45004 Alcabón;Hombres;2006;356
45;Toledo;45004 Alcabón;Hombres;2005;345
45;Toledo;45004 Alcabón;Hombres;2004;339
45;Toledo;45004 Alcabón;Hombres;2003;330
45;Toledo;45004 Alcabón;Hombres;2002;331
45;Toledo;45004 Alcabón;Hombres;2001;318
45;Toledo;45004 Alcabón;Hombres;2000;319
45;Toledo;45004 Alcabón;Hombres;1999;317
45;Toledo;45004 Alcabón;Hombres;1998;312
45;Toledo;45004 Alcabón;Hombres;1997;
45;Toledo;45004 Alcabón;Hombres;1996;295
45;Toledo;45004 Alcabón;Mujeres;2023;378
45;Toledo;45004 Alcabón;Mujeres;2022;369
45;Toledo;45004 Alcabón;Mujeres;2021;334
45;Toledo;45004 Alcabón;Mujeres;2020;323
45;Toledo;45004 Alcabón;Mujeres;2019;335
45;Toledo;45004 Alcabón;Mujeres;2018;322
45;Toledo;45004 Alcabón;Mujeres;2017;330
45;Toledo;45004 Alcabón;Mujeres;2016;336
45;Toledo;45004 Alcabón;Mujeres;2015;334
45;Toledo;45004 Alcabón;Mujeres;2014;336
45;Toledo;45004 Alcabón;Mujeres;2013;346
45;Toledo;45004 Alcabón;Mujeres;2012;364
45;Toledo;45004 Alcabón;Mujeres;2011;362
45;Toledo;45004 Alcabón;Mujeres;2010;365
45;Toledo;45004 Alcabón;Mujeres;2009;371
45;Toledo;45004 Alcabón;Mujeres;2008;367
45;Toledo;45004 Alcabón;Mujeres;2007;368
45;Toledo;45004 Alcabón;Mujeres;2006;351
45;Toledo;45004 Alcabón;Mujeres;2005;340
45;Toledo;45004 Alcabón;Mujeres;2004;332
45;Toledo;45004 Alcabón;Mujeres;2003;322
45;Toledo;45004 Alcabón;Mujeres;2002;325
45;Toledo;45004 Alcabón;Mujeres;2001;314
45;Toledo;45004 Alcabón;Mujeres;2000;311
45;Toledo;45004 Alcabón;Mujeres;1999;301
45;Toledo;45004 Alcabón;Mujeres;1998;297
45;Toledo;45004 Alcabón;Mujeres;1997;
45;Toledo;45004 Alcabón;Mujeres;1996;278
45;Toledo;45005 Alcañizo;Total;2023;283
45;Toledo;45005 Alcañizo;Total;2022;277
45;Toledo;45005 Alcañizo;Total;2021;274
45;Toledo;45005 Alcañizo;Total;2020;274
45;Toledo;45005 Alcañizo;Total;2019;274
45;Toledo;45005 Alcañizo;Total;2018;275
45;Toledo;45005 Alcañizo;Total;2017;286
45;Toledo;45005 Alcañizo;Total;2016;281
45;Toledo;45005 Alcañizo;Total;2015;292
45;Toledo;45005 Alcañizo;Total;2014;304
45;Toledo;45005 Alcañizo;Total;2013;309
45;Toledo;45005 Alcañizo;Total;2012;319
45;Toledo;45005 Alcañizo;Total;2011;327
45;Toledo;45005 Alcañizo;Total;2010;343
45;Toledo;45005 Alcañizo;Total;2009;355
45;Toledo;45005 Alcañizo;Total;2008;345
45;Toledo;45005 Alcañizo;Total;2007;336
45;Toledo;45005 Alcañizo;Total;2006;336
45;Toledo;45005 Alcañizo;Total;2005;318
45;Toledo;45005 Alcañizo;Total;2004;314
45;Toledo;45005 Alcañizo;Total;2003;312
45;Toledo;45005 Alcañizo;Total;2002;318
45;Toledo;45005 Alcañizo;Total;2001;324
45;Toledo;45005 Alcañizo;Total;2000;326
45;Toledo;45005 Alcañizo;Total;1999;327
45;Toledo;45005 Alcañizo;Total;1998;332
45;Toledo;45005 Alcañizo;Total;1997;
45;Toledo;45005 Alcañizo;Total;1996;351
45;Toledo;45005 Alcañizo;Hombres;2023;133
45;Toledo;45005 Alcañizo;Hombres;2022;135
45;Toledo;45005 Alcañizo;Hombres;2021;139
45;Toledo;45005 Alcañizo;Hombres;2020;140
45;Toledo;45005 Alcañizo;Hombres;2019;139
45;Toledo;45005 Alcañizo;Hombres;2018;139
45;Toledo;45005 Alcañizo;Hombres;2017;146
45;Toledo;45005 Alcañizo;Hombres;2016;142
45;Toledo;45005 Alcañizo;Hombres;2015;148
45;Toledo;45005 Alcañizo;Hombres;2014;160
45;Toledo;45005 Alcañizo;Hombres;2013;162
45;Toledo;45005 Alcañizo;Hombres;2012;167
45;Toledo;45005 Alcañizo;Hombres;2011;172
45;Toledo;45005 Alcañizo;Hombres;2010;183
45;Toledo;45005 Alcañizo;Hombres;2009;190
45;Toledo;45005 Alcañizo;Hombres;2008;184
45;Toledo;45005 Alcañizo;Hombres;2007;182
45;Toledo;45005 Alcañizo;Hombres;2006;184
45;Toledo;45005 Alcañizo;Hombres;2005;173
45;Toledo;45005 Alcañizo;Hombres;2004;168
45;Toledo;45005 Alcañizo;Hombres;2003;162
45;Toledo;45005 Alcañizo;Hombres;2002;166
45;Toledo;45005 Alcañizo;Hombres;2001;168
45;Toledo;45005 Alcañizo;Hombres;2000;170
45;Toledo;45005 Alcañizo;Hombres;1999;172
45;Toledo;45005 Alcañizo;Hombres;1998;174
45;Toledo;45005 Alcañizo;Hombres;1997;
45;Toledo;45005 Alcañizo;Hombres;1996;181
45;Toledo;45005 Alcañizo;Mujeres;2023;150
45;Toledo;45005 Alcañizo;Mujeres;2022;142
45;Toledo;45005 Alcañizo;Mujeres;2021;135
45;Toledo;45005 Alcañizo;Mujeres;2020;134
45;Toledo;45005 Alcañizo;Mujeres;2019;135
45;Toledo;45005 Alcañizo;Mujeres;2018;136
45;Toledo;45005 Alcañizo;Mujeres;2017;140
45;Toledo;45005 Alcañizo;Mujeres;2016;139
45;Toledo;45005 Alcañizo;Mujeres;2015;144
45;Toledo;45005 Alcañizo;Mujeres;2014;144
45;Toledo;45005 Alcañizo;Mujeres;2013;147
45;Toledo;45005 Alcañizo;Mujeres;2012;152
45;Toledo;45005 Alcañizo;Mujeres;2011;155
45;Toledo;45005 Alcañizo;Mujeres;2010;160
45;Toledo;45005 Alcañizo;Mujeres;2009;165
45;Toledo;45005 Alcañizo;Mujeres;2008;161
45;Toledo;45005 Alcañizo;Mujeres;2007;154
45;Toledo;45005 Alcañizo;Mujeres;2006;152
45;Toledo;45005 Alcañizo;Mujeres;2005;145
45;Toledo;45005 Alcañizo;Mujeres;2004;146
45;Toledo;45005 Alcañizo;Mujeres;2003;150
45;Toledo;45005 Alcañizo;Mujeres;2002;152
45;Toledo;45005 Alcañizo;Mujeres;2001;156
45;Toledo;45005 Alcañizo;Mujeres;2000;156
45;Toledo;45005 Alcañizo;Mujeres;1999;155
45;Toledo;45005 Alcañizo;Mujeres;1998;158
45;Toledo;45005 Alcañizo;Mujeres;1997;
45;Toledo;45005 Alcañizo;Mujeres;1996;170
45;Toledo;45006 Alcaudete de la Jara;Total;2023;1640
45;Toledo;45006 Alcaudete de la Jara;Total;2022;1614
45;Toledo;45006 Alcaudete de la Jara;Total;2021;1644
45;Toledo;45006 Alcaudete de la Jara;Total;2020;1660
45;Toledo;45006 Alcaudete de la Jara;Total;2019;1648
45;Toledo;45006 Alcaudete de la Jara;Total;2018;1703
45;Toledo;45006 Alcaudete de la Jara;Total;2017;1748
45;Toledo;45006 Alcaudete de la Jara;Total;2016;1832
45;Toledo;45006 Alcaudete de la Jara;Total;2015;1897
45;Toledo;45006 Alcaudete de la Jara;Total;2014;1955
45;Toledo;45006 Alcaudete de la Jara;Total;2013;2005
45;Toledo;45006 Alcaudete de la Jara;Total;2012;2057
45;Toledo;45006 Alcaudete de la Jara;Total;2011;2089
45;Toledo;45006 Alcaudete de la Jara;Total;2010;2092
45;Toledo;45006 Alcaudete de la Jara;Total;2009;2048
45;Toledo;45006 Alcaudete de la Jara;Total;2008;2060
45;Toledo;45006 Alcaudete de la Jara;Total;2007;2026
45;Toledo;45006 Alcaudete de la Jara;Total;2006;1976
45;Toledo;45006 Alcaudete de la Jara;Total;2005;1977
45;Toledo;45006 Alcaudete de la Jara;Total;2004;1959
45;Toledo;45006 Alcaudete de la Jara;Total;2003;1914
45;Toledo;45006 Alcaudete de la Jara;Total;2002;1829
45;Toledo;45006 Alcaudete de la Jara;Total;2001;1825
45;Toledo;45006 Alcaudete de la Jara;Total;2000;1821
45;Toledo;45006 Alcaudete de la Jara;Total;1999;1857
45;Toledo;45006 Alcaudete de la Jara;Total;1998;1893
45;Toledo;45006 Alcaudete de la Jara;Total;1997;
45;Toledo;45006 Alcaudete de la Jara;Total;1996;1684
45;Toledo;45006 Alcaudete de la Jara;Hombres;2023;824
45;Toledo;45006 Alcaudete de la Jara;Hombres;2022;816
45;Toledo;45006 Alcaudete de la Jara;Hombres;2021;832
45;Toledo;45006 Alcaudete de la Jara;Hombres;2020;843
45;Toledo;45006 Alcaudete de la Jara;Hombres;2019;833
45;Toledo;45006 Alcaudete de la Jara;Hombres;2018;843
45;Toledo;45006 Alcaudete de la Jara;Hombres;2017;886
45;Toledo;45006 Alcaudete de la Jara;Hombres;2016;937
45;Toledo;45006 Alcaudete de la Jara;Hombres;2015;956
45;Toledo;45006 Alcaudete de la Jara;Hombres;2014;973
45;Toledo;45006 Alcaudete de la Jara;Hombres;2013;1007
45;Toledo;45006 Alcaudete de la Jara;Hombres;2012;1035
45;Toledo;45006 Alcaudete de la Jara;Hombres;2011;1054
45;Toledo;45006 Alcaudete de la Jara;Hombres;2010;1048
45;Toledo;45006 Alcaudete de la Jara;Hombres;2009;1025
45;Toledo;45006 Alcaudete de la Jara;Hombres;2008;1030
45;Toledo;45006 Alcaudete de la Jara;Hombres;2007;1000
45;Toledo;45006 Alcaudete de la Jara;Hombres;2006;974
45;Toledo;45006 Alcaudete de la Jara;Hombres;2005;989
45;Toledo;45006 Alcaudete de la Jara;Hombres;2004;970
45;Toledo;45006 Alcaudete de la Jara;Hombres;2003;921
45;Toledo;45006 Alcaudete de la Jara;Hombres;2002;883
45;Toledo;45006 Alcaudete de la Jara;Hombres;2001;878
45;Toledo;45006 Alcaudete de la Jara;Hombres;2000;873
45;Toledo;45006 Alcaudete de la Jara;Hombres;1999;876
45;Toledo;45006 Alcaudete de la Jara;Hombres;1998;886
45;Toledo;45006 Alcaudete de la Jara;Hombres;1997;
45;Toledo;45006 Alcaudete de la Jara;Hombres;1996;774
45;Toledo;45006 Alcaudete de la Jara;Mujeres;2023;816
45;Toledo;45006 Alcaudete de la Jara;Mujeres;2022;798
45;Toledo;45006 Alcaudete de la Jara;Mujeres;2021;812
45;Toledo;45006 Alcaudete de la Jara;Mujeres;2020;817
45;Toledo;45006 Alcaudete de la Jara;Mujeres;2019;815
45;Toledo;45006 Alcaudete de la Jara;Mujeres;2018;860
45;Toledo;45006 Alcaudete de la Jara;Mujeres;2017;862
45;Toledo;45006 Alcaudete de la Jara;Mujeres;2016;895
45;Toledo;45006 Alcaudete de la Jara;Mujeres;2015;941
45;Toledo;45006 Alcaudete de la Jara;Mujeres;2014;982
45;Toledo;45006 Alcaudete de la Jara;Mujeres;2013;998
45;Toledo;45006 Alcaudete de la Jara;Mujeres;2012;1022
45;Toledo;45006 Alcaudete de la Jara;Mujeres;2011;1035
45;Toledo;45006 Alcaudete de la Jara;Mujeres;2010;1044
45;Toledo;45006 Alcaudete de la Jara;Mujeres;2009;1023
45;Toledo;45006 Alcaudete de la Jara;Mujeres;2008;1030
45;Toledo;45006 Alcaudete de la Jara;Mujeres;2007;1026
45;Toledo;45006 Alcaudete de la Jara;Mujeres;2006;1002
45;Toledo;45006 Alcaudete de la Jara;Mujeres;2005;988
45;Toledo;45006 Alcaudete de la Jara;Mujeres;2004;989
45;Toledo;45006 Alcaudete de la Jara;Mujeres;2003;993
45;Toledo;45006 Alcaudete de la Jara;Mujeres;2002;946
45;Toledo;45006 Alcaudete de la Jara;Mujeres;2001;947
45;Toledo;45006 Alcaudete de la Jara;Mujeres;2000;948
45;Toledo;45006 Alcaudete de la Jara;Mujeres;1999;981
45;Toledo;45006 Alcaudete de la Jara;Mujeres;1998;1007
45;Toledo;45006 Alcaudete de la Jara;Mujeres;1997;
45;Toledo;45006 Alcaudete de la Jara;Mujeres;1996;910
45;Toledo;45007 Alcolea de Tajo;Total;2023;839
45;Toledo;45007 Alcolea de Tajo;Total;2022;824
45;Toledo;45007 Alcolea de Tajo;Total;2021;843
45;Toledo;45007 Alcolea de Tajo;Total;2020;807
45;Toledo;45007 Alcolea de Tajo;Total;2019;810
45;Toledo;45007 Alcolea de Tajo;Total;2018;797
45;Toledo;45007 Alcolea de Tajo;Total;2017;820
45;Toledo;45007 Alcolea de Tajo;Total;2016;835
45;Toledo;45007 Alcolea de Tajo;Total;2015;830
45;Toledo;45007 Alcolea de Tajo;Total;2014;875
45;Toledo;45007 Alcolea de Tajo;Total;2013;900
45;Toledo;45007 Alcolea de Tajo;Total;2012;916
45;Toledo;45007 Alcolea de Tajo;Total;2011;904
45;Toledo;45007 Alcolea de Tajo;Total;2010;873
45;Toledo;45007 Alcolea de Tajo;Total;2009;863
45;Toledo;45007 Alcolea de Tajo;Total;2008;882
45;Toledo;45007 Alcolea de Tajo;Total;2007;864
45;Toledo;45007 Alcolea de Tajo;Total;2006;843
45;Toledo;45007 Alcolea de Tajo;Total;2005;822
45;Toledo;45007 Alcolea de Tajo;Total;2004;815
45;Toledo;45007 Alcolea de Tajo;Total;2003;809
45;Toledo;45007 Alcolea de Tajo;Total;2002;777
45;Toledo;45007 Alcolea de Tajo;Total;2001;772
45;Toledo;45007 Alcolea de Tajo;Total;2000;778
45;Toledo;45007 Alcolea de Tajo;Total;1999;776
45;Toledo;45007 Alcolea de Tajo;Total;1998;798
45;Toledo;45007 Alcolea de Tajo;Total;1997;
45;Toledo;45007 Alcolea de Tajo;Total;1996;804
45;Toledo;45007 Alcolea de Tajo;Hombres;2023;424
45;Toledo;45007 Alcolea de Tajo;Hombres;2022;415
45;Toledo;45007 Alcolea de Tajo;Hombres;2021;422
45;Toledo;45007 Alcolea de Tajo;Hombres;2020;403
45;Toledo;45007 Alcolea de Tajo;Hombres;2019;399
45;Toledo;45007 Alcolea de Tajo;Hombres;2018;394
45;Toledo;45007 Alcolea de Tajo;Hombres;2017;407
45;Toledo;45007 Alcolea de Tajo;Hombres;2016;417
45;Toledo;45007 Alcolea de Tajo;Hombres;2015;419
45;Toledo;45007 Alcolea de Tajo;Hombres;2014;448
45;Toledo;45007 Alcolea de Tajo;Hombres;2013;458
45;Toledo;45007 Alcolea de Tajo;Hombres;2012;464
45;Toledo;45007 Alcolea de Tajo;Hombres;2011;458
45;Toledo;45007 Alcolea de Tajo;Hombres;2010;445
45;Toledo;45007 Alcolea de Tajo;Hombres;2009;450
45;Toledo;45007 Alcolea de Tajo;Hombres;2008;457
45;Toledo;45007 Alcolea de Tajo;Hombres;2007;443
45;Toledo;45007 Alcolea de Tajo;Hombres;2006;435
45;Toledo;45007 Alcolea de Tajo;Hombres;2005;409
45;Toledo;45007 Alcolea de Tajo;Hombres;2004;405
45;Toledo;45007 Alcolea de Tajo;Hombres;2003;407
45;Toledo;45007 Alcolea de Tajo;Hombres;2002;388
45;Toledo;45007 Alcolea de Tajo;Hombres;2001;382
45;Toledo;45007 Alcolea de Tajo;Hombres;2000;384
45;Toledo;45007 Alcolea de Tajo;Hombres;1999;385
45;Toledo;45007 Alcolea de Tajo;Hombres;1998;396
45;Toledo;45007 Alcolea de Tajo;Hombres;1997;
45;Toledo;45007 Alcolea de Tajo;Hombres;1996;401
45;Toledo;45007 Alcolea de Tajo;Mujeres;2023;415
45;Toledo;45007 Alcolea de Tajo;Mujeres;2022;409
45;Toledo;45007 Alcolea de Tajo;Mujeres;2021;421
45;Toledo;45007 Alcolea de Tajo;Mujeres;2020;404
45;Toledo;45007 Alcolea de Tajo;Mujeres;2019;411
45;Toledo;45007 Alcolea de Tajo;Mujeres;2018;403
45;Toledo;45007 Alcolea de Tajo;Mujeres;2017;413
45;Toledo;45007 Alcolea de Tajo;Mujeres;2016;418
45;Toledo;45007 Alcolea de Tajo;Mujeres;2015;411
45;Toledo;45007 Alcolea de Tajo;Mujeres;2014;427
45;Toledo;45007 Alcolea de Tajo;Mujeres;2013;442
45;Toledo;45007 Alcolea de Tajo;Mujeres;2012;452
45;Toledo;45007 Alcolea de Tajo;Mujeres;2011;446
45;Toledo;45007 Alcolea de Tajo;Mujeres;2010;428
45;Toledo;45007 Alcolea de Tajo;Mujeres;2009;413
45;Toledo;45007 Alcolea de Tajo;Mujeres;2008;425
45;Toledo;45007 Alcolea de Tajo;Mujeres;2007;421
45;Toledo;45007 Alcolea de Tajo;Mujeres;2006;408
45;Toledo;45007 Alcolea de Tajo;Mujeres;2005;413
45;Toledo;45007 Alcolea de Tajo;Mujeres;2004;410
45;Toledo;45007 Alcolea de Tajo;Mujeres;2003;402
45;Toledo;45007 Alcolea de Tajo;Mujeres;2002;389
45;Toledo;45007 Alcolea de Tajo;Mujeres;2001;390
45;Toledo;45007 Alcolea de Tajo;Mujeres;2000;394
45;Toledo;45007 Alcolea de Tajo;Mujeres;1999;391
45;Toledo;45007 Alcolea de Tajo;Mujeres;1998;402
45;Toledo;45007 Alcolea de Tajo;Mujeres;1997;
45;Toledo;45007 Alcolea de Tajo;Mujeres;1996;403
45;Toledo;45008 Aldea en Cabo;Total;2023;204
45;Toledo;45008 Aldea en Cabo;Total;2022;187
45;Toledo;45008 Aldea en Cabo;Total;2021;179
45;Toledo;45008 Aldea en Cabo;Total;2020;168
45;Toledo;45008 Aldea en Cabo;Total;2019;163
45;Toledo;45008 Aldea en Cabo;Total;2018;162
45;Toledo;45008 Aldea en Cabo;Total;2017;165
45;Toledo;45008 Aldea en Cabo;Total;2016;172
45;Toledo;45008 Aldea en Cabo;Total;2015;184
45;Toledo;45008 Aldea en Cabo;Total;2014;185
45;Toledo;45008 Aldea en Cabo;Total;2013;192
45;Toledo;45008 Aldea en Cabo;Total;2012;218
45;Toledo;45008 Aldea en Cabo;Total;2011;228
45;Toledo;45008 Aldea en Cabo;Total;2010;213
45;Toledo;45008 Aldea en Cabo;Total;2009;226
45;Toledo;45008 Aldea en Cabo;Total;2008;217
45;Toledo;45008 Aldea en Cabo;Total;2007;204
45;Toledo;45008 Aldea en Cabo;Total;2006;206
45;Toledo;45008 Aldea en Cabo;Total;2005;193
45;Toledo;45008 Aldea en Cabo;Total;2004;201
45;Toledo;45008 Aldea en Cabo;Total;2003;158
45;Toledo;45008 Aldea en Cabo;Total;2002;165
45;Toledo;45008 Aldea en Cabo;Total;2001;170
45;Toledo;45008 Aldea en Cabo;Total;2000;176
45;Toledo;45008 Aldea en Cabo;Total;1999;180
45;Toledo;45008 Aldea en Cabo;Total;1998;183
45;Toledo;45008 Aldea en Cabo;Total;1997;
45;Toledo;45008 Aldea en Cabo;Total;1996;193
45;Toledo;45008 Aldea en Cabo;Hombres;2023;106
45;Toledo;45008 Aldea en Cabo;Hombres;2022;96
45;Toledo;45008 Aldea en Cabo;Hombres;2021;92
45;Toledo;45008 Aldea en Cabo;Hombres;2020;85
45;Toledo;45008 Aldea en Cabo;Hombres;2019;86
45;Toledo;45008 Aldea en Cabo;Hombres;2018;87
45;Toledo;45008 Aldea en Cabo;Hombres;2017;86
45;Toledo;45008 Aldea en Cabo;Hombres;2016;89
45;Toledo;45008 Aldea en Cabo;Hombres;2015;95
45;Toledo;45008 Aldea en Cabo;Hombres;2014;98
45;Toledo;45008 Aldea en Cabo;Hombres;2013;103
45;Toledo;45008 Aldea en Cabo;Hombres;2012;119
45;Toledo;45008 Aldea en Cabo;Hombres;2011;125
45;Toledo;45008 Aldea en Cabo;Hombres;2010;118
45;Toledo;45008 Aldea en Cabo;Hombres;2009;124
45;Toledo;45008 Aldea en Cabo;Hombres;2008;122
45;Toledo;45008 Aldea en Cabo;Hombres;2007;115
45;Toledo;45008 Aldea en Cabo;Hombres;2006;118
45;Toledo;45008 Aldea en Cabo;Hombres;2005;107
45;Toledo;45008 Aldea en Cabo;Hombres;2004;108
45;Toledo;45008 Aldea en Cabo;Hombres;2003;82
45;Toledo;45008 Aldea en Cabo;Hombres;2002;86
45;Toledo;45008 Aldea en Cabo;Hombres;2001;90
45;Toledo;45008 Aldea en Cabo;Hombres;2000;94
45;Toledo;45008 Aldea en Cabo;Hombres;1999;95
45;Toledo;45008 Aldea en Cabo;Hombres;1998;97
45;Toledo;45008 Aldea en Cabo;Hombres;1997;
45;Toledo;45008 Aldea en Cabo;Hombres;1996;102
45;Toledo;45008 Aldea en Cabo;Mujeres;2023;98
45;Toledo;45008 Aldea en Cabo;Mujeres;2022;91
45;Toledo;45008 Aldea en Cabo;Mujeres;2021;87
45;Toledo;45008 Aldea en Cabo;Mujeres;2020;83
45;Toledo;45008 Aldea en Cabo;Mujeres;2019;77
45;Toledo;45008 Aldea en Cabo;Mujeres;2018;75
45;Toledo;45008 Aldea en Cabo;Mujeres;2017;79
45;Toledo;45008 Aldea en Cabo;Mujeres;2016;83
45;Toledo;45008 Aldea en Cabo;Mujeres;2015;89
45;Toledo;45008 Aldea en Cabo;Mujeres;2014;87
45;Toledo;45008 Aldea en Cabo;Mujeres;2013;89
45;Toledo;45008 Aldea en Cabo;Mujeres;2012;99
45;Toledo;45008 Aldea en Cabo;Mujeres;2011;103
45;Toledo;45008 Aldea en Cabo;Mujeres;2010;95
45;Toledo;45008 Aldea en Cabo;Mujeres;2009;102
45;Toledo;45008 Aldea en Cabo;Mujeres;2008;95
45;Toledo;45008 Aldea en Cabo;Mujeres;2007;89
45;Toledo;45008 Aldea en Cabo;Mujeres;2006;88
45;Toledo;45008 Aldea en Cabo;Mujeres;2005;86
45;Toledo;45008 Aldea en Cabo;Mujeres;2004;93
45;Toledo;45008 Aldea en Cabo;Mujeres;2003;76
45;Toledo;45008 Aldea en Cabo;Mujeres;2002;79
45;Toledo;45008 Aldea en Cabo;Mujeres;2001;80
45;Toledo;45008 Aldea en Cabo;Mujeres;2000;82
45;Toledo;45008 Aldea en Cabo;Mujeres;1999;85
45;Toledo;45008 Aldea en Cabo;Mujeres;1998;86
45;Toledo;45008 Aldea en Cabo;Mujeres;1997;
45;Toledo;45008 Aldea en Cabo;Mujeres;1996;91
45;Toledo;45009 Aldeanueva de Barbarroya;Total;2023;452
45;Toledo;45009 Aldeanueva de Barbarroya;Total;2022;482
45;Toledo;45009 Aldeanueva de Barbarroya;Total;2021;495
45;Toledo;45009 Aldeanueva de Barbarroya;Total;2020;501
45;Toledo;45009 Aldeanueva de Barbarroya;Total;2019;520
45;Toledo;45009 Aldeanueva de Barbarroya;Total;2018;542
45;Toledo;45009 Aldeanueva de Barbarroya;Total;2017;561
45;Toledo;45009 Aldeanueva de Barbarroya;Total;2016;594
45;Toledo;45009 Aldeanueva de Barbarroya;Total;2015;612
45;Toledo;45009 Aldeanueva de Barbarroya;Total;2014;627
45;Toledo;45009 Aldeanueva de Barbarroya;Total;2013;631
45;Toledo;45009 Aldeanueva de Barbarroya;Total;2012;650
45;Toledo;45009 Aldeanueva de Barbarroya;Total;2011;654
45;Toledo;45009 Aldeanueva de Barbarroya;Total;2010;664
45;Toledo;45009 Aldeanueva de Barbarroya;Total;2009;663
45;Toledo;45009 Aldeanueva de Barbarroya;Total;2008;681
45;Toledo;45009 Aldeanueva de Barbarroya;Total;2007;697
45;Toledo;45009 Aldeanueva de Barbarroya;Total;2006;703
45;Toledo;45009 Aldeanueva de Barbarroya;Total;2005;726
45;Toledo;45009 Aldeanueva de Barbarroya;Total;2004;743
45;Toledo;45009 Aldeanueva de Barbarroya;Total;2003;754
45;Toledo;45009 Aldeanueva de Barbarroya;Total;2002;792
45;Toledo;45009 Aldeanueva de Barbarroya;Total;2001;804
45;Toledo;45009 Aldeanueva de Barbarroya;Total;2000;819
45;Toledo;45009 Aldeanueva de Barbarroya;Total;1999;835
45;Toledo;45009 Aldeanueva de Barbarroya;Total;1998;837
45;Toledo;45009 Aldeanueva de Barbarroya;Total;1997;
45;Toledo;45009 Aldeanueva de Barbarroya;Total;1996;872
45;Toledo;45009 Aldeanueva de Barbarroya;Hombres;2023;233
45;Toledo;45009 Aldeanueva de Barbarroya;Hombres;2022;250
45;Toledo;45009 Aldeanueva de Barbarroya;Hombres;2021;257
45;Toledo;45009 Aldeanueva de Barbarroya;Hombres;2020;256
45;Toledo;45009 Aldeanueva de Barbarroya;Hombres;2019;267
45;Toledo;45009 Aldeanueva de Barbarroya;Hombres;2018;273
45;Toledo;45009 Aldeanueva de Barbarroya;Hombres;2017;284
45;Toledo;45009 Aldeanueva de Barbarroya;Hombres;2016;294
45;Toledo;45009 Aldeanueva de Barbarroya;Hombres;2015;305
45;Toledo;45009 Aldeanueva de Barbarroya;Hombres;2014;311
45;Toledo;45009 Aldeanueva de Barbarroya;Hombres;2013;312
45;Toledo;45009 Aldeanueva de Barbarroya;Hombres;2012;318
45;Toledo;45009 Aldeanueva de Barbarroya;Hombres;2011;324
45;Toledo;45009 Aldeanueva de Barbarroya;Hombres;2010;328
45;Toledo;45009 Aldeanueva de Barbarroya;Hombres;2009;331
45;Toledo;45009 Aldeanueva de Barbarroya;Hombres;2008;339
45;Toledo;45009 Aldeanueva de Barbarroya;Hombres;2007;343
45;Toledo;45009 Aldeanueva de Barbarroya;Hombres;2006;349
45;Toledo;45009 Aldeanueva de Barbarroya;Hombres;2005;365
45;Toledo;45009 Aldeanueva de Barbarroya;Hombres;2004;375
45;Toledo;45009 Aldeanueva de Barbarroya;Hombres;2003;384
45;Toledo;45009 Aldeanueva de Barbarroya;Hombres;2002;396
45;Toledo;45009 Aldeanueva de Barbarroya;Hombres;2001;410
45;Toledo;45009 Aldeanueva de Barbarroya;Hombres;2000;417
45;Toledo;45009 Aldeanueva de Barbarroya;Hombres;1999;427
45;Toledo;45009 Aldeanueva de Barbarroya;Hombres;1998;426
45;Toledo;45009 Aldeanueva de Barbarroya;Hombres;1997;
45;Toledo;45009 Aldeanueva de Barbarroya;Hombres;1996;445
45;Toledo;45009 Aldeanueva de Barbarroya;Mujeres;2023;219
45;Toledo;45009 Aldeanueva de Barbarroya;Mujeres;2022;232
45;Toledo;45009 Aldeanueva de Barbarroya;Mujeres;2021;238
45;Toledo;45009 Aldeanueva de Barbarroya;Mujeres;2020;245
45;Toledo;45009 Aldeanueva de Barbarroya;Mujeres;2019;253
45;Toledo;45009 Aldeanueva de Barbarroya;Mujeres;2018;269
45;Toledo;45009 Aldeanueva de Barbarroya;Mujeres;2017;277
45;Toledo;45009 Aldeanueva de Barbarroya;Mujeres;2016;300
45;Toledo;45009 Aldeanueva de Barbarroya;Mujeres;2015;307
45;Toledo;45009 Aldeanueva de Barbarroya;Mujeres;2014;316
45;Toledo;45009 Aldeanueva de Barbarroya;Mujeres;2013;319
45;Toledo;45009 Aldeanueva de Barbarroya;Mujeres;2012;332
45;Toledo;45009 Aldeanueva de Barbarroya;Mujeres;2011;330
45;Toledo;45009 Aldeanueva de Barbarroya;Mujeres;2010;336
45;Toledo;45009 Aldeanueva de Barbarroya;Mujeres;2009;332
45;Toledo;45009 Aldeanueva de Barbarroya;Mujeres;2008;342
45;Toledo;45009 Aldeanueva de Barbarroya;Mujeres;2007;354
45;Toledo;45009 Aldeanueva de Barbarroya;Mujeres;2006;354
45;Toledo;45009 Aldeanueva de Barbarroya;Mujeres;2005;361
45;Toledo;45009 Aldeanueva de Barbarroya;Mujeres;2004;368
45;Toledo;45009 Aldeanueva de Barbarroya;Mujeres;2003;370
45;Toledo;45009 Aldeanueva de Barbarroya;Mujeres;2002;396
45;Toledo;45009 Aldeanueva de Barbarroya;Mujeres;2001;394
45;Toledo;45009 Aldeanueva de Barbarroya;Mujeres;2000;402
45;Toledo;45009 Aldeanueva de Barbarroya;Mujeres;1999;408
45;Toledo;45009 Aldeanueva de Barbarroya;Mujeres;1998;411
45;Toledo;45009 Aldeanueva de Barbarroya;Mujeres;1997;
45;Toledo;45009 Aldeanueva de Barbarroya;Mujeres;1996;427
45;Toledo;45010 Aldeanueva de San Bartolomé;Total;2023;414
45;Toledo;45010 Aldeanueva de San Bartolomé;Total;2022;416
45;Toledo;45010 Aldeanueva de San Bartolomé;Total;2021;413
45;Toledo;45010 Aldeanueva de San Bartolomé;Total;2020;414
45;Toledo;45010 Aldeanueva de San Bartolomé;Total;2019;427
45;Toledo;45010 Aldeanueva de San Bartolomé;Total;2018;434
45;Toledo;45010 Aldeanueva de San Bartolomé;Total;2017;452
45;Toledo;45010 Aldeanueva de San Bartolomé;Total;2016;449
45;Toledo;45010 Aldeanueva de San Bartolomé;Total;2015;475
45;Toledo;45010 Aldeanueva de San Bartolomé;Total;2014;473
45;Toledo;45010 Aldeanueva de San Bartolomé;Total;2013;497
45;Toledo;45010 Aldeanueva de San Bartolomé;Total;2012;504
45;Toledo;45010 Aldeanueva de San Bartolomé;Total;2011;509
45;Toledo;45010 Aldeanueva de San Bartolomé;Total;2010;510
45;Toledo;45010 Aldeanueva de San Bartolomé;Total;2009;524
45;Toledo;45010 Aldeanueva de San Bartolomé;Total;2008;516
45;Toledo;45010 Aldeanueva de San Bartolomé;Total;2007;522
45;Toledo;45010 Aldeanueva de San Bartolomé;Total;2006;530
45;Toledo;45010 Aldeanueva de San Bartolomé;Total;2005;517
45;Toledo;45010 Aldeanueva de San Bartolomé;Total;2004;527
45;Toledo;45010 Aldeanueva de San Bartolomé;Total;2003;539
45;Toledo;45010 Aldeanueva de San Bartolomé;Total;2002;571
45;Toledo;45010 Aldeanueva de San Bartolomé;Total;2001;578
45;Toledo;45010 Aldeanueva de San Bartolomé;Total;2000;596
45;Toledo;45010 Aldeanueva de San Bartolomé;Total;1999;618
45;Toledo;45010 Aldeanueva de San Bartolomé;Total;1998;623
45;Toledo;45010 Aldeanueva de San Bartolomé;Total;1997;
45;Toledo;45010 Aldeanueva de San Bartolomé;Total;1996;650
45;Toledo;45010 Aldeanueva de San Bartolomé;Hombres;2023;211
45;Toledo;45010 Aldeanueva de San Bartolomé;Hombres;2022;209
45;Toledo;45010 Aldeanueva de San Bartolomé;Hombres;2021;210
45;Toledo;45010 Aldeanueva de San Bartolomé;Hombres;2020;209
45;Toledo;45010 Aldeanueva de San Bartolomé;Hombres;2019;213
45;Toledo;45010 Aldeanueva de San Bartolomé;Hombres;2018;218
45;Toledo;45010 Aldeanueva de San Bartolomé;Hombres;2017;237
45;Toledo;45010 Aldeanueva de San Bartolomé;Hombres;2016;228
45;Toledo;45010 Aldeanueva de San Bartolomé;Hombres;2015;243
45;Toledo;45010 Aldeanueva de San Bartolomé;Hombres;2014;237
45;Toledo;45010 Aldeanueva de San Bartolomé;Hombres;2013;244
45;Toledo;45010 Aldeanueva de San Bartolomé;Hombres;2012;247
45;Toledo;45010 Aldeanueva de San Bartolomé;Hombres;2011;248
45;Toledo;45010 Aldeanueva de San Bartolomé;Hombres;2010;251
45;Toledo;45010 Aldeanueva de San Bartolomé;Hombres;2009;258
45;Toledo;45010 Aldeanueva de San Bartolomé;Hombres;2008;250
45;Toledo;45010 Aldeanueva de San Bartolomé;Hombres;2007;251
45;Toledo;45010 Aldeanueva de San Bartolomé;Hombres;2006;260
45;Toledo;45010 Aldeanueva de San Bartolomé;Hombres;2005;248
45;Toledo;45010 Aldeanueva de San Bartolomé;Hombres;2004;259
45;Toledo;45010 Aldeanueva de San Bartolomé;Hombres;2003;267
45;Toledo;45010 Aldeanueva de San Bartolomé;Hombres;2002;281
45;Toledo;45010 Aldeanueva de San Bartolomé;Hombres;2001;282
45;Toledo;45010 Aldeanueva de San Bartolomé;Hombres;2000;294
45;Toledo;45010 Aldeanueva de San Bartolomé;Hombres;1999;308
45;Toledo;45010 Aldeanueva de San Bartolomé;Hombres;1998;308
45;Toledo;45010 Aldeanueva de San Bartolomé;Hombres;1997;
45;Toledo;45010 Aldeanueva de San Bartolomé;Hombres;1996;320
45;Toledo;45010 Aldeanueva de San Bartolomé;Mujeres;2023;203
45;Toledo;45010 Aldeanueva de San Bartolomé;Mujeres;2022;207
45;Toledo;45010 Aldeanueva de San Bartolomé;Mujeres;2021;203
45;Toledo;45010 Aldeanueva de San Bartolomé;Mujeres;2020;205
45;Toledo;45010 Aldeanueva de San Bartolomé;Mujeres;2019;214
45;Toledo;45010 Aldeanueva de San Bartolomé;Mujeres;2018;216
45;Toledo;45010 Aldeanueva de San Bartolomé;Mujeres;2017;215
45;Toledo;45010 Aldeanueva de San Bartolomé;Mujeres;2016;221
45;Toledo;45010 Aldeanueva de San Bartolomé;Mujeres;2015;232
45;Toledo;45010 Aldeanueva de San Bartolomé;Mujeres;2014;236
45;Toledo;45010 Aldeanueva de San Bartolomé;Mujeres;2013;253
45;Toledo;45010 Aldeanueva de San Bartolomé;Mujeres;2012;257
45;Toledo;45010 Aldeanueva de San Bartolomé;Mujeres;2011;261
45;Toledo;45010 Aldeanueva de San Bartolomé;Mujeres;2010;259
45;Toledo;45010 Aldeanueva de San Bartolomé;Mujeres;2009;266
45;Toledo;45010 Aldeanueva de San Bartolomé;Mujeres;2008;266
45;Toledo;45010 Aldeanueva de San Bartolomé;Mujeres;2007;271
45;Toledo;45010 Aldeanueva de San Bartolomé;Mujeres;2006;270
45;Toledo;45010 Aldeanueva de San Bartolomé;Mujeres;2005;269
45;Toledo;45010 Aldeanueva de San Bartolomé;Mujeres;2004;268
45;Toledo;45010 Aldeanueva de San Bartolomé;Mujeres;2003;272
45;Toledo;45010 Aldeanueva de San Bartolomé;Mujeres;2002;290
45;Toledo;45010 Aldeanueva de San Bartolomé;Mujeres;2001;296
45;Toledo;45010 Aldeanueva de San Bartolomé;Mujeres;2000;302
45;Toledo;45010 Aldeanueva de San Bartolomé;Mujeres;1999;310
45;Toledo;45010 Aldeanueva de San Bartolomé;Mujeres;1998;315
45;Toledo;45010 Aldeanueva de San Bartolomé;Mujeres;1997;
45;Toledo;45010 Aldeanueva de San Bartolomé;Mujeres;1996;330
45;Toledo;45011 Almendral de la Cañada;Total;2023;333
45;Toledo;45011 Almendral de la Cañada;Total;2022;322
45;Toledo;45011 Almendral de la Cañada;Total;2021;327
45;Toledo;45011 Almendral de la Cañada;Total;2020;323
45;Toledo;45011 Almendral de la Cañada;Total;2019;313
45;Toledo;45011 Almendral de la Cañada;Total;2018;305
45;Toledo;45011 Almendral de la Cañada;Total;2017;316
45;Toledo;45011 Almendral de la Cañada;Total;2016;320
45;Toledo;45011 Almendral de la Cañada;Total;2015;339
45;Toledo;45011 Almendral de la Cañada;Total;2014;336
45;Toledo;45011 Almendral de la Cañada;Total;2013;349
45;Toledo;45011 Almendral de la Cañada;Total;2012;361
45;Toledo;45011 Almendral de la Cañada;Total;2011;373
45;Toledo;45011 Almendral de la Cañada;Total;2010;371
45;Toledo;45011 Almendral de la Cañada;Total;2009;393
45;Toledo;45011 Almendral de la Cañada;Total;2008;390
45;Toledo;45011 Almendral de la Cañada;Total;2007;385
45;Toledo;45011 Almendral de la Cañada;Total;2006;368
45;Toledo;45011 Almendral de la Cañada;Total;2005;384
45;Toledo;45011 Almendral de la Cañada;Total;2004;383
45;Toledo;45011 Almendral de la Cañada;Total;2003;392
45;Toledo;45011 Almendral de la Cañada;Total;2002;401
45;Toledo;45011 Almendral de la Cañada;Total;2001;399
45;Toledo;45011 Almendral de la Cañada;Total;2000;397
45;Toledo;45011 Almendral de la Cañada;Total;1999;405
45;Toledo;45011 Almendral de la Cañada;Total;1998;405
45;Toledo;45011 Almendral de la Cañada;Total;1997;
45;Toledo;45011 Almendral de la Cañada;Total;1996;399
45;Toledo;45011 Almendral de la Cañada;Hombres;2023;174
45;Toledo;45011 Almendral de la Cañada;Hombres;2022;166
45;Toledo;45011 Almendral de la Cañada;Hombres;2021;170
45;Toledo;45011 Almendral de la Cañada;Hombres;2020;166
45;Toledo;45011 Almendral de la Cañada;Hombres;2019;162
45;Toledo;45011 Almendral de la Cañada;Hombres;2018;160
45;Toledo;45011 Almendral de la Cañada;Hombres;2017;169
45;Toledo;45011 Almendral de la Cañada;Hombres;2016;173
45;Toledo;45011 Almendral de la Cañada;Hombres;2015;180
45;Toledo;45011 Almendral de la Cañada;Hombres;2014;183
45;Toledo;45011 Almendral de la Cañada;Hombres;2013;197
45;Toledo;45011 Almendral de la Cañada;Hombres;2012;200
45;Toledo;45011 Almendral de la Cañada;Hombres;2011;204
45;Toledo;45011 Almendral de la Cañada;Hombres;2010;201
45;Toledo;45011 Almendral de la Cañada;Hombres;2009;205
45;Toledo;45011 Almendral de la Cañada;Hombres;2008;205
45;Toledo;45011 Almendral de la Cañada;Hombres;2007;197
45;Toledo;45011 Almendral de la Cañada;Hombres;2006;189
45;Toledo;45011 Almendral de la Cañada;Hombres;2005;198
45;Toledo;45011 Almendral de la Cañada;Hombres;2004;200
45;Toledo;45011 Almendral de la Cañada;Hombres;2003;203
45;Toledo;45011 Almendral de la Cañada;Hombres;2002;207
45;Toledo;45011 Almendral de la Cañada;Hombres;2001;205
45;Toledo;45011 Almendral de la Cañada;Hombres;2000;206
45;Toledo;45011 Almendral de la Cañada;Hombres;1999;211
45;Toledo;45011 Almendral de la Cañada;Hombres;1998;211
45;Toledo;45011 Almendral de la Cañada;Hombres;1997;
45;Toledo;45011 Almendral de la Cañada;Hombres;1996;208
45;Toledo;45011 Almendral de la Cañada;Mujeres;2023;159
45;Toledo;45011 Almendral de la Cañada;Mujeres;2022;156
45;Toledo;45011 Almendral de la Cañada;Mujeres;2021;157
45;Toledo;45011 Almendral de la Cañada;Mujeres;2020;157
45;Toledo;45011 Almendral de la Cañada;Mujeres;2019;151
45;Toledo;45011 Almendral de la Cañada;Mujeres;2018;145
45;Toledo;45011 Almendral de la Cañada;Mujeres;2017;147
45;Toledo;45011 Almendral de la Cañada;Mujeres;2016;147
45;Toledo;45011 Almendral de la Cañada;Mujeres;2015;159
45;Toledo;45011 Almendral de la Cañada;Mujeres;2014;153
45;Toledo;45011 Almendral de la Cañada;Mujeres;2013;152
45;Toledo;45011 Almendral de la Cañada;Mujeres;2012;161
45;Toledo;45011 Almendral de la Cañada;Mujeres;2011;169
45;Toledo;45011 Almendral de la Cañada;Mujeres;2010;170
45;Toledo;45011 Almendral de la Cañada;Mujeres;2009;188
45;Toledo;45011 Almendral de la Cañada;Mujeres;2008;185
45;Toledo;45011 Almendral de la Cañada;Mujeres;2007;188
45;Toledo;45011 Almendral de la Cañada;Mujeres;2006;179
45;Toledo;45011 Almendral de la Cañada;Mujeres;2005;186
45;Toledo;45011 Almendral de la Cañada;Mujeres;2004;183
45;Toledo;45011 Almendral de la Cañada;Mujeres;2003;189
45;Toledo;45011 Almendral de la Cañada;Mujeres;2002;194
45;Toledo;45011 Almendral de la Cañada;Mujeres;2001;194
45;Toledo;45011 Almendral de la Cañada;Mujeres;2000;191
45;Toledo;45011 Almendral de la Cañada;Mujeres;1999;194
45;Toledo;45011 Almendral de la Cañada;Mujeres;1998;194
45;Toledo;45011 Almendral de la Cañada;Mujeres;1997;
45;Toledo;45011 Almendral de la Cañada;Mujeres;1996;191
45;Toledo;45012 Almonacid de Toledo;Total;2023;926
45;Toledo;45012 Almonacid de Toledo;Total;2022;885
45;Toledo;45012 Almonacid de Toledo;Total;2021;843
45;Toledo;45012 Almonacid de Toledo;Total;2020;810
45;Toledo;45012 Almonacid de Toledo;Total;2019;790
45;Toledo;45012 Almonacid de Toledo;Total;2018;783
45;Toledo;45012 Almonacid de Toledo;Total;2017;814
45;Toledo;45012 Almonacid de Toledo;Total;2016;851
45;Toledo;45012 Almonacid de Toledo;Total;2015;865
45;Toledo;45012 Almonacid de Toledo;Total;2014;843
45;Toledo;45012 Almonacid de Toledo;Total;2013;856
45;Toledo;45012 Almonacid de Toledo;Total;2012;881
45;Toledo;45012 Almonacid de Toledo;Total;2011;873
45;Toledo;45012 Almonacid de Toledo;Total;2010;905
45;Toledo;45012 Almonacid de Toledo;Total;2009;901
45;Toledo;45012 Almonacid de Toledo;Total;2008;903
45;Toledo;45012 Almonacid de Toledo;Total;2007;871
45;Toledo;45012 Almonacid de Toledo;Total;2006;813
45;Toledo;45012 Almonacid de Toledo;Total;2005;796
45;Toledo;45012 Almonacid de Toledo;Total;2004;824
45;Toledo;45012 Almonacid de Toledo;Total;2003;793
45;Toledo;45012 Almonacid de Toledo;Total;2002;806
45;Toledo;45012 Almonacid de Toledo;Total;2001;801
45;Toledo;45012 Almonacid de Toledo;Total;2000;797
45;Toledo;45012 Almonacid de Toledo;Total;1999;795
45;Toledo;45012 Almonacid de Toledo;Total;1998;785
45;Toledo;45012 Almonacid de Toledo;Total;1997;
45;Toledo;45012 Almonacid de Toledo;Total;1996;786
45;Toledo;45012 Almonacid de Toledo;Hombres;2023;467
45;Toledo;45012 Almonacid de Toledo;Hombres;2022;433
45;Toledo;45012 Almonacid de Toledo;Hombres;2021;414
45;Toledo;45012 Almonacid de Toledo;Hombres;2020;392
45;Toledo;45012 Almonacid de Toledo;Hombres;2019;388
45;Toledo;45012 Almonacid de Toledo;Hombres;2018;388
45;Toledo;45012 Almonacid de Toledo;Hombres;2017;398
45;Toledo;45012 Almonacid de Toledo;Hombres;2016;417
45;Toledo;45012 Almonacid de Toledo;Hombres;2015;427
45;Toledo;45012 Almonacid de Toledo;Hombres;2014;424
45;Toledo;45012 Almonacid de Toledo;Hombres;2013;436
45;Toledo;45012 Almonacid de Toledo;Hombres;2012;458
45;Toledo;45012 Almonacid de Toledo;Hombres;2011;455
45;Toledo;45012 Almonacid de Toledo;Hombres;2010;477
45;Toledo;45012 Almonacid de Toledo;Hombres;2009;480
45;Toledo;45012 Almonacid de Toledo;Hombres;2008;471
45;Toledo;45012 Almonacid de Toledo;Hombres;2007;450
45;Toledo;45012 Almonacid de Toledo;Hombres;2006;425
45;Toledo;45012 Almonacid de Toledo;Hombres;2005;414
45;Toledo;45012 Almonacid de Toledo;Hombres;2004;431
45;Toledo;45012 Almonacid de Toledo;Hombres;2003;410
45;Toledo;45012 Almonacid de Toledo;Hombres;2002;416
45;Toledo;45012 Almonacid de Toledo;Hombres;2001;413
45;Toledo;45012 Almonacid de Toledo;Hombres;2000;410
45;Toledo;45012 Almonacid de Toledo;Hombres;1999;410
45;Toledo;45012 Almonacid de Toledo;Hombres;1998;405
45;Toledo;45012 Almonacid de Toledo;Hombres;1997;
45;Toledo;45012 Almonacid de Toledo;Hombres;1996;404
45;Toledo;45012 Almonacid de Toledo;Mujeres;2023;459
45;Toledo;45012 Almonacid de Toledo;Mujeres;2022;452
45;Toledo;45012 Almonacid de Toledo;Mujeres;2021;429
45;Toledo;45012 Almonacid de Toledo;Mujeres;2020;418
45;Toledo;45012 Almonacid de Toledo;Mujeres;2019;402
45;Toledo;45012 Almonacid de Toledo;Mujeres;2018;395
45;Toledo;45012 Almonacid de Toledo;Mujeres;2017;416
45;Toledo;45012 Almonacid de Toledo;Mujeres;2016;434
45;Toledo;45012 Almonacid de Toledo;Mujeres;2015;438
45;Toledo;45012 Almonacid de Toledo;Mujeres;2014;419
45;Toledo;45012 Almonacid de Toledo;Mujeres;2013;420
45;Toledo;45012 Almonacid de Toledo;Mujeres;2012;423
45;Toledo;45012 Almonacid de Toledo;Mujeres;2011;418
45;Toledo;45012 Almonacid de Toledo;Mujeres;2010;428
45;Toledo;45012 Almonacid de Toledo;Mujeres;2009;421
45;Toledo;45012 Almonacid de Toledo;Mujeres;2008;432
45;Toledo;45012 Almonacid de Toledo;Mujeres;2007;421
45;Toledo;45012 Almonacid de Toledo;Mujeres;2006;388
45;Toledo;45012 Almonacid de Toledo;Mujeres;2005;382
45;Toledo;45012 Almonacid de Toledo;Mujeres;2004;393
45;Toledo;45012 Almonacid de Toledo;Mujeres;2003;383
45;Toledo;45012 Almonacid de Toledo;Mujeres;2002;390
45;Toledo;45012 Almonacid de Toledo;Mujeres;2001;388
45;Toledo;45012 Almonacid de Toledo;Mujeres;2000;387
45;Toledo;45012 Almonacid de Toledo;Mujeres;1999;385
45;Toledo;45012 Almonacid de Toledo;Mujeres;1998;380
45;Toledo;45012 Almonacid de Toledo;Mujeres;1997;
45;Toledo;45012 Almonacid de Toledo;Mujeres;1996;382
45;Toledo;45013 Almorox;Total;2023;2396
45;Toledo;45013 Almorox;Total;2022;2317
45;Toledo;45013 Almorox;Total;2021;2318
45;Toledo;45013 Almorox;Total;2020;2170
45;Toledo;45013 Almorox;Total;2019;2105
45;Toledo;45013 Almorox;Total;2018;2159
45;Toledo;45013 Almorox;Total;2017;2215
45;Toledo;45013 Almorox;Total;2016;2240
45;Toledo;45013 Almorox;Total;2015;2248
45;Toledo;45013 Almorox;Total;2014;2307
45;Toledo;45013 Almorox;Total;2013;2376
45;Toledo;45013 Almorox;Total;2012;2444
45;Toledo;45013 Almorox;Total;2011;2469
45;Toledo;45013 Almorox;Total;2010;2458
45;Toledo;45013 Almorox;Total;2009;2410
45;Toledo;45013 Almorox;Total;2008;2465
45;Toledo;45013 Almorox;Total;2007;2391
45;Toledo;45013 Almorox;Total;2006;2371
45;Toledo;45013 Almorox;Total;2005;2351
45;Toledo;45013 Almorox;Total;2004;2266
45;Toledo;45013 Almorox;Total;2003;2200
45;Toledo;45013 Almorox;Total;2002;2198
45;Toledo;45013 Almorox;Total;2001;2171
45;Toledo;45013 Almorox;Total;2000;2196
45;Toledo;45013 Almorox;Total;1999;2217
45;Toledo;45013 Almorox;Total;1998;2199
45;Toledo;45013 Almorox;Total;1997;
45;Toledo;45013 Almorox;Total;1996;2219
45;Toledo;45013 Almorox;Hombres;2023;1261
45;Toledo;45013 Almorox;Hombres;2022;1208
45;Toledo;45013 Almorox;Hombres;2021;1218
45;Toledo;45013 Almorox;Hombres;2020;1132
45;Toledo;45013 Almorox;Hombres;2019;1104
45;Toledo;45013 Almorox;Hombres;2018;1133
45;Toledo;45013 Almorox;Hombres;2017;1166
45;Toledo;45013 Almorox;Hombres;2016;1177
45;Toledo;45013 Almorox;Hombres;2015;1186
45;Toledo;45013 Almorox;Hombres;2014;1217
45;Toledo;45013 Almorox;Hombres;2013;1252
45;Toledo;45013 Almorox;Hombres;2012;1308
45;Toledo;45013 Almorox;Hombres;2011;1315
45;Toledo;45013 Almorox;Hombres;2010;1298
45;Toledo;45013 Almorox;Hombres;2009;1272
45;Toledo;45013 Almorox;Hombres;2008;1319
45;Toledo;45013 Almorox;Hombres;2007;1280
45;Toledo;45013 Almorox;Hombres;2006;1267
45;Toledo;45013 Almorox;Hombres;2005;1244
45;Toledo;45013 Almorox;Hombres;2004;1191
45;Toledo;45013 Almorox;Hombres;2003;1158
45;Toledo;45013 Almorox;Hombres;2002;1148
45;Toledo;45013 Almorox;Hombres;2001;1130
45;Toledo;45013 Almorox;Hombres;2000;1141
45;Toledo;45013 Almorox;Hombres;1999;1152
45;Toledo;45013 Almorox;Hombres;1998;1129
45;Toledo;45013 Almorox;Hombres;1997;
45;Toledo;45013 Almorox;Hombres;1996;1122
45;Toledo;45013 Almorox;Mujeres;2023;1135
45;Toledo;45013 Almorox;Mujeres;2022;1109
45;Toledo;45013 Almorox;Mujeres;2021;1100
45;Toledo;45013 Almorox;Mujeres;2020;1038
45;Toledo;45013 Almorox;Mujeres;2019;1001
45;Toledo;45013 Almorox;Mujeres;2018;1026
45;Toledo;45013 Almorox;Mujeres;2017;1049
45;Toledo;45013 Almorox;Mujeres;2016;1063
45;Toledo;45013 Almorox;Mujeres;2015;1062
45;Toledo;45013 Almorox;Mujeres;2014;1090
45;Toledo;45013 Almorox;Mujeres;2013;1124
45;Toledo;45013 Almorox;Mujeres;2012;1136
45;Toledo;45013 Almorox;Mujeres;2011;1154
45;Toledo;45013 Almorox;Mujeres;2010;1160
45;Toledo;45013 Almorox;Mujeres;2009;1138
45;Toledo;45013 Almorox;Mujeres;2008;1146
45;Toledo;45013 Almorox;Mujeres;2007;1111
45;Toledo;45013 Almorox;Mujeres;2006;1104
45;Toledo;45013 Almorox;Mujeres;2005;1107
45;Toledo;45013 Almorox;Mujeres;2004;1075
45;Toledo;45013 Almorox;Mujeres;2003;1042
45;Toledo;45013 Almorox;Mujeres;2002;1050
45;Toledo;45013 Almorox;Mujeres;2001;1041
45;Toledo;45013 Almorox;Mujeres;2000;1055
45;Toledo;45013 Almorox;Mujeres;1999;1065
45;Toledo;45013 Almorox;Mujeres;1998;1070
45;Toledo;45013 Almorox;Mujeres;1997;
45;Toledo;45013 Almorox;Mujeres;1996;1097
45;Toledo;45014 Añover de Tajo;Total;2023;5215
45;Toledo;45014 Añover de Tajo;Total;2022;5225
45;Toledo;45014 Añover de Tajo;Total;2021;5202
45;Toledo;45014 Añover de Tajo;Total;2020;5176
45;Toledo;45014 Añover de Tajo;Total;2019;5154
45;Toledo;45014 Añover de Tajo;Total;2018;5032
45;Toledo;45014 Añover de Tajo;Total;2017;5148
45;Toledo;45014 Añover de Tajo;Total;2016;5160
45;Toledo;45014 Añover de Tajo;Total;2015;5191
45;Toledo;45014 Añover de Tajo;Total;2014;5224
45;Toledo;45014 Añover de Tajo;Total;2013;5367
45;Toledo;45014 Añover de Tajo;Total;2012;5413
45;Toledo;45014 Añover de Tajo;Total;2011;5412
45;Toledo;45014 Añover de Tajo;Total;2010;5392
45;Toledo;45014 Añover de Tajo;Total;2009;5434
45;Toledo;45014 Añover de Tajo;Total;2008;5299
45;Toledo;45014 Añover de Tajo;Total;2007;5175
45;Toledo;45014 Añover de Tajo;Total;2006;5095
45;Toledo;45014 Añover de Tajo;Total;2005;5118
45;Toledo;45014 Añover de Tajo;Total;2004;4987
45;Toledo;45014 Añover de Tajo;Total;2003;4898
45;Toledo;45014 Añover de Tajo;Total;2002;4682
45;Toledo;45014 Añover de Tajo;Total;2001;4565
45;Toledo;45014 Añover de Tajo;Total;2000;4542
45;Toledo;45014 Añover de Tajo;Total;1999;4557
45;Toledo;45014 Añover de Tajo;Total;1998;4608
45;Toledo;45014 Añover de Tajo;Total;1997;
45;Toledo;45014 Añover de Tajo;Total;1996;4620
45;Toledo;45014 Añover de Tajo;Hombres;2023;2628
45;Toledo;45014 Añover de Tajo;Hombres;2022;2643
45;Toledo;45014 Añover de Tajo;Hombres;2021;2626
45;Toledo;45014 Añover de Tajo;Hombres;2020;2628
45;Toledo;45014 Añover de Tajo;Hombres;2019;2620
45;Toledo;45014 Añover de Tajo;Hombres;2018;2571
45;Toledo;45014 Añover de Tajo;Hombres;2017;2639
45;Toledo;45014 Añover de Tajo;Hombres;2016;2654
45;Toledo;45014 Añover de Tajo;Hombres;2015;2662
45;Toledo;45014 Añover de Tajo;Hombres;2014;2678
45;Toledo;45014 Añover de Tajo;Hombres;2013;2743
45;Toledo;45014 Añover de Tajo;Hombres;2012;2798
45;Toledo;45014 Añover de Tajo;Hombres;2011;2809
45;Toledo;45014 Añover de Tajo;Hombres;2010;2813
45;Toledo;45014 Añover de Tajo;Hombres;2009;2845
45;Toledo;45014 Añover de Tajo;Hombres;2008;2755
45;Toledo;45014 Añover de Tajo;Hombres;2007;2676
45;Toledo;45014 Añover de Tajo;Hombres;2006;2623
45;Toledo;45014 Añover de Tajo;Hombres;2005;2636
45;Toledo;45014 Añover de Tajo;Hombres;2004;2560
45;Toledo;45014 Añover de Tajo;Hombres;2003;2513
45;Toledo;45014 Añover de Tajo;Hombres;2002;2410
45;Toledo;45014 Añover de Tajo;Hombres;2001;2367
45;Toledo;45014 Añover de Tajo;Hombres;2000;2359
45;Toledo;45014 Añover de Tajo;Hombres;1999;2376
45;Toledo;45014 Añover de Tajo;Hombres;1998;2408
45;Toledo;45014 Añover de Tajo;Hombres;1997;
45;Toledo;45014 Añover de Tajo;Hombres;1996;2405
45;Toledo;45014 Añover de Tajo;Mujeres;2023;2587
45;Toledo;45014 Añover de Tajo;Mujeres;2022;2582
45;Toledo;45014 Añover de Tajo;Mujeres;2021;2576
45;Toledo;45014 Añover de Tajo;Mujeres;2020;2548
45;Toledo;45014 Añover de Tajo;Mujeres;2019;2534
45;Toledo;45014 Añover de Tajo;Mujeres;2018;2461
45;Toledo;45014 Añover de Tajo;Mujeres;2017;2509
45;Toledo;45014 Añover de Tajo;Mujeres;2016;2506
45;Toledo;45014 Añover de Tajo;Mujeres;2015;2529
45;Toledo;45014 Añover de Tajo;Mujeres;2014;2546
45;Toledo;45014 Añover de Tajo;Mujeres;2013;2624
45;Toledo;45014 Añover de Tajo;Mujeres;2012;2615
45;Toledo;45014 Añover de Tajo;Mujeres;2011;2603
45;Toledo;45014 Añover de Tajo;Mujeres;2010;2579
45;Toledo;45014 Añover de Tajo;Mujeres;2009;2589
45;Toledo;45014 Añover de Tajo;Mujeres;2008;2544
45;Toledo;45014 Añover de Tajo;Mujeres;2007;2499
45;Toledo;45014 Añover de Tajo;Mujeres;2006;2472
45;Toledo;45014 Añover de Tajo;Mujeres;2005;2482
45;Toledo;45014 Añover de Tajo;Mujeres;2004;2427
45;Toledo;45014 Añover de Tajo;Mujeres;2003;2385
45;Toledo;45014 Añover de Tajo;Mujeres;2002;2272
45;Toledo;45014 Añover de Tajo;Mujeres;2001;2198
45;Toledo;45014 Añover de Tajo;Mujeres;2000;2183
45;Toledo;45014 Añover de Tajo;Mujeres;1999;2181
45;Toledo;45014 Añover de Tajo;Mujeres;1998;2200
45;Toledo;45014 Añover de Tajo;Mujeres;1997;
45;Toledo;45014 Añover de Tajo;Mujeres;1996;2215
45;Toledo;45015 Arcicóllar;Total;2023;1075
45;Toledo;45015 Arcicóllar;Total;2022;1004
45;Toledo;45015 Arcicóllar;Total;2021;964
45;Toledo;45015 Arcicóllar;Total;2020;908
45;Toledo;45015 Arcicóllar;Total;2019;883
45;Toledo;45015 Arcicóllar;Total;2018;829
45;Toledo;45015 Arcicóllar;Total;2017;780
45;Toledo;45015 Arcicóllar;Total;2016;784
45;Toledo;45015 Arcicóllar;Total;2015;833
45;Toledo;45015 Arcicóllar;Total;2014;798
45;Toledo;45015 Arcicóllar;Total;2013;827
45;Toledo;45015 Arcicóllar;Total;2012;822
45;Toledo;45015 Arcicóllar;Total;2011;811
45;Toledo;45015 Arcicóllar;Total;2010;779
45;Toledo;45015 Arcicóllar;Total;2009;786
45;Toledo;45015 Arcicóllar;Total;2008;762
45;Toledo;45015 Arcicóllar;Total;2007;754
45;Toledo;45015 Arcicóllar;Total;2006;720
45;Toledo;45015 Arcicóllar;Total;2005;670
45;Toledo;45015 Arcicóllar;Total;2004;622
45;Toledo;45015 Arcicóllar;Total;2003;576
45;Toledo;45015 Arcicóllar;Total;2002;553
45;Toledo;45015 Arcicóllar;Total;2001;551
45;Toledo;45015 Arcicóllar;Total;2000;562
45;Toledo;45015 Arcicóllar;Total;1999;585
45;Toledo;45015 Arcicóllar;Total;1998;589
45;Toledo;45015 Arcicóllar;Total;1997;
45;Toledo;45015 Arcicóllar;Total;1996;575
45;Toledo;45015 Arcicóllar;Hombres;2023;538
45;Toledo;45015 Arcicóllar;Hombres;2022;498
45;Toledo;45015 Arcicóllar;Hombres;2021;475
45;Toledo;45015 Arcicóllar;Hombres;2020;443
45;Toledo;45015 Arcicóllar;Hombres;2019;437
45;Toledo;45015 Arcicóllar;Hombres;2018;411
45;Toledo;45015 Arcicóllar;Hombres;2017;393
45;Toledo;45015 Arcicóllar;Hombres;2016;393
45;Toledo;45015 Arcicóllar;Hombres;2015;409
45;Toledo;45015 Arcicóllar;Hombres;2014;396
45;Toledo;45015 Arcicóllar;Hombres;2013;413
45;Toledo;45015 Arcicóllar;Hombres;2012;398
45;Toledo;45015 Arcicóllar;Hombres;2011;401
45;Toledo;45015 Arcicóllar;Hombres;2010;388
45;Toledo;45015 Arcicóllar;Hombres;2009;396
45;Toledo;45015 Arcicóllar;Hombres;2008;398
45;Toledo;45015 Arcicóllar;Hombres;2007;387
45;Toledo;45015 Arcicóllar;Hombres;2006;365
45;Toledo;45015 Arcicóllar;Hombres;2005;337
45;Toledo;45015 Arcicóllar;Hombres;2004;309
45;Toledo;45015 Arcicóllar;Hombres;2003;284
45;Toledo;45015 Arcicóllar;Hombres;2002;272
45;Toledo;45015 Arcicóllar;Hombres;2001;273
45;Toledo;45015 Arcicóllar;Hombres;2000;276
45;Toledo;45015 Arcicóllar;Hombres;1999;285
45;Toledo;45015 Arcicóllar;Hombres;1998;287
45;Toledo;45015 Arcicóllar;Hombres;1997;
45;Toledo;45015 Arcicóllar;Hombres;1996;276
45;Toledo;45015 Arcicóllar;Mujeres;2023;537
45;Toledo;45015 Arcicóllar;Mujeres;2022;506
45;Toledo;45015 Arcicóllar;Mujeres;2021;489
45;Toledo;45015 Arcicóllar;Mujeres;2020;465
45;Toledo;45015 Arcicóllar;Mujeres;2019;446
45;Toledo;45015 Arcicóllar;Mujeres;2018;418
45;Toledo;45015 Arcicóllar;Mujeres;2017;387
45;Toledo;45015 Arcicóllar;Mujeres;2016;391
45;Toledo;45015 Arcicóllar;Mujeres;2015;424
45;Toledo;45015 Arcicóllar;Mujeres;2014;402
45;Toledo;45015 Arcicóllar;Mujeres;2013;414
45;Toledo;45015 Arcicóllar;Mujeres;2012;424
45;Toledo;45015 Arcicóllar;Mujeres;2011;410
45;Toledo;45015 Arcicóllar;Mujeres;2010;391
45;Toledo;45015 Arcicóllar;Mujeres;2009;390
45;Toledo;45015 Arcicóllar;Mujeres;2008;364
45;Toledo;45015 Arcicóllar;Mujeres;2007;367
45;Toledo;45015 Arcicóllar;Mujeres;2006;355
45;Toledo;45015 Arcicóllar;Mujeres;2005;333
45;Toledo;45015 Arcicóllar;Mujeres;2004;313
45;Toledo;45015 Arcicóllar;Mujeres;2003;292
45;Toledo;45015 Arcicóllar;Mujeres;2002;281
45;Toledo;45015 Arcicóllar;Mujeres;2001;278
45;Toledo;45015 Arcicóllar;Mujeres;2000;286
45;Toledo;45015 Arcicóllar;Mujeres;1999;300
45;Toledo;45015 Arcicóllar;Mujeres;1998;302
45;Toledo;45015 Arcicóllar;Mujeres;1997;
45;Toledo;45015 Arcicóllar;Mujeres;1996;299
45;Toledo;45016 Argés;Total;2023;6961
45;Toledo;45016 Argés;Total;2022;6829
45;Toledo;45016 Argés;Total;2021;6621
45;Toledo;45016 Argés;Total;2020;6563
45;Toledo;45016 Argés;Total;2019;6418
45;Toledo;45016 Argés;Total;2018;6341
45;Toledo;45016 Argés;Total;2017;6163
45;Toledo;45016 Argés;Total;2016;6093
45;Toledo;45016 Argés;Total;2015;6000
45;Toledo;45016 Argés;Total;2014;5900
45;Toledo;45016 Argés;Total;2013;5894
45;Toledo;45016 Argés;Total;2012;5712
45;Toledo;45016 Argés;Total;2011;5643
45;Toledo;45016 Argés;Total;2010;5511
45;Toledo;45016 Argés;Total;2009;5446
45;Toledo;45016 Argés;Total;2008;5178
45;Toledo;45016 Argés;Total;2007;4668
45;Toledo;45016 Argés;Total;2006;4309
45;Toledo;45016 Argés;Total;2005;3763
45;Toledo;45016 Argés;Total;2004;3351
45;Toledo;45016 Argés;Total;2003;2988
45;Toledo;45016 Argés;Total;2002;2784
45;Toledo;45016 Argés;Total;2001;2569
45;Toledo;45016 Argés;Total;2000;2477
45;Toledo;45016 Argés;Total;1999;2389
45;Toledo;45016 Argés;Total;1998;2266
45;Toledo;45016 Argés;Total;1997;
45;Toledo;45016 Argés;Total;1996;2242
45;Toledo;45016 Argés;Hombres;2023;3477
45;Toledo;45016 Argés;Hombres;2022;3411
45;Toledo;45016 Argés;Hombres;2021;3307
45;Toledo;45016 Argés;Hombres;2020;3273
45;Toledo;45016 Argés;Hombres;2019;3197
45;Toledo;45016 Argés;Hombres;2018;3166
45;Toledo;45016 Argés;Hombres;2017;3107
45;Toledo;45016 Argés;Hombres;2016;3061
45;Toledo;45016 Argés;Hombres;2015;3018
45;Toledo;45016 Argés;Hombres;2014;2956
45;Toledo;45016 Argés;Hombres;2013;2948
45;Toledo;45016 Argés;Hombres;2012;2856
45;Toledo;45016 Argés;Hombres;2011;2836
45;Toledo;45016 Argés;Hombres;2010;2796
45;Toledo;45016 Argés;Hombres;2009;2788
45;Toledo;45016 Argés;Hombres;2008;2674
45;Toledo;45016 Argés;Hombres;2007;2378
45;Toledo;45016 Argés;Hombres;2006;2170
45;Toledo;45016 Argés;Hombres;2005;1902
45;Toledo;45016 Argés;Hombres;2004;1682
45;Toledo;45016 Argés;Hombres;2003;1505
45;Toledo;45016 Argés;Hombres;2002;1394
45;Toledo;45016 Argés;Hombres;2001;1278
45;Toledo;45016 Argés;Hombres;2000;1225
45;Toledo;45016 Argés;Hombres;1999;1181
45;Toledo;45016 Argés;Hombres;1998;1116
45;Toledo;45016 Argés;Hombres;1997;
45;Toledo;45016 Argés;Hombres;1996;1117
45;Toledo;45016 Argés;Mujeres;2023;3484
45;Toledo;45016 Argés;Mujeres;2022;3418
45;Toledo;45016 Argés;Mujeres;2021;3314
45;Toledo;45016 Argés;Mujeres;2020;3290
45;Toledo;45016 Argés;Mujeres;2019;3221
45;Toledo;45016 Argés;Mujeres;2018;3175
45;Toledo;45016 Argés;Mujeres;2017;3056
45;Toledo;45016 Argés;Mujeres;2016;3032
45;Toledo;45016 Argés;Mujeres;2015;2982
45;Toledo;45016 Argés;Mujeres;2014;2944
45;Toledo;45016 Argés;Mujeres;2013;2946
45;Toledo;45016 Argés;Mujeres;2012;2856
45;Toledo;45016 Argés;Mujeres;2011;2807
45;Toledo;45016 Argés;Mujeres;2010;2715
45;Toledo;45016 Argés;Mujeres;2009;2658
45;Toledo;45016 Argés;Mujeres;2008;2504
45;Toledo;45016 Argés;Mujeres;2007;2290
45;Toledo;45016 Argés;Mujeres;2006;2139
45;Toledo;45016 Argés;Mujeres;2005;1861
45;Toledo;45016 Argés;Mujeres;2004;1669
45;Toledo;45016 Argés;Mujeres;2003;1483
45;Toledo;45016 Argés;Mujeres;2002;1390
45;Toledo;45016 Argés;Mujeres;2001;1291
45;Toledo;45016 Argés;Mujeres;2000;1252
45;Toledo;45016 Argés;Mujeres;1999;1208
45;Toledo;45016 Argés;Mujeres;1998;1150
45;Toledo;45016 Argés;Mujeres;1997;
45;Toledo;45016 Argés;Mujeres;1996;1125
45;Toledo;45017 Azután;Total;2023;292
45;Toledo;45017 Azután;Total;2022;296
45;Toledo;45017 Azután;Total;2021;303
45;Toledo;45017 Azután;Total;2020;290
45;Toledo;45017 Azután;Total;2019;288
45;Toledo;45017 Azután;Total;2018;289
45;Toledo;45017 Azután;Total;2017;289
45;Toledo;45017 Azután;Total;2016;289
45;Toledo;45017 Azután;Total;2015;291
45;Toledo;45017 Azután;Total;2014;285
45;Toledo;45017 Azután;Total;2013;292
45;Toledo;45017 Azután;Total;2012;295
45;Toledo;45017 Azután;Total;2011;298
45;Toledo;45017 Azután;Total;2010;300
45;Toledo;45017 Azután;Total;2009;310
45;Toledo;45017 Azután;Total;2008;310
45;Toledo;45017 Azután;Total;2007;306
45;Toledo;45017 Azután;Total;2006;305
45;Toledo;45017 Azután;Total;2005;322
45;Toledo;45017 Azután;Total;2004;329
45;Toledo;45017 Azután;Total;2003;335
45;Toledo;45017 Azután;Total;2002;340
45;Toledo;45017 Azután;Total;2001;342
45;Toledo;45017 Azután;Total;2000;344
45;Toledo;45017 Azután;Total;1999;366
45;Toledo;45017 Azután;Total;1998;372
45;Toledo;45017 Azután;Total;1997;
45;Toledo;45017 Azután;Total;1996;365
45;Toledo;45017 Azután;Hombres;2023;142
45;Toledo;45017 Azután;Hombres;2022;144
45;Toledo;45017 Azután;Hombres;2021;152
45;Toledo;45017 Azután;Hombres;2020;145
45;Toledo;45017 Azután;Hombres;2019;144
45;Toledo;45017 Azután;Hombres;2018;142
45;Toledo;45017 Azután;Hombres;2017;143
45;Toledo;45017 Azután;Hombres;2016;143
45;Toledo;45017 Azután;Hombres;2015;145
45;Toledo;45017 Azután;Hombres;2014;139
45;Toledo;45017 Azután;Hombres;2013;142
45;Toledo;45017 Azután;Hombres;2012;145
45;Toledo;45017 Azután;Hombres;2011;148
45;Toledo;45017 Azután;Hombres;2010;149
45;Toledo;45017 Azután;Hombres;2009;153
45;Toledo;45017 Azután;Hombres;2008;152
45;Toledo;45017 Azután;Hombres;2007;156
45;Toledo;45017 Azután;Hombres;2006;156
45;Toledo;45017 Azután;Hombres;2005;162
45;Toledo;45017 Azután;Hombres;2004;163
45;Toledo;45017 Azután;Hombres;2003;168
45;Toledo;45017 Azután;Hombres;2002;170
45;Toledo;45017 Azután;Hombres;2001;174
45;Toledo;45017 Azután;Hombres;2000;176
45;Toledo;45017 Azután;Hombres;1999;189
45;Toledo;45017 Azután;Hombres;1998;190
45;Toledo;45017 Azután;Hombres;1997;
45;Toledo;45017 Azután;Hombres;1996;185
45;Toledo;45017 Azután;Mujeres;2023;150
45;Toledo;45017 Azután;Mujeres;2022;152
45;Toledo;45017 Azután;Mujeres;2021;151
45;Toledo;45017 Azután;Mujeres;2020;145
45;Toledo;45017 Azután;Mujeres;2019;144
45;Toledo;45017 Azután;Mujeres;2018;147
45;Toledo;45017 Azután;Mujeres;2017;146
45;Toledo;45017 Azután;Mujeres;2016;146
45;Toledo;45017 Azután;Mujeres;2015;146
45;Toledo;45017 Azután;Mujeres;2014;146
45;Toledo;45017 Azután;Mujeres;2013;150
45;Toledo;45017 Azután;Mujeres;2012;150
45;Toledo;45017 Azután;Mujeres;2011;150
45;Toledo;45017 Azután;Mujeres;2010;151
45;Toledo;45017 Azután;Mujeres;2009;157
45;Toledo;45017 Azután;Mujeres;2008;158
45;Toledo;45017 Azután;Mujeres;2007;150
45;Toledo;45017 Azután;Mujeres;2006;149
45;Toledo;45017 Azután;Mujeres;2005;160
45;Toledo;45017 Azután;Mujeres;2004;166
45;Toledo;45017 Azután;Mujeres;2003;167
45;Toledo;45017 Azután;Mujeres;2002;170
45;Toledo;45017 Azután;Mujeres;2001;168
45;Toledo;45017 Azután;Mujeres;2000;168
45;Toledo;45017 Azután;Mujeres;1999;177
45;Toledo;45017 Azután;Mujeres;1998;182
45;Toledo;45017 Azután;Mujeres;1997;
45;Toledo;45017 Azután;Mujeres;1996;180
45;Toledo;45018 Barcience;Total;2023;1039
45;Toledo;45018 Barcience;Total;2022;1003
45;Toledo;45018 Barcience;Total;2021;940
45;Toledo;45018 Barcience;Total;2020;883
45;Toledo;45018 Barcience;Total;2019;872
45;Toledo;45018 Barcience;Total;2018;856
45;Toledo;45018 Barcience;Total;2017;806
45;Toledo;45018 Barcience;Total;2016;783
45;Toledo;45018 Barcience;Total;2015;747
45;Toledo;45018 Barcience;Total;2014;725
45;Toledo;45018 Barcience;Total;2013;702
45;Toledo;45018 Barcience;Total;2012;760
45;Toledo;45018 Barcience;Total;2011;671
45;Toledo;45018 Barcience;Total;2010;616
45;Toledo;45018 Barcience;Total;2009;578
45;Toledo;45018 Barcience;Total;2008;481
45;Toledo;45018 Barcience;Total;2007;381
45;Toledo;45018 Barcience;Total;2006;214
45;Toledo;45018 Barcience;Total;2005;95
45;Toledo;45018 Barcience;Total;2004;99
45;Toledo;45018 Barcience;Total;2003;110
45;Toledo;45018 Barcience;Total;2002;113
45;Toledo;45018 Barcience;Total;2001;107
45;Toledo;45018 Barcience;Total;2000;111
45;Toledo;45018 Barcience;Total;1999;112
45;Toledo;45018 Barcience;Total;1998;113
45;Toledo;45018 Barcience;Total;1997;
45;Toledo;45018 Barcience;Total;1996;110
45;Toledo;45018 Barcience;Hombres;2023;554
45;Toledo;45018 Barcience;Hombres;2022;542
45;Toledo;45018 Barcience;Hombres;2021;515
45;Toledo;45018 Barcience;Hombres;2020;479
45;Toledo;45018 Barcience;Hombres;2019;458
45;Toledo;45018 Barcience;Hombres;2018;445
45;Toledo;45018 Barcience;Hombres;2017;421
45;Toledo;45018 Barcience;Hombres;2016;421
45;Toledo;45018 Barcience;Hombres;2015;397
45;Toledo;45018 Barcience;Hombres;2014;382
45;Toledo;45018 Barcience;Hombres;2013;374
45;Toledo;45018 Barcience;Hombres;2012;401
45;Toledo;45018 Barcience;Hombres;2011;354
45;Toledo;45018 Barcience;Hombres;2010;323
45;Toledo;45018 Barcience;Hombres;2009;316
45;Toledo;45018 Barcience;Hombres;2008;269
45;Toledo;45018 Barcience;Hombres;2007;209
45;Toledo;45018 Barcience;Hombres;2006;117
45;Toledo;45018 Barcience;Hombres;2005;50
45;Toledo;45018 Barcience;Hombres;2004;52
45;Toledo;45018 Barcience;Hombres;2003;59
45;Toledo;45018 Barcience;Hombres;2002;59
45;Toledo;45018 Barcience;Hombres;2001;55
45;Toledo;45018 Barcience;Hombres;2000;58
45;Toledo;45018 Barcience;Hombres;1999;57
45;Toledo;45018 Barcience;Hombres;1998;57
45;Toledo;45018 Barcience;Hombres;1997;
45;Toledo;45018 Barcience;Hombres;1996;57
45;Toledo;45018 Barcience;Mujeres;2023;485
45;Toledo;45018 Barcience;Mujeres;2022;461
45;Toledo;45018 Barcience;Mujeres;2021;425
45;Toledo;45018 Barcience;Mujeres;2020;404
45;Toledo;45018 Barcience;Mujeres;2019;414
45;Toledo;45018 Barcience;Mujeres;2018;411
45;Toledo;45018 Barcience;Mujeres;2017;385
45;Toledo;45018 Barcience;Mujeres;2016;362
45;Toledo;45018 Barcience;Mujeres;2015;350
45;Toledo;45018 Barcience;Mujeres;2014;343
45;Toledo;45018 Barcience;Mujeres;2013;328
45;Toledo;45018 Barcience;Mujeres;2012;359
45;Toledo;45018 Barcience;Mujeres;2011;317
45;Toledo;45018 Barcience;Mujeres;2010;293
45;Toledo;45018 Barcience;Mujeres;2009;262
45;Toledo;45018 Barcience;Mujeres;2008;212
45;Toledo;45018 Barcience;Mujeres;2007;172
45;Toledo;45018 Barcience;Mujeres;2006;97
45;Toledo;45018 Barcience;Mujeres;2005;45
45;Toledo;45018 Barcience;Mujeres;2004;47
45;Toledo;45018 Barcience;Mujeres;2003;51
45;Toledo;45018 Barcience;Mujeres;2002;54
45;Toledo;45018 Barcience;Mujeres;2001;52
45;Toledo;45018 Barcience;Mujeres;2000;53
45;Toledo;45018 Barcience;Mujeres;1999;55
45;Toledo;45018 Barcience;Mujeres;1998;56
45;Toledo;45018 Barcience;Mujeres;1997;
45;Toledo;45018 Barcience;Mujeres;1996;53
45;Toledo;45019 Bargas;Total;2023;10978
45;Toledo;45019 Bargas;Total;2022;10807
45;Toledo;45019 Bargas;Total;2021;10611
45;Toledo;45019 Bargas;Total;2020;10535
45;Toledo;45019 Bargas;Total;2019;10332
45;Toledo;45019 Bargas;Total;2018;10092
45;Toledo;45019 Bargas;Total;2017;10030
45;Toledo;45019 Bargas;Total;2016;10021
45;Toledo;45019 Bargas;Total;2015;10008
45;Toledo;45019 Bargas;Total;2014;10002
45;Toledo;45019 Bargas;Total;2013;9898
45;Toledo;45019 Bargas;Total;2012;9874
45;Toledo;45019 Bargas;Total;2011;9666
45;Toledo;45019 Bargas;Total;2010;9332
45;Toledo;45019 Bargas;Total;2009;8987
45;Toledo;45019 Bargas;Total;2008;8654
45;Toledo;45019 Bargas;Total;2007;8202
45;Toledo;45019 Bargas;Total;2006;7963
45;Toledo;45019 Bargas;Total;2005;7726
45;Toledo;45019 Bargas;Total;2004;7544
45;Toledo;45019 Bargas;Total;2003;7333
45;Toledo;45019 Bargas;Total;2002;7078
45;Toledo;45019 Bargas;Total;2001;6980
45;Toledo;45019 Bargas;Total;2000;6816
45;Toledo;45019 Bargas;Total;1999;6638
45;Toledo;45019 Bargas;Total;1998;6639
45;Toledo;45019 Bargas;Total;1997;
45;Toledo;45019 Bargas;Total;1996;6608
45;Toledo;45019 Bargas;Hombres;2023;5489
45;Toledo;45019 Bargas;Hombres;2022;5430
45;Toledo;45019 Bargas;Hombres;2021;5313
45;Toledo;45019 Bargas;Hombres;2020;5246
45;Toledo;45019 Bargas;Hombres;2019;5174
45;Toledo;45019 Bargas;Hombres;2018;5061
45;Toledo;45019 Bargas;Hombres;2017;5016
45;Toledo;45019 Bargas;Hombres;2016;4976
45;Toledo;45019 Bargas;Hombres;2015;4983
45;Toledo;45019 Bargas;Hombres;2014;5002
45;Toledo;45019 Bargas;Hombres;2013;4949
45;Toledo;45019 Bargas;Hombres;2012;4940
45;Toledo;45019 Bargas;Hombres;2011;4868
45;Toledo;45019 Bargas;Hombres;2010;4720
45;Toledo;45019 Bargas;Hombres;2009;4581
45;Toledo;45019 Bargas;Hombres;2008;4423
45;Toledo;45019 Bargas;Hombres;2007;4175
45;Toledo;45019 Bargas;Hombres;2006;4060
45;Toledo;45019 Bargas;Hombres;2005;3917
45;Toledo;45019 Bargas;Hombres;2004;3784
45;Toledo;45019 Bargas;Hombres;2003;3676
45;Toledo;45019 Bargas;Hombres;2002;3544
45;Toledo;45019 Bargas;Hombres;2001;3490
45;Toledo;45019 Bargas;Hombres;2000;3402
45;Toledo;45019 Bargas;Hombres;1999;3308
45;Toledo;45019 Bargas;Hombres;1998;3299
45;Toledo;45019 Bargas;Hombres;1997;
45;Toledo;45019 Bargas;Hombres;1996;3317
45;Toledo;45019 Bargas;Mujeres;2023;5489
45;Toledo;45019 Bargas;Mujeres;2022;5377
45;Toledo;45019 Bargas;Mujeres;2021;5298
45;Toledo;45019 Bargas;Mujeres;2020;5289
45;Toledo;45019 Bargas;Mujeres;2019;5158
45;Toledo;45019 Bargas;Mujeres;2018;5031
45;Toledo;45019 Bargas;Mujeres;2017;5014
45;Toledo;45019 Bargas;Mujeres;2016;5045
45;Toledo;45019 Bargas;Mujeres;2015;5025
45;Toledo;45019 Bargas;Mujeres;2014;5000
45;Toledo;45019 Bargas;Mujeres;2013;4949
45;Toledo;45019 Bargas;Mujeres;2012;4934
45;Toledo;45019 Bargas;Mujeres;2011;4798
45;Toledo;45019 Bargas;Mujeres;2010;4612
45;Toledo;45019 Bargas;Mujeres;2009;4406
45;Toledo;45019 Bargas;Mujeres;2008;4231
45;Toledo;45019 Bargas;Mujeres;2007;4027
45;Toledo;45019 Bargas;Mujeres;2006;3903
45;Toledo;45019 Bargas;Mujeres;2005;3809
45;Toledo;45019 Bargas;Mujeres;2004;3760
45;Toledo;45019 Bargas;Mujeres;2003;3657
45;Toledo;45019 Bargas;Mujeres;2002;3534
45;Toledo;45019 Bargas;Mujeres;2001;3490
45;Toledo;45019 Bargas;Mujeres;2000;3414
45;Toledo;45019 Bargas;Mujeres;1999;3330
45;Toledo;45019 Bargas;Mujeres;1998;3340
45;Toledo;45019 Bargas;Mujeres;1997;
45;Toledo;45019 Bargas;Mujeres;1996;3291
45;Toledo;45020 Belvís de la Jara;Total;2023;1492
45;Toledo;45020 Belvís de la Jara;Total;2022;1497
45;Toledo;45020 Belvís de la Jara;Total;2021;1543
45;Toledo;45020 Belvís de la Jara;Total;2020;1535
45;Toledo;45020 Belvís de la Jara;Total;2019;1522
45;Toledo;45020 Belvís de la Jara;Total;2018;1529
45;Toledo;45020 Belvís de la Jara;Total;2017;1567
45;Toledo;45020 Belvís de la Jara;Total;2016;1611
45;Toledo;45020 Belvís de la Jara;Total;2015;1663
45;Toledo;45020 Belvís de la Jara;Total;2014;1698
45;Toledo;45020 Belvís de la Jara;Total;2013;1759
45;Toledo;45020 Belvís de la Jara;Total;2012;1788
45;Toledo;45020 Belvís de la Jara;Total;2011;1814
45;Toledo;45020 Belvís de la Jara;Total;2010;1823
45;Toledo;45020 Belvís de la Jara;Total;2009;1852
45;Toledo;45020 Belvís de la Jara;Total;2008;1868
45;Toledo;45020 Belvís de la Jara;Total;2007;1829
45;Toledo;45020 Belvís de la Jara;Total;2006;1735
45;Toledo;45020 Belvís de la Jara;Total;2005;1744
45;Toledo;45020 Belvís de la Jara;Total;2004;1733
45;Toledo;45020 Belvís de la Jara;Total;2003;1681
45;Toledo;45020 Belvís de la Jara;Total;2002;1692
45;Toledo;45020 Belvís de la Jara;Total;2001;1700
45;Toledo;45020 Belvís de la Jara;Total;2000;1688
45;Toledo;45020 Belvís de la Jara;Total;1999;1715
45;Toledo;45020 Belvís de la Jara;Total;1998;1751
45;Toledo;45020 Belvís de la Jara;Total;1997;
45;Toledo;45020 Belvís de la Jara;Total;1996;1808
45;Toledo;45020 Belvís de la Jara;Hombres;2023;772
45;Toledo;45020 Belvís de la Jara;Hombres;2022;769
45;Toledo;45020 Belvís de la Jara;Hombres;2021;776
45;Toledo;45020 Belvís de la Jara;Hombres;2020;768
45;Toledo;45020 Belvís de la Jara;Hombres;2019;764
45;Toledo;45020 Belvís de la Jara;Hombres;2018;763
45;Toledo;45020 Belvís de la Jara;Hombres;2017;782
45;Toledo;45020 Belvís de la Jara;Hombres;2016;810
45;Toledo;45020 Belvís de la Jara;Hombres;2015;825
45;Toledo;45020 Belvís de la Jara;Hombres;2014;845
45;Toledo;45020 Belvís de la Jara;Hombres;2013;877
45;Toledo;45020 Belvís de la Jara;Hombres;2012;898
45;Toledo;45020 Belvís de la Jara;Hombres;2011;918
45;Toledo;45020 Belvís de la Jara;Hombres;2010;916
45;Toledo;45020 Belvís de la Jara;Hombres;2009;939
45;Toledo;45020 Belvís de la Jara;Hombres;2008;950
45;Toledo;45020 Belvís de la Jara;Hombres;2007;937
45;Toledo;45020 Belvís de la Jara;Hombres;2006;884
45;Toledo;45020 Belvís de la Jara;Hombres;2005;882
45;Toledo;45020 Belvís de la Jara;Hombres;2004;873
45;Toledo;45020 Belvís de la Jara;Hombres;2003;844
45;Toledo;45020 Belvís de la Jara;Hombres;2002;839
45;Toledo;45020 Belvís de la Jara;Hombres;2001;840
45;Toledo;45020 Belvís de la Jara;Hombres;2000;827
45;Toledo;45020 Belvís de la Jara;Hombres;1999;832
45;Toledo;45020 Belvís de la Jara;Hombres;1998;845
45;Toledo;45020 Belvís de la Jara;Hombres;1997;
45;Toledo;45020 Belvís de la Jara;Hombres;1996;883
45;Toledo;45020 Belvís de la Jara;Mujeres;2023;720
45;Toledo;45020 Belvís de la Jara;Mujeres;2022;728
45;Toledo;45020 Belvís de la Jara;Mujeres;2021;767
45;Toledo;45020 Belvís de la Jara;Mujeres;2020;767
45;Toledo;45020 Belvís de la Jara;Mujeres;2019;758
45;Toledo;45020 Belvís de la Jara;Mujeres;2018;766
45;Toledo;45020 Belvís de la Jara;Mujeres;2017;785
45;Toledo;45020 Belvís de la Jara;Mujeres;2016;801
45;Toledo;45020 Belvís de la Jara;Mujeres;2015;838
45;Toledo;45020 Belvís de la Jara;Mujeres;2014;853
45;Toledo;45020 Belvís de la Jara;Mujeres;2013;882
45;Toledo;45020 Belvís de la Jara;Mujeres;2012;890
45;Toledo;45020 Belvís de la Jara;Mujeres;2011;896
45;Toledo;45020 Belvís de la Jara;Mujeres;2010;907
45;Toledo;45020 Belvís de la Jara;Mujeres;2009;913
45;Toledo;45020 Belvís de la Jara;Mujeres;2008;918
45;Toledo;45020 Belvís de la Jara;Mujeres;2007;892
45;Toledo;45020 Belvís de la Jara;Mujeres;2006;851
45;Toledo;45020 Belvís de la Jara;Mujeres;2005;862
45;Toledo;45020 Belvís de la Jara;Mujeres;2004;860
45;Toledo;45020 Belvís de la Jara;Mujeres;2003;837
45;Toledo;45020 Belvís de la Jara;Mujeres;2002;853
45;Toledo;45020 Belvís de la Jara;Mujeres;2001;860
45;Toledo;45020 Belvís de la Jara;Mujeres;2000;861
45;Toledo;45020 Belvís de la Jara;Mujeres;1999;883
45;Toledo;45020 Belvís de la Jara;Mujeres;1998;906
45;Toledo;45020 Belvís de la Jara;Mujeres;1997;
45;Toledo;45020 Belvís de la Jara;Mujeres;1996;925
45;Toledo;45021 Borox;Total;2023;4114
45;Toledo;45021 Borox;Total;2022;4032
45;Toledo;45021 Borox;Total;2021;3981
45;Toledo;45021 Borox;Total;2020;3958
45;Toledo;45021 Borox;Total;2019;3825
45;Toledo;45021 Borox;Total;2018;3706
45;Toledo;45021 Borox;Total;2017;3626
45;Toledo;45021 Borox;Total;2016;3614
45;Toledo;45021 Borox;Total;2015;3605
45;Toledo;45021 Borox;Total;2014;3561
45;Toledo;45021 Borox;Total;2013;3552
45;Toledo;45021 Borox;Total;2012;3556
45;Toledo;45021 Borox;Total;2011;3435
45;Toledo;45021 Borox;Total;2010;3307
45;Toledo;45021 Borox;Total;2009;3167
45;Toledo;45021 Borox;Total;2008;3017
45;Toledo;45021 Borox;Total;2007;2772
45;Toledo;45021 Borox;Total;2006;2640
45;Toledo;45021 Borox;Total;2005;2527
45;Toledo;45021 Borox;Total;2004;2501
45;Toledo;45021 Borox;Total;2003;2393
45;Toledo;45021 Borox;Total;2002;2310
45;Toledo;45021 Borox;Total;2001;2260
45;Toledo;45021 Borox;Total;2000;2221
45;Toledo;45021 Borox;Total;1999;2193
45;Toledo;45021 Borox;Total;1998;2163
45;Toledo;45021 Borox;Total;1997;
45;Toledo;45021 Borox;Total;1996;2132
45;Toledo;45021 Borox;Hombres;2023;2188
45;Toledo;45021 Borox;Hombres;2022;2129
45;Toledo;45021 Borox;Hombres;2021;2088
45;Toledo;45021 Borox;Hombres;2020;2076
45;Toledo;45021 Borox;Hombres;2019;2002
45;Toledo;45021 Borox;Hombres;2018;1936
45;Toledo;45021 Borox;Hombres;2017;1899
45;Toledo;45021 Borox;Hombres;2016;1878
45;Toledo;45021 Borox;Hombres;2015;1879
45;Toledo;45021 Borox;Hombres;2014;1872
45;Toledo;45021 Borox;Hombres;2013;1854
45;Toledo;45021 Borox;Hombres;2012;1850
45;Toledo;45021 Borox;Hombres;2011;1789
45;Toledo;45021 Borox;Hombres;2010;1704
45;Toledo;45021 Borox;Hombres;2009;1651
45;Toledo;45021 Borox;Hombres;2008;1564
45;Toledo;45021 Borox;Hombres;2007;1427
45;Toledo;45021 Borox;Hombres;2006;1353
45;Toledo;45021 Borox;Hombres;2005;1295
45;Toledo;45021 Borox;Hombres;2004;1268
45;Toledo;45021 Borox;Hombres;2003;1214
45;Toledo;45021 Borox;Hombres;2002;1171
45;Toledo;45021 Borox;Hombres;2001;1143
45;Toledo;45021 Borox;Hombres;2000;1112
45;Toledo;45021 Borox;Hombres;1999;1097
45;Toledo;45021 Borox;Hombres;1998;1077
45;Toledo;45021 Borox;Hombres;1997;
45;Toledo;45021 Borox;Hombres;1996;1062
45;Toledo;45021 Borox;Mujeres;2023;1926
45;Toledo;45021 Borox;Mujeres;2022;1903
45;Toledo;45021 Borox;Mujeres;2021;1893
45;Toledo;45021 Borox;Mujeres;2020;1882
45;Toledo;45021 Borox;Mujeres;2019;1823
45;Toledo;45021 Borox;Mujeres;2018;1770
45;Toledo;45021 Borox;Mujeres;2017;1727
45;Toledo;45021 Borox;Mujeres;2016;1736
45;Toledo;45021 Borox;Mujeres;2015;1726
45;Toledo;45021 Borox;Mujeres;2014;1689
45;Toledo;45021 Borox;Mujeres;2013;1698
45;Toledo;45021 Borox;Mujeres;2012;1706
45;Toledo;45021 Borox;Mujeres;2011;1646
45;Toledo;45021 Borox;Mujeres;2010;1603
45;Toledo;45021 Borox;Mujeres;2009;1516
45;Toledo;45021 Borox;Mujeres;2008;1453
45;Toledo;45021 Borox;Mujeres;2007;1345
45;Toledo;45021 Borox;Mujeres;2006;1287
45;Toledo;45021 Borox;Mujeres;2005;1232
45;Toledo;45021 Borox;Mujeres;2004;1233
45;Toledo;45021 Borox;Mujeres;2003;1179
45;Toledo;45021 Borox;Mujeres;2002;1139
45;Toledo;45021 Borox;Mujeres;2001;1117
45;Toledo;45021 Borox;Mujeres;2000;1109
45;Toledo;45021 Borox;Mujeres;1999;1096
45;Toledo;45021 Borox;Mujeres;1998;1086
45;Toledo;45021 Borox;Mujeres;1997;
45;Toledo;45021 Borox;Mujeres;1996;1070
45;Toledo;45022 Buenaventura;Total;2023;377
45;Toledo;45022 Buenaventura;Total;2022;403
45;Toledo;45022 Buenaventura;Total;2021;419
45;Toledo;45022 Buenaventura;Total;2020;423
45;Toledo;45022 Buenaventura;Total;2019;424
45;Toledo;45022 Buenaventura;Total;2018;430
45;Toledo;45022 Buenaventura;Total;2017;423
45;Toledo;45022 Buenaventura;Total;2016;430
45;Toledo;45022 Buenaventura;Total;2015;445
45;Toledo;45022 Buenaventura;Total;2014;462
45;Toledo;45022 Buenaventura;Total;2013;482
45;Toledo;45022 Buenaventura;Total;2012;490
45;Toledo;45022 Buenaventura;Total;2011;482
45;Toledo;45022 Buenaventura;Total;2010;483
45;Toledo;45022 Buenaventura;Total;2009;481
45;Toledo;45022 Buenaventura;Total;2008;488
45;Toledo;45022 Buenaventura;Total;2007;493
45;Toledo;45022 Buenaventura;Total;2006;464
45;Toledo;45022 Buenaventura;Total;2005;516
45;Toledo;45022 Buenaventura;Total;2004;514
45;Toledo;45022 Buenaventura;Total;2003;532
45;Toledo;45022 Buenaventura;Total;2002;525
45;Toledo;45022 Buenaventura;Total;2001;534
45;Toledo;45022 Buenaventura;Total;2000;540
45;Toledo;45022 Buenaventura;Total;1999;539
45;Toledo;45022 Buenaventura;Total;1998;548
45;Toledo;45022 Buenaventura;Total;1997;
45;Toledo;45022 Buenaventura;Total;1996;553
45;Toledo;45022 Buenaventura;Hombres;2023;187
45;Toledo;45022 Buenaventura;Hombres;2022;203
45;Toledo;45022 Buenaventura;Hombres;2021;207
45;Toledo;45022 Buenaventura;Hombres;2020;211
45;Toledo;45022 Buenaventura;Hombres;2019;216
45;Toledo;45022 Buenaventura;Hombres;2018;220
45;Toledo;45022 Buenaventura;Hombres;2017;215
45;Toledo;45022 Buenaventura;Hombres;2016;226
45;Toledo;45022 Buenaventura;Hombres;2015;234
45;Toledo;45022 Buenaventura;Hombres;2014;242
45;Toledo;45022 Buenaventura;Hombres;2013;258
45;Toledo;45022 Buenaventura;Hombres;2012;260
45;Toledo;45022 Buenaventura;Hombres;2011;251
45;Toledo;45022 Buenaventura;Hombres;2010;256
45;Toledo;45022 Buenaventura;Hombres;2009;253
45;Toledo;45022 Buenaventura;Hombres;2008;256
45;Toledo;45022 Buenaventura;Hombres;2007;252
45;Toledo;45022 Buenaventura;Hombres;2006;233
45;Toledo;45022 Buenaventura;Hombres;2005;259
45;Toledo;45022 Buenaventura;Hombres;2004;255
45;Toledo;45022 Buenaventura;Hombres;2003;262
45;Toledo;45022 Buenaventura;Hombres;2002;256
45;Toledo;45022 Buenaventura;Hombres;2001;260
45;Toledo;45022 Buenaventura;Hombres;2000;257
45;Toledo;45022 Buenaventura;Hombres;1999;260
45;Toledo;45022 Buenaventura;Hombres;1998;264
45;Toledo;45022 Buenaventura;Hombres;1997;
45;Toledo;45022 Buenaventura;Hombres;1996;268
45;Toledo;45022 Buenaventura;Mujeres;2023;190
45;Toledo;45022 Buenaventura;Mujeres;2022;200
45;Toledo;45022 Buenaventura;Mujeres;2021;212
45;Toledo;45022 Buenaventura;Mujeres;2020;212
45;Toledo;45022 Buenaventura;Mujeres;2019;208
45;Toledo;45022 Buenaventura;Mujeres;2018;210
45;Toledo;45022 Buenaventura;Mujeres;2017;208
45;Toledo;45022 Buenaventura;Mujeres;2016;204
45;Toledo;45022 Buenaventura;Mujeres;2015;211
45;Toledo;45022 Buenaventura;Mujeres;2014;220
45;Toledo;45022 Buenaventura;Mujeres;2013;224
45;Toledo;45022 Buenaventura;Mujeres;2012;230
45;Toledo;45022 Buenaventura;Mujeres;2011;231
45;Toledo;45022 Buenaventura;Mujeres;2010;227
45;Toledo;45022 Buenaventura;Mujeres;2009;228
45;Toledo;45022 Buenaventura;Mujeres;2008;232
45;Toledo;45022 Buenaventura;Mujeres;2007;241
45;Toledo;45022 Buenaventura;Mujeres;2006;231
45;Toledo;45022 Buenaventura;Mujeres;2005;257
45;Toledo;45022 Buenaventura;Mujeres;2004;259
45;Toledo;45022 Buenaventura;Mujeres;2003;270
45;Toledo;45022 Buenaventura;Mujeres;2002;269
45;Toledo;45022 Buenaventura;Mujeres;2001;274
45;Toledo;45022 Buenaventura;Mujeres;2000;283
45;Toledo;45022 Buenaventura;Mujeres;1999;279
45;Toledo;45022 Buenaventura;Mujeres;1998;284
45;Toledo;45022 Buenaventura;Mujeres;1997;
45;Toledo;45022 Buenaventura;Mujeres;1996;285
45;Toledo;45023 Burguillos de Toledo;Total;2023;3647
45;Toledo;45023 Burguillos de Toledo;Total;2022;3473
45;Toledo;45023 Burguillos de Toledo;Total;2021;3390
45;Toledo;45023 Burguillos de Toledo;Total;2020;3288
45;Toledo;45023 Burguillos de Toledo;Total;2019;3172
45;Toledo;45023 Burguillos de Toledo;Total;2018;3184
45;Toledo;45023 Burguillos de Toledo;Total;2017;3173
45;Toledo;45023 Burguillos de Toledo;Total;2016;3092
45;Toledo;45023 Burguillos de Toledo;Total;2015;3028
45;Toledo;45023 Burguillos de Toledo;Total;2014;3002
45;Toledo;45023 Burguillos de Toledo;Total;2013;2936
45;Toledo;45023 Burguillos de Toledo;Total;2012;2789
45;Toledo;45023 Burguillos de Toledo;Total;2011;2734
45;Toledo;45023 Burguillos de Toledo;Total;2010;2644
45;Toledo;45023 Burguillos de Toledo;Total;2009;2491
45;Toledo;45023 Burguillos de Toledo;Total;2008;2399
45;Toledo;45023 Burguillos de Toledo;Total;2007;2202
45;Toledo;45023 Burguillos de Toledo;Total;2006;1993
45;Toledo;45023 Burguillos de Toledo;Total;2005;1695
45;Toledo;45023 Burguillos de Toledo;Total;2004;1498
45;Toledo;45023 Burguillos de Toledo;Total;2003;1280
45;Toledo;45023 Burguillos de Toledo;Total;2002;1112
45;Toledo;45023 Burguillos de Toledo;Total;2001;1040
45;Toledo;45023 Burguillos de Toledo;Total;2000;965
45;Toledo;45023 Burguillos de Toledo;Total;1999;909
45;Toledo;45023 Burguillos de Toledo;Total;1998;848
45;Toledo;45023 Burguillos de Toledo;Total;1997;
45;Toledo;45023 Burguillos de Toledo;Total;1996;788
45;Toledo;45023 Burguillos de Toledo;Hombres;2023;1903
45;Toledo;45023 Burguillos de Toledo;Hombres;2022;1811
45;Toledo;45023 Burguillos de Toledo;Hombres;2021;1758
45;Toledo;45023 Burguillos de Toledo;Hombres;2020;1699
45;Toledo;45023 Burguillos de Toledo;Hombres;2019;1636
45;Toledo;45023 Burguillos de Toledo;Hombres;2018;1641
45;Toledo;45023 Burguillos de Toledo;Hombres;2017;1628
45;Toledo;45023 Burguillos de Toledo;Hombres;2016;1580
45;Toledo;45023 Burguillos de Toledo;Hombres;2015;1532
45;Toledo;45023 Burguillos de Toledo;Hombres;2014;1531
45;Toledo;45023 Burguillos de Toledo;Hombres;2013;1484
45;Toledo;45023 Burguillos de Toledo;Hombres;2012;1435
45;Toledo;45023 Burguillos de Toledo;Hombres;2011;1398
45;Toledo;45023 Burguillos de Toledo;Hombres;2010;1348
45;Toledo;45023 Burguillos de Toledo;Hombres;2009;1269
45;Toledo;45023 Burguillos de Toledo;Hombres;2008;1215
45;Toledo;45023 Burguillos de Toledo;Hombres;2007;1132
45;Toledo;45023 Burguillos de Toledo;Hombres;2006;1028
45;Toledo;45023 Burguillos de Toledo;Hombres;2005;880
45;Toledo;45023 Burguillos de Toledo;Hombres;2004;769
45;Toledo;45023 Burguillos de Toledo;Hombres;2003;647
45;Toledo;45023 Burguillos de Toledo;Hombres;2002;577
45;Toledo;45023 Burguillos de Toledo;Hombres;2001;535
45;Toledo;45023 Burguillos de Toledo;Hombres;2000;492
45;Toledo;45023 Burguillos de Toledo;Hombres;1999;462
45;Toledo;45023 Burguillos de Toledo;Hombres;1998;429
45;Toledo;45023 Burguillos de Toledo;Hombres;1997;
45;Toledo;45023 Burguillos de Toledo;Hombres;1996;394
45;Toledo;45023 Burguillos de Toledo;Mujeres;2023;1744
45;Toledo;45023 Burguillos de Toledo;Mujeres;2022;1662
45;Toledo;45023 Burguillos de Toledo;Mujeres;2021;1632
45;Toledo;45023 Burguillos de Toledo;Mujeres;2020;1589
45;Toledo;45023 Burguillos de Toledo;Mujeres;2019;1536
45;Toledo;45023 Burguillos de Toledo;Mujeres;2018;1543
45;Toledo;45023 Burguillos de Toledo;Mujeres;2017;1545
45;Toledo;45023 Burguillos de Toledo;Mujeres;2016;1512
45;Toledo;45023 Burguillos de Toledo;Mujeres;2015;1496
45;Toledo;45023 Burguillos de Toledo;Mujeres;2014;1471
45;Toledo;45023 Burguillos de Toledo;Mujeres;2013;1452
45;Toledo;45023 Burguillos de Toledo;Mujeres;2012;1354
45;Toledo;45023 Burguillos de Toledo;Mujeres;2011;1336
45;Toledo;45023 Burguillos de Toledo;Mujeres;2010;1296
45;Toledo;45023 Burguillos de Toledo;Mujeres;2009;1222
45;Toledo;45023 Burguillos de Toledo;Mujeres;2008;1184
45;Toledo;45023 Burguillos de Toledo;Mujeres;2007;1070
45;Toledo;45023 Burguillos de Toledo;Mujeres;2006;965
45;Toledo;45023 Burguillos de Toledo;Mujeres;2005;815
45;Toledo;45023 Burguillos de Toledo;Mujeres;2004;729
45;Toledo;45023 Burguillos de Toledo;Mujeres;2003;633
45;Toledo;45023 Burguillos de Toledo;Mujeres;2002;535
45;Toledo;45023 Burguillos de Toledo;Mujeres;2001;505
45;Toledo;45023 Burguillos de Toledo;Mujeres;2000;473
45;Toledo;45023 Burguillos de Toledo;Mujeres;1999;447
45;Toledo;45023 Burguillos de Toledo;Mujeres;1998;419
45;Toledo;45023 Burguillos de Toledo;Mujeres;1997;
45;Toledo;45023 Burguillos de Toledo;Mujeres;1996;394
45;Toledo;45024 Burujón;Total;2023;1300
45;Toledo;45024 Burujón;Total;2022;1304
45;Toledo;45024 Burujón;Total;2021;1316
45;Toledo;45024 Burujón;Total;2020;1307
45;Toledo;45024 Burujón;Total;2019;1319
45;Toledo;45024 Burujón;Total;2018;1308
45;Toledo;45024 Burujón;Total;2017;1324
45;Toledo;45024 Burujón;Total;2016;1379
45;Toledo;45024 Burujón;Total;2015;1399
45;Toledo;45024 Burujón;Total;2014;1435
45;Toledo;45024 Burujón;Total;2013;1422
45;Toledo;45024 Burujón;Total;2012;1446
45;Toledo;45024 Burujón;Total;2011;1463
45;Toledo;45024 Burujón;Total;2010;1422
45;Toledo;45024 Burujón;Total;2009;1455
45;Toledo;45024 Burujón;Total;2008;1411
45;Toledo;45024 Burujón;Total;2007;1381
45;Toledo;45024 Burujón;Total;2006;1376
45;Toledo;45024 Burujón;Total;2005;1372
45;Toledo;45024 Burujón;Total;2004;1393
45;Toledo;45024 Burujón;Total;2003;1326
45;Toledo;45024 Burujón;Total;2002;1302
45;Toledo;45024 Burujón;Total;2001;1292
45;Toledo;45024 Burujón;Total;2000;1290
45;Toledo;45024 Burujón;Total;1999;1280
45;Toledo;45024 Burujón;Total;1998;1268
45;Toledo;45024 Burujón;Total;1997;
45;Toledo;45024 Burujón;Total;1996;1285
45;Toledo;45024 Burujón;Hombres;2023;662
45;Toledo;45024 Burujón;Hombres;2022;666
45;Toledo;45024 Burujón;Hombres;2021;666
45;Toledo;45024 Burujón;Hombres;2020;666
45;Toledo;45024 Burujón;Hombres;2019;670
45;Toledo;45024 Burujón;Hombres;2018;672
45;Toledo;45024 Burujón;Hombres;2017;684
45;Toledo;45024 Burujón;Hombres;2016;725
45;Toledo;45024 Burujón;Hombres;2015;732
45;Toledo;45024 Burujón;Hombres;2014;754
45;Toledo;45024 Burujón;Hombres;2013;757
45;Toledo;45024 Burujón;Hombres;2012;766
45;Toledo;45024 Burujón;Hombres;2011;774
45;Toledo;45024 Burujón;Hombres;2010;743
45;Toledo;45024 Burujón;Hombres;2009;767
45;Toledo;45024 Burujón;Hombres;2008;742
45;Toledo;45024 Burujón;Hombres;2007;730
45;Toledo;45024 Burujón;Hombres;2006;725
45;Toledo;45024 Burujón;Hombres;2005;725
45;Toledo;45024 Burujón;Hombres;2004;727
45;Toledo;45024 Burujón;Hombres;2003;683
45;Toledo;45024 Burujón;Hombres;2002;670
45;Toledo;45024 Burujón;Hombres;2001;666
45;Toledo;45024 Burujón;Hombres;2000;660
45;Toledo;45024 Burujón;Hombres;1999;658
45;Toledo;45024 Burujón;Hombres;1998;654
45;Toledo;45024 Burujón;Hombres;1997;
45;Toledo;45024 Burujón;Hombres;1996;661
45;Toledo;45024 Burujón;Mujeres;2023;638
45;Toledo;45024 Burujón;Mujeres;2022;638
45;Toledo;45024 Burujón;Mujeres;2021;650
45;Toledo;45024 Burujón;Mujeres;2020;641
45;Toledo;45024 Burujón;Mujeres;2019;649
45;Toledo;45024 Burujón;Mujeres;2018;636
45;Toledo;45024 Burujón;Mujeres;2017;640
45;Toledo;45024 Burujón;Mujeres;2016;654
45;Toledo;45024 Burujón;Mujeres;2015;667
45;Toledo;45024 Burujón;Mujeres;2014;681
45;Toledo;45024 Burujón;Mujeres;2013;665
45;Toledo;45024 Burujón;Mujeres;2012;680
45;Toledo;45024 Burujón;Mujeres;2011;689
45;Toledo;45024 Burujón;Mujeres;2010;679
45;Toledo;45024 Burujón;Mujeres;2009;688
45;Toledo;45024 Burujón;Mujeres;2008;669
45;Toledo;45024 Burujón;Mujeres;2007;651
45;Toledo;45024 Burujón;Mujeres;2006;651
45;Toledo;45024 Burujón;Mujeres;2005;647
45;Toledo;45024 Burujón;Mujeres;2004;666
45;Toledo;45024 Burujón;Mujeres;2003;643
45;Toledo;45024 Burujón;Mujeres;2002;632
45;Toledo;45024 Burujón;Mujeres;2001;626
45;Toledo;45024 Burujón;Mujeres;2000;630
45;Toledo;45024 Burujón;Mujeres;1999;622
45;Toledo;45024 Burujón;Mujeres;1998;614
45;Toledo;45024 Burujón;Mujeres;1997;
45;Toledo;45024 Burujón;Mujeres;1996;624
45;Toledo;45025 Cabañas de la Sagra;Total;2023;2107
45;Toledo;45025 Cabañas de la Sagra;Total;2022;2041
45;Toledo;45025 Cabañas de la Sagra;Total;2021;1955
45;Toledo;45025 Cabañas de la Sagra;Total;2020;1857
45;Toledo;45025 Cabañas de la Sagra;Total;2019;1799
45;Toledo;45025 Cabañas de la Sagra;Total;2018;1789
45;Toledo;45025 Cabañas de la Sagra;Total;2017;1777
45;Toledo;45025 Cabañas de la Sagra;Total;2016;1781
45;Toledo;45025 Cabañas de la Sagra;Total;2015;1760
45;Toledo;45025 Cabañas de la Sagra;Total;2014;1825
45;Toledo;45025 Cabañas de la Sagra;Total;2013;1901
45;Toledo;45025 Cabañas de la Sagra;Total;2012;1932
45;Toledo;45025 Cabañas de la Sagra;Total;2011;1968
45;Toledo;45025 Cabañas de la Sagra;Total;2010;1949
45;Toledo;45025 Cabañas de la Sagra;Total;2009;1922
45;Toledo;45025 Cabañas de la Sagra;Total;2008;1802
45;Toledo;45025 Cabañas de la Sagra;Total;2007;1732
45;Toledo;45025 Cabañas de la Sagra;Total;2006;1739
45;Toledo;45025 Cabañas de la Sagra;Total;2005;1729
45;Toledo;45025 Cabañas de la Sagra;Total;2004;1629
45;Toledo;45025 Cabañas de la Sagra;Total;2003;1489
45;Toledo;45025 Cabañas de la Sagra;Total;2002;1345
45;Toledo;45025 Cabañas de la Sagra;Total;2001;1287
45;Toledo;45025 Cabañas de la Sagra;Total;2000;1288
45;Toledo;45025 Cabañas de la Sagra;Total;1999;1249
45;Toledo;45025 Cabañas de la Sagra;Total;1998;1212
45;Toledo;45025 Cabañas de la Sagra;Total;1997;
45;Toledo;45025 Cabañas de la Sagra;Total;1996;1077
45;Toledo;45025 Cabañas de la Sagra;Hombres;2023;1091
45;Toledo;45025 Cabañas de la Sagra;Hombres;2022;1052
45;Toledo;45025 Cabañas de la Sagra;Hombres;2021;1018
45;Toledo;45025 Cabañas de la Sagra;Hombres;2020;963
45;Toledo;45025 Cabañas de la Sagra;Hombres;2019;922
45;Toledo;45025 Cabañas de la Sagra;Hombres;2018;922
45;Toledo;45025 Cabañas de la Sagra;Hombres;2017;913
45;Toledo;45025 Cabañas de la Sagra;Hombres;2016;932
45;Toledo;45025 Cabañas de la Sagra;Hombres;2015;926
45;Toledo;45025 Cabañas de la Sagra;Hombres;2014;958
45;Toledo;45025 Cabañas de la Sagra;Hombres;2013;1005
45;Toledo;45025 Cabañas de la Sagra;Hombres;2012;1031
45;Toledo;45025 Cabañas de la Sagra;Hombres;2011;1046
45;Toledo;45025 Cabañas de la Sagra;Hombres;2010;1040
45;Toledo;45025 Cabañas de la Sagra;Hombres;2009;1024
45;Toledo;45025 Cabañas de la Sagra;Hombres;2008;961
45;Toledo;45025 Cabañas de la Sagra;Hombres;2007;909
45;Toledo;45025 Cabañas de la Sagra;Hombres;2006;903
45;Toledo;45025 Cabañas de la Sagra;Hombres;2005;898
45;Toledo;45025 Cabañas de la Sagra;Hombres;2004;844
45;Toledo;45025 Cabañas de la Sagra;Hombres;2003;774
45;Toledo;45025 Cabañas de la Sagra;Hombres;2002;702
45;Toledo;45025 Cabañas de la Sagra;Hombres;2001;658
45;Toledo;45025 Cabañas de la Sagra;Hombres;2000;659
45;Toledo;45025 Cabañas de la Sagra;Hombres;1999;644
45;Toledo;45025 Cabañas de la Sagra;Hombres;1998;625
45;Toledo;45025 Cabañas de la Sagra;Hombres;1997;
45;Toledo;45025 Cabañas de la Sagra;Hombres;1996;551
45;Toledo;45025 Cabañas de la Sagra;Mujeres;2023;1016
45;Toledo;45025 Cabañas de la Sagra;Mujeres;2022;989
45;Toledo;45025 Cabañas de la Sagra;Mujeres;2021;937
45;Toledo;45025 Cabañas de la Sagra;Mujeres;2020;894
45;Toledo;45025 Cabañas de la Sagra;Mujeres;2019;877
45;Toledo;45025 Cabañas de la Sagra;Mujeres;2018;867
45;Toledo;45025 Cabañas de la Sagra;Mujeres;2017;864
45;Toledo;45025 Cabañas de la Sagra;Mujeres;2016;849
45;Toledo;45025 Cabañas de la Sagra;Mujeres;2015;834
45;Toledo;45025 Cabañas de la Sagra;Mujeres;2014;867
45;Toledo;45025 Cabañas de la Sagra;Mujeres;2013;896
45;Toledo;45025 Cabañas de la Sagra;Mujeres;2012;901
45;Toledo;45025 Cabañas de la Sagra;Mujeres;2011;922
45;Toledo;45025 Cabañas de la Sagra;Mujeres;2010;909
45;Toledo;45025 Cabañas de la Sagra;Mujeres;2009;898
45;Toledo;45025 Cabañas de la Sagra;Mujeres;2008;841
45;Toledo;45025 Cabañas de la Sagra;Mujeres;2007;823
45;Toledo;45025 Cabañas de la Sagra;Mujeres;2006;836
45;Toledo;45025 Cabañas de la Sagra;Mujeres;2005;831
45;Toledo;45025 Cabañas de la Sagra;Mujeres;2004;785
45;Toledo;45025 Cabañas de la Sagra;Mujeres;2003;715
45;Toledo;45025 Cabañas de la Sagra;Mujeres;2002;643
45;Toledo;45025 Cabañas de la Sagra;Mujeres;2001;629
45;Toledo;45025 Cabañas de la Sagra;Mujeres;2000;629
45;Toledo;45025 Cabañas de la Sagra;Mujeres;1999;605
45;Toledo;45025 Cabañas de la Sagra;Mujeres;1998;587
45;Toledo;45025 Cabañas de la Sagra;Mujeres;1997;
45;Toledo;45025 Cabañas de la Sagra;Mujeres;1996;526
45;Toledo;45026 Cabañas de Yepes;Total;2023;295
45;Toledo;45026 Cabañas de Yepes;Total;2022;304
45;Toledo;45026 Cabañas de Yepes;Total;2021;301
45;Toledo;45026 Cabañas de Yepes;Total;2020;260
45;Toledo;45026 Cabañas de Yepes;Total;2019;257
45;Toledo;45026 Cabañas de Yepes;Total;2018;240
45;Toledo;45026 Cabañas de Yepes;Total;2017;237
45;Toledo;45026 Cabañas de Yepes;Total;2016;251
45;Toledo;45026 Cabañas de Yepes;Total;2015;272
45;Toledo;45026 Cabañas de Yepes;Total;2014;278
45;Toledo;45026 Cabañas de Yepes;Total;2013;295
45;Toledo;45026 Cabañas de Yepes;Total;2012;305
45;Toledo;45026 Cabañas de Yepes;Total;2011;331
45;Toledo;45026 Cabañas de Yepes;Total;2010;300
45;Toledo;45026 Cabañas de Yepes;Total;2009;290
45;Toledo;45026 Cabañas de Yepes;Total;2008;270
45;Toledo;45026 Cabañas de Yepes;Total;2007;292
45;Toledo;45026 Cabañas de Yepes;Total;2006;265
45;Toledo;45026 Cabañas de Yepes;Total;2005;274
45;Toledo;45026 Cabañas de Yepes;Total;2004;267
45;Toledo;45026 Cabañas de Yepes;Total;2003;255
45;Toledo;45026 Cabañas de Yepes;Total;2002;258
45;Toledo;45026 Cabañas de Yepes;Total;2001;258
45;Toledo;45026 Cabañas de Yepes;Total;2000;249
45;Toledo;45026 Cabañas de Yepes;Total;1999;253
45;Toledo;45026 Cabañas de Yepes;Total;1998;258
45;Toledo;45026 Cabañas de Yepes;Total;1997;
45;Toledo;45026 Cabañas de Yepes;Total;1996;264
45;Toledo;45026 Cabañas de Yepes;Hombres;2023;155
45;Toledo;45026 Cabañas de Yepes;Hombres;2022;157
45;Toledo;45026 Cabañas de Yepes;Hombres;2021;156
45;Toledo;45026 Cabañas de Yepes;Hombres;2020;136
45;Toledo;45026 Cabañas de Yepes;Hombres;2019;135
45;Toledo;45026 Cabañas de Yepes;Hombres;2018;124
45;Toledo;45026 Cabañas de Yepes;Hombres;2017;126
45;Toledo;45026 Cabañas de Yepes;Hombres;2016;130
45;Toledo;45026 Cabañas de Yepes;Hombres;2015;142
45;Toledo;45026 Cabañas de Yepes;Hombres;2014;142
45;Toledo;45026 Cabañas de Yepes;Hombres;2013;154
45;Toledo;45026 Cabañas de Yepes;Hombres;2012;160
45;Toledo;45026 Cabañas de Yepes;Hombres;2011;173
45;Toledo;45026 Cabañas de Yepes;Hombres;2010;156
45;Toledo;45026 Cabañas de Yepes;Hombres;2009;152
45;Toledo;45026 Cabañas de Yepes;Hombres;2008;139
45;Toledo;45026 Cabañas de Yepes;Hombres;2007;147
45;Toledo;45026 Cabañas de Yepes;Hombres;2006;134
45;Toledo;45026 Cabañas de Yepes;Hombres;2005;138
45;Toledo;45026 Cabañas de Yepes;Hombres;2004;137
45;Toledo;45026 Cabañas de Yepes;Hombres;2003;129
45;Toledo;45026 Cabañas de Yepes;Hombres;2002;131
45;Toledo;45026 Cabañas de Yepes;Hombres;2001;131
45;Toledo;45026 Cabañas de Yepes;Hombres;2000;129
45;Toledo;45026 Cabañas de Yepes;Hombres;1999;132
45;Toledo;45026 Cabañas de Yepes;Hombres;1998;133
45;Toledo;45026 Cabañas de Yepes;Hombres;1997;
45;Toledo;45026 Cabañas de Yepes;Hombres;1996;137
45;Toledo;45026 Cabañas de Yepes;Mujeres;2023;140
45;Toledo;45026 Cabañas de Yepes;Mujeres;2022;147
45;Toledo;45026 Cabañas de Yepes;Mujeres;2021;145
45;Toledo;45026 Cabañas de Yepes;Mujeres;2020;124
45;Toledo;45026 Cabañas de Yepes;Mujeres;2019;122
45;Toledo;45026 Cabañas de Yepes;Mujeres;2018;116
45;Toledo;45026 Cabañas de Yepes;Mujeres;2017;111
45;Toledo;45026 Cabañas de Yepes;Mujeres;2016;121
45;Toledo;45026 Cabañas de Yepes;Mujeres;2015;130
45;Toledo;45026 Cabañas de Yepes;Mujeres;2014;136
45;Toledo;45026 Cabañas de Yepes;Mujeres;2013;141
45;Toledo;45026 Cabañas de Yepes;Mujeres;2012;145
45;Toledo;45026 Cabañas de Yepes;Mujeres;2011;158
45;Toledo;45026 Cabañas de Yepes;Mujeres;2010;144
45;Toledo;45026 Cabañas de Yepes;Mujeres;2009;138
45;Toledo;45026 Cabañas de Yepes;Mujeres;2008;131
45;Toledo;45026 Cabañas de Yepes;Mujeres;2007;145
45;Toledo;45026 Cabañas de Yepes;Mujeres;2006;131
45;Toledo;45026 Cabañas de Yepes;Mujeres;2005;136
45;Toledo;45026 Cabañas de Yepes;Mujeres;2004;130
45;Toledo;45026 Cabañas de Yepes;Mujeres;2003;126
45;Toledo;45026 Cabañas de Yepes;Mujeres;2002;127
45;Toledo;45026 Cabañas de Yepes;Mujeres;2001;127
45;Toledo;45026 Cabañas de Yepes;Mujeres;2000;120
45;Toledo;45026 Cabañas de Yepes;Mujeres;1999;121
45;Toledo;45026 Cabañas de Yepes;Mujeres;1998;125
45;Toledo;45026 Cabañas de Yepes;Mujeres;1997;
45;Toledo;45026 Cabañas de Yepes;Mujeres;1996;127
45;Toledo;45027 Cabezamesada;Total;2023;356
45;Toledo;45027 Cabezamesada;Total;2022;319
45;Toledo;45027 Cabezamesada;Total;2021;330
45;Toledo;45027 Cabezamesada;Total;2020;343
45;Toledo;45027 Cabezamesada;Total;2019;346
45;Toledo;45027 Cabezamesada;Total;2018;347
45;Toledo;45027 Cabezamesada;Total;2017;360
45;Toledo;45027 Cabezamesada;Total;2016;385
45;Toledo;45027 Cabezamesada;Total;2015;433
45;Toledo;45027 Cabezamesada;Total;2014;403
45;Toledo;45027 Cabezamesada;Total;2013;454
45;Toledo;45027 Cabezamesada;Total;2012;490
45;Toledo;45027 Cabezamesada;Total;2011;546
45;Toledo;45027 Cabezamesada;Total;2010;493
45;Toledo;45027 Cabezamesada;Total;2009;494
45;Toledo;45027 Cabezamesada;Total;2008;484
45;Toledo;45027 Cabezamesada;Total;2007;469
45;Toledo;45027 Cabezamesada;Total;2006;469
45;Toledo;45027 Cabezamesada;Total;2005;494
45;Toledo;45027 Cabezamesada;Total;2004;489
45;Toledo;45027 Cabezamesada;Total;2003;476
45;Toledo;45027 Cabezamesada;Total;2002;478
45;Toledo;45027 Cabezamesada;Total;2001;494
45;Toledo;45027 Cabezamesada;Total;2000;482
45;Toledo;45027 Cabezamesada;Total;1999;491
45;Toledo;45027 Cabezamesada;Total;1998;503
45;Toledo;45027 Cabezamesada;Total;1997;
45;Toledo;45027 Cabezamesada;Total;1996;527
45;Toledo;45027 Cabezamesada;Hombres;2023;196
45;Toledo;45027 Cabezamesada;Hombres;2022;174
45;Toledo;45027 Cabezamesada;Hombres;2021;185
45;Toledo;45027 Cabezamesada;Hombres;2020;189
45;Toledo;45027 Cabezamesada;Hombres;2019;189
45;Toledo;45027 Cabezamesada;Hombres;2018;187
45;Toledo;45027 Cabezamesada;Hombres;2017;193
45;Toledo;45027 Cabezamesada;Hombres;2016;209
45;Toledo;45027 Cabezamesada;Hombres;2015;234
45;Toledo;45027 Cabezamesada;Hombres;2014;224
45;Toledo;45027 Cabezamesada;Hombres;2013;255
45;Toledo;45027 Cabezamesada;Hombres;2012;268
45;Toledo;45027 Cabezamesada;Hombres;2011;298
45;Toledo;45027 Cabezamesada;Hombres;2010;269
45;Toledo;45027 Cabezamesada;Hombres;2009;272
45;Toledo;45027 Cabezamesada;Hombres;2008;261
45;Toledo;45027 Cabezamesada;Hombres;2007;244
45;Toledo;45027 Cabezamesada;Hombres;2006;243
45;Toledo;45027 Cabezamesada;Hombres;2005;260
45;Toledo;45027 Cabezamesada;Hombres;2004;254
45;Toledo;45027 Cabezamesada;Hombres;2003;254
45;Toledo;45027 Cabezamesada;Hombres;2002;254
45;Toledo;45027 Cabezamesada;Hombres;2001;258
45;Toledo;45027 Cabezamesada;Hombres;2000;249
45;Toledo;45027 Cabezamesada;Hombres;1999;254
45;Toledo;45027 Cabezamesada;Hombres;1998;259
45;Toledo;45027 Cabezamesada;Hombres;1997;
45;Toledo;45027 Cabezamesada;Hombres;1996;271
45;Toledo;45027 Cabezamesada;Mujeres;2023;160
45;Toledo;45027 Cabezamesada;Mujeres;2022;145
45;Toledo;45027 Cabezamesada;Mujeres;2021;145
45;Toledo;45027 Cabezamesada;Mujeres;2020;154
45;Toledo;45027 Cabezamesada;Mujeres;2019;157
45;Toledo;45027 Cabezamesada;Mujeres;2018;160
45;Toledo;45027 Cabezamesada;Mujeres;2017;167
45;Toledo;45027 Cabezamesada;Mujeres;2016;176
45;Toledo;45027 Cabezamesada;Mujeres;2015;199
45;Toledo;45027 Cabezamesada;Mujeres;2014;179
45;Toledo;45027 Cabezamesada;Mujeres;2013;199
45;Toledo;45027 Cabezamesada;Mujeres;2012;222
45;Toledo;45027 Cabezamesada;Mujeres;2011;248
45;Toledo;45027 Cabezamesada;Mujeres;2010;224
45;Toledo;45027 Cabezamesada;Mujeres;2009;222
45;Toledo;45027 Cabezamesada;Mujeres;2008;223
45;Toledo;45027 Cabezamesada;Mujeres;2007;225
45;Toledo;45027 Cabezamesada;Mujeres;2006;226
45;Toledo;45027 Cabezamesada;Mujeres;2005;234
45;Toledo;45027 Cabezamesada;Mujeres;2004;235
45;Toledo;45027 Cabezamesada;Mujeres;2003;222
45;Toledo;45027 Cabezamesada;Mujeres;2002;224
45;Toledo;45027 Cabezamesada;Mujeres;2001;236
45;Toledo;45027 Cabezamesada;Mujeres;2000;233
45;Toledo;45027 Cabezamesada;Mujeres;1999;237
45;Toledo;45027 Cabezamesada;Mujeres;1998;244
45;Toledo;45027 Cabezamesada;Mujeres;1997;
45;Toledo;45027 Cabezamesada;Mujeres;1996;256
45;Toledo;45028 Calera y Chozas;Total;2023;4754
45;Toledo;45028 Calera y Chozas;Total;2022;4716
45;Toledo;45028 Calera y Chozas;Total;2021;4641
45;Toledo;45028 Calera y Chozas;Total;2020;4608
45;Toledo;45028 Calera y Chozas;Total;2019;4646
45;Toledo;45028 Calera y Chozas;Total;2018;4640
45;Toledo;45028 Calera y Chozas;Total;2017;4631
45;Toledo;45028 Calera y Chozas;Total;2016;4633
45;Toledo;45028 Calera y Chozas;Total;2015;4691
45;Toledo;45028 Calera y Chozas;Total;2014;4740
45;Toledo;45028 Calera y Chozas;Total;2013;4731
45;Toledo;45028 Calera y Chozas;Total;2012;4738
45;Toledo;45028 Calera y Chozas;Total;2011;4690
45;Toledo;45028 Calera y Chozas;Total;2010;4595
45;Toledo;45028 Calera y Chozas;Total;2009;4552
45;Toledo;45028 Calera y Chozas;Total;2008;4452
45;Toledo;45028 Calera y Chozas;Total;2007;4303
45;Toledo;45028 Calera y Chozas;Total;2006;4157
45;Toledo;45028 Calera y Chozas;Total;2005;4071
45;Toledo;45028 Calera y Chozas;Total;2004;3989
45;Toledo;45028 Calera y Chozas;Total;2003;3817
45;Toledo;45028 Calera y Chozas;Total;2002;3774
45;Toledo;45028 Calera y Chozas;Total;2001;3709
45;Toledo;45028 Calera y Chozas;Total;2000;3734
45;Toledo;45028 Calera y Chozas;Total;1999;3767
45;Toledo;45028 Calera y Chozas;Total;1998;3767
45;Toledo;45028 Calera y Chozas;Total;1997;
45;Toledo;45028 Calera y Chozas;Total;1996;3750
45;Toledo;45028 Calera y Chozas;Hombres;2023;2399
45;Toledo;45028 Calera y Chozas;Hombres;2022;2392
45;Toledo;45028 Calera y Chozas;Hombres;2021;2347
45;Toledo;45028 Calera y Chozas;Hombres;2020;2324
45;Toledo;45028 Calera y Chozas;Hombres;2019;2341
45;Toledo;45028 Calera y Chozas;Hombres;2018;2351
45;Toledo;45028 Calera y Chozas;Hombres;2017;2354
45;Toledo;45028 Calera y Chozas;Hombres;2016;2362
45;Toledo;45028 Calera y Chozas;Hombres;2015;2384
45;Toledo;45028 Calera y Chozas;Hombres;2014;2405
45;Toledo;45028 Calera y Chozas;Hombres;2013;2415
45;Toledo;45028 Calera y Chozas;Hombres;2012;2419
45;Toledo;45028 Calera y Chozas;Hombres;2011;2400
45;Toledo;45028 Calera y Chozas;Hombres;2010;2360
45;Toledo;45028 Calera y Chozas;Hombres;2009;2335
45;Toledo;45028 Calera y Chozas;Hombres;2008;2283
45;Toledo;45028 Calera y Chozas;Hombres;2007;2204
45;Toledo;45028 Calera y Chozas;Hombres;2006;2113
45;Toledo;45028 Calera y Chozas;Hombres;2005;2075
45;Toledo;45028 Calera y Chozas;Hombres;2004;2023
45;Toledo;45028 Calera y Chozas;Hombres;2003;1939
45;Toledo;45028 Calera y Chozas;Hombres;2002;1904
45;Toledo;45028 Calera y Chozas;Hombres;2001;1869
45;Toledo;45028 Calera y Chozas;Hombres;2000;1881
45;Toledo;45028 Calera y Chozas;Hombres;1999;1892
45;Toledo;45028 Calera y Chozas;Hombres;1998;1892
45;Toledo;45028 Calera y Chozas;Hombres;1997;
45;Toledo;45028 Calera y Chozas;Hombres;1996;1892
45;Toledo;45028 Calera y Chozas;Mujeres;2023;2355
45;Toledo;45028 Calera y Chozas;Mujeres;2022;2324
45;Toledo;45028 Calera y Chozas;Mujeres;2021;2294
45;Toledo;45028 Calera y Chozas;Mujeres;2020;2284
45;Toledo;45028 Calera y Chozas;Mujeres;2019;2305
45;Toledo;45028 Calera y Chozas;Mujeres;2018;2289
45;Toledo;45028 Calera y Chozas;Mujeres;2017;2277
45;Toledo;45028 Calera y Chozas;Mujeres;2016;2271
45;Toledo;45028 Calera y Chozas;Mujeres;2015;2307
45;Toledo;45028 Calera y Chozas;Mujeres;2014;2335
45;Toledo;45028 Calera y Chozas;Mujeres;2013;2316
45;Toledo;45028 Calera y Chozas;Mujeres;2012;2319
45;Toledo;45028 Calera y Chozas;Mujeres;2011;2290
45;Toledo;45028 Calera y Chozas;Mujeres;2010;2235
45;Toledo;45028 Calera y Chozas;Mujeres;2009;2217
45;Toledo;45028 Calera y Chozas;Mujeres;2008;2169
45;Toledo;45028 Calera y Chozas;Mujeres;2007;2099
45;Toledo;45028 Calera y Chozas;Mujeres;2006;2044
45;Toledo;45028 Calera y Chozas;Mujeres;2005;1996
45;Toledo;45028 Calera y Chozas;Mujeres;2004;1966
45;Toledo;45028 Calera y Chozas;Mujeres;2003;1878
45;Toledo;45028 Calera y Chozas;Mujeres;2002;1870
45;Toledo;45028 Calera y Chozas;Mujeres;2001;1840
45;Toledo;45028 Calera y Chozas;Mujeres;2000;1853
45;Toledo;45028 Calera y Chozas;Mujeres;1999;1875
45;Toledo;45028 Calera y Chozas;Mujeres;1998;1875
45;Toledo;45028 Calera y Chozas;Mujeres;1997;
45;Toledo;45028 Calera y Chozas;Mujeres;1996;1858
45;Toledo;45029 Caleruela;Total;2023;202
45;Toledo;45029 Caleruela;Total;2022;202
45;Toledo;45029 Caleruela;Total;2021;214
45;Toledo;45029 Caleruela;Total;2020;209
45;Toledo;45029 Caleruela;Total;2019;208
45;Toledo;45029 Caleruela;Total;2018;210
45;Toledo;45029 Caleruela;Total;2017;223
45;Toledo;45029 Caleruela;Total;2016;225
45;Toledo;45029 Caleruela;Total;2015;234
45;Toledo;45029 Caleruela;Total;2014;235
45;Toledo;45029 Caleruela;Total;2013;252
45;Toledo;45029 Caleruela;Total;2012;261
45;Toledo;45029 Caleruela;Total;2011;283
45;Toledo;45029 Caleruela;Total;2010;274
45;Toledo;45029 Caleruela;Total;2009;284
45;Toledo;45029 Caleruela;Total;2008;283
45;Toledo;45029 Caleruela;Total;2007;284
45;Toledo;45029 Caleruela;Total;2006;295
45;Toledo;45029 Caleruela;Total;2005;296
45;Toledo;45029 Caleruela;Total;2004;296
45;Toledo;45029 Caleruela;Total;2003;296
45;Toledo;45029 Caleruela;Total;2002;288
45;Toledo;45029 Caleruela;Total;2001;296
45;Toledo;45029 Caleruela;Total;2000;304
45;Toledo;45029 Caleruela;Total;1999;309
45;Toledo;45029 Caleruela;Total;1998;321
45;Toledo;45029 Caleruela;Total;1997;
45;Toledo;45029 Caleruela;Total;1996;326
45;Toledo;45029 Caleruela;Hombres;2023;102
45;Toledo;45029 Caleruela;Hombres;2022;100
45;Toledo;45029 Caleruela;Hombres;2021;106
45;Toledo;45029 Caleruela;Hombres;2020;102
45;Toledo;45029 Caleruela;Hombres;2019;100
45;Toledo;45029 Caleruela;Hombres;2018;103
45;Toledo;45029 Caleruela;Hombres;2017;111
45;Toledo;45029 Caleruela;Hombres;2016;114
45;Toledo;45029 Caleruela;Hombres;2015;124
45;Toledo;45029 Caleruela;Hombres;2014;126
45;Toledo;45029 Caleruela;Hombres;2013;136
45;Toledo;45029 Caleruela;Hombres;2012;139
45;Toledo;45029 Caleruela;Hombres;2011;150
45;Toledo;45029 Caleruela;Hombres;2010;148
45;Toledo;45029 Caleruela;Hombres;2009;151
45;Toledo;45029 Caleruela;Hombres;2008;149
45;Toledo;45029 Caleruela;Hombres;2007;144
45;Toledo;45029 Caleruela;Hombres;2006;148
45;Toledo;45029 Caleruela;Hombres;2005;149
45;Toledo;45029 Caleruela;Hombres;2004;144
45;Toledo;45029 Caleruela;Hombres;2003;145
45;Toledo;45029 Caleruela;Hombres;2002;145
45;Toledo;45029 Caleruela;Hombres;2001;147
45;Toledo;45029 Caleruela;Hombres;2000;152
45;Toledo;45029 Caleruela;Hombres;1999;157
45;Toledo;45029 Caleruela;Hombres;1998;166
45;Toledo;45029 Caleruela;Hombres;1997;
45;Toledo;45029 Caleruela;Hombres;1996;163
45;Toledo;45029 Caleruela;Mujeres;2023;100
45;Toledo;45029 Caleruela;Mujeres;2022;102
45;Toledo;45029 Caleruela;Mujeres;2021;108
45;Toledo;45029 Caleruela;Mujeres;2020;107
45;Toledo;45029 Caleruela;Mujeres;2019;108
45;Toledo;45029 Caleruela;Mujeres;2018;107
45;Toledo;45029 Caleruela;Mujeres;2017;112
45;Toledo;45029 Caleruela;Mujeres;2016;111
45;Toledo;45029 Caleruela;Mujeres;2015;110
45;Toledo;45029 Caleruela;Mujeres;2014;109
45;Toledo;45029 Caleruela;Mujeres;2013;116
45;Toledo;45029 Caleruela;Mujeres;2012;122
45;Toledo;45029 Caleruela;Mujeres;2011;133
45;Toledo;45029 Caleruela;Mujeres;2010;126
45;Toledo;45029 Caleruela;Mujeres;2009;133
45;Toledo;45029 Caleruela;Mujeres;2008;134
45;Toledo;45029 Caleruela;Mujeres;2007;140
45;Toledo;45029 Caleruela;Mujeres;2006;147
45;Toledo;45029 Caleruela;Mujeres;2005;147
45;Toledo;45029 Caleruela;Mujeres;2004;152
45;Toledo;45029 Caleruela;Mujeres;2003;151
45;Toledo;45029 Caleruela;Mujeres;2002;143
45;Toledo;45029 Caleruela;Mujeres;2001;149
45;Toledo;45029 Caleruela;Mujeres;2000;152
45;Toledo;45029 Caleruela;Mujeres;1999;152
45;Toledo;45029 Caleruela;Mujeres;1998;155
45;Toledo;45029 Caleruela;Mujeres;1997;
45;Toledo;45029 Caleruela;Mujeres;1996;163
45;Toledo;45030 Calzada de Oropesa;Total;2023;498
45;Toledo;45030 Calzada de Oropesa;Total;2022;510
45;Toledo;45030 Calzada de Oropesa;Total;2021;513
45;Toledo;45030 Calzada de Oropesa;Total;2020;523
45;Toledo;45030 Calzada de Oropesa;Total;2019;529
45;Toledo;45030 Calzada de Oropesa;Total;2018;539
45;Toledo;45030 Calzada de Oropesa;Total;2017;534
45;Toledo;45030 Calzada de Oropesa;Total;2016;541
45;Toledo;45030 Calzada de Oropesa;Total;2015;564
45;Toledo;45030 Calzada de Oropesa;Total;2014;556
45;Toledo;45030 Calzada de Oropesa;Total;2013;561
45;Toledo;45030 Calzada de Oropesa;Total;2012;563
45;Toledo;45030 Calzada de Oropesa;Total;2011;570
45;Toledo;45030 Calzada de Oropesa;Total;2010;580
45;Toledo;45030 Calzada de Oropesa;Total;2009;572
45;Toledo;45030 Calzada de Oropesa;Total;2008;578
45;Toledo;45030 Calzada de Oropesa;Total;2007;580
45;Toledo;45030 Calzada de Oropesa;Total;2006;574
45;Toledo;45030 Calzada de Oropesa;Total;2005;585
45;Toledo;45030 Calzada de Oropesa;Total;2004;586
45;Toledo;45030 Calzada de Oropesa;Total;2003;576
45;Toledo;45030 Calzada de Oropesa;Total;2002;591
45;Toledo;45030 Calzada de Oropesa;Total;2001;592
45;Toledo;45030 Calzada de Oropesa;Total;2000;599
45;Toledo;45030 Calzada de Oropesa;Total;1999;595
45;Toledo;45030 Calzada de Oropesa;Total;1998;621
45;Toledo;45030 Calzada de Oropesa;Total;1997;
45;Toledo;45030 Calzada de Oropesa;Total;1996;629
45;Toledo;45030 Calzada de Oropesa;Hombres;2023;274
45;Toledo;45030 Calzada de Oropesa;Hombres;2022;280
45;Toledo;45030 Calzada de Oropesa;Hombres;2021;284
45;Toledo;45030 Calzada de Oropesa;Hombres;2020;285
45;Toledo;45030 Calzada de Oropesa;Hombres;2019;291
45;Toledo;45030 Calzada de Oropesa;Hombres;2018;300
45;Toledo;45030 Calzada de Oropesa;Hombres;2017;295
45;Toledo;45030 Calzada de Oropesa;Hombres;2016;296
45;Toledo;45030 Calzada de Oropesa;Hombres;2015;302
45;Toledo;45030 Calzada de Oropesa;Hombres;2014;297
45;Toledo;45030 Calzada de Oropesa;Hombres;2013;297
45;Toledo;45030 Calzada de Oropesa;Hombres;2012;302
45;Toledo;45030 Calzada de Oropesa;Hombres;2011;303
45;Toledo;45030 Calzada de Oropesa;Hombres;2010;312
45;Toledo;45030 Calzada de Oropesa;Hombres;2009;311
45;Toledo;45030 Calzada de Oropesa;Hombres;2008;308
45;Toledo;45030 Calzada de Oropesa;Hombres;2007;304
45;Toledo;45030 Calzada de Oropesa;Hombres;2006;295
45;Toledo;45030 Calzada de Oropesa;Hombres;2005;298
45;Toledo;45030 Calzada de Oropesa;Hombres;2004;294
45;Toledo;45030 Calzada de Oropesa;Hombres;2003;292
45;Toledo;45030 Calzada de Oropesa;Hombres;2002;299
45;Toledo;45030 Calzada de Oropesa;Hombres;2001;299
45;Toledo;45030 Calzada de Oropesa;Hombres;2000;301
45;Toledo;45030 Calzada de Oropesa;Hombres;1999;297
45;Toledo;45030 Calzada de Oropesa;Hombres;1998;309
45;Toledo;45030 Calzada de Oropesa;Hombres;1997;
45;Toledo;45030 Calzada de Oropesa;Hombres;1996;310
45;Toledo;45030 Calzada de Oropesa;Mujeres;2023;224
45;Toledo;45030 Calzada de Oropesa;Mujeres;2022;230
45;Toledo;45030 Calzada de Oropesa;Mujeres;2021;229
45;Toledo;45030 Calzada de Oropesa;Mujeres;2020;238
45;Toledo;45030 Calzada de Oropesa;Mujeres;2019;238
45;Toledo;45030 Calzada de Oropesa;Mujeres;2018;239
45;Toledo;45030 Calzada de Oropesa;Mujeres;2017;239
45;Toledo;45030 Calzada de Oropesa;Mujeres;2016;245
45;Toledo;45030 Calzada de Oropesa;Mujeres;2015;262
45;Toledo;45030 Calzada de Oropesa;Mujeres;2014;259
45;Toledo;45030 Calzada de Oropesa;Mujeres;2013;264
45;Toledo;45030 Calzada de Oropesa;Mujeres;2012;261
45;Toledo;45030 Calzada de Oropesa;Mujeres;2011;267
45;Toledo;45030 Calzada de Oropesa;Mujeres;2010;268
45;Toledo;45030 Calzada de Oropesa;Mujeres;2009;261
45;Toledo;45030 Calzada de Oropesa;Mujeres;2008;270
45;Toledo;45030 Calzada de Oropesa;Mujeres;2007;276
45;Toledo;45030 Calzada de Oropesa;Mujeres;2006;279
45;Toledo;45030 Calzada de Oropesa;Mujeres;2005;287
45;Toledo;45030 Calzada de Oropesa;Mujeres;2004;292
45;Toledo;45030 Calzada de Oropesa;Mujeres;2003;284
45;Toledo;45030 Calzada de Oropesa;Mujeres;2002;292
45;Toledo;45030 Calzada de Oropesa;Mujeres;2001;293
45;Toledo;45030 Calzada de Oropesa;Mujeres;2000;298
45;Toledo;45030 Calzada de Oropesa;Mujeres;1999;298
45;Toledo;45030 Calzada de Oropesa;Mujeres;1998;312
45;Toledo;45030 Calzada de Oropesa;Mujeres;1997;
45;Toledo;45030 Calzada de Oropesa;Mujeres;1996;319
45;Toledo;45031 Camarena;Total;2023;4439
45;Toledo;45031 Camarena;Total;2022;4283
45;Toledo;45031 Camarena;Total;2021;4243
45;Toledo;45031 Camarena;Total;2020;4082
45;Toledo;45031 Camarena;Total;2019;3960
45;Toledo;45031 Camarena;Total;2018;3745
45;Toledo;45031 Camarena;Total;2017;3734
45;Toledo;45031 Camarena;Total;2016;3723
45;Toledo;45031 Camarena;Total;2015;3776
45;Toledo;45031 Camarena;Total;2014;3788
45;Toledo;45031 Camarena;Total;2013;3878
45;Toledo;45031 Camarena;Total;2012;3862
45;Toledo;45031 Camarena;Total;2011;3793
45;Toledo;45031 Camarena;Total;2010;3704
45;Toledo;45031 Camarena;Total;2009;3520
45;Toledo;45031 Camarena;Total;2008;3291
45;Toledo;45031 Camarena;Total;2007;2993
45;Toledo;45031 Camarena;Total;2006;2838
45;Toledo;45031 Camarena;Total;2005;2726
45;Toledo;45031 Camarena;Total;2004;2645
45;Toledo;45031 Camarena;Total;2003;2586
45;Toledo;45031 Camarena;Total;2002;2452
45;Toledo;45031 Camarena;Total;2001;2364
45;Toledo;45031 Camarena;Total;2000;2235
45;Toledo;45031 Camarena;Total;1999;2215
45;Toledo;45031 Camarena;Total;1998;2215
45;Toledo;45031 Camarena;Total;1997;
45;Toledo;45031 Camarena;Total;1996;2143
45;Toledo;45031 Camarena;Hombres;2023;2305
45;Toledo;45031 Camarena;Hombres;2022;2212
45;Toledo;45031 Camarena;Hombres;2021;2215
45;Toledo;45031 Camarena;Hombres;2020;2129
45;Toledo;45031 Camarena;Hombres;2019;2058
45;Toledo;45031 Camarena;Hombres;2018;1950
45;Toledo;45031 Camarena;Hombres;2017;1933
45;Toledo;45031 Camarena;Hombres;2016;1931
45;Toledo;45031 Camarena;Hombres;2015;1972
45;Toledo;45031 Camarena;Hombres;2014;1984
45;Toledo;45031 Camarena;Hombres;2013;2047
45;Toledo;45031 Camarena;Hombres;2012;2044
45;Toledo;45031 Camarena;Hombres;2011;1997
45;Toledo;45031 Camarena;Hombres;2010;1930
45;Toledo;45031 Camarena;Hombres;2009;1833
45;Toledo;45031 Camarena;Hombres;2008;1708
45;Toledo;45031 Camarena;Hombres;2007;1544
45;Toledo;45031 Camarena;Hombres;2006;1473
45;Toledo;45031 Camarena;Hombres;2005;1414
45;Toledo;45031 Camarena;Hombres;2004;1361
45;Toledo;45031 Camarena;Hombres;2003;1333
45;Toledo;45031 Camarena;Hombres;2002;1259
45;Toledo;45031 Camarena;Hombres;2001;1222
45;Toledo;45031 Camarena;Hombres;2000;1146
45;Toledo;45031 Camarena;Hombres;1999;1121
45;Toledo;45031 Camarena;Hombres;1998;1121
45;Toledo;45031 Camarena;Hombres;1997;
45;Toledo;45031 Camarena;Hombres;1996;1091
45;Toledo;45031 Camarena;Mujeres;2023;2134
45;Toledo;45031 Camarena;Mujeres;2022;2071
45;Toledo;45031 Camarena;Mujeres;2021;2028
45;Toledo;45031 Camarena;Mujeres;2020;1953
45;Toledo;45031 Camarena;Mujeres;2019;1902
45;Toledo;45031 Camarena;Mujeres;2018;1795
45;Toledo;45031 Camarena;Mujeres;2017;1801
45;Toledo;45031 Camarena;Mujeres;2016;1792
45;Toledo;45031 Camarena;Mujeres;2015;1804
45;Toledo;45031 Camarena;Mujeres;2014;1804
45;Toledo;45031 Camarena;Mujeres;2013;1831
45;Toledo;45031 Camarena;Mujeres;2012;1818
45;Toledo;45031 Camarena;Mujeres;2011;1796
45;Toledo;45031 Camarena;Mujeres;2010;1774
45;Toledo;45031 Camarena;Mujeres;2009;1687
45;Toledo;45031 Camarena;Mujeres;2008;1583
45;Toledo;45031 Camarena;Mujeres;2007;1449
45;Toledo;45031 Camarena;Mujeres;2006;1365
45;Toledo;45031 Camarena;Mujeres;2005;1312
45;Toledo;45031 Camarena;Mujeres;2004;1284
45;Toledo;45031 Camarena;Mujeres;2003;1253
45;Toledo;45031 Camarena;Mujeres;2002;1193
45;Toledo;45031 Camarena;Mujeres;2001;1142
45;Toledo;45031 Camarena;Mujeres;2000;1089
45;Toledo;45031 Camarena;Mujeres;1999;1094
45;Toledo;45031 Camarena;Mujeres;1998;1094
45;Toledo;45031 Camarena;Mujeres;1997;
45;Toledo;45031 Camarena;Mujeres;1996;1052
45;Toledo;45032 Camarenilla;Total;2023;629
45;Toledo;45032 Camarenilla;Total;2022;610
45;Toledo;45032 Camarenilla;Total;2021;588
45;Toledo;45032 Camarenilla;Total;2020;577
45;Toledo;45032 Camarenilla;Total;2019;565
45;Toledo;45032 Camarenilla;Total;2018;556
45;Toledo;45032 Camarenilla;Total;2017;556
45;Toledo;45032 Camarenilla;Total;2016;565
45;Toledo;45032 Camarenilla;Total;2015;553
45;Toledo;45032 Camarenilla;Total;2014;553
45;Toledo;45032 Camarenilla;Total;2013;601
45;Toledo;45032 Camarenilla;Total;2012;605
45;Toledo;45032 Camarenilla;Total;2011;632
45;Toledo;45032 Camarenilla;Total;2010;628
45;Toledo;45032 Camarenilla;Total;2009;613
45;Toledo;45032 Camarenilla;Total;2008;630
45;Toledo;45032 Camarenilla;Total;2007;596
45;Toledo;45032 Camarenilla;Total;2006;563
45;Toledo;45032 Camarenilla;Total;2005;544
45;Toledo;45032 Camarenilla;Total;2004;516
45;Toledo;45032 Camarenilla;Total;2003;521
45;Toledo;45032 Camarenilla;Total;2002;518
45;Toledo;45032 Camarenilla;Total;2001;533
45;Toledo;45032 Camarenilla;Total;2000;512
45;Toledo;45032 Camarenilla;Total;1999;516
45;Toledo;45032 Camarenilla;Total;1998;525
45;Toledo;45032 Camarenilla;Total;1997;
45;Toledo;45032 Camarenilla;Total;1996;549
45;Toledo;45032 Camarenilla;Hombres;2023;318
45;Toledo;45032 Camarenilla;Hombres;2022;308
45;Toledo;45032 Camarenilla;Hombres;2021;300
45;Toledo;45032 Camarenilla;Hombres;2020;292
45;Toledo;45032 Camarenilla;Hombres;2019;283
45;Toledo;45032 Camarenilla;Hombres;2018;282
45;Toledo;45032 Camarenilla;Hombres;2017;284
45;Toledo;45032 Camarenilla;Hombres;2016;291
45;Toledo;45032 Camarenilla;Hombres;2015;283
45;Toledo;45032 Camarenilla;Hombres;2014;283
45;Toledo;45032 Camarenilla;Hombres;2013;313
45;Toledo;45032 Camarenilla;Hombres;2012;321
45;Toledo;45032 Camarenilla;Hombres;2011;336
45;Toledo;45032 Camarenilla;Hombres;2010;340
45;Toledo;45032 Camarenilla;Hombres;2009;330
45;Toledo;45032 Camarenilla;Hombres;2008;343
45;Toledo;45032 Camarenilla;Hombres;2007;306
45;Toledo;45032 Camarenilla;Hombres;2006;296
45;Toledo;45032 Camarenilla;Hombres;2005;282
45;Toledo;45032 Camarenilla;Hombres;2004;266
45;Toledo;45032 Camarenilla;Hombres;2003;262
45;Toledo;45032 Camarenilla;Hombres;2002;254
45;Toledo;45032 Camarenilla;Hombres;2001;261
45;Toledo;45032 Camarenilla;Hombres;2000;256
45;Toledo;45032 Camarenilla;Hombres;1999;258
45;Toledo;45032 Camarenilla;Hombres;1998;263
45;Toledo;45032 Camarenilla;Hombres;1997;
45;Toledo;45032 Camarenilla;Hombres;1996;272
45;Toledo;45032 Camarenilla;Mujeres;2023;311
45;Toledo;45032 Camarenilla;Mujeres;2022;302
45;Toledo;45032 Camarenilla;Mujeres;2021;288
45;Toledo;45032 Camarenilla;Mujeres;2020;285
45;Toledo;45032 Camarenilla;Mujeres;2019;282
45;Toledo;45032 Camarenilla;Mujeres;2018;274
45;Toledo;45032 Camarenilla;Mujeres;2017;272
45;Toledo;45032 Camarenilla;Mujeres;2016;274
45;Toledo;45032 Camarenilla;Mujeres;2015;270
45;Toledo;45032 Camarenilla;Mujeres;2014;270
45;Toledo;45032 Camarenilla;Mujeres;2013;288
45;Toledo;45032 Camarenilla;Mujeres;2012;284
45;Toledo;45032 Camarenilla;Mujeres;2011;296
45;Toledo;45032 Camarenilla;Mujeres;2010;288
45;Toledo;45032 Camarenilla;Mujeres;2009;283
45;Toledo;45032 Camarenilla;Mujeres;2008;287
45;Toledo;45032 Camarenilla;Mujeres;2007;290
45;Toledo;45032 Camarenilla;Mujeres;2006;267
45;Toledo;45032 Camarenilla;Mujeres;2005;262
45;Toledo;45032 Camarenilla;Mujeres;2004;250
45;Toledo;45032 Camarenilla;Mujeres;2003;259
45;Toledo;45032 Camarenilla;Mujeres;2002;264
45;Toledo;45032 Camarenilla;Mujeres;2001;272
45;Toledo;45032 Camarenilla;Mujeres;2000;256
45;Toledo;45032 Camarenilla;Mujeres;1999;258
45;Toledo;45032 Camarenilla;Mujeres;1998;262
45;Toledo;45032 Camarenilla;Mujeres;1997;
45;Toledo;45032 Camarenilla;Mujeres;1996;277
45;Toledo;45033 Campillo de la Jara, El;Total;2023;330
45;Toledo;45033 Campillo de la Jara, El;Total;2022;336
45;Toledo;45033 Campillo de la Jara, El;Total;2021;356
45;Toledo;45033 Campillo de la Jara, El;Total;2020;342
45;Toledo;45033 Campillo de la Jara, El;Total;2019;344
45;Toledo;45033 Campillo de la Jara, El;Total;2018;364
45;Toledo;45033 Campillo de la Jara, El;Total;2017;373
45;Toledo;45033 Campillo de la Jara, El;Total;2016;390
45;Toledo;45033 Campillo de la Jara, El;Total;2015;405
45;Toledo;45033 Campillo de la Jara, El;Total;2014;410
45;Toledo;45033 Campillo de la Jara, El;Total;2013;431
45;Toledo;45033 Campillo de la Jara, El;Total;2012;446
45;Toledo;45033 Campillo de la Jara, El;Total;2011;465
45;Toledo;45033 Campillo de la Jara, El;Total;2010;422
45;Toledo;45033 Campillo de la Jara, El;Total;2009;433
45;Toledo;45033 Campillo de la Jara, El;Total;2008;430
45;Toledo;45033 Campillo de la Jara, El;Total;2007;430
45;Toledo;45033 Campillo de la Jara, El;Total;2006;434
45;Toledo;45033 Campillo de la Jara, El;Total;2005;435
45;Toledo;45033 Campillo de la Jara, El;Total;2004;465
45;Toledo;45033 Campillo de la Jara, El;Total;2003;486
45;Toledo;45033 Campillo de la Jara, El;Total;2002;498
45;Toledo;45033 Campillo de la Jara, El;Total;2001;502
45;Toledo;45033 Campillo de la Jara, El;Total;2000;520
45;Toledo;45033 Campillo de la Jara, El;Total;1999;534
45;Toledo;45033 Campillo de la Jara, El;Total;1998;545
45;Toledo;45033 Campillo de la Jara, El;Total;1997;
45;Toledo;45033 Campillo de la Jara, El;Total;1996;572
45;Toledo;45033 Campillo de la Jara, El;Hombres;2023;176
45;Toledo;45033 Campillo de la Jara, El;Hombres;2022;183
45;Toledo;45033 Campillo de la Jara, El;Hombres;2021;188
45;Toledo;45033 Campillo de la Jara, El;Hombres;2020;182
45;Toledo;45033 Campillo de la Jara, El;Hombres;2019;180
45;Toledo;45033 Campillo de la Jara, El;Hombres;2018;190
45;Toledo;45033 Campillo de la Jara, El;Hombres;2017;198
45;Toledo;45033 Campillo de la Jara, El;Hombres;2016;206
45;Toledo;45033 Campillo de la Jara, El;Hombres;2015;208
45;Toledo;45033 Campillo de la Jara, El;Hombres;2014;211
45;Toledo;45033 Campillo de la Jara, El;Hombres;2013;222
45;Toledo;45033 Campillo de la Jara, El;Hombres;2012;235
45;Toledo;45033 Campillo de la Jara, El;Hombres;2011;247
45;Toledo;45033 Campillo de la Jara, El;Hombres;2010;225
45;Toledo;45033 Campillo de la Jara, El;Hombres;2009;231
45;Toledo;45033 Campillo de la Jara, El;Hombres;2008;228
45;Toledo;45033 Campillo de la Jara, El;Hombres;2007;229
45;Toledo;45033 Campillo de la Jara, El;Hombres;2006;232
45;Toledo;45033 Campillo de la Jara, El;Hombres;2005;228
45;Toledo;45033 Campillo de la Jara, El;Hombres;2004;243
45;Toledo;45033 Campillo de la Jara, El;Hombres;2003;255
45;Toledo;45033 Campillo de la Jara, El;Hombres;2002;259
45;Toledo;45033 Campillo de la Jara, El;Hombres;2001;263
45;Toledo;45033 Campillo de la Jara, El;Hombres;2000;274
45;Toledo;45033 Campillo de la Jara, El;Hombres;1999;282
45;Toledo;45033 Campillo de la Jara, El;Hombres;1998;292
45;Toledo;45033 Campillo de la Jara, El;Hombres;1997;
45;Toledo;45033 Campillo de la Jara, El;Hombres;1996;308
45;Toledo;45033 Campillo de la Jara, El;Mujeres;2023;154
45;Toledo;45033 Campillo de la Jara, El;Mujeres;2022;153
45;Toledo;45033 Campillo de la Jara, El;Mujeres;2021;168
45;Toledo;45033 Campillo de la Jara, El;Mujeres;2020;160
45;Toledo;45033 Campillo de la Jara, El;Mujeres;2019;164
45;Toledo;45033 Campillo de la Jara, El;Mujeres;2018;174
45;Toledo;45033 Campillo de la Jara, El;Mujeres;2017;175
45;Toledo;45033 Campillo de la Jara, El;Mujeres;2016;184
45;Toledo;45033 Campillo de la Jara, El;Mujeres;2015;197
45;Toledo;45033 Campillo de la Jara, El;Mujeres;2014;199
45;Toledo;45033 Campillo de la Jara, El;Mujeres;2013;209
45;Toledo;45033 Campillo de la Jara, El;Mujeres;2012;211
45;Toledo;45033 Campillo de la Jara, El;Mujeres;2011;218
45;Toledo;45033 Campillo de la Jara, El;Mujeres;2010;197
45;Toledo;45033 Campillo de la Jara, El;Mujeres;2009;202
45;Toledo;45033 Campillo de la Jara, El;Mujeres;2008;202
45;Toledo;45033 Campillo de la Jara, El;Mujeres;2007;201
45;Toledo;45033 Campillo de la Jara, El;Mujeres;2006;202
45;Toledo;45033 Campillo de la Jara, El;Mujeres;2005;207
45;Toledo;45033 Campillo de la Jara, El;Mujeres;2004;222
45;Toledo;45033 Campillo de la Jara, El;Mujeres;2003;231
45;Toledo;45033 Campillo de la Jara, El;Mujeres;2002;239
45;Toledo;45033 Campillo de la Jara, El;Mujeres;2001;239
45;Toledo;45033 Campillo de la Jara, El;Mujeres;2000;246
45;Toledo;45033 Campillo de la Jara, El;Mujeres;1999;252
45;Toledo;45033 Campillo de la Jara, El;Mujeres;1998;253
45;Toledo;45033 Campillo de la Jara, El;Mujeres;1997;
45;Toledo;45033 Campillo de la Jara, El;Mujeres;1996;264
45;Toledo;45034 Camuñas;Total;2023;1765
45;Toledo;45034 Camuñas;Total;2022;1742
45;Toledo;45034 Camuñas;Total;2021;1726
45;Toledo;45034 Camuñas;Total;2020;1752
45;Toledo;45034 Camuñas;Total;2019;1726
45;Toledo;45034 Camuñas;Total;2018;1740
45;Toledo;45034 Camuñas;Total;2017;1779
45;Toledo;45034 Camuñas;Total;2016;1812
45;Toledo;45034 Camuñas;Total;2015;1824
45;Toledo;45034 Camuñas;Total;2014;1841
45;Toledo;45034 Camuñas;Total;2013;1864
45;Toledo;45034 Camuñas;Total;2012;1886
45;Toledo;45034 Camuñas;Total;2011;1915
45;Toledo;45034 Camuñas;Total;2010;1917
45;Toledo;45034 Camuñas;Total;2009;1948
45;Toledo;45034 Camuñas;Total;2008;1910
45;Toledo;45034 Camuñas;Total;2007;1839
45;Toledo;45034 Camuñas;Total;2006;1856
45;Toledo;45034 Camuñas;Total;2005;1805
45;Toledo;45034 Camuñas;Total;2004;1788
45;Toledo;45034 Camuñas;Total;2003;1759
45;Toledo;45034 Camuñas;Total;2002;1746
45;Toledo;45034 Camuñas;Total;2001;1731
45;Toledo;45034 Camuñas;Total;2000;1697
45;Toledo;45034 Camuñas;Total;1999;1735
45;Toledo;45034 Camuñas;Total;1998;1745
45;Toledo;45034 Camuñas;Total;1997;
45;Toledo;45034 Camuñas;Total;1996;1772
45;Toledo;45034 Camuñas;Hombres;2023;923
45;Toledo;45034 Camuñas;Hombres;2022;903
45;Toledo;45034 Camuñas;Hombres;2021;894
45;Toledo;45034 Camuñas;Hombres;2020;905
45;Toledo;45034 Camuñas;Hombres;2019;887
45;Toledo;45034 Camuñas;Hombres;2018;893
45;Toledo;45034 Camuñas;Hombres;2017;919
45;Toledo;45034 Camuñas;Hombres;2016;927
45;Toledo;45034 Camuñas;Hombres;2015;937
45;Toledo;45034 Camuñas;Hombres;2014;941
45;Toledo;45034 Camuñas;Hombres;2013;954
45;Toledo;45034 Camuñas;Hombres;2012;960
45;Toledo;45034 Camuñas;Hombres;2011;971
45;Toledo;45034 Camuñas;Hombres;2010;986
45;Toledo;45034 Camuñas;Hombres;2009;1012
45;Toledo;45034 Camuñas;Hombres;2008;990
45;Toledo;45034 Camuñas;Hombres;2007;931
45;Toledo;45034 Camuñas;Hombres;2006;942
45;Toledo;45034 Camuñas;Hombres;2005;911
45;Toledo;45034 Camuñas;Hombres;2004;905
45;Toledo;45034 Camuñas;Hombres;2003;902
45;Toledo;45034 Camuñas;Hombres;2002;896
45;Toledo;45034 Camuñas;Hombres;2001;891
45;Toledo;45034 Camuñas;Hombres;2000;862
45;Toledo;45034 Camuñas;Hombres;1999;870
45;Toledo;45034 Camuñas;Hombres;1998;882
45;Toledo;45034 Camuñas;Hombres;1997;
45;Toledo;45034 Camuñas;Hombres;1996;897
45;Toledo;45034 Camuñas;Mujeres;2023;842
45;Toledo;45034 Camuñas;Mujeres;2022;839
45;Toledo;45034 Camuñas;Mujeres;2021;832
45;Toledo;45034 Camuñas;Mujeres;2020;847
45;Toledo;45034 Camuñas;Mujeres;2019;839
45;Toledo;45034 Camuñas;Mujeres;2018;847
45;Toledo;45034 Camuñas;Mujeres;2017;860
45;Toledo;45034 Camuñas;Mujeres;2016;885
45;Toledo;45034 Camuñas;Mujeres;2015;887
45;Toledo;45034 Camuñas;Mujeres;2014;900
45;Toledo;45034 Camuñas;Mujeres;2013;910
45;Toledo;45034 Camuñas;Mujeres;2012;926
45;Toledo;45034 Camuñas;Mujeres;2011;944
45;Toledo;45034 Camuñas;Mujeres;2010;931
45;Toledo;45034 Camuñas;Mujeres;2009;936
45;Toledo;45034 Camuñas;Mujeres;2008;920
45;Toledo;45034 Camuñas;Mujeres;2007;908
45;Toledo;45034 Camuñas;Mujeres;2006;914
45;Toledo;45034 Camuñas;Mujeres;2005;894
45;Toledo;45034 Camuñas;Mujeres;2004;883
45;Toledo;45034 Camuñas;Mujeres;2003;857
45;Toledo;45034 Camuñas;Mujeres;2002;850
45;Toledo;45034 Camuñas;Mujeres;2001;840
45;Toledo;45034 Camuñas;Mujeres;2000;835
45;Toledo;45034 Camuñas;Mujeres;1999;865
45;Toledo;45034 Camuñas;Mujeres;1998;863
45;Toledo;45034 Camuñas;Mujeres;1997;
45;Toledo;45034 Camuñas;Mujeres;1996;875
45;Toledo;45035 Cardiel de los Montes;Total;2023;398
45;Toledo;45035 Cardiel de los Montes;Total;2022;394
45;Toledo;45035 Cardiel de los Montes;Total;2021;380
45;Toledo;45035 Cardiel de los Montes;Total;2020;352
45;Toledo;45035 Cardiel de los Montes;Total;2019;355
45;Toledo;45035 Cardiel de los Montes;Total;2018;342
45;Toledo;45035 Cardiel de los Montes;Total;2017;348
45;Toledo;45035 Cardiel de los Montes;Total;2016;353
45;Toledo;45035 Cardiel de los Montes;Total;2015;372
45;Toledo;45035 Cardiel de los Montes;Total;2014;388
45;Toledo;45035 Cardiel de los Montes;Total;2013;379
45;Toledo;45035 Cardiel de los Montes;Total;2012;390
45;Toledo;45035 Cardiel de los Montes;Total;2011;385
45;Toledo;45035 Cardiel de los Montes;Total;2010;375
45;Toledo;45035 Cardiel de los Montes;Total;2009;365
45;Toledo;45035 Cardiel de los Montes;Total;2008;359
45;Toledo;45035 Cardiel de los Montes;Total;2007;306
45;Toledo;45035 Cardiel de los Montes;Total;2006;256
45;Toledo;45035 Cardiel de los Montes;Total;2005;245
45;Toledo;45035 Cardiel de los Montes;Total;2004;203
45;Toledo;45035 Cardiel de los Montes;Total;2003;167
45;Toledo;45035 Cardiel de los Montes;Total;2002;173
45;Toledo;45035 Cardiel de los Montes;Total;2001;163
45;Toledo;45035 Cardiel de los Montes;Total;2000;158
45;Toledo;45035 Cardiel de los Montes;Total;1999;142
45;Toledo;45035 Cardiel de los Montes;Total;1998;135
45;Toledo;45035 Cardiel de los Montes;Total;1997;
45;Toledo;45035 Cardiel de los Montes;Total;1996;127
45;Toledo;45035 Cardiel de los Montes;Hombres;2023;209
45;Toledo;45035 Cardiel de los Montes;Hombres;2022;217
45;Toledo;45035 Cardiel de los Montes;Hombres;2021;208
45;Toledo;45035 Cardiel de los Montes;Hombres;2020;187
45;Toledo;45035 Cardiel de los Montes;Hombres;2019;194
45;Toledo;45035 Cardiel de los Montes;Hombres;2018;183
45;Toledo;45035 Cardiel de los Montes;Hombres;2017;185
45;Toledo;45035 Cardiel de los Montes;Hombres;2016;186
45;Toledo;45035 Cardiel de los Montes;Hombres;2015;199
45;Toledo;45035 Cardiel de los Montes;Hombres;2014;213
45;Toledo;45035 Cardiel de los Montes;Hombres;2013;209
45;Toledo;45035 Cardiel de los Montes;Hombres;2012;207
45;Toledo;45035 Cardiel de los Montes;Hombres;2011;205
45;Toledo;45035 Cardiel de los Montes;Hombres;2010;199
45;Toledo;45035 Cardiel de los Montes;Hombres;2009;197
45;Toledo;45035 Cardiel de los Montes;Hombres;2008;193
45;Toledo;45035 Cardiel de los Montes;Hombres;2007;165
45;Toledo;45035 Cardiel de los Montes;Hombres;2006;138
45;Toledo;45035 Cardiel de los Montes;Hombres;2005;133
45;Toledo;45035 Cardiel de los Montes;Hombres;2004;114
45;Toledo;45035 Cardiel de los Montes;Hombres;2003;96
45;Toledo;45035 Cardiel de los Montes;Hombres;2002;98
45;Toledo;45035 Cardiel de los Montes;Hombres;2001;92
45;Toledo;45035 Cardiel de los Montes;Hombres;2000;90
45;Toledo;45035 Cardiel de los Montes;Hombres;1999;82
45;Toledo;45035 Cardiel de los Montes;Hombres;1998;74
45;Toledo;45035 Cardiel de los Montes;Hombres;1997;
45;Toledo;45035 Cardiel de los Montes;Hombres;1996;70
45;Toledo;45035 Cardiel de los Montes;Mujeres;2023;189
45;Toledo;45035 Cardiel de los Montes;Mujeres;2022;177
45;Toledo;45035 Cardiel de los Montes;Mujeres;2021;172
45;Toledo;45035 Cardiel de los Montes;Mujeres;2020;165
45;Toledo;45035 Cardiel de los Montes;Mujeres;2019;161
45;Toledo;45035 Cardiel de los Montes;Mujeres;2018;159
45;Toledo;45035 Cardiel de los Montes;Mujeres;2017;163
45;Toledo;45035 Cardiel de los Montes;Mujeres;2016;167
45;Toledo;45035 Cardiel de los Montes;Mujeres;2015;173
45;Toledo;45035 Cardiel de los Montes;Mujeres;2014;175
45;Toledo;45035 Cardiel de los Montes;Mujeres;2013;170
45;Toledo;45035 Cardiel de los Montes;Mujeres;2012;183
45;Toledo;45035 Cardiel de los Montes;Mujeres;2011;180
45;Toledo;45035 Cardiel de los Montes;Mujeres;2010;176
45;Toledo;45035 Cardiel de los Montes;Mujeres;2009;168
45;Toledo;45035 Cardiel de los Montes;Mujeres;2008;166
45;Toledo;45035 Cardiel de los Montes;Mujeres;2007;141
45;Toledo;45035 Cardiel de los Montes;Mujeres;2006;118
45;Toledo;45035 Cardiel de los Montes;Mujeres;2005;112
45;Toledo;45035 Cardiel de los Montes;Mujeres;2004;89
45;Toledo;45035 Cardiel de los Montes;Mujeres;2003;71
45;Toledo;45035 Cardiel de los Montes;Mujeres;2002;75
45;Toledo;45035 Cardiel de los Montes;Mujeres;2001;71
45;Toledo;45035 Cardiel de los Montes;Mujeres;2000;68
45;Toledo;45035 Cardiel de los Montes;Mujeres;1999;60
45;Toledo;45035 Cardiel de los Montes;Mujeres;1998;61
45;Toledo;45035 Cardiel de los Montes;Mujeres;1997;
45;Toledo;45035 Cardiel de los Montes;Mujeres;1996;57
45;Toledo;45036 Carmena;Total;2023;848
45;Toledo;45036 Carmena;Total;2022;777
45;Toledo;45036 Carmena;Total;2021;780
45;Toledo;45036 Carmena;Total;2020;768
45;Toledo;45036 Carmena;Total;2019;743
45;Toledo;45036 Carmena;Total;2018;731
45;Toledo;45036 Carmena;Total;2017;743
45;Toledo;45036 Carmena;Total;2016;771
45;Toledo;45036 Carmena;Total;2015;785
45;Toledo;45036 Carmena;Total;2014;790
45;Toledo;45036 Carmena;Total;2013;798
45;Toledo;45036 Carmena;Total;2012;839
45;Toledo;45036 Carmena;Total;2011;845
45;Toledo;45036 Carmena;Total;2010;864
45;Toledo;45036 Carmena;Total;2009;889
45;Toledo;45036 Carmena;Total;2008;906
45;Toledo;45036 Carmena;Total;2007;915
45;Toledo;45036 Carmena;Total;2006;860
45;Toledo;45036 Carmena;Total;2005;860
45;Toledo;45036 Carmena;Total;2004;847
45;Toledo;45036 Carmena;Total;2003;834
45;Toledo;45036 Carmena;Total;2002;817
45;Toledo;45036 Carmena;Total;2001;817
45;Toledo;45036 Carmena;Total;2000;819
45;Toledo;45036 Carmena;Total;1999;820
45;Toledo;45036 Carmena;Total;1998;820
45;Toledo;45036 Carmena;Total;1997;
45;Toledo;45036 Carmena;Total;1996;805
45;Toledo;45036 Carmena;Hombres;2023;434
45;Toledo;45036 Carmena;Hombres;2022;394
45;Toledo;45036 Carmena;Hombres;2021;389
45;Toledo;45036 Carmena;Hombres;2020;386
45;Toledo;45036 Carmena;Hombres;2019;376
45;Toledo;45036 Carmena;Hombres;2018;373
45;Toledo;45036 Carmena;Hombres;2017;380
45;Toledo;45036 Carmena;Hombres;2016;402
45;Toledo;45036 Carmena;Hombres;2015;403
45;Toledo;45036 Carmena;Hombres;2014;413
45;Toledo;45036 Carmena;Hombres;2013;422
45;Toledo;45036 Carmena;Hombres;2012;448
45;Toledo;45036 Carmena;Hombres;2011;451
45;Toledo;45036 Carmena;Hombres;2010;455
45;Toledo;45036 Carmena;Hombres;2009;470
45;Toledo;45036 Carmena;Hombres;2008;491
45;Toledo;45036 Carmena;Hombres;2007;490
45;Toledo;45036 Carmena;Hombres;2006;459
45;Toledo;45036 Carmena;Hombres;2005;451
45;Toledo;45036 Carmena;Hombres;2004;439
45;Toledo;45036 Carmena;Hombres;2003;432
45;Toledo;45036 Carmena;Hombres;2002;415
45;Toledo;45036 Carmena;Hombres;2001;409
45;Toledo;45036 Carmena;Hombres;2000;412
45;Toledo;45036 Carmena;Hombres;1999;416
45;Toledo;45036 Carmena;Hombres;1998;416
45;Toledo;45036 Carmena;Hombres;1997;
45;Toledo;45036 Carmena;Hombres;1996;415
45;Toledo;45036 Carmena;Mujeres;2023;414
45;Toledo;45036 Carmena;Mujeres;2022;383
45;Toledo;45036 Carmena;Mujeres;2021;391
45;Toledo;45036 Carmena;Mujeres;2020;382
45;Toledo;45036 Carmena;Mujeres;2019;367
45;Toledo;45036 Carmena;Mujeres;2018;358
45;Toledo;45036 Carmena;Mujeres;2017;363
45;Toledo;45036 Carmena;Mujeres;2016;369
45;Toledo;45036 Carmena;Mujeres;2015;382
45;Toledo;45036 Carmena;Mujeres;2014;377
45;Toledo;45036 Carmena;Mujeres;2013;376
45;Toledo;45036 Carmena;Mujeres;2012;391
45;Toledo;45036 Carmena;Mujeres;2011;394
45;Toledo;45036 Carmena;Mujeres;2010;409
45;Toledo;45036 Carmena;Mujeres;2009;419
45;Toledo;45036 Carmena;Mujeres;2008;415
45;Toledo;45036 Carmena;Mujeres;2007;425
45;Toledo;45036 Carmena;Mujeres;2006;401
45;Toledo;45036 Carmena;Mujeres;2005;409
45;Toledo;45036 Carmena;Mujeres;2004;408
45;Toledo;45036 Carmena;Mujeres;2003;402
45;Toledo;45036 Carmena;Mujeres;2002;402
45;Toledo;45036 Carmena;Mujeres;2001;408
45;Toledo;45036 Carmena;Mujeres;2000;407
45;Toledo;45036 Carmena;Mujeres;1999;404
45;Toledo;45036 Carmena;Mujeres;1998;404
45;Toledo;45036 Carmena;Mujeres;1997;
45;Toledo;45036 Carmena;Mujeres;1996;390
45;Toledo;45037 Carpio de Tajo, El;Total;2023;1862
45;Toledo;45037 Carpio de Tajo, El;Total;2022;1826
45;Toledo;45037 Carpio de Tajo, El;Total;2021;1817
45;Toledo;45037 Carpio de Tajo, El;Total;2020;1816
45;Toledo;45037 Carpio de Tajo, El;Total;2019;1838
45;Toledo;45037 Carpio de Tajo, El;Total;2018;1872
45;Toledo;45037 Carpio de Tajo, El;Total;2017;1930
45;Toledo;45037 Carpio de Tajo, El;Total;2016;1963
45;Toledo;45037 Carpio de Tajo, El;Total;2015;2038
45;Toledo;45037 Carpio de Tajo, El;Total;2014;2076
45;Toledo;45037 Carpio de Tajo, El;Total;2013;2117
45;Toledo;45037 Carpio de Tajo, El;Total;2012;2154
45;Toledo;45037 Carpio de Tajo, El;Total;2011;2169
45;Toledo;45037 Carpio de Tajo, El;Total;2010;2184
45;Toledo;45037 Carpio de Tajo, El;Total;2009;2202
45;Toledo;45037 Carpio de Tajo, El;Total;2008;2182
45;Toledo;45037 Carpio de Tajo, El;Total;2007;2169
45;Toledo;45037 Carpio de Tajo, El;Total;2006;2191
45;Toledo;45037 Carpio de Tajo, El;Total;2005;2157
45;Toledo;45037 Carpio de Tajo, El;Total;2004;2181
45;Toledo;45037 Carpio de Tajo, El;Total;2003;2174
45;Toledo;45037 Carpio de Tajo, El;Total;2002;2151
45;Toledo;45037 Carpio de Tajo, El;Total;2001;2200
45;Toledo;45037 Carpio de Tajo, El;Total;2000;2252
45;Toledo;45037 Carpio de Tajo, El;Total;1999;2266
45;Toledo;45037 Carpio de Tajo, El;Total;1998;2320
45;Toledo;45037 Carpio de Tajo, El;Total;1997;
45;Toledo;45037 Carpio de Tajo, El;Total;1996;2332
45;Toledo;45037 Carpio de Tajo, El;Hombres;2023;932
45;Toledo;45037 Carpio de Tajo, El;Hombres;2022;914
45;Toledo;45037 Carpio de Tajo, El;Hombres;2021;913
45;Toledo;45037 Carpio de Tajo, El;Hombres;2020;914
45;Toledo;45037 Carpio de Tajo, El;Hombres;2019;920
45;Toledo;45037 Carpio de Tajo, El;Hombres;2018;944
45;Toledo;45037 Carpio de Tajo, El;Hombres;2017;963
45;Toledo;45037 Carpio de Tajo, El;Hombres;2016;982
45;Toledo;45037 Carpio de Tajo, El;Hombres;2015;1013
45;Toledo;45037 Carpio de Tajo, El;Hombres;2014;1025
45;Toledo;45037 Carpio de Tajo, El;Hombres;2013;1052
45;Toledo;45037 Carpio de Tajo, El;Hombres;2012;1072
45;Toledo;45037 Carpio de Tajo, El;Hombres;2011;1089
45;Toledo;45037 Carpio de Tajo, El;Hombres;2010;1097
45;Toledo;45037 Carpio de Tajo, El;Hombres;2009;1105
45;Toledo;45037 Carpio de Tajo, El;Hombres;2008;1089
45;Toledo;45037 Carpio de Tajo, El;Hombres;2007;1076
45;Toledo;45037 Carpio de Tajo, El;Hombres;2006;1084
45;Toledo;45037 Carpio de Tajo, El;Hombres;2005;1055
45;Toledo;45037 Carpio de Tajo, El;Hombres;2004;1064
45;Toledo;45037 Carpio de Tajo, El;Hombres;2003;1064
45;Toledo;45037 Carpio de Tajo, El;Hombres;2002;1043
45;Toledo;45037 Carpio de Tajo, El;Hombres;2001;1063
45;Toledo;45037 Carpio de Tajo, El;Hombres;2000;1092
45;Toledo;45037 Carpio de Tajo, El;Hombres;1999;1106
45;Toledo;45037 Carpio de Tajo, El;Hombres;1998;1134
45;Toledo;45037 Carpio de Tajo, El;Hombres;1997;
45;Toledo;45037 Carpio de Tajo, El;Hombres;1996;1136
45;Toledo;45037 Carpio de Tajo, El;Mujeres;2023;930
45;Toledo;45037 Carpio de Tajo, El;Mujeres;2022;912
45;Toledo;45037 Carpio de Tajo, El;Mujeres;2021;904
45;Toledo;45037 Carpio de Tajo, El;Mujeres;2020;902
45;Toledo;45037 Carpio de Tajo, El;Mujeres;2019;918
45;Toledo;45037 Carpio de Tajo, El;Mujeres;2018;928
45;Toledo;45037 Carpio de Tajo, El;Mujeres;2017;967
45;Toledo;45037 Carpio de Tajo, El;Mujeres;2016;981
45;Toledo;45037 Carpio de Tajo, El;Mujeres;2015;1025
45;Toledo;45037 Carpio de Tajo, El;Mujeres;2014;1051
45;Toledo;45037 Carpio de Tajo, El;Mujeres;2013;1065
45;Toledo;45037 Carpio de Tajo, El;Mujeres;2012;1082
45;Toledo;45037 Carpio de Tajo, El;Mujeres;2011;1080
45;Toledo;45037 Carpio de Tajo, El;Mujeres;2010;1087
45;Toledo;45037 Carpio de Tajo, El;Mujeres;2009;1097
45;Toledo;45037 Carpio de Tajo, El;Mujeres;2008;1093
45;Toledo;45037 Carpio de Tajo, El;Mujeres;2007;1093
45;Toledo;45037 Carpio de Tajo, El;Mujeres;2006;1107
45;Toledo;45037 Carpio de Tajo, El;Mujeres;2005;1102
45;Toledo;45037 Carpio de Tajo, El;Mujeres;2004;1117
45;Toledo;45037 Carpio de Tajo, El;Mujeres;2003;1110
45;Toledo;45037 Carpio de Tajo, El;Mujeres;2002;1108
45;Toledo;45037 Carpio de Tajo, El;Mujeres;2001;1137
45;Toledo;45037 Carpio de Tajo, El;Mujeres;2000;1160
45;Toledo;45037 Carpio de Tajo, El;Mujeres;1999;1160
45;Toledo;45037 Carpio de Tajo, El;Mujeres;1998;1186
45;Toledo;45037 Carpio de Tajo, El;Mujeres;1997;
45;Toledo;45037 Carpio de Tajo, El;Mujeres;1996;1196
45;Toledo;45038 Carranque;Total;2023;5274
45;Toledo;45038 Carranque;Total;2022;5155
45;Toledo;45038 Carranque;Total;2021;5022
45;Toledo;45038 Carranque;Total;2020;4953
45;Toledo;45038 Carranque;Total;2019;4846
45;Toledo;45038 Carranque;Total;2018;4761
45;Toledo;45038 Carranque;Total;2017;4681
45;Toledo;45038 Carranque;Total;2016;4612
45;Toledo;45038 Carranque;Total;2015;4545
45;Toledo;45038 Carranque;Total;2014;4619
45;Toledo;45038 Carranque;Total;2013;4551
45;Toledo;45038 Carranque;Total;2012;4473
45;Toledo;45038 Carranque;Total;2011;4285
45;Toledo;45038 Carranque;Total;2010;4067
45;Toledo;45038 Carranque;Total;2009;3896
45;Toledo;45038 Carranque;Total;2008;3591
45;Toledo;45038 Carranque;Total;2007;3041
45;Toledo;45038 Carranque;Total;2006;2761
45;Toledo;45038 Carranque;Total;2005;2517
45;Toledo;45038 Carranque;Total;2004;2286
45;Toledo;45038 Carranque;Total;2003;2064
45;Toledo;45038 Carranque;Total;2002;1927
45;Toledo;45038 Carranque;Total;2001;1829
45;Toledo;45038 Carranque;Total;2000;1746
45;Toledo;45038 Carranque;Total;1999;1573
45;Toledo;45038 Carranque;Total;1998;1434
45;Toledo;45038 Carranque;Total;1997;
45;Toledo;45038 Carranque;Total;1996;1469
45;Toledo;45038 Carranque;Hombres;2023;2736
45;Toledo;45038 Carranque;Hombres;2022;2682
45;Toledo;45038 Carranque;Hombres;2021;2630
45;Toledo;45038 Carranque;Hombres;2020;2581
45;Toledo;45038 Carranque;Hombres;2019;2526
45;Toledo;45038 Carranque;Hombres;2018;2469
45;Toledo;45038 Carranque;Hombres;2017;2424
45;Toledo;45038 Carranque;Hombres;2016;2378
45;Toledo;45038 Carranque;Hombres;2015;2357
45;Toledo;45038 Carranque;Hombres;2014;2378
45;Toledo;45038 Carranque;Hombres;2013;2345
45;Toledo;45038 Carranque;Hombres;2012;2306
45;Toledo;45038 Carranque;Hombres;2011;2202
45;Toledo;45038 Carranque;Hombres;2010;2094
45;Toledo;45038 Carranque;Hombres;2009;2004
45;Toledo;45038 Carranque;Hombres;2008;1853
45;Toledo;45038 Carranque;Hombres;2007;1584
45;Toledo;45038 Carranque;Hombres;2006;1433
45;Toledo;45038 Carranque;Hombres;2005;1289
45;Toledo;45038 Carranque;Hombres;2004;1159
45;Toledo;45038 Carranque;Hombres;2003;1043
45;Toledo;45038 Carranque;Hombres;2002;978
45;Toledo;45038 Carranque;Hombres;2001;931
45;Toledo;45038 Carranque;Hombres;2000;887
45;Toledo;45038 Carranque;Hombres;1999;808
45;Toledo;45038 Carranque;Hombres;1998;735
45;Toledo;45038 Carranque;Hombres;1997;
45;Toledo;45038 Carranque;Hombres;1996;754
45;Toledo;45038 Carranque;Mujeres;2023;2538
45;Toledo;45038 Carranque;Mujeres;2022;2473
45;Toledo;45038 Carranque;Mujeres;2021;2392
45;Toledo;45038 Carranque;Mujeres;2020;2372
45;Toledo;45038 Carranque;Mujeres;2019;2320
45;Toledo;45038 Carranque;Mujeres;2018;2292
45;Toledo;45038 Carranque;Mujeres;2017;2257
45;Toledo;45038 Carranque;Mujeres;2016;2234
45;Toledo;45038 Carranque;Mujeres;2015;2188
45;Toledo;45038 Carranque;Mujeres;2014;2241
45;Toledo;45038 Carranque;Mujeres;2013;2206
45;Toledo;45038 Carranque;Mujeres;2012;2167
45;Toledo;45038 Carranque;Mujeres;2011;2083
45;Toledo;45038 Carranque;Mujeres;2010;1973
45;Toledo;45038 Carranque;Mujeres;2009;1892
45;Toledo;45038 Carranque;Mujeres;2008;1738
45;Toledo;45038 Carranque;Mujeres;2007;1457
45;Toledo;45038 Carranque;Mujeres;2006;1328
45;Toledo;45038 Carranque;Mujeres;2005;1228
45;Toledo;45038 Carranque;Mujeres;2004;1127
45;Toledo;45038 Carranque;Mujeres;2003;1021
45;Toledo;45038 Carranque;Mujeres;2002;949
45;Toledo;45038 Carranque;Mujeres;2001;898
45;Toledo;45038 Carranque;Mujeres;2000;859
45;Toledo;45038 Carranque;Mujeres;1999;765
45;Toledo;45038 Carranque;Mujeres;1998;699
45;Toledo;45038 Carranque;Mujeres;1997;
45;Toledo;45038 Carranque;Mujeres;1996;715
45;Toledo;45039 Carriches;Total;2023;270
45;Toledo;45039 Carriches;Total;2022;276
45;Toledo;45039 Carriches;Total;2021;278
45;Toledo;45039 Carriches;Total;2020;260
45;Toledo;45039 Carriches;Total;2019;262
45;Toledo;45039 Carriches;Total;2018;271
45;Toledo;45039 Carriches;Total;2017;266
45;Toledo;45039 Carriches;Total;2016;282
45;Toledo;45039 Carriches;Total;2015;294
45;Toledo;45039 Carriches;Total;2014;304
45;Toledo;45039 Carriches;Total;2013;302
45;Toledo;45039 Carriches;Total;2012;301
45;Toledo;45039 Carriches;Total;2011;315
45;Toledo;45039 Carriches;Total;2010;313
45;Toledo;45039 Carriches;Total;2009;313
45;Toledo;45039 Carriches;Total;2008;313
45;Toledo;45039 Carriches;Total;2007;323
45;Toledo;45039 Carriches;Total;2006;296
45;Toledo;45039 Carriches;Total;2005;296
45;Toledo;45039 Carriches;Total;2004;304
45;Toledo;45039 Carriches;Total;2003;296
45;Toledo;45039 Carriches;Total;2002;285
45;Toledo;45039 Carriches;Total;2001;287
45;Toledo;45039 Carriches;Total;2000;288
45;Toledo;45039 Carriches;Total;1999;288
45;Toledo;45039 Carriches;Total;1998;296
45;Toledo;45039 Carriches;Total;1997;
45;Toledo;45039 Carriches;Total;1996;313
45;Toledo;45039 Carriches;Hombres;2023;133
45;Toledo;45039 Carriches;Hombres;2022;137
45;Toledo;45039 Carriches;Hombres;2021;143
45;Toledo;45039 Carriches;Hombres;2020;135
45;Toledo;45039 Carriches;Hombres;2019;131
45;Toledo;45039 Carriches;Hombres;2018;136
45;Toledo;45039 Carriches;Hombres;2017;137
45;Toledo;45039 Carriches;Hombres;2016;145
45;Toledo;45039 Carriches;Hombres;2015;153
45;Toledo;45039 Carriches;Hombres;2014;161
45;Toledo;45039 Carriches;Hombres;2013;154
45;Toledo;45039 Carriches;Hombres;2012;157
45;Toledo;45039 Carriches;Hombres;2011;161
45;Toledo;45039 Carriches;Hombres;2010;161
45;Toledo;45039 Carriches;Hombres;2009;162
45;Toledo;45039 Carriches;Hombres;2008;166
45;Toledo;45039 Carriches;Hombres;2007;166
45;Toledo;45039 Carriches;Hombres;2006;155
45;Toledo;45039 Carriches;Hombres;2005;150
45;Toledo;45039 Carriches;Hombres;2004;155
45;Toledo;45039 Carriches;Hombres;2003;149
45;Toledo;45039 Carriches;Hombres;2002;145
45;Toledo;45039 Carriches;Hombres;2001;145
45;Toledo;45039 Carriches;Hombres;2000;146
45;Toledo;45039 Carriches;Hombres;1999;143
45;Toledo;45039 Carriches;Hombres;1998;145
45;Toledo;45039 Carriches;Hombres;1997;
45;Toledo;45039 Carriches;Hombres;1996;151
45;Toledo;45039 Carriches;Mujeres;2023;137
45;Toledo;45039 Carriches;Mujeres;2022;139
45;Toledo;45039 Carriches;Mujeres;2021;135
45;Toledo;45039 Carriches;Mujeres;2020;125
45;Toledo;45039 Carriches;Mujeres;2019;131
45;Toledo;45039 Carriches;Mujeres;2018;135
45;Toledo;45039 Carriches;Mujeres;2017;129
45;Toledo;45039 Carriches;Mujeres;2016;137
45;Toledo;45039 Carriches;Mujeres;2015;141
45;Toledo;45039 Carriches;Mujeres;2014;143
45;Toledo;45039 Carriches;Mujeres;2013;148
45;Toledo;45039 Carriches;Mujeres;2012;144
45;Toledo;45039 Carriches;Mujeres;2011;154
45;Toledo;45039 Carriches;Mujeres;2010;152
45;Toledo;45039 Carriches;Mujeres;2009;151
45;Toledo;45039 Carriches;Mujeres;2008;147
45;Toledo;45039 Carriches;Mujeres;2007;157
45;Toledo;45039 Carriches;Mujeres;2006;141
45;Toledo;45039 Carriches;Mujeres;2005;146
45;Toledo;45039 Carriches;Mujeres;2004;149
45;Toledo;45039 Carriches;Mujeres;2003;147
45;Toledo;45039 Carriches;Mujeres;2002;140
45;Toledo;45039 Carriches;Mujeres;2001;142
45;Toledo;45039 Carriches;Mujeres;2000;142
45;Toledo;45039 Carriches;Mujeres;1999;145
45;Toledo;45039 Carriches;Mujeres;1998;151
45;Toledo;45039 Carriches;Mujeres;1997;
45;Toledo;45039 Carriches;Mujeres;1996;162
45;Toledo;45040 Casar de Escalona, El;Total;2023;2011
45;Toledo;45040 Casar de Escalona, El;Total;2022;1891
45;Toledo;45040 Casar de Escalona, El;Total;2021;1791
45;Toledo;45040 Casar de Escalona, El;Total;2020;1718
45;Toledo;45040 Casar de Escalona, El;Total;2019;1725
45;Toledo;45040 Casar de Escalona, El;Total;2018;1743
45;Toledo;45040 Casar de Escalona, El;Total;2017;1841
45;Toledo;45040 Casar de Escalona, El;Total;2016;1933
45;Toledo;45040 Casar de Escalona, El;Total;2015;1986
45;Toledo;45040 Casar de Escalona, El;Total;2014;2037
45;Toledo;45040 Casar de Escalona, El;Total;2013;2063
45;Toledo;45040 Casar de Escalona, El;Total;2012;2175
45;Toledo;45040 Casar de Escalona, El;Total;2011;2288
45;Toledo;45040 Casar de Escalona, El;Total;2010;2225
45;Toledo;45040 Casar de Escalona, El;Total;2009;2179
45;Toledo;45040 Casar de Escalona, El;Total;2008;2145
45;Toledo;45040 Casar de Escalona, El;Total;2007;1857
45;Toledo;45040 Casar de Escalona, El;Total;2006;1589
45;Toledo;45040 Casar de Escalona, El;Total;2005;1386
45;Toledo;45040 Casar de Escalona, El;Total;2004;1217
45;Toledo;45040 Casar de Escalona, El;Total;2003;1051
45;Toledo;45040 Casar de Escalona, El;Total;2002;1019
45;Toledo;45040 Casar de Escalona, El;Total;2001;986
45;Toledo;45040 Casar de Escalona, El;Total;2000;961
45;Toledo;45040 Casar de Escalona, El;Total;1999;921
45;Toledo;45040 Casar de Escalona, El;Total;1998;909
45;Toledo;45040 Casar de Escalona, El;Total;1997;
45;Toledo;45040 Casar de Escalona, El;Total;1996;845
45;Toledo;45040 Casar de Escalona, El;Hombres;2023;1067
45;Toledo;45040 Casar de Escalona, El;Hombres;2022;1015
45;Toledo;45040 Casar de Escalona, El;Hombres;2021;959
45;Toledo;45040 Casar de Escalona, El;Hombres;2020;923
45;Toledo;45040 Casar de Escalona, El;Hombres;2019;931
45;Toledo;45040 Casar de Escalona, El;Hombres;2018;935
45;Toledo;45040 Casar de Escalona, El;Hombres;2017;984
45;Toledo;45040 Casar de Escalona, El;Hombres;2016;1024
45;Toledo;45040 Casar de Escalona, El;Hombres;2015;1059
45;Toledo;45040 Casar de Escalona, El;Hombres;2014;1089
45;Toledo;45040 Casar de Escalona, El;Hombres;2013;1117
45;Toledo;45040 Casar de Escalona, El;Hombres;2012;1170
45;Toledo;45040 Casar de Escalona, El;Hombres;2011;1232
45;Toledo;45040 Casar de Escalona, El;Hombres;2010;1195
45;Toledo;45040 Casar de Escalona, El;Hombres;2009;1195
45;Toledo;45040 Casar de Escalona, El;Hombres;2008;1163
45;Toledo;45040 Casar de Escalona, El;Hombres;2007;982
45;Toledo;45040 Casar de Escalona, El;Hombres;2006;843
45;Toledo;45040 Casar de Escalona, El;Hombres;2005;718
45;Toledo;45040 Casar de Escalona, El;Hombres;2004;618
45;Toledo;45040 Casar de Escalona, El;Hombres;2003;522
45;Toledo;45040 Casar de Escalona, El;Hombres;2002;500
45;Toledo;45040 Casar de Escalona, El;Hombres;2001;483
45;Toledo;45040 Casar de Escalona, El;Hombres;2000;465
45;Toledo;45040 Casar de Escalona, El;Hombres;1999;446
45;Toledo;45040 Casar de Escalona, El;Hombres;1998;447
45;Toledo;45040 Casar de Escalona, El;Hombres;1997;
45;Toledo;45040 Casar de Escalona, El;Hombres;1996;417
45;Toledo;45040 Casar de Escalona, El;Mujeres;2023;944
45;Toledo;45040 Casar de Escalona, El;Mujeres;2022;876
45;Toledo;45040 Casar de Escalona, El;Mujeres;2021;832
45;Toledo;45040 Casar de Escalona, El;Mujeres;2020;795
45;Toledo;45040 Casar de Escalona, El;Mujeres;2019;794
45;Toledo;45040 Casar de Escalona, El;Mujeres;2018;808
45;Toledo;45040 Casar de Escalona, El;Mujeres;2017;857
45;Toledo;45040 Casar de Escalona, El;Mujeres;2016;909
45;Toledo;45040 Casar de Escalona, El;Mujeres;2015;927
45;Toledo;45040 Casar de Escalona, El;Mujeres;2014;948
45;Toledo;45040 Casar de Escalona, El;Mujeres;2013;946
45;Toledo;45040 Casar de Escalona, El;Mujeres;2012;1005
45;Toledo;45040 Casar de Escalona, El;Mujeres;2011;1056
45;Toledo;45040 Casar de Escalona, El;Mujeres;2010;1030
45;Toledo;45040 Casar de Escalona, El;Mujeres;2009;984
45;Toledo;45040 Casar de Escalona, El;Mujeres;2008;982
45;Toledo;45040 Casar de Escalona, El;Mujeres;2007;875
45;Toledo;45040 Casar de Escalona, El;Mujeres;2006;746
45;Toledo;45040 Casar de Escalona, El;Mujeres;2005;668
45;Toledo;45040 Casar de Escalona, El;Mujeres;2004;599
45;Toledo;45040 Casar de Escalona, El;Mujeres;2003;529
45;Toledo;45040 Casar de Escalona, El;Mujeres;2002;519
45;Toledo;45040 Casar de Escalona, El;Mujeres;2001;503
45;Toledo;45040 Casar de Escalona, El;Mujeres;2000;496
45;Toledo;45040 Casar de Escalona, El;Mujeres;1999;475
45;Toledo;45040 Casar de Escalona, El;Mujeres;1998;462
45;Toledo;45040 Casar de Escalona, El;Mujeres;1997;
45;Toledo;45040 Casar de Escalona, El;Mujeres;1996;428
45;Toledo;45041 Casarrubios del Monte;Total;2023;6671
45;Toledo;45041 Casarrubios del Monte;Total;2022;6441
45;Toledo;45041 Casarrubios del Monte;Total;2021;6177
45;Toledo;45041 Casarrubios del Monte;Total;2020;5995
45;Toledo;45041 Casarrubios del Monte;Total;2019;5681
45;Toledo;45041 Casarrubios del Monte;Total;2018;5422
45;Toledo;45041 Casarrubios del Monte;Total;2017;5335
45;Toledo;45041 Casarrubios del Monte;Total;2016;5309
45;Toledo;45041 Casarrubios del Monte;Total;2015;5319
45;Toledo;45041 Casarrubios del Monte;Total;2014;5354
45;Toledo;45041 Casarrubios del Monte;Total;2013;5457
45;Toledo;45041 Casarrubios del Monte;Total;2012;5600
45;Toledo;45041 Casarrubios del Monte;Total;2011;5380
45;Toledo;45041 Casarrubios del Monte;Total;2010;5193
45;Toledo;45041 Casarrubios del Monte;Total;2009;5131
45;Toledo;45041 Casarrubios del Monte;Total;2008;4793
45;Toledo;45041 Casarrubios del Monte;Total;2007;4576
45;Toledo;45041 Casarrubios del Monte;Total;2006;4321
45;Toledo;45041 Casarrubios del Monte;Total;2005;4006
45;Toledo;45041 Casarrubios del Monte;Total;2004;3926
45;Toledo;45041 Casarrubios del Monte;Total;2003;3769
45;Toledo;45041 Casarrubios del Monte;Total;2002;3325
45;Toledo;45041 Casarrubios del Monte;Total;2001;3166
45;Toledo;45041 Casarrubios del Monte;Total;2000;2942
45;Toledo;45041 Casarrubios del Monte;Total;1999;2765
45;Toledo;45041 Casarrubios del Monte;Total;1998;2671
45;Toledo;45041 Casarrubios del Monte;Total;1997;
45;Toledo;45041 Casarrubios del Monte;Total;1996;2506
45;Toledo;45041 Casarrubios del Monte;Hombres;2023;3470
45;Toledo;45041 Casarrubios del Monte;Hombres;2022;3368
45;Toledo;45041 Casarrubios del Monte;Hombres;2021;3233
45;Toledo;45041 Casarrubios del Monte;Hombres;2020;3138
45;Toledo;45041 Casarrubios del Monte;Hombres;2019;2984
45;Toledo;45041 Casarrubios del Monte;Hombres;2018;2853
45;Toledo;45041 Casarrubios del Monte;Hombres;2017;2809
45;Toledo;45041 Casarrubios del Monte;Hombres;2016;2787
45;Toledo;45041 Casarrubios del Monte;Hombres;2015;2806
45;Toledo;45041 Casarrubios del Monte;Hombres;2014;2853
45;Toledo;45041 Casarrubios del Monte;Hombres;2013;2905
45;Toledo;45041 Casarrubios del Monte;Hombres;2012;2978
45;Toledo;45041 Casarrubios del Monte;Hombres;2011;2849
45;Toledo;45041 Casarrubios del Monte;Hombres;2010;2737
45;Toledo;45041 Casarrubios del Monte;Hombres;2009;2723
45;Toledo;45041 Casarrubios del Monte;Hombres;2008;2560
45;Toledo;45041 Casarrubios del Monte;Hombres;2007;2454
45;Toledo;45041 Casarrubios del Monte;Hombres;2006;2315
45;Toledo;45041 Casarrubios del Monte;Hombres;2005;2128
45;Toledo;45041 Casarrubios del Monte;Hombres;2004;2059
45;Toledo;45041 Casarrubios del Monte;Hombres;2003;1987
45;Toledo;45041 Casarrubios del Monte;Hombres;2002;1748
45;Toledo;45041 Casarrubios del Monte;Hombres;2001;1652
45;Toledo;45041 Casarrubios del Monte;Hombres;2000;1517
45;Toledo;45041 Casarrubios del Monte;Hombres;1999;1427
45;Toledo;45041 Casarrubios del Monte;Hombres;1998;1374
45;Toledo;45041 Casarrubios del Monte;Hombres;1997;
45;Toledo;45041 Casarrubios del Monte;Hombres;1996;1289
45;Toledo;45041 Casarrubios del Monte;Mujeres;2023;3201
45;Toledo;45041 Casarrubios del Monte;Mujeres;2022;3073
45;Toledo;45041 Casarrubios del Monte;Mujeres;2021;2944
45;Toledo;45041 Casarrubios del Monte;Mujeres;2020;2857
45;Toledo;45041 Casarrubios del Monte;Mujeres;2019;2697
45;Toledo;45041 Casarrubios del Monte;Mujeres;2018;2569
45;Toledo;45041 Casarrubios del Monte;Mujeres;2017;2526
45;Toledo;45041 Casarrubios del Monte;Mujeres;2016;2522
45;Toledo;45041 Casarrubios del Monte;Mujeres;2015;2513
45;Toledo;45041 Casarrubios del Monte;Mujeres;2014;2501
45;Toledo;45041 Casarrubios del Monte;Mujeres;2013;2552
45;Toledo;45041 Casarrubios del Monte;Mujeres;2012;2622
45;Toledo;45041 Casarrubios del Monte;Mujeres;2011;2531
45;Toledo;45041 Casarrubios del Monte;Mujeres;2010;2456
45;Toledo;45041 Casarrubios del Monte;Mujeres;2009;2408
45;Toledo;45041 Casarrubios del Monte;Mujeres;2008;2233
45;Toledo;45041 Casarrubios del Monte;Mujeres;2007;2122
45;Toledo;45041 Casarrubios del Monte;Mujeres;2006;2006
45;Toledo;45041 Casarrubios del Monte;Mujeres;2005;1878
45;Toledo;45041 Casarrubios del Monte;Mujeres;2004;1867
45;Toledo;45041 Casarrubios del Monte;Mujeres;2003;1782
45;Toledo;45041 Casarrubios del Monte;Mujeres;2002;1577
45;Toledo;45041 Casarrubios del Monte;Mujeres;2001;1514
45;Toledo;45041 Casarrubios del Monte;Mujeres;2000;1425
45;Toledo;45041 Casarrubios del Monte;Mujeres;1999;1338
45;Toledo;45041 Casarrubios del Monte;Mujeres;1998;1297
45;Toledo;45041 Casarrubios del Monte;Mujeres;1997;
45;Toledo;45041 Casarrubios del Monte;Mujeres;1996;1217
45;Toledo;45042 Casasbuenas;Total;2023;178
45;Toledo;45042 Casasbuenas;Total;2022;188
45;Toledo;45042 Casasbuenas;Total;2021;182
45;Toledo;45042 Casasbuenas;Total;2020;187
45;Toledo;45042 Casasbuenas;Total;2019;201
45;Toledo;45042 Casasbuenas;Total;2018;208
45;Toledo;45042 Casasbuenas;Total;2017;201
45;Toledo;45042 Casasbuenas;Total;2016;210
45;Toledo;45042 Casasbuenas;Total;2015;208
45;Toledo;45042 Casasbuenas;Total;2014;209
45;Toledo;45042 Casasbuenas;Total;2013;203
45;Toledo;45042 Casasbuenas;Total;2012;210
45;Toledo;45042 Casasbuenas;Total;2011;206
45;Toledo;45042 Casasbuenas;Total;2010;224
45;Toledo;45042 Casasbuenas;Total;2009;242
45;Toledo;45042 Casasbuenas;Total;2008;241
45;Toledo;45042 Casasbuenas;Total;2007;228
45;Toledo;45042 Casasbuenas;Total;2006;232
45;Toledo;45042 Casasbuenas;Total;2005;223
45;Toledo;45042 Casasbuenas;Total;2004;218
45;Toledo;45042 Casasbuenas;Total;2003;232
45;Toledo;45042 Casasbuenas;Total;2002;235
45;Toledo;45042 Casasbuenas;Total;2001;229
45;Toledo;45042 Casasbuenas;Total;2000;227
45;Toledo;45042 Casasbuenas;Total;1999;230
45;Toledo;45042 Casasbuenas;Total;1998;229
45;Toledo;45042 Casasbuenas;Total;1997;
45;Toledo;45042 Casasbuenas;Total;1996;229
45;Toledo;45042 Casasbuenas;Hombres;2023;95
45;Toledo;45042 Casasbuenas;Hombres;2022;96
45;Toledo;45042 Casasbuenas;Hombres;2021;92
45;Toledo;45042 Casasbuenas;Hombres;2020;93
45;Toledo;45042 Casasbuenas;Hombres;2019;98
45;Toledo;45042 Casasbuenas;Hombres;2018;103
45;Toledo;45042 Casasbuenas;Hombres;2017;99
45;Toledo;45042 Casasbuenas;Hombres;2016;107
45;Toledo;45042 Casasbuenas;Hombres;2015;104
45;Toledo;45042 Casasbuenas;Hombres;2014;103
45;Toledo;45042 Casasbuenas;Hombres;2013;97
45;Toledo;45042 Casasbuenas;Hombres;2012;104
45;Toledo;45042 Casasbuenas;Hombres;2011;101
45;Toledo;45042 Casasbuenas;Hombres;2010;110
45;Toledo;45042 Casasbuenas;Hombres;2009;123
45;Toledo;45042 Casasbuenas;Hombres;2008;122
45;Toledo;45042 Casasbuenas;Hombres;2007;109
45;Toledo;45042 Casasbuenas;Hombres;2006;115
45;Toledo;45042 Casasbuenas;Hombres;2005;111
45;Toledo;45042 Casasbuenas;Hombres;2004;108
45;Toledo;45042 Casasbuenas;Hombres;2003;113
45;Toledo;45042 Casasbuenas;Hombres;2002;116
45;Toledo;45042 Casasbuenas;Hombres;2001;116
45;Toledo;45042 Casasbuenas;Hombres;2000;114
45;Toledo;45042 Casasbuenas;Hombres;1999;115
45;Toledo;45042 Casasbuenas;Hombres;1998;114
45;Toledo;45042 Casasbuenas;Hombres;1997;
45;Toledo;45042 Casasbuenas;Hombres;1996;116
45;Toledo;45042 Casasbuenas;Mujeres;2023;83
45;Toledo;45042 Casasbuenas;Mujeres;2022;92
45;Toledo;45042 Casasbuenas;Mujeres;2021;90
45;Toledo;45042 Casasbuenas;Mujeres;2020;94
45;Toledo;45042 Casasbuenas;Mujeres;2019;103
45;Toledo;45042 Casasbuenas;Mujeres;2018;105
45;Toledo;45042 Casasbuenas;Mujeres;2017;102
45;Toledo;45042 Casasbuenas;Mujeres;2016;103
45;Toledo;45042 Casasbuenas;Mujeres;2015;104
45;Toledo;45042 Casasbuenas;Mujeres;2014;106
45;Toledo;45042 Casasbuenas;Mujeres;2013;106
45;Toledo;45042 Casasbuenas;Mujeres;2012;106
45;Toledo;45042 Casasbuenas;Mujeres;2011;105
45;Toledo;45042 Casasbuenas;Mujeres;2010;114
45;Toledo;45042 Casasbuenas;Mujeres;2009;119
45;Toledo;45042 Casasbuenas;Mujeres;2008;119
45;Toledo;45042 Casasbuenas;Mujeres;2007;119
45;Toledo;45042 Casasbuenas;Mujeres;2006;117
45;Toledo;45042 Casasbuenas;Mujeres;2005;112
45;Toledo;45042 Casasbuenas;Mujeres;2004;110
45;Toledo;45042 Casasbuenas;Mujeres;2003;119
45;Toledo;45042 Casasbuenas;Mujeres;2002;119
45;Toledo;45042 Casasbuenas;Mujeres;2001;113
45;Toledo;45042 Casasbuenas;Mujeres;2000;113
45;Toledo;45042 Casasbuenas;Mujeres;1999;115
45;Toledo;45042 Casasbuenas;Mujeres;1998;115
45;Toledo;45042 Casasbuenas;Mujeres;1997;
45;Toledo;45042 Casasbuenas;Mujeres;1996;113
45;Toledo;45043 Castillo de Bayuela;Total;2023;905
45;Toledo;45043 Castillo de Bayuela;Total;2022;895
45;Toledo;45043 Castillo de Bayuela;Total;2021;918
45;Toledo;45043 Castillo de Bayuela;Total;2020;920
45;Toledo;45043 Castillo de Bayuela;Total;2019;938
45;Toledo;45043 Castillo de Bayuela;Total;2018;917
45;Toledo;45043 Castillo de Bayuela;Total;2017;894
45;Toledo;45043 Castillo de Bayuela;Total;2016;946
45;Toledo;45043 Castillo de Bayuela;Total;2015;978
45;Toledo;45043 Castillo de Bayuela;Total;2014;957
45;Toledo;45043 Castillo de Bayuela;Total;2013;964
45;Toledo;45043 Castillo de Bayuela;Total;2012;1024
45;Toledo;45043 Castillo de Bayuela;Total;2011;1051
45;Toledo;45043 Castillo de Bayuela;Total;2010;1009
45;Toledo;45043 Castillo de Bayuela;Total;2009;1065
45;Toledo;45043 Castillo de Bayuela;Total;2008;1089
45;Toledo;45043 Castillo de Bayuela;Total;2007;1065
45;Toledo;45043 Castillo de Bayuela;Total;2006;1054
45;Toledo;45043 Castillo de Bayuela;Total;2005;1060
45;Toledo;45043 Castillo de Bayuela;Total;2004;1072
45;Toledo;45043 Castillo de Bayuela;Total;2003;1037
45;Toledo;45043 Castillo de Bayuela;Total;2002;1005
45;Toledo;45043 Castillo de Bayuela;Total;2001;1007
45;Toledo;45043 Castillo de Bayuela;Total;2000;1011
45;Toledo;45043 Castillo de Bayuela;Total;1999;1006
45;Toledo;45043 Castillo de Bayuela;Total;1998;1001
45;Toledo;45043 Castillo de Bayuela;Total;1997;
45;Toledo;45043 Castillo de Bayuela;Total;1996;1013
45;Toledo;45043 Castillo de Bayuela;Hombres;2023;456
45;Toledo;45043 Castillo de Bayuela;Hombres;2022;444
45;Toledo;45043 Castillo de Bayuela;Hombres;2021;463
45;Toledo;45043 Castillo de Bayuela;Hombres;2020;453
45;Toledo;45043 Castillo de Bayuela;Hombres;2019;465
45;Toledo;45043 Castillo de Bayuela;Hombres;2018;455
45;Toledo;45043 Castillo de Bayuela;Hombres;2017;452
45;Toledo;45043 Castillo de Bayuela;Hombres;2016;480
45;Toledo;45043 Castillo de Bayuela;Hombres;2015;502
45;Toledo;45043 Castillo de Bayuela;Hombres;2014;492
45;Toledo;45043 Castillo de Bayuela;Hombres;2013;494
45;Toledo;45043 Castillo de Bayuela;Hombres;2012;520
45;Toledo;45043 Castillo de Bayuela;Hombres;2011;531
45;Toledo;45043 Castillo de Bayuela;Hombres;2010;516
45;Toledo;45043 Castillo de Bayuela;Hombres;2009;546
45;Toledo;45043 Castillo de Bayuela;Hombres;2008;570
45;Toledo;45043 Castillo de Bayuela;Hombres;2007;551
45;Toledo;45043 Castillo de Bayuela;Hombres;2006;541
45;Toledo;45043 Castillo de Bayuela;Hombres;2005;543
45;Toledo;45043 Castillo de Bayuela;Hombres;2004;548
45;Toledo;45043 Castillo de Bayuela;Hombres;2003;529
45;Toledo;45043 Castillo de Bayuela;Hombres;2002;502
45;Toledo;45043 Castillo de Bayuela;Hombres;2001;503
45;Toledo;45043 Castillo de Bayuela;Hombres;2000;501
45;Toledo;45043 Castillo de Bayuela;Hombres;1999;499
45;Toledo;45043 Castillo de Bayuela;Hombres;1998;501
45;Toledo;45043 Castillo de Bayuela;Hombres;1997;
45;Toledo;45043 Castillo de Bayuela;Hombres;1996;506
45;Toledo;45043 Castillo de Bayuela;Mujeres;2023;449
45;Toledo;45043 Castillo de Bayuela;Mujeres;2022;451
45;Toledo;45043 Castillo de Bayuela;Mujeres;2021;455
45;Toledo;45043 Castillo de Bayuela;Mujeres;2020;467
45;Toledo;45043 Castillo de Bayuela;Mujeres;2019;473
45;Toledo;45043 Castillo de Bayuela;Mujeres;2018;462
45;Toledo;45043 Castillo de Bayuela;Mujeres;2017;442
45;Toledo;45043 Castillo de Bayuela;Mujeres;2016;466
45;Toledo;45043 Castillo de Bayuela;Mujeres;2015;476
45;Toledo;45043 Castillo de Bayuela;Mujeres;2014;465
45;Toledo;45043 Castillo de Bayuela;Mujeres;2013;470
45;Toledo;45043 Castillo de Bayuela;Mujeres;2012;504
45;Toledo;45043 Castillo de Bayuela;Mujeres;2011;520
45;Toledo;45043 Castillo de Bayuela;Mujeres;2010;493
45;Toledo;45043 Castillo de Bayuela;Mujeres;2009;519
45;Toledo;45043 Castillo de Bayuela;Mujeres;2008;519
45;Toledo;45043 Castillo de Bayuela;Mujeres;2007;514
45;Toledo;45043 Castillo de Bayuela;Mujeres;2006;513
45;Toledo;45043 Castillo de Bayuela;Mujeres;2005;517
45;Toledo;45043 Castillo de Bayuela;Mujeres;2004;524
45;Toledo;45043 Castillo de Bayuela;Mujeres;2003;508
45;Toledo;45043 Castillo de Bayuela;Mujeres;2002;503
45;Toledo;45043 Castillo de Bayuela;Mujeres;2001;504
45;Toledo;45043 Castillo de Bayuela;Mujeres;2000;510
45;Toledo;45043 Castillo de Bayuela;Mujeres;1999;507
45;Toledo;45043 Castillo de Bayuela;Mujeres;1998;500
45;Toledo;45043 Castillo de Bayuela;Mujeres;1997;
45;Toledo;45043 Castillo de Bayuela;Mujeres;1996;507
45;Toledo;45045 Cazalegas;Total;2023;1973
45;Toledo;45045 Cazalegas;Total;2022;1927
45;Toledo;45045 Cazalegas;Total;2021;1854
45;Toledo;45045 Cazalegas;Total;2020;1813
45;Toledo;45045 Cazalegas;Total;2019;1750
45;Toledo;45045 Cazalegas;Total;2018;1725
45;Toledo;45045 Cazalegas;Total;2017;1743
45;Toledo;45045 Cazalegas;Total;2016;1764
45;Toledo;45045 Cazalegas;Total;2015;1730
45;Toledo;45045 Cazalegas;Total;2014;1832
45;Toledo;45045 Cazalegas;Total;2013;1889
45;Toledo;45045 Cazalegas;Total;2012;1852
45;Toledo;45045 Cazalegas;Total;2011;1842
45;Toledo;45045 Cazalegas;Total;2010;1818
45;Toledo;45045 Cazalegas;Total;2009;1759
45;Toledo;45045 Cazalegas;Total;2008;1760
45;Toledo;45045 Cazalegas;Total;2007;1642
45;Toledo;45045 Cazalegas;Total;2006;1561
45;Toledo;45045 Cazalegas;Total;2005;1453
45;Toledo;45045 Cazalegas;Total;2004;1341
45;Toledo;45045 Cazalegas;Total;2003;1204
45;Toledo;45045 Cazalegas;Total;2002;1190
45;Toledo;45045 Cazalegas;Total;2001;1178
45;Toledo;45045 Cazalegas;Total;2000;1166
45;Toledo;45045 Cazalegas;Total;1999;1149
45;Toledo;45045 Cazalegas;Total;1998;1161
45;Toledo;45045 Cazalegas;Total;1997;
45;Toledo;45045 Cazalegas;Total;1996;1177
45;Toledo;45045 Cazalegas;Hombres;2023;1029
45;Toledo;45045 Cazalegas;Hombres;2022;998
45;Toledo;45045 Cazalegas;Hombres;2021;956
45;Toledo;45045 Cazalegas;Hombres;2020;936
45;Toledo;45045 Cazalegas;Hombres;2019;905
45;Toledo;45045 Cazalegas;Hombres;2018;898
45;Toledo;45045 Cazalegas;Hombres;2017;887
45;Toledo;45045 Cazalegas;Hombres;2016;886
45;Toledo;45045 Cazalegas;Hombres;2015;883
45;Toledo;45045 Cazalegas;Hombres;2014;949
45;Toledo;45045 Cazalegas;Hombres;2013;971
45;Toledo;45045 Cazalegas;Hombres;2012;953
45;Toledo;45045 Cazalegas;Hombres;2011;956
45;Toledo;45045 Cazalegas;Hombres;2010;932
45;Toledo;45045 Cazalegas;Hombres;2009;906
45;Toledo;45045 Cazalegas;Hombres;2008;913
45;Toledo;45045 Cazalegas;Hombres;2007;855
45;Toledo;45045 Cazalegas;Hombres;2006;812
45;Toledo;45045 Cazalegas;Hombres;2005;756
45;Toledo;45045 Cazalegas;Hombres;2004;688
45;Toledo;45045 Cazalegas;Hombres;2003;613
45;Toledo;45045 Cazalegas;Hombres;2002;607
45;Toledo;45045 Cazalegas;Hombres;2001;595
45;Toledo;45045 Cazalegas;Hombres;2000;581
45;Toledo;45045 Cazalegas;Hombres;1999;570
45;Toledo;45045 Cazalegas;Hombres;1998;583
45;Toledo;45045 Cazalegas;Hombres;1997;
45;Toledo;45045 Cazalegas;Hombres;1996;581
45;Toledo;45045 Cazalegas;Mujeres;2023;944
45;Toledo;45045 Cazalegas;Mujeres;2022;929
45;Toledo;45045 Cazalegas;Mujeres;2021;898
45;Toledo;45045 Cazalegas;Mujeres;2020;877
45;Toledo;45045 Cazalegas;Mujeres;2019;845
45;Toledo;45045 Cazalegas;Mujeres;2018;827
45;Toledo;45045 Cazalegas;Mujeres;2017;856
45;Toledo;45045 Cazalegas;Mujeres;2016;878
45;Toledo;45045 Cazalegas;Mujeres;2015;847
45;Toledo;45045 Cazalegas;Mujeres;2014;883
45;Toledo;45045 Cazalegas;Mujeres;2013;918
45;Toledo;45045 Cazalegas;Mujeres;2012;899
45;Toledo;45045 Cazalegas;Mujeres;2011;886
45;Toledo;45045 Cazalegas;Mujeres;2010;886
45;Toledo;45045 Cazalegas;Mujeres;2009;853
45;Toledo;45045 Cazalegas;Mujeres;2008;847
45;Toledo;45045 Cazalegas;Mujeres;2007;787
45;Toledo;45045 Cazalegas;Mujeres;2006;749
45;Toledo;45045 Cazalegas;Mujeres;2005;697
45;Toledo;45045 Cazalegas;Mujeres;2004;653
45;Toledo;45045 Cazalegas;Mujeres;2003;591
45;Toledo;45045 Cazalegas;Mujeres;2002;583
45;Toledo;45045 Cazalegas;Mujeres;2001;583
45;Toledo;45045 Cazalegas;Mujeres;2000;585
45;Toledo;45045 Cazalegas;Mujeres;1999;579
45;Toledo;45045 Cazalegas;Mujeres;1998;578
45;Toledo;45045 Cazalegas;Mujeres;1997;
45;Toledo;45045 Cazalegas;Mujeres;1996;596
45;Toledo;45046 Cebolla;Total;2023;3191
45;Toledo;45046 Cebolla;Total;2022;3201
45;Toledo;45046 Cebolla;Total;2021;3204
45;Toledo;45046 Cebolla;Total;2020;3209
45;Toledo;45046 Cebolla;Total;2019;3235
45;Toledo;45046 Cebolla;Total;2018;3263
45;Toledo;45046 Cebolla;Total;2017;3344
45;Toledo;45046 Cebolla;Total;2016;3445
45;Toledo;45046 Cebolla;Total;2015;3527
45;Toledo;45046 Cebolla;Total;2014;3607
45;Toledo;45046 Cebolla;Total;2013;3813
45;Toledo;45046 Cebolla;Total;2012;3862
45;Toledo;45046 Cebolla;Total;2011;3823
45;Toledo;45046 Cebolla;Total;2010;3834
45;Toledo;45046 Cebolla;Total;2009;3768
45;Toledo;45046 Cebolla;Total;2008;3723
45;Toledo;45046 Cebolla;Total;2007;3504
45;Toledo;45046 Cebolla;Total;2006;3336
45;Toledo;45046 Cebolla;Total;2005;3308
45;Toledo;45046 Cebolla;Total;2004;3182
45;Toledo;45046 Cebolla;Total;2003;3077
45;Toledo;45046 Cebolla;Total;2002;2955
45;Toledo;45046 Cebolla;Total;2001;2874
45;Toledo;45046 Cebolla;Total;2000;2809
45;Toledo;45046 Cebolla;Total;1999;2789
45;Toledo;45046 Cebolla;Total;1998;2789
45;Toledo;45046 Cebolla;Total;1997;
45;Toledo;45046 Cebolla;Total;1996;2810
45;Toledo;45046 Cebolla;Hombres;2023;1588
45;Toledo;45046 Cebolla;Hombres;2022;1591
45;Toledo;45046 Cebolla;Hombres;2021;1587
45;Toledo;45046 Cebolla;Hombres;2020;1601
45;Toledo;45046 Cebolla;Hombres;2019;1615
45;Toledo;45046 Cebolla;Hombres;2018;1650
45;Toledo;45046 Cebolla;Hombres;2017;1698
45;Toledo;45046 Cebolla;Hombres;2016;1742
45;Toledo;45046 Cebolla;Hombres;2015;1789
45;Toledo;45046 Cebolla;Hombres;2014;1835
45;Toledo;45046 Cebolla;Hombres;2013;1952
45;Toledo;45046 Cebolla;Hombres;2012;1985
45;Toledo;45046 Cebolla;Hombres;2011;1967
45;Toledo;45046 Cebolla;Hombres;2010;1964
45;Toledo;45046 Cebolla;Hombres;2009;1925
45;Toledo;45046 Cebolla;Hombres;2008;1904
45;Toledo;45046 Cebolla;Hombres;2007;1779
45;Toledo;45046 Cebolla;Hombres;2006;1688
45;Toledo;45046 Cebolla;Hombres;2005;1678
45;Toledo;45046 Cebolla;Hombres;2004;1610
45;Toledo;45046 Cebolla;Hombres;2003;1562
45;Toledo;45046 Cebolla;Hombres;2002;1511
45;Toledo;45046 Cebolla;Hombres;2001;1455
45;Toledo;45046 Cebolla;Hombres;2000;1395
45;Toledo;45046 Cebolla;Hombres;1999;1384
45;Toledo;45046 Cebolla;Hombres;1998;1384
45;Toledo;45046 Cebolla;Hombres;1997;
45;Toledo;45046 Cebolla;Hombres;1996;1397
45;Toledo;45046 Cebolla;Mujeres;2023;1603
45;Toledo;45046 Cebolla;Mujeres;2022;1610
45;Toledo;45046 Cebolla;Mujeres;2021;1617
45;Toledo;45046 Cebolla;Mujeres;2020;1608
45;Toledo;45046 Cebolla;Mujeres;2019;1620
45;Toledo;45046 Cebolla;Mujeres;2018;1613
45;Toledo;45046 Cebolla;Mujeres;2017;1646
45;Toledo;45046 Cebolla;Mujeres;2016;1703
45;Toledo;45046 Cebolla;Mujeres;2015;1738
45;Toledo;45046 Cebolla;Mujeres;2014;1772
45;Toledo;45046 Cebolla;Mujeres;2013;1861
45;Toledo;45046 Cebolla;Mujeres;2012;1877
45;Toledo;45046 Cebolla;Mujeres;2011;1856
45;Toledo;45046 Cebolla;Mujeres;2010;1870
45;Toledo;45046 Cebolla;Mujeres;2009;1843
45;Toledo;45046 Cebolla;Mujeres;2008;1819
45;Toledo;45046 Cebolla;Mujeres;2007;1725
45;Toledo;45046 Cebolla;Mujeres;2006;1648
45;Toledo;45046 Cebolla;Mujeres;2005;1630
45;Toledo;45046 Cebolla;Mujeres;2004;1572
45;Toledo;45046 Cebolla;Mujeres;2003;1515
45;Toledo;45046 Cebolla;Mujeres;2002;1444
45;Toledo;45046 Cebolla;Mujeres;2001;1419
45;Toledo;45046 Cebolla;Mujeres;2000;1414
45;Toledo;45046 Cebolla;Mujeres;1999;1405
45;Toledo;45046 Cebolla;Mujeres;1998;1405
45;Toledo;45046 Cebolla;Mujeres;1997;
45;Toledo;45046 Cebolla;Mujeres;1996;1413
45;Toledo;45047 Cedillo del Condado;Total;2023;4204
45;Toledo;45047 Cedillo del Condado;Total;2022;4101
45;Toledo;45047 Cedillo del Condado;Total;2021;4025
45;Toledo;45047 Cedillo del Condado;Total;2020;3826
45;Toledo;45047 Cedillo del Condado;Total;2019;3762
45;Toledo;45047 Cedillo del Condado;Total;2018;3687
45;Toledo;45047 Cedillo del Condado;Total;2017;3727
45;Toledo;45047 Cedillo del Condado;Total;2016;3680
45;Toledo;45047 Cedillo del Condado;Total;2015;3604
45;Toledo;45047 Cedillo del Condado;Total;2014;3654
45;Toledo;45047 Cedillo del Condado;Total;2013;3568
45;Toledo;45047 Cedillo del Condado;Total;2012;3426
45;Toledo;45047 Cedillo del Condado;Total;2011;3204
45;Toledo;45047 Cedillo del Condado;Total;2010;3097
45;Toledo;45047 Cedillo del Condado;Total;2009;2827
45;Toledo;45047 Cedillo del Condado;Total;2008;2520
45;Toledo;45047 Cedillo del Condado;Total;2007;2350
45;Toledo;45047 Cedillo del Condado;Total;2006;2207
45;Toledo;45047 Cedillo del Condado;Total;2005;2102
45;Toledo;45047 Cedillo del Condado;Total;2004;1950
45;Toledo;45047 Cedillo del Condado;Total;2003;1810
45;Toledo;45047 Cedillo del Condado;Total;2002;1651
45;Toledo;45047 Cedillo del Condado;Total;2001;1568
45;Toledo;45047 Cedillo del Condado;Total;2000;1542
45;Toledo;45047 Cedillo del Condado;Total;1999;1507
45;Toledo;45047 Cedillo del Condado;Total;1998;1227
45;Toledo;45047 Cedillo del Condado;Total;1997;
45;Toledo;45047 Cedillo del Condado;Total;1996;1382
45;Toledo;45047 Cedillo del Condado;Hombres;2023;2179
45;Toledo;45047 Cedillo del Condado;Hombres;2022;2118
45;Toledo;45047 Cedillo del Condado;Hombres;2021;2078
45;Toledo;45047 Cedillo del Condado;Hombres;2020;1978
45;Toledo;45047 Cedillo del Condado;Hombres;2019;1945
45;Toledo;45047 Cedillo del Condado;Hombres;2018;1915
45;Toledo;45047 Cedillo del Condado;Hombres;2017;1936
45;Toledo;45047 Cedillo del Condado;Hombres;2016;1909
45;Toledo;45047 Cedillo del Condado;Hombres;2015;1896
45;Toledo;45047 Cedillo del Condado;Hombres;2014;1925
45;Toledo;45047 Cedillo del Condado;Hombres;2013;1870
45;Toledo;45047 Cedillo del Condado;Hombres;2012;1809
45;Toledo;45047 Cedillo del Condado;Hombres;2011;1690
45;Toledo;45047 Cedillo del Condado;Hombres;2010;1613
45;Toledo;45047 Cedillo del Condado;Hombres;2009;1469
45;Toledo;45047 Cedillo del Condado;Hombres;2008;1314
45;Toledo;45047 Cedillo del Condado;Hombres;2007;1220
45;Toledo;45047 Cedillo del Condado;Hombres;2006;1142
45;Toledo;45047 Cedillo del Condado;Hombres;2005;1074
45;Toledo;45047 Cedillo del Condado;Hombres;2004;989
45;Toledo;45047 Cedillo del Condado;Hombres;2003;927
45;Toledo;45047 Cedillo del Condado;Hombres;2002;856
45;Toledo;45047 Cedillo del Condado;Hombres;2001;819
45;Toledo;45047 Cedillo del Condado;Hombres;2000;795
45;Toledo;45047 Cedillo del Condado;Hombres;1999;766
45;Toledo;45047 Cedillo del Condado;Hombres;1998;603
45;Toledo;45047 Cedillo del Condado;Hombres;1997;
45;Toledo;45047 Cedillo del Condado;Hombres;1996;709
45;Toledo;45047 Cedillo del Condado;Mujeres;2023;2025
45;Toledo;45047 Cedillo del Condado;Mujeres;2022;1983
45;Toledo;45047 Cedillo del Condado;Mujeres;2021;1947
45;Toledo;45047 Cedillo del Condado;Mujeres;2020;1848
45;Toledo;45047 Cedillo del Condado;Mujeres;2019;1817
45;Toledo;45047 Cedillo del Condado;Mujeres;2018;1772
45;Toledo;45047 Cedillo del Condado;Mujeres;2017;1791
45;Toledo;45047 Cedillo del Condado;Mujeres;2016;1771
45;Toledo;45047 Cedillo del Condado;Mujeres;2015;1708
45;Toledo;45047 Cedillo del Condado;Mujeres;2014;1729
45;Toledo;45047 Cedillo del Condado;Mujeres;2013;1698
45;Toledo;45047 Cedillo del Condado;Mujeres;2012;1617
45;Toledo;45047 Cedillo del Condado;Mujeres;2011;1514
45;Toledo;45047 Cedillo del Condado;Mujeres;2010;1484
45;Toledo;45047 Cedillo del Condado;Mujeres;2009;1358
45;Toledo;45047 Cedillo del Condado;Mujeres;2008;1206
45;Toledo;45047 Cedillo del Condado;Mujeres;2007;1130
45;Toledo;45047 Cedillo del Condado;Mujeres;2006;1065
45;Toledo;45047 Cedillo del Condado;Mujeres;2005;1028
45;Toledo;45047 Cedillo del Condado;Mujeres;2004;961
45;Toledo;45047 Cedillo del Condado;Mujeres;2003;883
45;Toledo;45047 Cedillo del Condado;Mujeres;2002;795
45;Toledo;45047 Cedillo del Condado;Mujeres;2001;749
45;Toledo;45047 Cedillo del Condado;Mujeres;2000;747
45;Toledo;45047 Cedillo del Condado;Mujeres;1999;741
45;Toledo;45047 Cedillo del Condado;Mujeres;1998;624
45;Toledo;45047 Cedillo del Condado;Mujeres;1997;
45;Toledo;45047 Cedillo del Condado;Mujeres;1996;673
45;Toledo;45048 Cerralbos, Los;Total;2023;421
45;Toledo;45048 Cerralbos, Los;Total;2022;397
45;Toledo;45048 Cerralbos, Los;Total;2021;418
45;Toledo;45048 Cerralbos, Los;Total;2020;414
45;Toledo;45048 Cerralbos, Los;Total;2019;421
45;Toledo;45048 Cerralbos, Los;Total;2018;418
45;Toledo;45048 Cerralbos, Los;Total;2017;414
45;Toledo;45048 Cerralbos, Los;Total;2016;415
45;Toledo;45048 Cerralbos, Los;Total;2015;434
45;Toledo;45048 Cerralbos, Los;Total;2014;414
45;Toledo;45048 Cerralbos, Los;Total;2013;420
45;Toledo;45048 Cerralbos, Los;Total;2012;459
45;Toledo;45048 Cerralbos, Los;Total;2011;506
45;Toledo;45048 Cerralbos, Los;Total;2010;488
45;Toledo;45048 Cerralbos, Los;Total;2009;514
45;Toledo;45048 Cerralbos, Los;Total;2008;431
45;Toledo;45048 Cerralbos, Los;Total;2007;455
45;Toledo;45048 Cerralbos, Los;Total;2006;413
45;Toledo;45048 Cerralbos, Los;Total;2005;418
45;Toledo;45048 Cerralbos, Los;Total;2004;433
45;Toledo;45048 Cerralbos, Los;Total;2003;451
45;Toledo;45048 Cerralbos, Los;Total;2002;453
45;Toledo;45048 Cerralbos, Los;Total;2001;460
45;Toledo;45048 Cerralbos, Los;Total;2000;454
45;Toledo;45048 Cerralbos, Los;Total;1999;455
45;Toledo;45048 Cerralbos, Los;Total;1998;457
45;Toledo;45048 Cerralbos, Los;Total;1997;
45;Toledo;45048 Cerralbos, Los;Total;1996;480
45;Toledo;45048 Cerralbos, Los;Hombres;2023;227
45;Toledo;45048 Cerralbos, Los;Hombres;2022;215
45;Toledo;45048 Cerralbos, Los;Hombres;2021;229
45;Toledo;45048 Cerralbos, Los;Hombres;2020;227
45;Toledo;45048 Cerralbos, Los;Hombres;2019;233
45;Toledo;45048 Cerralbos, Los;Hombres;2018;230
45;Toledo;45048 Cerralbos, Los;Hombres;2017;222
45;Toledo;45048 Cerralbos, Los;Hombres;2016;225
45;Toledo;45048 Cerralbos, Los;Hombres;2015;232
45;Toledo;45048 Cerralbos, Los;Hombres;2014;229
45;Toledo;45048 Cerralbos, Los;Hombres;2013;229
45;Toledo;45048 Cerralbos, Los;Hombres;2012;245
45;Toledo;45048 Cerralbos, Los;Hombres;2011;270
45;Toledo;45048 Cerralbos, Los;Hombres;2010;260
45;Toledo;45048 Cerralbos, Los;Hombres;2009;269
45;Toledo;45048 Cerralbos, Los;Hombres;2008;229
45;Toledo;45048 Cerralbos, Los;Hombres;2007;243
45;Toledo;45048 Cerralbos, Los;Hombres;2006;215
45;Toledo;45048 Cerralbos, Los;Hombres;2005;220
45;Toledo;45048 Cerralbos, Los;Hombres;2004;225
45;Toledo;45048 Cerralbos, Los;Hombres;2003;234
45;Toledo;45048 Cerralbos, Los;Hombres;2002;231
45;Toledo;45048 Cerralbos, Los;Hombres;2001;231
45;Toledo;45048 Cerralbos, Los;Hombres;2000;225
45;Toledo;45048 Cerralbos, Los;Hombres;1999;228
45;Toledo;45048 Cerralbos, Los;Hombres;1998;227
45;Toledo;45048 Cerralbos, Los;Hombres;1997;
45;Toledo;45048 Cerralbos, Los;Hombres;1996;234
45;Toledo;45048 Cerralbos, Los;Mujeres;2023;194
45;Toledo;45048 Cerralbos, Los;Mujeres;2022;182
45;Toledo;45048 Cerralbos, Los;Mujeres;2021;189
45;Toledo;45048 Cerralbos, Los;Mujeres;2020;187
45;Toledo;45048 Cerralbos, Los;Mujeres;2019;188
45;Toledo;45048 Cerralbos, Los;Mujeres;2018;188
45;Toledo;45048 Cerralbos, Los;Mujeres;2017;192
45;Toledo;45048 Cerralbos, Los;Mujeres;2016;190
45;Toledo;45048 Cerralbos, Los;Mujeres;2015;202
45;Toledo;45048 Cerralbos, Los;Mujeres;2014;185
45;Toledo;45048 Cerralbos, Los;Mujeres;2013;191
45;Toledo;45048 Cerralbos, Los;Mujeres;2012;214
45;Toledo;45048 Cerralbos, Los;Mujeres;2011;236
45;Toledo;45048 Cerralbos, Los;Mujeres;2010;228
45;Toledo;45048 Cerralbos, Los;Mujeres;2009;245
45;Toledo;45048 Cerralbos, Los;Mujeres;2008;202
45;Toledo;45048 Cerralbos, Los;Mujeres;2007;212
45;Toledo;45048 Cerralbos, Los;Mujeres;2006;198
45;Toledo;45048 Cerralbos, Los;Mujeres;2005;198
45;Toledo;45048 Cerralbos, Los;Mujeres;2004;208
45;Toledo;45048 Cerralbos, Los;Mujeres;2003;217
45;Toledo;45048 Cerralbos, Los;Mujeres;2002;222
45;Toledo;45048 Cerralbos, Los;Mujeres;2001;229
45;Toledo;45048 Cerralbos, Los;Mujeres;2000;229
45;Toledo;45048 Cerralbos, Los;Mujeres;1999;227
45;Toledo;45048 Cerralbos, Los;Mujeres;1998;230
45;Toledo;45048 Cerralbos, Los;Mujeres;1997;
45;Toledo;45048 Cerralbos, Los;Mujeres;1996;246
45;Toledo;45049 Cervera de los Montes;Total;2023;500
45;Toledo;45049 Cervera de los Montes;Total;2022;508
45;Toledo;45049 Cervera de los Montes;Total;2021;504
45;Toledo;45049 Cervera de los Montes;Total;2020;499
45;Toledo;45049 Cervera de los Montes;Total;2019;517
45;Toledo;45049 Cervera de los Montes;Total;2018;509
45;Toledo;45049 Cervera de los Montes;Total;2017;520
45;Toledo;45049 Cervera de los Montes;Total;2016;539
45;Toledo;45049 Cervera de los Montes;Total;2015;521
45;Toledo;45049 Cervera de los Montes;Total;2014;520
45;Toledo;45049 Cervera de los Montes;Total;2013;464
45;Toledo;45049 Cervera de los Montes;Total;2012;470
45;Toledo;45049 Cervera de los Montes;Total;2011;448
45;Toledo;45049 Cervera de los Montes;Total;2010;440
45;Toledo;45049 Cervera de los Montes;Total;2009;423
45;Toledo;45049 Cervera de los Montes;Total;2008;414
45;Toledo;45049 Cervera de los Montes;Total;2007;319
45;Toledo;45049 Cervera de los Montes;Total;2006;329
45;Toledo;45049 Cervera de los Montes;Total;2005;337
45;Toledo;45049 Cervera de los Montes;Total;2004;355
45;Toledo;45049 Cervera de los Montes;Total;2003;364
45;Toledo;45049 Cervera de los Montes;Total;2002;377
45;Toledo;45049 Cervera de los Montes;Total;2001;386
45;Toledo;45049 Cervera de los Montes;Total;2000;398
45;Toledo;45049 Cervera de los Montes;Total;1999;400
45;Toledo;45049 Cervera de los Montes;Total;1998;406
45;Toledo;45049 Cervera de los Montes;Total;1997;
45;Toledo;45049 Cervera de los Montes;Total;1996;428
45;Toledo;45049 Cervera de los Montes;Hombres;2023;258
45;Toledo;45049 Cervera de los Montes;Hombres;2022;262
45;Toledo;45049 Cervera de los Montes;Hombres;2021;260
45;Toledo;45049 Cervera de los Montes;Hombres;2020;254
45;Toledo;45049 Cervera de los Montes;Hombres;2019;260
45;Toledo;45049 Cervera de los Montes;Hombres;2018;258
45;Toledo;45049 Cervera de los Montes;Hombres;2017;266
45;Toledo;45049 Cervera de los Montes;Hombres;2016;275
45;Toledo;45049 Cervera de los Montes;Hombres;2015;267
45;Toledo;45049 Cervera de los Montes;Hombres;2014;267
45;Toledo;45049 Cervera de los Montes;Hombres;2013;232
45;Toledo;45049 Cervera de los Montes;Hombres;2012;238
45;Toledo;45049 Cervera de los Montes;Hombres;2011;228
45;Toledo;45049 Cervera de los Montes;Hombres;2010;227
45;Toledo;45049 Cervera de los Montes;Hombres;2009;221
45;Toledo;45049 Cervera de los Montes;Hombres;2008;221
45;Toledo;45049 Cervera de los Montes;Hombres;2007;167
45;Toledo;45049 Cervera de los Montes;Hombres;2006;171
45;Toledo;45049 Cervera de los Montes;Hombres;2005;176
45;Toledo;45049 Cervera de los Montes;Hombres;2004;185
45;Toledo;45049 Cervera de los Montes;Hombres;2003;190
45;Toledo;45049 Cervera de los Montes;Hombres;2002;197
45;Toledo;45049 Cervera de los Montes;Hombres;2001;204
45;Toledo;45049 Cervera de los Montes;Hombres;2000;210
45;Toledo;45049 Cervera de los Montes;Hombres;1999;212
45;Toledo;45049 Cervera de los Montes;Hombres;1998;210
45;Toledo;45049 Cervera de los Montes;Hombres;1997;
45;Toledo;45049 Cervera de los Montes;Hombres;1996;223
45;Toledo;45049 Cervera de los Montes;Mujeres;2023;242
45;Toledo;45049 Cervera de los Montes;Mujeres;2022;246
45;Toledo;45049 Cervera de los Montes;Mujeres;2021;244
45;Toledo;45049 Cervera de los Montes;Mujeres;2020;245
45;Toledo;45049 Cervera de los Montes;Mujeres;2019;257
45;Toledo;45049 Cervera de los Montes;Mujeres;2018;251
45;Toledo;45049 Cervera de los Montes;Mujeres;2017;254
45;Toledo;45049 Cervera de los Montes;Mujeres;2016;264
45;Toledo;45049 Cervera de los Montes;Mujeres;2015;254
45;Toledo;45049 Cervera de los Montes;Mujeres;2014;253
45;Toledo;45049 Cervera de los Montes;Mujeres;2013;232
45;Toledo;45049 Cervera de los Montes;Mujeres;2012;232
45;Toledo;45049 Cervera de los Montes;Mujeres;2011;220
45;Toledo;45049 Cervera de los Montes;Mujeres;2010;213
45;Toledo;45049 Cervera de los Montes;Mujeres;2009;202
45;Toledo;45049 Cervera de los Montes;Mujeres;2008;193
45;Toledo;45049 Cervera de los Montes;Mujeres;2007;152
45;Toledo;45049 Cervera de los Montes;Mujeres;2006;158
45;Toledo;45049 Cervera de los Montes;Mujeres;2005;161
45;Toledo;45049 Cervera de los Montes;Mujeres;2004;170
45;Toledo;45049 Cervera de los Montes;Mujeres;2003;174
45;Toledo;45049 Cervera de los Montes;Mujeres;2002;180
45;Toledo;45049 Cervera de los Montes;Mujeres;2001;182
45;Toledo;45049 Cervera de los Montes;Mujeres;2000;188
45;Toledo;45049 Cervera de los Montes;Mujeres;1999;188
45;Toledo;45049 Cervera de los Montes;Mujeres;1998;196
45;Toledo;45049 Cervera de los Montes;Mujeres;1997;
45;Toledo;45049 Cervera de los Montes;Mujeres;1996;205
45;Toledo;45056 Chozas de Canales;Total;2023;4751
45;Toledo;45056 Chozas de Canales;Total;2022;4523
45;Toledo;45056 Chozas de Canales;Total;2021;4335
45;Toledo;45056 Chozas de Canales;Total;2020;4104
45;Toledo;45056 Chozas de Canales;Total;2019;3966
45;Toledo;45056 Chozas de Canales;Total;2018;3765
45;Toledo;45056 Chozas de Canales;Total;2017;3760
45;Toledo;45056 Chozas de Canales;Total;2016;3710
45;Toledo;45056 Chozas de Canales;Total;2015;3763
45;Toledo;45056 Chozas de Canales;Total;2014;3786
45;Toledo;45056 Chozas de Canales;Total;2013;4018
45;Toledo;45056 Chozas de Canales;Total;2012;4104
45;Toledo;45056 Chozas de Canales;Total;2011;3988
45;Toledo;45056 Chozas de Canales;Total;2010;3858
45;Toledo;45056 Chozas de Canales;Total;2009;3851
45;Toledo;45056 Chozas de Canales;Total;2008;3485
45;Toledo;45056 Chozas de Canales;Total;2007;2615
45;Toledo;45056 Chozas de Canales;Total;2006;2084
45;Toledo;45056 Chozas de Canales;Total;2005;1764
45;Toledo;45056 Chozas de Canales;Total;2004;1613
45;Toledo;45056 Chozas de Canales;Total;2003;1310
45;Toledo;45056 Chozas de Canales;Total;2002;1163
45;Toledo;45056 Chozas de Canales;Total;2001;1078
45;Toledo;45056 Chozas de Canales;Total;2000;1002
45;Toledo;45056 Chozas de Canales;Total;1999;1011
45;Toledo;45056 Chozas de Canales;Total;1998;1023
45;Toledo;45056 Chozas de Canales;Total;1997;
45;Toledo;45056 Chozas de Canales;Total;1996;1006
45;Toledo;45056 Chozas de Canales;Hombres;2023;2462
45;Toledo;45056 Chozas de Canales;Hombres;2022;2322
45;Toledo;45056 Chozas de Canales;Hombres;2021;2246
45;Toledo;45056 Chozas de Canales;Hombres;2020;2145
45;Toledo;45056 Chozas de Canales;Hombres;2019;2065
45;Toledo;45056 Chozas de Canales;Hombres;2018;1969
45;Toledo;45056 Chozas de Canales;Hombres;2017;1981
45;Toledo;45056 Chozas de Canales;Hombres;2016;1955
45;Toledo;45056 Chozas de Canales;Hombres;2015;1968
45;Toledo;45056 Chozas de Canales;Hombres;2014;1995
45;Toledo;45056 Chozas de Canales;Hombres;2013;2140
45;Toledo;45056 Chozas de Canales;Hombres;2012;2195
45;Toledo;45056 Chozas de Canales;Hombres;2011;2126
45;Toledo;45056 Chozas de Canales;Hombres;2010;2074
45;Toledo;45056 Chozas de Canales;Hombres;2009;2073
45;Toledo;45056 Chozas de Canales;Hombres;2008;1888
45;Toledo;45056 Chozas de Canales;Hombres;2007;1380
45;Toledo;45056 Chozas de Canales;Hombres;2006;1092
45;Toledo;45056 Chozas de Canales;Hombres;2005;916
45;Toledo;45056 Chozas de Canales;Hombres;2004;831
45;Toledo;45056 Chozas de Canales;Hombres;2003;672
45;Toledo;45056 Chozas de Canales;Hombres;2002;608
45;Toledo;45056 Chozas de Canales;Hombres;2001;558
45;Toledo;45056 Chozas de Canales;Hombres;2000;502
45;Toledo;45056 Chozas de Canales;Hombres;1999;505
45;Toledo;45056 Chozas de Canales;Hombres;1998;513
45;Toledo;45056 Chozas de Canales;Hombres;1997;
45;Toledo;45056 Chozas de Canales;Hombres;1996;498
45;Toledo;45056 Chozas de Canales;Mujeres;2023;2289
45;Toledo;45056 Chozas de Canales;Mujeres;2022;2201
45;Toledo;45056 Chozas de Canales;Mujeres;2021;2089
45;Toledo;45056 Chozas de Canales;Mujeres;2020;1959
45;Toledo;45056 Chozas de Canales;Mujeres;2019;1901
45;Toledo;45056 Chozas de Canales;Mujeres;2018;1796
45;Toledo;45056 Chozas de Canales;Mujeres;2017;1779
45;Toledo;45056 Chozas de Canales;Mujeres;2016;1755
45;Toledo;45056 Chozas de Canales;Mujeres;2015;1795
45;Toledo;45056 Chozas de Canales;Mujeres;2014;1791
45;Toledo;45056 Chozas de Canales;Mujeres;2013;1878
45;Toledo;45056 Chozas de Canales;Mujeres;2012;1909
45;Toledo;45056 Chozas de Canales;Mujeres;2011;1862
45;Toledo;45056 Chozas de Canales;Mujeres;2010;1784
45;Toledo;45056 Chozas de Canales;Mujeres;2009;1778
45;Toledo;45056 Chozas de Canales;Mujeres;2008;1597
45;Toledo;45056 Chozas de Canales;Mujeres;2007;1235
45;Toledo;45056 Chozas de Canales;Mujeres;2006;992
45;Toledo;45056 Chozas de Canales;Mujeres;2005;848
45;Toledo;45056 Chozas de Canales;Mujeres;2004;782
45;Toledo;45056 Chozas de Canales;Mujeres;2003;638
45;Toledo;45056 Chozas de Canales;Mujeres;2002;555
45;Toledo;45056 Chozas de Canales;Mujeres;2001;520
45;Toledo;45056 Chozas de Canales;Mujeres;2000;500
45;Toledo;45056 Chozas de Canales;Mujeres;1999;506
45;Toledo;45056 Chozas de Canales;Mujeres;1998;510
45;Toledo;45056 Chozas de Canales;Mujeres;1997;
45;Toledo;45056 Chozas de Canales;Mujeres;1996;508
45;Toledo;45057 Chueca;Total;2023;254
45;Toledo;45057 Chueca;Total;2022;249
45;Toledo;45057 Chueca;Total;2021;253
45;Toledo;45057 Chueca;Total;2020;251
45;Toledo;45057 Chueca;Total;2019;257
45;Toledo;45057 Chueca;Total;2018;261
45;Toledo;45057 Chueca;Total;2017;265
45;Toledo;45057 Chueca;Total;2016;268
45;Toledo;45057 Chueca;Total;2015;269
45;Toledo;45057 Chueca;Total;2014;271
45;Toledo;45057 Chueca;Total;2013;268
45;Toledo;45057 Chueca;Total;2012;270
45;Toledo;45057 Chueca;Total;2011;264
45;Toledo;45057 Chueca;Total;2010;250
45;Toledo;45057 Chueca;Total;2009;252
45;Toledo;45057 Chueca;Total;2008;253
45;Toledo;45057 Chueca;Total;2007;250
45;Toledo;45057 Chueca;Total;2006;255
45;Toledo;45057 Chueca;Total;2005;261
45;Toledo;45057 Chueca;Total;2004;234
45;Toledo;45057 Chueca;Total;2003;238
45;Toledo;45057 Chueca;Total;2002;254
45;Toledo;45057 Chueca;Total;2001;261
45;Toledo;45057 Chueca;Total;2000;263
45;Toledo;45057 Chueca;Total;1999;269
45;Toledo;45057 Chueca;Total;1998;271
45;Toledo;45057 Chueca;Total;1997;
45;Toledo;45057 Chueca;Total;1996;271
45;Toledo;45057 Chueca;Hombres;2023;126
45;Toledo;45057 Chueca;Hombres;2022;124
45;Toledo;45057 Chueca;Hombres;2021;127
45;Toledo;45057 Chueca;Hombres;2020;131
45;Toledo;45057 Chueca;Hombres;2019;134
45;Toledo;45057 Chueca;Hombres;2018;139
45;Toledo;45057 Chueca;Hombres;2017;143
45;Toledo;45057 Chueca;Hombres;2016;142
45;Toledo;45057 Chueca;Hombres;2015;146
45;Toledo;45057 Chueca;Hombres;2014;149
45;Toledo;45057 Chueca;Hombres;2013;150
45;Toledo;45057 Chueca;Hombres;2012;153
45;Toledo;45057 Chueca;Hombres;2011;148
45;Toledo;45057 Chueca;Hombres;2010;138
45;Toledo;45057 Chueca;Hombres;2009;138
45;Toledo;45057 Chueca;Hombres;2008;136
45;Toledo;45057 Chueca;Hombres;2007;132
45;Toledo;45057 Chueca;Hombres;2006;133
45;Toledo;45057 Chueca;Hombres;2005;137
45;Toledo;45057 Chueca;Hombres;2004;124
45;Toledo;45057 Chueca;Hombres;2003;125
45;Toledo;45057 Chueca;Hombres;2002;134
45;Toledo;45057 Chueca;Hombres;2001;138
45;Toledo;45057 Chueca;Hombres;2000;138
45;Toledo;45057 Chueca;Hombres;1999;139
45;Toledo;45057 Chueca;Hombres;1998;139
45;Toledo;45057 Chueca;Hombres;1997;
45;Toledo;45057 Chueca;Hombres;1996;137
45;Toledo;45057 Chueca;Mujeres;2023;128
45;Toledo;45057 Chueca;Mujeres;2022;125
45;Toledo;45057 Chueca;Mujeres;2021;126
45;Toledo;45057 Chueca;Mujeres;2020;120
45;Toledo;45057 Chueca;Mujeres;2019;123
45;Toledo;45057 Chueca;Mujeres;2018;122
45;Toledo;45057 Chueca;Mujeres;2017;122
45;Toledo;45057 Chueca;Mujeres;2016;126
45;Toledo;45057 Chueca;Mujeres;2015;123
45;Toledo;45057 Chueca;Mujeres;2014;122
45;Toledo;45057 Chueca;Mujeres;2013;118
45;Toledo;45057 Chueca;Mujeres;2012;117
45;Toledo;45057 Chueca;Mujeres;2011;116
45;Toledo;45057 Chueca;Mujeres;2010;112
45;Toledo;45057 Chueca;Mujeres;2009;114
45;Toledo;45057 Chueca;Mujeres;2008;117
45;Toledo;45057 Chueca;Mujeres;2007;118
45;Toledo;45057 Chueca;Mujeres;2006;122
45;Toledo;45057 Chueca;Mujeres;2005;124
45;Toledo;45057 Chueca;Mujeres;2004;110
45;Toledo;45057 Chueca;Mujeres;2003;113
45;Toledo;45057 Chueca;Mujeres;2002;120
45;Toledo;45057 Chueca;Mujeres;2001;123
45;Toledo;45057 Chueca;Mujeres;2000;125
45;Toledo;45057 Chueca;Mujeres;1999;130
45;Toledo;45057 Chueca;Mujeres;1998;132
45;Toledo;45057 Chueca;Mujeres;1997;
45;Toledo;45057 Chueca;Mujeres;1996;134
45;Toledo;45050 Ciruelos;Total;2023;642
45;Toledo;45050 Ciruelos;Total;2022;630
45;Toledo;45050 Ciruelos;Total;2021;616
45;Toledo;45050 Ciruelos;Total;2020;569
45;Toledo;45050 Ciruelos;Total;2019;551
45;Toledo;45050 Ciruelos;Total;2018;532
45;Toledo;45050 Ciruelos;Total;2017;544
45;Toledo;45050 Ciruelos;Total;2016;556
45;Toledo;45050 Ciruelos;Total;2015;564
45;Toledo;45050 Ciruelos;Total;2014;611
45;Toledo;45050 Ciruelos;Total;2013;660
45;Toledo;45050 Ciruelos;Total;2012;687
45;Toledo;45050 Ciruelos;Total;2011;649
45;Toledo;45050 Ciruelos;Total;2010;679
45;Toledo;45050 Ciruelos;Total;2009;685
45;Toledo;45050 Ciruelos;Total;2008;660
45;Toledo;45050 Ciruelos;Total;2007;577
45;Toledo;45050 Ciruelos;Total;2006;494
45;Toledo;45050 Ciruelos;Total;2005;423
45;Toledo;45050 Ciruelos;Total;2004;397
45;Toledo;45050 Ciruelos;Total;2003;379
45;Toledo;45050 Ciruelos;Total;2002;367
45;Toledo;45050 Ciruelos;Total;2001;363
45;Toledo;45050 Ciruelos;Total;2000;337
45;Toledo;45050 Ciruelos;Total;1999;342
45;Toledo;45050 Ciruelos;Total;1998;328
45;Toledo;45050 Ciruelos;Total;1997;
45;Toledo;45050 Ciruelos;Total;1996;329
45;Toledo;45050 Ciruelos;Hombres;2023;342
45;Toledo;45050 Ciruelos;Hombres;2022;340
45;Toledo;45050 Ciruelos;Hombres;2021;333
45;Toledo;45050 Ciruelos;Hombres;2020;309
45;Toledo;45050 Ciruelos;Hombres;2019;293
45;Toledo;45050 Ciruelos;Hombres;2018;281
45;Toledo;45050 Ciruelos;Hombres;2017;289
45;Toledo;45050 Ciruelos;Hombres;2016;299
45;Toledo;45050 Ciruelos;Hombres;2015;304
45;Toledo;45050 Ciruelos;Hombres;2014;322
45;Toledo;45050 Ciruelos;Hombres;2013;342
45;Toledo;45050 Ciruelos;Hombres;2012;359
45;Toledo;45050 Ciruelos;Hombres;2011;341
45;Toledo;45050 Ciruelos;Hombres;2010;361
45;Toledo;45050 Ciruelos;Hombres;2009;362
45;Toledo;45050 Ciruelos;Hombres;2008;361
45;Toledo;45050 Ciruelos;Hombres;2007;312
45;Toledo;45050 Ciruelos;Hombres;2006;265
45;Toledo;45050 Ciruelos;Hombres;2005;230
45;Toledo;45050 Ciruelos;Hombres;2004;221
45;Toledo;45050 Ciruelos;Hombres;2003;208
45;Toledo;45050 Ciruelos;Hombres;2002;200
45;Toledo;45050 Ciruelos;Hombres;2001;198
45;Toledo;45050 Ciruelos;Hombres;2000;184
45;Toledo;45050 Ciruelos;Hombres;1999;189
45;Toledo;45050 Ciruelos;Hombres;1998;180
45;Toledo;45050 Ciruelos;Hombres;1997;
45;Toledo;45050 Ciruelos;Hombres;1996;176
45;Toledo;45050 Ciruelos;Mujeres;2023;300
45;Toledo;45050 Ciruelos;Mujeres;2022;290
45;Toledo;45050 Ciruelos;Mujeres;2021;283
45;Toledo;45050 Ciruelos;Mujeres;2020;260
45;Toledo;45050 Ciruelos;Mujeres;2019;258
45;Toledo;45050 Ciruelos;Mujeres;2018;251
45;Toledo;45050 Ciruelos;Mujeres;2017;255
45;Toledo;45050 Ciruelos;Mujeres;2016;257
45;Toledo;45050 Ciruelos;Mujeres;2015;260
45;Toledo;45050 Ciruelos;Mujeres;2014;289
45;Toledo;45050 Ciruelos;Mujeres;2013;318
45;Toledo;45050 Ciruelos;Mujeres;2012;328
45;Toledo;45050 Ciruelos;Mujeres;2011;308
45;Toledo;45050 Ciruelos;Mujeres;2010;318
45;Toledo;45050 Ciruelos;Mujeres;2009;323
45;Toledo;45050 Ciruelos;Mujeres;2008;299
45;Toledo;45050 Ciruelos;Mujeres;2007;265
45;Toledo;45050 Ciruelos;Mujeres;2006;229
45;Toledo;45050 Ciruelos;Mujeres;2005;193
45;Toledo;45050 Ciruelos;Mujeres;2004;176
45;Toledo;45050 Ciruelos;Mujeres;2003;171
45;Toledo;45050 Ciruelos;Mujeres;2002;167
45;Toledo;45050 Ciruelos;Mujeres;2001;165
45;Toledo;45050 Ciruelos;Mujeres;2000;153
45;Toledo;45050 Ciruelos;Mujeres;1999;153
45;Toledo;45050 Ciruelos;Mujeres;1998;148
45;Toledo;45050 Ciruelos;Mujeres;1997;
45;Toledo;45050 Ciruelos;Mujeres;1996;153
45;Toledo;45051 Cobeja;Total;2023;2556
45;Toledo;45051 Cobeja;Total;2022;2482
45;Toledo;45051 Cobeja;Total;2021;2412
45;Toledo;45051 Cobeja;Total;2020;2366
45;Toledo;45051 Cobeja;Total;2019;2255
45;Toledo;45051 Cobeja;Total;2018;2206
45;Toledo;45051 Cobeja;Total;2017;2192
45;Toledo;45051 Cobeja;Total;2016;2201
45;Toledo;45051 Cobeja;Total;2015;2196
45;Toledo;45051 Cobeja;Total;2014;2207
45;Toledo;45051 Cobeja;Total;2013;2297
45;Toledo;45051 Cobeja;Total;2012;2373
45;Toledo;45051 Cobeja;Total;2011;2399
45;Toledo;45051 Cobeja;Total;2010;2444
45;Toledo;45051 Cobeja;Total;2009;2387
45;Toledo;45051 Cobeja;Total;2008;2280
45;Toledo;45051 Cobeja;Total;2007;2150
45;Toledo;45051 Cobeja;Total;2006;2047
45;Toledo;45051 Cobeja;Total;2005;1994
45;Toledo;45051 Cobeja;Total;2004;1986
45;Toledo;45051 Cobeja;Total;2003;1929
45;Toledo;45051 Cobeja;Total;2002;1859
45;Toledo;45051 Cobeja;Total;2001;1812
45;Toledo;45051 Cobeja;Total;2000;1804
45;Toledo;45051 Cobeja;Total;1999;1790
45;Toledo;45051 Cobeja;Total;1998;1746
45;Toledo;45051 Cobeja;Total;1997;
45;Toledo;45051 Cobeja;Total;1996;1739
45;Toledo;45051 Cobeja;Hombres;2023;1344
45;Toledo;45051 Cobeja;Hombres;2022;1292
45;Toledo;45051 Cobeja;Hombres;2021;1261
45;Toledo;45051 Cobeja;Hombres;2020;1245
45;Toledo;45051 Cobeja;Hombres;2019;1163
45;Toledo;45051 Cobeja;Hombres;2018;1141
45;Toledo;45051 Cobeja;Hombres;2017;1144
45;Toledo;45051 Cobeja;Hombres;2016;1152
45;Toledo;45051 Cobeja;Hombres;2015;1139
45;Toledo;45051 Cobeja;Hombres;2014;1141
45;Toledo;45051 Cobeja;Hombres;2013;1197
45;Toledo;45051 Cobeja;Hombres;2012;1237
45;Toledo;45051 Cobeja;Hombres;2011;1257
45;Toledo;45051 Cobeja;Hombres;2010;1284
45;Toledo;45051 Cobeja;Hombres;2009;1266
45;Toledo;45051 Cobeja;Hombres;2008;1203
45;Toledo;45051 Cobeja;Hombres;2007;1116
45;Toledo;45051 Cobeja;Hombres;2006;1049
45;Toledo;45051 Cobeja;Hombres;2005;1017
45;Toledo;45051 Cobeja;Hombres;2004;1001
45;Toledo;45051 Cobeja;Hombres;2003;985
45;Toledo;45051 Cobeja;Hombres;2002;955
45;Toledo;45051 Cobeja;Hombres;2001;915
45;Toledo;45051 Cobeja;Hombres;2000;908
45;Toledo;45051 Cobeja;Hombres;1999;894
45;Toledo;45051 Cobeja;Hombres;1998;872
45;Toledo;45051 Cobeja;Hombres;1997;
45;Toledo;45051 Cobeja;Hombres;1996;865
45;Toledo;45051 Cobeja;Mujeres;2023;1212
45;Toledo;45051 Cobeja;Mujeres;2022;1190
45;Toledo;45051 Cobeja;Mujeres;2021;1151
45;Toledo;45051 Cobeja;Mujeres;2020;1121
45;Toledo;45051 Cobeja;Mujeres;2019;1092
45;Toledo;45051 Cobeja;Mujeres;2018;1065
45;Toledo;45051 Cobeja;Mujeres;2017;1048
45;Toledo;45051 Cobeja;Mujeres;2016;1049
45;Toledo;45051 Cobeja;Mujeres;2015;1057
45;Toledo;45051 Cobeja;Mujeres;2014;1066
45;Toledo;45051 Cobeja;Mujeres;2013;1100
45;Toledo;45051 Cobeja;Mujeres;2012;1136
45;Toledo;45051 Cobeja;Mujeres;2011;1142
45;Toledo;45051 Cobeja;Mujeres;2010;1160
45;Toledo;45051 Cobeja;Mujeres;2009;1121
45;Toledo;45051 Cobeja;Mujeres;2008;1077
45;Toledo;45051 Cobeja;Mujeres;2007;1034
45;Toledo;45051 Cobeja;Mujeres;2006;998
45;Toledo;45051 Cobeja;Mujeres;2005;977
45;Toledo;45051 Cobeja;Mujeres;2004;985
45;Toledo;45051 Cobeja;Mujeres;2003;944
45;Toledo;45051 Cobeja;Mujeres;2002;904
45;Toledo;45051 Cobeja;Mujeres;2001;897
45;Toledo;45051 Cobeja;Mujeres;2000;896
45;Toledo;45051 Cobeja;Mujeres;1999;896
45;Toledo;45051 Cobeja;Mujeres;1998;874
45;Toledo;45051 Cobeja;Mujeres;1997;
45;Toledo;45051 Cobeja;Mujeres;1996;874
45;Toledo;45052 Cobisa;Total;2023;4452
45;Toledo;45052 Cobisa;Total;2022;4427
45;Toledo;45052 Cobisa;Total;2021;4377
45;Toledo;45052 Cobisa;Total;2020;4306
45;Toledo;45052 Cobisa;Total;2019;4310
45;Toledo;45052 Cobisa;Total;2018;4269
45;Toledo;45052 Cobisa;Total;2017;4221
45;Toledo;45052 Cobisa;Total;2016;4186
45;Toledo;45052 Cobisa;Total;2015;4154
45;Toledo;45052 Cobisa;Total;2014;4143
45;Toledo;45052 Cobisa;Total;2013;4147
45;Toledo;45052 Cobisa;Total;2012;4120
45;Toledo;45052 Cobisa;Total;2011;4045
45;Toledo;45052 Cobisa;Total;2010;3961
45;Toledo;45052 Cobisa;Total;2009;3766
45;Toledo;45052 Cobisa;Total;2008;3645
45;Toledo;45052 Cobisa;Total;2007;3404
45;Toledo;45052 Cobisa;Total;2006;3207
45;Toledo;45052 Cobisa;Total;2005;2902
45;Toledo;45052 Cobisa;Total;2004;2670
45;Toledo;45052 Cobisa;Total;2003;2457
45;Toledo;45052 Cobisa;Total;2002;2109
45;Toledo;45052 Cobisa;Total;2001;1829
45;Toledo;45052 Cobisa;Total;2000;1618
45;Toledo;45052 Cobisa;Total;1999;1393
45;Toledo;45052 Cobisa;Total;1998;1185
45;Toledo;45052 Cobisa;Total;1997;
45;Toledo;45052 Cobisa;Total;1996;1034
45;Toledo;45052 Cobisa;Hombres;2023;2238
45;Toledo;45052 Cobisa;Hombres;2022;2212
45;Toledo;45052 Cobisa;Hombres;2021;2187
45;Toledo;45052 Cobisa;Hombres;2020;2168
45;Toledo;45052 Cobisa;Hombres;2019;2164
45;Toledo;45052 Cobisa;Hombres;2018;2150
45;Toledo;45052 Cobisa;Hombres;2017;2110
45;Toledo;45052 Cobisa;Hombres;2016;2096
45;Toledo;45052 Cobisa;Hombres;2015;2079
45;Toledo;45052 Cobisa;Hombres;2014;2092
45;Toledo;45052 Cobisa;Hombres;2013;2111
45;Toledo;45052 Cobisa;Hombres;2012;2088
45;Toledo;45052 Cobisa;Hombres;2011;2052
45;Toledo;45052 Cobisa;Hombres;2010;2040
45;Toledo;45052 Cobisa;Hombres;2009;1952
45;Toledo;45052 Cobisa;Hombres;2008;1889
45;Toledo;45052 Cobisa;Hombres;2007;1771
45;Toledo;45052 Cobisa;Hombres;2006;1655
45;Toledo;45052 Cobisa;Hombres;2005;1499
45;Toledo;45052 Cobisa;Hombres;2004;1368
45;Toledo;45052 Cobisa;Hombres;2003;1268
45;Toledo;45052 Cobisa;Hombres;2002;1087
45;Toledo;45052 Cobisa;Hombres;2001;953
45;Toledo;45052 Cobisa;Hombres;2000;842
45;Toledo;45052 Cobisa;Hombres;1999;723
45;Toledo;45052 Cobisa;Hombres;1998;613
45;Toledo;45052 Cobisa;Hombres;1997;
45;Toledo;45052 Cobisa;Hombres;1996;533
45;Toledo;45052 Cobisa;Mujeres;2023;2214
45;Toledo;45052 Cobisa;Mujeres;2022;2215
45;Toledo;45052 Cobisa;Mujeres;2021;2190
45;Toledo;45052 Cobisa;Mujeres;2020;2138
45;Toledo;45052 Cobisa;Mujeres;2019;2146
45;Toledo;45052 Cobisa;Mujeres;2018;2119
45;Toledo;45052 Cobisa;Mujeres;2017;2111
45;Toledo;45052 Cobisa;Mujeres;2016;2090
45;Toledo;45052 Cobisa;Mujeres;2015;2075
45;Toledo;45052 Cobisa;Mujeres;2014;2051
45;Toledo;45052 Cobisa;Mujeres;2013;2036
45;Toledo;45052 Cobisa;Mujeres;2012;2032
45;Toledo;45052 Cobisa;Mujeres;2011;1993
45;Toledo;45052 Cobisa;Mujeres;2010;1921
45;Toledo;45052 Cobisa;Mujeres;2009;1814
45;Toledo;45052 Cobisa;Mujeres;2008;1756
45;Toledo;45052 Cobisa;Mujeres;2007;1633
45;Toledo;45052 Cobisa;Mujeres;2006;1552
45;Toledo;45052 Cobisa;Mujeres;2005;1403
45;Toledo;45052 Cobisa;Mujeres;2004;1302
45;Toledo;45052 Cobisa;Mujeres;2003;1189
45;Toledo;45052 Cobisa;Mujeres;2002;1022
45;Toledo;45052 Cobisa;Mujeres;2001;876
45;Toledo;45052 Cobisa;Mujeres;2000;776
45;Toledo;45052 Cobisa;Mujeres;1999;670
45;Toledo;45052 Cobisa;Mujeres;1998;572
45;Toledo;45052 Cobisa;Mujeres;1997;
45;Toledo;45052 Cobisa;Mujeres;1996;501
45;Toledo;45053 Consuegra;Total;2023;9805
45;Toledo;45053 Consuegra;Total;2022;9886
45;Toledo;45053 Consuegra;Total;2021;9942
45;Toledo;45053 Consuegra;Total;2020;9970
45;Toledo;45053 Consuegra;Total;2019;9998
45;Toledo;45053 Consuegra;Total;2018;10098
45;Toledo;45053 Consuegra;Total;2017;10146
45;Toledo;45053 Consuegra;Total;2016;10328
45;Toledo;45053 Consuegra;Total;2015;10437
45;Toledo;45053 Consuegra;Total;2014;10516
45;Toledo;45053 Consuegra;Total;2013;10668
45;Toledo;45053 Consuegra;Total;2012;10923
45;Toledo;45053 Consuegra;Total;2011;11022
45;Toledo;45053 Consuegra;Total;2010;10945
45;Toledo;45053 Consuegra;Total;2009;10932
45;Toledo;45053 Consuegra;Total;2008;10876
45;Toledo;45053 Consuegra;Total;2007;10635
45;Toledo;45053 Consuegra;Total;2006;10538
45;Toledo;45053 Consuegra;Total;2005;10497
45;Toledo;45053 Consuegra;Total;2004;10352
45;Toledo;45053 Consuegra;Total;2003;10269
45;Toledo;45053 Consuegra;Total;2002;10167
45;Toledo;45053 Consuegra;Total;2001;10047
45;Toledo;45053 Consuegra;Total;2000;9958
45;Toledo;45053 Consuegra;Total;1999;10081
45;Toledo;45053 Consuegra;Total;1998;10081
45;Toledo;45053 Consuegra;Total;1997;
45;Toledo;45053 Consuegra;Total;1996;10113
45;Toledo;45053 Consuegra;Hombres;2023;4958
45;Toledo;45053 Consuegra;Hombres;2022;5018
45;Toledo;45053 Consuegra;Hombres;2021;5052
45;Toledo;45053 Consuegra;Hombres;2020;5050
45;Toledo;45053 Consuegra;Hombres;2019;5061
45;Toledo;45053 Consuegra;Hombres;2018;5101
45;Toledo;45053 Consuegra;Hombres;2017;5122
45;Toledo;45053 Consuegra;Hombres;2016;5217
45;Toledo;45053 Consuegra;Hombres;2015;5258
45;Toledo;45053 Consuegra;Hombres;2014;5297
45;Toledo;45053 Consuegra;Hombres;2013;5400
45;Toledo;45053 Consuegra;Hombres;2012;5563
45;Toledo;45053 Consuegra;Hombres;2011;5628
45;Toledo;45053 Consuegra;Hombres;2010;5557
45;Toledo;45053 Consuegra;Hombres;2009;5537
45;Toledo;45053 Consuegra;Hombres;2008;5525
45;Toledo;45053 Consuegra;Hombres;2007;5380
45;Toledo;45053 Consuegra;Hombres;2006;5299
45;Toledo;45053 Consuegra;Hombres;2005;5278
45;Toledo;45053 Consuegra;Hombres;2004;5192
45;Toledo;45053 Consuegra;Hombres;2003;5141
45;Toledo;45053 Consuegra;Hombres;2002;5082
45;Toledo;45053 Consuegra;Hombres;2001;5004
45;Toledo;45053 Consuegra;Hombres;2000;4934
45;Toledo;45053 Consuegra;Hombres;1999;5000
45;Toledo;45053 Consuegra;Hombres;1998;5000
45;Toledo;45053 Consuegra;Hombres;1997;
45;Toledo;45053 Consuegra;Hombres;1996;5005
45;Toledo;45053 Consuegra;Mujeres;2023;4847
45;Toledo;45053 Consuegra;Mujeres;2022;4868
45;Toledo;45053 Consuegra;Mujeres;2021;4890
45;Toledo;45053 Consuegra;Mujeres;2020;4920
45;Toledo;45053 Consuegra;Mujeres;2019;4937
45;Toledo;45053 Consuegra;Mujeres;2018;4997
45;Toledo;45053 Consuegra;Mujeres;2017;5024
45;Toledo;45053 Consuegra;Mujeres;2016;5111
45;Toledo;45053 Consuegra;Mujeres;2015;5179
45;Toledo;45053 Consuegra;Mujeres;2014;5219
45;Toledo;45053 Consuegra;Mujeres;2013;5268
45;Toledo;45053 Consuegra;Mujeres;2012;5360
45;Toledo;45053 Consuegra;Mujeres;2011;5394
45;Toledo;45053 Consuegra;Mujeres;2010;5388
45;Toledo;45053 Consuegra;Mujeres;2009;5395
45;Toledo;45053 Consuegra;Mujeres;2008;5351
45;Toledo;45053 Consuegra;Mujeres;2007;5255
45;Toledo;45053 Consuegra;Mujeres;2006;5239
45;Toledo;45053 Consuegra;Mujeres;2005;5219
45;Toledo;45053 Consuegra;Mujeres;2004;5160
45;Toledo;45053 Consuegra;Mujeres;2003;5128
45;Toledo;45053 Consuegra;Mujeres;2002;5085
45;Toledo;45053 Consuegra;Mujeres;2001;5043
45;Toledo;45053 Consuegra;Mujeres;2000;5024
45;Toledo;45053 Consuegra;Mujeres;1999;5081
45;Toledo;45053 Consuegra;Mujeres;1998;5081
45;Toledo;45053 Consuegra;Mujeres;1997;
45;Toledo;45053 Consuegra;Mujeres;1996;5108
45;Toledo;45054 Corral de Almaguer;Total;2023;5219
45;Toledo;45054 Corral de Almaguer;Total;2022;4827
45;Toledo;45054 Corral de Almaguer;Total;2021;5068
45;Toledo;45054 Corral de Almaguer;Total;2020;5246
45;Toledo;45054 Corral de Almaguer;Total;2019;5352
45;Toledo;45054 Corral de Almaguer;Total;2018;5355
45;Toledo;45054 Corral de Almaguer;Total;2017;5443
45;Toledo;45054 Corral de Almaguer;Total;2016;5536
45;Toledo;45054 Corral de Almaguer;Total;2015;5677
45;Toledo;45054 Corral de Almaguer;Total;2014;5590
45;Toledo;45054 Corral de Almaguer;Total;2013;6115
45;Toledo;45054 Corral de Almaguer;Total;2012;6235
45;Toledo;45054 Corral de Almaguer;Total;2011;6258
45;Toledo;45054 Corral de Almaguer;Total;2010;6300
45;Toledo;45054 Corral de Almaguer;Total;2009;6257
45;Toledo;45054 Corral de Almaguer;Total;2008;6194
45;Toledo;45054 Corral de Almaguer;Total;2007;6043
45;Toledo;45054 Corral de Almaguer;Total;2006;5966
45;Toledo;45054 Corral de Almaguer;Total;2005;5904
45;Toledo;45054 Corral de Almaguer;Total;2004;5693
45;Toledo;45054 Corral de Almaguer;Total;2003;5631
45;Toledo;45054 Corral de Almaguer;Total;2002;5584
45;Toledo;45054 Corral de Almaguer;Total;2001;5594
45;Toledo;45054 Corral de Almaguer;Total;2000;5622
45;Toledo;45054 Corral de Almaguer;Total;1999;5665
45;Toledo;45054 Corral de Almaguer;Total;1998;5744
45;Toledo;45054 Corral de Almaguer;Total;1997;
45;Toledo;45054 Corral de Almaguer;Total;1996;5856
45;Toledo;45054 Corral de Almaguer;Hombres;2023;2739
45;Toledo;45054 Corral de Almaguer;Hombres;2022;2497
45;Toledo;45054 Corral de Almaguer;Hombres;2021;2624
45;Toledo;45054 Corral de Almaguer;Hombres;2020;2712
45;Toledo;45054 Corral de Almaguer;Hombres;2019;2763
45;Toledo;45054 Corral de Almaguer;Hombres;2018;2755
45;Toledo;45054 Corral de Almaguer;Hombres;2017;2791
45;Toledo;45054 Corral de Almaguer;Hombres;2016;2823
45;Toledo;45054 Corral de Almaguer;Hombres;2015;2886
45;Toledo;45054 Corral de Almaguer;Hombres;2014;2845
45;Toledo;45054 Corral de Almaguer;Hombres;2013;3150
45;Toledo;45054 Corral de Almaguer;Hombres;2012;3200
45;Toledo;45054 Corral de Almaguer;Hombres;2011;3200
45;Toledo;45054 Corral de Almaguer;Hombres;2010;3236
45;Toledo;45054 Corral de Almaguer;Hombres;2009;3218
45;Toledo;45054 Corral de Almaguer;Hombres;2008;3211
45;Toledo;45054 Corral de Almaguer;Hombres;2007;3112
45;Toledo;45054 Corral de Almaguer;Hombres;2006;3047
45;Toledo;45054 Corral de Almaguer;Hombres;2005;3022
45;Toledo;45054 Corral de Almaguer;Hombres;2004;2894
45;Toledo;45054 Corral de Almaguer;Hombres;2003;2868
45;Toledo;45054 Corral de Almaguer;Hombres;2002;2825
45;Toledo;45054 Corral de Almaguer;Hombres;2001;2813
45;Toledo;45054 Corral de Almaguer;Hombres;2000;2813
45;Toledo;45054 Corral de Almaguer;Hombres;1999;2841
45;Toledo;45054 Corral de Almaguer;Hombres;1998;2877
45;Toledo;45054 Corral de Almaguer;Hombres;1997;
45;Toledo;45054 Corral de Almaguer;Hombres;1996;2935
45;Toledo;45054 Corral de Almaguer;Mujeres;2023;2480
45;Toledo;45054 Corral de Almaguer;Mujeres;2022;2330
45;Toledo;45054 Corral de Almaguer;Mujeres;2021;2444
45;Toledo;45054 Corral de Almaguer;Mujeres;2020;2534
45;Toledo;45054 Corral de Almaguer;Mujeres;2019;2589
45;Toledo;45054 Corral de Almaguer;Mujeres;2018;2600
45;Toledo;45054 Corral de Almaguer;Mujeres;2017;2652
45;Toledo;45054 Corral de Almaguer;Mujeres;2016;2713
45;Toledo;45054 Corral de Almaguer;Mujeres;2015;2791
45;Toledo;45054 Corral de Almaguer;Mujeres;2014;2745
45;Toledo;45054 Corral de Almaguer;Mujeres;2013;2965
45;Toledo;45054 Corral de Almaguer;Mujeres;2012;3035
45;Toledo;45054 Corral de Almaguer;Mujeres;2011;3058
45;Toledo;45054 Corral de Almaguer;Mujeres;2010;3064
45;Toledo;45054 Corral de Almaguer;Mujeres;2009;3039
45;Toledo;45054 Corral de Almaguer;Mujeres;2008;2983
45;Toledo;45054 Corral de Almaguer;Mujeres;2007;2931
45;Toledo;45054 Corral de Almaguer;Mujeres;2006;2919
45;Toledo;45054 Corral de Almaguer;Mujeres;2005;2882
45;Toledo;45054 Corral de Almaguer;Mujeres;2004;2799
45;Toledo;45054 Corral de Almaguer;Mujeres;2003;2763
45;Toledo;45054 Corral de Almaguer;Mujeres;2002;2759
45;Toledo;45054 Corral de Almaguer;Mujeres;2001;2781
45;Toledo;45054 Corral de Almaguer;Mujeres;2000;2809
45;Toledo;45054 Corral de Almaguer;Mujeres;1999;2824
45;Toledo;45054 Corral de Almaguer;Mujeres;1998;2867
45;Toledo;45054 Corral de Almaguer;Mujeres;1997;
45;Toledo;45054 Corral de Almaguer;Mujeres;1996;2921
45;Toledo;45055 Cuerva;Total;2023;1264
45;Toledo;45055 Cuerva;Total;2022;1248
45;Toledo;45055 Cuerva;Total;2021;1277
45;Toledo;45055 Cuerva;Total;2020;1299
45;Toledo;45055 Cuerva;Total;2019;1291
45;Toledo;45055 Cuerva;Total;2018;1335
45;Toledo;45055 Cuerva;Total;2017;1361
45;Toledo;45055 Cuerva;Total;2016;1385
45;Toledo;45055 Cuerva;Total;2015;1400
45;Toledo;45055 Cuerva;Total;2014;1490
45;Toledo;45055 Cuerva;Total;2013;1435
45;Toledo;45055 Cuerva;Total;2012;1564
45;Toledo;45055 Cuerva;Total;2011;1605
45;Toledo;45055 Cuerva;Total;2010;1564
45;Toledo;45055 Cuerva;Total;2009;1584
45;Toledo;45055 Cuerva;Total;2008;1571
45;Toledo;45055 Cuerva;Total;2007;1505
45;Toledo;45055 Cuerva;Total;2006;1421
45;Toledo;45055 Cuerva;Total;2005;1359
45;Toledo;45055 Cuerva;Total;2004;1348
45;Toledo;45055 Cuerva;Total;2003;1353
45;Toledo;45055 Cuerva;Total;2002;1322
45;Toledo;45055 Cuerva;Total;2001;1297
45;Toledo;45055 Cuerva;Total;2000;1311
45;Toledo;45055 Cuerva;Total;1999;1291
45;Toledo;45055 Cuerva;Total;1998;1276
45;Toledo;45055 Cuerva;Total;1997;
45;Toledo;45055 Cuerva;Total;1996;1272
45;Toledo;45055 Cuerva;Hombres;2023;657
45;Toledo;45055 Cuerva;Hombres;2022;649
45;Toledo;45055 Cuerva;Hombres;2021;661
45;Toledo;45055 Cuerva;Hombres;2020;675
45;Toledo;45055 Cuerva;Hombres;2019;670
45;Toledo;45055 Cuerva;Hombres;2018;693
45;Toledo;45055 Cuerva;Hombres;2017;713
45;Toledo;45055 Cuerva;Hombres;2016;725
45;Toledo;45055 Cuerva;Hombres;2015;725
45;Toledo;45055 Cuerva;Hombres;2014;784
45;Toledo;45055 Cuerva;Hombres;2013;735
45;Toledo;45055 Cuerva;Hombres;2012;825
45;Toledo;45055 Cuerva;Hombres;2011;847
45;Toledo;45055 Cuerva;Hombres;2010;822
45;Toledo;45055 Cuerva;Hombres;2009;831
45;Toledo;45055 Cuerva;Hombres;2008;826
45;Toledo;45055 Cuerva;Hombres;2007;776
45;Toledo;45055 Cuerva;Hombres;2006;725
45;Toledo;45055 Cuerva;Hombres;2005;690
45;Toledo;45055 Cuerva;Hombres;2004;680
45;Toledo;45055 Cuerva;Hombres;2003;684
45;Toledo;45055 Cuerva;Hombres;2002;673
45;Toledo;45055 Cuerva;Hombres;2001;646
45;Toledo;45055 Cuerva;Hombres;2000;643
45;Toledo;45055 Cuerva;Hombres;1999;635
45;Toledo;45055 Cuerva;Hombres;1998;627
45;Toledo;45055 Cuerva;Hombres;1997;
45;Toledo;45055 Cuerva;Hombres;1996;629
45;Toledo;45055 Cuerva;Mujeres;2023;607
45;Toledo;45055 Cuerva;Mujeres;2022;599
45;Toledo;45055 Cuerva;Mujeres;2021;616
45;Toledo;45055 Cuerva;Mujeres;2020;624
45;Toledo;45055 Cuerva;Mujeres;2019;621
45;Toledo;45055 Cuerva;Mujeres;2018;642
45;Toledo;45055 Cuerva;Mujeres;2017;648
45;Toledo;45055 Cuerva;Mujeres;2016;660
45;Toledo;45055 Cuerva;Mujeres;2015;675
45;Toledo;45055 Cuerva;Mujeres;2014;706
45;Toledo;45055 Cuerva;Mujeres;2013;700
45;Toledo;45055 Cuerva;Mujeres;2012;739
45;Toledo;45055 Cuerva;Mujeres;2011;758
45;Toledo;45055 Cuerva;Mujeres;2010;742
45;Toledo;45055 Cuerva;Mujeres;2009;753
45;Toledo;45055 Cuerva;Mujeres;2008;745
45;Toledo;45055 Cuerva;Mujeres;2007;729
45;Toledo;45055 Cuerva;Mujeres;2006;696
45;Toledo;45055 Cuerva;Mujeres;2005;669
45;Toledo;45055 Cuerva;Mujeres;2004;668
45;Toledo;45055 Cuerva;Mujeres;2003;669
45;Toledo;45055 Cuerva;Mujeres;2002;649
45;Toledo;45055 Cuerva;Mujeres;2001;651
45;Toledo;45055 Cuerva;Mujeres;2000;668
45;Toledo;45055 Cuerva;Mujeres;1999;656
45;Toledo;45055 Cuerva;Mujeres;1998;649
45;Toledo;45055 Cuerva;Mujeres;1997;
45;Toledo;45055 Cuerva;Mujeres;1996;643
45;Toledo;45058 Domingo Pérez;Total;2023;387
45;Toledo;45058 Domingo Pérez;Total;2022;306
45;Toledo;45058 Domingo Pérez;Total;2021;325
45;Toledo;45058 Domingo Pérez;Total;2020;345
45;Toledo;45058 Domingo Pérez;Total;2019;372
45;Toledo;45058 Domingo Pérez;Total;2018;404
45;Toledo;45058 Domingo Pérez;Total;2017;417
45;Toledo;45058 Domingo Pérez;Total;2016;436
45;Toledo;45058 Domingo Pérez;Total;2015;461
45;Toledo;45058 Domingo Pérez;Total;2014;474
45;Toledo;45058 Domingo Pérez;Total;2013;483
45;Toledo;45058 Domingo Pérez;Total;2012;492
45;Toledo;45058 Domingo Pérez;Total;2011;503
45;Toledo;45058 Domingo Pérez;Total;2010;525
45;Toledo;45058 Domingo Pérez;Total;2009;542
45;Toledo;45058 Domingo Pérez;Total;2008;552
45;Toledo;45058 Domingo Pérez;Total;2007;547
45;Toledo;45058 Domingo Pérez;Total;2006;498
45;Toledo;45058 Domingo Pérez;Total;2005;493
45;Toledo;45058 Domingo Pérez;Total;2004;488
45;Toledo;45058 Domingo Pérez;Total;2003;471
45;Toledo;45058 Domingo Pérez;Total;2002;475
45;Toledo;45058 Domingo Pérez;Total;2001;473
45;Toledo;45058 Domingo Pérez;Total;2000;479
45;Toledo;45058 Domingo Pérez;Total;1999;494
45;Toledo;45058 Domingo Pérez;Total;1998;509
45;Toledo;45058 Domingo Pérez;Total;1997;
45;Toledo;45058 Domingo Pérez;Total;1996;503
45;Toledo;45058 Domingo Pérez;Hombres;2023;190
45;Toledo;45058 Domingo Pérez;Hombres;2022;156
45;Toledo;45058 Domingo Pérez;Hombres;2021;164
45;Toledo;45058 Domingo Pérez;Hombres;2020;177
45;Toledo;45058 Domingo Pérez;Hombres;2019;192
45;Toledo;45058 Domingo Pérez;Hombres;2018;209
45;Toledo;45058 Domingo Pérez;Hombres;2017;215
45;Toledo;45058 Domingo Pérez;Hombres;2016;219
45;Toledo;45058 Domingo Pérez;Hombres;2015;231
45;Toledo;45058 Domingo Pérez;Hombres;2014;237
45;Toledo;45058 Domingo Pérez;Hombres;2013;238
45;Toledo;45058 Domingo Pérez;Hombres;2012;249
45;Toledo;45058 Domingo Pérez;Hombres;2011;256
45;Toledo;45058 Domingo Pérez;Hombres;2010;268
45;Toledo;45058 Domingo Pérez;Hombres;2009;278
45;Toledo;45058 Domingo Pérez;Hombres;2008;280
45;Toledo;45058 Domingo Pérez;Hombres;2007;278
45;Toledo;45058 Domingo Pérez;Hombres;2006;252
45;Toledo;45058 Domingo Pérez;Hombres;2005;247
45;Toledo;45058 Domingo Pérez;Hombres;2004;245
45;Toledo;45058 Domingo Pérez;Hombres;2003;237
45;Toledo;45058 Domingo Pérez;Hombres;2002;240
45;Toledo;45058 Domingo Pérez;Hombres;2001;240
45;Toledo;45058 Domingo Pérez;Hombres;2000;238
45;Toledo;45058 Domingo Pérez;Hombres;1999;242
45;Toledo;45058 Domingo Pérez;Hombres;1998;247
45;Toledo;45058 Domingo Pérez;Hombres;1997;
45;Toledo;45058 Domingo Pérez;Hombres;1996;239
45;Toledo;45058 Domingo Pérez;Mujeres;2023;197
45;Toledo;45058 Domingo Pérez;Mujeres;2022;150
45;Toledo;45058 Domingo Pérez;Mujeres;2021;161
45;Toledo;45058 Domingo Pérez;Mujeres;2020;168
45;Toledo;45058 Domingo Pérez;Mujeres;2019;180
45;Toledo;45058 Domingo Pérez;Mujeres;2018;195
45;Toledo;45058 Domingo Pérez;Mujeres;2017;202
45;Toledo;45058 Domingo Pérez;Mujeres;2016;217
45;Toledo;45058 Domingo Pérez;Mujeres;2015;230
45;Toledo;45058 Domingo Pérez;Mujeres;2014;237
45;Toledo;45058 Domingo Pérez;Mujeres;2013;245
45;Toledo;45058 Domingo Pérez;Mujeres;2012;243
45;Toledo;45058 Domingo Pérez;Mujeres;2011;247
45;Toledo;45058 Domingo Pérez;Mujeres;2010;257
45;Toledo;45058 Domingo Pérez;Mujeres;2009;264
45;Toledo;45058 Domingo Pérez;Mujeres;2008;272
45;Toledo;45058 Domingo Pérez;Mujeres;2007;269
45;Toledo;45058 Domingo Pérez;Mujeres;2006;246
45;Toledo;45058 Domingo Pérez;Mujeres;2005;246
45;Toledo;45058 Domingo Pérez;Mujeres;2004;243
45;Toledo;45058 Domingo Pérez;Mujeres;2003;234
45;Toledo;45058 Domingo Pérez;Mujeres;2002;235
45;Toledo;45058 Domingo Pérez;Mujeres;2001;233
45;Toledo;45058 Domingo Pérez;Mujeres;2000;241
45;Toledo;45058 Domingo Pérez;Mujeres;1999;252
45;Toledo;45058 Domingo Pérez;Mujeres;1998;262
45;Toledo;45058 Domingo Pérez;Mujeres;1997;
45;Toledo;45058 Domingo Pérez;Mujeres;1996;264
45;Toledo;45059 Dosbarrios;Total;2023;2223
45;Toledo;45059 Dosbarrios;Total;2022;2273
45;Toledo;45059 Dosbarrios;Total;2021;2263
45;Toledo;45059 Dosbarrios;Total;2020;2260
45;Toledo;45059 Dosbarrios;Total;2019;2223
45;Toledo;45059 Dosbarrios;Total;2018;2201
45;Toledo;45059 Dosbarrios;Total;2017;2230
45;Toledo;45059 Dosbarrios;Total;2016;2241
45;Toledo;45059 Dosbarrios;Total;2015;2255
45;Toledo;45059 Dosbarrios;Total;2014;2302
45;Toledo;45059 Dosbarrios;Total;2013;2327
45;Toledo;45059 Dosbarrios;Total;2012;2362
45;Toledo;45059 Dosbarrios;Total;2011;2381
45;Toledo;45059 Dosbarrios;Total;2010;2404
45;Toledo;45059 Dosbarrios;Total;2009;2497
45;Toledo;45059 Dosbarrios;Total;2008;2520
45;Toledo;45059 Dosbarrios;Total;2007;2389
45;Toledo;45059 Dosbarrios;Total;2006;2280
45;Toledo;45059 Dosbarrios;Total;2005;2219
45;Toledo;45059 Dosbarrios;Total;2004;2169
45;Toledo;45059 Dosbarrios;Total;2003;2098
45;Toledo;45059 Dosbarrios;Total;2002;2083
45;Toledo;45059 Dosbarrios;Total;2001;2085
45;Toledo;45059 Dosbarrios;Total;2000;2097
45;Toledo;45059 Dosbarrios;Total;1999;2081
45;Toledo;45059 Dosbarrios;Total;1998;2069
45;Toledo;45059 Dosbarrios;Total;1997;
45;Toledo;45059 Dosbarrios;Total;1996;2045
45;Toledo;45059 Dosbarrios;Hombres;2023;1147
45;Toledo;45059 Dosbarrios;Hombres;2022;1167
45;Toledo;45059 Dosbarrios;Hombres;2021;1166
45;Toledo;45059 Dosbarrios;Hombres;2020;1156
45;Toledo;45059 Dosbarrios;Hombres;2019;1137
45;Toledo;45059 Dosbarrios;Hombres;2018;1132
45;Toledo;45059 Dosbarrios;Hombres;2017;1141
45;Toledo;45059 Dosbarrios;Hombres;2016;1149
45;Toledo;45059 Dosbarrios;Hombres;2015;1149
45;Toledo;45059 Dosbarrios;Hombres;2014;1172
45;Toledo;45059 Dosbarrios;Hombres;2013;1180
45;Toledo;45059 Dosbarrios;Hombres;2012;1184
45;Toledo;45059 Dosbarrios;Hombres;2011;1198
45;Toledo;45059 Dosbarrios;Hombres;2010;1205
45;Toledo;45059 Dosbarrios;Hombres;2009;1271
45;Toledo;45059 Dosbarrios;Hombres;2008;1295
45;Toledo;45059 Dosbarrios;Hombres;2007;1208
45;Toledo;45059 Dosbarrios;Hombres;2006;1164
45;Toledo;45059 Dosbarrios;Hombres;2005;1133
45;Toledo;45059 Dosbarrios;Hombres;2004;1094
45;Toledo;45059 Dosbarrios;Hombres;2003;1053
45;Toledo;45059 Dosbarrios;Hombres;2002;1044
45;Toledo;45059 Dosbarrios;Hombres;2001;1044
45;Toledo;45059 Dosbarrios;Hombres;2000;1060
45;Toledo;45059 Dosbarrios;Hombres;1999;1051
45;Toledo;45059 Dosbarrios;Hombres;1998;1036
45;Toledo;45059 Dosbarrios;Hombres;1997;
45;Toledo;45059 Dosbarrios;Hombres;1996;1025
45;Toledo;45059 Dosbarrios;Mujeres;2023;1076
45;Toledo;45059 Dosbarrios;Mujeres;2022;1106
45;Toledo;45059 Dosbarrios;Mujeres;2021;1097
45;Toledo;45059 Dosbarrios;Mujeres;2020;1104
45;Toledo;45059 Dosbarrios;Mujeres;2019;1086
45;Toledo;45059 Dosbarrios;Mujeres;2018;1069
45;Toledo;45059 Dosbarrios;Mujeres;2017;1089
45;Toledo;45059 Dosbarrios;Mujeres;2016;1092
45;Toledo;45059 Dosbarrios;Mujeres;2015;1106
45;Toledo;45059 Dosbarrios;Mujeres;2014;1130
45;Toledo;45059 Dosbarrios;Mujeres;2013;1147
45;Toledo;45059 Dosbarrios;Mujeres;2012;1178
45;Toledo;45059 Dosbarrios;Mujeres;2011;1183
45;Toledo;45059 Dosbarrios;Mujeres;2010;1199
45;Toledo;45059 Dosbarrios;Mujeres;2009;1226
45;Toledo;45059 Dosbarrios;Mujeres;2008;1225
45;Toledo;45059 Dosbarrios;Mujeres;2007;1181
45;Toledo;45059 Dosbarrios;Mujeres;2006;1116
45;Toledo;45059 Dosbarrios;Mujeres;2005;1086
45;Toledo;45059 Dosbarrios;Mujeres;2004;1075
45;Toledo;45059 Dosbarrios;Mujeres;2003;1045
45;Toledo;45059 Dosbarrios;Mujeres;2002;1039
45;Toledo;45059 Dosbarrios;Mujeres;2001;1041
45;Toledo;45059 Dosbarrios;Mujeres;2000;1037
45;Toledo;45059 Dosbarrios;Mujeres;1999;1030
45;Toledo;45059 Dosbarrios;Mujeres;1998;1033
45;Toledo;45059 Dosbarrios;Mujeres;1997;
45;Toledo;45059 Dosbarrios;Mujeres;1996;1020
45;Toledo;45060 Erustes;Total;2023;225
45;Toledo;45060 Erustes;Total;2022;206
45;Toledo;45060 Erustes;Total;2021;191
45;Toledo;45060 Erustes;Total;2020;189
45;Toledo;45060 Erustes;Total;2019;193
45;Toledo;45060 Erustes;Total;2018;207
45;Toledo;45060 Erustes;Total;2017;211
45;Toledo;45060 Erustes;Total;2016;222
45;Toledo;45060 Erustes;Total;2015;225
45;Toledo;45060 Erustes;Total;2014;238
45;Toledo;45060 Erustes;Total;2013;233
45;Toledo;45060 Erustes;Total;2012;245
45;Toledo;45060 Erustes;Total;2011;259
45;Toledo;45060 Erustes;Total;2010;259
45;Toledo;45060 Erustes;Total;2009;255
45;Toledo;45060 Erustes;Total;2008;253
45;Toledo;45060 Erustes;Total;2007;232
45;Toledo;45060 Erustes;Total;2006;209
45;Toledo;45060 Erustes;Total;2005;211
45;Toledo;45060 Erustes;Total;2004;206
45;Toledo;45060 Erustes;Total;2003;199
45;Toledo;45060 Erustes;Total;2002;203
45;Toledo;45060 Erustes;Total;2001;200
45;Toledo;45060 Erustes;Total;2000;199
45;Toledo;45060 Erustes;Total;1999;191
45;Toledo;45060 Erustes;Total;1998;198
45;Toledo;45060 Erustes;Total;1997;
45;Toledo;45060 Erustes;Total;1996;211
45;Toledo;45060 Erustes;Hombres;2023;120
45;Toledo;45060 Erustes;Hombres;2022;109
45;Toledo;45060 Erustes;Hombres;2021;98
45;Toledo;45060 Erustes;Hombres;2020;98
45;Toledo;45060 Erustes;Hombres;2019;101
45;Toledo;45060 Erustes;Hombres;2018;107
45;Toledo;45060 Erustes;Hombres;2017;108
45;Toledo;45060 Erustes;Hombres;2016;115
45;Toledo;45060 Erustes;Hombres;2015;120
45;Toledo;45060 Erustes;Hombres;2014;127
45;Toledo;45060 Erustes;Hombres;2013;121
45;Toledo;45060 Erustes;Hombres;2012;129
45;Toledo;45060 Erustes;Hombres;2011;131
45;Toledo;45060 Erustes;Hombres;2010;129
45;Toledo;45060 Erustes;Hombres;2009;129
45;Toledo;45060 Erustes;Hombres;2008;127
45;Toledo;45060 Erustes;Hombres;2007;117
45;Toledo;45060 Erustes;Hombres;2006;104
45;Toledo;45060 Erustes;Hombres;2005;104
45;Toledo;45060 Erustes;Hombres;2004;99
45;Toledo;45060 Erustes;Hombres;2003;99
45;Toledo;45060 Erustes;Hombres;2002;104
45;Toledo;45060 Erustes;Hombres;2001;101
45;Toledo;45060 Erustes;Hombres;2000;101
45;Toledo;45060 Erustes;Hombres;1999;98
45;Toledo;45060 Erustes;Hombres;1998;104
45;Toledo;45060 Erustes;Hombres;1997;
45;Toledo;45060 Erustes;Hombres;1996;107
45;Toledo;45060 Erustes;Mujeres;2023;105
45;Toledo;45060 Erustes;Mujeres;2022;97
45;Toledo;45060 Erustes;Mujeres;2021;93
45;Toledo;45060 Erustes;Mujeres;2020;91
45;Toledo;45060 Erustes;Mujeres;2019;92
45;Toledo;45060 Erustes;Mujeres;2018;100
45;Toledo;45060 Erustes;Mujeres;2017;103
45;Toledo;45060 Erustes;Mujeres;2016;107
45;Toledo;45060 Erustes;Mujeres;2015;105
45;Toledo;45060 Erustes;Mujeres;2014;111
45;Toledo;45060 Erustes;Mujeres;2013;112
45;Toledo;45060 Erustes;Mujeres;2012;116
45;Toledo;45060 Erustes;Mujeres;2011;128
45;Toledo;45060 Erustes;Mujeres;2010;130
45;Toledo;45060 Erustes;Mujeres;2009;126
45;Toledo;45060 Erustes;Mujeres;2008;126
45;Toledo;45060 Erustes;Mujeres;2007;115
45;Toledo;45060 Erustes;Mujeres;2006;105
45;Toledo;45060 Erustes;Mujeres;2005;107
45;Toledo;45060 Erustes;Mujeres;2004;107
45;Toledo;45060 Erustes;Mujeres;2003;100
45;Toledo;45060 Erustes;Mujeres;2002;99
45;Toledo;45060 Erustes;Mujeres;2001;99
45;Toledo;45060 Erustes;Mujeres;2000;98
45;Toledo;45060 Erustes;Mujeres;1999;93
45;Toledo;45060 Erustes;Mujeres;1998;94
45;Toledo;45060 Erustes;Mujeres;1997;
45;Toledo;45060 Erustes;Mujeres;1996;104
45;Toledo;45061 Escalona;Total;2023;3669
45;Toledo;45061 Escalona;Total;2022;3573
45;Toledo;45061 Escalona;Total;2021;3441
45;Toledo;45061 Escalona;Total;2020;3276
45;Toledo;45061 Escalona;Total;2019;3241
45;Toledo;45061 Escalona;Total;2018;3199
45;Toledo;45061 Escalona;Total;2017;3240
45;Toledo;45061 Escalona;Total;2016;3203
45;Toledo;45061 Escalona;Total;2015;3306
45;Toledo;45061 Escalona;Total;2014;3349
45;Toledo;45061 Escalona;Total;2013;3368
45;Toledo;45061 Escalona;Total;2012;3454
45;Toledo;45061 Escalona;Total;2011;3540
45;Toledo;45061 Escalona;Total;2010;3523
45;Toledo;45061 Escalona;Total;2009;3521
45;Toledo;45061 Escalona;Total;2008;3468
45;Toledo;45061 Escalona;Total;2007;3307
45;Toledo;45061 Escalona;Total;2006;3053
45;Toledo;45061 Escalona;Total;2005;2779
45;Toledo;45061 Escalona;Total;2004;2542
45;Toledo;45061 Escalona;Total;2003;2374
45;Toledo;45061 Escalona;Total;2002;2228
45;Toledo;45061 Escalona;Total;2001;2193
45;Toledo;45061 Escalona;Total;2000;2170
45;Toledo;45061 Escalona;Total;1999;2130
45;Toledo;45061 Escalona;Total;1998;2072
45;Toledo;45061 Escalona;Total;1997;
45;Toledo;45061 Escalona;Total;1996;2048
45;Toledo;45061 Escalona;Hombres;2023;1882
45;Toledo;45061 Escalona;Hombres;2022;1846
45;Toledo;45061 Escalona;Hombres;2021;1781
45;Toledo;45061 Escalona;Hombres;2020;1701
45;Toledo;45061 Escalona;Hombres;2019;1679
45;Toledo;45061 Escalona;Hombres;2018;1648
45;Toledo;45061 Escalona;Hombres;2017;1667
45;Toledo;45061 Escalona;Hombres;2016;1638
45;Toledo;45061 Escalona;Hombres;2015;1697
45;Toledo;45061 Escalona;Hombres;2014;1736
45;Toledo;45061 Escalona;Hombres;2013;1755
45;Toledo;45061 Escalona;Hombres;2012;1794
45;Toledo;45061 Escalona;Hombres;2011;1839
45;Toledo;45061 Escalona;Hombres;2010;1833
45;Toledo;45061 Escalona;Hombres;2009;1826
45;Toledo;45061 Escalona;Hombres;2008;1792
45;Toledo;45061 Escalona;Hombres;2007;1709
45;Toledo;45061 Escalona;Hombres;2006;1571
45;Toledo;45061 Escalona;Hombres;2005;1416
45;Toledo;45061 Escalona;Hombres;2004;1296
45;Toledo;45061 Escalona;Hombres;2003;1204
45;Toledo;45061 Escalona;Hombres;2002;1118
45;Toledo;45061 Escalona;Hombres;2001;1115
45;Toledo;45061 Escalona;Hombres;2000;1108
45;Toledo;45061 Escalona;Hombres;1999;1077
45;Toledo;45061 Escalona;Hombres;1998;1053
45;Toledo;45061 Escalona;Hombres;1997;
45;Toledo;45061 Escalona;Hombres;1996;1047
45;Toledo;45061 Escalona;Mujeres;2023;1787
45;Toledo;45061 Escalona;Mujeres;2022;1727
45;Toledo;45061 Escalona;Mujeres;2021;1660
45;Toledo;45061 Escalona;Mujeres;2020;1575
45;Toledo;45061 Escalona;Mujeres;2019;1562
45;Toledo;45061 Escalona;Mujeres;2018;1551
45;Toledo;45061 Escalona;Mujeres;2017;1573
45;Toledo;45061 Escalona;Mujeres;2016;1565
45;Toledo;45061 Escalona;Mujeres;2015;1609
45;Toledo;45061 Escalona;Mujeres;2014;1613
45;Toledo;45061 Escalona;Mujeres;2013;1613
45;Toledo;45061 Escalona;Mujeres;2012;1660
45;Toledo;45061 Escalona;Mujeres;2011;1701
45;Toledo;45061 Escalona;Mujeres;2010;1690
45;Toledo;45061 Escalona;Mujeres;2009;1695
45;Toledo;45061 Escalona;Mujeres;2008;1676
45;Toledo;45061 Escalona;Mujeres;2007;1598
45;Toledo;45061 Escalona;Mujeres;2006;1482
45;Toledo;45061 Escalona;Mujeres;2005;1363
45;Toledo;45061 Escalona;Mujeres;2004;1246
45;Toledo;45061 Escalona;Mujeres;2003;1170
45;Toledo;45061 Escalona;Mujeres;2002;1110
45;Toledo;45061 Escalona;Mujeres;2001;1078
45;Toledo;45061 Escalona;Mujeres;2000;1062
45;Toledo;45061 Escalona;Mujeres;1999;1053
45;Toledo;45061 Escalona;Mujeres;1998;1019
45;Toledo;45061 Escalona;Mujeres;1997;
45;Toledo;45061 Escalona;Mujeres;1996;1001
45;Toledo;45062 Escalonilla;Total;2023;1469
45;Toledo;45062 Escalonilla;Total;2022;1440
45;Toledo;45062 Escalonilla;Total;2021;1397
45;Toledo;45062 Escalonilla;Total;2020;1420
45;Toledo;45062 Escalonilla;Total;2019;1427
45;Toledo;45062 Escalonilla;Total;2018;1437
45;Toledo;45062 Escalonilla;Total;2017;1447
45;Toledo;45062 Escalonilla;Total;2016;1462
45;Toledo;45062 Escalonilla;Total;2015;1470
45;Toledo;45062 Escalonilla;Total;2014;1478
45;Toledo;45062 Escalonilla;Total;2013;1496
45;Toledo;45062 Escalonilla;Total;2012;1546
45;Toledo;45062 Escalonilla;Total;2011;1544
45;Toledo;45062 Escalonilla;Total;2010;1576
45;Toledo;45062 Escalonilla;Total;2009;1621
45;Toledo;45062 Escalonilla;Total;2008;1616
45;Toledo;45062 Escalonilla;Total;2007;1591
45;Toledo;45062 Escalonilla;Total;2006;1505
45;Toledo;45062 Escalonilla;Total;2005;1470
45;Toledo;45062 Escalonilla;Total;2004;1443
45;Toledo;45062 Escalonilla;Total;2003;1424
45;Toledo;45062 Escalonilla;Total;2002;1398
45;Toledo;45062 Escalonilla;Total;2001;1404
45;Toledo;45062 Escalonilla;Total;2000;1432
45;Toledo;45062 Escalonilla;Total;1999;1443
45;Toledo;45062 Escalonilla;Total;1998;1452
45;Toledo;45062 Escalonilla;Total;1997;
45;Toledo;45062 Escalonilla;Total;1996;1451
45;Toledo;45062 Escalonilla;Hombres;2023;717
45;Toledo;45062 Escalonilla;Hombres;2022;712
45;Toledo;45062 Escalonilla;Hombres;2021;690
45;Toledo;45062 Escalonilla;Hombres;2020;700
45;Toledo;45062 Escalonilla;Hombres;2019;716
45;Toledo;45062 Escalonilla;Hombres;2018;715
45;Toledo;45062 Escalonilla;Hombres;2017;722
45;Toledo;45062 Escalonilla;Hombres;2016;728
45;Toledo;45062 Escalonilla;Hombres;2015;725
45;Toledo;45062 Escalonilla;Hombres;2014;734
45;Toledo;45062 Escalonilla;Hombres;2013;747
45;Toledo;45062 Escalonilla;Hombres;2012;768
45;Toledo;45062 Escalonilla;Hombres;2011;765
45;Toledo;45062 Escalonilla;Hombres;2010;790
45;Toledo;45062 Escalonilla;Hombres;2009;827
45;Toledo;45062 Escalonilla;Hombres;2008;825
45;Toledo;45062 Escalonilla;Hombres;2007;808
45;Toledo;45062 Escalonilla;Hombres;2006;764
45;Toledo;45062 Escalonilla;Hombres;2005;740
45;Toledo;45062 Escalonilla;Hombres;2004;724
45;Toledo;45062 Escalonilla;Hombres;2003;715
45;Toledo;45062 Escalonilla;Hombres;2002;700
45;Toledo;45062 Escalonilla;Hombres;2001;683
45;Toledo;45062 Escalonilla;Hombres;2000;695
45;Toledo;45062 Escalonilla;Hombres;1999;698
45;Toledo;45062 Escalonilla;Hombres;1998;706
45;Toledo;45062 Escalonilla;Hombres;1997;
45;Toledo;45062 Escalonilla;Hombres;1996;708
45;Toledo;45062 Escalonilla;Mujeres;2023;752
45;Toledo;45062 Escalonilla;Mujeres;2022;728
45;Toledo;45062 Escalonilla;Mujeres;2021;707
45;Toledo;45062 Escalonilla;Mujeres;2020;720
45;Toledo;45062 Escalonilla;Mujeres;2019;711
45;Toledo;45062 Escalonilla;Mujeres;2018;722
45;Toledo;45062 Escalonilla;Mujeres;2017;725
45;Toledo;45062 Escalonilla;Mujeres;2016;734
45;Toledo;45062 Escalonilla;Mujeres;2015;745
45;Toledo;45062 Escalonilla;Mujeres;2014;744
45;Toledo;45062 Escalonilla;Mujeres;2013;749
45;Toledo;45062 Escalonilla;Mujeres;2012;778
45;Toledo;45062 Escalonilla;Mujeres;2011;779
45;Toledo;45062 Escalonilla;Mujeres;2010;786
45;Toledo;45062 Escalonilla;Mujeres;2009;794
45;Toledo;45062 Escalonilla;Mujeres;2008;791
45;Toledo;45062 Escalonilla;Mujeres;2007;783
45;Toledo;45062 Escalonilla;Mujeres;2006;741
45;Toledo;45062 Escalonilla;Mujeres;2005;730
45;Toledo;45062 Escalonilla;Mujeres;2004;719
45;Toledo;45062 Escalonilla;Mujeres;2003;709
45;Toledo;45062 Escalonilla;Mujeres;2002;698
45;Toledo;45062 Escalonilla;Mujeres;2001;721
45;Toledo;45062 Escalonilla;Mujeres;2000;737
45;Toledo;45062 Escalonilla;Mujeres;1999;745
45;Toledo;45062 Escalonilla;Mujeres;1998;746
45;Toledo;45062 Escalonilla;Mujeres;1997;
45;Toledo;45062 Escalonilla;Mujeres;1996;743
45;Toledo;45063 Espinoso del Rey;Total;2023;422
45;Toledo;45063 Espinoso del Rey;Total;2022;437
45;Toledo;45063 Espinoso del Rey;Total;2021;435
45;Toledo;45063 Espinoso del Rey;Total;2020;425
45;Toledo;45063 Espinoso del Rey;Total;2019;436
45;Toledo;45063 Espinoso del Rey;Total;2018;439
45;Toledo;45063 Espinoso del Rey;Total;2017;466
45;Toledo;45063 Espinoso del Rey;Total;2016;497
45;Toledo;45063 Espinoso del Rey;Total;2015;507
45;Toledo;45063 Espinoso del Rey;Total;2014;532
45;Toledo;45063 Espinoso del Rey;Total;2013;573
45;Toledo;45063 Espinoso del Rey;Total;2012;577
45;Toledo;45063 Espinoso del Rey;Total;2011;589
45;Toledo;45063 Espinoso del Rey;Total;2010;579
45;Toledo;45063 Espinoso del Rey;Total;2009;585
45;Toledo;45063 Espinoso del Rey;Total;2008;609
45;Toledo;45063 Espinoso del Rey;Total;2007;637
45;Toledo;45063 Espinoso del Rey;Total;2006;588
45;Toledo;45063 Espinoso del Rey;Total;2005;605
45;Toledo;45063 Espinoso del Rey;Total;2004;603
45;Toledo;45063 Espinoso del Rey;Total;2003;612
45;Toledo;45063 Espinoso del Rey;Total;2002;600
45;Toledo;45063 Espinoso del Rey;Total;2001;609
45;Toledo;45063 Espinoso del Rey;Total;2000;631
45;Toledo;45063 Espinoso del Rey;Total;1999;638
45;Toledo;45063 Espinoso del Rey;Total;1998;645
45;Toledo;45063 Espinoso del Rey;Total;1997;
45;Toledo;45063 Espinoso del Rey;Total;1996;655
45;Toledo;45063 Espinoso del Rey;Hombres;2023;248
45;Toledo;45063 Espinoso del Rey;Hombres;2022;255
45;Toledo;45063 Espinoso del Rey;Hombres;2021;252
45;Toledo;45063 Espinoso del Rey;Hombres;2020;242
45;Toledo;45063 Espinoso del Rey;Hombres;2019;247
45;Toledo;45063 Espinoso del Rey;Hombres;2018;244
45;Toledo;45063 Espinoso del Rey;Hombres;2017;258
45;Toledo;45063 Espinoso del Rey;Hombres;2016;271
45;Toledo;45063 Espinoso del Rey;Hombres;2015;280
45;Toledo;45063 Espinoso del Rey;Hombres;2014;295
45;Toledo;45063 Espinoso del Rey;Hombres;2013;308
45;Toledo;45063 Espinoso del Rey;Hombres;2012;314
45;Toledo;45063 Espinoso del Rey;Hombres;2011;318
45;Toledo;45063 Espinoso del Rey;Hombres;2010;309
45;Toledo;45063 Espinoso del Rey;Hombres;2009;309
45;Toledo;45063 Espinoso del Rey;Hombres;2008;329
45;Toledo;45063 Espinoso del Rey;Hombres;2007;340
45;Toledo;45063 Espinoso del Rey;Hombres;2006;314
45;Toledo;45063 Espinoso del Rey;Hombres;2005;317
45;Toledo;45063 Espinoso del Rey;Hombres;2004;308
45;Toledo;45063 Espinoso del Rey;Hombres;2003;312
45;Toledo;45063 Espinoso del Rey;Hombres;2002;309
45;Toledo;45063 Espinoso del Rey;Hombres;2001;314
45;Toledo;45063 Espinoso del Rey;Hombres;2000;323
45;Toledo;45063 Espinoso del Rey;Hombres;1999;328
45;Toledo;45063 Espinoso del Rey;Hombres;1998;333
45;Toledo;45063 Espinoso del Rey;Hombres;1997;
45;Toledo;45063 Espinoso del Rey;Hombres;1996;336
45;Toledo;45063 Espinoso del Rey;Mujeres;2023;174
45;Toledo;45063 Espinoso del Rey;Mujeres;2022;182
45;Toledo;45063 Espinoso del Rey;Mujeres;2021;183
45;Toledo;45063 Espinoso del Rey;Mujeres;2020;183
45;Toledo;45063 Espinoso del Rey;Mujeres;2019;189
45;Toledo;45063 Espinoso del Rey;Mujeres;2018;195
45;Toledo;45063 Espinoso del Rey;Mujeres;2017;208
45;Toledo;45063 Espinoso del Rey;Mujeres;2016;226
45;Toledo;45063 Espinoso del Rey;Mujeres;2015;227
45;Toledo;45063 Espinoso del Rey;Mujeres;2014;237
45;Toledo;45063 Espinoso del Rey;Mujeres;2013;265
45;Toledo;45063 Espinoso del Rey;Mujeres;2012;263
45;Toledo;45063 Espinoso del Rey;Mujeres;2011;271
45;Toledo;45063 Espinoso del Rey;Mujeres;2010;270
45;Toledo;45063 Espinoso del Rey;Mujeres;2009;276
45;Toledo;45063 Espinoso del Rey;Mujeres;2008;280
45;Toledo;45063 Espinoso del Rey;Mujeres;2007;297
45;Toledo;45063 Espinoso del Rey;Mujeres;2006;274
45;Toledo;45063 Espinoso del Rey;Mujeres;2005;288
45;Toledo;45063 Espinoso del Rey;Mujeres;2004;295
45;Toledo;45063 Espinoso del Rey;Mujeres;2003;300
45;Toledo;45063 Espinoso del Rey;Mujeres;2002;291
45;Toledo;45063 Espinoso del Rey;Mujeres;2001;295
45;Toledo;45063 Espinoso del Rey;Mujeres;2000;308
45;Toledo;45063 Espinoso del Rey;Mujeres;1999;310
45;Toledo;45063 Espinoso del Rey;Mujeres;1998;312
45;Toledo;45063 Espinoso del Rey;Mujeres;1997;
45;Toledo;45063 Espinoso del Rey;Mujeres;1996;319
45;Toledo;45064 Esquivias;Total;2023;5778
45;Toledo;45064 Esquivias;Total;2022;5740
45;Toledo;45064 Esquivias;Total;2021;5747
45;Toledo;45064 Esquivias;Total;2020;5628
45;Toledo;45064 Esquivias;Total;2019;5549
45;Toledo;45064 Esquivias;Total;2018;5449
45;Toledo;45064 Esquivias;Total;2017;5378
45;Toledo;45064 Esquivias;Total;2016;5386
45;Toledo;45064 Esquivias;Total;2015;5389
45;Toledo;45064 Esquivias;Total;2014;5432
45;Toledo;45064 Esquivias;Total;2013;5451
45;Toledo;45064 Esquivias;Total;2012;5507
45;Toledo;45064 Esquivias;Total;2011;5474
45;Toledo;45064 Esquivias;Total;2010;5376
45;Toledo;45064 Esquivias;Total;2009;5262
45;Toledo;45064 Esquivias;Total;2008;5130
45;Toledo;45064 Esquivias;Total;2007;4900
45;Toledo;45064 Esquivias;Total;2006;4812
45;Toledo;45064 Esquivias;Total;2005;4577
45;Toledo;45064 Esquivias;Total;2004;4379
45;Toledo;45064 Esquivias;Total;2003;4084
45;Toledo;45064 Esquivias;Total;2002;3966
45;Toledo;45064 Esquivias;Total;2001;3848
45;Toledo;45064 Esquivias;Total;2000;3806
45;Toledo;45064 Esquivias;Total;1999;3800
45;Toledo;45064 Esquivias;Total;1998;3800
45;Toledo;45064 Esquivias;Total;1997;
45;Toledo;45064 Esquivias;Total;1996;3770
45;Toledo;45064 Esquivias;Hombres;2023;2947
45;Toledo;45064 Esquivias;Hombres;2022;2910
45;Toledo;45064 Esquivias;Hombres;2021;2919
45;Toledo;45064 Esquivias;Hombres;2020;2873
45;Toledo;45064 Esquivias;Hombres;2019;2822
45;Toledo;45064 Esquivias;Hombres;2018;2744
45;Toledo;45064 Esquivias;Hombres;2017;2710
45;Toledo;45064 Esquivias;Hombres;2016;2724
45;Toledo;45064 Esquivias;Hombres;2015;2725
45;Toledo;45064 Esquivias;Hombres;2014;2742
45;Toledo;45064 Esquivias;Hombres;2013;2757
45;Toledo;45064 Esquivias;Hombres;2012;2791
45;Toledo;45064 Esquivias;Hombres;2011;2770
45;Toledo;45064 Esquivias;Hombres;2010;2699
45;Toledo;45064 Esquivias;Hombres;2009;2648
45;Toledo;45064 Esquivias;Hombres;2008;2582
45;Toledo;45064 Esquivias;Hombres;2007;2452
45;Toledo;45064 Esquivias;Hombres;2006;2433
45;Toledo;45064 Esquivias;Hombres;2005;2318
45;Toledo;45064 Esquivias;Hombres;2004;2217
45;Toledo;45064 Esquivias;Hombres;2003;2057
45;Toledo;45064 Esquivias;Hombres;2002;1999
45;Toledo;45064 Esquivias;Hombres;2001;1940
45;Toledo;45064 Esquivias;Hombres;2000;1907
45;Toledo;45064 Esquivias;Hombres;1999;1910
45;Toledo;45064 Esquivias;Hombres;1998;1910
45;Toledo;45064 Esquivias;Hombres;1997;
45;Toledo;45064 Esquivias;Hombres;1996;1888
45;Toledo;45064 Esquivias;Mujeres;2023;2831
45;Toledo;45064 Esquivias;Mujeres;2022;2830
45;Toledo;45064 Esquivias;Mujeres;2021;2828
45;Toledo;45064 Esquivias;Mujeres;2020;2755
45;Toledo;45064 Esquivias;Mujeres;2019;2727
45;Toledo;45064 Esquivias;Mujeres;2018;2705
45;Toledo;45064 Esquivias;Mujeres;2017;2668
45;Toledo;45064 Esquivias;Mujeres;2016;2662
45;Toledo;45064 Esquivias;Mujeres;2015;2664
45;Toledo;45064 Esquivias;Mujeres;2014;2690
45;Toledo;45064 Esquivias;Mujeres;2013;2694
45;Toledo;45064 Esquivias;Mujeres;2012;2716
45;Toledo;45064 Esquivias;Mujeres;2011;2704
45;Toledo;45064 Esquivias;Mujeres;2010;2677
45;Toledo;45064 Esquivias;Mujeres;2009;2614
45;Toledo;45064 Esquivias;Mujeres;2008;2548
45;Toledo;45064 Esquivias;Mujeres;2007;2448
45;Toledo;45064 Esquivias;Mujeres;2006;2379
45;Toledo;45064 Esquivias;Mujeres;2005;2259
45;Toledo;45064 Esquivias;Mujeres;2004;2162
45;Toledo;45064 Esquivias;Mujeres;2003;2027
45;Toledo;45064 Esquivias;Mujeres;2002;1967
45;Toledo;45064 Esquivias;Mujeres;2001;1908
45;Toledo;45064 Esquivias;Mujeres;2000;1899
45;Toledo;45064 Esquivias;Mujeres;1999;1890
45;Toledo;45064 Esquivias;Mujeres;1998;1890
45;Toledo;45064 Esquivias;Mujeres;1997;
45;Toledo;45064 Esquivias;Mujeres;1996;1882
45;Toledo;45065 Estrella, La;Total;2023;298
45;Toledo;45065 Estrella, La;Total;2022;194
45;Toledo;45065 Estrella, La;Total;2021;205
45;Toledo;45065 Estrella, La;Total;2020;215
45;Toledo;45065 Estrella, La;Total;2019;225
45;Toledo;45065 Estrella, La;Total;2018;233
45;Toledo;45065 Estrella, La;Total;2017;241
45;Toledo;45065 Estrella, La;Total;2016;250
45;Toledo;45065 Estrella, La;Total;2015;260
45;Toledo;45065 Estrella, La;Total;2014;275
45;Toledo;45065 Estrella, La;Total;2013;287
45;Toledo;45065 Estrella, La;Total;2012;305
45;Toledo;45065 Estrella, La;Total;2011;327
45;Toledo;45065 Estrella, La;Total;2010;325
45;Toledo;45065 Estrella, La;Total;2009;303
45;Toledo;45065 Estrella, La;Total;2008;318
45;Toledo;45065 Estrella, La;Total;2007;340
45;Toledo;45065 Estrella, La;Total;2006;322
45;Toledo;45065 Estrella, La;Total;2005;348
45;Toledo;45065 Estrella, La;Total;2004;366
45;Toledo;45065 Estrella, La;Total;2003;382
45;Toledo;45065 Estrella, La;Total;2002;392
45;Toledo;45065 Estrella, La;Total;2001;403
45;Toledo;45065 Estrella, La;Total;2000;411
45;Toledo;45065 Estrella, La;Total;1999;430
45;Toledo;45065 Estrella, La;Total;1998;433
45;Toledo;45065 Estrella, La;Total;1997;
45;Toledo;45065 Estrella, La;Total;1996;457
45;Toledo;45065 Estrella, La;Hombres;2023;161
45;Toledo;45065 Estrella, La;Hombres;2022;107
45;Toledo;45065 Estrella, La;Hombres;2021;109
45;Toledo;45065 Estrella, La;Hombres;2020;115
45;Toledo;45065 Estrella, La;Hombres;2019;117
45;Toledo;45065 Estrella, La;Hombres;2018;122
45;Toledo;45065 Estrella, La;Hombres;2017;126
45;Toledo;45065 Estrella, La;Hombres;2016;128
45;Toledo;45065 Estrella, La;Hombres;2015;133
45;Toledo;45065 Estrella, La;Hombres;2014;140
45;Toledo;45065 Estrella, La;Hombres;2013;148
45;Toledo;45065 Estrella, La;Hombres;2012;156
45;Toledo;45065 Estrella, La;Hombres;2011;163
45;Toledo;45065 Estrella, La;Hombres;2010;160
45;Toledo;45065 Estrella, La;Hombres;2009;152
45;Toledo;45065 Estrella, La;Hombres;2008;160
45;Toledo;45065 Estrella, La;Hombres;2007;170
45;Toledo;45065 Estrella, La;Hombres;2006;162
45;Toledo;45065 Estrella, La;Hombres;2005;181
45;Toledo;45065 Estrella, La;Hombres;2004;193
45;Toledo;45065 Estrella, La;Hombres;2003;198
45;Toledo;45065 Estrella, La;Hombres;2002;204
45;Toledo;45065 Estrella, La;Hombres;2001;209
45;Toledo;45065 Estrella, La;Hombres;2000;216
45;Toledo;45065 Estrella, La;Hombres;1999;224
45;Toledo;45065 Estrella, La;Hombres;1998;228
45;Toledo;45065 Estrella, La;Hombres;1997;
45;Toledo;45065 Estrella, La;Hombres;1996;241
45;Toledo;45065 Estrella, La;Mujeres;2023;137
45;Toledo;45065 Estrella, La;Mujeres;2022;87
45;Toledo;45065 Estrella, La;Mujeres;2021;96
45;Toledo;45065 Estrella, La;Mujeres;2020;100
45;Toledo;45065 Estrella, La;Mujeres;2019;108
45;Toledo;45065 Estrella, La;Mujeres;2018;111
45;Toledo;45065 Estrella, La;Mujeres;2017;115
45;Toledo;45065 Estrella, La;Mujeres;2016;122
45;Toledo;45065 Estrella, La;Mujeres;2015;127
45;Toledo;45065 Estrella, La;Mujeres;2014;135
45;Toledo;45065 Estrella, La;Mujeres;2013;139
45;Toledo;45065 Estrella, La;Mujeres;2012;149
45;Toledo;45065 Estrella, La;Mujeres;2011;164
45;Toledo;45065 Estrella, La;Mujeres;2010;165
45;Toledo;45065 Estrella, La;Mujeres;2009;151
45;Toledo;45065 Estrella, La;Mujeres;2008;158
45;Toledo;45065 Estrella, La;Mujeres;2007;170
45;Toledo;45065 Estrella, La;Mujeres;2006;160
45;Toledo;45065 Estrella, La;Mujeres;2005;167
45;Toledo;45065 Estrella, La;Mujeres;2004;173
45;Toledo;45065 Estrella, La;Mujeres;2003;184
45;Toledo;45065 Estrella, La;Mujeres;2002;188
45;Toledo;45065 Estrella, La;Mujeres;2001;194
45;Toledo;45065 Estrella, La;Mujeres;2000;195
45;Toledo;45065 Estrella, La;Mujeres;1999;206
45;Toledo;45065 Estrella, La;Mujeres;1998;205
45;Toledo;45065 Estrella, La;Mujeres;1997;
45;Toledo;45065 Estrella, La;Mujeres;1996;216
45;Toledo;45066 Fuensalida;Total;2023;12329
45;Toledo;45066 Fuensalida;Total;2022;12004
45;Toledo;45066 Fuensalida;Total;2021;11785
45;Toledo;45066 Fuensalida;Total;2020;11655
45;Toledo;45066 Fuensalida;Total;2019;11370
45;Toledo;45066 Fuensalida;Total;2018;11032
45;Toledo;45066 Fuensalida;Total;2017;10976
45;Toledo;45066 Fuensalida;Total;2016;11001
45;Toledo;45066 Fuensalida;Total;2015;11068
45;Toledo;45066 Fuensalida;Total;2014;11132
45;Toledo;45066 Fuensalida;Total;2013;11221
45;Toledo;45066 Fuensalida;Total;2012;11278
45;Toledo;45066 Fuensalida;Total;2011;11189
45;Toledo;45066 Fuensalida;Total;2010;11042
45;Toledo;45066 Fuensalida;Total;2009;10967
45;Toledo;45066 Fuensalida;Total;2008;10591
45;Toledo;45066 Fuensalida;Total;2007;9759
45;Toledo;45066 Fuensalida;Total;2006;9164
45;Toledo;45066 Fuensalida;Total;2005;8951
45;Toledo;45066 Fuensalida;Total;2004;8516
45;Toledo;45066 Fuensalida;Total;2003;8206
45;Toledo;45066 Fuensalida;Total;2002;7981
45;Toledo;45066 Fuensalida;Total;2001;7708
45;Toledo;45066 Fuensalida;Total;2000;7665
45;Toledo;45066 Fuensalida;Total;1999;7661
45;Toledo;45066 Fuensalida;Total;1998;7594
45;Toledo;45066 Fuensalida;Total;1997;
45;Toledo;45066 Fuensalida;Total;1996;7525
45;Toledo;45066 Fuensalida;Hombres;2023;6241
45;Toledo;45066 Fuensalida;Hombres;2022;6044
45;Toledo;45066 Fuensalida;Hombres;2021;5961
45;Toledo;45066 Fuensalida;Hombres;2020;5901
45;Toledo;45066 Fuensalida;Hombres;2019;5768
45;Toledo;45066 Fuensalida;Hombres;2018;5580
45;Toledo;45066 Fuensalida;Hombres;2017;5542
45;Toledo;45066 Fuensalida;Hombres;2016;5561
45;Toledo;45066 Fuensalida;Hombres;2015;5638
45;Toledo;45066 Fuensalida;Hombres;2014;5673
45;Toledo;45066 Fuensalida;Hombres;2013;5725
45;Toledo;45066 Fuensalida;Hombres;2012;5780
45;Toledo;45066 Fuensalida;Hombres;2011;5731
45;Toledo;45066 Fuensalida;Hombres;2010;5679
45;Toledo;45066 Fuensalida;Hombres;2009;5648
45;Toledo;45066 Fuensalida;Hombres;2008;5439
45;Toledo;45066 Fuensalida;Hombres;2007;4986
45;Toledo;45066 Fuensalida;Hombres;2006;4670
45;Toledo;45066 Fuensalida;Hombres;2005;4553
45;Toledo;45066 Fuensalida;Hombres;2004;4303
45;Toledo;45066 Fuensalida;Hombres;2003;4130
45;Toledo;45066 Fuensalida;Hombres;2002;4020
45;Toledo;45066 Fuensalida;Hombres;2001;3901
45;Toledo;45066 Fuensalida;Hombres;2000;3874
45;Toledo;45066 Fuensalida;Hombres;1999;3865
45;Toledo;45066 Fuensalida;Hombres;1998;3826
45;Toledo;45066 Fuensalida;Hombres;1997;
45;Toledo;45066 Fuensalida;Hombres;1996;3769
45;Toledo;45066 Fuensalida;Mujeres;2023;6088
45;Toledo;45066 Fuensalida;Mujeres;2022;5960
45;Toledo;45066 Fuensalida;Mujeres;2021;5824
45;Toledo;45066 Fuensalida;Mujeres;2020;5754
45;Toledo;45066 Fuensalida;Mujeres;2019;5602
45;Toledo;45066 Fuensalida;Mujeres;2018;5452
45;Toledo;45066 Fuensalida;Mujeres;2017;5434
45;Toledo;45066 Fuensalida;Mujeres;2016;5440
45;Toledo;45066 Fuensalida;Mujeres;2015;5430
45;Toledo;45066 Fuensalida;Mujeres;2014;5459
45;Toledo;45066 Fuensalida;Mujeres;2013;5496
45;Toledo;45066 Fuensalida;Mujeres;2012;5498
45;Toledo;45066 Fuensalida;Mujeres;2011;5458
45;Toledo;45066 Fuensalida;Mujeres;2010;5363
45;Toledo;45066 Fuensalida;Mujeres;2009;5319
45;Toledo;45066 Fuensalida;Mujeres;2008;5152
45;Toledo;45066 Fuensalida;Mujeres;2007;4773
45;Toledo;45066 Fuensalida;Mujeres;2006;4494
45;Toledo;45066 Fuensalida;Mujeres;2005;4398
45;Toledo;45066 Fuensalida;Mujeres;2004;4213
45;Toledo;45066 Fuensalida;Mujeres;2003;4076
45;Toledo;45066 Fuensalida;Mujeres;2002;3961
45;Toledo;45066 Fuensalida;Mujeres;2001;3807
45;Toledo;45066 Fuensalida;Mujeres;2000;3791
45;Toledo;45066 Fuensalida;Mujeres;1999;3796
45;Toledo;45066 Fuensalida;Mujeres;1998;3768
45;Toledo;45066 Fuensalida;Mujeres;1997;
45;Toledo;45066 Fuensalida;Mujeres;1996;3756
45;Toledo;45067 Gálvez;Total;2023;3002
45;Toledo;45067 Gálvez;Total;2022;2986
45;Toledo;45067 Gálvez;Total;2021;3015
45;Toledo;45067 Gálvez;Total;2020;3012
45;Toledo;45067 Gálvez;Total;2019;3016
45;Toledo;45067 Gálvez;Total;2018;3016
45;Toledo;45067 Gálvez;Total;2017;3075
45;Toledo;45067 Gálvez;Total;2016;3136
45;Toledo;45067 Gálvez;Total;2015;3187
45;Toledo;45067 Gálvez;Total;2014;3176
45;Toledo;45067 Gálvez;Total;2013;3267
45;Toledo;45067 Gálvez;Total;2012;3355
45;Toledo;45067 Gálvez;Total;2011;3440
45;Toledo;45067 Gálvez;Total;2010;3442
45;Toledo;45067 Gálvez;Total;2009;3492
45;Toledo;45067 Gálvez;Total;2008;3476
45;Toledo;45067 Gálvez;Total;2007;3378
45;Toledo;45067 Gálvez;Total;2006;3383
45;Toledo;45067 Gálvez;Total;2005;3332
45;Toledo;45067 Gálvez;Total;2004;3287
45;Toledo;45067 Gálvez;Total;2003;3198
45;Toledo;45067 Gálvez;Total;2002;3118
45;Toledo;45067 Gálvez;Total;2001;3111
45;Toledo;45067 Gálvez;Total;2000;3082
45;Toledo;45067 Gálvez;Total;1999;3069
45;Toledo;45067 Gálvez;Total;1998;3086
45;Toledo;45067 Gálvez;Total;1997;
45;Toledo;45067 Gálvez;Total;1996;3115
45;Toledo;45067 Gálvez;Hombres;2023;1517
45;Toledo;45067 Gálvez;Hombres;2022;1499
45;Toledo;45067 Gálvez;Hombres;2021;1519
45;Toledo;45067 Gálvez;Hombres;2020;1502
45;Toledo;45067 Gálvez;Hombres;2019;1501
45;Toledo;45067 Gálvez;Hombres;2018;1508
45;Toledo;45067 Gálvez;Hombres;2017;1541
45;Toledo;45067 Gálvez;Hombres;2016;1572
45;Toledo;45067 Gálvez;Hombres;2015;1608
45;Toledo;45067 Gálvez;Hombres;2014;1613
45;Toledo;45067 Gálvez;Hombres;2013;1661
45;Toledo;45067 Gálvez;Hombres;2012;1709
45;Toledo;45067 Gálvez;Hombres;2011;1758
45;Toledo;45067 Gálvez;Hombres;2010;1764
45;Toledo;45067 Gálvez;Hombres;2009;1798
45;Toledo;45067 Gálvez;Hombres;2008;1800
45;Toledo;45067 Gálvez;Hombres;2007;1732
45;Toledo;45067 Gálvez;Hombres;2006;1722
45;Toledo;45067 Gálvez;Hombres;2005;1684
45;Toledo;45067 Gálvez;Hombres;2004;1658
45;Toledo;45067 Gálvez;Hombres;2003;1611
45;Toledo;45067 Gálvez;Hombres;2002;1573
45;Toledo;45067 Gálvez;Hombres;2001;1567
45;Toledo;45067 Gálvez;Hombres;2000;1546
45;Toledo;45067 Gálvez;Hombres;1999;1546
45;Toledo;45067 Gálvez;Hombres;1998;1561
45;Toledo;45067 Gálvez;Hombres;1997;
45;Toledo;45067 Gálvez;Hombres;1996;1581
45;Toledo;45067 Gálvez;Mujeres;2023;1485
45;Toledo;45067 Gálvez;Mujeres;2022;1487
45;Toledo;45067 Gálvez;Mujeres;2021;1496
45;Toledo;45067 Gálvez;Mujeres;2020;1510
45;Toledo;45067 Gálvez;Mujeres;2019;1515
45;Toledo;45067 Gálvez;Mujeres;2018;1508
45;Toledo;45067 Gálvez;Mujeres;2017;1534
45;Toledo;45067 Gálvez;Mujeres;2016;1564
45;Toledo;45067 Gálvez;Mujeres;2015;1579
45;Toledo;45067 Gálvez;Mujeres;2014;1563
45;Toledo;45067 Gálvez;Mujeres;2013;1606
45;Toledo;45067 Gálvez;Mujeres;2012;1646
45;Toledo;45067 Gálvez;Mujeres;2011;1682
45;Toledo;45067 Gálvez;Mujeres;2010;1678
45;Toledo;45067 Gálvez;Mujeres;2009;1694
45;Toledo;45067 Gálvez;Mujeres;2008;1676
45;Toledo;45067 Gálvez;Mujeres;2007;1646
45;Toledo;45067 Gálvez;Mujeres;2006;1661
45;Toledo;45067 Gálvez;Mujeres;2005;1648
45;Toledo;45067 Gálvez;Mujeres;2004;1629
45;Toledo;45067 Gálvez;Mujeres;2003;1587
45;Toledo;45067 Gálvez;Mujeres;2002;1545
45;Toledo;45067 Gálvez;Mujeres;2001;1544
45;Toledo;45067 Gálvez;Mujeres;2000;1536
45;Toledo;45067 Gálvez;Mujeres;1999;1523
45;Toledo;45067 Gálvez;Mujeres;1998;1525
45;Toledo;45067 Gálvez;Mujeres;1997;
45;Toledo;45067 Gálvez;Mujeres;1996;1534
45;Toledo;45068 Garciotum;Total;2023;215
45;Toledo;45068 Garciotum;Total;2022;216
45;Toledo;45068 Garciotum;Total;2021;206
45;Toledo;45068 Garciotum;Total;2020;202
45;Toledo;45068 Garciotum;Total;2019;206
45;Toledo;45068 Garciotum;Total;2018;187
45;Toledo;45068 Garciotum;Total;2017;190
45;Toledo;45068 Garciotum;Total;2016;181
45;Toledo;45068 Garciotum;Total;2015;197
45;Toledo;45068 Garciotum;Total;2014;178
45;Toledo;45068 Garciotum;Total;2013;183
45;Toledo;45068 Garciotum;Total;2012;182
45;Toledo;45068 Garciotum;Total;2011;171
45;Toledo;45068 Garciotum;Total;2010;169
45;Toledo;45068 Garciotum;Total;2009;166
45;Toledo;45068 Garciotum;Total;2008;152
45;Toledo;45068 Garciotum;Total;2007;151
45;Toledo;45068 Garciotum;Total;2006;148
45;Toledo;45068 Garciotum;Total;2005;153
45;Toledo;45068 Garciotum;Total;2004;158
45;Toledo;45068 Garciotum;Total;2003;166
45;Toledo;45068 Garciotum;Total;2002;158
45;Toledo;45068 Garciotum;Total;2001;160
45;Toledo;45068 Garciotum;Total;2000;155
45;Toledo;45068 Garciotum;Total;1999;159
45;Toledo;45068 Garciotum;Total;1998;158
45;Toledo;45068 Garciotum;Total;1997;
45;Toledo;45068 Garciotum;Total;1996;160
45;Toledo;45068 Garciotum;Hombres;2023;107
45;Toledo;45068 Garciotum;Hombres;2022;105
45;Toledo;45068 Garciotum;Hombres;2021;109
45;Toledo;45068 Garciotum;Hombres;2020;104
45;Toledo;45068 Garciotum;Hombres;2019;108
45;Toledo;45068 Garciotum;Hombres;2018;98
45;Toledo;45068 Garciotum;Hombres;2017;96
45;Toledo;45068 Garciotum;Hombres;2016;91
45;Toledo;45068 Garciotum;Hombres;2015;100
45;Toledo;45068 Garciotum;Hombres;2014;90
45;Toledo;45068 Garciotum;Hombres;2013;96
45;Toledo;45068 Garciotum;Hombres;2012;94
45;Toledo;45068 Garciotum;Hombres;2011;85
45;Toledo;45068 Garciotum;Hombres;2010;85
45;Toledo;45068 Garciotum;Hombres;2009;79
45;Toledo;45068 Garciotum;Hombres;2008;74
45;Toledo;45068 Garciotum;Hombres;2007;73
45;Toledo;45068 Garciotum;Hombres;2006;74
45;Toledo;45068 Garciotum;Hombres;2005;74
45;Toledo;45068 Garciotum;Hombres;2004;77
45;Toledo;45068 Garciotum;Hombres;2003;78
45;Toledo;45068 Garciotum;Hombres;2002;73
45;Toledo;45068 Garciotum;Hombres;2001;74
45;Toledo;45068 Garciotum;Hombres;2000;73
45;Toledo;45068 Garciotum;Hombres;1999;74
45;Toledo;45068 Garciotum;Hombres;1998;73
45;Toledo;45068 Garciotum;Hombres;1997;
45;Toledo;45068 Garciotum;Hombres;1996;79
45;Toledo;45068 Garciotum;Mujeres;2023;108
45;Toledo;45068 Garciotum;Mujeres;2022;111
45;Toledo;45068 Garciotum;Mujeres;2021;97
45;Toledo;45068 Garciotum;Mujeres;2020;98
45;Toledo;45068 Garciotum;Mujeres;2019;98
45;Toledo;45068 Garciotum;Mujeres;2018;89
45;Toledo;45068 Garciotum;Mujeres;2017;94
45;Toledo;45068 Garciotum;Mujeres;2016;90
45;Toledo;45068 Garciotum;Mujeres;2015;97
45;Toledo;45068 Garciotum;Mujeres;2014;88
45;Toledo;45068 Garciotum;Mujeres;2013;87
45;Toledo;45068 Garciotum;Mujeres;2012;88
45;Toledo;45068 Garciotum;Mujeres;2011;86
45;Toledo;45068 Garciotum;Mujeres;2010;84
45;Toledo;45068 Garciotum;Mujeres;2009;87
45;Toledo;45068 Garciotum;Mujeres;2008;78
45;Toledo;45068 Garciotum;Mujeres;2007;78
45;Toledo;45068 Garciotum;Mujeres;2006;74
45;Toledo;45068 Garciotum;Mujeres;2005;79
45;Toledo;45068 Garciotum;Mujeres;2004;81
45;Toledo;45068 Garciotum;Mujeres;2003;88
45;Toledo;45068 Garciotum;Mujeres;2002;85
45;Toledo;45068 Garciotum;Mujeres;2001;86
45;Toledo;45068 Garciotum;Mujeres;2000;82
45;Toledo;45068 Garciotum;Mujeres;1999;85
45;Toledo;45068 Garciotum;Mujeres;1998;85
45;Toledo;45068 Garciotum;Mujeres;1997;
45;Toledo;45068 Garciotum;Mujeres;1996;81
45;Toledo;45069 Gerindote;Total;2023;2617
45;Toledo;45069 Gerindote;Total;2022;2518
45;Toledo;45069 Gerindote;Total;2021;2395
45;Toledo;45069 Gerindote;Total;2020;2339
45;Toledo;45069 Gerindote;Total;2019;2300
45;Toledo;45069 Gerindote;Total;2018;2289
45;Toledo;45069 Gerindote;Total;2017;2347
45;Toledo;45069 Gerindote;Total;2016;2384
45;Toledo;45069 Gerindote;Total;2015;2427
45;Toledo;45069 Gerindote;Total;2014;2341
45;Toledo;45069 Gerindote;Total;2013;2309
45;Toledo;45069 Gerindote;Total;2012;2425
45;Toledo;45069 Gerindote;Total;2011;2499
45;Toledo;45069 Gerindote;Total;2010;2441
45;Toledo;45069 Gerindote;Total;2009;2439
45;Toledo;45069 Gerindote;Total;2008;2376
45;Toledo;45069 Gerindote;Total;2007;2213
45;Toledo;45069 Gerindote;Total;2006;2179
45;Toledo;45069 Gerindote;Total;2005;2123
45;Toledo;45069 Gerindote;Total;2004;2079
45;Toledo;45069 Gerindote;Total;2003;1985
45;Toledo;45069 Gerindote;Total;2002;1928
45;Toledo;45069 Gerindote;Total;2001;1875
45;Toledo;45069 Gerindote;Total;2000;1839
45;Toledo;45069 Gerindote;Total;1999;1835
45;Toledo;45069 Gerindote;Total;1998;1835
45;Toledo;45069 Gerindote;Total;1997;
45;Toledo;45069 Gerindote;Total;1996;1864
45;Toledo;45069 Gerindote;Hombres;2023;1321
45;Toledo;45069 Gerindote;Hombres;2022;1258
45;Toledo;45069 Gerindote;Hombres;2021;1203
45;Toledo;45069 Gerindote;Hombres;2020;1175
45;Toledo;45069 Gerindote;Hombres;2019;1170
45;Toledo;45069 Gerindote;Hombres;2018;1158
45;Toledo;45069 Gerindote;Hombres;2017;1199
45;Toledo;45069 Gerindote;Hombres;2016;1226
45;Toledo;45069 Gerindote;Hombres;2015;1261
45;Toledo;45069 Gerindote;Hombres;2014;1212
45;Toledo;45069 Gerindote;Hombres;2013;1192
45;Toledo;45069 Gerindote;Hombres;2012;1250
45;Toledo;45069 Gerindote;Hombres;2011;1287
45;Toledo;45069 Gerindote;Hombres;2010;1259
45;Toledo;45069 Gerindote;Hombres;2009;1259
45;Toledo;45069 Gerindote;Hombres;2008;1230
45;Toledo;45069 Gerindote;Hombres;2007;1137
45;Toledo;45069 Gerindote;Hombres;2006;1126
45;Toledo;45069 Gerindote;Hombres;2005;1087
45;Toledo;45069 Gerindote;Hombres;2004;1070
45;Toledo;45069 Gerindote;Hombres;2003;1021
45;Toledo;45069 Gerindote;Hombres;2002;993
45;Toledo;45069 Gerindote;Hombres;2001;964
45;Toledo;45069 Gerindote;Hombres;2000;936
45;Toledo;45069 Gerindote;Hombres;1999;934
45;Toledo;45069 Gerindote;Hombres;1998;934
45;Toledo;45069 Gerindote;Hombres;1997;
45;Toledo;45069 Gerindote;Hombres;1996;946
45;Toledo;45069 Gerindote;Mujeres;2023;1296
45;Toledo;45069 Gerindote;Mujeres;2022;1260
45;Toledo;45069 Gerindote;Mujeres;2021;1192
45;Toledo;45069 Gerindote;Mujeres;2020;1164
45;Toledo;45069 Gerindote;Mujeres;2019;1130
45;Toledo;45069 Gerindote;Mujeres;2018;1131
45;Toledo;45069 Gerindote;Mujeres;2017;1148
45;Toledo;45069 Gerindote;Mujeres;2016;1158
45;Toledo;45069 Gerindote;Mujeres;2015;1166
45;Toledo;45069 Gerindote;Mujeres;2014;1129
45;Toledo;45069 Gerindote;Mujeres;2013;1117
45;Toledo;45069 Gerindote;Mujeres;2012;1175
45;Toledo;45069 Gerindote;Mujeres;2011;1212
45;Toledo;45069 Gerindote;Mujeres;2010;1182
45;Toledo;45069 Gerindote;Mujeres;2009;1180
45;Toledo;45069 Gerindote;Mujeres;2008;1146
45;Toledo;45069 Gerindote;Mujeres;2007;1076
45;Toledo;45069 Gerindote;Mujeres;2006;1053
45;Toledo;45069 Gerindote;Mujeres;2005;1036
45;Toledo;45069 Gerindote;Mujeres;2004;1009
45;Toledo;45069 Gerindote;Mujeres;2003;964
45;Toledo;45069 Gerindote;Mujeres;2002;935
45;Toledo;45069 Gerindote;Mujeres;2001;911
45;Toledo;45069 Gerindote;Mujeres;2000;903
45;Toledo;45069 Gerindote;Mujeres;1999;901
45;Toledo;45069 Gerindote;Mujeres;1998;901
45;Toledo;45069 Gerindote;Mujeres;1997;
45;Toledo;45069 Gerindote;Mujeres;1996;918
45;Toledo;45070 Guadamur;Total;2023;1802
45;Toledo;45070 Guadamur;Total;2022;1774
45;Toledo;45070 Guadamur;Total;2021;1806
45;Toledo;45070 Guadamur;Total;2020;1784
45;Toledo;45070 Guadamur;Total;2019;1792
45;Toledo;45070 Guadamur;Total;2018;1781
45;Toledo;45070 Guadamur;Total;2017;1802
45;Toledo;45070 Guadamur;Total;2016;1833
45;Toledo;45070 Guadamur;Total;2015;1864
45;Toledo;45070 Guadamur;Total;2014;1846
45;Toledo;45070 Guadamur;Total;2013;1859
45;Toledo;45070 Guadamur;Total;2012;1847
45;Toledo;45070 Guadamur;Total;2011;1855
45;Toledo;45070 Guadamur;Total;2010;1847
45;Toledo;45070 Guadamur;Total;2009;1828
45;Toledo;45070 Guadamur;Total;2008;1819
45;Toledo;45070 Guadamur;Total;2007;1788
45;Toledo;45070 Guadamur;Total;2006;1774
45;Toledo;45070 Guadamur;Total;2005;1746
45;Toledo;45070 Guadamur;Total;2004;1705
45;Toledo;45070 Guadamur;Total;2003;1666
45;Toledo;45070 Guadamur;Total;2002;1617
45;Toledo;45070 Guadamur;Total;2001;1599
45;Toledo;45070 Guadamur;Total;2000;1578
45;Toledo;45070 Guadamur;Total;1999;1593
45;Toledo;45070 Guadamur;Total;1998;1593
45;Toledo;45070 Guadamur;Total;1997;
45;Toledo;45070 Guadamur;Total;1996;1622
45;Toledo;45070 Guadamur;Hombres;2023;908
45;Toledo;45070 Guadamur;Hombres;2022;887
45;Toledo;45070 Guadamur;Hombres;2021;902
45;Toledo;45070 Guadamur;Hombres;2020;891
45;Toledo;45070 Guadamur;Hombres;2019;900
45;Toledo;45070 Guadamur;Hombres;2018;897
45;Toledo;45070 Guadamur;Hombres;2017;906
45;Toledo;45070 Guadamur;Hombres;2016;921
45;Toledo;45070 Guadamur;Hombres;2015;933
45;Toledo;45070 Guadamur;Hombres;2014;934
45;Toledo;45070 Guadamur;Hombres;2013;940
45;Toledo;45070 Guadamur;Hombres;2012;943
45;Toledo;45070 Guadamur;Hombres;2011;948
45;Toledo;45070 Guadamur;Hombres;2010;936
45;Toledo;45070 Guadamur;Hombres;2009;927
45;Toledo;45070 Guadamur;Hombres;2008;929
45;Toledo;45070 Guadamur;Hombres;2007;914
45;Toledo;45070 Guadamur;Hombres;2006;912
45;Toledo;45070 Guadamur;Hombres;2005;883
45;Toledo;45070 Guadamur;Hombres;2004;864
45;Toledo;45070 Guadamur;Hombres;2003;841
45;Toledo;45070 Guadamur;Hombres;2002;819
45;Toledo;45070 Guadamur;Hombres;2001;810
45;Toledo;45070 Guadamur;Hombres;2000;802
45;Toledo;45070 Guadamur;Hombres;1999;820
45;Toledo;45070 Guadamur;Hombres;1998;820
45;Toledo;45070 Guadamur;Hombres;1997;
45;Toledo;45070 Guadamur;Hombres;1996;841
45;Toledo;45070 Guadamur;Mujeres;2023;894
45;Toledo;45070 Guadamur;Mujeres;2022;887
45;Toledo;45070 Guadamur;Mujeres;2021;904
45;Toledo;45070 Guadamur;Mujeres;2020;893
45;Toledo;45070 Guadamur;Mujeres;2019;892
45;Toledo;45070 Guadamur;Mujeres;2018;884
45;Toledo;45070 Guadamur;Mujeres;2017;896
45;Toledo;45070 Guadamur;Mujeres;2016;912
45;Toledo;45070 Guadamur;Mujeres;2015;931
45;Toledo;45070 Guadamur;Mujeres;2014;912
45;Toledo;45070 Guadamur;Mujeres;2013;919
45;Toledo;45070 Guadamur;Mujeres;2012;904
45;Toledo;45070 Guadamur;Mujeres;2011;907
45;Toledo;45070 Guadamur;Mujeres;2010;911
45;Toledo;45070 Guadamur;Mujeres;2009;901
45;Toledo;45070 Guadamur;Mujeres;2008;890
45;Toledo;45070 Guadamur;Mujeres;2007;874
45;Toledo;45070 Guadamur;Mujeres;2006;862
45;Toledo;45070 Guadamur;Mujeres;2005;863
45;Toledo;45070 Guadamur;Mujeres;2004;841
45;Toledo;45070 Guadamur;Mujeres;2003;825
45;Toledo;45070 Guadamur;Mujeres;2002;798
45;Toledo;45070 Guadamur;Mujeres;2001;789
45;Toledo;45070 Guadamur;Mujeres;2000;776
45;Toledo;45070 Guadamur;Mujeres;1999;773
45;Toledo;45070 Guadamur;Mujeres;1998;773
45;Toledo;45070 Guadamur;Mujeres;1997;
45;Toledo;45070 Guadamur;Mujeres;1996;781
45;Toledo;45071 Guardia, La;Total;2023;2136
45;Toledo;45071 Guardia, La;Total;2022;2163
45;Toledo;45071 Guardia, La;Total;2021;2226
45;Toledo;45071 Guardia, La;Total;2020;2213
45;Toledo;45071 Guardia, La;Total;2019;2246
45;Toledo;45071 Guardia, La;Total;2018;2236
45;Toledo;45071 Guardia, La;Total;2017;2248
45;Toledo;45071 Guardia, La;Total;2016;2286
45;Toledo;45071 Guardia, La;Total;2015;2329
45;Toledo;45071 Guardia, La;Total;2014;2387
45;Toledo;45071 Guardia, La;Total;2013;2169
45;Toledo;45071 Guardia, La;Total;2012;2317
45;Toledo;45071 Guardia, La;Total;2011;2422
45;Toledo;45071 Guardia, La;Total;2010;2472
45;Toledo;45071 Guardia, La;Total;2009;2544
45;Toledo;45071 Guardia, La;Total;2008;2525
45;Toledo;45071 Guardia, La;Total;2007;2334
45;Toledo;45071 Guardia, La;Total;2006;2329
45;Toledo;45071 Guardia, La;Total;2005;2330
45;Toledo;45071 Guardia, La;Total;2004;2314
45;Toledo;45071 Guardia, La;Total;2003;2320
45;Toledo;45071 Guardia, La;Total;2002;2365
45;Toledo;45071 Guardia, La;Total;2001;2392
45;Toledo;45071 Guardia, La;Total;2000;2418
45;Toledo;45071 Guardia, La;Total;1999;2417
45;Toledo;45071 Guardia, La;Total;1998;2423
45;Toledo;45071 Guardia, La;Total;1997;
45;Toledo;45071 Guardia, La;Total;1996;2427
45;Toledo;45071 Guardia, La;Hombres;2023;1082
45;Toledo;45071 Guardia, La;Hombres;2022;1100
45;Toledo;45071 Guardia, La;Hombres;2021;1131
45;Toledo;45071 Guardia, La;Hombres;2020;1118
45;Toledo;45071 Guardia, La;Hombres;2019;1133
45;Toledo;45071 Guardia, La;Hombres;2018;1127
45;Toledo;45071 Guardia, La;Hombres;2017;1140
45;Toledo;45071 Guardia, La;Hombres;2016;1159
45;Toledo;45071 Guardia, La;Hombres;2015;1170
45;Toledo;45071 Guardia, La;Hombres;2014;1207
45;Toledo;45071 Guardia, La;Hombres;2013;1089
45;Toledo;45071 Guardia, La;Hombres;2012;1165
45;Toledo;45071 Guardia, La;Hombres;2011;1220
45;Toledo;45071 Guardia, La;Hombres;2010;1241
45;Toledo;45071 Guardia, La;Hombres;2009;1281
45;Toledo;45071 Guardia, La;Hombres;2008;1269
45;Toledo;45071 Guardia, La;Hombres;2007;1163
45;Toledo;45071 Guardia, La;Hombres;2006;1166
45;Toledo;45071 Guardia, La;Hombres;2005;1166
45;Toledo;45071 Guardia, La;Hombres;2004;1155
45;Toledo;45071 Guardia, La;Hombres;2003;1158
45;Toledo;45071 Guardia, La;Hombres;2002;1175
45;Toledo;45071 Guardia, La;Hombres;2001;1187
45;Toledo;45071 Guardia, La;Hombres;2000;1195
45;Toledo;45071 Guardia, La;Hombres;1999;1191
45;Toledo;45071 Guardia, La;Hombres;1998;1199
45;Toledo;45071 Guardia, La;Hombres;1997;
45;Toledo;45071 Guardia, La;Hombres;1996;1193
45;Toledo;45071 Guardia, La;Mujeres;2023;1054
45;Toledo;45071 Guardia, La;Mujeres;2022;1063
45;Toledo;45071 Guardia, La;Mujeres;2021;1095
45;Toledo;45071 Guardia, La;Mujeres;2020;1095
45;Toledo;45071 Guardia, La;Mujeres;2019;1113
45;Toledo;45071 Guardia, La;Mujeres;2018;1109
45;Toledo;45071 Guardia, La;Mujeres;2017;1108
45;Toledo;45071 Guardia, La;Mujeres;2016;1127
45;Toledo;45071 Guardia, La;Mujeres;2015;1159
45;Toledo;45071 Guardia, La;Mujeres;2014;1180
45;Toledo;45071 Guardia, La;Mujeres;2013;1080
45;Toledo;45071 Guardia, La;Mujeres;2012;1152
45;Toledo;45071 Guardia, La;Mujeres;2011;1202
45;Toledo;45071 Guardia, La;Mujeres;2010;1231
45;Toledo;45071 Guardia, La;Mujeres;2009;1263
45;Toledo;45071 Guardia, La;Mujeres;2008;1256
45;Toledo;45071 Guardia, La;Mujeres;2007;1171
45;Toledo;45071 Guardia, La;Mujeres;2006;1163
45;Toledo;45071 Guardia, La;Mujeres;2005;1164
45;Toledo;45071 Guardia, La;Mujeres;2004;1159
45;Toledo;45071 Guardia, La;Mujeres;2003;1162
45;Toledo;45071 Guardia, La;Mujeres;2002;1190
45;Toledo;45071 Guardia, La;Mujeres;2001;1205
45;Toledo;45071 Guardia, La;Mujeres;2000;1223
45;Toledo;45071 Guardia, La;Mujeres;1999;1226
45;Toledo;45071 Guardia, La;Mujeres;1998;1224
45;Toledo;45071 Guardia, La;Mujeres;1997;
45;Toledo;45071 Guardia, La;Mujeres;1996;1234
45;Toledo;45072 Herencias, Las;Total;2023;794
45;Toledo;45072 Herencias, Las;Total;2022;768
45;Toledo;45072 Herencias, Las;Total;2021;742
45;Toledo;45072 Herencias, Las;Total;2020;772
45;Toledo;45072 Herencias, Las;Total;2019;785
45;Toledo;45072 Herencias, Las;Total;2018;798
45;Toledo;45072 Herencias, Las;Total;2017;793
45;Toledo;45072 Herencias, Las;Total;2016;815
45;Toledo;45072 Herencias, Las;Total;2015;823
45;Toledo;45072 Herencias, Las;Total;2014;839
45;Toledo;45072 Herencias, Las;Total;2013;849
45;Toledo;45072 Herencias, Las;Total;2012;840
45;Toledo;45072 Herencias, Las;Total;2011;816
45;Toledo;45072 Herencias, Las;Total;2010;816
45;Toledo;45072 Herencias, Las;Total;2009;821
45;Toledo;45072 Herencias, Las;Total;2008;811
45;Toledo;45072 Herencias, Las;Total;2007;776
45;Toledo;45072 Herencias, Las;Total;2006;759
45;Toledo;45072 Herencias, Las;Total;2005;744
45;Toledo;45072 Herencias, Las;Total;2004;735
45;Toledo;45072 Herencias, Las;Total;2003;718
45;Toledo;45072 Herencias, Las;Total;2002;724
45;Toledo;45072 Herencias, Las;Total;2001;755
45;Toledo;45072 Herencias, Las;Total;2000;753
45;Toledo;45072 Herencias, Las;Total;1999;735
45;Toledo;45072 Herencias, Las;Total;1998;728
45;Toledo;45072 Herencias, Las;Total;1997;
45;Toledo;45072 Herencias, Las;Total;1996;727
45;Toledo;45072 Herencias, Las;Hombres;2023;419
45;Toledo;45072 Herencias, Las;Hombres;2022;410
45;Toledo;45072 Herencias, Las;Hombres;2021;402
45;Toledo;45072 Herencias, Las;Hombres;2020;415
45;Toledo;45072 Herencias, Las;Hombres;2019;419
45;Toledo;45072 Herencias, Las;Hombres;2018;428
45;Toledo;45072 Herencias, Las;Hombres;2017;425
45;Toledo;45072 Herencias, Las;Hombres;2016;432
45;Toledo;45072 Herencias, Las;Hombres;2015;440
45;Toledo;45072 Herencias, Las;Hombres;2014;440
45;Toledo;45072 Herencias, Las;Hombres;2013;444
45;Toledo;45072 Herencias, Las;Hombres;2012;428
45;Toledo;45072 Herencias, Las;Hombres;2011;417
45;Toledo;45072 Herencias, Las;Hombres;2010;421
45;Toledo;45072 Herencias, Las;Hombres;2009;431
45;Toledo;45072 Herencias, Las;Hombres;2008;429
45;Toledo;45072 Herencias, Las;Hombres;2007;413
45;Toledo;45072 Herencias, Las;Hombres;2006;409
45;Toledo;45072 Herencias, Las;Hombres;2005;401
45;Toledo;45072 Herencias, Las;Hombres;2004;386
45;Toledo;45072 Herencias, Las;Hombres;2003;380
45;Toledo;45072 Herencias, Las;Hombres;2002;375
45;Toledo;45072 Herencias, Las;Hombres;2001;387
45;Toledo;45072 Herencias, Las;Hombres;2000;389
45;Toledo;45072 Herencias, Las;Hombres;1999;379
45;Toledo;45072 Herencias, Las;Hombres;1998;374
45;Toledo;45072 Herencias, Las;Hombres;1997;
45;Toledo;45072 Herencias, Las;Hombres;1996;375
45;Toledo;45072 Herencias, Las;Mujeres;2023;375
45;Toledo;45072 Herencias, Las;Mujeres;2022;358
45;Toledo;45072 Herencias, Las;Mujeres;2021;340
45;Toledo;45072 Herencias, Las;Mujeres;2020;357
45;Toledo;45072 Herencias, Las;Mujeres;2019;366
45;Toledo;45072 Herencias, Las;Mujeres;2018;370
45;Toledo;45072 Herencias, Las;Mujeres;2017;368
45;Toledo;45072 Herencias, Las;Mujeres;2016;383
45;Toledo;45072 Herencias, Las;Mujeres;2015;383
45;Toledo;45072 Herencias, Las;Mujeres;2014;399
45;Toledo;45072 Herencias, Las;Mujeres;2013;405
45;Toledo;45072 Herencias, Las;Mujeres;2012;412
45;Toledo;45072 Herencias, Las;Mujeres;2011;399
45;Toledo;45072 Herencias, Las;Mujeres;2010;395
45;Toledo;45072 Herencias, Las;Mujeres;2009;390
45;Toledo;45072 Herencias, Las;Mujeres;2008;382
45;Toledo;45072 Herencias, Las;Mujeres;2007;363
45;Toledo;45072 Herencias, Las;Mujeres;2006;350
45;Toledo;45072 Herencias, Las;Mujeres;2005;343
45;Toledo;45072 Herencias, Las;Mujeres;2004;349
45;Toledo;45072 Herencias, Las;Mujeres;2003;338
45;Toledo;45072 Herencias, Las;Mujeres;2002;349
45;Toledo;45072 Herencias, Las;Mujeres;2001;368
45;Toledo;45072 Herencias, Las;Mujeres;2000;364
45;Toledo;45072 Herencias, Las;Mujeres;1999;356
45;Toledo;45072 Herencias, Las;Mujeres;1998;354
45;Toledo;45072 Herencias, Las;Mujeres;1997;
45;Toledo;45072 Herencias, Las;Mujeres;1996;352
45;Toledo;45073 Herreruela de Oropesa;Total;2023;317
45;Toledo;45073 Herreruela de Oropesa;Total;2022;304
45;Toledo;45073 Herreruela de Oropesa;Total;2021;306
45;Toledo;45073 Herreruela de Oropesa;Total;2020;327
45;Toledo;45073 Herreruela de Oropesa;Total;2019;333
45;Toledo;45073 Herreruela de Oropesa;Total;2018;334
45;Toledo;45073 Herreruela de Oropesa;Total;2017;357
45;Toledo;45073 Herreruela de Oropesa;Total;2016;365
45;Toledo;45073 Herreruela de Oropesa;Total;2015;357
45;Toledo;45073 Herreruela de Oropesa;Total;2014;380
45;Toledo;45073 Herreruela de Oropesa;Total;2013;410
45;Toledo;45073 Herreruela de Oropesa;Total;2012;454
45;Toledo;45073 Herreruela de Oropesa;Total;2011;467
45;Toledo;45073 Herreruela de Oropesa;Total;2010;451
45;Toledo;45073 Herreruela de Oropesa;Total;2009;447
45;Toledo;45073 Herreruela de Oropesa;Total;2008;463
45;Toledo;45073 Herreruela de Oropesa;Total;2007;471
45;Toledo;45073 Herreruela de Oropesa;Total;2006;445
45;Toledo;45073 Herreruela de Oropesa;Total;2005;461
45;Toledo;45073 Herreruela de Oropesa;Total;2004;474
45;Toledo;45073 Herreruela de Oropesa;Total;2003;420
45;Toledo;45073 Herreruela de Oropesa;Total;2002;407
45;Toledo;45073 Herreruela de Oropesa;Total;2001;422
45;Toledo;45073 Herreruela de Oropesa;Total;2000;426
45;Toledo;45073 Herreruela de Oropesa;Total;1999;439
45;Toledo;45073 Herreruela de Oropesa;Total;1998;435
45;Toledo;45073 Herreruela de Oropesa;Total;1997;
45;Toledo;45073 Herreruela de Oropesa;Total;1996;432
45;Toledo;45073 Herreruela de Oropesa;Hombres;2023;172
45;Toledo;45073 Herreruela de Oropesa;Hombres;2022;160
45;Toledo;45073 Herreruela de Oropesa;Hombres;2021;157
45;Toledo;45073 Herreruela de Oropesa;Hombres;2020;167
45;Toledo;45073 Herreruela de Oropesa;Hombres;2019;171
45;Toledo;45073 Herreruela de Oropesa;Hombres;2018;169
45;Toledo;45073 Herreruela de Oropesa;Hombres;2017;183
45;Toledo;45073 Herreruela de Oropesa;Hombres;2016;181
45;Toledo;45073 Herreruela de Oropesa;Hombres;2015;177
45;Toledo;45073 Herreruela de Oropesa;Hombres;2014;183
45;Toledo;45073 Herreruela de Oropesa;Hombres;2013;207
45;Toledo;45073 Herreruela de Oropesa;Hombres;2012;225
45;Toledo;45073 Herreruela de Oropesa;Hombres;2011;228
45;Toledo;45073 Herreruela de Oropesa;Hombres;2010;223
45;Toledo;45073 Herreruela de Oropesa;Hombres;2009;217
45;Toledo;45073 Herreruela de Oropesa;Hombres;2008;229
45;Toledo;45073 Herreruela de Oropesa;Hombres;2007;234
45;Toledo;45073 Herreruela de Oropesa;Hombres;2006;224
45;Toledo;45073 Herreruela de Oropesa;Hombres;2005;229
45;Toledo;45073 Herreruela de Oropesa;Hombres;2004;239
45;Toledo;45073 Herreruela de Oropesa;Hombres;2003;213
45;Toledo;45073 Herreruela de Oropesa;Hombres;2002;202
45;Toledo;45073 Herreruela de Oropesa;Hombres;2001;208
45;Toledo;45073 Herreruela de Oropesa;Hombres;2000;210
45;Toledo;45073 Herreruela de Oropesa;Hombres;1999;215
45;Toledo;45073 Herreruela de Oropesa;Hombres;1998;209
45;Toledo;45073 Herreruela de Oropesa;Hombres;1997;
45;Toledo;45073 Herreruela de Oropesa;Hombres;1996;206
45;Toledo;45073 Herreruela de Oropesa;Mujeres;2023;145
45;Toledo;45073 Herreruela de Oropesa;Mujeres;2022;144
45;Toledo;45073 Herreruela de Oropesa;Mujeres;2021;149
45;Toledo;45073 Herreruela de Oropesa;Mujeres;2020;160
45;Toledo;45073 Herreruela de Oropesa;Mujeres;2019;162
45;Toledo;45073 Herreruela de Oropesa;Mujeres;2018;165
45;Toledo;45073 Herreruela de Oropesa;Mujeres;2017;174
45;Toledo;45073 Herreruela de Oropesa;Mujeres;2016;184
45;Toledo;45073 Herreruela de Oropesa;Mujeres;2015;180
45;Toledo;45073 Herreruela de Oropesa;Mujeres;2014;197
45;Toledo;45073 Herreruela de Oropesa;Mujeres;2013;203
45;Toledo;45073 Herreruela de Oropesa;Mujeres;2012;229
45;Toledo;45073 Herreruela de Oropesa;Mujeres;2011;239
45;Toledo;45073 Herreruela de Oropesa;Mujeres;2010;228
45;Toledo;45073 Herreruela de Oropesa;Mujeres;2009;230
45;Toledo;45073 Herreruela de Oropesa;Mujeres;2008;234
45;Toledo;45073 Herreruela de Oropesa;Mujeres;2007;237
45;Toledo;45073 Herreruela de Oropesa;Mujeres;2006;221
45;Toledo;45073 Herreruela de Oropesa;Mujeres;2005;232
45;Toledo;45073 Herreruela de Oropesa;Mujeres;2004;235
45;Toledo;45073 Herreruela de Oropesa;Mujeres;2003;207
45;Toledo;45073 Herreruela de Oropesa;Mujeres;2002;205
45;Toledo;45073 Herreruela de Oropesa;Mujeres;2001;214
45;Toledo;45073 Herreruela de Oropesa;Mujeres;2000;216
45;Toledo;45073 Herreruela de Oropesa;Mujeres;1999;224
45;Toledo;45073 Herreruela de Oropesa;Mujeres;1998;226
45;Toledo;45073 Herreruela de Oropesa;Mujeres;1997;
45;Toledo;45073 Herreruela de Oropesa;Mujeres;1996;226
45;Toledo;45074 Hinojosa de San Vicente;Total;2023;381
45;Toledo;45074 Hinojosa de San Vicente;Total;2022;394
45;Toledo;45074 Hinojosa de San Vicente;Total;2021;411
45;Toledo;45074 Hinojosa de San Vicente;Total;2020;381
45;Toledo;45074 Hinojosa de San Vicente;Total;2019;383
45;Toledo;45074 Hinojosa de San Vicente;Total;2018;394
45;Toledo;45074 Hinojosa de San Vicente;Total;2017;415
45;Toledo;45074 Hinojosa de San Vicente;Total;2016;413
45;Toledo;45074 Hinojosa de San Vicente;Total;2015;413
45;Toledo;45074 Hinojosa de San Vicente;Total;2014;426
45;Toledo;45074 Hinojosa de San Vicente;Total;2013;423
45;Toledo;45074 Hinojosa de San Vicente;Total;2012;446
45;Toledo;45074 Hinojosa de San Vicente;Total;2011;461
45;Toledo;45074 Hinojosa de San Vicente;Total;2010;461
45;Toledo;45074 Hinojosa de San Vicente;Total;2009;470
45;Toledo;45074 Hinojosa de San Vicente;Total;2008;470
45;Toledo;45074 Hinojosa de San Vicente;Total;2007;472
45;Toledo;45074 Hinojosa de San Vicente;Total;2006;481
45;Toledo;45074 Hinojosa de San Vicente;Total;2005;477
45;Toledo;45074 Hinojosa de San Vicente;Total;2004;492
45;Toledo;45074 Hinojosa de San Vicente;Total;2003;499
45;Toledo;45074 Hinojosa de San Vicente;Total;2002;485
45;Toledo;45074 Hinojosa de San Vicente;Total;2001;476
45;Toledo;45074 Hinojosa de San Vicente;Total;2000;480
45;Toledo;45074 Hinojosa de San Vicente;Total;1999;497
45;Toledo;45074 Hinojosa de San Vicente;Total;1998;482
45;Toledo;45074 Hinojosa de San Vicente;Total;1997;
45;Toledo;45074 Hinojosa de San Vicente;Total;1996;490
45;Toledo;45074 Hinojosa de San Vicente;Hombres;2023;209
45;Toledo;45074 Hinojosa de San Vicente;Hombres;2022;217
45;Toledo;45074 Hinojosa de San Vicente;Hombres;2021;228
45;Toledo;45074 Hinojosa de San Vicente;Hombres;2020;213
45;Toledo;45074 Hinojosa de San Vicente;Hombres;2019;210
45;Toledo;45074 Hinojosa de San Vicente;Hombres;2018;217
45;Toledo;45074 Hinojosa de San Vicente;Hombres;2017;227
45;Toledo;45074 Hinojosa de San Vicente;Hombres;2016;225
45;Toledo;45074 Hinojosa de San Vicente;Hombres;2015;227
45;Toledo;45074 Hinojosa de San Vicente;Hombres;2014;236
45;Toledo;45074 Hinojosa de San Vicente;Hombres;2013;235
45;Toledo;45074 Hinojosa de San Vicente;Hombres;2012;246
45;Toledo;45074 Hinojosa de San Vicente;Hombres;2011;253
45;Toledo;45074 Hinojosa de San Vicente;Hombres;2010;251
45;Toledo;45074 Hinojosa de San Vicente;Hombres;2009;257
45;Toledo;45074 Hinojosa de San Vicente;Hombres;2008;262
45;Toledo;45074 Hinojosa de San Vicente;Hombres;2007;262
45;Toledo;45074 Hinojosa de San Vicente;Hombres;2006;265
45;Toledo;45074 Hinojosa de San Vicente;Hombres;2005;260
45;Toledo;45074 Hinojosa de San Vicente;Hombres;2004;266
45;Toledo;45074 Hinojosa de San Vicente;Hombres;2003;272
45;Toledo;45074 Hinojosa de San Vicente;Hombres;2002;269
45;Toledo;45074 Hinojosa de San Vicente;Hombres;2001;259
45;Toledo;45074 Hinojosa de San Vicente;Hombres;2000;260
45;Toledo;45074 Hinojosa de San Vicente;Hombres;1999;271
45;Toledo;45074 Hinojosa de San Vicente;Hombres;1998;265
45;Toledo;45074 Hinojosa de San Vicente;Hombres;1997;
45;Toledo;45074 Hinojosa de San Vicente;Hombres;1996;263
45;Toledo;45074 Hinojosa de San Vicente;Mujeres;2023;172
45;Toledo;45074 Hinojosa de San Vicente;Mujeres;2022;177
45;Toledo;45074 Hinojosa de San Vicente;Mujeres;2021;183
45;Toledo;45074 Hinojosa de San Vicente;Mujeres;2020;168
45;Toledo;45074 Hinojosa de San Vicente;Mujeres;2019;173
45;Toledo;45074 Hinojosa de San Vicente;Mujeres;2018;177
45;Toledo;45074 Hinojosa de San Vicente;Mujeres;2017;188
45;Toledo;45074 Hinojosa de San Vicente;Mujeres;2016;188
45;Toledo;45074 Hinojosa de San Vicente;Mujeres;2015;186
45;Toledo;45074 Hinojosa de San Vicente;Mujeres;2014;190
45;Toledo;45074 Hinojosa de San Vicente;Mujeres;2013;188
45;Toledo;45074 Hinojosa de San Vicente;Mujeres;2012;200
45;Toledo;45074 Hinojosa de San Vicente;Mujeres;2011;208
45;Toledo;45074 Hinojosa de San Vicente;Mujeres;2010;210
45;Toledo;45074 Hinojosa de San Vicente;Mujeres;2009;213
45;Toledo;45074 Hinojosa de San Vicente;Mujeres;2008;208
45;Toledo;45074 Hinojosa de San Vicente;Mujeres;2007;210
45;Toledo;45074 Hinojosa de San Vicente;Mujeres;2006;216
45;Toledo;45074 Hinojosa de San Vicente;Mujeres;2005;217
45;Toledo;45074 Hinojosa de San Vicente;Mujeres;2004;226
45;Toledo;45074 Hinojosa de San Vicente;Mujeres;2003;227
45;Toledo;45074 Hinojosa de San Vicente;Mujeres;2002;216
45;Toledo;45074 Hinojosa de San Vicente;Mujeres;2001;217
45;Toledo;45074 Hinojosa de San Vicente;Mujeres;2000;220
45;Toledo;45074 Hinojosa de San Vicente;Mujeres;1999;226
45;Toledo;45074 Hinojosa de San Vicente;Mujeres;1998;217
45;Toledo;45074 Hinojosa de San Vicente;Mujeres;1997;
45;Toledo;45074 Hinojosa de San Vicente;Mujeres;1996;227
45;Toledo;45075 Hontanar;Total;2023;145
45;Toledo;45075 Hontanar;Total;2022;146
45;Toledo;45075 Hontanar;Total;2021;137
45;Toledo;45075 Hontanar;Total;2020;136
45;Toledo;45075 Hontanar;Total;2019;141
45;Toledo;45075 Hontanar;Total;2018;152
45;Toledo;45075 Hontanar;Total;2017;163
45;Toledo;45075 Hontanar;Total;2016;158
45;Toledo;45075 Hontanar;Total;2015;156
45;Toledo;45075 Hontanar;Total;2014;164
45;Toledo;45075 Hontanar;Total;2013;176
45;Toledo;45075 Hontanar;Total;2012;200
45;Toledo;45075 Hontanar;Total;2011;209
45;Toledo;45075 Hontanar;Total;2010;171
45;Toledo;45075 Hontanar;Total;2009;167
45;Toledo;45075 Hontanar;Total;2008;159
45;Toledo;45075 Hontanar;Total;2007;156
45;Toledo;45075 Hontanar;Total;2006;132
45;Toledo;45075 Hontanar;Total;2005;141
45;Toledo;45075 Hontanar;Total;2004;135
45;Toledo;45075 Hontanar;Total;2003;120
45;Toledo;45075 Hontanar;Total;2002;123
45;Toledo;45075 Hontanar;Total;2001;122
45;Toledo;45075 Hontanar;Total;2000;126
45;Toledo;45075 Hontanar;Total;1999;117
45;Toledo;45075 Hontanar;Total;1998;105
45;Toledo;45075 Hontanar;Total;1997;
45;Toledo;45075 Hontanar;Total;1996;116
45;Toledo;45075 Hontanar;Hombres;2023;88
45;Toledo;45075 Hontanar;Hombres;2022;87
45;Toledo;45075 Hontanar;Hombres;2021;82
45;Toledo;45075 Hontanar;Hombres;2020;79
45;Toledo;45075 Hontanar;Hombres;2019;83
45;Toledo;45075 Hontanar;Hombres;2018;92
45;Toledo;45075 Hontanar;Hombres;2017;99
45;Toledo;45075 Hontanar;Hombres;2016;95
45;Toledo;45075 Hontanar;Hombres;2015;93
45;Toledo;45075 Hontanar;Hombres;2014;94
45;Toledo;45075 Hontanar;Hombres;2013;98
45;Toledo;45075 Hontanar;Hombres;2012;110
45;Toledo;45075 Hontanar;Hombres;2011;113
45;Toledo;45075 Hontanar;Hombres;2010;90
45;Toledo;45075 Hontanar;Hombres;2009;90
45;Toledo;45075 Hontanar;Hombres;2008;87
45;Toledo;45075 Hontanar;Hombres;2007;89
45;Toledo;45075 Hontanar;Hombres;2006;78
45;Toledo;45075 Hontanar;Hombres;2005;82
45;Toledo;45075 Hontanar;Hombres;2004;71
45;Toledo;45075 Hontanar;Hombres;2003;66
45;Toledo;45075 Hontanar;Hombres;2002;73
45;Toledo;45075 Hontanar;Hombres;2001;74
45;Toledo;45075 Hontanar;Hombres;2000;69
45;Toledo;45075 Hontanar;Hombres;1999;66
45;Toledo;45075 Hontanar;Hombres;1998;58
45;Toledo;45075 Hontanar;Hombres;1997;
45;Toledo;45075 Hontanar;Hombres;1996;62
45;Toledo;45075 Hontanar;Mujeres;2023;57
45;Toledo;45075 Hontanar;Mujeres;2022;59
45;Toledo;45075 Hontanar;Mujeres;2021;55
45;Toledo;45075 Hontanar;Mujeres;2020;57
45;Toledo;45075 Hontanar;Mujeres;2019;58
45;Toledo;45075 Hontanar;Mujeres;2018;60
45;Toledo;45075 Hontanar;Mujeres;2017;64
45;Toledo;45075 Hontanar;Mujeres;2016;63
45;Toledo;45075 Hontanar;Mujeres;2015;63
45;Toledo;45075 Hontanar;Mujeres;2014;70
45;Toledo;45075 Hontanar;Mujeres;2013;78
45;Toledo;45075 Hontanar;Mujeres;2012;90
45;Toledo;45075 Hontanar;Mujeres;2011;96
45;Toledo;45075 Hontanar;Mujeres;2010;81
45;Toledo;45075 Hontanar;Mujeres;2009;77
45;Toledo;45075 Hontanar;Mujeres;2008;72
45;Toledo;45075 Hontanar;Mujeres;2007;67
45;Toledo;45075 Hontanar;Mujeres;2006;54
45;Toledo;45075 Hontanar;Mujeres;2005;59
45;Toledo;45075 Hontanar;Mujeres;2004;64
45;Toledo;45075 Hontanar;Mujeres;2003;54
45;Toledo;45075 Hontanar;Mujeres;2002;50
45;Toledo;45075 Hontanar;Mujeres;2001;48
45;Toledo;45075 Hontanar;Mujeres;2000;57
45;Toledo;45075 Hontanar;Mujeres;1999;51
45;Toledo;45075 Hontanar;Mujeres;1998;47
45;Toledo;45075 Hontanar;Mujeres;1997;
45;Toledo;45075 Hontanar;Mujeres;1996;54
45;Toledo;45076 Hormigos;Total;2023;949
45;Toledo;45076 Hormigos;Total;2022;881
45;Toledo;45076 Hormigos;Total;2021;806
45;Toledo;45076 Hormigos;Total;2020;712
45;Toledo;45076 Hormigos;Total;2019;709
45;Toledo;45076 Hormigos;Total;2018;680
45;Toledo;45076 Hormigos;Total;2017;686
45;Toledo;45076 Hormigos;Total;2016;722
45;Toledo;45076 Hormigos;Total;2015;741
45;Toledo;45076 Hormigos;Total;2014;741
45;Toledo;45076 Hormigos;Total;2013;798
45;Toledo;45076 Hormigos;Total;2012;834
45;Toledo;45076 Hormigos;Total;2011;830
45;Toledo;45076 Hormigos;Total;2010;792
45;Toledo;45076 Hormigos;Total;2009;767
45;Toledo;45076 Hormigos;Total;2008;734
45;Toledo;45076 Hormigos;Total;2007;663
45;Toledo;45076 Hormigos;Total;2006;480
45;Toledo;45076 Hormigos;Total;2005;505
45;Toledo;45076 Hormigos;Total;2004;467
45;Toledo;45076 Hormigos;Total;2003;443
45;Toledo;45076 Hormigos;Total;2002;410
45;Toledo;45076 Hormigos;Total;2001;409
45;Toledo;45076 Hormigos;Total;2000;416
45;Toledo;45076 Hormigos;Total;1999;429
45;Toledo;45076 Hormigos;Total;1998;395
45;Toledo;45076 Hormigos;Total;1997;
45;Toledo;45076 Hormigos;Total;1996;434
45;Toledo;45076 Hormigos;Hombres;2023;522
45;Toledo;45076 Hormigos;Hombres;2022;489
45;Toledo;45076 Hormigos;Hombres;2021;454
45;Toledo;45076 Hormigos;Hombres;2020;400
45;Toledo;45076 Hormigos;Hombres;2019;391
45;Toledo;45076 Hormigos;Hombres;2018;361
45;Toledo;45076 Hormigos;Hombres;2017;371
45;Toledo;45076 Hormigos;Hombres;2016;387
45;Toledo;45076 Hormigos;Hombres;2015;409
45;Toledo;45076 Hormigos;Hombres;2014;407
45;Toledo;45076 Hormigos;Hombres;2013;436
45;Toledo;45076 Hormigos;Hombres;2012;463
45;Toledo;45076 Hormigos;Hombres;2011;461
45;Toledo;45076 Hormigos;Hombres;2010;445
45;Toledo;45076 Hormigos;Hombres;2009;439
45;Toledo;45076 Hormigos;Hombres;2008;418
45;Toledo;45076 Hormigos;Hombres;2007;364
45;Toledo;45076 Hormigos;Hombres;2006;261
45;Toledo;45076 Hormigos;Hombres;2005;273
45;Toledo;45076 Hormigos;Hombres;2004;254
45;Toledo;45076 Hormigos;Hombres;2003;234
45;Toledo;45076 Hormigos;Hombres;2002;211
45;Toledo;45076 Hormigos;Hombres;2001;208
45;Toledo;45076 Hormigos;Hombres;2000;211
45;Toledo;45076 Hormigos;Hombres;1999;213
45;Toledo;45076 Hormigos;Hombres;1998;193
45;Toledo;45076 Hormigos;Hombres;1997;
45;Toledo;45076 Hormigos;Hombres;1996;220
45;Toledo;45076 Hormigos;Mujeres;2023;427
45;Toledo;45076 Hormigos;Mujeres;2022;392
45;Toledo;45076 Hormigos;Mujeres;2021;352
45;Toledo;45076 Hormigos;Mujeres;2020;312
45;Toledo;45076 Hormigos;Mujeres;2019;318
45;Toledo;45076 Hormigos;Mujeres;2018;319
45;Toledo;45076 Hormigos;Mujeres;2017;315
45;Toledo;45076 Hormigos;Mujeres;2016;335
45;Toledo;45076 Hormigos;Mujeres;2015;332
45;Toledo;45076 Hormigos;Mujeres;2014;334
45;Toledo;45076 Hormigos;Mujeres;2013;362
45;Toledo;45076 Hormigos;Mujeres;2012;371
45;Toledo;45076 Hormigos;Mujeres;2011;369
45;Toledo;45076 Hormigos;Mujeres;2010;347
45;Toledo;45076 Hormigos;Mujeres;2009;328
45;Toledo;45076 Hormigos;Mujeres;2008;316
45;Toledo;45076 Hormigos;Mujeres;2007;299
45;Toledo;45076 Hormigos;Mujeres;2006;219
45;Toledo;45076 Hormigos;Mujeres;2005;232
45;Toledo;45076 Hormigos;Mujeres;2004;213
45;Toledo;45076 Hormigos;Mujeres;2003;209
45;Toledo;45076 Hormigos;Mujeres;2002;199
45;Toledo;45076 Hormigos;Mujeres;2001;201
45;Toledo;45076 Hormigos;Mujeres;2000;205
45;Toledo;45076 Hormigos;Mujeres;1999;216
45;Toledo;45076 Hormigos;Mujeres;1998;202
45;Toledo;45076 Hormigos;Mujeres;1997;
45;Toledo;45076 Hormigos;Mujeres;1996;214
45;Toledo;45077 Huecas;Total;2023;849
45;Toledo;45077 Huecas;Total;2022;810
45;Toledo;45077 Huecas;Total;2021;773
45;Toledo;45077 Huecas;Total;2020;722
45;Toledo;45077 Huecas;Total;2019;710
45;Toledo;45077 Huecas;Total;2018;683
45;Toledo;45077 Huecas;Total;2017;654
45;Toledo;45077 Huecas;Total;2016;657
45;Toledo;45077 Huecas;Total;2015;661
45;Toledo;45077 Huecas;Total;2014;656
45;Toledo;45077 Huecas;Total;2013;660
45;Toledo;45077 Huecas;Total;2012;711
45;Toledo;45077 Huecas;Total;2011;720
45;Toledo;45077 Huecas;Total;2010;617
45;Toledo;45077 Huecas;Total;2009;630
45;Toledo;45077 Huecas;Total;2008;609
45;Toledo;45077 Huecas;Total;2007;520
45;Toledo;45077 Huecas;Total;2006;506
45;Toledo;45077 Huecas;Total;2005;524
45;Toledo;45077 Huecas;Total;2004;519
45;Toledo;45077 Huecas;Total;2003;511
45;Toledo;45077 Huecas;Total;2002;497
45;Toledo;45077 Huecas;Total;2001;492
45;Toledo;45077 Huecas;Total;2000;474
45;Toledo;45077 Huecas;Total;1999;435
45;Toledo;45077 Huecas;Total;1998;416
45;Toledo;45077 Huecas;Total;1997;
45;Toledo;45077 Huecas;Total;1996;381
45;Toledo;45077 Huecas;Hombres;2023;436
45;Toledo;45077 Huecas;Hombres;2022;416
45;Toledo;45077 Huecas;Hombres;2021;399
45;Toledo;45077 Huecas;Hombres;2020;379
45;Toledo;45077 Huecas;Hombres;2019;369
45;Toledo;45077 Huecas;Hombres;2018;351
45;Toledo;45077 Huecas;Hombres;2017;333
45;Toledo;45077 Huecas;Hombres;2016;338
45;Toledo;45077 Huecas;Hombres;2015;345
45;Toledo;45077 Huecas;Hombres;2014;346
45;Toledo;45077 Huecas;Hombres;2013;348
45;Toledo;45077 Huecas;Hombres;2012;369
45;Toledo;45077 Huecas;Hombres;2011;367
45;Toledo;45077 Huecas;Hombres;2010;313
45;Toledo;45077 Huecas;Hombres;2009;325
45;Toledo;45077 Huecas;Hombres;2008;318
45;Toledo;45077 Huecas;Hombres;2007;271
45;Toledo;45077 Huecas;Hombres;2006;268
45;Toledo;45077 Huecas;Hombres;2005;273
45;Toledo;45077 Huecas;Hombres;2004;273
45;Toledo;45077 Huecas;Hombres;2003;272
45;Toledo;45077 Huecas;Hombres;2002;261
45;Toledo;45077 Huecas;Hombres;2001;256
45;Toledo;45077 Huecas;Hombres;2000;247
45;Toledo;45077 Huecas;Hombres;1999;230
45;Toledo;45077 Huecas;Hombres;1998;215
45;Toledo;45077 Huecas;Hombres;1997;
45;Toledo;45077 Huecas;Hombres;1996;195
45;Toledo;45077 Huecas;Mujeres;2023;413
45;Toledo;45077 Huecas;Mujeres;2022;394
45;Toledo;45077 Huecas;Mujeres;2021;374
45;Toledo;45077 Huecas;Mujeres;2020;343
45;Toledo;45077 Huecas;Mujeres;2019;341
45;Toledo;45077 Huecas;Mujeres;2018;332
45;Toledo;45077 Huecas;Mujeres;2017;321
45;Toledo;45077 Huecas;Mujeres;2016;319
45;Toledo;45077 Huecas;Mujeres;2015;316
45;Toledo;45077 Huecas;Mujeres;2014;310
45;Toledo;45077 Huecas;Mujeres;2013;312
45;Toledo;45077 Huecas;Mujeres;2012;342
45;Toledo;45077 Huecas;Mujeres;2011;353
45;Toledo;45077 Huecas;Mujeres;2010;304
45;Toledo;45077 Huecas;Mujeres;2009;305
45;Toledo;45077 Huecas;Mujeres;2008;291
45;Toledo;45077 Huecas;Mujeres;2007;249
45;Toledo;45077 Huecas;Mujeres;2006;238
45;Toledo;45077 Huecas;Mujeres;2005;251
45;Toledo;45077 Huecas;Mujeres;2004;246
45;Toledo;45077 Huecas;Mujeres;2003;239
45;Toledo;45077 Huecas;Mujeres;2002;236
45;Toledo;45077 Huecas;Mujeres;2001;236
45;Toledo;45077 Huecas;Mujeres;2000;227
45;Toledo;45077 Huecas;Mujeres;1999;205
45;Toledo;45077 Huecas;Mujeres;1998;201
45;Toledo;45077 Huecas;Mujeres;1997;
45;Toledo;45077 Huecas;Mujeres;1996;186
45;Toledo;45078 Huerta de Valdecarábanos;Total;2023;1760
45;Toledo;45078 Huerta de Valdecarábanos;Total;2022;1726
45;Toledo;45078 Huerta de Valdecarábanos;Total;2021;1683
45;Toledo;45078 Huerta de Valdecarábanos;Total;2020;1683
45;Toledo;45078 Huerta de Valdecarábanos;Total;2019;1649
45;Toledo;45078 Huerta de Valdecarábanos;Total;2018;1681
45;Toledo;45078 Huerta de Valdecarábanos;Total;2017;1703
45;Toledo;45078 Huerta de Valdecarábanos;Total;2016;1770
45;Toledo;45078 Huerta de Valdecarábanos;Total;2015;1798
45;Toledo;45078 Huerta de Valdecarábanos;Total;2014;1817
45;Toledo;45078 Huerta de Valdecarábanos;Total;2013;1883
45;Toledo;45078 Huerta de Valdecarábanos;Total;2012;1900
45;Toledo;45078 Huerta de Valdecarábanos;Total;2011;1952
45;Toledo;45078 Huerta de Valdecarábanos;Total;2010;1963
45;Toledo;45078 Huerta de Valdecarábanos;Total;2009;1943
45;Toledo;45078 Huerta de Valdecarábanos;Total;2008;1934
45;Toledo;45078 Huerta de Valdecarábanos;Total;2007;1829
45;Toledo;45078 Huerta de Valdecarábanos;Total;2006;1784
45;Toledo;45078 Huerta de Valdecarábanos;Total;2005;1763
45;Toledo;45078 Huerta de Valdecarábanos;Total;2004;1724
45;Toledo;45078 Huerta de Valdecarábanos;Total;2003;1719
45;Toledo;45078 Huerta de Valdecarábanos;Total;2002;1708
45;Toledo;45078 Huerta de Valdecarábanos;Total;2001;1684
45;Toledo;45078 Huerta de Valdecarábanos;Total;2000;1661
45;Toledo;45078 Huerta de Valdecarábanos;Total;1999;1685
45;Toledo;45078 Huerta de Valdecarábanos;Total;1998;1683
45;Toledo;45078 Huerta de Valdecarábanos;Total;1997;
45;Toledo;45078 Huerta de Valdecarábanos;Total;1996;1715
45;Toledo;45078 Huerta de Valdecarábanos;Hombres;2023;892
45;Toledo;45078 Huerta de Valdecarábanos;Hombres;2022;872
45;Toledo;45078 Huerta de Valdecarábanos;Hombres;2021;842
45;Toledo;45078 Huerta de Valdecarábanos;Hombres;2020;839
45;Toledo;45078 Huerta de Valdecarábanos;Hombres;2019;817
45;Toledo;45078 Huerta de Valdecarábanos;Hombres;2018;827
45;Toledo;45078 Huerta de Valdecarábanos;Hombres;2017;841
45;Toledo;45078 Huerta de Valdecarábanos;Hombres;2016;876
45;Toledo;45078 Huerta de Valdecarábanos;Hombres;2015;888
45;Toledo;45078 Huerta de Valdecarábanos;Hombres;2014;896
45;Toledo;45078 Huerta de Valdecarábanos;Hombres;2013;935
45;Toledo;45078 Huerta de Valdecarábanos;Hombres;2012;943
45;Toledo;45078 Huerta de Valdecarábanos;Hombres;2011;964
45;Toledo;45078 Huerta de Valdecarábanos;Hombres;2010;972
45;Toledo;45078 Huerta de Valdecarábanos;Hombres;2009;971
45;Toledo;45078 Huerta de Valdecarábanos;Hombres;2008;955
45;Toledo;45078 Huerta de Valdecarábanos;Hombres;2007;893
45;Toledo;45078 Huerta de Valdecarábanos;Hombres;2006;883
45;Toledo;45078 Huerta de Valdecarábanos;Hombres;2005;873
45;Toledo;45078 Huerta de Valdecarábanos;Hombres;2004;849
45;Toledo;45078 Huerta de Valdecarábanos;Hombres;2003;855
45;Toledo;45078 Huerta de Valdecarábanos;Hombres;2002;850
45;Toledo;45078 Huerta de Valdecarábanos;Hombres;2001;830
45;Toledo;45078 Huerta de Valdecarábanos;Hombres;2000;817
45;Toledo;45078 Huerta de Valdecarábanos;Hombres;1999;834
45;Toledo;45078 Huerta de Valdecarábanos;Hombres;1998;829
45;Toledo;45078 Huerta de Valdecarábanos;Hombres;1997;
45;Toledo;45078 Huerta de Valdecarábanos;Hombres;1996;836
45;Toledo;45078 Huerta de Valdecarábanos;Mujeres;2023;868
45;Toledo;45078 Huerta de Valdecarábanos;Mujeres;2022;854
45;Toledo;45078 Huerta de Valdecarábanos;Mujeres;2021;841
45;Toledo;45078 Huerta de Valdecarábanos;Mujeres;2020;844
45;Toledo;45078 Huerta de Valdecarábanos;Mujeres;2019;832
45;Toledo;45078 Huerta de Valdecarábanos;Mujeres;2018;854
45;Toledo;45078 Huerta de Valdecarábanos;Mujeres;2017;862
45;Toledo;45078 Huerta de Valdecarábanos;Mujeres;2016;894
45;Toledo;45078 Huerta de Valdecarábanos;Mujeres;2015;910
45;Toledo;45078 Huerta de Valdecarábanos;Mujeres;2014;921
45;Toledo;45078 Huerta de Valdecarábanos;Mujeres;2013;948
45;Toledo;45078 Huerta de Valdecarábanos;Mujeres;2012;957
45;Toledo;45078 Huerta de Valdecarábanos;Mujeres;2011;988
45;Toledo;45078 Huerta de Valdecarábanos;Mujeres;2010;991
45;Toledo;45078 Huerta de Valdecarábanos;Mujeres;2009;972
45;Toledo;45078 Huerta de Valdecarábanos;Mujeres;2008;979
45;Toledo;45078 Huerta de Valdecarábanos;Mujeres;2007;936
45;Toledo;45078 Huerta de Valdecarábanos;Mujeres;2006;901
45;Toledo;45078 Huerta de Valdecarábanos;Mujeres;2005;890
45;Toledo;45078 Huerta de Valdecarábanos;Mujeres;2004;875
45;Toledo;45078 Huerta de Valdecarábanos;Mujeres;2003;864
45;Toledo;45078 Huerta de Valdecarábanos;Mujeres;2002;858
45;Toledo;45078 Huerta de Valdecarábanos;Mujeres;2001;854
45;Toledo;45078 Huerta de Valdecarábanos;Mujeres;2000;844
45;Toledo;45078 Huerta de Valdecarábanos;Mujeres;1999;851
45;Toledo;45078 Huerta de Valdecarábanos;Mujeres;1998;854
45;Toledo;45078 Huerta de Valdecarábanos;Mujeres;1997;
45;Toledo;45078 Huerta de Valdecarábanos;Mujeres;1996;879
45;Toledo;45079 Iglesuela del Tiétar, La;Total;2023;444
45;Toledo;45079 Iglesuela del Tiétar, La;Total;2022;471
45;Toledo;45079 Iglesuela del Tiétar, La;Total;2021;461
45;Toledo;45079 Iglesuela del Tiétar, La;Total;2020;424
45;Toledo;45079 Iglesuela del Tiétar, La;Total;2019;411
45;Toledo;45079 Iglesuela del Tiétar, La;Total;2018;406
45;Toledo;45079 Iglesuela del Tiétar, La;Total;2017;425
45;Toledo;45079 Iglesuela del Tiétar, La;Total;2016;433
45;Toledo;45079 Iglesuela del Tiétar, La;Total;2015;430
45;Toledo;45079 Iglesuela del Tiétar, La;Total;2014;448
45;Toledo;45079 Iglesuela del Tiétar, La;Total;2013;448
45;Toledo;45079 Iglesuela del Tiétar, La;Total;2012;441
45;Toledo;45079 Iglesuela del Tiétar, La;Total;2011;412
45;Toledo;45079 Iglesuela del Tiétar, La;Total;2010;422
45;Toledo;45079 Iglesuela del Tiétar, La;Total;2009;430
45;Toledo;45079 Iglesuela del Tiétar, La;Total;2008;427
45;Toledo;45079 Iglesuela del Tiétar, La;Total;2007;414
45;Toledo;45079 Iglesuela del Tiétar, La;Total;2006;411
45;Toledo;45079 Iglesuela del Tiétar, La;Total;2005;419
45;Toledo;45079 Iglesuela del Tiétar, La;Total;2004;427
45;Toledo;45079 Iglesuela del Tiétar, La;Total;2003;415
45;Toledo;45079 Iglesuela del Tiétar, La;Total;2002;427
45;Toledo;45079 Iglesuela del Tiétar, La;Total;2001;427
45;Toledo;45079 Iglesuela del Tiétar, La;Total;2000;435
45;Toledo;45079 Iglesuela del Tiétar, La;Total;1999;450
45;Toledo;45079 Iglesuela del Tiétar, La;Total;1998;459
45;Toledo;45079 Iglesuela del Tiétar, La;Total;1997;
45;Toledo;45079 Iglesuela del Tiétar, La;Total;1996;474
45;Toledo;45079 Iglesuela del Tiétar, La;Hombres;2023;236
45;Toledo;45079 Iglesuela del Tiétar, La;Hombres;2022;254
45;Toledo;45079 Iglesuela del Tiétar, La;Hombres;2021;249
45;Toledo;45079 Iglesuela del Tiétar, La;Hombres;2020;224
45;Toledo;45079 Iglesuela del Tiétar, La;Hombres;2019;215
45;Toledo;45079 Iglesuela del Tiétar, La;Hombres;2018;211
45;Toledo;45079 Iglesuela del Tiétar, La;Hombres;2017;220
45;Toledo;45079 Iglesuela del Tiétar, La;Hombres;2016;227
45;Toledo;45079 Iglesuela del Tiétar, La;Hombres;2015;230
45;Toledo;45079 Iglesuela del Tiétar, La;Hombres;2014;238
45;Toledo;45079 Iglesuela del Tiétar, La;Hombres;2013;234
45;Toledo;45079 Iglesuela del Tiétar, La;Hombres;2012;230
45;Toledo;45079 Iglesuela del Tiétar, La;Hombres;2011;219
45;Toledo;45079 Iglesuela del Tiétar, La;Hombres;2010;219
45;Toledo;45079 Iglesuela del Tiétar, La;Hombres;2009;218
45;Toledo;45079 Iglesuela del Tiétar, La;Hombres;2008;215
45;Toledo;45079 Iglesuela del Tiétar, La;Hombres;2007;211
45;Toledo;45079 Iglesuela del Tiétar, La;Hombres;2006;210
45;Toledo;45079 Iglesuela del Tiétar, La;Hombres;2005;213
45;Toledo;45079 Iglesuela del Tiétar, La;Hombres;2004;221
45;Toledo;45079 Iglesuela del Tiétar, La;Hombres;2003;206
45;Toledo;45079 Iglesuela del Tiétar, La;Hombres;2002;214
45;Toledo;45079 Iglesuela del Tiétar, La;Hombres;2001;213
45;Toledo;45079 Iglesuela del Tiétar, La;Hombres;2000;213
45;Toledo;45079 Iglesuela del Tiétar, La;Hombres;1999;222
45;Toledo;45079 Iglesuela del Tiétar, La;Hombres;1998;228
45;Toledo;45079 Iglesuela del Tiétar, La;Hombres;1997;
45;Toledo;45079 Iglesuela del Tiétar, La;Hombres;1996;240
45;Toledo;45079 Iglesuela del Tiétar, La;Mujeres;2023;208
45;Toledo;45079 Iglesuela del Tiétar, La;Mujeres;2022;217
45;Toledo;45079 Iglesuela del Tiétar, La;Mujeres;2021;212
45;Toledo;45079 Iglesuela del Tiétar, La;Mujeres;2020;200
45;Toledo;45079 Iglesuela del Tiétar, La;Mujeres;2019;196
45;Toledo;45079 Iglesuela del Tiétar, La;Mujeres;2018;195
45;Toledo;45079 Iglesuela del Tiétar, La;Mujeres;2017;205
45;Toledo;45079 Iglesuela del Tiétar, La;Mujeres;2016;206
45;Toledo;45079 Iglesuela del Tiétar, La;Mujeres;2015;200
45;Toledo;45079 Iglesuela del Tiétar, La;Mujeres;2014;210
45;Toledo;45079 Iglesuela del Tiétar, La;Mujeres;2013;214
45;Toledo;45079 Iglesuela del Tiétar, La;Mujeres;2012;211
45;Toledo;45079 Iglesuela del Tiétar, La;Mujeres;2011;193
45;Toledo;45079 Iglesuela del Tiétar, La;Mujeres;2010;203
45;Toledo;45079 Iglesuela del Tiétar, La;Mujeres;2009;212
45;Toledo;45079 Iglesuela del Tiétar, La;Mujeres;2008;212
45;Toledo;45079 Iglesuela del Tiétar, La;Mujeres;2007;203
45;Toledo;45079 Iglesuela del Tiétar, La;Mujeres;2006;201
45;Toledo;45079 Iglesuela del Tiétar, La;Mujeres;2005;206
45;Toledo;45079 Iglesuela del Tiétar, La;Mujeres;2004;206
45;Toledo;45079 Iglesuela del Tiétar, La;Mujeres;2003;209
45;Toledo;45079 Iglesuela del Tiétar, La;Mujeres;2002;213
45;Toledo;45079 Iglesuela del Tiétar, La;Mujeres;2001;214
45;Toledo;45079 Iglesuela del Tiétar, La;Mujeres;2000;222
45;Toledo;45079 Iglesuela del Tiétar, La;Mujeres;1999;228
45;Toledo;45079 Iglesuela del Tiétar, La;Mujeres;1998;231
45;Toledo;45079 Iglesuela del Tiétar, La;Mujeres;1997;
45;Toledo;45079 Iglesuela del Tiétar, La;Mujeres;1996;234
45;Toledo;45080 Illán de Vacas;Total;2023;3
45;Toledo;45080 Illán de Vacas;Total;2022;3
45;Toledo;45080 Illán de Vacas;Total;2021;3
45;Toledo;45080 Illán de Vacas;Total;2020;3
45;Toledo;45080 Illán de Vacas;Total;2019;3
45;Toledo;45080 Illán de Vacas;Total;2018;5
45;Toledo;45080 Illán de Vacas;Total;2017;5
45;Toledo;45080 Illán de Vacas;Total;2016;6
45;Toledo;45080 Illán de Vacas;Total;2015;6
45;Toledo;45080 Illán de Vacas;Total;2014;3
45;Toledo;45080 Illán de Vacas;Total;2013;1
45;Toledo;45080 Illán de Vacas;Total;2012;2
45;Toledo;45080 Illán de Vacas;Total;2011;5
45;Toledo;45080 Illán de Vacas;Total;2010;5
45;Toledo;45080 Illán de Vacas;Total;2009;5
45;Toledo;45080 Illán de Vacas;Total;2008;6
45;Toledo;45080 Illán de Vacas;Total;2007;6
45;Toledo;45080 Illán de Vacas;Total;2006;6
45;Toledo;45080 Illán de Vacas;Total;2005;7
45;Toledo;45080 Illán de Vacas;Total;2004;8
45;Toledo;45080 Illán de Vacas;Total;2003;8
45;Toledo;45080 Illán de Vacas;Total;2002;5
45;Toledo;45080 Illán de Vacas;Total;2001;5
45;Toledo;45080 Illán de Vacas;Total;2000;4
45;Toledo;45080 Illán de Vacas;Total;1999;4
45;Toledo;45080 Illán de Vacas;Total;1998;4
45;Toledo;45080 Illán de Vacas;Total;1997;
45;Toledo;45080 Illán de Vacas;Total;1996;6
45;Toledo;45080 Illán de Vacas;Hombres;2023;3
45;Toledo;45080 Illán de Vacas;Hombres;2022;3
45;Toledo;45080 Illán de Vacas;Hombres;2021;3
45;Toledo;45080 Illán de Vacas;Hombres;2020;3
45;Toledo;45080 Illán de Vacas;Hombres;2019;3
45;Toledo;45080 Illán de Vacas;Hombres;2018;4
45;Toledo;45080 Illán de Vacas;Hombres;2017;4
45;Toledo;45080 Illán de Vacas;Hombres;2016;4
45;Toledo;45080 Illán de Vacas;Hombres;2015;4
45;Toledo;45080 Illán de Vacas;Hombres;2014;2
45;Toledo;45080 Illán de Vacas;Hombres;2013;1
45;Toledo;45080 Illán de Vacas;Hombres;2012;2
45;Toledo;45080 Illán de Vacas;Hombres;2011;3
45;Toledo;45080 Illán de Vacas;Hombres;2010;3
45;Toledo;45080 Illán de Vacas;Hombres;2009;3
45;Toledo;45080 Illán de Vacas;Hombres;2008;4
45;Toledo;45080 Illán de Vacas;Hombres;2007;4
45;Toledo;45080 Illán de Vacas;Hombres;2006;4
45;Toledo;45080 Illán de Vacas;Hombres;2005;4
45;Toledo;45080 Illán de Vacas;Hombres;2004;5
45;Toledo;45080 Illán de Vacas;Hombres;2003;5
45;Toledo;45080 Illán de Vacas;Hombres;2002;4
45;Toledo;45080 Illán de Vacas;Hombres;2001;4
45;Toledo;45080 Illán de Vacas;Hombres;2000;3
45;Toledo;45080 Illán de Vacas;Hombres;1999;3
45;Toledo;45080 Illán de Vacas;Hombres;1998;3
45;Toledo;45080 Illán de Vacas;Hombres;1997;
45;Toledo;45080 Illán de Vacas;Hombres;1996;5
45;Toledo;45080 Illán de Vacas;Mujeres;2023;0
45;Toledo;45080 Illán de Vacas;Mujeres;2022;0
45;Toledo;45080 Illán de Vacas;Mujeres;2021;0
45;Toledo;45080 Illán de Vacas;Mujeres;2020;0
45;Toledo;45080 Illán de Vacas;Mujeres;2019;0
45;Toledo;45080 Illán de Vacas;Mujeres;2018;1
45;Toledo;45080 Illán de Vacas;Mujeres;2017;1
45;Toledo;45080 Illán de Vacas;Mujeres;2016;2
45;Toledo;45080 Illán de Vacas;Mujeres;2015;2
45;Toledo;45080 Illán de Vacas;Mujeres;2014;1
45;Toledo;45080 Illán de Vacas;Mujeres;2013;0
45;Toledo;45080 Illán de Vacas;Mujeres;2012;0
45;Toledo;45080 Illán de Vacas;Mujeres;2011;2
45;Toledo;45080 Illán de Vacas;Mujeres;2010;2
45;Toledo;45080 Illán de Vacas;Mujeres;2009;2
45;Toledo;45080 Illán de Vacas;Mujeres;2008;2
45;Toledo;45080 Illán de Vacas;Mujeres;2007;2
45;Toledo;45080 Illán de Vacas;Mujeres;2006;2
45;Toledo;45080 Illán de Vacas;Mujeres;2005;3
45;Toledo;45080 Illán de Vacas;Mujeres;2004;3
45;Toledo;45080 Illán de Vacas;Mujeres;2003;3
45;Toledo;45080 Illán de Vacas;Mujeres;2002;1
45;Toledo;45080 Illán de Vacas;Mujeres;2001;1
45;Toledo;45080 Illán de Vacas;Mujeres;2000;1
45;Toledo;45080 Illán de Vacas;Mujeres;1999;1
45;Toledo;45080 Illán de Vacas;Mujeres;1998;1
45;Toledo;45080 Illán de Vacas;Mujeres;1997;
45;Toledo;45080 Illán de Vacas;Mujeres;1996;1
45;Toledo;45081 Illescas;Total;2023;31327
45;Toledo;45081 Illescas;Total;2022;30553
45;Toledo;45081 Illescas;Total;2021;30229
45;Toledo;45081 Illescas;Total;2020;29558
45;Toledo;45081 Illescas;Total;2019;28894
45;Toledo;45081 Illescas;Total;2018;28064
45;Toledo;45081 Illescas;Total;2017;27332
45;Toledo;45081 Illescas;Total;2016;26672
45;Toledo;45081 Illescas;Total;2015;25964
45;Toledo;45081 Illescas;Total;2014;25721
45;Toledo;45081 Illescas;Total;2013;25382
45;Toledo;45081 Illescas;Total;2012;24581
45;Toledo;45081 Illescas;Total;2011;23627
45;Toledo;45081 Illescas;Total;2010;22482
45;Toledo;45081 Illescas;Total;2009;21264
45;Toledo;45081 Illescas;Total;2008;19167
45;Toledo;45081 Illescas;Total;2007;17312
45;Toledo;45081 Illescas;Total;2006;15830
45;Toledo;45081 Illescas;Total;2005;14771
45;Toledo;45081 Illescas;Total;2004;13692
45;Toledo;45081 Illescas;Total;2003;12704
45;Toledo;45081 Illescas;Total;2002;11736
45;Toledo;45081 Illescas;Total;2001;10940
45;Toledo;45081 Illescas;Total;2000;10347
45;Toledo;45081 Illescas;Total;1999;10106
45;Toledo;45081 Illescas;Total;1998;9930
45;Toledo;45081 Illescas;Total;1997;
45;Toledo;45081 Illescas;Total;1996;9743
45;Toledo;45081 Illescas;Hombres;2023;15749
45;Toledo;45081 Illescas;Hombres;2022;15336
45;Toledo;45081 Illescas;Hombres;2021;15247
45;Toledo;45081 Illescas;Hombres;2020;14901
45;Toledo;45081 Illescas;Hombres;2019;14584
45;Toledo;45081 Illescas;Hombres;2018;14238
45;Toledo;45081 Illescas;Hombres;2017;13866
45;Toledo;45081 Illescas;Hombres;2016;13560
45;Toledo;45081 Illescas;Hombres;2015;13205
45;Toledo;45081 Illescas;Hombres;2014;13082
45;Toledo;45081 Illescas;Hombres;2013;12931
45;Toledo;45081 Illescas;Hombres;2012;12523
45;Toledo;45081 Illescas;Hombres;2011;12030
45;Toledo;45081 Illescas;Hombres;2010;11498
45;Toledo;45081 Illescas;Hombres;2009;10854
45;Toledo;45081 Illescas;Hombres;2008;9722
45;Toledo;45081 Illescas;Hombres;2007;8775
45;Toledo;45081 Illescas;Hombres;2006;8021
45;Toledo;45081 Illescas;Hombres;2005;7489
45;Toledo;45081 Illescas;Hombres;2004;6955
45;Toledo;45081 Illescas;Hombres;2003;6439
45;Toledo;45081 Illescas;Hombres;2002;5911
45;Toledo;45081 Illescas;Hombres;2001;5486
45;Toledo;45081 Illescas;Hombres;2000;5198
45;Toledo;45081 Illescas;Hombres;1999;5063
45;Toledo;45081 Illescas;Hombres;1998;4977
45;Toledo;45081 Illescas;Hombres;1997;
45;Toledo;45081 Illescas;Hombres;1996;4874
45;Toledo;45081 Illescas;Mujeres;2023;15578
45;Toledo;45081 Illescas;Mujeres;2022;15217
45;Toledo;45081 Illescas;Mujeres;2021;14982
45;Toledo;45081 Illescas;Mujeres;2020;14657
45;Toledo;45081 Illescas;Mujeres;2019;14310
45;Toledo;45081 Illescas;Mujeres;2018;13826
45;Toledo;45081 Illescas;Mujeres;2017;13466
45;Toledo;45081 Illescas;Mujeres;2016;13112
45;Toledo;45081 Illescas;Mujeres;2015;12759
45;Toledo;45081 Illescas;Mujeres;2014;12639
45;Toledo;45081 Illescas;Mujeres;2013;12451
45;Toledo;45081 Illescas;Mujeres;2012;12058
45;Toledo;45081 Illescas;Mujeres;2011;11597
45;Toledo;45081 Illescas;Mujeres;2010;10984
45;Toledo;45081 Illescas;Mujeres;2009;10410
45;Toledo;45081 Illescas;Mujeres;2008;9445
45;Toledo;45081 Illescas;Mujeres;2007;8537
45;Toledo;45081 Illescas;Mujeres;2006;7809
45;Toledo;45081 Illescas;Mujeres;2005;7282
45;Toledo;45081 Illescas;Mujeres;2004;6737
45;Toledo;45081 Illescas;Mujeres;2003;6265
45;Toledo;45081 Illescas;Mujeres;2002;5825
45;Toledo;45081 Illescas;Mujeres;2001;5454
45;Toledo;45081 Illescas;Mujeres;2000;5149
45;Toledo;45081 Illescas;Mujeres;1999;5043
45;Toledo;45081 Illescas;Mujeres;1998;4953
45;Toledo;45081 Illescas;Mujeres;1997;
45;Toledo;45081 Illescas;Mujeres;1996;4869
45;Toledo;45082 Lagartera;Total;2023;1306
45;Toledo;45082 Lagartera;Total;2022;1292
45;Toledo;45082 Lagartera;Total;2021;1331
45;Toledo;45082 Lagartera;Total;2020;1354
45;Toledo;45082 Lagartera;Total;2019;1369
45;Toledo;45082 Lagartera;Total;2018;1405
45;Toledo;45082 Lagartera;Total;2017;1422
45;Toledo;45082 Lagartera;Total;2016;1468
45;Toledo;45082 Lagartera;Total;2015;1503
45;Toledo;45082 Lagartera;Total;2014;1505
45;Toledo;45082 Lagartera;Total;2013;1522
45;Toledo;45082 Lagartera;Total;2012;1558
45;Toledo;45082 Lagartera;Total;2011;1564
45;Toledo;45082 Lagartera;Total;2010;1595
45;Toledo;45082 Lagartera;Total;2009;1596
45;Toledo;45082 Lagartera;Total;2008;1601
45;Toledo;45082 Lagartera;Total;2007;1591
45;Toledo;45082 Lagartera;Total;2006;1556
45;Toledo;45082 Lagartera;Total;2005;1621
45;Toledo;45082 Lagartera;Total;2004;1652
45;Toledo;45082 Lagartera;Total;2003;1701
45;Toledo;45082 Lagartera;Total;2002;1762
45;Toledo;45082 Lagartera;Total;2001;1813
45;Toledo;45082 Lagartera;Total;2000;1839
45;Toledo;45082 Lagartera;Total;1999;1870
45;Toledo;45082 Lagartera;Total;1998;1891
45;Toledo;45082 Lagartera;Total;1997;
45;Toledo;45082 Lagartera;Total;1996;1939
45;Toledo;45082 Lagartera;Hombres;2023;644
45;Toledo;45082 Lagartera;Hombres;2022;639
45;Toledo;45082 Lagartera;Hombres;2021;669
45;Toledo;45082 Lagartera;Hombres;2020;678
45;Toledo;45082 Lagartera;Hombres;2019;683
45;Toledo;45082 Lagartera;Hombres;2018;699
45;Toledo;45082 Lagartera;Hombres;2017;710
45;Toledo;45082 Lagartera;Hombres;2016;727
45;Toledo;45082 Lagartera;Hombres;2015;757
45;Toledo;45082 Lagartera;Hombres;2014;753
45;Toledo;45082 Lagartera;Hombres;2013;767
45;Toledo;45082 Lagartera;Hombres;2012;784
45;Toledo;45082 Lagartera;Hombres;2011;787
45;Toledo;45082 Lagartera;Hombres;2010;797
45;Toledo;45082 Lagartera;Hombres;2009;792
45;Toledo;45082 Lagartera;Hombres;2008;800
45;Toledo;45082 Lagartera;Hombres;2007;801
45;Toledo;45082 Lagartera;Hombres;2006;777
45;Toledo;45082 Lagartera;Hombres;2005;805
45;Toledo;45082 Lagartera;Hombres;2004;826
45;Toledo;45082 Lagartera;Hombres;2003;849
45;Toledo;45082 Lagartera;Hombres;2002;876
45;Toledo;45082 Lagartera;Hombres;2001;897
45;Toledo;45082 Lagartera;Hombres;2000;906
45;Toledo;45082 Lagartera;Hombres;1999;914
45;Toledo;45082 Lagartera;Hombres;1998;922
45;Toledo;45082 Lagartera;Hombres;1997;
45;Toledo;45082 Lagartera;Hombres;1996;951
45;Toledo;45082 Lagartera;Mujeres;2023;662
45;Toledo;45082 Lagartera;Mujeres;2022;653
45;Toledo;45082 Lagartera;Mujeres;2021;662
45;Toledo;45082 Lagartera;Mujeres;2020;676
45;Toledo;45082 Lagartera;Mujeres;2019;686
45;Toledo;45082 Lagartera;Mujeres;2018;706
45;Toledo;45082 Lagartera;Mujeres;2017;712
45;Toledo;45082 Lagartera;Mujeres;2016;741
45;Toledo;45082 Lagartera;Mujeres;2015;746
45;Toledo;45082 Lagartera;Mujeres;2014;752
45;Toledo;45082 Lagartera;Mujeres;2013;755
45;Toledo;45082 Lagartera;Mujeres;2012;774
45;Toledo;45082 Lagartera;Mujeres;2011;777
45;Toledo;45082 Lagartera;Mujeres;2010;798
45;Toledo;45082 Lagartera;Mujeres;2009;804
45;Toledo;45082 Lagartera;Mujeres;2008;801
45;Toledo;45082 Lagartera;Mujeres;2007;790
45;Toledo;45082 Lagartera;Mujeres;2006;779
45;Toledo;45082 Lagartera;Mujeres;2005;816
45;Toledo;45082 Lagartera;Mujeres;2004;826
45;Toledo;45082 Lagartera;Mujeres;2003;852
45;Toledo;45082 Lagartera;Mujeres;2002;886
45;Toledo;45082 Lagartera;Mujeres;2001;916
45;Toledo;45082 Lagartera;Mujeres;2000;933
45;Toledo;45082 Lagartera;Mujeres;1999;956
45;Toledo;45082 Lagartera;Mujeres;1998;969
45;Toledo;45082 Lagartera;Mujeres;1997;
45;Toledo;45082 Lagartera;Mujeres;1996;988
45;Toledo;45083 Layos;Total;2023;873
45;Toledo;45083 Layos;Total;2022;845
45;Toledo;45083 Layos;Total;2021;810
45;Toledo;45083 Layos;Total;2020;777
45;Toledo;45083 Layos;Total;2019;754
45;Toledo;45083 Layos;Total;2018;685
45;Toledo;45083 Layos;Total;2017;652
45;Toledo;45083 Layos;Total;2016;625
45;Toledo;45083 Layos;Total;2015;644
45;Toledo;45083 Layos;Total;2014;652
45;Toledo;45083 Layos;Total;2013;617
45;Toledo;45083 Layos;Total;2012;589
45;Toledo;45083 Layos;Total;2011;558
45;Toledo;45083 Layos;Total;2010;526
45;Toledo;45083 Layos;Total;2009;484
45;Toledo;45083 Layos;Total;2008;444
45;Toledo;45083 Layos;Total;2007;438
45;Toledo;45083 Layos;Total;2006;378
45;Toledo;45083 Layos;Total;2005;354
45;Toledo;45083 Layos;Total;2004;347
45;Toledo;45083 Layos;Total;2003;327
45;Toledo;45083 Layos;Total;2002;302
45;Toledo;45083 Layos;Total;2001;290
45;Toledo;45083 Layos;Total;2000;268
45;Toledo;45083 Layos;Total;1999;262
45;Toledo;45083 Layos;Total;1998;277
45;Toledo;45083 Layos;Total;1997;
45;Toledo;45083 Layos;Total;1996;273
45;Toledo;45083 Layos;Hombres;2023;441
45;Toledo;45083 Layos;Hombres;2022;428
45;Toledo;45083 Layos;Hombres;2021;397
45;Toledo;45083 Layos;Hombres;2020;375
45;Toledo;45083 Layos;Hombres;2019;370
45;Toledo;45083 Layos;Hombres;2018;339
45;Toledo;45083 Layos;Hombres;2017;322
45;Toledo;45083 Layos;Hombres;2016;310
45;Toledo;45083 Layos;Hombres;2015;328
45;Toledo;45083 Layos;Hombres;2014;335
45;Toledo;45083 Layos;Hombres;2013;315
45;Toledo;45083 Layos;Hombres;2012;298
45;Toledo;45083 Layos;Hombres;2011;280
45;Toledo;45083 Layos;Hombres;2010;259
45;Toledo;45083 Layos;Hombres;2009;234
45;Toledo;45083 Layos;Hombres;2008;224
45;Toledo;45083 Layos;Hombres;2007;215
45;Toledo;45083 Layos;Hombres;2006;183
45;Toledo;45083 Layos;Hombres;2005;168
45;Toledo;45083 Layos;Hombres;2004;168
45;Toledo;45083 Layos;Hombres;2003;159
45;Toledo;45083 Layos;Hombres;2002;150
45;Toledo;45083 Layos;Hombres;2001;148
45;Toledo;45083 Layos;Hombres;2000;138
45;Toledo;45083 Layos;Hombres;1999;134
45;Toledo;45083 Layos;Hombres;1998;137
45;Toledo;45083 Layos;Hombres;1997;
45;Toledo;45083 Layos;Hombres;1996;135
45;Toledo;45083 Layos;Mujeres;2023;432
45;Toledo;45083 Layos;Mujeres;2022;417
45;Toledo;45083 Layos;Mujeres;2021;413
45;Toledo;45083 Layos;Mujeres;2020;402
45;Toledo;45083 Layos;Mujeres;2019;384
45;Toledo;45083 Layos;Mujeres;2018;346
45;Toledo;45083 Layos;Mujeres;2017;330
45;Toledo;45083 Layos;Mujeres;2016;315
45;Toledo;45083 Layos;Mujeres;2015;316
45;Toledo;45083 Layos;Mujeres;2014;317
45;Toledo;45083 Layos;Mujeres;2013;302
45;Toledo;45083 Layos;Mujeres;2012;291
45;Toledo;45083 Layos;Mujeres;2011;278
45;Toledo;45083 Layos;Mujeres;2010;267
45;Toledo;45083 Layos;Mujeres;2009;250
45;Toledo;45083 Layos;Mujeres;2008;220
45;Toledo;45083 Layos;Mujeres;2007;223
45;Toledo;45083 Layos;Mujeres;2006;195
45;Toledo;45083 Layos;Mujeres;2005;186
45;Toledo;45083 Layos;Mujeres;2004;179
45;Toledo;45083 Layos;Mujeres;2003;168
45;Toledo;45083 Layos;Mujeres;2002;152
45;Toledo;45083 Layos;Mujeres;2001;142
45;Toledo;45083 Layos;Mujeres;2000;130
45;Toledo;45083 Layos;Mujeres;1999;128
45;Toledo;45083 Layos;Mujeres;1998;140
45;Toledo;45083 Layos;Mujeres;1997;
45;Toledo;45083 Layos;Mujeres;1996;138
45;Toledo;45084 Lillo;Total;2023;2518
45;Toledo;45084 Lillo;Total;2022;2543
45;Toledo;45084 Lillo;Total;2021;2574
45;Toledo;45084 Lillo;Total;2020;2561
45;Toledo;45084 Lillo;Total;2019;2577
45;Toledo;45084 Lillo;Total;2018;2600
45;Toledo;45084 Lillo;Total;2017;2695
45;Toledo;45084 Lillo;Total;2016;2754
45;Toledo;45084 Lillo;Total;2015;2813
45;Toledo;45084 Lillo;Total;2014;2898
45;Toledo;45084 Lillo;Total;2013;2972
45;Toledo;45084 Lillo;Total;2012;3114
45;Toledo;45084 Lillo;Total;2011;3171
45;Toledo;45084 Lillo;Total;2010;3043
45;Toledo;45084 Lillo;Total;2009;3062
45;Toledo;45084 Lillo;Total;2008;3126
45;Toledo;45084 Lillo;Total;2007;2962
45;Toledo;45084 Lillo;Total;2006;2762
45;Toledo;45084 Lillo;Total;2005;2704
45;Toledo;45084 Lillo;Total;2004;2706
45;Toledo;45084 Lillo;Total;2003;2816
45;Toledo;45084 Lillo;Total;2002;2858
45;Toledo;45084 Lillo;Total;2001;2905
45;Toledo;45084 Lillo;Total;2000;2905
45;Toledo;45084 Lillo;Total;1999;2894
45;Toledo;45084 Lillo;Total;1998;2885
45;Toledo;45084 Lillo;Total;1997;
45;Toledo;45084 Lillo;Total;1996;2892
45;Toledo;45084 Lillo;Hombres;2023;1311
45;Toledo;45084 Lillo;Hombres;2022;1326
45;Toledo;45084 Lillo;Hombres;2021;1338
45;Toledo;45084 Lillo;Hombres;2020;1328
45;Toledo;45084 Lillo;Hombres;2019;1333
45;Toledo;45084 Lillo;Hombres;2018;1353
45;Toledo;45084 Lillo;Hombres;2017;1399
45;Toledo;45084 Lillo;Hombres;2016;1428
45;Toledo;45084 Lillo;Hombres;2015;1454
45;Toledo;45084 Lillo;Hombres;2014;1490
45;Toledo;45084 Lillo;Hombres;2013;1516
45;Toledo;45084 Lillo;Hombres;2012;1609
45;Toledo;45084 Lillo;Hombres;2011;1642
45;Toledo;45084 Lillo;Hombres;2010;1585
45;Toledo;45084 Lillo;Hombres;2009;1584
45;Toledo;45084 Lillo;Hombres;2008;1615
45;Toledo;45084 Lillo;Hombres;2007;1516
45;Toledo;45084 Lillo;Hombres;2006;1411
45;Toledo;45084 Lillo;Hombres;2005;1376
45;Toledo;45084 Lillo;Hombres;2004;1372
45;Toledo;45084 Lillo;Hombres;2003;1430
45;Toledo;45084 Lillo;Hombres;2002;1442
45;Toledo;45084 Lillo;Hombres;2001;1458
45;Toledo;45084 Lillo;Hombres;2000;1459
45;Toledo;45084 Lillo;Hombres;1999;1458
45;Toledo;45084 Lillo;Hombres;1998;1443
45;Toledo;45084 Lillo;Hombres;1997;
45;Toledo;45084 Lillo;Hombres;1996;1437
45;Toledo;45084 Lillo;Mujeres;2023;1207
45;Toledo;45084 Lillo;Mujeres;2022;1217
45;Toledo;45084 Lillo;Mujeres;2021;1236
45;Toledo;45084 Lillo;Mujeres;2020;1233
45;Toledo;45084 Lillo;Mujeres;2019;1244
45;Toledo;45084 Lillo;Mujeres;2018;1247
45;Toledo;45084 Lillo;Mujeres;2017;1296
45;Toledo;45084 Lillo;Mujeres;2016;1326
45;Toledo;45084 Lillo;Mujeres;2015;1359
45;Toledo;45084 Lillo;Mujeres;2014;1408
45;Toledo;45084 Lillo;Mujeres;2013;1456
45;Toledo;45084 Lillo;Mujeres;2012;1505
45;Toledo;45084 Lillo;Mujeres;2011;1529
45;Toledo;45084 Lillo;Mujeres;2010;1458
45;Toledo;45084 Lillo;Mujeres;2009;1478
45;Toledo;45084 Lillo;Mujeres;2008;1511
45;Toledo;45084 Lillo;Mujeres;2007;1446
45;Toledo;45084 Lillo;Mujeres;2006;1351
45;Toledo;45084 Lillo;Mujeres;2005;1328
45;Toledo;45084 Lillo;Mujeres;2004;1334
45;Toledo;45084 Lillo;Mujeres;2003;1386
45;Toledo;45084 Lillo;Mujeres;2002;1416
45;Toledo;45084 Lillo;Mujeres;2001;1447
45;Toledo;45084 Lillo;Mujeres;2000;1446
45;Toledo;45084 Lillo;Mujeres;1999;1436
45;Toledo;45084 Lillo;Mujeres;1998;1442
45;Toledo;45084 Lillo;Mujeres;1997;
45;Toledo;45084 Lillo;Mujeres;1996;1455
45;Toledo;45085 Lominchar;Total;2023;2639
45;Toledo;45085 Lominchar;Total;2022;2510
45;Toledo;45085 Lominchar;Total;2021;2527
45;Toledo;45085 Lominchar;Total;2020;2475
45;Toledo;45085 Lominchar;Total;2019;2387
45;Toledo;45085 Lominchar;Total;2018;2345
45;Toledo;45085 Lominchar;Total;2017;2369
45;Toledo;45085 Lominchar;Total;2016;2365
45;Toledo;45085 Lominchar;Total;2015;2342
45;Toledo;45085 Lominchar;Total;2014;2365
45;Toledo;45085 Lominchar;Total;2013;2364
45;Toledo;45085 Lominchar;Total;2012;2369
45;Toledo;45085 Lominchar;Total;2011;2321
45;Toledo;45085 Lominchar;Total;2010;2057
45;Toledo;45085 Lominchar;Total;2009;1865
45;Toledo;45085 Lominchar;Total;2008;1735
45;Toledo;45085 Lominchar;Total;2007;1530
45;Toledo;45085 Lominchar;Total;2006;1429
45;Toledo;45085 Lominchar;Total;2005;1423
45;Toledo;45085 Lominchar;Total;2004;1397
45;Toledo;45085 Lominchar;Total;2003;1342
45;Toledo;45085 Lominchar;Total;2002;1180
45;Toledo;45085 Lominchar;Total;2001;1236
45;Toledo;45085 Lominchar;Total;2000;1198
45;Toledo;45085 Lominchar;Total;1999;1136
45;Toledo;45085 Lominchar;Total;1998;1116
45;Toledo;45085 Lominchar;Total;1997;
45;Toledo;45085 Lominchar;Total;1996;1105
45;Toledo;45085 Lominchar;Hombres;2023;1400
45;Toledo;45085 Lominchar;Hombres;2022;1317
45;Toledo;45085 Lominchar;Hombres;2021;1328
45;Toledo;45085 Lominchar;Hombres;2020;1292
45;Toledo;45085 Lominchar;Hombres;2019;1258
45;Toledo;45085 Lominchar;Hombres;2018;1228
45;Toledo;45085 Lominchar;Hombres;2017;1232
45;Toledo;45085 Lominchar;Hombres;2016;1240
45;Toledo;45085 Lominchar;Hombres;2015;1226
45;Toledo;45085 Lominchar;Hombres;2014;1244
45;Toledo;45085 Lominchar;Hombres;2013;1241
45;Toledo;45085 Lominchar;Hombres;2012;1254
45;Toledo;45085 Lominchar;Hombres;2011;1217
45;Toledo;45085 Lominchar;Hombres;2010;1086
45;Toledo;45085 Lominchar;Hombres;2009;987
45;Toledo;45085 Lominchar;Hombres;2008;923
45;Toledo;45085 Lominchar;Hombres;2007;806
45;Toledo;45085 Lominchar;Hombres;2006;750
45;Toledo;45085 Lominchar;Hombres;2005;749
45;Toledo;45085 Lominchar;Hombres;2004;726
45;Toledo;45085 Lominchar;Hombres;2003;695
45;Toledo;45085 Lominchar;Hombres;2002;612
45;Toledo;45085 Lominchar;Hombres;2001;644
45;Toledo;45085 Lominchar;Hombres;2000;621
45;Toledo;45085 Lominchar;Hombres;1999;593
45;Toledo;45085 Lominchar;Hombres;1998;579
45;Toledo;45085 Lominchar;Hombres;1997;
45;Toledo;45085 Lominchar;Hombres;1996;566
45;Toledo;45085 Lominchar;Mujeres;2023;1239
45;Toledo;45085 Lominchar;Mujeres;2022;1193
45;Toledo;45085 Lominchar;Mujeres;2021;1199
45;Toledo;45085 Lominchar;Mujeres;2020;1183
45;Toledo;45085 Lominchar;Mujeres;2019;1129
45;Toledo;45085 Lominchar;Mujeres;2018;1117
45;Toledo;45085 Lominchar;Mujeres;2017;1137
45;Toledo;45085 Lominchar;Mujeres;2016;1125
45;Toledo;45085 Lominchar;Mujeres;2015;1116
45;Toledo;45085 Lominchar;Mujeres;2014;1121
45;Toledo;45085 Lominchar;Mujeres;2013;1123
45;Toledo;45085 Lominchar;Mujeres;2012;1115
45;Toledo;45085 Lominchar;Mujeres;2011;1104
45;Toledo;45085 Lominchar;Mujeres;2010;971
45;Toledo;45085 Lominchar;Mujeres;2009;878
45;Toledo;45085 Lominchar;Mujeres;2008;812
45;Toledo;45085 Lominchar;Mujeres;2007;724
45;Toledo;45085 Lominchar;Mujeres;2006;679
45;Toledo;45085 Lominchar;Mujeres;2005;674
45;Toledo;45085 Lominchar;Mujeres;2004;671
45;Toledo;45085 Lominchar;Mujeres;2003;647
45;Toledo;45085 Lominchar;Mujeres;2002;568
45;Toledo;45085 Lominchar;Mujeres;2001;592
45;Toledo;45085 Lominchar;Mujeres;2000;577
45;Toledo;45085 Lominchar;Mujeres;1999;543
45;Toledo;45085 Lominchar;Mujeres;1998;537
45;Toledo;45085 Lominchar;Mujeres;1997;
45;Toledo;45085 Lominchar;Mujeres;1996;539
45;Toledo;45086 Lucillos;Total;2023;597
45;Toledo;45086 Lucillos;Total;2022;571
45;Toledo;45086 Lucillos;Total;2021;591
45;Toledo;45086 Lucillos;Total;2020;563
45;Toledo;45086 Lucillos;Total;2019;589
45;Toledo;45086 Lucillos;Total;2018;573
45;Toledo;45086 Lucillos;Total;2017;591
45;Toledo;45086 Lucillos;Total;2016;602
45;Toledo;45086 Lucillos;Total;2015;613
45;Toledo;45086 Lucillos;Total;2014;648
45;Toledo;45086 Lucillos;Total;2013;646
45;Toledo;45086 Lucillos;Total;2012;656
45;Toledo;45086 Lucillos;Total;2011;673
45;Toledo;45086 Lucillos;Total;2010;658
45;Toledo;45086 Lucillos;Total;2009;671
45;Toledo;45086 Lucillos;Total;2008;632
45;Toledo;45086 Lucillos;Total;2007;562
45;Toledo;45086 Lucillos;Total;2006;508
45;Toledo;45086 Lucillos;Total;2005;498
45;Toledo;45086 Lucillos;Total;2004;481
45;Toledo;45086 Lucillos;Total;2003;477
45;Toledo;45086 Lucillos;Total;2002;499
45;Toledo;45086 Lucillos;Total;2001;485
45;Toledo;45086 Lucillos;Total;2000;499
45;Toledo;45086 Lucillos;Total;1999;511
45;Toledo;45086 Lucillos;Total;1998;512
45;Toledo;45086 Lucillos;Total;1997;
45;Toledo;45086 Lucillos;Total;1996;515
45;Toledo;45086 Lucillos;Hombres;2023;313
45;Toledo;45086 Lucillos;Hombres;2022;300
45;Toledo;45086 Lucillos;Hombres;2021;314
45;Toledo;45086 Lucillos;Hombres;2020;299
45;Toledo;45086 Lucillos;Hombres;2019;312
45;Toledo;45086 Lucillos;Hombres;2018;304
45;Toledo;45086 Lucillos;Hombres;2017;310
45;Toledo;45086 Lucillos;Hombres;2016;316
45;Toledo;45086 Lucillos;Hombres;2015;318
45;Toledo;45086 Lucillos;Hombres;2014;330
45;Toledo;45086 Lucillos;Hombres;2013;334
45;Toledo;45086 Lucillos;Hombres;2012;334
45;Toledo;45086 Lucillos;Hombres;2011;341
45;Toledo;45086 Lucillos;Hombres;2010;332
45;Toledo;45086 Lucillos;Hombres;2009;339
45;Toledo;45086 Lucillos;Hombres;2008;317
45;Toledo;45086 Lucillos;Hombres;2007;283
45;Toledo;45086 Lucillos;Hombres;2006;252
45;Toledo;45086 Lucillos;Hombres;2005;251
45;Toledo;45086 Lucillos;Hombres;2004;243
45;Toledo;45086 Lucillos;Hombres;2003;235
45;Toledo;45086 Lucillos;Hombres;2002;246
45;Toledo;45086 Lucillos;Hombres;2001;238
45;Toledo;45086 Lucillos;Hombres;2000;244
45;Toledo;45086 Lucillos;Hombres;1999;251
45;Toledo;45086 Lucillos;Hombres;1998;251
45;Toledo;45086 Lucillos;Hombres;1997;
45;Toledo;45086 Lucillos;Hombres;1996;254
45;Toledo;45086 Lucillos;Mujeres;2023;284
45;Toledo;45086 Lucillos;Mujeres;2022;271
45;Toledo;45086 Lucillos;Mujeres;2021;277
45;Toledo;45086 Lucillos;Mujeres;2020;264
45;Toledo;45086 Lucillos;Mujeres;2019;277
45;Toledo;45086 Lucillos;Mujeres;2018;269
45;Toledo;45086 Lucillos;Mujeres;2017;281
45;Toledo;45086 Lucillos;Mujeres;2016;286
45;Toledo;45086 Lucillos;Mujeres;2015;295
45;Toledo;45086 Lucillos;Mujeres;2014;318
45;Toledo;45086 Lucillos;Mujeres;2013;312
45;Toledo;45086 Lucillos;Mujeres;2012;322
45;Toledo;45086 Lucillos;Mujeres;2011;332
45;Toledo;45086 Lucillos;Mujeres;2010;326
45;Toledo;45086 Lucillos;Mujeres;2009;332
45;Toledo;45086 Lucillos;Mujeres;2008;315
45;Toledo;45086 Lucillos;Mujeres;2007;279
45;Toledo;45086 Lucillos;Mujeres;2006;256
45;Toledo;45086 Lucillos;Mujeres;2005;247
45;Toledo;45086 Lucillos;Mujeres;2004;238
45;Toledo;45086 Lucillos;Mujeres;2003;242
45;Toledo;45086 Lucillos;Mujeres;2002;253
45;Toledo;45086 Lucillos;Mujeres;2001;247
45;Toledo;45086 Lucillos;Mujeres;2000;255
45;Toledo;45086 Lucillos;Mujeres;1999;260
45;Toledo;45086 Lucillos;Mujeres;1998;261
45;Toledo;45086 Lucillos;Mujeres;1997;
45;Toledo;45086 Lucillos;Mujeres;1996;261
45;Toledo;45087 Madridejos;Total;2023;10169
45;Toledo;45087 Madridejos;Total;2022;10202
45;Toledo;45087 Madridejos;Total;2021;10230
45;Toledo;45087 Madridejos;Total;2020;10334
45;Toledo;45087 Madridejos;Total;2019;10453
45;Toledo;45087 Madridejos;Total;2018;10532
45;Toledo;45087 Madridejos;Total;2017;10637
45;Toledo;45087 Madridejos;Total;2016;10793
45;Toledo;45087 Madridejos;Total;2015;10876
45;Toledo;45087 Madridejos;Total;2014;10970
45;Toledo;45087 Madridejos;Total;2013;11113
45;Toledo;45087 Madridejos;Total;2012;11206
45;Toledo;45087 Madridejos;Total;2011;11304
45;Toledo;45087 Madridejos;Total;2010;11314
45;Toledo;45087 Madridejos;Total;2009;11404
45;Toledo;45087 Madridejos;Total;2008;11354
45;Toledo;45087 Madridejos;Total;2007;11195
45;Toledo;45087 Madridejos;Total;2006;11030
45;Toledo;45087 Madridejos;Total;2005;10987
45;Toledo;45087 Madridejos;Total;2004;10860
45;Toledo;45087 Madridejos;Total;2003;10754
45;Toledo;45087 Madridejos;Total;2002;10629
45;Toledo;45087 Madridejos;Total;2001;10544
45;Toledo;45087 Madridejos;Total;2000;10500
45;Toledo;45087 Madridejos;Total;1999;10475
45;Toledo;45087 Madridejos;Total;1998;10461
45;Toledo;45087 Madridejos;Total;1997;
45;Toledo;45087 Madridejos;Total;1996;10533
45;Toledo;45087 Madridejos;Hombres;2023;5089
45;Toledo;45087 Madridejos;Hombres;2022;5079
45;Toledo;45087 Madridejos;Hombres;2021;5090
45;Toledo;45087 Madridejos;Hombres;2020;5147
45;Toledo;45087 Madridejos;Hombres;2019;5228
45;Toledo;45087 Madridejos;Hombres;2018;5281
45;Toledo;45087 Madridejos;Hombres;2017;5333
45;Toledo;45087 Madridejos;Hombres;2016;5436
45;Toledo;45087 Madridejos;Hombres;2015;5473
45;Toledo;45087 Madridejos;Hombres;2014;5513
45;Toledo;45087 Madridejos;Hombres;2013;5584
45;Toledo;45087 Madridejos;Hombres;2012;5642
45;Toledo;45087 Madridejos;Hombres;2011;5693
45;Toledo;45087 Madridejos;Hombres;2010;5707
45;Toledo;45087 Madridejos;Hombres;2009;5761
45;Toledo;45087 Madridejos;Hombres;2008;5754
45;Toledo;45087 Madridejos;Hombres;2007;5635
45;Toledo;45087 Madridejos;Hombres;2006;5545
45;Toledo;45087 Madridejos;Hombres;2005;5530
45;Toledo;45087 Madridejos;Hombres;2004;5440
45;Toledo;45087 Madridejos;Hombres;2003;5379
45;Toledo;45087 Madridejos;Hombres;2002;5286
45;Toledo;45087 Madridejos;Hombres;2001;5243
45;Toledo;45087 Madridejos;Hombres;2000;5189
45;Toledo;45087 Madridejos;Hombres;1999;5177
45;Toledo;45087 Madridejos;Hombres;1998;5153
45;Toledo;45087 Madridejos;Hombres;1997;
45;Toledo;45087 Madridejos;Hombres;1996;5180
45;Toledo;45087 Madridejos;Mujeres;2023;5080
45;Toledo;45087 Madridejos;Mujeres;2022;5123
45;Toledo;45087 Madridejos;Mujeres;2021;5140
45;Toledo;45087 Madridejos;Mujeres;2020;5187
45;Toledo;45087 Madridejos;Mujeres;2019;5225
45;Toledo;45087 Madridejos;Mujeres;2018;5251
45;Toledo;45087 Madridejos;Mujeres;2017;5304
45;Toledo;45087 Madridejos;Mujeres;2016;5357
45;Toledo;45087 Madridejos;Mujeres;2015;5403
45;Toledo;45087 Madridejos;Mujeres;2014;5457
45;Toledo;45087 Madridejos;Mujeres;2013;5529
45;Toledo;45087 Madridejos;Mujeres;2012;5564
45;Toledo;45087 Madridejos;Mujeres;2011;5611
45;Toledo;45087 Madridejos;Mujeres;2010;5607
45;Toledo;45087 Madridejos;Mujeres;2009;5643
45;Toledo;45087 Madridejos;Mujeres;2008;5600
45;Toledo;45087 Madridejos;Mujeres;2007;5560
45;Toledo;45087 Madridejos;Mujeres;2006;5485
45;Toledo;45087 Madridejos;Mujeres;2005;5457
45;Toledo;45087 Madridejos;Mujeres;2004;5420
45;Toledo;45087 Madridejos;Mujeres;2003;5375
45;Toledo;45087 Madridejos;Mujeres;2002;5343
45;Toledo;45087 Madridejos;Mujeres;2001;5301
45;Toledo;45087 Madridejos;Mujeres;2000;5311
45;Toledo;45087 Madridejos;Mujeres;1999;5298
45;Toledo;45087 Madridejos;Mujeres;1998;5308
45;Toledo;45087 Madridejos;Mujeres;1997;
45;Toledo;45087 Madridejos;Mujeres;1996;5353
45;Toledo;45088 Magán;Total;2023;4038
45;Toledo;45088 Magán;Total;2022;3875
45;Toledo;45088 Magán;Total;2021;3894
45;Toledo;45088 Magán;Total;2020;3731
45;Toledo;45088 Magán;Total;2019;3544
45;Toledo;45088 Magán;Total;2018;3401
45;Toledo;45088 Magán;Total;2017;3259
45;Toledo;45088 Magán;Total;2016;3225
45;Toledo;45088 Magán;Total;2015;3202
45;Toledo;45088 Magán;Total;2014;3240
45;Toledo;45088 Magán;Total;2013;3160
45;Toledo;45088 Magán;Total;2012;3087
45;Toledo;45088 Magán;Total;2011;3091
45;Toledo;45088 Magán;Total;2010;2982
45;Toledo;45088 Magán;Total;2009;2936
45;Toledo;45088 Magán;Total;2008;2738
45;Toledo;45088 Magán;Total;2007;2368
45;Toledo;45088 Magán;Total;2006;1989
45;Toledo;45088 Magán;Total;2005;1662
45;Toledo;45088 Magán;Total;2004;1500
45;Toledo;45088 Magán;Total;2003;1317
45;Toledo;45088 Magán;Total;2002;1227
45;Toledo;45088 Magán;Total;2001;1163
45;Toledo;45088 Magán;Total;2000;1137
45;Toledo;45088 Magán;Total;1999;1127
45;Toledo;45088 Magán;Total;1998;1122
45;Toledo;45088 Magán;Total;1997;
45;Toledo;45088 Magán;Total;1996;1081
45;Toledo;45088 Magán;Hombres;2023;2048
45;Toledo;45088 Magán;Hombres;2022;1957
45;Toledo;45088 Magán;Hombres;2021;1970
45;Toledo;45088 Magán;Hombres;2020;1880
45;Toledo;45088 Magán;Hombres;2019;1786
45;Toledo;45088 Magán;Hombres;2018;1739
45;Toledo;45088 Magán;Hombres;2017;1670
45;Toledo;45088 Magán;Hombres;2016;1653
45;Toledo;45088 Magán;Hombres;2015;1659
45;Toledo;45088 Magán;Hombres;2014;1690
45;Toledo;45088 Magán;Hombres;2013;1661
45;Toledo;45088 Magán;Hombres;2012;1629
45;Toledo;45088 Magán;Hombres;2011;1628
45;Toledo;45088 Magán;Hombres;2010;1573
45;Toledo;45088 Magán;Hombres;2009;1574
45;Toledo;45088 Magán;Hombres;2008;1466
45;Toledo;45088 Magán;Hombres;2007;1237
45;Toledo;45088 Magán;Hombres;2006;1038
45;Toledo;45088 Magán;Hombres;2005;865
45;Toledo;45088 Magán;Hombres;2004;777
45;Toledo;45088 Magán;Hombres;2003;674
45;Toledo;45088 Magán;Hombres;2002;625
45;Toledo;45088 Magán;Hombres;2001;593
45;Toledo;45088 Magán;Hombres;2000;570
45;Toledo;45088 Magán;Hombres;1999;564
45;Toledo;45088 Magán;Hombres;1998;562
45;Toledo;45088 Magán;Hombres;1997;
45;Toledo;45088 Magán;Hombres;1996;542
45;Toledo;45088 Magán;Mujeres;2023;1990
45;Toledo;45088 Magán;Mujeres;2022;1918
45;Toledo;45088 Magán;Mujeres;2021;1924
45;Toledo;45088 Magán;Mujeres;2020;1851
45;Toledo;45088 Magán;Mujeres;2019;1758
45;Toledo;45088 Magán;Mujeres;2018;1662
45;Toledo;45088 Magán;Mujeres;2017;1589
45;Toledo;45088 Magán;Mujeres;2016;1572
45;Toledo;45088 Magán;Mujeres;2015;1543
45;Toledo;45088 Magán;Mujeres;2014;1550
45;Toledo;45088 Magán;Mujeres;2013;1499
45;Toledo;45088 Magán;Mujeres;2012;1458
45;Toledo;45088 Magán;Mujeres;2011;1463
45;Toledo;45088 Magán;Mujeres;2010;1409
45;Toledo;45088 Magán;Mujeres;2009;1362
45;Toledo;45088 Magán;Mujeres;2008;1272
45;Toledo;45088 Magán;Mujeres;2007;1131
45;Toledo;45088 Magán;Mujeres;2006;951
45;Toledo;45088 Magán;Mujeres;2005;797
45;Toledo;45088 Magán;Mujeres;2004;723
45;Toledo;45088 Magán;Mujeres;2003;643
45;Toledo;45088 Magán;Mujeres;2002;602
45;Toledo;45088 Magán;Mujeres;2001;570
45;Toledo;45088 Magán;Mujeres;2000;567
45;Toledo;45088 Magán;Mujeres;1999;563
45;Toledo;45088 Magán;Mujeres;1998;560
45;Toledo;45088 Magán;Mujeres;1997;
45;Toledo;45088 Magán;Mujeres;1996;539
45;Toledo;45089 Malpica de Tajo;Total;2023;1649
45;Toledo;45089 Malpica de Tajo;Total;2022;1688
45;Toledo;45089 Malpica de Tajo;Total;2021;1709
45;Toledo;45089 Malpica de Tajo;Total;2020;1680
45;Toledo;45089 Malpica de Tajo;Total;2019;1705
45;Toledo;45089 Malpica de Tajo;Total;2018;1732
45;Toledo;45089 Malpica de Tajo;Total;2017;1802
45;Toledo;45089 Malpica de Tajo;Total;2016;1842
45;Toledo;45089 Malpica de Tajo;Total;2015;1861
45;Toledo;45089 Malpica de Tajo;Total;2014;1911
45;Toledo;45089 Malpica de Tajo;Total;2013;1978
45;Toledo;45089 Malpica de Tajo;Total;2012;2091
45;Toledo;45089 Malpica de Tajo;Total;2011;2106
45;Toledo;45089 Malpica de Tajo;Total;2010;2120
45;Toledo;45089 Malpica de Tajo;Total;2009;2153
45;Toledo;45089 Malpica de Tajo;Total;2008;2148
45;Toledo;45089 Malpica de Tajo;Total;2007;2073
45;Toledo;45089 Malpica de Tajo;Total;2006;1991
45;Toledo;45089 Malpica de Tajo;Total;2005;1985
45;Toledo;45089 Malpica de Tajo;Total;2004;1959
45;Toledo;45089 Malpica de Tajo;Total;2003;1950
45;Toledo;45089 Malpica de Tajo;Total;2002;1940
45;Toledo;45089 Malpica de Tajo;Total;2001;1893
45;Toledo;45089 Malpica de Tajo;Total;2000;1888
45;Toledo;45089 Malpica de Tajo;Total;1999;1875
45;Toledo;45089 Malpica de Tajo;Total;1998;1827
45;Toledo;45089 Malpica de Tajo;Total;1997;
45;Toledo;45089 Malpica de Tajo;Total;1996;1779
45;Toledo;45089 Malpica de Tajo;Hombres;2023;847
45;Toledo;45089 Malpica de Tajo;Hombres;2022;865
45;Toledo;45089 Malpica de Tajo;Hombres;2021;880
45;Toledo;45089 Malpica de Tajo;Hombres;2020;869
45;Toledo;45089 Malpica de Tajo;Hombres;2019;881
45;Toledo;45089 Malpica de Tajo;Hombres;2018;889
45;Toledo;45089 Malpica de Tajo;Hombres;2017;920
45;Toledo;45089 Malpica de Tajo;Hombres;2016;939
45;Toledo;45089 Malpica de Tajo;Hombres;2015;950
45;Toledo;45089 Malpica de Tajo;Hombres;2014;970
45;Toledo;45089 Malpica de Tajo;Hombres;2013;994
45;Toledo;45089 Malpica de Tajo;Hombres;2012;1064
45;Toledo;45089 Malpica de Tajo;Hombres;2011;1073
45;Toledo;45089 Malpica de Tajo;Hombres;2010;1075
45;Toledo;45089 Malpica de Tajo;Hombres;2009;1092
45;Toledo;45089 Malpica de Tajo;Hombres;2008;1090
45;Toledo;45089 Malpica de Tajo;Hombres;2007;1049
45;Toledo;45089 Malpica de Tajo;Hombres;2006;1004
45;Toledo;45089 Malpica de Tajo;Hombres;2005;1011
45;Toledo;45089 Malpica de Tajo;Hombres;2004;997
45;Toledo;45089 Malpica de Tajo;Hombres;2003;993
45;Toledo;45089 Malpica de Tajo;Hombres;2002;983
45;Toledo;45089 Malpica de Tajo;Hombres;2001;961
45;Toledo;45089 Malpica de Tajo;Hombres;2000;957
45;Toledo;45089 Malpica de Tajo;Hombres;1999;949
45;Toledo;45089 Malpica de Tajo;Hombres;1998;928
45;Toledo;45089 Malpica de Tajo;Hombres;1997;
45;Toledo;45089 Malpica de Tajo;Hombres;1996;894
45;Toledo;45089 Malpica de Tajo;Mujeres;2023;802
45;Toledo;45089 Malpica de Tajo;Mujeres;2022;823
45;Toledo;45089 Malpica de Tajo;Mujeres;2021;829
45;Toledo;45089 Malpica de Tajo;Mujeres;2020;811
45;Toledo;45089 Malpica de Tajo;Mujeres;2019;824
45;Toledo;45089 Malpica de Tajo;Mujeres;2018;843
45;Toledo;45089 Malpica de Tajo;Mujeres;2017;882
45;Toledo;45089 Malpica de Tajo;Mujeres;2016;903
45;Toledo;45089 Malpica de Tajo;Mujeres;2015;911
45;Toledo;45089 Malpica de Tajo;Mujeres;2014;941
45;Toledo;45089 Malpica de Tajo;Mujeres;2013;984
45;Toledo;45089 Malpica de Tajo;Mujeres;2012;1027
45;Toledo;45089 Malpica de Tajo;Mujeres;2011;1033
45;Toledo;45089 Malpica de Tajo;Mujeres;2010;1045
45;Toledo;45089 Malpica de Tajo;Mujeres;2009;1061
45;Toledo;45089 Malpica de Tajo;Mujeres;2008;1058
45;Toledo;45089 Malpica de Tajo;Mujeres;2007;1024
45;Toledo;45089 Malpica de Tajo;Mujeres;2006;987
45;Toledo;45089 Malpica de Tajo;Mujeres;2005;974
45;Toledo;45089 Malpica de Tajo;Mujeres;2004;962
45;Toledo;45089 Malpica de Tajo;Mujeres;2003;957
45;Toledo;45089 Malpica de Tajo;Mujeres;2002;957
45;Toledo;45089 Malpica de Tajo;Mujeres;2001;932
45;Toledo;45089 Malpica de Tajo;Mujeres;2000;931
45;Toledo;45089 Malpica de Tajo;Mujeres;1999;926
45;Toledo;45089 Malpica de Tajo;Mujeres;1998;899
45;Toledo;45089 Malpica de Tajo;Mujeres;1997;
45;Toledo;45089 Malpica de Tajo;Mujeres;1996;885
45;Toledo;45090 Manzaneque;Total;2023;394
45;Toledo;45090 Manzaneque;Total;2022;382
45;Toledo;45090 Manzaneque;Total;2021;376
45;Toledo;45090 Manzaneque;Total;2020;390
45;Toledo;45090 Manzaneque;Total;2019;383
45;Toledo;45090 Manzaneque;Total;2018;396
45;Toledo;45090 Manzaneque;Total;2017;406
45;Toledo;45090 Manzaneque;Total;2016;406
45;Toledo;45090 Manzaneque;Total;2015;391
45;Toledo;45090 Manzaneque;Total;2014;402
45;Toledo;45090 Manzaneque;Total;2013;368
45;Toledo;45090 Manzaneque;Total;2012;446
45;Toledo;45090 Manzaneque;Total;2011;463
45;Toledo;45090 Manzaneque;Total;2010;465
45;Toledo;45090 Manzaneque;Total;2009;478
45;Toledo;45090 Manzaneque;Total;2008;472
45;Toledo;45090 Manzaneque;Total;2007;505
45;Toledo;45090 Manzaneque;Total;2006;455
45;Toledo;45090 Manzaneque;Total;2005;482
45;Toledo;45090 Manzaneque;Total;2004;513
45;Toledo;45090 Manzaneque;Total;2003;501
45;Toledo;45090 Manzaneque;Total;2002;503
45;Toledo;45090 Manzaneque;Total;2001;486
45;Toledo;45090 Manzaneque;Total;2000;492
45;Toledo;45090 Manzaneque;Total;1999;494
45;Toledo;45090 Manzaneque;Total;1998;453
45;Toledo;45090 Manzaneque;Total;1997;
45;Toledo;45090 Manzaneque;Total;1996;487
45;Toledo;45090 Manzaneque;Hombres;2023;200
45;Toledo;45090 Manzaneque;Hombres;2022;185
45;Toledo;45090 Manzaneque;Hombres;2021;184
45;Toledo;45090 Manzaneque;Hombres;2020;190
45;Toledo;45090 Manzaneque;Hombres;2019;184
45;Toledo;45090 Manzaneque;Hombres;2018;191
45;Toledo;45090 Manzaneque;Hombres;2017;198
45;Toledo;45090 Manzaneque;Hombres;2016;198
45;Toledo;45090 Manzaneque;Hombres;2015;191
45;Toledo;45090 Manzaneque;Hombres;2014;196
45;Toledo;45090 Manzaneque;Hombres;2013;179
45;Toledo;45090 Manzaneque;Hombres;2012;220
45;Toledo;45090 Manzaneque;Hombres;2011;230
45;Toledo;45090 Manzaneque;Hombres;2010;231
45;Toledo;45090 Manzaneque;Hombres;2009;231
45;Toledo;45090 Manzaneque;Hombres;2008;237
45;Toledo;45090 Manzaneque;Hombres;2007;249
45;Toledo;45090 Manzaneque;Hombres;2006;225
45;Toledo;45090 Manzaneque;Hombres;2005;238
45;Toledo;45090 Manzaneque;Hombres;2004;256
45;Toledo;45090 Manzaneque;Hombres;2003;255
45;Toledo;45090 Manzaneque;Hombres;2002;262
45;Toledo;45090 Manzaneque;Hombres;2001;246
45;Toledo;45090 Manzaneque;Hombres;2000;245
45;Toledo;45090 Manzaneque;Hombres;1999;248
45;Toledo;45090 Manzaneque;Hombres;1998;227
45;Toledo;45090 Manzaneque;Hombres;1997;
45;Toledo;45090 Manzaneque;Hombres;1996;239
45;Toledo;45090 Manzaneque;Mujeres;2023;194
45;Toledo;45090 Manzaneque;Mujeres;2022;197
45;Toledo;45090 Manzaneque;Mujeres;2021;192
45;Toledo;45090 Manzaneque;Mujeres;2020;200
45;Toledo;45090 Manzaneque;Mujeres;2019;199
45;Toledo;45090 Manzaneque;Mujeres;2018;205
45;Toledo;45090 Manzaneque;Mujeres;2017;208
45;Toledo;45090 Manzaneque;Mujeres;2016;208
45;Toledo;45090 Manzaneque;Mujeres;2015;200
45;Toledo;45090 Manzaneque;Mujeres;2014;206
45;Toledo;45090 Manzaneque;Mujeres;2013;189
45;Toledo;45090 Manzaneque;Mujeres;2012;226
45;Toledo;45090 Manzaneque;Mujeres;2011;233
45;Toledo;45090 Manzaneque;Mujeres;2010;234
45;Toledo;45090 Manzaneque;Mujeres;2009;247
45;Toledo;45090 Manzaneque;Mujeres;2008;235
45;Toledo;45090 Manzaneque;Mujeres;2007;256
45;Toledo;45090 Manzaneque;Mujeres;2006;230
45;Toledo;45090 Manzaneque;Mujeres;2005;244
45;Toledo;45090 Manzaneque;Mujeres;2004;257
45;Toledo;45090 Manzaneque;Mujeres;2003;246
45;Toledo;45090 Manzaneque;Mujeres;2002;241
45;Toledo;45090 Manzaneque;Mujeres;2001;240
45;Toledo;45090 Manzaneque;Mujeres;2000;247
45;Toledo;45090 Manzaneque;Mujeres;1999;246
45;Toledo;45090 Manzaneque;Mujeres;1998;226
45;Toledo;45090 Manzaneque;Mujeres;1997;
45;Toledo;45090 Manzaneque;Mujeres;1996;248
45;Toledo;45091 Maqueda;Total;2023;496
45;Toledo;45091 Maqueda;Total;2022;459
45;Toledo;45091 Maqueda;Total;2021;451
45;Toledo;45091 Maqueda;Total;2020;443
45;Toledo;45091 Maqueda;Total;2019;438
45;Toledo;45091 Maqueda;Total;2018;461
45;Toledo;45091 Maqueda;Total;2017;469
45;Toledo;45091 Maqueda;Total;2016;480
45;Toledo;45091 Maqueda;Total;2015;476
45;Toledo;45091 Maqueda;Total;2014;498
45;Toledo;45091 Maqueda;Total;2013;508
45;Toledo;45091 Maqueda;Total;2012;543
45;Toledo;45091 Maqueda;Total;2011;563
45;Toledo;45091 Maqueda;Total;2010;541
45;Toledo;45091 Maqueda;Total;2009;548
45;Toledo;45091 Maqueda;Total;2008;544
45;Toledo;45091 Maqueda;Total;2007;555
45;Toledo;45091 Maqueda;Total;2006;560
45;Toledo;45091 Maqueda;Total;2005;552
45;Toledo;45091 Maqueda;Total;2004;508
45;Toledo;45091 Maqueda;Total;2003;506
45;Toledo;45091 Maqueda;Total;2002;493
45;Toledo;45091 Maqueda;Total;2001;477
45;Toledo;45091 Maqueda;Total;2000;455
45;Toledo;45091 Maqueda;Total;1999;480
45;Toledo;45091 Maqueda;Total;1998;496
45;Toledo;45091 Maqueda;Total;1997;
45;Toledo;45091 Maqueda;Total;1996;489
45;Toledo;45091 Maqueda;Hombres;2023;246
45;Toledo;45091 Maqueda;Hombres;2022;233
45;Toledo;45091 Maqueda;Hombres;2021;227
45;Toledo;45091 Maqueda;Hombres;2020;217
45;Toledo;45091 Maqueda;Hombres;2019;219
45;Toledo;45091 Maqueda;Hombres;2018;227
45;Toledo;45091 Maqueda;Hombres;2017;237
45;Toledo;45091 Maqueda;Hombres;2016;242
45;Toledo;45091 Maqueda;Hombres;2015;242
45;Toledo;45091 Maqueda;Hombres;2014;248
45;Toledo;45091 Maqueda;Hombres;2013;254
45;Toledo;45091 Maqueda;Hombres;2012;280
45;Toledo;45091 Maqueda;Hombres;2011;288
45;Toledo;45091 Maqueda;Hombres;2010;285
45;Toledo;45091 Maqueda;Hombres;2009;288
45;Toledo;45091 Maqueda;Hombres;2008;283
45;Toledo;45091 Maqueda;Hombres;2007;286
45;Toledo;45091 Maqueda;Hombres;2006;289
45;Toledo;45091 Maqueda;Hombres;2005;287
45;Toledo;45091 Maqueda;Hombres;2004;265
45;Toledo;45091 Maqueda;Hombres;2003;256
45;Toledo;45091 Maqueda;Hombres;2002;251
45;Toledo;45091 Maqueda;Hombres;2001;244
45;Toledo;45091 Maqueda;Hombres;2000;232
45;Toledo;45091 Maqueda;Hombres;1999;241
45;Toledo;45091 Maqueda;Hombres;1998;247
45;Toledo;45091 Maqueda;Hombres;1997;
45;Toledo;45091 Maqueda;Hombres;1996;264
45;Toledo;45091 Maqueda;Mujeres;2023;250
45;Toledo;45091 Maqueda;Mujeres;2022;226
45;Toledo;45091 Maqueda;Mujeres;2021;224
45;Toledo;45091 Maqueda;Mujeres;2020;226
45;Toledo;45091 Maqueda;Mujeres;2019;219
45;Toledo;45091 Maqueda;Mujeres;2018;234
45;Toledo;45091 Maqueda;Mujeres;2017;232
45;Toledo;45091 Maqueda;Mujeres;2016;238
45;Toledo;45091 Maqueda;Mujeres;2015;234
45;Toledo;45091 Maqueda;Mujeres;2014;250
45;Toledo;45091 Maqueda;Mujeres;2013;254
45;Toledo;45091 Maqueda;Mujeres;2012;263
45;Toledo;45091 Maqueda;Mujeres;2011;275
45;Toledo;45091 Maqueda;Mujeres;2010;256
45;Toledo;45091 Maqueda;Mujeres;2009;260
45;Toledo;45091 Maqueda;Mujeres;2008;261
45;Toledo;45091 Maqueda;Mujeres;2007;269
45;Toledo;45091 Maqueda;Mujeres;2006;271
45;Toledo;45091 Maqueda;Mujeres;2005;265
45;Toledo;45091 Maqueda;Mujeres;2004;243
45;Toledo;45091 Maqueda;Mujeres;2003;250
45;Toledo;45091 Maqueda;Mujeres;2002;242
45;Toledo;45091 Maqueda;Mujeres;2001;233
45;Toledo;45091 Maqueda;Mujeres;2000;223
45;Toledo;45091 Maqueda;Mujeres;1999;239
45;Toledo;45091 Maqueda;Mujeres;1998;249
45;Toledo;45091 Maqueda;Mujeres;1997;
45;Toledo;45091 Maqueda;Mujeres;1996;225
45;Toledo;45092 Marjaliza;Total;2023;256
45;Toledo;45092 Marjaliza;Total;2022;253
45;Toledo;45092 Marjaliza;Total;2021;263
45;Toledo;45092 Marjaliza;Total;2020;243
45;Toledo;45092 Marjaliza;Total;2019;247
45;Toledo;45092 Marjaliza;Total;2018;255
45;Toledo;45092 Marjaliza;Total;2017;270
45;Toledo;45092 Marjaliza;Total;2016;288
45;Toledo;45092 Marjaliza;Total;2015;278
45;Toledo;45092 Marjaliza;Total;2014;297
45;Toledo;45092 Marjaliza;Total;2013;301
45;Toledo;45092 Marjaliza;Total;2012;316
45;Toledo;45092 Marjaliza;Total;2011;311
45;Toledo;45092 Marjaliza;Total;2010;314
45;Toledo;45092 Marjaliza;Total;2009;316
45;Toledo;45092 Marjaliza;Total;2008;321
45;Toledo;45092 Marjaliza;Total;2007;304
45;Toledo;45092 Marjaliza;Total;2006;302
45;Toledo;45092 Marjaliza;Total;2005;308
45;Toledo;45092 Marjaliza;Total;2004;302
45;Toledo;45092 Marjaliza;Total;2003;305
45;Toledo;45092 Marjaliza;Total;2002;309
45;Toledo;45092 Marjaliza;Total;2001;305
45;Toledo;45092 Marjaliza;Total;2000;325
45;Toledo;45092 Marjaliza;Total;1999;323
45;Toledo;45092 Marjaliza;Total;1998;328
45;Toledo;45092 Marjaliza;Total;1997;
45;Toledo;45092 Marjaliza;Total;1996;326
45;Toledo;45092 Marjaliza;Hombres;2023;131
45;Toledo;45092 Marjaliza;Hombres;2022;130
45;Toledo;45092 Marjaliza;Hombres;2021;136
45;Toledo;45092 Marjaliza;Hombres;2020;123
45;Toledo;45092 Marjaliza;Hombres;2019;120
45;Toledo;45092 Marjaliza;Hombres;2018;125
45;Toledo;45092 Marjaliza;Hombres;2017;130
45;Toledo;45092 Marjaliza;Hombres;2016;142
45;Toledo;45092 Marjaliza;Hombres;2015;138
45;Toledo;45092 Marjaliza;Hombres;2014;148
45;Toledo;45092 Marjaliza;Hombres;2013;153
45;Toledo;45092 Marjaliza;Hombres;2012;166
45;Toledo;45092 Marjaliza;Hombres;2011;162
45;Toledo;45092 Marjaliza;Hombres;2010;161
45;Toledo;45092 Marjaliza;Hombres;2009;161
45;Toledo;45092 Marjaliza;Hombres;2008;165
45;Toledo;45092 Marjaliza;Hombres;2007;161
45;Toledo;45092 Marjaliza;Hombres;2006;155
45;Toledo;45092 Marjaliza;Hombres;2005;155
45;Toledo;45092 Marjaliza;Hombres;2004;148
45;Toledo;45092 Marjaliza;Hombres;2003;150
45;Toledo;45092 Marjaliza;Hombres;2002;156
45;Toledo;45092 Marjaliza;Hombres;2001;152
45;Toledo;45092 Marjaliza;Hombres;2000;158
45;Toledo;45092 Marjaliza;Hombres;1999;160
45;Toledo;45092 Marjaliza;Hombres;1998;161
45;Toledo;45092 Marjaliza;Hombres;1997;
45;Toledo;45092 Marjaliza;Hombres;1996;163
45;Toledo;45092 Marjaliza;Mujeres;2023;125
45;Toledo;45092 Marjaliza;Mujeres;2022;123
45;Toledo;45092 Marjaliza;Mujeres;2021;127
45;Toledo;45092 Marjaliza;Mujeres;2020;120
45;Toledo;45092 Marjaliza;Mujeres;2019;127
45;Toledo;45092 Marjaliza;Mujeres;2018;130
45;Toledo;45092 Marjaliza;Mujeres;2017;140
45;Toledo;45092 Marjaliza;Mujeres;2016;146
45;Toledo;45092 Marjaliza;Mujeres;2015;140
45;Toledo;45092 Marjaliza;Mujeres;2014;149
45;Toledo;45092 Marjaliza;Mujeres;2013;148
45;Toledo;45092 Marjaliza;Mujeres;2012;150
45;Toledo;45092 Marjaliza;Mujeres;2011;149
45;Toledo;45092 Marjaliza;Mujeres;2010;153
45;Toledo;45092 Marjaliza;Mujeres;2009;155
45;Toledo;45092 Marjaliza;Mujeres;2008;156
45;Toledo;45092 Marjaliza;Mujeres;2007;143
45;Toledo;45092 Marjaliza;Mujeres;2006;147
45;Toledo;45092 Marjaliza;Mujeres;2005;153
45;Toledo;45092 Marjaliza;Mujeres;2004;154
45;Toledo;45092 Marjaliza;Mujeres;2003;155
45;Toledo;45092 Marjaliza;Mujeres;2002;153
45;Toledo;45092 Marjaliza;Mujeres;2001;153
45;Toledo;45092 Marjaliza;Mujeres;2000;167
45;Toledo;45092 Marjaliza;Mujeres;1999;163
45;Toledo;45092 Marjaliza;Mujeres;1998;167
45;Toledo;45092 Marjaliza;Mujeres;1997;
45;Toledo;45092 Marjaliza;Mujeres;1996;163
45;Toledo;45093 Marrupe;Total;2023;157
45;Toledo;45093 Marrupe;Total;2022;147
45;Toledo;45093 Marrupe;Total;2021;154
45;Toledo;45093 Marrupe;Total;2020;149
45;Toledo;45093 Marrupe;Total;2019;159
45;Toledo;45093 Marrupe;Total;2018;153
45;Toledo;45093 Marrupe;Total;2017;156
45;Toledo;45093 Marrupe;Total;2016;163
45;Toledo;45093 Marrupe;Total;2015;170
45;Toledo;45093 Marrupe;Total;2014;161
45;Toledo;45093 Marrupe;Total;2013;164
45;Toledo;45093 Marrupe;Total;2012;175
45;Toledo;45093 Marrupe;Total;2011;187
45;Toledo;45093 Marrupe;Total;2010;170
45;Toledo;45093 Marrupe;Total;2009;174
45;Toledo;45093 Marrupe;Total;2008;162
45;Toledo;45093 Marrupe;Total;2007;169
45;Toledo;45093 Marrupe;Total;2006;155
45;Toledo;45093 Marrupe;Total;2005;160
45;Toledo;45093 Marrupe;Total;2004;160
45;Toledo;45093 Marrupe;Total;2003;157
45;Toledo;45093 Marrupe;Total;2002;143
45;Toledo;45093 Marrupe;Total;2001;134
45;Toledo;45093 Marrupe;Total;2000;141
45;Toledo;45093 Marrupe;Total;1999;128
45;Toledo;45093 Marrupe;Total;1998;124
45;Toledo;45093 Marrupe;Total;1997;
45;Toledo;45093 Marrupe;Total;1996;122
45;Toledo;45093 Marrupe;Hombres;2023;78
45;Toledo;45093 Marrupe;Hombres;2022;76
45;Toledo;45093 Marrupe;Hombres;2021;79
45;Toledo;45093 Marrupe;Hombres;2020;75
45;Toledo;45093 Marrupe;Hombres;2019;78
45;Toledo;45093 Marrupe;Hombres;2018;80
45;Toledo;45093 Marrupe;Hombres;2017;83
45;Toledo;45093 Marrupe;Hombres;2016;85
45;Toledo;45093 Marrupe;Hombres;2015;90
45;Toledo;45093 Marrupe;Hombres;2014;82
45;Toledo;45093 Marrupe;Hombres;2013;87
45;Toledo;45093 Marrupe;Hombres;2012;93
45;Toledo;45093 Marrupe;Hombres;2011;97
45;Toledo;45093 Marrupe;Hombres;2010;85
45;Toledo;45093 Marrupe;Hombres;2009;85
45;Toledo;45093 Marrupe;Hombres;2008;83
45;Toledo;45093 Marrupe;Hombres;2007;90
45;Toledo;45093 Marrupe;Hombres;2006;82
45;Toledo;45093 Marrupe;Hombres;2005;85
45;Toledo;45093 Marrupe;Hombres;2004;88
45;Toledo;45093 Marrupe;Hombres;2003;85
45;Toledo;45093 Marrupe;Hombres;2002;75
45;Toledo;45093 Marrupe;Hombres;2001;70
45;Toledo;45093 Marrupe;Hombres;2000;72
45;Toledo;45093 Marrupe;Hombres;1999;65
45;Toledo;45093 Marrupe;Hombres;1998;62
45;Toledo;45093 Marrupe;Hombres;1997;
45;Toledo;45093 Marrupe;Hombres;1996;57
45;Toledo;45093 Marrupe;Mujeres;2023;79
45;Toledo;45093 Marrupe;Mujeres;2022;71
45;Toledo;45093 Marrupe;Mujeres;2021;75
45;Toledo;45093 Marrupe;Mujeres;2020;74
45;Toledo;45093 Marrupe;Mujeres;2019;81
45;Toledo;45093 Marrupe;Mujeres;2018;73
45;Toledo;45093 Marrupe;Mujeres;2017;73
45;Toledo;45093 Marrupe;Mujeres;2016;78
45;Toledo;45093 Marrupe;Mujeres;2015;80
45;Toledo;45093 Marrupe;Mujeres;2014;79
45;Toledo;45093 Marrupe;Mujeres;2013;77
45;Toledo;45093 Marrupe;Mujeres;2012;82
45;Toledo;45093 Marrupe;Mujeres;2011;90
45;Toledo;45093 Marrupe;Mujeres;2010;85
45;Toledo;45093 Marrupe;Mujeres;2009;89
45;Toledo;45093 Marrupe;Mujeres;2008;79
45;Toledo;45093 Marrupe;Mujeres;2007;79
45;Toledo;45093 Marrupe;Mujeres;2006;73
45;Toledo;45093 Marrupe;Mujeres;2005;75
45;Toledo;45093 Marrupe;Mujeres;2004;72
45;Toledo;45093 Marrupe;Mujeres;2003;72
45;Toledo;45093 Marrupe;Mujeres;2002;68
45;Toledo;45093 Marrupe;Mujeres;2001;64
45;Toledo;45093 Marrupe;Mujeres;2000;69
45;Toledo;45093 Marrupe;Mujeres;1999;63
45;Toledo;45093 Marrupe;Mujeres;1998;62
45;Toledo;45093 Marrupe;Mujeres;1997;
45;Toledo;45093 Marrupe;Mujeres;1996;65
45;Toledo;45094 Mascaraque;Total;2023;430
45;Toledo;45094 Mascaraque;Total;2022;414
45;Toledo;45094 Mascaraque;Total;2021;413
45;Toledo;45094 Mascaraque;Total;2020;425
45;Toledo;45094 Mascaraque;Total;2019;442
45;Toledo;45094 Mascaraque;Total;2018;439
45;Toledo;45094 Mascaraque;Total;2017;444
45;Toledo;45094 Mascaraque;Total;2016;446
45;Toledo;45094 Mascaraque;Total;2015;479
45;Toledo;45094 Mascaraque;Total;2014;495
45;Toledo;45094 Mascaraque;Total;2013;484
45;Toledo;45094 Mascaraque;Total;2012;523
45;Toledo;45094 Mascaraque;Total;2011;522
45;Toledo;45094 Mascaraque;Total;2010;519
45;Toledo;45094 Mascaraque;Total;2009;536
45;Toledo;45094 Mascaraque;Total;2008;533
45;Toledo;45094 Mascaraque;Total;2007;529
45;Toledo;45094 Mascaraque;Total;2006;495
45;Toledo;45094 Mascaraque;Total;2005;491
45;Toledo;45094 Mascaraque;Total;2004;464
45;Toledo;45094 Mascaraque;Total;2003;444
45;Toledo;45094 Mascaraque;Total;2002;474
45;Toledo;45094 Mascaraque;Total;2001;474
45;Toledo;45094 Mascaraque;Total;2000;479
45;Toledo;45094 Mascaraque;Total;1999;491
45;Toledo;45094 Mascaraque;Total;1998;493
45;Toledo;45094 Mascaraque;Total;1997;
45;Toledo;45094 Mascaraque;Total;1996;506
45;Toledo;45094 Mascaraque;Hombres;2023;215
45;Toledo;45094 Mascaraque;Hombres;2022;212
45;Toledo;45094 Mascaraque;Hombres;2021;208
45;Toledo;45094 Mascaraque;Hombres;2020;213
45;Toledo;45094 Mascaraque;Hombres;2019;230
45;Toledo;45094 Mascaraque;Hombres;2018;223
45;Toledo;45094 Mascaraque;Hombres;2017;223
45;Toledo;45094 Mascaraque;Hombres;2016;223
45;Toledo;45094 Mascaraque;Hombres;2015;244
45;Toledo;45094 Mascaraque;Hombres;2014;252
45;Toledo;45094 Mascaraque;Hombres;2013;245
45;Toledo;45094 Mascaraque;Hombres;2012;259
45;Toledo;45094 Mascaraque;Hombres;2011;262
45;Toledo;45094 Mascaraque;Hombres;2010;258
45;Toledo;45094 Mascaraque;Hombres;2009;268
45;Toledo;45094 Mascaraque;Hombres;2008;269
45;Toledo;45094 Mascaraque;Hombres;2007;259
45;Toledo;45094 Mascaraque;Hombres;2006;249
45;Toledo;45094 Mascaraque;Hombres;2005;240
45;Toledo;45094 Mascaraque;Hombres;2004;230
45;Toledo;45094 Mascaraque;Hombres;2003;222
45;Toledo;45094 Mascaraque;Hombres;2002;233
45;Toledo;45094 Mascaraque;Hombres;2001;230
45;Toledo;45094 Mascaraque;Hombres;2000;231
45;Toledo;45094 Mascaraque;Hombres;1999;231
45;Toledo;45094 Mascaraque;Hombres;1998;232
45;Toledo;45094 Mascaraque;Hombres;1997;
45;Toledo;45094 Mascaraque;Hombres;1996;237
45;Toledo;45094 Mascaraque;Mujeres;2023;215
45;Toledo;45094 Mascaraque;Mujeres;2022;202
45;Toledo;45094 Mascaraque;Mujeres;2021;205
45;Toledo;45094 Mascaraque;Mujeres;2020;212
45;Toledo;45094 Mascaraque;Mujeres;2019;212
45;Toledo;45094 Mascaraque;Mujeres;2018;216
45;Toledo;45094 Mascaraque;Mujeres;2017;221
45;Toledo;45094 Mascaraque;Mujeres;2016;223
45;Toledo;45094 Mascaraque;Mujeres;2015;235
45;Toledo;45094 Mascaraque;Mujeres;2014;243
45;Toledo;45094 Mascaraque;Mujeres;2013;239
45;Toledo;45094 Mascaraque;Mujeres;2012;264
45;Toledo;45094 Mascaraque;Mujeres;2011;260
45;Toledo;45094 Mascaraque;Mujeres;2010;261
45;Toledo;45094 Mascaraque;Mujeres;2009;268
45;Toledo;45094 Mascaraque;Mujeres;2008;264
45;Toledo;45094 Mascaraque;Mujeres;2007;270
45;Toledo;45094 Mascaraque;Mujeres;2006;246
45;Toledo;45094 Mascaraque;Mujeres;2005;251
45;Toledo;45094 Mascaraque;Mujeres;2004;234
45;Toledo;45094 Mascaraque;Mujeres;2003;222
45;Toledo;45094 Mascaraque;Mujeres;2002;241
45;Toledo;45094 Mascaraque;Mujeres;2001;244
45;Toledo;45094 Mascaraque;Mujeres;2000;248
45;Toledo;45094 Mascaraque;Mujeres;1999;260
45;Toledo;45094 Mascaraque;Mujeres;1998;261
45;Toledo;45094 Mascaraque;Mujeres;1997;
45;Toledo;45094 Mascaraque;Mujeres;1996;269
45;Toledo;45095 Mata, La;Total;2023;881
45;Toledo;45095 Mata, La;Total;2022;854
45;Toledo;45095 Mata, La;Total;2021;823
45;Toledo;45095 Mata, La;Total;2020;817
45;Toledo;45095 Mata, La;Total;2019;838
45;Toledo;45095 Mata, La;Total;2018;853
45;Toledo;45095 Mata, La;Total;2017;864
45;Toledo;45095 Mata, La;Total;2016;908
45;Toledo;45095 Mata, La;Total;2015;917
45;Toledo;45095 Mata, La;Total;2014;964
45;Toledo;45095 Mata, La;Total;2013;1010
45;Toledo;45095 Mata, La;Total;2012;1019
45;Toledo;45095 Mata, La;Total;2011;1022
45;Toledo;45095 Mata, La;Total;2010;1023
45;Toledo;45095 Mata, La;Total;2009;1053
45;Toledo;45095 Mata, La;Total;2008;1048
45;Toledo;45095 Mata, La;Total;2007;977
45;Toledo;45095 Mata, La;Total;2006;953
45;Toledo;45095 Mata, La;Total;2005;962
45;Toledo;45095 Mata, La;Total;2004;948
45;Toledo;45095 Mata, La;Total;2003;948
45;Toledo;45095 Mata, La;Total;2002;978
45;Toledo;45095 Mata, La;Total;2001;967
45;Toledo;45095 Mata, La;Total;2000;991
45;Toledo;45095 Mata, La;Total;1999;998
45;Toledo;45095 Mata, La;Total;1998;988
45;Toledo;45095 Mata, La;Total;1997;
45;Toledo;45095 Mata, La;Total;1996;1010
45;Toledo;45095 Mata, La;Hombres;2023;432
45;Toledo;45095 Mata, La;Hombres;2022;416
45;Toledo;45095 Mata, La;Hombres;2021;408
45;Toledo;45095 Mata, La;Hombres;2020;407
45;Toledo;45095 Mata, La;Hombres;2019;415
45;Toledo;45095 Mata, La;Hombres;2018;427
45;Toledo;45095 Mata, La;Hombres;2017;438
45;Toledo;45095 Mata, La;Hombres;2016;458
45;Toledo;45095 Mata, La;Hombres;2015;459
45;Toledo;45095 Mata, La;Hombres;2014;489
45;Toledo;45095 Mata, La;Hombres;2013;515
45;Toledo;45095 Mata, La;Hombres;2012;534
45;Toledo;45095 Mata, La;Hombres;2011;531
45;Toledo;45095 Mata, La;Hombres;2010;535
45;Toledo;45095 Mata, La;Hombres;2009;547
45;Toledo;45095 Mata, La;Hombres;2008;541
45;Toledo;45095 Mata, La;Hombres;2007;496
45;Toledo;45095 Mata, La;Hombres;2006;485
45;Toledo;45095 Mata, La;Hombres;2005;491
45;Toledo;45095 Mata, La;Hombres;2004;475
45;Toledo;45095 Mata, La;Hombres;2003;477
45;Toledo;45095 Mata, La;Hombres;2002;491
45;Toledo;45095 Mata, La;Hombres;2001;482
45;Toledo;45095 Mata, La;Hombres;2000;491
45;Toledo;45095 Mata, La;Hombres;1999;494
45;Toledo;45095 Mata, La;Hombres;1998;486
45;Toledo;45095 Mata, La;Hombres;1997;
45;Toledo;45095 Mata, La;Hombres;1996;504
45;Toledo;45095 Mata, La;Mujeres;2023;449
45;Toledo;45095 Mata, La;Mujeres;2022;438
45;Toledo;45095 Mata, La;Mujeres;2021;415
45;Toledo;45095 Mata, La;Mujeres;2020;410
45;Toledo;45095 Mata, La;Mujeres;2019;423
45;Toledo;45095 Mata, La;Mujeres;2018;426
45;Toledo;45095 Mata, La;Mujeres;2017;426
45;Toledo;45095 Mata, La;Mujeres;2016;450
45;Toledo;45095 Mata, La;Mujeres;2015;458
45;Toledo;45095 Mata, La;Mujeres;2014;475
45;Toledo;45095 Mata, La;Mujeres;2013;495
45;Toledo;45095 Mata, La;Mujeres;2012;485
45;Toledo;45095 Mata, La;Mujeres;2011;491
45;Toledo;45095 Mata, La;Mujeres;2010;488
45;Toledo;45095 Mata, La;Mujeres;2009;506
45;Toledo;45095 Mata, La;Mujeres;2008;507
45;Toledo;45095 Mata, La;Mujeres;2007;481
45;Toledo;45095 Mata, La;Mujeres;2006;468
45;Toledo;45095 Mata, La;Mujeres;2005;471
45;Toledo;45095 Mata, La;Mujeres;2004;473
45;Toledo;45095 Mata, La;Mujeres;2003;471
45;Toledo;45095 Mata, La;Mujeres;2002;487
45;Toledo;45095 Mata, La;Mujeres;2001;485
45;Toledo;45095 Mata, La;Mujeres;2000;500
45;Toledo;45095 Mata, La;Mujeres;1999;504
45;Toledo;45095 Mata, La;Mujeres;1998;502
45;Toledo;45095 Mata, La;Mujeres;1997;
45;Toledo;45095 Mata, La;Mujeres;1996;506
45;Toledo;45096 Mazarambroz;Total;2023;1259
45;Toledo;45096 Mazarambroz;Total;2022;1259
45;Toledo;45096 Mazarambroz;Total;2021;1258
45;Toledo;45096 Mazarambroz;Total;2020;1244
45;Toledo;45096 Mazarambroz;Total;2019;1241
45;Toledo;45096 Mazarambroz;Total;2018;1258
45;Toledo;45096 Mazarambroz;Total;2017;1259
45;Toledo;45096 Mazarambroz;Total;2016;1278
45;Toledo;45096 Mazarambroz;Total;2015;1287
45;Toledo;45096 Mazarambroz;Total;2014;1282
45;Toledo;45096 Mazarambroz;Total;2013;1295
45;Toledo;45096 Mazarambroz;Total;2012;1315
45;Toledo;45096 Mazarambroz;Total;2011;1343
45;Toledo;45096 Mazarambroz;Total;2010;1345
45;Toledo;45096 Mazarambroz;Total;2009;1370
45;Toledo;45096 Mazarambroz;Total;2008;1349
45;Toledo;45096 Mazarambroz;Total;2007;1334
45;Toledo;45096 Mazarambroz;Total;2006;1314
45;Toledo;45096 Mazarambroz;Total;2005;1317
45;Toledo;45096 Mazarambroz;Total;2004;1302
45;Toledo;45096 Mazarambroz;Total;2003;1272
45;Toledo;45096 Mazarambroz;Total;2002;1219
45;Toledo;45096 Mazarambroz;Total;2001;1220
45;Toledo;45096 Mazarambroz;Total;2000;1221
45;Toledo;45096 Mazarambroz;Total;1999;1208
45;Toledo;45096 Mazarambroz;Total;1998;1210
45;Toledo;45096 Mazarambroz;Total;1997;
45;Toledo;45096 Mazarambroz;Total;1996;1200
45;Toledo;45096 Mazarambroz;Hombres;2023;657
45;Toledo;45096 Mazarambroz;Hombres;2022;652
45;Toledo;45096 Mazarambroz;Hombres;2021;650
45;Toledo;45096 Mazarambroz;Hombres;2020;642
45;Toledo;45096 Mazarambroz;Hombres;2019;641
45;Toledo;45096 Mazarambroz;Hombres;2018;647
45;Toledo;45096 Mazarambroz;Hombres;2017;648
45;Toledo;45096 Mazarambroz;Hombres;2016;657
45;Toledo;45096 Mazarambroz;Hombres;2015;665
45;Toledo;45096 Mazarambroz;Hombres;2014;656
45;Toledo;45096 Mazarambroz;Hombres;2013;667
45;Toledo;45096 Mazarambroz;Hombres;2012;668
45;Toledo;45096 Mazarambroz;Hombres;2011;692
45;Toledo;45096 Mazarambroz;Hombres;2010;691
45;Toledo;45096 Mazarambroz;Hombres;2009;709
45;Toledo;45096 Mazarambroz;Hombres;2008;697
45;Toledo;45096 Mazarambroz;Hombres;2007;689
45;Toledo;45096 Mazarambroz;Hombres;2006;676
45;Toledo;45096 Mazarambroz;Hombres;2005;673
45;Toledo;45096 Mazarambroz;Hombres;2004;665
45;Toledo;45096 Mazarambroz;Hombres;2003;643
45;Toledo;45096 Mazarambroz;Hombres;2002;608
45;Toledo;45096 Mazarambroz;Hombres;2001;616
45;Toledo;45096 Mazarambroz;Hombres;2000;611
45;Toledo;45096 Mazarambroz;Hombres;1999;599
45;Toledo;45096 Mazarambroz;Hombres;1998;600
45;Toledo;45096 Mazarambroz;Hombres;1997;
45;Toledo;45096 Mazarambroz;Hombres;1996;594
45;Toledo;45096 Mazarambroz;Mujeres;2023;602
45;Toledo;45096 Mazarambroz;Mujeres;2022;607
45;Toledo;45096 Mazarambroz;Mujeres;2021;608
45;Toledo;45096 Mazarambroz;Mujeres;2020;602
45;Toledo;45096 Mazarambroz;Mujeres;2019;600
45;Toledo;45096 Mazarambroz;Mujeres;2018;611
45;Toledo;45096 Mazarambroz;Mujeres;2017;611
45;Toledo;45096 Mazarambroz;Mujeres;2016;621
45;Toledo;45096 Mazarambroz;Mujeres;2015;622
45;Toledo;45096 Mazarambroz;Mujeres;2014;626
45;Toledo;45096 Mazarambroz;Mujeres;2013;628
45;Toledo;45096 Mazarambroz;Mujeres;2012;647
45;Toledo;45096 Mazarambroz;Mujeres;2011;651
45;Toledo;45096 Mazarambroz;Mujeres;2010;654
45;Toledo;45096 Mazarambroz;Mujeres;2009;661
45;Toledo;45096 Mazarambroz;Mujeres;2008;652
45;Toledo;45096 Mazarambroz;Mujeres;2007;645
45;Toledo;45096 Mazarambroz;Mujeres;2006;638
45;Toledo;45096 Mazarambroz;Mujeres;2005;644
45;Toledo;45096 Mazarambroz;Mujeres;2004;637
45;Toledo;45096 Mazarambroz;Mujeres;2003;629
45;Toledo;45096 Mazarambroz;Mujeres;2002;611
45;Toledo;45096 Mazarambroz;Mujeres;2001;604
45;Toledo;45096 Mazarambroz;Mujeres;2000;610
45;Toledo;45096 Mazarambroz;Mujeres;1999;609
45;Toledo;45096 Mazarambroz;Mujeres;1998;610
45;Toledo;45096 Mazarambroz;Mujeres;1997;
45;Toledo;45096 Mazarambroz;Mujeres;1996;606
45;Toledo;45097 Mejorada;Total;2023;1374
45;Toledo;45097 Mejorada;Total;2022;1354
45;Toledo;45097 Mejorada;Total;2021;1293
45;Toledo;45097 Mejorada;Total;2020;1261
45;Toledo;45097 Mejorada;Total;2019;1275
45;Toledo;45097 Mejorada;Total;2018;1265
45;Toledo;45097 Mejorada;Total;2017;1266
45;Toledo;45097 Mejorada;Total;2016;1268
45;Toledo;45097 Mejorada;Total;2015;1294
45;Toledo;45097 Mejorada;Total;2014;1320
45;Toledo;45097 Mejorada;Total;2013;1305
45;Toledo;45097 Mejorada;Total;2012;1320
45;Toledo;45097 Mejorada;Total;2011;1337
45;Toledo;45097 Mejorada;Total;2010;1329
45;Toledo;45097 Mejorada;Total;2009;1340
45;Toledo;45097 Mejorada;Total;2008;1342
45;Toledo;45097 Mejorada;Total;2007;1336
45;Toledo;45097 Mejorada;Total;2006;1323
45;Toledo;45097 Mejorada;Total;2005;1300
45;Toledo;45097 Mejorada;Total;2004;1246
45;Toledo;45097 Mejorada;Total;2003;1216
45;Toledo;45097 Mejorada;Total;2002;1183
45;Toledo;45097 Mejorada;Total;2001;1156
45;Toledo;45097 Mejorada;Total;2000;1124
45;Toledo;45097 Mejorada;Total;1999;1075
45;Toledo;45097 Mejorada;Total;1998;1091
45;Toledo;45097 Mejorada;Total;1997;
45;Toledo;45097 Mejorada;Total;1996;1092
45;Toledo;45097 Mejorada;Hombres;2023;701
45;Toledo;45097 Mejorada;Hombres;2022;697
45;Toledo;45097 Mejorada;Hombres;2021;667
45;Toledo;45097 Mejorada;Hombres;2020;646
45;Toledo;45097 Mejorada;Hombres;2019;661
45;Toledo;45097 Mejorada;Hombres;2018;652
45;Toledo;45097 Mejorada;Hombres;2017;658
45;Toledo;45097 Mejorada;Hombres;2016;657
45;Toledo;45097 Mejorada;Hombres;2015;667
45;Toledo;45097 Mejorada;Hombres;2014;687
45;Toledo;45097 Mejorada;Hombres;2013;673
45;Toledo;45097 Mejorada;Hombres;2012;689
45;Toledo;45097 Mejorada;Hombres;2011;687
45;Toledo;45097 Mejorada;Hombres;2010;688
45;Toledo;45097 Mejorada;Hombres;2009;701
45;Toledo;45097 Mejorada;Hombres;2008;702
45;Toledo;45097 Mejorada;Hombres;2007;685
45;Toledo;45097 Mejorada;Hombres;2006;673
45;Toledo;45097 Mejorada;Hombres;2005;668
45;Toledo;45097 Mejorada;Hombres;2004;633
45;Toledo;45097 Mejorada;Hombres;2003;612
45;Toledo;45097 Mejorada;Hombres;2002;595
45;Toledo;45097 Mejorada;Hombres;2001;578
45;Toledo;45097 Mejorada;Hombres;2000;561
45;Toledo;45097 Mejorada;Hombres;1999;540
45;Toledo;45097 Mejorada;Hombres;1998;550
45;Toledo;45097 Mejorada;Hombres;1997;
45;Toledo;45097 Mejorada;Hombres;1996;557
45;Toledo;45097 Mejorada;Mujeres;2023;673
45;Toledo;45097 Mejorada;Mujeres;2022;657
45;Toledo;45097 Mejorada;Mujeres;2021;626
45;Toledo;45097 Mejorada;Mujeres;2020;615
45;Toledo;45097 Mejorada;Mujeres;2019;614
45;Toledo;45097 Mejorada;Mujeres;2018;613
45;Toledo;45097 Mejorada;Mujeres;2017;608
45;Toledo;45097 Mejorada;Mujeres;2016;611
45;Toledo;45097 Mejorada;Mujeres;2015;627
45;Toledo;45097 Mejorada;Mujeres;2014;633
45;Toledo;45097 Mejorada;Mujeres;2013;632
45;Toledo;45097 Mejorada;Mujeres;2012;631
45;Toledo;45097 Mejorada;Mujeres;2011;650
45;Toledo;45097 Mejorada;Mujeres;2010;641
45;Toledo;45097 Mejorada;Mujeres;2009;639
45;Toledo;45097 Mejorada;Mujeres;2008;640
45;Toledo;45097 Mejorada;Mujeres;2007;651
45;Toledo;45097 Mejorada;Mujeres;2006;650
45;Toledo;45097 Mejorada;Mujeres;2005;632
45;Toledo;45097 Mejorada;Mujeres;2004;613
45;Toledo;45097 Mejorada;Mujeres;2003;604
45;Toledo;45097 Mejorada;Mujeres;2002;588
45;Toledo;45097 Mejorada;Mujeres;2001;578
45;Toledo;45097 Mejorada;Mujeres;2000;563
45;Toledo;45097 Mejorada;Mujeres;1999;535
45;Toledo;45097 Mejorada;Mujeres;1998;541
45;Toledo;45097 Mejorada;Mujeres;1997;
45;Toledo;45097 Mejorada;Mujeres;1996;535
45;Toledo;45098 Menasalbas;Total;2023;2482
45;Toledo;45098 Menasalbas;Total;2022;2513
45;Toledo;45098 Menasalbas;Total;2021;2544
45;Toledo;45098 Menasalbas;Total;2020;2600
45;Toledo;45098 Menasalbas;Total;2019;2651
45;Toledo;45098 Menasalbas;Total;2018;2702
45;Toledo;45098 Menasalbas;Total;2017;2739
45;Toledo;45098 Menasalbas;Total;2016;2785
45;Toledo;45098 Menasalbas;Total;2015;2814
45;Toledo;45098 Menasalbas;Total;2014;2938
45;Toledo;45098 Menasalbas;Total;2013;3030
45;Toledo;45098 Menasalbas;Total;2012;3117
45;Toledo;45098 Menasalbas;Total;2011;3185
45;Toledo;45098 Menasalbas;Total;2010;3296
45;Toledo;45098 Menasalbas;Total;2009;3327
45;Toledo;45098 Menasalbas;Total;2008;3344
45;Toledo;45098 Menasalbas;Total;2007;3246
45;Toledo;45098 Menasalbas;Total;2006;3206
45;Toledo;45098 Menasalbas;Total;2005;3017
45;Toledo;45098 Menasalbas;Total;2004;2987
45;Toledo;45098 Menasalbas;Total;2003;2996
45;Toledo;45098 Menasalbas;Total;2002;2986
45;Toledo;45098 Menasalbas;Total;2001;3008
45;Toledo;45098 Menasalbas;Total;2000;2971
45;Toledo;45098 Menasalbas;Total;1999;2955
45;Toledo;45098 Menasalbas;Total;1998;2978
45;Toledo;45098 Menasalbas;Total;1997;
45;Toledo;45098 Menasalbas;Total;1996;2987
45;Toledo;45098 Menasalbas;Hombres;2023;1289
45;Toledo;45098 Menasalbas;Hombres;2022;1309
45;Toledo;45098 Menasalbas;Hombres;2021;1327
45;Toledo;45098 Menasalbas;Hombres;2020;1372
45;Toledo;45098 Menasalbas;Hombres;2019;1399
45;Toledo;45098 Menasalbas;Hombres;2018;1423
45;Toledo;45098 Menasalbas;Hombres;2017;1440
45;Toledo;45098 Menasalbas;Hombres;2016;1459
45;Toledo;45098 Menasalbas;Hombres;2015;1472
45;Toledo;45098 Menasalbas;Hombres;2014;1545
45;Toledo;45098 Menasalbas;Hombres;2013;1598
45;Toledo;45098 Menasalbas;Hombres;2012;1661
45;Toledo;45098 Menasalbas;Hombres;2011;1697
45;Toledo;45098 Menasalbas;Hombres;2010;1768
45;Toledo;45098 Menasalbas;Hombres;2009;1818
45;Toledo;45098 Menasalbas;Hombres;2008;1831
45;Toledo;45098 Menasalbas;Hombres;2007;1790
45;Toledo;45098 Menasalbas;Hombres;2006;1738
45;Toledo;45098 Menasalbas;Hombres;2005;1611
45;Toledo;45098 Menasalbas;Hombres;2004;1578
45;Toledo;45098 Menasalbas;Hombres;2003;1567
45;Toledo;45098 Menasalbas;Hombres;2002;1566
45;Toledo;45098 Menasalbas;Hombres;2001;1578
45;Toledo;45098 Menasalbas;Hombres;2000;1556
45;Toledo;45098 Menasalbas;Hombres;1999;1545
45;Toledo;45098 Menasalbas;Hombres;1998;1556
45;Toledo;45098 Menasalbas;Hombres;1997;
45;Toledo;45098 Menasalbas;Hombres;1996;1547
45;Toledo;45098 Menasalbas;Mujeres;2023;1193
45;Toledo;45098 Menasalbas;Mujeres;2022;1204
45;Toledo;45098 Menasalbas;Mujeres;2021;1217
45;Toledo;45098 Menasalbas;Mujeres;2020;1228
45;Toledo;45098 Menasalbas;Mujeres;2019;1252
45;Toledo;45098 Menasalbas;Mujeres;2018;1279
45;Toledo;45098 Menasalbas;Mujeres;2017;1299
45;Toledo;45098 Menasalbas;Mujeres;2016;1326
45;Toledo;45098 Menasalbas;Mujeres;2015;1342
45;Toledo;45098 Menasalbas;Mujeres;2014;1393
45;Toledo;45098 Menasalbas;Mujeres;2013;1432
45;Toledo;45098 Menasalbas;Mujeres;2012;1456
45;Toledo;45098 Menasalbas;Mujeres;2011;1488
45;Toledo;45098 Menasalbas;Mujeres;2010;1528
45;Toledo;45098 Menasalbas;Mujeres;2009;1509
45;Toledo;45098 Menasalbas;Mujeres;2008;1513
45;Toledo;45098 Menasalbas;Mujeres;2007;1456
45;Toledo;45098 Menasalbas;Mujeres;2006;1468
45;Toledo;45098 Menasalbas;Mujeres;2005;1406
45;Toledo;45098 Menasalbas;Mujeres;2004;1409
45;Toledo;45098 Menasalbas;Mujeres;2003;1429
45;Toledo;45098 Menasalbas;Mujeres;2002;1420
45;Toledo;45098 Menasalbas;Mujeres;2001;1430
45;Toledo;45098 Menasalbas;Mujeres;2000;1415
45;Toledo;45098 Menasalbas;Mujeres;1999;1410
45;Toledo;45098 Menasalbas;Mujeres;1998;1422
45;Toledo;45098 Menasalbas;Mujeres;1997;
45;Toledo;45098 Menasalbas;Mujeres;1996;1440
45;Toledo;45099 Méntrida;Total;2023;6019
45;Toledo;45099 Méntrida;Total;2022;5722
45;Toledo;45099 Méntrida;Total;2021;5662
45;Toledo;45099 Méntrida;Total;2020;5320
45;Toledo;45099 Méntrida;Total;2019;5099
45;Toledo;45099 Méntrida;Total;2018;4957
45;Toledo;45099 Méntrida;Total;2017;4900
45;Toledo;45099 Méntrida;Total;2016;4909
45;Toledo;45099 Méntrida;Total;2015;4984
45;Toledo;45099 Méntrida;Total;2014;4976
45;Toledo;45099 Méntrida;Total;2013;4950
45;Toledo;45099 Méntrida;Total;2012;4987
45;Toledo;45099 Méntrida;Total;2011;4967
45;Toledo;45099 Méntrida;Total;2010;4780
45;Toledo;45099 Méntrida;Total;2009;4599
45;Toledo;45099 Méntrida;Total;2008;4288
45;Toledo;45099 Méntrida;Total;2007;3997
45;Toledo;45099 Méntrida;Total;2006;3521
45;Toledo;45099 Méntrida;Total;2005;3212
45;Toledo;45099 Méntrida;Total;2004;2854
45;Toledo;45099 Méntrida;Total;2003;2562
45;Toledo;45099 Méntrida;Total;2002;2356
45;Toledo;45099 Méntrida;Total;2001;2198
45;Toledo;45099 Méntrida;Total;2000;2105
45;Toledo;45099 Méntrida;Total;1999;2023
45;Toledo;45099 Méntrida;Total;1998;1984
45;Toledo;45099 Méntrida;Total;1997;
45;Toledo;45099 Méntrida;Total;1996;1913
45;Toledo;45099 Méntrida;Hombres;2023;3057
45;Toledo;45099 Méntrida;Hombres;2022;2933
45;Toledo;45099 Méntrida;Hombres;2021;2900
45;Toledo;45099 Méntrida;Hombres;2020;2729
45;Toledo;45099 Méntrida;Hombres;2019;2614
45;Toledo;45099 Méntrida;Hombres;2018;2545
45;Toledo;45099 Méntrida;Hombres;2017;2496
45;Toledo;45099 Méntrida;Hombres;2016;2515
45;Toledo;45099 Méntrida;Hombres;2015;2576
45;Toledo;45099 Méntrida;Hombres;2014;2576
45;Toledo;45099 Méntrida;Hombres;2013;2559
45;Toledo;45099 Méntrida;Hombres;2012;2569
45;Toledo;45099 Méntrida;Hombres;2011;2555
45;Toledo;45099 Méntrida;Hombres;2010;2472
45;Toledo;45099 Méntrida;Hombres;2009;2402
45;Toledo;45099 Méntrida;Hombres;2008;2268
45;Toledo;45099 Méntrida;Hombres;2007;2098
45;Toledo;45099 Méntrida;Hombres;2006;1857
45;Toledo;45099 Méntrida;Hombres;2005;1691
45;Toledo;45099 Méntrida;Hombres;2004;1490
45;Toledo;45099 Méntrida;Hombres;2003;1337
45;Toledo;45099 Méntrida;Hombres;2002;1221
45;Toledo;45099 Méntrida;Hombres;2001;1136
45;Toledo;45099 Méntrida;Hombres;2000;1081
45;Toledo;45099 Méntrida;Hombres;1999;1026
45;Toledo;45099 Méntrida;Hombres;1998;993
45;Toledo;45099 Méntrida;Hombres;1997;
45;Toledo;45099 Méntrida;Hombres;1996;963
45;Toledo;45099 Méntrida;Mujeres;2023;2962
45;Toledo;45099 Méntrida;Mujeres;2022;2789
45;Toledo;45099 Méntrida;Mujeres;2021;2762
45;Toledo;45099 Méntrida;Mujeres;2020;2591
45;Toledo;45099 Méntrida;Mujeres;2019;2485
45;Toledo;45099 Méntrida;Mujeres;2018;2412
45;Toledo;45099 Méntrida;Mujeres;2017;2404
45;Toledo;45099 Méntrida;Mujeres;2016;2394
45;Toledo;45099 Méntrida;Mujeres;2015;2408
45;Toledo;45099 Méntrida;Mujeres;2014;2400
45;Toledo;45099 Méntrida;Mujeres;2013;2391
45;Toledo;45099 Méntrida;Mujeres;2012;2418
45;Toledo;45099 Méntrida;Mujeres;2011;2412
45;Toledo;45099 Méntrida;Mujeres;2010;2308
45;Toledo;45099 Méntrida;Mujeres;2009;2197
45;Toledo;45099 Méntrida;Mujeres;2008;2020
45;Toledo;45099 Méntrida;Mujeres;2007;1899
45;Toledo;45099 Méntrida;Mujeres;2006;1664
45;Toledo;45099 Méntrida;Mujeres;2005;1521
45;Toledo;45099 Méntrida;Mujeres;2004;1364
45;Toledo;45099 Méntrida;Mujeres;2003;1225
45;Toledo;45099 Méntrida;Mujeres;2002;1135
45;Toledo;45099 Méntrida;Mujeres;2001;1062
45;Toledo;45099 Méntrida;Mujeres;2000;1024
45;Toledo;45099 Méntrida;Mujeres;1999;997
45;Toledo;45099 Méntrida;Mujeres;1998;991
45;Toledo;45099 Méntrida;Mujeres;1997;
45;Toledo;45099 Méntrida;Mujeres;1996;950
45;Toledo;45100 Mesegar de Tajo;Total;2023;205
45;Toledo;45100 Mesegar de Tajo;Total;2022;203
45;Toledo;45100 Mesegar de Tajo;Total;2021;206
45;Toledo;45100 Mesegar de Tajo;Total;2020;215
45;Toledo;45100 Mesegar de Tajo;Total;2019;214
45;Toledo;45100 Mesegar de Tajo;Total;2018;222
45;Toledo;45100 Mesegar de Tajo;Total;2017;228
45;Toledo;45100 Mesegar de Tajo;Total;2016;224
45;Toledo;45100 Mesegar de Tajo;Total;2015;228
45;Toledo;45100 Mesegar de Tajo;Total;2014;225
45;Toledo;45100 Mesegar de Tajo;Total;2013;227
45;Toledo;45100 Mesegar de Tajo;Total;2012;237
45;Toledo;45100 Mesegar de Tajo;Total;2011;240
45;Toledo;45100 Mesegar de Tajo;Total;2010;243
45;Toledo;45100 Mesegar de Tajo;Total;2009;253
45;Toledo;45100 Mesegar de Tajo;Total;2008;258
45;Toledo;45100 Mesegar de Tajo;Total;2007;248
45;Toledo;45100 Mesegar de Tajo;Total;2006;246
45;Toledo;45100 Mesegar de Tajo;Total;2005;243
45;Toledo;45100 Mesegar de Tajo;Total;2004;220
45;Toledo;45100 Mesegar de Tajo;Total;2003;232
45;Toledo;45100 Mesegar de Tajo;Total;2002;231
45;Toledo;45100 Mesegar de Tajo;Total;2001;232
45;Toledo;45100 Mesegar de Tajo;Total;2000;230
45;Toledo;45100 Mesegar de Tajo;Total;1999;231
45;Toledo;45100 Mesegar de Tajo;Total;1998;236
45;Toledo;45100 Mesegar de Tajo;Total;1997;
45;Toledo;45100 Mesegar de Tajo;Total;1996;245
45;Toledo;45100 Mesegar de Tajo;Hombres;2023;111
45;Toledo;45100 Mesegar de Tajo;Hombres;2022;109
45;Toledo;45100 Mesegar de Tajo;Hombres;2021;111
45;Toledo;45100 Mesegar de Tajo;Hombres;2020;114
45;Toledo;45100 Mesegar de Tajo;Hombres;2019;112
45;Toledo;45100 Mesegar de Tajo;Hombres;2018;118
45;Toledo;45100 Mesegar de Tajo;Hombres;2017;124
45;Toledo;45100 Mesegar de Tajo;Hombres;2016;118
45;Toledo;45100 Mesegar de Tajo;Hombres;2015;116
45;Toledo;45100 Mesegar de Tajo;Hombres;2014;120
45;Toledo;45100 Mesegar de Tajo;Hombres;2013;123
45;Toledo;45100 Mesegar de Tajo;Hombres;2012;128
45;Toledo;45100 Mesegar de Tajo;Hombres;2011;125
45;Toledo;45100 Mesegar de Tajo;Hombres;2010;127
45;Toledo;45100 Mesegar de Tajo;Hombres;2009;131
45;Toledo;45100 Mesegar de Tajo;Hombres;2008;134
45;Toledo;45100 Mesegar de Tajo;Hombres;2007;126
45;Toledo;45100 Mesegar de Tajo;Hombres;2006;128
45;Toledo;45100 Mesegar de Tajo;Hombres;2005;121
45;Toledo;45100 Mesegar de Tajo;Hombres;2004;109
45;Toledo;45100 Mesegar de Tajo;Hombres;2003;113
45;Toledo;45100 Mesegar de Tajo;Hombres;2002;111
45;Toledo;45100 Mesegar de Tajo;Hombres;2001;112
45;Toledo;45100 Mesegar de Tajo;Hombres;2000;113
45;Toledo;45100 Mesegar de Tajo;Hombres;1999;115
45;Toledo;45100 Mesegar de Tajo;Hombres;1998;117
45;Toledo;45100 Mesegar de Tajo;Hombres;1997;
45;Toledo;45100 Mesegar de Tajo;Hombres;1996;118
45;Toledo;45100 Mesegar de Tajo;Mujeres;2023;94
45;Toledo;45100 Mesegar de Tajo;Mujeres;2022;94
45;Toledo;45100 Mesegar de Tajo;Mujeres;2021;95
45;Toledo;45100 Mesegar de Tajo;Mujeres;2020;101
45;Toledo;45100 Mesegar de Tajo;Mujeres;2019;102
45;Toledo;45100 Mesegar de Tajo;Mujeres;2018;104
45;Toledo;45100 Mesegar de Tajo;Mujeres;2017;104
45;Toledo;45100 Mesegar de Tajo;Mujeres;2016;106
45;Toledo;45100 Mesegar de Tajo;Mujeres;2015;112
45;Toledo;45100 Mesegar de Tajo;Mujeres;2014;105
45;Toledo;45100 Mesegar de Tajo;Mujeres;2013;104
45;Toledo;45100 Mesegar de Tajo;Mujeres;2012;109
45;Toledo;45100 Mesegar de Tajo;Mujeres;2011;115
45;Toledo;45100 Mesegar de Tajo;Mujeres;2010;116
45;Toledo;45100 Mesegar de Tajo;Mujeres;2009;122
45;Toledo;45100 Mesegar de Tajo;Mujeres;2008;124
45;Toledo;45100 Mesegar de Tajo;Mujeres;2007;122
45;Toledo;45100 Mesegar de Tajo;Mujeres;2006;118
45;Toledo;45100 Mesegar de Tajo;Mujeres;2005;122
45;Toledo;45100 Mesegar de Tajo;Mujeres;2004;111
45;Toledo;45100 Mesegar de Tajo;Mujeres;2003;119
45;Toledo;45100 Mesegar de Tajo;Mujeres;2002;120
45;Toledo;45100 Mesegar de Tajo;Mujeres;2001;120
45;Toledo;45100 Mesegar de Tajo;Mujeres;2000;117
45;Toledo;45100 Mesegar de Tajo;Mujeres;1999;116
45;Toledo;45100 Mesegar de Tajo;Mujeres;1998;119
45;Toledo;45100 Mesegar de Tajo;Mujeres;1997;
45;Toledo;45100 Mesegar de Tajo;Mujeres;1996;127
45;Toledo;45101 Miguel Esteban;Total;2023;4779
45;Toledo;45101 Miguel Esteban;Total;2022;4791
45;Toledo;45101 Miguel Esteban;Total;2021;4809
45;Toledo;45101 Miguel Esteban;Total;2020;4788
45;Toledo;45101 Miguel Esteban;Total;2019;4856
45;Toledo;45101 Miguel Esteban;Total;2018;4908
45;Toledo;45101 Miguel Esteban;Total;2017;4976
45;Toledo;45101 Miguel Esteban;Total;2016;5042
45;Toledo;45101 Miguel Esteban;Total;2015;5080
45;Toledo;45101 Miguel Esteban;Total;2014;5243
45;Toledo;45101 Miguel Esteban;Total;2013;5320
45;Toledo;45101 Miguel Esteban;Total;2012;5417
45;Toledo;45101 Miguel Esteban;Total;2011;5460
45;Toledo;45101 Miguel Esteban;Total;2010;5582
45;Toledo;45101 Miguel Esteban;Total;2009;5754
45;Toledo;45101 Miguel Esteban;Total;2008;5918
45;Toledo;45101 Miguel Esteban;Total;2007;5491
45;Toledo;45101 Miguel Esteban;Total;2006;5435
45;Toledo;45101 Miguel Esteban;Total;2005;5238
45;Toledo;45101 Miguel Esteban;Total;2004;5077
45;Toledo;45101 Miguel Esteban;Total;2003;4957
45;Toledo;45101 Miguel Esteban;Total;2002;4894
45;Toledo;45101 Miguel Esteban;Total;2001;4765
45;Toledo;45101 Miguel Esteban;Total;2000;4719
45;Toledo;45101 Miguel Esteban;Total;1999;4712
45;Toledo;45101 Miguel Esteban;Total;1998;4684
45;Toledo;45101 Miguel Esteban;Total;1997;
45;Toledo;45101 Miguel Esteban;Total;1996;4688
45;Toledo;45101 Miguel Esteban;Hombres;2023;2404
45;Toledo;45101 Miguel Esteban;Hombres;2022;2405
45;Toledo;45101 Miguel Esteban;Hombres;2021;2410
45;Toledo;45101 Miguel Esteban;Hombres;2020;2411
45;Toledo;45101 Miguel Esteban;Hombres;2019;2421
45;Toledo;45101 Miguel Esteban;Hombres;2018;2453
45;Toledo;45101 Miguel Esteban;Hombres;2017;2494
45;Toledo;45101 Miguel Esteban;Hombres;2016;2516
45;Toledo;45101 Miguel Esteban;Hombres;2015;2534
45;Toledo;45101 Miguel Esteban;Hombres;2014;2612
45;Toledo;45101 Miguel Esteban;Hombres;2013;2671
45;Toledo;45101 Miguel Esteban;Hombres;2012;2736
45;Toledo;45101 Miguel Esteban;Hombres;2011;2757
45;Toledo;45101 Miguel Esteban;Hombres;2010;2825
45;Toledo;45101 Miguel Esteban;Hombres;2009;2944
45;Toledo;45101 Miguel Esteban;Hombres;2008;3064
45;Toledo;45101 Miguel Esteban;Hombres;2007;2809
45;Toledo;45101 Miguel Esteban;Hombres;2006;2784
45;Toledo;45101 Miguel Esteban;Hombres;2005;2668
45;Toledo;45101 Miguel Esteban;Hombres;2004;2566
45;Toledo;45101 Miguel Esteban;Hombres;2003;2501
45;Toledo;45101 Miguel Esteban;Hombres;2002;2466
45;Toledo;45101 Miguel Esteban;Hombres;2001;2389
45;Toledo;45101 Miguel Esteban;Hombres;2000;2356
45;Toledo;45101 Miguel Esteban;Hombres;1999;2334
45;Toledo;45101 Miguel Esteban;Hombres;1998;2328
45;Toledo;45101 Miguel Esteban;Hombres;1997;
45;Toledo;45101 Miguel Esteban;Hombres;1996;2325
45;Toledo;45101 Miguel Esteban;Mujeres;2023;2375
45;Toledo;45101 Miguel Esteban;Mujeres;2022;2386
45;Toledo;45101 Miguel Esteban;Mujeres;2021;2399
45;Toledo;45101 Miguel Esteban;Mujeres;2020;2377
45;Toledo;45101 Miguel Esteban;Mujeres;2019;2435
45;Toledo;45101 Miguel Esteban;Mujeres;2018;2455
45;Toledo;45101 Miguel Esteban;Mujeres;2017;2482
45;Toledo;45101 Miguel Esteban;Mujeres;2016;2526
45;Toledo;45101 Miguel Esteban;Mujeres;2015;2546
45;Toledo;45101 Miguel Esteban;Mujeres;2014;2631
45;Toledo;45101 Miguel Esteban;Mujeres;2013;2649
45;Toledo;45101 Miguel Esteban;Mujeres;2012;2681
45;Toledo;45101 Miguel Esteban;Mujeres;2011;2703
45;Toledo;45101 Miguel Esteban;Mujeres;2010;2757
45;Toledo;45101 Miguel Esteban;Mujeres;2009;2810
45;Toledo;45101 Miguel Esteban;Mujeres;2008;2854
45;Toledo;45101 Miguel Esteban;Mujeres;2007;2682
45;Toledo;45101 Miguel Esteban;Mujeres;2006;2651
45;Toledo;45101 Miguel Esteban;Mujeres;2005;2570
45;Toledo;45101 Miguel Esteban;Mujeres;2004;2511
45;Toledo;45101 Miguel Esteban;Mujeres;2003;2456
45;Toledo;45101 Miguel Esteban;Mujeres;2002;2428
45;Toledo;45101 Miguel Esteban;Mujeres;2001;2376
45;Toledo;45101 Miguel Esteban;Mujeres;2000;2363
45;Toledo;45101 Miguel Esteban;Mujeres;1999;2378
45;Toledo;45101 Miguel Esteban;Mujeres;1998;2356
45;Toledo;45101 Miguel Esteban;Mujeres;1997;
45;Toledo;45101 Miguel Esteban;Mujeres;1996;2363
45;Toledo;45102 Mocejón;Total;2023;5069
45;Toledo;45102 Mocejón;Total;2022;5004
45;Toledo;45102 Mocejón;Total;2021;5009
45;Toledo;45102 Mocejón;Total;2020;4963
45;Toledo;45102 Mocejón;Total;2019;4875
45;Toledo;45102 Mocejón;Total;2018;4829
45;Toledo;45102 Mocejón;Total;2017;4830
45;Toledo;45102 Mocejón;Total;2016;4844
45;Toledo;45102 Mocejón;Total;2015;4874
45;Toledo;45102 Mocejón;Total;2014;4842
45;Toledo;45102 Mocejón;Total;2013;4958
45;Toledo;45102 Mocejón;Total;2012;5003
45;Toledo;45102 Mocejón;Total;2011;4908
45;Toledo;45102 Mocejón;Total;2010;4895
45;Toledo;45102 Mocejón;Total;2009;4922
45;Toledo;45102 Mocejón;Total;2008;4860
45;Toledo;45102 Mocejón;Total;2007;4655
45;Toledo;45102 Mocejón;Total;2006;4539
45;Toledo;45102 Mocejón;Total;2005;4503
45;Toledo;45102 Mocejón;Total;2004;4370
45;Toledo;45102 Mocejón;Total;2003;4277
45;Toledo;45102 Mocejón;Total;2002;4235
45;Toledo;45102 Mocejón;Total;2001;4172
45;Toledo;45102 Mocejón;Total;2000;4157
45;Toledo;45102 Mocejón;Total;1999;4146
45;Toledo;45102 Mocejón;Total;1998;4124
45;Toledo;45102 Mocejón;Total;1997;
45;Toledo;45102 Mocejón;Total;1996;4032
45;Toledo;45102 Mocejón;Hombres;2023;2539
45;Toledo;45102 Mocejón;Hombres;2022;2501
45;Toledo;45102 Mocejón;Hombres;2021;2512
45;Toledo;45102 Mocejón;Hombres;2020;2488
45;Toledo;45102 Mocejón;Hombres;2019;2456
45;Toledo;45102 Mocejón;Hombres;2018;2436
45;Toledo;45102 Mocejón;Hombres;2017;2442
45;Toledo;45102 Mocejón;Hombres;2016;2458
45;Toledo;45102 Mocejón;Hombres;2015;2466
45;Toledo;45102 Mocejón;Hombres;2014;2455
45;Toledo;45102 Mocejón;Hombres;2013;2530
45;Toledo;45102 Mocejón;Hombres;2012;2573
45;Toledo;45102 Mocejón;Hombres;2011;2535
45;Toledo;45102 Mocejón;Hombres;2010;2541
45;Toledo;45102 Mocejón;Hombres;2009;2554
45;Toledo;45102 Mocejón;Hombres;2008;2517
45;Toledo;45102 Mocejón;Hombres;2007;2397
45;Toledo;45102 Mocejón;Hombres;2006;2334
45;Toledo;45102 Mocejón;Hombres;2005;2323
45;Toledo;45102 Mocejón;Hombres;2004;2242
45;Toledo;45102 Mocejón;Hombres;2003;2199
45;Toledo;45102 Mocejón;Hombres;2002;2169
45;Toledo;45102 Mocejón;Hombres;2001;2150
45;Toledo;45102 Mocejón;Hombres;2000;2137
45;Toledo;45102 Mocejón;Hombres;1999;2123
45;Toledo;45102 Mocejón;Hombres;1998;2101
45;Toledo;45102 Mocejón;Hombres;1997;
45;Toledo;45102 Mocejón;Hombres;1996;2030
45;Toledo;45102 Mocejón;Mujeres;2023;2530
45;Toledo;45102 Mocejón;Mujeres;2022;2503
45;Toledo;45102 Mocejón;Mujeres;2021;2497
45;Toledo;45102 Mocejón;Mujeres;2020;2475
45;Toledo;45102 Mocejón;Mujeres;2019;2419
45;Toledo;45102 Mocejón;Mujeres;2018;2393
45;Toledo;45102 Mocejón;Mujeres;2017;2388
45;Toledo;45102 Mocejón;Mujeres;2016;2386
45;Toledo;45102 Mocejón;Mujeres;2015;2408
45;Toledo;45102 Mocejón;Mujeres;2014;2387
45;Toledo;45102 Mocejón;Mujeres;2013;2428
45;Toledo;45102 Mocejón;Mujeres;2012;2430
45;Toledo;45102 Mocejón;Mujeres;2011;2373
45;Toledo;45102 Mocejón;Mujeres;2010;2354
45;Toledo;45102 Mocejón;Mujeres;2009;2368
45;Toledo;45102 Mocejón;Mujeres;2008;2343
45;Toledo;45102 Mocejón;Mujeres;2007;2258
45;Toledo;45102 Mocejón;Mujeres;2006;2205
45;Toledo;45102 Mocejón;Mujeres;2005;2180
45;Toledo;45102 Mocejón;Mujeres;2004;2128
45;Toledo;45102 Mocejón;Mujeres;2003;2078
45;Toledo;45102 Mocejón;Mujeres;2002;2066
45;Toledo;45102 Mocejón;Mujeres;2001;2022
45;Toledo;45102 Mocejón;Mujeres;2000;2020
45;Toledo;45102 Mocejón;Mujeres;1999;2023
45;Toledo;45102 Mocejón;Mujeres;1998;2023
45;Toledo;45102 Mocejón;Mujeres;1997;
45;Toledo;45102 Mocejón;Mujeres;1996;2002
45;Toledo;45103 Mohedas de la Jara;Total;2023;394
45;Toledo;45103 Mohedas de la Jara;Total;2022;389
45;Toledo;45103 Mohedas de la Jara;Total;2021;399
45;Toledo;45103 Mohedas de la Jara;Total;2020;400
45;Toledo;45103 Mohedas de la Jara;Total;2019;402
45;Toledo;45103 Mohedas de la Jara;Total;2018;407
45;Toledo;45103 Mohedas de la Jara;Total;2017;420
45;Toledo;45103 Mohedas de la Jara;Total;2016;436
45;Toledo;45103 Mohedas de la Jara;Total;2015;453
45;Toledo;45103 Mohedas de la Jara;Total;2014;457
45;Toledo;45103 Mohedas de la Jara;Total;2013;483
45;Toledo;45103 Mohedas de la Jara;Total;2012;491
45;Toledo;45103 Mohedas de la Jara;Total;2011;496
45;Toledo;45103 Mohedas de la Jara;Total;2010;499
45;Toledo;45103 Mohedas de la Jara;Total;2009;502
45;Toledo;45103 Mohedas de la Jara;Total;2008;513
45;Toledo;45103 Mohedas de la Jara;Total;2007;518
45;Toledo;45103 Mohedas de la Jara;Total;2006;522
45;Toledo;45103 Mohedas de la Jara;Total;2005;539
45;Toledo;45103 Mohedas de la Jara;Total;2004;562
45;Toledo;45103 Mohedas de la Jara;Total;2003;556
45;Toledo;45103 Mohedas de la Jara;Total;2002;578
45;Toledo;45103 Mohedas de la Jara;Total;2001;605
45;Toledo;45103 Mohedas de la Jara;Total;2000;616
45;Toledo;45103 Mohedas de la Jara;Total;1999;623
45;Toledo;45103 Mohedas de la Jara;Total;1998;633
45;Toledo;45103 Mohedas de la Jara;Total;1997;
45;Toledo;45103 Mohedas de la Jara;Total;1996;651
45;Toledo;45103 Mohedas de la Jara;Hombres;2023;210
45;Toledo;45103 Mohedas de la Jara;Hombres;2022;209
45;Toledo;45103 Mohedas de la Jara;Hombres;2021;218
45;Toledo;45103 Mohedas de la Jara;Hombres;2020;222
45;Toledo;45103 Mohedas de la Jara;Hombres;2019;222
45;Toledo;45103 Mohedas de la Jara;Hombres;2018;226
45;Toledo;45103 Mohedas de la Jara;Hombres;2017;233
45;Toledo;45103 Mohedas de la Jara;Hombres;2016;241
45;Toledo;45103 Mohedas de la Jara;Hombres;2015;248
45;Toledo;45103 Mohedas de la Jara;Hombres;2014;247
45;Toledo;45103 Mohedas de la Jara;Hombres;2013;266
45;Toledo;45103 Mohedas de la Jara;Hombres;2012;270
45;Toledo;45103 Mohedas de la Jara;Hombres;2011;271
45;Toledo;45103 Mohedas de la Jara;Hombres;2010;271
45;Toledo;45103 Mohedas de la Jara;Hombres;2009;270
45;Toledo;45103 Mohedas de la Jara;Hombres;2008;277
45;Toledo;45103 Mohedas de la Jara;Hombres;2007;274
45;Toledo;45103 Mohedas de la Jara;Hombres;2006;276
45;Toledo;45103 Mohedas de la Jara;Hombres;2005;285
45;Toledo;45103 Mohedas de la Jara;Hombres;2004;298
45;Toledo;45103 Mohedas de la Jara;Hombres;2003;293
45;Toledo;45103 Mohedas de la Jara;Hombres;2002;302
45;Toledo;45103 Mohedas de la Jara;Hombres;2001;315
45;Toledo;45103 Mohedas de la Jara;Hombres;2000;314
45;Toledo;45103 Mohedas de la Jara;Hombres;1999;319
45;Toledo;45103 Mohedas de la Jara;Hombres;1998;324
45;Toledo;45103 Mohedas de la Jara;Hombres;1997;
45;Toledo;45103 Mohedas de la Jara;Hombres;1996;335
45;Toledo;45103 Mohedas de la Jara;Mujeres;2023;184
45;Toledo;45103 Mohedas de la Jara;Mujeres;2022;180
45;Toledo;45103 Mohedas de la Jara;Mujeres;2021;181
45;Toledo;45103 Mohedas de la Jara;Mujeres;2020;178
45;Toledo;45103 Mohedas de la Jara;Mujeres;2019;180
45;Toledo;45103 Mohedas de la Jara;Mujeres;2018;181
45;Toledo;45103 Mohedas de la Jara;Mujeres;2017;187
45;Toledo;45103 Mohedas de la Jara;Mujeres;2016;195
45;Toledo;45103 Mohedas de la Jara;Mujeres;2015;205
45;Toledo;45103 Mohedas de la Jara;Mujeres;2014;210
45;Toledo;45103 Mohedas de la Jara;Mujeres;2013;217
45;Toledo;45103 Mohedas de la Jara;Mujeres;2012;221
45;Toledo;45103 Mohedas de la Jara;Mujeres;2011;225
45;Toledo;45103 Mohedas de la Jara;Mujeres;2010;228
45;Toledo;45103 Mohedas de la Jara;Mujeres;2009;232
45;Toledo;45103 Mohedas de la Jara;Mujeres;2008;236
45;Toledo;45103 Mohedas de la Jara;Mujeres;2007;244
45;Toledo;45103 Mohedas de la Jara;Mujeres;2006;246
45;Toledo;45103 Mohedas de la Jara;Mujeres;2005;254
45;Toledo;45103 Mohedas de la Jara;Mujeres;2004;264
45;Toledo;45103 Mohedas de la Jara;Mujeres;2003;263
45;Toledo;45103 Mohedas de la Jara;Mujeres;2002;276
45;Toledo;45103 Mohedas de la Jara;Mujeres;2001;290
45;Toledo;45103 Mohedas de la Jara;Mujeres;2000;302
45;Toledo;45103 Mohedas de la Jara;Mujeres;1999;304
45;Toledo;45103 Mohedas de la Jara;Mujeres;1998;309
45;Toledo;45103 Mohedas de la Jara;Mujeres;1997;
45;Toledo;45103 Mohedas de la Jara;Mujeres;1996;316
45;Toledo;45104 Montearagón;Total;2023;573
45;Toledo;45104 Montearagón;Total;2022;533
45;Toledo;45104 Montearagón;Total;2021;522
45;Toledo;45104 Montearagón;Total;2020;518
45;Toledo;45104 Montearagón;Total;2019;525
45;Toledo;45104 Montearagón;Total;2018;506
45;Toledo;45104 Montearagón;Total;2017;520
45;Toledo;45104 Montearagón;Total;2016;522
45;Toledo;45104 Montearagón;Total;2015;554
45;Toledo;45104 Montearagón;Total;2014;545
45;Toledo;45104 Montearagón;Total;2013;554
45;Toledo;45104 Montearagón;Total;2012;555
45;Toledo;45104 Montearagón;Total;2011;569
45;Toledo;45104 Montearagón;Total;2010;579
45;Toledo;45104 Montearagón;Total;2009;575
45;Toledo;45104 Montearagón;Total;2008;568
45;Toledo;45104 Montearagón;Total;2007;556
45;Toledo;45104 Montearagón;Total;2006;549
45;Toledo;45104 Montearagón;Total;2005;507
45;Toledo;45104 Montearagón;Total;2004;479
45;Toledo;45104 Montearagón;Total;2003;456
45;Toledo;45104 Montearagón;Total;2002;463
45;Toledo;45104 Montearagón;Total;2001;439
45;Toledo;45104 Montearagón;Total;2000;441
45;Toledo;45104 Montearagón;Total;1999;440
45;Toledo;45104 Montearagón;Total;1998;449
45;Toledo;45104 Montearagón;Total;1997;
45;Toledo;45104 Montearagón;Total;1996;479
45;Toledo;45104 Montearagón;Hombres;2023;307
45;Toledo;45104 Montearagón;Hombres;2022;284
45;Toledo;45104 Montearagón;Hombres;2021;273
45;Toledo;45104 Montearagón;Hombres;2020;274
45;Toledo;45104 Montearagón;Hombres;2019;279
45;Toledo;45104 Montearagón;Hombres;2018;268
45;Toledo;45104 Montearagón;Hombres;2017;270
45;Toledo;45104 Montearagón;Hombres;2016;275
45;Toledo;45104 Montearagón;Hombres;2015;288
45;Toledo;45104 Montearagón;Hombres;2014;283
45;Toledo;45104 Montearagón;Hombres;2013;287
45;Toledo;45104 Montearagón;Hombres;2012;285
45;Toledo;45104 Montearagón;Hombres;2011;290
45;Toledo;45104 Montearagón;Hombres;2010;293
45;Toledo;45104 Montearagón;Hombres;2009;289
45;Toledo;45104 Montearagón;Hombres;2008;288
45;Toledo;45104 Montearagón;Hombres;2007;285
45;Toledo;45104 Montearagón;Hombres;2006;288
45;Toledo;45104 Montearagón;Hombres;2005;267
45;Toledo;45104 Montearagón;Hombres;2004;249
45;Toledo;45104 Montearagón;Hombres;2003;240
45;Toledo;45104 Montearagón;Hombres;2002;240
45;Toledo;45104 Montearagón;Hombres;2001;229
45;Toledo;45104 Montearagón;Hombres;2000;232
45;Toledo;45104 Montearagón;Hombres;1999;228
45;Toledo;45104 Montearagón;Hombres;1998;233
45;Toledo;45104 Montearagón;Hombres;1997;
45;Toledo;45104 Montearagón;Hombres;1996;244
45;Toledo;45104 Montearagón;Mujeres;2023;266
45;Toledo;45104 Montearagón;Mujeres;2022;249
45;Toledo;45104 Montearagón;Mujeres;2021;249
45;Toledo;45104 Montearagón;Mujeres;2020;244
45;Toledo;45104 Montearagón;Mujeres;2019;246
45;Toledo;45104 Montearagón;Mujeres;2018;238
45;Toledo;45104 Montearagón;Mujeres;2017;250
45;Toledo;45104 Montearagón;Mujeres;2016;247
45;Toledo;45104 Montearagón;Mujeres;2015;266
45;Toledo;45104 Montearagón;Mujeres;2014;262
45;Toledo;45104 Montearagón;Mujeres;2013;267
45;Toledo;45104 Montearagón;Mujeres;2012;270
45;Toledo;45104 Montearagón;Mujeres;2011;279
45;Toledo;45104 Montearagón;Mujeres;2010;286
45;Toledo;45104 Montearagón;Mujeres;2009;286
45;Toledo;45104 Montearagón;Mujeres;2008;280
45;Toledo;45104 Montearagón;Mujeres;2007;271
45;Toledo;45104 Montearagón;Mujeres;2006;261
45;Toledo;45104 Montearagón;Mujeres;2005;240
45;Toledo;45104 Montearagón;Mujeres;2004;230
45;Toledo;45104 Montearagón;Mujeres;2003;216
45;Toledo;45104 Montearagón;Mujeres;2002;223
45;Toledo;45104 Montearagón;Mujeres;2001;210
45;Toledo;45104 Montearagón;Mujeres;2000;209
45;Toledo;45104 Montearagón;Mujeres;1999;212
45;Toledo;45104 Montearagón;Mujeres;1998;216
45;Toledo;45104 Montearagón;Mujeres;1997;
45;Toledo;45104 Montearagón;Mujeres;1996;235
45;Toledo;45105 Montesclaros;Total;2023;381
45;Toledo;45105 Montesclaros;Total;2022;384
45;Toledo;45105 Montesclaros;Total;2021;389
45;Toledo;45105 Montesclaros;Total;2020;393
45;Toledo;45105 Montesclaros;Total;2019;406
45;Toledo;45105 Montesclaros;Total;2018;408
45;Toledo;45105 Montesclaros;Total;2017;417
45;Toledo;45105 Montesclaros;Total;2016;426
45;Toledo;45105 Montesclaros;Total;2015;440
45;Toledo;45105 Montesclaros;Total;2014;445
45;Toledo;45105 Montesclaros;Total;2013;446
45;Toledo;45105 Montesclaros;Total;2012;455
45;Toledo;45105 Montesclaros;Total;2011;448
45;Toledo;45105 Montesclaros;Total;2010;447
45;Toledo;45105 Montesclaros;Total;2009;434
45;Toledo;45105 Montesclaros;Total;2008;395
45;Toledo;45105 Montesclaros;Total;2007;398
45;Toledo;45105 Montesclaros;Total;2006;406
45;Toledo;45105 Montesclaros;Total;2005;409
45;Toledo;45105 Montesclaros;Total;2004;423
45;Toledo;45105 Montesclaros;Total;2003;417
45;Toledo;45105 Montesclaros;Total;2002;414
45;Toledo;45105 Montesclaros;Total;2001;439
45;Toledo;45105 Montesclaros;Total;2000;463
45;Toledo;45105 Montesclaros;Total;1999;471
45;Toledo;45105 Montesclaros;Total;1998;465
45;Toledo;45105 Montesclaros;Total;1997;
45;Toledo;45105 Montesclaros;Total;1996;483
45;Toledo;45105 Montesclaros;Hombres;2023;201
45;Toledo;45105 Montesclaros;Hombres;2022;197
45;Toledo;45105 Montesclaros;Hombres;2021;203
45;Toledo;45105 Montesclaros;Hombres;2020;208
45;Toledo;45105 Montesclaros;Hombres;2019;217
45;Toledo;45105 Montesclaros;Hombres;2018;218
45;Toledo;45105 Montesclaros;Hombres;2017;224
45;Toledo;45105 Montesclaros;Hombres;2016;228
45;Toledo;45105 Montesclaros;Hombres;2015;236
45;Toledo;45105 Montesclaros;Hombres;2014;238
45;Toledo;45105 Montesclaros;Hombres;2013;238
45;Toledo;45105 Montesclaros;Hombres;2012;233
45;Toledo;45105 Montesclaros;Hombres;2011;235
45;Toledo;45105 Montesclaros;Hombres;2010;237
45;Toledo;45105 Montesclaros;Hombres;2009;228
45;Toledo;45105 Montesclaros;Hombres;2008;211
45;Toledo;45105 Montesclaros;Hombres;2007;213
45;Toledo;45105 Montesclaros;Hombres;2006;214
45;Toledo;45105 Montesclaros;Hombres;2005;211
45;Toledo;45105 Montesclaros;Hombres;2004;220
45;Toledo;45105 Montesclaros;Hombres;2003;217
45;Toledo;45105 Montesclaros;Hombres;2002;216
45;Toledo;45105 Montesclaros;Hombres;2001;226
45;Toledo;45105 Montesclaros;Hombres;2000;236
45;Toledo;45105 Montesclaros;Hombres;1999;239
45;Toledo;45105 Montesclaros;Hombres;1998;232
45;Toledo;45105 Montesclaros;Hombres;1997;
45;Toledo;45105 Montesclaros;Hombres;1996;236
45;Toledo;45105 Montesclaros;Mujeres;2023;180
45;Toledo;45105 Montesclaros;Mujeres;2022;187
45;Toledo;45105 Montesclaros;Mujeres;2021;186
45;Toledo;45105 Montesclaros;Mujeres;2020;185
45;Toledo;45105 Montesclaros;Mujeres;2019;189
45;Toledo;45105 Montesclaros;Mujeres;2018;190
45;Toledo;45105 Montesclaros;Mujeres;2017;193
45;Toledo;45105 Montesclaros;Mujeres;2016;198
45;Toledo;45105 Montesclaros;Mujeres;2015;204
45;Toledo;45105 Montesclaros;Mujeres;2014;207
45;Toledo;45105 Montesclaros;Mujeres;2013;208
45;Toledo;45105 Montesclaros;Mujeres;2012;222
45;Toledo;45105 Montesclaros;Mujeres;2011;213
45;Toledo;45105 Montesclaros;Mujeres;2010;210
45;Toledo;45105 Montesclaros;Mujeres;2009;206
45;Toledo;45105 Montesclaros;Mujeres;2008;184
45;Toledo;45105 Montesclaros;Mujeres;2007;185
45;Toledo;45105 Montesclaros;Mujeres;2006;192
45;Toledo;45105 Montesclaros;Mujeres;2005;198
45;Toledo;45105 Montesclaros;Mujeres;2004;203
45;Toledo;45105 Montesclaros;Mujeres;2003;200
45;Toledo;45105 Montesclaros;Mujeres;2002;198
45;Toledo;45105 Montesclaros;Mujeres;2001;213
45;Toledo;45105 Montesclaros;Mujeres;2000;227
45;Toledo;45105 Montesclaros;Mujeres;1999;232
45;Toledo;45105 Montesclaros;Mujeres;1998;233
45;Toledo;45105 Montesclaros;Mujeres;1997;
45;Toledo;45105 Montesclaros;Mujeres;1996;247
45;Toledo;45106 Mora;Total;2023;9782
45;Toledo;45106 Mora;Total;2022;9796
45;Toledo;45106 Mora;Total;2021;9781
45;Toledo;45106 Mora;Total;2020;9819
45;Toledo;45106 Mora;Total;2019;9718
45;Toledo;45106 Mora;Total;2018;9737
45;Toledo;45106 Mora;Total;2017;9853
45;Toledo;45106 Mora;Total;2016;9897
45;Toledo;45106 Mora;Total;2015;10077
45;Toledo;45106 Mora;Total;2014;10315
45;Toledo;45106 Mora;Total;2013;10433
45;Toledo;45106 Mora;Total;2012;10466
45;Toledo;45106 Mora;Total;2011;10547
45;Toledo;45106 Mora;Total;2010;10516
45;Toledo;45106 Mora;Total;2009;10554
45;Toledo;45106 Mora;Total;2008;10536
45;Toledo;45106 Mora;Total;2007;10317
45;Toledo;45106 Mora;Total;2006;10072
45;Toledo;45106 Mora;Total;2005;9884
45;Toledo;45106 Mora;Total;2004;9814
45;Toledo;45106 Mora;Total;2003;9722
45;Toledo;45106 Mora;Total;2002;9587
45;Toledo;45106 Mora;Total;2001;9519
45;Toledo;45106 Mora;Total;2000;9371
45;Toledo;45106 Mora;Total;1999;9352
45;Toledo;45106 Mora;Total;1998;9339
45;Toledo;45106 Mora;Total;1997;
45;Toledo;45106 Mora;Total;1996;9312
45;Toledo;45106 Mora;Hombres;2023;4914
45;Toledo;45106 Mora;Hombres;2022;4921
45;Toledo;45106 Mora;Hombres;2021;4902
45;Toledo;45106 Mora;Hombres;2020;4918
45;Toledo;45106 Mora;Hombres;2019;4875
45;Toledo;45106 Mora;Hombres;2018;4889
45;Toledo;45106 Mora;Hombres;2017;4946
45;Toledo;45106 Mora;Hombres;2016;4968
45;Toledo;45106 Mora;Hombres;2015;5080
45;Toledo;45106 Mora;Hombres;2014;5227
45;Toledo;45106 Mora;Hombres;2013;5321
45;Toledo;45106 Mora;Hombres;2012;5335
45;Toledo;45106 Mora;Hombres;2011;5358
45;Toledo;45106 Mora;Hombres;2010;5350
45;Toledo;45106 Mora;Hombres;2009;5398
45;Toledo;45106 Mora;Hombres;2008;5420
45;Toledo;45106 Mora;Hombres;2007;5239
45;Toledo;45106 Mora;Hombres;2006;5094
45;Toledo;45106 Mora;Hombres;2005;4979
45;Toledo;45106 Mora;Hombres;2004;4919
45;Toledo;45106 Mora;Hombres;2003;4868
45;Toledo;45106 Mora;Hombres;2002;4785
45;Toledo;45106 Mora;Hombres;2001;4741
45;Toledo;45106 Mora;Hombres;2000;4625
45;Toledo;45106 Mora;Hombres;1999;4609
45;Toledo;45106 Mora;Hombres;1998;4596
45;Toledo;45106 Mora;Hombres;1997;
45;Toledo;45106 Mora;Hombres;1996;4566
45;Toledo;45106 Mora;Mujeres;2023;4868
45;Toledo;45106 Mora;Mujeres;2022;4875
45;Toledo;45106 Mora;Mujeres;2021;4879
45;Toledo;45106 Mora;Mujeres;2020;4901
45;Toledo;45106 Mora;Mujeres;2019;4843
45;Toledo;45106 Mora;Mujeres;2018;4848
45;Toledo;45106 Mora;Mujeres;2017;4907
45;Toledo;45106 Mora;Mujeres;2016;4929
45;Toledo;45106 Mora;Mujeres;2015;4997
45;Toledo;45106 Mora;Mujeres;2014;5088
45;Toledo;45106 Mora;Mujeres;2013;5112
45;Toledo;45106 Mora;Mujeres;2012;5131
45;Toledo;45106 Mora;Mujeres;2011;5189
45;Toledo;45106 Mora;Mujeres;2010;5166
45;Toledo;45106 Mora;Mujeres;2009;5156
45;Toledo;45106 Mora;Mujeres;2008;5116
45;Toledo;45106 Mora;Mujeres;2007;5078
45;Toledo;45106 Mora;Mujeres;2006;4978
45;Toledo;45106 Mora;Mujeres;2005;4905
45;Toledo;45106 Mora;Mujeres;2004;4895
45;Toledo;45106 Mora;Mujeres;2003;4854
45;Toledo;45106 Mora;Mujeres;2002;4802
45;Toledo;45106 Mora;Mujeres;2001;4778
45;Toledo;45106 Mora;Mujeres;2000;4746
45;Toledo;45106 Mora;Mujeres;1999;4743
45;Toledo;45106 Mora;Mujeres;1998;4743
45;Toledo;45106 Mora;Mujeres;1997;
45;Toledo;45106 Mora;Mujeres;1996;4746
45;Toledo;45107 Nambroca;Total;2023;5151
45;Toledo;45107 Nambroca;Total;2022;5020
45;Toledo;45107 Nambroca;Total;2021;4954
45;Toledo;45107 Nambroca;Total;2020;4862
45;Toledo;45107 Nambroca;Total;2019;4732
45;Toledo;45107 Nambroca;Total;2018;4610
45;Toledo;45107 Nambroca;Total;2017;4557
45;Toledo;45107 Nambroca;Total;2016;4524
45;Toledo;45107 Nambroca;Total;2015;4442
45;Toledo;45107 Nambroca;Total;2014;4386
45;Toledo;45107 Nambroca;Total;2013;4257
45;Toledo;45107 Nambroca;Total;2012;4298
45;Toledo;45107 Nambroca;Total;2011;4121
45;Toledo;45107 Nambroca;Total;2010;3838
45;Toledo;45107 Nambroca;Total;2009;3666
45;Toledo;45107 Nambroca;Total;2008;3415
45;Toledo;45107 Nambroca;Total;2007;3090
45;Toledo;45107 Nambroca;Total;2006;2967
45;Toledo;45107 Nambroca;Total;2005;2898
45;Toledo;45107 Nambroca;Total;2004;2876
45;Toledo;45107 Nambroca;Total;2003;2818
45;Toledo;45107 Nambroca;Total;2002;2794
45;Toledo;45107 Nambroca;Total;2001;2693
45;Toledo;45107 Nambroca;Total;2000;2603
45;Toledo;45107 Nambroca;Total;1999;2539
45;Toledo;45107 Nambroca;Total;1998;2508
45;Toledo;45107 Nambroca;Total;1997;
45;Toledo;45107 Nambroca;Total;1996;2342
45;Toledo;45107 Nambroca;Hombres;2023;2616
45;Toledo;45107 Nambroca;Hombres;2022;2556
45;Toledo;45107 Nambroca;Hombres;2021;2530
45;Toledo;45107 Nambroca;Hombres;2020;2498
45;Toledo;45107 Nambroca;Hombres;2019;2439
45;Toledo;45107 Nambroca;Hombres;2018;2361
45;Toledo;45107 Nambroca;Hombres;2017;2346
45;Toledo;45107 Nambroca;Hombres;2016;2320
45;Toledo;45107 Nambroca;Hombres;2015;2271
45;Toledo;45107 Nambroca;Hombres;2014;2241
45;Toledo;45107 Nambroca;Hombres;2013;2199
45;Toledo;45107 Nambroca;Hombres;2012;2217
45;Toledo;45107 Nambroca;Hombres;2011;2126
45;Toledo;45107 Nambroca;Hombres;2010;1977
45;Toledo;45107 Nambroca;Hombres;2009;1895
45;Toledo;45107 Nambroca;Hombres;2008;1770
45;Toledo;45107 Nambroca;Hombres;2007;1614
45;Toledo;45107 Nambroca;Hombres;2006;1561
45;Toledo;45107 Nambroca;Hombres;2005;1510
45;Toledo;45107 Nambroca;Hombres;2004;1476
45;Toledo;45107 Nambroca;Hombres;2003;1433
45;Toledo;45107 Nambroca;Hombres;2002;1421
45;Toledo;45107 Nambroca;Hombres;2001;1384
45;Toledo;45107 Nambroca;Hombres;2000;1321
45;Toledo;45107 Nambroca;Hombres;1999;1280
45;Toledo;45107 Nambroca;Hombres;1998;1259
45;Toledo;45107 Nambroca;Hombres;1997;
45;Toledo;45107 Nambroca;Hombres;1996;1154
45;Toledo;45107 Nambroca;Mujeres;2023;2535
45;Toledo;45107 Nambroca;Mujeres;2022;2464
45;Toledo;45107 Nambroca;Mujeres;2021;2424
45;Toledo;45107 Nambroca;Mujeres;2020;2364
45;Toledo;45107 Nambroca;Mujeres;2019;2293
45;Toledo;45107 Nambroca;Mujeres;2018;2249
45;Toledo;45107 Nambroca;Mujeres;2017;2211
45;Toledo;45107 Nambroca;Mujeres;2016;2204
45;Toledo;45107 Nambroca;Mujeres;2015;2171
45;Toledo;45107 Nambroca;Mujeres;2014;2145
45;Toledo;45107 Nambroca;Mujeres;2013;2058
45;Toledo;45107 Nambroca;Mujeres;2012;2081
45;Toledo;45107 Nambroca;Mujeres;2011;1995
45;Toledo;45107 Nambroca;Mujeres;2010;1861
45;Toledo;45107 Nambroca;Mujeres;2009;1771
45;Toledo;45107 Nambroca;Mujeres;2008;1645
45;Toledo;45107 Nambroca;Mujeres;2007;1476
45;Toledo;45107 Nambroca;Mujeres;2006;1406
45;Toledo;45107 Nambroca;Mujeres;2005;1388
45;Toledo;45107 Nambroca;Mujeres;2004;1400
45;Toledo;45107 Nambroca;Mujeres;2003;1385
45;Toledo;45107 Nambroca;Mujeres;2002;1373
45;Toledo;45107 Nambroca;Mujeres;2001;1309
45;Toledo;45107 Nambroca;Mujeres;2000;1282
45;Toledo;45107 Nambroca;Mujeres;1999;1259
45;Toledo;45107 Nambroca;Mujeres;1998;1249
45;Toledo;45107 Nambroca;Mujeres;1997;
45;Toledo;45107 Nambroca;Mujeres;1996;1188
45;Toledo;45108 Nava de Ricomalillo, La;Total;2023;496
45;Toledo;45108 Nava de Ricomalillo, La;Total;2022;493
45;Toledo;45108 Nava de Ricomalillo, La;Total;2021;521
45;Toledo;45108 Nava de Ricomalillo, La;Total;2020;519
45;Toledo;45108 Nava de Ricomalillo, La;Total;2019;535
45;Toledo;45108 Nava de Ricomalillo, La;Total;2018;538
45;Toledo;45108 Nava de Ricomalillo, La;Total;2017;565
45;Toledo;45108 Nava de Ricomalillo, La;Total;2016;570
45;Toledo;45108 Nava de Ricomalillo, La;Total;2015;597
45;Toledo;45108 Nava de Ricomalillo, La;Total;2014;594
45;Toledo;45108 Nava de Ricomalillo, La;Total;2013;622
45;Toledo;45108 Nava de Ricomalillo, La;Total;2012;635
45;Toledo;45108 Nava de Ricomalillo, La;Total;2011;671
45;Toledo;45108 Nava de Ricomalillo, La;Total;2010;650
45;Toledo;45108 Nava de Ricomalillo, La;Total;2009;639
45;Toledo;45108 Nava de Ricomalillo, La;Total;2008;647
45;Toledo;45108 Nava de Ricomalillo, La;Total;2007;679
45;Toledo;45108 Nava de Ricomalillo, La;Total;2006;702
45;Toledo;45108 Nava de Ricomalillo, La;Total;2005;693
45;Toledo;45108 Nava de Ricomalillo, La;Total;2004;664
45;Toledo;45108 Nava de Ricomalillo, La;Total;2003;700
45;Toledo;45108 Nava de Ricomalillo, La;Total;2002;718
45;Toledo;45108 Nava de Ricomalillo, La;Total;2001;708
45;Toledo;45108 Nava de Ricomalillo, La;Total;2000;718
45;Toledo;45108 Nava de Ricomalillo, La;Total;1999;743
45;Toledo;45108 Nava de Ricomalillo, La;Total;1998;742
45;Toledo;45108 Nava de Ricomalillo, La;Total;1997;
45;Toledo;45108 Nava de Ricomalillo, La;Total;1996;775
45;Toledo;45108 Nava de Ricomalillo, La;Hombres;2023;261
45;Toledo;45108 Nava de Ricomalillo, La;Hombres;2022;262
45;Toledo;45108 Nava de Ricomalillo, La;Hombres;2021;276
45;Toledo;45108 Nava de Ricomalillo, La;Hombres;2020;274
45;Toledo;45108 Nava de Ricomalillo, La;Hombres;2019;274
45;Toledo;45108 Nava de Ricomalillo, La;Hombres;2018;278
45;Toledo;45108 Nava de Ricomalillo, La;Hombres;2017;294
45;Toledo;45108 Nava de Ricomalillo, La;Hombres;2016;292
45;Toledo;45108 Nava de Ricomalillo, La;Hombres;2015;303
45;Toledo;45108 Nava de Ricomalillo, La;Hombres;2014;302
45;Toledo;45108 Nava de Ricomalillo, La;Hombres;2013;319
45;Toledo;45108 Nava de Ricomalillo, La;Hombres;2012;330
45;Toledo;45108 Nava de Ricomalillo, La;Hombres;2011;347
45;Toledo;45108 Nava de Ricomalillo, La;Hombres;2010;329
45;Toledo;45108 Nava de Ricomalillo, La;Hombres;2009;318
45;Toledo;45108 Nava de Ricomalillo, La;Hombres;2008;326
45;Toledo;45108 Nava de Ricomalillo, La;Hombres;2007;343
45;Toledo;45108 Nava de Ricomalillo, La;Hombres;2006;359
45;Toledo;45108 Nava de Ricomalillo, La;Hombres;2005;356
45;Toledo;45108 Nava de Ricomalillo, La;Hombres;2004;338
45;Toledo;45108 Nava de Ricomalillo, La;Hombres;2003;352
45;Toledo;45108 Nava de Ricomalillo, La;Hombres;2002;363
45;Toledo;45108 Nava de Ricomalillo, La;Hombres;2001;361
45;Toledo;45108 Nava de Ricomalillo, La;Hombres;2000;361
45;Toledo;45108 Nava de Ricomalillo, La;Hombres;1999;373
45;Toledo;45108 Nava de Ricomalillo, La;Hombres;1998;375
45;Toledo;45108 Nava de Ricomalillo, La;Hombres;1997;
45;Toledo;45108 Nava de Ricomalillo, La;Hombres;1996;391
45;Toledo;45108 Nava de Ricomalillo, La;Mujeres;2023;235
45;Toledo;45108 Nava de Ricomalillo, La;Mujeres;2022;231
45;Toledo;45108 Nava de Ricomalillo, La;Mujeres;2021;245
45;Toledo;45108 Nava de Ricomalillo, La;Mujeres;2020;245
45;Toledo;45108 Nava de Ricomalillo, La;Mujeres;2019;261
45;Toledo;45108 Nava de Ricomalillo, La;Mujeres;2018;260
45;Toledo;45108 Nava de Ricomalillo, La;Mujeres;2017;271
45;Toledo;45108 Nava de Ricomalillo, La;Mujeres;2016;278
45;Toledo;45108 Nava de Ricomalillo, La;Mujeres;2015;294
45;Toledo;45108 Nava de Ricomalillo, La;Mujeres;2014;292
45;Toledo;45108 Nava de Ricomalillo, La;Mujeres;2013;303
45;Toledo;45108 Nava de Ricomalillo, La;Mujeres;2012;305
45;Toledo;45108 Nava de Ricomalillo, La;Mujeres;2011;324
45;Toledo;45108 Nava de Ricomalillo, La;Mujeres;2010;321
45;Toledo;45108 Nava de Ricomalillo, La;Mujeres;2009;321
45;Toledo;45108 Nava de Ricomalillo, La;Mujeres;2008;321
45;Toledo;45108 Nava de Ricomalillo, La;Mujeres;2007;336
45;Toledo;45108 Nava de Ricomalillo, La;Mujeres;2006;343
45;Toledo;45108 Nava de Ricomalillo, La;Mujeres;2005;337
45;Toledo;45108 Nava de Ricomalillo, La;Mujeres;2004;326
45;Toledo;45108 Nava de Ricomalillo, La;Mujeres;2003;348
45;Toledo;45108 Nava de Ricomalillo, La;Mujeres;2002;355
45;Toledo;45108 Nava de Ricomalillo, La;Mujeres;2001;347
45;Toledo;45108 Nava de Ricomalillo, La;Mujeres;2000;357
45;Toledo;45108 Nava de Ricomalillo, La;Mujeres;1999;370
45;Toledo;45108 Nava de Ricomalillo, La;Mujeres;1998;367
45;Toledo;45108 Nava de Ricomalillo, La;Mujeres;1997;
45;Toledo;45108 Nava de Ricomalillo, La;Mujeres;1996;384
45;Toledo;45109 Navahermosa;Total;2023;3618
45;Toledo;45109 Navahermosa;Total;2022;3586
45;Toledo;45109 Navahermosa;Total;2021;3600
45;Toledo;45109 Navahermosa;Total;2020;3564
45;Toledo;45109 Navahermosa;Total;2019;3609
45;Toledo;45109 Navahermosa;Total;2018;3647
45;Toledo;45109 Navahermosa;Total;2017;3738
45;Toledo;45109 Navahermosa;Total;2016;3818
45;Toledo;45109 Navahermosa;Total;2015;3878
45;Toledo;45109 Navahermosa;Total;2014;3972
45;Toledo;45109 Navahermosa;Total;2013;4102
45;Toledo;45109 Navahermosa;Total;2012;4143
45;Toledo;45109 Navahermosa;Total;2011;4211
45;Toledo;45109 Navahermosa;Total;2010;4289
45;Toledo;45109 Navahermosa;Total;2009;4338
45;Toledo;45109 Navahermosa;Total;2008;4310
45;Toledo;45109 Navahermosa;Total;2007;4204
45;Toledo;45109 Navahermosa;Total;2006;4209
45;Toledo;45109 Navahermosa;Total;2005;4261
45;Toledo;45109 Navahermosa;Total;2004;4152
45;Toledo;45109 Navahermosa;Total;2003;4180
45;Toledo;45109 Navahermosa;Total;2002;4128
45;Toledo;45109 Navahermosa;Total;2001;4027
45;Toledo;45109 Navahermosa;Total;2000;3886
45;Toledo;45109 Navahermosa;Total;1999;3893
45;Toledo;45109 Navahermosa;Total;1998;3893
45;Toledo;45109 Navahermosa;Total;1997;
45;Toledo;45109 Navahermosa;Total;1996;3938
45;Toledo;45109 Navahermosa;Hombres;2023;1894
45;Toledo;45109 Navahermosa;Hombres;2022;1879
45;Toledo;45109 Navahermosa;Hombres;2021;1878
45;Toledo;45109 Navahermosa;Hombres;2020;1849
45;Toledo;45109 Navahermosa;Hombres;2019;1866
45;Toledo;45109 Navahermosa;Hombres;2018;1882
45;Toledo;45109 Navahermosa;Hombres;2017;1913
45;Toledo;45109 Navahermosa;Hombres;2016;1973
45;Toledo;45109 Navahermosa;Hombres;2015;2009
45;Toledo;45109 Navahermosa;Hombres;2014;2059
45;Toledo;45109 Navahermosa;Hombres;2013;2128
45;Toledo;45109 Navahermosa;Hombres;2012;2160
45;Toledo;45109 Navahermosa;Hombres;2011;2203
45;Toledo;45109 Navahermosa;Hombres;2010;2247
45;Toledo;45109 Navahermosa;Hombres;2009;2269
45;Toledo;45109 Navahermosa;Hombres;2008;2265
45;Toledo;45109 Navahermosa;Hombres;2007;2184
45;Toledo;45109 Navahermosa;Hombres;2006;2158
45;Toledo;45109 Navahermosa;Hombres;2005;2229
45;Toledo;45109 Navahermosa;Hombres;2004;2166
45;Toledo;45109 Navahermosa;Hombres;2003;2181
45;Toledo;45109 Navahermosa;Hombres;2002;2149
45;Toledo;45109 Navahermosa;Hombres;2001;2061
45;Toledo;45109 Navahermosa;Hombres;2000;1971
45;Toledo;45109 Navahermosa;Hombres;1999;1993
45;Toledo;45109 Navahermosa;Hombres;1998;1993
45;Toledo;45109 Navahermosa;Hombres;1997;
45;Toledo;45109 Navahermosa;Hombres;1996;2019
45;Toledo;45109 Navahermosa;Mujeres;2023;1724
45;Toledo;45109 Navahermosa;Mujeres;2022;1707
45;Toledo;45109 Navahermosa;Mujeres;2021;1722
45;Toledo;45109 Navahermosa;Mujeres;2020;1715
45;Toledo;45109 Navahermosa;Mujeres;2019;1743
45;Toledo;45109 Navahermosa;Mujeres;2018;1765
45;Toledo;45109 Navahermosa;Mujeres;2017;1825
45;Toledo;45109 Navahermosa;Mujeres;2016;1845
45;Toledo;45109 Navahermosa;Mujeres;2015;1869
45;Toledo;45109 Navahermosa;Mujeres;2014;1913
45;Toledo;45109 Navahermosa;Mujeres;2013;1974
45;Toledo;45109 Navahermosa;Mujeres;2012;1983
45;Toledo;45109 Navahermosa;Mujeres;2011;2008
45;Toledo;45109 Navahermosa;Mujeres;2010;2042
45;Toledo;45109 Navahermosa;Mujeres;2009;2069
45;Toledo;45109 Navahermosa;Mujeres;2008;2045
45;Toledo;45109 Navahermosa;Mujeres;2007;2020
45;Toledo;45109 Navahermosa;Mujeres;2006;2051
45;Toledo;45109 Navahermosa;Mujeres;2005;2032
45;Toledo;45109 Navahermosa;Mujeres;2004;1986
45;Toledo;45109 Navahermosa;Mujeres;2003;1999
45;Toledo;45109 Navahermosa;Mujeres;2002;1979
45;Toledo;45109 Navahermosa;Mujeres;2001;1966
45;Toledo;45109 Navahermosa;Mujeres;2000;1915
45;Toledo;45109 Navahermosa;Mujeres;1999;1900
45;Toledo;45109 Navahermosa;Mujeres;1998;1900
45;Toledo;45109 Navahermosa;Mujeres;1997;
45;Toledo;45109 Navahermosa;Mujeres;1996;1919
45;Toledo;45110 Navalcán;Total;2023;1861
45;Toledo;45110 Navalcán;Total;2022;1888
45;Toledo;45110 Navalcán;Total;2021;1925
45;Toledo;45110 Navalcán;Total;2020;1955
45;Toledo;45110 Navalcán;Total;2019;1985
45;Toledo;45110 Navalcán;Total;2018;2042
45;Toledo;45110 Navalcán;Total;2017;2080
45;Toledo;45110 Navalcán;Total;2016;2137
45;Toledo;45110 Navalcán;Total;2015;2166
45;Toledo;45110 Navalcán;Total;2014;2155
45;Toledo;45110 Navalcán;Total;2013;2307
45;Toledo;45110 Navalcán;Total;2012;2358
45;Toledo;45110 Navalcán;Total;2011;2405
45;Toledo;45110 Navalcán;Total;2010;2391
45;Toledo;45110 Navalcán;Total;2009;2390
45;Toledo;45110 Navalcán;Total;2008;2361
45;Toledo;45110 Navalcán;Total;2007;2312
45;Toledo;45110 Navalcán;Total;2006;2238
45;Toledo;45110 Navalcán;Total;2005;2201
45;Toledo;45110 Navalcán;Total;2004;2182
45;Toledo;45110 Navalcán;Total;2003;2116
45;Toledo;45110 Navalcán;Total;2002;2192
45;Toledo;45110 Navalcán;Total;2001;2231
45;Toledo;45110 Navalcán;Total;2000;2288
45;Toledo;45110 Navalcán;Total;1999;2316
45;Toledo;45110 Navalcán;Total;1998;2362
45;Toledo;45110 Navalcán;Total;1997;
45;Toledo;45110 Navalcán;Total;1996;2403
45;Toledo;45110 Navalcán;Hombres;2023;961
45;Toledo;45110 Navalcán;Hombres;2022;987
45;Toledo;45110 Navalcán;Hombres;2021;1002
45;Toledo;45110 Navalcán;Hombres;2020;1025
45;Toledo;45110 Navalcán;Hombres;2019;1044
45;Toledo;45110 Navalcán;Hombres;2018;1080
45;Toledo;45110 Navalcán;Hombres;2017;1095
45;Toledo;45110 Navalcán;Hombres;2016;1139
45;Toledo;45110 Navalcán;Hombres;2015;1160
45;Toledo;45110 Navalcán;Hombres;2014;1149
45;Toledo;45110 Navalcán;Hombres;2013;1235
45;Toledo;45110 Navalcán;Hombres;2012;1253
45;Toledo;45110 Navalcán;Hombres;2011;1271
45;Toledo;45110 Navalcán;Hombres;2010;1256
45;Toledo;45110 Navalcán;Hombres;2009;1249
45;Toledo;45110 Navalcán;Hombres;2008;1248
45;Toledo;45110 Navalcán;Hombres;2007;1218
45;Toledo;45110 Navalcán;Hombres;2006;1179
45;Toledo;45110 Navalcán;Hombres;2005;1148
45;Toledo;45110 Navalcán;Hombres;2004;1122
45;Toledo;45110 Navalcán;Hombres;2003;1090
45;Toledo;45110 Navalcán;Hombres;2002;1145
45;Toledo;45110 Navalcán;Hombres;2001;1169
45;Toledo;45110 Navalcán;Hombres;2000;1201
45;Toledo;45110 Navalcán;Hombres;1999;1220
45;Toledo;45110 Navalcán;Hombres;1998;1240
45;Toledo;45110 Navalcán;Hombres;1997;
45;Toledo;45110 Navalcán;Hombres;1996;1250
45;Toledo;45110 Navalcán;Mujeres;2023;900
45;Toledo;45110 Navalcán;Mujeres;2022;901
45;Toledo;45110 Navalcán;Mujeres;2021;923
45;Toledo;45110 Navalcán;Mujeres;2020;930
45;Toledo;45110 Navalcán;Mujeres;2019;941
45;Toledo;45110 Navalcán;Mujeres;2018;962
45;Toledo;45110 Navalcán;Mujeres;2017;985
45;Toledo;45110 Navalcán;Mujeres;2016;998
45;Toledo;45110 Navalcán;Mujeres;2015;1006
45;Toledo;45110 Navalcán;Mujeres;2014;1006
45;Toledo;45110 Navalcán;Mujeres;2013;1072
45;Toledo;45110 Navalcán;Mujeres;2012;1105
45;Toledo;45110 Navalcán;Mujeres;2011;1134
45;Toledo;45110 Navalcán;Mujeres;2010;1135
45;Toledo;45110 Navalcán;Mujeres;2009;1141
45;Toledo;45110 Navalcán;Mujeres;2008;1113
45;Toledo;45110 Navalcán;Mujeres;2007;1094
45;Toledo;45110 Navalcán;Mujeres;2006;1059
45;Toledo;45110 Navalcán;Mujeres;2005;1053
45;Toledo;45110 Navalcán;Mujeres;2004;1060
45;Toledo;45110 Navalcán;Mujeres;2003;1026
45;Toledo;45110 Navalcán;Mujeres;2002;1047
45;Toledo;45110 Navalcán;Mujeres;2001;1062
45;Toledo;45110 Navalcán;Mujeres;2000;1087
45;Toledo;45110 Navalcán;Mujeres;1999;1096
45;Toledo;45110 Navalcán;Mujeres;1998;1122
45;Toledo;45110 Navalcán;Mujeres;1997;
45;Toledo;45110 Navalcán;Mujeres;1996;1153
45;Toledo;45111 Navalmoralejo;Total;2023;50
45;Toledo;45111 Navalmoralejo;Total;2022;51
45;Toledo;45111 Navalmoralejo;Total;2021;56
45;Toledo;45111 Navalmoralejo;Total;2020;58
45;Toledo;45111 Navalmoralejo;Total;2019;54
45;Toledo;45111 Navalmoralejo;Total;2018;62
45;Toledo;45111 Navalmoralejo;Total;2017;64
45;Toledo;45111 Navalmoralejo;Total;2016;70
45;Toledo;45111 Navalmoralejo;Total;2015;70
45;Toledo;45111 Navalmoralejo;Total;2014;70
45;Toledo;45111 Navalmoralejo;Total;2013;72
45;Toledo;45111 Navalmoralejo;Total;2012;73
45;Toledo;45111 Navalmoralejo;Total;2011;67
45;Toledo;45111 Navalmoralejo;Total;2010;73
45;Toledo;45111 Navalmoralejo;Total;2009;74
45;Toledo;45111 Navalmoralejo;Total;2008;77
45;Toledo;45111 Navalmoralejo;Total;2007;76
45;Toledo;45111 Navalmoralejo;Total;2006;63
45;Toledo;45111 Navalmoralejo;Total;2005;66
45;Toledo;45111 Navalmoralejo;Total;2004;68
45;Toledo;45111 Navalmoralejo;Total;2003;66
45;Toledo;45111 Navalmoralejo;Total;2002;72
45;Toledo;45111 Navalmoralejo;Total;2001;70
45;Toledo;45111 Navalmoralejo;Total;2000;72
45;Toledo;45111 Navalmoralejo;Total;1999;79
45;Toledo;45111 Navalmoralejo;Total;1998;85
45;Toledo;45111 Navalmoralejo;Total;1997;
45;Toledo;45111 Navalmoralejo;Total;1996;88
45;Toledo;45111 Navalmoralejo;Hombres;2023;26
45;Toledo;45111 Navalmoralejo;Hombres;2022;26
45;Toledo;45111 Navalmoralejo;Hombres;2021;30
45;Toledo;45111 Navalmoralejo;Hombres;2020;30
45;Toledo;45111 Navalmoralejo;Hombres;2019;28
45;Toledo;45111 Navalmoralejo;Hombres;2018;32
45;Toledo;45111 Navalmoralejo;Hombres;2017;34
45;Toledo;45111 Navalmoralejo;Hombres;2016;38
45;Toledo;45111 Navalmoralejo;Hombres;2015;35
45;Toledo;45111 Navalmoralejo;Hombres;2014;35
45;Toledo;45111 Navalmoralejo;Hombres;2013;38
45;Toledo;45111 Navalmoralejo;Hombres;2012;37
45;Toledo;45111 Navalmoralejo;Hombres;2011;34
45;Toledo;45111 Navalmoralejo;Hombres;2010;37
45;Toledo;45111 Navalmoralejo;Hombres;2009;40
45;Toledo;45111 Navalmoralejo;Hombres;2008;39
45;Toledo;45111 Navalmoralejo;Hombres;2007;39
45;Toledo;45111 Navalmoralejo;Hombres;2006;31
45;Toledo;45111 Navalmoralejo;Hombres;2005;32
45;Toledo;45111 Navalmoralejo;Hombres;2004;34
45;Toledo;45111 Navalmoralejo;Hombres;2003;31
45;Toledo;45111 Navalmoralejo;Hombres;2002;33
45;Toledo;45111 Navalmoralejo;Hombres;2001;32
45;Toledo;45111 Navalmoralejo;Hombres;2000;34
45;Toledo;45111 Navalmoralejo;Hombres;1999;37
45;Toledo;45111 Navalmoralejo;Hombres;1998;38
45;Toledo;45111 Navalmoralejo;Hombres;1997;
45;Toledo;45111 Navalmoralejo;Hombres;1996;41
45;Toledo;45111 Navalmoralejo;Mujeres;2023;24
45;Toledo;45111 Navalmoralejo;Mujeres;2022;25
45;Toledo;45111 Navalmoralejo;Mujeres;2021;26
45;Toledo;45111 Navalmoralejo;Mujeres;2020;28
45;Toledo;45111 Navalmoralejo;Mujeres;2019;26
45;Toledo;45111 Navalmoralejo;Mujeres;2018;30
45;Toledo;45111 Navalmoralejo;Mujeres;2017;30
45;Toledo;45111 Navalmoralejo;Mujeres;2016;32
45;Toledo;45111 Navalmoralejo;Mujeres;2015;35
45;Toledo;45111 Navalmoralejo;Mujeres;2014;35
45;Toledo;45111 Navalmoralejo;Mujeres;2013;34
45;Toledo;45111 Navalmoralejo;Mujeres;2012;36
45;Toledo;45111 Navalmoralejo;Mujeres;2011;33
45;Toledo;45111 Navalmoralejo;Mujeres;2010;36
45;Toledo;45111 Navalmoralejo;Mujeres;2009;34
45;Toledo;45111 Navalmoralejo;Mujeres;2008;38
45;Toledo;45111 Navalmoralejo;Mujeres;2007;37
45;Toledo;45111 Navalmoralejo;Mujeres;2006;32
45;Toledo;45111 Navalmoralejo;Mujeres;2005;34
45;Toledo;45111 Navalmoralejo;Mujeres;2004;34
45;Toledo;45111 Navalmoralejo;Mujeres;2003;35
45;Toledo;45111 Navalmoralejo;Mujeres;2002;39
45;Toledo;45111 Navalmoralejo;Mujeres;2001;38
45;Toledo;45111 Navalmoralejo;Mujeres;2000;38
45;Toledo;45111 Navalmoralejo;Mujeres;1999;42
45;Toledo;45111 Navalmoralejo;Mujeres;1998;47
45;Toledo;45111 Navalmoralejo;Mujeres;1997;
45;Toledo;45111 Navalmoralejo;Mujeres;1996;47
45;Toledo;45112 Navalmorales, Los;Total;2023;2134
45;Toledo;45112 Navalmorales, Los;Total;2022;2163
45;Toledo;45112 Navalmorales, Los;Total;2021;2202
45;Toledo;45112 Navalmorales, Los;Total;2020;2420
45;Toledo;45112 Navalmorales, Los;Total;2019;2518
45;Toledo;45112 Navalmorales, Los;Total;2018;2567
45;Toledo;45112 Navalmorales, Los;Total;2017;2617
45;Toledo;45112 Navalmorales, Los;Total;2016;2673
45;Toledo;45112 Navalmorales, Los;Total;2015;2757
45;Toledo;45112 Navalmorales, Los;Total;2014;2835
45;Toledo;45112 Navalmorales, Los;Total;2013;2656
45;Toledo;45112 Navalmorales, Los;Total;2012;2872
45;Toledo;45112 Navalmorales, Los;Total;2011;2730
45;Toledo;45112 Navalmorales, Los;Total;2010;2728
45;Toledo;45112 Navalmorales, Los;Total;2009;2773
45;Toledo;45112 Navalmorales, Los;Total;2008;2770
45;Toledo;45112 Navalmorales, Los;Total;2007;2791
45;Toledo;45112 Navalmorales, Los;Total;2006;2636
45;Toledo;45112 Navalmorales, Los;Total;2005;2745
45;Toledo;45112 Navalmorales, Los;Total;2004;2720
45;Toledo;45112 Navalmorales, Los;Total;2003;2669
45;Toledo;45112 Navalmorales, Los;Total;2002;2618
45;Toledo;45112 Navalmorales, Los;Total;2001;2611
45;Toledo;45112 Navalmorales, Los;Total;2000;2618
45;Toledo;45112 Navalmorales, Los;Total;1999;2668
45;Toledo;45112 Navalmorales, Los;Total;1998;2669
45;Toledo;45112 Navalmorales, Los;Total;1997;
45;Toledo;45112 Navalmorales, Los;Total;1996;2679
45;Toledo;45112 Navalmorales, Los;Hombres;2023;1098
45;Toledo;45112 Navalmorales, Los;Hombres;2022;1117
45;Toledo;45112 Navalmorales, Los;Hombres;2021;1125
45;Toledo;45112 Navalmorales, Los;Hombres;2020;1273
45;Toledo;45112 Navalmorales, Los;Hombres;2019;1327
45;Toledo;45112 Navalmorales, Los;Hombres;2018;1351
45;Toledo;45112 Navalmorales, Los;Hombres;2017;1361
45;Toledo;45112 Navalmorales, Los;Hombres;2016;1400
45;Toledo;45112 Navalmorales, Los;Hombres;2015;1448
45;Toledo;45112 Navalmorales, Los;Hombres;2014;1492
45;Toledo;45112 Navalmorales, Los;Hombres;2013;1378
45;Toledo;45112 Navalmorales, Los;Hombres;2012;1520
45;Toledo;45112 Navalmorales, Los;Hombres;2011;1434
45;Toledo;45112 Navalmorales, Los;Hombres;2010;1429
45;Toledo;45112 Navalmorales, Los;Hombres;2009;1446
45;Toledo;45112 Navalmorales, Los;Hombres;2008;1454
45;Toledo;45112 Navalmorales, Los;Hombres;2007;1447
45;Toledo;45112 Navalmorales, Los;Hombres;2006;1340
45;Toledo;45112 Navalmorales, Los;Hombres;2005;1426
45;Toledo;45112 Navalmorales, Los;Hombres;2004;1405
45;Toledo;45112 Navalmorales, Los;Hombres;2003;1366
45;Toledo;45112 Navalmorales, Los;Hombres;2002;1317
45;Toledo;45112 Navalmorales, Los;Hombres;2001;1309
45;Toledo;45112 Navalmorales, Los;Hombres;2000;1316
45;Toledo;45112 Navalmorales, Los;Hombres;1999;1341
45;Toledo;45112 Navalmorales, Los;Hombres;1998;1332
45;Toledo;45112 Navalmorales, Los;Hombres;1997;
45;Toledo;45112 Navalmorales, Los;Hombres;1996;1331
45;Toledo;45112 Navalmorales, Los;Mujeres;2023;1036
45;Toledo;45112 Navalmorales, Los;Mujeres;2022;1046
45;Toledo;45112 Navalmorales, Los;Mujeres;2021;1077
45;Toledo;45112 Navalmorales, Los;Mujeres;2020;1147
45;Toledo;45112 Navalmorales, Los;Mujeres;2019;1191
45;Toledo;45112 Navalmorales, Los;Mujeres;2018;1216
45;Toledo;45112 Navalmorales, Los;Mujeres;2017;1256
45;Toledo;45112 Navalmorales, Los;Mujeres;2016;1273
45;Toledo;45112 Navalmorales, Los;Mujeres;2015;1309
45;Toledo;45112 Navalmorales, Los;Mujeres;2014;1343
45;Toledo;45112 Navalmorales, Los;Mujeres;2013;1278
45;Toledo;45112 Navalmorales, Los;Mujeres;2012;1352
45;Toledo;45112 Navalmorales, Los;Mujeres;2011;1296
45;Toledo;45112 Navalmorales, Los;Mujeres;2010;1299
45;Toledo;45112 Navalmorales, Los;Mujeres;2009;1327
45;Toledo;45112 Navalmorales, Los;Mujeres;2008;1316
45;Toledo;45112 Navalmorales, Los;Mujeres;2007;1344
45;Toledo;45112 Navalmorales, Los;Mujeres;2006;1296
45;Toledo;45112 Navalmorales, Los;Mujeres;2005;1319
45;Toledo;45112 Navalmorales, Los;Mujeres;2004;1315
45;Toledo;45112 Navalmorales, Los;Mujeres;2003;1303
45;Toledo;45112 Navalmorales, Los;Mujeres;2002;1301
45;Toledo;45112 Navalmorales, Los;Mujeres;2001;1302
45;Toledo;45112 Navalmorales, Los;Mujeres;2000;1302
45;Toledo;45112 Navalmorales, Los;Mujeres;1999;1327
45;Toledo;45112 Navalmorales, Los;Mujeres;1998;1337
45;Toledo;45112 Navalmorales, Los;Mujeres;1997;
45;Toledo;45112 Navalmorales, Los;Mujeres;1996;1348
45;Toledo;45113 Navalucillos, Los;Total;2023;1956
45;Toledo;45113 Navalucillos, Los;Total;2022;1987
45;Toledo;45113 Navalucillos, Los;Total;2021;2011
45;Toledo;45113 Navalucillos, Los;Total;2020;2050
45;Toledo;45113 Navalucillos, Los;Total;2019;2106
45;Toledo;45113 Navalucillos, Los;Total;2018;2171
45;Toledo;45113 Navalucillos, Los;Total;2017;2251
45;Toledo;45113 Navalucillos, Los;Total;2016;2309
45;Toledo;45113 Navalucillos, Los;Total;2015;2357
45;Toledo;45113 Navalucillos, Los;Total;2014;2426
45;Toledo;45113 Navalucillos, Los;Total;2013;2476
45;Toledo;45113 Navalucillos, Los;Total;2012;2574
45;Toledo;45113 Navalucillos, Los;Total;2011;2599
45;Toledo;45113 Navalucillos, Los;Total;2010;2641
45;Toledo;45113 Navalucillos, Los;Total;2009;2677
45;Toledo;45113 Navalucillos, Los;Total;2008;2665
45;Toledo;45113 Navalucillos, Los;Total;2007;2664
45;Toledo;45113 Navalucillos, Los;Total;2006;2670
45;Toledo;45113 Navalucillos, Los;Total;2005;2727
45;Toledo;45113 Navalucillos, Los;Total;2004;2718
45;Toledo;45113 Navalucillos, Los;Total;2003;2669
45;Toledo;45113 Navalucillos, Los;Total;2002;2717
45;Toledo;45113 Navalucillos, Los;Total;2001;2718
45;Toledo;45113 Navalucillos, Los;Total;2000;2732
45;Toledo;45113 Navalucillos, Los;Total;1999;2729
45;Toledo;45113 Navalucillos, Los;Total;1998;2776
45;Toledo;45113 Navalucillos, Los;Total;1997;
45;Toledo;45113 Navalucillos, Los;Total;1996;2827
45;Toledo;45113 Navalucillos, Los;Hombres;2023;994
45;Toledo;45113 Navalucillos, Los;Hombres;2022;1007
45;Toledo;45113 Navalucillos, Los;Hombres;2021;1026
45;Toledo;45113 Navalucillos, Los;Hombres;2020;1051
45;Toledo;45113 Navalucillos, Los;Hombres;2019;1080
45;Toledo;45113 Navalucillos, Los;Hombres;2018;1111
45;Toledo;45113 Navalucillos, Los;Hombres;2017;1159
45;Toledo;45113 Navalucillos, Los;Hombres;2016;1190
45;Toledo;45113 Navalucillos, Los;Hombres;2015;1216
45;Toledo;45113 Navalucillos, Los;Hombres;2014;1256
45;Toledo;45113 Navalucillos, Los;Hombres;2013;1266
45;Toledo;45113 Navalucillos, Los;Hombres;2012;1324
45;Toledo;45113 Navalucillos, Los;Hombres;2011;1347
45;Toledo;45113 Navalucillos, Los;Hombres;2010;1364
45;Toledo;45113 Navalucillos, Los;Hombres;2009;1378
45;Toledo;45113 Navalucillos, Los;Hombres;2008;1364
45;Toledo;45113 Navalucillos, Los;Hombres;2007;1361
45;Toledo;45113 Navalucillos, Los;Hombres;2006;1348
45;Toledo;45113 Navalucillos, Los;Hombres;2005;1378
45;Toledo;45113 Navalucillos, Los;Hombres;2004;1370
45;Toledo;45113 Navalucillos, Los;Hombres;2003;1341
45;Toledo;45113 Navalucillos, Los;Hombres;2002;1376
45;Toledo;45113 Navalucillos, Los;Hombres;2001;1365
45;Toledo;45113 Navalucillos, Los;Hombres;2000;1361
45;Toledo;45113 Navalucillos, Los;Hombres;1999;1365
45;Toledo;45113 Navalucillos, Los;Hombres;1998;1395
45;Toledo;45113 Navalucillos, Los;Hombres;1997;
45;Toledo;45113 Navalucillos, Los;Hombres;1996;1421
45;Toledo;45113 Navalucillos, Los;Mujeres;2023;962
45;Toledo;45113 Navalucillos, Los;Mujeres;2022;980
45;Toledo;45113 Navalucillos, Los;Mujeres;2021;985
45;Toledo;45113 Navalucillos, Los;Mujeres;2020;999
45;Toledo;45113 Navalucillos, Los;Mujeres;2019;1026
45;Toledo;45113 Navalucillos, Los;Mujeres;2018;1060
45;Toledo;45113 Navalucillos, Los;Mujeres;2017;1092
45;Toledo;45113 Navalucillos, Los;Mujeres;2016;1119
45;Toledo;45113 Navalucillos, Los;Mujeres;2015;1141
45;Toledo;45113 Navalucillos, Los;Mujeres;2014;1170
45;Toledo;45113 Navalucillos, Los;Mujeres;2013;1210
45;Toledo;45113 Navalucillos, Los;Mujeres;2012;1250
45;Toledo;45113 Navalucillos, Los;Mujeres;2011;1252
45;Toledo;45113 Navalucillos, Los;Mujeres;2010;1277
45;Toledo;45113 Navalucillos, Los;Mujeres;2009;1299
45;Toledo;45113 Navalucillos, Los;Mujeres;2008;1301
45;Toledo;45113 Navalucillos, Los;Mujeres;2007;1303
45;Toledo;45113 Navalucillos, Los;Mujeres;2006;1322
45;Toledo;45113 Navalucillos, Los;Mujeres;2005;1349
45;Toledo;45113 Navalucillos, Los;Mujeres;2004;1348
45;Toledo;45113 Navalucillos, Los;Mujeres;2003;1328
45;Toledo;45113 Navalucillos, Los;Mujeres;2002;1341
45;Toledo;45113 Navalucillos, Los;Mujeres;2001;1353
45;Toledo;45113 Navalucillos, Los;Mujeres;2000;1371
45;Toledo;45113 Navalucillos, Los;Mujeres;1999;1364
45;Toledo;45113 Navalucillos, Los;Mujeres;1998;1381
45;Toledo;45113 Navalucillos, Los;Mujeres;1997;
45;Toledo;45113 Navalucillos, Los;Mujeres;1996;1406
45;Toledo;45114 Navamorcuende;Total;2023;608
45;Toledo;45114 Navamorcuende;Total;2022;595
45;Toledo;45114 Navamorcuende;Total;2021;611
45;Toledo;45114 Navamorcuende;Total;2020;598
45;Toledo;45114 Navamorcuende;Total;2019;623
45;Toledo;45114 Navamorcuende;Total;2018;626
45;Toledo;45114 Navamorcuende;Total;2017;643
45;Toledo;45114 Navamorcuende;Total;2016;655
45;Toledo;45114 Navamorcuende;Total;2015;668
45;Toledo;45114 Navamorcuende;Total;2014;672
45;Toledo;45114 Navamorcuende;Total;2013;681
45;Toledo;45114 Navamorcuende;Total;2012;683
45;Toledo;45114 Navamorcuende;Total;2011;680
45;Toledo;45114 Navamorcuende;Total;2010;676
45;Toledo;45114 Navamorcuende;Total;2009;689
45;Toledo;45114 Navamorcuende;Total;2008;706
45;Toledo;45114 Navamorcuende;Total;2007;718
45;Toledo;45114 Navamorcuende;Total;2006;708
45;Toledo;45114 Navamorcuende;Total;2005;703
45;Toledo;45114 Navamorcuende;Total;2004;708
45;Toledo;45114 Navamorcuende;Total;2003;717
45;Toledo;45114 Navamorcuende;Total;2002;724
45;Toledo;45114 Navamorcuende;Total;2001;735
45;Toledo;45114 Navamorcuende;Total;2000;741
45;Toledo;45114 Navamorcuende;Total;1999;726
45;Toledo;45114 Navamorcuende;Total;1998;735
45;Toledo;45114 Navamorcuende;Total;1997;
45;Toledo;45114 Navamorcuende;Total;1996;765
45;Toledo;45114 Navamorcuende;Hombres;2023;299
45;Toledo;45114 Navamorcuende;Hombres;2022;296
45;Toledo;45114 Navamorcuende;Hombres;2021;309
45;Toledo;45114 Navamorcuende;Hombres;2020;299
45;Toledo;45114 Navamorcuende;Hombres;2019;313
45;Toledo;45114 Navamorcuende;Hombres;2018;315
45;Toledo;45114 Navamorcuende;Hombres;2017;323
45;Toledo;45114 Navamorcuende;Hombres;2016;334
45;Toledo;45114 Navamorcuende;Hombres;2015;342
45;Toledo;45114 Navamorcuende;Hombres;2014;347
45;Toledo;45114 Navamorcuende;Hombres;2013;352
45;Toledo;45114 Navamorcuende;Hombres;2012;353
45;Toledo;45114 Navamorcuende;Hombres;2011;352
45;Toledo;45114 Navamorcuende;Hombres;2010;350
45;Toledo;45114 Navamorcuende;Hombres;2009;358
45;Toledo;45114 Navamorcuende;Hombres;2008;370
45;Toledo;45114 Navamorcuende;Hombres;2007;378
45;Toledo;45114 Navamorcuende;Hombres;2006;370
45;Toledo;45114 Navamorcuende;Hombres;2005;359
45;Toledo;45114 Navamorcuende;Hombres;2004;362
45;Toledo;45114 Navamorcuende;Hombres;2003;372
45;Toledo;45114 Navamorcuende;Hombres;2002;376
45;Toledo;45114 Navamorcuende;Hombres;2001;386
45;Toledo;45114 Navamorcuende;Hombres;2000;391
45;Toledo;45114 Navamorcuende;Hombres;1999;382
45;Toledo;45114 Navamorcuende;Hombres;1998;381
45;Toledo;45114 Navamorcuende;Hombres;1997;
45;Toledo;45114 Navamorcuende;Hombres;1996;398
45;Toledo;45114 Navamorcuende;Mujeres;2023;309
45;Toledo;45114 Navamorcuende;Mujeres;2022;299
45;Toledo;45114 Navamorcuende;Mujeres;2021;302
45;Toledo;45114 Navamorcuende;Mujeres;2020;299
45;Toledo;45114 Navamorcuende;Mujeres;2019;310
45;Toledo;45114 Navamorcuende;Mujeres;2018;311
45;Toledo;45114 Navamorcuende;Mujeres;2017;320
45;Toledo;45114 Navamorcuende;Mujeres;2016;321
45;Toledo;45114 Navamorcuende;Mujeres;2015;326
45;Toledo;45114 Navamorcuende;Mujeres;2014;325
45;Toledo;45114 Navamorcuende;Mujeres;2013;329
45;Toledo;45114 Navamorcuende;Mujeres;2012;330
45;Toledo;45114 Navamorcuende;Mujeres;2011;328
45;Toledo;45114 Navamorcuende;Mujeres;2010;326
45;Toledo;45114 Navamorcuende;Mujeres;2009;331
45;Toledo;45114 Navamorcuende;Mujeres;2008;336
45;Toledo;45114 Navamorcuende;Mujeres;2007;340
45;Toledo;45114 Navamorcuende;Mujeres;2006;338
45;Toledo;45114 Navamorcuende;Mujeres;2005;344
45;Toledo;45114 Navamorcuende;Mujeres;2004;346
45;Toledo;45114 Navamorcuende;Mujeres;2003;345
45;Toledo;45114 Navamorcuende;Mujeres;2002;348
45;Toledo;45114 Navamorcuende;Mujeres;2001;349
45;Toledo;45114 Navamorcuende;Mujeres;2000;350
45;Toledo;45114 Navamorcuende;Mujeres;1999;344
45;Toledo;45114 Navamorcuende;Mujeres;1998;354
45;Toledo;45114 Navamorcuende;Mujeres;1997;
45;Toledo;45114 Navamorcuende;Mujeres;1996;367
45;Toledo;45115 Noblejas;Total;2023;3911
45;Toledo;45115 Noblejas;Total;2022;3857
45;Toledo;45115 Noblejas;Total;2021;3721
45;Toledo;45115 Noblejas;Total;2020;3652
45;Toledo;45115 Noblejas;Total;2019;3585
45;Toledo;45115 Noblejas;Total;2018;3486
45;Toledo;45115 Noblejas;Total;2017;3499
45;Toledo;45115 Noblejas;Total;2016;3533
45;Toledo;45115 Noblejas;Total;2015;3534
45;Toledo;45115 Noblejas;Total;2014;3589
45;Toledo;45115 Noblejas;Total;2013;3614
45;Toledo;45115 Noblejas;Total;2012;3670
45;Toledo;45115 Noblejas;Total;2011;3617
45;Toledo;45115 Noblejas;Total;2010;3556
45;Toledo;45115 Noblejas;Total;2009;3521
45;Toledo;45115 Noblejas;Total;2008;3453
45;Toledo;45115 Noblejas;Total;2007;3383
45;Toledo;45115 Noblejas;Total;2006;3332
45;Toledo;45115 Noblejas;Total;2005;3287
45;Toledo;45115 Noblejas;Total;2004;3239
45;Toledo;45115 Noblejas;Total;2003;3149
45;Toledo;45115 Noblejas;Total;2002;3081
45;Toledo;45115 Noblejas;Total;2001;3063
45;Toledo;45115 Noblejas;Total;2000;3060
45;Toledo;45115 Noblejas;Total;1999;3016
45;Toledo;45115 Noblejas;Total;1998;3010
45;Toledo;45115 Noblejas;Total;1997;
45;Toledo;45115 Noblejas;Total;1996;3022
45;Toledo;45115 Noblejas;Hombres;2023;1964
45;Toledo;45115 Noblejas;Hombres;2022;1927
45;Toledo;45115 Noblejas;Hombres;2021;1874
45;Toledo;45115 Noblejas;Hombres;2020;1848
45;Toledo;45115 Noblejas;Hombres;2019;1818
45;Toledo;45115 Noblejas;Hombres;2018;1771
45;Toledo;45115 Noblejas;Hombres;2017;1776
45;Toledo;45115 Noblejas;Hombres;2016;1796
45;Toledo;45115 Noblejas;Hombres;2015;1808
45;Toledo;45115 Noblejas;Hombres;2014;1832
45;Toledo;45115 Noblejas;Hombres;2013;1852
45;Toledo;45115 Noblejas;Hombres;2012;1888
45;Toledo;45115 Noblejas;Hombres;2011;1863
45;Toledo;45115 Noblejas;Hombres;2010;1850
45;Toledo;45115 Noblejas;Hombres;2009;1843
45;Toledo;45115 Noblejas;Hombres;2008;1819
45;Toledo;45115 Noblejas;Hombres;2007;1774
45;Toledo;45115 Noblejas;Hombres;2006;1729
45;Toledo;45115 Noblejas;Hombres;2005;1711
45;Toledo;45115 Noblejas;Hombres;2004;1678
45;Toledo;45115 Noblejas;Hombres;2003;1625
45;Toledo;45115 Noblejas;Hombres;2002;1584
45;Toledo;45115 Noblejas;Hombres;2001;1566
45;Toledo;45115 Noblejas;Hombres;2000;1558
45;Toledo;45115 Noblejas;Hombres;1999;1535
45;Toledo;45115 Noblejas;Hombres;1998;1526
45;Toledo;45115 Noblejas;Hombres;1997;
45;Toledo;45115 Noblejas;Hombres;1996;1527
45;Toledo;45115 Noblejas;Mujeres;2023;1947
45;Toledo;45115 Noblejas;Mujeres;2022;1930
45;Toledo;45115 Noblejas;Mujeres;2021;1847
45;Toledo;45115 Noblejas;Mujeres;2020;1804
45;Toledo;45115 Noblejas;Mujeres;2019;1767
45;Toledo;45115 Noblejas;Mujeres;2018;1715
45;Toledo;45115 Noblejas;Mujeres;2017;1723
45;Toledo;45115 Noblejas;Mujeres;2016;1737
45;Toledo;45115 Noblejas;Mujeres;2015;1726
45;Toledo;45115 Noblejas;Mujeres;2014;1757
45;Toledo;45115 Noblejas;Mujeres;2013;1762
45;Toledo;45115 Noblejas;Mujeres;2012;1782
45;Toledo;45115 Noblejas;Mujeres;2011;1754
45;Toledo;45115 Noblejas;Mujeres;2010;1706
45;Toledo;45115 Noblejas;Mujeres;2009;1678
45;Toledo;45115 Noblejas;Mujeres;2008;1634
45;Toledo;45115 Noblejas;Mujeres;2007;1609
45;Toledo;45115 Noblejas;Mujeres;2006;1603
45;Toledo;45115 Noblejas;Mujeres;2005;1576
45;Toledo;45115 Noblejas;Mujeres;2004;1561
45;Toledo;45115 Noblejas;Mujeres;2003;1524
45;Toledo;45115 Noblejas;Mujeres;2002;1497
45;Toledo;45115 Noblejas;Mujeres;2001;1497
45;Toledo;45115 Noblejas;Mujeres;2000;1502
45;Toledo;45115 Noblejas;Mujeres;1999;1481
45;Toledo;45115 Noblejas;Mujeres;1998;1484
45;Toledo;45115 Noblejas;Mujeres;1997;
45;Toledo;45115 Noblejas;Mujeres;1996;1495
45;Toledo;45116 Noez;Total;2023;942
45;Toledo;45116 Noez;Total;2022;942
45;Toledo;45116 Noez;Total;2021;879
45;Toledo;45116 Noez;Total;2020;861
45;Toledo;45116 Noez;Total;2019;878
45;Toledo;45116 Noez;Total;2018;881
45;Toledo;45116 Noez;Total;2017;881
45;Toledo;45116 Noez;Total;2016;899
45;Toledo;45116 Noez;Total;2015;926
45;Toledo;45116 Noez;Total;2014;949
45;Toledo;45116 Noez;Total;2013;953
45;Toledo;45116 Noez;Total;2012;980
45;Toledo;45116 Noez;Total;2011;1001
45;Toledo;45116 Noez;Total;2010;967
45;Toledo;45116 Noez;Total;2009;928
45;Toledo;45116 Noez;Total;2008;863
45;Toledo;45116 Noez;Total;2007;831
45;Toledo;45116 Noez;Total;2006;806
45;Toledo;45116 Noez;Total;2005;800
45;Toledo;45116 Noez;Total;2004;800
45;Toledo;45116 Noez;Total;2003;798
45;Toledo;45116 Noez;Total;2002;802
45;Toledo;45116 Noez;Total;2001;823
45;Toledo;45116 Noez;Total;2000;817
45;Toledo;45116 Noez;Total;1999;820
45;Toledo;45116 Noez;Total;1998;818
45;Toledo;45116 Noez;Total;1997;
45;Toledo;45116 Noez;Total;1996;902
45;Toledo;45116 Noez;Hombres;2023;486
45;Toledo;45116 Noez;Hombres;2022;468
45;Toledo;45116 Noez;Hombres;2021;437
45;Toledo;45116 Noez;Hombres;2020;434
45;Toledo;45116 Noez;Hombres;2019;446
45;Toledo;45116 Noez;Hombres;2018;448
45;Toledo;45116 Noez;Hombres;2017;450
45;Toledo;45116 Noez;Hombres;2016;453
45;Toledo;45116 Noez;Hombres;2015;473
45;Toledo;45116 Noez;Hombres;2014;494
45;Toledo;45116 Noez;Hombres;2013;503
45;Toledo;45116 Noez;Hombres;2012;515
45;Toledo;45116 Noez;Hombres;2011;533
45;Toledo;45116 Noez;Hombres;2010;506
45;Toledo;45116 Noez;Hombres;2009;495
45;Toledo;45116 Noez;Hombres;2008;454
45;Toledo;45116 Noez;Hombres;2007;439
45;Toledo;45116 Noez;Hombres;2006;413
45;Toledo;45116 Noez;Hombres;2005;404
45;Toledo;45116 Noez;Hombres;2004;400
45;Toledo;45116 Noez;Hombres;2003;394
45;Toledo;45116 Noez;Hombres;2002;396
45;Toledo;45116 Noez;Hombres;2001;411
45;Toledo;45116 Noez;Hombres;2000;412
45;Toledo;45116 Noez;Hombres;1999;410
45;Toledo;45116 Noez;Hombres;1998;414
45;Toledo;45116 Noez;Hombres;1997;
45;Toledo;45116 Noez;Hombres;1996;449
45;Toledo;45116 Noez;Mujeres;2023;456
45;Toledo;45116 Noez;Mujeres;2022;474
45;Toledo;45116 Noez;Mujeres;2021;442
45;Toledo;45116 Noez;Mujeres;2020;427
45;Toledo;45116 Noez;Mujeres;2019;432
45;Toledo;45116 Noez;Mujeres;2018;433
45;Toledo;45116 Noez;Mujeres;2017;431
45;Toledo;45116 Noez;Mujeres;2016;446
45;Toledo;45116 Noez;Mujeres;2015;453
45;Toledo;45116 Noez;Mujeres;2014;455
45;Toledo;45116 Noez;Mujeres;2013;450
45;Toledo;45116 Noez;Mujeres;2012;465
45;Toledo;45116 Noez;Mujeres;2011;468
45;Toledo;45116 Noez;Mujeres;2010;461
45;Toledo;45116 Noez;Mujeres;2009;433
45;Toledo;45116 Noez;Mujeres;2008;409
45;Toledo;45116 Noez;Mujeres;2007;392
45;Toledo;45116 Noez;Mujeres;2006;393
45;Toledo;45116 Noez;Mujeres;2005;396
45;Toledo;45116 Noez;Mujeres;2004;400
45;Toledo;45116 Noez;Mujeres;2003;404
45;Toledo;45116 Noez;Mujeres;2002;406
45;Toledo;45116 Noez;Mujeres;2001;412
45;Toledo;45116 Noez;Mujeres;2000;405
45;Toledo;45116 Noez;Mujeres;1999;410
45;Toledo;45116 Noez;Mujeres;1998;404
45;Toledo;45116 Noez;Mujeres;1997;
45;Toledo;45116 Noez;Mujeres;1996;453
45;Toledo;45117 Nombela;Total;2023;907
45;Toledo;45117 Nombela;Total;2022;881
45;Toledo;45117 Nombela;Total;2021;877
45;Toledo;45117 Nombela;Total;2020;854
45;Toledo;45117 Nombela;Total;2019;858
45;Toledo;45117 Nombela;Total;2018;883
45;Toledo;45117 Nombela;Total;2017;895
45;Toledo;45117 Nombela;Total;2016;920
45;Toledo;45117 Nombela;Total;2015;946
45;Toledo;45117 Nombela;Total;2014;986
45;Toledo;45117 Nombela;Total;2013;1006
45;Toledo;45117 Nombela;Total;2012;1021
45;Toledo;45117 Nombela;Total;2011;1026
45;Toledo;45117 Nombela;Total;2010;1057
45;Toledo;45117 Nombela;Total;2009;1035
45;Toledo;45117 Nombela;Total;2008;1032
45;Toledo;45117 Nombela;Total;2007;999
45;Toledo;45117 Nombela;Total;2006;981
45;Toledo;45117 Nombela;Total;2005;994
45;Toledo;45117 Nombela;Total;2004;958
45;Toledo;45117 Nombela;Total;2003;906
45;Toledo;45117 Nombela;Total;2002;906
45;Toledo;45117 Nombela;Total;2001;921
45;Toledo;45117 Nombela;Total;2000;938
45;Toledo;45117 Nombela;Total;1999;933
45;Toledo;45117 Nombela;Total;1998;955
45;Toledo;45117 Nombela;Total;1997;
45;Toledo;45117 Nombela;Total;1996;951
45;Toledo;45117 Nombela;Hombres;2023;491
45;Toledo;45117 Nombela;Hombres;2022;472
45;Toledo;45117 Nombela;Hombres;2021;462
45;Toledo;45117 Nombela;Hombres;2020;454
45;Toledo;45117 Nombela;Hombres;2019;452
45;Toledo;45117 Nombela;Hombres;2018;466
45;Toledo;45117 Nombela;Hombres;2017;471
45;Toledo;45117 Nombela;Hombres;2016;482
45;Toledo;45117 Nombela;Hombres;2015;487
45;Toledo;45117 Nombela;Hombres;2014;503
45;Toledo;45117 Nombela;Hombres;2013;518
45;Toledo;45117 Nombela;Hombres;2012;527
45;Toledo;45117 Nombela;Hombres;2011;527
45;Toledo;45117 Nombela;Hombres;2010;545
45;Toledo;45117 Nombela;Hombres;2009;527
45;Toledo;45117 Nombela;Hombres;2008;537
45;Toledo;45117 Nombela;Hombres;2007;523
45;Toledo;45117 Nombela;Hombres;2006;507
45;Toledo;45117 Nombela;Hombres;2005;517
45;Toledo;45117 Nombela;Hombres;2004;493
45;Toledo;45117 Nombela;Hombres;2003;469
45;Toledo;45117 Nombela;Hombres;2002;466
45;Toledo;45117 Nombela;Hombres;2001;473
45;Toledo;45117 Nombela;Hombres;2000;485
45;Toledo;45117 Nombela;Hombres;1999;485
45;Toledo;45117 Nombela;Hombres;1998;495
45;Toledo;45117 Nombela;Hombres;1997;
45;Toledo;45117 Nombela;Hombres;1996;492
45;Toledo;45117 Nombela;Mujeres;2023;416
45;Toledo;45117 Nombela;Mujeres;2022;409
45;Toledo;45117 Nombela;Mujeres;2021;415
45;Toledo;45117 Nombela;Mujeres;2020;400
45;Toledo;45117 Nombela;Mujeres;2019;406
45;Toledo;45117 Nombela;Mujeres;2018;417
45;Toledo;45117 Nombela;Mujeres;2017;424
45;Toledo;45117 Nombela;Mujeres;2016;438
45;Toledo;45117 Nombela;Mujeres;2015;459
45;Toledo;45117 Nombela;Mujeres;2014;483
45;Toledo;45117 Nombela;Mujeres;2013;488
45;Toledo;45117 Nombela;Mujeres;2012;494
45;Toledo;45117 Nombela;Mujeres;2011;499
45;Toledo;45117 Nombela;Mujeres;2010;512
45;Toledo;45117 Nombela;Mujeres;2009;508
45;Toledo;45117 Nombela;Mujeres;2008;495
45;Toledo;45117 Nombela;Mujeres;2007;476
45;Toledo;45117 Nombela;Mujeres;2006;474
45;Toledo;45117 Nombela;Mujeres;2005;477
45;Toledo;45117 Nombela;Mujeres;2004;465
45;Toledo;45117 Nombela;Mujeres;2003;437
45;Toledo;45117 Nombela;Mujeres;2002;440
45;Toledo;45117 Nombela;Mujeres;2001;448
45;Toledo;45117 Nombela;Mujeres;2000;453
45;Toledo;45117 Nombela;Mujeres;1999;448
45;Toledo;45117 Nombela;Mujeres;1998;460
45;Toledo;45117 Nombela;Mujeres;1997;
45;Toledo;45117 Nombela;Mujeres;1996;459
45;Toledo;45118 Novés;Total;2023;3388
45;Toledo;45118 Novés;Total;2022;3236
45;Toledo;45118 Novés;Total;2021;3179
45;Toledo;45118 Novés;Total;2020;3019
45;Toledo;45118 Novés;Total;2019;2905
45;Toledo;45118 Novés;Total;2018;2767
45;Toledo;45118 Novés;Total;2017;2721
45;Toledo;45118 Novés;Total;2016;2707
45;Toledo;45118 Novés;Total;2015;2727
45;Toledo;45118 Novés;Total;2014;2746
45;Toledo;45118 Novés;Total;2013;2821
45;Toledo;45118 Novés;Total;2012;2950
45;Toledo;45118 Novés;Total;2011;2860
45;Toledo;45118 Novés;Total;2010;2807
45;Toledo;45118 Novés;Total;2009;2712
45;Toledo;45118 Novés;Total;2008;2500
45;Toledo;45118 Novés;Total;2007;2113
45;Toledo;45118 Novés;Total;2006;1911
45;Toledo;45118 Novés;Total;2005;1760
45;Toledo;45118 Novés;Total;2004;1718
45;Toledo;45118 Novés;Total;2003;1657
45;Toledo;45118 Novés;Total;2002;1566
45;Toledo;45118 Novés;Total;2001;1562
45;Toledo;45118 Novés;Total;2000;1545
45;Toledo;45118 Novés;Total;1999;1544
45;Toledo;45118 Novés;Total;1998;1560
45;Toledo;45118 Novés;Total;1997;
45;Toledo;45118 Novés;Total;1996;1548
45;Toledo;45118 Novés;Hombres;2023;1728
45;Toledo;45118 Novés;Hombres;2022;1674
45;Toledo;45118 Novés;Hombres;2021;1628
45;Toledo;45118 Novés;Hombres;2020;1550
45;Toledo;45118 Novés;Hombres;2019;1482
45;Toledo;45118 Novés;Hombres;2018;1419
45;Toledo;45118 Novés;Hombres;2017;1403
45;Toledo;45118 Novés;Hombres;2016;1413
45;Toledo;45118 Novés;Hombres;2015;1408
45;Toledo;45118 Novés;Hombres;2014;1420
45;Toledo;45118 Novés;Hombres;2013;1454
45;Toledo;45118 Novés;Hombres;2012;1538
45;Toledo;45118 Novés;Hombres;2011;1503
45;Toledo;45118 Novés;Hombres;2010;1475
45;Toledo;45118 Novés;Hombres;2009;1438
45;Toledo;45118 Novés;Hombres;2008;1326
45;Toledo;45118 Novés;Hombres;2007;1127
45;Toledo;45118 Novés;Hombres;2006;1003
45;Toledo;45118 Novés;Hombres;2005;906
45;Toledo;45118 Novés;Hombres;2004;882
45;Toledo;45118 Novés;Hombres;2003;839
45;Toledo;45118 Novés;Hombres;2002;791
45;Toledo;45118 Novés;Hombres;2001;791
45;Toledo;45118 Novés;Hombres;2000;784
45;Toledo;45118 Novés;Hombres;1999;786
45;Toledo;45118 Novés;Hombres;1998;794
45;Toledo;45118 Novés;Hombres;1997;
45;Toledo;45118 Novés;Hombres;1996;785
45;Toledo;45118 Novés;Mujeres;2023;1660
45;Toledo;45118 Novés;Mujeres;2022;1562
45;Toledo;45118 Novés;Mujeres;2021;1551
45;Toledo;45118 Novés;Mujeres;2020;1469
45;Toledo;45118 Novés;Mujeres;2019;1423
45;Toledo;45118 Novés;Mujeres;2018;1348
45;Toledo;45118 Novés;Mujeres;2017;1318
45;Toledo;45118 Novés;Mujeres;2016;1294
45;Toledo;45118 Novés;Mujeres;2015;1319
45;Toledo;45118 Novés;Mujeres;2014;1326
45;Toledo;45118 Novés;Mujeres;2013;1367
45;Toledo;45118 Novés;Mujeres;2012;1412
45;Toledo;45118 Novés;Mujeres;2011;1357
45;Toledo;45118 Novés;Mujeres;2010;1332
45;Toledo;45118 Novés;Mujeres;2009;1274
45;Toledo;45118 Novés;Mujeres;2008;1174
45;Toledo;45118 Novés;Mujeres;2007;986
45;Toledo;45118 Novés;Mujeres;2006;908
45;Toledo;45118 Novés;Mujeres;2005;854
45;Toledo;45118 Novés;Mujeres;2004;836
45;Toledo;45118 Novés;Mujeres;2003;818
45;Toledo;45118 Novés;Mujeres;2002;775
45;Toledo;45118 Novés;Mujeres;2001;771
45;Toledo;45118 Novés;Mujeres;2000;761
45;Toledo;45118 Novés;Mujeres;1999;758
45;Toledo;45118 Novés;Mujeres;1998;766
45;Toledo;45118 Novés;Mujeres;1997;
45;Toledo;45118 Novés;Mujeres;1996;763
45;Toledo;45119 Numancia de la Sagra;Total;2023;5455
45;Toledo;45119 Numancia de la Sagra;Total;2022;5287
45;Toledo;45119 Numancia de la Sagra;Total;2021;5170
45;Toledo;45119 Numancia de la Sagra;Total;2020;4985
45;Toledo;45119 Numancia de la Sagra;Total;2019;4902
45;Toledo;45119 Numancia de la Sagra;Total;2018;4846
45;Toledo;45119 Numancia de la Sagra;Total;2017;4755
45;Toledo;45119 Numancia de la Sagra;Total;2016;4734
45;Toledo;45119 Numancia de la Sagra;Total;2015;4763
45;Toledo;45119 Numancia de la Sagra;Total;2014;4801
45;Toledo;45119 Numancia de la Sagra;Total;2013;4985
45;Toledo;45119 Numancia de la Sagra;Total;2012;4951
45;Toledo;45119 Numancia de la Sagra;Total;2011;4828
45;Toledo;45119 Numancia de la Sagra;Total;2010;4727
45;Toledo;45119 Numancia de la Sagra;Total;2009;4605
45;Toledo;45119 Numancia de la Sagra;Total;2008;4448
45;Toledo;45119 Numancia de la Sagra;Total;2007;4107
45;Toledo;45119 Numancia de la Sagra;Total;2006;3713
45;Toledo;45119 Numancia de la Sagra;Total;2005;3697
45;Toledo;45119 Numancia de la Sagra;Total;2004;3467
45;Toledo;45119 Numancia de la Sagra;Total;2003;3211
45;Toledo;45119 Numancia de la Sagra;Total;2002;2980
45;Toledo;45119 Numancia de la Sagra;Total;2001;2778
45;Toledo;45119 Numancia de la Sagra;Total;2000;2555
45;Toledo;45119 Numancia de la Sagra;Total;1999;2402
45;Toledo;45119 Numancia de la Sagra;Total;1998;2222
45;Toledo;45119 Numancia de la Sagra;Total;1997;
45;Toledo;45119 Numancia de la Sagra;Total;1996;1917
45;Toledo;45119 Numancia de la Sagra;Hombres;2023;2838
45;Toledo;45119 Numancia de la Sagra;Hombres;2022;2753
45;Toledo;45119 Numancia de la Sagra;Hombres;2021;2706
45;Toledo;45119 Numancia de la Sagra;Hombres;2020;2624
45;Toledo;45119 Numancia de la Sagra;Hombres;2019;2570
45;Toledo;45119 Numancia de la Sagra;Hombres;2018;2534
45;Toledo;45119 Numancia de la Sagra;Hombres;2017;2496
45;Toledo;45119 Numancia de la Sagra;Hombres;2016;2483
45;Toledo;45119 Numancia de la Sagra;Hombres;2015;2501
45;Toledo;45119 Numancia de la Sagra;Hombres;2014;2522
45;Toledo;45119 Numancia de la Sagra;Hombres;2013;2616
45;Toledo;45119 Numancia de la Sagra;Hombres;2012;2600
45;Toledo;45119 Numancia de la Sagra;Hombres;2011;2522
45;Toledo;45119 Numancia de la Sagra;Hombres;2010;2493
45;Toledo;45119 Numancia de la Sagra;Hombres;2009;2420
45;Toledo;45119 Numancia de la Sagra;Hombres;2008;2339
45;Toledo;45119 Numancia de la Sagra;Hombres;2007;2159
45;Toledo;45119 Numancia de la Sagra;Hombres;2006;1956
45;Toledo;45119 Numancia de la Sagra;Hombres;2005;1975
45;Toledo;45119 Numancia de la Sagra;Hombres;2004;1851
45;Toledo;45119 Numancia de la Sagra;Hombres;2003;1701
45;Toledo;45119 Numancia de la Sagra;Hombres;2002;1577
45;Toledo;45119 Numancia de la Sagra;Hombres;2001;1445
45;Toledo;45119 Numancia de la Sagra;Hombres;2000;1345
45;Toledo;45119 Numancia de la Sagra;Hombres;1999;1249
45;Toledo;45119 Numancia de la Sagra;Hombres;1998;1153
45;Toledo;45119 Numancia de la Sagra;Hombres;1997;
45;Toledo;45119 Numancia de la Sagra;Hombres;1996;998
45;Toledo;45119 Numancia de la Sagra;Mujeres;2023;2617
45;Toledo;45119 Numancia de la Sagra;Mujeres;2022;2534
45;Toledo;45119 Numancia de la Sagra;Mujeres;2021;2464
45;Toledo;45119 Numancia de la Sagra;Mujeres;2020;2361
45;Toledo;45119 Numancia de la Sagra;Mujeres;2019;2332
45;Toledo;45119 Numancia de la Sagra;Mujeres;2018;2312
45;Toledo;45119 Numancia de la Sagra;Mujeres;2017;2259
45;Toledo;45119 Numancia de la Sagra;Mujeres;2016;2251
45;Toledo;45119 Numancia de la Sagra;Mujeres;2015;2262
45;Toledo;45119 Numancia de la Sagra;Mujeres;2014;2279
45;Toledo;45119 Numancia de la Sagra;Mujeres;2013;2369
45;Toledo;45119 Numancia de la Sagra;Mujeres;2012;2351
45;Toledo;45119 Numancia de la Sagra;Mujeres;2011;2306
45;Toledo;45119 Numancia de la Sagra;Mujeres;2010;2234
45;Toledo;45119 Numancia de la Sagra;Mujeres;2009;2185
45;Toledo;45119 Numancia de la Sagra;Mujeres;2008;2109
45;Toledo;45119 Numancia de la Sagra;Mujeres;2007;1948
45;Toledo;45119 Numancia de la Sagra;Mujeres;2006;1757
45;Toledo;45119 Numancia de la Sagra;Mujeres;2005;1722
45;Toledo;45119 Numancia de la Sagra;Mujeres;2004;1616
45;Toledo;45119 Numancia de la Sagra;Mujeres;2003;1510
45;Toledo;45119 Numancia de la Sagra;Mujeres;2002;1403
45;Toledo;45119 Numancia de la Sagra;Mujeres;2001;1333
45;Toledo;45119 Numancia de la Sagra;Mujeres;2000;1210
45;Toledo;45119 Numancia de la Sagra;Mujeres;1999;1153
45;Toledo;45119 Numancia de la Sagra;Mujeres;1998;1069
45;Toledo;45119 Numancia de la Sagra;Mujeres;1997;
45;Toledo;45119 Numancia de la Sagra;Mujeres;1996;919
45;Toledo;45120 Nuño Gómez;Total;2023;159
45;Toledo;45120 Nuño Gómez;Total;2022;145
45;Toledo;45120 Nuño Gómez;Total;2021;137
45;Toledo;45120 Nuño Gómez;Total;2020;125
45;Toledo;45120 Nuño Gómez;Total;2019;133
45;Toledo;45120 Nuño Gómez;Total;2018;131
45;Toledo;45120 Nuño Gómez;Total;2017;138
45;Toledo;45120 Nuño Gómez;Total;2016;143
45;Toledo;45120 Nuño Gómez;Total;2015;154
45;Toledo;45120 Nuño Gómez;Total;2014;153
45;Toledo;45120 Nuño Gómez;Total;2013;157
45;Toledo;45120 Nuño Gómez;Total;2012;172
45;Toledo;45120 Nuño Gómez;Total;2011;181
45;Toledo;45120 Nuño Gómez;Total;2010;178
45;Toledo;45120 Nuño Gómez;Total;2009;186
45;Toledo;45120 Nuño Gómez;Total;2008;198
45;Toledo;45120 Nuño Gómez;Total;2007;214
45;Toledo;45120 Nuño Gómez;Total;2006;198
45;Toledo;45120 Nuño Gómez;Total;2005;208
45;Toledo;45120 Nuño Gómez;Total;2004;215
45;Toledo;45120 Nuño Gómez;Total;2003;244
45;Toledo;45120 Nuño Gómez;Total;2002;211
45;Toledo;45120 Nuño Gómez;Total;2001;203
45;Toledo;45120 Nuño Gómez;Total;2000;202
45;Toledo;45120 Nuño Gómez;Total;1999;179
45;Toledo;45120 Nuño Gómez;Total;1998;176
45;Toledo;45120 Nuño Gómez;Total;1997;
45;Toledo;45120 Nuño Gómez;Total;1996;178
45;Toledo;45120 Nuño Gómez;Hombres;2023;89
45;Toledo;45120 Nuño Gómez;Hombres;2022;81
45;Toledo;45120 Nuño Gómez;Hombres;2021;79
45;Toledo;45120 Nuño Gómez;Hombres;2020;70
45;Toledo;45120 Nuño Gómez;Hombres;2019;76
45;Toledo;45120 Nuño Gómez;Hombres;2018;74
45;Toledo;45120 Nuño Gómez;Hombres;2017;77
45;Toledo;45120 Nuño Gómez;Hombres;2016;77
45;Toledo;45120 Nuño Gómez;Hombres;2015;80
45;Toledo;45120 Nuño Gómez;Hombres;2014;84
45;Toledo;45120 Nuño Gómez;Hombres;2013;87
45;Toledo;45120 Nuño Gómez;Hombres;2012;92
45;Toledo;45120 Nuño Gómez;Hombres;2011;95
45;Toledo;45120 Nuño Gómez;Hombres;2010;99
45;Toledo;45120 Nuño Gómez;Hombres;2009;102
45;Toledo;45120 Nuño Gómez;Hombres;2008;108
45;Toledo;45120 Nuño Gómez;Hombres;2007;114
45;Toledo;45120 Nuño Gómez;Hombres;2006;102
45;Toledo;45120 Nuño Gómez;Hombres;2005;103
45;Toledo;45120 Nuño Gómez;Hombres;2004;110
45;Toledo;45120 Nuño Gómez;Hombres;2003;122
45;Toledo;45120 Nuño Gómez;Hombres;2002;109
45;Toledo;45120 Nuño Gómez;Hombres;2001;103
45;Toledo;45120 Nuño Gómez;Hombres;2000;101
45;Toledo;45120 Nuño Gómez;Hombres;1999;91
45;Toledo;45120 Nuño Gómez;Hombres;1998;88
45;Toledo;45120 Nuño Gómez;Hombres;1997;
45;Toledo;45120 Nuño Gómez;Hombres;1996;89
45;Toledo;45120 Nuño Gómez;Mujeres;2023;70
45;Toledo;45120 Nuño Gómez;Mujeres;2022;64
45;Toledo;45120 Nuño Gómez;Mujeres;2021;58
45;Toledo;45120 Nuño Gómez;Mujeres;2020;55
45;Toledo;45120 Nuño Gómez;Mujeres;2019;57
45;Toledo;45120 Nuño Gómez;Mujeres;2018;57
45;Toledo;45120 Nuño Gómez;Mujeres;2017;61
45;Toledo;45120 Nuño Gómez;Mujeres;2016;66
45;Toledo;45120 Nuño Gómez;Mujeres;2015;74
45;Toledo;45120 Nuño Gómez;Mujeres;2014;69
45;Toledo;45120 Nuño Gómez;Mujeres;2013;70
45;Toledo;45120 Nuño Gómez;Mujeres;2012;80
45;Toledo;45120 Nuño Gómez;Mujeres;2011;86
45;Toledo;45120 Nuño Gómez;Mujeres;2010;79
45;Toledo;45120 Nuño Gómez;Mujeres;2009;84
45;Toledo;45120 Nuño Gómez;Mujeres;2008;90
45;Toledo;45120 Nuño Gómez;Mujeres;2007;100
45;Toledo;45120 Nuño Gómez;Mujeres;2006;96
45;Toledo;45120 Nuño Gómez;Mujeres;2005;105
45;Toledo;45120 Nuño Gómez;Mujeres;2004;105
45;Toledo;45120 Nuño Gómez;Mujeres;2003;122
45;Toledo;45120 Nuño Gómez;Mujeres;2002;102
45;Toledo;45120 Nuño Gómez;Mujeres;2001;100
45;Toledo;45120 Nuño Gómez;Mujeres;2000;101
45;Toledo;45120 Nuño Gómez;Mujeres;1999;88
45;Toledo;45120 Nuño Gómez;Mujeres;1998;88
45;Toledo;45120 Nuño Gómez;Mujeres;1997;
45;Toledo;45120 Nuño Gómez;Mujeres;1996;89
45;Toledo;45121 Ocaña;Total;2023;13868
45;Toledo;45121 Ocaña;Total;2022;13185
45;Toledo;45121 Ocaña;Total;2021;13023
45;Toledo;45121 Ocaña;Total;2020;12437
45;Toledo;45121 Ocaña;Total;2019;11597
45;Toledo;45121 Ocaña;Total;2018;11067
45;Toledo;45121 Ocaña;Total;2017;10733
45;Toledo;45121 Ocaña;Total;2016;10489
45;Toledo;45121 Ocaña;Total;2015;10795
45;Toledo;45121 Ocaña;Total;2014;11093
45;Toledo;45121 Ocaña;Total;2013;11016
45;Toledo;45121 Ocaña;Total;2012;11147
45;Toledo;45121 Ocaña;Total;2011;10721
45;Toledo;45121 Ocaña;Total;2010;10098
45;Toledo;45121 Ocaña;Total;2009;9468
45;Toledo;45121 Ocaña;Total;2008;8835
45;Toledo;45121 Ocaña;Total;2007;7789
45;Toledo;45121 Ocaña;Total;2006;7180
45;Toledo;45121 Ocaña;Total;2005;6923
45;Toledo;45121 Ocaña;Total;2004;6798
45;Toledo;45121 Ocaña;Total;2003;6679
45;Toledo;45121 Ocaña;Total;2002;6544
45;Toledo;45121 Ocaña;Total;2001;6304
45;Toledo;45121 Ocaña;Total;2000;6190
45;Toledo;45121 Ocaña;Total;1999;6135
45;Toledo;45121 Ocaña;Total;1998;6103
45;Toledo;45121 Ocaña;Total;1997;
45;Toledo;45121 Ocaña;Total;1996;6102
45;Toledo;45121 Ocaña;Hombres;2023;6935
45;Toledo;45121 Ocaña;Hombres;2022;6600
45;Toledo;45121 Ocaña;Hombres;2021;6564
45;Toledo;45121 Ocaña;Hombres;2020;6262
45;Toledo;45121 Ocaña;Hombres;2019;5849
45;Toledo;45121 Ocaña;Hombres;2018;5593
45;Toledo;45121 Ocaña;Hombres;2017;5418
45;Toledo;45121 Ocaña;Hombres;2016;5315
45;Toledo;45121 Ocaña;Hombres;2015;5506
45;Toledo;45121 Ocaña;Hombres;2014;5691
45;Toledo;45121 Ocaña;Hombres;2013;5625
45;Toledo;45121 Ocaña;Hombres;2012;5716
45;Toledo;45121 Ocaña;Hombres;2011;5447
45;Toledo;45121 Ocaña;Hombres;2010;5126
45;Toledo;45121 Ocaña;Hombres;2009;4831
45;Toledo;45121 Ocaña;Hombres;2008;4503
45;Toledo;45121 Ocaña;Hombres;2007;3962
45;Toledo;45121 Ocaña;Hombres;2006;3615
45;Toledo;45121 Ocaña;Hombres;2005;3488
45;Toledo;45121 Ocaña;Hombres;2004;3436
45;Toledo;45121 Ocaña;Hombres;2003;3374
45;Toledo;45121 Ocaña;Hombres;2002;3287
45;Toledo;45121 Ocaña;Hombres;2001;3135
45;Toledo;45121 Ocaña;Hombres;2000;3076
45;Toledo;45121 Ocaña;Hombres;1999;3040
45;Toledo;45121 Ocaña;Hombres;1998;3018
45;Toledo;45121 Ocaña;Hombres;1997;
45;Toledo;45121 Ocaña;Hombres;1996;3009
45;Toledo;45121 Ocaña;Mujeres;2023;6933
45;Toledo;45121 Ocaña;Mujeres;2022;6585
45;Toledo;45121 Ocaña;Mujeres;2021;6459
45;Toledo;45121 Ocaña;Mujeres;2020;6175
45;Toledo;45121 Ocaña;Mujeres;2019;5748
45;Toledo;45121 Ocaña;Mujeres;2018;5474
45;Toledo;45121 Ocaña;Mujeres;2017;5315
45;Toledo;45121 Ocaña;Mujeres;2016;5174
45;Toledo;45121 Ocaña;Mujeres;2015;5289
45;Toledo;45121 Ocaña;Mujeres;2014;5402
45;Toledo;45121 Ocaña;Mujeres;2013;5391
45;Toledo;45121 Ocaña;Mujeres;2012;5431
45;Toledo;45121 Ocaña;Mujeres;2011;5274
45;Toledo;45121 Ocaña;Mujeres;2010;4972
45;Toledo;45121 Ocaña;Mujeres;2009;4637
45;Toledo;45121 Ocaña;Mujeres;2008;4332
45;Toledo;45121 Ocaña;Mujeres;2007;3827
45;Toledo;45121 Ocaña;Mujeres;2006;3565
45;Toledo;45121 Ocaña;Mujeres;2005;3435
45;Toledo;45121 Ocaña;Mujeres;2004;3362
45;Toledo;45121 Ocaña;Mujeres;2003;3305
45;Toledo;45121 Ocaña;Mujeres;2002;3257
45;Toledo;45121 Ocaña;Mujeres;2001;3169
45;Toledo;45121 Ocaña;Mujeres;2000;3114
45;Toledo;45121 Ocaña;Mujeres;1999;3095
45;Toledo;45121 Ocaña;Mujeres;1998;3085
45;Toledo;45121 Ocaña;Mujeres;1997;
45;Toledo;45121 Ocaña;Mujeres;1996;3093
45;Toledo;45122 Olías del Rey;Total;2023;8705
45;Toledo;45122 Olías del Rey;Total;2022;8469
45;Toledo;45122 Olías del Rey;Total;2021;8225
45;Toledo;45122 Olías del Rey;Total;2020;8120
45;Toledo;45122 Olías del Rey;Total;2019;7880
45;Toledo;45122 Olías del Rey;Total;2018;7657
45;Toledo;45122 Olías del Rey;Total;2017;7587
45;Toledo;45122 Olías del Rey;Total;2016;7357
45;Toledo;45122 Olías del Rey;Total;2015;7229
45;Toledo;45122 Olías del Rey;Total;2014;7152
45;Toledo;45122 Olías del Rey;Total;2013;7175
45;Toledo;45122 Olías del Rey;Total;2012;7010
45;Toledo;45122 Olías del Rey;Total;2011;7002
45;Toledo;45122 Olías del Rey;Total;2010;6867
45;Toledo;45122 Olías del Rey;Total;2009;6656
45;Toledo;45122 Olías del Rey;Total;2008;6413
45;Toledo;45122 Olías del Rey;Total;2007;5961
45;Toledo;45122 Olías del Rey;Total;2006;5691
45;Toledo;45122 Olías del Rey;Total;2005;5600
45;Toledo;45122 Olías del Rey;Total;2004;5146
45;Toledo;45122 Olías del Rey;Total;2003;4939
45;Toledo;45122 Olías del Rey;Total;2002;4598
45;Toledo;45122 Olías del Rey;Total;2001;4449
45;Toledo;45122 Olías del Rey;Total;2000;4287
45;Toledo;45122 Olías del Rey;Total;1999;4178
45;Toledo;45122 Olías del Rey;Total;1998;4125
45;Toledo;45122 Olías del Rey;Total;1997;
45;Toledo;45122 Olías del Rey;Total;1996;4205
45;Toledo;45122 Olías del Rey;Hombres;2023;4401
45;Toledo;45122 Olías del Rey;Hombres;2022;4287
45;Toledo;45122 Olías del Rey;Hombres;2021;4179
45;Toledo;45122 Olías del Rey;Hombres;2020;4140
45;Toledo;45122 Olías del Rey;Hombres;2019;4043
45;Toledo;45122 Olías del Rey;Hombres;2018;3936
45;Toledo;45122 Olías del Rey;Hombres;2017;3876
45;Toledo;45122 Olías del Rey;Hombres;2016;3737
45;Toledo;45122 Olías del Rey;Hombres;2015;3682
45;Toledo;45122 Olías del Rey;Hombres;2014;3675
45;Toledo;45122 Olías del Rey;Hombres;2013;3673
45;Toledo;45122 Olías del Rey;Hombres;2012;3590
45;Toledo;45122 Olías del Rey;Hombres;2011;3630
45;Toledo;45122 Olías del Rey;Hombres;2010;3538
45;Toledo;45122 Olías del Rey;Hombres;2009;3459
45;Toledo;45122 Olías del Rey;Hombres;2008;3350
45;Toledo;45122 Olías del Rey;Hombres;2007;3084
45;Toledo;45122 Olías del Rey;Hombres;2006;2922
45;Toledo;45122 Olías del Rey;Hombres;2005;2883
45;Toledo;45122 Olías del Rey;Hombres;2004;2650
45;Toledo;45122 Olías del Rey;Hombres;2003;2550
45;Toledo;45122 Olías del Rey;Hombres;2002;2369
45;Toledo;45122 Olías del Rey;Hombres;2001;2260
45;Toledo;45122 Olías del Rey;Hombres;2000;2163
45;Toledo;45122 Olías del Rey;Hombres;1999;2095
45;Toledo;45122 Olías del Rey;Hombres;1998;2066
45;Toledo;45122 Olías del Rey;Hombres;1997;
45;Toledo;45122 Olías del Rey;Hombres;1996;2115
45;Toledo;45122 Olías del Rey;Mujeres;2023;4304
45;Toledo;45122 Olías del Rey;Mujeres;2022;4182
45;Toledo;45122 Olías del Rey;Mujeres;2021;4046
45;Toledo;45122 Olías del Rey;Mujeres;2020;3980
45;Toledo;45122 Olías del Rey;Mujeres;2019;3837
45;Toledo;45122 Olías del Rey;Mujeres;2018;3721
45;Toledo;45122 Olías del Rey;Mujeres;2017;3711
45;Toledo;45122 Olías del Rey;Mujeres;2016;3620
45;Toledo;45122 Olías del Rey;Mujeres;2015;3547
45;Toledo;45122 Olías del Rey;Mujeres;2014;3477
45;Toledo;45122 Olías del Rey;Mujeres;2013;3502
45;Toledo;45122 Olías del Rey;Mujeres;2012;3420
45;Toledo;45122 Olías del Rey;Mujeres;2011;3372
45;Toledo;45122 Olías del Rey;Mujeres;2010;3329
45;Toledo;45122 Olías del Rey;Mujeres;2009;3197
45;Toledo;45122 Olías del Rey;Mujeres;2008;3063
45;Toledo;45122 Olías del Rey;Mujeres;2007;2877
45;Toledo;45122 Olías del Rey;Mujeres;2006;2769
45;Toledo;45122 Olías del Rey;Mujeres;2005;2717
45;Toledo;45122 Olías del Rey;Mujeres;2004;2496
45;Toledo;45122 Olías del Rey;Mujeres;2003;2389
45;Toledo;45122 Olías del Rey;Mujeres;2002;2229
45;Toledo;45122 Olías del Rey;Mujeres;2001;2189
45;Toledo;45122 Olías del Rey;Mujeres;2000;2124
45;Toledo;45122 Olías del Rey;Mujeres;1999;2083
45;Toledo;45122 Olías del Rey;Mujeres;1998;2059
45;Toledo;45122 Olías del Rey;Mujeres;1997;
45;Toledo;45122 Olías del Rey;Mujeres;1996;2090
45;Toledo;45123 Ontígola;Total;2023;4916
45;Toledo;45123 Ontígola;Total;2022;4752
45;Toledo;45123 Ontígola;Total;2021;4743
45;Toledo;45123 Ontígola;Total;2020;4540
45;Toledo;45123 Ontígola;Total;2019;4387
45;Toledo;45123 Ontígola;Total;2018;4279
45;Toledo;45123 Ontígola;Total;2017;4272
45;Toledo;45123 Ontígola;Total;2016;4250
45;Toledo;45123 Ontígola;Total;2015;4232
45;Toledo;45123 Ontígola;Total;2014;4046
45;Toledo;45123 Ontígola;Total;2013;3937
45;Toledo;45123 Ontígola;Total;2012;4042
45;Toledo;45123 Ontígola;Total;2011;3979
45;Toledo;45123 Ontígola;Total;2010;3874
45;Toledo;45123 Ontígola;Total;2009;3665
45;Toledo;45123 Ontígola;Total;2008;3451
45;Toledo;45123 Ontígola;Total;2007;2927
45;Toledo;45123 Ontígola;Total;2006;2113
45;Toledo;45123 Ontígola;Total;2005;2115
45;Toledo;45123 Ontígola;Total;2004;1796
45;Toledo;45123 Ontígola;Total;2003;1620
45;Toledo;45123 Ontígola;Total;2002;1469
45;Toledo;45123 Ontígola;Total;2001;1340
45;Toledo;45123 Ontígola;Total;2000;1250
45;Toledo;45123 Ontígola;Total;1999;1192
45;Toledo;45123 Ontígola;Total;1998;1175
45;Toledo;45123 Ontígola;Total;1997;
45;Toledo;45123 Ontígola;Total;1996;1088
45;Toledo;45123 Ontígola;Hombres;2023;2582
45;Toledo;45123 Ontígola;Hombres;2022;2527
45;Toledo;45123 Ontígola;Hombres;2021;2523
45;Toledo;45123 Ontígola;Hombres;2020;2414
45;Toledo;45123 Ontígola;Hombres;2019;2336
45;Toledo;45123 Ontígola;Hombres;2018;2269
45;Toledo;45123 Ontígola;Hombres;2017;2274
45;Toledo;45123 Ontígola;Hombres;2016;2266
45;Toledo;45123 Ontígola;Hombres;2015;2257
45;Toledo;45123 Ontígola;Hombres;2014;2185
45;Toledo;45123 Ontígola;Hombres;2013;2129
45;Toledo;45123 Ontígola;Hombres;2012;2200
45;Toledo;45123 Ontígola;Hombres;2011;2164
45;Toledo;45123 Ontígola;Hombres;2010;2118
45;Toledo;45123 Ontígola;Hombres;2009;1996
45;Toledo;45123 Ontígola;Hombres;2008;1902
45;Toledo;45123 Ontígola;Hombres;2007;1591
45;Toledo;45123 Ontígola;Hombres;2006;1132
45;Toledo;45123 Ontígola;Hombres;2005;1128
45;Toledo;45123 Ontígola;Hombres;2004;966
45;Toledo;45123 Ontígola;Hombres;2003;876
45;Toledo;45123 Ontígola;Hombres;2002;791
45;Toledo;45123 Ontígola;Hombres;2001;729
45;Toledo;45123 Ontígola;Hombres;2000;676
45;Toledo;45123 Ontígola;Hombres;1999;643
45;Toledo;45123 Ontígola;Hombres;1998;636
45;Toledo;45123 Ontígola;Hombres;1997;
45;Toledo;45123 Ontígola;Hombres;1996;585
45;Toledo;45123 Ontígola;Mujeres;2023;2334
45;Toledo;45123 Ontígola;Mujeres;2022;2225
45;Toledo;45123 Ontígola;Mujeres;2021;2220
45;Toledo;45123 Ontígola;Mujeres;2020;2126
45;Toledo;45123 Ontígola;Mujeres;2019;2051
45;Toledo;45123 Ontígola;Mujeres;2018;2010
45;Toledo;45123 Ontígola;Mujeres;2017;1998
45;Toledo;45123 Ontígola;Mujeres;2016;1984
45;Toledo;45123 Ontígola;Mujeres;2015;1975
45;Toledo;45123 Ontígola;Mujeres;2014;1861
45;Toledo;45123 Ontígola;Mujeres;2013;1808
45;Toledo;45123 Ontígola;Mujeres;2012;1842
45;Toledo;45123 Ontígola;Mujeres;2011;1815
45;Toledo;45123 Ontígola;Mujeres;2010;1756
45;Toledo;45123 Ontígola;Mujeres;2009;1669
45;Toledo;45123 Ontígola;Mujeres;2008;1549
45;Toledo;45123 Ontígola;Mujeres;2007;1336
45;Toledo;45123 Ontígola;Mujeres;2006;981
45;Toledo;45123 Ontígola;Mujeres;2005;987
45;Toledo;45123 Ontígola;Mujeres;2004;830
45;Toledo;45123 Ontígola;Mujeres;2003;744
45;Toledo;45123 Ontígola;Mujeres;2002;678
45;Toledo;45123 Ontígola;Mujeres;2001;611
45;Toledo;45123 Ontígola;Mujeres;2000;574
45;Toledo;45123 Ontígola;Mujeres;1999;549
45;Toledo;45123 Ontígola;Mujeres;1998;539
45;Toledo;45123 Ontígola;Mujeres;1997;
45;Toledo;45123 Ontígola;Mujeres;1996;503
45;Toledo;45124 Orgaz;Total;2023;2600
45;Toledo;45124 Orgaz;Total;2022;2584
45;Toledo;45124 Orgaz;Total;2021;2625
45;Toledo;45124 Orgaz;Total;2020;2605
45;Toledo;45124 Orgaz;Total;2019;2602
45;Toledo;45124 Orgaz;Total;2018;2624
45;Toledo;45124 Orgaz;Total;2017;2675
45;Toledo;45124 Orgaz;Total;2016;2706
45;Toledo;45124 Orgaz;Total;2015;2738
45;Toledo;45124 Orgaz;Total;2014;2727
45;Toledo;45124 Orgaz;Total;2013;2758
45;Toledo;45124 Orgaz;Total;2012;2804
45;Toledo;45124 Orgaz;Total;2011;2807
45;Toledo;45124 Orgaz;Total;2010;2827
45;Toledo;45124 Orgaz;Total;2009;2843
45;Toledo;45124 Orgaz;Total;2008;2838
45;Toledo;45124 Orgaz;Total;2007;2772
45;Toledo;45124 Orgaz;Total;2006;2732
45;Toledo;45124 Orgaz;Total;2005;2762
45;Toledo;45124 Orgaz;Total;2004;2739
45;Toledo;45124 Orgaz;Total;2003;2720
45;Toledo;45124 Orgaz;Total;2002;2671
45;Toledo;45124 Orgaz;Total;2001;2666
45;Toledo;45124 Orgaz;Total;2000;2672
45;Toledo;45124 Orgaz;Total;1999;2668
45;Toledo;45124 Orgaz;Total;1998;2664
45;Toledo;45124 Orgaz;Total;1997;
45;Toledo;45124 Orgaz;Total;1996;2670
45;Toledo;45124 Orgaz;Hombres;2023;1310
45;Toledo;45124 Orgaz;Hombres;2022;1298
45;Toledo;45124 Orgaz;Hombres;2021;1311
45;Toledo;45124 Orgaz;Hombres;2020;1303
45;Toledo;45124 Orgaz;Hombres;2019;1293
45;Toledo;45124 Orgaz;Hombres;2018;1311
45;Toledo;45124 Orgaz;Hombres;2017;1334
45;Toledo;45124 Orgaz;Hombres;2016;1349
45;Toledo;45124 Orgaz;Hombres;2015;1367
45;Toledo;45124 Orgaz;Hombres;2014;1364
45;Toledo;45124 Orgaz;Hombres;2013;1380
45;Toledo;45124 Orgaz;Hombres;2012;1410
45;Toledo;45124 Orgaz;Hombres;2011;1407
45;Toledo;45124 Orgaz;Hombres;2010;1415
45;Toledo;45124 Orgaz;Hombres;2009;1422
45;Toledo;45124 Orgaz;Hombres;2008;1423
45;Toledo;45124 Orgaz;Hombres;2007;1387
45;Toledo;45124 Orgaz;Hombres;2006;1368
45;Toledo;45124 Orgaz;Hombres;2005;1385
45;Toledo;45124 Orgaz;Hombres;2004;1381
45;Toledo;45124 Orgaz;Hombres;2003;1364
45;Toledo;45124 Orgaz;Hombres;2002;1329
45;Toledo;45124 Orgaz;Hombres;2001;1330
45;Toledo;45124 Orgaz;Hombres;2000;1327
45;Toledo;45124 Orgaz;Hombres;1999;1337
45;Toledo;45124 Orgaz;Hombres;1998;1336
45;Toledo;45124 Orgaz;Hombres;1997;
45;Toledo;45124 Orgaz;Hombres;1996;1347
45;Toledo;45124 Orgaz;Mujeres;2023;1290
45;Toledo;45124 Orgaz;Mujeres;2022;1286
45;Toledo;45124 Orgaz;Mujeres;2021;1314
45;Toledo;45124 Orgaz;Mujeres;2020;1302
45;Toledo;45124 Orgaz;Mujeres;2019;1309
45;Toledo;45124 Orgaz;Mujeres;2018;1313
45;Toledo;45124 Orgaz;Mujeres;2017;1341
45;Toledo;45124 Orgaz;Mujeres;2016;1357
45;Toledo;45124 Orgaz;Mujeres;2015;1371
45;Toledo;45124 Orgaz;Mujeres;2014;1363
45;Toledo;45124 Orgaz;Mujeres;2013;1378
45;Toledo;45124 Orgaz;Mujeres;2012;1394
45;Toledo;45124 Orgaz;Mujeres;2011;1400
45;Toledo;45124 Orgaz;Mujeres;2010;1412
45;Toledo;45124 Orgaz;Mujeres;2009;1421
45;Toledo;45124 Orgaz;Mujeres;2008;1415
45;Toledo;45124 Orgaz;Mujeres;2007;1385
45;Toledo;45124 Orgaz;Mujeres;2006;1364
45;Toledo;45124 Orgaz;Mujeres;2005;1377
45;Toledo;45124 Orgaz;Mujeres;2004;1358
45;Toledo;45124 Orgaz;Mujeres;2003;1356
45;Toledo;45124 Orgaz;Mujeres;2002;1342
45;Toledo;45124 Orgaz;Mujeres;2001;1336
45;Toledo;45124 Orgaz;Mujeres;2000;1345
45;Toledo;45124 Orgaz;Mujeres;1999;1331
45;Toledo;45124 Orgaz;Mujeres;1998;1328
45;Toledo;45124 Orgaz;Mujeres;1997;
45;Toledo;45124 Orgaz;Mujeres;1996;1323
45;Toledo;45125 Oropesa;Total;2023;2600
45;Toledo;45125 Oropesa;Total;2022;2607
45;Toledo;45125 Oropesa;Total;2021;2626
45;Toledo;45125 Oropesa;Total;2020;2626
45;Toledo;45125 Oropesa;Total;2019;2662
45;Toledo;45125 Oropesa;Total;2018;2658
45;Toledo;45125 Oropesa;Total;2017;2730
45;Toledo;45125 Oropesa;Total;2016;2744
45;Toledo;45125 Oropesa;Total;2015;2771
45;Toledo;45125 Oropesa;Total;2014;2818
45;Toledo;45125 Oropesa;Total;2013;2852
45;Toledo;45125 Oropesa;Total;2012;2902
45;Toledo;45125 Oropesa;Total;2011;2917
45;Toledo;45125 Oropesa;Total;2010;2942
45;Toledo;45125 Oropesa;Total;2009;2937
45;Toledo;45125 Oropesa;Total;2008;2940
45;Toledo;45125 Oropesa;Total;2007;2870
45;Toledo;45125 Oropesa;Total;2006;2860
45;Toledo;45125 Oropesa;Total;2005;2869
45;Toledo;45125 Oropesa;Total;2004;2836
45;Toledo;45125 Oropesa;Total;2003;2846
45;Toledo;45125 Oropesa;Total;2002;2716
45;Toledo;45125 Oropesa;Total;2001;2691
45;Toledo;45125 Oropesa;Total;2000;2717
45;Toledo;45125 Oropesa;Total;1999;2736
45;Toledo;45125 Oropesa;Total;1998;2736
45;Toledo;45125 Oropesa;Total;1997;
45;Toledo;45125 Oropesa;Total;1996;2834
45;Toledo;45125 Oropesa;Hombres;2023;1245
45;Toledo;45125 Oropesa;Hombres;2022;1250
45;Toledo;45125 Oropesa;Hombres;2021;1260
45;Toledo;45125 Oropesa;Hombres;2020;1260
45;Toledo;45125 Oropesa;Hombres;2019;1296
45;Toledo;45125 Oropesa;Hombres;2018;1308
45;Toledo;45125 Oropesa;Hombres;2017;1347
45;Toledo;45125 Oropesa;Hombres;2016;1347
45;Toledo;45125 Oropesa;Hombres;2015;1361
45;Toledo;45125 Oropesa;Hombres;2014;1383
45;Toledo;45125 Oropesa;Hombres;2013;1390
45;Toledo;45125 Oropesa;Hombres;2012;1421
45;Toledo;45125 Oropesa;Hombres;2011;1435
45;Toledo;45125 Oropesa;Hombres;2010;1447
45;Toledo;45125 Oropesa;Hombres;2009;1444
45;Toledo;45125 Oropesa;Hombres;2008;1454
45;Toledo;45125 Oropesa;Hombres;2007;1411
45;Toledo;45125 Oropesa;Hombres;2006;1397
45;Toledo;45125 Oropesa;Hombres;2005;1392
45;Toledo;45125 Oropesa;Hombres;2004;1374
45;Toledo;45125 Oropesa;Hombres;2003;1381
45;Toledo;45125 Oropesa;Hombres;2002;1333
45;Toledo;45125 Oropesa;Hombres;2001;1328
45;Toledo;45125 Oropesa;Hombres;2000;1342
45;Toledo;45125 Oropesa;Hombres;1999;1360
45;Toledo;45125 Oropesa;Hombres;1998;1361
45;Toledo;45125 Oropesa;Hombres;1997;
45;Toledo;45125 Oropesa;Hombres;1996;1410
45;Toledo;45125 Oropesa;Mujeres;2023;1355
45;Toledo;45125 Oropesa;Mujeres;2022;1357
45;Toledo;45125 Oropesa;Mujeres;2021;1366
45;Toledo;45125 Oropesa;Mujeres;2020;1366
45;Toledo;45125 Oropesa;Mujeres;2019;1366
45;Toledo;45125 Oropesa;Mujeres;2018;1350
45;Toledo;45125 Oropesa;Mujeres;2017;1383
45;Toledo;45125 Oropesa;Mujeres;2016;1397
45;Toledo;45125 Oropesa;Mujeres;2015;1410
45;Toledo;45125 Oropesa;Mujeres;2014;1435
45;Toledo;45125 Oropesa;Mujeres;2013;1462
45;Toledo;45125 Oropesa;Mujeres;2012;1481
45;Toledo;45125 Oropesa;Mujeres;2011;1482
45;Toledo;45125 Oropesa;Mujeres;2010;1495
45;Toledo;45125 Oropesa;Mujeres;2009;1493
45;Toledo;45125 Oropesa;Mujeres;2008;1486
45;Toledo;45125 Oropesa;Mujeres;2007;1459
45;Toledo;45125 Oropesa;Mujeres;2006;1463
45;Toledo;45125 Oropesa;Mujeres;2005;1477
45;Toledo;45125 Oropesa;Mujeres;2004;1462
45;Toledo;45125 Oropesa;Mujeres;2003;1465
45;Toledo;45125 Oropesa;Mujeres;2002;1383
45;Toledo;45125 Oropesa;Mujeres;2001;1363
45;Toledo;45125 Oropesa;Mujeres;2000;1375
45;Toledo;45125 Oropesa;Mujeres;1999;1376
45;Toledo;45125 Oropesa;Mujeres;1998;1375
45;Toledo;45125 Oropesa;Mujeres;1997;
45;Toledo;45125 Oropesa;Mujeres;1996;1424
45;Toledo;45126 Otero;Total;2023;419
45;Toledo;45126 Otero;Total;2022;357
45;Toledo;45126 Otero;Total;2021;310
45;Toledo;45126 Otero;Total;2020;315
45;Toledo;45126 Otero;Total;2019;331
45;Toledo;45126 Otero;Total;2018;338
45;Toledo;45126 Otero;Total;2017;343
45;Toledo;45126 Otero;Total;2016;356
45;Toledo;45126 Otero;Total;2015;371
45;Toledo;45126 Otero;Total;2014;388
45;Toledo;45126 Otero;Total;2013;376
45;Toledo;45126 Otero;Total;2012;381
45;Toledo;45126 Otero;Total;2011;381
45;Toledo;45126 Otero;Total;2010;364
45;Toledo;45126 Otero;Total;2009;350
45;Toledo;45126 Otero;Total;2008;328
45;Toledo;45126 Otero;Total;2007;285
45;Toledo;45126 Otero;Total;2006;244
45;Toledo;45126 Otero;Total;2005;238
45;Toledo;45126 Otero;Total;2004;214
45;Toledo;45126 Otero;Total;2003;200
45;Toledo;45126 Otero;Total;2002;188
45;Toledo;45126 Otero;Total;2001;191
45;Toledo;45126 Otero;Total;2000;203
45;Toledo;45126 Otero;Total;1999;210
45;Toledo;45126 Otero;Total;1998;213
45;Toledo;45126 Otero;Total;1997;
45;Toledo;45126 Otero;Total;1996;230
45;Toledo;45126 Otero;Hombres;2023;224
45;Toledo;45126 Otero;Hombres;2022;190
45;Toledo;45126 Otero;Hombres;2021;167
45;Toledo;45126 Otero;Hombres;2020;165
45;Toledo;45126 Otero;Hombres;2019;176
45;Toledo;45126 Otero;Hombres;2018;177
45;Toledo;45126 Otero;Hombres;2017;172
45;Toledo;45126 Otero;Hombres;2016;183
45;Toledo;45126 Otero;Hombres;2015;189
45;Toledo;45126 Otero;Hombres;2014;192
45;Toledo;45126 Otero;Hombres;2013;187
45;Toledo;45126 Otero;Hombres;2012;189
45;Toledo;45126 Otero;Hombres;2011;186
45;Toledo;45126 Otero;Hombres;2010;169
45;Toledo;45126 Otero;Hombres;2009;164
45;Toledo;45126 Otero;Hombres;2008;154
45;Toledo;45126 Otero;Hombres;2007;136
45;Toledo;45126 Otero;Hombres;2006;112
45;Toledo;45126 Otero;Hombres;2005;110
45;Toledo;45126 Otero;Hombres;2004;99
45;Toledo;45126 Otero;Hombres;2003;95
45;Toledo;45126 Otero;Hombres;2002;89
45;Toledo;45126 Otero;Hombres;2001;88
45;Toledo;45126 Otero;Hombres;2000;95
45;Toledo;45126 Otero;Hombres;1999;100
45;Toledo;45126 Otero;Hombres;1998;103
45;Toledo;45126 Otero;Hombres;1997;
45;Toledo;45126 Otero;Hombres;1996;114
45;Toledo;45126 Otero;Mujeres;2023;195
45;Toledo;45126 Otero;Mujeres;2022;167
45;Toledo;45126 Otero;Mujeres;2021;143
45;Toledo;45126 Otero;Mujeres;2020;150
45;Toledo;45126 Otero;Mujeres;2019;155
45;Toledo;45126 Otero;Mujeres;2018;161
45;Toledo;45126 Otero;Mujeres;2017;171
45;Toledo;45126 Otero;Mujeres;2016;173
45;Toledo;45126 Otero;Mujeres;2015;182
45;Toledo;45126 Otero;Mujeres;2014;196
45;Toledo;45126 Otero;Mujeres;2013;189
45;Toledo;45126 Otero;Mujeres;2012;192
45;Toledo;45126 Otero;Mujeres;2011;195
45;Toledo;45126 Otero;Mujeres;2010;195
45;Toledo;45126 Otero;Mujeres;2009;186
45;Toledo;45126 Otero;Mujeres;2008;174
45;Toledo;45126 Otero;Mujeres;2007;149
45;Toledo;45126 Otero;Mujeres;2006;132
45;Toledo;45126 Otero;Mujeres;2005;128
45;Toledo;45126 Otero;Mujeres;2004;115
45;Toledo;45126 Otero;Mujeres;2003;105
45;Toledo;45126 Otero;Mujeres;2002;99
45;Toledo;45126 Otero;Mujeres;2001;103
45;Toledo;45126 Otero;Mujeres;2000;108
45;Toledo;45126 Otero;Mujeres;1999;110
45;Toledo;45126 Otero;Mujeres;1998;110
45;Toledo;45126 Otero;Mujeres;1997;
45;Toledo;45126 Otero;Mujeres;1996;116
45;Toledo;45127 Palomeque;Total;2023;1143
45;Toledo;45127 Palomeque;Total;2022;1126
45;Toledo;45127 Palomeque;Total;2021;1081
45;Toledo;45127 Palomeque;Total;2020;1011
45;Toledo;45127 Palomeque;Total;2019;971
45;Toledo;45127 Palomeque;Total;2018;907
45;Toledo;45127 Palomeque;Total;2017;894
45;Toledo;45127 Palomeque;Total;2016;876
45;Toledo;45127 Palomeque;Total;2015;902
45;Toledo;45127 Palomeque;Total;2014;825
45;Toledo;45127 Palomeque;Total;2013;905
45;Toledo;45127 Palomeque;Total;2012;928
45;Toledo;45127 Palomeque;Total;2011;944
45;Toledo;45127 Palomeque;Total;2010;922
45;Toledo;45127 Palomeque;Total;2009;917
45;Toledo;45127 Palomeque;Total;2008;878
45;Toledo;45127 Palomeque;Total;2007;825
45;Toledo;45127 Palomeque;Total;2006;739
45;Toledo;45127 Palomeque;Total;2005;674
45;Toledo;45127 Palomeque;Total;2004;629
45;Toledo;45127 Palomeque;Total;2003;432
45;Toledo;45127 Palomeque;Total;2002;453
45;Toledo;45127 Palomeque;Total;2001;464
45;Toledo;45127 Palomeque;Total;2000;483
45;Toledo;45127 Palomeque;Total;1999;475
45;Toledo;45127 Palomeque;Total;1998;485
45;Toledo;45127 Palomeque;Total;1997;
45;Toledo;45127 Palomeque;Total;1996;465
45;Toledo;45127 Palomeque;Hombres;2023;624
45;Toledo;45127 Palomeque;Hombres;2022;612
45;Toledo;45127 Palomeque;Hombres;2021;582
45;Toledo;45127 Palomeque;Hombres;2020;541
45;Toledo;45127 Palomeque;Hombres;2019;522
45;Toledo;45127 Palomeque;Hombres;2018;487
45;Toledo;45127 Palomeque;Hombres;2017;477
45;Toledo;45127 Palomeque;Hombres;2016;477
45;Toledo;45127 Palomeque;Hombres;2015;488
45;Toledo;45127 Palomeque;Hombres;2014;452
45;Toledo;45127 Palomeque;Hombres;2013;498
45;Toledo;45127 Palomeque;Hombres;2012;503
45;Toledo;45127 Palomeque;Hombres;2011;517
45;Toledo;45127 Palomeque;Hombres;2010;503
45;Toledo;45127 Palomeque;Hombres;2009;497
45;Toledo;45127 Palomeque;Hombres;2008;476
45;Toledo;45127 Palomeque;Hombres;2007;444
45;Toledo;45127 Palomeque;Hombres;2006;388
45;Toledo;45127 Palomeque;Hombres;2005;355
45;Toledo;45127 Palomeque;Hombres;2004;329
45;Toledo;45127 Palomeque;Hombres;2003;225
45;Toledo;45127 Palomeque;Hombres;2002;235
45;Toledo;45127 Palomeque;Hombres;2001;243
45;Toledo;45127 Palomeque;Hombres;2000;252
45;Toledo;45127 Palomeque;Hombres;1999;251
45;Toledo;45127 Palomeque;Hombres;1998;254
45;Toledo;45127 Palomeque;Hombres;1997;
45;Toledo;45127 Palomeque;Hombres;1996;234
45;Toledo;45127 Palomeque;Mujeres;2023;519
45;Toledo;45127 Palomeque;Mujeres;2022;514
45;Toledo;45127 Palomeque;Mujeres;2021;499
45;Toledo;45127 Palomeque;Mujeres;2020;470
45;Toledo;45127 Palomeque;Mujeres;2019;449
45;Toledo;45127 Palomeque;Mujeres;2018;420
45;Toledo;45127 Palomeque;Mujeres;2017;417
45;Toledo;45127 Palomeque;Mujeres;2016;399
45;Toledo;45127 Palomeque;Mujeres;2015;414
45;Toledo;45127 Palomeque;Mujeres;2014;373
45;Toledo;45127 Palomeque;Mujeres;2013;407
45;Toledo;45127 Palomeque;Mujeres;2012;425
45;Toledo;45127 Palomeque;Mujeres;2011;427
45;Toledo;45127 Palomeque;Mujeres;2010;419
45;Toledo;45127 Palomeque;Mujeres;2009;420
45;Toledo;45127 Palomeque;Mujeres;2008;402
45;Toledo;45127 Palomeque;Mujeres;2007;381
45;Toledo;45127 Palomeque;Mujeres;2006;351
45;Toledo;45127 Palomeque;Mujeres;2005;319
45;Toledo;45127 Palomeque;Mujeres;2004;300
45;Toledo;45127 Palomeque;Mujeres;2003;207
45;Toledo;45127 Palomeque;Mujeres;2002;218
45;Toledo;45127 Palomeque;Mujeres;2001;221
45;Toledo;45127 Palomeque;Mujeres;2000;231
45;Toledo;45127 Palomeque;Mujeres;1999;224
45;Toledo;45127 Palomeque;Mujeres;1998;231
45;Toledo;45127 Palomeque;Mujeres;1997;
45;Toledo;45127 Palomeque;Mujeres;1996;231
45;Toledo;45128 Pantoja;Total;2023;3551
45;Toledo;45128 Pantoja;Total;2022;3506
45;Toledo;45128 Pantoja;Total;2021;3408
45;Toledo;45128 Pantoja;Total;2020;3394
45;Toledo;45128 Pantoja;Total;2019;3317
45;Toledo;45128 Pantoja;Total;2018;3238
45;Toledo;45128 Pantoja;Total;2017;3277
45;Toledo;45128 Pantoja;Total;2016;3335
45;Toledo;45128 Pantoja;Total;2015;3409
45;Toledo;45128 Pantoja;Total;2014;3424
45;Toledo;45128 Pantoja;Total;2013;3524
45;Toledo;45128 Pantoja;Total;2012;3360
45;Toledo;45128 Pantoja;Total;2011;3392
45;Toledo;45128 Pantoja;Total;2010;3388
45;Toledo;45128 Pantoja;Total;2009;3441
45;Toledo;45128 Pantoja;Total;2008;3427
45;Toledo;45128 Pantoja;Total;2007;3301
45;Toledo;45128 Pantoja;Total;2006;3155
45;Toledo;45128 Pantoja;Total;2005;3065
45;Toledo;45128 Pantoja;Total;2004;2944
45;Toledo;45128 Pantoja;Total;2003;2789
45;Toledo;45128 Pantoja;Total;2002;2683
45;Toledo;45128 Pantoja;Total;2001;2590
45;Toledo;45128 Pantoja;Total;2000;2469
45;Toledo;45128 Pantoja;Total;1999;2403
45;Toledo;45128 Pantoja;Total;1998;2344
45;Toledo;45128 Pantoja;Total;1997;
45;Toledo;45128 Pantoja;Total;1996;2282
45;Toledo;45128 Pantoja;Hombres;2023;1785
45;Toledo;45128 Pantoja;Hombres;2022;1746
45;Toledo;45128 Pantoja;Hombres;2021;1713
45;Toledo;45128 Pantoja;Hombres;2020;1705
45;Toledo;45128 Pantoja;Hombres;2019;1660
45;Toledo;45128 Pantoja;Hombres;2018;1629
45;Toledo;45128 Pantoja;Hombres;2017;1646
45;Toledo;45128 Pantoja;Hombres;2016;1678
45;Toledo;45128 Pantoja;Hombres;2015;1719
45;Toledo;45128 Pantoja;Hombres;2014;1723
45;Toledo;45128 Pantoja;Hombres;2013;1791
45;Toledo;45128 Pantoja;Hombres;2012;1695
45;Toledo;45128 Pantoja;Hombres;2011;1705
45;Toledo;45128 Pantoja;Hombres;2010;1700
45;Toledo;45128 Pantoja;Hombres;2009;1732
45;Toledo;45128 Pantoja;Hombres;2008;1734
45;Toledo;45128 Pantoja;Hombres;2007;1675
45;Toledo;45128 Pantoja;Hombres;2006;1599
45;Toledo;45128 Pantoja;Hombres;2005;1558
45;Toledo;45128 Pantoja;Hombres;2004;1493
45;Toledo;45128 Pantoja;Hombres;2003;1405
45;Toledo;45128 Pantoja;Hombres;2002;1358
45;Toledo;45128 Pantoja;Hombres;2001;1323
45;Toledo;45128 Pantoja;Hombres;2000;1264
45;Toledo;45128 Pantoja;Hombres;1999;1226
45;Toledo;45128 Pantoja;Hombres;1998;1200
45;Toledo;45128 Pantoja;Hombres;1997;
45;Toledo;45128 Pantoja;Hombres;1996;1168
45;Toledo;45128 Pantoja;Mujeres;2023;1766
45;Toledo;45128 Pantoja;Mujeres;2022;1760
45;Toledo;45128 Pantoja;Mujeres;2021;1695
45;Toledo;45128 Pantoja;Mujeres;2020;1689
45;Toledo;45128 Pantoja;Mujeres;2019;1657
45;Toledo;45128 Pantoja;Mujeres;2018;1609
45;Toledo;45128 Pantoja;Mujeres;2017;1631
45;Toledo;45128 Pantoja;Mujeres;2016;1657
45;Toledo;45128 Pantoja;Mujeres;2015;1690
45;Toledo;45128 Pantoja;Mujeres;2014;1701
45;Toledo;45128 Pantoja;Mujeres;2013;1733
45;Toledo;45128 Pantoja;Mujeres;2012;1665
45;Toledo;45128 Pantoja;Mujeres;2011;1687
45;Toledo;45128 Pantoja;Mujeres;2010;1688
45;Toledo;45128 Pantoja;Mujeres;2009;1709
45;Toledo;45128 Pantoja;Mujeres;2008;1693
45;Toledo;45128 Pantoja;Mujeres;2007;1626
45;Toledo;45128 Pantoja;Mujeres;2006;1556
45;Toledo;45128 Pantoja;Mujeres;2005;1507
45;Toledo;45128 Pantoja;Mujeres;2004;1451
45;Toledo;45128 Pantoja;Mujeres;2003;1384
45;Toledo;45128 Pantoja;Mujeres;2002;1325
45;Toledo;45128 Pantoja;Mujeres;2001;1267
45;Toledo;45128 Pantoja;Mujeres;2000;1205
45;Toledo;45128 Pantoja;Mujeres;1999;1177
45;Toledo;45128 Pantoja;Mujeres;1998;1144
45;Toledo;45128 Pantoja;Mujeres;1997;
45;Toledo;45128 Pantoja;Mujeres;1996;1114
45;Toledo;45129 Paredes de Escalona;Total;2023;126
45;Toledo;45129 Paredes de Escalona;Total;2022;122
45;Toledo;45129 Paredes de Escalona;Total;2021;110
45;Toledo;45129 Paredes de Escalona;Total;2020;112
45;Toledo;45129 Paredes de Escalona;Total;2019;111
45;Toledo;45129 Paredes de Escalona;Total;2018;119
45;Toledo;45129 Paredes de Escalona;Total;2017;129
45;Toledo;45129 Paredes de Escalona;Total;2016;137
45;Toledo;45129 Paredes de Escalona;Total;2015;142
45;Toledo;45129 Paredes de Escalona;Total;2014;158
45;Toledo;45129 Paredes de Escalona;Total;2013;156
45;Toledo;45129 Paredes de Escalona;Total;2012;159
45;Toledo;45129 Paredes de Escalona;Total;2011;162
45;Toledo;45129 Paredes de Escalona;Total;2010;158
45;Toledo;45129 Paredes de Escalona;Total;2009;168
45;Toledo;45129 Paredes de Escalona;Total;2008;171
45;Toledo;45129 Paredes de Escalona;Total;2007;151
45;Toledo;45129 Paredes de Escalona;Total;2006;145
45;Toledo;45129 Paredes de Escalona;Total;2005;124
45;Toledo;45129 Paredes de Escalona;Total;2004;112
45;Toledo;45129 Paredes de Escalona;Total;2003;120
45;Toledo;45129 Paredes de Escalona;Total;2002;113
45;Toledo;45129 Paredes de Escalona;Total;2001;115
45;Toledo;45129 Paredes de Escalona;Total;2000;116
45;Toledo;45129 Paredes de Escalona;Total;1999;120
45;Toledo;45129 Paredes de Escalona;Total;1998;111
45;Toledo;45129 Paredes de Escalona;Total;1997;
45;Toledo;45129 Paredes de Escalona;Total;1996;111
45;Toledo;45129 Paredes de Escalona;Hombres;2023;70
45;Toledo;45129 Paredes de Escalona;Hombres;2022;66
45;Toledo;45129 Paredes de Escalona;Hombres;2021;58
45;Toledo;45129 Paredes de Escalona;Hombres;2020;60
45;Toledo;45129 Paredes de Escalona;Hombres;2019;54
45;Toledo;45129 Paredes de Escalona;Hombres;2018;58
45;Toledo;45129 Paredes de Escalona;Hombres;2017;62
45;Toledo;45129 Paredes de Escalona;Hombres;2016;65
45;Toledo;45129 Paredes de Escalona;Hombres;2015;69
45;Toledo;45129 Paredes de Escalona;Hombres;2014;82
45;Toledo;45129 Paredes de Escalona;Hombres;2013;76
45;Toledo;45129 Paredes de Escalona;Hombres;2012;77
45;Toledo;45129 Paredes de Escalona;Hombres;2011;76
45;Toledo;45129 Paredes de Escalona;Hombres;2010;71
45;Toledo;45129 Paredes de Escalona;Hombres;2009;77
45;Toledo;45129 Paredes de Escalona;Hombres;2008;75
45;Toledo;45129 Paredes de Escalona;Hombres;2007;64
45;Toledo;45129 Paredes de Escalona;Hombres;2006;64
45;Toledo;45129 Paredes de Escalona;Hombres;2005;53
45;Toledo;45129 Paredes de Escalona;Hombres;2004;48
45;Toledo;45129 Paredes de Escalona;Hombres;2003;53
45;Toledo;45129 Paredes de Escalona;Hombres;2002;52
45;Toledo;45129 Paredes de Escalona;Hombres;2001;57
45;Toledo;45129 Paredes de Escalona;Hombres;2000;56
45;Toledo;45129 Paredes de Escalona;Hombres;1999;57
45;Toledo;45129 Paredes de Escalona;Hombres;1998;57
45;Toledo;45129 Paredes de Escalona;Hombres;1997;
45;Toledo;45129 Paredes de Escalona;Hombres;1996;54
45;Toledo;45129 Paredes de Escalona;Mujeres;2023;56
45;Toledo;45129 Paredes de Escalona;Mujeres;2022;56
45;Toledo;45129 Paredes de Escalona;Mujeres;2021;52
45;Toledo;45129 Paredes de Escalona;Mujeres;2020;52
45;Toledo;45129 Paredes de Escalona;Mujeres;2019;57
45;Toledo;45129 Paredes de Escalona;Mujeres;2018;61
45;Toledo;45129 Paredes de Escalona;Mujeres;2017;67
45;Toledo;45129 Paredes de Escalona;Mujeres;2016;72
45;Toledo;45129 Paredes de Escalona;Mujeres;2015;73
45;Toledo;45129 Paredes de Escalona;Mujeres;2014;76
45;Toledo;45129 Paredes de Escalona;Mujeres;2013;80
45;Toledo;45129 Paredes de Escalona;Mujeres;2012;82
45;Toledo;45129 Paredes de Escalona;Mujeres;2011;86
45;Toledo;45129 Paredes de Escalona;Mujeres;2010;87
45;Toledo;45129 Paredes de Escalona;Mujeres;2009;91
45;Toledo;45129 Paredes de Escalona;Mujeres;2008;96
45;Toledo;45129 Paredes de Escalona;Mujeres;2007;87
45;Toledo;45129 Paredes de Escalona;Mujeres;2006;81
45;Toledo;45129 Paredes de Escalona;Mujeres;2005;71
45;Toledo;45129 Paredes de Escalona;Mujeres;2004;64
45;Toledo;45129 Paredes de Escalona;Mujeres;2003;67
45;Toledo;45129 Paredes de Escalona;Mujeres;2002;61
45;Toledo;45129 Paredes de Escalona;Mujeres;2001;58
45;Toledo;45129 Paredes de Escalona;Mujeres;2000;60
45;Toledo;45129 Paredes de Escalona;Mujeres;1999;63
45;Toledo;45129 Paredes de Escalona;Mujeres;1998;54
45;Toledo;45129 Paredes de Escalona;Mujeres;1997;
45;Toledo;45129 Paredes de Escalona;Mujeres;1996;57
45;Toledo;45130 Parrillas;Total;2023;352
45;Toledo;45130 Parrillas;Total;2022;337
45;Toledo;45130 Parrillas;Total;2021;325
45;Toledo;45130 Parrillas;Total;2020;338
45;Toledo;45130 Parrillas;Total;2019;352
45;Toledo;45130 Parrillas;Total;2018;343
45;Toledo;45130 Parrillas;Total;2017;355
45;Toledo;45130 Parrillas;Total;2016;365
45;Toledo;45130 Parrillas;Total;2015;375
45;Toledo;45130 Parrillas;Total;2014;374
45;Toledo;45130 Parrillas;Total;2013;404
45;Toledo;45130 Parrillas;Total;2012;411
45;Toledo;45130 Parrillas;Total;2011;418
45;Toledo;45130 Parrillas;Total;2010;424
45;Toledo;45130 Parrillas;Total;2009;417
45;Toledo;45130 Parrillas;Total;2008;418
45;Toledo;45130 Parrillas;Total;2007;422
45;Toledo;45130 Parrillas;Total;2006;410
45;Toledo;45130 Parrillas;Total;2005;423
45;Toledo;45130 Parrillas;Total;2004;411
45;Toledo;45130 Parrillas;Total;2003;414
45;Toledo;45130 Parrillas;Total;2002;424
45;Toledo;45130 Parrillas;Total;2001;414
45;Toledo;45130 Parrillas;Total;2000;423
45;Toledo;45130 Parrillas;Total;1999;434
45;Toledo;45130 Parrillas;Total;1998;441
45;Toledo;45130 Parrillas;Total;1997;
45;Toledo;45130 Parrillas;Total;1996;474
45;Toledo;45130 Parrillas;Hombres;2023;185
45;Toledo;45130 Parrillas;Hombres;2022;178
45;Toledo;45130 Parrillas;Hombres;2021;171
45;Toledo;45130 Parrillas;Hombres;2020;178
45;Toledo;45130 Parrillas;Hombres;2019;187
45;Toledo;45130 Parrillas;Hombres;2018;184
45;Toledo;45130 Parrillas;Hombres;2017;192
45;Toledo;45130 Parrillas;Hombres;2016;192
45;Toledo;45130 Parrillas;Hombres;2015;194
45;Toledo;45130 Parrillas;Hombres;2014;194
45;Toledo;45130 Parrillas;Hombres;2013;202
45;Toledo;45130 Parrillas;Hombres;2012;210
45;Toledo;45130 Parrillas;Hombres;2011;210
45;Toledo;45130 Parrillas;Hombres;2010;209
45;Toledo;45130 Parrillas;Hombres;2009;210
45;Toledo;45130 Parrillas;Hombres;2008;211
45;Toledo;45130 Parrillas;Hombres;2007;215
45;Toledo;45130 Parrillas;Hombres;2006;208
45;Toledo;45130 Parrillas;Hombres;2005;213
45;Toledo;45130 Parrillas;Hombres;2004;209
45;Toledo;45130 Parrillas;Hombres;2003;210
45;Toledo;45130 Parrillas;Hombres;2002;216
45;Toledo;45130 Parrillas;Hombres;2001;206
45;Toledo;45130 Parrillas;Hombres;2000;209
45;Toledo;45130 Parrillas;Hombres;1999;216
45;Toledo;45130 Parrillas;Hombres;1998;217
45;Toledo;45130 Parrillas;Hombres;1997;
45;Toledo;45130 Parrillas;Hombres;1996;232
45;Toledo;45130 Parrillas;Mujeres;2023;167
45;Toledo;45130 Parrillas;Mujeres;2022;159
45;Toledo;45130 Parrillas;Mujeres;2021;154
45;Toledo;45130 Parrillas;Mujeres;2020;160
45;Toledo;45130 Parrillas;Mujeres;2019;165
45;Toledo;45130 Parrillas;Mujeres;2018;159
45;Toledo;45130 Parrillas;Mujeres;2017;163
45;Toledo;45130 Parrillas;Mujeres;2016;173
45;Toledo;45130 Parrillas;Mujeres;2015;181
45;Toledo;45130 Parrillas;Mujeres;2014;180
45;Toledo;45130 Parrillas;Mujeres;2013;202
45;Toledo;45130 Parrillas;Mujeres;2012;201
45;Toledo;45130 Parrillas;Mujeres;2011;208
45;Toledo;45130 Parrillas;Mujeres;2010;215
45;Toledo;45130 Parrillas;Mujeres;2009;207
45;Toledo;45130 Parrillas;Mujeres;2008;207
45;Toledo;45130 Parrillas;Mujeres;2007;207
45;Toledo;45130 Parrillas;Mujeres;2006;202
45;Toledo;45130 Parrillas;Mujeres;2005;210
45;Toledo;45130 Parrillas;Mujeres;2004;202
45;Toledo;45130 Parrillas;Mujeres;2003;204
45;Toledo;45130 Parrillas;Mujeres;2002;208
45;Toledo;45130 Parrillas;Mujeres;2001;208
45;Toledo;45130 Parrillas;Mujeres;2000;214
45;Toledo;45130 Parrillas;Mujeres;1999;218
45;Toledo;45130 Parrillas;Mujeres;1998;224
45;Toledo;45130 Parrillas;Mujeres;1997;
45;Toledo;45130 Parrillas;Mujeres;1996;242
45;Toledo;45131 Pelahustán;Total;2023;337
45;Toledo;45131 Pelahustán;Total;2022;342
45;Toledo;45131 Pelahustán;Total;2021;345
45;Toledo;45131 Pelahustán;Total;2020;304
45;Toledo;45131 Pelahustán;Total;2019;311
45;Toledo;45131 Pelahustán;Total;2018;305
45;Toledo;45131 Pelahustán;Total;2017;318
45;Toledo;45131 Pelahustán;Total;2016;333
45;Toledo;45131 Pelahustán;Total;2015;349
45;Toledo;45131 Pelahustán;Total;2014;349
45;Toledo;45131 Pelahustán;Total;2013;359
45;Toledo;45131 Pelahustán;Total;2012;380
45;Toledo;45131 Pelahustán;Total;2011;395
45;Toledo;45131 Pelahustán;Total;2010;384
45;Toledo;45131 Pelahustán;Total;2009;381
45;Toledo;45131 Pelahustán;Total;2008;385
45;Toledo;45131 Pelahustán;Total;2007;377
45;Toledo;45131 Pelahustán;Total;2006;372
45;Toledo;45131 Pelahustán;Total;2005;371
45;Toledo;45131 Pelahustán;Total;2004;362
45;Toledo;45131 Pelahustán;Total;2003;360
45;Toledo;45131 Pelahustán;Total;2002;338
45;Toledo;45131 Pelahustán;Total;2001;345
45;Toledo;45131 Pelahustán;Total;2000;342
45;Toledo;45131 Pelahustán;Total;1999;374
45;Toledo;45131 Pelahustán;Total;1998;374
45;Toledo;45131 Pelahustán;Total;1997;
45;Toledo;45131 Pelahustán;Total;1996;378
45;Toledo;45131 Pelahustán;Hombres;2023;195
45;Toledo;45131 Pelahustán;Hombres;2022;196
45;Toledo;45131 Pelahustán;Hombres;2021;191
45;Toledo;45131 Pelahustán;Hombres;2020;173
45;Toledo;45131 Pelahustán;Hombres;2019;176
45;Toledo;45131 Pelahustán;Hombres;2018;174
45;Toledo;45131 Pelahustán;Hombres;2017;177
45;Toledo;45131 Pelahustán;Hombres;2016;181
45;Toledo;45131 Pelahustán;Hombres;2015;191
45;Toledo;45131 Pelahustán;Hombres;2014;190
45;Toledo;45131 Pelahustán;Hombres;2013;196
45;Toledo;45131 Pelahustán;Hombres;2012;205
45;Toledo;45131 Pelahustán;Hombres;2011;212
45;Toledo;45131 Pelahustán;Hombres;2010;206
45;Toledo;45131 Pelahustán;Hombres;2009;207
45;Toledo;45131 Pelahustán;Hombres;2008;208
45;Toledo;45131 Pelahustán;Hombres;2007;202
45;Toledo;45131 Pelahustán;Hombres;2006;201
45;Toledo;45131 Pelahustán;Hombres;2005;203
45;Toledo;45131 Pelahustán;Hombres;2004;199
45;Toledo;45131 Pelahustán;Hombres;2003;191
45;Toledo;45131 Pelahustán;Hombres;2002;178
45;Toledo;45131 Pelahustán;Hombres;2001;179
45;Toledo;45131 Pelahustán;Hombres;2000;179
45;Toledo;45131 Pelahustán;Hombres;1999;195
45;Toledo;45131 Pelahustán;Hombres;1998;195
45;Toledo;45131 Pelahustán;Hombres;1997;
45;Toledo;45131 Pelahustán;Hombres;1996;196
45;Toledo;45131 Pelahustán;Mujeres;2023;142
45;Toledo;45131 Pelahustán;Mujeres;2022;146
45;Toledo;45131 Pelahustán;Mujeres;2021;154
45;Toledo;45131 Pelahustán;Mujeres;2020;131
45;Toledo;45131 Pelahustán;Mujeres;2019;135
45;Toledo;45131 Pelahustán;Mujeres;2018;131
45;Toledo;45131 Pelahustán;Mujeres;2017;141
45;Toledo;45131 Pelahustán;Mujeres;2016;152
45;Toledo;45131 Pelahustán;Mujeres;2015;158
45;Toledo;45131 Pelahustán;Mujeres;2014;159
45;Toledo;45131 Pelahustán;Mujeres;2013;163
45;Toledo;45131 Pelahustán;Mujeres;2012;175
45;Toledo;45131 Pelahustán;Mujeres;2011;183
45;Toledo;45131 Pelahustán;Mujeres;2010;178
45;Toledo;45131 Pelahustán;Mujeres;2009;174
45;Toledo;45131 Pelahustán;Mujeres;2008;177
45;Toledo;45131 Pelahustán;Mujeres;2007;175
45;Toledo;45131 Pelahustán;Mujeres;2006;171
45;Toledo;45131 Pelahustán;Mujeres;2005;168
45;Toledo;45131 Pelahustán;Mujeres;2004;163
45;Toledo;45131 Pelahustán;Mujeres;2003;169
45;Toledo;45131 Pelahustán;Mujeres;2002;160
45;Toledo;45131 Pelahustán;Mujeres;2001;166
45;Toledo;45131 Pelahustán;Mujeres;2000;163
45;Toledo;45131 Pelahustán;Mujeres;1999;179
45;Toledo;45131 Pelahustán;Mujeres;1998;179
45;Toledo;45131 Pelahustán;Mujeres;1997;
45;Toledo;45131 Pelahustán;Mujeres;1996;182
45;Toledo;45132 Pepino;Total;2023;3163
45;Toledo;45132 Pepino;Total;2022;3003
45;Toledo;45132 Pepino;Total;2021;3060
45;Toledo;45132 Pepino;Total;2020;3128
45;Toledo;45132 Pepino;Total;2019;3055
45;Toledo;45132 Pepino;Total;2018;2907
45;Toledo;45132 Pepino;Total;2017;2809
45;Toledo;45132 Pepino;Total;2016;2801
45;Toledo;45132 Pepino;Total;2015;2714
45;Toledo;45132 Pepino;Total;2014;2643
45;Toledo;45132 Pepino;Total;2013;2644
45;Toledo;45132 Pepino;Total;2012;2643
45;Toledo;45132 Pepino;Total;2011;2563
45;Toledo;45132 Pepino;Total;2010;2429
45;Toledo;45132 Pepino;Total;2009;2270
45;Toledo;45132 Pepino;Total;2008;2109
45;Toledo;45132 Pepino;Total;2007;1902
45;Toledo;45132 Pepino;Total;2006;1804
45;Toledo;45132 Pepino;Total;2005;1643
45;Toledo;45132 Pepino;Total;2004;1460
45;Toledo;45132 Pepino;Total;2003;1311
45;Toledo;45132 Pepino;Total;2002;1041
45;Toledo;45132 Pepino;Total;2001;981
45;Toledo;45132 Pepino;Total;2000;948
45;Toledo;45132 Pepino;Total;1999;868
45;Toledo;45132 Pepino;Total;1998;821
45;Toledo;45132 Pepino;Total;1997;
45;Toledo;45132 Pepino;Total;1996;787
45;Toledo;45132 Pepino;Hombres;2023;1622
45;Toledo;45132 Pepino;Hombres;2022;1538
45;Toledo;45132 Pepino;Hombres;2021;1570
45;Toledo;45132 Pepino;Hombres;2020;1602
45;Toledo;45132 Pepino;Hombres;2019;1564
45;Toledo;45132 Pepino;Hombres;2018;1502
45;Toledo;45132 Pepino;Hombres;2017;1461
45;Toledo;45132 Pepino;Hombres;2016;1462
45;Toledo;45132 Pepino;Hombres;2015;1421
45;Toledo;45132 Pepino;Hombres;2014;1376
45;Toledo;45132 Pepino;Hombres;2013;1369
45;Toledo;45132 Pepino;Hombres;2012;1366
45;Toledo;45132 Pepino;Hombres;2011;1330
45;Toledo;45132 Pepino;Hombres;2010;1265
45;Toledo;45132 Pepino;Hombres;2009;1180
45;Toledo;45132 Pepino;Hombres;2008;1101
45;Toledo;45132 Pepino;Hombres;2007;990
45;Toledo;45132 Pepino;Hombres;2006;946
45;Toledo;45132 Pepino;Hombres;2005;859
45;Toledo;45132 Pepino;Hombres;2004;778
45;Toledo;45132 Pepino;Hombres;2003;691
45;Toledo;45132 Pepino;Hombres;2002;542
45;Toledo;45132 Pepino;Hombres;2001;500
45;Toledo;45132 Pepino;Hombres;2000;475
45;Toledo;45132 Pepino;Hombres;1999;444
45;Toledo;45132 Pepino;Hombres;1998;421
45;Toledo;45132 Pepino;Hombres;1997;
45;Toledo;45132 Pepino;Hombres;1996;402
45;Toledo;45132 Pepino;Mujeres;2023;1541
45;Toledo;45132 Pepino;Mujeres;2022;1465
45;Toledo;45132 Pepino;Mujeres;2021;1490
45;Toledo;45132 Pepino;Mujeres;2020;1526
45;Toledo;45132 Pepino;Mujeres;2019;1491
45;Toledo;45132 Pepino;Mujeres;2018;1405
45;Toledo;45132 Pepino;Mujeres;2017;1348
45;Toledo;45132 Pepino;Mujeres;2016;1339
45;Toledo;45132 Pepino;Mujeres;2015;1293
45;Toledo;45132 Pepino;Mujeres;2014;1267
45;Toledo;45132 Pepino;Mujeres;2013;1275
45;Toledo;45132 Pepino;Mujeres;2012;1277
45;Toledo;45132 Pepino;Mujeres;2011;1233
45;Toledo;45132 Pepino;Mujeres;2010;1164
45;Toledo;45132 Pepino;Mujeres;2009;1090
45;Toledo;45132 Pepino;Mujeres;2008;1008
45;Toledo;45132 Pepino;Mujeres;2007;912
45;Toledo;45132 Pepino;Mujeres;2006;858
45;Toledo;45132 Pepino;Mujeres;2005;784
45;Toledo;45132 Pepino;Mujeres;2004;682
45;Toledo;45132 Pepino;Mujeres;2003;620
45;Toledo;45132 Pepino;Mujeres;2002;499
45;Toledo;45132 Pepino;Mujeres;2001;481
45;Toledo;45132 Pepino;Mujeres;2000;473
45;Toledo;45132 Pepino;Mujeres;1999;424
45;Toledo;45132 Pepino;Mujeres;1998;400
45;Toledo;45132 Pepino;Mujeres;1997;
45;Toledo;45132 Pepino;Mujeres;1996;385
45;Toledo;45133 Polán;Total;2023;3884
45;Toledo;45133 Polán;Total;2022;3870
45;Toledo;45133 Polán;Total;2021;3908
45;Toledo;45133 Polán;Total;2020;3872
45;Toledo;45133 Polán;Total;2019;3848
45;Toledo;45133 Polán;Total;2018;3788
45;Toledo;45133 Polán;Total;2017;3849
45;Toledo;45133 Polán;Total;2016;3833
45;Toledo;45133 Polán;Total;2015;3851
45;Toledo;45133 Polán;Total;2014;3952
45;Toledo;45133 Polán;Total;2013;3990
45;Toledo;45133 Polán;Total;2012;4034
45;Toledo;45133 Polán;Total;2011;4032
45;Toledo;45133 Polán;Total;2010;4066
45;Toledo;45133 Polán;Total;2009;4047
45;Toledo;45133 Polán;Total;2008;3937
45;Toledo;45133 Polán;Total;2007;3752
45;Toledo;45133 Polán;Total;2006;3758
45;Toledo;45133 Polán;Total;2005;3703
45;Toledo;45133 Polán;Total;2004;3523
45;Toledo;45133 Polán;Total;2003;3533
45;Toledo;45133 Polán;Total;2002;3435
45;Toledo;45133 Polán;Total;2001;3349
45;Toledo;45133 Polán;Total;2000;3306
45;Toledo;45133 Polán;Total;1999;3310
45;Toledo;45133 Polán;Total;1998;3294
45;Toledo;45133 Polán;Total;1997;
45;Toledo;45133 Polán;Total;1996;3246
45;Toledo;45133 Polán;Hombres;2023;1949
45;Toledo;45133 Polán;Hombres;2022;1929
45;Toledo;45133 Polán;Hombres;2021;1961
45;Toledo;45133 Polán;Hombres;2020;1933
45;Toledo;45133 Polán;Hombres;2019;1931
45;Toledo;45133 Polán;Hombres;2018;1891
45;Toledo;45133 Polán;Hombres;2017;1931
45;Toledo;45133 Polán;Hombres;2016;1925
45;Toledo;45133 Polán;Hombres;2015;1932
45;Toledo;45133 Polán;Hombres;2014;1969
45;Toledo;45133 Polán;Hombres;2013;2010
45;Toledo;45133 Polán;Hombres;2012;2054
45;Toledo;45133 Polán;Hombres;2011;2042
45;Toledo;45133 Polán;Hombres;2010;2081
45;Toledo;45133 Polán;Hombres;2009;2095
45;Toledo;45133 Polán;Hombres;2008;2025
45;Toledo;45133 Polán;Hombres;2007;1897
45;Toledo;45133 Polán;Hombres;2006;1893
45;Toledo;45133 Polán;Hombres;2005;1859
45;Toledo;45133 Polán;Hombres;2004;1765
45;Toledo;45133 Polán;Hombres;2003;1784
45;Toledo;45133 Polán;Hombres;2002;1746
45;Toledo;45133 Polán;Hombres;2001;1701
45;Toledo;45133 Polán;Hombres;2000;1675
45;Toledo;45133 Polán;Hombres;1999;1681
45;Toledo;45133 Polán;Hombres;1998;1676
45;Toledo;45133 Polán;Hombres;1997;
45;Toledo;45133 Polán;Hombres;1996;1640
45;Toledo;45133 Polán;Mujeres;2023;1935
45;Toledo;45133 Polán;Mujeres;2022;1941
45;Toledo;45133 Polán;Mujeres;2021;1947
45;Toledo;45133 Polán;Mujeres;2020;1939
45;Toledo;45133 Polán;Mujeres;2019;1917
45;Toledo;45133 Polán;Mujeres;2018;1897
45;Toledo;45133 Polán;Mujeres;2017;1918
45;Toledo;45133 Polán;Mujeres;2016;1908
45;Toledo;45133 Polán;Mujeres;2015;1919
45;Toledo;45133 Polán;Mujeres;2014;1983
45;Toledo;45133 Polán;Mujeres;2013;1980
45;Toledo;45133 Polán;Mujeres;2012;1980
45;Toledo;45133 Polán;Mujeres;2011;1990
45;Toledo;45133 Polán;Mujeres;2010;1985
45;Toledo;45133 Polán;Mujeres;2009;1952
45;Toledo;45133 Polán;Mujeres;2008;1912
45;Toledo;45133 Polán;Mujeres;2007;1855
45;Toledo;45133 Polán;Mujeres;2006;1865
45;Toledo;45133 Polán;Mujeres;2005;1844
45;Toledo;45133 Polán;Mujeres;2004;1758
45;Toledo;45133 Polán;Mujeres;2003;1749
45;Toledo;45133 Polán;Mujeres;2002;1689
45;Toledo;45133 Polán;Mujeres;2001;1648
45;Toledo;45133 Polán;Mujeres;2000;1631
45;Toledo;45133 Polán;Mujeres;1999;1629
45;Toledo;45133 Polán;Mujeres;1998;1618
45;Toledo;45133 Polán;Mujeres;1997;
45;Toledo;45133 Polán;Mujeres;1996;1606
45;Toledo;45134 Portillo de Toledo;Total;2023;2308
45;Toledo;45134 Portillo de Toledo;Total;2022;2234
45;Toledo;45134 Portillo de Toledo;Total;2021;2223
45;Toledo;45134 Portillo de Toledo;Total;2020;2231
45;Toledo;45134 Portillo de Toledo;Total;2019;2209
45;Toledo;45134 Portillo de Toledo;Total;2018;2188
45;Toledo;45134 Portillo de Toledo;Total;2017;2138
45;Toledo;45134 Portillo de Toledo;Total;2016;2153
45;Toledo;45134 Portillo de Toledo;Total;2015;2187
45;Toledo;45134 Portillo de Toledo;Total;2014;2210
45;Toledo;45134 Portillo de Toledo;Total;2013;2252
45;Toledo;45134 Portillo de Toledo;Total;2012;2263
45;Toledo;45134 Portillo de Toledo;Total;2011;2250
45;Toledo;45134 Portillo de Toledo;Total;2010;2244
45;Toledo;45134 Portillo de Toledo;Total;2009;2211
45;Toledo;45134 Portillo de Toledo;Total;2008;2157
45;Toledo;45134 Portillo de Toledo;Total;2007;2106
45;Toledo;45134 Portillo de Toledo;Total;2006;2097
45;Toledo;45134 Portillo de Toledo;Total;2005;2129
45;Toledo;45134 Portillo de Toledo;Total;2004;2152
45;Toledo;45134 Portillo de Toledo;Total;2003;2137
45;Toledo;45134 Portillo de Toledo;Total;2002;2068
45;Toledo;45134 Portillo de Toledo;Total;2001;2017
45;Toledo;45134 Portillo de Toledo;Total;2000;1971
45;Toledo;45134 Portillo de Toledo;Total;1999;1974
45;Toledo;45134 Portillo de Toledo;Total;1998;1942
45;Toledo;45134 Portillo de Toledo;Total;1997;
45;Toledo;45134 Portillo de Toledo;Total;1996;1933
45;Toledo;45134 Portillo de Toledo;Hombres;2023;1168
45;Toledo;45134 Portillo de Toledo;Hombres;2022;1132
45;Toledo;45134 Portillo de Toledo;Hombres;2021;1137
45;Toledo;45134 Portillo de Toledo;Hombres;2020;1134
45;Toledo;45134 Portillo de Toledo;Hombres;2019;1109
45;Toledo;45134 Portillo de Toledo;Hombres;2018;1098
45;Toledo;45134 Portillo de Toledo;Hombres;2017;1070
45;Toledo;45134 Portillo de Toledo;Hombres;2016;1073
45;Toledo;45134 Portillo de Toledo;Hombres;2015;1086
45;Toledo;45134 Portillo de Toledo;Hombres;2014;1107
45;Toledo;45134 Portillo de Toledo;Hombres;2013;1134
45;Toledo;45134 Portillo de Toledo;Hombres;2012;1154
45;Toledo;45134 Portillo de Toledo;Hombres;2011;1154
45;Toledo;45134 Portillo de Toledo;Hombres;2010;1156
45;Toledo;45134 Portillo de Toledo;Hombres;2009;1138
45;Toledo;45134 Portillo de Toledo;Hombres;2008;1112
45;Toledo;45134 Portillo de Toledo;Hombres;2007;1093
45;Toledo;45134 Portillo de Toledo;Hombres;2006;1089
45;Toledo;45134 Portillo de Toledo;Hombres;2005;1103
45;Toledo;45134 Portillo de Toledo;Hombres;2004;1118
45;Toledo;45134 Portillo de Toledo;Hombres;2003;1120
45;Toledo;45134 Portillo de Toledo;Hombres;2002;1080
45;Toledo;45134 Portillo de Toledo;Hombres;2001;1045
45;Toledo;45134 Portillo de Toledo;Hombres;2000;1014
45;Toledo;45134 Portillo de Toledo;Hombres;1999;1017
45;Toledo;45134 Portillo de Toledo;Hombres;1998;998
45;Toledo;45134 Portillo de Toledo;Hombres;1997;
45;Toledo;45134 Portillo de Toledo;Hombres;1996;994
45;Toledo;45134 Portillo de Toledo;Mujeres;2023;1140
45;Toledo;45134 Portillo de Toledo;Mujeres;2022;1102
45;Toledo;45134 Portillo de Toledo;Mujeres;2021;1086
45;Toledo;45134 Portillo de Toledo;Mujeres;2020;1097
45;Toledo;45134 Portillo de Toledo;Mujeres;2019;1100
45;Toledo;45134 Portillo de Toledo;Mujeres;2018;1090
45;Toledo;45134 Portillo de Toledo;Mujeres;2017;1068
45;Toledo;45134 Portillo de Toledo;Mujeres;2016;1080
45;Toledo;45134 Portillo de Toledo;Mujeres;2015;1101
45;Toledo;45134 Portillo de Toledo;Mujeres;2014;1103
45;Toledo;45134 Portillo de Toledo;Mujeres;2013;1118
45;Toledo;45134 Portillo de Toledo;Mujeres;2012;1109
45;Toledo;45134 Portillo de Toledo;Mujeres;2011;1096
45;Toledo;45134 Portillo de Toledo;Mujeres;2010;1088
45;Toledo;45134 Portillo de Toledo;Mujeres;2009;1073
45;Toledo;45134 Portillo de Toledo;Mujeres;2008;1045
45;Toledo;45134 Portillo de Toledo;Mujeres;2007;1013
45;Toledo;45134 Portillo de Toledo;Mujeres;2006;1008
45;Toledo;45134 Portillo de Toledo;Mujeres;2005;1026
45;Toledo;45134 Portillo de Toledo;Mujeres;2004;1034
45;Toledo;45134 Portillo de Toledo;Mujeres;2003;1017
45;Toledo;45134 Portillo de Toledo;Mujeres;2002;988
45;Toledo;45134 Portillo de Toledo;Mujeres;2001;972
45;Toledo;45134 Portillo de Toledo;Mujeres;2000;957
45;Toledo;45134 Portillo de Toledo;Mujeres;1999;957
45;Toledo;45134 Portillo de Toledo;Mujeres;1998;944
45;Toledo;45134 Portillo de Toledo;Mujeres;1997;
45;Toledo;45134 Portillo de Toledo;Mujeres;1996;939
45;Toledo;45135 Puebla de Almoradiel, La;Total;2023;4952
45;Toledo;45135 Puebla de Almoradiel, La;Total;2022;4953
45;Toledo;45135 Puebla de Almoradiel, La;Total;2021;5041
45;Toledo;45135 Puebla de Almoradiel, La;Total;2020;5073
45;Toledo;45135 Puebla de Almoradiel, La;Total;2019;5168
45;Toledo;45135 Puebla de Almoradiel, La;Total;2018;5278
45;Toledo;45135 Puebla de Almoradiel, La;Total;2017;5360
45;Toledo;45135 Puebla de Almoradiel, La;Total;2016;5454
45;Toledo;45135 Puebla de Almoradiel, La;Total;2015;5546
45;Toledo;45135 Puebla de Almoradiel, La;Total;2014;5653
45;Toledo;45135 Puebla de Almoradiel, La;Total;2013;5755
45;Toledo;45135 Puebla de Almoradiel, La;Total;2012;5888
45;Toledo;45135 Puebla de Almoradiel, La;Total;2011;5976
45;Toledo;45135 Puebla de Almoradiel, La;Total;2010;6122
45;Toledo;45135 Puebla de Almoradiel, La;Total;2009;6122
45;Toledo;45135 Puebla de Almoradiel, La;Total;2008;6092
45;Toledo;45135 Puebla de Almoradiel, La;Total;2007;5822
45;Toledo;45135 Puebla de Almoradiel, La;Total;2006;5770
45;Toledo;45135 Puebla de Almoradiel, La;Total;2005;5715
45;Toledo;45135 Puebla de Almoradiel, La;Total;2004;5594
45;Toledo;45135 Puebla de Almoradiel, La;Total;2003;5548
45;Toledo;45135 Puebla de Almoradiel, La;Total;2002;5507
45;Toledo;45135 Puebla de Almoradiel, La;Total;2001;5422
45;Toledo;45135 Puebla de Almoradiel, La;Total;2000;5380
45;Toledo;45135 Puebla de Almoradiel, La;Total;1999;5374
45;Toledo;45135 Puebla de Almoradiel, La;Total;1998;5374
45;Toledo;45135 Puebla de Almoradiel, La;Total;1997;
45;Toledo;45135 Puebla de Almoradiel, La;Total;1996;5360
45;Toledo;45135 Puebla de Almoradiel, La;Hombres;2023;2525
45;Toledo;45135 Puebla de Almoradiel, La;Hombres;2022;2523
45;Toledo;45135 Puebla de Almoradiel, La;Hombres;2021;2562
45;Toledo;45135 Puebla de Almoradiel, La;Hombres;2020;2574
45;Toledo;45135 Puebla de Almoradiel, La;Hombres;2019;2619
45;Toledo;45135 Puebla de Almoradiel, La;Hombres;2018;2676
45;Toledo;45135 Puebla de Almoradiel, La;Hombres;2017;2721
45;Toledo;45135 Puebla de Almoradiel, La;Hombres;2016;2764
45;Toledo;45135 Puebla de Almoradiel, La;Hombres;2015;2812
45;Toledo;45135 Puebla de Almoradiel, La;Hombres;2014;2863
45;Toledo;45135 Puebla de Almoradiel, La;Hombres;2013;2913
45;Toledo;45135 Puebla de Almoradiel, La;Hombres;2012;3005
45;Toledo;45135 Puebla de Almoradiel, La;Hombres;2011;3051
45;Toledo;45135 Puebla de Almoradiel, La;Hombres;2010;3135
45;Toledo;45135 Puebla de Almoradiel, La;Hombres;2009;3136
45;Toledo;45135 Puebla de Almoradiel, La;Hombres;2008;3112
45;Toledo;45135 Puebla de Almoradiel, La;Hombres;2007;2956
45;Toledo;45135 Puebla de Almoradiel, La;Hombres;2006;2941
45;Toledo;45135 Puebla de Almoradiel, La;Hombres;2005;2919
45;Toledo;45135 Puebla de Almoradiel, La;Hombres;2004;2836
45;Toledo;45135 Puebla de Almoradiel, La;Hombres;2003;2798
45;Toledo;45135 Puebla de Almoradiel, La;Hombres;2002;2776
45;Toledo;45135 Puebla de Almoradiel, La;Hombres;2001;2730
45;Toledo;45135 Puebla de Almoradiel, La;Hombres;2000;2697
45;Toledo;45135 Puebla de Almoradiel, La;Hombres;1999;2696
45;Toledo;45135 Puebla de Almoradiel, La;Hombres;1998;2696
45;Toledo;45135 Puebla de Almoradiel, La;Hombres;1997;
45;Toledo;45135 Puebla de Almoradiel, La;Hombres;1996;2685
45;Toledo;45135 Puebla de Almoradiel, La;Mujeres;2023;2427
45;Toledo;45135 Puebla de Almoradiel, La;Mujeres;2022;2430
45;Toledo;45135 Puebla de Almoradiel, La;Mujeres;2021;2479
45;Toledo;45135 Puebla de Almoradiel, La;Mujeres;2020;2499
45;Toledo;45135 Puebla de Almoradiel, La;Mujeres;2019;2549
45;Toledo;45135 Puebla de Almoradiel, La;Mujeres;2018;2602
45;Toledo;45135 Puebla de Almoradiel, La;Mujeres;2017;2639
45;Toledo;45135 Puebla de Almoradiel, La;Mujeres;2016;2690
45;Toledo;45135 Puebla de Almoradiel, La;Mujeres;2015;2734
45;Toledo;45135 Puebla de Almoradiel, La;Mujeres;2014;2790
45;Toledo;45135 Puebla de Almoradiel, La;Mujeres;2013;2842
45;Toledo;45135 Puebla de Almoradiel, La;Mujeres;2012;2883
45;Toledo;45135 Puebla de Almoradiel, La;Mujeres;2011;2925
45;Toledo;45135 Puebla de Almoradiel, La;Mujeres;2010;2987
45;Toledo;45135 Puebla de Almoradiel, La;Mujeres;2009;2986
45;Toledo;45135 Puebla de Almoradiel, La;Mujeres;2008;2980
45;Toledo;45135 Puebla de Almoradiel, La;Mujeres;2007;2866
45;Toledo;45135 Puebla de Almoradiel, La;Mujeres;2006;2829
45;Toledo;45135 Puebla de Almoradiel, La;Mujeres;2005;2796
45;Toledo;45135 Puebla de Almoradiel, La;Mujeres;2004;2758
45;Toledo;45135 Puebla de Almoradiel, La;Mujeres;2003;2750
45;Toledo;45135 Puebla de Almoradiel, La;Mujeres;2002;2731
45;Toledo;45135 Puebla de Almoradiel, La;Mujeres;2001;2692
45;Toledo;45135 Puebla de Almoradiel, La;Mujeres;2000;2683
45;Toledo;45135 Puebla de Almoradiel, La;Mujeres;1999;2678
45;Toledo;45135 Puebla de Almoradiel, La;Mujeres;1998;2678
45;Toledo;45135 Puebla de Almoradiel, La;Mujeres;1997;
45;Toledo;45135 Puebla de Almoradiel, La;Mujeres;1996;2675
45;Toledo;45136 Puebla de Montalbán, La;Total;2023;7885
45;Toledo;45136 Puebla de Montalbán, La;Total;2022;7838
45;Toledo;45136 Puebla de Montalbán, La;Total;2021;7841
45;Toledo;45136 Puebla de Montalbán, La;Total;2020;7858
45;Toledo;45136 Puebla de Montalbán, La;Total;2019;7861
45;Toledo;45136 Puebla de Montalbán, La;Total;2018;7811
45;Toledo;45136 Puebla de Montalbán, La;Total;2017;7910
45;Toledo;45136 Puebla de Montalbán, La;Total;2016;7959
45;Toledo;45136 Puebla de Montalbán, La;Total;2015;8063
45;Toledo;45136 Puebla de Montalbán, La;Total;2014;8179
45;Toledo;45136 Puebla de Montalbán, La;Total;2013;8307
45;Toledo;45136 Puebla de Montalbán, La;Total;2012;8392
45;Toledo;45136 Puebla de Montalbán, La;Total;2011;8426
45;Toledo;45136 Puebla de Montalbán, La;Total;2010;8472
45;Toledo;45136 Puebla de Montalbán, La;Total;2009;8431
45;Toledo;45136 Puebla de Montalbán, La;Total;2008;8216
45;Toledo;45136 Puebla de Montalbán, La;Total;2007;8004
45;Toledo;45136 Puebla de Montalbán, La;Total;2006;7840
45;Toledo;45136 Puebla de Montalbán, La;Total;2005;7765
45;Toledo;45136 Puebla de Montalbán, La;Total;2004;7604
45;Toledo;45136 Puebla de Montalbán, La;Total;2003;7540
45;Toledo;45136 Puebla de Montalbán, La;Total;2002;7319
45;Toledo;45136 Puebla de Montalbán, La;Total;2001;7248
45;Toledo;45136 Puebla de Montalbán, La;Total;2000;7111
45;Toledo;45136 Puebla de Montalbán, La;Total;1999;7086
45;Toledo;45136 Puebla de Montalbán, La;Total;1998;6988
45;Toledo;45136 Puebla de Montalbán, La;Total;1997;
45;Toledo;45136 Puebla de Montalbán, La;Total;1996;6969
45;Toledo;45136 Puebla de Montalbán, La;Hombres;2023;3985
45;Toledo;45136 Puebla de Montalbán, La;Hombres;2022;3958
45;Toledo;45136 Puebla de Montalbán, La;Hombres;2021;3965
45;Toledo;45136 Puebla de Montalbán, La;Hombres;2020;3969
45;Toledo;45136 Puebla de Montalbán, La;Hombres;2019;3989
45;Toledo;45136 Puebla de Montalbán, La;Hombres;2018;3969
45;Toledo;45136 Puebla de Montalbán, La;Hombres;2017;4015
45;Toledo;45136 Puebla de Montalbán, La;Hombres;2016;4038
45;Toledo;45136 Puebla de Montalbán, La;Hombres;2015;4088
45;Toledo;45136 Puebla de Montalbán, La;Hombres;2014;4142
45;Toledo;45136 Puebla de Montalbán, La;Hombres;2013;4221
45;Toledo;45136 Puebla de Montalbán, La;Hombres;2012;4260
45;Toledo;45136 Puebla de Montalbán, La;Hombres;2011;4284
45;Toledo;45136 Puebla de Montalbán, La;Hombres;2010;4319
45;Toledo;45136 Puebla de Montalbán, La;Hombres;2009;4334
45;Toledo;45136 Puebla de Montalbán, La;Hombres;2008;4234
45;Toledo;45136 Puebla de Montalbán, La;Hombres;2007;4087
45;Toledo;45136 Puebla de Montalbán, La;Hombres;2006;3962
45;Toledo;45136 Puebla de Montalbán, La;Hombres;2005;3950
45;Toledo;45136 Puebla de Montalbán, La;Hombres;2004;3856
45;Toledo;45136 Puebla de Montalbán, La;Hombres;2003;3838
45;Toledo;45136 Puebla de Montalbán, La;Hombres;2002;3710
45;Toledo;45136 Puebla de Montalbán, La;Hombres;2001;3662
45;Toledo;45136 Puebla de Montalbán, La;Hombres;2000;3574
45;Toledo;45136 Puebla de Montalbán, La;Hombres;1999;3557
45;Toledo;45136 Puebla de Montalbán, La;Hombres;1998;3489
45;Toledo;45136 Puebla de Montalbán, La;Hombres;1997;
45;Toledo;45136 Puebla de Montalbán, La;Hombres;1996;3494
45;Toledo;45136 Puebla de Montalbán, La;Mujeres;2023;3900
45;Toledo;45136 Puebla de Montalbán, La;Mujeres;2022;3880
45;Toledo;45136 Puebla de Montalbán, La;Mujeres;2021;3876
45;Toledo;45136 Puebla de Montalbán, La;Mujeres;2020;3889
45;Toledo;45136 Puebla de Montalbán, La;Mujeres;2019;3872
45;Toledo;45136 Puebla de Montalbán, La;Mujeres;2018;3842
45;Toledo;45136 Puebla de Montalbán, La;Mujeres;2017;3895
45;Toledo;45136 Puebla de Montalbán, La;Mujeres;2016;3921
45;Toledo;45136 Puebla de Montalbán, La;Mujeres;2015;3975
45;Toledo;45136 Puebla de Montalbán, La;Mujeres;2014;4037
45;Toledo;45136 Puebla de Montalbán, La;Mujeres;2013;4086
45;Toledo;45136 Puebla de Montalbán, La;Mujeres;2012;4132
45;Toledo;45136 Puebla de Montalbán, La;Mujeres;2011;4142
45;Toledo;45136 Puebla de Montalbán, La;Mujeres;2010;4153
45;Toledo;45136 Puebla de Montalbán, La;Mujeres;2009;4097
45;Toledo;45136 Puebla de Montalbán, La;Mujeres;2008;3982
45;Toledo;45136 Puebla de Montalbán, La;Mujeres;2007;3917
45;Toledo;45136 Puebla de Montalbán, La;Mujeres;2006;3878
45;Toledo;45136 Puebla de Montalbán, La;Mujeres;2005;3815
45;Toledo;45136 Puebla de Montalbán, La;Mujeres;2004;3748
45;Toledo;45136 Puebla de Montalbán, La;Mujeres;2003;3702
45;Toledo;45136 Puebla de Montalbán, La;Mujeres;2002;3609
45;Toledo;45136 Puebla de Montalbán, La;Mujeres;2001;3586
45;Toledo;45136 Puebla de Montalbán, La;Mujeres;2000;3537
45;Toledo;45136 Puebla de Montalbán, La;Mujeres;1999;3529
45;Toledo;45136 Puebla de Montalbán, La;Mujeres;1998;3499
45;Toledo;45136 Puebla de Montalbán, La;Mujeres;1997;
45;Toledo;45136 Puebla de Montalbán, La;Mujeres;1996;3475
45;Toledo;45137 Pueblanueva, La;Total;2023;2158
45;Toledo;45137 Pueblanueva, La;Total;2022;2166
45;Toledo;45137 Pueblanueva, La;Total;2021;2169
45;Toledo;45137 Pueblanueva, La;Total;2020;2142
45;Toledo;45137 Pueblanueva, La;Total;2019;2140
45;Toledo;45137 Pueblanueva, La;Total;2018;2188
45;Toledo;45137 Pueblanueva, La;Total;2017;2252
45;Toledo;45137 Pueblanueva, La;Total;2016;2244
45;Toledo;45137 Pueblanueva, La;Total;2015;2304
45;Toledo;45137 Pueblanueva, La;Total;2014;2352
45;Toledo;45137 Pueblanueva, La;Total;2013;2407
45;Toledo;45137 Pueblanueva, La;Total;2012;2394
45;Toledo;45137 Pueblanueva, La;Total;2011;2383
45;Toledo;45137 Pueblanueva, La;Total;2010;2350
45;Toledo;45137 Pueblanueva, La;Total;2009;2343
45;Toledo;45137 Pueblanueva, La;Total;2008;2331
45;Toledo;45137 Pueblanueva, La;Total;2007;2244
45;Toledo;45137 Pueblanueva, La;Total;2006;2145
45;Toledo;45137 Pueblanueva, La;Total;2005;2126
45;Toledo;45137 Pueblanueva, La;Total;2004;2101
45;Toledo;45137 Pueblanueva, La;Total;2003;2119
45;Toledo;45137 Pueblanueva, La;Total;2002;2076
45;Toledo;45137 Pueblanueva, La;Total;2001;2025
45;Toledo;45137 Pueblanueva, La;Total;2000;2018
45;Toledo;45137 Pueblanueva, La;Total;1999;2017
45;Toledo;45137 Pueblanueva, La;Total;1998;2007
45;Toledo;45137 Pueblanueva, La;Total;1997;
45;Toledo;45137 Pueblanueva, La;Total;1996;1986
45;Toledo;45137 Pueblanueva, La;Hombres;2023;1114
45;Toledo;45137 Pueblanueva, La;Hombres;2022;1106
45;Toledo;45137 Pueblanueva, La;Hombres;2021;1103
45;Toledo;45137 Pueblanueva, La;Hombres;2020;1079
45;Toledo;45137 Pueblanueva, La;Hombres;2019;1077
45;Toledo;45137 Pueblanueva, La;Hombres;2018;1103
45;Toledo;45137 Pueblanueva, La;Hombres;2017;1133
45;Toledo;45137 Pueblanueva, La;Hombres;2016;1122
45;Toledo;45137 Pueblanueva, La;Hombres;2015;1158
45;Toledo;45137 Pueblanueva, La;Hombres;2014;1189
45;Toledo;45137 Pueblanueva, La;Hombres;2013;1216
45;Toledo;45137 Pueblanueva, La;Hombres;2012;1213
45;Toledo;45137 Pueblanueva, La;Hombres;2011;1215
45;Toledo;45137 Pueblanueva, La;Hombres;2010;1203
45;Toledo;45137 Pueblanueva, La;Hombres;2009;1200
45;Toledo;45137 Pueblanueva, La;Hombres;2008;1193
45;Toledo;45137 Pueblanueva, La;Hombres;2007;1135
45;Toledo;45137 Pueblanueva, La;Hombres;2006;1088
45;Toledo;45137 Pueblanueva, La;Hombres;2005;1080
45;Toledo;45137 Pueblanueva, La;Hombres;2004;1071
45;Toledo;45137 Pueblanueva, La;Hombres;2003;1073
45;Toledo;45137 Pueblanueva, La;Hombres;2002;1048
45;Toledo;45137 Pueblanueva, La;Hombres;2001;1028
45;Toledo;45137 Pueblanueva, La;Hombres;2000;1031
45;Toledo;45137 Pueblanueva, La;Hombres;1999;1026
45;Toledo;45137 Pueblanueva, La;Hombres;1998;1021
45;Toledo;45137 Pueblanueva, La;Hombres;1997;
45;Toledo;45137 Pueblanueva, La;Hombres;1996;1003
45;Toledo;45137 Pueblanueva, La;Mujeres;2023;1044
45;Toledo;45137 Pueblanueva, La;Mujeres;2022;1060
45;Toledo;45137 Pueblanueva, La;Mujeres;2021;1066
45;Toledo;45137 Pueblanueva, La;Mujeres;2020;1063
45;Toledo;45137 Pueblanueva, La;Mujeres;2019;1063
45;Toledo;45137 Pueblanueva, La;Mujeres;2018;1085
45;Toledo;45137 Pueblanueva, La;Mujeres;2017;1119
45;Toledo;45137 Pueblanueva, La;Mujeres;2016;1122
45;Toledo;45137 Pueblanueva, La;Mujeres;2015;1146
45;Toledo;45137 Pueblanueva, La;Mujeres;2014;1163
45;Toledo;45137 Pueblanueva, La;Mujeres;2013;1191
45;Toledo;45137 Pueblanueva, La;Mujeres;2012;1181
45;Toledo;45137 Pueblanueva, La;Mujeres;2011;1168
45;Toledo;45137 Pueblanueva, La;Mujeres;2010;1147
45;Toledo;45137 Pueblanueva, La;Mujeres;2009;1143
45;Toledo;45137 Pueblanueva, La;Mujeres;2008;1138
45;Toledo;45137 Pueblanueva, La;Mujeres;2007;1109
45;Toledo;45137 Pueblanueva, La;Mujeres;2006;1057
45;Toledo;45137 Pueblanueva, La;Mujeres;2005;1046
45;Toledo;45137 Pueblanueva, La;Mujeres;2004;1030
45;Toledo;45137 Pueblanueva, La;Mujeres;2003;1046
45;Toledo;45137 Pueblanueva, La;Mujeres;2002;1028
45;Toledo;45137 Pueblanueva, La;Mujeres;2001;997
45;Toledo;45137 Pueblanueva, La;Mujeres;2000;987
45;Toledo;45137 Pueblanueva, La;Mujeres;1999;991
45;Toledo;45137 Pueblanueva, La;Mujeres;1998;986
45;Toledo;45137 Pueblanueva, La;Mujeres;1997;
45;Toledo;45137 Pueblanueva, La;Mujeres;1996;983
45;Toledo;45138 Puente del Arzobispo, El;Total;2023;1171
45;Toledo;45138 Puente del Arzobispo, El;Total;2022;1153
45;Toledo;45138 Puente del Arzobispo, El;Total;2021;1190
45;Toledo;45138 Puente del Arzobispo, El;Total;2020;1225
45;Toledo;45138 Puente del Arzobispo, El;Total;2019;1246
45;Toledo;45138 Puente del Arzobispo, El;Total;2018;1246
45;Toledo;45138 Puente del Arzobispo, El;Total;2017;1279
45;Toledo;45138 Puente del Arzobispo, El;Total;2016;1296
45;Toledo;45138 Puente del Arzobispo, El;Total;2015;1337
45;Toledo;45138 Puente del Arzobispo, El;Total;2014;1340
45;Toledo;45138 Puente del Arzobispo, El;Total;2013;1375
45;Toledo;45138 Puente del Arzobispo, El;Total;2012;1407
45;Toledo;45138 Puente del Arzobispo, El;Total;2011;1466
45;Toledo;45138 Puente del Arzobispo, El;Total;2010;1436
45;Toledo;45138 Puente del Arzobispo, El;Total;2009;1458
45;Toledo;45138 Puente del Arzobispo, El;Total;2008;1454
45;Toledo;45138 Puente del Arzobispo, El;Total;2007;1441
45;Toledo;45138 Puente del Arzobispo, El;Total;2006;1431
45;Toledo;45138 Puente del Arzobispo, El;Total;2005;1447
45;Toledo;45138 Puente del Arzobispo, El;Total;2004;1465
45;Toledo;45138 Puente del Arzobispo, El;Total;2003;1441
45;Toledo;45138 Puente del Arzobispo, El;Total;2002;1502
45;Toledo;45138 Puente del Arzobispo, El;Total;2001;1536
45;Toledo;45138 Puente del Arzobispo, El;Total;2000;1566
45;Toledo;45138 Puente del Arzobispo, El;Total;1999;1577
45;Toledo;45138 Puente del Arzobispo, El;Total;1998;1582
45;Toledo;45138 Puente del Arzobispo, El;Total;1997;
45;Toledo;45138 Puente del Arzobispo, El;Total;1996;1562
45;Toledo;45138 Puente del Arzobispo, El;Hombres;2023;589
45;Toledo;45138 Puente del Arzobispo, El;Hombres;2022;574
45;Toledo;45138 Puente del Arzobispo, El;Hombres;2021;593
45;Toledo;45138 Puente del Arzobispo, El;Hombres;2020;606
45;Toledo;45138 Puente del Arzobispo, El;Hombres;2019;621
45;Toledo;45138 Puente del Arzobispo, El;Hombres;2018;620
45;Toledo;45138 Puente del Arzobispo, El;Hombres;2017;630
45;Toledo;45138 Puente del Arzobispo, El;Hombres;2016;636
45;Toledo;45138 Puente del Arzobispo, El;Hombres;2015;651
45;Toledo;45138 Puente del Arzobispo, El;Hombres;2014;655
45;Toledo;45138 Puente del Arzobispo, El;Hombres;2013;676
45;Toledo;45138 Puente del Arzobispo, El;Hombres;2012;688
45;Toledo;45138 Puente del Arzobispo, El;Hombres;2011;722
45;Toledo;45138 Puente del Arzobispo, El;Hombres;2010;702
45;Toledo;45138 Puente del Arzobispo, El;Hombres;2009;719
45;Toledo;45138 Puente del Arzobispo, El;Hombres;2008;711
45;Toledo;45138 Puente del Arzobispo, El;Hombres;2007;702
45;Toledo;45138 Puente del Arzobispo, El;Hombres;2006;703
45;Toledo;45138 Puente del Arzobispo, El;Hombres;2005;700
45;Toledo;45138 Puente del Arzobispo, El;Hombres;2004;704
45;Toledo;45138 Puente del Arzobispo, El;Hombres;2003;689
45;Toledo;45138 Puente del Arzobispo, El;Hombres;2002;727
45;Toledo;45138 Puente del Arzobispo, El;Hombres;2001;749
45;Toledo;45138 Puente del Arzobispo, El;Hombres;2000;756
45;Toledo;45138 Puente del Arzobispo, El;Hombres;1999;757
45;Toledo;45138 Puente del Arzobispo, El;Hombres;1998;758
45;Toledo;45138 Puente del Arzobispo, El;Hombres;1997;
45;Toledo;45138 Puente del Arzobispo, El;Hombres;1996;747
45;Toledo;45138 Puente del Arzobispo, El;Mujeres;2023;582
45;Toledo;45138 Puente del Arzobispo, El;Mujeres;2022;579
45;Toledo;45138 Puente del Arzobispo, El;Mujeres;2021;597
45;Toledo;45138 Puente del Arzobispo, El;Mujeres;2020;619
45;Toledo;45138 Puente del Arzobispo, El;Mujeres;2019;625
45;Toledo;45138 Puente del Arzobispo, El;Mujeres;2018;626
45;Toledo;45138 Puente del Arzobispo, El;Mujeres;2017;649
45;Toledo;45138 Puente del Arzobispo, El;Mujeres;2016;660
45;Toledo;45138 Puente del Arzobispo, El;Mujeres;2015;686
45;Toledo;45138 Puente del Arzobispo, El;Mujeres;2014;685
45;Toledo;45138 Puente del Arzobispo, El;Mujeres;2013;699
45;Toledo;45138 Puente del Arzobispo, El;Mujeres;2012;719
45;Toledo;45138 Puente del Arzobispo, El;Mujeres;2011;744
45;Toledo;45138 Puente del Arzobispo, El;Mujeres;2010;734
45;Toledo;45138 Puente del Arzobispo, El;Mujeres;2009;739
45;Toledo;45138 Puente del Arzobispo, El;Mujeres;2008;743
45;Toledo;45138 Puente del Arzobispo, El;Mujeres;2007;739
45;Toledo;45138 Puente del Arzobispo, El;Mujeres;2006;728
45;Toledo;45138 Puente del Arzobispo, El;Mujeres;2005;747
45;Toledo;45138 Puente del Arzobispo, El;Mujeres;2004;761
45;Toledo;45138 Puente del Arzobispo, El;Mujeres;2003;752
45;Toledo;45138 Puente del Arzobispo, El;Mujeres;2002;775
45;Toledo;45138 Puente del Arzobispo, El;Mujeres;2001;787
45;Toledo;45138 Puente del Arzobispo, El;Mujeres;2000;810
45;Toledo;45138 Puente del Arzobispo, El;Mujeres;1999;820
45;Toledo;45138 Puente del Arzobispo, El;Mujeres;1998;824
45;Toledo;45138 Puente del Arzobispo, El;Mujeres;1997;
45;Toledo;45138 Puente del Arzobispo, El;Mujeres;1996;815
45;Toledo;45139 Puerto de San Vicente;Total;2023;162
45;Toledo;45139 Puerto de San Vicente;Total;2022;140
45;Toledo;45139 Puerto de San Vicente;Total;2021;145
45;Toledo;45139 Puerto de San Vicente;Total;2020;148
45;Toledo;45139 Puerto de San Vicente;Total;2019;156
45;Toledo;45139 Puerto de San Vicente;Total;2018;161
45;Toledo;45139 Puerto de San Vicente;Total;2017;165
45;Toledo;45139 Puerto de San Vicente;Total;2016;174
45;Toledo;45139 Puerto de San Vicente;Total;2015;192
45;Toledo;45139 Puerto de San Vicente;Total;2014;202
45;Toledo;45139 Puerto de San Vicente;Total;2013;228
45;Toledo;45139 Puerto de San Vicente;Total;2012;245
45;Toledo;45139 Puerto de San Vicente;Total;2011;256
45;Toledo;45139 Puerto de San Vicente;Total;2010;232
45;Toledo;45139 Puerto de San Vicente;Total;2009;210
45;Toledo;45139 Puerto de San Vicente;Total;2008;226
45;Toledo;45139 Puerto de San Vicente;Total;2007;245
45;Toledo;45139 Puerto de San Vicente;Total;2006;248
45;Toledo;45139 Puerto de San Vicente;Total;2005;255
45;Toledo;45139 Puerto de San Vicente;Total;2004;285
45;Toledo;45139 Puerto de San Vicente;Total;2003;284
45;Toledo;45139 Puerto de San Vicente;Total;2002;261
45;Toledo;45139 Puerto de San Vicente;Total;2001;269
45;Toledo;45139 Puerto de San Vicente;Total;2000;277
45;Toledo;45139 Puerto de San Vicente;Total;1999;283
45;Toledo;45139 Puerto de San Vicente;Total;1998;288
45;Toledo;45139 Puerto de San Vicente;Total;1997;
45;Toledo;45139 Puerto de San Vicente;Total;1996;292
45;Toledo;45139 Puerto de San Vicente;Hombres;2023;89
45;Toledo;45139 Puerto de San Vicente;Hombres;2022;77
45;Toledo;45139 Puerto de San Vicente;Hombres;2021;80
45;Toledo;45139 Puerto de San Vicente;Hombres;2020;80
45;Toledo;45139 Puerto de San Vicente;Hombres;2019;83
45;Toledo;45139 Puerto de San Vicente;Hombres;2018;86
45;Toledo;45139 Puerto de San Vicente;Hombres;2017;87
45;Toledo;45139 Puerto de San Vicente;Hombres;2016;92
45;Toledo;45139 Puerto de San Vicente;Hombres;2015;96
45;Toledo;45139 Puerto de San Vicente;Hombres;2014;103
45;Toledo;45139 Puerto de San Vicente;Hombres;2013;117
45;Toledo;45139 Puerto de San Vicente;Hombres;2012;124
45;Toledo;45139 Puerto de San Vicente;Hombres;2011;126
45;Toledo;45139 Puerto de San Vicente;Hombres;2010;120
45;Toledo;45139 Puerto de San Vicente;Hombres;2009;113
45;Toledo;45139 Puerto de San Vicente;Hombres;2008;124
45;Toledo;45139 Puerto de San Vicente;Hombres;2007;130
45;Toledo;45139 Puerto de San Vicente;Hombres;2006;132
45;Toledo;45139 Puerto de San Vicente;Hombres;2005;132
45;Toledo;45139 Puerto de San Vicente;Hombres;2004;147
45;Toledo;45139 Puerto de San Vicente;Hombres;2003;148
45;Toledo;45139 Puerto de San Vicente;Hombres;2002;130
45;Toledo;45139 Puerto de San Vicente;Hombres;2001;136
45;Toledo;45139 Puerto de San Vicente;Hombres;2000;136
45;Toledo;45139 Puerto de San Vicente;Hombres;1999;139
45;Toledo;45139 Puerto de San Vicente;Hombres;1998;140
45;Toledo;45139 Puerto de San Vicente;Hombres;1997;
45;Toledo;45139 Puerto de San Vicente;Hombres;1996;142
45;Toledo;45139 Puerto de San Vicente;Mujeres;2023;73
45;Toledo;45139 Puerto de San Vicente;Mujeres;2022;63
45;Toledo;45139 Puerto de San Vicente;Mujeres;2021;65
45;Toledo;45139 Puerto de San Vicente;Mujeres;2020;68
45;Toledo;45139 Puerto de San Vicente;Mujeres;2019;73
45;Toledo;45139 Puerto de San Vicente;Mujeres;2018;75
45;Toledo;45139 Puerto de San Vicente;Mujeres;2017;78
45;Toledo;45139 Puerto de San Vicente;Mujeres;2016;82
45;Toledo;45139 Puerto de San Vicente;Mujeres;2015;96
45;Toledo;45139 Puerto de San Vicente;Mujeres;2014;99
45;Toledo;45139 Puerto de San Vicente;Mujeres;2013;111
45;Toledo;45139 Puerto de San Vicente;Mujeres;2012;121
45;Toledo;45139 Puerto de San Vicente;Mujeres;2011;130
45;Toledo;45139 Puerto de San Vicente;Mujeres;2010;112
45;Toledo;45139 Puerto de San Vicente;Mujeres;2009;97
45;Toledo;45139 Puerto de San Vicente;Mujeres;2008;102
45;Toledo;45139 Puerto de San Vicente;Mujeres;2007;115
45;Toledo;45139 Puerto de San Vicente;Mujeres;2006;116
45;Toledo;45139 Puerto de San Vicente;Mujeres;2005;123
45;Toledo;45139 Puerto de San Vicente;Mujeres;2004;138
45;Toledo;45139 Puerto de San Vicente;Mujeres;2003;136
45;Toledo;45139 Puerto de San Vicente;Mujeres;2002;131
45;Toledo;45139 Puerto de San Vicente;Mujeres;2001;133
45;Toledo;45139 Puerto de San Vicente;Mujeres;2000;141
45;Toledo;45139 Puerto de San Vicente;Mujeres;1999;144
45;Toledo;45139 Puerto de San Vicente;Mujeres;1998;148
45;Toledo;45139 Puerto de San Vicente;Mujeres;1997;
45;Toledo;45139 Puerto de San Vicente;Mujeres;1996;150
45;Toledo;45140 Pulgar;Total;2023;1528
45;Toledo;45140 Pulgar;Total;2022;1491
45;Toledo;45140 Pulgar;Total;2021;1484
45;Toledo;45140 Pulgar;Total;2020;1491
45;Toledo;45140 Pulgar;Total;2019;1508
45;Toledo;45140 Pulgar;Total;2018;1521
45;Toledo;45140 Pulgar;Total;2017;1555
45;Toledo;45140 Pulgar;Total;2016;1558
45;Toledo;45140 Pulgar;Total;2015;1603
45;Toledo;45140 Pulgar;Total;2014;1639
45;Toledo;45140 Pulgar;Total;2013;1672
45;Toledo;45140 Pulgar;Total;2012;1696
45;Toledo;45140 Pulgar;Total;2011;1700
45;Toledo;45140 Pulgar;Total;2010;1669
45;Toledo;45140 Pulgar;Total;2009;1681
45;Toledo;45140 Pulgar;Total;2008;1653
45;Toledo;45140 Pulgar;Total;2007;1542
45;Toledo;45140 Pulgar;Total;2006;1460
45;Toledo;45140 Pulgar;Total;2005;1420
45;Toledo;45140 Pulgar;Total;2004;1362
45;Toledo;45140 Pulgar;Total;2003;1327
45;Toledo;45140 Pulgar;Total;2002;1306
45;Toledo;45140 Pulgar;Total;2001;1281
45;Toledo;45140 Pulgar;Total;2000;1268
45;Toledo;45140 Pulgar;Total;1999;1232
45;Toledo;45140 Pulgar;Total;1998;1235
45;Toledo;45140 Pulgar;Total;1997;
45;Toledo;45140 Pulgar;Total;1996;1235
45;Toledo;45140 Pulgar;Hombres;2023;788
45;Toledo;45140 Pulgar;Hombres;2022;762
45;Toledo;45140 Pulgar;Hombres;2021;755
45;Toledo;45140 Pulgar;Hombres;2020;762
45;Toledo;45140 Pulgar;Hombres;2019;771
45;Toledo;45140 Pulgar;Hombres;2018;776
45;Toledo;45140 Pulgar;Hombres;2017;795
45;Toledo;45140 Pulgar;Hombres;2016;794
45;Toledo;45140 Pulgar;Hombres;2015;831
45;Toledo;45140 Pulgar;Hombres;2014;852
45;Toledo;45140 Pulgar;Hombres;2013;865
45;Toledo;45140 Pulgar;Hombres;2012;886
45;Toledo;45140 Pulgar;Hombres;2011;888
45;Toledo;45140 Pulgar;Hombres;2010;880
45;Toledo;45140 Pulgar;Hombres;2009;900
45;Toledo;45140 Pulgar;Hombres;2008;890
45;Toledo;45140 Pulgar;Hombres;2007;830
45;Toledo;45140 Pulgar;Hombres;2006;775
45;Toledo;45140 Pulgar;Hombres;2005;746
45;Toledo;45140 Pulgar;Hombres;2004;716
45;Toledo;45140 Pulgar;Hombres;2003;687
45;Toledo;45140 Pulgar;Hombres;2002;667
45;Toledo;45140 Pulgar;Hombres;2001;649
45;Toledo;45140 Pulgar;Hombres;2000;644
45;Toledo;45140 Pulgar;Hombres;1999;625
45;Toledo;45140 Pulgar;Hombres;1998;628
45;Toledo;45140 Pulgar;Hombres;1997;
45;Toledo;45140 Pulgar;Hombres;1996;624
45;Toledo;45140 Pulgar;Mujeres;2023;740
45;Toledo;45140 Pulgar;Mujeres;2022;729
45;Toledo;45140 Pulgar;Mujeres;2021;729
45;Toledo;45140 Pulgar;Mujeres;2020;729
45;Toledo;45140 Pulgar;Mujeres;2019;737
45;Toledo;45140 Pulgar;Mujeres;2018;745
45;Toledo;45140 Pulgar;Mujeres;2017;760
45;Toledo;45140 Pulgar;Mujeres;2016;764
45;Toledo;45140 Pulgar;Mujeres;2015;772
45;Toledo;45140 Pulgar;Mujeres;2014;787
45;Toledo;45140 Pulgar;Mujeres;2013;807
45;Toledo;45140 Pulgar;Mujeres;2012;810
45;Toledo;45140 Pulgar;Mujeres;2011;812
45;Toledo;45140 Pulgar;Mujeres;2010;789
45;Toledo;45140 Pulgar;Mujeres;2009;781
45;Toledo;45140 Pulgar;Mujeres;2008;763
45;Toledo;45140 Pulgar;Mujeres;2007;712
45;Toledo;45140 Pulgar;Mujeres;2006;685
45;Toledo;45140 Pulgar;Mujeres;2005;674
45;Toledo;45140 Pulgar;Mujeres;2004;646
45;Toledo;45140 Pulgar;Mujeres;2003;640
45;Toledo;45140 Pulgar;Mujeres;2002;639
45;Toledo;45140 Pulgar;Mujeres;2001;632
45;Toledo;45140 Pulgar;Mujeres;2000;624
45;Toledo;45140 Pulgar;Mujeres;1999;607
45;Toledo;45140 Pulgar;Mujeres;1998;607
45;Toledo;45140 Pulgar;Mujeres;1997;
45;Toledo;45140 Pulgar;Mujeres;1996;611
45;Toledo;45141 Quero;Total;2023;1012
45;Toledo;45141 Quero;Total;2022;985
45;Toledo;45141 Quero;Total;2021;977
45;Toledo;45141 Quero;Total;2020;980
45;Toledo;45141 Quero;Total;2019;986
45;Toledo;45141 Quero;Total;2018;1006
45;Toledo;45141 Quero;Total;2017;1042
45;Toledo;45141 Quero;Total;2016;1065
45;Toledo;45141 Quero;Total;2015;1084
45;Toledo;45141 Quero;Total;2014;1145
45;Toledo;45141 Quero;Total;2013;1186
45;Toledo;45141 Quero;Total;2012;1311
45;Toledo;45141 Quero;Total;2011;1344
45;Toledo;45141 Quero;Total;2010;1329
45;Toledo;45141 Quero;Total;2009;1313
45;Toledo;45141 Quero;Total;2008;1323
45;Toledo;45141 Quero;Total;2007;1252
45;Toledo;45141 Quero;Total;2006;1284
45;Toledo;45141 Quero;Total;2005;1269
45;Toledo;45141 Quero;Total;2004;1246
45;Toledo;45141 Quero;Total;2003;1252
45;Toledo;45141 Quero;Total;2002;1267
45;Toledo;45141 Quero;Total;2001;1257
45;Toledo;45141 Quero;Total;2000;1273
45;Toledo;45141 Quero;Total;1999;1318
45;Toledo;45141 Quero;Total;1998;1353
45;Toledo;45141 Quero;Total;1997;
45;Toledo;45141 Quero;Total;1996;1391
45;Toledo;45141 Quero;Hombres;2023;517
45;Toledo;45141 Quero;Hombres;2022;507
45;Toledo;45141 Quero;Hombres;2021;498
45;Toledo;45141 Quero;Hombres;2020;500
45;Toledo;45141 Quero;Hombres;2019;510
45;Toledo;45141 Quero;Hombres;2018;513
45;Toledo;45141 Quero;Hombres;2017;531
45;Toledo;45141 Quero;Hombres;2016;544
45;Toledo;45141 Quero;Hombres;2015;553
45;Toledo;45141 Quero;Hombres;2014;579
45;Toledo;45141 Quero;Hombres;2013;604
45;Toledo;45141 Quero;Hombres;2012;668
45;Toledo;45141 Quero;Hombres;2011;682
45;Toledo;45141 Quero;Hombres;2010;680
45;Toledo;45141 Quero;Hombres;2009;671
45;Toledo;45141 Quero;Hombres;2008;679
45;Toledo;45141 Quero;Hombres;2007;648
45;Toledo;45141 Quero;Hombres;2006;661
45;Toledo;45141 Quero;Hombres;2005;649
45;Toledo;45141 Quero;Hombres;2004;627
45;Toledo;45141 Quero;Hombres;2003;630
45;Toledo;45141 Quero;Hombres;2002;641
45;Toledo;45141 Quero;Hombres;2001;626
45;Toledo;45141 Quero;Hombres;2000;634
45;Toledo;45141 Quero;Hombres;1999;657
45;Toledo;45141 Quero;Hombres;1998;679
45;Toledo;45141 Quero;Hombres;1997;
45;Toledo;45141 Quero;Hombres;1996;704
45;Toledo;45141 Quero;Mujeres;2023;495
45;Toledo;45141 Quero;Mujeres;2022;478
45;Toledo;45141 Quero;Mujeres;2021;479
45;Toledo;45141 Quero;Mujeres;2020;480
45;Toledo;45141 Quero;Mujeres;2019;476
45;Toledo;45141 Quero;Mujeres;2018;493
45;Toledo;45141 Quero;Mujeres;2017;511
45;Toledo;45141 Quero;Mujeres;2016;521
45;Toledo;45141 Quero;Mujeres;2015;531
45;Toledo;45141 Quero;Mujeres;2014;566
45;Toledo;45141 Quero;Mujeres;2013;582
45;Toledo;45141 Quero;Mujeres;2012;643
45;Toledo;45141 Quero;Mujeres;2011;662
45;Toledo;45141 Quero;Mujeres;2010;649
45;Toledo;45141 Quero;Mujeres;2009;642
45;Toledo;45141 Quero;Mujeres;2008;644
45;Toledo;45141 Quero;Mujeres;2007;604
45;Toledo;45141 Quero;Mujeres;2006;623
45;Toledo;45141 Quero;Mujeres;2005;620
45;Toledo;45141 Quero;Mujeres;2004;619
45;Toledo;45141 Quero;Mujeres;2003;622
45;Toledo;45141 Quero;Mujeres;2002;626
45;Toledo;45141 Quero;Mujeres;2001;631
45;Toledo;45141 Quero;Mujeres;2000;639
45;Toledo;45141 Quero;Mujeres;1999;661
45;Toledo;45141 Quero;Mujeres;1998;674
45;Toledo;45141 Quero;Mujeres;1997;
45;Toledo;45141 Quero;Mujeres;1996;687
45;Toledo;45142 Quintanar de la Orden;Total;2023;11119
45;Toledo;45142 Quintanar de la Orden;Total;2022;11069
45;Toledo;45142 Quintanar de la Orden;Total;2021;11129
45;Toledo;45142 Quintanar de la Orden;Total;2020;11148
45;Toledo;45142 Quintanar de la Orden;Total;2019;11030
45;Toledo;45142 Quintanar de la Orden;Total;2018;10918
45;Toledo;45142 Quintanar de la Orden;Total;2017;10926
45;Toledo;45142 Quintanar de la Orden;Total;2016;11130
45;Toledo;45142 Quintanar de la Orden;Total;2015;11604
45;Toledo;45142 Quintanar de la Orden;Total;2014;11987
45;Toledo;45142 Quintanar de la Orden;Total;2013;11704
45;Toledo;45142 Quintanar de la Orden;Total;2012;13047
45;Toledo;45142 Quintanar de la Orden;Total;2011;13026
45;Toledo;45142 Quintanar de la Orden;Total;2010;12873
45;Toledo;45142 Quintanar de la Orden;Total;2009;12736
45;Toledo;45142 Quintanar de la Orden;Total;2008;11067
45;Toledo;45142 Quintanar de la Orden;Total;2007;11469
45;Toledo;45142 Quintanar de la Orden;Total;2006;10471
45;Toledo;45142 Quintanar de la Orden;Total;2005;10581
45;Toledo;45142 Quintanar de la Orden;Total;2004;10431
45;Toledo;45142 Quintanar de la Orden;Total;2003;10193
45;Toledo;45142 Quintanar de la Orden;Total;2002;9935
45;Toledo;45142 Quintanar de la Orden;Total;2001;9776
45;Toledo;45142 Quintanar de la Orden;Total;2000;9503
45;Toledo;45142 Quintanar de la Orden;Total;1999;9448
45;Toledo;45142 Quintanar de la Orden;Total;1998;9389
45;Toledo;45142 Quintanar de la Orden;Total;1997;
45;Toledo;45142 Quintanar de la Orden;Total;1996;9330
45;Toledo;45142 Quintanar de la Orden;Hombres;2023;5507
45;Toledo;45142 Quintanar de la Orden;Hombres;2022;5497
45;Toledo;45142 Quintanar de la Orden;Hombres;2021;5538
45;Toledo;45142 Quintanar de la Orden;Hombres;2020;5536
45;Toledo;45142 Quintanar de la Orden;Hombres;2019;5471
45;Toledo;45142 Quintanar de la Orden;Hombres;2018;5413
45;Toledo;45142 Quintanar de la Orden;Hombres;2017;5445
45;Toledo;45142 Quintanar de la Orden;Hombres;2016;5562
45;Toledo;45142 Quintanar de la Orden;Hombres;2015;5826
45;Toledo;45142 Quintanar de la Orden;Hombres;2014;6080
45;Toledo;45142 Quintanar de la Orden;Hombres;2013;5930
45;Toledo;45142 Quintanar de la Orden;Hombres;2012;6726
45;Toledo;45142 Quintanar de la Orden;Hombres;2011;6724
45;Toledo;45142 Quintanar de la Orden;Hombres;2010;6653
45;Toledo;45142 Quintanar de la Orden;Hombres;2009;6595
45;Toledo;45142 Quintanar de la Orden;Hombres;2008;5672
45;Toledo;45142 Quintanar de la Orden;Hombres;2007;5889
45;Toledo;45142 Quintanar de la Orden;Hombres;2006;5274
45;Toledo;45142 Quintanar de la Orden;Hombres;2005;5346
45;Toledo;45142 Quintanar de la Orden;Hombres;2004;5245
45;Toledo;45142 Quintanar de la Orden;Hombres;2003;5110
45;Toledo;45142 Quintanar de la Orden;Hombres;2002;4990
45;Toledo;45142 Quintanar de la Orden;Hombres;2001;4893
45;Toledo;45142 Quintanar de la Orden;Hombres;2000;4707
45;Toledo;45142 Quintanar de la Orden;Hombres;1999;4685
45;Toledo;45142 Quintanar de la Orden;Hombres;1998;4659
45;Toledo;45142 Quintanar de la Orden;Hombres;1997;
45;Toledo;45142 Quintanar de la Orden;Hombres;1996;4629
45;Toledo;45142 Quintanar de la Orden;Mujeres;2023;5612
45;Toledo;45142 Quintanar de la Orden;Mujeres;2022;5572
45;Toledo;45142 Quintanar de la Orden;Mujeres;2021;5591
45;Toledo;45142 Quintanar de la Orden;Mujeres;2020;5612
45;Toledo;45142 Quintanar de la Orden;Mujeres;2019;5559
45;Toledo;45142 Quintanar de la Orden;Mujeres;2018;5505
45;Toledo;45142 Quintanar de la Orden;Mujeres;2017;5481
45;Toledo;45142 Quintanar de la Orden;Mujeres;2016;5568
45;Toledo;45142 Quintanar de la Orden;Mujeres;2015;5778
45;Toledo;45142 Quintanar de la Orden;Mujeres;2014;5907
45;Toledo;45142 Quintanar de la Orden;Mujeres;2013;5774
45;Toledo;45142 Quintanar de la Orden;Mujeres;2012;6321
45;Toledo;45142 Quintanar de la Orden;Mujeres;2011;6302
45;Toledo;45142 Quintanar de la Orden;Mujeres;2010;6220
45;Toledo;45142 Quintanar de la Orden;Mujeres;2009;6141
45;Toledo;45142 Quintanar de la Orden;Mujeres;2008;5395
45;Toledo;45142 Quintanar de la Orden;Mujeres;2007;5580
45;Toledo;45142 Quintanar de la Orden;Mujeres;2006;5197
45;Toledo;45142 Quintanar de la Orden;Mujeres;2005;5235
45;Toledo;45142 Quintanar de la Orden;Mujeres;2004;5186
45;Toledo;45142 Quintanar de la Orden;Mujeres;2003;5083
45;Toledo;45142 Quintanar de la Orden;Mujeres;2002;4945
45;Toledo;45142 Quintanar de la Orden;Mujeres;2001;4883
45;Toledo;45142 Quintanar de la Orden;Mujeres;2000;4796
45;Toledo;45142 Quintanar de la Orden;Mujeres;1999;4763
45;Toledo;45142 Quintanar de la Orden;Mujeres;1998;4730
45;Toledo;45142 Quintanar de la Orden;Mujeres;1997;
45;Toledo;45142 Quintanar de la Orden;Mujeres;1996;4701
45;Toledo;45143 Quismondo;Total;2023;1721
45;Toledo;45143 Quismondo;Total;2022;1673
45;Toledo;45143 Quismondo;Total;2021;1633
45;Toledo;45143 Quismondo;Total;2020;1564
45;Toledo;45143 Quismondo;Total;2019;1527
45;Toledo;45143 Quismondo;Total;2018;1511
45;Toledo;45143 Quismondo;Total;2017;1509
45;Toledo;45143 Quismondo;Total;2016;1525
45;Toledo;45143 Quismondo;Total;2015;1568
45;Toledo;45143 Quismondo;Total;2014;1594
45;Toledo;45143 Quismondo;Total;2013;1683
45;Toledo;45143 Quismondo;Total;2012;1728
45;Toledo;45143 Quismondo;Total;2011;1726
45;Toledo;45143 Quismondo;Total;2010;1675
45;Toledo;45143 Quismondo;Total;2009;1689
45;Toledo;45143 Quismondo;Total;2008;1664
45;Toledo;45143 Quismondo;Total;2007;1591
45;Toledo;45143 Quismondo;Total;2006;1533
45;Toledo;45143 Quismondo;Total;2005;1482
45;Toledo;45143 Quismondo;Total;2004;1439
45;Toledo;45143 Quismondo;Total;2003;1332
45;Toledo;45143 Quismondo;Total;2002;1328
45;Toledo;45143 Quismondo;Total;2001;1304
45;Toledo;45143 Quismondo;Total;2000;1298
45;Toledo;45143 Quismondo;Total;1999;1327
45;Toledo;45143 Quismondo;Total;1998;1313
45;Toledo;45143 Quismondo;Total;1997;
45;Toledo;45143 Quismondo;Total;1996;1328
45;Toledo;45143 Quismondo;Hombres;2023;849
45;Toledo;45143 Quismondo;Hombres;2022;834
45;Toledo;45143 Quismondo;Hombres;2021;827
45;Toledo;45143 Quismondo;Hombres;2020;791
45;Toledo;45143 Quismondo;Hombres;2019;780
45;Toledo;45143 Quismondo;Hombres;2018;773
45;Toledo;45143 Quismondo;Hombres;2017;784
45;Toledo;45143 Quismondo;Hombres;2016;778
45;Toledo;45143 Quismondo;Hombres;2015;795
45;Toledo;45143 Quismondo;Hombres;2014;818
45;Toledo;45143 Quismondo;Hombres;2013;859
45;Toledo;45143 Quismondo;Hombres;2012;878
45;Toledo;45143 Quismondo;Hombres;2011;882
45;Toledo;45143 Quismondo;Hombres;2010;855
45;Toledo;45143 Quismondo;Hombres;2009;847
45;Toledo;45143 Quismondo;Hombres;2008;845
45;Toledo;45143 Quismondo;Hombres;2007;788
45;Toledo;45143 Quismondo;Hombres;2006;752
45;Toledo;45143 Quismondo;Hombres;2005;736
45;Toledo;45143 Quismondo;Hombres;2004;713
45;Toledo;45143 Quismondo;Hombres;2003;672
45;Toledo;45143 Quismondo;Hombres;2002;661
45;Toledo;45143 Quismondo;Hombres;2001;649
45;Toledo;45143 Quismondo;Hombres;2000;652
45;Toledo;45143 Quismondo;Hombres;1999;657
45;Toledo;45143 Quismondo;Hombres;1998;656
45;Toledo;45143 Quismondo;Hombres;1997;
45;Toledo;45143 Quismondo;Hombres;1996;634
45;Toledo;45143 Quismondo;Mujeres;2023;872
45;Toledo;45143 Quismondo;Mujeres;2022;839
45;Toledo;45143 Quismondo;Mujeres;2021;806
45;Toledo;45143 Quismondo;Mujeres;2020;773
45;Toledo;45143 Quismondo;Mujeres;2019;747
45;Toledo;45143 Quismondo;Mujeres;2018;738
45;Toledo;45143 Quismondo;Mujeres;2017;725
45;Toledo;45143 Quismondo;Mujeres;2016;747
45;Toledo;45143 Quismondo;Mujeres;2015;773
45;Toledo;45143 Quismondo;Mujeres;2014;776
45;Toledo;45143 Quismondo;Mujeres;2013;824
45;Toledo;45143 Quismondo;Mujeres;2012;850
45;Toledo;45143 Quismondo;Mujeres;2011;844
45;Toledo;45143 Quismondo;Mujeres;2010;820
45;Toledo;45143 Quismondo;Mujeres;2009;842
45;Toledo;45143 Quismondo;Mujeres;2008;819
45;Toledo;45143 Quismondo;Mujeres;2007;803
45;Toledo;45143 Quismondo;Mujeres;2006;781
45;Toledo;45143 Quismondo;Mujeres;2005;746
45;Toledo;45143 Quismondo;Mujeres;2004;726
45;Toledo;45143 Quismondo;Mujeres;2003;660
45;Toledo;45143 Quismondo;Mujeres;2002;667
45;Toledo;45143 Quismondo;Mujeres;2001;655
45;Toledo;45143 Quismondo;Mujeres;2000;646
45;Toledo;45143 Quismondo;Mujeres;1999;670
45;Toledo;45143 Quismondo;Mujeres;1998;657
45;Toledo;45143 Quismondo;Mujeres;1997;
45;Toledo;45143 Quismondo;Mujeres;1996;694
45;Toledo;45144 Real de San Vicente, El;Total;2023;975
45;Toledo;45144 Real de San Vicente, El;Total;2022;973
45;Toledo;45144 Real de San Vicente, El;Total;2021;956
45;Toledo;45144 Real de San Vicente, El;Total;2020;919
45;Toledo;45144 Real de San Vicente, El;Total;2019;922
45;Toledo;45144 Real de San Vicente, El;Total;2018;945
45;Toledo;45144 Real de San Vicente, El;Total;2017;969
45;Toledo;45144 Real de San Vicente, El;Total;2016;998
45;Toledo;45144 Real de San Vicente, El;Total;2015;1031
45;Toledo;45144 Real de San Vicente, El;Total;2014;1011
45;Toledo;45144 Real de San Vicente, El;Total;2013;1080
45;Toledo;45144 Real de San Vicente, El;Total;2012;1097
45;Toledo;45144 Real de San Vicente, El;Total;2011;1119
45;Toledo;45144 Real de San Vicente, El;Total;2010;1089
45;Toledo;45144 Real de San Vicente, El;Total;2009;1097
45;Toledo;45144 Real de San Vicente, El;Total;2008;1116
45;Toledo;45144 Real de San Vicente, El;Total;2007;1088
45;Toledo;45144 Real de San Vicente, El;Total;2006;1050
45;Toledo;45144 Real de San Vicente, El;Total;2005;1068
45;Toledo;45144 Real de San Vicente, El;Total;2004;1044
45;Toledo;45144 Real de San Vicente, El;Total;2003;1022
45;Toledo;45144 Real de San Vicente, El;Total;2002;991
45;Toledo;45144 Real de San Vicente, El;Total;2001;988
45;Toledo;45144 Real de San Vicente, El;Total;2000;996
45;Toledo;45144 Real de San Vicente, El;Total;1999;1006
45;Toledo;45144 Real de San Vicente, El;Total;1998;1006
45;Toledo;45144 Real de San Vicente, El;Total;1997;
45;Toledo;45144 Real de San Vicente, El;Total;1996;985
45;Toledo;45144 Real de San Vicente, El;Hombres;2023;519
45;Toledo;45144 Real de San Vicente, El;Hombres;2022;524
45;Toledo;45144 Real de San Vicente, El;Hombres;2021;512
45;Toledo;45144 Real de San Vicente, El;Hombres;2020;494
45;Toledo;45144 Real de San Vicente, El;Hombres;2019;494
45;Toledo;45144 Real de San Vicente, El;Hombres;2018;509
45;Toledo;45144 Real de San Vicente, El;Hombres;2017;512
45;Toledo;45144 Real de San Vicente, El;Hombres;2016;526
45;Toledo;45144 Real de San Vicente, El;Hombres;2015;547
45;Toledo;45144 Real de San Vicente, El;Hombres;2014;542
45;Toledo;45144 Real de San Vicente, El;Hombres;2013;578
45;Toledo;45144 Real de San Vicente, El;Hombres;2012;595
45;Toledo;45144 Real de San Vicente, El;Hombres;2011;608
45;Toledo;45144 Real de San Vicente, El;Hombres;2010;592
45;Toledo;45144 Real de San Vicente, El;Hombres;2009;586
45;Toledo;45144 Real de San Vicente, El;Hombres;2008;597
45;Toledo;45144 Real de San Vicente, El;Hombres;2007;569
45;Toledo;45144 Real de San Vicente, El;Hombres;2006;543
45;Toledo;45144 Real de San Vicente, El;Hombres;2005;551
45;Toledo;45144 Real de San Vicente, El;Hombres;2004;538
45;Toledo;45144 Real de San Vicente, El;Hombres;2003;532
45;Toledo;45144 Real de San Vicente, El;Hombres;2002;516
45;Toledo;45144 Real de San Vicente, El;Hombres;2001;500
45;Toledo;45144 Real de San Vicente, El;Hombres;2000;497
45;Toledo;45144 Real de San Vicente, El;Hombres;1999;514
45;Toledo;45144 Real de San Vicente, El;Hombres;1998;514
45;Toledo;45144 Real de San Vicente, El;Hombres;1997;
45;Toledo;45144 Real de San Vicente, El;Hombres;1996;501
45;Toledo;45144 Real de San Vicente, El;Mujeres;2023;456
45;Toledo;45144 Real de San Vicente, El;Mujeres;2022;449
45;Toledo;45144 Real de San Vicente, El;Mujeres;2021;444
45;Toledo;45144 Real de San Vicente, El;Mujeres;2020;425
45;Toledo;45144 Real de San Vicente, El;Mujeres;2019;428
45;Toledo;45144 Real de San Vicente, El;Mujeres;2018;436
45;Toledo;45144 Real de San Vicente, El;Mujeres;2017;457
45;Toledo;45144 Real de San Vicente, El;Mujeres;2016;472
45;Toledo;45144 Real de San Vicente, El;Mujeres;2015;484
45;Toledo;45144 Real de San Vicente, El;Mujeres;2014;469
45;Toledo;45144 Real de San Vicente, El;Mujeres;2013;502
45;Toledo;45144 Real de San Vicente, El;Mujeres;2012;502
45;Toledo;45144 Real de San Vicente, El;Mujeres;2011;511
45;Toledo;45144 Real de San Vicente, El;Mujeres;2010;497
45;Toledo;45144 Real de San Vicente, El;Mujeres;2009;511
45;Toledo;45144 Real de San Vicente, El;Mujeres;2008;519
45;Toledo;45144 Real de San Vicente, El;Mujeres;2007;519
45;Toledo;45144 Real de San Vicente, El;Mujeres;2006;507
45;Toledo;45144 Real de San Vicente, El;Mujeres;2005;517
45;Toledo;45144 Real de San Vicente, El;Mujeres;2004;506
45;Toledo;45144 Real de San Vicente, El;Mujeres;2003;490
45;Toledo;45144 Real de San Vicente, El;Mujeres;2002;475
45;Toledo;45144 Real de San Vicente, El;Mujeres;2001;488
45;Toledo;45144 Real de San Vicente, El;Mujeres;2000;499
45;Toledo;45144 Real de San Vicente, El;Mujeres;1999;492
45;Toledo;45144 Real de San Vicente, El;Mujeres;1998;492
45;Toledo;45144 Real de San Vicente, El;Mujeres;1997;
45;Toledo;45144 Real de San Vicente, El;Mujeres;1996;484
45;Toledo;45145 Recas;Total;2023;4876
45;Toledo;45145 Recas;Total;2022;4552
45;Toledo;45145 Recas;Total;2021;4536
45;Toledo;45145 Recas;Total;2020;4504
45;Toledo;45145 Recas;Total;2019;4262
45;Toledo;45145 Recas;Total;2018;4206
45;Toledo;45145 Recas;Total;2017;4220
45;Toledo;45145 Recas;Total;2016;4309
45;Toledo;45145 Recas;Total;2015;4311
45;Toledo;45145 Recas;Total;2014;4246
45;Toledo;45145 Recas;Total;2013;4154
45;Toledo;45145 Recas;Total;2012;4160
45;Toledo;45145 Recas;Total;2011;4074
45;Toledo;45145 Recas;Total;2010;3912
45;Toledo;45145 Recas;Total;2009;3727
45;Toledo;45145 Recas;Total;2008;3498
45;Toledo;45145 Recas;Total;2007;3249
45;Toledo;45145 Recas;Total;2006;3138
45;Toledo;45145 Recas;Total;2005;3073
45;Toledo;45145 Recas;Total;2004;2922
45;Toledo;45145 Recas;Total;2003;3023
45;Toledo;45145 Recas;Total;2002;2941
45;Toledo;45145 Recas;Total;2001;2783
45;Toledo;45145 Recas;Total;2000;2614
45;Toledo;45145 Recas;Total;1999;2610
45;Toledo;45145 Recas;Total;1998;2580
45;Toledo;45145 Recas;Total;1997;
45;Toledo;45145 Recas;Total;1996;2469
45;Toledo;45145 Recas;Hombres;2023;2700
45;Toledo;45145 Recas;Hombres;2022;2499
45;Toledo;45145 Recas;Hombres;2021;2487
45;Toledo;45145 Recas;Hombres;2020;2482
45;Toledo;45145 Recas;Hombres;2019;2362
45;Toledo;45145 Recas;Hombres;2018;2311
45;Toledo;45145 Recas;Hombres;2017;2339
45;Toledo;45145 Recas;Hombres;2016;2395
45;Toledo;45145 Recas;Hombres;2015;2387
45;Toledo;45145 Recas;Hombres;2014;2361
45;Toledo;45145 Recas;Hombres;2013;2342
45;Toledo;45145 Recas;Hombres;2012;2374
45;Toledo;45145 Recas;Hombres;2011;2319
45;Toledo;45145 Recas;Hombres;2010;2222
45;Toledo;45145 Recas;Hombres;2009;2118
45;Toledo;45145 Recas;Hombres;2008;1973
45;Toledo;45145 Recas;Hombres;2007;1786
45;Toledo;45145 Recas;Hombres;2006;1709
45;Toledo;45145 Recas;Hombres;2005;1702
45;Toledo;45145 Recas;Hombres;2004;1614
45;Toledo;45145 Recas;Hombres;2003;1687
45;Toledo;45145 Recas;Hombres;2002;1626
45;Toledo;45145 Recas;Hombres;2001;1507
45;Toledo;45145 Recas;Hombres;2000;1378
45;Toledo;45145 Recas;Hombres;1999;1373
45;Toledo;45145 Recas;Hombres;1998;1345
45;Toledo;45145 Recas;Hombres;1997;
45;Toledo;45145 Recas;Hombres;1996;1291
45;Toledo;45145 Recas;Mujeres;2023;2176
45;Toledo;45145 Recas;Mujeres;2022;2053
45;Toledo;45145 Recas;Mujeres;2021;2049
45;Toledo;45145 Recas;Mujeres;2020;2022
45;Toledo;45145 Recas;Mujeres;2019;1900
45;Toledo;45145 Recas;Mujeres;2018;1895
45;Toledo;45145 Recas;Mujeres;2017;1881
45;Toledo;45145 Recas;Mujeres;2016;1914
45;Toledo;45145 Recas;Mujeres;2015;1924
45;Toledo;45145 Recas;Mujeres;2014;1885
45;Toledo;45145 Recas;Mujeres;2013;1812
45;Toledo;45145 Recas;Mujeres;2012;1786
45;Toledo;45145 Recas;Mujeres;2011;1755
45;Toledo;45145 Recas;Mujeres;2010;1690
45;Toledo;45145 Recas;Mujeres;2009;1609
45;Toledo;45145 Recas;Mujeres;2008;1525
45;Toledo;45145 Recas;Mujeres;2007;1463
45;Toledo;45145 Recas;Mujeres;2006;1429
45;Toledo;45145 Recas;Mujeres;2005;1371
45;Toledo;45145 Recas;Mujeres;2004;1308
45;Toledo;45145 Recas;Mujeres;2003;1336
45;Toledo;45145 Recas;Mujeres;2002;1315
45;Toledo;45145 Recas;Mujeres;2001;1276
45;Toledo;45145 Recas;Mujeres;2000;1236
45;Toledo;45145 Recas;Mujeres;1999;1237
45;Toledo;45145 Recas;Mujeres;1998;1235
45;Toledo;45145 Recas;Mujeres;1997;
45;Toledo;45145 Recas;Mujeres;1996;1178
45;Toledo;45146 Retamoso de la Jara;Total;2023;109
45;Toledo;45146 Retamoso de la Jara;Total;2022;97
45;Toledo;45146 Retamoso de la Jara;Total;2021;97
45;Toledo;45146 Retamoso de la Jara;Total;2020;103
45;Toledo;45146 Retamoso de la Jara;Total;2019;104
45;Toledo;45146 Retamoso de la Jara;Total;2018;105
45;Toledo;45146 Retamoso de la Jara;Total;2017;105
45;Toledo;45146 Retamoso de la Jara;Total;2016;110
45;Toledo;45146 Retamoso de la Jara;Total;2015;106
45;Toledo;45146 Retamoso de la Jara;Total;2014;114
45;Toledo;45146 Retamoso de la Jara;Total;2013;119
45;Toledo;45146 Retamoso de la Jara;Total;2012;122
45;Toledo;45146 Retamoso de la Jara;Total;2011;117
45;Toledo;45146 Retamoso de la Jara;Total;2010;126
45;Toledo;45146 Retamoso de la Jara;Total;2009;125
45;Toledo;45146 Retamoso de la Jara;Total;2008;130
45;Toledo;45146 Retamoso de la Jara;Total;2007;132
45;Toledo;45146 Retamoso de la Jara;Total;2006;132
45;Toledo;45146 Retamoso de la Jara;Total;2005;135
45;Toledo;45146 Retamoso de la Jara;Total;2004;135
45;Toledo;45146 Retamoso de la Jara;Total;2003;141
45;Toledo;45146 Retamoso de la Jara;Total;2002;149
45;Toledo;45146 Retamoso de la Jara;Total;2001;152
45;Toledo;45146 Retamoso de la Jara;Total;2000;160
45;Toledo;45146 Retamoso de la Jara;Total;1999;164
45;Toledo;45146 Retamoso de la Jara;Total;1998;174
45;Toledo;45146 Retamoso de la Jara;Total;1997;
45;Toledo;45146 Retamoso de la Jara;Total;1996;198
45;Toledo;45146 Retamoso de la Jara;Hombres;2023;56
45;Toledo;45146 Retamoso de la Jara;Hombres;2022;54
45;Toledo;45146 Retamoso de la Jara;Hombres;2021;53
45;Toledo;45146 Retamoso de la Jara;Hombres;2020;55
45;Toledo;45146 Retamoso de la Jara;Hombres;2019;56
45;Toledo;45146 Retamoso de la Jara;Hombres;2018;54
45;Toledo;45146 Retamoso de la Jara;Hombres;2017;53
45;Toledo;45146 Retamoso de la Jara;Hombres;2016;54
45;Toledo;45146 Retamoso de la Jara;Hombres;2015;53
45;Toledo;45146 Retamoso de la Jara;Hombres;2014;57
45;Toledo;45146 Retamoso de la Jara;Hombres;2013;60
45;Toledo;45146 Retamoso de la Jara;Hombres;2012;60
45;Toledo;45146 Retamoso de la Jara;Hombres;2011;58
45;Toledo;45146 Retamoso de la Jara;Hombres;2010;63
45;Toledo;45146 Retamoso de la Jara;Hombres;2009;63
45;Toledo;45146 Retamoso de la Jara;Hombres;2008;69
45;Toledo;45146 Retamoso de la Jara;Hombres;2007;69
45;Toledo;45146 Retamoso de la Jara;Hombres;2006;70
45;Toledo;45146 Retamoso de la Jara;Hombres;2005;73
45;Toledo;45146 Retamoso de la Jara;Hombres;2004;73
45;Toledo;45146 Retamoso de la Jara;Hombres;2003;76
45;Toledo;45146 Retamoso de la Jara;Hombres;2002;79
45;Toledo;45146 Retamoso de la Jara;Hombres;2001;80
45;Toledo;45146 Retamoso de la Jara;Hombres;2000;84
45;Toledo;45146 Retamoso de la Jara;Hombres;1999;86
45;Toledo;45146 Retamoso de la Jara;Hombres;1998;93
45;Toledo;45146 Retamoso de la Jara;Hombres;1997;
45;Toledo;45146 Retamoso de la Jara;Hombres;1996;106
45;Toledo;45146 Retamoso de la Jara;Mujeres;2023;53
45;Toledo;45146 Retamoso de la Jara;Mujeres;2022;43
45;Toledo;45146 Retamoso de la Jara;Mujeres;2021;44
45;Toledo;45146 Retamoso de la Jara;Mujeres;2020;48
45;Toledo;45146 Retamoso de la Jara;Mujeres;2019;48
45;Toledo;45146 Retamoso de la Jara;Mujeres;2018;51
45;Toledo;45146 Retamoso de la Jara;Mujeres;2017;52
45;Toledo;45146 Retamoso de la Jara;Mujeres;2016;56
45;Toledo;45146 Retamoso de la Jara;Mujeres;2015;53
45;Toledo;45146 Retamoso de la Jara;Mujeres;2014;57
45;Toledo;45146 Retamoso de la Jara;Mujeres;2013;59
45;Toledo;45146 Retamoso de la Jara;Mujeres;2012;62
45;Toledo;45146 Retamoso de la Jara;Mujeres;2011;59
45;Toledo;45146 Retamoso de la Jara;Mujeres;2010;63
45;Toledo;45146 Retamoso de la Jara;Mujeres;2009;62
45;Toledo;45146 Retamoso de la Jara;Mujeres;2008;61
45;Toledo;45146 Retamoso de la Jara;Mujeres;2007;63
45;Toledo;45146 Retamoso de la Jara;Mujeres;2006;62
45;Toledo;45146 Retamoso de la Jara;Mujeres;2005;62
45;Toledo;45146 Retamoso de la Jara;Mujeres;2004;62
45;Toledo;45146 Retamoso de la Jara;Mujeres;2003;65
45;Toledo;45146 Retamoso de la Jara;Mujeres;2002;70
45;Toledo;45146 Retamoso de la Jara;Mujeres;2001;72
45;Toledo;45146 Retamoso de la Jara;Mujeres;2000;76
45;Toledo;45146 Retamoso de la Jara;Mujeres;1999;78
45;Toledo;45146 Retamoso de la Jara;Mujeres;1998;81
45;Toledo;45146 Retamoso de la Jara;Mujeres;1997;
45;Toledo;45146 Retamoso de la Jara;Mujeres;1996;92
45;Toledo;45147 Rielves;Total;2023;806
45;Toledo;45147 Rielves;Total;2022;760
45;Toledo;45147 Rielves;Total;2021;768
45;Toledo;45147 Rielves;Total;2020;749
45;Toledo;45147 Rielves;Total;2019;752
45;Toledo;45147 Rielves;Total;2018;741
45;Toledo;45147 Rielves;Total;2017;756
45;Toledo;45147 Rielves;Total;2016;746
45;Toledo;45147 Rielves;Total;2015;760
45;Toledo;45147 Rielves;Total;2014;787
45;Toledo;45147 Rielves;Total;2013;791
45;Toledo;45147 Rielves;Total;2012;809
45;Toledo;45147 Rielves;Total;2011;787
45;Toledo;45147 Rielves;Total;2010;757
45;Toledo;45147 Rielves;Total;2009;738
45;Toledo;45147 Rielves;Total;2008;700
45;Toledo;45147 Rielves;Total;2007;660
45;Toledo;45147 Rielves;Total;2006;626
45;Toledo;45147 Rielves;Total;2005;601
45;Toledo;45147 Rielves;Total;2004;567
45;Toledo;45147 Rielves;Total;2003;545
45;Toledo;45147 Rielves;Total;2002;537
45;Toledo;45147 Rielves;Total;2001;542
45;Toledo;45147 Rielves;Total;2000;516
45;Toledo;45147 Rielves;Total;1999;508
45;Toledo;45147 Rielves;Total;1998;493
45;Toledo;45147 Rielves;Total;1997;
45;Toledo;45147 Rielves;Total;1996;493
45;Toledo;45147 Rielves;Hombres;2023;404
45;Toledo;45147 Rielves;Hombres;2022;384
45;Toledo;45147 Rielves;Hombres;2021;388
45;Toledo;45147 Rielves;Hombres;2020;382
45;Toledo;45147 Rielves;Hombres;2019;381
45;Toledo;45147 Rielves;Hombres;2018;375
45;Toledo;45147 Rielves;Hombres;2017;384
45;Toledo;45147 Rielves;Hombres;2016;376
45;Toledo;45147 Rielves;Hombres;2015;385
45;Toledo;45147 Rielves;Hombres;2014;394
45;Toledo;45147 Rielves;Hombres;2013;388
45;Toledo;45147 Rielves;Hombres;2012;399
45;Toledo;45147 Rielves;Hombres;2011;390
45;Toledo;45147 Rielves;Hombres;2010;373
45;Toledo;45147 Rielves;Hombres;2009;371
45;Toledo;45147 Rielves;Hombres;2008;352
45;Toledo;45147 Rielves;Hombres;2007;326
45;Toledo;45147 Rielves;Hombres;2006;314
45;Toledo;45147 Rielves;Hombres;2005;300
45;Toledo;45147 Rielves;Hombres;2004;283
45;Toledo;45147 Rielves;Hombres;2003;272
45;Toledo;45147 Rielves;Hombres;2002;269
45;Toledo;45147 Rielves;Hombres;2001;266
45;Toledo;45147 Rielves;Hombres;2000;257
45;Toledo;45147 Rielves;Hombres;1999;256
45;Toledo;45147 Rielves;Hombres;1998;250
45;Toledo;45147 Rielves;Hombres;1997;
45;Toledo;45147 Rielves;Hombres;1996;247
45;Toledo;45147 Rielves;Mujeres;2023;402
45;Toledo;45147 Rielves;Mujeres;2022;376
45;Toledo;45147 Rielves;Mujeres;2021;380
45;Toledo;45147 Rielves;Mujeres;2020;367
45;Toledo;45147 Rielves;Mujeres;2019;371
45;Toledo;45147 Rielves;Mujeres;2018;366
45;Toledo;45147 Rielves;Mujeres;2017;372
45;Toledo;45147 Rielves;Mujeres;2016;370
45;Toledo;45147 Rielves;Mujeres;2015;375
45;Toledo;45147 Rielves;Mujeres;2014;393
45;Toledo;45147 Rielves;Mujeres;2013;403
45;Toledo;45147 Rielves;Mujeres;2012;410
45;Toledo;45147 Rielves;Mujeres;2011;397
45;Toledo;45147 Rielves;Mujeres;2010;384
45;Toledo;45147 Rielves;Mujeres;2009;367
45;Toledo;45147 Rielves;Mujeres;2008;348
45;Toledo;45147 Rielves;Mujeres;2007;334
45;Toledo;45147 Rielves;Mujeres;2006;312
45;Toledo;45147 Rielves;Mujeres;2005;301
45;Toledo;45147 Rielves;Mujeres;2004;284
45;Toledo;45147 Rielves;Mujeres;2003;273
45;Toledo;45147 Rielves;Mujeres;2002;268
45;Toledo;45147 Rielves;Mujeres;2001;276
45;Toledo;45147 Rielves;Mujeres;2000;259
45;Toledo;45147 Rielves;Mujeres;1999;252
45;Toledo;45147 Rielves;Mujeres;1998;243
45;Toledo;45147 Rielves;Mujeres;1997;
45;Toledo;45147 Rielves;Mujeres;1996;246
45;Toledo;45148 Robledo del Mazo;Total;2023;247
45;Toledo;45148 Robledo del Mazo;Total;2022;249
45;Toledo;45148 Robledo del Mazo;Total;2021;260
45;Toledo;45148 Robledo del Mazo;Total;2020;261
45;Toledo;45148 Robledo del Mazo;Total;2019;281
45;Toledo;45148 Robledo del Mazo;Total;2018;289
45;Toledo;45148 Robledo del Mazo;Total;2017;299
45;Toledo;45148 Robledo del Mazo;Total;2016;310
45;Toledo;45148 Robledo del Mazo;Total;2015;327
45;Toledo;45148 Robledo del Mazo;Total;2014;330
45;Toledo;45148 Robledo del Mazo;Total;2013;331
45;Toledo;45148 Robledo del Mazo;Total;2012;364
45;Toledo;45148 Robledo del Mazo;Total;2011;379
45;Toledo;45148 Robledo del Mazo;Total;2010;371
45;Toledo;45148 Robledo del Mazo;Total;2009;390
45;Toledo;45148 Robledo del Mazo;Total;2008;414
45;Toledo;45148 Robledo del Mazo;Total;2007;417
45;Toledo;45148 Robledo del Mazo;Total;2006;399
45;Toledo;45148 Robledo del Mazo;Total;2005;420
45;Toledo;45148 Robledo del Mazo;Total;2004;457
45;Toledo;45148 Robledo del Mazo;Total;2003;463
45;Toledo;45148 Robledo del Mazo;Total;2002;493
45;Toledo;45148 Robledo del Mazo;Total;2001;503
45;Toledo;45148 Robledo del Mazo;Total;2000;518
45;Toledo;45148 Robledo del Mazo;Total;1999;518
45;Toledo;45148 Robledo del Mazo;Total;1998;518
45;Toledo;45148 Robledo del Mazo;Total;1997;
45;Toledo;45148 Robledo del Mazo;Total;1996;538
45;Toledo;45148 Robledo del Mazo;Hombres;2023;136
45;Toledo;45148 Robledo del Mazo;Hombres;2022;133
45;Toledo;45148 Robledo del Mazo;Hombres;2021;144
45;Toledo;45148 Robledo del Mazo;Hombres;2020;148
45;Toledo;45148 Robledo del Mazo;Hombres;2019;158
45;Toledo;45148 Robledo del Mazo;Hombres;2018;163
45;Toledo;45148 Robledo del Mazo;Hombres;2017;169
45;Toledo;45148 Robledo del Mazo;Hombres;2016;171
45;Toledo;45148 Robledo del Mazo;Hombres;2015;186
45;Toledo;45148 Robledo del Mazo;Hombres;2014;190
45;Toledo;45148 Robledo del Mazo;Hombres;2013;191
45;Toledo;45148 Robledo del Mazo;Hombres;2012;206
45;Toledo;45148 Robledo del Mazo;Hombres;2011;215
45;Toledo;45148 Robledo del Mazo;Hombres;2010;205
45;Toledo;45148 Robledo del Mazo;Hombres;2009;213
45;Toledo;45148 Robledo del Mazo;Hombres;2008;221
45;Toledo;45148 Robledo del Mazo;Hombres;2007;223
45;Toledo;45148 Robledo del Mazo;Hombres;2006;210
45;Toledo;45148 Robledo del Mazo;Hombres;2005;215
45;Toledo;45148 Robledo del Mazo;Hombres;2004;235
45;Toledo;45148 Robledo del Mazo;Hombres;2003;246
45;Toledo;45148 Robledo del Mazo;Hombres;2002;255
45;Toledo;45148 Robledo del Mazo;Hombres;2001;262
45;Toledo;45148 Robledo del Mazo;Hombres;2000;267
45;Toledo;45148 Robledo del Mazo;Hombres;1999;270
45;Toledo;45148 Robledo del Mazo;Hombres;1998;272
45;Toledo;45148 Robledo del Mazo;Hombres;1997;
45;Toledo;45148 Robledo del Mazo;Hombres;1996;278
45;Toledo;45148 Robledo del Mazo;Mujeres;2023;111
45;Toledo;45148 Robledo del Mazo;Mujeres;2022;116
45;Toledo;45148 Robledo del Mazo;Mujeres;2021;116
45;Toledo;45148 Robledo del Mazo;Mujeres;2020;113
45;Toledo;45148 Robledo del Mazo;Mujeres;2019;123
45;Toledo;45148 Robledo del Mazo;Mujeres;2018;126
45;Toledo;45148 Robledo del Mazo;Mujeres;2017;130
45;Toledo;45148 Robledo del Mazo;Mujeres;2016;139
45;Toledo;45148 Robledo del Mazo;Mujeres;2015;141
45;Toledo;45148 Robledo del Mazo;Mujeres;2014;140
45;Toledo;45148 Robledo del Mazo;Mujeres;2013;140
45;Toledo;45148 Robledo del Mazo;Mujeres;2012;158
45;Toledo;45148 Robledo del Mazo;Mujeres;2011;164
45;Toledo;45148 Robledo del Mazo;Mujeres;2010;166
45;Toledo;45148 Robledo del Mazo;Mujeres;2009;177
45;Toledo;45148 Robledo del Mazo;Mujeres;2008;193
45;Toledo;45148 Robledo del Mazo;Mujeres;2007;194
45;Toledo;45148 Robledo del Mazo;Mujeres;2006;189
45;Toledo;45148 Robledo del Mazo;Mujeres;2005;205
45;Toledo;45148 Robledo del Mazo;Mujeres;2004;222
45;Toledo;45148 Robledo del Mazo;Mujeres;2003;217
45;Toledo;45148 Robledo del Mazo;Mujeres;2002;238
45;Toledo;45148 Robledo del Mazo;Mujeres;2001;241
45;Toledo;45148 Robledo del Mazo;Mujeres;2000;251
45;Toledo;45148 Robledo del Mazo;Mujeres;1999;248
45;Toledo;45148 Robledo del Mazo;Mujeres;1998;246
45;Toledo;45148 Robledo del Mazo;Mujeres;1997;
45;Toledo;45148 Robledo del Mazo;Mujeres;1996;260
45;Toledo;45149 Romeral, El;Total;2023;568
45;Toledo;45149 Romeral, El;Total;2022;555
45;Toledo;45149 Romeral, El;Total;2021;568
45;Toledo;45149 Romeral, El;Total;2020;582
45;Toledo;45149 Romeral, El;Total;2019;622
45;Toledo;45149 Romeral, El;Total;2018;594
45;Toledo;45149 Romeral, El;Total;2017;609
45;Toledo;45149 Romeral, El;Total;2016;641
45;Toledo;45149 Romeral, El;Total;2015;706
45;Toledo;45149 Romeral, El;Total;2014;666
45;Toledo;45149 Romeral, El;Total;2013;690
45;Toledo;45149 Romeral, El;Total;2012;725
45;Toledo;45149 Romeral, El;Total;2011;767
45;Toledo;45149 Romeral, El;Total;2010;771
45;Toledo;45149 Romeral, El;Total;2009;789
45;Toledo;45149 Romeral, El;Total;2008;824
45;Toledo;45149 Romeral, El;Total;2007;842
45;Toledo;45149 Romeral, El;Total;2006;807
45;Toledo;45149 Romeral, El;Total;2005;819
45;Toledo;45149 Romeral, El;Total;2004;844
45;Toledo;45149 Romeral, El;Total;2003;836
45;Toledo;45149 Romeral, El;Total;2002;854
45;Toledo;45149 Romeral, El;Total;2001;872
45;Toledo;45149 Romeral, El;Total;2000;895
45;Toledo;45149 Romeral, El;Total;1999;890
45;Toledo;45149 Romeral, El;Total;1998;913
45;Toledo;45149 Romeral, El;Total;1997;
45;Toledo;45149 Romeral, El;Total;1996;943
45;Toledo;45149 Romeral, El;Hombres;2023;279
45;Toledo;45149 Romeral, El;Hombres;2022;274
45;Toledo;45149 Romeral, El;Hombres;2021;282
45;Toledo;45149 Romeral, El;Hombres;2020;294
45;Toledo;45149 Romeral, El;Hombres;2019;307
45;Toledo;45149 Romeral, El;Hombres;2018;295
45;Toledo;45149 Romeral, El;Hombres;2017;305
45;Toledo;45149 Romeral, El;Hombres;2016;321
45;Toledo;45149 Romeral, El;Hombres;2015;351
45;Toledo;45149 Romeral, El;Hombres;2014;328
45;Toledo;45149 Romeral, El;Hombres;2013;345
45;Toledo;45149 Romeral, El;Hombres;2012;361
45;Toledo;45149 Romeral, El;Hombres;2011;382
45;Toledo;45149 Romeral, El;Hombres;2010;379
45;Toledo;45149 Romeral, El;Hombres;2009;393
45;Toledo;45149 Romeral, El;Hombres;2008;413
45;Toledo;45149 Romeral, El;Hombres;2007;418
45;Toledo;45149 Romeral, El;Hombres;2006;399
45;Toledo;45149 Romeral, El;Hombres;2005;410
45;Toledo;45149 Romeral, El;Hombres;2004;419
45;Toledo;45149 Romeral, El;Hombres;2003;411
45;Toledo;45149 Romeral, El;Hombres;2002;421
45;Toledo;45149 Romeral, El;Hombres;2001;427
45;Toledo;45149 Romeral, El;Hombres;2000;438
45;Toledo;45149 Romeral, El;Hombres;1999;438
45;Toledo;45149 Romeral, El;Hombres;1998;453
45;Toledo;45149 Romeral, El;Hombres;1997;
45;Toledo;45149 Romeral, El;Hombres;1996;465
45;Toledo;45149 Romeral, El;Mujeres;2023;289
45;Toledo;45149 Romeral, El;Mujeres;2022;281
45;Toledo;45149 Romeral, El;Mujeres;2021;286
45;Toledo;45149 Romeral, El;Mujeres;2020;288
45;Toledo;45149 Romeral, El;Mujeres;2019;315
45;Toledo;45149 Romeral, El;Mujeres;2018;299
45;Toledo;45149 Romeral, El;Mujeres;2017;304
45;Toledo;45149 Romeral, El;Mujeres;2016;320
45;Toledo;45149 Romeral, El;Mujeres;2015;355
45;Toledo;45149 Romeral, El;Mujeres;2014;338
45;Toledo;45149 Romeral, El;Mujeres;2013;345
45;Toledo;45149 Romeral, El;Mujeres;2012;364
45;Toledo;45149 Romeral, El;Mujeres;2011;385
45;Toledo;45149 Romeral, El;Mujeres;2010;392
45;Toledo;45149 Romeral, El;Mujeres;2009;396
45;Toledo;45149 Romeral, El;Mujeres;2008;411
45;Toledo;45149 Romeral, El;Mujeres;2007;424
45;Toledo;45149 Romeral, El;Mujeres;2006;408
45;Toledo;45149 Romeral, El;Mujeres;2005;409
45;Toledo;45149 Romeral, El;Mujeres;2004;425
45;Toledo;45149 Romeral, El;Mujeres;2003;425
45;Toledo;45149 Romeral, El;Mujeres;2002;433
45;Toledo;45149 Romeral, El;Mujeres;2001;445
45;Toledo;45149 Romeral, El;Mujeres;2000;457
45;Toledo;45149 Romeral, El;Mujeres;1999;452
45;Toledo;45149 Romeral, El;Mujeres;1998;460
45;Toledo;45149 Romeral, El;Mujeres;1997;
45;Toledo;45149 Romeral, El;Mujeres;1996;478
45;Toledo;45150 San Bartolomé de las Abiertas;Total;2023;619
45;Toledo;45150 San Bartolomé de las Abiertas;Total;2022;533
45;Toledo;45150 San Bartolomé de las Abiertas;Total;2021;427
45;Toledo;45150 San Bartolomé de las Abiertas;Total;2020;437
45;Toledo;45150 San Bartolomé de las Abiertas;Total;2019;447
45;Toledo;45150 San Bartolomé de las Abiertas;Total;2018;438
45;Toledo;45150 San Bartolomé de las Abiertas;Total;2017;464
45;Toledo;45150 San Bartolomé de las Abiertas;Total;2016;495
45;Toledo;45150 San Bartolomé de las Abiertas;Total;2015;524
45;Toledo;45150 San Bartolomé de las Abiertas;Total;2014;508
45;Toledo;45150 San Bartolomé de las Abiertas;Total;2013;548
45;Toledo;45150 San Bartolomé de las Abiertas;Total;2012;562
45;Toledo;45150 San Bartolomé de las Abiertas;Total;2011;590
45;Toledo;45150 San Bartolomé de las Abiertas;Total;2010;588
45;Toledo;45150 San Bartolomé de las Abiertas;Total;2009;577
45;Toledo;45150 San Bartolomé de las Abiertas;Total;2008;574
45;Toledo;45150 San Bartolomé de las Abiertas;Total;2007;546
45;Toledo;45150 San Bartolomé de las Abiertas;Total;2006;447
45;Toledo;45150 San Bartolomé de las Abiertas;Total;2005;464
45;Toledo;45150 San Bartolomé de las Abiertas;Total;2004;457
45;Toledo;45150 San Bartolomé de las Abiertas;Total;2003;457
45;Toledo;45150 San Bartolomé de las Abiertas;Total;2002;470
45;Toledo;45150 San Bartolomé de las Abiertas;Total;2001;480
45;Toledo;45150 San Bartolomé de las Abiertas;Total;2000;473
45;Toledo;45150 San Bartolomé de las Abiertas;Total;1999;490
45;Toledo;45150 San Bartolomé de las Abiertas;Total;1998;493
45;Toledo;45150 San Bartolomé de las Abiertas;Total;1997;
45;Toledo;45150 San Bartolomé de las Abiertas;Total;1996;492
45;Toledo;45150 San Bartolomé de las Abiertas;Hombres;2023;333
45;Toledo;45150 San Bartolomé de las Abiertas;Hombres;2022;284
45;Toledo;45150 San Bartolomé de las Abiertas;Hombres;2021;223
45;Toledo;45150 San Bartolomé de las Abiertas;Hombres;2020;229
45;Toledo;45150 San Bartolomé de las Abiertas;Hombres;2019;235
45;Toledo;45150 San Bartolomé de las Abiertas;Hombres;2018;235
45;Toledo;45150 San Bartolomé de las Abiertas;Hombres;2017;248
45;Toledo;45150 San Bartolomé de las Abiertas;Hombres;2016;263
45;Toledo;45150 San Bartolomé de las Abiertas;Hombres;2015;278
45;Toledo;45150 San Bartolomé de las Abiertas;Hombres;2014;272
45;Toledo;45150 San Bartolomé de las Abiertas;Hombres;2013;293
45;Toledo;45150 San Bartolomé de las Abiertas;Hombres;2012;306
45;Toledo;45150 San Bartolomé de las Abiertas;Hombres;2011;319
45;Toledo;45150 San Bartolomé de las Abiertas;Hombres;2010;322
45;Toledo;45150 San Bartolomé de las Abiertas;Hombres;2009;312
45;Toledo;45150 San Bartolomé de las Abiertas;Hombres;2008;311
45;Toledo;45150 San Bartolomé de las Abiertas;Hombres;2007;285
45;Toledo;45150 San Bartolomé de las Abiertas;Hombres;2006;236
45;Toledo;45150 San Bartolomé de las Abiertas;Hombres;2005;241
45;Toledo;45150 San Bartolomé de las Abiertas;Hombres;2004;238
45;Toledo;45150 San Bartolomé de las Abiertas;Hombres;2003;237
45;Toledo;45150 San Bartolomé de las Abiertas;Hombres;2002;246
45;Toledo;45150 San Bartolomé de las Abiertas;Hombres;2001;254
45;Toledo;45150 San Bartolomé de las Abiertas;Hombres;2000;251
45;Toledo;45150 San Bartolomé de las Abiertas;Hombres;1999;258
45;Toledo;45150 San Bartolomé de las Abiertas;Hombres;1998;262
45;Toledo;45150 San Bartolomé de las Abiertas;Hombres;1997;
45;Toledo;45150 San Bartolomé de las Abiertas;Hombres;1996;259
45;Toledo;45150 San Bartolomé de las Abiertas;Mujeres;2023;286
45;Toledo;45150 San Bartolomé de las Abiertas;Mujeres;2022;249
45;Toledo;45150 San Bartolomé de las Abiertas;Mujeres;2021;204
45;Toledo;45150 San Bartolomé de las Abiertas;Mujeres;2020;208
45;Toledo;45150 San Bartolomé de las Abiertas;Mujeres;2019;212
45;Toledo;45150 San Bartolomé de las Abiertas;Mujeres;2018;203
45;Toledo;45150 San Bartolomé de las Abiertas;Mujeres;2017;216
45;Toledo;45150 San Bartolomé de las Abiertas;Mujeres;2016;232
45;Toledo;45150 San Bartolomé de las Abiertas;Mujeres;2015;246
45;Toledo;45150 San Bartolomé de las Abiertas;Mujeres;2014;236
45;Toledo;45150 San Bartolomé de las Abiertas;Mujeres;2013;255
45;Toledo;45150 San Bartolomé de las Abiertas;Mujeres;2012;256
45;Toledo;45150 San Bartolomé de las Abiertas;Mujeres;2011;271
45;Toledo;45150 San Bartolomé de las Abiertas;Mujeres;2010;266
45;Toledo;45150 San Bartolomé de las Abiertas;Mujeres;2009;265
45;Toledo;45150 San Bartolomé de las Abiertas;Mujeres;2008;263
45;Toledo;45150 San Bartolomé de las Abiertas;Mujeres;2007;261
45;Toledo;45150 San Bartolomé de las Abiertas;Mujeres;2006;211
45;Toledo;45150 San Bartolomé de las Abiertas;Mujeres;2005;223
45;Toledo;45150 San Bartolomé de las Abiertas;Mujeres;2004;219
45;Toledo;45150 San Bartolomé de las Abiertas;Mujeres;2003;220
45;Toledo;45150 San Bartolomé de las Abiertas;Mujeres;2002;224
45;Toledo;45150 San Bartolomé de las Abiertas;Mujeres;2001;226
45;Toledo;45150 San Bartolomé de las Abiertas;Mujeres;2000;222
45;Toledo;45150 San Bartolomé de las Abiertas;Mujeres;1999;232
45;Toledo;45150 San Bartolomé de las Abiertas;Mujeres;1998;231
45;Toledo;45150 San Bartolomé de las Abiertas;Mujeres;1997;
45;Toledo;45150 San Bartolomé de las Abiertas;Mujeres;1996;233
45;Toledo;45151 San Martín de Montalbán;Total;2023;724
45;Toledo;45151 San Martín de Montalbán;Total;2022;699
45;Toledo;45151 San Martín de Montalbán;Total;2021;725
45;Toledo;45151 San Martín de Montalbán;Total;2020;726
45;Toledo;45151 San Martín de Montalbán;Total;2019;712
45;Toledo;45151 San Martín de Montalbán;Total;2018;726
45;Toledo;45151 San Martín de Montalbán;Total;2017;744
45;Toledo;45151 San Martín de Montalbán;Total;2016;786
45;Toledo;45151 San Martín de Montalbán;Total;2015;800
45;Toledo;45151 San Martín de Montalbán;Total;2014;822
45;Toledo;45151 San Martín de Montalbán;Total;2013;823
45;Toledo;45151 San Martín de Montalbán;Total;2012;850
45;Toledo;45151 San Martín de Montalbán;Total;2011;841
45;Toledo;45151 San Martín de Montalbán;Total;2010;802
45;Toledo;45151 San Martín de Montalbán;Total;2009;795
45;Toledo;45151 San Martín de Montalbán;Total;2008;794
45;Toledo;45151 San Martín de Montalbán;Total;2007;767
45;Toledo;45151 San Martín de Montalbán;Total;2006;748
45;Toledo;45151 San Martín de Montalbán;Total;2005;730
45;Toledo;45151 San Martín de Montalbán;Total;2004;733
45;Toledo;45151 San Martín de Montalbán;Total;2003;718
45;Toledo;45151 San Martín de Montalbán;Total;2002;727
45;Toledo;45151 San Martín de Montalbán;Total;2001;739
45;Toledo;45151 San Martín de Montalbán;Total;2000;751
45;Toledo;45151 San Martín de Montalbán;Total;1999;741
45;Toledo;45151 San Martín de Montalbán;Total;1998;741
45;Toledo;45151 San Martín de Montalbán;Total;1997;
45;Toledo;45151 San Martín de Montalbán;Total;1996;751
45;Toledo;45151 San Martín de Montalbán;Hombres;2023;375
45;Toledo;45151 San Martín de Montalbán;Hombres;2022;353
45;Toledo;45151 San Martín de Montalbán;Hombres;2021;366
45;Toledo;45151 San Martín de Montalbán;Hombres;2020;369
45;Toledo;45151 San Martín de Montalbán;Hombres;2019;358
45;Toledo;45151 San Martín de Montalbán;Hombres;2018;360
45;Toledo;45151 San Martín de Montalbán;Hombres;2017;370
45;Toledo;45151 San Martín de Montalbán;Hombres;2016;391
45;Toledo;45151 San Martín de Montalbán;Hombres;2015;401
45;Toledo;45151 San Martín de Montalbán;Hombres;2014;412
45;Toledo;45151 San Martín de Montalbán;Hombres;2013;408
45;Toledo;45151 San Martín de Montalbán;Hombres;2012;421
45;Toledo;45151 San Martín de Montalbán;Hombres;2011;414
45;Toledo;45151 San Martín de Montalbán;Hombres;2010;391
45;Toledo;45151 San Martín de Montalbán;Hombres;2009;394
45;Toledo;45151 San Martín de Montalbán;Hombres;2008;387
45;Toledo;45151 San Martín de Montalbán;Hombres;2007;369
45;Toledo;45151 San Martín de Montalbán;Hombres;2006;362
45;Toledo;45151 San Martín de Montalbán;Hombres;2005;354
45;Toledo;45151 San Martín de Montalbán;Hombres;2004;350
45;Toledo;45151 San Martín de Montalbán;Hombres;2003;351
45;Toledo;45151 San Martín de Montalbán;Hombres;2002;355
45;Toledo;45151 San Martín de Montalbán;Hombres;2001;360
45;Toledo;45151 San Martín de Montalbán;Hombres;2000;365
45;Toledo;45151 San Martín de Montalbán;Hombres;1999;363
45;Toledo;45151 San Martín de Montalbán;Hombres;1998;363
45;Toledo;45151 San Martín de Montalbán;Hombres;1997;
45;Toledo;45151 San Martín de Montalbán;Hombres;1996;375
45;Toledo;45151 San Martín de Montalbán;Mujeres;2023;349
45;Toledo;45151 San Martín de Montalbán;Mujeres;2022;346
45;Toledo;45151 San Martín de Montalbán;Mujeres;2021;359
45;Toledo;45151 San Martín de Montalbán;Mujeres;2020;357
45;Toledo;45151 San Martín de Montalbán;Mujeres;2019;354
45;Toledo;45151 San Martín de Montalbán;Mujeres;2018;366
45;Toledo;45151 San Martín de Montalbán;Mujeres;2017;374
45;Toledo;45151 San Martín de Montalbán;Mujeres;2016;395
45;Toledo;45151 San Martín de Montalbán;Mujeres;2015;399
45;Toledo;45151 San Martín de Montalbán;Mujeres;2014;410
45;Toledo;45151 San Martín de Montalbán;Mujeres;2013;415
45;Toledo;45151 San Martín de Montalbán;Mujeres;2012;429
45;Toledo;45151 San Martín de Montalbán;Mujeres;2011;427
45;Toledo;45151 San Martín de Montalbán;Mujeres;2010;411
45;Toledo;45151 San Martín de Montalbán;Mujeres;2009;401
45;Toledo;45151 San Martín de Montalbán;Mujeres;2008;407
45;Toledo;45151 San Martín de Montalbán;Mujeres;2007;398
45;Toledo;45151 San Martín de Montalbán;Mujeres;2006;386
45;Toledo;45151 San Martín de Montalbán;Mujeres;2005;376
45;Toledo;45151 San Martín de Montalbán;Mujeres;2004;383
45;Toledo;45151 San Martín de Montalbán;Mujeres;2003;367
45;Toledo;45151 San Martín de Montalbán;Mujeres;2002;372
45;Toledo;45151 San Martín de Montalbán;Mujeres;2001;379
45;Toledo;45151 San Martín de Montalbán;Mujeres;2000;386
45;Toledo;45151 San Martín de Montalbán;Mujeres;1999;378
45;Toledo;45151 San Martín de Montalbán;Mujeres;1998;378
45;Toledo;45151 San Martín de Montalbán;Mujeres;1997;
45;Toledo;45151 San Martín de Montalbán;Mujeres;1996;376
45;Toledo;45152 San Martín de Pusa;Total;2023;590
45;Toledo;45152 San Martín de Pusa;Total;2022;585
45;Toledo;45152 San Martín de Pusa;Total;2021;610
45;Toledo;45152 San Martín de Pusa;Total;2020;629
45;Toledo;45152 San Martín de Pusa;Total;2019;642
45;Toledo;45152 San Martín de Pusa;Total;2018;694
45;Toledo;45152 San Martín de Pusa;Total;2017;685
45;Toledo;45152 San Martín de Pusa;Total;2016;712
45;Toledo;45152 San Martín de Pusa;Total;2015;741
45;Toledo;45152 San Martín de Pusa;Total;2014;771
45;Toledo;45152 San Martín de Pusa;Total;2013;838
45;Toledo;45152 San Martín de Pusa;Total;2012;847
45;Toledo;45152 San Martín de Pusa;Total;2011;847
45;Toledo;45152 San Martín de Pusa;Total;2010;850
45;Toledo;45152 San Martín de Pusa;Total;2009;841
45;Toledo;45152 San Martín de Pusa;Total;2008;840
45;Toledo;45152 San Martín de Pusa;Total;2007;837
45;Toledo;45152 San Martín de Pusa;Total;2006;825
45;Toledo;45152 San Martín de Pusa;Total;2005;810
45;Toledo;45152 San Martín de Pusa;Total;2004;784
45;Toledo;45152 San Martín de Pusa;Total;2003;774
45;Toledo;45152 San Martín de Pusa;Total;2002;767
45;Toledo;45152 San Martín de Pusa;Total;2001;769
45;Toledo;45152 San Martín de Pusa;Total;2000;790
45;Toledo;45152 San Martín de Pusa;Total;1999;782
45;Toledo;45152 San Martín de Pusa;Total;1998;797
45;Toledo;45152 San Martín de Pusa;Total;1997;
45;Toledo;45152 San Martín de Pusa;Total;1996;798
45;Toledo;45152 San Martín de Pusa;Hombres;2023;318
45;Toledo;45152 San Martín de Pusa;Hombres;2022;315
45;Toledo;45152 San Martín de Pusa;Hombres;2021;325
45;Toledo;45152 San Martín de Pusa;Hombres;2020;337
45;Toledo;45152 San Martín de Pusa;Hombres;2019;338
45;Toledo;45152 San Martín de Pusa;Hombres;2018;362
45;Toledo;45152 San Martín de Pusa;Hombres;2017;358
45;Toledo;45152 San Martín de Pusa;Hombres;2016;371
45;Toledo;45152 San Martín de Pusa;Hombres;2015;390
45;Toledo;45152 San Martín de Pusa;Hombres;2014;405
45;Toledo;45152 San Martín de Pusa;Hombres;2013;446
45;Toledo;45152 San Martín de Pusa;Hombres;2012;450
45;Toledo;45152 San Martín de Pusa;Hombres;2011;450
45;Toledo;45152 San Martín de Pusa;Hombres;2010;444
45;Toledo;45152 San Martín de Pusa;Hombres;2009;437
45;Toledo;45152 San Martín de Pusa;Hombres;2008;440
45;Toledo;45152 San Martín de Pusa;Hombres;2007;446
45;Toledo;45152 San Martín de Pusa;Hombres;2006;435
45;Toledo;45152 San Martín de Pusa;Hombres;2005;424
45;Toledo;45152 San Martín de Pusa;Hombres;2004;403
45;Toledo;45152 San Martín de Pusa;Hombres;2003;394
45;Toledo;45152 San Martín de Pusa;Hombres;2002;396
45;Toledo;45152 San Martín de Pusa;Hombres;2001;392
45;Toledo;45152 San Martín de Pusa;Hombres;2000;399
45;Toledo;45152 San Martín de Pusa;Hombres;1999;393
45;Toledo;45152 San Martín de Pusa;Hombres;1998;399
45;Toledo;45152 San Martín de Pusa;Hombres;1997;
45;Toledo;45152 San Martín de Pusa;Hombres;1996;402
45;Toledo;45152 San Martín de Pusa;Mujeres;2023;272
45;Toledo;45152 San Martín de Pusa;Mujeres;2022;270
45;Toledo;45152 San Martín de Pusa;Mujeres;2021;285
45;Toledo;45152 San Martín de Pusa;Mujeres;2020;292
45;Toledo;45152 San Martín de Pusa;Mujeres;2019;304
45;Toledo;45152 San Martín de Pusa;Mujeres;2018;332
45;Toledo;45152 San Martín de Pusa;Mujeres;2017;327
45;Toledo;45152 San Martín de Pusa;Mujeres;2016;341
45;Toledo;45152 San Martín de Pusa;Mujeres;2015;351
45;Toledo;45152 San Martín de Pusa;Mujeres;2014;366
45;Toledo;45152 San Martín de Pusa;Mujeres;2013;392
45;Toledo;45152 San Martín de Pusa;Mujeres;2012;397
45;Toledo;45152 San Martín de Pusa;Mujeres;2011;397
45;Toledo;45152 San Martín de Pusa;Mujeres;2010;406
45;Toledo;45152 San Martín de Pusa;Mujeres;2009;404
45;Toledo;45152 San Martín de Pusa;Mujeres;2008;400
45;Toledo;45152 San Martín de Pusa;Mujeres;2007;391
45;Toledo;45152 San Martín de Pusa;Mujeres;2006;390
45;Toledo;45152 San Martín de Pusa;Mujeres;2005;386
45;Toledo;45152 San Martín de Pusa;Mujeres;2004;381
45;Toledo;45152 San Martín de Pusa;Mujeres;2003;380
45;Toledo;45152 San Martín de Pusa;Mujeres;2002;371
45;Toledo;45152 San Martín de Pusa;Mujeres;2001;377
45;Toledo;45152 San Martín de Pusa;Mujeres;2000;391
45;Toledo;45152 San Martín de Pusa;Mujeres;1999;389
45;Toledo;45152 San Martín de Pusa;Mujeres;1998;398
45;Toledo;45152 San Martín de Pusa;Mujeres;1997;
45;Toledo;45152 San Martín de Pusa;Mujeres;1996;396
45;Toledo;45153 San Pablo de los Montes;Total;2023;1679
45;Toledo;45153 San Pablo de los Montes;Total;2022;1696
45;Toledo;45153 San Pablo de los Montes;Total;2021;1723
45;Toledo;45153 San Pablo de los Montes;Total;2020;1743
45;Toledo;45153 San Pablo de los Montes;Total;2019;1768
45;Toledo;45153 San Pablo de los Montes;Total;2018;1805
45;Toledo;45153 San Pablo de los Montes;Total;2017;1867
45;Toledo;45153 San Pablo de los Montes;Total;2016;1900
45;Toledo;45153 San Pablo de los Montes;Total;2015;1910
45;Toledo;45153 San Pablo de los Montes;Total;2014;1960
45;Toledo;45153 San Pablo de los Montes;Total;2013;2053
45;Toledo;45153 San Pablo de los Montes;Total;2012;2160
45;Toledo;45153 San Pablo de los Montes;Total;2011;2175
45;Toledo;45153 San Pablo de los Montes;Total;2010;2184
45;Toledo;45153 San Pablo de los Montes;Total;2009;2220
45;Toledo;45153 San Pablo de los Montes;Total;2008;2271
45;Toledo;45153 San Pablo de los Montes;Total;2007;2238
45;Toledo;45153 San Pablo de los Montes;Total;2006;2282
45;Toledo;45153 San Pablo de los Montes;Total;2005;2259
45;Toledo;45153 San Pablo de los Montes;Total;2004;2077
45;Toledo;45153 San Pablo de los Montes;Total;2003;2092
45;Toledo;45153 San Pablo de los Montes;Total;2002;2103
45;Toledo;45153 San Pablo de los Montes;Total;2001;2161
45;Toledo;45153 San Pablo de los Montes;Total;2000;2128
45;Toledo;45153 San Pablo de los Montes;Total;1999;2098
45;Toledo;45153 San Pablo de los Montes;Total;1998;2098
45;Toledo;45153 San Pablo de los Montes;Total;1997;
45;Toledo;45153 San Pablo de los Montes;Total;1996;2131
45;Toledo;45153 San Pablo de los Montes;Hombres;2023;844
45;Toledo;45153 San Pablo de los Montes;Hombres;2022;857
45;Toledo;45153 San Pablo de los Montes;Hombres;2021;864
45;Toledo;45153 San Pablo de los Montes;Hombres;2020;874
45;Toledo;45153 San Pablo de los Montes;Hombres;2019;887
45;Toledo;45153 San Pablo de los Montes;Hombres;2018;907
45;Toledo;45153 San Pablo de los Montes;Hombres;2017;944
45;Toledo;45153 San Pablo de los Montes;Hombres;2016;961
45;Toledo;45153 San Pablo de los Montes;Hombres;2015;960
45;Toledo;45153 San Pablo de los Montes;Hombres;2014;996
45;Toledo;45153 San Pablo de los Montes;Hombres;2013;1041
45;Toledo;45153 San Pablo de los Montes;Hombres;2012;1101
45;Toledo;45153 San Pablo de los Montes;Hombres;2011;1101
45;Toledo;45153 San Pablo de los Montes;Hombres;2010;1108
45;Toledo;45153 San Pablo de los Montes;Hombres;2009;1130
45;Toledo;45153 San Pablo de los Montes;Hombres;2008;1151
45;Toledo;45153 San Pablo de los Montes;Hombres;2007;1127
45;Toledo;45153 San Pablo de los Montes;Hombres;2006;1149
45;Toledo;45153 San Pablo de los Montes;Hombres;2005;1146
45;Toledo;45153 San Pablo de los Montes;Hombres;2004;1053
45;Toledo;45153 San Pablo de los Montes;Hombres;2003;1065
45;Toledo;45153 San Pablo de los Montes;Hombres;2002;1074
45;Toledo;45153 San Pablo de los Montes;Hombres;2001;1101
45;Toledo;45153 San Pablo de los Montes;Hombres;2000;1079
45;Toledo;45153 San Pablo de los Montes;Hombres;1999;1062
45;Toledo;45153 San Pablo de los Montes;Hombres;1998;1053
45;Toledo;45153 San Pablo de los Montes;Hombres;1997;
45;Toledo;45153 San Pablo de los Montes;Hombres;1996;1075
45;Toledo;45153 San Pablo de los Montes;Mujeres;2023;835
45;Toledo;45153 San Pablo de los Montes;Mujeres;2022;839
45;Toledo;45153 San Pablo de los Montes;Mujeres;2021;859
45;Toledo;45153 San Pablo de los Montes;Mujeres;2020;869
45;Toledo;45153 San Pablo de los Montes;Mujeres;2019;881
45;Toledo;45153 San Pablo de los Montes;Mujeres;2018;898
45;Toledo;45153 San Pablo de los Montes;Mujeres;2017;923
45;Toledo;45153 San Pablo de los Montes;Mujeres;2016;939
45;Toledo;45153 San Pablo de los Montes;Mujeres;2015;950
45;Toledo;45153 San Pablo de los Montes;Mujeres;2014;964
45;Toledo;45153 San Pablo de los Montes;Mujeres;2013;1012
45;Toledo;45153 San Pablo de los Montes;Mujeres;2012;1059
45;Toledo;45153 San Pablo de los Montes;Mujeres;2011;1074
45;Toledo;45153 San Pablo de los Montes;Mujeres;2010;1076
45;Toledo;45153 San Pablo de los Montes;Mujeres;2009;1090
45;Toledo;45153 San Pablo de los Montes;Mujeres;2008;1120
45;Toledo;45153 San Pablo de los Montes;Mujeres;2007;1111
45;Toledo;45153 San Pablo de los Montes;Mujeres;2006;1133
45;Toledo;45153 San Pablo de los Montes;Mujeres;2005;1113
45;Toledo;45153 San Pablo de los Montes;Mujeres;2004;1024
45;Toledo;45153 San Pablo de los Montes;Mujeres;2003;1027
45;Toledo;45153 San Pablo de los Montes;Mujeres;2002;1029
45;Toledo;45153 San Pablo de los Montes;Mujeres;2001;1060
45;Toledo;45153 San Pablo de los Montes;Mujeres;2000;1049
45;Toledo;45153 San Pablo de los Montes;Mujeres;1999;1036
45;Toledo;45153 San Pablo de los Montes;Mujeres;1998;1045
45;Toledo;45153 San Pablo de los Montes;Mujeres;1997;
45;Toledo;45153 San Pablo de los Montes;Mujeres;1996;1056
45;Toledo;45154 San Román de los Montes;Total;2023;2071
45;Toledo;45154 San Román de los Montes;Total;2022;2047
45;Toledo;45154 San Román de los Montes;Total;2021;1969
45;Toledo;45154 San Román de los Montes;Total;2020;1921
45;Toledo;45154 San Román de los Montes;Total;2019;1881
45;Toledo;45154 San Román de los Montes;Total;2018;1871
45;Toledo;45154 San Román de los Montes;Total;2017;1887
45;Toledo;45154 San Román de los Montes;Total;2016;1869
45;Toledo;45154 San Román de los Montes;Total;2015;1855
45;Toledo;45154 San Román de los Montes;Total;2014;1850
45;Toledo;45154 San Román de los Montes;Total;2013;1881
45;Toledo;45154 San Román de los Montes;Total;2012;1855
45;Toledo;45154 San Román de los Montes;Total;2011;1824
45;Toledo;45154 San Román de los Montes;Total;2010;1782
45;Toledo;45154 San Román de los Montes;Total;2009;1747
45;Toledo;45154 San Román de los Montes;Total;2008;1674
45;Toledo;45154 San Román de los Montes;Total;2007;1482
45;Toledo;45154 San Román de los Montes;Total;2006;1369
45;Toledo;45154 San Román de los Montes;Total;2005;1187
45;Toledo;45154 San Román de los Montes;Total;2004;1005
45;Toledo;45154 San Román de los Montes;Total;2003;858
45;Toledo;45154 San Román de los Montes;Total;2002;788
45;Toledo;45154 San Román de los Montes;Total;2001;761
45;Toledo;45154 San Román de los Montes;Total;2000;726
45;Toledo;45154 San Román de los Montes;Total;1999;712
45;Toledo;45154 San Román de los Montes;Total;1998;685
45;Toledo;45154 San Román de los Montes;Total;1997;
45;Toledo;45154 San Román de los Montes;Total;1996;596
45;Toledo;45154 San Román de los Montes;Hombres;2023;1060
45;Toledo;45154 San Román de los Montes;Hombres;2022;1052
45;Toledo;45154 San Román de los Montes;Hombres;2021;1023
45;Toledo;45154 San Román de los Montes;Hombres;2020;1001
45;Toledo;45154 San Román de los Montes;Hombres;2019;999
45;Toledo;45154 San Román de los Montes;Hombres;2018;996
45;Toledo;45154 San Román de los Montes;Hombres;2017;1005
45;Toledo;45154 San Román de los Montes;Hombres;2016;993
45;Toledo;45154 San Román de los Montes;Hombres;2015;990
45;Toledo;45154 San Román de los Montes;Hombres;2014;985
45;Toledo;45154 San Román de los Montes;Hombres;2013;995
45;Toledo;45154 San Román de los Montes;Hombres;2012;989
45;Toledo;45154 San Román de los Montes;Hombres;2011;980
45;Toledo;45154 San Román de los Montes;Hombres;2010;966
45;Toledo;45154 San Román de los Montes;Hombres;2009;943
45;Toledo;45154 San Román de los Montes;Hombres;2008;905
45;Toledo;45154 San Román de los Montes;Hombres;2007;799
45;Toledo;45154 San Román de los Montes;Hombres;2006;730
45;Toledo;45154 San Román de los Montes;Hombres;2005;641
45;Toledo;45154 San Román de los Montes;Hombres;2004;536
45;Toledo;45154 San Román de los Montes;Hombres;2003;459
45;Toledo;45154 San Román de los Montes;Hombres;2002;419
45;Toledo;45154 San Román de los Montes;Hombres;2001;404
45;Toledo;45154 San Román de los Montes;Hombres;2000;377
45;Toledo;45154 San Román de los Montes;Hombres;1999;375
45;Toledo;45154 San Román de los Montes;Hombres;1998;357
45;Toledo;45154 San Román de los Montes;Hombres;1997;
45;Toledo;45154 San Román de los Montes;Hombres;1996;308
45;Toledo;45154 San Román de los Montes;Mujeres;2023;1011
45;Toledo;45154 San Román de los Montes;Mujeres;2022;995
45;Toledo;45154 San Román de los Montes;Mujeres;2021;946
45;Toledo;45154 San Román de los Montes;Mujeres;2020;920
45;Toledo;45154 San Román de los Montes;Mujeres;2019;882
45;Toledo;45154 San Román de los Montes;Mujeres;2018;875
45;Toledo;45154 San Román de los Montes;Mujeres;2017;882
45;Toledo;45154 San Román de los Montes;Mujeres;2016;876
45;Toledo;45154 San Román de los Montes;Mujeres;2015;865
45;Toledo;45154 San Román de los Montes;Mujeres;2014;865
45;Toledo;45154 San Román de los Montes;Mujeres;2013;886
45;Toledo;45154 San Román de los Montes;Mujeres;2012;866
45;Toledo;45154 San Román de los Montes;Mujeres;2011;844
45;Toledo;45154 San Román de los Montes;Mujeres;2010;816
45;Toledo;45154 San Román de los Montes;Mujeres;2009;804
45;Toledo;45154 San Román de los Montes;Mujeres;2008;769
45;Toledo;45154 San Román de los Montes;Mujeres;2007;683
45;Toledo;45154 San Román de los Montes;Mujeres;2006;639
45;Toledo;45154 San Román de los Montes;Mujeres;2005;546
45;Toledo;45154 San Román de los Montes;Mujeres;2004;469
45;Toledo;45154 San Román de los Montes;Mujeres;2003;399
45;Toledo;45154 San Román de los Montes;Mujeres;2002;369
45;Toledo;45154 San Román de los Montes;Mujeres;2001;357
45;Toledo;45154 San Román de los Montes;Mujeres;2000;349
45;Toledo;45154 San Román de los Montes;Mujeres;1999;337
45;Toledo;45154 San Román de los Montes;Mujeres;1998;328
45;Toledo;45154 San Román de los Montes;Mujeres;1997;
45;Toledo;45154 San Román de los Montes;Mujeres;1996;288
45;Toledo;45155 Santa Ana de Pusa;Total;2023;346
45;Toledo;45155 Santa Ana de Pusa;Total;2022;358
45;Toledo;45155 Santa Ana de Pusa;Total;2021;346
45;Toledo;45155 Santa Ana de Pusa;Total;2020;350
45;Toledo;45155 Santa Ana de Pusa;Total;2019;353
45;Toledo;45155 Santa Ana de Pusa;Total;2018;365
45;Toledo;45155 Santa Ana de Pusa;Total;2017;397
45;Toledo;45155 Santa Ana de Pusa;Total;2016;413
45;Toledo;45155 Santa Ana de Pusa;Total;2015;449
45;Toledo;45155 Santa Ana de Pusa;Total;2014;437
45;Toledo;45155 Santa Ana de Pusa;Total;2013;474
45;Toledo;45155 Santa Ana de Pusa;Total;2012;512
45;Toledo;45155 Santa Ana de Pusa;Total;2011;532
45;Toledo;45155 Santa Ana de Pusa;Total;2010;473
45;Toledo;45155 Santa Ana de Pusa;Total;2009;466
45;Toledo;45155 Santa Ana de Pusa;Total;2008;484
45;Toledo;45155 Santa Ana de Pusa;Total;2007;495
45;Toledo;45155 Santa Ana de Pusa;Total;2006;411
45;Toledo;45155 Santa Ana de Pusa;Total;2005;407
45;Toledo;45155 Santa Ana de Pusa;Total;2004;401
45;Toledo;45155 Santa Ana de Pusa;Total;2003;383
45;Toledo;45155 Santa Ana de Pusa;Total;2002;368
45;Toledo;45155 Santa Ana de Pusa;Total;2001;370
45;Toledo;45155 Santa Ana de Pusa;Total;2000;406
45;Toledo;45155 Santa Ana de Pusa;Total;1999;401
45;Toledo;45155 Santa Ana de Pusa;Total;1998;399
45;Toledo;45155 Santa Ana de Pusa;Total;1997;
45;Toledo;45155 Santa Ana de Pusa;Total;1996;387
45;Toledo;45155 Santa Ana de Pusa;Hombres;2023;205
45;Toledo;45155 Santa Ana de Pusa;Hombres;2022;204
45;Toledo;45155 Santa Ana de Pusa;Hombres;2021;198
45;Toledo;45155 Santa Ana de Pusa;Hombres;2020;203
45;Toledo;45155 Santa Ana de Pusa;Hombres;2019;203
45;Toledo;45155 Santa Ana de Pusa;Hombres;2018;206
45;Toledo;45155 Santa Ana de Pusa;Hombres;2017;227
45;Toledo;45155 Santa Ana de Pusa;Hombres;2016;236
45;Toledo;45155 Santa Ana de Pusa;Hombres;2015;250
45;Toledo;45155 Santa Ana de Pusa;Hombres;2014;242
45;Toledo;45155 Santa Ana de Pusa;Hombres;2013;261
45;Toledo;45155 Santa Ana de Pusa;Hombres;2012;282
45;Toledo;45155 Santa Ana de Pusa;Hombres;2011;297
45;Toledo;45155 Santa Ana de Pusa;Hombres;2010;262
45;Toledo;45155 Santa Ana de Pusa;Hombres;2009;256
45;Toledo;45155 Santa Ana de Pusa;Hombres;2008;263
45;Toledo;45155 Santa Ana de Pusa;Hombres;2007;267
45;Toledo;45155 Santa Ana de Pusa;Hombres;2006;216
45;Toledo;45155 Santa Ana de Pusa;Hombres;2005;211
45;Toledo;45155 Santa Ana de Pusa;Hombres;2004;210
45;Toledo;45155 Santa Ana de Pusa;Hombres;2003;203
45;Toledo;45155 Santa Ana de Pusa;Hombres;2002;194
45;Toledo;45155 Santa Ana de Pusa;Hombres;2001;195
45;Toledo;45155 Santa Ana de Pusa;Hombres;2000;209
45;Toledo;45155 Santa Ana de Pusa;Hombres;1999;211
45;Toledo;45155 Santa Ana de Pusa;Hombres;1998;209
45;Toledo;45155 Santa Ana de Pusa;Hombres;1997;
45;Toledo;45155 Santa Ana de Pusa;Hombres;1996;207
45;Toledo;45155 Santa Ana de Pusa;Mujeres;2023;141
45;Toledo;45155 Santa Ana de Pusa;Mujeres;2022;154
45;Toledo;45155 Santa Ana de Pusa;Mujeres;2021;148
45;Toledo;45155 Santa Ana de Pusa;Mujeres;2020;147
45;Toledo;45155 Santa Ana de Pusa;Mujeres;2019;150
45;Toledo;45155 Santa Ana de Pusa;Mujeres;2018;159
45;Toledo;45155 Santa Ana de Pusa;Mujeres;2017;170
45;Toledo;45155 Santa Ana de Pusa;Mujeres;2016;177
45;Toledo;45155 Santa Ana de Pusa;Mujeres;2015;199
45;Toledo;45155 Santa Ana de Pusa;Mujeres;2014;195
45;Toledo;45155 Santa Ana de Pusa;Mujeres;2013;213
45;Toledo;45155 Santa Ana de Pusa;Mujeres;2012;230
45;Toledo;45155 Santa Ana de Pusa;Mujeres;2011;235
45;Toledo;45155 Santa Ana de Pusa;Mujeres;2010;211
45;Toledo;45155 Santa Ana de Pusa;Mujeres;2009;210
45;Toledo;45155 Santa Ana de Pusa;Mujeres;2008;221
45;Toledo;45155 Santa Ana de Pusa;Mujeres;2007;228
45;Toledo;45155 Santa Ana de Pusa;Mujeres;2006;195
45;Toledo;45155 Santa Ana de Pusa;Mujeres;2005;196
45;Toledo;45155 Santa Ana de Pusa;Mujeres;2004;191
45;Toledo;45155 Santa Ana de Pusa;Mujeres;2003;180
45;Toledo;45155 Santa Ana de Pusa;Mujeres;2002;174
45;Toledo;45155 Santa Ana de Pusa;Mujeres;2001;175
45;Toledo;45155 Santa Ana de Pusa;Mujeres;2000;197
45;Toledo;45155 Santa Ana de Pusa;Mujeres;1999;190
45;Toledo;45155 Santa Ana de Pusa;Mujeres;1998;190
45;Toledo;45155 Santa Ana de Pusa;Mujeres;1997;
45;Toledo;45155 Santa Ana de Pusa;Mujeres;1996;180
45;Toledo;45156 Santa Cruz de la Zarza;Total;2023;4098
45;Toledo;45156 Santa Cruz de la Zarza;Total;2022;4097
45;Toledo;45156 Santa Cruz de la Zarza;Total;2021;4085
45;Toledo;45156 Santa Cruz de la Zarza;Total;2020;4089
45;Toledo;45156 Santa Cruz de la Zarza;Total;2019;4129
45;Toledo;45156 Santa Cruz de la Zarza;Total;2018;4238
45;Toledo;45156 Santa Cruz de la Zarza;Total;2017;4285
45;Toledo;45156 Santa Cruz de la Zarza;Total;2016;4328
45;Toledo;45156 Santa Cruz de la Zarza;Total;2015;4426
45;Toledo;45156 Santa Cruz de la Zarza;Total;2014;4538
45;Toledo;45156 Santa Cruz de la Zarza;Total;2013;4841
45;Toledo;45156 Santa Cruz de la Zarza;Total;2012;4891
45;Toledo;45156 Santa Cruz de la Zarza;Total;2011;4906
45;Toledo;45156 Santa Cruz de la Zarza;Total;2010;4940
45;Toledo;45156 Santa Cruz de la Zarza;Total;2009;4929
45;Toledo;45156 Santa Cruz de la Zarza;Total;2008;4955
45;Toledo;45156 Santa Cruz de la Zarza;Total;2007;4775
45;Toledo;45156 Santa Cruz de la Zarza;Total;2006;4814
45;Toledo;45156 Santa Cruz de la Zarza;Total;2005;4764
45;Toledo;45156 Santa Cruz de la Zarza;Total;2004;4681
45;Toledo;45156 Santa Cruz de la Zarza;Total;2003;4594
45;Toledo;45156 Santa Cruz de la Zarza;Total;2002;4511
45;Toledo;45156 Santa Cruz de la Zarza;Total;2001;4478
45;Toledo;45156 Santa Cruz de la Zarza;Total;2000;4392
45;Toledo;45156 Santa Cruz de la Zarza;Total;1999;4409
45;Toledo;45156 Santa Cruz de la Zarza;Total;1998;4440
45;Toledo;45156 Santa Cruz de la Zarza;Total;1997;
45;Toledo;45156 Santa Cruz de la Zarza;Total;1996;4439
45;Toledo;45156 Santa Cruz de la Zarza;Hombres;2023;2086
45;Toledo;45156 Santa Cruz de la Zarza;Hombres;2022;2079
45;Toledo;45156 Santa Cruz de la Zarza;Hombres;2021;2081
45;Toledo;45156 Santa Cruz de la Zarza;Hombres;2020;2084
45;Toledo;45156 Santa Cruz de la Zarza;Hombres;2019;2097
45;Toledo;45156 Santa Cruz de la Zarza;Hombres;2018;2142
45;Toledo;45156 Santa Cruz de la Zarza;Hombres;2017;2165
45;Toledo;45156 Santa Cruz de la Zarza;Hombres;2016;2185
45;Toledo;45156 Santa Cruz de la Zarza;Hombres;2015;2234
45;Toledo;45156 Santa Cruz de la Zarza;Hombres;2014;2301
45;Toledo;45156 Santa Cruz de la Zarza;Hombres;2013;2466
45;Toledo;45156 Santa Cruz de la Zarza;Hombres;2012;2513
45;Toledo;45156 Santa Cruz de la Zarza;Hombres;2011;2520
45;Toledo;45156 Santa Cruz de la Zarza;Hombres;2010;2530
45;Toledo;45156 Santa Cruz de la Zarza;Hombres;2009;2527
45;Toledo;45156 Santa Cruz de la Zarza;Hombres;2008;2557
45;Toledo;45156 Santa Cruz de la Zarza;Hombres;2007;2440
45;Toledo;45156 Santa Cruz de la Zarza;Hombres;2006;2463
45;Toledo;45156 Santa Cruz de la Zarza;Hombres;2005;2435
45;Toledo;45156 Santa Cruz de la Zarza;Hombres;2004;2393
45;Toledo;45156 Santa Cruz de la Zarza;Hombres;2003;2348
45;Toledo;45156 Santa Cruz de la Zarza;Hombres;2002;2293
45;Toledo;45156 Santa Cruz de la Zarza;Hombres;2001;2264
45;Toledo;45156 Santa Cruz de la Zarza;Hombres;2000;2209
45;Toledo;45156 Santa Cruz de la Zarza;Hombres;1999;2212
45;Toledo;45156 Santa Cruz de la Zarza;Hombres;1998;2229
45;Toledo;45156 Santa Cruz de la Zarza;Hombres;1997;
45;Toledo;45156 Santa Cruz de la Zarza;Hombres;1996;2223
45;Toledo;45156 Santa Cruz de la Zarza;Mujeres;2023;2012
45;Toledo;45156 Santa Cruz de la Zarza;Mujeres;2022;2018
45;Toledo;45156 Santa Cruz de la Zarza;Mujeres;2021;2004
45;Toledo;45156 Santa Cruz de la Zarza;Mujeres;2020;2005
45;Toledo;45156 Santa Cruz de la Zarza;Mujeres;2019;2032
45;Toledo;45156 Santa Cruz de la Zarza;Mujeres;2018;2096
45;Toledo;45156 Santa Cruz de la Zarza;Mujeres;2017;2120
45;Toledo;45156 Santa Cruz de la Zarza;Mujeres;2016;2143
45;Toledo;45156 Santa Cruz de la Zarza;Mujeres;2015;2192
45;Toledo;45156 Santa Cruz de la Zarza;Mujeres;2014;2237
45;Toledo;45156 Santa Cruz de la Zarza;Mujeres;2013;2375
45;Toledo;45156 Santa Cruz de la Zarza;Mujeres;2012;2378
45;Toledo;45156 Santa Cruz de la Zarza;Mujeres;2011;2386
45;Toledo;45156 Santa Cruz de la Zarza;Mujeres;2010;2410
45;Toledo;45156 Santa Cruz de la Zarza;Mujeres;2009;2402
45;Toledo;45156 Santa Cruz de la Zarza;Mujeres;2008;2398
45;Toledo;45156 Santa Cruz de la Zarza;Mujeres;2007;2335
45;Toledo;45156 Santa Cruz de la Zarza;Mujeres;2006;2351
45;Toledo;45156 Santa Cruz de la Zarza;Mujeres;2005;2329
45;Toledo;45156 Santa Cruz de la Zarza;Mujeres;2004;2288
45;Toledo;45156 Santa Cruz de la Zarza;Mujeres;2003;2246
45;Toledo;45156 Santa Cruz de la Zarza;Mujeres;2002;2218
45;Toledo;45156 Santa Cruz de la Zarza;Mujeres;2001;2214
45;Toledo;45156 Santa Cruz de la Zarza;Mujeres;2000;2183
45;Toledo;45156 Santa Cruz de la Zarza;Mujeres;1999;2197
45;Toledo;45156 Santa Cruz de la Zarza;Mujeres;1998;2211
45;Toledo;45156 Santa Cruz de la Zarza;Mujeres;1997;
45;Toledo;45156 Santa Cruz de la Zarza;Mujeres;1996;2216
45;Toledo;45157 Santa Cruz del Retamar;Total;2023;3901
45;Toledo;45157 Santa Cruz del Retamar;Total;2022;3682
45;Toledo;45157 Santa Cruz del Retamar;Total;2021;3554
45;Toledo;45157 Santa Cruz del Retamar;Total;2020;3302
45;Toledo;45157 Santa Cruz del Retamar;Total;2019;3079
45;Toledo;45157 Santa Cruz del Retamar;Total;2018;2946
45;Toledo;45157 Santa Cruz del Retamar;Total;2017;2871
45;Toledo;45157 Santa Cruz del Retamar;Total;2016;2857
45;Toledo;45157 Santa Cruz del Retamar;Total;2015;2901
45;Toledo;45157 Santa Cruz del Retamar;Total;2014;2998
45;Toledo;45157 Santa Cruz del Retamar;Total;2013;3075
45;Toledo;45157 Santa Cruz del Retamar;Total;2012;3095
45;Toledo;45157 Santa Cruz del Retamar;Total;2011;3065
45;Toledo;45157 Santa Cruz del Retamar;Total;2010;2998
45;Toledo;45157 Santa Cruz del Retamar;Total;2009;2972
45;Toledo;45157 Santa Cruz del Retamar;Total;2008;2876
45;Toledo;45157 Santa Cruz del Retamar;Total;2007;2723
45;Toledo;45157 Santa Cruz del Retamar;Total;2006;2555
45;Toledo;45157 Santa Cruz del Retamar;Total;2005;2324
45;Toledo;45157 Santa Cruz del Retamar;Total;2004;2180
45;Toledo;45157 Santa Cruz del Retamar;Total;2003;1955
45;Toledo;45157 Santa Cruz del Retamar;Total;2002;1825
45;Toledo;45157 Santa Cruz del Retamar;Total;2001;1752
45;Toledo;45157 Santa Cruz del Retamar;Total;2000;1681
45;Toledo;45157 Santa Cruz del Retamar;Total;1999;1614
45;Toledo;45157 Santa Cruz del Retamar;Total;1998;1616
45;Toledo;45157 Santa Cruz del Retamar;Total;1997;
45;Toledo;45157 Santa Cruz del Retamar;Total;1996;1607
45;Toledo;45157 Santa Cruz del Retamar;Hombres;2023;2016
45;Toledo;45157 Santa Cruz del Retamar;Hombres;2022;1911
45;Toledo;45157 Santa Cruz del Retamar;Hombres;2021;1856
45;Toledo;45157 Santa Cruz del Retamar;Hombres;2020;1736
45;Toledo;45157 Santa Cruz del Retamar;Hombres;2019;1625
45;Toledo;45157 Santa Cruz del Retamar;Hombres;2018;1546
45;Toledo;45157 Santa Cruz del Retamar;Hombres;2017;1494
45;Toledo;45157 Santa Cruz del Retamar;Hombres;2016;1476
45;Toledo;45157 Santa Cruz del Retamar;Hombres;2015;1504
45;Toledo;45157 Santa Cruz del Retamar;Hombres;2014;1550
45;Toledo;45157 Santa Cruz del Retamar;Hombres;2013;1600
45;Toledo;45157 Santa Cruz del Retamar;Hombres;2012;1612
45;Toledo;45157 Santa Cruz del Retamar;Hombres;2011;1598
45;Toledo;45157 Santa Cruz del Retamar;Hombres;2010;1545
45;Toledo;45157 Santa Cruz del Retamar;Hombres;2009;1535
45;Toledo;45157 Santa Cruz del Retamar;Hombres;2008;1486
45;Toledo;45157 Santa Cruz del Retamar;Hombres;2007;1402
45;Toledo;45157 Santa Cruz del Retamar;Hombres;2006;1311
45;Toledo;45157 Santa Cruz del Retamar;Hombres;2005;1198
45;Toledo;45157 Santa Cruz del Retamar;Hombres;2004;1123
45;Toledo;45157 Santa Cruz del Retamar;Hombres;2003;988
45;Toledo;45157 Santa Cruz del Retamar;Hombres;2002;924
45;Toledo;45157 Santa Cruz del Retamar;Hombres;2001;878
45;Toledo;45157 Santa Cruz del Retamar;Hombres;2000;849
45;Toledo;45157 Santa Cruz del Retamar;Hombres;1999;823
45;Toledo;45157 Santa Cruz del Retamar;Hombres;1998;819
45;Toledo;45157 Santa Cruz del Retamar;Hombres;1997;
45;Toledo;45157 Santa Cruz del Retamar;Hombres;1996;816
45;Toledo;45157 Santa Cruz del Retamar;Mujeres;2023;1885
45;Toledo;45157 Santa Cruz del Retamar;Mujeres;2022;1771
45;Toledo;45157 Santa Cruz del Retamar;Mujeres;2021;1698
45;Toledo;45157 Santa Cruz del Retamar;Mujeres;2020;1566
45;Toledo;45157 Santa Cruz del Retamar;Mujeres;2019;1454
45;Toledo;45157 Santa Cruz del Retamar;Mujeres;2018;1400
45;Toledo;45157 Santa Cruz del Retamar;Mujeres;2017;1377
45;Toledo;45157 Santa Cruz del Retamar;Mujeres;2016;1381
45;Toledo;45157 Santa Cruz del Retamar;Mujeres;2015;1397
45;Toledo;45157 Santa Cruz del Retamar;Mujeres;2014;1448
45;Toledo;45157 Santa Cruz del Retamar;Mujeres;2013;1475
45;Toledo;45157 Santa Cruz del Retamar;Mujeres;2012;1483
45;Toledo;45157 Santa Cruz del Retamar;Mujeres;2011;1467
45;Toledo;45157 Santa Cruz del Retamar;Mujeres;2010;1453
45;Toledo;45157 Santa Cruz del Retamar;Mujeres;2009;1437
45;Toledo;45157 Santa Cruz del Retamar;Mujeres;2008;1390
45;Toledo;45157 Santa Cruz del Retamar;Mujeres;2007;1321
45;Toledo;45157 Santa Cruz del Retamar;Mujeres;2006;1244
45;Toledo;45157 Santa Cruz del Retamar;Mujeres;2005;1126
45;Toledo;45157 Santa Cruz del Retamar;Mujeres;2004;1057
45;Toledo;45157 Santa Cruz del Retamar;Mujeres;2003;967
45;Toledo;45157 Santa Cruz del Retamar;Mujeres;2002;901
45;Toledo;45157 Santa Cruz del Retamar;Mujeres;2001;874
45;Toledo;45157 Santa Cruz del Retamar;Mujeres;2000;832
45;Toledo;45157 Santa Cruz del Retamar;Mujeres;1999;791
45;Toledo;45157 Santa Cruz del Retamar;Mujeres;1998;797
45;Toledo;45157 Santa Cruz del Retamar;Mujeres;1997;
45;Toledo;45157 Santa Cruz del Retamar;Mujeres;1996;791
45;Toledo;45158 Santa Olalla;Total;2023;3436
45;Toledo;45158 Santa Olalla;Total;2022;3387
45;Toledo;45158 Santa Olalla;Total;2021;3391
45;Toledo;45158 Santa Olalla;Total;2020;3279
45;Toledo;45158 Santa Olalla;Total;2019;3251
45;Toledo;45158 Santa Olalla;Total;2018;3217
45;Toledo;45158 Santa Olalla;Total;2017;3219
45;Toledo;45158 Santa Olalla;Total;2016;3220
45;Toledo;45158 Santa Olalla;Total;2015;3277
45;Toledo;45158 Santa Olalla;Total;2014;3326
45;Toledo;45158 Santa Olalla;Total;2013;3435
45;Toledo;45158 Santa Olalla;Total;2012;3465
45;Toledo;45158 Santa Olalla;Total;2011;3511
45;Toledo;45158 Santa Olalla;Total;2010;3522
45;Toledo;45158 Santa Olalla;Total;2009;3465
45;Toledo;45158 Santa Olalla;Total;2008;3416
45;Toledo;45158 Santa Olalla;Total;2007;3263
45;Toledo;45158 Santa Olalla;Total;2006;3111
45;Toledo;45158 Santa Olalla;Total;2005;2973
45;Toledo;45158 Santa Olalla;Total;2004;2857
45;Toledo;45158 Santa Olalla;Total;2003;2659
45;Toledo;45158 Santa Olalla;Total;2002;2595
45;Toledo;45158 Santa Olalla;Total;2001;2536
45;Toledo;45158 Santa Olalla;Total;2000;2567
45;Toledo;45158 Santa Olalla;Total;1999;2510
45;Toledo;45158 Santa Olalla;Total;1998;2478
45;Toledo;45158 Santa Olalla;Total;1997;
45;Toledo;45158 Santa Olalla;Total;1996;2418
45;Toledo;45158 Santa Olalla;Hombres;2023;1732
45;Toledo;45158 Santa Olalla;Hombres;2022;1715
45;Toledo;45158 Santa Olalla;Hombres;2021;1729
45;Toledo;45158 Santa Olalla;Hombres;2020;1666
45;Toledo;45158 Santa Olalla;Hombres;2019;1654
45;Toledo;45158 Santa Olalla;Hombres;2018;1649
45;Toledo;45158 Santa Olalla;Hombres;2017;1658
45;Toledo;45158 Santa Olalla;Hombres;2016;1640
45;Toledo;45158 Santa Olalla;Hombres;2015;1664
45;Toledo;45158 Santa Olalla;Hombres;2014;1687
45;Toledo;45158 Santa Olalla;Hombres;2013;1739
45;Toledo;45158 Santa Olalla;Hombres;2012;1766
45;Toledo;45158 Santa Olalla;Hombres;2011;1799
45;Toledo;45158 Santa Olalla;Hombres;2010;1816
45;Toledo;45158 Santa Olalla;Hombres;2009;1779
45;Toledo;45158 Santa Olalla;Hombres;2008;1773
45;Toledo;45158 Santa Olalla;Hombres;2007;1689
45;Toledo;45158 Santa Olalla;Hombres;2006;1600
45;Toledo;45158 Santa Olalla;Hombres;2005;1528
45;Toledo;45158 Santa Olalla;Hombres;2004;1466
45;Toledo;45158 Santa Olalla;Hombres;2003;1376
45;Toledo;45158 Santa Olalla;Hombres;2002;1340
45;Toledo;45158 Santa Olalla;Hombres;2001;1301
45;Toledo;45158 Santa Olalla;Hombres;2000;1312
45;Toledo;45158 Santa Olalla;Hombres;1999;1285
45;Toledo;45158 Santa Olalla;Hombres;1998;1261
45;Toledo;45158 Santa Olalla;Hombres;1997;
45;Toledo;45158 Santa Olalla;Hombres;1996;1228
45;Toledo;45158 Santa Olalla;Mujeres;2023;1704
45;Toledo;45158 Santa Olalla;Mujeres;2022;1672
45;Toledo;45158 Santa Olalla;Mujeres;2021;1662
45;Toledo;45158 Santa Olalla;Mujeres;2020;1613
45;Toledo;45158 Santa Olalla;Mujeres;2019;1597
45;Toledo;45158 Santa Olalla;Mujeres;2018;1568
45;Toledo;45158 Santa Olalla;Mujeres;2017;1561
45;Toledo;45158 Santa Olalla;Mujeres;2016;1580
45;Toledo;45158 Santa Olalla;Mujeres;2015;1613
45;Toledo;45158 Santa Olalla;Mujeres;2014;1639
45;Toledo;45158 Santa Olalla;Mujeres;2013;1696
45;Toledo;45158 Santa Olalla;Mujeres;2012;1699
45;Toledo;45158 Santa Olalla;Mujeres;2011;1712
45;Toledo;45158 Santa Olalla;Mujeres;2010;1706
45;Toledo;45158 Santa Olalla;Mujeres;2009;1686
45;Toledo;45158 Santa Olalla;Mujeres;2008;1643
45;Toledo;45158 Santa Olalla;Mujeres;2007;1574
45;Toledo;45158 Santa Olalla;Mujeres;2006;1511
45;Toledo;45158 Santa Olalla;Mujeres;2005;1445
45;Toledo;45158 Santa Olalla;Mujeres;2004;1391
45;Toledo;45158 Santa Olalla;Mujeres;2003;1283
45;Toledo;45158 Santa Olalla;Mujeres;2002;1255
45;Toledo;45158 Santa Olalla;Mujeres;2001;1235
45;Toledo;45158 Santa Olalla;Mujeres;2000;1255
45;Toledo;45158 Santa Olalla;Mujeres;1999;1225
45;Toledo;45158 Santa Olalla;Mujeres;1998;1217
45;Toledo;45158 Santa Olalla;Mujeres;1997;
45;Toledo;45158 Santa Olalla;Mujeres;1996;1190
45;Toledo;45901 Santo Domingo-Caudilla;Total;2023;1165
45;Toledo;45901 Santo Domingo-Caudilla;Total;2022;1111
45;Toledo;45901 Santo Domingo-Caudilla;Total;2021;1094
45;Toledo;45901 Santo Domingo-Caudilla;Total;2020;1046
45;Toledo;45901 Santo Domingo-Caudilla;Total;2019;1038
45;Toledo;45901 Santo Domingo-Caudilla;Total;2018;1024
45;Toledo;45901 Santo Domingo-Caudilla;Total;2017;1019
45;Toledo;45901 Santo Domingo-Caudilla;Total;2016;1014
45;Toledo;45901 Santo Domingo-Caudilla;Total;2015;1021
45;Toledo;45901 Santo Domingo-Caudilla;Total;2014;1050
45;Toledo;45901 Santo Domingo-Caudilla;Total;2013;1044
45;Toledo;45901 Santo Domingo-Caudilla;Total;2012;1065
45;Toledo;45901 Santo Domingo-Caudilla;Total;2011;1073
45;Toledo;45901 Santo Domingo-Caudilla;Total;2010;1058
45;Toledo;45901 Santo Domingo-Caudilla;Total;2009;994
45;Toledo;45901 Santo Domingo-Caudilla;Total;2008;954
45;Toledo;45901 Santo Domingo-Caudilla;Total;2007;854
45;Toledo;45901 Santo Domingo-Caudilla;Total;2006;801
45;Toledo;45901 Santo Domingo-Caudilla;Total;2005;790
45;Toledo;45901 Santo Domingo-Caudilla;Total;2004;790
45;Toledo;45901 Santo Domingo-Caudilla;Total;2003;769
45;Toledo;45901 Santo Domingo-Caudilla;Total;2002;758
45;Toledo;45901 Santo Domingo-Caudilla;Total;2001;778
45;Toledo;45901 Santo Domingo-Caudilla;Total;2000;790
45;Toledo;45901 Santo Domingo-Caudilla;Total;1999;779
45;Toledo;45901 Santo Domingo-Caudilla;Total;1998;791
45;Toledo;45901 Santo Domingo-Caudilla;Total;1997;
45;Toledo;45901 Santo Domingo-Caudilla;Total;1996;790
45;Toledo;45901 Santo Domingo-Caudilla;Hombres;2023;608
45;Toledo;45901 Santo Domingo-Caudilla;Hombres;2022;583
45;Toledo;45901 Santo Domingo-Caudilla;Hombres;2021;577
45;Toledo;45901 Santo Domingo-Caudilla;Hombres;2020;553
45;Toledo;45901 Santo Domingo-Caudilla;Hombres;2019;551
45;Toledo;45901 Santo Domingo-Caudilla;Hombres;2018;534
45;Toledo;45901 Santo Domingo-Caudilla;Hombres;2017;540
45;Toledo;45901 Santo Domingo-Caudilla;Hombres;2016;535
45;Toledo;45901 Santo Domingo-Caudilla;Hombres;2015;540
45;Toledo;45901 Santo Domingo-Caudilla;Hombres;2014;551
45;Toledo;45901 Santo Domingo-Caudilla;Hombres;2013;545
45;Toledo;45901 Santo Domingo-Caudilla;Hombres;2012;555
45;Toledo;45901 Santo Domingo-Caudilla;Hombres;2011;548
45;Toledo;45901 Santo Domingo-Caudilla;Hombres;2010;535
45;Toledo;45901 Santo Domingo-Caudilla;Hombres;2009;501
45;Toledo;45901 Santo Domingo-Caudilla;Hombres;2008;475
45;Toledo;45901 Santo Domingo-Caudilla;Hombres;2007;440
45;Toledo;45901 Santo Domingo-Caudilla;Hombres;2006;416
45;Toledo;45901 Santo Domingo-Caudilla;Hombres;2005;401
45;Toledo;45901 Santo Domingo-Caudilla;Hombres;2004;397
45;Toledo;45901 Santo Domingo-Caudilla;Hombres;2003;382
45;Toledo;45901 Santo Domingo-Caudilla;Hombres;2002;377
45;Toledo;45901 Santo Domingo-Caudilla;Hombres;2001;388
45;Toledo;45901 Santo Domingo-Caudilla;Hombres;2000;394
45;Toledo;45901 Santo Domingo-Caudilla;Hombres;1999;381
45;Toledo;45901 Santo Domingo-Caudilla;Hombres;1998;389
45;Toledo;45901 Santo Domingo-Caudilla;Hombres;1997;
45;Toledo;45901 Santo Domingo-Caudilla;Hombres;1996;391
45;Toledo;45901 Santo Domingo-Caudilla;Mujeres;2023;557
45;Toledo;45901 Santo Domingo-Caudilla;Mujeres;2022;528
45;Toledo;45901 Santo Domingo-Caudilla;Mujeres;2021;517
45;Toledo;45901 Santo Domingo-Caudilla;Mujeres;2020;493
45;Toledo;45901 Santo Domingo-Caudilla;Mujeres;2019;487
45;Toledo;45901 Santo Domingo-Caudilla;Mujeres;2018;490
45;Toledo;45901 Santo Domingo-Caudilla;Mujeres;2017;479
45;Toledo;45901 Santo Domingo-Caudilla;Mujeres;2016;479
45;Toledo;45901 Santo Domingo-Caudilla;Mujeres;2015;481
45;Toledo;45901 Santo Domingo-Caudilla;Mujeres;2014;499
45;Toledo;45901 Santo Domingo-Caudilla;Mujeres;2013;499
45;Toledo;45901 Santo Domingo-Caudilla;Mujeres;2012;510
45;Toledo;45901 Santo Domingo-Caudilla;Mujeres;2011;525
45;Toledo;45901 Santo Domingo-Caudilla;Mujeres;2010;523
45;Toledo;45901 Santo Domingo-Caudilla;Mujeres;2009;493
45;Toledo;45901 Santo Domingo-Caudilla;Mujeres;2008;479
45;Toledo;45901 Santo Domingo-Caudilla;Mujeres;2007;414
45;Toledo;45901 Santo Domingo-Caudilla;Mujeres;2006;385
45;Toledo;45901 Santo Domingo-Caudilla;Mujeres;2005;389
45;Toledo;45901 Santo Domingo-Caudilla;Mujeres;2004;393
45;Toledo;45901 Santo Domingo-Caudilla;Mujeres;2003;387
45;Toledo;45901 Santo Domingo-Caudilla;Mujeres;2002;381
45;Toledo;45901 Santo Domingo-Caudilla;Mujeres;2001;390
45;Toledo;45901 Santo Domingo-Caudilla;Mujeres;2000;396
45;Toledo;45901 Santo Domingo-Caudilla;Mujeres;1999;398
45;Toledo;45901 Santo Domingo-Caudilla;Mujeres;1998;402
45;Toledo;45901 Santo Domingo-Caudilla;Mujeres;1997;
45;Toledo;45901 Santo Domingo-Caudilla;Mujeres;1996;399
45;Toledo;45159 Sartajada;Total;2023;109
45;Toledo;45159 Sartajada;Total;2022;107
45;Toledo;45159 Sartajada;Total;2021;97
45;Toledo;45159 Sartajada;Total;2020;94
45;Toledo;45159 Sartajada;Total;2019;96
45;Toledo;45159 Sartajada;Total;2018;100
45;Toledo;45159 Sartajada;Total;2017;102
45;Toledo;45159 Sartajada;Total;2016;102
45;Toledo;45159 Sartajada;Total;2015;102
45;Toledo;45159 Sartajada;Total;2014;104
45;Toledo;45159 Sartajada;Total;2013;104
45;Toledo;45159 Sartajada;Total;2012;107
45;Toledo;45159 Sartajada;Total;2011;108
45;Toledo;45159 Sartajada;Total;2010;109
45;Toledo;45159 Sartajada;Total;2009;108
45;Toledo;45159 Sartajada;Total;2008;115
45;Toledo;45159 Sartajada;Total;2007;124
45;Toledo;45159 Sartajada;Total;2006;127
45;Toledo;45159 Sartajada;Total;2005;122
45;Toledo;45159 Sartajada;Total;2004;127
45;Toledo;45159 Sartajada;Total;2003;118
45;Toledo;45159 Sartajada;Total;2002;119
45;Toledo;45159 Sartajada;Total;2001;121
45;Toledo;45159 Sartajada;Total;2000;116
45;Toledo;45159 Sartajada;Total;1999;109
45;Toledo;45159 Sartajada;Total;1998;103
45;Toledo;45159 Sartajada;Total;1997;
45;Toledo;45159 Sartajada;Total;1996;111
45;Toledo;45159 Sartajada;Hombres;2023;66
45;Toledo;45159 Sartajada;Hombres;2022;66
45;Toledo;45159 Sartajada;Hombres;2021;60
45;Toledo;45159 Sartajada;Hombres;2020;57
45;Toledo;45159 Sartajada;Hombres;2019;58
45;Toledo;45159 Sartajada;Hombres;2018;60
45;Toledo;45159 Sartajada;Hombres;2017;60
45;Toledo;45159 Sartajada;Hombres;2016;59
45;Toledo;45159 Sartajada;Hombres;2015;59
45;Toledo;45159 Sartajada;Hombres;2014;58
45;Toledo;45159 Sartajada;Hombres;2013;59
45;Toledo;45159 Sartajada;Hombres;2012;58
45;Toledo;45159 Sartajada;Hombres;2011;61
45;Toledo;45159 Sartajada;Hombres;2010;62
45;Toledo;45159 Sartajada;Hombres;2009;63
45;Toledo;45159 Sartajada;Hombres;2008;69
45;Toledo;45159 Sartajada;Hombres;2007;76
45;Toledo;45159 Sartajada;Hombres;2006;76
45;Toledo;45159 Sartajada;Hombres;2005;70
45;Toledo;45159 Sartajada;Hombres;2004;75
45;Toledo;45159 Sartajada;Hombres;2003;71
45;Toledo;45159 Sartajada;Hombres;2002;69
45;Toledo;45159 Sartajada;Hombres;2001;71
45;Toledo;45159 Sartajada;Hombres;2000;69
45;Toledo;45159 Sartajada;Hombres;1999;66
45;Toledo;45159 Sartajada;Hombres;1998;63
45;Toledo;45159 Sartajada;Hombres;1997;
45;Toledo;45159 Sartajada;Hombres;1996;69
45;Toledo;45159 Sartajada;Mujeres;2023;43
45;Toledo;45159 Sartajada;Mujeres;2022;41
45;Toledo;45159 Sartajada;Mujeres;2021;37
45;Toledo;45159 Sartajada;Mujeres;2020;37
45;Toledo;45159 Sartajada;Mujeres;2019;38
45;Toledo;45159 Sartajada;Mujeres;2018;40
45;Toledo;45159 Sartajada;Mujeres;2017;42
45;Toledo;45159 Sartajada;Mujeres;2016;43
45;Toledo;45159 Sartajada;Mujeres;2015;43
45;Toledo;45159 Sartajada;Mujeres;2014;46
45;Toledo;45159 Sartajada;Mujeres;2013;45
45;Toledo;45159 Sartajada;Mujeres;2012;49
45;Toledo;45159 Sartajada;Mujeres;2011;47
45;Toledo;45159 Sartajada;Mujeres;2010;47
45;Toledo;45159 Sartajada;Mujeres;2009;45
45;Toledo;45159 Sartajada;Mujeres;2008;46
45;Toledo;45159 Sartajada;Mujeres;2007;48
45;Toledo;45159 Sartajada;Mujeres;2006;51
45;Toledo;45159 Sartajada;Mujeres;2005;52
45;Toledo;45159 Sartajada;Mujeres;2004;52
45;Toledo;45159 Sartajada;Mujeres;2003;47
45;Toledo;45159 Sartajada;Mujeres;2002;50
45;Toledo;45159 Sartajada;Mujeres;2001;50
45;Toledo;45159 Sartajada;Mujeres;2000;47
45;Toledo;45159 Sartajada;Mujeres;1999;43
45;Toledo;45159 Sartajada;Mujeres;1998;40
45;Toledo;45159 Sartajada;Mujeres;1997;
45;Toledo;45159 Sartajada;Mujeres;1996;42
45;Toledo;45160 Segurilla;Total;2023;1384
45;Toledo;45160 Segurilla;Total;2022;1366
45;Toledo;45160 Segurilla;Total;2021;1346
45;Toledo;45160 Segurilla;Total;2020;1349
45;Toledo;45160 Segurilla;Total;2019;1324
45;Toledo;45160 Segurilla;Total;2018;1353
45;Toledo;45160 Segurilla;Total;2017;1345
45;Toledo;45160 Segurilla;Total;2016;1317
45;Toledo;45160 Segurilla;Total;2015;1318
45;Toledo;45160 Segurilla;Total;2014;1302
45;Toledo;45160 Segurilla;Total;2013;1302
45;Toledo;45160 Segurilla;Total;2012;1321
45;Toledo;45160 Segurilla;Total;2011;1314
45;Toledo;45160 Segurilla;Total;2010;1263
45;Toledo;45160 Segurilla;Total;2009;1220
45;Toledo;45160 Segurilla;Total;2008;1228
45;Toledo;45160 Segurilla;Total;2007;1182
45;Toledo;45160 Segurilla;Total;2006;1132
45;Toledo;45160 Segurilla;Total;2005;1081
45;Toledo;45160 Segurilla;Total;2004;1070
45;Toledo;45160 Segurilla;Total;2003;988
45;Toledo;45160 Segurilla;Total;2002;1004
45;Toledo;45160 Segurilla;Total;2001;1001
45;Toledo;45160 Segurilla;Total;2000;981
45;Toledo;45160 Segurilla;Total;1999;956
45;Toledo;45160 Segurilla;Total;1998;918
45;Toledo;45160 Segurilla;Total;1997;
45;Toledo;45160 Segurilla;Total;1996;952
45;Toledo;45160 Segurilla;Hombres;2023;704
45;Toledo;45160 Segurilla;Hombres;2022;694
45;Toledo;45160 Segurilla;Hombres;2021;680
45;Toledo;45160 Segurilla;Hombres;2020;684
45;Toledo;45160 Segurilla;Hombres;2019;666
45;Toledo;45160 Segurilla;Hombres;2018;678
45;Toledo;45160 Segurilla;Hombres;2017;673
45;Toledo;45160 Segurilla;Hombres;2016;672
45;Toledo;45160 Segurilla;Hombres;2015;676
45;Toledo;45160 Segurilla;Hombres;2014;667
45;Toledo;45160 Segurilla;Hombres;2013;669
45;Toledo;45160 Segurilla;Hombres;2012;672
45;Toledo;45160 Segurilla;Hombres;2011;661
45;Toledo;45160 Segurilla;Hombres;2010;641
45;Toledo;45160 Segurilla;Hombres;2009;625
45;Toledo;45160 Segurilla;Hombres;2008;626
45;Toledo;45160 Segurilla;Hombres;2007;611
45;Toledo;45160 Segurilla;Hombres;2006;576
45;Toledo;45160 Segurilla;Hombres;2005;551
45;Toledo;45160 Segurilla;Hombres;2004;542
45;Toledo;45160 Segurilla;Hombres;2003;496
45;Toledo;45160 Segurilla;Hombres;2002;500
45;Toledo;45160 Segurilla;Hombres;2001;494
45;Toledo;45160 Segurilla;Hombres;2000;488
45;Toledo;45160 Segurilla;Hombres;1999;479
45;Toledo;45160 Segurilla;Hombres;1998;463
45;Toledo;45160 Segurilla;Hombres;1997;
45;Toledo;45160 Segurilla;Hombres;1996;478
45;Toledo;45160 Segurilla;Mujeres;2023;680
45;Toledo;45160 Segurilla;Mujeres;2022;672
45;Toledo;45160 Segurilla;Mujeres;2021;666
45;Toledo;45160 Segurilla;Mujeres;2020;665
45;Toledo;45160 Segurilla;Mujeres;2019;658
45;Toledo;45160 Segurilla;Mujeres;2018;675
45;Toledo;45160 Segurilla;Mujeres;2017;672
45;Toledo;45160 Segurilla;Mujeres;2016;645
45;Toledo;45160 Segurilla;Mujeres;2015;642
45;Toledo;45160 Segurilla;Mujeres;2014;635
45;Toledo;45160 Segurilla;Mujeres;2013;633
45;Toledo;45160 Segurilla;Mujeres;2012;649
45;Toledo;45160 Segurilla;Mujeres;2011;653
45;Toledo;45160 Segurilla;Mujeres;2010;622
45;Toledo;45160 Segurilla;Mujeres;2009;595
45;Toledo;45160 Segurilla;Mujeres;2008;602
45;Toledo;45160 Segurilla;Mujeres;2007;571
45;Toledo;45160 Segurilla;Mujeres;2006;556
45;Toledo;45160 Segurilla;Mujeres;2005;530
45;Toledo;45160 Segurilla;Mujeres;2004;528
45;Toledo;45160 Segurilla;Mujeres;2003;492
45;Toledo;45160 Segurilla;Mujeres;2002;504
45;Toledo;45160 Segurilla;Mujeres;2001;507
45;Toledo;45160 Segurilla;Mujeres;2000;493
45;Toledo;45160 Segurilla;Mujeres;1999;477
45;Toledo;45160 Segurilla;Mujeres;1998;455
45;Toledo;45160 Segurilla;Mujeres;1997;
45;Toledo;45160 Segurilla;Mujeres;1996;474
45;Toledo;45161 Seseña;Total;2023;29271
45;Toledo;45161 Seseña;Total;2022;28102
45;Toledo;45161 Seseña;Total;2021;27466
45;Toledo;45161 Seseña;Total;2020;27066
45;Toledo;45161 Seseña;Total;2019;25835
45;Toledo;45161 Seseña;Total;2018;24255
45;Toledo;45161 Seseña;Total;2017;22992
45;Toledo;45161 Seseña;Total;2016;22027
45;Toledo;45161 Seseña;Total;2015;21558
45;Toledo;45161 Seseña;Total;2014;21121
45;Toledo;45161 Seseña;Total;2013;20578
45;Toledo;45161 Seseña;Total;2012;19109
45;Toledo;45161 Seseña;Total;2011;18504
45;Toledo;45161 Seseña;Total;2010;17522
45;Toledo;45161 Seseña;Total;2009;16231
45;Toledo;45161 Seseña;Total;2008;13843
45;Toledo;45161 Seseña;Total;2007;12097
45;Toledo;45161 Seseña;Total;2006;10854
45;Toledo;45161 Seseña;Total;2005;9290
45;Toledo;45161 Seseña;Total;2004;7621
45;Toledo;45161 Seseña;Total;2003;6424
45;Toledo;45161 Seseña;Total;2002;5345
45;Toledo;45161 Seseña;Total;2001;4801
45;Toledo;45161 Seseña;Total;2000;4244
45;Toledo;45161 Seseña;Total;1999;3978
45;Toledo;45161 Seseña;Total;1998;3866
45;Toledo;45161 Seseña;Total;1997;
45;Toledo;45161 Seseña;Total;1996;3597
45;Toledo;45161 Seseña;Hombres;2023;15046
45;Toledo;45161 Seseña;Hombres;2022;14431
45;Toledo;45161 Seseña;Hombres;2021;14116
45;Toledo;45161 Seseña;Hombres;2020;13905
45;Toledo;45161 Seseña;Hombres;2019;13283
45;Toledo;45161 Seseña;Hombres;2018;12499
45;Toledo;45161 Seseña;Hombres;2017;11882
45;Toledo;45161 Seseña;Hombres;2016;11440
45;Toledo;45161 Seseña;Hombres;2015;11237
45;Toledo;45161 Seseña;Hombres;2014;10964
45;Toledo;45161 Seseña;Hombres;2013;10715
45;Toledo;45161 Seseña;Hombres;2012;9915
45;Toledo;45161 Seseña;Hombres;2011;9598
45;Toledo;45161 Seseña;Hombres;2010;9129
45;Toledo;45161 Seseña;Hombres;2009;8493
45;Toledo;45161 Seseña;Hombres;2008;7249
45;Toledo;45161 Seseña;Hombres;2007;6329
45;Toledo;45161 Seseña;Hombres;2006;5708
45;Toledo;45161 Seseña;Hombres;2005;4852
45;Toledo;45161 Seseña;Hombres;2004;3963
45;Toledo;45161 Seseña;Hombres;2003;3331
45;Toledo;45161 Seseña;Hombres;2002;2791
45;Toledo;45161 Seseña;Hombres;2001;2506
45;Toledo;45161 Seseña;Hombres;2000;2212
45;Toledo;45161 Seseña;Hombres;1999;2067
45;Toledo;45161 Seseña;Hombres;1998;2018
45;Toledo;45161 Seseña;Hombres;1997;
45;Toledo;45161 Seseña;Hombres;1996;1870
45;Toledo;45161 Seseña;Mujeres;2023;14225
45;Toledo;45161 Seseña;Mujeres;2022;13671
45;Toledo;45161 Seseña;Mujeres;2021;13350
45;Toledo;45161 Seseña;Mujeres;2020;13161
45;Toledo;45161 Seseña;Mujeres;2019;12552
45;Toledo;45161 Seseña;Mujeres;2018;11756
45;Toledo;45161 Seseña;Mujeres;2017;11110
45;Toledo;45161 Seseña;Mujeres;2016;10587
45;Toledo;45161 Seseña;Mujeres;2015;10321
45;Toledo;45161 Seseña;Mujeres;2014;10157
45;Toledo;45161 Seseña;Mujeres;2013;9863
45;Toledo;45161 Seseña;Mujeres;2012;9194
45;Toledo;45161 Seseña;Mujeres;2011;8906
45;Toledo;45161 Seseña;Mujeres;2010;8393
45;Toledo;45161 Seseña;Mujeres;2009;7738
45;Toledo;45161 Seseña;Mujeres;2008;6594
45;Toledo;45161 Seseña;Mujeres;2007;5768
45;Toledo;45161 Seseña;Mujeres;2006;5146
45;Toledo;45161 Seseña;Mujeres;2005;4438
45;Toledo;45161 Seseña;Mujeres;2004;3658
45;Toledo;45161 Seseña;Mujeres;2003;3093
45;Toledo;45161 Seseña;Mujeres;2002;2554
45;Toledo;45161 Seseña;Mujeres;2001;2295
45;Toledo;45161 Seseña;Mujeres;2000;2032
45;Toledo;45161 Seseña;Mujeres;1999;1911
45;Toledo;45161 Seseña;Mujeres;1998;1848
45;Toledo;45161 Seseña;Mujeres;1997;
45;Toledo;45161 Seseña;Mujeres;1996;1727
45;Toledo;45162 Sevilleja de la Jara;Total;2023;643
45;Toledo;45162 Sevilleja de la Jara;Total;2022;643
45;Toledo;45162 Sevilleja de la Jara;Total;2021;640
45;Toledo;45162 Sevilleja de la Jara;Total;2020;668
45;Toledo;45162 Sevilleja de la Jara;Total;2019;682
45;Toledo;45162 Sevilleja de la Jara;Total;2018;698
45;Toledo;45162 Sevilleja de la Jara;Total;2017;717
45;Toledo;45162 Sevilleja de la Jara;Total;2016;729
45;Toledo;45162 Sevilleja de la Jara;Total;2015;751
45;Toledo;45162 Sevilleja de la Jara;Total;2014;762
45;Toledo;45162 Sevilleja de la Jara;Total;2013;803
45;Toledo;45162 Sevilleja de la Jara;Total;2012;826
45;Toledo;45162 Sevilleja de la Jara;Total;2011;853
45;Toledo;45162 Sevilleja de la Jara;Total;2010;879
45;Toledo;45162 Sevilleja de la Jara;Total;2009;890
45;Toledo;45162 Sevilleja de la Jara;Total;2008;895
45;Toledo;45162 Sevilleja de la Jara;Total;2007;905
45;Toledo;45162 Sevilleja de la Jara;Total;2006;907
45;Toledo;45162 Sevilleja de la Jara;Total;2005;933
45;Toledo;45162 Sevilleja de la Jara;Total;2004;980
45;Toledo;45162 Sevilleja de la Jara;Total;2003;1015
45;Toledo;45162 Sevilleja de la Jara;Total;2002;1060
45;Toledo;45162 Sevilleja de la Jara;Total;2001;1047
45;Toledo;45162 Sevilleja de la Jara;Total;2000;1056
45;Toledo;45162 Sevilleja de la Jara;Total;1999;1060
45;Toledo;45162 Sevilleja de la Jara;Total;1998;1075
45;Toledo;45162 Sevilleja de la Jara;Total;1997;
45;Toledo;45162 Sevilleja de la Jara;Total;1996;1108
45;Toledo;45162 Sevilleja de la Jara;Hombres;2023;355
45;Toledo;45162 Sevilleja de la Jara;Hombres;2022;361
45;Toledo;45162 Sevilleja de la Jara;Hombres;2021;356
45;Toledo;45162 Sevilleja de la Jara;Hombres;2020;364
45;Toledo;45162 Sevilleja de la Jara;Hombres;2019;371
45;Toledo;45162 Sevilleja de la Jara;Hombres;2018;379
45;Toledo;45162 Sevilleja de la Jara;Hombres;2017;390
45;Toledo;45162 Sevilleja de la Jara;Hombres;2016;395
45;Toledo;45162 Sevilleja de la Jara;Hombres;2015;403
45;Toledo;45162 Sevilleja de la Jara;Hombres;2014;413
45;Toledo;45162 Sevilleja de la Jara;Hombres;2013;433
45;Toledo;45162 Sevilleja de la Jara;Hombres;2012;437
45;Toledo;45162 Sevilleja de la Jara;Hombres;2011;455
45;Toledo;45162 Sevilleja de la Jara;Hombres;2010;467
45;Toledo;45162 Sevilleja de la Jara;Hombres;2009;477
45;Toledo;45162 Sevilleja de la Jara;Hombres;2008;478
45;Toledo;45162 Sevilleja de la Jara;Hombres;2007;484
45;Toledo;45162 Sevilleja de la Jara;Hombres;2006;486
45;Toledo;45162 Sevilleja de la Jara;Hombres;2005;502
45;Toledo;45162 Sevilleja de la Jara;Hombres;2004;524
45;Toledo;45162 Sevilleja de la Jara;Hombres;2003;540
45;Toledo;45162 Sevilleja de la Jara;Hombres;2002;567
45;Toledo;45162 Sevilleja de la Jara;Hombres;2001;553
45;Toledo;45162 Sevilleja de la Jara;Hombres;2000;555
45;Toledo;45162 Sevilleja de la Jara;Hombres;1999;556
45;Toledo;45162 Sevilleja de la Jara;Hombres;1998;565
45;Toledo;45162 Sevilleja de la Jara;Hombres;1997;
45;Toledo;45162 Sevilleja de la Jara;Hombres;1996;585
45;Toledo;45162 Sevilleja de la Jara;Mujeres;2023;288
45;Toledo;45162 Sevilleja de la Jara;Mujeres;2022;282
45;Toledo;45162 Sevilleja de la Jara;Mujeres;2021;284
45;Toledo;45162 Sevilleja de la Jara;Mujeres;2020;304
45;Toledo;45162 Sevilleja de la Jara;Mujeres;2019;311
45;Toledo;45162 Sevilleja de la Jara;Mujeres;2018;319
45;Toledo;45162 Sevilleja de la Jara;Mujeres;2017;327
45;Toledo;45162 Sevilleja de la Jara;Mujeres;2016;334
45;Toledo;45162 Sevilleja de la Jara;Mujeres;2015;348
45;Toledo;45162 Sevilleja de la Jara;Mujeres;2014;349
45;Toledo;45162 Sevilleja de la Jara;Mujeres;2013;370
45;Toledo;45162 Sevilleja de la Jara;Mujeres;2012;389
45;Toledo;45162 Sevilleja de la Jara;Mujeres;2011;398
45;Toledo;45162 Sevilleja de la Jara;Mujeres;2010;412
45;Toledo;45162 Sevilleja de la Jara;Mujeres;2009;413
45;Toledo;45162 Sevilleja de la Jara;Mujeres;2008;417
45;Toledo;45162 Sevilleja de la Jara;Mujeres;2007;421
45;Toledo;45162 Sevilleja de la Jara;Mujeres;2006;421
45;Toledo;45162 Sevilleja de la Jara;Mujeres;2005;431
45;Toledo;45162 Sevilleja de la Jara;Mujeres;2004;456
45;Toledo;45162 Sevilleja de la Jara;Mujeres;2003;475
45;Toledo;45162 Sevilleja de la Jara;Mujeres;2002;493
45;Toledo;45162 Sevilleja de la Jara;Mujeres;2001;494
45;Toledo;45162 Sevilleja de la Jara;Mujeres;2000;501
45;Toledo;45162 Sevilleja de la Jara;Mujeres;1999;504
45;Toledo;45162 Sevilleja de la Jara;Mujeres;1998;510
45;Toledo;45162 Sevilleja de la Jara;Mujeres;1997;
45;Toledo;45162 Sevilleja de la Jara;Mujeres;1996;523
45;Toledo;45163 Sonseca;Total;2023;11205
45;Toledo;45163 Sonseca;Total;2022;11084
45;Toledo;45163 Sonseca;Total;2021;11070
45;Toledo;45163 Sonseca;Total;2020;11082
45;Toledo;45163 Sonseca;Total;2019;11067
45;Toledo;45163 Sonseca;Total;2018;11021
45;Toledo;45163 Sonseca;Total;2017;11068
45;Toledo;45163 Sonseca;Total;2016;11198
45;Toledo;45163 Sonseca;Total;2015;11289
45;Toledo;45163 Sonseca;Total;2014;11437
45;Toledo;45163 Sonseca;Total;2013;11626
45;Toledo;45163 Sonseca;Total;2012;11630
45;Toledo;45163 Sonseca;Total;2011;11530
45;Toledo;45163 Sonseca;Total;2010;11331
45;Toledo;45163 Sonseca;Total;2009;11265
45;Toledo;45163 Sonseca;Total;2008;11178
45;Toledo;45163 Sonseca;Total;2007;10818
45;Toledo;45163 Sonseca;Total;2006;10685
45;Toledo;45163 Sonseca;Total;2005;10132
45;Toledo;45163 Sonseca;Total;2004;10130
45;Toledo;45163 Sonseca;Total;2003;10136
45;Toledo;45163 Sonseca;Total;2002;9845
45;Toledo;45163 Sonseca;Total;2001;9790
45;Toledo;45163 Sonseca;Total;2000;9467
45;Toledo;45163 Sonseca;Total;1999;9383
45;Toledo;45163 Sonseca;Total;1998;9261
45;Toledo;45163 Sonseca;Total;1997;
45;Toledo;45163 Sonseca;Total;1996;9142
45;Toledo;45163 Sonseca;Hombres;2023;5704
45;Toledo;45163 Sonseca;Hombres;2022;5604
45;Toledo;45163 Sonseca;Hombres;2021;5614
45;Toledo;45163 Sonseca;Hombres;2020;5613
45;Toledo;45163 Sonseca;Hombres;2019;5585
45;Toledo;45163 Sonseca;Hombres;2018;5558
45;Toledo;45163 Sonseca;Hombres;2017;5611
45;Toledo;45163 Sonseca;Hombres;2016;5679
45;Toledo;45163 Sonseca;Hombres;2015;5709
45;Toledo;45163 Sonseca;Hombres;2014;5788
45;Toledo;45163 Sonseca;Hombres;2013;5923
45;Toledo;45163 Sonseca;Hombres;2012;5921
45;Toledo;45163 Sonseca;Hombres;2011;5872
45;Toledo;45163 Sonseca;Hombres;2010;5758
45;Toledo;45163 Sonseca;Hombres;2009;5749
45;Toledo;45163 Sonseca;Hombres;2008;5717
45;Toledo;45163 Sonseca;Hombres;2007;5493
45;Toledo;45163 Sonseca;Hombres;2006;5416
45;Toledo;45163 Sonseca;Hombres;2005;5128
45;Toledo;45163 Sonseca;Hombres;2004;5154
45;Toledo;45163 Sonseca;Hombres;2003;5166
45;Toledo;45163 Sonseca;Hombres;2002;5059
45;Toledo;45163 Sonseca;Hombres;2001;5028
45;Toledo;45163 Sonseca;Hombres;2000;4806
45;Toledo;45163 Sonseca;Hombres;1999;4731
45;Toledo;45163 Sonseca;Hombres;1998;4664
45;Toledo;45163 Sonseca;Hombres;1997;
45;Toledo;45163 Sonseca;Hombres;1996;4603
45;Toledo;45163 Sonseca;Mujeres;2023;5501
45;Toledo;45163 Sonseca;Mujeres;2022;5480
45;Toledo;45163 Sonseca;Mujeres;2021;5456
45;Toledo;45163 Sonseca;Mujeres;2020;5469
45;Toledo;45163 Sonseca;Mujeres;2019;5482
45;Toledo;45163 Sonseca;Mujeres;2018;5463
45;Toledo;45163 Sonseca;Mujeres;2017;5457
45;Toledo;45163 Sonseca;Mujeres;2016;5519
45;Toledo;45163 Sonseca;Mujeres;2015;5580
45;Toledo;45163 Sonseca;Mujeres;2014;5649
45;Toledo;45163 Sonseca;Mujeres;2013;5703
45;Toledo;45163 Sonseca;Mujeres;2012;5709
45;Toledo;45163 Sonseca;Mujeres;2011;5658
45;Toledo;45163 Sonseca;Mujeres;2010;5573
45;Toledo;45163 Sonseca;Mujeres;2009;5516
45;Toledo;45163 Sonseca;Mujeres;2008;5461
45;Toledo;45163 Sonseca;Mujeres;2007;5325
45;Toledo;45163 Sonseca;Mujeres;2006;5269
45;Toledo;45163 Sonseca;Mujeres;2005;5004
45;Toledo;45163 Sonseca;Mujeres;2004;4976
45;Toledo;45163 Sonseca;Mujeres;2003;4970
45;Toledo;45163 Sonseca;Mujeres;2002;4786
45;Toledo;45163 Sonseca;Mujeres;2001;4762
45;Toledo;45163 Sonseca;Mujeres;2000;4661
45;Toledo;45163 Sonseca;Mujeres;1999;4652
45;Toledo;45163 Sonseca;Mujeres;1998;4597
45;Toledo;45163 Sonseca;Mujeres;1997;
45;Toledo;45163 Sonseca;Mujeres;1996;4539
45;Toledo;45164 Sotillo de las Palomas;Total;2023;173
45;Toledo;45164 Sotillo de las Palomas;Total;2022;183
45;Toledo;45164 Sotillo de las Palomas;Total;2021;191
45;Toledo;45164 Sotillo de las Palomas;Total;2020;175
45;Toledo;45164 Sotillo de las Palomas;Total;2019;183
45;Toledo;45164 Sotillo de las Palomas;Total;2018;193
45;Toledo;45164 Sotillo de las Palomas;Total;2017;198
45;Toledo;45164 Sotillo de las Palomas;Total;2016;204
45;Toledo;45164 Sotillo de las Palomas;Total;2015;213
45;Toledo;45164 Sotillo de las Palomas;Total;2014;201
45;Toledo;45164 Sotillo de las Palomas;Total;2013;203
45;Toledo;45164 Sotillo de las Palomas;Total;2012;207
45;Toledo;45164 Sotillo de las Palomas;Total;2011;217
45;Toledo;45164 Sotillo de las Palomas;Total;2010;214
45;Toledo;45164 Sotillo de las Palomas;Total;2009;224
45;Toledo;45164 Sotillo de las Palomas;Total;2008;215
45;Toledo;45164 Sotillo de las Palomas;Total;2007;200
45;Toledo;45164 Sotillo de las Palomas;Total;2006;211
45;Toledo;45164 Sotillo de las Palomas;Total;2005;218
45;Toledo;45164 Sotillo de las Palomas;Total;2004;217
45;Toledo;45164 Sotillo de las Palomas;Total;2003;220
45;Toledo;45164 Sotillo de las Palomas;Total;2002;194
45;Toledo;45164 Sotillo de las Palomas;Total;2001;204
45;Toledo;45164 Sotillo de las Palomas;Total;2000;223
45;Toledo;45164 Sotillo de las Palomas;Total;1999;214
45;Toledo;45164 Sotillo de las Palomas;Total;1998;226
45;Toledo;45164 Sotillo de las Palomas;Total;1997;
45;Toledo;45164 Sotillo de las Palomas;Total;1996;218
45;Toledo;45164 Sotillo de las Palomas;Hombres;2023;88
45;Toledo;45164 Sotillo de las Palomas;Hombres;2022;93
45;Toledo;45164 Sotillo de las Palomas;Hombres;2021;100
45;Toledo;45164 Sotillo de las Palomas;Hombres;2020;91
45;Toledo;45164 Sotillo de las Palomas;Hombres;2019;92
45;Toledo;45164 Sotillo de las Palomas;Hombres;2018;103
45;Toledo;45164 Sotillo de las Palomas;Hombres;2017;107
45;Toledo;45164 Sotillo de las Palomas;Hombres;2016;111
45;Toledo;45164 Sotillo de las Palomas;Hombres;2015;118
45;Toledo;45164 Sotillo de las Palomas;Hombres;2014;110
45;Toledo;45164 Sotillo de las Palomas;Hombres;2013;107
45;Toledo;45164 Sotillo de las Palomas;Hombres;2012;109
45;Toledo;45164 Sotillo de las Palomas;Hombres;2011;111
45;Toledo;45164 Sotillo de las Palomas;Hombres;2010;107
45;Toledo;45164 Sotillo de las Palomas;Hombres;2009;120
45;Toledo;45164 Sotillo de las Palomas;Hombres;2008;113
45;Toledo;45164 Sotillo de las Palomas;Hombres;2007;102
45;Toledo;45164 Sotillo de las Palomas;Hombres;2006;101
45;Toledo;45164 Sotillo de las Palomas;Hombres;2005;106
45;Toledo;45164 Sotillo de las Palomas;Hombres;2004;106
45;Toledo;45164 Sotillo de las Palomas;Hombres;2003;108
45;Toledo;45164 Sotillo de las Palomas;Hombres;2002;92
45;Toledo;45164 Sotillo de las Palomas;Hombres;2001;100
45;Toledo;45164 Sotillo de las Palomas;Hombres;2000;111
45;Toledo;45164 Sotillo de las Palomas;Hombres;1999;109
45;Toledo;45164 Sotillo de las Palomas;Hombres;1998;117
45;Toledo;45164 Sotillo de las Palomas;Hombres;1997;
45;Toledo;45164 Sotillo de las Palomas;Hombres;1996;112
45;Toledo;45164 Sotillo de las Palomas;Mujeres;2023;85
45;Toledo;45164 Sotillo de las Palomas;Mujeres;2022;90
45;Toledo;45164 Sotillo de las Palomas;Mujeres;2021;91
45;Toledo;45164 Sotillo de las Palomas;Mujeres;2020;84
45;Toledo;45164 Sotillo de las Palomas;Mujeres;2019;91
45;Toledo;45164 Sotillo de las Palomas;Mujeres;2018;90
45;Toledo;45164 Sotillo de las Palomas;Mujeres;2017;91
45;Toledo;45164 Sotillo de las Palomas;Mujeres;2016;93
45;Toledo;45164 Sotillo de las Palomas;Mujeres;2015;95
45;Toledo;45164 Sotillo de las Palomas;Mujeres;2014;91
45;Toledo;45164 Sotillo de las Palomas;Mujeres;2013;96
45;Toledo;45164 Sotillo de las Palomas;Mujeres;2012;98
45;Toledo;45164 Sotillo de las Palomas;Mujeres;2011;106
45;Toledo;45164 Sotillo de las Palomas;Mujeres;2010;107
45;Toledo;45164 Sotillo de las Palomas;Mujeres;2009;104
45;Toledo;45164 Sotillo de las Palomas;Mujeres;2008;102
45;Toledo;45164 Sotillo de las Palomas;Mujeres;2007;98
45;Toledo;45164 Sotillo de las Palomas;Mujeres;2006;110
45;Toledo;45164 Sotillo de las Palomas;Mujeres;2005;112
45;Toledo;45164 Sotillo de las Palomas;Mujeres;2004;111
45;Toledo;45164 Sotillo de las Palomas;Mujeres;2003;112
45;Toledo;45164 Sotillo de las Palomas;Mujeres;2002;102
45;Toledo;45164 Sotillo de las Palomas;Mujeres;2001;104
45;Toledo;45164 Sotillo de las Palomas;Mujeres;2000;112
45;Toledo;45164 Sotillo de las Palomas;Mujeres;1999;105
45;Toledo;45164 Sotillo de las Palomas;Mujeres;1998;109
45;Toledo;45164 Sotillo de las Palomas;Mujeres;1997;
45;Toledo;45164 Sotillo de las Palomas;Mujeres;1996;106
45;Toledo;45165 Talavera de la Reina;Total;2023;84137
45;Toledo;45165 Talavera de la Reina;Total;2022;83247
45;Toledo;45165 Talavera de la Reina;Total;2021;83477
45;Toledo;45165 Talavera de la Reina;Total;2020;83663
45;Toledo;45165 Talavera de la Reina;Total;2019;83417
45;Toledo;45165 Talavera de la Reina;Total;2018;83009
45;Toledo;45165 Talavera de la Reina;Total;2017;83303
45;Toledo;45165 Talavera de la Reina;Total;2016;84119
45;Toledo;45165 Talavera de la Reina;Total;2015;85150
45;Toledo;45165 Talavera de la Reina;Total;2014;86779
45;Toledo;45165 Talavera de la Reina;Total;2013;88548
45;Toledo;45165 Talavera de la Reina;Total;2012;88755
45;Toledo;45165 Talavera de la Reina;Total;2011;88674
45;Toledo;45165 Talavera de la Reina;Total;2010;88986
45;Toledo;45165 Talavera de la Reina;Total;2009;88856
45;Toledo;45165 Talavera de la Reina;Total;2008;87763
45;Toledo;45165 Talavera de la Reina;Total;2007;85549
45;Toledo;45165 Talavera de la Reina;Total;2006;83793
45;Toledo;45165 Talavera de la Reina;Total;2005;82975
45;Toledo;45165 Talavera de la Reina;Total;2004;80305
45;Toledo;45165 Talavera de la Reina;Total;2003;79916
45;Toledo;45165 Talavera de la Reina;Total;2002;77519
45;Toledo;45165 Talavera de la Reina;Total;2001;76011
45;Toledo;45165 Talavera de la Reina;Total;2000;74241
45;Toledo;45165 Talavera de la Reina;Total;1999;73204
45;Toledo;45165 Talavera de la Reina;Total;1998;72208
45;Toledo;45165 Talavera de la Reina;Total;1997;
45;Toledo;45165 Talavera de la Reina;Total;1996;70922
45;Toledo;45165 Talavera de la Reina;Hombres;2023;40349
45;Toledo;45165 Talavera de la Reina;Hombres;2022;39935
45;Toledo;45165 Talavera de la Reina;Hombres;2021;40020
45;Toledo;45165 Talavera de la Reina;Hombres;2020;40156
45;Toledo;45165 Talavera de la Reina;Hombres;2019;40081
45;Toledo;45165 Talavera de la Reina;Hombres;2018;39867
45;Toledo;45165 Talavera de la Reina;Hombres;2017;40041
45;Toledo;45165 Talavera de la Reina;Hombres;2016;40543
45;Toledo;45165 Talavera de la Reina;Hombres;2015;41166
45;Toledo;45165 Talavera de la Reina;Hombres;2014;42132
45;Toledo;45165 Talavera de la Reina;Hombres;2013;43103
45;Toledo;45165 Talavera de la Reina;Hombres;2012;43275
45;Toledo;45165 Talavera de la Reina;Hombres;2011;43243
45;Toledo;45165 Talavera de la Reina;Hombres;2010;43561
45;Toledo;45165 Talavera de la Reina;Hombres;2009;43540
45;Toledo;45165 Talavera de la Reina;Hombres;2008;43115
45;Toledo;45165 Talavera de la Reina;Hombres;2007;41916
45;Toledo;45165 Talavera de la Reina;Hombres;2006;40911
45;Toledo;45165 Talavera de la Reina;Hombres;2005;40517
45;Toledo;45165 Talavera de la Reina;Hombres;2004;39122
45;Toledo;45165 Talavera de la Reina;Hombres;2003;38921
45;Toledo;45165 Talavera de la Reina;Hombres;2002;37787
45;Toledo;45165 Talavera de la Reina;Hombres;2001;37033
45;Toledo;45165 Talavera de la Reina;Hombres;2000;36167
45;Toledo;45165 Talavera de la Reina;Hombres;1999;35699
45;Toledo;45165 Talavera de la Reina;Hombres;1998;35254
45;Toledo;45165 Talavera de la Reina;Hombres;1997;
45;Toledo;45165 Talavera de la Reina;Hombres;1996;34671
45;Toledo;45165 Talavera de la Reina;Mujeres;2023;43788
45;Toledo;45165 Talavera de la Reina;Mujeres;2022;43312
45;Toledo;45165 Talavera de la Reina;Mujeres;2021;43457
45;Toledo;45165 Talavera de la Reina;Mujeres;2020;43507
45;Toledo;45165 Talavera de la Reina;Mujeres;2019;43336
45;Toledo;45165 Talavera de la Reina;Mujeres;2018;43142
45;Toledo;45165 Talavera de la Reina;Mujeres;2017;43262
45;Toledo;45165 Talavera de la Reina;Mujeres;2016;43576
45;Toledo;45165 Talavera de la Reina;Mujeres;2015;43984
45;Toledo;45165 Talavera de la Reina;Mujeres;2014;44647
45;Toledo;45165 Talavera de la Reina;Mujeres;2013;45445
45;Toledo;45165 Talavera de la Reina;Mujeres;2012;45480
45;Toledo;45165 Talavera de la Reina;Mujeres;2011;45431
45;Toledo;45165 Talavera de la Reina;Mujeres;2010;45425
45;Toledo;45165 Talavera de la Reina;Mujeres;2009;45316
45;Toledo;45165 Talavera de la Reina;Mujeres;2008;44648
45;Toledo;45165 Talavera de la Reina;Mujeres;2007;43633
45;Toledo;45165 Talavera de la Reina;Mujeres;2006;42882
45;Toledo;45165 Talavera de la Reina;Mujeres;2005;42458
45;Toledo;45165 Talavera de la Reina;Mujeres;2004;41183
45;Toledo;45165 Talavera de la Reina;Mujeres;2003;40995
45;Toledo;45165 Talavera de la Reina;Mujeres;2002;39732
45;Toledo;45165 Talavera de la Reina;Mujeres;2001;38978
45;Toledo;45165 Talavera de la Reina;Mujeres;2000;38074
45;Toledo;45165 Talavera de la Reina;Mujeres;1999;37505
45;Toledo;45165 Talavera de la Reina;Mujeres;1998;36954
45;Toledo;45165 Talavera de la Reina;Mujeres;1997;
45;Toledo;45165 Talavera de la Reina;Mujeres;1996;36251
45;Toledo;45166 Tembleque;Total;2023;1955
45;Toledo;45166 Tembleque;Total;2022;1949
45;Toledo;45166 Tembleque;Total;2021;1967
45;Toledo;45166 Tembleque;Total;2020;1966
45;Toledo;45166 Tembleque;Total;2019;1986
45;Toledo;45166 Tembleque;Total;2018;1996
45;Toledo;45166 Tembleque;Total;2017;2036
45;Toledo;45166 Tembleque;Total;2016;2091
45;Toledo;45166 Tembleque;Total;2015;2149
45;Toledo;45166 Tembleque;Total;2014;2179
45;Toledo;45166 Tembleque;Total;2013;2255
45;Toledo;45166 Tembleque;Total;2012;2327
45;Toledo;45166 Tembleque;Total;2011;2371
45;Toledo;45166 Tembleque;Total;2010;2390
45;Toledo;45166 Tembleque;Total;2009;2376
45;Toledo;45166 Tembleque;Total;2008;2361
45;Toledo;45166 Tembleque;Total;2007;2296
45;Toledo;45166 Tembleque;Total;2006;2271
45;Toledo;45166 Tembleque;Total;2005;2227
45;Toledo;45166 Tembleque;Total;2004;2190
45;Toledo;45166 Tembleque;Total;2003;2174
45;Toledo;45166 Tembleque;Total;2002;2157
45;Toledo;45166 Tembleque;Total;2001;2132
45;Toledo;45166 Tembleque;Total;2000;2099
45;Toledo;45166 Tembleque;Total;1999;2101
45;Toledo;45166 Tembleque;Total;1998;2115
45;Toledo;45166 Tembleque;Total;1997;
45;Toledo;45166 Tembleque;Total;1996;2121
45;Toledo;45166 Tembleque;Hombres;2023;989
45;Toledo;45166 Tembleque;Hombres;2022;992
45;Toledo;45166 Tembleque;Hombres;2021;993
45;Toledo;45166 Tembleque;Hombres;2020;989
45;Toledo;45166 Tembleque;Hombres;2019;1008
45;Toledo;45166 Tembleque;Hombres;2018;1014
45;Toledo;45166 Tembleque;Hombres;2017;1029
45;Toledo;45166 Tembleque;Hombres;2016;1069
45;Toledo;45166 Tembleque;Hombres;2015;1095
45;Toledo;45166 Tembleque;Hombres;2014;1111
45;Toledo;45166 Tembleque;Hombres;2013;1155
45;Toledo;45166 Tembleque;Hombres;2012;1196
45;Toledo;45166 Tembleque;Hombres;2011;1229
45;Toledo;45166 Tembleque;Hombres;2010;1234
45;Toledo;45166 Tembleque;Hombres;2009;1230
45;Toledo;45166 Tembleque;Hombres;2008;1215
45;Toledo;45166 Tembleque;Hombres;2007;1169
45;Toledo;45166 Tembleque;Hombres;2006;1155
45;Toledo;45166 Tembleque;Hombres;2005;1124
45;Toledo;45166 Tembleque;Hombres;2004;1105
45;Toledo;45166 Tembleque;Hombres;2003;1098
45;Toledo;45166 Tembleque;Hombres;2002;1096
45;Toledo;45166 Tembleque;Hombres;2001;1078
45;Toledo;45166 Tembleque;Hombres;2000;1063
45;Toledo;45166 Tembleque;Hombres;1999;1062
45;Toledo;45166 Tembleque;Hombres;1998;1068
45;Toledo;45166 Tembleque;Hombres;1997;
45;Toledo;45166 Tembleque;Hombres;1996;1071
45;Toledo;45166 Tembleque;Mujeres;2023;966
45;Toledo;45166 Tembleque;Mujeres;2022;957
45;Toledo;45166 Tembleque;Mujeres;2021;974
45;Toledo;45166 Tembleque;Mujeres;2020;977
45;Toledo;45166 Tembleque;Mujeres;2019;978
45;Toledo;45166 Tembleque;Mujeres;2018;982
45;Toledo;45166 Tembleque;Mujeres;2017;1007
45;Toledo;45166 Tembleque;Mujeres;2016;1022
45;Toledo;45166 Tembleque;Mujeres;2015;1054
45;Toledo;45166 Tembleque;Mujeres;2014;1068
45;Toledo;45166 Tembleque;Mujeres;2013;1100
45;Toledo;45166 Tembleque;Mujeres;2012;1131
45;Toledo;45166 Tembleque;Mujeres;2011;1142
45;Toledo;45166 Tembleque;Mujeres;2010;1156
45;Toledo;45166 Tembleque;Mujeres;2009;1146
45;Toledo;45166 Tembleque;Mujeres;2008;1146
45;Toledo;45166 Tembleque;Mujeres;2007;1127
45;Toledo;45166 Tembleque;Mujeres;2006;1116
45;Toledo;45166 Tembleque;Mujeres;2005;1103
45;Toledo;45166 Tembleque;Mujeres;2004;1085
45;Toledo;45166 Tembleque;Mujeres;2003;1076
45;Toledo;45166 Tembleque;Mujeres;2002;1061
45;Toledo;45166 Tembleque;Mujeres;2001;1054
45;Toledo;45166 Tembleque;Mujeres;2000;1036
45;Toledo;45166 Tembleque;Mujeres;1999;1039
45;Toledo;45166 Tembleque;Mujeres;1998;1047
45;Toledo;45166 Tembleque;Mujeres;1997;
45;Toledo;45166 Tembleque;Mujeres;1996;1050
45;Toledo;45167 Toboso, El;Total;2023;1667
45;Toledo;45167 Toboso, El;Total;2022;1663
45;Toledo;45167 Toboso, El;Total;2021;1699
45;Toledo;45167 Toboso, El;Total;2020;1741
45;Toledo;45167 Toboso, El;Total;2019;1764
45;Toledo;45167 Toboso, El;Total;2018;1783
45;Toledo;45167 Toboso, El;Total;2017;1831
45;Toledo;45167 Toboso, El;Total;2016;1887
45;Toledo;45167 Toboso, El;Total;2015;1964
45;Toledo;45167 Toboso, El;Total;2014;2039
45;Toledo;45167 Toboso, El;Total;2013;2094
45;Toledo;45167 Toboso, El;Total;2012;2140
45;Toledo;45167 Toboso, El;Total;2011;2187
45;Toledo;45167 Toboso, El;Total;2010;2217
45;Toledo;45167 Toboso, El;Total;2009;2219
45;Toledo;45167 Toboso, El;Total;2008;2243
45;Toledo;45167 Toboso, El;Total;2007;2176
45;Toledo;45167 Toboso, El;Total;2006;2177
45;Toledo;45167 Toboso, El;Total;2005;2134
45;Toledo;45167 Toboso, El;Total;2004;2112
45;Toledo;45167 Toboso, El;Total;2003;2050
45;Toledo;45167 Toboso, El;Total;2002;2088
45;Toledo;45167 Toboso, El;Total;2001;2065
45;Toledo;45167 Toboso, El;Total;2000;2077
45;Toledo;45167 Toboso, El;Total;1999;2088
45;Toledo;45167 Toboso, El;Total;1998;2062
45;Toledo;45167 Toboso, El;Total;1997;
45;Toledo;45167 Toboso, El;Total;1996;2141
45;Toledo;45167 Toboso, El;Hombres;2023;833
45;Toledo;45167 Toboso, El;Hombres;2022;830
45;Toledo;45167 Toboso, El;Hombres;2021;853
45;Toledo;45167 Toboso, El;Hombres;2020;873
45;Toledo;45167 Toboso, El;Hombres;2019;874
45;Toledo;45167 Toboso, El;Hombres;2018;890
45;Toledo;45167 Toboso, El;Hombres;2017;921
45;Toledo;45167 Toboso, El;Hombres;2016;948
45;Toledo;45167 Toboso, El;Hombres;2015;992
45;Toledo;45167 Toboso, El;Hombres;2014;1021
45;Toledo;45167 Toboso, El;Hombres;2013;1062
45;Toledo;45167 Toboso, El;Hombres;2012;1083
45;Toledo;45167 Toboso, El;Hombres;2011;1107
45;Toledo;45167 Toboso, El;Hombres;2010;1108
45;Toledo;45167 Toboso, El;Hombres;2009;1100
45;Toledo;45167 Toboso, El;Hombres;2008;1138
45;Toledo;45167 Toboso, El;Hombres;2007;1094
45;Toledo;45167 Toboso, El;Hombres;2006;1102
45;Toledo;45167 Toboso, El;Hombres;2005;1063
45;Toledo;45167 Toboso, El;Hombres;2004;1055
45;Toledo;45167 Toboso, El;Hombres;2003;1033
45;Toledo;45167 Toboso, El;Hombres;2002;1046
45;Toledo;45167 Toboso, El;Hombres;2001;1015
45;Toledo;45167 Toboso, El;Hombres;2000;1021
45;Toledo;45167 Toboso, El;Hombres;1999;1019
45;Toledo;45167 Toboso, El;Hombres;1998;1008
45;Toledo;45167 Toboso, El;Hombres;1997;
45;Toledo;45167 Toboso, El;Hombres;1996;1046
45;Toledo;45167 Toboso, El;Mujeres;2023;834
45;Toledo;45167 Toboso, El;Mujeres;2022;833
45;Toledo;45167 Toboso, El;Mujeres;2021;846
45;Toledo;45167 Toboso, El;Mujeres;2020;868
45;Toledo;45167 Toboso, El;Mujeres;2019;890
45;Toledo;45167 Toboso, El;Mujeres;2018;893
45;Toledo;45167 Toboso, El;Mujeres;2017;910
45;Toledo;45167 Toboso, El;Mujeres;2016;939
45;Toledo;45167 Toboso, El;Mujeres;2015;972
45;Toledo;45167 Toboso, El;Mujeres;2014;1018
45;Toledo;45167 Toboso, El;Mujeres;2013;1032
45;Toledo;45167 Toboso, El;Mujeres;2012;1057
45;Toledo;45167 Toboso, El;Mujeres;2011;1080
45;Toledo;45167 Toboso, El;Mujeres;2010;1109
45;Toledo;45167 Toboso, El;Mujeres;2009;1119
45;Toledo;45167 Toboso, El;Mujeres;2008;1105
45;Toledo;45167 Toboso, El;Mujeres;2007;1082
45;Toledo;45167 Toboso, El;Mujeres;2006;1075
45;Toledo;45167 Toboso, El;Mujeres;2005;1071
45;Toledo;45167 Toboso, El;Mujeres;2004;1057
45;Toledo;45167 Toboso, El;Mujeres;2003;1017
45;Toledo;45167 Toboso, El;Mujeres;2002;1042
45;Toledo;45167 Toboso, El;Mujeres;2001;1050
45;Toledo;45167 Toboso, El;Mujeres;2000;1056
45;Toledo;45167 Toboso, El;Mujeres;1999;1069
45;Toledo;45167 Toboso, El;Mujeres;1998;1054
45;Toledo;45167 Toboso, El;Mujeres;1997;
45;Toledo;45167 Toboso, El;Mujeres;1996;1095
45;Toledo;45168 Toledo;Total;2023;86070
45;Toledo;45168 Toledo;Total;2022;85085
45;Toledo;45168 Toledo;Total;2021;85449
45;Toledo;45168 Toledo;Total;2020;85811
45;Toledo;45168 Toledo;Total;2019;84873
45;Toledo;45168 Toledo;Total;2018;84282
45;Toledo;45168 Toledo;Total;2017;83741
45;Toledo;45168 Toledo;Total;2016;83459
45;Toledo;45168 Toledo;Total;2015;83226
45;Toledo;45168 Toledo;Total;2014;83334
45;Toledo;45168 Toledo;Total;2013;83593
45;Toledo;45168 Toledo;Total;2012;84019
45;Toledo;45168 Toledo;Total;2011;83108
45;Toledo;45168 Toledo;Total;2010;82489
45;Toledo;45168 Toledo;Total;2009;82291
45;Toledo;45168 Toledo;Total;2008;80810
45;Toledo;45168 Toledo;Total;2007;78618
45;Toledo;45168 Toledo;Total;2006;77601
45;Toledo;45168 Toledo;Total;2005;75533
45;Toledo;45168 Toledo;Total;2004;73485
45;Toledo;45168 Toledo;Total;2003;72549
45;Toledo;45168 Toledo;Total;2002;70893
45;Toledo;45168 Toledo;Total;2001;69450
45;Toledo;45168 Toledo;Total;2000;68537
45;Toledo;45168 Toledo;Total;1999;67617
45;Toledo;45168 Toledo;Total;1998;66989
45;Toledo;45168 Toledo;Total;1997;
45;Toledo;45168 Toledo;Total;1996;66006
45;Toledo;45168 Toledo;Hombres;2023;40930
45;Toledo;45168 Toledo;Hombres;2022;40504
45;Toledo;45168 Toledo;Hombres;2021;40753
45;Toledo;45168 Toledo;Hombres;2020;40941
45;Toledo;45168 Toledo;Hombres;2019;40527
45;Toledo;45168 Toledo;Hombres;2018;40242
45;Toledo;45168 Toledo;Hombres;2017;40038
45;Toledo;45168 Toledo;Hombres;2016;39986
45;Toledo;45168 Toledo;Hombres;2015;39859
45;Toledo;45168 Toledo;Hombres;2014;39872
45;Toledo;45168 Toledo;Hombres;2013;40013
45;Toledo;45168 Toledo;Hombres;2012;40321
45;Toledo;45168 Toledo;Hombres;2011;39896
45;Toledo;45168 Toledo;Hombres;2010;39558
45;Toledo;45168 Toledo;Hombres;2009;39497
45;Toledo;45168 Toledo;Hombres;2008;39023
45;Toledo;45168 Toledo;Hombres;2007;37895
45;Toledo;45168 Toledo;Hombres;2006;37325
45;Toledo;45168 Toledo;Hombres;2005;36259
45;Toledo;45168 Toledo;Hombres;2004;35191
45;Toledo;45168 Toledo;Hombres;2003;34738
45;Toledo;45168 Toledo;Hombres;2002;33970
45;Toledo;45168 Toledo;Hombres;2001;33290
45;Toledo;45168 Toledo;Hombres;2000;32870
45;Toledo;45168 Toledo;Hombres;1999;32535
45;Toledo;45168 Toledo;Hombres;1998;32233
45;Toledo;45168 Toledo;Hombres;1997;
45;Toledo;45168 Toledo;Hombres;1996;31734
45;Toledo;45168 Toledo;Mujeres;2023;45140
45;Toledo;45168 Toledo;Mujeres;2022;44581
45;Toledo;45168 Toledo;Mujeres;2021;44696
45;Toledo;45168 Toledo;Mujeres;2020;44870
45;Toledo;45168 Toledo;Mujeres;2019;44346
45;Toledo;45168 Toledo;Mujeres;2018;44040
45;Toledo;45168 Toledo;Mujeres;2017;43703
45;Toledo;45168 Toledo;Mujeres;2016;43473
45;Toledo;45168 Toledo;Mujeres;2015;43367
45;Toledo;45168 Toledo;Mujeres;2014;43462
45;Toledo;45168 Toledo;Mujeres;2013;43580
45;Toledo;45168 Toledo;Mujeres;2012;43698
45;Toledo;45168 Toledo;Mujeres;2011;43212
45;Toledo;45168 Toledo;Mujeres;2010;42931
45;Toledo;45168 Toledo;Mujeres;2009;42794
45;Toledo;45168 Toledo;Mujeres;2008;41787
45;Toledo;45168 Toledo;Mujeres;2007;40723
45;Toledo;45168 Toledo;Mujeres;2006;40276
45;Toledo;45168 Toledo;Mujeres;2005;39274
45;Toledo;45168 Toledo;Mujeres;2004;38294
45;Toledo;45168 Toledo;Mujeres;2003;37811
45;Toledo;45168 Toledo;Mujeres;2002;36923
45;Toledo;45168 Toledo;Mujeres;2001;36160
45;Toledo;45168 Toledo;Mujeres;2000;35667
45;Toledo;45168 Toledo;Mujeres;1999;35082
45;Toledo;45168 Toledo;Mujeres;1998;34756
45;Toledo;45168 Toledo;Mujeres;1997;
45;Toledo;45168 Toledo;Mujeres;1996;34272
45;Toledo;45169 Torralba de Oropesa;Total;2023;192
45;Toledo;45169 Torralba de Oropesa;Total;2022;193
45;Toledo;45169 Torralba de Oropesa;Total;2021;188
45;Toledo;45169 Torralba de Oropesa;Total;2020;197
45;Toledo;45169 Torralba de Oropesa;Total;2019;211
45;Toledo;45169 Torralba de Oropesa;Total;2018;213
45;Toledo;45169 Torralba de Oropesa;Total;2017;210
45;Toledo;45169 Torralba de Oropesa;Total;2016;215
45;Toledo;45169 Torralba de Oropesa;Total;2015;227
45;Toledo;45169 Torralba de Oropesa;Total;2014;254
45;Toledo;45169 Torralba de Oropesa;Total;2013;251
45;Toledo;45169 Torralba de Oropesa;Total;2012;271
45;Toledo;45169 Torralba de Oropesa;Total;2011;275
45;Toledo;45169 Torralba de Oropesa;Total;2010;272
45;Toledo;45169 Torralba de Oropesa;Total;2009;276
45;Toledo;45169 Torralba de Oropesa;Total;2008;274
45;Toledo;45169 Torralba de Oropesa;Total;2007;269
45;Toledo;45169 Torralba de Oropesa;Total;2006;298
45;Toledo;45169 Torralba de Oropesa;Total;2005;276
45;Toledo;45169 Torralba de Oropesa;Total;2004;262
45;Toledo;45169 Torralba de Oropesa;Total;2003;255
45;Toledo;45169 Torralba de Oropesa;Total;2002;260
45;Toledo;45169 Torralba de Oropesa;Total;2001;264
45;Toledo;45169 Torralba de Oropesa;Total;2000;280
45;Toledo;45169 Torralba de Oropesa;Total;1999;275
45;Toledo;45169 Torralba de Oropesa;Total;1998;282
45;Toledo;45169 Torralba de Oropesa;Total;1997;
45;Toledo;45169 Torralba de Oropesa;Total;1996;294
45;Toledo;45169 Torralba de Oropesa;Hombres;2023;105
45;Toledo;45169 Torralba de Oropesa;Hombres;2022;103
45;Toledo;45169 Torralba de Oropesa;Hombres;2021;101
45;Toledo;45169 Torralba de Oropesa;Hombres;2020;108
45;Toledo;45169 Torralba de Oropesa;Hombres;2019;108
45;Toledo;45169 Torralba de Oropesa;Hombres;2018;110
45;Toledo;45169 Torralba de Oropesa;Hombres;2017;110
45;Toledo;45169 Torralba de Oropesa;Hombres;2016;113
45;Toledo;45169 Torralba de Oropesa;Hombres;2015;119
45;Toledo;45169 Torralba de Oropesa;Hombres;2014;132
45;Toledo;45169 Torralba de Oropesa;Hombres;2013;133
45;Toledo;45169 Torralba de Oropesa;Hombres;2012;144
45;Toledo;45169 Torralba de Oropesa;Hombres;2011;141
45;Toledo;45169 Torralba de Oropesa;Hombres;2010;140
45;Toledo;45169 Torralba de Oropesa;Hombres;2009;138
45;Toledo;45169 Torralba de Oropesa;Hombres;2008;134
45;Toledo;45169 Torralba de Oropesa;Hombres;2007;130
45;Toledo;45169 Torralba de Oropesa;Hombres;2006;146
45;Toledo;45169 Torralba de Oropesa;Hombres;2005;135
45;Toledo;45169 Torralba de Oropesa;Hombres;2004;126
45;Toledo;45169 Torralba de Oropesa;Hombres;2003;121
45;Toledo;45169 Torralba de Oropesa;Hombres;2002;123
45;Toledo;45169 Torralba de Oropesa;Hombres;2001;125
45;Toledo;45169 Torralba de Oropesa;Hombres;2000;132
45;Toledo;45169 Torralba de Oropesa;Hombres;1999;128
45;Toledo;45169 Torralba de Oropesa;Hombres;1998;135
45;Toledo;45169 Torralba de Oropesa;Hombres;1997;
45;Toledo;45169 Torralba de Oropesa;Hombres;1996;142
45;Toledo;45169 Torralba de Oropesa;Mujeres;2023;87
45;Toledo;45169 Torralba de Oropesa;Mujeres;2022;90
45;Toledo;45169 Torralba de Oropesa;Mujeres;2021;87
45;Toledo;45169 Torralba de Oropesa;Mujeres;2020;89
45;Toledo;45169 Torralba de Oropesa;Mujeres;2019;103
45;Toledo;45169 Torralba de Oropesa;Mujeres;2018;103
45;Toledo;45169 Torralba de Oropesa;Mujeres;2017;100
45;Toledo;45169 Torralba de Oropesa;Mujeres;2016;102
45;Toledo;45169 Torralba de Oropesa;Mujeres;2015;108
45;Toledo;45169 Torralba de Oropesa;Mujeres;2014;122
45;Toledo;45169 Torralba de Oropesa;Mujeres;2013;118
45;Toledo;45169 Torralba de Oropesa;Mujeres;2012;127
45;Toledo;45169 Torralba de Oropesa;Mujeres;2011;134
45;Toledo;45169 Torralba de Oropesa;Mujeres;2010;132
45;Toledo;45169 Torralba de Oropesa;Mujeres;2009;138
45;Toledo;45169 Torralba de Oropesa;Mujeres;2008;140
45;Toledo;45169 Torralba de Oropesa;Mujeres;2007;139
45;Toledo;45169 Torralba de Oropesa;Mujeres;2006;152
45;Toledo;45169 Torralba de Oropesa;Mujeres;2005;141
45;Toledo;45169 Torralba de Oropesa;Mujeres;2004;136
45;Toledo;45169 Torralba de Oropesa;Mujeres;2003;134
45;Toledo;45169 Torralba de Oropesa;Mujeres;2002;137
45;Toledo;45169 Torralba de Oropesa;Mujeres;2001;139
45;Toledo;45169 Torralba de Oropesa;Mujeres;2000;148
45;Toledo;45169 Torralba de Oropesa;Mujeres;1999;147
45;Toledo;45169 Torralba de Oropesa;Mujeres;1998;147
45;Toledo;45169 Torralba de Oropesa;Mujeres;1997;
45;Toledo;45169 Torralba de Oropesa;Mujeres;1996;152
45;Toledo;45171 Torre de Esteban Hambrán, La;Total;2023;1846
45;Toledo;45171 Torre de Esteban Hambrán, La;Total;2022;1703
45;Toledo;45171 Torre de Esteban Hambrán, La;Total;2021;1693
45;Toledo;45171 Torre de Esteban Hambrán, La;Total;2020;1670
45;Toledo;45171 Torre de Esteban Hambrán, La;Total;2019;1637
45;Toledo;45171 Torre de Esteban Hambrán, La;Total;2018;1702
45;Toledo;45171 Torre de Esteban Hambrán, La;Total;2017;1712
45;Toledo;45171 Torre de Esteban Hambrán, La;Total;2016;1729
45;Toledo;45171 Torre de Esteban Hambrán, La;Total;2015;1770
45;Toledo;45171 Torre de Esteban Hambrán, La;Total;2014;1763
45;Toledo;45171 Torre de Esteban Hambrán, La;Total;2013;1789
45;Toledo;45171 Torre de Esteban Hambrán, La;Total;2012;1820
45;Toledo;45171 Torre de Esteban Hambrán, La;Total;2011;1809
45;Toledo;45171 Torre de Esteban Hambrán, La;Total;2010;1793
45;Toledo;45171 Torre de Esteban Hambrán, La;Total;2009;1775
45;Toledo;45171 Torre de Esteban Hambrán, La;Total;2008;1758
45;Toledo;45171 Torre de Esteban Hambrán, La;Total;2007;1768
45;Toledo;45171 Torre de Esteban Hambrán, La;Total;2006;1759
45;Toledo;45171 Torre de Esteban Hambrán, La;Total;2005;1683
45;Toledo;45171 Torre de Esteban Hambrán, La;Total;2004;1627
45;Toledo;45171 Torre de Esteban Hambrán, La;Total;2003;1571
45;Toledo;45171 Torre de Esteban Hambrán, La;Total;2002;1531
45;Toledo;45171 Torre de Esteban Hambrán, La;Total;2001;1524
45;Toledo;45171 Torre de Esteban Hambrán, La;Total;2000;1489
45;Toledo;45171 Torre de Esteban Hambrán, La;Total;1999;1490
45;Toledo;45171 Torre de Esteban Hambrán, La;Total;1998;1467
45;Toledo;45171 Torre de Esteban Hambrán, La;Total;1997;
45;Toledo;45171 Torre de Esteban Hambrán, La;Total;1996;1442
45;Toledo;45171 Torre de Esteban Hambrán, La;Hombres;2023;929
45;Toledo;45171 Torre de Esteban Hambrán, La;Hombres;2022;853
45;Toledo;45171 Torre de Esteban Hambrán, La;Hombres;2021;848
45;Toledo;45171 Torre de Esteban Hambrán, La;Hombres;2020;839
45;Toledo;45171 Torre de Esteban Hambrán, La;Hombres;2019;828
45;Toledo;45171 Torre de Esteban Hambrán, La;Hombres;2018;866
45;Toledo;45171 Torre de Esteban Hambrán, La;Hombres;2017;875
45;Toledo;45171 Torre de Esteban Hambrán, La;Hombres;2016;886
45;Toledo;45171 Torre de Esteban Hambrán, La;Hombres;2015;914
45;Toledo;45171 Torre de Esteban Hambrán, La;Hombres;2014;917
45;Toledo;45171 Torre de Esteban Hambrán, La;Hombres;2013;929
45;Toledo;45171 Torre de Esteban Hambrán, La;Hombres;2012;953
45;Toledo;45171 Torre de Esteban Hambrán, La;Hombres;2011;959
45;Toledo;45171 Torre de Esteban Hambrán, La;Hombres;2010;946
45;Toledo;45171 Torre de Esteban Hambrán, La;Hombres;2009;930
45;Toledo;45171 Torre de Esteban Hambrán, La;Hombres;2008;930
45;Toledo;45171 Torre de Esteban Hambrán, La;Hombres;2007;921
45;Toledo;45171 Torre de Esteban Hambrán, La;Hombres;2006;916
45;Toledo;45171 Torre de Esteban Hambrán, La;Hombres;2005;890
45;Toledo;45171 Torre de Esteban Hambrán, La;Hombres;2004;858
45;Toledo;45171 Torre de Esteban Hambrán, La;Hombres;2003;815
45;Toledo;45171 Torre de Esteban Hambrán, La;Hombres;2002;795
45;Toledo;45171 Torre de Esteban Hambrán, La;Hombres;2001;790
45;Toledo;45171 Torre de Esteban Hambrán, La;Hombres;2000;772
45;Toledo;45171 Torre de Esteban Hambrán, La;Hombres;1999;761
45;Toledo;45171 Torre de Esteban Hambrán, La;Hombres;1998;754
45;Toledo;45171 Torre de Esteban Hambrán, La;Hombres;1997;
45;Toledo;45171 Torre de Esteban Hambrán, La;Hombres;1996;741
45;Toledo;45171 Torre de Esteban Hambrán, La;Mujeres;2023;917
45;Toledo;45171 Torre de Esteban Hambrán, La;Mujeres;2022;850
45;Toledo;45171 Torre de Esteban Hambrán, La;Mujeres;2021;845
45;Toledo;45171 Torre de Esteban Hambrán, La;Mujeres;2020;831
45;Toledo;45171 Torre de Esteban Hambrán, La;Mujeres;2019;809
45;Toledo;45171 Torre de Esteban Hambrán, La;Mujeres;2018;836
45;Toledo;45171 Torre de Esteban Hambrán, La;Mujeres;2017;837
45;Toledo;45171 Torre de Esteban Hambrán, La;Mujeres;2016;843
45;Toledo;45171 Torre de Esteban Hambrán, La;Mujeres;2015;856
45;Toledo;45171 Torre de Esteban Hambrán, La;Mujeres;2014;846
45;Toledo;45171 Torre de Esteban Hambrán, La;Mujeres;2013;860
45;Toledo;45171 Torre de Esteban Hambrán, La;Mujeres;2012;867
45;Toledo;45171 Torre de Esteban Hambrán, La;Mujeres;2011;850
45;Toledo;45171 Torre de Esteban Hambrán, La;Mujeres;2010;847
45;Toledo;45171 Torre de Esteban Hambrán, La;Mujeres;2009;845
45;Toledo;45171 Torre de Esteban Hambrán, La;Mujeres;2008;828
45;Toledo;45171 Torre de Esteban Hambrán, La;Mujeres;2007;847
45;Toledo;45171 Torre de Esteban Hambrán, La;Mujeres;2006;843
45;Toledo;45171 Torre de Esteban Hambrán, La;Mujeres;2005;793
45;Toledo;45171 Torre de Esteban Hambrán, La;Mujeres;2004;769
45;Toledo;45171 Torre de Esteban Hambrán, La;Mujeres;2003;756
45;Toledo;45171 Torre de Esteban Hambrán, La;Mujeres;2002;736
45;Toledo;45171 Torre de Esteban Hambrán, La;Mujeres;2001;734
45;Toledo;45171 Torre de Esteban Hambrán, La;Mujeres;2000;717
45;Toledo;45171 Torre de Esteban Hambrán, La;Mujeres;1999;729
45;Toledo;45171 Torre de Esteban Hambrán, La;Mujeres;1998;713
45;Toledo;45171 Torre de Esteban Hambrán, La;Mujeres;1997;
45;Toledo;45171 Torre de Esteban Hambrán, La;Mujeres;1996;701
45;Toledo;45170 Torrecilla de la Jara;Total;2023;211
45;Toledo;45170 Torrecilla de la Jara;Total;2022;208
45;Toledo;45170 Torrecilla de la Jara;Total;2021;212
45;Toledo;45170 Torrecilla de la Jara;Total;2020;207
45;Toledo;45170 Torrecilla de la Jara;Total;2019;224
45;Toledo;45170 Torrecilla de la Jara;Total;2018;225
45;Toledo;45170 Torrecilla de la Jara;Total;2017;238
45;Toledo;45170 Torrecilla de la Jara;Total;2016;251
45;Toledo;45170 Torrecilla de la Jara;Total;2015;262
45;Toledo;45170 Torrecilla de la Jara;Total;2014;260
45;Toledo;45170 Torrecilla de la Jara;Total;2013;263
45;Toledo;45170 Torrecilla de la Jara;Total;2012;293
45;Toledo;45170 Torrecilla de la Jara;Total;2011;288
45;Toledo;45170 Torrecilla de la Jara;Total;2010;302
45;Toledo;45170 Torrecilla de la Jara;Total;2009;303
45;Toledo;45170 Torrecilla de la Jara;Total;2008;317
45;Toledo;45170 Torrecilla de la Jara;Total;2007;337
45;Toledo;45170 Torrecilla de la Jara;Total;2006;303
45;Toledo;45170 Torrecilla de la Jara;Total;2005;311
45;Toledo;45170 Torrecilla de la Jara;Total;2004;334
45;Toledo;45170 Torrecilla de la Jara;Total;2003;370
45;Toledo;45170 Torrecilla de la Jara;Total;2002;299
45;Toledo;45170 Torrecilla de la Jara;Total;2001;301
45;Toledo;45170 Torrecilla de la Jara;Total;2000;292
45;Toledo;45170 Torrecilla de la Jara;Total;1999;299
45;Toledo;45170 Torrecilla de la Jara;Total;1998;286
45;Toledo;45170 Torrecilla de la Jara;Total;1997;
45;Toledo;45170 Torrecilla de la Jara;Total;1996;313
45;Toledo;45170 Torrecilla de la Jara;Hombres;2023;117
45;Toledo;45170 Torrecilla de la Jara;Hombres;2022;115
45;Toledo;45170 Torrecilla de la Jara;Hombres;2021;117
45;Toledo;45170 Torrecilla de la Jara;Hombres;2020;111
45;Toledo;45170 Torrecilla de la Jara;Hombres;2019;119
45;Toledo;45170 Torrecilla de la Jara;Hombres;2018;122
45;Toledo;45170 Torrecilla de la Jara;Hombres;2017;122
45;Toledo;45170 Torrecilla de la Jara;Hombres;2016;130
45;Toledo;45170 Torrecilla de la Jara;Hombres;2015;136
45;Toledo;45170 Torrecilla de la Jara;Hombres;2014;132
45;Toledo;45170 Torrecilla de la Jara;Hombres;2013;133
45;Toledo;45170 Torrecilla de la Jara;Hombres;2012;148
45;Toledo;45170 Torrecilla de la Jara;Hombres;2011;144
45;Toledo;45170 Torrecilla de la Jara;Hombres;2010;152
45;Toledo;45170 Torrecilla de la Jara;Hombres;2009;148
45;Toledo;45170 Torrecilla de la Jara;Hombres;2008;155
45;Toledo;45170 Torrecilla de la Jara;Hombres;2007;166
45;Toledo;45170 Torrecilla de la Jara;Hombres;2006;152
45;Toledo;45170 Torrecilla de la Jara;Hombres;2005;159
45;Toledo;45170 Torrecilla de la Jara;Hombres;2004;171
45;Toledo;45170 Torrecilla de la Jara;Hombres;2003;194
45;Toledo;45170 Torrecilla de la Jara;Hombres;2002;145
45;Toledo;45170 Torrecilla de la Jara;Hombres;2001;146
45;Toledo;45170 Torrecilla de la Jara;Hombres;2000;146
45;Toledo;45170 Torrecilla de la Jara;Hombres;1999;150
45;Toledo;45170 Torrecilla de la Jara;Hombres;1998;147
45;Toledo;45170 Torrecilla de la Jara;Hombres;1997;
45;Toledo;45170 Torrecilla de la Jara;Hombres;1996;163
45;Toledo;45170 Torrecilla de la Jara;Mujeres;2023;94
45;Toledo;45170 Torrecilla de la Jara;Mujeres;2022;93
45;Toledo;45170 Torrecilla de la Jara;Mujeres;2021;95
45;Toledo;45170 Torrecilla de la Jara;Mujeres;2020;96
45;Toledo;45170 Torrecilla de la Jara;Mujeres;2019;105
45;Toledo;45170 Torrecilla de la Jara;Mujeres;2018;103
45;Toledo;45170 Torrecilla de la Jara;Mujeres;2017;116
45;Toledo;45170 Torrecilla de la Jara;Mujeres;2016;121
45;Toledo;45170 Torrecilla de la Jara;Mujeres;2015;126
45;Toledo;45170 Torrecilla de la Jara;Mujeres;2014;128
45;Toledo;45170 Torrecilla de la Jara;Mujeres;2013;130
45;Toledo;45170 Torrecilla de la Jara;Mujeres;2012;145
45;Toledo;45170 Torrecilla de la Jara;Mujeres;2011;144
45;Toledo;45170 Torrecilla de la Jara;Mujeres;2010;150
45;Toledo;45170 Torrecilla de la Jara;Mujeres;2009;155
45;Toledo;45170 Torrecilla de la Jara;Mujeres;2008;162
45;Toledo;45170 Torrecilla de la Jara;Mujeres;2007;171
45;Toledo;45170 Torrecilla de la Jara;Mujeres;2006;151
45;Toledo;45170 Torrecilla de la Jara;Mujeres;2005;152
45;Toledo;45170 Torrecilla de la Jara;Mujeres;2004;163
45;Toledo;45170 Torrecilla de la Jara;Mujeres;2003;176
45;Toledo;45170 Torrecilla de la Jara;Mujeres;2002;154
45;Toledo;45170 Torrecilla de la Jara;Mujeres;2001;155
45;Toledo;45170 Torrecilla de la Jara;Mujeres;2000;146
45;Toledo;45170 Torrecilla de la Jara;Mujeres;1999;149
45;Toledo;45170 Torrecilla de la Jara;Mujeres;1998;139
45;Toledo;45170 Torrecilla de la Jara;Mujeres;1997;
45;Toledo;45170 Torrecilla de la Jara;Mujeres;1996;150
45;Toledo;45172 Torrico;Total;2023;701
45;Toledo;45172 Torrico;Total;2022;691
45;Toledo;45172 Torrico;Total;2021;696
45;Toledo;45172 Torrico;Total;2020;698
45;Toledo;45172 Torrico;Total;2019;709
45;Toledo;45172 Torrico;Total;2018;731
45;Toledo;45172 Torrico;Total;2017;748
45;Toledo;45172 Torrico;Total;2016;781
45;Toledo;45172 Torrico;Total;2015;827
45;Toledo;45172 Torrico;Total;2014;811
45;Toledo;45172 Torrico;Total;2013;824
45;Toledo;45172 Torrico;Total;2012;861
45;Toledo;45172 Torrico;Total;2011;892
45;Toledo;45172 Torrico;Total;2010;850
45;Toledo;45172 Torrico;Total;2009;846
45;Toledo;45172 Torrico;Total;2008;855
45;Toledo;45172 Torrico;Total;2007;860
45;Toledo;45172 Torrico;Total;2006;831
45;Toledo;45172 Torrico;Total;2005;851
45;Toledo;45172 Torrico;Total;2004;854
45;Toledo;45172 Torrico;Total;2003;867
45;Toledo;45172 Torrico;Total;2002;883
45;Toledo;45172 Torrico;Total;2001;881
45;Toledo;45172 Torrico;Total;2000;894
45;Toledo;45172 Torrico;Total;1999;899
45;Toledo;45172 Torrico;Total;1998;914
45;Toledo;45172 Torrico;Total;1997;
45;Toledo;45172 Torrico;Total;1996;939
45;Toledo;45172 Torrico;Hombres;2023;356
45;Toledo;45172 Torrico;Hombres;2022;353
45;Toledo;45172 Torrico;Hombres;2021;352
45;Toledo;45172 Torrico;Hombres;2020;353
45;Toledo;45172 Torrico;Hombres;2019;364
45;Toledo;45172 Torrico;Hombres;2018;373
45;Toledo;45172 Torrico;Hombres;2017;382
45;Toledo;45172 Torrico;Hombres;2016;401
45;Toledo;45172 Torrico;Hombres;2015;420
45;Toledo;45172 Torrico;Hombres;2014;415
45;Toledo;45172 Torrico;Hombres;2013;430
45;Toledo;45172 Torrico;Hombres;2012;446
45;Toledo;45172 Torrico;Hombres;2011;465
45;Toledo;45172 Torrico;Hombres;2010;447
45;Toledo;45172 Torrico;Hombres;2009;448
45;Toledo;45172 Torrico;Hombres;2008;453
45;Toledo;45172 Torrico;Hombres;2007;458
45;Toledo;45172 Torrico;Hombres;2006;439
45;Toledo;45172 Torrico;Hombres;2005;451
45;Toledo;45172 Torrico;Hombres;2004;450
45;Toledo;45172 Torrico;Hombres;2003;455
45;Toledo;45172 Torrico;Hombres;2002;463
45;Toledo;45172 Torrico;Hombres;2001;461
45;Toledo;45172 Torrico;Hombres;2000;464
45;Toledo;45172 Torrico;Hombres;1999;468
45;Toledo;45172 Torrico;Hombres;1998;465
45;Toledo;45172 Torrico;Hombres;1997;
45;Toledo;45172 Torrico;Hombres;1996;476
45;Toledo;45172 Torrico;Mujeres;2023;345
45;Toledo;45172 Torrico;Mujeres;2022;338
45;Toledo;45172 Torrico;Mujeres;2021;344
45;Toledo;45172 Torrico;Mujeres;2020;345
45;Toledo;45172 Torrico;Mujeres;2019;345
45;Toledo;45172 Torrico;Mujeres;2018;358
45;Toledo;45172 Torrico;Mujeres;2017;366
45;Toledo;45172 Torrico;Mujeres;2016;380
45;Toledo;45172 Torrico;Mujeres;2015;407
45;Toledo;45172 Torrico;Mujeres;2014;396
45;Toledo;45172 Torrico;Mujeres;2013;394
45;Toledo;45172 Torrico;Mujeres;2012;415
45;Toledo;45172 Torrico;Mujeres;2011;427
45;Toledo;45172 Torrico;Mujeres;2010;403
45;Toledo;45172 Torrico;Mujeres;2009;398
45;Toledo;45172 Torrico;Mujeres;2008;402
45;Toledo;45172 Torrico;Mujeres;2007;402
45;Toledo;45172 Torrico;Mujeres;2006;392
45;Toledo;45172 Torrico;Mujeres;2005;400
45;Toledo;45172 Torrico;Mujeres;2004;404
45;Toledo;45172 Torrico;Mujeres;2003;412
45;Toledo;45172 Torrico;Mujeres;2002;420
45;Toledo;45172 Torrico;Mujeres;2001;420
45;Toledo;45172 Torrico;Mujeres;2000;430
45;Toledo;45172 Torrico;Mujeres;1999;431
45;Toledo;45172 Torrico;Mujeres;1998;449
45;Toledo;45172 Torrico;Mujeres;1997;
45;Toledo;45172 Torrico;Mujeres;1996;463
45;Toledo;45173 Torrijos;Total;2023;13885
45;Toledo;45173 Torrijos;Total;2022;13678
45;Toledo;45173 Torrijos;Total;2021;13583
45;Toledo;45173 Torrijos;Total;2020;13684
45;Toledo;45173 Torrijos;Total;2019;13466
45;Toledo;45173 Torrijos;Total;2018;13278
45;Toledo;45173 Torrijos;Total;2017;13295
45;Toledo;45173 Torrijos;Total;2016;13257
45;Toledo;45173 Torrijos;Total;2015;13273
45;Toledo;45173 Torrijos;Total;2014;13241
45;Toledo;45173 Torrijos;Total;2013;13359
45;Toledo;45173 Torrijos;Total;2012;13448
45;Toledo;45173 Torrijos;Total;2011;13454
45;Toledo;45173 Torrijos;Total;2010;13374
45;Toledo;45173 Torrijos;Total;2009;13117
45;Toledo;45173 Torrijos;Total;2008;12674
45;Toledo;45173 Torrijos;Total;2007;12000
45;Toledo;45173 Torrijos;Total;2006;11607
45;Toledo;45173 Torrijos;Total;2005;11285
45;Toledo;45173 Torrijos;Total;2004;10756
45;Toledo;45173 Torrijos;Total;2003;10530
45;Toledo;45173 Torrijos;Total;2002;10219
45;Toledo;45173 Torrijos;Total;2001;10173
45;Toledo;45173 Torrijos;Total;2000;10041
45;Toledo;45173 Torrijos;Total;1999;9969
45;Toledo;45173 Torrijos;Total;1998;9975
45;Toledo;45173 Torrijos;Total;1997;
45;Toledo;45173 Torrijos;Total;1996;9822
45;Toledo;45173 Torrijos;Hombres;2023;6817
45;Toledo;45173 Torrijos;Hombres;2022;6692
45;Toledo;45173 Torrijos;Hombres;2021;6637
45;Toledo;45173 Torrijos;Hombres;2020;6711
45;Toledo;45173 Torrijos;Hombres;2019;6588
45;Toledo;45173 Torrijos;Hombres;2018;6544
45;Toledo;45173 Torrijos;Hombres;2017;6578
45;Toledo;45173 Torrijos;Hombres;2016;6522
45;Toledo;45173 Torrijos;Hombres;2015;6554
45;Toledo;45173 Torrijos;Hombres;2014;6554
45;Toledo;45173 Torrijos;Hombres;2013;6619
45;Toledo;45173 Torrijos;Hombres;2012;6661
45;Toledo;45173 Torrijos;Hombres;2011;6704
45;Toledo;45173 Torrijos;Hombres;2010;6697
45;Toledo;45173 Torrijos;Hombres;2009;6599
45;Toledo;45173 Torrijos;Hombres;2008;6377
45;Toledo;45173 Torrijos;Hombres;2007;5975
45;Toledo;45173 Torrijos;Hombres;2006;5752
45;Toledo;45173 Torrijos;Hombres;2005;5572
45;Toledo;45173 Torrijos;Hombres;2004;5297
45;Toledo;45173 Torrijos;Hombres;2003;5188
45;Toledo;45173 Torrijos;Hombres;2002;5008
45;Toledo;45173 Torrijos;Hombres;2001;4992
45;Toledo;45173 Torrijos;Hombres;2000;4926
45;Toledo;45173 Torrijos;Hombres;1999;4897
45;Toledo;45173 Torrijos;Hombres;1998;4898
45;Toledo;45173 Torrijos;Hombres;1997;
45;Toledo;45173 Torrijos;Hombres;1996;4820
45;Toledo;45173 Torrijos;Mujeres;2023;7068
45;Toledo;45173 Torrijos;Mujeres;2022;6986
45;Toledo;45173 Torrijos;Mujeres;2021;6946
45;Toledo;45173 Torrijos;Mujeres;2020;6973
45;Toledo;45173 Torrijos;Mujeres;2019;6878
45;Toledo;45173 Torrijos;Mujeres;2018;6734
45;Toledo;45173 Torrijos;Mujeres;2017;6717
45;Toledo;45173 Torrijos;Mujeres;2016;6735
45;Toledo;45173 Torrijos;Mujeres;2015;6719
45;Toledo;45173 Torrijos;Mujeres;2014;6687
45;Toledo;45173 Torrijos;Mujeres;2013;6740
45;Toledo;45173 Torrijos;Mujeres;2012;6787
45;Toledo;45173 Torrijos;Mujeres;2011;6750
45;Toledo;45173 Torrijos;Mujeres;2010;6677
45;Toledo;45173 Torrijos;Mujeres;2009;6518
45;Toledo;45173 Torrijos;Mujeres;2008;6297
45;Toledo;45173 Torrijos;Mujeres;2007;6025
45;Toledo;45173 Torrijos;Mujeres;2006;5855
45;Toledo;45173 Torrijos;Mujeres;2005;5713
45;Toledo;45173 Torrijos;Mujeres;2004;5459
45;Toledo;45173 Torrijos;Mujeres;2003;5342
45;Toledo;45173 Torrijos;Mujeres;2002;5211
45;Toledo;45173 Torrijos;Mujeres;2001;5181
45;Toledo;45173 Torrijos;Mujeres;2000;5115
45;Toledo;45173 Torrijos;Mujeres;1999;5072
45;Toledo;45173 Torrijos;Mujeres;1998;5077
45;Toledo;45173 Torrijos;Mujeres;1997;
45;Toledo;45173 Torrijos;Mujeres;1996;5002
45;Toledo;45174 Totanés;Total;2023;350
45;Toledo;45174 Totanés;Total;2022;358
45;Toledo;45174 Totanés;Total;2021;346
45;Toledo;45174 Totanés;Total;2020;355
45;Toledo;45174 Totanés;Total;2019;348
45;Toledo;45174 Totanés;Total;2018;346
45;Toledo;45174 Totanés;Total;2017;355
45;Toledo;45174 Totanés;Total;2016;362
45;Toledo;45174 Totanés;Total;2015;386
45;Toledo;45174 Totanés;Total;2014;396
45;Toledo;45174 Totanés;Total;2013;414
45;Toledo;45174 Totanés;Total;2012;422
45;Toledo;45174 Totanés;Total;2011;425
45;Toledo;45174 Totanés;Total;2010;421
45;Toledo;45174 Totanés;Total;2009;429
45;Toledo;45174 Totanés;Total;2008;438
45;Toledo;45174 Totanés;Total;2007;420
45;Toledo;45174 Totanés;Total;2006;417
45;Toledo;45174 Totanés;Total;2005;409
45;Toledo;45174 Totanés;Total;2004;386
45;Toledo;45174 Totanés;Total;2003;369
45;Toledo;45174 Totanés;Total;2002;374
45;Toledo;45174 Totanés;Total;2001;375
45;Toledo;45174 Totanés;Total;2000;363
45;Toledo;45174 Totanés;Total;1999;369
45;Toledo;45174 Totanés;Total;1998;359
45;Toledo;45174 Totanés;Total;1997;
45;Toledo;45174 Totanés;Total;1996;349
45;Toledo;45174 Totanés;Hombres;2023;178
45;Toledo;45174 Totanés;Hombres;2022;182
45;Toledo;45174 Totanés;Hombres;2021;176
45;Toledo;45174 Totanés;Hombres;2020;178
45;Toledo;45174 Totanés;Hombres;2019;172
45;Toledo;45174 Totanés;Hombres;2018;174
45;Toledo;45174 Totanés;Hombres;2017;179
45;Toledo;45174 Totanés;Hombres;2016;185
45;Toledo;45174 Totanés;Hombres;2015;199
45;Toledo;45174 Totanés;Hombres;2014;207
45;Toledo;45174 Totanés;Hombres;2013;220
45;Toledo;45174 Totanés;Hombres;2012;219
45;Toledo;45174 Totanés;Hombres;2011;217
45;Toledo;45174 Totanés;Hombres;2010;215
45;Toledo;45174 Totanés;Hombres;2009;221
45;Toledo;45174 Totanés;Hombres;2008;221
45;Toledo;45174 Totanés;Hombres;2007;210
45;Toledo;45174 Totanés;Hombres;2006;210
45;Toledo;45174 Totanés;Hombres;2005;208
45;Toledo;45174 Totanés;Hombres;2004;196
45;Toledo;45174 Totanés;Hombres;2003;186
45;Toledo;45174 Totanés;Hombres;2002;186
45;Toledo;45174 Totanés;Hombres;2001;186
45;Toledo;45174 Totanés;Hombres;2000;185
45;Toledo;45174 Totanés;Hombres;1999;192
45;Toledo;45174 Totanés;Hombres;1998;186
45;Toledo;45174 Totanés;Hombres;1997;
45;Toledo;45174 Totanés;Hombres;1996;182
45;Toledo;45174 Totanés;Mujeres;2023;172
45;Toledo;45174 Totanés;Mujeres;2022;176
45;Toledo;45174 Totanés;Mujeres;2021;170
45;Toledo;45174 Totanés;Mujeres;2020;177
45;Toledo;45174 Totanés;Mujeres;2019;176
45;Toledo;45174 Totanés;Mujeres;2018;172
45;Toledo;45174 Totanés;Mujeres;2017;176
45;Toledo;45174 Totanés;Mujeres;2016;177
45;Toledo;45174 Totanés;Mujeres;2015;187
45;Toledo;45174 Totanés;Mujeres;2014;189
45;Toledo;45174 Totanés;Mujeres;2013;194
45;Toledo;45174 Totanés;Mujeres;2012;203
45;Toledo;45174 Totanés;Mujeres;2011;208
45;Toledo;45174 Totanés;Mujeres;2010;206
45;Toledo;45174 Totanés;Mujeres;2009;208
45;Toledo;45174 Totanés;Mujeres;2008;217
45;Toledo;45174 Totanés;Mujeres;2007;210
45;Toledo;45174 Totanés;Mujeres;2006;207
45;Toledo;45174 Totanés;Mujeres;2005;201
45;Toledo;45174 Totanés;Mujeres;2004;190
45;Toledo;45174 Totanés;Mujeres;2003;183
45;Toledo;45174 Totanés;Mujeres;2002;188
45;Toledo;45174 Totanés;Mujeres;2001;189
45;Toledo;45174 Totanés;Mujeres;2000;178
45;Toledo;45174 Totanés;Mujeres;1999;177
45;Toledo;45174 Totanés;Mujeres;1998;173
45;Toledo;45174 Totanés;Mujeres;1997;
45;Toledo;45174 Totanés;Mujeres;1996;167
45;Toledo;45175 Turleque;Total;2023;702
45;Toledo;45175 Turleque;Total;2022;721
45;Toledo;45175 Turleque;Total;2021;736
45;Toledo;45175 Turleque;Total;2020;736
45;Toledo;45175 Turleque;Total;2019;749
45;Toledo;45175 Turleque;Total;2018;768
45;Toledo;45175 Turleque;Total;2017;804
45;Toledo;45175 Turleque;Total;2016;813
45;Toledo;45175 Turleque;Total;2015;818
45;Toledo;45175 Turleque;Total;2014;850
45;Toledo;45175 Turleque;Total;2013;862
45;Toledo;45175 Turleque;Total;2012;875
45;Toledo;45175 Turleque;Total;2011;902
45;Toledo;45175 Turleque;Total;2010;929
45;Toledo;45175 Turleque;Total;2009;942
45;Toledo;45175 Turleque;Total;2008;958
45;Toledo;45175 Turleque;Total;2007;930
45;Toledo;45175 Turleque;Total;2006;944
45;Toledo;45175 Turleque;Total;2005;949
45;Toledo;45175 Turleque;Total;2004;919
45;Toledo;45175 Turleque;Total;2003;913
45;Toledo;45175 Turleque;Total;2002;925
45;Toledo;45175 Turleque;Total;2001;948
45;Toledo;45175 Turleque;Total;2000;971
45;Toledo;45175 Turleque;Total;1999;991
45;Toledo;45175 Turleque;Total;1998;1000
45;Toledo;45175 Turleque;Total;1997;
45;Toledo;45175 Turleque;Total;1996;1027
45;Toledo;45175 Turleque;Hombres;2023;352
45;Toledo;45175 Turleque;Hombres;2022;368
45;Toledo;45175 Turleque;Hombres;2021;369
45;Toledo;45175 Turleque;Hombres;2020;368
45;Toledo;45175 Turleque;Hombres;2019;377
45;Toledo;45175 Turleque;Hombres;2018;394
45;Toledo;45175 Turleque;Hombres;2017;411
45;Toledo;45175 Turleque;Hombres;2016;419
45;Toledo;45175 Turleque;Hombres;2015;417
45;Toledo;45175 Turleque;Hombres;2014;430
45;Toledo;45175 Turleque;Hombres;2013;434
45;Toledo;45175 Turleque;Hombres;2012;443
45;Toledo;45175 Turleque;Hombres;2011;446
45;Toledo;45175 Turleque;Hombres;2010;461
45;Toledo;45175 Turleque;Hombres;2009;470
45;Toledo;45175 Turleque;Hombres;2008;479
45;Toledo;45175 Turleque;Hombres;2007;456
45;Toledo;45175 Turleque;Hombres;2006;463
45;Toledo;45175 Turleque;Hombres;2005;462
45;Toledo;45175 Turleque;Hombres;2004;446
45;Toledo;45175 Turleque;Hombres;2003;446
45;Toledo;45175 Turleque;Hombres;2002;457
45;Toledo;45175 Turleque;Hombres;2001;467
45;Toledo;45175 Turleque;Hombres;2000;480
45;Toledo;45175 Turleque;Hombres;1999;493
45;Toledo;45175 Turleque;Hombres;1998;501
45;Toledo;45175 Turleque;Hombres;1997;
45;Toledo;45175 Turleque;Hombres;1996;514
45;Toledo;45175 Turleque;Mujeres;2023;350
45;Toledo;45175 Turleque;Mujeres;2022;353
45;Toledo;45175 Turleque;Mujeres;2021;367
45;Toledo;45175 Turleque;Mujeres;2020;368
45;Toledo;45175 Turleque;Mujeres;2019;372
45;Toledo;45175 Turleque;Mujeres;2018;374
45;Toledo;45175 Turleque;Mujeres;2017;393
45;Toledo;45175 Turleque;Mujeres;2016;394
45;Toledo;45175 Turleque;Mujeres;2015;401
45;Toledo;45175 Turleque;Mujeres;2014;420
45;Toledo;45175 Turleque;Mujeres;2013;428
45;Toledo;45175 Turleque;Mujeres;2012;432
45;Toledo;45175 Turleque;Mujeres;2011;456
45;Toledo;45175 Turleque;Mujeres;2010;468
45;Toledo;45175 Turleque;Mujeres;2009;472
45;Toledo;45175 Turleque;Mujeres;2008;479
45;Toledo;45175 Turleque;Mujeres;2007;474
45;Toledo;45175 Turleque;Mujeres;2006;481
45;Toledo;45175 Turleque;Mujeres;2005;487
45;Toledo;45175 Turleque;Mujeres;2004;473
45;Toledo;45175 Turleque;Mujeres;2003;467
45;Toledo;45175 Turleque;Mujeres;2002;468
45;Toledo;45175 Turleque;Mujeres;2001;481
45;Toledo;45175 Turleque;Mujeres;2000;491
45;Toledo;45175 Turleque;Mujeres;1999;498
45;Toledo;45175 Turleque;Mujeres;1998;499
45;Toledo;45175 Turleque;Mujeres;1997;
45;Toledo;45175 Turleque;Mujeres;1996;513
45;Toledo;45176 Ugena;Total;2023;5723
45;Toledo;45176 Ugena;Total;2022;5615
45;Toledo;45176 Ugena;Total;2021;5626
45;Toledo;45176 Ugena;Total;2020;5467
45;Toledo;45176 Ugena;Total;2019;5411
45;Toledo;45176 Ugena;Total;2018;5336
45;Toledo;45176 Ugena;Total;2017;5297
45;Toledo;45176 Ugena;Total;2016;5294
45;Toledo;45176 Ugena;Total;2015;5282
45;Toledo;45176 Ugena;Total;2014;5357
45;Toledo;45176 Ugena;Total;2013;5260
45;Toledo;45176 Ugena;Total;2012;5260
45;Toledo;45176 Ugena;Total;2011;5193
45;Toledo;45176 Ugena;Total;2010;5120
45;Toledo;45176 Ugena;Total;2009;5170
45;Toledo;45176 Ugena;Total;2008;4967
45;Toledo;45176 Ugena;Total;2007;4473
45;Toledo;45176 Ugena;Total;2006;3942
45;Toledo;45176 Ugena;Total;2005;3267
45;Toledo;45176 Ugena;Total;2004;2630
45;Toledo;45176 Ugena;Total;2003;2288
45;Toledo;45176 Ugena;Total;2002;2003
45;Toledo;45176 Ugena;Total;2001;1563
45;Toledo;45176 Ugena;Total;2000;1585
45;Toledo;45176 Ugena;Total;1999;1305
45;Toledo;45176 Ugena;Total;1998;1204
45;Toledo;45176 Ugena;Total;1997;
45;Toledo;45176 Ugena;Total;1996;981
45;Toledo;45176 Ugena;Hombres;2023;2951
45;Toledo;45176 Ugena;Hombres;2022;2888
45;Toledo;45176 Ugena;Hombres;2021;2889
45;Toledo;45176 Ugena;Hombres;2020;2830
45;Toledo;45176 Ugena;Hombres;2019;2793
45;Toledo;45176 Ugena;Hombres;2018;2755
45;Toledo;45176 Ugena;Hombres;2017;2747
45;Toledo;45176 Ugena;Hombres;2016;2724
45;Toledo;45176 Ugena;Hombres;2015;2727
45;Toledo;45176 Ugena;Hombres;2014;2768
45;Toledo;45176 Ugena;Hombres;2013;2729
45;Toledo;45176 Ugena;Hombres;2012;2742
45;Toledo;45176 Ugena;Hombres;2011;2733
45;Toledo;45176 Ugena;Hombres;2010;2700
45;Toledo;45176 Ugena;Hombres;2009;2691
45;Toledo;45176 Ugena;Hombres;2008;2605
45;Toledo;45176 Ugena;Hombres;2007;2363
45;Toledo;45176 Ugena;Hombres;2006;2067
45;Toledo;45176 Ugena;Hombres;2005;1722
45;Toledo;45176 Ugena;Hombres;2004;1396
45;Toledo;45176 Ugena;Hombres;2003;1218
45;Toledo;45176 Ugena;Hombres;2002;1072
45;Toledo;45176 Ugena;Hombres;2001;835
45;Toledo;45176 Ugena;Hombres;2000;835
45;Toledo;45176 Ugena;Hombres;1999;685
45;Toledo;45176 Ugena;Hombres;1998;642
45;Toledo;45176 Ugena;Hombres;1997;
45;Toledo;45176 Ugena;Hombres;1996;524
45;Toledo;45176 Ugena;Mujeres;2023;2772
45;Toledo;45176 Ugena;Mujeres;2022;2727
45;Toledo;45176 Ugena;Mujeres;2021;2737
45;Toledo;45176 Ugena;Mujeres;2020;2637
45;Toledo;45176 Ugena;Mujeres;2019;2618
45;Toledo;45176 Ugena;Mujeres;2018;2581
45;Toledo;45176 Ugena;Mujeres;2017;2550
45;Toledo;45176 Ugena;Mujeres;2016;2570
45;Toledo;45176 Ugena;Mujeres;2015;2555
45;Toledo;45176 Ugena;Mujeres;2014;2589
45;Toledo;45176 Ugena;Mujeres;2013;2531
45;Toledo;45176 Ugena;Mujeres;2012;2518
45;Toledo;45176 Ugena;Mujeres;2011;2460
45;Toledo;45176 Ugena;Mujeres;2010;2420
45;Toledo;45176 Ugena;Mujeres;2009;2479
45;Toledo;45176 Ugena;Mujeres;2008;2362
45;Toledo;45176 Ugena;Mujeres;2007;2110
45;Toledo;45176 Ugena;Mujeres;2006;1875
45;Toledo;45176 Ugena;Mujeres;2005;1545
45;Toledo;45176 Ugena;Mujeres;2004;1234
45;Toledo;45176 Ugena;Mujeres;2003;1070
45;Toledo;45176 Ugena;Mujeres;2002;931
45;Toledo;45176 Ugena;Mujeres;2001;728
45;Toledo;45176 Ugena;Mujeres;2000;750
45;Toledo;45176 Ugena;Mujeres;1999;620
45;Toledo;45176 Ugena;Mujeres;1998;562
45;Toledo;45176 Ugena;Mujeres;1997;
45;Toledo;45176 Ugena;Mujeres;1996;457
45;Toledo;45177 Urda;Total;2023;2491
45;Toledo;45177 Urda;Total;2022;2417
45;Toledo;45177 Urda;Total;2021;2420
45;Toledo;45177 Urda;Total;2020;2477
45;Toledo;45177 Urda;Total;2019;2529
45;Toledo;45177 Urda;Total;2018;2558
45;Toledo;45177 Urda;Total;2017;2636
45;Toledo;45177 Urda;Total;2016;2705
45;Toledo;45177 Urda;Total;2015;2830
45;Toledo;45177 Urda;Total;2014;2920
45;Toledo;45177 Urda;Total;2013;3004
45;Toledo;45177 Urda;Total;2012;3056
45;Toledo;45177 Urda;Total;2011;3074
45;Toledo;45177 Urda;Total;2010;3073
45;Toledo;45177 Urda;Total;2009;3136
45;Toledo;45177 Urda;Total;2008;3166
45;Toledo;45177 Urda;Total;2007;3148
45;Toledo;45177 Urda;Total;2006;3164
45;Toledo;45177 Urda;Total;2005;3129
45;Toledo;45177 Urda;Total;2004;3107
45;Toledo;45177 Urda;Total;2003;3092
45;Toledo;45177 Urda;Total;2002;3081
45;Toledo;45177 Urda;Total;2001;3035
45;Toledo;45177 Urda;Total;2000;2965
45;Toledo;45177 Urda;Total;1999;2996
45;Toledo;45177 Urda;Total;1998;2996
45;Toledo;45177 Urda;Total;1997;
45;Toledo;45177 Urda;Total;1996;3046
45;Toledo;45177 Urda;Hombres;2023;1255
45;Toledo;45177 Urda;Hombres;2022;1206
45;Toledo;45177 Urda;Hombres;2021;1207
45;Toledo;45177 Urda;Hombres;2020;1239
45;Toledo;45177 Urda;Hombres;2019;1262
45;Toledo;45177 Urda;Hombres;2018;1274
45;Toledo;45177 Urda;Hombres;2017;1307
45;Toledo;45177 Urda;Hombres;2016;1337
45;Toledo;45177 Urda;Hombres;2015;1413
45;Toledo;45177 Urda;Hombres;2014;1464
45;Toledo;45177 Urda;Hombres;2013;1500
45;Toledo;45177 Urda;Hombres;2012;1531
45;Toledo;45177 Urda;Hombres;2011;1536
45;Toledo;45177 Urda;Hombres;2010;1532
45;Toledo;45177 Urda;Hombres;2009;1564
45;Toledo;45177 Urda;Hombres;2008;1588
45;Toledo;45177 Urda;Hombres;2007;1587
45;Toledo;45177 Urda;Hombres;2006;1595
45;Toledo;45177 Urda;Hombres;2005;1573
45;Toledo;45177 Urda;Hombres;2004;1573
45;Toledo;45177 Urda;Hombres;2003;1561
45;Toledo;45177 Urda;Hombres;2002;1547
45;Toledo;45177 Urda;Hombres;2001;1529
45;Toledo;45177 Urda;Hombres;2000;1488
45;Toledo;45177 Urda;Hombres;1999;1493
45;Toledo;45177 Urda;Hombres;1998;1493
45;Toledo;45177 Urda;Hombres;1997;
45;Toledo;45177 Urda;Hombres;1996;1519
45;Toledo;45177 Urda;Mujeres;2023;1236
45;Toledo;45177 Urda;Mujeres;2022;1211
45;Toledo;45177 Urda;Mujeres;2021;1213
45;Toledo;45177 Urda;Mujeres;2020;1238
45;Toledo;45177 Urda;Mujeres;2019;1267
45;Toledo;45177 Urda;Mujeres;2018;1284
45;Toledo;45177 Urda;Mujeres;2017;1329
45;Toledo;45177 Urda;Mujeres;2016;1368
45;Toledo;45177 Urda;Mujeres;2015;1417
45;Toledo;45177 Urda;Mujeres;2014;1456
45;Toledo;45177 Urda;Mujeres;2013;1504
45;Toledo;45177 Urda;Mujeres;2012;1525
45;Toledo;45177 Urda;Mujeres;2011;1538
45;Toledo;45177 Urda;Mujeres;2010;1541
45;Toledo;45177 Urda;Mujeres;2009;1572
45;Toledo;45177 Urda;Mujeres;2008;1578
45;Toledo;45177 Urda;Mujeres;2007;1561
45;Toledo;45177 Urda;Mujeres;2006;1569
45;Toledo;45177 Urda;Mujeres;2005;1556
45;Toledo;45177 Urda;Mujeres;2004;1534
45;Toledo;45177 Urda;Mujeres;2003;1531
45;Toledo;45177 Urda;Mujeres;2002;1534
45;Toledo;45177 Urda;Mujeres;2001;1506
45;Toledo;45177 Urda;Mujeres;2000;1477
45;Toledo;45177 Urda;Mujeres;1999;1503
45;Toledo;45177 Urda;Mujeres;1998;1503
45;Toledo;45177 Urda;Mujeres;1997;
45;Toledo;45177 Urda;Mujeres;1996;1527
45;Toledo;45179 Valdeverdeja;Total;2023;559
45;Toledo;45179 Valdeverdeja;Total;2022;550
45;Toledo;45179 Valdeverdeja;Total;2021;547
45;Toledo;45179 Valdeverdeja;Total;2020;549
45;Toledo;45179 Valdeverdeja;Total;2019;564
45;Toledo;45179 Valdeverdeja;Total;2018;586
45;Toledo;45179 Valdeverdeja;Total;2017;598
45;Toledo;45179 Valdeverdeja;Total;2016;613
45;Toledo;45179 Valdeverdeja;Total;2015;647
45;Toledo;45179 Valdeverdeja;Total;2014;673
45;Toledo;45179 Valdeverdeja;Total;2013;703
45;Toledo;45179 Valdeverdeja;Total;2012;719
45;Toledo;45179 Valdeverdeja;Total;2011;723
45;Toledo;45179 Valdeverdeja;Total;2010;722
45;Toledo;45179 Valdeverdeja;Total;2009;720
45;Toledo;45179 Valdeverdeja;Total;2008;732
45;Toledo;45179 Valdeverdeja;Total;2007;741
45;Toledo;45179 Valdeverdeja;Total;2006;740
45;Toledo;45179 Valdeverdeja;Total;2005;735
45;Toledo;45179 Valdeverdeja;Total;2004;730
45;Toledo;45179 Valdeverdeja;Total;2003;741
45;Toledo;45179 Valdeverdeja;Total;2002;765
45;Toledo;45179 Valdeverdeja;Total;2001;777
45;Toledo;45179 Valdeverdeja;Total;2000;786
45;Toledo;45179 Valdeverdeja;Total;1999;811
45;Toledo;45179 Valdeverdeja;Total;1998;821
45;Toledo;45179 Valdeverdeja;Total;1997;
45;Toledo;45179 Valdeverdeja;Total;1996;854
45;Toledo;45179 Valdeverdeja;Hombres;2023;283
45;Toledo;45179 Valdeverdeja;Hombres;2022;277
45;Toledo;45179 Valdeverdeja;Hombres;2021;271
45;Toledo;45179 Valdeverdeja;Hombres;2020;276
45;Toledo;45179 Valdeverdeja;Hombres;2019;280
45;Toledo;45179 Valdeverdeja;Hombres;2018;283
45;Toledo;45179 Valdeverdeja;Hombres;2017;295
45;Toledo;45179 Valdeverdeja;Hombres;2016;303
45;Toledo;45179 Valdeverdeja;Hombres;2015;311
45;Toledo;45179 Valdeverdeja;Hombres;2014;327
45;Toledo;45179 Valdeverdeja;Hombres;2013;339
45;Toledo;45179 Valdeverdeja;Hombres;2012;349
45;Toledo;45179 Valdeverdeja;Hombres;2011;338
45;Toledo;45179 Valdeverdeja;Hombres;2010;341
45;Toledo;45179 Valdeverdeja;Hombres;2009;339
45;Toledo;45179 Valdeverdeja;Hombres;2008;344
45;Toledo;45179 Valdeverdeja;Hombres;2007;345
45;Toledo;45179 Valdeverdeja;Hombres;2006;346
45;Toledo;45179 Valdeverdeja;Hombres;2005;337
45;Toledo;45179 Valdeverdeja;Hombres;2004;332
45;Toledo;45179 Valdeverdeja;Hombres;2003;335
45;Toledo;45179 Valdeverdeja;Hombres;2002;354
45;Toledo;45179 Valdeverdeja;Hombres;2001;353
45;Toledo;45179 Valdeverdeja;Hombres;2000;358
45;Toledo;45179 Valdeverdeja;Hombres;1999;369
45;Toledo;45179 Valdeverdeja;Hombres;1998;376
45;Toledo;45179 Valdeverdeja;Hombres;1997;
45;Toledo;45179 Valdeverdeja;Hombres;1996;393
45;Toledo;45179 Valdeverdeja;Mujeres;2023;276
45;Toledo;45179 Valdeverdeja;Mujeres;2022;273
45;Toledo;45179 Valdeverdeja;Mujeres;2021;276
45;Toledo;45179 Valdeverdeja;Mujeres;2020;273
45;Toledo;45179 Valdeverdeja;Mujeres;2019;284
45;Toledo;45179 Valdeverdeja;Mujeres;2018;303
45;Toledo;45179 Valdeverdeja;Mujeres;2017;303
45;Toledo;45179 Valdeverdeja;Mujeres;2016;310
45;Toledo;45179 Valdeverdeja;Mujeres;2015;336
45;Toledo;45179 Valdeverdeja;Mujeres;2014;346
45;Toledo;45179 Valdeverdeja;Mujeres;2013;364
45;Toledo;45179 Valdeverdeja;Mujeres;2012;370
45;Toledo;45179 Valdeverdeja;Mujeres;2011;385
45;Toledo;45179 Valdeverdeja;Mujeres;2010;381
45;Toledo;45179 Valdeverdeja;Mujeres;2009;381
45;Toledo;45179 Valdeverdeja;Mujeres;2008;388
45;Toledo;45179 Valdeverdeja;Mujeres;2007;396
45;Toledo;45179 Valdeverdeja;Mujeres;2006;394
45;Toledo;45179 Valdeverdeja;Mujeres;2005;398
45;Toledo;45179 Valdeverdeja;Mujeres;2004;398
45;Toledo;45179 Valdeverdeja;Mujeres;2003;406
45;Toledo;45179 Valdeverdeja;Mujeres;2002;411
45;Toledo;45179 Valdeverdeja;Mujeres;2001;424
45;Toledo;45179 Valdeverdeja;Mujeres;2000;428
45;Toledo;45179 Valdeverdeja;Mujeres;1999;442
45;Toledo;45179 Valdeverdeja;Mujeres;1998;445
45;Toledo;45179 Valdeverdeja;Mujeres;1997;
45;Toledo;45179 Valdeverdeja;Mujeres;1996;461
45;Toledo;45180 Valmojado;Total;2023;4672
45;Toledo;45180 Valmojado;Total;2022;4503
45;Toledo;45180 Valmojado;Total;2021;4430
45;Toledo;45180 Valmojado;Total;2020;4371
45;Toledo;45180 Valmojado;Total;2019;4303
45;Toledo;45180 Valmojado;Total;2018;4218
45;Toledo;45180 Valmojado;Total;2017;4126
45;Toledo;45180 Valmojado;Total;2016;4113
45;Toledo;45180 Valmojado;Total;2015;4079
45;Toledo;45180 Valmojado;Total;2014;4178
45;Toledo;45180 Valmojado;Total;2013;4314
45;Toledo;45180 Valmojado;Total;2012;4216
45;Toledo;45180 Valmojado;Total;2011;4175
45;Toledo;45180 Valmojado;Total;2010;4026
45;Toledo;45180 Valmojado;Total;2009;3806
45;Toledo;45180 Valmojado;Total;2008;3555
45;Toledo;45180 Valmojado;Total;2007;3298
45;Toledo;45180 Valmojado;Total;2006;3109
45;Toledo;45180 Valmojado;Total;2005;3024
45;Toledo;45180 Valmojado;Total;2004;2763
45;Toledo;45180 Valmojado;Total;2003;2624
45;Toledo;45180 Valmojado;Total;2002;2527
45;Toledo;45180 Valmojado;Total;2001;2421
45;Toledo;45180 Valmojado;Total;2000;2406
45;Toledo;45180 Valmojado;Total;1999;2374
45;Toledo;45180 Valmojado;Total;1998;2355
45;Toledo;45180 Valmojado;Total;1997;
45;Toledo;45180 Valmojado;Total;1996;2325
45;Toledo;45180 Valmojado;Hombres;2023;2346
45;Toledo;45180 Valmojado;Hombres;2022;2279
45;Toledo;45180 Valmojado;Hombres;2021;2237
45;Toledo;45180 Valmojado;Hombres;2020;2216
45;Toledo;45180 Valmojado;Hombres;2019;2162
45;Toledo;45180 Valmojado;Hombres;2018;2136
45;Toledo;45180 Valmojado;Hombres;2017;2073
45;Toledo;45180 Valmojado;Hombres;2016;2087
45;Toledo;45180 Valmojado;Hombres;2015;2077
45;Toledo;45180 Valmojado;Hombres;2014;2136
45;Toledo;45180 Valmojado;Hombres;2013;2212
45;Toledo;45180 Valmojado;Hombres;2012;2183
45;Toledo;45180 Valmojado;Hombres;2011;2153
45;Toledo;45180 Valmojado;Hombres;2010;2104
45;Toledo;45180 Valmojado;Hombres;2009;2019
45;Toledo;45180 Valmojado;Hombres;2008;1880
45;Toledo;45180 Valmojado;Hombres;2007;1716
45;Toledo;45180 Valmojado;Hombres;2006;1602
45;Toledo;45180 Valmojado;Hombres;2005;1573
45;Toledo;45180 Valmojado;Hombres;2004;1428
45;Toledo;45180 Valmojado;Hombres;2003;1339
45;Toledo;45180 Valmojado;Hombres;2002;1289
45;Toledo;45180 Valmojado;Hombres;2001;1232
45;Toledo;45180 Valmojado;Hombres;2000;1232
45;Toledo;45180 Valmojado;Hombres;1999;1214
45;Toledo;45180 Valmojado;Hombres;1998;1208
45;Toledo;45180 Valmojado;Hombres;1997;
45;Toledo;45180 Valmojado;Hombres;1996;1185
45;Toledo;45180 Valmojado;Mujeres;2023;2326
45;Toledo;45180 Valmojado;Mujeres;2022;2224
45;Toledo;45180 Valmojado;Mujeres;2021;2193
45;Toledo;45180 Valmojado;Mujeres;2020;2155
45;Toledo;45180 Valmojado;Mujeres;2019;2141
45;Toledo;45180 Valmojado;Mujeres;2018;2082
45;Toledo;45180 Valmojado;Mujeres;2017;2053
45;Toledo;45180 Valmojado;Mujeres;2016;2026
45;Toledo;45180 Valmojado;Mujeres;2015;2002
45;Toledo;45180 Valmojado;Mujeres;2014;2042
45;Toledo;45180 Valmojado;Mujeres;2013;2102
45;Toledo;45180 Valmojado;Mujeres;2012;2033
45;Toledo;45180 Valmojado;Mujeres;2011;2022
45;Toledo;45180 Valmojado;Mujeres;2010;1922
45;Toledo;45180 Valmojado;Mujeres;2009;1787
45;Toledo;45180 Valmojado;Mujeres;2008;1675
45;Toledo;45180 Valmojado;Mujeres;2007;1582
45;Toledo;45180 Valmojado;Mujeres;2006;1507
45;Toledo;45180 Valmojado;Mujeres;2005;1451
45;Toledo;45180 Valmojado;Mujeres;2004;1335
45;Toledo;45180 Valmojado;Mujeres;2003;1285
45;Toledo;45180 Valmojado;Mujeres;2002;1238
45;Toledo;45180 Valmojado;Mujeres;2001;1189
45;Toledo;45180 Valmojado;Mujeres;2000;1174
45;Toledo;45180 Valmojado;Mujeres;1999;1160
45;Toledo;45180 Valmojado;Mujeres;1998;1147
45;Toledo;45180 Valmojado;Mujeres;1997;
45;Toledo;45180 Valmojado;Mujeres;1996;1140
45;Toledo;45181 Velada;Total;2023;2889
45;Toledo;45181 Velada;Total;2022;2865
45;Toledo;45181 Velada;Total;2021;2905
45;Toledo;45181 Velada;Total;2020;2903
45;Toledo;45181 Velada;Total;2019;2910
45;Toledo;45181 Velada;Total;2018;2865
45;Toledo;45181 Velada;Total;2017;2859
45;Toledo;45181 Velada;Total;2016;2890
45;Toledo;45181 Velada;Total;2015;2893
45;Toledo;45181 Velada;Total;2014;2899
45;Toledo;45181 Velada;Total;2013;2919
45;Toledo;45181 Velada;Total;2012;2860
45;Toledo;45181 Velada;Total;2011;2869
45;Toledo;45181 Velada;Total;2010;2827
45;Toledo;45181 Velada;Total;2009;2765
45;Toledo;45181 Velada;Total;2008;2715
45;Toledo;45181 Velada;Total;2007;2678
45;Toledo;45181 Velada;Total;2006;2436
45;Toledo;45181 Velada;Total;2005;2491
45;Toledo;45181 Velada;Total;2004;2432
45;Toledo;45181 Velada;Total;2003;2436
45;Toledo;45181 Velada;Total;2002;2430
45;Toledo;45181 Velada;Total;2001;2399
45;Toledo;45181 Velada;Total;2000;2386
45;Toledo;45181 Velada;Total;1999;2372
45;Toledo;45181 Velada;Total;1998;2366
45;Toledo;45181 Velada;Total;1997;
45;Toledo;45181 Velada;Total;1996;2373
45;Toledo;45181 Velada;Hombres;2023;1482
45;Toledo;45181 Velada;Hombres;2022;1477
45;Toledo;45181 Velada;Hombres;2021;1492
45;Toledo;45181 Velada;Hombres;2020;1493
45;Toledo;45181 Velada;Hombres;2019;1506
45;Toledo;45181 Velada;Hombres;2018;1490
45;Toledo;45181 Velada;Hombres;2017;1485
45;Toledo;45181 Velada;Hombres;2016;1494
45;Toledo;45181 Velada;Hombres;2015;1501
45;Toledo;45181 Velada;Hombres;2014;1510
45;Toledo;45181 Velada;Hombres;2013;1520
45;Toledo;45181 Velada;Hombres;2012;1503
45;Toledo;45181 Velada;Hombres;2011;1512
45;Toledo;45181 Velada;Hombres;2010;1484
45;Toledo;45181 Velada;Hombres;2009;1453
45;Toledo;45181 Velada;Hombres;2008;1412
45;Toledo;45181 Velada;Hombres;2007;1406
45;Toledo;45181 Velada;Hombres;2006;1264
45;Toledo;45181 Velada;Hombres;2005;1292
45;Toledo;45181 Velada;Hombres;2004;1263
45;Toledo;45181 Velada;Hombres;2003;1260
45;Toledo;45181 Velada;Hombres;2002;1257
45;Toledo;45181 Velada;Hombres;2001;1246
45;Toledo;45181 Velada;Hombres;2000;1244
45;Toledo;45181 Velada;Hombres;1999;1225
45;Toledo;45181 Velada;Hombres;1998;1223
45;Toledo;45181 Velada;Hombres;1997;
45;Toledo;45181 Velada;Hombres;1996;1223
45;Toledo;45181 Velada;Mujeres;2023;1407
45;Toledo;45181 Velada;Mujeres;2022;1388
45;Toledo;45181 Velada;Mujeres;2021;1413
45;Toledo;45181 Velada;Mujeres;2020;1410
45;Toledo;45181 Velada;Mujeres;2019;1404
45;Toledo;45181 Velada;Mujeres;2018;1375
45;Toledo;45181 Velada;Mujeres;2017;1374
45;Toledo;45181 Velada;Mujeres;2016;1396
45;Toledo;45181 Velada;Mujeres;2015;1392
45;Toledo;45181 Velada;Mujeres;2014;1389
45;Toledo;45181 Velada;Mujeres;2013;1399
45;Toledo;45181 Velada;Mujeres;2012;1357
45;Toledo;45181 Velada;Mujeres;2011;1357
45;Toledo;45181 Velada;Mujeres;2010;1343
45;Toledo;45181 Velada;Mujeres;2009;1312
45;Toledo;45181 Velada;Mujeres;2008;1303
45;Toledo;45181 Velada;Mujeres;2007;1272
45;Toledo;45181 Velada;Mujeres;2006;1172
45;Toledo;45181 Velada;Mujeres;2005;1199
45;Toledo;45181 Velada;Mujeres;2004;1169
45;Toledo;45181 Velada;Mujeres;2003;1176
45;Toledo;45181 Velada;Mujeres;2002;1173
45;Toledo;45181 Velada;Mujeres;2001;1153
45;Toledo;45181 Velada;Mujeres;2000;1142
45;Toledo;45181 Velada;Mujeres;1999;1147
45;Toledo;45181 Velada;Mujeres;1998;1143
45;Toledo;45181 Velada;Mujeres;1997;
45;Toledo;45181 Velada;Mujeres;1996;1150
45;Toledo;45182 Ventas con Peña Aguilera, Las;Total;2023;1139
45;Toledo;45182 Ventas con Peña Aguilera, Las;Total;2022;1109
45;Toledo;45182 Ventas con Peña Aguilera, Las;Total;2021;1084
45;Toledo;45182 Ventas con Peña Aguilera, Las;Total;2020;1062
45;Toledo;45182 Ventas con Peña Aguilera, Las;Total;2019;1109
45;Toledo;45182 Ventas con Peña Aguilera, Las;Total;2018;1127
45;Toledo;45182 Ventas con Peña Aguilera, Las;Total;2017;1144
45;Toledo;45182 Ventas con Peña Aguilera, Las;Total;2016;1183
45;Toledo;45182 Ventas con Peña Aguilera, Las;Total;2015;1206
45;Toledo;45182 Ventas con Peña Aguilera, Las;Total;2014;1189
45;Toledo;45182 Ventas con Peña Aguilera, Las;Total;2013;1263
45;Toledo;45182 Ventas con Peña Aguilera, Las;Total;2012;1301
45;Toledo;45182 Ventas con Peña Aguilera, Las;Total;2011;1344
45;Toledo;45182 Ventas con Peña Aguilera, Las;Total;2010;1364
45;Toledo;45182 Ventas con Peña Aguilera, Las;Total;2009;1338
45;Toledo;45182 Ventas con Peña Aguilera, Las;Total;2008;1355
45;Toledo;45182 Ventas con Peña Aguilera, Las;Total;2007;1357
45;Toledo;45182 Ventas con Peña Aguilera, Las;Total;2006;1351
45;Toledo;45182 Ventas con Peña Aguilera, Las;Total;2005;1405
45;Toledo;45182 Ventas con Peña Aguilera, Las;Total;2004;1410
45;Toledo;45182 Ventas con Peña Aguilera, Las;Total;2003;1441
45;Toledo;45182 Ventas con Peña Aguilera, Las;Total;2002;1420
45;Toledo;45182 Ventas con Peña Aguilera, Las;Total;2001;1410
45;Toledo;45182 Ventas con Peña Aguilera, Las;Total;2000;1367
45;Toledo;45182 Ventas con Peña Aguilera, Las;Total;1999;1380
45;Toledo;45182 Ventas con Peña Aguilera, Las;Total;1998;1411
45;Toledo;45182 Ventas con Peña Aguilera, Las;Total;1997;
45;Toledo;45182 Ventas con Peña Aguilera, Las;Total;1996;1405
45;Toledo;45182 Ventas con Peña Aguilera, Las;Hombres;2023;574
45;Toledo;45182 Ventas con Peña Aguilera, Las;Hombres;2022;554
45;Toledo;45182 Ventas con Peña Aguilera, Las;Hombres;2021;546
45;Toledo;45182 Ventas con Peña Aguilera, Las;Hombres;2020;535
45;Toledo;45182 Ventas con Peña Aguilera, Las;Hombres;2019;569
45;Toledo;45182 Ventas con Peña Aguilera, Las;Hombres;2018;572
45;Toledo;45182 Ventas con Peña Aguilera, Las;Hombres;2017;584
45;Toledo;45182 Ventas con Peña Aguilera, Las;Hombres;2016;601
45;Toledo;45182 Ventas con Peña Aguilera, Las;Hombres;2015;622
45;Toledo;45182 Ventas con Peña Aguilera, Las;Hombres;2014;616
45;Toledo;45182 Ventas con Peña Aguilera, Las;Hombres;2013;649
45;Toledo;45182 Ventas con Peña Aguilera, Las;Hombres;2012;676
45;Toledo;45182 Ventas con Peña Aguilera, Las;Hombres;2011;695
45;Toledo;45182 Ventas con Peña Aguilera, Las;Hombres;2010;691
45;Toledo;45182 Ventas con Peña Aguilera, Las;Hombres;2009;683
45;Toledo;45182 Ventas con Peña Aguilera, Las;Hombres;2008;696
45;Toledo;45182 Ventas con Peña Aguilera, Las;Hombres;2007;691
45;Toledo;45182 Ventas con Peña Aguilera, Las;Hombres;2006;693
45;Toledo;45182 Ventas con Peña Aguilera, Las;Hombres;2005;724
45;Toledo;45182 Ventas con Peña Aguilera, Las;Hombres;2004;724
45;Toledo;45182 Ventas con Peña Aguilera, Las;Hombres;2003;746
45;Toledo;45182 Ventas con Peña Aguilera, Las;Hombres;2002;732
45;Toledo;45182 Ventas con Peña Aguilera, Las;Hombres;2001;717
45;Toledo;45182 Ventas con Peña Aguilera, Las;Hombres;2000;695
45;Toledo;45182 Ventas con Peña Aguilera, Las;Hombres;1999;707
45;Toledo;45182 Ventas con Peña Aguilera, Las;Hombres;1998;723
45;Toledo;45182 Ventas con Peña Aguilera, Las;Hombres;1997;
45;Toledo;45182 Ventas con Peña Aguilera, Las;Hombres;1996;717
45;Toledo;45182 Ventas con Peña Aguilera, Las;Mujeres;2023;565
45;Toledo;45182 Ventas con Peña Aguilera, Las;Mujeres;2022;555
45;Toledo;45182 Ventas con Peña Aguilera, Las;Mujeres;2021;538
45;Toledo;45182 Ventas con Peña Aguilera, Las;Mujeres;2020;527
45;Toledo;45182 Ventas con Peña Aguilera, Las;Mujeres;2019;540
45;Toledo;45182 Ventas con Peña Aguilera, Las;Mujeres;2018;555
45;Toledo;45182 Ventas con Peña Aguilera, Las;Mujeres;2017;560
45;Toledo;45182 Ventas con Peña Aguilera, Las;Mujeres;2016;582
45;Toledo;45182 Ventas con Peña Aguilera, Las;Mujeres;2015;584
45;Toledo;45182 Ventas con Peña Aguilera, Las;Mujeres;2014;573
45;Toledo;45182 Ventas con Peña Aguilera, Las;Mujeres;2013;614
45;Toledo;45182 Ventas con Peña Aguilera, Las;Mujeres;2012;625
45;Toledo;45182 Ventas con Peña Aguilera, Las;Mujeres;2011;649
45;Toledo;45182 Ventas con Peña Aguilera, Las;Mujeres;2010;673
45;Toledo;45182 Ventas con Peña Aguilera, Las;Mujeres;2009;655
45;Toledo;45182 Ventas con Peña Aguilera, Las;Mujeres;2008;659
45;Toledo;45182 Ventas con Peña Aguilera, Las;Mujeres;2007;666
45;Toledo;45182 Ventas con Peña Aguilera, Las;Mujeres;2006;658
45;Toledo;45182 Ventas con Peña Aguilera, Las;Mujeres;2005;681
45;Toledo;45182 Ventas con Peña Aguilera, Las;Mujeres;2004;686
45;Toledo;45182 Ventas con Peña Aguilera, Las;Mujeres;2003;695
45;Toledo;45182 Ventas con Peña Aguilera, Las;Mujeres;2002;688
45;Toledo;45182 Ventas con Peña Aguilera, Las;Mujeres;2001;693
45;Toledo;45182 Ventas con Peña Aguilera, Las;Mujeres;2000;672
45;Toledo;45182 Ventas con Peña Aguilera, Las;Mujeres;1999;673
45;Toledo;45182 Ventas con Peña Aguilera, Las;Mujeres;1998;688
45;Toledo;45182 Ventas con Peña Aguilera, Las;Mujeres;1997;
45;Toledo;45182 Ventas con Peña Aguilera, Las;Mujeres;1996;688
45;Toledo;45183 Ventas de Retamosa, Las;Total;2023;4088
45;Toledo;45183 Ventas de Retamosa, Las;Total;2022;3806
45;Toledo;45183 Ventas de Retamosa, Las;Total;2021;3684
45;Toledo;45183 Ventas de Retamosa, Las;Total;2020;3510
45;Toledo;45183 Ventas de Retamosa, Las;Total;2019;3365
45;Toledo;45183 Ventas de Retamosa, Las;Total;2018;3268
45;Toledo;45183 Ventas de Retamosa, Las;Total;2017;3266
45;Toledo;45183 Ventas de Retamosa, Las;Total;2016;3275
45;Toledo;45183 Ventas de Retamosa, Las;Total;2015;3382
45;Toledo;45183 Ventas de Retamosa, Las;Total;2014;3389
45;Toledo;45183 Ventas de Retamosa, Las;Total;2013;3405
45;Toledo;45183 Ventas de Retamosa, Las;Total;2012;3377
45;Toledo;45183 Ventas de Retamosa, Las;Total;2011;3246
45;Toledo;45183 Ventas de Retamosa, Las;Total;2010;3104
45;Toledo;45183 Ventas de Retamosa, Las;Total;2009;2873
45;Toledo;45183 Ventas de Retamosa, Las;Total;2008;2477
45;Toledo;45183 Ventas de Retamosa, Las;Total;2007;2180
45;Toledo;45183 Ventas de Retamosa, Las;Total;2006;1782
45;Toledo;45183 Ventas de Retamosa, Las;Total;2005;1546
45;Toledo;45183 Ventas de Retamosa, Las;Total;2004;1248
45;Toledo;45183 Ventas de Retamosa, Las;Total;2003;1056
45;Toledo;45183 Ventas de Retamosa, Las;Total;2002;935
45;Toledo;45183 Ventas de Retamosa, Las;Total;2001;853
45;Toledo;45183 Ventas de Retamosa, Las;Total;2000;804
45;Toledo;45183 Ventas de Retamosa, Las;Total;1999;778
45;Toledo;45183 Ventas de Retamosa, Las;Total;1998;752
45;Toledo;45183 Ventas de Retamosa, Las;Total;1997;
45;Toledo;45183 Ventas de Retamosa, Las;Total;1996;690
45;Toledo;45183 Ventas de Retamosa, Las;Hombres;2023;2148
45;Toledo;45183 Ventas de Retamosa, Las;Hombres;2022;2021
45;Toledo;45183 Ventas de Retamosa, Las;Hombres;2021;1929
45;Toledo;45183 Ventas de Retamosa, Las;Hombres;2020;1852
45;Toledo;45183 Ventas de Retamosa, Las;Hombres;2019;1768
45;Toledo;45183 Ventas de Retamosa, Las;Hombres;2018;1716
45;Toledo;45183 Ventas de Retamosa, Las;Hombres;2017;1728
45;Toledo;45183 Ventas de Retamosa, Las;Hombres;2016;1718
45;Toledo;45183 Ventas de Retamosa, Las;Hombres;2015;1777
45;Toledo;45183 Ventas de Retamosa, Las;Hombres;2014;1786
45;Toledo;45183 Ventas de Retamosa, Las;Hombres;2013;1786
45;Toledo;45183 Ventas de Retamosa, Las;Hombres;2012;1762
45;Toledo;45183 Ventas de Retamosa, Las;Hombres;2011;1687
45;Toledo;45183 Ventas de Retamosa, Las;Hombres;2010;1615
45;Toledo;45183 Ventas de Retamosa, Las;Hombres;2009;1522
45;Toledo;45183 Ventas de Retamosa, Las;Hombres;2008;1310
45;Toledo;45183 Ventas de Retamosa, Las;Hombres;2007;1145
45;Toledo;45183 Ventas de Retamosa, Las;Hombres;2006;940
45;Toledo;45183 Ventas de Retamosa, Las;Hombres;2005;819
45;Toledo;45183 Ventas de Retamosa, Las;Hombres;2004;656
45;Toledo;45183 Ventas de Retamosa, Las;Hombres;2003;560
45;Toledo;45183 Ventas de Retamosa, Las;Hombres;2002;490
45;Toledo;45183 Ventas de Retamosa, Las;Hombres;2001;446
45;Toledo;45183 Ventas de Retamosa, Las;Hombres;2000;416
45;Toledo;45183 Ventas de Retamosa, Las;Hombres;1999;400
45;Toledo;45183 Ventas de Retamosa, Las;Hombres;1998;389
45;Toledo;45183 Ventas de Retamosa, Las;Hombres;1997;
45;Toledo;45183 Ventas de Retamosa, Las;Hombres;1996;357
45;Toledo;45183 Ventas de Retamosa, Las;Mujeres;2023;1940
45;Toledo;45183 Ventas de Retamosa, Las;Mujeres;2022;1785
45;Toledo;45183 Ventas de Retamosa, Las;Mujeres;2021;1755
45;Toledo;45183 Ventas de Retamosa, Las;Mujeres;2020;1658
45;Toledo;45183 Ventas de Retamosa, Las;Mujeres;2019;1597
45;Toledo;45183 Ventas de Retamosa, Las;Mujeres;2018;1552
45;Toledo;45183 Ventas de Retamosa, Las;Mujeres;2017;1538
45;Toledo;45183 Ventas de Retamosa, Las;Mujeres;2016;1557
45;Toledo;45183 Ventas de Retamosa, Las;Mujeres;2015;1605
45;Toledo;45183 Ventas de Retamosa, Las;Mujeres;2014;1603
45;Toledo;45183 Ventas de Retamosa, Las;Mujeres;2013;1619
45;Toledo;45183 Ventas de Retamosa, Las;Mujeres;2012;1615
45;Toledo;45183 Ventas de Retamosa, Las;Mujeres;2011;1559
45;Toledo;45183 Ventas de Retamosa, Las;Mujeres;2010;1489
45;Toledo;45183 Ventas de Retamosa, Las;Mujeres;2009;1351
45;Toledo;45183 Ventas de Retamosa, Las;Mujeres;2008;1167
45;Toledo;45183 Ventas de Retamosa, Las;Mujeres;2007;1035
45;Toledo;45183 Ventas de Retamosa, Las;Mujeres;2006;842
45;Toledo;45183 Ventas de Retamosa, Las;Mujeres;2005;727
45;Toledo;45183 Ventas de Retamosa, Las;Mujeres;2004;592
45;Toledo;45183 Ventas de Retamosa, Las;Mujeres;2003;496
45;Toledo;45183 Ventas de Retamosa, Las;Mujeres;2002;445
45;Toledo;45183 Ventas de Retamosa, Las;Mujeres;2001;407
45;Toledo;45183 Ventas de Retamosa, Las;Mujeres;2000;388
45;Toledo;45183 Ventas de Retamosa, Las;Mujeres;1999;378
45;Toledo;45183 Ventas de Retamosa, Las;Mujeres;1998;363
45;Toledo;45183 Ventas de Retamosa, Las;Mujeres;1997;
45;Toledo;45183 Ventas de Retamosa, Las;Mujeres;1996;333
45;Toledo;45184 Ventas de San Julián, Las;Total;2023;229
45;Toledo;45184 Ventas de San Julián, Las;Total;2022;222
45;Toledo;45184 Ventas de San Julián, Las;Total;2021;233
45;Toledo;45184 Ventas de San Julián, Las;Total;2020;233
45;Toledo;45184 Ventas de San Julián, Las;Total;2019;228
45;Toledo;45184 Ventas de San Julián, Las;Total;2018;229
45;Toledo;45184 Ventas de San Julián, Las;Total;2017;231
45;Toledo;45184 Ventas de San Julián, Las;Total;2016;235
45;Toledo;45184 Ventas de San Julián, Las;Total;2015;238
45;Toledo;45184 Ventas de San Julián, Las;Total;2014;258
45;Toledo;45184 Ventas de San Julián, Las;Total;2013;252
45;Toledo;45184 Ventas de San Julián, Las;Total;2012;214
45;Toledo;45184 Ventas de San Julián, Las;Total;2011;228
45;Toledo;45184 Ventas de San Julián, Las;Total;2010;233
45;Toledo;45184 Ventas de San Julián, Las;Total;2009;236
45;Toledo;45184 Ventas de San Julián, Las;Total;2008;232
45;Toledo;45184 Ventas de San Julián, Las;Total;2007;231
45;Toledo;45184 Ventas de San Julián, Las;Total;2006;233
45;Toledo;45184 Ventas de San Julián, Las;Total;2005;254
45;Toledo;45184 Ventas de San Julián, Las;Total;2004;271
45;Toledo;45184 Ventas de San Julián, Las;Total;2003;285
45;Toledo;45184 Ventas de San Julián, Las;Total;2002;247
45;Toledo;45184 Ventas de San Julián, Las;Total;2001;234
45;Toledo;45184 Ventas de San Julián, Las;Total;2000;236
45;Toledo;45184 Ventas de San Julián, Las;Total;1999;223
45;Toledo;45184 Ventas de San Julián, Las;Total;1998;235
45;Toledo;45184 Ventas de San Julián, Las;Total;1997;
45;Toledo;45184 Ventas de San Julián, Las;Total;1996;239
45;Toledo;45184 Ventas de San Julián, Las;Hombres;2023;107
45;Toledo;45184 Ventas de San Julián, Las;Hombres;2022;104
45;Toledo;45184 Ventas de San Julián, Las;Hombres;2021;110
45;Toledo;45184 Ventas de San Julián, Las;Hombres;2020;109
45;Toledo;45184 Ventas de San Julián, Las;Hombres;2019;111
45;Toledo;45184 Ventas de San Julián, Las;Hombres;2018;113
45;Toledo;45184 Ventas de San Julián, Las;Hombres;2017;113
45;Toledo;45184 Ventas de San Julián, Las;Hombres;2016;112
45;Toledo;45184 Ventas de San Julián, Las;Hombres;2015;112
45;Toledo;45184 Ventas de San Julián, Las;Hombres;2014;123
45;Toledo;45184 Ventas de San Julián, Las;Hombres;2013;118
45;Toledo;45184 Ventas de San Julián, Las;Hombres;2012;104
45;Toledo;45184 Ventas de San Julián, Las;Hombres;2011;109
45;Toledo;45184 Ventas de San Julián, Las;Hombres;2010;110
45;Toledo;45184 Ventas de San Julián, Las;Hombres;2009;111
45;Toledo;45184 Ventas de San Julián, Las;Hombres;2008;107
45;Toledo;45184 Ventas de San Julián, Las;Hombres;2007;103
45;Toledo;45184 Ventas de San Julián, Las;Hombres;2006;101
45;Toledo;45184 Ventas de San Julián, Las;Hombres;2005;109
45;Toledo;45184 Ventas de San Julián, Las;Hombres;2004;115
45;Toledo;45184 Ventas de San Julián, Las;Hombres;2003;124
45;Toledo;45184 Ventas de San Julián, Las;Hombres;2002;112
45;Toledo;45184 Ventas de San Julián, Las;Hombres;2001;107
45;Toledo;45184 Ventas de San Julián, Las;Hombres;2000;106
45;Toledo;45184 Ventas de San Julián, Las;Hombres;1999;100
45;Toledo;45184 Ventas de San Julián, Las;Hombres;1998;107
45;Toledo;45184 Ventas de San Julián, Las;Hombres;1997;
45;Toledo;45184 Ventas de San Julián, Las;Hombres;1996;113
45;Toledo;45184 Ventas de San Julián, Las;Mujeres;2023;122
45;Toledo;45184 Ventas de San Julián, Las;Mujeres;2022;118
45;Toledo;45184 Ventas de San Julián, Las;Mujeres;2021;123
45;Toledo;45184 Ventas de San Julián, Las;Mujeres;2020;124
45;Toledo;45184 Ventas de San Julián, Las;Mujeres;2019;117
45;Toledo;45184 Ventas de San Julián, Las;Mujeres;2018;116
45;Toledo;45184 Ventas de San Julián, Las;Mujeres;2017;118
45;Toledo;45184 Ventas de San Julián, Las;Mujeres;2016;123
45;Toledo;45184 Ventas de San Julián, Las;Mujeres;2015;126
45;Toledo;45184 Ventas de San Julián, Las;Mujeres;2014;135
45;Toledo;45184 Ventas de San Julián, Las;Mujeres;2013;134
45;Toledo;45184 Ventas de San Julián, Las;Mujeres;2012;110
45;Toledo;45184 Ventas de San Julián, Las;Mujeres;2011;119
45;Toledo;45184 Ventas de San Julián, Las;Mujeres;2010;123
45;Toledo;45184 Ventas de San Julián, Las;Mujeres;2009;125
45;Toledo;45184 Ventas de San Julián, Las;Mujeres;2008;125
45;Toledo;45184 Ventas de San Julián, Las;Mujeres;2007;128
45;Toledo;45184 Ventas de San Julián, Las;Mujeres;2006;132
45;Toledo;45184 Ventas de San Julián, Las;Mujeres;2005;145
45;Toledo;45184 Ventas de San Julián, Las;Mujeres;2004;156
45;Toledo;45184 Ventas de San Julián, Las;Mujeres;2003;161
45;Toledo;45184 Ventas de San Julián, Las;Mujeres;2002;135
45;Toledo;45184 Ventas de San Julián, Las;Mujeres;2001;127
45;Toledo;45184 Ventas de San Julián, Las;Mujeres;2000;130
45;Toledo;45184 Ventas de San Julián, Las;Mujeres;1999;123
45;Toledo;45184 Ventas de San Julián, Las;Mujeres;1998;128
45;Toledo;45184 Ventas de San Julián, Las;Mujeres;1997;
45;Toledo;45184 Ventas de San Julián, Las;Mujeres;1996;126
45;Toledo;45186 Villa de Don Fadrique, La;Total;2023;3569
45;Toledo;45186 Villa de Don Fadrique, La;Total;2022;3572
45;Toledo;45186 Villa de Don Fadrique, La;Total;2021;3576
45;Toledo;45186 Villa de Don Fadrique, La;Total;2020;3623
45;Toledo;45186 Villa de Don Fadrique, La;Total;2019;3664
45;Toledo;45186 Villa de Don Fadrique, La;Total;2018;3723
45;Toledo;45186 Villa de Don Fadrique, La;Total;2017;3798
45;Toledo;45186 Villa de Don Fadrique, La;Total;2016;3854
45;Toledo;45186 Villa de Don Fadrique, La;Total;2015;3918
45;Toledo;45186 Villa de Don Fadrique, La;Total;2014;3962
45;Toledo;45186 Villa de Don Fadrique, La;Total;2013;4006
45;Toledo;45186 Villa de Don Fadrique, La;Total;2012;4102
45;Toledo;45186 Villa de Don Fadrique, La;Total;2011;4121
45;Toledo;45186 Villa de Don Fadrique, La;Total;2010;4170
45;Toledo;45186 Villa de Don Fadrique, La;Total;2009;4206
45;Toledo;45186 Villa de Don Fadrique, La;Total;2008;4210
45;Toledo;45186 Villa de Don Fadrique, La;Total;2007;4149
45;Toledo;45186 Villa de Don Fadrique, La;Total;2006;4177
45;Toledo;45186 Villa de Don Fadrique, La;Total;2005;4159
45;Toledo;45186 Villa de Don Fadrique, La;Total;2004;4155
45;Toledo;45186 Villa de Don Fadrique, La;Total;2003;4096
45;Toledo;45186 Villa de Don Fadrique, La;Total;2002;4132
45;Toledo;45186 Villa de Don Fadrique, La;Total;2001;4114
45;Toledo;45186 Villa de Don Fadrique, La;Total;2000;4101
45;Toledo;45186 Villa de Don Fadrique, La;Total;1999;4164
45;Toledo;45186 Villa de Don Fadrique, La;Total;1998;4153
45;Toledo;45186 Villa de Don Fadrique, La;Total;1997;
45;Toledo;45186 Villa de Don Fadrique, La;Total;1996;4155
45;Toledo;45186 Villa de Don Fadrique, La;Hombres;2023;1774
45;Toledo;45186 Villa de Don Fadrique, La;Hombres;2022;1773
45;Toledo;45186 Villa de Don Fadrique, La;Hombres;2021;1774
45;Toledo;45186 Villa de Don Fadrique, La;Hombres;2020;1800
45;Toledo;45186 Villa de Don Fadrique, La;Hombres;2019;1810
45;Toledo;45186 Villa de Don Fadrique, La;Hombres;2018;1853
45;Toledo;45186 Villa de Don Fadrique, La;Hombres;2017;1890
45;Toledo;45186 Villa de Don Fadrique, La;Hombres;2016;1920
45;Toledo;45186 Villa de Don Fadrique, La;Hombres;2015;1937
45;Toledo;45186 Villa de Don Fadrique, La;Hombres;2014;1960
45;Toledo;45186 Villa de Don Fadrique, La;Hombres;2013;1990
45;Toledo;45186 Villa de Don Fadrique, La;Hombres;2012;2040
45;Toledo;45186 Villa de Don Fadrique, La;Hombres;2011;2054
45;Toledo;45186 Villa de Don Fadrique, La;Hombres;2010;2066
45;Toledo;45186 Villa de Don Fadrique, La;Hombres;2009;2098
45;Toledo;45186 Villa de Don Fadrique, La;Hombres;2008;2110
45;Toledo;45186 Villa de Don Fadrique, La;Hombres;2007;2072
45;Toledo;45186 Villa de Don Fadrique, La;Hombres;2006;2092
45;Toledo;45186 Villa de Don Fadrique, La;Hombres;2005;2090
45;Toledo;45186 Villa de Don Fadrique, La;Hombres;2004;2084
45;Toledo;45186 Villa de Don Fadrique, La;Hombres;2003;2052
45;Toledo;45186 Villa de Don Fadrique, La;Hombres;2002;2086
45;Toledo;45186 Villa de Don Fadrique, La;Hombres;2001;2069
45;Toledo;45186 Villa de Don Fadrique, La;Hombres;2000;2036
45;Toledo;45186 Villa de Don Fadrique, La;Hombres;1999;2059
45;Toledo;45186 Villa de Don Fadrique, La;Hombres;1998;2055
45;Toledo;45186 Villa de Don Fadrique, La;Hombres;1997;
45;Toledo;45186 Villa de Don Fadrique, La;Hombres;1996;2049
45;Toledo;45186 Villa de Don Fadrique, La;Mujeres;2023;1795
45;Toledo;45186 Villa de Don Fadrique, La;Mujeres;2022;1799
45;Toledo;45186 Villa de Don Fadrique, La;Mujeres;2021;1802
45;Toledo;45186 Villa de Don Fadrique, La;Mujeres;2020;1823
45;Toledo;45186 Villa de Don Fadrique, La;Mujeres;2019;1854
45;Toledo;45186 Villa de Don Fadrique, La;Mujeres;2018;1870
45;Toledo;45186 Villa de Don Fadrique, La;Mujeres;2017;1908
45;Toledo;45186 Villa de Don Fadrique, La;Mujeres;2016;1934
45;Toledo;45186 Villa de Don Fadrique, La;Mujeres;2015;1981
45;Toledo;45186 Villa de Don Fadrique, La;Mujeres;2014;2002
45;Toledo;45186 Villa de Don Fadrique, La;Mujeres;2013;2016
45;Toledo;45186 Villa de Don Fadrique, La;Mujeres;2012;2062
45;Toledo;45186 Villa de Don Fadrique, La;Mujeres;2011;2067
45;Toledo;45186 Villa de Don Fadrique, La;Mujeres;2010;2104
45;Toledo;45186 Villa de Don Fadrique, La;Mujeres;2009;2108
45;Toledo;45186 Villa de Don Fadrique, La;Mujeres;2008;2100
45;Toledo;45186 Villa de Don Fadrique, La;Mujeres;2007;2077
45;Toledo;45186 Villa de Don Fadrique, La;Mujeres;2006;2085
45;Toledo;45186 Villa de Don Fadrique, La;Mujeres;2005;2069
45;Toledo;45186 Villa de Don Fadrique, La;Mujeres;2004;2071
45;Toledo;45186 Villa de Don Fadrique, La;Mujeres;2003;2044
45;Toledo;45186 Villa de Don Fadrique, La;Mujeres;2002;2046
45;Toledo;45186 Villa de Don Fadrique, La;Mujeres;2001;2045
45;Toledo;45186 Villa de Don Fadrique, La;Mujeres;2000;2065
45;Toledo;45186 Villa de Don Fadrique, La;Mujeres;1999;2105
45;Toledo;45186 Villa de Don Fadrique, La;Mujeres;1998;2098
45;Toledo;45186 Villa de Don Fadrique, La;Mujeres;1997;
45;Toledo;45186 Villa de Don Fadrique, La;Mujeres;1996;2106
45;Toledo;45185 Villacañas;Total;2023;9511
45;Toledo;45185 Villacañas;Total;2022;9418
45;Toledo;45185 Villacañas;Total;2021;9434
45;Toledo;45185 Villacañas;Total;2020;9489
45;Toledo;45185 Villacañas;Total;2019;9548
45;Toledo;45185 Villacañas;Total;2018;9689
45;Toledo;45185 Villacañas;Total;2017;9840
45;Toledo;45185 Villacañas;Total;2016;9935
45;Toledo;45185 Villacañas;Total;2015;10070
45;Toledo;45185 Villacañas;Total;2014;10089
45;Toledo;45185 Villacañas;Total;2013;10162
45;Toledo;45185 Villacañas;Total;2012;10515
45;Toledo;45185 Villacañas;Total;2011;10641
45;Toledo;45185 Villacañas;Total;2010;10602
45;Toledo;45185 Villacañas;Total;2009;10645
45;Toledo;45185 Villacañas;Total;2008;10605
45;Toledo;45185 Villacañas;Total;2007;10310
45;Toledo;45185 Villacañas;Total;2006;10208
45;Toledo;45185 Villacañas;Total;2005;10090
45;Toledo;45185 Villacañas;Total;2004;10000
45;Toledo;45185 Villacañas;Total;2003;9739
45;Toledo;45185 Villacañas;Total;2002;9543
45;Toledo;45185 Villacañas;Total;2001;9393
45;Toledo;45185 Villacañas;Total;2000;9347
45;Toledo;45185 Villacañas;Total;1999;9311
45;Toledo;45185 Villacañas;Total;1998;9352
45;Toledo;45185 Villacañas;Total;1997;
45;Toledo;45185 Villacañas;Total;1996;9301
45;Toledo;45185 Villacañas;Hombres;2023;4742
45;Toledo;45185 Villacañas;Hombres;2022;4705
45;Toledo;45185 Villacañas;Hombres;2021;4705
45;Toledo;45185 Villacañas;Hombres;2020;4716
45;Toledo;45185 Villacañas;Hombres;2019;4735
45;Toledo;45185 Villacañas;Hombres;2018;4823
45;Toledo;45185 Villacañas;Hombres;2017;4898
45;Toledo;45185 Villacañas;Hombres;2016;4930
45;Toledo;45185 Villacañas;Hombres;2015;5004
45;Toledo;45185 Villacañas;Hombres;2014;5027
45;Toledo;45185 Villacañas;Hombres;2013;5049
45;Toledo;45185 Villacañas;Hombres;2012;5258
45;Toledo;45185 Villacañas;Hombres;2011;5326
45;Toledo;45185 Villacañas;Hombres;2010;5322
45;Toledo;45185 Villacañas;Hombres;2009;5349
45;Toledo;45185 Villacañas;Hombres;2008;5326
45;Toledo;45185 Villacañas;Hombres;2007;5151
45;Toledo;45185 Villacañas;Hombres;2006;5109
45;Toledo;45185 Villacañas;Hombres;2005;5026
45;Toledo;45185 Villacañas;Hombres;2004;4973
45;Toledo;45185 Villacañas;Hombres;2003;4832
45;Toledo;45185 Villacañas;Hombres;2002;4747
45;Toledo;45185 Villacañas;Hombres;2001;4648
45;Toledo;45185 Villacañas;Hombres;2000;4628
45;Toledo;45185 Villacañas;Hombres;1999;4602
45;Toledo;45185 Villacañas;Hombres;1998;4628
45;Toledo;45185 Villacañas;Hombres;1997;
45;Toledo;45185 Villacañas;Hombres;1996;4599
45;Toledo;45185 Villacañas;Mujeres;2023;4769
45;Toledo;45185 Villacañas;Mujeres;2022;4713
45;Toledo;45185 Villacañas;Mujeres;2021;4729
45;Toledo;45185 Villacañas;Mujeres;2020;4773
45;Toledo;45185 Villacañas;Mujeres;2019;4813
45;Toledo;45185 Villacañas;Mujeres;2018;4866
45;Toledo;45185 Villacañas;Mujeres;2017;4942
45;Toledo;45185 Villacañas;Mujeres;2016;5005
45;Toledo;45185 Villacañas;Mujeres;2015;5066
45;Toledo;45185 Villacañas;Mujeres;2014;5062
45;Toledo;45185 Villacañas;Mujeres;2013;5113
45;Toledo;45185 Villacañas;Mujeres;2012;5257
45;Toledo;45185 Villacañas;Mujeres;2011;5315
45;Toledo;45185 Villacañas;Mujeres;2010;5280
45;Toledo;45185 Villacañas;Mujeres;2009;5296
45;Toledo;45185 Villacañas;Mujeres;2008;5279
45;Toledo;45185 Villacañas;Mujeres;2007;5159
45;Toledo;45185 Villacañas;Mujeres;2006;5099
45;Toledo;45185 Villacañas;Mujeres;2005;5064
45;Toledo;45185 Villacañas;Mujeres;2004;5027
45;Toledo;45185 Villacañas;Mujeres;2003;4907
45;Toledo;45185 Villacañas;Mujeres;2002;4796
45;Toledo;45185 Villacañas;Mujeres;2001;4745
45;Toledo;45185 Villacañas;Mujeres;2000;4719
45;Toledo;45185 Villacañas;Mujeres;1999;4709
45;Toledo;45185 Villacañas;Mujeres;1998;4724
45;Toledo;45185 Villacañas;Mujeres;1997;
45;Toledo;45185 Villacañas;Mujeres;1996;4702
45;Toledo;45187 Villafranca de los Caballeros;Total;2023;4846
45;Toledo;45187 Villafranca de los Caballeros;Total;2022;4884
45;Toledo;45187 Villafranca de los Caballeros;Total;2021;4866
45;Toledo;45187 Villafranca de los Caballeros;Total;2020;4876
45;Toledo;45187 Villafranca de los Caballeros;Total;2019;4896
45;Toledo;45187 Villafranca de los Caballeros;Total;2018;4929
45;Toledo;45187 Villafranca de los Caballeros;Total;2017;5024
45;Toledo;45187 Villafranca de los Caballeros;Total;2016;5098
45;Toledo;45187 Villafranca de los Caballeros;Total;2015;5196
45;Toledo;45187 Villafranca de los Caballeros;Total;2014;5259
45;Toledo;45187 Villafranca de los Caballeros;Total;2013;5319
45;Toledo;45187 Villafranca de los Caballeros;Total;2012;5373
45;Toledo;45187 Villafranca de los Caballeros;Total;2011;5404
45;Toledo;45187 Villafranca de los Caballeros;Total;2010;5438
45;Toledo;45187 Villafranca de los Caballeros;Total;2009;5561
45;Toledo;45187 Villafranca de los Caballeros;Total;2008;5555
45;Toledo;45187 Villafranca de los Caballeros;Total;2007;5430
45;Toledo;45187 Villafranca de los Caballeros;Total;2006;5327
45;Toledo;45187 Villafranca de los Caballeros;Total;2005;5236
45;Toledo;45187 Villafranca de los Caballeros;Total;2004;5210
45;Toledo;45187 Villafranca de los Caballeros;Total;2003;5241
45;Toledo;45187 Villafranca de los Caballeros;Total;2002;5253
45;Toledo;45187 Villafranca de los Caballeros;Total;2001;5305
45;Toledo;45187 Villafranca de los Caballeros;Total;2000;5335
45;Toledo;45187 Villafranca de los Caballeros;Total;1999;5321
45;Toledo;45187 Villafranca de los Caballeros;Total;1998;5286
45;Toledo;45187 Villafranca de los Caballeros;Total;1997;
45;Toledo;45187 Villafranca de los Caballeros;Total;1996;5349
45;Toledo;45187 Villafranca de los Caballeros;Hombres;2023;2449
45;Toledo;45187 Villafranca de los Caballeros;Hombres;2022;2450
45;Toledo;45187 Villafranca de los Caballeros;Hombres;2021;2435
45;Toledo;45187 Villafranca de los Caballeros;Hombres;2020;2426
45;Toledo;45187 Villafranca de los Caballeros;Hombres;2019;2421
45;Toledo;45187 Villafranca de los Caballeros;Hombres;2018;2454
45;Toledo;45187 Villafranca de los Caballeros;Hombres;2017;2500
45;Toledo;45187 Villafranca de los Caballeros;Hombres;2016;2532
45;Toledo;45187 Villafranca de los Caballeros;Hombres;2015;2586
45;Toledo;45187 Villafranca de los Caballeros;Hombres;2014;2617
45;Toledo;45187 Villafranca de los Caballeros;Hombres;2013;2644
45;Toledo;45187 Villafranca de los Caballeros;Hombres;2012;2671
45;Toledo;45187 Villafranca de los Caballeros;Hombres;2011;2698
45;Toledo;45187 Villafranca de los Caballeros;Hombres;2010;2726
45;Toledo;45187 Villafranca de los Caballeros;Hombres;2009;2785
45;Toledo;45187 Villafranca de los Caballeros;Hombres;2008;2789
45;Toledo;45187 Villafranca de los Caballeros;Hombres;2007;2717
45;Toledo;45187 Villafranca de los Caballeros;Hombres;2006;2665
45;Toledo;45187 Villafranca de los Caballeros;Hombres;2005;2598
45;Toledo;45187 Villafranca de los Caballeros;Hombres;2004;2590
45;Toledo;45187 Villafranca de los Caballeros;Hombres;2003;2598
45;Toledo;45187 Villafranca de los Caballeros;Hombres;2002;2604
45;Toledo;45187 Villafranca de los Caballeros;Hombres;2001;2615
45;Toledo;45187 Villafranca de los Caballeros;Hombres;2000;2636
45;Toledo;45187 Villafranca de los Caballeros;Hombres;1999;2620
45;Toledo;45187 Villafranca de los Caballeros;Hombres;1998;2616
45;Toledo;45187 Villafranca de los Caballeros;Hombres;1997;
45;Toledo;45187 Villafranca de los Caballeros;Hombres;1996;2653
45;Toledo;45187 Villafranca de los Caballeros;Mujeres;2023;2397
45;Toledo;45187 Villafranca de los Caballeros;Mujeres;2022;2434
45;Toledo;45187 Villafranca de los Caballeros;Mujeres;2021;2431
45;Toledo;45187 Villafranca de los Caballeros;Mujeres;2020;2450
45;Toledo;45187 Villafranca de los Caballeros;Mujeres;2019;2475
45;Toledo;45187 Villafranca de los Caballeros;Mujeres;2018;2475
45;Toledo;45187 Villafranca de los Caballeros;Mujeres;2017;2524
45;Toledo;45187 Villafranca de los Caballeros;Mujeres;2016;2566
45;Toledo;45187 Villafranca de los Caballeros;Mujeres;2015;2610
45;Toledo;45187 Villafranca de los Caballeros;Mujeres;2014;2642
45;Toledo;45187 Villafranca de los Caballeros;Mujeres;2013;2675
45;Toledo;45187 Villafranca de los Caballeros;Mujeres;2012;2702
45;Toledo;45187 Villafranca de los Caballeros;Mujeres;2011;2706
45;Toledo;45187 Villafranca de los Caballeros;Mujeres;2010;2712
45;Toledo;45187 Villafranca de los Caballeros;Mujeres;2009;2776
45;Toledo;45187 Villafranca de los Caballeros;Mujeres;2008;2766
45;Toledo;45187 Villafranca de los Caballeros;Mujeres;2007;2713
45;Toledo;45187 Villafranca de los Caballeros;Mujeres;2006;2662
45;Toledo;45187 Villafranca de los Caballeros;Mujeres;2005;2638
45;Toledo;45187 Villafranca de los Caballeros;Mujeres;2004;2620
45;Toledo;45187 Villafranca de los Caballeros;Mujeres;2003;2643
45;Toledo;45187 Villafranca de los Caballeros;Mujeres;2002;2649
45;Toledo;45187 Villafranca de los Caballeros;Mujeres;2001;2690
45;Toledo;45187 Villafranca de los Caballeros;Mujeres;2000;2699
45;Toledo;45187 Villafranca de los Caballeros;Mujeres;1999;2701
45;Toledo;45187 Villafranca de los Caballeros;Mujeres;1998;2670
45;Toledo;45187 Villafranca de los Caballeros;Mujeres;1997;
45;Toledo;45187 Villafranca de los Caballeros;Mujeres;1996;2696
45;Toledo;45188 Villaluenga de la Sagra;Total;2023;4162
45;Toledo;45188 Villaluenga de la Sagra;Total;2022;4081
45;Toledo;45188 Villaluenga de la Sagra;Total;2021;4034
45;Toledo;45188 Villaluenga de la Sagra;Total;2020;3887
45;Toledo;45188 Villaluenga de la Sagra;Total;2019;3815
45;Toledo;45188 Villaluenga de la Sagra;Total;2018;3769
45;Toledo;45188 Villaluenga de la Sagra;Total;2017;3780
45;Toledo;45188 Villaluenga de la Sagra;Total;2016;3828
45;Toledo;45188 Villaluenga de la Sagra;Total;2015;3857
45;Toledo;45188 Villaluenga de la Sagra;Total;2014;3963
45;Toledo;45188 Villaluenga de la Sagra;Total;2013;4042
45;Toledo;45188 Villaluenga de la Sagra;Total;2012;4083
45;Toledo;45188 Villaluenga de la Sagra;Total;2011;4030
45;Toledo;45188 Villaluenga de la Sagra;Total;2010;3950
45;Toledo;45188 Villaluenga de la Sagra;Total;2009;3887
45;Toledo;45188 Villaluenga de la Sagra;Total;2008;3756
45;Toledo;45188 Villaluenga de la Sagra;Total;2007;3469
45;Toledo;45188 Villaluenga de la Sagra;Total;2006;3216
45;Toledo;45188 Villaluenga de la Sagra;Total;2005;3049
45;Toledo;45188 Villaluenga de la Sagra;Total;2004;2929
45;Toledo;45188 Villaluenga de la Sagra;Total;2003;2792
45;Toledo;45188 Villaluenga de la Sagra;Total;2002;2678
45;Toledo;45188 Villaluenga de la Sagra;Total;2001;2648
45;Toledo;45188 Villaluenga de la Sagra;Total;2000;2642
45;Toledo;45188 Villaluenga de la Sagra;Total;1999;2639
45;Toledo;45188 Villaluenga de la Sagra;Total;1998;2629
45;Toledo;45188 Villaluenga de la Sagra;Total;1997;
45;Toledo;45188 Villaluenga de la Sagra;Total;1996;2639
45;Toledo;45188 Villaluenga de la Sagra;Hombres;2023;2105
45;Toledo;45188 Villaluenga de la Sagra;Hombres;2022;2045
45;Toledo;45188 Villaluenga de la Sagra;Hombres;2021;2022
45;Toledo;45188 Villaluenga de la Sagra;Hombres;2020;1960
45;Toledo;45188 Villaluenga de la Sagra;Hombres;2019;1905
45;Toledo;45188 Villaluenga de la Sagra;Hombres;2018;1887
45;Toledo;45188 Villaluenga de la Sagra;Hombres;2017;1887
45;Toledo;45188 Villaluenga de la Sagra;Hombres;2016;1903
45;Toledo;45188 Villaluenga de la Sagra;Hombres;2015;1914
45;Toledo;45188 Villaluenga de la Sagra;Hombres;2014;1974
45;Toledo;45188 Villaluenga de la Sagra;Hombres;2013;2024
45;Toledo;45188 Villaluenga de la Sagra;Hombres;2012;2061
45;Toledo;45188 Villaluenga de la Sagra;Hombres;2011;2032
45;Toledo;45188 Villaluenga de la Sagra;Hombres;2010;1999
45;Toledo;45188 Villaluenga de la Sagra;Hombres;2009;1974
45;Toledo;45188 Villaluenga de la Sagra;Hombres;2008;1912
45;Toledo;45188 Villaluenga de la Sagra;Hombres;2007;1749
45;Toledo;45188 Villaluenga de la Sagra;Hombres;2006;1610
45;Toledo;45188 Villaluenga de la Sagra;Hombres;2005;1529
45;Toledo;45188 Villaluenga de la Sagra;Hombres;2004;1457
45;Toledo;45188 Villaluenga de la Sagra;Hombres;2003;1385
45;Toledo;45188 Villaluenga de la Sagra;Hombres;2002;1326
45;Toledo;45188 Villaluenga de la Sagra;Hombres;2001;1314
45;Toledo;45188 Villaluenga de la Sagra;Hombres;2000;1307
45;Toledo;45188 Villaluenga de la Sagra;Hombres;1999;1312
45;Toledo;45188 Villaluenga de la Sagra;Hombres;1998;1318
45;Toledo;45188 Villaluenga de la Sagra;Hombres;1997;
45;Toledo;45188 Villaluenga de la Sagra;Hombres;1996;1335
45;Toledo;45188 Villaluenga de la Sagra;Mujeres;2023;2057
45;Toledo;45188 Villaluenga de la Sagra;Mujeres;2022;2036
45;Toledo;45188 Villaluenga de la Sagra;Mujeres;2021;2012
45;Toledo;45188 Villaluenga de la Sagra;Mujeres;2020;1927
45;Toledo;45188 Villaluenga de la Sagra;Mujeres;2019;1910
45;Toledo;45188 Villaluenga de la Sagra;Mujeres;2018;1882
45;Toledo;45188 Villaluenga de la Sagra;Mujeres;2017;1893
45;Toledo;45188 Villaluenga de la Sagra;Mujeres;2016;1925
45;Toledo;45188 Villaluenga de la Sagra;Mujeres;2015;1943
45;Toledo;45188 Villaluenga de la Sagra;Mujeres;2014;1989
45;Toledo;45188 Villaluenga de la Sagra;Mujeres;2013;2018
45;Toledo;45188 Villaluenga de la Sagra;Mujeres;2012;2022
45;Toledo;45188 Villaluenga de la Sagra;Mujeres;2011;1998
45;Toledo;45188 Villaluenga de la Sagra;Mujeres;2010;1951
45;Toledo;45188 Villaluenga de la Sagra;Mujeres;2009;1913
45;Toledo;45188 Villaluenga de la Sagra;Mujeres;2008;1844
45;Toledo;45188 Villaluenga de la Sagra;Mujeres;2007;1720
45;Toledo;45188 Villaluenga de la Sagra;Mujeres;2006;1606
45;Toledo;45188 Villaluenga de la Sagra;Mujeres;2005;1520
45;Toledo;45188 Villaluenga de la Sagra;Mujeres;2004;1472
45;Toledo;45188 Villaluenga de la Sagra;Mujeres;2003;1407
45;Toledo;45188 Villaluenga de la Sagra;Mujeres;2002;1352
45;Toledo;45188 Villaluenga de la Sagra;Mujeres;2001;1334
45;Toledo;45188 Villaluenga de la Sagra;Mujeres;2000;1335
45;Toledo;45188 Villaluenga de la Sagra;Mujeres;1999;1327
45;Toledo;45188 Villaluenga de la Sagra;Mujeres;1998;1311
45;Toledo;45188 Villaluenga de la Sagra;Mujeres;1997;
45;Toledo;45188 Villaluenga de la Sagra;Mujeres;1996;1304
45;Toledo;45189 Villamiel de Toledo;Total;2023;1056
45;Toledo;45189 Villamiel de Toledo;Total;2022;1021
45;Toledo;45189 Villamiel de Toledo;Total;2021;997
45;Toledo;45189 Villamiel de Toledo;Total;2020;926
45;Toledo;45189 Villamiel de Toledo;Total;2019;873
45;Toledo;45189 Villamiel de Toledo;Total;2018;867
45;Toledo;45189 Villamiel de Toledo;Total;2017;876
45;Toledo;45189 Villamiel de Toledo;Total;2016;857
45;Toledo;45189 Villamiel de Toledo;Total;2015;872
45;Toledo;45189 Villamiel de Toledo;Total;2014;894
45;Toledo;45189 Villamiel de Toledo;Total;2013;915
45;Toledo;45189 Villamiel de Toledo;Total;2012;941
45;Toledo;45189 Villamiel de Toledo;Total;2011;931
45;Toledo;45189 Villamiel de Toledo;Total;2010;906
45;Toledo;45189 Villamiel de Toledo;Total;2009;862
45;Toledo;45189 Villamiel de Toledo;Total;2008;812
45;Toledo;45189 Villamiel de Toledo;Total;2007;796
45;Toledo;45189 Villamiel de Toledo;Total;2006;753
45;Toledo;45189 Villamiel de Toledo;Total;2005;704
45;Toledo;45189 Villamiel de Toledo;Total;2004;626
45;Toledo;45189 Villamiel de Toledo;Total;2003;513
45;Toledo;45189 Villamiel de Toledo;Total;2002;475
45;Toledo;45189 Villamiel de Toledo;Total;2001;472
45;Toledo;45189 Villamiel de Toledo;Total;2000;477
45;Toledo;45189 Villamiel de Toledo;Total;1999;470
45;Toledo;45189 Villamiel de Toledo;Total;1998;466
45;Toledo;45189 Villamiel de Toledo;Total;1997;
45;Toledo;45189 Villamiel de Toledo;Total;1996;441
45;Toledo;45189 Villamiel de Toledo;Hombres;2023;537
45;Toledo;45189 Villamiel de Toledo;Hombres;2022;521
45;Toledo;45189 Villamiel de Toledo;Hombres;2021;515
45;Toledo;45189 Villamiel de Toledo;Hombres;2020;481
45;Toledo;45189 Villamiel de Toledo;Hombres;2019;447
45;Toledo;45189 Villamiel de Toledo;Hombres;2018;445
45;Toledo;45189 Villamiel de Toledo;Hombres;2017;455
45;Toledo;45189 Villamiel de Toledo;Hombres;2016;451
45;Toledo;45189 Villamiel de Toledo;Hombres;2015;464
45;Toledo;45189 Villamiel de Toledo;Hombres;2014;478
45;Toledo;45189 Villamiel de Toledo;Hombres;2013;484
45;Toledo;45189 Villamiel de Toledo;Hombres;2012;490
45;Toledo;45189 Villamiel de Toledo;Hombres;2011;491
45;Toledo;45189 Villamiel de Toledo;Hombres;2010;469
45;Toledo;45189 Villamiel de Toledo;Hombres;2009;454
45;Toledo;45189 Villamiel de Toledo;Hombres;2008;427
45;Toledo;45189 Villamiel de Toledo;Hombres;2007;416
45;Toledo;45189 Villamiel de Toledo;Hombres;2006;387
45;Toledo;45189 Villamiel de Toledo;Hombres;2005;361
45;Toledo;45189 Villamiel de Toledo;Hombres;2004;319
45;Toledo;45189 Villamiel de Toledo;Hombres;2003;257
45;Toledo;45189 Villamiel de Toledo;Hombres;2002;248
45;Toledo;45189 Villamiel de Toledo;Hombres;2001;244
45;Toledo;45189 Villamiel de Toledo;Hombres;2000;242
45;Toledo;45189 Villamiel de Toledo;Hombres;1999;234
45;Toledo;45189 Villamiel de Toledo;Hombres;1998;230
45;Toledo;45189 Villamiel de Toledo;Hombres;1997;
45;Toledo;45189 Villamiel de Toledo;Hombres;1996;224
45;Toledo;45189 Villamiel de Toledo;Mujeres;2023;519
45;Toledo;45189 Villamiel de Toledo;Mujeres;2022;500
45;Toledo;45189 Villamiel de Toledo;Mujeres;2021;482
45;Toledo;45189 Villamiel de Toledo;Mujeres;2020;445
45;Toledo;45189 Villamiel de Toledo;Mujeres;2019;426
45;Toledo;45189 Villamiel de Toledo;Mujeres;2018;422
45;Toledo;45189 Villamiel de Toledo;Mujeres;2017;421
45;Toledo;45189 Villamiel de Toledo;Mujeres;2016;406
45;Toledo;45189 Villamiel de Toledo;Mujeres;2015;408
45;Toledo;45189 Villamiel de Toledo;Mujeres;2014;416
45;Toledo;45189 Villamiel de Toledo;Mujeres;2013;431
45;Toledo;45189 Villamiel de Toledo;Mujeres;2012;451
45;Toledo;45189 Villamiel de Toledo;Mujeres;2011;440
45;Toledo;45189 Villamiel de Toledo;Mujeres;2010;437
45;Toledo;45189 Villamiel de Toledo;Mujeres;2009;408
45;Toledo;45189 Villamiel de Toledo;Mujeres;2008;385
45;Toledo;45189 Villamiel de Toledo;Mujeres;2007;380
45;Toledo;45189 Villamiel de Toledo;Mujeres;2006;366
45;Toledo;45189 Villamiel de Toledo;Mujeres;2005;343
45;Toledo;45189 Villamiel de Toledo;Mujeres;2004;307
45;Toledo;45189 Villamiel de Toledo;Mujeres;2003;256
45;Toledo;45189 Villamiel de Toledo;Mujeres;2002;227
45;Toledo;45189 Villamiel de Toledo;Mujeres;2001;228
45;Toledo;45189 Villamiel de Toledo;Mujeres;2000;235
45;Toledo;45189 Villamiel de Toledo;Mujeres;1999;236
45;Toledo;45189 Villamiel de Toledo;Mujeres;1998;236
45;Toledo;45189 Villamiel de Toledo;Mujeres;1997;
45;Toledo;45189 Villamiel de Toledo;Mujeres;1996;217
45;Toledo;45190 Villaminaya;Total;2023;498
45;Toledo;45190 Villaminaya;Total;2022;508
45;Toledo;45190 Villaminaya;Total;2021;513
45;Toledo;45190 Villaminaya;Total;2020;537
45;Toledo;45190 Villaminaya;Total;2019;527
45;Toledo;45190 Villaminaya;Total;2018;539
45;Toledo;45190 Villaminaya;Total;2017;552
45;Toledo;45190 Villaminaya;Total;2016;567
45;Toledo;45190 Villaminaya;Total;2015;559
45;Toledo;45190 Villaminaya;Total;2014;565
45;Toledo;45190 Villaminaya;Total;2013;566
45;Toledo;45190 Villaminaya;Total;2012;589
45;Toledo;45190 Villaminaya;Total;2011;607
45;Toledo;45190 Villaminaya;Total;2010;597
45;Toledo;45190 Villaminaya;Total;2009;592
45;Toledo;45190 Villaminaya;Total;2008;608
45;Toledo;45190 Villaminaya;Total;2007;594
45;Toledo;45190 Villaminaya;Total;2006;586
45;Toledo;45190 Villaminaya;Total;2005;594
45;Toledo;45190 Villaminaya;Total;2004;594
45;Toledo;45190 Villaminaya;Total;2003;599
45;Toledo;45190 Villaminaya;Total;2002;619
45;Toledo;45190 Villaminaya;Total;2001;636
45;Toledo;45190 Villaminaya;Total;2000;644
45;Toledo;45190 Villaminaya;Total;1999;656
45;Toledo;45190 Villaminaya;Total;1998;656
45;Toledo;45190 Villaminaya;Total;1997;
45;Toledo;45190 Villaminaya;Total;1996;655
45;Toledo;45190 Villaminaya;Hombres;2023;255
45;Toledo;45190 Villaminaya;Hombres;2022;256
45;Toledo;45190 Villaminaya;Hombres;2021;257
45;Toledo;45190 Villaminaya;Hombres;2020;271
45;Toledo;45190 Villaminaya;Hombres;2019;264
45;Toledo;45190 Villaminaya;Hombres;2018;272
45;Toledo;45190 Villaminaya;Hombres;2017;280
45;Toledo;45190 Villaminaya;Hombres;2016;288
45;Toledo;45190 Villaminaya;Hombres;2015;283
45;Toledo;45190 Villaminaya;Hombres;2014;289
45;Toledo;45190 Villaminaya;Hombres;2013;291
45;Toledo;45190 Villaminaya;Hombres;2012;299
45;Toledo;45190 Villaminaya;Hombres;2011;306
45;Toledo;45190 Villaminaya;Hombres;2010;297
45;Toledo;45190 Villaminaya;Hombres;2009;293
45;Toledo;45190 Villaminaya;Hombres;2008;304
45;Toledo;45190 Villaminaya;Hombres;2007;300
45;Toledo;45190 Villaminaya;Hombres;2006;294
45;Toledo;45190 Villaminaya;Hombres;2005;300
45;Toledo;45190 Villaminaya;Hombres;2004;301
45;Toledo;45190 Villaminaya;Hombres;2003;306
45;Toledo;45190 Villaminaya;Hombres;2002;320
45;Toledo;45190 Villaminaya;Hombres;2001;324
45;Toledo;45190 Villaminaya;Hombres;2000;325
45;Toledo;45190 Villaminaya;Hombres;1999;331
45;Toledo;45190 Villaminaya;Hombres;1998;328
45;Toledo;45190 Villaminaya;Hombres;1997;
45;Toledo;45190 Villaminaya;Hombres;1996;333
45;Toledo;45190 Villaminaya;Mujeres;2023;243
45;Toledo;45190 Villaminaya;Mujeres;2022;252
45;Toledo;45190 Villaminaya;Mujeres;2021;256
45;Toledo;45190 Villaminaya;Mujeres;2020;266
45;Toledo;45190 Villaminaya;Mujeres;2019;263
45;Toledo;45190 Villaminaya;Mujeres;2018;267
45;Toledo;45190 Villaminaya;Mujeres;2017;272
45;Toledo;45190 Villaminaya;Mujeres;2016;279
45;Toledo;45190 Villaminaya;Mujeres;2015;276
45;Toledo;45190 Villaminaya;Mujeres;2014;276
45;Toledo;45190 Villaminaya;Mujeres;2013;275
45;Toledo;45190 Villaminaya;Mujeres;2012;290
45;Toledo;45190 Villaminaya;Mujeres;2011;301
45;Toledo;45190 Villaminaya;Mujeres;2010;300
45;Toledo;45190 Villaminaya;Mujeres;2009;299
45;Toledo;45190 Villaminaya;Mujeres;2008;304
45;Toledo;45190 Villaminaya;Mujeres;2007;294
45;Toledo;45190 Villaminaya;Mujeres;2006;292
45;Toledo;45190 Villaminaya;Mujeres;2005;294
45;Toledo;45190 Villaminaya;Mujeres;2004;293
45;Toledo;45190 Villaminaya;Mujeres;2003;293
45;Toledo;45190 Villaminaya;Mujeres;2002;299
45;Toledo;45190 Villaminaya;Mujeres;2001;312
45;Toledo;45190 Villaminaya;Mujeres;2000;319
45;Toledo;45190 Villaminaya;Mujeres;1999;325
45;Toledo;45190 Villaminaya;Mujeres;1998;328
45;Toledo;45190 Villaminaya;Mujeres;1997;
45;Toledo;45190 Villaminaya;Mujeres;1996;322
45;Toledo;45191 Villamuelas;Total;2023;613
45;Toledo;45191 Villamuelas;Total;2022;610
45;Toledo;45191 Villamuelas;Total;2021;613
45;Toledo;45191 Villamuelas;Total;2020;606
45;Toledo;45191 Villamuelas;Total;2019;612
45;Toledo;45191 Villamuelas;Total;2018;620
45;Toledo;45191 Villamuelas;Total;2017;632
45;Toledo;45191 Villamuelas;Total;2016;651
45;Toledo;45191 Villamuelas;Total;2015;671
45;Toledo;45191 Villamuelas;Total;2014;692
45;Toledo;45191 Villamuelas;Total;2013;704
45;Toledo;45191 Villamuelas;Total;2012;729
45;Toledo;45191 Villamuelas;Total;2011;727
45;Toledo;45191 Villamuelas;Total;2010;731
45;Toledo;45191 Villamuelas;Total;2009;737
45;Toledo;45191 Villamuelas;Total;2008;751
45;Toledo;45191 Villamuelas;Total;2007;742
45;Toledo;45191 Villamuelas;Total;2006;737
45;Toledo;45191 Villamuelas;Total;2005;756
45;Toledo;45191 Villamuelas;Total;2004;735
45;Toledo;45191 Villamuelas;Total;2003;743
45;Toledo;45191 Villamuelas;Total;2002;741
45;Toledo;45191 Villamuelas;Total;2001;746
45;Toledo;45191 Villamuelas;Total;2000;743
45;Toledo;45191 Villamuelas;Total;1999;750
45;Toledo;45191 Villamuelas;Total;1998;750
45;Toledo;45191 Villamuelas;Total;1997;
45;Toledo;45191 Villamuelas;Total;1996;760
45;Toledo;45191 Villamuelas;Hombres;2023;320
45;Toledo;45191 Villamuelas;Hombres;2022;318
45;Toledo;45191 Villamuelas;Hombres;2021;322
45;Toledo;45191 Villamuelas;Hombres;2020;319
45;Toledo;45191 Villamuelas;Hombres;2019;322
45;Toledo;45191 Villamuelas;Hombres;2018;325
45;Toledo;45191 Villamuelas;Hombres;2017;331
45;Toledo;45191 Villamuelas;Hombres;2016;341
45;Toledo;45191 Villamuelas;Hombres;2015;346
45;Toledo;45191 Villamuelas;Hombres;2014;358
45;Toledo;45191 Villamuelas;Hombres;2013;368
45;Toledo;45191 Villamuelas;Hombres;2012;373
45;Toledo;45191 Villamuelas;Hombres;2011;371
45;Toledo;45191 Villamuelas;Hombres;2010;367
45;Toledo;45191 Villamuelas;Hombres;2009;367
45;Toledo;45191 Villamuelas;Hombres;2008;376
45;Toledo;45191 Villamuelas;Hombres;2007;376
45;Toledo;45191 Villamuelas;Hombres;2006;372
45;Toledo;45191 Villamuelas;Hombres;2005;384
45;Toledo;45191 Villamuelas;Hombres;2004;370
45;Toledo;45191 Villamuelas;Hombres;2003;372
45;Toledo;45191 Villamuelas;Hombres;2002;366
45;Toledo;45191 Villamuelas;Hombres;2001;367
45;Toledo;45191 Villamuelas;Hombres;2000;368
45;Toledo;45191 Villamuelas;Hombres;1999;370
45;Toledo;45191 Villamuelas;Hombres;1998;370
45;Toledo;45191 Villamuelas;Hombres;1997;
45;Toledo;45191 Villamuelas;Hombres;1996;377
45;Toledo;45191 Villamuelas;Mujeres;2023;293
45;Toledo;45191 Villamuelas;Mujeres;2022;292
45;Toledo;45191 Villamuelas;Mujeres;2021;291
45;Toledo;45191 Villamuelas;Mujeres;2020;287
45;Toledo;45191 Villamuelas;Mujeres;2019;290
45;Toledo;45191 Villamuelas;Mujeres;2018;295
45;Toledo;45191 Villamuelas;Mujeres;2017;301
45;Toledo;45191 Villamuelas;Mujeres;2016;310
45;Toledo;45191 Villamuelas;Mujeres;2015;325
45;Toledo;45191 Villamuelas;Mujeres;2014;334
45;Toledo;45191 Villamuelas;Mujeres;2013;336
45;Toledo;45191 Villamuelas;Mujeres;2012;356
45;Toledo;45191 Villamuelas;Mujeres;2011;356
45;Toledo;45191 Villamuelas;Mujeres;2010;364
45;Toledo;45191 Villamuelas;Mujeres;2009;370
45;Toledo;45191 Villamuelas;Mujeres;2008;375
45;Toledo;45191 Villamuelas;Mujeres;2007;366
45;Toledo;45191 Villamuelas;Mujeres;2006;365
45;Toledo;45191 Villamuelas;Mujeres;2005;372
45;Toledo;45191 Villamuelas;Mujeres;2004;365
45;Toledo;45191 Villamuelas;Mujeres;2003;371
45;Toledo;45191 Villamuelas;Mujeres;2002;375
45;Toledo;45191 Villamuelas;Mujeres;2001;379
45;Toledo;45191 Villamuelas;Mujeres;2000;375
45;Toledo;45191 Villamuelas;Mujeres;1999;380
45;Toledo;45191 Villamuelas;Mujeres;1998;380
45;Toledo;45191 Villamuelas;Mujeres;1997;
45;Toledo;45191 Villamuelas;Mujeres;1996;383
45;Toledo;45192 Villanueva de Alcardete;Total;2023;2985
45;Toledo;45192 Villanueva de Alcardete;Total;2022;3062
45;Toledo;45192 Villanueva de Alcardete;Total;2021;3130
45;Toledo;45192 Villanueva de Alcardete;Total;2020;3172
45;Toledo;45192 Villanueva de Alcardete;Total;2019;3250
45;Toledo;45192 Villanueva de Alcardete;Total;2018;3298
45;Toledo;45192 Villanueva de Alcardete;Total;2017;3362
45;Toledo;45192 Villanueva de Alcardete;Total;2016;3451
45;Toledo;45192 Villanueva de Alcardete;Total;2015;3503
45;Toledo;45192 Villanueva de Alcardete;Total;2014;3553
45;Toledo;45192 Villanueva de Alcardete;Total;2013;3706
45;Toledo;45192 Villanueva de Alcardete;Total;2012;3761
45;Toledo;45192 Villanueva de Alcardete;Total;2011;3799
45;Toledo;45192 Villanueva de Alcardete;Total;2010;3792
45;Toledo;45192 Villanueva de Alcardete;Total;2009;3783
45;Toledo;45192 Villanueva de Alcardete;Total;2008;3806
45;Toledo;45192 Villanueva de Alcardete;Total;2007;3698
45;Toledo;45192 Villanueva de Alcardete;Total;2006;3773
45;Toledo;45192 Villanueva de Alcardete;Total;2005;3726
45;Toledo;45192 Villanueva de Alcardete;Total;2004;3589
45;Toledo;45192 Villanueva de Alcardete;Total;2003;3503
45;Toledo;45192 Villanueva de Alcardete;Total;2002;3469
45;Toledo;45192 Villanueva de Alcardete;Total;2001;3449
45;Toledo;45192 Villanueva de Alcardete;Total;2000;3293
45;Toledo;45192 Villanueva de Alcardete;Total;1999;3304
45;Toledo;45192 Villanueva de Alcardete;Total;1998;3301
45;Toledo;45192 Villanueva de Alcardete;Total;1997;
45;Toledo;45192 Villanueva de Alcardete;Total;1996;3313
45;Toledo;45192 Villanueva de Alcardete;Hombres;2023;1534
45;Toledo;45192 Villanueva de Alcardete;Hombres;2022;1581
45;Toledo;45192 Villanueva de Alcardete;Hombres;2021;1619
45;Toledo;45192 Villanueva de Alcardete;Hombres;2020;1639
45;Toledo;45192 Villanueva de Alcardete;Hombres;2019;1675
45;Toledo;45192 Villanueva de Alcardete;Hombres;2018;1717
45;Toledo;45192 Villanueva de Alcardete;Hombres;2017;1743
45;Toledo;45192 Villanueva de Alcardete;Hombres;2016;1801
45;Toledo;45192 Villanueva de Alcardete;Hombres;2015;1822
45;Toledo;45192 Villanueva de Alcardete;Hombres;2014;1841
45;Toledo;45192 Villanueva de Alcardete;Hombres;2013;1941
45;Toledo;45192 Villanueva de Alcardete;Hombres;2012;1966
45;Toledo;45192 Villanueva de Alcardete;Hombres;2011;1973
45;Toledo;45192 Villanueva de Alcardete;Hombres;2010;1969
45;Toledo;45192 Villanueva de Alcardete;Hombres;2009;1964
45;Toledo;45192 Villanueva de Alcardete;Hombres;2008;1973
45;Toledo;45192 Villanueva de Alcardete;Hombres;2007;1905
45;Toledo;45192 Villanueva de Alcardete;Hombres;2006;1984
45;Toledo;45192 Villanueva de Alcardete;Hombres;2005;1961
45;Toledo;45192 Villanueva de Alcardete;Hombres;2004;1875
45;Toledo;45192 Villanueva de Alcardete;Hombres;2003;1815
45;Toledo;45192 Villanueva de Alcardete;Hombres;2002;1805
45;Toledo;45192 Villanueva de Alcardete;Hombres;2001;1784
45;Toledo;45192 Villanueva de Alcardete;Hombres;2000;1665
45;Toledo;45192 Villanueva de Alcardete;Hombres;1999;1664
45;Toledo;45192 Villanueva de Alcardete;Hombres;1998;1657
45;Toledo;45192 Villanueva de Alcardete;Hombres;1997;
45;Toledo;45192 Villanueva de Alcardete;Hombres;1996;1655
45;Toledo;45192 Villanueva de Alcardete;Mujeres;2023;1451
45;Toledo;45192 Villanueva de Alcardete;Mujeres;2022;1481
45;Toledo;45192 Villanueva de Alcardete;Mujeres;2021;1511
45;Toledo;45192 Villanueva de Alcardete;Mujeres;2020;1533
45;Toledo;45192 Villanueva de Alcardete;Mujeres;2019;1575
45;Toledo;45192 Villanueva de Alcardete;Mujeres;2018;1581
45;Toledo;45192 Villanueva de Alcardete;Mujeres;2017;1619
45;Toledo;45192 Villanueva de Alcardete;Mujeres;2016;1650
45;Toledo;45192 Villanueva de Alcardete;Mujeres;2015;1681
45;Toledo;45192 Villanueva de Alcardete;Mujeres;2014;1712
45;Toledo;45192 Villanueva de Alcardete;Mujeres;2013;1765
45;Toledo;45192 Villanueva de Alcardete;Mujeres;2012;1795
45;Toledo;45192 Villanueva de Alcardete;Mujeres;2011;1826
45;Toledo;45192 Villanueva de Alcardete;Mujeres;2010;1823
45;Toledo;45192 Villanueva de Alcardete;Mujeres;2009;1819
45;Toledo;45192 Villanueva de Alcardete;Mujeres;2008;1833
45;Toledo;45192 Villanueva de Alcardete;Mujeres;2007;1793
45;Toledo;45192 Villanueva de Alcardete;Mujeres;2006;1789
45;Toledo;45192 Villanueva de Alcardete;Mujeres;2005;1765
45;Toledo;45192 Villanueva de Alcardete;Mujeres;2004;1714
45;Toledo;45192 Villanueva de Alcardete;Mujeres;2003;1688
45;Toledo;45192 Villanueva de Alcardete;Mujeres;2002;1664
45;Toledo;45192 Villanueva de Alcardete;Mujeres;2001;1665
45;Toledo;45192 Villanueva de Alcardete;Mujeres;2000;1628
45;Toledo;45192 Villanueva de Alcardete;Mujeres;1999;1640
45;Toledo;45192 Villanueva de Alcardete;Mujeres;1998;1644
45;Toledo;45192 Villanueva de Alcardete;Mujeres;1997;
45;Toledo;45192 Villanueva de Alcardete;Mujeres;1996;1658
45;Toledo;45193 Villanueva de Bogas;Total;2023;695
45;Toledo;45193 Villanueva de Bogas;Total;2022;699
45;Toledo;45193 Villanueva de Bogas;Total;2021;694
45;Toledo;45193 Villanueva de Bogas;Total;2020;699
45;Toledo;45193 Villanueva de Bogas;Total;2019;712
45;Toledo;45193 Villanueva de Bogas;Total;2018;728
45;Toledo;45193 Villanueva de Bogas;Total;2017;742
45;Toledo;45193 Villanueva de Bogas;Total;2016;755
45;Toledo;45193 Villanueva de Bogas;Total;2015;774
45;Toledo;45193 Villanueva de Bogas;Total;2014;787
45;Toledo;45193 Villanueva de Bogas;Total;2013;805
45;Toledo;45193 Villanueva de Bogas;Total;2012;816
45;Toledo;45193 Villanueva de Bogas;Total;2011;807
45;Toledo;45193 Villanueva de Bogas;Total;2010;791
45;Toledo;45193 Villanueva de Bogas;Total;2009;780
45;Toledo;45193 Villanueva de Bogas;Total;2008;802
45;Toledo;45193 Villanueva de Bogas;Total;2007;809
45;Toledo;45193 Villanueva de Bogas;Total;2006;805
45;Toledo;45193 Villanueva de Bogas;Total;2005;810
45;Toledo;45193 Villanueva de Bogas;Total;2004;818
45;Toledo;45193 Villanueva de Bogas;Total;2003;819
45;Toledo;45193 Villanueva de Bogas;Total;2002;832
45;Toledo;45193 Villanueva de Bogas;Total;2001;823
45;Toledo;45193 Villanueva de Bogas;Total;2000;819
45;Toledo;45193 Villanueva de Bogas;Total;1999;835
45;Toledo;45193 Villanueva de Bogas;Total;1998;849
45;Toledo;45193 Villanueva de Bogas;Total;1997;
45;Toledo;45193 Villanueva de Bogas;Total;1996;843
45;Toledo;45193 Villanueva de Bogas;Hombres;2023;356
45;Toledo;45193 Villanueva de Bogas;Hombres;2022;362
45;Toledo;45193 Villanueva de Bogas;Hombres;2021;361
45;Toledo;45193 Villanueva de Bogas;Hombres;2020;361
45;Toledo;45193 Villanueva de Bogas;Hombres;2019;370
45;Toledo;45193 Villanueva de Bogas;Hombres;2018;375
45;Toledo;45193 Villanueva de Bogas;Hombres;2017;380
45;Toledo;45193 Villanueva de Bogas;Hombres;2016;392
45;Toledo;45193 Villanueva de Bogas;Hombres;2015;397
45;Toledo;45193 Villanueva de Bogas;Hombres;2014;403
45;Toledo;45193 Villanueva de Bogas;Hombres;2013;412
45;Toledo;45193 Villanueva de Bogas;Hombres;2012;418
45;Toledo;45193 Villanueva de Bogas;Hombres;2011;424
45;Toledo;45193 Villanueva de Bogas;Hombres;2010;405
45;Toledo;45193 Villanueva de Bogas;Hombres;2009;399
45;Toledo;45193 Villanueva de Bogas;Hombres;2008;410
45;Toledo;45193 Villanueva de Bogas;Hombres;2007;424
45;Toledo;45193 Villanueva de Bogas;Hombres;2006;420
45;Toledo;45193 Villanueva de Bogas;Hombres;2005;420
45;Toledo;45193 Villanueva de Bogas;Hombres;2004;419
45;Toledo;45193 Villanueva de Bogas;Hombres;2003;414
45;Toledo;45193 Villanueva de Bogas;Hombres;2002;413
45;Toledo;45193 Villanueva de Bogas;Hombres;2001;408
45;Toledo;45193 Villanueva de Bogas;Hombres;2000;407
45;Toledo;45193 Villanueva de Bogas;Hombres;1999;415
45;Toledo;45193 Villanueva de Bogas;Hombres;1998;421
45;Toledo;45193 Villanueva de Bogas;Hombres;1997;
45;Toledo;45193 Villanueva de Bogas;Hombres;1996;419
45;Toledo;45193 Villanueva de Bogas;Mujeres;2023;339
45;Toledo;45193 Villanueva de Bogas;Mujeres;2022;337
45;Toledo;45193 Villanueva de Bogas;Mujeres;2021;333
45;Toledo;45193 Villanueva de Bogas;Mujeres;2020;338
45;Toledo;45193 Villanueva de Bogas;Mujeres;2019;342
45;Toledo;45193 Villanueva de Bogas;Mujeres;2018;353
45;Toledo;45193 Villanueva de Bogas;Mujeres;2017;362
45;Toledo;45193 Villanueva de Bogas;Mujeres;2016;363
45;Toledo;45193 Villanueva de Bogas;Mujeres;2015;377
45;Toledo;45193 Villanueva de Bogas;Mujeres;2014;384
45;Toledo;45193 Villanueva de Bogas;Mujeres;2013;393
45;Toledo;45193 Villanueva de Bogas;Mujeres;2012;398
45;Toledo;45193 Villanueva de Bogas;Mujeres;2011;383
45;Toledo;45193 Villanueva de Bogas;Mujeres;2010;386
45;Toledo;45193 Villanueva de Bogas;Mujeres;2009;381
45;Toledo;45193 Villanueva de Bogas;Mujeres;2008;392
45;Toledo;45193 Villanueva de Bogas;Mujeres;2007;385
45;Toledo;45193 Villanueva de Bogas;Mujeres;2006;385
45;Toledo;45193 Villanueva de Bogas;Mujeres;2005;390
45;Toledo;45193 Villanueva de Bogas;Mujeres;2004;399
45;Toledo;45193 Villanueva de Bogas;Mujeres;2003;405
45;Toledo;45193 Villanueva de Bogas;Mujeres;2002;419
45;Toledo;45193 Villanueva de Bogas;Mujeres;2001;415
45;Toledo;45193 Villanueva de Bogas;Mujeres;2000;412
45;Toledo;45193 Villanueva de Bogas;Mujeres;1999;420
45;Toledo;45193 Villanueva de Bogas;Mujeres;1998;428
45;Toledo;45193 Villanueva de Bogas;Mujeres;1997;
45;Toledo;45193 Villanueva de Bogas;Mujeres;1996;424
45;Toledo;45194 Villarejo de Montalbán;Total;2023;69
45;Toledo;45194 Villarejo de Montalbán;Total;2022;75
45;Toledo;45194 Villarejo de Montalbán;Total;2021;73
45;Toledo;45194 Villarejo de Montalbán;Total;2020;71
45;Toledo;45194 Villarejo de Montalbán;Total;2019;74
45;Toledo;45194 Villarejo de Montalbán;Total;2018;73
45;Toledo;45194 Villarejo de Montalbán;Total;2017;82
45;Toledo;45194 Villarejo de Montalbán;Total;2016;77
45;Toledo;45194 Villarejo de Montalbán;Total;2015;81
45;Toledo;45194 Villarejo de Montalbán;Total;2014;76
45;Toledo;45194 Villarejo de Montalbán;Total;2013;74
45;Toledo;45194 Villarejo de Montalbán;Total;2012;71
45;Toledo;45194 Villarejo de Montalbán;Total;2011;64
45;Toledo;45194 Villarejo de Montalbán;Total;2010;66
45;Toledo;45194 Villarejo de Montalbán;Total;2009;73
45;Toledo;45194 Villarejo de Montalbán;Total;2008;67
45;Toledo;45194 Villarejo de Montalbán;Total;2007;70
45;Toledo;45194 Villarejo de Montalbán;Total;2006;76
45;Toledo;45194 Villarejo de Montalbán;Total;2005;77
45;Toledo;45194 Villarejo de Montalbán;Total;2004;78
45;Toledo;45194 Villarejo de Montalbán;Total;2003;80
45;Toledo;45194 Villarejo de Montalbán;Total;2002;91
45;Toledo;45194 Villarejo de Montalbán;Total;2001;93
45;Toledo;45194 Villarejo de Montalbán;Total;2000;100
45;Toledo;45194 Villarejo de Montalbán;Total;1999;95
45;Toledo;45194 Villarejo de Montalbán;Total;1998;97
45;Toledo;45194 Villarejo de Montalbán;Total;1997;
45;Toledo;45194 Villarejo de Montalbán;Total;1996;104
45;Toledo;45194 Villarejo de Montalbán;Hombres;2023;35
45;Toledo;45194 Villarejo de Montalbán;Hombres;2022;40
45;Toledo;45194 Villarejo de Montalbán;Hombres;2021;40
45;Toledo;45194 Villarejo de Montalbán;Hombres;2020;39
45;Toledo;45194 Villarejo de Montalbán;Hombres;2019;39
45;Toledo;45194 Villarejo de Montalbán;Hombres;2018;38
45;Toledo;45194 Villarejo de Montalbán;Hombres;2017;46
45;Toledo;45194 Villarejo de Montalbán;Hombres;2016;42
45;Toledo;45194 Villarejo de Montalbán;Hombres;2015;44
45;Toledo;45194 Villarejo de Montalbán;Hombres;2014;40
45;Toledo;45194 Villarejo de Montalbán;Hombres;2013;40
45;Toledo;45194 Villarejo de Montalbán;Hombres;2012;37
45;Toledo;45194 Villarejo de Montalbán;Hombres;2011;33
45;Toledo;45194 Villarejo de Montalbán;Hombres;2010;35
45;Toledo;45194 Villarejo de Montalbán;Hombres;2009;38
45;Toledo;45194 Villarejo de Montalbán;Hombres;2008;36
45;Toledo;45194 Villarejo de Montalbán;Hombres;2007;37
45;Toledo;45194 Villarejo de Montalbán;Hombres;2006;40
45;Toledo;45194 Villarejo de Montalbán;Hombres;2005;42
45;Toledo;45194 Villarejo de Montalbán;Hombres;2004;42
45;Toledo;45194 Villarejo de Montalbán;Hombres;2003;41
45;Toledo;45194 Villarejo de Montalbán;Hombres;2002;45
45;Toledo;45194 Villarejo de Montalbán;Hombres;2001;46
45;Toledo;45194 Villarejo de Montalbán;Hombres;2000;53
45;Toledo;45194 Villarejo de Montalbán;Hombres;1999;49
45;Toledo;45194 Villarejo de Montalbán;Hombres;1998;49
45;Toledo;45194 Villarejo de Montalbán;Hombres;1997;
45;Toledo;45194 Villarejo de Montalbán;Hombres;1996;53
45;Toledo;45194 Villarejo de Montalbán;Mujeres;2023;34
45;Toledo;45194 Villarejo de Montalbán;Mujeres;2022;35
45;Toledo;45194 Villarejo de Montalbán;Mujeres;2021;33
45;Toledo;45194 Villarejo de Montalbán;Mujeres;2020;32
45;Toledo;45194 Villarejo de Montalbán;Mujeres;2019;35
45;Toledo;45194 Villarejo de Montalbán;Mujeres;2018;35
45;Toledo;45194 Villarejo de Montalbán;Mujeres;2017;36
45;Toledo;45194 Villarejo de Montalbán;Mujeres;2016;35
45;Toledo;45194 Villarejo de Montalbán;Mujeres;2015;37
45;Toledo;45194 Villarejo de Montalbán;Mujeres;2014;36
45;Toledo;45194 Villarejo de Montalbán;Mujeres;2013;34
45;Toledo;45194 Villarejo de Montalbán;Mujeres;2012;34
45;Toledo;45194 Villarejo de Montalbán;Mujeres;2011;31
45;Toledo;45194 Villarejo de Montalbán;Mujeres;2010;31
45;Toledo;45194 Villarejo de Montalbán;Mujeres;2009;35
45;Toledo;45194 Villarejo de Montalbán;Mujeres;2008;31
45;Toledo;45194 Villarejo de Montalbán;Mujeres;2007;33
45;Toledo;45194 Villarejo de Montalbán;Mujeres;2006;36
45;Toledo;45194 Villarejo de Montalbán;Mujeres;2005;35
45;Toledo;45194 Villarejo de Montalbán;Mujeres;2004;36
45;Toledo;45194 Villarejo de Montalbán;Mujeres;2003;39
45;Toledo;45194 Villarejo de Montalbán;Mujeres;2002;46
45;Toledo;45194 Villarejo de Montalbán;Mujeres;2001;47
45;Toledo;45194 Villarejo de Montalbán;Mujeres;2000;47
45;Toledo;45194 Villarejo de Montalbán;Mujeres;1999;46
45;Toledo;45194 Villarejo de Montalbán;Mujeres;1998;48
45;Toledo;45194 Villarejo de Montalbán;Mujeres;1997;
45;Toledo;45194 Villarejo de Montalbán;Mujeres;1996;51
45;Toledo;45195 Villarrubia de Santiago;Total;2023;2535
45;Toledo;45195 Villarrubia de Santiago;Total;2022;2509
45;Toledo;45195 Villarrubia de Santiago;Total;2021;2508
45;Toledo;45195 Villarrubia de Santiago;Total;2020;2514
45;Toledo;45195 Villarrubia de Santiago;Total;2019;2536
45;Toledo;45195 Villarrubia de Santiago;Total;2018;2582
45;Toledo;45195 Villarrubia de Santiago;Total;2017;2588
45;Toledo;45195 Villarrubia de Santiago;Total;2016;2611
45;Toledo;45195 Villarrubia de Santiago;Total;2015;2665
45;Toledo;45195 Villarrubia de Santiago;Total;2014;2716
45;Toledo;45195 Villarrubia de Santiago;Total;2013;2769
45;Toledo;45195 Villarrubia de Santiago;Total;2012;2799
45;Toledo;45195 Villarrubia de Santiago;Total;2011;2827
45;Toledo;45195 Villarrubia de Santiago;Total;2010;2875
45;Toledo;45195 Villarrubia de Santiago;Total;2009;2936
45;Toledo;45195 Villarrubia de Santiago;Total;2008;2910
45;Toledo;45195 Villarrubia de Santiago;Total;2007;2886
45;Toledo;45195 Villarrubia de Santiago;Total;2006;2893
45;Toledo;45195 Villarrubia de Santiago;Total;2005;2868
45;Toledo;45195 Villarrubia de Santiago;Total;2004;2851
45;Toledo;45195 Villarrubia de Santiago;Total;2003;2851
45;Toledo;45195 Villarrubia de Santiago;Total;2002;2839
45;Toledo;45195 Villarrubia de Santiago;Total;2001;2865
45;Toledo;45195 Villarrubia de Santiago;Total;2000;2869
45;Toledo;45195 Villarrubia de Santiago;Total;1999;2901
45;Toledo;45195 Villarrubia de Santiago;Total;1998;2901
45;Toledo;45195 Villarrubia de Santiago;Total;1997;
45;Toledo;45195 Villarrubia de Santiago;Total;1996;2922
45;Toledo;45195 Villarrubia de Santiago;Hombres;2023;1288
45;Toledo;45195 Villarrubia de Santiago;Hombres;2022;1262
45;Toledo;45195 Villarrubia de Santiago;Hombres;2021;1265
45;Toledo;45195 Villarrubia de Santiago;Hombres;2020;1263
45;Toledo;45195 Villarrubia de Santiago;Hombres;2019;1264
45;Toledo;45195 Villarrubia de Santiago;Hombres;2018;1282
45;Toledo;45195 Villarrubia de Santiago;Hombres;2017;1299
45;Toledo;45195 Villarrubia de Santiago;Hombres;2016;1315
45;Toledo;45195 Villarrubia de Santiago;Hombres;2015;1349
45;Toledo;45195 Villarrubia de Santiago;Hombres;2014;1366
45;Toledo;45195 Villarrubia de Santiago;Hombres;2013;1383
45;Toledo;45195 Villarrubia de Santiago;Hombres;2012;1409
45;Toledo;45195 Villarrubia de Santiago;Hombres;2011;1432
45;Toledo;45195 Villarrubia de Santiago;Hombres;2010;1460
45;Toledo;45195 Villarrubia de Santiago;Hombres;2009;1497
45;Toledo;45195 Villarrubia de Santiago;Hombres;2008;1479
45;Toledo;45195 Villarrubia de Santiago;Hombres;2007;1462
45;Toledo;45195 Villarrubia de Santiago;Hombres;2006;1472
45;Toledo;45195 Villarrubia de Santiago;Hombres;2005;1445
45;Toledo;45195 Villarrubia de Santiago;Hombres;2004;1430
45;Toledo;45195 Villarrubia de Santiago;Hombres;2003;1430
45;Toledo;45195 Villarrubia de Santiago;Hombres;2002;1422
45;Toledo;45195 Villarrubia de Santiago;Hombres;2001;1429
45;Toledo;45195 Villarrubia de Santiago;Hombres;2000;1434
45;Toledo;45195 Villarrubia de Santiago;Hombres;1999;1443
45;Toledo;45195 Villarrubia de Santiago;Hombres;1998;1443
45;Toledo;45195 Villarrubia de Santiago;Hombres;1997;
45;Toledo;45195 Villarrubia de Santiago;Hombres;1996;1455
45;Toledo;45195 Villarrubia de Santiago;Mujeres;2023;1247
45;Toledo;45195 Villarrubia de Santiago;Mujeres;2022;1247
45;Toledo;45195 Villarrubia de Santiago;Mujeres;2021;1243
45;Toledo;45195 Villarrubia de Santiago;Mujeres;2020;1251
45;Toledo;45195 Villarrubia de Santiago;Mujeres;2019;1272
45;Toledo;45195 Villarrubia de Santiago;Mujeres;2018;1300
45;Toledo;45195 Villarrubia de Santiago;Mujeres;2017;1289
45;Toledo;45195 Villarrubia de Santiago;Mujeres;2016;1296
45;Toledo;45195 Villarrubia de Santiago;Mujeres;2015;1316
45;Toledo;45195 Villarrubia de Santiago;Mujeres;2014;1350
45;Toledo;45195 Villarrubia de Santiago;Mujeres;2013;1386
45;Toledo;45195 Villarrubia de Santiago;Mujeres;2012;1390
45;Toledo;45195 Villarrubia de Santiago;Mujeres;2011;1395
45;Toledo;45195 Villarrubia de Santiago;Mujeres;2010;1415
45;Toledo;45195 Villarrubia de Santiago;Mujeres;2009;1439
45;Toledo;45195 Villarrubia de Santiago;Mujeres;2008;1431
45;Toledo;45195 Villarrubia de Santiago;Mujeres;2007;1424
45;Toledo;45195 Villarrubia de Santiago;Mujeres;2006;1421
45;Toledo;45195 Villarrubia de Santiago;Mujeres;2005;1423
45;Toledo;45195 Villarrubia de Santiago;Mujeres;2004;1421
45;Toledo;45195 Villarrubia de Santiago;Mujeres;2003;1421
45;Toledo;45195 Villarrubia de Santiago;Mujeres;2002;1417
45;Toledo;45195 Villarrubia de Santiago;Mujeres;2001;1436
45;Toledo;45195 Villarrubia de Santiago;Mujeres;2000;1435
45;Toledo;45195 Villarrubia de Santiago;Mujeres;1999;1458
45;Toledo;45195 Villarrubia de Santiago;Mujeres;1998;1458
45;Toledo;45195 Villarrubia de Santiago;Mujeres;1997;
45;Toledo;45195 Villarrubia de Santiago;Mujeres;1996;1467
45;Toledo;45196 Villaseca de la Sagra;Total;2023;1851
45;Toledo;45196 Villaseca de la Sagra;Total;2022;1864
45;Toledo;45196 Villaseca de la Sagra;Total;2021;1858
45;Toledo;45196 Villaseca de la Sagra;Total;2020;1851
45;Toledo;45196 Villaseca de la Sagra;Total;2019;1820
45;Toledo;45196 Villaseca de la Sagra;Total;2018;1793
45;Toledo;45196 Villaseca de la Sagra;Total;2017;1815
45;Toledo;45196 Villaseca de la Sagra;Total;2016;1831
45;Toledo;45196 Villaseca de la Sagra;Total;2015;1808
45;Toledo;45196 Villaseca de la Sagra;Total;2014;1844
45;Toledo;45196 Villaseca de la Sagra;Total;2013;1931
45;Toledo;45196 Villaseca de la Sagra;Total;2012;1890
45;Toledo;45196 Villaseca de la Sagra;Total;2011;1866
45;Toledo;45196 Villaseca de la Sagra;Total;2010;1807
45;Toledo;45196 Villaseca de la Sagra;Total;2009;1806
45;Toledo;45196 Villaseca de la Sagra;Total;2008;1715
45;Toledo;45196 Villaseca de la Sagra;Total;2007;1649
45;Toledo;45196 Villaseca de la Sagra;Total;2006;1581
45;Toledo;45196 Villaseca de la Sagra;Total;2005;1614
45;Toledo;45196 Villaseca de la Sagra;Total;2004;1592
45;Toledo;45196 Villaseca de la Sagra;Total;2003;1579
45;Toledo;45196 Villaseca de la Sagra;Total;2002;1573
45;Toledo;45196 Villaseca de la Sagra;Total;2001;1581
45;Toledo;45196 Villaseca de la Sagra;Total;2000;1563
45;Toledo;45196 Villaseca de la Sagra;Total;1999;1598
45;Toledo;45196 Villaseca de la Sagra;Total;1998;1598
45;Toledo;45196 Villaseca de la Sagra;Total;1997;
45;Toledo;45196 Villaseca de la Sagra;Total;1996;1580
45;Toledo;45196 Villaseca de la Sagra;Hombres;2023;923
45;Toledo;45196 Villaseca de la Sagra;Hombres;2022;936
45;Toledo;45196 Villaseca de la Sagra;Hombres;2021;941
45;Toledo;45196 Villaseca de la Sagra;Hombres;2020;930
45;Toledo;45196 Villaseca de la Sagra;Hombres;2019;904
45;Toledo;45196 Villaseca de la Sagra;Hombres;2018;897
45;Toledo;45196 Villaseca de la Sagra;Hombres;2017;911
45;Toledo;45196 Villaseca de la Sagra;Hombres;2016;912
45;Toledo;45196 Villaseca de la Sagra;Hombres;2015;914
45;Toledo;45196 Villaseca de la Sagra;Hombres;2014;934
45;Toledo;45196 Villaseca de la Sagra;Hombres;2013;998
45;Toledo;45196 Villaseca de la Sagra;Hombres;2012;979
45;Toledo;45196 Villaseca de la Sagra;Hombres;2011;967
45;Toledo;45196 Villaseca de la Sagra;Hombres;2010;928
45;Toledo;45196 Villaseca de la Sagra;Hombres;2009;925
45;Toledo;45196 Villaseca de la Sagra;Hombres;2008;873
45;Toledo;45196 Villaseca de la Sagra;Hombres;2007;819
45;Toledo;45196 Villaseca de la Sagra;Hombres;2006;782
45;Toledo;45196 Villaseca de la Sagra;Hombres;2005;799
45;Toledo;45196 Villaseca de la Sagra;Hombres;2004;790
45;Toledo;45196 Villaseca de la Sagra;Hombres;2003;783
45;Toledo;45196 Villaseca de la Sagra;Hombres;2002;776
45;Toledo;45196 Villaseca de la Sagra;Hombres;2001;788
45;Toledo;45196 Villaseca de la Sagra;Hombres;2000;773
45;Toledo;45196 Villaseca de la Sagra;Hombres;1999;804
45;Toledo;45196 Villaseca de la Sagra;Hombres;1998;804
45;Toledo;45196 Villaseca de la Sagra;Hombres;1997;
45;Toledo;45196 Villaseca de la Sagra;Hombres;1996;803
45;Toledo;45196 Villaseca de la Sagra;Mujeres;2023;928
45;Toledo;45196 Villaseca de la Sagra;Mujeres;2022;928
45;Toledo;45196 Villaseca de la Sagra;Mujeres;2021;917
45;Toledo;45196 Villaseca de la Sagra;Mujeres;2020;921
45;Toledo;45196 Villaseca de la Sagra;Mujeres;2019;916
45;Toledo;45196 Villaseca de la Sagra;Mujeres;2018;896
45;Toledo;45196 Villaseca de la Sagra;Mujeres;2017;904
45;Toledo;45196 Villaseca de la Sagra;Mujeres;2016;919
45;Toledo;45196 Villaseca de la Sagra;Mujeres;2015;894
45;Toledo;45196 Villaseca de la Sagra;Mujeres;2014;910
45;Toledo;45196 Villaseca de la Sagra;Mujeres;2013;933
45;Toledo;45196 Villaseca de la Sagra;Mujeres;2012;911
45;Toledo;45196 Villaseca de la Sagra;Mujeres;2011;899
45;Toledo;45196 Villaseca de la Sagra;Mujeres;2010;879
45;Toledo;45196 Villaseca de la Sagra;Mujeres;2009;881
45;Toledo;45196 Villaseca de la Sagra;Mujeres;2008;842
45;Toledo;45196 Villaseca de la Sagra;Mujeres;2007;830
45;Toledo;45196 Villaseca de la Sagra;Mujeres;2006;799
45;Toledo;45196 Villaseca de la Sagra;Mujeres;2005;815
45;Toledo;45196 Villaseca de la Sagra;Mujeres;2004;802
45;Toledo;45196 Villaseca de la Sagra;Mujeres;2003;796
45;Toledo;45196 Villaseca de la Sagra;Mujeres;2002;797
45;Toledo;45196 Villaseca de la Sagra;Mujeres;2001;793
45;Toledo;45196 Villaseca de la Sagra;Mujeres;2000;790
45;Toledo;45196 Villaseca de la Sagra;Mujeres;1999;794
45;Toledo;45196 Villaseca de la Sagra;Mujeres;1998;794
45;Toledo;45196 Villaseca de la Sagra;Mujeres;1997;
45;Toledo;45196 Villaseca de la Sagra;Mujeres;1996;777
45;Toledo;45197 Villasequilla;Total;2023;2604
45;Toledo;45197 Villasequilla;Total;2022;2563
45;Toledo;45197 Villasequilla;Total;2021;2593
45;Toledo;45197 Villasequilla;Total;2020;2522
45;Toledo;45197 Villasequilla;Total;2019;2478
45;Toledo;45197 Villasequilla;Total;2018;2496
45;Toledo;45197 Villasequilla;Total;2017;2510
45;Toledo;45197 Villasequilla;Total;2016;2503
45;Toledo;45197 Villasequilla;Total;2015;2545
45;Toledo;45197 Villasequilla;Total;2014;2587
45;Toledo;45197 Villasequilla;Total;2013;2621
45;Toledo;45197 Villasequilla;Total;2012;2662
45;Toledo;45197 Villasequilla;Total;2011;2664
45;Toledo;45197 Villasequilla;Total;2010;2653
45;Toledo;45197 Villasequilla;Total;2009;2632
45;Toledo;45197 Villasequilla;Total;2008;2641
45;Toledo;45197 Villasequilla;Total;2007;2556
45;Toledo;45197 Villasequilla;Total;2006;2515
45;Toledo;45197 Villasequilla;Total;2005;2500
45;Toledo;45197 Villasequilla;Total;2004;2445
45;Toledo;45197 Villasequilla;Total;2003;2335
45;Toledo;45197 Villasequilla;Total;2002;2308
45;Toledo;45197 Villasequilla;Total;2001;2307
45;Toledo;45197 Villasequilla;Total;2000;2319
45;Toledo;45197 Villasequilla;Total;1999;2352
45;Toledo;45197 Villasequilla;Total;1998;2357
45;Toledo;45197 Villasequilla;Total;1997;
45;Toledo;45197 Villasequilla;Total;1996;2381
45;Toledo;45197 Villasequilla;Hombres;2023;1334
45;Toledo;45197 Villasequilla;Hombres;2022;1316
45;Toledo;45197 Villasequilla;Hombres;2021;1326
45;Toledo;45197 Villasequilla;Hombres;2020;1300
45;Toledo;45197 Villasequilla;Hombres;2019;1277
45;Toledo;45197 Villasequilla;Hombres;2018;1279
45;Toledo;45197 Villasequilla;Hombres;2017;1296
45;Toledo;45197 Villasequilla;Hombres;2016;1280
45;Toledo;45197 Villasequilla;Hombres;2015;1311
45;Toledo;45197 Villasequilla;Hombres;2014;1335
45;Toledo;45197 Villasequilla;Hombres;2013;1348
45;Toledo;45197 Villasequilla;Hombres;2012;1369
45;Toledo;45197 Villasequilla;Hombres;2011;1377
45;Toledo;45197 Villasequilla;Hombres;2010;1381
45;Toledo;45197 Villasequilla;Hombres;2009;1365
45;Toledo;45197 Villasequilla;Hombres;2008;1391
45;Toledo;45197 Villasequilla;Hombres;2007;1343
45;Toledo;45197 Villasequilla;Hombres;2006;1317
45;Toledo;45197 Villasequilla;Hombres;2005;1298
45;Toledo;45197 Villasequilla;Hombres;2004;1267
45;Toledo;45197 Villasequilla;Hombres;2003;1204
45;Toledo;45197 Villasequilla;Hombres;2002;1187
45;Toledo;45197 Villasequilla;Hombres;2001;1195
45;Toledo;45197 Villasequilla;Hombres;2000;1196
45;Toledo;45197 Villasequilla;Hombres;1999;1216
45;Toledo;45197 Villasequilla;Hombres;1998;1223
45;Toledo;45197 Villasequilla;Hombres;1997;
45;Toledo;45197 Villasequilla;Hombres;1996;1238
45;Toledo;45197 Villasequilla;Mujeres;2023;1270
45;Toledo;45197 Villasequilla;Mujeres;2022;1247
45;Toledo;45197 Villasequilla;Mujeres;2021;1267
45;Toledo;45197 Villasequilla;Mujeres;2020;1222
45;Toledo;45197 Villasequilla;Mujeres;2019;1201
45;Toledo;45197 Villasequilla;Mujeres;2018;1217
45;Toledo;45197 Villasequilla;Mujeres;2017;1214
45;Toledo;45197 Villasequilla;Mujeres;2016;1223
45;Toledo;45197 Villasequilla;Mujeres;2015;1234
45;Toledo;45197 Villasequilla;Mujeres;2014;1252
45;Toledo;45197 Villasequilla;Mujeres;2013;1273
45;Toledo;45197 Villasequilla;Mujeres;2012;1293
45;Toledo;45197 Villasequilla;Mujeres;2011;1287
45;Toledo;45197 Villasequilla;Mujeres;2010;1272
45;Toledo;45197 Villasequilla;Mujeres;2009;1267
45;Toledo;45197 Villasequilla;Mujeres;2008;1250
45;Toledo;45197 Villasequilla;Mujeres;2007;1213
45;Toledo;45197 Villasequilla;Mujeres;2006;1198
45;Toledo;45197 Villasequilla;Mujeres;2005;1202
45;Toledo;45197 Villasequilla;Mujeres;2004;1178
45;Toledo;45197 Villasequilla;Mujeres;2003;1131
45;Toledo;45197 Villasequilla;Mujeres;2002;1121
45;Toledo;45197 Villasequilla;Mujeres;2001;1112
45;Toledo;45197 Villasequilla;Mujeres;2000;1123
45;Toledo;45197 Villasequilla;Mujeres;1999;1136
45;Toledo;45197 Villasequilla;Mujeres;1998;1134
45;Toledo;45197 Villasequilla;Mujeres;1997;
45;Toledo;45197 Villasequilla;Mujeres;1996;1143
45;Toledo;45198 Villatobas;Total;2023;2753
45;Toledo;45198 Villatobas;Total;2022;2595
45;Toledo;45198 Villatobas;Total;2021;2570
45;Toledo;45198 Villatobas;Total;2020;2482
45;Toledo;45198 Villatobas;Total;2019;2403
45;Toledo;45198 Villatobas;Total;2018;2390
45;Toledo;45198 Villatobas;Total;2017;2407
45;Toledo;45198 Villatobas;Total;2016;2433
45;Toledo;45198 Villatobas;Total;2015;2515
45;Toledo;45198 Villatobas;Total;2014;2606
45;Toledo;45198 Villatobas;Total;2013;2666
45;Toledo;45198 Villatobas;Total;2012;2701
45;Toledo;45198 Villatobas;Total;2011;2745
45;Toledo;45198 Villatobas;Total;2010;2675
45;Toledo;45198 Villatobas;Total;2009;2707
45;Toledo;45198 Villatobas;Total;2008;2682
45;Toledo;45198 Villatobas;Total;2007;2624
45;Toledo;45198 Villatobas;Total;2006;2481
45;Toledo;45198 Villatobas;Total;2005;2443
45;Toledo;45198 Villatobas;Total;2004;2352
45;Toledo;45198 Villatobas;Total;2003;2368
45;Toledo;45198 Villatobas;Total;2002;2235
45;Toledo;45198 Villatobas;Total;2001;2261
45;Toledo;45198 Villatobas;Total;2000;2220
45;Toledo;45198 Villatobas;Total;1999;2244
45;Toledo;45198 Villatobas;Total;1998;2267
45;Toledo;45198 Villatobas;Total;1997;
45;Toledo;45198 Villatobas;Total;1996;2280
45;Toledo;45198 Villatobas;Hombres;2023;1410
45;Toledo;45198 Villatobas;Hombres;2022;1336
45;Toledo;45198 Villatobas;Hombres;2021;1325
45;Toledo;45198 Villatobas;Hombres;2020;1267
45;Toledo;45198 Villatobas;Hombres;2019;1228
45;Toledo;45198 Villatobas;Hombres;2018;1227
45;Toledo;45198 Villatobas;Hombres;2017;1244
45;Toledo;45198 Villatobas;Hombres;2016;1248
45;Toledo;45198 Villatobas;Hombres;2015;1291
45;Toledo;45198 Villatobas;Hombres;2014;1345
45;Toledo;45198 Villatobas;Hombres;2013;1373
45;Toledo;45198 Villatobas;Hombres;2012;1394
45;Toledo;45198 Villatobas;Hombres;2011;1414
45;Toledo;45198 Villatobas;Hombres;2010;1370
45;Toledo;45198 Villatobas;Hombres;2009;1393
45;Toledo;45198 Villatobas;Hombres;2008;1361
45;Toledo;45198 Villatobas;Hombres;2007;1341
45;Toledo;45198 Villatobas;Hombres;2006;1271
45;Toledo;45198 Villatobas;Hombres;2005;1240
45;Toledo;45198 Villatobas;Hombres;2004;1199
45;Toledo;45198 Villatobas;Hombres;2003;1211
45;Toledo;45198 Villatobas;Hombres;2002;1146
45;Toledo;45198 Villatobas;Hombres;2001;1161
45;Toledo;45198 Villatobas;Hombres;2000;1128
45;Toledo;45198 Villatobas;Hombres;1999;1137
45;Toledo;45198 Villatobas;Hombres;1998;1142
45;Toledo;45198 Villatobas;Hombres;1997;
45;Toledo;45198 Villatobas;Hombres;1996;1149
45;Toledo;45198 Villatobas;Mujeres;2023;1343
45;Toledo;45198 Villatobas;Mujeres;2022;1259
45;Toledo;45198 Villatobas;Mujeres;2021;1245
45;Toledo;45198 Villatobas;Mujeres;2020;1215
45;Toledo;45198 Villatobas;Mujeres;2019;1175
45;Toledo;45198 Villatobas;Mujeres;2018;1163
45;Toledo;45198 Villatobas;Mujeres;2017;1163
45;Toledo;45198 Villatobas;Mujeres;2016;1185
45;Toledo;45198 Villatobas;Mujeres;2015;1224
45;Toledo;45198 Villatobas;Mujeres;2014;1261
45;Toledo;45198 Villatobas;Mujeres;2013;1293
45;Toledo;45198 Villatobas;Mujeres;2012;1307
45;Toledo;45198 Villatobas;Mujeres;2011;1331
45;Toledo;45198 Villatobas;Mujeres;2010;1305
45;Toledo;45198 Villatobas;Mujeres;2009;1314
45;Toledo;45198 Villatobas;Mujeres;2008;1321
45;Toledo;45198 Villatobas;Mujeres;2007;1283
45;Toledo;45198 Villatobas;Mujeres;2006;1210
45;Toledo;45198 Villatobas;Mujeres;2005;1203
45;Toledo;45198 Villatobas;Mujeres;2004;1153
45;Toledo;45198 Villatobas;Mujeres;2003;1157
45;Toledo;45198 Villatobas;Mujeres;2002;1089
45;Toledo;45198 Villatobas;Mujeres;2001;1100
45;Toledo;45198 Villatobas;Mujeres;2000;1092
45;Toledo;45198 Villatobas;Mujeres;1999;1107
45;Toledo;45198 Villatobas;Mujeres;1998;1125
45;Toledo;45198 Villatobas;Mujeres;1997;
45;Toledo;45198 Villatobas;Mujeres;1996;1131
45;Toledo;45199 Viso de San Juan, El;Total;2023;5970
45;Toledo;45199 Viso de San Juan, El;Total;2022;5533
45;Toledo;45199 Viso de San Juan, El;Total;2021;5255
45;Toledo;45199 Viso de San Juan, El;Total;2020;4828
45;Toledo;45199 Viso de San Juan, El;Total;2019;4416
45;Toledo;45199 Viso de San Juan, El;Total;2018;4351
45;Toledo;45199 Viso de San Juan, El;Total;2017;4238
45;Toledo;45199 Viso de San Juan, El;Total;2016;4207
45;Toledo;45199 Viso de San Juan, El;Total;2015;4263
45;Toledo;45199 Viso de San Juan, El;Total;2014;4261
45;Toledo;45199 Viso de San Juan, El;Total;2013;4088
45;Toledo;45199 Viso de San Juan, El;Total;2012;3930
45;Toledo;45199 Viso de San Juan, El;Total;2011;3755
45;Toledo;45199 Viso de San Juan, El;Total;2010;3558
45;Toledo;45199 Viso de San Juan, El;Total;2009;3319
45;Toledo;45199 Viso de San Juan, El;Total;2008;3058
45;Toledo;45199 Viso de San Juan, El;Total;2007;2618
45;Toledo;45199 Viso de San Juan, El;Total;2006;2339
45;Toledo;45199 Viso de San Juan, El;Total;2005;2092
45;Toledo;45199 Viso de San Juan, El;Total;2004;1756
45;Toledo;45199 Viso de San Juan, El;Total;2003;1507
45;Toledo;45199 Viso de San Juan, El;Total;2002;1320
45;Toledo;45199 Viso de San Juan, El;Total;2001;1252
45;Toledo;45199 Viso de San Juan, El;Total;2000;1170
45;Toledo;45199 Viso de San Juan, El;Total;1999;1106
45;Toledo;45199 Viso de San Juan, El;Total;1998;1065
45;Toledo;45199 Viso de San Juan, El;Total;1997;
45;Toledo;45199 Viso de San Juan, El;Total;1996;993
45;Toledo;45199 Viso de San Juan, El;Hombres;2023;3185
45;Toledo;45199 Viso de San Juan, El;Hombres;2022;2945
45;Toledo;45199 Viso de San Juan, El;Hombres;2021;2793
45;Toledo;45199 Viso de San Juan, El;Hombres;2020;2574
45;Toledo;45199 Viso de San Juan, El;Hombres;2019;2364
45;Toledo;45199 Viso de San Juan, El;Hombres;2018;2334
45;Toledo;45199 Viso de San Juan, El;Hombres;2017;2264
45;Toledo;45199 Viso de San Juan, El;Hombres;2016;2252
45;Toledo;45199 Viso de San Juan, El;Hombres;2015;2283
45;Toledo;45199 Viso de San Juan, El;Hombres;2014;2268
45;Toledo;45199 Viso de San Juan, El;Hombres;2013;2163
45;Toledo;45199 Viso de San Juan, El;Hombres;2012;2090
45;Toledo;45199 Viso de San Juan, El;Hombres;2011;2028
45;Toledo;45199 Viso de San Juan, El;Hombres;2010;1932
45;Toledo;45199 Viso de San Juan, El;Hombres;2009;1815
45;Toledo;45199 Viso de San Juan, El;Hombres;2008;1667
45;Toledo;45199 Viso de San Juan, El;Hombres;2007;1430
45;Toledo;45199 Viso de San Juan, El;Hombres;2006;1262
45;Toledo;45199 Viso de San Juan, El;Hombres;2005;1130
45;Toledo;45199 Viso de San Juan, El;Hombres;2004;952
45;Toledo;45199 Viso de San Juan, El;Hombres;2003;823
45;Toledo;45199 Viso de San Juan, El;Hombres;2002;719
45;Toledo;45199 Viso de San Juan, El;Hombres;2001;677
45;Toledo;45199 Viso de San Juan, El;Hombres;2000;635
45;Toledo;45199 Viso de San Juan, El;Hombres;1999;585
45;Toledo;45199 Viso de San Juan, El;Hombres;1998;563
45;Toledo;45199 Viso de San Juan, El;Hombres;1997;
45;Toledo;45199 Viso de San Juan, El;Hombres;1996;522
45;Toledo;45199 Viso de San Juan, El;Mujeres;2023;2785
45;Toledo;45199 Viso de San Juan, El;Mujeres;2022;2588
45;Toledo;45199 Viso de San Juan, El;Mujeres;2021;2462
45;Toledo;45199 Viso de San Juan, El;Mujeres;2020;2254
45;Toledo;45199 Viso de San Juan, El;Mujeres;2019;2052
45;Toledo;45199 Viso de San Juan, El;Mujeres;2018;2017
45;Toledo;45199 Viso de San Juan, El;Mujeres;2017;1974
45;Toledo;45199 Viso de San Juan, El;Mujeres;2016;1955
45;Toledo;45199 Viso de San Juan, El;Mujeres;2015;1980
45;Toledo;45199 Viso de San Juan, El;Mujeres;2014;1993
45;Toledo;45199 Viso de San Juan, El;Mujeres;2013;1925
45;Toledo;45199 Viso de San Juan, El;Mujeres;2012;1840
45;Toledo;45199 Viso de San Juan, El;Mujeres;2011;1727
45;Toledo;45199 Viso de San Juan, El;Mujeres;2010;1626
45;Toledo;45199 Viso de San Juan, El;Mujeres;2009;1504
45;Toledo;45199 Viso de San Juan, El;Mujeres;2008;1391
45;Toledo;45199 Viso de San Juan, El;Mujeres;2007;1188
45;Toledo;45199 Viso de San Juan, El;Mujeres;2006;1077
45;Toledo;45199 Viso de San Juan, El;Mujeres;2005;962
45;Toledo;45199 Viso de San Juan, El;Mujeres;2004;804
45;Toledo;45199 Viso de San Juan, El;Mujeres;2003;684
45;Toledo;45199 Viso de San Juan, El;Mujeres;2002;601
45;Toledo;45199 Viso de San Juan, El;Mujeres;2001;575
45;Toledo;45199 Viso de San Juan, El;Mujeres;2000;535
45;Toledo;45199 Viso de San Juan, El;Mujeres;1999;521
45;Toledo;45199 Viso de San Juan, El;Mujeres;1998;502
45;Toledo;45199 Viso de San Juan, El;Mujeres;1997;
45;Toledo;45199 Viso de San Juan, El;Mujeres;1996;471
45;Toledo;45200 Yébenes, Los;Total;2023;5717
45;Toledo;45200 Yébenes, Los;Total;2022;5752
45;Toledo;45200 Yébenes, Los;Total;2021;5796
45;Toledo;45200 Yébenes, Los;Total;2020;5882
45;Toledo;45200 Yébenes, Los;Total;2019;5901
45;Toledo;45200 Yébenes, Los;Total;2018;5983
45;Toledo;45200 Yébenes, Los;Total;2017;6009
45;Toledo;45200 Yébenes, Los;Total;2016;6095
45;Toledo;45200 Yébenes, Los;Total;2015;6132
45;Toledo;45200 Yébenes, Los;Total;2014;6158
45;Toledo;45200 Yébenes, Los;Total;2013;6317
45;Toledo;45200 Yébenes, Los;Total;2012;6367
45;Toledo;45200 Yébenes, Los;Total;2011;6405
45;Toledo;45200 Yébenes, Los;Total;2010;6451
45;Toledo;45200 Yébenes, Los;Total;2009;6479
45;Toledo;45200 Yébenes, Los;Total;2008;6434
45;Toledo;45200 Yébenes, Los;Total;2007;6320
45;Toledo;45200 Yébenes, Los;Total;2006;6341
45;Toledo;45200 Yébenes, Los;Total;2005;6298
45;Toledo;45200 Yébenes, Los;Total;2004;6183
45;Toledo;45200 Yébenes, Los;Total;2003;6154
45;Toledo;45200 Yébenes, Los;Total;2002;6138
45;Toledo;45200 Yébenes, Los;Total;2001;6154
45;Toledo;45200 Yébenes, Los;Total;2000;6199
45;Toledo;45200 Yébenes, Los;Total;1999;6313
45;Toledo;45200 Yébenes, Los;Total;1998;6313
45;Toledo;45200 Yébenes, Los;Total;1997;
45;Toledo;45200 Yébenes, Los;Total;1996;6573
45;Toledo;45200 Yébenes, Los;Hombres;2023;2908
45;Toledo;45200 Yébenes, Los;Hombres;2022;2943
45;Toledo;45200 Yébenes, Los;Hombres;2021;2969
45;Toledo;45200 Yébenes, Los;Hombres;2020;3001
45;Toledo;45200 Yébenes, Los;Hombres;2019;3016
45;Toledo;45200 Yébenes, Los;Hombres;2018;3061
45;Toledo;45200 Yébenes, Los;Hombres;2017;3079
45;Toledo;45200 Yébenes, Los;Hombres;2016;3128
45;Toledo;45200 Yébenes, Los;Hombres;2015;3138
45;Toledo;45200 Yébenes, Los;Hombres;2014;3162
45;Toledo;45200 Yébenes, Los;Hombres;2013;3234
45;Toledo;45200 Yébenes, Los;Hombres;2012;3264
45;Toledo;45200 Yébenes, Los;Hombres;2011;3278
45;Toledo;45200 Yébenes, Los;Hombres;2010;3295
45;Toledo;45200 Yébenes, Los;Hombres;2009;3296
45;Toledo;45200 Yébenes, Los;Hombres;2008;3275
45;Toledo;45200 Yébenes, Los;Hombres;2007;3222
45;Toledo;45200 Yébenes, Los;Hombres;2006;3242
45;Toledo;45200 Yébenes, Los;Hombres;2005;3224
45;Toledo;45200 Yébenes, Los;Hombres;2004;3143
45;Toledo;45200 Yébenes, Los;Hombres;2003;3117
45;Toledo;45200 Yébenes, Los;Hombres;2002;3099
45;Toledo;45200 Yébenes, Los;Hombres;2001;3093
45;Toledo;45200 Yébenes, Los;Hombres;2000;3095
45;Toledo;45200 Yébenes, Los;Hombres;1999;3149
45;Toledo;45200 Yébenes, Los;Hombres;1998;3149
45;Toledo;45200 Yébenes, Los;Hombres;1997;
45;Toledo;45200 Yébenes, Los;Hombres;1996;3313
45;Toledo;45200 Yébenes, Los;Mujeres;2023;2809
45;Toledo;45200 Yébenes, Los;Mujeres;2022;2809
45;Toledo;45200 Yébenes, Los;Mujeres;2021;2827
45;Toledo;45200 Yébenes, Los;Mujeres;2020;2881
45;Toledo;45200 Yébenes, Los;Mujeres;2019;2885
45;Toledo;45200 Yébenes, Los;Mujeres;2018;2922
45;Toledo;45200 Yébenes, Los;Mujeres;2017;2930
45;Toledo;45200 Yébenes, Los;Mujeres;2016;2967
45;Toledo;45200 Yébenes, Los;Mujeres;2015;2994
45;Toledo;45200 Yébenes, Los;Mujeres;2014;2996
45;Toledo;45200 Yébenes, Los;Mujeres;2013;3083
45;Toledo;45200 Yébenes, Los;Mujeres;2012;3103
45;Toledo;45200 Yébenes, Los;Mujeres;2011;3127
45;Toledo;45200 Yébenes, Los;Mujeres;2010;3156
45;Toledo;45200 Yébenes, Los;Mujeres;2009;3183
45;Toledo;45200 Yébenes, Los;Mujeres;2008;3159
45;Toledo;45200 Yébenes, Los;Mujeres;2007;3098
45;Toledo;45200 Yébenes, Los;Mujeres;2006;3099
45;Toledo;45200 Yébenes, Los;Mujeres;2005;3074
45;Toledo;45200 Yébenes, Los;Mujeres;2004;3040
45;Toledo;45200 Yébenes, Los;Mujeres;2003;3037
45;Toledo;45200 Yébenes, Los;Mujeres;2002;3039
45;Toledo;45200 Yébenes, Los;Mujeres;2001;3061
45;Toledo;45200 Yébenes, Los;Mujeres;2000;3104
45;Toledo;45200 Yébenes, Los;Mujeres;1999;3164
45;Toledo;45200 Yébenes, Los;Mujeres;1998;3164
45;Toledo;45200 Yébenes, Los;Mujeres;1997;
45;Toledo;45200 Yébenes, Los;Mujeres;1996;3260
45;Toledo;45201 Yeles;Total;2023;6176
45;Toledo;45201 Yeles;Total;2022;5868
45;Toledo;45201 Yeles;Total;2021;5779
45;Toledo;45201 Yeles;Total;2020;5555
45;Toledo;45201 Yeles;Total;2019;5329
45;Toledo;45201 Yeles;Total;2018;5164
45;Toledo;45201 Yeles;Total;2017;5177
45;Toledo;45201 Yeles;Total;2016;5052
45;Toledo;45201 Yeles;Total;2015;5038
45;Toledo;45201 Yeles;Total;2014;5109
45;Toledo;45201 Yeles;Total;2013;5232
45;Toledo;45201 Yeles;Total;2012;5069
45;Toledo;45201 Yeles;Total;2011;5170
45;Toledo;45201 Yeles;Total;2010;4841
45;Toledo;45201 Yeles;Total;2009;4544
45;Toledo;45201 Yeles;Total;2008;4231
45;Toledo;45201 Yeles;Total;2007;3655
45;Toledo;45201 Yeles;Total;2006;3113
45;Toledo;45201 Yeles;Total;2005;2766
45;Toledo;45201 Yeles;Total;2004;2571
45;Toledo;45201 Yeles;Total;2003;2201
45;Toledo;45201 Yeles;Total;2002;1574
45;Toledo;45201 Yeles;Total;2001;1657
45;Toledo;45201 Yeles;Total;2000;1731
45;Toledo;45201 Yeles;Total;1999;1636
45;Toledo;45201 Yeles;Total;1998;1606
45;Toledo;45201 Yeles;Total;1997;
45;Toledo;45201 Yeles;Total;1996;1417
45;Toledo;45201 Yeles;Hombres;2023;3269
45;Toledo;45201 Yeles;Hombres;2022;3090
45;Toledo;45201 Yeles;Hombres;2021;3025
45;Toledo;45201 Yeles;Hombres;2020;2930
45;Toledo;45201 Yeles;Hombres;2019;2804
45;Toledo;45201 Yeles;Hombres;2018;2706
45;Toledo;45201 Yeles;Hombres;2017;2703
45;Toledo;45201 Yeles;Hombres;2016;2660
45;Toledo;45201 Yeles;Hombres;2015;2698
45;Toledo;45201 Yeles;Hombres;2014;2710
45;Toledo;45201 Yeles;Hombres;2013;2787
45;Toledo;45201 Yeles;Hombres;2012;2707
45;Toledo;45201 Yeles;Hombres;2011;2771
45;Toledo;45201 Yeles;Hombres;2010;2598
45;Toledo;45201 Yeles;Hombres;2009;2444
45;Toledo;45201 Yeles;Hombres;2008;2280
45;Toledo;45201 Yeles;Hombres;2007;1983
45;Toledo;45201 Yeles;Hombres;2006;1712
45;Toledo;45201 Yeles;Hombres;2005;1526
45;Toledo;45201 Yeles;Hombres;2004;1413
45;Toledo;45201 Yeles;Hombres;2003;1192
45;Toledo;45201 Yeles;Hombres;2002;833
45;Toledo;45201 Yeles;Hombres;2001;872
45;Toledo;45201 Yeles;Hombres;2000;912
45;Toledo;45201 Yeles;Hombres;1999;869
45;Toledo;45201 Yeles;Hombres;1998;847
45;Toledo;45201 Yeles;Hombres;1997;
45;Toledo;45201 Yeles;Hombres;1996;740
45;Toledo;45201 Yeles;Mujeres;2023;2907
45;Toledo;45201 Yeles;Mujeres;2022;2778
45;Toledo;45201 Yeles;Mujeres;2021;2754
45;Toledo;45201 Yeles;Mujeres;2020;2625
45;Toledo;45201 Yeles;Mujeres;2019;2525
45;Toledo;45201 Yeles;Mujeres;2018;2458
45;Toledo;45201 Yeles;Mujeres;2017;2474
45;Toledo;45201 Yeles;Mujeres;2016;2392
45;Toledo;45201 Yeles;Mujeres;2015;2340
45;Toledo;45201 Yeles;Mujeres;2014;2399
45;Toledo;45201 Yeles;Mujeres;2013;2445
45;Toledo;45201 Yeles;Mujeres;2012;2362
45;Toledo;45201 Yeles;Mujeres;2011;2399
45;Toledo;45201 Yeles;Mujeres;2010;2243
45;Toledo;45201 Yeles;Mujeres;2009;2100
45;Toledo;45201 Yeles;Mujeres;2008;1951
45;Toledo;45201 Yeles;Mujeres;2007;1672
45;Toledo;45201 Yeles;Mujeres;2006;1401
45;Toledo;45201 Yeles;Mujeres;2005;1240
45;Toledo;45201 Yeles;Mujeres;2004;1158
45;Toledo;45201 Yeles;Mujeres;2003;1009
45;Toledo;45201 Yeles;Mujeres;2002;741
45;Toledo;45201 Yeles;Mujeres;2001;785
45;Toledo;45201 Yeles;Mujeres;2000;819
45;Toledo;45201 Yeles;Mujeres;1999;767
45;Toledo;45201 Yeles;Mujeres;1998;759
45;Toledo;45201 Yeles;Mujeres;1997;
45;Toledo;45201 Yeles;Mujeres;1996;677
45;Toledo;45202 Yepes;Total;2023;5397
45;Toledo;45202 Yepes;Total;2022;5268
45;Toledo;45202 Yepes;Total;2021;5302
45;Toledo;45202 Yepes;Total;2020;5288
45;Toledo;45202 Yepes;Total;2019;5198
45;Toledo;45202 Yepes;Total;2018;5083
45;Toledo;45202 Yepes;Total;2017;5074
45;Toledo;45202 Yepes;Total;2016;5066
45;Toledo;45202 Yepes;Total;2015;5055
45;Toledo;45202 Yepes;Total;2014;5070
45;Toledo;45202 Yepes;Total;2013;5110
45;Toledo;45202 Yepes;Total;2012;5150
45;Toledo;45202 Yepes;Total;2011;5212
45;Toledo;45202 Yepes;Total;2010;5212
45;Toledo;45202 Yepes;Total;2009;5200
45;Toledo;45202 Yepes;Total;2008;5179
45;Toledo;45202 Yepes;Total;2007;4819
45;Toledo;45202 Yepes;Total;2006;4729
45;Toledo;45202 Yepes;Total;2005;4661
45;Toledo;45202 Yepes;Total;2004;4634
45;Toledo;45202 Yepes;Total;2003;4490
45;Toledo;45202 Yepes;Total;2002;4395
45;Toledo;45202 Yepes;Total;2001;4369
45;Toledo;45202 Yepes;Total;2000;4358
45;Toledo;45202 Yepes;Total;1999;4360
45;Toledo;45202 Yepes;Total;1998;4381
45;Toledo;45202 Yepes;Total;1997;
45;Toledo;45202 Yepes;Total;1996;4428
45;Toledo;45202 Yepes;Hombres;2023;2738
45;Toledo;45202 Yepes;Hombres;2022;2675
45;Toledo;45202 Yepes;Hombres;2021;2710
45;Toledo;45202 Yepes;Hombres;2020;2718
45;Toledo;45202 Yepes;Hombres;2019;2684
45;Toledo;45202 Yepes;Hombres;2018;2621
45;Toledo;45202 Yepes;Hombres;2017;2604
45;Toledo;45202 Yepes;Hombres;2016;2589
45;Toledo;45202 Yepes;Hombres;2015;2585
45;Toledo;45202 Yepes;Hombres;2014;2601
45;Toledo;45202 Yepes;Hombres;2013;2634
45;Toledo;45202 Yepes;Hombres;2012;2641
45;Toledo;45202 Yepes;Hombres;2011;2674
45;Toledo;45202 Yepes;Hombres;2010;2676
45;Toledo;45202 Yepes;Hombres;2009;2681
45;Toledo;45202 Yepes;Hombres;2008;2672
45;Toledo;45202 Yepes;Hombres;2007;2466
45;Toledo;45202 Yepes;Hombres;2006;2426
45;Toledo;45202 Yepes;Hombres;2005;2386
45;Toledo;45202 Yepes;Hombres;2004;2359
45;Toledo;45202 Yepes;Hombres;2003;2283
45;Toledo;45202 Yepes;Hombres;2002;2243
45;Toledo;45202 Yepes;Hombres;2001;2222
45;Toledo;45202 Yepes;Hombres;2000;2225
45;Toledo;45202 Yepes;Hombres;1999;2219
45;Toledo;45202 Yepes;Hombres;1998;2220
45;Toledo;45202 Yepes;Hombres;1997;
45;Toledo;45202 Yepes;Hombres;1996;2244
45;Toledo;45202 Yepes;Mujeres;2023;2659
45;Toledo;45202 Yepes;Mujeres;2022;2593
45;Toledo;45202 Yepes;Mujeres;2021;2592
45;Toledo;45202 Yepes;Mujeres;2020;2570
45;Toledo;45202 Yepes;Mujeres;2019;2514
45;Toledo;45202 Yepes;Mujeres;2018;2462
45;Toledo;45202 Yepes;Mujeres;2017;2470
45;Toledo;45202 Yepes;Mujeres;2016;2477
45;Toledo;45202 Yepes;Mujeres;2015;2470
45;Toledo;45202 Yepes;Mujeres;2014;2469
45;Toledo;45202 Yepes;Mujeres;2013;2476
45;Toledo;45202 Yepes;Mujeres;2012;2509
45;Toledo;45202 Yepes;Mujeres;2011;2538
45;Toledo;45202 Yepes;Mujeres;2010;2536
45;Toledo;45202 Yepes;Mujeres;2009;2519
45;Toledo;45202 Yepes;Mujeres;2008;2507
45;Toledo;45202 Yepes;Mujeres;2007;2353
45;Toledo;45202 Yepes;Mujeres;2006;2303
45;Toledo;45202 Yepes;Mujeres;2005;2275
45;Toledo;45202 Yepes;Mujeres;2004;2275
45;Toledo;45202 Yepes;Mujeres;2003;2207
45;Toledo;45202 Yepes;Mujeres;2002;2152
45;Toledo;45202 Yepes;Mujeres;2001;2147
45;Toledo;45202 Yepes;Mujeres;2000;2133
45;Toledo;45202 Yepes;Mujeres;1999;2141
45;Toledo;45202 Yepes;Mujeres;1998;2161
45;Toledo;45202 Yepes;Mujeres;1997;
45;Toledo;45202 Yepes;Mujeres;1996;2184
45;Toledo;45203 Yuncler;Total;2023;4842
45;Toledo;45203 Yuncler;Total;2022;4582
45;Toledo;45203 Yuncler;Total;2021;4344
45;Toledo;45203 Yuncler;Total;2020;4098
45;Toledo;45203 Yuncler;Total;2019;3940
45;Toledo;45203 Yuncler;Total;2018;3759
45;Toledo;45203 Yuncler;Total;2017;3679
45;Toledo;45203 Yuncler;Total;2016;3648
45;Toledo;45203 Yuncler;Total;2015;3594
45;Toledo;45203 Yuncler;Total;2014;3600
45;Toledo;45203 Yuncler;Total;2013;3578
45;Toledo;45203 Yuncler;Total;2012;3724
45;Toledo;45203 Yuncler;Total;2011;3573
45;Toledo;45203 Yuncler;Total;2010;3376
45;Toledo;45203 Yuncler;Total;2009;3332
45;Toledo;45203 Yuncler;Total;2008;3161
45;Toledo;45203 Yuncler;Total;2007;2905
45;Toledo;45203 Yuncler;Total;2006;2684
45;Toledo;45203 Yuncler;Total;2005;2464
45;Toledo;45203 Yuncler;Total;2004;2375
45;Toledo;45203 Yuncler;Total;2003;2287
45;Toledo;45203 Yuncler;Total;2002;2063
45;Toledo;45203 Yuncler;Total;2001;1858
45;Toledo;45203 Yuncler;Total;2000;1855
45;Toledo;45203 Yuncler;Total;1999;1930
45;Toledo;45203 Yuncler;Total;1998;1990
45;Toledo;45203 Yuncler;Total;1997;
45;Toledo;45203 Yuncler;Total;1996;1960
45;Toledo;45203 Yuncler;Hombres;2023;2486
45;Toledo;45203 Yuncler;Hombres;2022;2368
45;Toledo;45203 Yuncler;Hombres;2021;2244
45;Toledo;45203 Yuncler;Hombres;2020;2105
45;Toledo;45203 Yuncler;Hombres;2019;2026
45;Toledo;45203 Yuncler;Hombres;2018;1916
45;Toledo;45203 Yuncler;Hombres;2017;1863
45;Toledo;45203 Yuncler;Hombres;2016;1848
45;Toledo;45203 Yuncler;Hombres;2015;1824
45;Toledo;45203 Yuncler;Hombres;2014;1833
45;Toledo;45203 Yuncler;Hombres;2013;1828
45;Toledo;45203 Yuncler;Hombres;2012;1902
45;Toledo;45203 Yuncler;Hombres;2011;1823
45;Toledo;45203 Yuncler;Hombres;2010;1731
45;Toledo;45203 Yuncler;Hombres;2009;1699
45;Toledo;45203 Yuncler;Hombres;2008;1637
45;Toledo;45203 Yuncler;Hombres;2007;1497
45;Toledo;45203 Yuncler;Hombres;2006;1377
45;Toledo;45203 Yuncler;Hombres;2005;1257
45;Toledo;45203 Yuncler;Hombres;2004;1210
45;Toledo;45203 Yuncler;Hombres;2003;1160
45;Toledo;45203 Yuncler;Hombres;2002;1037
45;Toledo;45203 Yuncler;Hombres;2001;933
45;Toledo;45203 Yuncler;Hombres;2000;932
45;Toledo;45203 Yuncler;Hombres;1999;968
45;Toledo;45203 Yuncler;Hombres;1998;1004
45;Toledo;45203 Yuncler;Hombres;1997;
45;Toledo;45203 Yuncler;Hombres;1996;996
45;Toledo;45203 Yuncler;Mujeres;2023;2356
45;Toledo;45203 Yuncler;Mujeres;2022;2214
45;Toledo;45203 Yuncler;Mujeres;2021;2100
45;Toledo;45203 Yuncler;Mujeres;2020;1993
45;Toledo;45203 Yuncler;Mujeres;2019;1914
45;Toledo;45203 Yuncler;Mujeres;2018;1843
45;Toledo;45203 Yuncler;Mujeres;2017;1816
45;Toledo;45203 Yuncler;Mujeres;2016;1800
45;Toledo;45203 Yuncler;Mujeres;2015;1770
45;Toledo;45203 Yuncler;Mujeres;2014;1767
45;Toledo;45203 Yuncler;Mujeres;2013;1750
45;Toledo;45203 Yuncler;Mujeres;2012;1822
45;Toledo;45203 Yuncler;Mujeres;2011;1750
45;Toledo;45203 Yuncler;Mujeres;2010;1645
45;Toledo;45203 Yuncler;Mujeres;2009;1633
45;Toledo;45203 Yuncler;Mujeres;2008;1524
45;Toledo;45203 Yuncler;Mujeres;2007;1408
45;Toledo;45203 Yuncler;Mujeres;2006;1307
45;Toledo;45203 Yuncler;Mujeres;2005;1207
45;Toledo;45203 Yuncler;Mujeres;2004;1165
45;Toledo;45203 Yuncler;Mujeres;2003;1127
45;Toledo;45203 Yuncler;Mujeres;2002;1026
45;Toledo;45203 Yuncler;Mujeres;2001;925
45;Toledo;45203 Yuncler;Mujeres;2000;923
45;Toledo;45203 Yuncler;Mujeres;1999;962
45;Toledo;45203 Yuncler;Mujeres;1998;986
45;Toledo;45203 Yuncler;Mujeres;1997;
45;Toledo;45203 Yuncler;Mujeres;1996;964
45;Toledo;45204 Yunclillos;Total;2023;820
45;Toledo;45204 Yunclillos;Total;2022;806
45;Toledo;45204 Yunclillos;Total;2021;789
45;Toledo;45204 Yunclillos;Total;2020;795
45;Toledo;45204 Yunclillos;Total;2019;809
45;Toledo;45204 Yunclillos;Total;2018;809
45;Toledo;45204 Yunclillos;Total;2017;830
45;Toledo;45204 Yunclillos;Total;2016;864
45;Toledo;45204 Yunclillos;Total;2015;878
45;Toledo;45204 Yunclillos;Total;2014;866
45;Toledo;45204 Yunclillos;Total;2013;879
45;Toledo;45204 Yunclillos;Total;2012;856
45;Toledo;45204 Yunclillos;Total;2011;845
45;Toledo;45204 Yunclillos;Total;2010;813
45;Toledo;45204 Yunclillos;Total;2009;794
45;Toledo;45204 Yunclillos;Total;2008;791
45;Toledo;45204 Yunclillos;Total;2007;749
45;Toledo;45204 Yunclillos;Total;2006;706
45;Toledo;45204 Yunclillos;Total;2005;671
45;Toledo;45204 Yunclillos;Total;2004;691
45;Toledo;45204 Yunclillos;Total;2003;682
45;Toledo;45204 Yunclillos;Total;2002;618
45;Toledo;45204 Yunclillos;Total;2001;606
45;Toledo;45204 Yunclillos;Total;2000;615
45;Toledo;45204 Yunclillos;Total;1999;608
45;Toledo;45204 Yunclillos;Total;1998;587
45;Toledo;45204 Yunclillos;Total;1997;
45;Toledo;45204 Yunclillos;Total;1996;609
45;Toledo;45204 Yunclillos;Hombres;2023;430
45;Toledo;45204 Yunclillos;Hombres;2022;422
45;Toledo;45204 Yunclillos;Hombres;2021;417
45;Toledo;45204 Yunclillos;Hombres;2020;411
45;Toledo;45204 Yunclillos;Hombres;2019;421
45;Toledo;45204 Yunclillos;Hombres;2018;419
45;Toledo;45204 Yunclillos;Hombres;2017;428
45;Toledo;45204 Yunclillos;Hombres;2016;448
45;Toledo;45204 Yunclillos;Hombres;2015;466
45;Toledo;45204 Yunclillos;Hombres;2014;465
45;Toledo;45204 Yunclillos;Hombres;2013;471
45;Toledo;45204 Yunclillos;Hombres;2012;453
45;Toledo;45204 Yunclillos;Hombres;2011;443
45;Toledo;45204 Yunclillos;Hombres;2010;424
45;Toledo;45204 Yunclillos;Hombres;2009;415
45;Toledo;45204 Yunclillos;Hombres;2008;415
45;Toledo;45204 Yunclillos;Hombres;2007;391
45;Toledo;45204 Yunclillos;Hombres;2006;373
45;Toledo;45204 Yunclillos;Hombres;2005;351
45;Toledo;45204 Yunclillos;Hombres;2004;357
45;Toledo;45204 Yunclillos;Hombres;2003;354
45;Toledo;45204 Yunclillos;Hombres;2002;329
45;Toledo;45204 Yunclillos;Hombres;2001;320
45;Toledo;45204 Yunclillos;Hombres;2000;318
45;Toledo;45204 Yunclillos;Hombres;1999;308
45;Toledo;45204 Yunclillos;Hombres;1998;298
45;Toledo;45204 Yunclillos;Hombres;1997;
45;Toledo;45204 Yunclillos;Hombres;1996;307
45;Toledo;45204 Yunclillos;Mujeres;2023;390
45;Toledo;45204 Yunclillos;Mujeres;2022;384
45;Toledo;45204 Yunclillos;Mujeres;2021;372
45;Toledo;45204 Yunclillos;Mujeres;2020;384
45;Toledo;45204 Yunclillos;Mujeres;2019;388
45;Toledo;45204 Yunclillos;Mujeres;2018;390
45;Toledo;45204 Yunclillos;Mujeres;2017;402
45;Toledo;45204 Yunclillos;Mujeres;2016;416
45;Toledo;45204 Yunclillos;Mujeres;2015;412
45;Toledo;45204 Yunclillos;Mujeres;2014;401
45;Toledo;45204 Yunclillos;Mujeres;2013;408
45;Toledo;45204 Yunclillos;Mujeres;2012;403
45;Toledo;45204 Yunclillos;Mujeres;2011;402
45;Toledo;45204 Yunclillos;Mujeres;2010;389
45;Toledo;45204 Yunclillos;Mujeres;2009;379
45;Toledo;45204 Yunclillos;Mujeres;2008;376
45;Toledo;45204 Yunclillos;Mujeres;2007;358
45;Toledo;45204 Yunclillos;Mujeres;2006;333
45;Toledo;45204 Yunclillos;Mujeres;2005;320
45;Toledo;45204 Yunclillos;Mujeres;2004;334
45;Toledo;45204 Yunclillos;Mujeres;2003;328
45;Toledo;45204 Yunclillos;Mujeres;2002;289
45;Toledo;45204 Yunclillos;Mujeres;2001;286
45;Toledo;45204 Yunclillos;Mujeres;2000;297
45;Toledo;45204 Yunclillos;Mujeres;1999;300
45;Toledo;45204 Yunclillos;Mujeres;1998;289
45;Toledo;45204 Yunclillos;Mujeres;1997;
45;Toledo;45204 Yunclillos;Mujeres;1996;302
45;Toledo;45205 Yuncos;Total;2023;11762
45;Toledo;45205 Yuncos;Total;2022;10630
45;Toledo;45205 Yuncos;Total;2021;10813
45;Toledo;45205 Yuncos;Total;2020;11646
45;Toledo;45205 Yuncos;Total;2019;11222
45;Toledo;45205 Yuncos;Total;2018;10968
45;Toledo;45205 Yuncos;Total;2017;10827
45;Toledo;45205 Yuncos;Total;2016;10613
45;Toledo;45205 Yuncos;Total;2015;10607
45;Toledo;45205 Yuncos;Total;2014;10566
45;Toledo;45205 Yuncos;Total;2013;10773
45;Toledo;45205 Yuncos;Total;2012;10587
45;Toledo;45205 Yuncos;Total;2011;10043
45;Toledo;45205 Yuncos;Total;2010;9700
45;Toledo;45205 Yuncos;Total;2009;9185
45;Toledo;45205 Yuncos;Total;2008;8623
45;Toledo;45205 Yuncos;Total;2007;7645
45;Toledo;45205 Yuncos;Total;2006;6603
45;Toledo;45205 Yuncos;Total;2005;5592
45;Toledo;45205 Yuncos;Total;2004;5197
45;Toledo;45205 Yuncos;Total;2003;4776
45;Toledo;45205 Yuncos;Total;2002;4372
45;Toledo;45205 Yuncos;Total;2001;3935
45;Toledo;45205 Yuncos;Total;2000;3760
45;Toledo;45205 Yuncos;Total;1999;3611
45;Toledo;45205 Yuncos;Total;1998;3421
45;Toledo;45205 Yuncos;Total;1997;
45;Toledo;45205 Yuncos;Total;1996;3307
45;Toledo;45205 Yuncos;Hombres;2023;5986
45;Toledo;45205 Yuncos;Hombres;2022;5416
45;Toledo;45205 Yuncos;Hombres;2021;5517
45;Toledo;45205 Yuncos;Hombres;2020;5925
45;Toledo;45205 Yuncos;Hombres;2019;5736
45;Toledo;45205 Yuncos;Hombres;2018;5618
45;Toledo;45205 Yuncos;Hombres;2017;5571
45;Toledo;45205 Yuncos;Hombres;2016;5471
45;Toledo;45205 Yuncos;Hombres;2015;5491
45;Toledo;45205 Yuncos;Hombres;2014;5469
45;Toledo;45205 Yuncos;Hombres;2013;5572
45;Toledo;45205 Yuncos;Hombres;2012;5516
45;Toledo;45205 Yuncos;Hombres;2011;5203
45;Toledo;45205 Yuncos;Hombres;2010;5024
45;Toledo;45205 Yuncos;Hombres;2009;4796
45;Toledo;45205 Yuncos;Hombres;2008;4520
45;Toledo;45205 Yuncos;Hombres;2007;3975
45;Toledo;45205 Yuncos;Hombres;2006;3449
45;Toledo;45205 Yuncos;Hombres;2005;2921
45;Toledo;45205 Yuncos;Hombres;2004;2726
45;Toledo;45205 Yuncos;Hombres;2003;2517
45;Toledo;45205 Yuncos;Hombres;2002;2329
45;Toledo;45205 Yuncos;Hombres;2001;2093
45;Toledo;45205 Yuncos;Hombres;2000;1979
45;Toledo;45205 Yuncos;Hombres;1999;1908
45;Toledo;45205 Yuncos;Hombres;1998;1772
45;Toledo;45205 Yuncos;Hombres;1997;
45;Toledo;45205 Yuncos;Hombres;1996;1721
45;Toledo;45205 Yuncos;Mujeres;2023;5776
45;Toledo;45205 Yuncos;Mujeres;2022;5214
45;Toledo;45205 Yuncos;Mujeres;2021;5296
45;Toledo;45205 Yuncos;Mujeres;2020;5721
45;Toledo;45205 Yuncos;Mujeres;2019;5486
45;Toledo;45205 Yuncos;Mujeres;2018;5350
45;Toledo;45205 Yuncos;Mujeres;2017;5256
45;Toledo;45205 Yuncos;Mujeres;2016;5142
45;Toledo;45205 Yuncos;Mujeres;2015;5116
45;Toledo;45205 Yuncos;Mujeres;2014;5097
45;Toledo;45205 Yuncos;Mujeres;2013;5201
45;Toledo;45205 Yuncos;Mujeres;2012;5071
45;Toledo;45205 Yuncos;Mujeres;2011;4840
45;Toledo;45205 Yuncos;Mujeres;2010;4676
45;Toledo;45205 Yuncos;Mujeres;2009;4389
45;Toledo;45205 Yuncos;Mujeres;2008;4103
45;Toledo;45205 Yuncos;Mujeres;2007;3670
45;Toledo;45205 Yuncos;Mujeres;2006;3154
45;Toledo;45205 Yuncos;Mujeres;2005;2671
45;Toledo;45205 Yuncos;Mujeres;2004;2471
45;Toledo;45205 Yuncos;Mujeres;2003;2259
45;Toledo;45205 Yuncos;Mujeres;2002;2043
45;Toledo;45205 Yuncos;Mujeres;2001;1842
45;Toledo;45205 Yuncos;Mujeres;2000;1781
45;Toledo;45205 Yuncos;Mujeres;1999;1703
45;Toledo;45205 Yuncos;Mujeres;1998;1649
45;Toledo;45205 Yuncos;Mujeres;1997;
45;Toledo;45205 Yuncos;Mujeres;1996;1586
