codigo_provincia;nombre_provincia;Municipios;Sexo;Periodo;Total
47;Valladolid;47001 Adalia;Total;2023;51
47;Valladolid;47001 Adalia;Total;2022;54
47;Valladolid;47001 Adalia;Total;2021;52
47;Valladolid;47001 Adalia;Total;2020;53
47;Valladolid;47001 Adalia;Total;2019;53
47;Valladolid;47001 Adalia;Total;2018;58
47;Valladolid;47001 Adalia;Total;2017;59
47;Valladolid;47001 Adalia;Total;2016;59
47;Valladolid;47001 Adalia;Total;2015;59
47;Valladolid;47001 Adalia;Total;2014;57
47;Valladolid;47001 Adalia;Total;2013;59
47;Valladolid;47001 Adalia;Total;2012;57
47;Valladolid;47001 Adalia;Total;2011;58
47;Valladolid;47001 Adalia;Total;2010;59
47;Valladolid;47001 Adalia;Total;2009;61
47;Valladolid;47001 Adalia;Total;2008;61
47;Valladolid;47001 Adalia;Total;2007;65
47;Valladolid;47001 Adalia;Total;2006;67
47;Valladolid;47001 Adalia;Total;2005;68
47;Valladolid;47001 Adalia;Total;2004;69
47;Valladolid;47001 Adalia;Total;2003;74
47;Valladolid;47001 Adalia;Total;2002;82
47;Valladolid;47001 Adalia;Total;2001;84
47;Valladolid;47001 Adalia;Total;2000;88
47;Valladolid;47001 Adalia;Total;1999;87
47;Valladolid;47001 Adalia;Total;1998;87
47;Valladolid;47001 Adalia;Total;1997;
47;Valladolid;47001 Adalia;Total;1996;93
47;Valladolid;47001 Adalia;Hombres;2023;30
47;Valladolid;47001 Adalia;Hombres;2022;32
47;Valladolid;47001 Adalia;Hombres;2021;30
47;Valladolid;47001 Adalia;Hombres;2020;31
47;Valladolid;47001 Adalia;Hombres;2019;33
47;Valladolid;47001 Adalia;Hombres;2018;36
47;Valladolid;47001 Adalia;Hombres;2017;36
47;Valladolid;47001 Adalia;Hombres;2016;36
47;Valladolid;47001 Adalia;Hombres;2015;36
47;Valladolid;47001 Adalia;Hombres;2014;33
47;Valladolid;47001 Adalia;Hombres;2013;32
47;Valladolid;47001 Adalia;Hombres;2012;31
47;Valladolid;47001 Adalia;Hombres;2011;32
47;Valladolid;47001 Adalia;Hombres;2010;32
47;Valladolid;47001 Adalia;Hombres;2009;33
47;Valladolid;47001 Adalia;Hombres;2008;33
47;Valladolid;47001 Adalia;Hombres;2007;34
47;Valladolid;47001 Adalia;Hombres;2006;37
47;Valladolid;47001 Adalia;Hombres;2005;36
47;Valladolid;47001 Adalia;Hombres;2004;37
47;Valladolid;47001 Adalia;Hombres;2003;39
47;Valladolid;47001 Adalia;Hombres;2002;43
47;Valladolid;47001 Adalia;Hombres;2001;42
47;Valladolid;47001 Adalia;Hombres;2000;44
47;Valladolid;47001 Adalia;Hombres;1999;45
47;Valladolid;47001 Adalia;Hombres;1998;44
47;Valladolid;47001 Adalia;Hombres;1997;
47;Valladolid;47001 Adalia;Hombres;1996;48
47;Valladolid;47001 Adalia;Mujeres;2023;21
47;Valladolid;47001 Adalia;Mujeres;2022;22
47;Valladolid;47001 Adalia;Mujeres;2021;22
47;Valladolid;47001 Adalia;Mujeres;2020;22
47;Valladolid;47001 Adalia;Mujeres;2019;20
47;Valladolid;47001 Adalia;Mujeres;2018;22
47;Valladolid;47001 Adalia;Mujeres;2017;23
47;Valladolid;47001 Adalia;Mujeres;2016;23
47;Valladolid;47001 Adalia;Mujeres;2015;23
47;Valladolid;47001 Adalia;Mujeres;2014;24
47;Valladolid;47001 Adalia;Mujeres;2013;27
47;Valladolid;47001 Adalia;Mujeres;2012;26
47;Valladolid;47001 Adalia;Mujeres;2011;26
47;Valladolid;47001 Adalia;Mujeres;2010;27
47;Valladolid;47001 Adalia;Mujeres;2009;28
47;Valladolid;47001 Adalia;Mujeres;2008;28
47;Valladolid;47001 Adalia;Mujeres;2007;31
47;Valladolid;47001 Adalia;Mujeres;2006;30
47;Valladolid;47001 Adalia;Mujeres;2005;32
47;Valladolid;47001 Adalia;Mujeres;2004;32
47;Valladolid;47001 Adalia;Mujeres;2003;35
47;Valladolid;47001 Adalia;Mujeres;2002;39
47;Valladolid;47001 Adalia;Mujeres;2001;42
47;Valladolid;47001 Adalia;Mujeres;2000;44
47;Valladolid;47001 Adalia;Mujeres;1999;42
47;Valladolid;47001 Adalia;Mujeres;1998;43
47;Valladolid;47001 Adalia;Mujeres;1997;
47;Valladolid;47001 Adalia;Mujeres;1996;45
47;Valladolid;47002 Aguasal;Total;2023;19
47;Valladolid;47002 Aguasal;Total;2022;19
47;Valladolid;47002 Aguasal;Total;2021;17
47;Valladolid;47002 Aguasal;Total;2020;18
47;Valladolid;47002 Aguasal;Total;2019;19
47;Valladolid;47002 Aguasal;Total;2018;23
47;Valladolid;47002 Aguasal;Total;2017;24
47;Valladolid;47002 Aguasal;Total;2016;24
47;Valladolid;47002 Aguasal;Total;2015;26
47;Valladolid;47002 Aguasal;Total;2014;26
47;Valladolid;47002 Aguasal;Total;2013;27
47;Valladolid;47002 Aguasal;Total;2012;29
47;Valladolid;47002 Aguasal;Total;2011;30
47;Valladolid;47002 Aguasal;Total;2010;30
47;Valladolid;47002 Aguasal;Total;2009;32
47;Valladolid;47002 Aguasal;Total;2008;31
47;Valladolid;47002 Aguasal;Total;2007;27
47;Valladolid;47002 Aguasal;Total;2006;26
47;Valladolid;47002 Aguasal;Total;2005;28
47;Valladolid;47002 Aguasal;Total;2004;25
47;Valladolid;47002 Aguasal;Total;2003;25
47;Valladolid;47002 Aguasal;Total;2002;28
47;Valladolid;47002 Aguasal;Total;2001;28
47;Valladolid;47002 Aguasal;Total;2000;24
47;Valladolid;47002 Aguasal;Total;1999;25
47;Valladolid;47002 Aguasal;Total;1998;25
47;Valladolid;47002 Aguasal;Total;1997;
47;Valladolid;47002 Aguasal;Total;1996;25
47;Valladolid;47002 Aguasal;Hombres;2023;12
47;Valladolid;47002 Aguasal;Hombres;2022;12
47;Valladolid;47002 Aguasal;Hombres;2021;11
47;Valladolid;47002 Aguasal;Hombres;2020;12
47;Valladolid;47002 Aguasal;Hombres;2019;12
47;Valladolid;47002 Aguasal;Hombres;2018;16
47;Valladolid;47002 Aguasal;Hombres;2017;18
47;Valladolid;47002 Aguasal;Hombres;2016;19
47;Valladolid;47002 Aguasal;Hombres;2015;19
47;Valladolid;47002 Aguasal;Hombres;2014;19
47;Valladolid;47002 Aguasal;Hombres;2013;20
47;Valladolid;47002 Aguasal;Hombres;2012;20
47;Valladolid;47002 Aguasal;Hombres;2011;19
47;Valladolid;47002 Aguasal;Hombres;2010;19
47;Valladolid;47002 Aguasal;Hombres;2009;20
47;Valladolid;47002 Aguasal;Hombres;2008;20
47;Valladolid;47002 Aguasal;Hombres;2007;18
47;Valladolid;47002 Aguasal;Hombres;2006;17
47;Valladolid;47002 Aguasal;Hombres;2005;17
47;Valladolid;47002 Aguasal;Hombres;2004;14
47;Valladolid;47002 Aguasal;Hombres;2003;13
47;Valladolid;47002 Aguasal;Hombres;2002;15
47;Valladolid;47002 Aguasal;Hombres;2001;15
47;Valladolid;47002 Aguasal;Hombres;2000;13
47;Valladolid;47002 Aguasal;Hombres;1999;13
47;Valladolid;47002 Aguasal;Hombres;1998;13
47;Valladolid;47002 Aguasal;Hombres;1997;
47;Valladolid;47002 Aguasal;Hombres;1996;13
47;Valladolid;47002 Aguasal;Mujeres;2023;7
47;Valladolid;47002 Aguasal;Mujeres;2022;7
47;Valladolid;47002 Aguasal;Mujeres;2021;6
47;Valladolid;47002 Aguasal;Mujeres;2020;6
47;Valladolid;47002 Aguasal;Mujeres;2019;7
47;Valladolid;47002 Aguasal;Mujeres;2018;7
47;Valladolid;47002 Aguasal;Mujeres;2017;6
47;Valladolid;47002 Aguasal;Mujeres;2016;5
47;Valladolid;47002 Aguasal;Mujeres;2015;7
47;Valladolid;47002 Aguasal;Mujeres;2014;7
47;Valladolid;47002 Aguasal;Mujeres;2013;7
47;Valladolid;47002 Aguasal;Mujeres;2012;9
47;Valladolid;47002 Aguasal;Mujeres;2011;11
47;Valladolid;47002 Aguasal;Mujeres;2010;11
47;Valladolid;47002 Aguasal;Mujeres;2009;12
47;Valladolid;47002 Aguasal;Mujeres;2008;11
47;Valladolid;47002 Aguasal;Mujeres;2007;9
47;Valladolid;47002 Aguasal;Mujeres;2006;9
47;Valladolid;47002 Aguasal;Mujeres;2005;11
47;Valladolid;47002 Aguasal;Mujeres;2004;11
47;Valladolid;47002 Aguasal;Mujeres;2003;12
47;Valladolid;47002 Aguasal;Mujeres;2002;13
47;Valladolid;47002 Aguasal;Mujeres;2001;13
47;Valladolid;47002 Aguasal;Mujeres;2000;11
47;Valladolid;47002 Aguasal;Mujeres;1999;12
47;Valladolid;47002 Aguasal;Mujeres;1998;12
47;Valladolid;47002 Aguasal;Mujeres;1997;
47;Valladolid;47002 Aguasal;Mujeres;1996;12
47;Valladolid;47003 Aguilar de Campos;Total;2023;266
47;Valladolid;47003 Aguilar de Campos;Total;2022;276
47;Valladolid;47003 Aguilar de Campos;Total;2021;257
47;Valladolid;47003 Aguilar de Campos;Total;2020;254
47;Valladolid;47003 Aguilar de Campos;Total;2019;243
47;Valladolid;47003 Aguilar de Campos;Total;2018;244
47;Valladolid;47003 Aguilar de Campos;Total;2017;256
47;Valladolid;47003 Aguilar de Campos;Total;2016;266
47;Valladolid;47003 Aguilar de Campos;Total;2015;284
47;Valladolid;47003 Aguilar de Campos;Total;2014;295
47;Valladolid;47003 Aguilar de Campos;Total;2013;293
47;Valladolid;47003 Aguilar de Campos;Total;2012;314
47;Valladolid;47003 Aguilar de Campos;Total;2011;299
47;Valladolid;47003 Aguilar de Campos;Total;2010;292
47;Valladolid;47003 Aguilar de Campos;Total;2009;296
47;Valladolid;47003 Aguilar de Campos;Total;2008;306
47;Valladolid;47003 Aguilar de Campos;Total;2007;313
47;Valladolid;47003 Aguilar de Campos;Total;2006;330
47;Valladolid;47003 Aguilar de Campos;Total;2005;337
47;Valladolid;47003 Aguilar de Campos;Total;2004;337
47;Valladolid;47003 Aguilar de Campos;Total;2003;349
47;Valladolid;47003 Aguilar de Campos;Total;2002;362
47;Valladolid;47003 Aguilar de Campos;Total;2001;362
47;Valladolid;47003 Aguilar de Campos;Total;2000;367
47;Valladolid;47003 Aguilar de Campos;Total;1999;366
47;Valladolid;47003 Aguilar de Campos;Total;1998;380
47;Valladolid;47003 Aguilar de Campos;Total;1997;
47;Valladolid;47003 Aguilar de Campos;Total;1996;396
47;Valladolid;47003 Aguilar de Campos;Hombres;2023;159
47;Valladolid;47003 Aguilar de Campos;Hombres;2022;166
47;Valladolid;47003 Aguilar de Campos;Hombres;2021;150
47;Valladolid;47003 Aguilar de Campos;Hombres;2020;146
47;Valladolid;47003 Aguilar de Campos;Hombres;2019;140
47;Valladolid;47003 Aguilar de Campos;Hombres;2018;142
47;Valladolid;47003 Aguilar de Campos;Hombres;2017;146
47;Valladolid;47003 Aguilar de Campos;Hombres;2016;150
47;Valladolid;47003 Aguilar de Campos;Hombres;2015;159
47;Valladolid;47003 Aguilar de Campos;Hombres;2014;163
47;Valladolid;47003 Aguilar de Campos;Hombres;2013;165
47;Valladolid;47003 Aguilar de Campos;Hombres;2012;174
47;Valladolid;47003 Aguilar de Campos;Hombres;2011;169
47;Valladolid;47003 Aguilar de Campos;Hombres;2010;161
47;Valladolid;47003 Aguilar de Campos;Hombres;2009;165
47;Valladolid;47003 Aguilar de Campos;Hombres;2008;166
47;Valladolid;47003 Aguilar de Campos;Hombres;2007;170
47;Valladolid;47003 Aguilar de Campos;Hombres;2006;178
47;Valladolid;47003 Aguilar de Campos;Hombres;2005;179
47;Valladolid;47003 Aguilar de Campos;Hombres;2004;182
47;Valladolid;47003 Aguilar de Campos;Hombres;2003;188
47;Valladolid;47003 Aguilar de Campos;Hombres;2002;195
47;Valladolid;47003 Aguilar de Campos;Hombres;2001;190
47;Valladolid;47003 Aguilar de Campos;Hombres;2000;193
47;Valladolid;47003 Aguilar de Campos;Hombres;1999;191
47;Valladolid;47003 Aguilar de Campos;Hombres;1998;200
47;Valladolid;47003 Aguilar de Campos;Hombres;1997;
47;Valladolid;47003 Aguilar de Campos;Hombres;1996;207
47;Valladolid;47003 Aguilar de Campos;Mujeres;2023;107
47;Valladolid;47003 Aguilar de Campos;Mujeres;2022;110
47;Valladolid;47003 Aguilar de Campos;Mujeres;2021;107
47;Valladolid;47003 Aguilar de Campos;Mujeres;2020;108
47;Valladolid;47003 Aguilar de Campos;Mujeres;2019;103
47;Valladolid;47003 Aguilar de Campos;Mujeres;2018;102
47;Valladolid;47003 Aguilar de Campos;Mujeres;2017;110
47;Valladolid;47003 Aguilar de Campos;Mujeres;2016;116
47;Valladolid;47003 Aguilar de Campos;Mujeres;2015;125
47;Valladolid;47003 Aguilar de Campos;Mujeres;2014;132
47;Valladolid;47003 Aguilar de Campos;Mujeres;2013;128
47;Valladolid;47003 Aguilar de Campos;Mujeres;2012;140
47;Valladolid;47003 Aguilar de Campos;Mujeres;2011;130
47;Valladolid;47003 Aguilar de Campos;Mujeres;2010;131
47;Valladolid;47003 Aguilar de Campos;Mujeres;2009;131
47;Valladolid;47003 Aguilar de Campos;Mujeres;2008;140
47;Valladolid;47003 Aguilar de Campos;Mujeres;2007;143
47;Valladolid;47003 Aguilar de Campos;Mujeres;2006;152
47;Valladolid;47003 Aguilar de Campos;Mujeres;2005;158
47;Valladolid;47003 Aguilar de Campos;Mujeres;2004;155
47;Valladolid;47003 Aguilar de Campos;Mujeres;2003;161
47;Valladolid;47003 Aguilar de Campos;Mujeres;2002;167
47;Valladolid;47003 Aguilar de Campos;Mujeres;2001;172
47;Valladolid;47003 Aguilar de Campos;Mujeres;2000;174
47;Valladolid;47003 Aguilar de Campos;Mujeres;1999;175
47;Valladolid;47003 Aguilar de Campos;Mujeres;1998;180
47;Valladolid;47003 Aguilar de Campos;Mujeres;1997;
47;Valladolid;47003 Aguilar de Campos;Mujeres;1996;189
47;Valladolid;47004 Alaejos;Total;2023;1380
47;Valladolid;47004 Alaejos;Total;2022;1385
47;Valladolid;47004 Alaejos;Total;2021;1380
47;Valladolid;47004 Alaejos;Total;2020;1379
47;Valladolid;47004 Alaejos;Total;2019;1369
47;Valladolid;47004 Alaejos;Total;2018;1382
47;Valladolid;47004 Alaejos;Total;2017;1389
47;Valladolid;47004 Alaejos;Total;2016;1400
47;Valladolid;47004 Alaejos;Total;2015;1418
47;Valladolid;47004 Alaejos;Total;2014;1429
47;Valladolid;47004 Alaejos;Total;2013;1467
47;Valladolid;47004 Alaejos;Total;2012;1494
47;Valladolid;47004 Alaejos;Total;2011;1560
47;Valladolid;47004 Alaejos;Total;2010;1572
47;Valladolid;47004 Alaejos;Total;2009;1611
47;Valladolid;47004 Alaejos;Total;2008;1613
47;Valladolid;47004 Alaejos;Total;2007;1586
47;Valladolid;47004 Alaejos;Total;2006;1593
47;Valladolid;47004 Alaejos;Total;2005;1651
47;Valladolid;47004 Alaejos;Total;2004;1627
47;Valladolid;47004 Alaejos;Total;2003;1551
47;Valladolid;47004 Alaejos;Total;2002;1539
47;Valladolid;47004 Alaejos;Total;2001;1581
47;Valladolid;47004 Alaejos;Total;2000;1614
47;Valladolid;47004 Alaejos;Total;1999;1666
47;Valladolid;47004 Alaejos;Total;1998;1677
47;Valladolid;47004 Alaejos;Total;1997;
47;Valladolid;47004 Alaejos;Total;1996;1717
47;Valladolid;47004 Alaejos;Hombres;2023;731
47;Valladolid;47004 Alaejos;Hombres;2022;742
47;Valladolid;47004 Alaejos;Hombres;2021;740
47;Valladolid;47004 Alaejos;Hombres;2020;738
47;Valladolid;47004 Alaejos;Hombres;2019;732
47;Valladolid;47004 Alaejos;Hombres;2018;740
47;Valladolid;47004 Alaejos;Hombres;2017;747
47;Valladolid;47004 Alaejos;Hombres;2016;741
47;Valladolid;47004 Alaejos;Hombres;2015;753
47;Valladolid;47004 Alaejos;Hombres;2014;754
47;Valladolid;47004 Alaejos;Hombres;2013;772
47;Valladolid;47004 Alaejos;Hombres;2012;782
47;Valladolid;47004 Alaejos;Hombres;2011;820
47;Valladolid;47004 Alaejos;Hombres;2010;820
47;Valladolid;47004 Alaejos;Hombres;2009;836
47;Valladolid;47004 Alaejos;Hombres;2008;843
47;Valladolid;47004 Alaejos;Hombres;2007;822
47;Valladolid;47004 Alaejos;Hombres;2006;831
47;Valladolid;47004 Alaejos;Hombres;2005;845
47;Valladolid;47004 Alaejos;Hombres;2004;842
47;Valladolid;47004 Alaejos;Hombres;2003;809
47;Valladolid;47004 Alaejos;Hombres;2002;800
47;Valladolid;47004 Alaejos;Hombres;2001;816
47;Valladolid;47004 Alaejos;Hombres;2000;829
47;Valladolid;47004 Alaejos;Hombres;1999;863
47;Valladolid;47004 Alaejos;Hombres;1998;868
47;Valladolid;47004 Alaejos;Hombres;1997;
47;Valladolid;47004 Alaejos;Hombres;1996;891
47;Valladolid;47004 Alaejos;Mujeres;2023;649
47;Valladolid;47004 Alaejos;Mujeres;2022;643
47;Valladolid;47004 Alaejos;Mujeres;2021;640
47;Valladolid;47004 Alaejos;Mujeres;2020;641
47;Valladolid;47004 Alaejos;Mujeres;2019;637
47;Valladolid;47004 Alaejos;Mujeres;2018;642
47;Valladolid;47004 Alaejos;Mujeres;2017;642
47;Valladolid;47004 Alaejos;Mujeres;2016;659
47;Valladolid;47004 Alaejos;Mujeres;2015;665
47;Valladolid;47004 Alaejos;Mujeres;2014;675
47;Valladolid;47004 Alaejos;Mujeres;2013;695
47;Valladolid;47004 Alaejos;Mujeres;2012;712
47;Valladolid;47004 Alaejos;Mujeres;2011;740
47;Valladolid;47004 Alaejos;Mujeres;2010;752
47;Valladolid;47004 Alaejos;Mujeres;2009;775
47;Valladolid;47004 Alaejos;Mujeres;2008;770
47;Valladolid;47004 Alaejos;Mujeres;2007;764
47;Valladolid;47004 Alaejos;Mujeres;2006;762
47;Valladolid;47004 Alaejos;Mujeres;2005;806
47;Valladolid;47004 Alaejos;Mujeres;2004;785
47;Valladolid;47004 Alaejos;Mujeres;2003;742
47;Valladolid;47004 Alaejos;Mujeres;2002;739
47;Valladolid;47004 Alaejos;Mujeres;2001;765
47;Valladolid;47004 Alaejos;Mujeres;2000;785
47;Valladolid;47004 Alaejos;Mujeres;1999;803
47;Valladolid;47004 Alaejos;Mujeres;1998;809
47;Valladolid;47004 Alaejos;Mujeres;1997;
47;Valladolid;47004 Alaejos;Mujeres;1996;826
47;Valladolid;47005 Alcazarén;Total;2023;645
47;Valladolid;47005 Alcazarén;Total;2022;643
47;Valladolid;47005 Alcazarén;Total;2021;632
47;Valladolid;47005 Alcazarén;Total;2020;630
47;Valladolid;47005 Alcazarén;Total;2019;635
47;Valladolid;47005 Alcazarén;Total;2018;640
47;Valladolid;47005 Alcazarén;Total;2017;647
47;Valladolid;47005 Alcazarén;Total;2016;692
47;Valladolid;47005 Alcazarén;Total;2015;693
47;Valladolid;47005 Alcazarén;Total;2014;675
47;Valladolid;47005 Alcazarén;Total;2013;707
47;Valladolid;47005 Alcazarén;Total;2012;733
47;Valladolid;47005 Alcazarén;Total;2011;726
47;Valladolid;47005 Alcazarén;Total;2010;722
47;Valladolid;47005 Alcazarén;Total;2009;733
47;Valladolid;47005 Alcazarén;Total;2008;717
47;Valladolid;47005 Alcazarén;Total;2007;706
47;Valladolid;47005 Alcazarén;Total;2006;706
47;Valladolid;47005 Alcazarén;Total;2005;689
47;Valladolid;47005 Alcazarén;Total;2004;702
47;Valladolid;47005 Alcazarén;Total;2003;689
47;Valladolid;47005 Alcazarén;Total;2002;691
47;Valladolid;47005 Alcazarén;Total;2001;706
47;Valladolid;47005 Alcazarén;Total;2000;708
47;Valladolid;47005 Alcazarén;Total;1999;721
47;Valladolid;47005 Alcazarén;Total;1998;721
47;Valladolid;47005 Alcazarén;Total;1997;
47;Valladolid;47005 Alcazarén;Total;1996;739
47;Valladolid;47005 Alcazarén;Hombres;2023;344
47;Valladolid;47005 Alcazarén;Hombres;2022;342
47;Valladolid;47005 Alcazarén;Hombres;2021;338
47;Valladolid;47005 Alcazarén;Hombres;2020;344
47;Valladolid;47005 Alcazarén;Hombres;2019;343
47;Valladolid;47005 Alcazarén;Hombres;2018;345
47;Valladolid;47005 Alcazarén;Hombres;2017;343
47;Valladolid;47005 Alcazarén;Hombres;2016;375
47;Valladolid;47005 Alcazarén;Hombres;2015;373
47;Valladolid;47005 Alcazarén;Hombres;2014;354
47;Valladolid;47005 Alcazarén;Hombres;2013;377
47;Valladolid;47005 Alcazarén;Hombres;2012;387
47;Valladolid;47005 Alcazarén;Hombres;2011;392
47;Valladolid;47005 Alcazarén;Hombres;2010;385
47;Valladolid;47005 Alcazarén;Hombres;2009;396
47;Valladolid;47005 Alcazarén;Hombres;2008;388
47;Valladolid;47005 Alcazarén;Hombres;2007;381
47;Valladolid;47005 Alcazarén;Hombres;2006;378
47;Valladolid;47005 Alcazarén;Hombres;2005;363
47;Valladolid;47005 Alcazarén;Hombres;2004;374
47;Valladolid;47005 Alcazarén;Hombres;2003;370
47;Valladolid;47005 Alcazarén;Hombres;2002;366
47;Valladolid;47005 Alcazarén;Hombres;2001;376
47;Valladolid;47005 Alcazarén;Hombres;2000;377
47;Valladolid;47005 Alcazarén;Hombres;1999;385
47;Valladolid;47005 Alcazarén;Hombres;1998;385
47;Valladolid;47005 Alcazarén;Hombres;1997;
47;Valladolid;47005 Alcazarén;Hombres;1996;395
47;Valladolid;47005 Alcazarén;Mujeres;2023;301
47;Valladolid;47005 Alcazarén;Mujeres;2022;301
47;Valladolid;47005 Alcazarén;Mujeres;2021;294
47;Valladolid;47005 Alcazarén;Mujeres;2020;286
47;Valladolid;47005 Alcazarén;Mujeres;2019;292
47;Valladolid;47005 Alcazarén;Mujeres;2018;295
47;Valladolid;47005 Alcazarén;Mujeres;2017;304
47;Valladolid;47005 Alcazarén;Mujeres;2016;317
47;Valladolid;47005 Alcazarén;Mujeres;2015;320
47;Valladolid;47005 Alcazarén;Mujeres;2014;321
47;Valladolid;47005 Alcazarén;Mujeres;2013;330
47;Valladolid;47005 Alcazarén;Mujeres;2012;346
47;Valladolid;47005 Alcazarén;Mujeres;2011;334
47;Valladolid;47005 Alcazarén;Mujeres;2010;337
47;Valladolid;47005 Alcazarén;Mujeres;2009;337
47;Valladolid;47005 Alcazarén;Mujeres;2008;329
47;Valladolid;47005 Alcazarén;Mujeres;2007;325
47;Valladolid;47005 Alcazarén;Mujeres;2006;328
47;Valladolid;47005 Alcazarén;Mujeres;2005;326
47;Valladolid;47005 Alcazarén;Mujeres;2004;328
47;Valladolid;47005 Alcazarén;Mujeres;2003;319
47;Valladolid;47005 Alcazarén;Mujeres;2002;325
47;Valladolid;47005 Alcazarén;Mujeres;2001;330
47;Valladolid;47005 Alcazarén;Mujeres;2000;331
47;Valladolid;47005 Alcazarén;Mujeres;1999;336
47;Valladolid;47005 Alcazarén;Mujeres;1998;336
47;Valladolid;47005 Alcazarén;Mujeres;1997;
47;Valladolid;47005 Alcazarén;Mujeres;1996;344
47;Valladolid;47006 Aldea de San Miguel;Total;2023;215
47;Valladolid;47006 Aldea de San Miguel;Total;2022;214
47;Valladolid;47006 Aldea de San Miguel;Total;2021;217
47;Valladolid;47006 Aldea de San Miguel;Total;2020;213
47;Valladolid;47006 Aldea de San Miguel;Total;2019;224
47;Valladolid;47006 Aldea de San Miguel;Total;2018;222
47;Valladolid;47006 Aldea de San Miguel;Total;2017;232
47;Valladolid;47006 Aldea de San Miguel;Total;2016;226
47;Valladolid;47006 Aldea de San Miguel;Total;2015;227
47;Valladolid;47006 Aldea de San Miguel;Total;2014;234
47;Valladolid;47006 Aldea de San Miguel;Total;2013;235
47;Valladolid;47006 Aldea de San Miguel;Total;2012;235
47;Valladolid;47006 Aldea de San Miguel;Total;2011;225
47;Valladolid;47006 Aldea de San Miguel;Total;2010;216
47;Valladolid;47006 Aldea de San Miguel;Total;2009;229
47;Valladolid;47006 Aldea de San Miguel;Total;2008;228
47;Valladolid;47006 Aldea de San Miguel;Total;2007;223
47;Valladolid;47006 Aldea de San Miguel;Total;2006;218
47;Valladolid;47006 Aldea de San Miguel;Total;2005;217
47;Valladolid;47006 Aldea de San Miguel;Total;2004;212
47;Valladolid;47006 Aldea de San Miguel;Total;2003;211
47;Valladolid;47006 Aldea de San Miguel;Total;2002;219
47;Valladolid;47006 Aldea de San Miguel;Total;2001;224
47;Valladolid;47006 Aldea de San Miguel;Total;2000;227
47;Valladolid;47006 Aldea de San Miguel;Total;1999;240
47;Valladolid;47006 Aldea de San Miguel;Total;1998;231
47;Valladolid;47006 Aldea de San Miguel;Total;1997;
47;Valladolid;47006 Aldea de San Miguel;Total;1996;242
47;Valladolid;47006 Aldea de San Miguel;Hombres;2023;119
47;Valladolid;47006 Aldea de San Miguel;Hombres;2022;120
47;Valladolid;47006 Aldea de San Miguel;Hombres;2021;123
47;Valladolid;47006 Aldea de San Miguel;Hombres;2020;118
47;Valladolid;47006 Aldea de San Miguel;Hombres;2019;123
47;Valladolid;47006 Aldea de San Miguel;Hombres;2018;120
47;Valladolid;47006 Aldea de San Miguel;Hombres;2017;123
47;Valladolid;47006 Aldea de San Miguel;Hombres;2016;118
47;Valladolid;47006 Aldea de San Miguel;Hombres;2015;117
47;Valladolid;47006 Aldea de San Miguel;Hombres;2014;124
47;Valladolid;47006 Aldea de San Miguel;Hombres;2013;124
47;Valladolid;47006 Aldea de San Miguel;Hombres;2012;126
47;Valladolid;47006 Aldea de San Miguel;Hombres;2011;118
47;Valladolid;47006 Aldea de San Miguel;Hombres;2010;109
47;Valladolid;47006 Aldea de San Miguel;Hombres;2009;115
47;Valladolid;47006 Aldea de San Miguel;Hombres;2008;118
47;Valladolid;47006 Aldea de San Miguel;Hombres;2007;115
47;Valladolid;47006 Aldea de San Miguel;Hombres;2006;113
47;Valladolid;47006 Aldea de San Miguel;Hombres;2005;110
47;Valladolid;47006 Aldea de San Miguel;Hombres;2004;106
47;Valladolid;47006 Aldea de San Miguel;Hombres;2003;106
47;Valladolid;47006 Aldea de San Miguel;Hombres;2002;111
47;Valladolid;47006 Aldea de San Miguel;Hombres;2001;115
47;Valladolid;47006 Aldea de San Miguel;Hombres;2000;119
47;Valladolid;47006 Aldea de San Miguel;Hombres;1999;121
47;Valladolid;47006 Aldea de San Miguel;Hombres;1998;116
47;Valladolid;47006 Aldea de San Miguel;Hombres;1997;
47;Valladolid;47006 Aldea de San Miguel;Hombres;1996;123
47;Valladolid;47006 Aldea de San Miguel;Mujeres;2023;96
47;Valladolid;47006 Aldea de San Miguel;Mujeres;2022;94
47;Valladolid;47006 Aldea de San Miguel;Mujeres;2021;94
47;Valladolid;47006 Aldea de San Miguel;Mujeres;2020;95
47;Valladolid;47006 Aldea de San Miguel;Mujeres;2019;101
47;Valladolid;47006 Aldea de San Miguel;Mujeres;2018;102
47;Valladolid;47006 Aldea de San Miguel;Mujeres;2017;109
47;Valladolid;47006 Aldea de San Miguel;Mujeres;2016;108
47;Valladolid;47006 Aldea de San Miguel;Mujeres;2015;110
47;Valladolid;47006 Aldea de San Miguel;Mujeres;2014;110
47;Valladolid;47006 Aldea de San Miguel;Mujeres;2013;111
47;Valladolid;47006 Aldea de San Miguel;Mujeres;2012;109
47;Valladolid;47006 Aldea de San Miguel;Mujeres;2011;107
47;Valladolid;47006 Aldea de San Miguel;Mujeres;2010;107
47;Valladolid;47006 Aldea de San Miguel;Mujeres;2009;114
47;Valladolid;47006 Aldea de San Miguel;Mujeres;2008;110
47;Valladolid;47006 Aldea de San Miguel;Mujeres;2007;108
47;Valladolid;47006 Aldea de San Miguel;Mujeres;2006;105
47;Valladolid;47006 Aldea de San Miguel;Mujeres;2005;107
47;Valladolid;47006 Aldea de San Miguel;Mujeres;2004;106
47;Valladolid;47006 Aldea de San Miguel;Mujeres;2003;105
47;Valladolid;47006 Aldea de San Miguel;Mujeres;2002;108
47;Valladolid;47006 Aldea de San Miguel;Mujeres;2001;109
47;Valladolid;47006 Aldea de San Miguel;Mujeres;2000;108
47;Valladolid;47006 Aldea de San Miguel;Mujeres;1999;119
47;Valladolid;47006 Aldea de San Miguel;Mujeres;1998;115
47;Valladolid;47006 Aldea de San Miguel;Mujeres;1997;
47;Valladolid;47006 Aldea de San Miguel;Mujeres;1996;119
47;Valladolid;47007 Aldeamayor de San Martín;Total;2023;6035
47;Valladolid;47007 Aldeamayor de San Martín;Total;2022;5896
47;Valladolid;47007 Aldeamayor de San Martín;Total;2021;5789
47;Valladolid;47007 Aldeamayor de San Martín;Total;2020;5634
47;Valladolid;47007 Aldeamayor de San Martín;Total;2019;5524
47;Valladolid;47007 Aldeamayor de San Martín;Total;2018;5455
47;Valladolid;47007 Aldeamayor de San Martín;Total;2017;5292
47;Valladolid;47007 Aldeamayor de San Martín;Total;2016;5077
47;Valladolid;47007 Aldeamayor de San Martín;Total;2015;4968
47;Valladolid;47007 Aldeamayor de San Martín;Total;2014;4891
47;Valladolid;47007 Aldeamayor de San Martín;Total;2013;4730
47;Valladolid;47007 Aldeamayor de San Martín;Total;2012;4560
47;Valladolid;47007 Aldeamayor de San Martín;Total;2011;4322
47;Valladolid;47007 Aldeamayor de San Martín;Total;2010;3904
47;Valladolid;47007 Aldeamayor de San Martín;Total;2009;3311
47;Valladolid;47007 Aldeamayor de San Martín;Total;2008;2852
47;Valladolid;47007 Aldeamayor de San Martín;Total;2007;2461
47;Valladolid;47007 Aldeamayor de San Martín;Total;2006;2107
47;Valladolid;47007 Aldeamayor de San Martín;Total;2005;1962
47;Valladolid;47007 Aldeamayor de San Martín;Total;2004;1828
47;Valladolid;47007 Aldeamayor de San Martín;Total;2003;1718
47;Valladolid;47007 Aldeamayor de San Martín;Total;2002;1582
47;Valladolid;47007 Aldeamayor de San Martín;Total;2001;1506
47;Valladolid;47007 Aldeamayor de San Martín;Total;2000;1436
47;Valladolid;47007 Aldeamayor de San Martín;Total;1999;1379
47;Valladolid;47007 Aldeamayor de San Martín;Total;1998;1364
47;Valladolid;47007 Aldeamayor de San Martín;Total;1997;
47;Valladolid;47007 Aldeamayor de San Martín;Total;1996;1275
47;Valladolid;47007 Aldeamayor de San Martín;Hombres;2023;3107
47;Valladolid;47007 Aldeamayor de San Martín;Hombres;2022;3047
47;Valladolid;47007 Aldeamayor de San Martín;Hombres;2021;3001
47;Valladolid;47007 Aldeamayor de San Martín;Hombres;2020;2917
47;Valladolid;47007 Aldeamayor de San Martín;Hombres;2019;2859
47;Valladolid;47007 Aldeamayor de San Martín;Hombres;2018;2816
47;Valladolid;47007 Aldeamayor de San Martín;Hombres;2017;2739
47;Valladolid;47007 Aldeamayor de San Martín;Hombres;2016;2621
47;Valladolid;47007 Aldeamayor de San Martín;Hombres;2015;2554
47;Valladolid;47007 Aldeamayor de San Martín;Hombres;2014;2530
47;Valladolid;47007 Aldeamayor de San Martín;Hombres;2013;2453
47;Valladolid;47007 Aldeamayor de San Martín;Hombres;2012;2374
47;Valladolid;47007 Aldeamayor de San Martín;Hombres;2011;2248
47;Valladolid;47007 Aldeamayor de San Martín;Hombres;2010;2018
47;Valladolid;47007 Aldeamayor de San Martín;Hombres;2009;1701
47;Valladolid;47007 Aldeamayor de San Martín;Hombres;2008;1449
47;Valladolid;47007 Aldeamayor de San Martín;Hombres;2007;1241
47;Valladolid;47007 Aldeamayor de San Martín;Hombres;2006;1060
47;Valladolid;47007 Aldeamayor de San Martín;Hombres;2005;979
47;Valladolid;47007 Aldeamayor de San Martín;Hombres;2004;918
47;Valladolid;47007 Aldeamayor de San Martín;Hombres;2003;855
47;Valladolid;47007 Aldeamayor de San Martín;Hombres;2002;796
47;Valladolid;47007 Aldeamayor de San Martín;Hombres;2001;754
47;Valladolid;47007 Aldeamayor de San Martín;Hombres;2000;725
47;Valladolid;47007 Aldeamayor de San Martín;Hombres;1999;697
47;Valladolid;47007 Aldeamayor de San Martín;Hombres;1998;692
47;Valladolid;47007 Aldeamayor de San Martín;Hombres;1997;
47;Valladolid;47007 Aldeamayor de San Martín;Hombres;1996;643
47;Valladolid;47007 Aldeamayor de San Martín;Mujeres;2023;2928
47;Valladolid;47007 Aldeamayor de San Martín;Mujeres;2022;2849
47;Valladolid;47007 Aldeamayor de San Martín;Mujeres;2021;2788
47;Valladolid;47007 Aldeamayor de San Martín;Mujeres;2020;2717
47;Valladolid;47007 Aldeamayor de San Martín;Mujeres;2019;2665
47;Valladolid;47007 Aldeamayor de San Martín;Mujeres;2018;2639
47;Valladolid;47007 Aldeamayor de San Martín;Mujeres;2017;2553
47;Valladolid;47007 Aldeamayor de San Martín;Mujeres;2016;2456
47;Valladolid;47007 Aldeamayor de San Martín;Mujeres;2015;2414
47;Valladolid;47007 Aldeamayor de San Martín;Mujeres;2014;2361
47;Valladolid;47007 Aldeamayor de San Martín;Mujeres;2013;2277
47;Valladolid;47007 Aldeamayor de San Martín;Mujeres;2012;2186
47;Valladolid;47007 Aldeamayor de San Martín;Mujeres;2011;2074
47;Valladolid;47007 Aldeamayor de San Martín;Mujeres;2010;1886
47;Valladolid;47007 Aldeamayor de San Martín;Mujeres;2009;1610
47;Valladolid;47007 Aldeamayor de San Martín;Mujeres;2008;1403
47;Valladolid;47007 Aldeamayor de San Martín;Mujeres;2007;1220
47;Valladolid;47007 Aldeamayor de San Martín;Mujeres;2006;1047
47;Valladolid;47007 Aldeamayor de San Martín;Mujeres;2005;983
47;Valladolid;47007 Aldeamayor de San Martín;Mujeres;2004;910
47;Valladolid;47007 Aldeamayor de San Martín;Mujeres;2003;863
47;Valladolid;47007 Aldeamayor de San Martín;Mujeres;2002;786
47;Valladolid;47007 Aldeamayor de San Martín;Mujeres;2001;752
47;Valladolid;47007 Aldeamayor de San Martín;Mujeres;2000;711
47;Valladolid;47007 Aldeamayor de San Martín;Mujeres;1999;682
47;Valladolid;47007 Aldeamayor de San Martín;Mujeres;1998;672
47;Valladolid;47007 Aldeamayor de San Martín;Mujeres;1997;
47;Valladolid;47007 Aldeamayor de San Martín;Mujeres;1996;632
47;Valladolid;47008 Almenara de Adaja;Total;2023;23
47;Valladolid;47008 Almenara de Adaja;Total;2022;23
47;Valladolid;47008 Almenara de Adaja;Total;2021;23
47;Valladolid;47008 Almenara de Adaja;Total;2020;22
47;Valladolid;47008 Almenara de Adaja;Total;2019;22
47;Valladolid;47008 Almenara de Adaja;Total;2018;21
47;Valladolid;47008 Almenara de Adaja;Total;2017;25
47;Valladolid;47008 Almenara de Adaja;Total;2016;26
47;Valladolid;47008 Almenara de Adaja;Total;2015;31
47;Valladolid;47008 Almenara de Adaja;Total;2014;31
47;Valladolid;47008 Almenara de Adaja;Total;2013;27
47;Valladolid;47008 Almenara de Adaja;Total;2012;29
47;Valladolid;47008 Almenara de Adaja;Total;2011;29
47;Valladolid;47008 Almenara de Adaja;Total;2010;28
47;Valladolid;47008 Almenara de Adaja;Total;2009;31
47;Valladolid;47008 Almenara de Adaja;Total;2008;32
47;Valladolid;47008 Almenara de Adaja;Total;2007;31
47;Valladolid;47008 Almenara de Adaja;Total;2006;36
47;Valladolid;47008 Almenara de Adaja;Total;2005;35
47;Valladolid;47008 Almenara de Adaja;Total;2004;37
47;Valladolid;47008 Almenara de Adaja;Total;2003;34
47;Valladolid;47008 Almenara de Adaja;Total;2002;40
47;Valladolid;47008 Almenara de Adaja;Total;2001;33
47;Valladolid;47008 Almenara de Adaja;Total;2000;31
47;Valladolid;47008 Almenara de Adaja;Total;1999;32
47;Valladolid;47008 Almenara de Adaja;Total;1998;26
47;Valladolid;47008 Almenara de Adaja;Total;1997;
47;Valladolid;47008 Almenara de Adaja;Total;1996;33
47;Valladolid;47008 Almenara de Adaja;Hombres;2023;13
47;Valladolid;47008 Almenara de Adaja;Hombres;2022;12
47;Valladolid;47008 Almenara de Adaja;Hombres;2021;12
47;Valladolid;47008 Almenara de Adaja;Hombres;2020;11
47;Valladolid;47008 Almenara de Adaja;Hombres;2019;11
47;Valladolid;47008 Almenara de Adaja;Hombres;2018;10
47;Valladolid;47008 Almenara de Adaja;Hombres;2017;12
47;Valladolid;47008 Almenara de Adaja;Hombres;2016;12
47;Valladolid;47008 Almenara de Adaja;Hombres;2015;13
47;Valladolid;47008 Almenara de Adaja;Hombres;2014;14
47;Valladolid;47008 Almenara de Adaja;Hombres;2013;14
47;Valladolid;47008 Almenara de Adaja;Hombres;2012;15
47;Valladolid;47008 Almenara de Adaja;Hombres;2011;15
47;Valladolid;47008 Almenara de Adaja;Hombres;2010;14
47;Valladolid;47008 Almenara de Adaja;Hombres;2009;16
47;Valladolid;47008 Almenara de Adaja;Hombres;2008;18
47;Valladolid;47008 Almenara de Adaja;Hombres;2007;17
47;Valladolid;47008 Almenara de Adaja;Hombres;2006;22
47;Valladolid;47008 Almenara de Adaja;Hombres;2005;21
47;Valladolid;47008 Almenara de Adaja;Hombres;2004;21
47;Valladolid;47008 Almenara de Adaja;Hombres;2003;20
47;Valladolid;47008 Almenara de Adaja;Hombres;2002;22
47;Valladolid;47008 Almenara de Adaja;Hombres;2001;17
47;Valladolid;47008 Almenara de Adaja;Hombres;2000;15
47;Valladolid;47008 Almenara de Adaja;Hombres;1999;16
47;Valladolid;47008 Almenara de Adaja;Hombres;1998;13
47;Valladolid;47008 Almenara de Adaja;Hombres;1997;
47;Valladolid;47008 Almenara de Adaja;Hombres;1996;19
47;Valladolid;47008 Almenara de Adaja;Mujeres;2023;10
47;Valladolid;47008 Almenara de Adaja;Mujeres;2022;11
47;Valladolid;47008 Almenara de Adaja;Mujeres;2021;11
47;Valladolid;47008 Almenara de Adaja;Mujeres;2020;11
47;Valladolid;47008 Almenara de Adaja;Mujeres;2019;11
47;Valladolid;47008 Almenara de Adaja;Mujeres;2018;11
47;Valladolid;47008 Almenara de Adaja;Mujeres;2017;13
47;Valladolid;47008 Almenara de Adaja;Mujeres;2016;14
47;Valladolid;47008 Almenara de Adaja;Mujeres;2015;18
47;Valladolid;47008 Almenara de Adaja;Mujeres;2014;17
47;Valladolid;47008 Almenara de Adaja;Mujeres;2013;13
47;Valladolid;47008 Almenara de Adaja;Mujeres;2012;14
47;Valladolid;47008 Almenara de Adaja;Mujeres;2011;14
47;Valladolid;47008 Almenara de Adaja;Mujeres;2010;14
47;Valladolid;47008 Almenara de Adaja;Mujeres;2009;15
47;Valladolid;47008 Almenara de Adaja;Mujeres;2008;14
47;Valladolid;47008 Almenara de Adaja;Mujeres;2007;14
47;Valladolid;47008 Almenara de Adaja;Mujeres;2006;14
47;Valladolid;47008 Almenara de Adaja;Mujeres;2005;14
47;Valladolid;47008 Almenara de Adaja;Mujeres;2004;16
47;Valladolid;47008 Almenara de Adaja;Mujeres;2003;14
47;Valladolid;47008 Almenara de Adaja;Mujeres;2002;18
47;Valladolid;47008 Almenara de Adaja;Mujeres;2001;16
47;Valladolid;47008 Almenara de Adaja;Mujeres;2000;16
47;Valladolid;47008 Almenara de Adaja;Mujeres;1999;16
47;Valladolid;47008 Almenara de Adaja;Mujeres;1998;13
47;Valladolid;47008 Almenara de Adaja;Mujeres;1997;
47;Valladolid;47008 Almenara de Adaja;Mujeres;1996;14
47;Valladolid;47009 Amusquillo;Total;2023;103
47;Valladolid;47009 Amusquillo;Total;2022;99
47;Valladolid;47009 Amusquillo;Total;2021;100
47;Valladolid;47009 Amusquillo;Total;2020;102
47;Valladolid;47009 Amusquillo;Total;2019;103
47;Valladolid;47009 Amusquillo;Total;2018;105
47;Valladolid;47009 Amusquillo;Total;2017;110
47;Valladolid;47009 Amusquillo;Total;2016;106
47;Valladolid;47009 Amusquillo;Total;2015;109
47;Valladolid;47009 Amusquillo;Total;2014;114
47;Valladolid;47009 Amusquillo;Total;2013;114
47;Valladolid;47009 Amusquillo;Total;2012;119
47;Valladolid;47009 Amusquillo;Total;2011;120
47;Valladolid;47009 Amusquillo;Total;2010;126
47;Valladolid;47009 Amusquillo;Total;2009;126
47;Valladolid;47009 Amusquillo;Total;2008;130
47;Valladolid;47009 Amusquillo;Total;2007;132
47;Valladolid;47009 Amusquillo;Total;2006;138
47;Valladolid;47009 Amusquillo;Total;2005;153
47;Valladolid;47009 Amusquillo;Total;2004;161
47;Valladolid;47009 Amusquillo;Total;2003;159
47;Valladolid;47009 Amusquillo;Total;2002;168
47;Valladolid;47009 Amusquillo;Total;2001;171
47;Valladolid;47009 Amusquillo;Total;2000;173
47;Valladolid;47009 Amusquillo;Total;1999;178
47;Valladolid;47009 Amusquillo;Total;1998;183
47;Valladolid;47009 Amusquillo;Total;1997;
47;Valladolid;47009 Amusquillo;Total;1996;190
47;Valladolid;47009 Amusquillo;Hombres;2023;63
47;Valladolid;47009 Amusquillo;Hombres;2022;61
47;Valladolid;47009 Amusquillo;Hombres;2021;61
47;Valladolid;47009 Amusquillo;Hombres;2020;63
47;Valladolid;47009 Amusquillo;Hombres;2019;65
47;Valladolid;47009 Amusquillo;Hombres;2018;68
47;Valladolid;47009 Amusquillo;Hombres;2017;70
47;Valladolid;47009 Amusquillo;Hombres;2016;68
47;Valladolid;47009 Amusquillo;Hombres;2015;69
47;Valladolid;47009 Amusquillo;Hombres;2014;72
47;Valladolid;47009 Amusquillo;Hombres;2013;72
47;Valladolid;47009 Amusquillo;Hombres;2012;74
47;Valladolid;47009 Amusquillo;Hombres;2011;76
47;Valladolid;47009 Amusquillo;Hombres;2010;77
47;Valladolid;47009 Amusquillo;Hombres;2009;77
47;Valladolid;47009 Amusquillo;Hombres;2008;77
47;Valladolid;47009 Amusquillo;Hombres;2007;78
47;Valladolid;47009 Amusquillo;Hombres;2006;83
47;Valladolid;47009 Amusquillo;Hombres;2005;86
47;Valladolid;47009 Amusquillo;Hombres;2004;88
47;Valladolid;47009 Amusquillo;Hombres;2003;86
47;Valladolid;47009 Amusquillo;Hombres;2002;92
47;Valladolid;47009 Amusquillo;Hombres;2001;94
47;Valladolid;47009 Amusquillo;Hombres;2000;95
47;Valladolid;47009 Amusquillo;Hombres;1999;96
47;Valladolid;47009 Amusquillo;Hombres;1998;98
47;Valladolid;47009 Amusquillo;Hombres;1997;
47;Valladolid;47009 Amusquillo;Hombres;1996;104
47;Valladolid;47009 Amusquillo;Mujeres;2023;40
47;Valladolid;47009 Amusquillo;Mujeres;2022;38
47;Valladolid;47009 Amusquillo;Mujeres;2021;39
47;Valladolid;47009 Amusquillo;Mujeres;2020;39
47;Valladolid;47009 Amusquillo;Mujeres;2019;38
47;Valladolid;47009 Amusquillo;Mujeres;2018;37
47;Valladolid;47009 Amusquillo;Mujeres;2017;40
47;Valladolid;47009 Amusquillo;Mujeres;2016;38
47;Valladolid;47009 Amusquillo;Mujeres;2015;40
47;Valladolid;47009 Amusquillo;Mujeres;2014;42
47;Valladolid;47009 Amusquillo;Mujeres;2013;42
47;Valladolid;47009 Amusquillo;Mujeres;2012;45
47;Valladolid;47009 Amusquillo;Mujeres;2011;44
47;Valladolid;47009 Amusquillo;Mujeres;2010;49
47;Valladolid;47009 Amusquillo;Mujeres;2009;49
47;Valladolid;47009 Amusquillo;Mujeres;2008;53
47;Valladolid;47009 Amusquillo;Mujeres;2007;54
47;Valladolid;47009 Amusquillo;Mujeres;2006;55
47;Valladolid;47009 Amusquillo;Mujeres;2005;67
47;Valladolid;47009 Amusquillo;Mujeres;2004;73
47;Valladolid;47009 Amusquillo;Mujeres;2003;73
47;Valladolid;47009 Amusquillo;Mujeres;2002;76
47;Valladolid;47009 Amusquillo;Mujeres;2001;77
47;Valladolid;47009 Amusquillo;Mujeres;2000;78
47;Valladolid;47009 Amusquillo;Mujeres;1999;82
47;Valladolid;47009 Amusquillo;Mujeres;1998;85
47;Valladolid;47009 Amusquillo;Mujeres;1997;
47;Valladolid;47009 Amusquillo;Mujeres;1996;86
47;Valladolid;47010 Arroyo de la Encomienda;Total;2023;21946
47;Valladolid;47010 Arroyo de la Encomienda;Total;2022;21369
47;Valladolid;47010 Arroyo de la Encomienda;Total;2021;20716
47;Valladolid;47010 Arroyo de la Encomienda;Total;2020;20537
47;Valladolid;47010 Arroyo de la Encomienda;Total;2019;20179
47;Valladolid;47010 Arroyo de la Encomienda;Total;2018;19632
47;Valladolid;47010 Arroyo de la Encomienda;Total;2017;19421
47;Valladolid;47010 Arroyo de la Encomienda;Total;2016;19042
47;Valladolid;47010 Arroyo de la Encomienda;Total;2015;18491
47;Valladolid;47010 Arroyo de la Encomienda;Total;2014;17572
47;Valladolid;47010 Arroyo de la Encomienda;Total;2013;16643
47;Valladolid;47010 Arroyo de la Encomienda;Total;2012;15680
47;Valladolid;47010 Arroyo de la Encomienda;Total;2011;14461
47;Valladolid;47010 Arroyo de la Encomienda;Total;2010;12758
47;Valladolid;47010 Arroyo de la Encomienda;Total;2009;11716
47;Valladolid;47010 Arroyo de la Encomienda;Total;2008;10872
47;Valladolid;47010 Arroyo de la Encomienda;Total;2007;9590
47;Valladolid;47010 Arroyo de la Encomienda;Total;2006;8039
47;Valladolid;47010 Arroyo de la Encomienda;Total;2005;6587
47;Valladolid;47010 Arroyo de la Encomienda;Total;2004;5709
47;Valladolid;47010 Arroyo de la Encomienda;Total;2003;5087
47;Valladolid;47010 Arroyo de la Encomienda;Total;2002;4494
47;Valladolid;47010 Arroyo de la Encomienda;Total;2001;4085
47;Valladolid;47010 Arroyo de la Encomienda;Total;2000;3635
47;Valladolid;47010 Arroyo de la Encomienda;Total;1999;3098
47;Valladolid;47010 Arroyo de la Encomienda;Total;1998;2609
47;Valladolid;47010 Arroyo de la Encomienda;Total;1997;
47;Valladolid;47010 Arroyo de la Encomienda;Total;1996;1930
47;Valladolid;47010 Arroyo de la Encomienda;Hombres;2023;10972
47;Valladolid;47010 Arroyo de la Encomienda;Hombres;2022;10683
47;Valladolid;47010 Arroyo de la Encomienda;Hombres;2021;10377
47;Valladolid;47010 Arroyo de la Encomienda;Hombres;2020;10317
47;Valladolid;47010 Arroyo de la Encomienda;Hombres;2019;10171
47;Valladolid;47010 Arroyo de la Encomienda;Hombres;2018;9884
47;Valladolid;47010 Arroyo de la Encomienda;Hombres;2017;9768
47;Valladolid;47010 Arroyo de la Encomienda;Hombres;2016;9630
47;Valladolid;47010 Arroyo de la Encomienda;Hombres;2015;9342
47;Valladolid;47010 Arroyo de la Encomienda;Hombres;2014;8950
47;Valladolid;47010 Arroyo de la Encomienda;Hombres;2013;8515
47;Valladolid;47010 Arroyo de la Encomienda;Hombres;2012;8087
47;Valladolid;47010 Arroyo de la Encomienda;Hombres;2011;7469
47;Valladolid;47010 Arroyo de la Encomienda;Hombres;2010;6571
47;Valladolid;47010 Arroyo de la Encomienda;Hombres;2009;6014
47;Valladolid;47010 Arroyo de la Encomienda;Hombres;2008;5608
47;Valladolid;47010 Arroyo de la Encomienda;Hombres;2007;4936
47;Valladolid;47010 Arroyo de la Encomienda;Hombres;2006;4156
47;Valladolid;47010 Arroyo de la Encomienda;Hombres;2005;3403
47;Valladolid;47010 Arroyo de la Encomienda;Hombres;2004;2935
47;Valladolid;47010 Arroyo de la Encomienda;Hombres;2003;2616
47;Valladolid;47010 Arroyo de la Encomienda;Hombres;2002;2312
47;Valladolid;47010 Arroyo de la Encomienda;Hombres;2001;2117
47;Valladolid;47010 Arroyo de la Encomienda;Hombres;2000;1877
47;Valladolid;47010 Arroyo de la Encomienda;Hombres;1999;1604
47;Valladolid;47010 Arroyo de la Encomienda;Hombres;1998;1348
47;Valladolid;47010 Arroyo de la Encomienda;Hombres;1997;
47;Valladolid;47010 Arroyo de la Encomienda;Hombres;1996;994
47;Valladolid;47010 Arroyo de la Encomienda;Mujeres;2023;10974
47;Valladolid;47010 Arroyo de la Encomienda;Mujeres;2022;10686
47;Valladolid;47010 Arroyo de la Encomienda;Mujeres;2021;10339
47;Valladolid;47010 Arroyo de la Encomienda;Mujeres;2020;10220
47;Valladolid;47010 Arroyo de la Encomienda;Mujeres;2019;10008
47;Valladolid;47010 Arroyo de la Encomienda;Mujeres;2018;9748
47;Valladolid;47010 Arroyo de la Encomienda;Mujeres;2017;9653
47;Valladolid;47010 Arroyo de la Encomienda;Mujeres;2016;9412
47;Valladolid;47010 Arroyo de la Encomienda;Mujeres;2015;9149
47;Valladolid;47010 Arroyo de la Encomienda;Mujeres;2014;8622
47;Valladolid;47010 Arroyo de la Encomienda;Mujeres;2013;8128
47;Valladolid;47010 Arroyo de la Encomienda;Mujeres;2012;7593
47;Valladolid;47010 Arroyo de la Encomienda;Mujeres;2011;6992
47;Valladolid;47010 Arroyo de la Encomienda;Mujeres;2010;6187
47;Valladolid;47010 Arroyo de la Encomienda;Mujeres;2009;5702
47;Valladolid;47010 Arroyo de la Encomienda;Mujeres;2008;5264
47;Valladolid;47010 Arroyo de la Encomienda;Mujeres;2007;4654
47;Valladolid;47010 Arroyo de la Encomienda;Mujeres;2006;3883
47;Valladolid;47010 Arroyo de la Encomienda;Mujeres;2005;3184
47;Valladolid;47010 Arroyo de la Encomienda;Mujeres;2004;2774
47;Valladolid;47010 Arroyo de la Encomienda;Mujeres;2003;2471
47;Valladolid;47010 Arroyo de la Encomienda;Mujeres;2002;2182
47;Valladolid;47010 Arroyo de la Encomienda;Mujeres;2001;1968
47;Valladolid;47010 Arroyo de la Encomienda;Mujeres;2000;1758
47;Valladolid;47010 Arroyo de la Encomienda;Mujeres;1999;1494
47;Valladolid;47010 Arroyo de la Encomienda;Mujeres;1998;1261
47;Valladolid;47010 Arroyo de la Encomienda;Mujeres;1997;
47;Valladolid;47010 Arroyo de la Encomienda;Mujeres;1996;936
47;Valladolid;47011 Ataquines;Total;2023;554
47;Valladolid;47011 Ataquines;Total;2022;548
47;Valladolid;47011 Ataquines;Total;2021;564
47;Valladolid;47011 Ataquines;Total;2020;569
47;Valladolid;47011 Ataquines;Total;2019;583
47;Valladolid;47011 Ataquines;Total;2018;549
47;Valladolid;47011 Ataquines;Total;2017;572
47;Valladolid;47011 Ataquines;Total;2016;584
47;Valladolid;47011 Ataquines;Total;2015;596
47;Valladolid;47011 Ataquines;Total;2014;574
47;Valladolid;47011 Ataquines;Total;2013;593
47;Valladolid;47011 Ataquines;Total;2012;657
47;Valladolid;47011 Ataquines;Total;2011;683
47;Valladolid;47011 Ataquines;Total;2010;718
47;Valladolid;47011 Ataquines;Total;2009;732
47;Valladolid;47011 Ataquines;Total;2008;750
47;Valladolid;47011 Ataquines;Total;2007;772
47;Valladolid;47011 Ataquines;Total;2006;786
47;Valladolid;47011 Ataquines;Total;2005;805
47;Valladolid;47011 Ataquines;Total;2004;816
47;Valladolid;47011 Ataquines;Total;2003;821
47;Valladolid;47011 Ataquines;Total;2002;850
47;Valladolid;47011 Ataquines;Total;2001;875
47;Valladolid;47011 Ataquines;Total;2000;870
47;Valladolid;47011 Ataquines;Total;1999;891
47;Valladolid;47011 Ataquines;Total;1998;895
47;Valladolid;47011 Ataquines;Total;1997;
47;Valladolid;47011 Ataquines;Total;1996;918
47;Valladolid;47011 Ataquines;Hombres;2023;303
47;Valladolid;47011 Ataquines;Hombres;2022;302
47;Valladolid;47011 Ataquines;Hombres;2021;309
47;Valladolid;47011 Ataquines;Hombres;2020;312
47;Valladolid;47011 Ataquines;Hombres;2019;318
47;Valladolid;47011 Ataquines;Hombres;2018;306
47;Valladolid;47011 Ataquines;Hombres;2017;315
47;Valladolid;47011 Ataquines;Hombres;2016;320
47;Valladolid;47011 Ataquines;Hombres;2015;324
47;Valladolid;47011 Ataquines;Hombres;2014;316
47;Valladolid;47011 Ataquines;Hombres;2013;330
47;Valladolid;47011 Ataquines;Hombres;2012;361
47;Valladolid;47011 Ataquines;Hombres;2011;375
47;Valladolid;47011 Ataquines;Hombres;2010;396
47;Valladolid;47011 Ataquines;Hombres;2009;404
47;Valladolid;47011 Ataquines;Hombres;2008;404
47;Valladolid;47011 Ataquines;Hombres;2007;416
47;Valladolid;47011 Ataquines;Hombres;2006;427
47;Valladolid;47011 Ataquines;Hombres;2005;429
47;Valladolid;47011 Ataquines;Hombres;2004;433
47;Valladolid;47011 Ataquines;Hombres;2003;435
47;Valladolid;47011 Ataquines;Hombres;2002;443
47;Valladolid;47011 Ataquines;Hombres;2001;459
47;Valladolid;47011 Ataquines;Hombres;2000;457
47;Valladolid;47011 Ataquines;Hombres;1999;463
47;Valladolid;47011 Ataquines;Hombres;1998;467
47;Valladolid;47011 Ataquines;Hombres;1997;
47;Valladolid;47011 Ataquines;Hombres;1996;474
47;Valladolid;47011 Ataquines;Mujeres;2023;251
47;Valladolid;47011 Ataquines;Mujeres;2022;246
47;Valladolid;47011 Ataquines;Mujeres;2021;255
47;Valladolid;47011 Ataquines;Mujeres;2020;257
47;Valladolid;47011 Ataquines;Mujeres;2019;265
47;Valladolid;47011 Ataquines;Mujeres;2018;243
47;Valladolid;47011 Ataquines;Mujeres;2017;257
47;Valladolid;47011 Ataquines;Mujeres;2016;264
47;Valladolid;47011 Ataquines;Mujeres;2015;272
47;Valladolid;47011 Ataquines;Mujeres;2014;258
47;Valladolid;47011 Ataquines;Mujeres;2013;263
47;Valladolid;47011 Ataquines;Mujeres;2012;296
47;Valladolid;47011 Ataquines;Mujeres;2011;308
47;Valladolid;47011 Ataquines;Mujeres;2010;322
47;Valladolid;47011 Ataquines;Mujeres;2009;328
47;Valladolid;47011 Ataquines;Mujeres;2008;346
47;Valladolid;47011 Ataquines;Mujeres;2007;356
47;Valladolid;47011 Ataquines;Mujeres;2006;359
47;Valladolid;47011 Ataquines;Mujeres;2005;376
47;Valladolid;47011 Ataquines;Mujeres;2004;383
47;Valladolid;47011 Ataquines;Mujeres;2003;386
47;Valladolid;47011 Ataquines;Mujeres;2002;407
47;Valladolid;47011 Ataquines;Mujeres;2001;416
47;Valladolid;47011 Ataquines;Mujeres;2000;413
47;Valladolid;47011 Ataquines;Mujeres;1999;428
47;Valladolid;47011 Ataquines;Mujeres;1998;428
47;Valladolid;47011 Ataquines;Mujeres;1997;
47;Valladolid;47011 Ataquines;Mujeres;1996;444
47;Valladolid;47012 Bahabón;Total;2023;81
47;Valladolid;47012 Bahabón;Total;2022;93
47;Valladolid;47012 Bahabón;Total;2021;98
47;Valladolid;47012 Bahabón;Total;2020;103
47;Valladolid;47012 Bahabón;Total;2019;108
47;Valladolid;47012 Bahabón;Total;2018;108
47;Valladolid;47012 Bahabón;Total;2017;112
47;Valladolid;47012 Bahabón;Total;2016;123
47;Valladolid;47012 Bahabón;Total;2015;131
47;Valladolid;47012 Bahabón;Total;2014;140
47;Valladolid;47012 Bahabón;Total;2013;150
47;Valladolid;47012 Bahabón;Total;2012;160
47;Valladolid;47012 Bahabón;Total;2011;173
47;Valladolid;47012 Bahabón;Total;2010;169
47;Valladolid;47012 Bahabón;Total;2009;174
47;Valladolid;47012 Bahabón;Total;2008;173
47;Valladolid;47012 Bahabón;Total;2007;180
47;Valladolid;47012 Bahabón;Total;2006;179
47;Valladolid;47012 Bahabón;Total;2005;191
47;Valladolid;47012 Bahabón;Total;2004;198
47;Valladolid;47012 Bahabón;Total;2003;193
47;Valladolid;47012 Bahabón;Total;2002;195
47;Valladolid;47012 Bahabón;Total;2001;201
47;Valladolid;47012 Bahabón;Total;2000;203
47;Valladolid;47012 Bahabón;Total;1999;200
47;Valladolid;47012 Bahabón;Total;1998;206
47;Valladolid;47012 Bahabón;Total;1997;
47;Valladolid;47012 Bahabón;Total;1996;208
47;Valladolid;47012 Bahabón;Hombres;2023;38
47;Valladolid;47012 Bahabón;Hombres;2022;44
47;Valladolid;47012 Bahabón;Hombres;2021;47
47;Valladolid;47012 Bahabón;Hombres;2020;49
47;Valladolid;47012 Bahabón;Hombres;2019;50
47;Valladolid;47012 Bahabón;Hombres;2018;50
47;Valladolid;47012 Bahabón;Hombres;2017;51
47;Valladolid;47012 Bahabón;Hombres;2016;56
47;Valladolid;47012 Bahabón;Hombres;2015;63
47;Valladolid;47012 Bahabón;Hombres;2014;66
47;Valladolid;47012 Bahabón;Hombres;2013;72
47;Valladolid;47012 Bahabón;Hombres;2012;76
47;Valladolid;47012 Bahabón;Hombres;2011;83
47;Valladolid;47012 Bahabón;Hombres;2010;81
47;Valladolid;47012 Bahabón;Hombres;2009;85
47;Valladolid;47012 Bahabón;Hombres;2008;86
47;Valladolid;47012 Bahabón;Hombres;2007;87
47;Valladolid;47012 Bahabón;Hombres;2006;88
47;Valladolid;47012 Bahabón;Hombres;2005;92
47;Valladolid;47012 Bahabón;Hombres;2004;93
47;Valladolid;47012 Bahabón;Hombres;2003;95
47;Valladolid;47012 Bahabón;Hombres;2002;97
47;Valladolid;47012 Bahabón;Hombres;2001;100
47;Valladolid;47012 Bahabón;Hombres;2000;102
47;Valladolid;47012 Bahabón;Hombres;1999;100
47;Valladolid;47012 Bahabón;Hombres;1998;101
47;Valladolid;47012 Bahabón;Hombres;1997;
47;Valladolid;47012 Bahabón;Hombres;1996;99
47;Valladolid;47012 Bahabón;Mujeres;2023;43
47;Valladolid;47012 Bahabón;Mujeres;2022;49
47;Valladolid;47012 Bahabón;Mujeres;2021;51
47;Valladolid;47012 Bahabón;Mujeres;2020;54
47;Valladolid;47012 Bahabón;Mujeres;2019;58
47;Valladolid;47012 Bahabón;Mujeres;2018;58
47;Valladolid;47012 Bahabón;Mujeres;2017;61
47;Valladolid;47012 Bahabón;Mujeres;2016;67
47;Valladolid;47012 Bahabón;Mujeres;2015;68
47;Valladolid;47012 Bahabón;Mujeres;2014;74
47;Valladolid;47012 Bahabón;Mujeres;2013;78
47;Valladolid;47012 Bahabón;Mujeres;2012;84
47;Valladolid;47012 Bahabón;Mujeres;2011;90
47;Valladolid;47012 Bahabón;Mujeres;2010;88
47;Valladolid;47012 Bahabón;Mujeres;2009;89
47;Valladolid;47012 Bahabón;Mujeres;2008;87
47;Valladolid;47012 Bahabón;Mujeres;2007;93
47;Valladolid;47012 Bahabón;Mujeres;2006;91
47;Valladolid;47012 Bahabón;Mujeres;2005;99
47;Valladolid;47012 Bahabón;Mujeres;2004;105
47;Valladolid;47012 Bahabón;Mujeres;2003;98
47;Valladolid;47012 Bahabón;Mujeres;2002;98
47;Valladolid;47012 Bahabón;Mujeres;2001;101
47;Valladolid;47012 Bahabón;Mujeres;2000;101
47;Valladolid;47012 Bahabón;Mujeres;1999;100
47;Valladolid;47012 Bahabón;Mujeres;1998;105
47;Valladolid;47012 Bahabón;Mujeres;1997;
47;Valladolid;47012 Bahabón;Mujeres;1996;109
47;Valladolid;47013 Barcial de la Loma;Total;2023;99
47;Valladolid;47013 Barcial de la Loma;Total;2022;96
47;Valladolid;47013 Barcial de la Loma;Total;2021;86
47;Valladolid;47013 Barcial de la Loma;Total;2020;91
47;Valladolid;47013 Barcial de la Loma;Total;2019;92
47;Valladolid;47013 Barcial de la Loma;Total;2018;96
47;Valladolid;47013 Barcial de la Loma;Total;2017;99
47;Valladolid;47013 Barcial de la Loma;Total;2016;104
47;Valladolid;47013 Barcial de la Loma;Total;2015;110
47;Valladolid;47013 Barcial de la Loma;Total;2014;112
47;Valladolid;47013 Barcial de la Loma;Total;2013;114
47;Valladolid;47013 Barcial de la Loma;Total;2012;124
47;Valladolid;47013 Barcial de la Loma;Total;2011;129
47;Valladolid;47013 Barcial de la Loma;Total;2010;130
47;Valladolid;47013 Barcial de la Loma;Total;2009;136
47;Valladolid;47013 Barcial de la Loma;Total;2008;136
47;Valladolid;47013 Barcial de la Loma;Total;2007;138
47;Valladolid;47013 Barcial de la Loma;Total;2006;142
47;Valladolid;47013 Barcial de la Loma;Total;2005;149
47;Valladolid;47013 Barcial de la Loma;Total;2004;151
47;Valladolid;47013 Barcial de la Loma;Total;2003;149
47;Valladolid;47013 Barcial de la Loma;Total;2002;154
47;Valladolid;47013 Barcial de la Loma;Total;2001;160
47;Valladolid;47013 Barcial de la Loma;Total;2000;160
47;Valladolid;47013 Barcial de la Loma;Total;1999;161
47;Valladolid;47013 Barcial de la Loma;Total;1998;168
47;Valladolid;47013 Barcial de la Loma;Total;1997;
47;Valladolid;47013 Barcial de la Loma;Total;1996;171
47;Valladolid;47013 Barcial de la Loma;Hombres;2023;55
47;Valladolid;47013 Barcial de la Loma;Hombres;2022;56
47;Valladolid;47013 Barcial de la Loma;Hombres;2021;48
47;Valladolid;47013 Barcial de la Loma;Hombres;2020;51
47;Valladolid;47013 Barcial de la Loma;Hombres;2019;52
47;Valladolid;47013 Barcial de la Loma;Hombres;2018;54
47;Valladolid;47013 Barcial de la Loma;Hombres;2017;54
47;Valladolid;47013 Barcial de la Loma;Hombres;2016;56
47;Valladolid;47013 Barcial de la Loma;Hombres;2015;58
47;Valladolid;47013 Barcial de la Loma;Hombres;2014;59
47;Valladolid;47013 Barcial de la Loma;Hombres;2013;58
47;Valladolid;47013 Barcial de la Loma;Hombres;2012;62
47;Valladolid;47013 Barcial de la Loma;Hombres;2011;65
47;Valladolid;47013 Barcial de la Loma;Hombres;2010;66
47;Valladolid;47013 Barcial de la Loma;Hombres;2009;68
47;Valladolid;47013 Barcial de la Loma;Hombres;2008;70
47;Valladolid;47013 Barcial de la Loma;Hombres;2007;72
47;Valladolid;47013 Barcial de la Loma;Hombres;2006;73
47;Valladolid;47013 Barcial de la Loma;Hombres;2005;76
47;Valladolid;47013 Barcial de la Loma;Hombres;2004;79
47;Valladolid;47013 Barcial de la Loma;Hombres;2003;77
47;Valladolid;47013 Barcial de la Loma;Hombres;2002;79
47;Valladolid;47013 Barcial de la Loma;Hombres;2001;82
47;Valladolid;47013 Barcial de la Loma;Hombres;2000;81
47;Valladolid;47013 Barcial de la Loma;Hombres;1999;81
47;Valladolid;47013 Barcial de la Loma;Hombres;1998;84
47;Valladolid;47013 Barcial de la Loma;Hombres;1997;
47;Valladolid;47013 Barcial de la Loma;Hombres;1996;88
47;Valladolid;47013 Barcial de la Loma;Mujeres;2023;44
47;Valladolid;47013 Barcial de la Loma;Mujeres;2022;40
47;Valladolid;47013 Barcial de la Loma;Mujeres;2021;38
47;Valladolid;47013 Barcial de la Loma;Mujeres;2020;40
47;Valladolid;47013 Barcial de la Loma;Mujeres;2019;40
47;Valladolid;47013 Barcial de la Loma;Mujeres;2018;42
47;Valladolid;47013 Barcial de la Loma;Mujeres;2017;45
47;Valladolid;47013 Barcial de la Loma;Mujeres;2016;48
47;Valladolid;47013 Barcial de la Loma;Mujeres;2015;52
47;Valladolid;47013 Barcial de la Loma;Mujeres;2014;53
47;Valladolid;47013 Barcial de la Loma;Mujeres;2013;56
47;Valladolid;47013 Barcial de la Loma;Mujeres;2012;62
47;Valladolid;47013 Barcial de la Loma;Mujeres;2011;64
47;Valladolid;47013 Barcial de la Loma;Mujeres;2010;64
47;Valladolid;47013 Barcial de la Loma;Mujeres;2009;68
47;Valladolid;47013 Barcial de la Loma;Mujeres;2008;66
47;Valladolid;47013 Barcial de la Loma;Mujeres;2007;66
47;Valladolid;47013 Barcial de la Loma;Mujeres;2006;69
47;Valladolid;47013 Barcial de la Loma;Mujeres;2005;73
47;Valladolid;47013 Barcial de la Loma;Mujeres;2004;72
47;Valladolid;47013 Barcial de la Loma;Mujeres;2003;72
47;Valladolid;47013 Barcial de la Loma;Mujeres;2002;75
47;Valladolid;47013 Barcial de la Loma;Mujeres;2001;78
47;Valladolid;47013 Barcial de la Loma;Mujeres;2000;79
47;Valladolid;47013 Barcial de la Loma;Mujeres;1999;80
47;Valladolid;47013 Barcial de la Loma;Mujeres;1998;84
47;Valladolid;47013 Barcial de la Loma;Mujeres;1997;
47;Valladolid;47013 Barcial de la Loma;Mujeres;1996;83
47;Valladolid;47014 Barruelo del Valle;Total;2023;51
47;Valladolid;47014 Barruelo del Valle;Total;2022;43
47;Valladolid;47014 Barruelo del Valle;Total;2021;47
47;Valladolid;47014 Barruelo del Valle;Total;2020;48
47;Valladolid;47014 Barruelo del Valle;Total;2019;52
47;Valladolid;47014 Barruelo del Valle;Total;2018;56
47;Valladolid;47014 Barruelo del Valle;Total;2017;62
47;Valladolid;47014 Barruelo del Valle;Total;2016;66
47;Valladolid;47014 Barruelo del Valle;Total;2015;67
47;Valladolid;47014 Barruelo del Valle;Total;2014;70
47;Valladolid;47014 Barruelo del Valle;Total;2013;67
47;Valladolid;47014 Barruelo del Valle;Total;2012;54
47;Valladolid;47014 Barruelo del Valle;Total;2011;57
47;Valladolid;47014 Barruelo del Valle;Total;2010;61
47;Valladolid;47014 Barruelo del Valle;Total;2009;64
47;Valladolid;47014 Barruelo del Valle;Total;2008;64
47;Valladolid;47014 Barruelo del Valle;Total;2007;65
47;Valladolid;47014 Barruelo del Valle;Total;2006;67
47;Valladolid;47014 Barruelo del Valle;Total;2005;72
47;Valladolid;47014 Barruelo del Valle;Total;2004;71
47;Valladolid;47014 Barruelo del Valle;Total;2003;73
47;Valladolid;47014 Barruelo del Valle;Total;2002;75
47;Valladolid;47014 Barruelo del Valle;Total;2001;76
47;Valladolid;47014 Barruelo del Valle;Total;2000;76
47;Valladolid;47014 Barruelo del Valle;Total;1999;74
47;Valladolid;47014 Barruelo del Valle;Total;1998;75
47;Valladolid;47014 Barruelo del Valle;Total;1997;
47;Valladolid;47014 Barruelo del Valle;Total;1996;78
47;Valladolid;47014 Barruelo del Valle;Hombres;2023;28
47;Valladolid;47014 Barruelo del Valle;Hombres;2022;25
47;Valladolid;47014 Barruelo del Valle;Hombres;2021;29
47;Valladolid;47014 Barruelo del Valle;Hombres;2020;30
47;Valladolid;47014 Barruelo del Valle;Hombres;2019;33
47;Valladolid;47014 Barruelo del Valle;Hombres;2018;36
47;Valladolid;47014 Barruelo del Valle;Hombres;2017;37
47;Valladolid;47014 Barruelo del Valle;Hombres;2016;41
47;Valladolid;47014 Barruelo del Valle;Hombres;2015;40
47;Valladolid;47014 Barruelo del Valle;Hombres;2014;43
47;Valladolid;47014 Barruelo del Valle;Hombres;2013;40
47;Valladolid;47014 Barruelo del Valle;Hombres;2012;34
47;Valladolid;47014 Barruelo del Valle;Hombres;2011;35
47;Valladolid;47014 Barruelo del Valle;Hombres;2010;37
47;Valladolid;47014 Barruelo del Valle;Hombres;2009;40
47;Valladolid;47014 Barruelo del Valle;Hombres;2008;40
47;Valladolid;47014 Barruelo del Valle;Hombres;2007;40
47;Valladolid;47014 Barruelo del Valle;Hombres;2006;41
47;Valladolid;47014 Barruelo del Valle;Hombres;2005;43
47;Valladolid;47014 Barruelo del Valle;Hombres;2004;42
47;Valladolid;47014 Barruelo del Valle;Hombres;2003;42
47;Valladolid;47014 Barruelo del Valle;Hombres;2002;43
47;Valladolid;47014 Barruelo del Valle;Hombres;2001;43
47;Valladolid;47014 Barruelo del Valle;Hombres;2000;42
47;Valladolid;47014 Barruelo del Valle;Hombres;1999;40
47;Valladolid;47014 Barruelo del Valle;Hombres;1998;40
47;Valladolid;47014 Barruelo del Valle;Hombres;1997;
47;Valladolid;47014 Barruelo del Valle;Hombres;1996;41
47;Valladolid;47014 Barruelo del Valle;Mujeres;2023;23
47;Valladolid;47014 Barruelo del Valle;Mujeres;2022;18
47;Valladolid;47014 Barruelo del Valle;Mujeres;2021;18
47;Valladolid;47014 Barruelo del Valle;Mujeres;2020;18
47;Valladolid;47014 Barruelo del Valle;Mujeres;2019;19
47;Valladolid;47014 Barruelo del Valle;Mujeres;2018;20
47;Valladolid;47014 Barruelo del Valle;Mujeres;2017;25
47;Valladolid;47014 Barruelo del Valle;Mujeres;2016;25
47;Valladolid;47014 Barruelo del Valle;Mujeres;2015;27
47;Valladolid;47014 Barruelo del Valle;Mujeres;2014;27
47;Valladolid;47014 Barruelo del Valle;Mujeres;2013;27
47;Valladolid;47014 Barruelo del Valle;Mujeres;2012;20
47;Valladolid;47014 Barruelo del Valle;Mujeres;2011;22
47;Valladolid;47014 Barruelo del Valle;Mujeres;2010;24
47;Valladolid;47014 Barruelo del Valle;Mujeres;2009;24
47;Valladolid;47014 Barruelo del Valle;Mujeres;2008;24
47;Valladolid;47014 Barruelo del Valle;Mujeres;2007;25
47;Valladolid;47014 Barruelo del Valle;Mujeres;2006;26
47;Valladolid;47014 Barruelo del Valle;Mujeres;2005;29
47;Valladolid;47014 Barruelo del Valle;Mujeres;2004;29
47;Valladolid;47014 Barruelo del Valle;Mujeres;2003;31
47;Valladolid;47014 Barruelo del Valle;Mujeres;2002;32
47;Valladolid;47014 Barruelo del Valle;Mujeres;2001;33
47;Valladolid;47014 Barruelo del Valle;Mujeres;2000;34
47;Valladolid;47014 Barruelo del Valle;Mujeres;1999;34
47;Valladolid;47014 Barruelo del Valle;Mujeres;1998;35
47;Valladolid;47014 Barruelo del Valle;Mujeres;1997;
47;Valladolid;47014 Barruelo del Valle;Mujeres;1996;37
47;Valladolid;47015 Becilla de Valderaduey;Total;2023;211
47;Valladolid;47015 Becilla de Valderaduey;Total;2022;211
47;Valladolid;47015 Becilla de Valderaduey;Total;2021;218
47;Valladolid;47015 Becilla de Valderaduey;Total;2020;234
47;Valladolid;47015 Becilla de Valderaduey;Total;2019;238
47;Valladolid;47015 Becilla de Valderaduey;Total;2018;244
47;Valladolid;47015 Becilla de Valderaduey;Total;2017;230
47;Valladolid;47015 Becilla de Valderaduey;Total;2016;249
47;Valladolid;47015 Becilla de Valderaduey;Total;2015;265
47;Valladolid;47015 Becilla de Valderaduey;Total;2014;276
47;Valladolid;47015 Becilla de Valderaduey;Total;2013;282
47;Valladolid;47015 Becilla de Valderaduey;Total;2012;304
47;Valladolid;47015 Becilla de Valderaduey;Total;2011;314
47;Valladolid;47015 Becilla de Valderaduey;Total;2010;321
47;Valladolid;47015 Becilla de Valderaduey;Total;2009;345
47;Valladolid;47015 Becilla de Valderaduey;Total;2008;318
47;Valladolid;47015 Becilla de Valderaduey;Total;2007;334
47;Valladolid;47015 Becilla de Valderaduey;Total;2006;355
47;Valladolid;47015 Becilla de Valderaduey;Total;2005;370
47;Valladolid;47015 Becilla de Valderaduey;Total;2004;362
47;Valladolid;47015 Becilla de Valderaduey;Total;2003;363
47;Valladolid;47015 Becilla de Valderaduey;Total;2002;393
47;Valladolid;47015 Becilla de Valderaduey;Total;2001;405
47;Valladolid;47015 Becilla de Valderaduey;Total;2000;423
47;Valladolid;47015 Becilla de Valderaduey;Total;1999;439
47;Valladolid;47015 Becilla de Valderaduey;Total;1998;442
47;Valladolid;47015 Becilla de Valderaduey;Total;1997;
47;Valladolid;47015 Becilla de Valderaduey;Total;1996;459
47;Valladolid;47015 Becilla de Valderaduey;Hombres;2023;120
47;Valladolid;47015 Becilla de Valderaduey;Hombres;2022;117
47;Valladolid;47015 Becilla de Valderaduey;Hombres;2021;122
47;Valladolid;47015 Becilla de Valderaduey;Hombres;2020;133
47;Valladolid;47015 Becilla de Valderaduey;Hombres;2019;136
47;Valladolid;47015 Becilla de Valderaduey;Hombres;2018;134
47;Valladolid;47015 Becilla de Valderaduey;Hombres;2017;129
47;Valladolid;47015 Becilla de Valderaduey;Hombres;2016;141
47;Valladolid;47015 Becilla de Valderaduey;Hombres;2015;151
47;Valladolid;47015 Becilla de Valderaduey;Hombres;2014;152
47;Valladolid;47015 Becilla de Valderaduey;Hombres;2013;157
47;Valladolid;47015 Becilla de Valderaduey;Hombres;2012;171
47;Valladolid;47015 Becilla de Valderaduey;Hombres;2011;176
47;Valladolid;47015 Becilla de Valderaduey;Hombres;2010;174
47;Valladolid;47015 Becilla de Valderaduey;Hombres;2009;182
47;Valladolid;47015 Becilla de Valderaduey;Hombres;2008;173
47;Valladolid;47015 Becilla de Valderaduey;Hombres;2007;184
47;Valladolid;47015 Becilla de Valderaduey;Hombres;2006;192
47;Valladolid;47015 Becilla de Valderaduey;Hombres;2005;202
47;Valladolid;47015 Becilla de Valderaduey;Hombres;2004;196
47;Valladolid;47015 Becilla de Valderaduey;Hombres;2003;195
47;Valladolid;47015 Becilla de Valderaduey;Hombres;2002;211
47;Valladolid;47015 Becilla de Valderaduey;Hombres;2001;222
47;Valladolid;47015 Becilla de Valderaduey;Hombres;2000;227
47;Valladolid;47015 Becilla de Valderaduey;Hombres;1999;237
47;Valladolid;47015 Becilla de Valderaduey;Hombres;1998;235
47;Valladolid;47015 Becilla de Valderaduey;Hombres;1997;
47;Valladolid;47015 Becilla de Valderaduey;Hombres;1996;241
47;Valladolid;47015 Becilla de Valderaduey;Mujeres;2023;91
47;Valladolid;47015 Becilla de Valderaduey;Mujeres;2022;94
47;Valladolid;47015 Becilla de Valderaduey;Mujeres;2021;96
47;Valladolid;47015 Becilla de Valderaduey;Mujeres;2020;101
47;Valladolid;47015 Becilla de Valderaduey;Mujeres;2019;102
47;Valladolid;47015 Becilla de Valderaduey;Mujeres;2018;110
47;Valladolid;47015 Becilla de Valderaduey;Mujeres;2017;101
47;Valladolid;47015 Becilla de Valderaduey;Mujeres;2016;108
47;Valladolid;47015 Becilla de Valderaduey;Mujeres;2015;114
47;Valladolid;47015 Becilla de Valderaduey;Mujeres;2014;124
47;Valladolid;47015 Becilla de Valderaduey;Mujeres;2013;125
47;Valladolid;47015 Becilla de Valderaduey;Mujeres;2012;133
47;Valladolid;47015 Becilla de Valderaduey;Mujeres;2011;138
47;Valladolid;47015 Becilla de Valderaduey;Mujeres;2010;147
47;Valladolid;47015 Becilla de Valderaduey;Mujeres;2009;163
47;Valladolid;47015 Becilla de Valderaduey;Mujeres;2008;145
47;Valladolid;47015 Becilla de Valderaduey;Mujeres;2007;150
47;Valladolid;47015 Becilla de Valderaduey;Mujeres;2006;163
47;Valladolid;47015 Becilla de Valderaduey;Mujeres;2005;168
47;Valladolid;47015 Becilla de Valderaduey;Mujeres;2004;166
47;Valladolid;47015 Becilla de Valderaduey;Mujeres;2003;168
47;Valladolid;47015 Becilla de Valderaduey;Mujeres;2002;182
47;Valladolid;47015 Becilla de Valderaduey;Mujeres;2001;183
47;Valladolid;47015 Becilla de Valderaduey;Mujeres;2000;196
47;Valladolid;47015 Becilla de Valderaduey;Mujeres;1999;202
47;Valladolid;47015 Becilla de Valderaduey;Mujeres;1998;207
47;Valladolid;47015 Becilla de Valderaduey;Mujeres;1997;
47;Valladolid;47015 Becilla de Valderaduey;Mujeres;1996;218
47;Valladolid;47016 Benafarces;Total;2023;69
47;Valladolid;47016 Benafarces;Total;2022;68
47;Valladolid;47016 Benafarces;Total;2021;68
47;Valladolid;47016 Benafarces;Total;2020;69
47;Valladolid;47016 Benafarces;Total;2019;72
47;Valladolid;47016 Benafarces;Total;2018;68
47;Valladolid;47016 Benafarces;Total;2017;71
47;Valladolid;47016 Benafarces;Total;2016;75
47;Valladolid;47016 Benafarces;Total;2015;80
47;Valladolid;47016 Benafarces;Total;2014;86
47;Valladolid;47016 Benafarces;Total;2013;90
47;Valladolid;47016 Benafarces;Total;2012;96
47;Valladolid;47016 Benafarces;Total;2011;105
47;Valladolid;47016 Benafarces;Total;2010;90
47;Valladolid;47016 Benafarces;Total;2009;96
47;Valladolid;47016 Benafarces;Total;2008;92
47;Valladolid;47016 Benafarces;Total;2007;93
47;Valladolid;47016 Benafarces;Total;2006;101
47;Valladolid;47016 Benafarces;Total;2005;106
47;Valladolid;47016 Benafarces;Total;2004;114
47;Valladolid;47016 Benafarces;Total;2003;104
47;Valladolid;47016 Benafarces;Total;2002;104
47;Valladolid;47016 Benafarces;Total;2001;113
47;Valladolid;47016 Benafarces;Total;2000;115
47;Valladolid;47016 Benafarces;Total;1999;107
47;Valladolid;47016 Benafarces;Total;1998;113
47;Valladolid;47016 Benafarces;Total;1997;
47;Valladolid;47016 Benafarces;Total;1996;118
47;Valladolid;47016 Benafarces;Hombres;2023;38
47;Valladolid;47016 Benafarces;Hombres;2022;38
47;Valladolid;47016 Benafarces;Hombres;2021;35
47;Valladolid;47016 Benafarces;Hombres;2020;36
47;Valladolid;47016 Benafarces;Hombres;2019;35
47;Valladolid;47016 Benafarces;Hombres;2018;35
47;Valladolid;47016 Benafarces;Hombres;2017;37
47;Valladolid;47016 Benafarces;Hombres;2016;40
47;Valladolid;47016 Benafarces;Hombres;2015;43
47;Valladolid;47016 Benafarces;Hombres;2014;47
47;Valladolid;47016 Benafarces;Hombres;2013;49
47;Valladolid;47016 Benafarces;Hombres;2012;49
47;Valladolid;47016 Benafarces;Hombres;2011;53
47;Valladolid;47016 Benafarces;Hombres;2010;48
47;Valladolid;47016 Benafarces;Hombres;2009;52
47;Valladolid;47016 Benafarces;Hombres;2008;50
47;Valladolid;47016 Benafarces;Hombres;2007;49
47;Valladolid;47016 Benafarces;Hombres;2006;55
47;Valladolid;47016 Benafarces;Hombres;2005;56
47;Valladolid;47016 Benafarces;Hombres;2004;61
47;Valladolid;47016 Benafarces;Hombres;2003;52
47;Valladolid;47016 Benafarces;Hombres;2002;53
47;Valladolid;47016 Benafarces;Hombres;2001;56
47;Valladolid;47016 Benafarces;Hombres;2000;58
47;Valladolid;47016 Benafarces;Hombres;1999;51
47;Valladolid;47016 Benafarces;Hombres;1998;55
47;Valladolid;47016 Benafarces;Hombres;1997;
47;Valladolid;47016 Benafarces;Hombres;1996;57
47;Valladolid;47016 Benafarces;Mujeres;2023;31
47;Valladolid;47016 Benafarces;Mujeres;2022;30
47;Valladolid;47016 Benafarces;Mujeres;2021;33
47;Valladolid;47016 Benafarces;Mujeres;2020;33
47;Valladolid;47016 Benafarces;Mujeres;2019;37
47;Valladolid;47016 Benafarces;Mujeres;2018;33
47;Valladolid;47016 Benafarces;Mujeres;2017;34
47;Valladolid;47016 Benafarces;Mujeres;2016;35
47;Valladolid;47016 Benafarces;Mujeres;2015;37
47;Valladolid;47016 Benafarces;Mujeres;2014;39
47;Valladolid;47016 Benafarces;Mujeres;2013;41
47;Valladolid;47016 Benafarces;Mujeres;2012;47
47;Valladolid;47016 Benafarces;Mujeres;2011;52
47;Valladolid;47016 Benafarces;Mujeres;2010;42
47;Valladolid;47016 Benafarces;Mujeres;2009;44
47;Valladolid;47016 Benafarces;Mujeres;2008;42
47;Valladolid;47016 Benafarces;Mujeres;2007;44
47;Valladolid;47016 Benafarces;Mujeres;2006;46
47;Valladolid;47016 Benafarces;Mujeres;2005;50
47;Valladolid;47016 Benafarces;Mujeres;2004;53
47;Valladolid;47016 Benafarces;Mujeres;2003;52
47;Valladolid;47016 Benafarces;Mujeres;2002;51
47;Valladolid;47016 Benafarces;Mujeres;2001;57
47;Valladolid;47016 Benafarces;Mujeres;2000;57
47;Valladolid;47016 Benafarces;Mujeres;1999;56
47;Valladolid;47016 Benafarces;Mujeres;1998;58
47;Valladolid;47016 Benafarces;Mujeres;1997;
47;Valladolid;47016 Benafarces;Mujeres;1996;61
47;Valladolid;47017 Bercero;Total;2023;177
47;Valladolid;47017 Bercero;Total;2022;179
47;Valladolid;47017 Bercero;Total;2021;195
47;Valladolid;47017 Bercero;Total;2020;196
47;Valladolid;47017 Bercero;Total;2019;207
47;Valladolid;47017 Bercero;Total;2018;210
47;Valladolid;47017 Bercero;Total;2017;211
47;Valladolid;47017 Bercero;Total;2016;215
47;Valladolid;47017 Bercero;Total;2015;218
47;Valladolid;47017 Bercero;Total;2014;221
47;Valladolid;47017 Bercero;Total;2013;220
47;Valladolid;47017 Bercero;Total;2012;216
47;Valladolid;47017 Bercero;Total;2011;227
47;Valladolid;47017 Bercero;Total;2010;235
47;Valladolid;47017 Bercero;Total;2009;226
47;Valladolid;47017 Bercero;Total;2008;235
47;Valladolid;47017 Bercero;Total;2007;238
47;Valladolid;47017 Bercero;Total;2006;234
47;Valladolid;47017 Bercero;Total;2005;234
47;Valladolid;47017 Bercero;Total;2004;248
47;Valladolid;47017 Bercero;Total;2003;252
47;Valladolid;47017 Bercero;Total;2002;267
47;Valladolid;47017 Bercero;Total;2001;283
47;Valladolid;47017 Bercero;Total;2000;283
47;Valladolid;47017 Bercero;Total;1999;292
47;Valladolid;47017 Bercero;Total;1998;292
47;Valladolid;47017 Bercero;Total;1997;
47;Valladolid;47017 Bercero;Total;1996;295
47;Valladolid;47017 Bercero;Hombres;2023;100
47;Valladolid;47017 Bercero;Hombres;2022;101
47;Valladolid;47017 Bercero;Hombres;2021;110
47;Valladolid;47017 Bercero;Hombres;2020;108
47;Valladolid;47017 Bercero;Hombres;2019;112
47;Valladolid;47017 Bercero;Hombres;2018;115
47;Valladolid;47017 Bercero;Hombres;2017;116
47;Valladolid;47017 Bercero;Hombres;2016;119
47;Valladolid;47017 Bercero;Hombres;2015;117
47;Valladolid;47017 Bercero;Hombres;2014;118
47;Valladolid;47017 Bercero;Hombres;2013;118
47;Valladolid;47017 Bercero;Hombres;2012;117
47;Valladolid;47017 Bercero;Hombres;2011;126
47;Valladolid;47017 Bercero;Hombres;2010;130
47;Valladolid;47017 Bercero;Hombres;2009;124
47;Valladolid;47017 Bercero;Hombres;2008;128
47;Valladolid;47017 Bercero;Hombres;2007;130
47;Valladolid;47017 Bercero;Hombres;2006;130
47;Valladolid;47017 Bercero;Hombres;2005;131
47;Valladolid;47017 Bercero;Hombres;2004;132
47;Valladolid;47017 Bercero;Hombres;2003;133
47;Valladolid;47017 Bercero;Hombres;2002;140
47;Valladolid;47017 Bercero;Hombres;2001;148
47;Valladolid;47017 Bercero;Hombres;2000;150
47;Valladolid;47017 Bercero;Hombres;1999;154
47;Valladolid;47017 Bercero;Hombres;1998;154
47;Valladolid;47017 Bercero;Hombres;1997;
47;Valladolid;47017 Bercero;Hombres;1996;157
47;Valladolid;47017 Bercero;Mujeres;2023;77
47;Valladolid;47017 Bercero;Mujeres;2022;78
47;Valladolid;47017 Bercero;Mujeres;2021;85
47;Valladolid;47017 Bercero;Mujeres;2020;88
47;Valladolid;47017 Bercero;Mujeres;2019;95
47;Valladolid;47017 Bercero;Mujeres;2018;95
47;Valladolid;47017 Bercero;Mujeres;2017;95
47;Valladolid;47017 Bercero;Mujeres;2016;96
47;Valladolid;47017 Bercero;Mujeres;2015;101
47;Valladolid;47017 Bercero;Mujeres;2014;103
47;Valladolid;47017 Bercero;Mujeres;2013;102
47;Valladolid;47017 Bercero;Mujeres;2012;99
47;Valladolid;47017 Bercero;Mujeres;2011;101
47;Valladolid;47017 Bercero;Mujeres;2010;105
47;Valladolid;47017 Bercero;Mujeres;2009;102
47;Valladolid;47017 Bercero;Mujeres;2008;107
47;Valladolid;47017 Bercero;Mujeres;2007;108
47;Valladolid;47017 Bercero;Mujeres;2006;104
47;Valladolid;47017 Bercero;Mujeres;2005;103
47;Valladolid;47017 Bercero;Mujeres;2004;116
47;Valladolid;47017 Bercero;Mujeres;2003;119
47;Valladolid;47017 Bercero;Mujeres;2002;127
47;Valladolid;47017 Bercero;Mujeres;2001;135
47;Valladolid;47017 Bercero;Mujeres;2000;133
47;Valladolid;47017 Bercero;Mujeres;1999;138
47;Valladolid;47017 Bercero;Mujeres;1998;138
47;Valladolid;47017 Bercero;Mujeres;1997;
47;Valladolid;47017 Bercero;Mujeres;1996;138
47;Valladolid;47018 Berceruelo;Total;2023;37
47;Valladolid;47018 Berceruelo;Total;2022;38
47;Valladolid;47018 Berceruelo;Total;2021;38
47;Valladolid;47018 Berceruelo;Total;2020;35
47;Valladolid;47018 Berceruelo;Total;2019;36
47;Valladolid;47018 Berceruelo;Total;2018;39
47;Valladolid;47018 Berceruelo;Total;2017;37
47;Valladolid;47018 Berceruelo;Total;2016;37
47;Valladolid;47018 Berceruelo;Total;2015;37
47;Valladolid;47018 Berceruelo;Total;2014;40
47;Valladolid;47018 Berceruelo;Total;2013;40
47;Valladolid;47018 Berceruelo;Total;2012;40
47;Valladolid;47018 Berceruelo;Total;2011;40
47;Valladolid;47018 Berceruelo;Total;2010;43
47;Valladolid;47018 Berceruelo;Total;2009;46
47;Valladolid;47018 Berceruelo;Total;2008;47
47;Valladolid;47018 Berceruelo;Total;2007;48
47;Valladolid;47018 Berceruelo;Total;2006;43
47;Valladolid;47018 Berceruelo;Total;2005;39
47;Valladolid;47018 Berceruelo;Total;2004;41
47;Valladolid;47018 Berceruelo;Total;2003;41
47;Valladolid;47018 Berceruelo;Total;2002;43
47;Valladolid;47018 Berceruelo;Total;2001;45
47;Valladolid;47018 Berceruelo;Total;2000;44
47;Valladolid;47018 Berceruelo;Total;1999;43
47;Valladolid;47018 Berceruelo;Total;1998;44
47;Valladolid;47018 Berceruelo;Total;1997;
47;Valladolid;47018 Berceruelo;Total;1996;35
47;Valladolid;47018 Berceruelo;Hombres;2023;22
47;Valladolid;47018 Berceruelo;Hombres;2022;23
47;Valladolid;47018 Berceruelo;Hombres;2021;23
47;Valladolid;47018 Berceruelo;Hombres;2020;22
47;Valladolid;47018 Berceruelo;Hombres;2019;22
47;Valladolid;47018 Berceruelo;Hombres;2018;24
47;Valladolid;47018 Berceruelo;Hombres;2017;22
47;Valladolid;47018 Berceruelo;Hombres;2016;22
47;Valladolid;47018 Berceruelo;Hombres;2015;21
47;Valladolid;47018 Berceruelo;Hombres;2014;22
47;Valladolid;47018 Berceruelo;Hombres;2013;22
47;Valladolid;47018 Berceruelo;Hombres;2012;23
47;Valladolid;47018 Berceruelo;Hombres;2011;23
47;Valladolid;47018 Berceruelo;Hombres;2010;24
47;Valladolid;47018 Berceruelo;Hombres;2009;25
47;Valladolid;47018 Berceruelo;Hombres;2008;26
47;Valladolid;47018 Berceruelo;Hombres;2007;28
47;Valladolid;47018 Berceruelo;Hombres;2006;25
47;Valladolid;47018 Berceruelo;Hombres;2005;22
47;Valladolid;47018 Berceruelo;Hombres;2004;23
47;Valladolid;47018 Berceruelo;Hombres;2003;24
47;Valladolid;47018 Berceruelo;Hombres;2002;24
47;Valladolid;47018 Berceruelo;Hombres;2001;24
47;Valladolid;47018 Berceruelo;Hombres;2000;24
47;Valladolid;47018 Berceruelo;Hombres;1999;23
47;Valladolid;47018 Berceruelo;Hombres;1998;23
47;Valladolid;47018 Berceruelo;Hombres;1997;
47;Valladolid;47018 Berceruelo;Hombres;1996;19
47;Valladolid;47018 Berceruelo;Mujeres;2023;15
47;Valladolid;47018 Berceruelo;Mujeres;2022;15
47;Valladolid;47018 Berceruelo;Mujeres;2021;15
47;Valladolid;47018 Berceruelo;Mujeres;2020;13
47;Valladolid;47018 Berceruelo;Mujeres;2019;14
47;Valladolid;47018 Berceruelo;Mujeres;2018;15
47;Valladolid;47018 Berceruelo;Mujeres;2017;15
47;Valladolid;47018 Berceruelo;Mujeres;2016;15
47;Valladolid;47018 Berceruelo;Mujeres;2015;16
47;Valladolid;47018 Berceruelo;Mujeres;2014;18
47;Valladolid;47018 Berceruelo;Mujeres;2013;18
47;Valladolid;47018 Berceruelo;Mujeres;2012;17
47;Valladolid;47018 Berceruelo;Mujeres;2011;17
47;Valladolid;47018 Berceruelo;Mujeres;2010;19
47;Valladolid;47018 Berceruelo;Mujeres;2009;21
47;Valladolid;47018 Berceruelo;Mujeres;2008;21
47;Valladolid;47018 Berceruelo;Mujeres;2007;20
47;Valladolid;47018 Berceruelo;Mujeres;2006;18
47;Valladolid;47018 Berceruelo;Mujeres;2005;17
47;Valladolid;47018 Berceruelo;Mujeres;2004;18
47;Valladolid;47018 Berceruelo;Mujeres;2003;17
47;Valladolid;47018 Berceruelo;Mujeres;2002;19
47;Valladolid;47018 Berceruelo;Mujeres;2001;21
47;Valladolid;47018 Berceruelo;Mujeres;2000;20
47;Valladolid;47018 Berceruelo;Mujeres;1999;20
47;Valladolid;47018 Berceruelo;Mujeres;1998;21
47;Valladolid;47018 Berceruelo;Mujeres;1997;
47;Valladolid;47018 Berceruelo;Mujeres;1996;16
47;Valladolid;47019 Berrueces;Total;2023;98
47;Valladolid;47019 Berrueces;Total;2022;101
47;Valladolid;47019 Berrueces;Total;2021;102
47;Valladolid;47019 Berrueces;Total;2020;108
47;Valladolid;47019 Berrueces;Total;2019;109
47;Valladolid;47019 Berrueces;Total;2018;95
47;Valladolid;47019 Berrueces;Total;2017;93
47;Valladolid;47019 Berrueces;Total;2016;98
47;Valladolid;47019 Berrueces;Total;2015;99
47;Valladolid;47019 Berrueces;Total;2014;110
47;Valladolid;47019 Berrueces;Total;2013;116
47;Valladolid;47019 Berrueces;Total;2012;111
47;Valladolid;47019 Berrueces;Total;2011;118
47;Valladolid;47019 Berrueces;Total;2010;117
47;Valladolid;47019 Berrueces;Total;2009;117
47;Valladolid;47019 Berrueces;Total;2008;116
47;Valladolid;47019 Berrueces;Total;2007;109
47;Valladolid;47019 Berrueces;Total;2006;106
47;Valladolid;47019 Berrueces;Total;2005;110
47;Valladolid;47019 Berrueces;Total;2004;105
47;Valladolid;47019 Berrueces;Total;2003;110
47;Valladolid;47019 Berrueces;Total;2002;113
47;Valladolid;47019 Berrueces;Total;2001;105
47;Valladolid;47019 Berrueces;Total;2000;105
47;Valladolid;47019 Berrueces;Total;1999;103
47;Valladolid;47019 Berrueces;Total;1998;100
47;Valladolid;47019 Berrueces;Total;1997;
47;Valladolid;47019 Berrueces;Total;1996;112
47;Valladolid;47019 Berrueces;Hombres;2023;55
47;Valladolid;47019 Berrueces;Hombres;2022;54
47;Valladolid;47019 Berrueces;Hombres;2021;54
47;Valladolid;47019 Berrueces;Hombres;2020;61
47;Valladolid;47019 Berrueces;Hombres;2019;62
47;Valladolid;47019 Berrueces;Hombres;2018;53
47;Valladolid;47019 Berrueces;Hombres;2017;55
47;Valladolid;47019 Berrueces;Hombres;2016;55
47;Valladolid;47019 Berrueces;Hombres;2015;52
47;Valladolid;47019 Berrueces;Hombres;2014;58
47;Valladolid;47019 Berrueces;Hombres;2013;62
47;Valladolid;47019 Berrueces;Hombres;2012;63
47;Valladolid;47019 Berrueces;Hombres;2011;67
47;Valladolid;47019 Berrueces;Hombres;2010;68
47;Valladolid;47019 Berrueces;Hombres;2009;70
47;Valladolid;47019 Berrueces;Hombres;2008;69
47;Valladolid;47019 Berrueces;Hombres;2007;65
47;Valladolid;47019 Berrueces;Hombres;2006;62
47;Valladolid;47019 Berrueces;Hombres;2005;60
47;Valladolid;47019 Berrueces;Hombres;2004;59
47;Valladolid;47019 Berrueces;Hombres;2003;63
47;Valladolid;47019 Berrueces;Hombres;2002;64
47;Valladolid;47019 Berrueces;Hombres;2001;59
47;Valladolid;47019 Berrueces;Hombres;2000;60
47;Valladolid;47019 Berrueces;Hombres;1999;56
47;Valladolid;47019 Berrueces;Hombres;1998;56
47;Valladolid;47019 Berrueces;Hombres;1997;
47;Valladolid;47019 Berrueces;Hombres;1996;62
47;Valladolid;47019 Berrueces;Mujeres;2023;43
47;Valladolid;47019 Berrueces;Mujeres;2022;47
47;Valladolid;47019 Berrueces;Mujeres;2021;48
47;Valladolid;47019 Berrueces;Mujeres;2020;47
47;Valladolid;47019 Berrueces;Mujeres;2019;47
47;Valladolid;47019 Berrueces;Mujeres;2018;42
47;Valladolid;47019 Berrueces;Mujeres;2017;38
47;Valladolid;47019 Berrueces;Mujeres;2016;43
47;Valladolid;47019 Berrueces;Mujeres;2015;47
47;Valladolid;47019 Berrueces;Mujeres;2014;52
47;Valladolid;47019 Berrueces;Mujeres;2013;54
47;Valladolid;47019 Berrueces;Mujeres;2012;48
47;Valladolid;47019 Berrueces;Mujeres;2011;51
47;Valladolid;47019 Berrueces;Mujeres;2010;49
47;Valladolid;47019 Berrueces;Mujeres;2009;47
47;Valladolid;47019 Berrueces;Mujeres;2008;47
47;Valladolid;47019 Berrueces;Mujeres;2007;44
47;Valladolid;47019 Berrueces;Mujeres;2006;44
47;Valladolid;47019 Berrueces;Mujeres;2005;50
47;Valladolid;47019 Berrueces;Mujeres;2004;46
47;Valladolid;47019 Berrueces;Mujeres;2003;47
47;Valladolid;47019 Berrueces;Mujeres;2002;49
47;Valladolid;47019 Berrueces;Mujeres;2001;46
47;Valladolid;47019 Berrueces;Mujeres;2000;45
47;Valladolid;47019 Berrueces;Mujeres;1999;47
47;Valladolid;47019 Berrueces;Mujeres;1998;44
47;Valladolid;47019 Berrueces;Mujeres;1997;
47;Valladolid;47019 Berrueces;Mujeres;1996;50
47;Valladolid;47020 Bobadilla del Campo;Total;2023;282
47;Valladolid;47020 Bobadilla del Campo;Total;2022;281
47;Valladolid;47020 Bobadilla del Campo;Total;2021;292
47;Valladolid;47020 Bobadilla del Campo;Total;2020;292
47;Valladolid;47020 Bobadilla del Campo;Total;2019;293
47;Valladolid;47020 Bobadilla del Campo;Total;2018;298
47;Valladolid;47020 Bobadilla del Campo;Total;2017;304
47;Valladolid;47020 Bobadilla del Campo;Total;2016;303
47;Valladolid;47020 Bobadilla del Campo;Total;2015;311
47;Valladolid;47020 Bobadilla del Campo;Total;2014;316
47;Valladolid;47020 Bobadilla del Campo;Total;2013;313
47;Valladolid;47020 Bobadilla del Campo;Total;2012;314
47;Valladolid;47020 Bobadilla del Campo;Total;2011;314
47;Valladolid;47020 Bobadilla del Campo;Total;2010;319
47;Valladolid;47020 Bobadilla del Campo;Total;2009;335
47;Valladolid;47020 Bobadilla del Campo;Total;2008;342
47;Valladolid;47020 Bobadilla del Campo;Total;2007;360
47;Valladolid;47020 Bobadilla del Campo;Total;2006;371
47;Valladolid;47020 Bobadilla del Campo;Total;2005;373
47;Valladolid;47020 Bobadilla del Campo;Total;2004;385
47;Valladolid;47020 Bobadilla del Campo;Total;2003;392
47;Valladolid;47020 Bobadilla del Campo;Total;2002;395
47;Valladolid;47020 Bobadilla del Campo;Total;2001;398
47;Valladolid;47020 Bobadilla del Campo;Total;2000;408
47;Valladolid;47020 Bobadilla del Campo;Total;1999;407
47;Valladolid;47020 Bobadilla del Campo;Total;1998;407
47;Valladolid;47020 Bobadilla del Campo;Total;1997;
47;Valladolid;47020 Bobadilla del Campo;Total;1996;417
47;Valladolid;47020 Bobadilla del Campo;Hombres;2023;160
47;Valladolid;47020 Bobadilla del Campo;Hombres;2022;161
47;Valladolid;47020 Bobadilla del Campo;Hombres;2021;165
47;Valladolid;47020 Bobadilla del Campo;Hombres;2020;163
47;Valladolid;47020 Bobadilla del Campo;Hombres;2019;163
47;Valladolid;47020 Bobadilla del Campo;Hombres;2018;169
47;Valladolid;47020 Bobadilla del Campo;Hombres;2017;176
47;Valladolid;47020 Bobadilla del Campo;Hombres;2016;171
47;Valladolid;47020 Bobadilla del Campo;Hombres;2015;174
47;Valladolid;47020 Bobadilla del Campo;Hombres;2014;174
47;Valladolid;47020 Bobadilla del Campo;Hombres;2013;171
47;Valladolid;47020 Bobadilla del Campo;Hombres;2012;170
47;Valladolid;47020 Bobadilla del Campo;Hombres;2011;170
47;Valladolid;47020 Bobadilla del Campo;Hombres;2010;172
47;Valladolid;47020 Bobadilla del Campo;Hombres;2009;180
47;Valladolid;47020 Bobadilla del Campo;Hombres;2008;185
47;Valladolid;47020 Bobadilla del Campo;Hombres;2007;196
47;Valladolid;47020 Bobadilla del Campo;Hombres;2006;200
47;Valladolid;47020 Bobadilla del Campo;Hombres;2005;198
47;Valladolid;47020 Bobadilla del Campo;Hombres;2004;205
47;Valladolid;47020 Bobadilla del Campo;Hombres;2003;212
47;Valladolid;47020 Bobadilla del Campo;Hombres;2002;207
47;Valladolid;47020 Bobadilla del Campo;Hombres;2001;205
47;Valladolid;47020 Bobadilla del Campo;Hombres;2000;211
47;Valladolid;47020 Bobadilla del Campo;Hombres;1999;209
47;Valladolid;47020 Bobadilla del Campo;Hombres;1998;210
47;Valladolid;47020 Bobadilla del Campo;Hombres;1997;
47;Valladolid;47020 Bobadilla del Campo;Hombres;1996;220
47;Valladolid;47020 Bobadilla del Campo;Mujeres;2023;122
47;Valladolid;47020 Bobadilla del Campo;Mujeres;2022;120
47;Valladolid;47020 Bobadilla del Campo;Mujeres;2021;127
47;Valladolid;47020 Bobadilla del Campo;Mujeres;2020;129
47;Valladolid;47020 Bobadilla del Campo;Mujeres;2019;130
47;Valladolid;47020 Bobadilla del Campo;Mujeres;2018;129
47;Valladolid;47020 Bobadilla del Campo;Mujeres;2017;128
47;Valladolid;47020 Bobadilla del Campo;Mujeres;2016;132
47;Valladolid;47020 Bobadilla del Campo;Mujeres;2015;137
47;Valladolid;47020 Bobadilla del Campo;Mujeres;2014;142
47;Valladolid;47020 Bobadilla del Campo;Mujeres;2013;142
47;Valladolid;47020 Bobadilla del Campo;Mujeres;2012;144
47;Valladolid;47020 Bobadilla del Campo;Mujeres;2011;144
47;Valladolid;47020 Bobadilla del Campo;Mujeres;2010;147
47;Valladolid;47020 Bobadilla del Campo;Mujeres;2009;155
47;Valladolid;47020 Bobadilla del Campo;Mujeres;2008;157
47;Valladolid;47020 Bobadilla del Campo;Mujeres;2007;164
47;Valladolid;47020 Bobadilla del Campo;Mujeres;2006;171
47;Valladolid;47020 Bobadilla del Campo;Mujeres;2005;175
47;Valladolid;47020 Bobadilla del Campo;Mujeres;2004;180
47;Valladolid;47020 Bobadilla del Campo;Mujeres;2003;180
47;Valladolid;47020 Bobadilla del Campo;Mujeres;2002;188
47;Valladolid;47020 Bobadilla del Campo;Mujeres;2001;193
47;Valladolid;47020 Bobadilla del Campo;Mujeres;2000;197
47;Valladolid;47020 Bobadilla del Campo;Mujeres;1999;198
47;Valladolid;47020 Bobadilla del Campo;Mujeres;1998;197
47;Valladolid;47020 Bobadilla del Campo;Mujeres;1997;
47;Valladolid;47020 Bobadilla del Campo;Mujeres;1996;197
47;Valladolid;47021 Bocigas;Total;2023;76
47;Valladolid;47021 Bocigas;Total;2022;77
47;Valladolid;47021 Bocigas;Total;2021;80
47;Valladolid;47021 Bocigas;Total;2020;90
47;Valladolid;47021 Bocigas;Total;2019;80
47;Valladolid;47021 Bocigas;Total;2018;84
47;Valladolid;47021 Bocigas;Total;2017;84
47;Valladolid;47021 Bocigas;Total;2016;86
47;Valladolid;47021 Bocigas;Total;2015;86
47;Valladolid;47021 Bocigas;Total;2014;91
47;Valladolid;47021 Bocigas;Total;2013;91
47;Valladolid;47021 Bocigas;Total;2012;93
47;Valladolid;47021 Bocigas;Total;2011;99
47;Valladolid;47021 Bocigas;Total;2010;101
47;Valladolid;47021 Bocigas;Total;2009;101
47;Valladolid;47021 Bocigas;Total;2008;110
47;Valladolid;47021 Bocigas;Total;2007;126
47;Valladolid;47021 Bocigas;Total;2006;121
47;Valladolid;47021 Bocigas;Total;2005;127
47;Valladolid;47021 Bocigas;Total;2004;129
47;Valladolid;47021 Bocigas;Total;2003;132
47;Valladolid;47021 Bocigas;Total;2002;133
47;Valladolid;47021 Bocigas;Total;2001;140
47;Valladolid;47021 Bocigas;Total;2000;139
47;Valladolid;47021 Bocigas;Total;1999;153
47;Valladolid;47021 Bocigas;Total;1998;151
47;Valladolid;47021 Bocigas;Total;1997;
47;Valladolid;47021 Bocigas;Total;1996;180
47;Valladolid;47021 Bocigas;Hombres;2023;41
47;Valladolid;47021 Bocigas;Hombres;2022;42
47;Valladolid;47021 Bocigas;Hombres;2021;47
47;Valladolid;47021 Bocigas;Hombres;2020;48
47;Valladolid;47021 Bocigas;Hombres;2019;45
47;Valladolid;47021 Bocigas;Hombres;2018;47
47;Valladolid;47021 Bocigas;Hombres;2017;47
47;Valladolid;47021 Bocigas;Hombres;2016;47
47;Valladolid;47021 Bocigas;Hombres;2015;45
47;Valladolid;47021 Bocigas;Hombres;2014;47
47;Valladolid;47021 Bocigas;Hombres;2013;48
47;Valladolid;47021 Bocigas;Hombres;2012;51
47;Valladolid;47021 Bocigas;Hombres;2011;53
47;Valladolid;47021 Bocigas;Hombres;2010;50
47;Valladolid;47021 Bocigas;Hombres;2009;52
47;Valladolid;47021 Bocigas;Hombres;2008;52
47;Valladolid;47021 Bocigas;Hombres;2007;61
47;Valladolid;47021 Bocigas;Hombres;2006;59
47;Valladolid;47021 Bocigas;Hombres;2005;62
47;Valladolid;47021 Bocigas;Hombres;2004;61
47;Valladolid;47021 Bocigas;Hombres;2003;64
47;Valladolid;47021 Bocigas;Hombres;2002;68
47;Valladolid;47021 Bocigas;Hombres;2001;68
47;Valladolid;47021 Bocigas;Hombres;2000;67
47;Valladolid;47021 Bocigas;Hombres;1999;75
47;Valladolid;47021 Bocigas;Hombres;1998;74
47;Valladolid;47021 Bocigas;Hombres;1997;
47;Valladolid;47021 Bocigas;Hombres;1996;87
47;Valladolid;47021 Bocigas;Mujeres;2023;35
47;Valladolid;47021 Bocigas;Mujeres;2022;35
47;Valladolid;47021 Bocigas;Mujeres;2021;33
47;Valladolid;47021 Bocigas;Mujeres;2020;42
47;Valladolid;47021 Bocigas;Mujeres;2019;35
47;Valladolid;47021 Bocigas;Mujeres;2018;37
47;Valladolid;47021 Bocigas;Mujeres;2017;37
47;Valladolid;47021 Bocigas;Mujeres;2016;39
47;Valladolid;47021 Bocigas;Mujeres;2015;41
47;Valladolid;47021 Bocigas;Mujeres;2014;44
47;Valladolid;47021 Bocigas;Mujeres;2013;43
47;Valladolid;47021 Bocigas;Mujeres;2012;42
47;Valladolid;47021 Bocigas;Mujeres;2011;46
47;Valladolid;47021 Bocigas;Mujeres;2010;51
47;Valladolid;47021 Bocigas;Mujeres;2009;49
47;Valladolid;47021 Bocigas;Mujeres;2008;58
47;Valladolid;47021 Bocigas;Mujeres;2007;65
47;Valladolid;47021 Bocigas;Mujeres;2006;62
47;Valladolid;47021 Bocigas;Mujeres;2005;65
47;Valladolid;47021 Bocigas;Mujeres;2004;68
47;Valladolid;47021 Bocigas;Mujeres;2003;68
47;Valladolid;47021 Bocigas;Mujeres;2002;65
47;Valladolid;47021 Bocigas;Mujeres;2001;72
47;Valladolid;47021 Bocigas;Mujeres;2000;72
47;Valladolid;47021 Bocigas;Mujeres;1999;78
47;Valladolid;47021 Bocigas;Mujeres;1998;77
47;Valladolid;47021 Bocigas;Mujeres;1997;
47;Valladolid;47021 Bocigas;Mujeres;1996;93
47;Valladolid;47022 Bocos de Duero;Total;2023;80
47;Valladolid;47022 Bocos de Duero;Total;2022;85
47;Valladolid;47022 Bocos de Duero;Total;2021;69
47;Valladolid;47022 Bocos de Duero;Total;2020;72
47;Valladolid;47022 Bocos de Duero;Total;2019;75
47;Valladolid;47022 Bocos de Duero;Total;2018;61
47;Valladolid;47022 Bocos de Duero;Total;2017;60
47;Valladolid;47022 Bocos de Duero;Total;2016;54
47;Valladolid;47022 Bocos de Duero;Total;2015;57
47;Valladolid;47022 Bocos de Duero;Total;2014;57
47;Valladolid;47022 Bocos de Duero;Total;2013;60
47;Valladolid;47022 Bocos de Duero;Total;2012;63
47;Valladolid;47022 Bocos de Duero;Total;2011;63
47;Valladolid;47022 Bocos de Duero;Total;2010;62
47;Valladolid;47022 Bocos de Duero;Total;2009;66
47;Valladolid;47022 Bocos de Duero;Total;2008;68
47;Valladolid;47022 Bocos de Duero;Total;2007;64
47;Valladolid;47022 Bocos de Duero;Total;2006;67
47;Valladolid;47022 Bocos de Duero;Total;2005;71
47;Valladolid;47022 Bocos de Duero;Total;2004;74
47;Valladolid;47022 Bocos de Duero;Total;2003;77
47;Valladolid;47022 Bocos de Duero;Total;2002;80
47;Valladolid;47022 Bocos de Duero;Total;2001;84
47;Valladolid;47022 Bocos de Duero;Total;2000;85
47;Valladolid;47022 Bocos de Duero;Total;1999;77
47;Valladolid;47022 Bocos de Duero;Total;1998;77
47;Valladolid;47022 Bocos de Duero;Total;1997;
47;Valladolid;47022 Bocos de Duero;Total;1996;84
47;Valladolid;47022 Bocos de Duero;Hombres;2023;43
47;Valladolid;47022 Bocos de Duero;Hombres;2022;44
47;Valladolid;47022 Bocos de Duero;Hombres;2021;32
47;Valladolid;47022 Bocos de Duero;Hombres;2020;36
47;Valladolid;47022 Bocos de Duero;Hombres;2019;38
47;Valladolid;47022 Bocos de Duero;Hombres;2018;26
47;Valladolid;47022 Bocos de Duero;Hombres;2017;25
47;Valladolid;47022 Bocos de Duero;Hombres;2016;25
47;Valladolid;47022 Bocos de Duero;Hombres;2015;26
47;Valladolid;47022 Bocos de Duero;Hombres;2014;26
47;Valladolid;47022 Bocos de Duero;Hombres;2013;26
47;Valladolid;47022 Bocos de Duero;Hombres;2012;28
47;Valladolid;47022 Bocos de Duero;Hombres;2011;28
47;Valladolid;47022 Bocos de Duero;Hombres;2010;27
47;Valladolid;47022 Bocos de Duero;Hombres;2009;27
47;Valladolid;47022 Bocos de Duero;Hombres;2008;28
47;Valladolid;47022 Bocos de Duero;Hombres;2007;27
47;Valladolid;47022 Bocos de Duero;Hombres;2006;29
47;Valladolid;47022 Bocos de Duero;Hombres;2005;31
47;Valladolid;47022 Bocos de Duero;Hombres;2004;33
47;Valladolid;47022 Bocos de Duero;Hombres;2003;34
47;Valladolid;47022 Bocos de Duero;Hombres;2002;36
47;Valladolid;47022 Bocos de Duero;Hombres;2001;37
47;Valladolid;47022 Bocos de Duero;Hombres;2000;38
47;Valladolid;47022 Bocos de Duero;Hombres;1999;33
47;Valladolid;47022 Bocos de Duero;Hombres;1998;33
47;Valladolid;47022 Bocos de Duero;Hombres;1997;
47;Valladolid;47022 Bocos de Duero;Hombres;1996;35
47;Valladolid;47022 Bocos de Duero;Mujeres;2023;37
47;Valladolid;47022 Bocos de Duero;Mujeres;2022;41
47;Valladolid;47022 Bocos de Duero;Mujeres;2021;37
47;Valladolid;47022 Bocos de Duero;Mujeres;2020;36
47;Valladolid;47022 Bocos de Duero;Mujeres;2019;37
47;Valladolid;47022 Bocos de Duero;Mujeres;2018;35
47;Valladolid;47022 Bocos de Duero;Mujeres;2017;35
47;Valladolid;47022 Bocos de Duero;Mujeres;2016;29
47;Valladolid;47022 Bocos de Duero;Mujeres;2015;31
47;Valladolid;47022 Bocos de Duero;Mujeres;2014;31
47;Valladolid;47022 Bocos de Duero;Mujeres;2013;34
47;Valladolid;47022 Bocos de Duero;Mujeres;2012;35
47;Valladolid;47022 Bocos de Duero;Mujeres;2011;35
47;Valladolid;47022 Bocos de Duero;Mujeres;2010;35
47;Valladolid;47022 Bocos de Duero;Mujeres;2009;39
47;Valladolid;47022 Bocos de Duero;Mujeres;2008;40
47;Valladolid;47022 Bocos de Duero;Mujeres;2007;37
47;Valladolid;47022 Bocos de Duero;Mujeres;2006;38
47;Valladolid;47022 Bocos de Duero;Mujeres;2005;40
47;Valladolid;47022 Bocos de Duero;Mujeres;2004;41
47;Valladolid;47022 Bocos de Duero;Mujeres;2003;43
47;Valladolid;47022 Bocos de Duero;Mujeres;2002;44
47;Valladolid;47022 Bocos de Duero;Mujeres;2001;47
47;Valladolid;47022 Bocos de Duero;Mujeres;2000;47
47;Valladolid;47022 Bocos de Duero;Mujeres;1999;44
47;Valladolid;47022 Bocos de Duero;Mujeres;1998;44
47;Valladolid;47022 Bocos de Duero;Mujeres;1997;
47;Valladolid;47022 Bocos de Duero;Mujeres;1996;49
47;Valladolid;47023 Boecillo;Total;2023;4297
47;Valladolid;47023 Boecillo;Total;2022;4304
47;Valladolid;47023 Boecillo;Total;2021;4219
47;Valladolid;47023 Boecillo;Total;2020;4148
47;Valladolid;47023 Boecillo;Total;2019;4206
47;Valladolid;47023 Boecillo;Total;2018;4154
47;Valladolid;47023 Boecillo;Total;2017;4104
47;Valladolid;47023 Boecillo;Total;2016;4083
47;Valladolid;47023 Boecillo;Total;2015;4016
47;Valladolid;47023 Boecillo;Total;2014;3989
47;Valladolid;47023 Boecillo;Total;2013;3921
47;Valladolid;47023 Boecillo;Total;2012;3928
47;Valladolid;47023 Boecillo;Total;2011;3862
47;Valladolid;47023 Boecillo;Total;2010;3686
47;Valladolid;47023 Boecillo;Total;2009;3538
47;Valladolid;47023 Boecillo;Total;2008;3324
47;Valladolid;47023 Boecillo;Total;2007;2999
47;Valladolid;47023 Boecillo;Total;2006;2713
47;Valladolid;47023 Boecillo;Total;2005;2510
47;Valladolid;47023 Boecillo;Total;2004;2327
47;Valladolid;47023 Boecillo;Total;2003;2062
47;Valladolid;47023 Boecillo;Total;2002;1884
47;Valladolid;47023 Boecillo;Total;2001;1740
47;Valladolid;47023 Boecillo;Total;2000;1614
47;Valladolid;47023 Boecillo;Total;1999;1539
47;Valladolid;47023 Boecillo;Total;1998;1429
47;Valladolid;47023 Boecillo;Total;1997;
47;Valladolid;47023 Boecillo;Total;1996;1242
47;Valladolid;47023 Boecillo;Hombres;2023;2164
47;Valladolid;47023 Boecillo;Hombres;2022;2172
47;Valladolid;47023 Boecillo;Hombres;2021;2147
47;Valladolid;47023 Boecillo;Hombres;2020;2118
47;Valladolid;47023 Boecillo;Hombres;2019;2143
47;Valladolid;47023 Boecillo;Hombres;2018;2124
47;Valladolid;47023 Boecillo;Hombres;2017;2091
47;Valladolid;47023 Boecillo;Hombres;2016;2084
47;Valladolid;47023 Boecillo;Hombres;2015;2057
47;Valladolid;47023 Boecillo;Hombres;2014;2036
47;Valladolid;47023 Boecillo;Hombres;2013;2006
47;Valladolid;47023 Boecillo;Hombres;2012;2020
47;Valladolid;47023 Boecillo;Hombres;2011;2002
47;Valladolid;47023 Boecillo;Hombres;2010;1907
47;Valladolid;47023 Boecillo;Hombres;2009;1830
47;Valladolid;47023 Boecillo;Hombres;2008;1718
47;Valladolid;47023 Boecillo;Hombres;2007;1540
47;Valladolid;47023 Boecillo;Hombres;2006;1394
47;Valladolid;47023 Boecillo;Hombres;2005;1275
47;Valladolid;47023 Boecillo;Hombres;2004;1169
47;Valladolid;47023 Boecillo;Hombres;2003;1049
47;Valladolid;47023 Boecillo;Hombres;2002;960
47;Valladolid;47023 Boecillo;Hombres;2001;889
47;Valladolid;47023 Boecillo;Hombres;2000;829
47;Valladolid;47023 Boecillo;Hombres;1999;801
47;Valladolid;47023 Boecillo;Hombres;1998;740
47;Valladolid;47023 Boecillo;Hombres;1997;
47;Valladolid;47023 Boecillo;Hombres;1996;641
47;Valladolid;47023 Boecillo;Mujeres;2023;2133
47;Valladolid;47023 Boecillo;Mujeres;2022;2132
47;Valladolid;47023 Boecillo;Mujeres;2021;2072
47;Valladolid;47023 Boecillo;Mujeres;2020;2030
47;Valladolid;47023 Boecillo;Mujeres;2019;2063
47;Valladolid;47023 Boecillo;Mujeres;2018;2030
47;Valladolid;47023 Boecillo;Mujeres;2017;2013
47;Valladolid;47023 Boecillo;Mujeres;2016;1999
47;Valladolid;47023 Boecillo;Mujeres;2015;1959
47;Valladolid;47023 Boecillo;Mujeres;2014;1953
47;Valladolid;47023 Boecillo;Mujeres;2013;1915
47;Valladolid;47023 Boecillo;Mujeres;2012;1908
47;Valladolid;47023 Boecillo;Mujeres;2011;1860
47;Valladolid;47023 Boecillo;Mujeres;2010;1779
47;Valladolid;47023 Boecillo;Mujeres;2009;1708
47;Valladolid;47023 Boecillo;Mujeres;2008;1606
47;Valladolid;47023 Boecillo;Mujeres;2007;1459
47;Valladolid;47023 Boecillo;Mujeres;2006;1319
47;Valladolid;47023 Boecillo;Mujeres;2005;1235
47;Valladolid;47023 Boecillo;Mujeres;2004;1158
47;Valladolid;47023 Boecillo;Mujeres;2003;1013
47;Valladolid;47023 Boecillo;Mujeres;2002;924
47;Valladolid;47023 Boecillo;Mujeres;2001;851
47;Valladolid;47023 Boecillo;Mujeres;2000;785
47;Valladolid;47023 Boecillo;Mujeres;1999;738
47;Valladolid;47023 Boecillo;Mujeres;1998;689
47;Valladolid;47023 Boecillo;Mujeres;1997;
47;Valladolid;47023 Boecillo;Mujeres;1996;601
47;Valladolid;47024 Bolaños de Campos;Total;2023;245
47;Valladolid;47024 Bolaños de Campos;Total;2022;246
47;Valladolid;47024 Bolaños de Campos;Total;2021;277
47;Valladolid;47024 Bolaños de Campos;Total;2020;289
47;Valladolid;47024 Bolaños de Campos;Total;2019;291
47;Valladolid;47024 Bolaños de Campos;Total;2018;304
47;Valladolid;47024 Bolaños de Campos;Total;2017;334
47;Valladolid;47024 Bolaños de Campos;Total;2016;337
47;Valladolid;47024 Bolaños de Campos;Total;2015;347
47;Valladolid;47024 Bolaños de Campos;Total;2014;356
47;Valladolid;47024 Bolaños de Campos;Total;2013;359
47;Valladolid;47024 Bolaños de Campos;Total;2012;357
47;Valladolid;47024 Bolaños de Campos;Total;2011;356
47;Valladolid;47024 Bolaños de Campos;Total;2010;361
47;Valladolid;47024 Bolaños de Campos;Total;2009;362
47;Valladolid;47024 Bolaños de Campos;Total;2008;359
47;Valladolid;47024 Bolaños de Campos;Total;2007;372
47;Valladolid;47024 Bolaños de Campos;Total;2006;384
47;Valladolid;47024 Bolaños de Campos;Total;2005;395
47;Valladolid;47024 Bolaños de Campos;Total;2004;399
47;Valladolid;47024 Bolaños de Campos;Total;2003;386
47;Valladolid;47024 Bolaños de Campos;Total;2002;380
47;Valladolid;47024 Bolaños de Campos;Total;2001;380
47;Valladolid;47024 Bolaños de Campos;Total;2000;381
47;Valladolid;47024 Bolaños de Campos;Total;1999;386
47;Valladolid;47024 Bolaños de Campos;Total;1998;386
47;Valladolid;47024 Bolaños de Campos;Total;1997;
47;Valladolid;47024 Bolaños de Campos;Total;1996;384
47;Valladolid;47024 Bolaños de Campos;Hombres;2023;139
47;Valladolid;47024 Bolaños de Campos;Hombres;2022;141
47;Valladolid;47024 Bolaños de Campos;Hombres;2021;159
47;Valladolid;47024 Bolaños de Campos;Hombres;2020;162
47;Valladolid;47024 Bolaños de Campos;Hombres;2019;160
47;Valladolid;47024 Bolaños de Campos;Hombres;2018;164
47;Valladolid;47024 Bolaños de Campos;Hombres;2017;181
47;Valladolid;47024 Bolaños de Campos;Hombres;2016;184
47;Valladolid;47024 Bolaños de Campos;Hombres;2015;185
47;Valladolid;47024 Bolaños de Campos;Hombres;2014;190
47;Valladolid;47024 Bolaños de Campos;Hombres;2013;190
47;Valladolid;47024 Bolaños de Campos;Hombres;2012;190
47;Valladolid;47024 Bolaños de Campos;Hombres;2011;186
47;Valladolid;47024 Bolaños de Campos;Hombres;2010;188
47;Valladolid;47024 Bolaños de Campos;Hombres;2009;187
47;Valladolid;47024 Bolaños de Campos;Hombres;2008;189
47;Valladolid;47024 Bolaños de Campos;Hombres;2007;192
47;Valladolid;47024 Bolaños de Campos;Hombres;2006;199
47;Valladolid;47024 Bolaños de Campos;Hombres;2005;200
47;Valladolid;47024 Bolaños de Campos;Hombres;2004;203
47;Valladolid;47024 Bolaños de Campos;Hombres;2003;199
47;Valladolid;47024 Bolaños de Campos;Hombres;2002;195
47;Valladolid;47024 Bolaños de Campos;Hombres;2001;192
47;Valladolid;47024 Bolaños de Campos;Hombres;2000;193
47;Valladolid;47024 Bolaños de Campos;Hombres;1999;198
47;Valladolid;47024 Bolaños de Campos;Hombres;1998;198
47;Valladolid;47024 Bolaños de Campos;Hombres;1997;
47;Valladolid;47024 Bolaños de Campos;Hombres;1996;195
47;Valladolid;47024 Bolaños de Campos;Mujeres;2023;106
47;Valladolid;47024 Bolaños de Campos;Mujeres;2022;105
47;Valladolid;47024 Bolaños de Campos;Mujeres;2021;118
47;Valladolid;47024 Bolaños de Campos;Mujeres;2020;127
47;Valladolid;47024 Bolaños de Campos;Mujeres;2019;131
47;Valladolid;47024 Bolaños de Campos;Mujeres;2018;140
47;Valladolid;47024 Bolaños de Campos;Mujeres;2017;153
47;Valladolid;47024 Bolaños de Campos;Mujeres;2016;153
47;Valladolid;47024 Bolaños de Campos;Mujeres;2015;162
47;Valladolid;47024 Bolaños de Campos;Mujeres;2014;166
47;Valladolid;47024 Bolaños de Campos;Mujeres;2013;169
47;Valladolid;47024 Bolaños de Campos;Mujeres;2012;167
47;Valladolid;47024 Bolaños de Campos;Mujeres;2011;170
47;Valladolid;47024 Bolaños de Campos;Mujeres;2010;173
47;Valladolid;47024 Bolaños de Campos;Mujeres;2009;175
47;Valladolid;47024 Bolaños de Campos;Mujeres;2008;170
47;Valladolid;47024 Bolaños de Campos;Mujeres;2007;180
47;Valladolid;47024 Bolaños de Campos;Mujeres;2006;185
47;Valladolid;47024 Bolaños de Campos;Mujeres;2005;195
47;Valladolid;47024 Bolaños de Campos;Mujeres;2004;196
47;Valladolid;47024 Bolaños de Campos;Mujeres;2003;187
47;Valladolid;47024 Bolaños de Campos;Mujeres;2002;185
47;Valladolid;47024 Bolaños de Campos;Mujeres;2001;188
47;Valladolid;47024 Bolaños de Campos;Mujeres;2000;188
47;Valladolid;47024 Bolaños de Campos;Mujeres;1999;188
47;Valladolid;47024 Bolaños de Campos;Mujeres;1998;188
47;Valladolid;47024 Bolaños de Campos;Mujeres;1997;
47;Valladolid;47024 Bolaños de Campos;Mujeres;1996;189
47;Valladolid;47025 Brahojos de Medina;Total;2023;102
47;Valladolid;47025 Brahojos de Medina;Total;2022;103
47;Valladolid;47025 Brahojos de Medina;Total;2021;106
47;Valladolid;47025 Brahojos de Medina;Total;2020;116
47;Valladolid;47025 Brahojos de Medina;Total;2019;117
47;Valladolid;47025 Brahojos de Medina;Total;2018;120
47;Valladolid;47025 Brahojos de Medina;Total;2017;124
47;Valladolid;47025 Brahojos de Medina;Total;2016;130
47;Valladolid;47025 Brahojos de Medina;Total;2015;129
47;Valladolid;47025 Brahojos de Medina;Total;2014;131
47;Valladolid;47025 Brahojos de Medina;Total;2013;131
47;Valladolid;47025 Brahojos de Medina;Total;2012;138
47;Valladolid;47025 Brahojos de Medina;Total;2011;146
47;Valladolid;47025 Brahojos de Medina;Total;2010;149
47;Valladolid;47025 Brahojos de Medina;Total;2009;152
47;Valladolid;47025 Brahojos de Medina;Total;2008;155
47;Valladolid;47025 Brahojos de Medina;Total;2007;158
47;Valladolid;47025 Brahojos de Medina;Total;2006;163
47;Valladolid;47025 Brahojos de Medina;Total;2005;161
47;Valladolid;47025 Brahojos de Medina;Total;2004;166
47;Valladolid;47025 Brahojos de Medina;Total;2003;164
47;Valladolid;47025 Brahojos de Medina;Total;2002;169
47;Valladolid;47025 Brahojos de Medina;Total;2001;182
47;Valladolid;47025 Brahojos de Medina;Total;2000;182
47;Valladolid;47025 Brahojos de Medina;Total;1999;182
47;Valladolid;47025 Brahojos de Medina;Total;1998;185
47;Valladolid;47025 Brahojos de Medina;Total;1997;
47;Valladolid;47025 Brahojos de Medina;Total;1996;189
47;Valladolid;47025 Brahojos de Medina;Hombres;2023;55
47;Valladolid;47025 Brahojos de Medina;Hombres;2022;54
47;Valladolid;47025 Brahojos de Medina;Hombres;2021;55
47;Valladolid;47025 Brahojos de Medina;Hombres;2020;60
47;Valladolid;47025 Brahojos de Medina;Hombres;2019;61
47;Valladolid;47025 Brahojos de Medina;Hombres;2018;62
47;Valladolid;47025 Brahojos de Medina;Hombres;2017;67
47;Valladolid;47025 Brahojos de Medina;Hombres;2016;69
47;Valladolid;47025 Brahojos de Medina;Hombres;2015;68
47;Valladolid;47025 Brahojos de Medina;Hombres;2014;69
47;Valladolid;47025 Brahojos de Medina;Hombres;2013;71
47;Valladolid;47025 Brahojos de Medina;Hombres;2012;70
47;Valladolid;47025 Brahojos de Medina;Hombres;2011;73
47;Valladolid;47025 Brahojos de Medina;Hombres;2010;77
47;Valladolid;47025 Brahojos de Medina;Hombres;2009;78
47;Valladolid;47025 Brahojos de Medina;Hombres;2008;80
47;Valladolid;47025 Brahojos de Medina;Hombres;2007;81
47;Valladolid;47025 Brahojos de Medina;Hombres;2006;86
47;Valladolid;47025 Brahojos de Medina;Hombres;2005;85
47;Valladolid;47025 Brahojos de Medina;Hombres;2004;88
47;Valladolid;47025 Brahojos de Medina;Hombres;2003;87
47;Valladolid;47025 Brahojos de Medina;Hombres;2002;90
47;Valladolid;47025 Brahojos de Medina;Hombres;2001;99
47;Valladolid;47025 Brahojos de Medina;Hombres;2000;99
47;Valladolid;47025 Brahojos de Medina;Hombres;1999;102
47;Valladolid;47025 Brahojos de Medina;Hombres;1998;105
47;Valladolid;47025 Brahojos de Medina;Hombres;1997;
47;Valladolid;47025 Brahojos de Medina;Hombres;1996;107
47;Valladolid;47025 Brahojos de Medina;Mujeres;2023;47
47;Valladolid;47025 Brahojos de Medina;Mujeres;2022;49
47;Valladolid;47025 Brahojos de Medina;Mujeres;2021;51
47;Valladolid;47025 Brahojos de Medina;Mujeres;2020;56
47;Valladolid;47025 Brahojos de Medina;Mujeres;2019;56
47;Valladolid;47025 Brahojos de Medina;Mujeres;2018;58
47;Valladolid;47025 Brahojos de Medina;Mujeres;2017;57
47;Valladolid;47025 Brahojos de Medina;Mujeres;2016;61
47;Valladolid;47025 Brahojos de Medina;Mujeres;2015;61
47;Valladolid;47025 Brahojos de Medina;Mujeres;2014;62
47;Valladolid;47025 Brahojos de Medina;Mujeres;2013;60
47;Valladolid;47025 Brahojos de Medina;Mujeres;2012;68
47;Valladolid;47025 Brahojos de Medina;Mujeres;2011;73
47;Valladolid;47025 Brahojos de Medina;Mujeres;2010;72
47;Valladolid;47025 Brahojos de Medina;Mujeres;2009;74
47;Valladolid;47025 Brahojos de Medina;Mujeres;2008;75
47;Valladolid;47025 Brahojos de Medina;Mujeres;2007;77
47;Valladolid;47025 Brahojos de Medina;Mujeres;2006;77
47;Valladolid;47025 Brahojos de Medina;Mujeres;2005;76
47;Valladolid;47025 Brahojos de Medina;Mujeres;2004;78
47;Valladolid;47025 Brahojos de Medina;Mujeres;2003;77
47;Valladolid;47025 Brahojos de Medina;Mujeres;2002;79
47;Valladolid;47025 Brahojos de Medina;Mujeres;2001;83
47;Valladolid;47025 Brahojos de Medina;Mujeres;2000;83
47;Valladolid;47025 Brahojos de Medina;Mujeres;1999;80
47;Valladolid;47025 Brahojos de Medina;Mujeres;1998;80
47;Valladolid;47025 Brahojos de Medina;Mujeres;1997;
47;Valladolid;47025 Brahojos de Medina;Mujeres;1996;82
47;Valladolid;47026 Bustillo de Chaves;Total;2023;72
47;Valladolid;47026 Bustillo de Chaves;Total;2022;68
47;Valladolid;47026 Bustillo de Chaves;Total;2021;63
47;Valladolid;47026 Bustillo de Chaves;Total;2020;65
47;Valladolid;47026 Bustillo de Chaves;Total;2019;69
47;Valladolid;47026 Bustillo de Chaves;Total;2018;68
47;Valladolid;47026 Bustillo de Chaves;Total;2017;72
47;Valladolid;47026 Bustillo de Chaves;Total;2016;80
47;Valladolid;47026 Bustillo de Chaves;Total;2015;91
47;Valladolid;47026 Bustillo de Chaves;Total;2014;83
47;Valladolid;47026 Bustillo de Chaves;Total;2013;81
47;Valladolid;47026 Bustillo de Chaves;Total;2012;79
47;Valladolid;47026 Bustillo de Chaves;Total;2011;87
47;Valladolid;47026 Bustillo de Chaves;Total;2010;89
47;Valladolid;47026 Bustillo de Chaves;Total;2009;95
47;Valladolid;47026 Bustillo de Chaves;Total;2008;104
47;Valladolid;47026 Bustillo de Chaves;Total;2007;107
47;Valladolid;47026 Bustillo de Chaves;Total;2006;102
47;Valladolid;47026 Bustillo de Chaves;Total;2005;94
47;Valladolid;47026 Bustillo de Chaves;Total;2004;102
47;Valladolid;47026 Bustillo de Chaves;Total;2003;113
47;Valladolid;47026 Bustillo de Chaves;Total;2002;88
47;Valladolid;47026 Bustillo de Chaves;Total;2001;90
47;Valladolid;47026 Bustillo de Chaves;Total;2000;95
47;Valladolid;47026 Bustillo de Chaves;Total;1999;95
47;Valladolid;47026 Bustillo de Chaves;Total;1998;97
47;Valladolid;47026 Bustillo de Chaves;Total;1997;
47;Valladolid;47026 Bustillo de Chaves;Total;1996;100
47;Valladolid;47026 Bustillo de Chaves;Hombres;2023;42
47;Valladolid;47026 Bustillo de Chaves;Hombres;2022;40
47;Valladolid;47026 Bustillo de Chaves;Hombres;2021;36
47;Valladolid;47026 Bustillo de Chaves;Hombres;2020;36
47;Valladolid;47026 Bustillo de Chaves;Hombres;2019;43
47;Valladolid;47026 Bustillo de Chaves;Hombres;2018;40
47;Valladolid;47026 Bustillo de Chaves;Hombres;2017;42
47;Valladolid;47026 Bustillo de Chaves;Hombres;2016;41
47;Valladolid;47026 Bustillo de Chaves;Hombres;2015;49
47;Valladolid;47026 Bustillo de Chaves;Hombres;2014;45
47;Valladolid;47026 Bustillo de Chaves;Hombres;2013;48
47;Valladolid;47026 Bustillo de Chaves;Hombres;2012;47
47;Valladolid;47026 Bustillo de Chaves;Hombres;2011;47
47;Valladolid;47026 Bustillo de Chaves;Hombres;2010;47
47;Valladolid;47026 Bustillo de Chaves;Hombres;2009;50
47;Valladolid;47026 Bustillo de Chaves;Hombres;2008;54
47;Valladolid;47026 Bustillo de Chaves;Hombres;2007;55
47;Valladolid;47026 Bustillo de Chaves;Hombres;2006;52
47;Valladolid;47026 Bustillo de Chaves;Hombres;2005;47
47;Valladolid;47026 Bustillo de Chaves;Hombres;2004;52
47;Valladolid;47026 Bustillo de Chaves;Hombres;2003;58
47;Valladolid;47026 Bustillo de Chaves;Hombres;2002;44
47;Valladolid;47026 Bustillo de Chaves;Hombres;2001;45
47;Valladolid;47026 Bustillo de Chaves;Hombres;2000;47
47;Valladolid;47026 Bustillo de Chaves;Hombres;1999;47
47;Valladolid;47026 Bustillo de Chaves;Hombres;1998;47
47;Valladolid;47026 Bustillo de Chaves;Hombres;1997;
47;Valladolid;47026 Bustillo de Chaves;Hombres;1996;49
47;Valladolid;47026 Bustillo de Chaves;Mujeres;2023;30
47;Valladolid;47026 Bustillo de Chaves;Mujeres;2022;28
47;Valladolid;47026 Bustillo de Chaves;Mujeres;2021;27
47;Valladolid;47026 Bustillo de Chaves;Mujeres;2020;29
47;Valladolid;47026 Bustillo de Chaves;Mujeres;2019;26
47;Valladolid;47026 Bustillo de Chaves;Mujeres;2018;28
47;Valladolid;47026 Bustillo de Chaves;Mujeres;2017;30
47;Valladolid;47026 Bustillo de Chaves;Mujeres;2016;39
47;Valladolid;47026 Bustillo de Chaves;Mujeres;2015;42
47;Valladolid;47026 Bustillo de Chaves;Mujeres;2014;38
47;Valladolid;47026 Bustillo de Chaves;Mujeres;2013;33
47;Valladolid;47026 Bustillo de Chaves;Mujeres;2012;32
47;Valladolid;47026 Bustillo de Chaves;Mujeres;2011;40
47;Valladolid;47026 Bustillo de Chaves;Mujeres;2010;42
47;Valladolid;47026 Bustillo de Chaves;Mujeres;2009;45
47;Valladolid;47026 Bustillo de Chaves;Mujeres;2008;50
47;Valladolid;47026 Bustillo de Chaves;Mujeres;2007;52
47;Valladolid;47026 Bustillo de Chaves;Mujeres;2006;50
47;Valladolid;47026 Bustillo de Chaves;Mujeres;2005;47
47;Valladolid;47026 Bustillo de Chaves;Mujeres;2004;50
47;Valladolid;47026 Bustillo de Chaves;Mujeres;2003;55
47;Valladolid;47026 Bustillo de Chaves;Mujeres;2002;44
47;Valladolid;47026 Bustillo de Chaves;Mujeres;2001;45
47;Valladolid;47026 Bustillo de Chaves;Mujeres;2000;48
47;Valladolid;47026 Bustillo de Chaves;Mujeres;1999;48
47;Valladolid;47026 Bustillo de Chaves;Mujeres;1998;50
47;Valladolid;47026 Bustillo de Chaves;Mujeres;1997;
47;Valladolid;47026 Bustillo de Chaves;Mujeres;1996;51
47;Valladolid;47027 Cabezón de Pisuerga;Total;2023;3823
47;Valladolid;47027 Cabezón de Pisuerga;Total;2022;3769
47;Valladolid;47027 Cabezón de Pisuerga;Total;2021;3747
47;Valladolid;47027 Cabezón de Pisuerga;Total;2020;3763
47;Valladolid;47027 Cabezón de Pisuerga;Total;2019;3713
47;Valladolid;47027 Cabezón de Pisuerga;Total;2018;3693
47;Valladolid;47027 Cabezón de Pisuerga;Total;2017;3678
47;Valladolid;47027 Cabezón de Pisuerga;Total;2016;3657
47;Valladolid;47027 Cabezón de Pisuerga;Total;2015;3605
47;Valladolid;47027 Cabezón de Pisuerga;Total;2014;3622
47;Valladolid;47027 Cabezón de Pisuerga;Total;2013;3679
47;Valladolid;47027 Cabezón de Pisuerga;Total;2012;3576
47;Valladolid;47027 Cabezón de Pisuerga;Total;2011;3520
47;Valladolid;47027 Cabezón de Pisuerga;Total;2010;3440
47;Valladolid;47027 Cabezón de Pisuerga;Total;2009;3355
47;Valladolid;47027 Cabezón de Pisuerga;Total;2008;3146
47;Valladolid;47027 Cabezón de Pisuerga;Total;2007;2925
47;Valladolid;47027 Cabezón de Pisuerga;Total;2006;2718
47;Valladolid;47027 Cabezón de Pisuerga;Total;2005;2542
47;Valladolid;47027 Cabezón de Pisuerga;Total;2004;2344
47;Valladolid;47027 Cabezón de Pisuerga;Total;2003;2131
47;Valladolid;47027 Cabezón de Pisuerga;Total;2002;1936
47;Valladolid;47027 Cabezón de Pisuerga;Total;2001;1848
47;Valladolid;47027 Cabezón de Pisuerga;Total;2000;1816
47;Valladolid;47027 Cabezón de Pisuerga;Total;1999;1781
47;Valladolid;47027 Cabezón de Pisuerga;Total;1998;1757
47;Valladolid;47027 Cabezón de Pisuerga;Total;1997;
47;Valladolid;47027 Cabezón de Pisuerga;Total;1996;1692
47;Valladolid;47027 Cabezón de Pisuerga;Hombres;2023;1948
47;Valladolid;47027 Cabezón de Pisuerga;Hombres;2022;1908
47;Valladolid;47027 Cabezón de Pisuerga;Hombres;2021;1907
47;Valladolid;47027 Cabezón de Pisuerga;Hombres;2020;1915
47;Valladolid;47027 Cabezón de Pisuerga;Hombres;2019;1893
47;Valladolid;47027 Cabezón de Pisuerga;Hombres;2018;1878
47;Valladolid;47027 Cabezón de Pisuerga;Hombres;2017;1876
47;Valladolid;47027 Cabezón de Pisuerga;Hombres;2016;1869
47;Valladolid;47027 Cabezón de Pisuerga;Hombres;2015;1844
47;Valladolid;47027 Cabezón de Pisuerga;Hombres;2014;1864
47;Valladolid;47027 Cabezón de Pisuerga;Hombres;2013;1893
47;Valladolid;47027 Cabezón de Pisuerga;Hombres;2012;1850
47;Valladolid;47027 Cabezón de Pisuerga;Hombres;2011;1814
47;Valladolid;47027 Cabezón de Pisuerga;Hombres;2010;1764
47;Valladolid;47027 Cabezón de Pisuerga;Hombres;2009;1716
47;Valladolid;47027 Cabezón de Pisuerga;Hombres;2008;1611
47;Valladolid;47027 Cabezón de Pisuerga;Hombres;2007;1496
47;Valladolid;47027 Cabezón de Pisuerga;Hombres;2006;1380
47;Valladolid;47027 Cabezón de Pisuerga;Hombres;2005;1301
47;Valladolid;47027 Cabezón de Pisuerga;Hombres;2004;1200
47;Valladolid;47027 Cabezón de Pisuerga;Hombres;2003;1092
47;Valladolid;47027 Cabezón de Pisuerga;Hombres;2002;978
47;Valladolid;47027 Cabezón de Pisuerga;Hombres;2001;945
47;Valladolid;47027 Cabezón de Pisuerga;Hombres;2000;922
47;Valladolid;47027 Cabezón de Pisuerga;Hombres;1999;914
47;Valladolid;47027 Cabezón de Pisuerga;Hombres;1998;900
47;Valladolid;47027 Cabezón de Pisuerga;Hombres;1997;
47;Valladolid;47027 Cabezón de Pisuerga;Hombres;1996;868
47;Valladolid;47027 Cabezón de Pisuerga;Mujeres;2023;1875
47;Valladolid;47027 Cabezón de Pisuerga;Mujeres;2022;1861
47;Valladolid;47027 Cabezón de Pisuerga;Mujeres;2021;1840
47;Valladolid;47027 Cabezón de Pisuerga;Mujeres;2020;1848
47;Valladolid;47027 Cabezón de Pisuerga;Mujeres;2019;1820
47;Valladolid;47027 Cabezón de Pisuerga;Mujeres;2018;1815
47;Valladolid;47027 Cabezón de Pisuerga;Mujeres;2017;1802
47;Valladolid;47027 Cabezón de Pisuerga;Mujeres;2016;1788
47;Valladolid;47027 Cabezón de Pisuerga;Mujeres;2015;1761
47;Valladolid;47027 Cabezón de Pisuerga;Mujeres;2014;1758
47;Valladolid;47027 Cabezón de Pisuerga;Mujeres;2013;1786
47;Valladolid;47027 Cabezón de Pisuerga;Mujeres;2012;1726
47;Valladolid;47027 Cabezón de Pisuerga;Mujeres;2011;1706
47;Valladolid;47027 Cabezón de Pisuerga;Mujeres;2010;1676
47;Valladolid;47027 Cabezón de Pisuerga;Mujeres;2009;1639
47;Valladolid;47027 Cabezón de Pisuerga;Mujeres;2008;1535
47;Valladolid;47027 Cabezón de Pisuerga;Mujeres;2007;1429
47;Valladolid;47027 Cabezón de Pisuerga;Mujeres;2006;1338
47;Valladolid;47027 Cabezón de Pisuerga;Mujeres;2005;1241
47;Valladolid;47027 Cabezón de Pisuerga;Mujeres;2004;1144
47;Valladolid;47027 Cabezón de Pisuerga;Mujeres;2003;1039
47;Valladolid;47027 Cabezón de Pisuerga;Mujeres;2002;958
47;Valladolid;47027 Cabezón de Pisuerga;Mujeres;2001;903
47;Valladolid;47027 Cabezón de Pisuerga;Mujeres;2000;894
47;Valladolid;47027 Cabezón de Pisuerga;Mujeres;1999;867
47;Valladolid;47027 Cabezón de Pisuerga;Mujeres;1998;857
47;Valladolid;47027 Cabezón de Pisuerga;Mujeres;1997;
47;Valladolid;47027 Cabezón de Pisuerga;Mujeres;1996;824
47;Valladolid;47028 Cabezón de Valderaduey;Total;2023;36
47;Valladolid;47028 Cabezón de Valderaduey;Total;2022;42
47;Valladolid;47028 Cabezón de Valderaduey;Total;2021;41
47;Valladolid;47028 Cabezón de Valderaduey;Total;2020;41
47;Valladolid;47028 Cabezón de Valderaduey;Total;2019;33
47;Valladolid;47028 Cabezón de Valderaduey;Total;2018;36
47;Valladolid;47028 Cabezón de Valderaduey;Total;2017;37
47;Valladolid;47028 Cabezón de Valderaduey;Total;2016;37
47;Valladolid;47028 Cabezón de Valderaduey;Total;2015;35
47;Valladolid;47028 Cabezón de Valderaduey;Total;2014;37
47;Valladolid;47028 Cabezón de Valderaduey;Total;2013;37
47;Valladolid;47028 Cabezón de Valderaduey;Total;2012;37
47;Valladolid;47028 Cabezón de Valderaduey;Total;2011;38
47;Valladolid;47028 Cabezón de Valderaduey;Total;2010;38
47;Valladolid;47028 Cabezón de Valderaduey;Total;2009;45
47;Valladolid;47028 Cabezón de Valderaduey;Total;2008;49
47;Valladolid;47028 Cabezón de Valderaduey;Total;2007;51
47;Valladolid;47028 Cabezón de Valderaduey;Total;2006;54
47;Valladolid;47028 Cabezón de Valderaduey;Total;2005;59
47;Valladolid;47028 Cabezón de Valderaduey;Total;2004;52
47;Valladolid;47028 Cabezón de Valderaduey;Total;2003;53
47;Valladolid;47028 Cabezón de Valderaduey;Total;2002;50
47;Valladolid;47028 Cabezón de Valderaduey;Total;2001;49
47;Valladolid;47028 Cabezón de Valderaduey;Total;2000;47
47;Valladolid;47028 Cabezón de Valderaduey;Total;1999;55
47;Valladolid;47028 Cabezón de Valderaduey;Total;1998;59
47;Valladolid;47028 Cabezón de Valderaduey;Total;1997;
47;Valladolid;47028 Cabezón de Valderaduey;Total;1996;54
47;Valladolid;47028 Cabezón de Valderaduey;Hombres;2023;19
47;Valladolid;47028 Cabezón de Valderaduey;Hombres;2022;24
47;Valladolid;47028 Cabezón de Valderaduey;Hombres;2021;24
47;Valladolid;47028 Cabezón de Valderaduey;Hombres;2020;24
47;Valladolid;47028 Cabezón de Valderaduey;Hombres;2019;19
47;Valladolid;47028 Cabezón de Valderaduey;Hombres;2018;20
47;Valladolid;47028 Cabezón de Valderaduey;Hombres;2017;20
47;Valladolid;47028 Cabezón de Valderaduey;Hombres;2016;19
47;Valladolid;47028 Cabezón de Valderaduey;Hombres;2015;18
47;Valladolid;47028 Cabezón de Valderaduey;Hombres;2014;20
47;Valladolid;47028 Cabezón de Valderaduey;Hombres;2013;19
47;Valladolid;47028 Cabezón de Valderaduey;Hombres;2012;20
47;Valladolid;47028 Cabezón de Valderaduey;Hombres;2011;21
47;Valladolid;47028 Cabezón de Valderaduey;Hombres;2010;21
47;Valladolid;47028 Cabezón de Valderaduey;Hombres;2009;25
47;Valladolid;47028 Cabezón de Valderaduey;Hombres;2008;29
47;Valladolid;47028 Cabezón de Valderaduey;Hombres;2007;31
47;Valladolid;47028 Cabezón de Valderaduey;Hombres;2006;32
47;Valladolid;47028 Cabezón de Valderaduey;Hombres;2005;35
47;Valladolid;47028 Cabezón de Valderaduey;Hombres;2004;30
47;Valladolid;47028 Cabezón de Valderaduey;Hombres;2003;31
47;Valladolid;47028 Cabezón de Valderaduey;Hombres;2002;26
47;Valladolid;47028 Cabezón de Valderaduey;Hombres;2001;25
47;Valladolid;47028 Cabezón de Valderaduey;Hombres;2000;23
47;Valladolid;47028 Cabezón de Valderaduey;Hombres;1999;29
47;Valladolid;47028 Cabezón de Valderaduey;Hombres;1998;33
47;Valladolid;47028 Cabezón de Valderaduey;Hombres;1997;
47;Valladolid;47028 Cabezón de Valderaduey;Hombres;1996;29
47;Valladolid;47028 Cabezón de Valderaduey;Mujeres;2023;17
47;Valladolid;47028 Cabezón de Valderaduey;Mujeres;2022;18
47;Valladolid;47028 Cabezón de Valderaduey;Mujeres;2021;17
47;Valladolid;47028 Cabezón de Valderaduey;Mujeres;2020;17
47;Valladolid;47028 Cabezón de Valderaduey;Mujeres;2019;14
47;Valladolid;47028 Cabezón de Valderaduey;Mujeres;2018;16
47;Valladolid;47028 Cabezón de Valderaduey;Mujeres;2017;17
47;Valladolid;47028 Cabezón de Valderaduey;Mujeres;2016;18
47;Valladolid;47028 Cabezón de Valderaduey;Mujeres;2015;17
47;Valladolid;47028 Cabezón de Valderaduey;Mujeres;2014;17
47;Valladolid;47028 Cabezón de Valderaduey;Mujeres;2013;18
47;Valladolid;47028 Cabezón de Valderaduey;Mujeres;2012;17
47;Valladolid;47028 Cabezón de Valderaduey;Mujeres;2011;17
47;Valladolid;47028 Cabezón de Valderaduey;Mujeres;2010;17
47;Valladolid;47028 Cabezón de Valderaduey;Mujeres;2009;20
47;Valladolid;47028 Cabezón de Valderaduey;Mujeres;2008;20
47;Valladolid;47028 Cabezón de Valderaduey;Mujeres;2007;20
47;Valladolid;47028 Cabezón de Valderaduey;Mujeres;2006;22
47;Valladolid;47028 Cabezón de Valderaduey;Mujeres;2005;24
47;Valladolid;47028 Cabezón de Valderaduey;Mujeres;2004;22
47;Valladolid;47028 Cabezón de Valderaduey;Mujeres;2003;22
47;Valladolid;47028 Cabezón de Valderaduey;Mujeres;2002;24
47;Valladolid;47028 Cabezón de Valderaduey;Mujeres;2001;24
47;Valladolid;47028 Cabezón de Valderaduey;Mujeres;2000;24
47;Valladolid;47028 Cabezón de Valderaduey;Mujeres;1999;26
47;Valladolid;47028 Cabezón de Valderaduey;Mujeres;1998;26
47;Valladolid;47028 Cabezón de Valderaduey;Mujeres;1997;
47;Valladolid;47028 Cabezón de Valderaduey;Mujeres;1996;25
47;Valladolid;47029 Cabreros del Monte;Total;2023;56
47;Valladolid;47029 Cabreros del Monte;Total;2022;53
47;Valladolid;47029 Cabreros del Monte;Total;2021;63
47;Valladolid;47029 Cabreros del Monte;Total;2020;66
47;Valladolid;47029 Cabreros del Monte;Total;2019;62
47;Valladolid;47029 Cabreros del Monte;Total;2018;58
47;Valladolid;47029 Cabreros del Monte;Total;2017;66
47;Valladolid;47029 Cabreros del Monte;Total;2016;73
47;Valladolid;47029 Cabreros del Monte;Total;2015;67
47;Valladolid;47029 Cabreros del Monte;Total;2014;73
47;Valladolid;47029 Cabreros del Monte;Total;2013;68
47;Valladolid;47029 Cabreros del Monte;Total;2012;71
47;Valladolid;47029 Cabreros del Monte;Total;2011;72
47;Valladolid;47029 Cabreros del Monte;Total;2010;77
47;Valladolid;47029 Cabreros del Monte;Total;2009;79
47;Valladolid;47029 Cabreros del Monte;Total;2008;89
47;Valladolid;47029 Cabreros del Monte;Total;2007;82
47;Valladolid;47029 Cabreros del Monte;Total;2006;89
47;Valladolid;47029 Cabreros del Monte;Total;2005;80
47;Valladolid;47029 Cabreros del Monte;Total;2004;84
47;Valladolid;47029 Cabreros del Monte;Total;2003;83
47;Valladolid;47029 Cabreros del Monte;Total;2002;88
47;Valladolid;47029 Cabreros del Monte;Total;2001;94
47;Valladolid;47029 Cabreros del Monte;Total;2000;94
47;Valladolid;47029 Cabreros del Monte;Total;1999;98
47;Valladolid;47029 Cabreros del Monte;Total;1998;99
47;Valladolid;47029 Cabreros del Monte;Total;1997;
47;Valladolid;47029 Cabreros del Monte;Total;1996;105
47;Valladolid;47029 Cabreros del Monte;Hombres;2023;30
47;Valladolid;47029 Cabreros del Monte;Hombres;2022;29
47;Valladolid;47029 Cabreros del Monte;Hombres;2021;33
47;Valladolid;47029 Cabreros del Monte;Hombres;2020;36
47;Valladolid;47029 Cabreros del Monte;Hombres;2019;36
47;Valladolid;47029 Cabreros del Monte;Hombres;2018;33
47;Valladolid;47029 Cabreros del Monte;Hombres;2017;36
47;Valladolid;47029 Cabreros del Monte;Hombres;2016;40
47;Valladolid;47029 Cabreros del Monte;Hombres;2015;38
47;Valladolid;47029 Cabreros del Monte;Hombres;2014;39
47;Valladolid;47029 Cabreros del Monte;Hombres;2013;37
47;Valladolid;47029 Cabreros del Monte;Hombres;2012;38
47;Valladolid;47029 Cabreros del Monte;Hombres;2011;38
47;Valladolid;47029 Cabreros del Monte;Hombres;2010;41
47;Valladolid;47029 Cabreros del Monte;Hombres;2009;42
47;Valladolid;47029 Cabreros del Monte;Hombres;2008;46
47;Valladolid;47029 Cabreros del Monte;Hombres;2007;45
47;Valladolid;47029 Cabreros del Monte;Hombres;2006;49
47;Valladolid;47029 Cabreros del Monte;Hombres;2005;43
47;Valladolid;47029 Cabreros del Monte;Hombres;2004;44
47;Valladolid;47029 Cabreros del Monte;Hombres;2003;44
47;Valladolid;47029 Cabreros del Monte;Hombres;2002;48
47;Valladolid;47029 Cabreros del Monte;Hombres;2001;52
47;Valladolid;47029 Cabreros del Monte;Hombres;2000;51
47;Valladolid;47029 Cabreros del Monte;Hombres;1999;54
47;Valladolid;47029 Cabreros del Monte;Hombres;1998;55
47;Valladolid;47029 Cabreros del Monte;Hombres;1997;
47;Valladolid;47029 Cabreros del Monte;Hombres;1996;58
47;Valladolid;47029 Cabreros del Monte;Mujeres;2023;26
47;Valladolid;47029 Cabreros del Monte;Mujeres;2022;24
47;Valladolid;47029 Cabreros del Monte;Mujeres;2021;30
47;Valladolid;47029 Cabreros del Monte;Mujeres;2020;30
47;Valladolid;47029 Cabreros del Monte;Mujeres;2019;26
47;Valladolid;47029 Cabreros del Monte;Mujeres;2018;25
47;Valladolid;47029 Cabreros del Monte;Mujeres;2017;30
47;Valladolid;47029 Cabreros del Monte;Mujeres;2016;33
47;Valladolid;47029 Cabreros del Monte;Mujeres;2015;29
47;Valladolid;47029 Cabreros del Monte;Mujeres;2014;34
47;Valladolid;47029 Cabreros del Monte;Mujeres;2013;31
47;Valladolid;47029 Cabreros del Monte;Mujeres;2012;33
47;Valladolid;47029 Cabreros del Monte;Mujeres;2011;34
47;Valladolid;47029 Cabreros del Monte;Mujeres;2010;36
47;Valladolid;47029 Cabreros del Monte;Mujeres;2009;37
47;Valladolid;47029 Cabreros del Monte;Mujeres;2008;43
47;Valladolid;47029 Cabreros del Monte;Mujeres;2007;37
47;Valladolid;47029 Cabreros del Monte;Mujeres;2006;40
47;Valladolid;47029 Cabreros del Monte;Mujeres;2005;37
47;Valladolid;47029 Cabreros del Monte;Mujeres;2004;40
47;Valladolid;47029 Cabreros del Monte;Mujeres;2003;39
47;Valladolid;47029 Cabreros del Monte;Mujeres;2002;40
47;Valladolid;47029 Cabreros del Monte;Mujeres;2001;42
47;Valladolid;47029 Cabreros del Monte;Mujeres;2000;43
47;Valladolid;47029 Cabreros del Monte;Mujeres;1999;44
47;Valladolid;47029 Cabreros del Monte;Mujeres;1998;44
47;Valladolid;47029 Cabreros del Monte;Mujeres;1997;
47;Valladolid;47029 Cabreros del Monte;Mujeres;1996;47
47;Valladolid;47030 Campaspero;Total;2023;1035
47;Valladolid;47030 Campaspero;Total;2022;1042
47;Valladolid;47030 Campaspero;Total;2021;1047
47;Valladolid;47030 Campaspero;Total;2020;1060
47;Valladolid;47030 Campaspero;Total;2019;1079
47;Valladolid;47030 Campaspero;Total;2018;1102
47;Valladolid;47030 Campaspero;Total;2017;1114
47;Valladolid;47030 Campaspero;Total;2016;1101
47;Valladolid;47030 Campaspero;Total;2015;1141
47;Valladolid;47030 Campaspero;Total;2014;1174
47;Valladolid;47030 Campaspero;Total;2013;1215
47;Valladolid;47030 Campaspero;Total;2012;1311
47;Valladolid;47030 Campaspero;Total;2011;1330
47;Valladolid;47030 Campaspero;Total;2010;1346
47;Valladolid;47030 Campaspero;Total;2009;1379
47;Valladolid;47030 Campaspero;Total;2008;1413
47;Valladolid;47030 Campaspero;Total;2007;1406
47;Valladolid;47030 Campaspero;Total;2006;1366
47;Valladolid;47030 Campaspero;Total;2005;1443
47;Valladolid;47030 Campaspero;Total;2004;1443
47;Valladolid;47030 Campaspero;Total;2003;1393
47;Valladolid;47030 Campaspero;Total;2002;1427
47;Valladolid;47030 Campaspero;Total;2001;1427
47;Valladolid;47030 Campaspero;Total;2000;1452
47;Valladolid;47030 Campaspero;Total;1999;1488
47;Valladolid;47030 Campaspero;Total;1998;1504
47;Valladolid;47030 Campaspero;Total;1997;
47;Valladolid;47030 Campaspero;Total;1996;1529
47;Valladolid;47030 Campaspero;Hombres;2023;579
47;Valladolid;47030 Campaspero;Hombres;2022;583
47;Valladolid;47030 Campaspero;Hombres;2021;584
47;Valladolid;47030 Campaspero;Hombres;2020;595
47;Valladolid;47030 Campaspero;Hombres;2019;600
47;Valladolid;47030 Campaspero;Hombres;2018;602
47;Valladolid;47030 Campaspero;Hombres;2017;603
47;Valladolid;47030 Campaspero;Hombres;2016;596
47;Valladolid;47030 Campaspero;Hombres;2015;620
47;Valladolid;47030 Campaspero;Hombres;2014;633
47;Valladolid;47030 Campaspero;Hombres;2013;657
47;Valladolid;47030 Campaspero;Hombres;2012;706
47;Valladolid;47030 Campaspero;Hombres;2011;713
47;Valladolid;47030 Campaspero;Hombres;2010;720
47;Valladolid;47030 Campaspero;Hombres;2009;733
47;Valladolid;47030 Campaspero;Hombres;2008;751
47;Valladolid;47030 Campaspero;Hombres;2007;742
47;Valladolid;47030 Campaspero;Hombres;2006;716
47;Valladolid;47030 Campaspero;Hombres;2005;769
47;Valladolid;47030 Campaspero;Hombres;2004;756
47;Valladolid;47030 Campaspero;Hombres;2003;730
47;Valladolid;47030 Campaspero;Hombres;2002;742
47;Valladolid;47030 Campaspero;Hombres;2001;735
47;Valladolid;47030 Campaspero;Hombres;2000;749
47;Valladolid;47030 Campaspero;Hombres;1999;773
47;Valladolid;47030 Campaspero;Hombres;1998;778
47;Valladolid;47030 Campaspero;Hombres;1997;
47;Valladolid;47030 Campaspero;Hombres;1996;787
47;Valladolid;47030 Campaspero;Mujeres;2023;456
47;Valladolid;47030 Campaspero;Mujeres;2022;459
47;Valladolid;47030 Campaspero;Mujeres;2021;463
47;Valladolid;47030 Campaspero;Mujeres;2020;465
47;Valladolid;47030 Campaspero;Mujeres;2019;479
47;Valladolid;47030 Campaspero;Mujeres;2018;500
47;Valladolid;47030 Campaspero;Mujeres;2017;511
47;Valladolid;47030 Campaspero;Mujeres;2016;505
47;Valladolid;47030 Campaspero;Mujeres;2015;521
47;Valladolid;47030 Campaspero;Mujeres;2014;541
47;Valladolid;47030 Campaspero;Mujeres;2013;558
47;Valladolid;47030 Campaspero;Mujeres;2012;605
47;Valladolid;47030 Campaspero;Mujeres;2011;617
47;Valladolid;47030 Campaspero;Mujeres;2010;626
47;Valladolid;47030 Campaspero;Mujeres;2009;646
47;Valladolid;47030 Campaspero;Mujeres;2008;662
47;Valladolid;47030 Campaspero;Mujeres;2007;664
47;Valladolid;47030 Campaspero;Mujeres;2006;650
47;Valladolid;47030 Campaspero;Mujeres;2005;674
47;Valladolid;47030 Campaspero;Mujeres;2004;687
47;Valladolid;47030 Campaspero;Mujeres;2003;663
47;Valladolid;47030 Campaspero;Mujeres;2002;685
47;Valladolid;47030 Campaspero;Mujeres;2001;692
47;Valladolid;47030 Campaspero;Mujeres;2000;703
47;Valladolid;47030 Campaspero;Mujeres;1999;715
47;Valladolid;47030 Campaspero;Mujeres;1998;726
47;Valladolid;47030 Campaspero;Mujeres;1997;
47;Valladolid;47030 Campaspero;Mujeres;1996;742
47;Valladolid;47031 Campillo, El;Total;2023;202
47;Valladolid;47031 Campillo, El;Total;2022;202
47;Valladolid;47031 Campillo, El;Total;2021;219
47;Valladolid;47031 Campillo, El;Total;2020;213
47;Valladolid;47031 Campillo, El;Total;2019;222
47;Valladolid;47031 Campillo, El;Total;2018;228
47;Valladolid;47031 Campillo, El;Total;2017;225
47;Valladolid;47031 Campillo, El;Total;2016;217
47;Valladolid;47031 Campillo, El;Total;2015;223
47;Valladolid;47031 Campillo, El;Total;2014;229
47;Valladolid;47031 Campillo, El;Total;2013;234
47;Valladolid;47031 Campillo, El;Total;2012;230
47;Valladolid;47031 Campillo, El;Total;2011;231
47;Valladolid;47031 Campillo, El;Total;2010;235
47;Valladolid;47031 Campillo, El;Total;2009;241
47;Valladolid;47031 Campillo, El;Total;2008;251
47;Valladolid;47031 Campillo, El;Total;2007;245
47;Valladolid;47031 Campillo, El;Total;2006;247
47;Valladolid;47031 Campillo, El;Total;2005;223
47;Valladolid;47031 Campillo, El;Total;2004;239
47;Valladolid;47031 Campillo, El;Total;2003;239
47;Valladolid;47031 Campillo, El;Total;2002;248
47;Valladolid;47031 Campillo, El;Total;2001;244
47;Valladolid;47031 Campillo, El;Total;2000;239
47;Valladolid;47031 Campillo, El;Total;1999;251
47;Valladolid;47031 Campillo, El;Total;1998;251
47;Valladolid;47031 Campillo, El;Total;1997;
47;Valladolid;47031 Campillo, El;Total;1996;248
47;Valladolid;47031 Campillo, El;Hombres;2023;117
47;Valladolid;47031 Campillo, El;Hombres;2022;116
47;Valladolid;47031 Campillo, El;Hombres;2021;126
47;Valladolid;47031 Campillo, El;Hombres;2020;124
47;Valladolid;47031 Campillo, El;Hombres;2019;133
47;Valladolid;47031 Campillo, El;Hombres;2018;135
47;Valladolid;47031 Campillo, El;Hombres;2017;133
47;Valladolid;47031 Campillo, El;Hombres;2016;126
47;Valladolid;47031 Campillo, El;Hombres;2015;127
47;Valladolid;47031 Campillo, El;Hombres;2014;132
47;Valladolid;47031 Campillo, El;Hombres;2013;134
47;Valladolid;47031 Campillo, El;Hombres;2012;131
47;Valladolid;47031 Campillo, El;Hombres;2011;129
47;Valladolid;47031 Campillo, El;Hombres;2010;135
47;Valladolid;47031 Campillo, El;Hombres;2009;137
47;Valladolid;47031 Campillo, El;Hombres;2008;138
47;Valladolid;47031 Campillo, El;Hombres;2007;132
47;Valladolid;47031 Campillo, El;Hombres;2006;137
47;Valladolid;47031 Campillo, El;Hombres;2005;125
47;Valladolid;47031 Campillo, El;Hombres;2004;134
47;Valladolid;47031 Campillo, El;Hombres;2003;137
47;Valladolid;47031 Campillo, El;Hombres;2002;144
47;Valladolid;47031 Campillo, El;Hombres;2001;140
47;Valladolid;47031 Campillo, El;Hombres;2000;138
47;Valladolid;47031 Campillo, El;Hombres;1999;142
47;Valladolid;47031 Campillo, El;Hombres;1998;142
47;Valladolid;47031 Campillo, El;Hombres;1997;
47;Valladolid;47031 Campillo, El;Hombres;1996;139
47;Valladolid;47031 Campillo, El;Mujeres;2023;85
47;Valladolid;47031 Campillo, El;Mujeres;2022;86
47;Valladolid;47031 Campillo, El;Mujeres;2021;93
47;Valladolid;47031 Campillo, El;Mujeres;2020;89
47;Valladolid;47031 Campillo, El;Mujeres;2019;89
47;Valladolid;47031 Campillo, El;Mujeres;2018;93
47;Valladolid;47031 Campillo, El;Mujeres;2017;92
47;Valladolid;47031 Campillo, El;Mujeres;2016;91
47;Valladolid;47031 Campillo, El;Mujeres;2015;96
47;Valladolid;47031 Campillo, El;Mujeres;2014;97
47;Valladolid;47031 Campillo, El;Mujeres;2013;100
47;Valladolid;47031 Campillo, El;Mujeres;2012;99
47;Valladolid;47031 Campillo, El;Mujeres;2011;102
47;Valladolid;47031 Campillo, El;Mujeres;2010;100
47;Valladolid;47031 Campillo, El;Mujeres;2009;104
47;Valladolid;47031 Campillo, El;Mujeres;2008;113
47;Valladolid;47031 Campillo, El;Mujeres;2007;113
47;Valladolid;47031 Campillo, El;Mujeres;2006;110
47;Valladolid;47031 Campillo, El;Mujeres;2005;98
47;Valladolid;47031 Campillo, El;Mujeres;2004;105
47;Valladolid;47031 Campillo, El;Mujeres;2003;102
47;Valladolid;47031 Campillo, El;Mujeres;2002;104
47;Valladolid;47031 Campillo, El;Mujeres;2001;104
47;Valladolid;47031 Campillo, El;Mujeres;2000;101
47;Valladolid;47031 Campillo, El;Mujeres;1999;109
47;Valladolid;47031 Campillo, El;Mujeres;1998;109
47;Valladolid;47031 Campillo, El;Mujeres;1997;
47;Valladolid;47031 Campillo, El;Mujeres;1996;109
47;Valladolid;47032 Camporredondo;Total;2023;153
47;Valladolid;47032 Camporredondo;Total;2022;156
47;Valladolid;47032 Camporredondo;Total;2021;153
47;Valladolid;47032 Camporredondo;Total;2020;149
47;Valladolid;47032 Camporredondo;Total;2019;157
47;Valladolid;47032 Camporredondo;Total;2018;155
47;Valladolid;47032 Camporredondo;Total;2017;161
47;Valladolid;47032 Camporredondo;Total;2016;161
47;Valladolid;47032 Camporredondo;Total;2015;166
47;Valladolid;47032 Camporredondo;Total;2014;166
47;Valladolid;47032 Camporredondo;Total;2013;170
47;Valladolid;47032 Camporredondo;Total;2012;168
47;Valladolid;47032 Camporredondo;Total;2011;174
47;Valladolid;47032 Camporredondo;Total;2010;174
47;Valladolid;47032 Camporredondo;Total;2009;172
47;Valladolid;47032 Camporredondo;Total;2008;172
47;Valladolid;47032 Camporredondo;Total;2007;179
47;Valladolid;47032 Camporredondo;Total;2006;177
47;Valladolid;47032 Camporredondo;Total;2005;193
47;Valladolid;47032 Camporredondo;Total;2004;201
47;Valladolid;47032 Camporredondo;Total;2003;202
47;Valladolid;47032 Camporredondo;Total;2002;202
47;Valladolid;47032 Camporredondo;Total;2001;214
47;Valladolid;47032 Camporredondo;Total;2000;214
47;Valladolid;47032 Camporredondo;Total;1999;214
47;Valladolid;47032 Camporredondo;Total;1998;213
47;Valladolid;47032 Camporredondo;Total;1997;
47;Valladolid;47032 Camporredondo;Total;1996;219
47;Valladolid;47032 Camporredondo;Hombres;2023;90
47;Valladolid;47032 Camporredondo;Hombres;2022;91
47;Valladolid;47032 Camporredondo;Hombres;2021;90
47;Valladolid;47032 Camporredondo;Hombres;2020;86
47;Valladolid;47032 Camporredondo;Hombres;2019;89
47;Valladolid;47032 Camporredondo;Hombres;2018;90
47;Valladolid;47032 Camporredondo;Hombres;2017;93
47;Valladolid;47032 Camporredondo;Hombres;2016;93
47;Valladolid;47032 Camporredondo;Hombres;2015;96
47;Valladolid;47032 Camporredondo;Hombres;2014;95
47;Valladolid;47032 Camporredondo;Hombres;2013;95
47;Valladolid;47032 Camporredondo;Hombres;2012;93
47;Valladolid;47032 Camporredondo;Hombres;2011;97
47;Valladolid;47032 Camporredondo;Hombres;2010;96
47;Valladolid;47032 Camporredondo;Hombres;2009;96
47;Valladolid;47032 Camporredondo;Hombres;2008;94
47;Valladolid;47032 Camporredondo;Hombres;2007;97
47;Valladolid;47032 Camporredondo;Hombres;2006;98
47;Valladolid;47032 Camporredondo;Hombres;2005;108
47;Valladolid;47032 Camporredondo;Hombres;2004;113
47;Valladolid;47032 Camporredondo;Hombres;2003;116
47;Valladolid;47032 Camporredondo;Hombres;2002;116
47;Valladolid;47032 Camporredondo;Hombres;2001;121
47;Valladolid;47032 Camporredondo;Hombres;2000;118
47;Valladolid;47032 Camporredondo;Hombres;1999;119
47;Valladolid;47032 Camporredondo;Hombres;1998;119
47;Valladolid;47032 Camporredondo;Hombres;1997;
47;Valladolid;47032 Camporredondo;Hombres;1996;121
47;Valladolid;47032 Camporredondo;Mujeres;2023;63
47;Valladolid;47032 Camporredondo;Mujeres;2022;65
47;Valladolid;47032 Camporredondo;Mujeres;2021;63
47;Valladolid;47032 Camporredondo;Mujeres;2020;63
47;Valladolid;47032 Camporredondo;Mujeres;2019;68
47;Valladolid;47032 Camporredondo;Mujeres;2018;65
47;Valladolid;47032 Camporredondo;Mujeres;2017;68
47;Valladolid;47032 Camporredondo;Mujeres;2016;68
47;Valladolid;47032 Camporredondo;Mujeres;2015;70
47;Valladolid;47032 Camporredondo;Mujeres;2014;71
47;Valladolid;47032 Camporredondo;Mujeres;2013;75
47;Valladolid;47032 Camporredondo;Mujeres;2012;75
47;Valladolid;47032 Camporredondo;Mujeres;2011;77
47;Valladolid;47032 Camporredondo;Mujeres;2010;78
47;Valladolid;47032 Camporredondo;Mujeres;2009;76
47;Valladolid;47032 Camporredondo;Mujeres;2008;78
47;Valladolid;47032 Camporredondo;Mujeres;2007;82
47;Valladolid;47032 Camporredondo;Mujeres;2006;79
47;Valladolid;47032 Camporredondo;Mujeres;2005;85
47;Valladolid;47032 Camporredondo;Mujeres;2004;88
47;Valladolid;47032 Camporredondo;Mujeres;2003;86
47;Valladolid;47032 Camporredondo;Mujeres;2002;86
47;Valladolid;47032 Camporredondo;Mujeres;2001;93
47;Valladolid;47032 Camporredondo;Mujeres;2000;96
47;Valladolid;47032 Camporredondo;Mujeres;1999;95
47;Valladolid;47032 Camporredondo;Mujeres;1998;94
47;Valladolid;47032 Camporredondo;Mujeres;1997;
47;Valladolid;47032 Camporredondo;Mujeres;1996;98
47;Valladolid;47033 Canalejas de Peñafiel;Total;2023;233
47;Valladolid;47033 Canalejas de Peñafiel;Total;2022;237
47;Valladolid;47033 Canalejas de Peñafiel;Total;2021;241
47;Valladolid;47033 Canalejas de Peñafiel;Total;2020;238
47;Valladolid;47033 Canalejas de Peñafiel;Total;2019;231
47;Valladolid;47033 Canalejas de Peñafiel;Total;2018;228
47;Valladolid;47033 Canalejas de Peñafiel;Total;2017;224
47;Valladolid;47033 Canalejas de Peñafiel;Total;2016;242
47;Valladolid;47033 Canalejas de Peñafiel;Total;2015;264
47;Valladolid;47033 Canalejas de Peñafiel;Total;2014;298
47;Valladolid;47033 Canalejas de Peñafiel;Total;2013;302
47;Valladolid;47033 Canalejas de Peñafiel;Total;2012;296
47;Valladolid;47033 Canalejas de Peñafiel;Total;2011;300
47;Valladolid;47033 Canalejas de Peñafiel;Total;2010;299
47;Valladolid;47033 Canalejas de Peñafiel;Total;2009;296
47;Valladolid;47033 Canalejas de Peñafiel;Total;2008;306
47;Valladolid;47033 Canalejas de Peñafiel;Total;2007;312
47;Valladolid;47033 Canalejas de Peñafiel;Total;2006;324
47;Valladolid;47033 Canalejas de Peñafiel;Total;2005;329
47;Valladolid;47033 Canalejas de Peñafiel;Total;2004;294
47;Valladolid;47033 Canalejas de Peñafiel;Total;2003;275
47;Valladolid;47033 Canalejas de Peñafiel;Total;2002;289
47;Valladolid;47033 Canalejas de Peñafiel;Total;2001;283
47;Valladolid;47033 Canalejas de Peñafiel;Total;2000;292
47;Valladolid;47033 Canalejas de Peñafiel;Total;1999;299
47;Valladolid;47033 Canalejas de Peñafiel;Total;1998;299
47;Valladolid;47033 Canalejas de Peñafiel;Total;1997;
47;Valladolid;47033 Canalejas de Peñafiel;Total;1996;318
47;Valladolid;47033 Canalejas de Peñafiel;Hombres;2023;124
47;Valladolid;47033 Canalejas de Peñafiel;Hombres;2022;131
47;Valladolid;47033 Canalejas de Peñafiel;Hombres;2021;136
47;Valladolid;47033 Canalejas de Peñafiel;Hombres;2020;132
47;Valladolid;47033 Canalejas de Peñafiel;Hombres;2019;128
47;Valladolid;47033 Canalejas de Peñafiel;Hombres;2018;128
47;Valladolid;47033 Canalejas de Peñafiel;Hombres;2017;124
47;Valladolid;47033 Canalejas de Peñafiel;Hombres;2016;133
47;Valladolid;47033 Canalejas de Peñafiel;Hombres;2015;143
47;Valladolid;47033 Canalejas de Peñafiel;Hombres;2014;159
47;Valladolid;47033 Canalejas de Peñafiel;Hombres;2013;160
47;Valladolid;47033 Canalejas de Peñafiel;Hombres;2012;161
47;Valladolid;47033 Canalejas de Peñafiel;Hombres;2011;160
47;Valladolid;47033 Canalejas de Peñafiel;Hombres;2010;159
47;Valladolid;47033 Canalejas de Peñafiel;Hombres;2009;154
47;Valladolid;47033 Canalejas de Peñafiel;Hombres;2008;158
47;Valladolid;47033 Canalejas de Peñafiel;Hombres;2007;162
47;Valladolid;47033 Canalejas de Peñafiel;Hombres;2006;166
47;Valladolid;47033 Canalejas de Peñafiel;Hombres;2005;164
47;Valladolid;47033 Canalejas de Peñafiel;Hombres;2004;148
47;Valladolid;47033 Canalejas de Peñafiel;Hombres;2003;140
47;Valladolid;47033 Canalejas de Peñafiel;Hombres;2002;151
47;Valladolid;47033 Canalejas de Peñafiel;Hombres;2001;145
47;Valladolid;47033 Canalejas de Peñafiel;Hombres;2000;147
47;Valladolid;47033 Canalejas de Peñafiel;Hombres;1999;150
47;Valladolid;47033 Canalejas de Peñafiel;Hombres;1998;150
47;Valladolid;47033 Canalejas de Peñafiel;Hombres;1997;
47;Valladolid;47033 Canalejas de Peñafiel;Hombres;1996;156
47;Valladolid;47033 Canalejas de Peñafiel;Mujeres;2023;109
47;Valladolid;47033 Canalejas de Peñafiel;Mujeres;2022;106
47;Valladolid;47033 Canalejas de Peñafiel;Mujeres;2021;105
47;Valladolid;47033 Canalejas de Peñafiel;Mujeres;2020;106
47;Valladolid;47033 Canalejas de Peñafiel;Mujeres;2019;103
47;Valladolid;47033 Canalejas de Peñafiel;Mujeres;2018;100
47;Valladolid;47033 Canalejas de Peñafiel;Mujeres;2017;100
47;Valladolid;47033 Canalejas de Peñafiel;Mujeres;2016;109
47;Valladolid;47033 Canalejas de Peñafiel;Mujeres;2015;121
47;Valladolid;47033 Canalejas de Peñafiel;Mujeres;2014;139
47;Valladolid;47033 Canalejas de Peñafiel;Mujeres;2013;142
47;Valladolid;47033 Canalejas de Peñafiel;Mujeres;2012;135
47;Valladolid;47033 Canalejas de Peñafiel;Mujeres;2011;140
47;Valladolid;47033 Canalejas de Peñafiel;Mujeres;2010;140
47;Valladolid;47033 Canalejas de Peñafiel;Mujeres;2009;142
47;Valladolid;47033 Canalejas de Peñafiel;Mujeres;2008;148
47;Valladolid;47033 Canalejas de Peñafiel;Mujeres;2007;150
47;Valladolid;47033 Canalejas de Peñafiel;Mujeres;2006;158
47;Valladolid;47033 Canalejas de Peñafiel;Mujeres;2005;165
47;Valladolid;47033 Canalejas de Peñafiel;Mujeres;2004;146
47;Valladolid;47033 Canalejas de Peñafiel;Mujeres;2003;135
47;Valladolid;47033 Canalejas de Peñafiel;Mujeres;2002;138
47;Valladolid;47033 Canalejas de Peñafiel;Mujeres;2001;138
47;Valladolid;47033 Canalejas de Peñafiel;Mujeres;2000;145
47;Valladolid;47033 Canalejas de Peñafiel;Mujeres;1999;149
47;Valladolid;47033 Canalejas de Peñafiel;Mujeres;1998;149
47;Valladolid;47033 Canalejas de Peñafiel;Mujeres;1997;
47;Valladolid;47033 Canalejas de Peñafiel;Mujeres;1996;162
47;Valladolid;47034 Canillas de Esgueva;Total;2023;70
47;Valladolid;47034 Canillas de Esgueva;Total;2022;69
47;Valladolid;47034 Canillas de Esgueva;Total;2021;78
47;Valladolid;47034 Canillas de Esgueva;Total;2020;75
47;Valladolid;47034 Canillas de Esgueva;Total;2019;75
47;Valladolid;47034 Canillas de Esgueva;Total;2018;72
47;Valladolid;47034 Canillas de Esgueva;Total;2017;75
47;Valladolid;47034 Canillas de Esgueva;Total;2016;79
47;Valladolid;47034 Canillas de Esgueva;Total;2015;82
47;Valladolid;47034 Canillas de Esgueva;Total;2014;84
47;Valladolid;47034 Canillas de Esgueva;Total;2013;90
47;Valladolid;47034 Canillas de Esgueva;Total;2012;91
47;Valladolid;47034 Canillas de Esgueva;Total;2011;95
47;Valladolid;47034 Canillas de Esgueva;Total;2010;94
47;Valladolid;47034 Canillas de Esgueva;Total;2009;97
47;Valladolid;47034 Canillas de Esgueva;Total;2008;101
47;Valladolid;47034 Canillas de Esgueva;Total;2007;103
47;Valladolid;47034 Canillas de Esgueva;Total;2006;106
47;Valladolid;47034 Canillas de Esgueva;Total;2005;112
47;Valladolid;47034 Canillas de Esgueva;Total;2004;113
47;Valladolid;47034 Canillas de Esgueva;Total;2003;126
47;Valladolid;47034 Canillas de Esgueva;Total;2002;129
47;Valladolid;47034 Canillas de Esgueva;Total;2001;131
47;Valladolid;47034 Canillas de Esgueva;Total;2000;131
47;Valladolid;47034 Canillas de Esgueva;Total;1999;134
47;Valladolid;47034 Canillas de Esgueva;Total;1998;137
47;Valladolid;47034 Canillas de Esgueva;Total;1997;
47;Valladolid;47034 Canillas de Esgueva;Total;1996;149
47;Valladolid;47034 Canillas de Esgueva;Hombres;2023;42
47;Valladolid;47034 Canillas de Esgueva;Hombres;2022;41
47;Valladolid;47034 Canillas de Esgueva;Hombres;2021;45
47;Valladolid;47034 Canillas de Esgueva;Hombres;2020;43
47;Valladolid;47034 Canillas de Esgueva;Hombres;2019;44
47;Valladolid;47034 Canillas de Esgueva;Hombres;2018;43
47;Valladolid;47034 Canillas de Esgueva;Hombres;2017;45
47;Valladolid;47034 Canillas de Esgueva;Hombres;2016;45
47;Valladolid;47034 Canillas de Esgueva;Hombres;2015;46
47;Valladolid;47034 Canillas de Esgueva;Hombres;2014;47
47;Valladolid;47034 Canillas de Esgueva;Hombres;2013;51
47;Valladolid;47034 Canillas de Esgueva;Hombres;2012;51
47;Valladolid;47034 Canillas de Esgueva;Hombres;2011;54
47;Valladolid;47034 Canillas de Esgueva;Hombres;2010;51
47;Valladolid;47034 Canillas de Esgueva;Hombres;2009;52
47;Valladolid;47034 Canillas de Esgueva;Hombres;2008;53
47;Valladolid;47034 Canillas de Esgueva;Hombres;2007;55
47;Valladolid;47034 Canillas de Esgueva;Hombres;2006;57
47;Valladolid;47034 Canillas de Esgueva;Hombres;2005;62
47;Valladolid;47034 Canillas de Esgueva;Hombres;2004;61
47;Valladolid;47034 Canillas de Esgueva;Hombres;2003;68
47;Valladolid;47034 Canillas de Esgueva;Hombres;2002;71
47;Valladolid;47034 Canillas de Esgueva;Hombres;2001;72
47;Valladolid;47034 Canillas de Esgueva;Hombres;2000;69
47;Valladolid;47034 Canillas de Esgueva;Hombres;1999;70
47;Valladolid;47034 Canillas de Esgueva;Hombres;1998;73
47;Valladolid;47034 Canillas de Esgueva;Hombres;1997;
47;Valladolid;47034 Canillas de Esgueva;Hombres;1996;81
47;Valladolid;47034 Canillas de Esgueva;Mujeres;2023;28
47;Valladolid;47034 Canillas de Esgueva;Mujeres;2022;28
47;Valladolid;47034 Canillas de Esgueva;Mujeres;2021;33
47;Valladolid;47034 Canillas de Esgueva;Mujeres;2020;32
47;Valladolid;47034 Canillas de Esgueva;Mujeres;2019;31
47;Valladolid;47034 Canillas de Esgueva;Mujeres;2018;29
47;Valladolid;47034 Canillas de Esgueva;Mujeres;2017;30
47;Valladolid;47034 Canillas de Esgueva;Mujeres;2016;34
47;Valladolid;47034 Canillas de Esgueva;Mujeres;2015;36
47;Valladolid;47034 Canillas de Esgueva;Mujeres;2014;37
47;Valladolid;47034 Canillas de Esgueva;Mujeres;2013;39
47;Valladolid;47034 Canillas de Esgueva;Mujeres;2012;40
47;Valladolid;47034 Canillas de Esgueva;Mujeres;2011;41
47;Valladolid;47034 Canillas de Esgueva;Mujeres;2010;43
47;Valladolid;47034 Canillas de Esgueva;Mujeres;2009;45
47;Valladolid;47034 Canillas de Esgueva;Mujeres;2008;48
47;Valladolid;47034 Canillas de Esgueva;Mujeres;2007;48
47;Valladolid;47034 Canillas de Esgueva;Mujeres;2006;49
47;Valladolid;47034 Canillas de Esgueva;Mujeres;2005;50
47;Valladolid;47034 Canillas de Esgueva;Mujeres;2004;52
47;Valladolid;47034 Canillas de Esgueva;Mujeres;2003;58
47;Valladolid;47034 Canillas de Esgueva;Mujeres;2002;58
47;Valladolid;47034 Canillas de Esgueva;Mujeres;2001;59
47;Valladolid;47034 Canillas de Esgueva;Mujeres;2000;62
47;Valladolid;47034 Canillas de Esgueva;Mujeres;1999;64
47;Valladolid;47034 Canillas de Esgueva;Mujeres;1998;64
47;Valladolid;47034 Canillas de Esgueva;Mujeres;1997;
47;Valladolid;47034 Canillas de Esgueva;Mujeres;1996;68
47;Valladolid;47035 Carpio;Total;2023;945
47;Valladolid;47035 Carpio;Total;2022;967
47;Valladolid;47035 Carpio;Total;2021;965
47;Valladolid;47035 Carpio;Total;2020;994
47;Valladolid;47035 Carpio;Total;2019;1016
47;Valladolid;47035 Carpio;Total;2018;1024
47;Valladolid;47035 Carpio;Total;2017;1022
47;Valladolid;47035 Carpio;Total;2016;1047
47;Valladolid;47035 Carpio;Total;2015;1057
47;Valladolid;47035 Carpio;Total;2014;1068
47;Valladolid;47035 Carpio;Total;2013;1084
47;Valladolid;47035 Carpio;Total;2012;1097
47;Valladolid;47035 Carpio;Total;2011;1103
47;Valladolid;47035 Carpio;Total;2010;1101
47;Valladolid;47035 Carpio;Total;2009;1100
47;Valladolid;47035 Carpio;Total;2008;1108
47;Valladolid;47035 Carpio;Total;2007;1063
47;Valladolid;47035 Carpio;Total;2006;1015
47;Valladolid;47035 Carpio;Total;2005;1046
47;Valladolid;47035 Carpio;Total;2004;1079
47;Valladolid;47035 Carpio;Total;2003;1113
47;Valladolid;47035 Carpio;Total;2002;1152
47;Valladolid;47035 Carpio;Total;2001;1154
47;Valladolid;47035 Carpio;Total;2000;1183
47;Valladolid;47035 Carpio;Total;1999;1204
47;Valladolid;47035 Carpio;Total;1998;1226
47;Valladolid;47035 Carpio;Total;1997;
47;Valladolid;47035 Carpio;Total;1996;1244
47;Valladolid;47035 Carpio;Hombres;2023;511
47;Valladolid;47035 Carpio;Hombres;2022;519
47;Valladolid;47035 Carpio;Hombres;2021;518
47;Valladolid;47035 Carpio;Hombres;2020;535
47;Valladolid;47035 Carpio;Hombres;2019;545
47;Valladolid;47035 Carpio;Hombres;2018;542
47;Valladolid;47035 Carpio;Hombres;2017;542
47;Valladolid;47035 Carpio;Hombres;2016;561
47;Valladolid;47035 Carpio;Hombres;2015;567
47;Valladolid;47035 Carpio;Hombres;2014;569
47;Valladolid;47035 Carpio;Hombres;2013;578
47;Valladolid;47035 Carpio;Hombres;2012;582
47;Valladolid;47035 Carpio;Hombres;2011;583
47;Valladolid;47035 Carpio;Hombres;2010;582
47;Valladolid;47035 Carpio;Hombres;2009;577
47;Valladolid;47035 Carpio;Hombres;2008;584
47;Valladolid;47035 Carpio;Hombres;2007;568
47;Valladolid;47035 Carpio;Hombres;2006;550
47;Valladolid;47035 Carpio;Hombres;2005;565
47;Valladolid;47035 Carpio;Hombres;2004;579
47;Valladolid;47035 Carpio;Hombres;2003;593
47;Valladolid;47035 Carpio;Hombres;2002;611
47;Valladolid;47035 Carpio;Hombres;2001;609
47;Valladolid;47035 Carpio;Hombres;2000;625
47;Valladolid;47035 Carpio;Hombres;1999;635
47;Valladolid;47035 Carpio;Hombres;1998;647
47;Valladolid;47035 Carpio;Hombres;1997;
47;Valladolid;47035 Carpio;Hombres;1996;654
47;Valladolid;47035 Carpio;Mujeres;2023;434
47;Valladolid;47035 Carpio;Mujeres;2022;448
47;Valladolid;47035 Carpio;Mujeres;2021;447
47;Valladolid;47035 Carpio;Mujeres;2020;459
47;Valladolid;47035 Carpio;Mujeres;2019;471
47;Valladolid;47035 Carpio;Mujeres;2018;482
47;Valladolid;47035 Carpio;Mujeres;2017;480
47;Valladolid;47035 Carpio;Mujeres;2016;486
47;Valladolid;47035 Carpio;Mujeres;2015;490
47;Valladolid;47035 Carpio;Mujeres;2014;499
47;Valladolid;47035 Carpio;Mujeres;2013;506
47;Valladolid;47035 Carpio;Mujeres;2012;515
47;Valladolid;47035 Carpio;Mujeres;2011;520
47;Valladolid;47035 Carpio;Mujeres;2010;519
47;Valladolid;47035 Carpio;Mujeres;2009;523
47;Valladolid;47035 Carpio;Mujeres;2008;524
47;Valladolid;47035 Carpio;Mujeres;2007;495
47;Valladolid;47035 Carpio;Mujeres;2006;465
47;Valladolid;47035 Carpio;Mujeres;2005;481
47;Valladolid;47035 Carpio;Mujeres;2004;500
47;Valladolid;47035 Carpio;Mujeres;2003;520
47;Valladolid;47035 Carpio;Mujeres;2002;541
47;Valladolid;47035 Carpio;Mujeres;2001;545
47;Valladolid;47035 Carpio;Mujeres;2000;558
47;Valladolid;47035 Carpio;Mujeres;1999;569
47;Valladolid;47035 Carpio;Mujeres;1998;579
47;Valladolid;47035 Carpio;Mujeres;1997;
47;Valladolid;47035 Carpio;Mujeres;1996;590
47;Valladolid;47036 Casasola de Arión;Total;2023;221
47;Valladolid;47036 Casasola de Arión;Total;2022;217
47;Valladolid;47036 Casasola de Arión;Total;2021;235
47;Valladolid;47036 Casasola de Arión;Total;2020;250
47;Valladolid;47036 Casasola de Arión;Total;2019;249
47;Valladolid;47036 Casasola de Arión;Total;2018;244
47;Valladolid;47036 Casasola de Arión;Total;2017;249
47;Valladolid;47036 Casasola de Arión;Total;2016;267
47;Valladolid;47036 Casasola de Arión;Total;2015;275
47;Valladolid;47036 Casasola de Arión;Total;2014;289
47;Valladolid;47036 Casasola de Arión;Total;2013;289
47;Valladolid;47036 Casasola de Arión;Total;2012;304
47;Valladolid;47036 Casasola de Arión;Total;2011;314
47;Valladolid;47036 Casasola de Arión;Total;2010;315
47;Valladolid;47036 Casasola de Arión;Total;2009;323
47;Valladolid;47036 Casasola de Arión;Total;2008;320
47;Valladolid;47036 Casasola de Arión;Total;2007;339
47;Valladolid;47036 Casasola de Arión;Total;2006;341
47;Valladolid;47036 Casasola de Arión;Total;2005;342
47;Valladolid;47036 Casasola de Arión;Total;2004;345
47;Valladolid;47036 Casasola de Arión;Total;2003;326
47;Valladolid;47036 Casasola de Arión;Total;2002;339
47;Valladolid;47036 Casasola de Arión;Total;2001;353
47;Valladolid;47036 Casasola de Arión;Total;2000;374
47;Valladolid;47036 Casasola de Arión;Total;1999;386
47;Valladolid;47036 Casasola de Arión;Total;1998;386
47;Valladolid;47036 Casasola de Arión;Total;1997;
47;Valladolid;47036 Casasola de Arión;Total;1996;390
47;Valladolid;47036 Casasola de Arión;Hombres;2023;131
47;Valladolid;47036 Casasola de Arión;Hombres;2022;127
47;Valladolid;47036 Casasola de Arión;Hombres;2021;134
47;Valladolid;47036 Casasola de Arión;Hombres;2020;141
47;Valladolid;47036 Casasola de Arión;Hombres;2019;136
47;Valladolid;47036 Casasola de Arión;Hombres;2018;137
47;Valladolid;47036 Casasola de Arión;Hombres;2017;141
47;Valladolid;47036 Casasola de Arión;Hombres;2016;151
47;Valladolid;47036 Casasola de Arión;Hombres;2015;155
47;Valladolid;47036 Casasola de Arión;Hombres;2014;163
47;Valladolid;47036 Casasola de Arión;Hombres;2013;160
47;Valladolid;47036 Casasola de Arión;Hombres;2012;173
47;Valladolid;47036 Casasola de Arión;Hombres;2011;175
47;Valladolid;47036 Casasola de Arión;Hombres;2010;175
47;Valladolid;47036 Casasola de Arión;Hombres;2009;177
47;Valladolid;47036 Casasola de Arión;Hombres;2008;174
47;Valladolid;47036 Casasola de Arión;Hombres;2007;187
47;Valladolid;47036 Casasola de Arión;Hombres;2006;191
47;Valladolid;47036 Casasola de Arión;Hombres;2005;193
47;Valladolid;47036 Casasola de Arión;Hombres;2004;196
47;Valladolid;47036 Casasola de Arión;Hombres;2003;184
47;Valladolid;47036 Casasola de Arión;Hombres;2002;188
47;Valladolid;47036 Casasola de Arión;Hombres;2001;194
47;Valladolid;47036 Casasola de Arión;Hombres;2000;205
47;Valladolid;47036 Casasola de Arión;Hombres;1999;210
47;Valladolid;47036 Casasola de Arión;Hombres;1998;210
47;Valladolid;47036 Casasola de Arión;Hombres;1997;
47;Valladolid;47036 Casasola de Arión;Hombres;1996;211
47;Valladolid;47036 Casasola de Arión;Mujeres;2023;90
47;Valladolid;47036 Casasola de Arión;Mujeres;2022;90
47;Valladolid;47036 Casasola de Arión;Mujeres;2021;101
47;Valladolid;47036 Casasola de Arión;Mujeres;2020;109
47;Valladolid;47036 Casasola de Arión;Mujeres;2019;113
47;Valladolid;47036 Casasola de Arión;Mujeres;2018;107
47;Valladolid;47036 Casasola de Arión;Mujeres;2017;108
47;Valladolid;47036 Casasola de Arión;Mujeres;2016;116
47;Valladolid;47036 Casasola de Arión;Mujeres;2015;120
47;Valladolid;47036 Casasola de Arión;Mujeres;2014;126
47;Valladolid;47036 Casasola de Arión;Mujeres;2013;129
47;Valladolid;47036 Casasola de Arión;Mujeres;2012;131
47;Valladolid;47036 Casasola de Arión;Mujeres;2011;139
47;Valladolid;47036 Casasola de Arión;Mujeres;2010;140
47;Valladolid;47036 Casasola de Arión;Mujeres;2009;146
47;Valladolid;47036 Casasola de Arión;Mujeres;2008;146
47;Valladolid;47036 Casasola de Arión;Mujeres;2007;152
47;Valladolid;47036 Casasola de Arión;Mujeres;2006;150
47;Valladolid;47036 Casasola de Arión;Mujeres;2005;149
47;Valladolid;47036 Casasola de Arión;Mujeres;2004;149
47;Valladolid;47036 Casasola de Arión;Mujeres;2003;142
47;Valladolid;47036 Casasola de Arión;Mujeres;2002;151
47;Valladolid;47036 Casasola de Arión;Mujeres;2001;159
47;Valladolid;47036 Casasola de Arión;Mujeres;2000;169
47;Valladolid;47036 Casasola de Arión;Mujeres;1999;176
47;Valladolid;47036 Casasola de Arión;Mujeres;1998;176
47;Valladolid;47036 Casasola de Arión;Mujeres;1997;
47;Valladolid;47036 Casasola de Arión;Mujeres;1996;179
47;Valladolid;47037 Castrejón de Trabancos;Total;2023;181
47;Valladolid;47037 Castrejón de Trabancos;Total;2022;177
47;Valladolid;47037 Castrejón de Trabancos;Total;2021;170
47;Valladolid;47037 Castrejón de Trabancos;Total;2020;177
47;Valladolid;47037 Castrejón de Trabancos;Total;2019;174
47;Valladolid;47037 Castrejón de Trabancos;Total;2018;174
47;Valladolid;47037 Castrejón de Trabancos;Total;2017;178
47;Valladolid;47037 Castrejón de Trabancos;Total;2016;181
47;Valladolid;47037 Castrejón de Trabancos;Total;2015;194
47;Valladolid;47037 Castrejón de Trabancos;Total;2014;194
47;Valladolid;47037 Castrejón de Trabancos;Total;2013;203
47;Valladolid;47037 Castrejón de Trabancos;Total;2012;216
47;Valladolid;47037 Castrejón de Trabancos;Total;2011;217
47;Valladolid;47037 Castrejón de Trabancos;Total;2010;221
47;Valladolid;47037 Castrejón de Trabancos;Total;2009;222
47;Valladolid;47037 Castrejón de Trabancos;Total;2008;226
47;Valladolid;47037 Castrejón de Trabancos;Total;2007;228
47;Valladolid;47037 Castrejón de Trabancos;Total;2006;240
47;Valladolid;47037 Castrejón de Trabancos;Total;2005;243
47;Valladolid;47037 Castrejón de Trabancos;Total;2004;253
47;Valladolid;47037 Castrejón de Trabancos;Total;2003;250
47;Valladolid;47037 Castrejón de Trabancos;Total;2002;252
47;Valladolid;47037 Castrejón de Trabancos;Total;2001;258
47;Valladolid;47037 Castrejón de Trabancos;Total;2000;260
47;Valladolid;47037 Castrejón de Trabancos;Total;1999;272
47;Valladolid;47037 Castrejón de Trabancos;Total;1998;277
47;Valladolid;47037 Castrejón de Trabancos;Total;1997;
47;Valladolid;47037 Castrejón de Trabancos;Total;1996;277
47;Valladolid;47037 Castrejón de Trabancos;Hombres;2023;93
47;Valladolid;47037 Castrejón de Trabancos;Hombres;2022;91
47;Valladolid;47037 Castrejón de Trabancos;Hombres;2021;85
47;Valladolid;47037 Castrejón de Trabancos;Hombres;2020;87
47;Valladolid;47037 Castrejón de Trabancos;Hombres;2019;85
47;Valladolid;47037 Castrejón de Trabancos;Hombres;2018;84
47;Valladolid;47037 Castrejón de Trabancos;Hombres;2017;88
47;Valladolid;47037 Castrejón de Trabancos;Hombres;2016;90
47;Valladolid;47037 Castrejón de Trabancos;Hombres;2015;96
47;Valladolid;47037 Castrejón de Trabancos;Hombres;2014;98
47;Valladolid;47037 Castrejón de Trabancos;Hombres;2013;102
47;Valladolid;47037 Castrejón de Trabancos;Hombres;2012;109
47;Valladolid;47037 Castrejón de Trabancos;Hombres;2011;111
47;Valladolid;47037 Castrejón de Trabancos;Hombres;2010;112
47;Valladolid;47037 Castrejón de Trabancos;Hombres;2009;113
47;Valladolid;47037 Castrejón de Trabancos;Hombres;2008;113
47;Valladolid;47037 Castrejón de Trabancos;Hombres;2007;116
47;Valladolid;47037 Castrejón de Trabancos;Hombres;2006;122
47;Valladolid;47037 Castrejón de Trabancos;Hombres;2005;126
47;Valladolid;47037 Castrejón de Trabancos;Hombres;2004;131
47;Valladolid;47037 Castrejón de Trabancos;Hombres;2003;132
47;Valladolid;47037 Castrejón de Trabancos;Hombres;2002;134
47;Valladolid;47037 Castrejón de Trabancos;Hombres;2001;137
47;Valladolid;47037 Castrejón de Trabancos;Hombres;2000;139
47;Valladolid;47037 Castrejón de Trabancos;Hombres;1999;145
47;Valladolid;47037 Castrejón de Trabancos;Hombres;1998;147
47;Valladolid;47037 Castrejón de Trabancos;Hombres;1997;
47;Valladolid;47037 Castrejón de Trabancos;Hombres;1996;151
47;Valladolid;47037 Castrejón de Trabancos;Mujeres;2023;88
47;Valladolid;47037 Castrejón de Trabancos;Mujeres;2022;86
47;Valladolid;47037 Castrejón de Trabancos;Mujeres;2021;85
47;Valladolid;47037 Castrejón de Trabancos;Mujeres;2020;90
47;Valladolid;47037 Castrejón de Trabancos;Mujeres;2019;89
47;Valladolid;47037 Castrejón de Trabancos;Mujeres;2018;90
47;Valladolid;47037 Castrejón de Trabancos;Mujeres;2017;90
47;Valladolid;47037 Castrejón de Trabancos;Mujeres;2016;91
47;Valladolid;47037 Castrejón de Trabancos;Mujeres;2015;98
47;Valladolid;47037 Castrejón de Trabancos;Mujeres;2014;96
47;Valladolid;47037 Castrejón de Trabancos;Mujeres;2013;101
47;Valladolid;47037 Castrejón de Trabancos;Mujeres;2012;107
47;Valladolid;47037 Castrejón de Trabancos;Mujeres;2011;106
47;Valladolid;47037 Castrejón de Trabancos;Mujeres;2010;109
47;Valladolid;47037 Castrejón de Trabancos;Mujeres;2009;109
47;Valladolid;47037 Castrejón de Trabancos;Mujeres;2008;113
47;Valladolid;47037 Castrejón de Trabancos;Mujeres;2007;112
47;Valladolid;47037 Castrejón de Trabancos;Mujeres;2006;118
47;Valladolid;47037 Castrejón de Trabancos;Mujeres;2005;117
47;Valladolid;47037 Castrejón de Trabancos;Mujeres;2004;122
47;Valladolid;47037 Castrejón de Trabancos;Mujeres;2003;118
47;Valladolid;47037 Castrejón de Trabancos;Mujeres;2002;118
47;Valladolid;47037 Castrejón de Trabancos;Mujeres;2001;121
47;Valladolid;47037 Castrejón de Trabancos;Mujeres;2000;121
47;Valladolid;47037 Castrejón de Trabancos;Mujeres;1999;127
47;Valladolid;47037 Castrejón de Trabancos;Mujeres;1998;130
47;Valladolid;47037 Castrejón de Trabancos;Mujeres;1997;
47;Valladolid;47037 Castrejón de Trabancos;Mujeres;1996;126
47;Valladolid;47038 Castrillo de Duero;Total;2023;130
47;Valladolid;47038 Castrillo de Duero;Total;2022;116
47;Valladolid;47038 Castrillo de Duero;Total;2021;103
47;Valladolid;47038 Castrillo de Duero;Total;2020;109
47;Valladolid;47038 Castrillo de Duero;Total;2019;111
47;Valladolid;47038 Castrillo de Duero;Total;2018;110
47;Valladolid;47038 Castrillo de Duero;Total;2017;119
47;Valladolid;47038 Castrillo de Duero;Total;2016;124
47;Valladolid;47038 Castrillo de Duero;Total;2015;133
47;Valladolid;47038 Castrillo de Duero;Total;2014;129
47;Valladolid;47038 Castrillo de Duero;Total;2013;137
47;Valladolid;47038 Castrillo de Duero;Total;2012;144
47;Valladolid;47038 Castrillo de Duero;Total;2011;155
47;Valladolid;47038 Castrillo de Duero;Total;2010;148
47;Valladolid;47038 Castrillo de Duero;Total;2009;145
47;Valladolid;47038 Castrillo de Duero;Total;2008;152
47;Valladolid;47038 Castrillo de Duero;Total;2007;150
47;Valladolid;47038 Castrillo de Duero;Total;2006;157
47;Valladolid;47038 Castrillo de Duero;Total;2005;166
47;Valladolid;47038 Castrillo de Duero;Total;2004;164
47;Valladolid;47038 Castrillo de Duero;Total;2003;173
47;Valladolid;47038 Castrillo de Duero;Total;2002;189
47;Valladolid;47038 Castrillo de Duero;Total;2001;199
47;Valladolid;47038 Castrillo de Duero;Total;2000;199
47;Valladolid;47038 Castrillo de Duero;Total;1999;212
47;Valladolid;47038 Castrillo de Duero;Total;1998;217
47;Valladolid;47038 Castrillo de Duero;Total;1997;
47;Valladolid;47038 Castrillo de Duero;Total;1996;236
47;Valladolid;47038 Castrillo de Duero;Hombres;2023;72
47;Valladolid;47038 Castrillo de Duero;Hombres;2022;67
47;Valladolid;47038 Castrillo de Duero;Hombres;2021;59
47;Valladolid;47038 Castrillo de Duero;Hombres;2020;63
47;Valladolid;47038 Castrillo de Duero;Hombres;2019;66
47;Valladolid;47038 Castrillo de Duero;Hombres;2018;65
47;Valladolid;47038 Castrillo de Duero;Hombres;2017;67
47;Valladolid;47038 Castrillo de Duero;Hombres;2016;70
47;Valladolid;47038 Castrillo de Duero;Hombres;2015;74
47;Valladolid;47038 Castrillo de Duero;Hombres;2014;70
47;Valladolid;47038 Castrillo de Duero;Hombres;2013;73
47;Valladolid;47038 Castrillo de Duero;Hombres;2012;76
47;Valladolid;47038 Castrillo de Duero;Hombres;2011;78
47;Valladolid;47038 Castrillo de Duero;Hombres;2010;77
47;Valladolid;47038 Castrillo de Duero;Hombres;2009;77
47;Valladolid;47038 Castrillo de Duero;Hombres;2008;82
47;Valladolid;47038 Castrillo de Duero;Hombres;2007;78
47;Valladolid;47038 Castrillo de Duero;Hombres;2006;77
47;Valladolid;47038 Castrillo de Duero;Hombres;2005;82
47;Valladolid;47038 Castrillo de Duero;Hombres;2004;82
47;Valladolid;47038 Castrillo de Duero;Hombres;2003;85
47;Valladolid;47038 Castrillo de Duero;Hombres;2002;89
47;Valladolid;47038 Castrillo de Duero;Hombres;2001;95
47;Valladolid;47038 Castrillo de Duero;Hombres;2000;97
47;Valladolid;47038 Castrillo de Duero;Hombres;1999;101
47;Valladolid;47038 Castrillo de Duero;Hombres;1998;104
47;Valladolid;47038 Castrillo de Duero;Hombres;1997;
47;Valladolid;47038 Castrillo de Duero;Hombres;1996;116
47;Valladolid;47038 Castrillo de Duero;Mujeres;2023;58
47;Valladolid;47038 Castrillo de Duero;Mujeres;2022;49
47;Valladolid;47038 Castrillo de Duero;Mujeres;2021;44
47;Valladolid;47038 Castrillo de Duero;Mujeres;2020;46
47;Valladolid;47038 Castrillo de Duero;Mujeres;2019;45
47;Valladolid;47038 Castrillo de Duero;Mujeres;2018;45
47;Valladolid;47038 Castrillo de Duero;Mujeres;2017;52
47;Valladolid;47038 Castrillo de Duero;Mujeres;2016;54
47;Valladolid;47038 Castrillo de Duero;Mujeres;2015;59
47;Valladolid;47038 Castrillo de Duero;Mujeres;2014;59
47;Valladolid;47038 Castrillo de Duero;Mujeres;2013;64
47;Valladolid;47038 Castrillo de Duero;Mujeres;2012;68
47;Valladolid;47038 Castrillo de Duero;Mujeres;2011;77
47;Valladolid;47038 Castrillo de Duero;Mujeres;2010;71
47;Valladolid;47038 Castrillo de Duero;Mujeres;2009;68
47;Valladolid;47038 Castrillo de Duero;Mujeres;2008;70
47;Valladolid;47038 Castrillo de Duero;Mujeres;2007;72
47;Valladolid;47038 Castrillo de Duero;Mujeres;2006;80
47;Valladolid;47038 Castrillo de Duero;Mujeres;2005;84
47;Valladolid;47038 Castrillo de Duero;Mujeres;2004;82
47;Valladolid;47038 Castrillo de Duero;Mujeres;2003;88
47;Valladolid;47038 Castrillo de Duero;Mujeres;2002;100
47;Valladolid;47038 Castrillo de Duero;Mujeres;2001;104
47;Valladolid;47038 Castrillo de Duero;Mujeres;2000;102
47;Valladolid;47038 Castrillo de Duero;Mujeres;1999;111
47;Valladolid;47038 Castrillo de Duero;Mujeres;1998;113
47;Valladolid;47038 Castrillo de Duero;Mujeres;1997;
47;Valladolid;47038 Castrillo de Duero;Mujeres;1996;120
47;Valladolid;47039 Castrillo-Tejeriego;Total;2023;157
47;Valladolid;47039 Castrillo-Tejeriego;Total;2022;161
47;Valladolid;47039 Castrillo-Tejeriego;Total;2021;162
47;Valladolid;47039 Castrillo-Tejeriego;Total;2020;163
47;Valladolid;47039 Castrillo-Tejeriego;Total;2019;171
47;Valladolid;47039 Castrillo-Tejeriego;Total;2018;179
47;Valladolid;47039 Castrillo-Tejeriego;Total;2017;184
47;Valladolid;47039 Castrillo-Tejeriego;Total;2016;189
47;Valladolid;47039 Castrillo-Tejeriego;Total;2015;197
47;Valladolid;47039 Castrillo-Tejeriego;Total;2014;194
47;Valladolid;47039 Castrillo-Tejeriego;Total;2013;193
47;Valladolid;47039 Castrillo-Tejeriego;Total;2012;197
47;Valladolid;47039 Castrillo-Tejeriego;Total;2011;203
47;Valladolid;47039 Castrillo-Tejeriego;Total;2010;207
47;Valladolid;47039 Castrillo-Tejeriego;Total;2009;212
47;Valladolid;47039 Castrillo-Tejeriego;Total;2008;214
47;Valladolid;47039 Castrillo-Tejeriego;Total;2007;208
47;Valladolid;47039 Castrillo-Tejeriego;Total;2006;211
47;Valladolid;47039 Castrillo-Tejeriego;Total;2005;218
47;Valladolid;47039 Castrillo-Tejeriego;Total;2004;232
47;Valladolid;47039 Castrillo-Tejeriego;Total;2003;231
47;Valladolid;47039 Castrillo-Tejeriego;Total;2002;243
47;Valladolid;47039 Castrillo-Tejeriego;Total;2001;254
47;Valladolid;47039 Castrillo-Tejeriego;Total;2000;268
47;Valladolid;47039 Castrillo-Tejeriego;Total;1999;271
47;Valladolid;47039 Castrillo-Tejeriego;Total;1998;279
47;Valladolid;47039 Castrillo-Tejeriego;Total;1997;
47;Valladolid;47039 Castrillo-Tejeriego;Total;1996;295
47;Valladolid;47039 Castrillo-Tejeriego;Hombres;2023;88
47;Valladolid;47039 Castrillo-Tejeriego;Hombres;2022;90
47;Valladolid;47039 Castrillo-Tejeriego;Hombres;2021;89
47;Valladolid;47039 Castrillo-Tejeriego;Hombres;2020;89
47;Valladolid;47039 Castrillo-Tejeriego;Hombres;2019;96
47;Valladolid;47039 Castrillo-Tejeriego;Hombres;2018;102
47;Valladolid;47039 Castrillo-Tejeriego;Hombres;2017;104
47;Valladolid;47039 Castrillo-Tejeriego;Hombres;2016;105
47;Valladolid;47039 Castrillo-Tejeriego;Hombres;2015;108
47;Valladolid;47039 Castrillo-Tejeriego;Hombres;2014;109
47;Valladolid;47039 Castrillo-Tejeriego;Hombres;2013;109
47;Valladolid;47039 Castrillo-Tejeriego;Hombres;2012;113
47;Valladolid;47039 Castrillo-Tejeriego;Hombres;2011;117
47;Valladolid;47039 Castrillo-Tejeriego;Hombres;2010;118
47;Valladolid;47039 Castrillo-Tejeriego;Hombres;2009;119
47;Valladolid;47039 Castrillo-Tejeriego;Hombres;2008;119
47;Valladolid;47039 Castrillo-Tejeriego;Hombres;2007;115
47;Valladolid;47039 Castrillo-Tejeriego;Hombres;2006;114
47;Valladolid;47039 Castrillo-Tejeriego;Hombres;2005;118
47;Valladolid;47039 Castrillo-Tejeriego;Hombres;2004;124
47;Valladolid;47039 Castrillo-Tejeriego;Hombres;2003;123
47;Valladolid;47039 Castrillo-Tejeriego;Hombres;2002;129
47;Valladolid;47039 Castrillo-Tejeriego;Hombres;2001;135
47;Valladolid;47039 Castrillo-Tejeriego;Hombres;2000;144
47;Valladolid;47039 Castrillo-Tejeriego;Hombres;1999;143
47;Valladolid;47039 Castrillo-Tejeriego;Hombres;1998;145
47;Valladolid;47039 Castrillo-Tejeriego;Hombres;1997;
47;Valladolid;47039 Castrillo-Tejeriego;Hombres;1996;153
47;Valladolid;47039 Castrillo-Tejeriego;Mujeres;2023;69
47;Valladolid;47039 Castrillo-Tejeriego;Mujeres;2022;71
47;Valladolid;47039 Castrillo-Tejeriego;Mujeres;2021;73
47;Valladolid;47039 Castrillo-Tejeriego;Mujeres;2020;74
47;Valladolid;47039 Castrillo-Tejeriego;Mujeres;2019;75
47;Valladolid;47039 Castrillo-Tejeriego;Mujeres;2018;77
47;Valladolid;47039 Castrillo-Tejeriego;Mujeres;2017;80
47;Valladolid;47039 Castrillo-Tejeriego;Mujeres;2016;84
47;Valladolid;47039 Castrillo-Tejeriego;Mujeres;2015;89
47;Valladolid;47039 Castrillo-Tejeriego;Mujeres;2014;85
47;Valladolid;47039 Castrillo-Tejeriego;Mujeres;2013;84
47;Valladolid;47039 Castrillo-Tejeriego;Mujeres;2012;84
47;Valladolid;47039 Castrillo-Tejeriego;Mujeres;2011;86
47;Valladolid;47039 Castrillo-Tejeriego;Mujeres;2010;89
47;Valladolid;47039 Castrillo-Tejeriego;Mujeres;2009;93
47;Valladolid;47039 Castrillo-Tejeriego;Mujeres;2008;95
47;Valladolid;47039 Castrillo-Tejeriego;Mujeres;2007;93
47;Valladolid;47039 Castrillo-Tejeriego;Mujeres;2006;97
47;Valladolid;47039 Castrillo-Tejeriego;Mujeres;2005;100
47;Valladolid;47039 Castrillo-Tejeriego;Mujeres;2004;108
47;Valladolid;47039 Castrillo-Tejeriego;Mujeres;2003;108
47;Valladolid;47039 Castrillo-Tejeriego;Mujeres;2002;114
47;Valladolid;47039 Castrillo-Tejeriego;Mujeres;2001;119
47;Valladolid;47039 Castrillo-Tejeriego;Mujeres;2000;124
47;Valladolid;47039 Castrillo-Tejeriego;Mujeres;1999;128
47;Valladolid;47039 Castrillo-Tejeriego;Mujeres;1998;134
47;Valladolid;47039 Castrillo-Tejeriego;Mujeres;1997;
47;Valladolid;47039 Castrillo-Tejeriego;Mujeres;1996;142
47;Valladolid;47040 Castrobol;Total;2023;52
47;Valladolid;47040 Castrobol;Total;2022;56
47;Valladolid;47040 Castrobol;Total;2021;54
47;Valladolid;47040 Castrobol;Total;2020;56
47;Valladolid;47040 Castrobol;Total;2019;61
47;Valladolid;47040 Castrobol;Total;2018;63
47;Valladolid;47040 Castrobol;Total;2017;66
47;Valladolid;47040 Castrobol;Total;2016;65
47;Valladolid;47040 Castrobol;Total;2015;66
47;Valladolid;47040 Castrobol;Total;2014;69
47;Valladolid;47040 Castrobol;Total;2013;66
47;Valladolid;47040 Castrobol;Total;2012;70
47;Valladolid;47040 Castrobol;Total;2011;75
47;Valladolid;47040 Castrobol;Total;2010;78
47;Valladolid;47040 Castrobol;Total;2009;79
47;Valladolid;47040 Castrobol;Total;2008;93
47;Valladolid;47040 Castrobol;Total;2007;96
47;Valladolid;47040 Castrobol;Total;2006;83
47;Valladolid;47040 Castrobol;Total;2005;98
47;Valladolid;47040 Castrobol;Total;2004;100
47;Valladolid;47040 Castrobol;Total;2003;102
47;Valladolid;47040 Castrobol;Total;2002;81
47;Valladolid;47040 Castrobol;Total;2001;87
47;Valladolid;47040 Castrobol;Total;2000;88
47;Valladolid;47040 Castrobol;Total;1999;89
47;Valladolid;47040 Castrobol;Total;1998;89
47;Valladolid;47040 Castrobol;Total;1997;
47;Valladolid;47040 Castrobol;Total;1996;90
47;Valladolid;47040 Castrobol;Hombres;2023;25
47;Valladolid;47040 Castrobol;Hombres;2022;30
47;Valladolid;47040 Castrobol;Hombres;2021;29
47;Valladolid;47040 Castrobol;Hombres;2020;29
47;Valladolid;47040 Castrobol;Hombres;2019;32
47;Valladolid;47040 Castrobol;Hombres;2018;33
47;Valladolid;47040 Castrobol;Hombres;2017;35
47;Valladolid;47040 Castrobol;Hombres;2016;34
47;Valladolid;47040 Castrobol;Hombres;2015;34
47;Valladolid;47040 Castrobol;Hombres;2014;34
47;Valladolid;47040 Castrobol;Hombres;2013;32
47;Valladolid;47040 Castrobol;Hombres;2012;34
47;Valladolid;47040 Castrobol;Hombres;2011;34
47;Valladolid;47040 Castrobol;Hombres;2010;36
47;Valladolid;47040 Castrobol;Hombres;2009;36
47;Valladolid;47040 Castrobol;Hombres;2008;42
47;Valladolid;47040 Castrobol;Hombres;2007;43
47;Valladolid;47040 Castrobol;Hombres;2006;38
47;Valladolid;47040 Castrobol;Hombres;2005;46
47;Valladolid;47040 Castrobol;Hombres;2004;47
47;Valladolid;47040 Castrobol;Hombres;2003;46
47;Valladolid;47040 Castrobol;Hombres;2002;36
47;Valladolid;47040 Castrobol;Hombres;2001;39
47;Valladolid;47040 Castrobol;Hombres;2000;39
47;Valladolid;47040 Castrobol;Hombres;1999;41
47;Valladolid;47040 Castrobol;Hombres;1998;41
47;Valladolid;47040 Castrobol;Hombres;1997;
47;Valladolid;47040 Castrobol;Hombres;1996;41
47;Valladolid;47040 Castrobol;Mujeres;2023;27
47;Valladolid;47040 Castrobol;Mujeres;2022;26
47;Valladolid;47040 Castrobol;Mujeres;2021;25
47;Valladolid;47040 Castrobol;Mujeres;2020;27
47;Valladolid;47040 Castrobol;Mujeres;2019;29
47;Valladolid;47040 Castrobol;Mujeres;2018;30
47;Valladolid;47040 Castrobol;Mujeres;2017;31
47;Valladolid;47040 Castrobol;Mujeres;2016;31
47;Valladolid;47040 Castrobol;Mujeres;2015;32
47;Valladolid;47040 Castrobol;Mujeres;2014;35
47;Valladolid;47040 Castrobol;Mujeres;2013;34
47;Valladolid;47040 Castrobol;Mujeres;2012;36
47;Valladolid;47040 Castrobol;Mujeres;2011;41
47;Valladolid;47040 Castrobol;Mujeres;2010;42
47;Valladolid;47040 Castrobol;Mujeres;2009;43
47;Valladolid;47040 Castrobol;Mujeres;2008;51
47;Valladolid;47040 Castrobol;Mujeres;2007;53
47;Valladolid;47040 Castrobol;Mujeres;2006;45
47;Valladolid;47040 Castrobol;Mujeres;2005;52
47;Valladolid;47040 Castrobol;Mujeres;2004;53
47;Valladolid;47040 Castrobol;Mujeres;2003;56
47;Valladolid;47040 Castrobol;Mujeres;2002;45
47;Valladolid;47040 Castrobol;Mujeres;2001;48
47;Valladolid;47040 Castrobol;Mujeres;2000;49
47;Valladolid;47040 Castrobol;Mujeres;1999;48
47;Valladolid;47040 Castrobol;Mujeres;1998;48
47;Valladolid;47040 Castrobol;Mujeres;1997;
47;Valladolid;47040 Castrobol;Mujeres;1996;49
47;Valladolid;47041 Castrodeza;Total;2023;146
47;Valladolid;47041 Castrodeza;Total;2022;149
47;Valladolid;47041 Castrodeza;Total;2021;151
47;Valladolid;47041 Castrodeza;Total;2020;154
47;Valladolid;47041 Castrodeza;Total;2019;160
47;Valladolid;47041 Castrodeza;Total;2018;161
47;Valladolid;47041 Castrodeza;Total;2017;158
47;Valladolid;47041 Castrodeza;Total;2016;160
47;Valladolid;47041 Castrodeza;Total;2015;176
47;Valladolid;47041 Castrodeza;Total;2014;180
47;Valladolid;47041 Castrodeza;Total;2013;168
47;Valladolid;47041 Castrodeza;Total;2012;170
47;Valladolid;47041 Castrodeza;Total;2011;180
47;Valladolid;47041 Castrodeza;Total;2010;182
47;Valladolid;47041 Castrodeza;Total;2009;184
47;Valladolid;47041 Castrodeza;Total;2008;187
47;Valladolid;47041 Castrodeza;Total;2007;186
47;Valladolid;47041 Castrodeza;Total;2006;201
47;Valladolid;47041 Castrodeza;Total;2005;210
47;Valladolid;47041 Castrodeza;Total;2004;228
47;Valladolid;47041 Castrodeza;Total;2003;226
47;Valladolid;47041 Castrodeza;Total;2002;238
47;Valladolid;47041 Castrodeza;Total;2001;241
47;Valladolid;47041 Castrodeza;Total;2000;251
47;Valladolid;47041 Castrodeza;Total;1999;250
47;Valladolid;47041 Castrodeza;Total;1998;247
47;Valladolid;47041 Castrodeza;Total;1997;
47;Valladolid;47041 Castrodeza;Total;1996;256
47;Valladolid;47041 Castrodeza;Hombres;2023;93
47;Valladolid;47041 Castrodeza;Hombres;2022;93
47;Valladolid;47041 Castrodeza;Hombres;2021;91
47;Valladolid;47041 Castrodeza;Hombres;2020;93
47;Valladolid;47041 Castrodeza;Hombres;2019;98
47;Valladolid;47041 Castrodeza;Hombres;2018;94
47;Valladolid;47041 Castrodeza;Hombres;2017;96
47;Valladolid;47041 Castrodeza;Hombres;2016;97
47;Valladolid;47041 Castrodeza;Hombres;2015;108
47;Valladolid;47041 Castrodeza;Hombres;2014;110
47;Valladolid;47041 Castrodeza;Hombres;2013;102
47;Valladolid;47041 Castrodeza;Hombres;2012;101
47;Valladolid;47041 Castrodeza;Hombres;2011;107
47;Valladolid;47041 Castrodeza;Hombres;2010;110
47;Valladolid;47041 Castrodeza;Hombres;2009;109
47;Valladolid;47041 Castrodeza;Hombres;2008;111
47;Valladolid;47041 Castrodeza;Hombres;2007;110
47;Valladolid;47041 Castrodeza;Hombres;2006;113
47;Valladolid;47041 Castrodeza;Hombres;2005;116
47;Valladolid;47041 Castrodeza;Hombres;2004;124
47;Valladolid;47041 Castrodeza;Hombres;2003;120
47;Valladolid;47041 Castrodeza;Hombres;2002;126
47;Valladolid;47041 Castrodeza;Hombres;2001;128
47;Valladolid;47041 Castrodeza;Hombres;2000;135
47;Valladolid;47041 Castrodeza;Hombres;1999;137
47;Valladolid;47041 Castrodeza;Hombres;1998;135
47;Valladolid;47041 Castrodeza;Hombres;1997;
47;Valladolid;47041 Castrodeza;Hombres;1996;137
47;Valladolid;47041 Castrodeza;Mujeres;2023;53
47;Valladolid;47041 Castrodeza;Mujeres;2022;56
47;Valladolid;47041 Castrodeza;Mujeres;2021;60
47;Valladolid;47041 Castrodeza;Mujeres;2020;61
47;Valladolid;47041 Castrodeza;Mujeres;2019;62
47;Valladolid;47041 Castrodeza;Mujeres;2018;67
47;Valladolid;47041 Castrodeza;Mujeres;2017;62
47;Valladolid;47041 Castrodeza;Mujeres;2016;63
47;Valladolid;47041 Castrodeza;Mujeres;2015;68
47;Valladolid;47041 Castrodeza;Mujeres;2014;70
47;Valladolid;47041 Castrodeza;Mujeres;2013;66
47;Valladolid;47041 Castrodeza;Mujeres;2012;69
47;Valladolid;47041 Castrodeza;Mujeres;2011;73
47;Valladolid;47041 Castrodeza;Mujeres;2010;72
47;Valladolid;47041 Castrodeza;Mujeres;2009;75
47;Valladolid;47041 Castrodeza;Mujeres;2008;76
47;Valladolid;47041 Castrodeza;Mujeres;2007;76
47;Valladolid;47041 Castrodeza;Mujeres;2006;88
47;Valladolid;47041 Castrodeza;Mujeres;2005;94
47;Valladolid;47041 Castrodeza;Mujeres;2004;104
47;Valladolid;47041 Castrodeza;Mujeres;2003;106
47;Valladolid;47041 Castrodeza;Mujeres;2002;112
47;Valladolid;47041 Castrodeza;Mujeres;2001;113
47;Valladolid;47041 Castrodeza;Mujeres;2000;116
47;Valladolid;47041 Castrodeza;Mujeres;1999;113
47;Valladolid;47041 Castrodeza;Mujeres;1998;112
47;Valladolid;47041 Castrodeza;Mujeres;1997;
47;Valladolid;47041 Castrodeza;Mujeres;1996;119
47;Valladolid;47042 Castromembibre;Total;2023;51
47;Valladolid;47042 Castromembibre;Total;2022;51
47;Valladolid;47042 Castromembibre;Total;2021;53
47;Valladolid;47042 Castromembibre;Total;2020;54
47;Valladolid;47042 Castromembibre;Total;2019;54
47;Valladolid;47042 Castromembibre;Total;2018;65
47;Valladolid;47042 Castromembibre;Total;2017;58
47;Valladolid;47042 Castromembibre;Total;2016;64
47;Valladolid;47042 Castromembibre;Total;2015;65
47;Valladolid;47042 Castromembibre;Total;2014;65
47;Valladolid;47042 Castromembibre;Total;2013;67
47;Valladolid;47042 Castromembibre;Total;2012;73
47;Valladolid;47042 Castromembibre;Total;2011;70
47;Valladolid;47042 Castromembibre;Total;2010;73
47;Valladolid;47042 Castromembibre;Total;2009;74
47;Valladolid;47042 Castromembibre;Total;2008;74
47;Valladolid;47042 Castromembibre;Total;2007;76
47;Valladolid;47042 Castromembibre;Total;2006;78
47;Valladolid;47042 Castromembibre;Total;2005;79
47;Valladolid;47042 Castromembibre;Total;2004;80
47;Valladolid;47042 Castromembibre;Total;2003;81
47;Valladolid;47042 Castromembibre;Total;2002;84
47;Valladolid;47042 Castromembibre;Total;2001;85
47;Valladolid;47042 Castromembibre;Total;2000;89
47;Valladolid;47042 Castromembibre;Total;1999;90
47;Valladolid;47042 Castromembibre;Total;1998;90
47;Valladolid;47042 Castromembibre;Total;1997;
47;Valladolid;47042 Castromembibre;Total;1996;90
47;Valladolid;47042 Castromembibre;Hombres;2023;35
47;Valladolid;47042 Castromembibre;Hombres;2022;36
47;Valladolid;47042 Castromembibre;Hombres;2021;38
47;Valladolid;47042 Castromembibre;Hombres;2020;39
47;Valladolid;47042 Castromembibre;Hombres;2019;38
47;Valladolid;47042 Castromembibre;Hombres;2018;42
47;Valladolid;47042 Castromembibre;Hombres;2017;37
47;Valladolid;47042 Castromembibre;Hombres;2016;39
47;Valladolid;47042 Castromembibre;Hombres;2015;38
47;Valladolid;47042 Castromembibre;Hombres;2014;37
47;Valladolid;47042 Castromembibre;Hombres;2013;38
47;Valladolid;47042 Castromembibre;Hombres;2012;38
47;Valladolid;47042 Castromembibre;Hombres;2011;36
47;Valladolid;47042 Castromembibre;Hombres;2010;38
47;Valladolid;47042 Castromembibre;Hombres;2009;39
47;Valladolid;47042 Castromembibre;Hombres;2008;38
47;Valladolid;47042 Castromembibre;Hombres;2007;40
47;Valladolid;47042 Castromembibre;Hombres;2006;42
47;Valladolid;47042 Castromembibre;Hombres;2005;43
47;Valladolid;47042 Castromembibre;Hombres;2004;44
47;Valladolid;47042 Castromembibre;Hombres;2003;44
47;Valladolid;47042 Castromembibre;Hombres;2002;45
47;Valladolid;47042 Castromembibre;Hombres;2001;46
47;Valladolid;47042 Castromembibre;Hombres;2000;48
47;Valladolid;47042 Castromembibre;Hombres;1999;48
47;Valladolid;47042 Castromembibre;Hombres;1998;47
47;Valladolid;47042 Castromembibre;Hombres;1997;
47;Valladolid;47042 Castromembibre;Hombres;1996;48
47;Valladolid;47042 Castromembibre;Mujeres;2023;16
47;Valladolid;47042 Castromembibre;Mujeres;2022;15
47;Valladolid;47042 Castromembibre;Mujeres;2021;15
47;Valladolid;47042 Castromembibre;Mujeres;2020;15
47;Valladolid;47042 Castromembibre;Mujeres;2019;16
47;Valladolid;47042 Castromembibre;Mujeres;2018;23
47;Valladolid;47042 Castromembibre;Mujeres;2017;21
47;Valladolid;47042 Castromembibre;Mujeres;2016;25
47;Valladolid;47042 Castromembibre;Mujeres;2015;27
47;Valladolid;47042 Castromembibre;Mujeres;2014;28
47;Valladolid;47042 Castromembibre;Mujeres;2013;29
47;Valladolid;47042 Castromembibre;Mujeres;2012;35
47;Valladolid;47042 Castromembibre;Mujeres;2011;34
47;Valladolid;47042 Castromembibre;Mujeres;2010;35
47;Valladolid;47042 Castromembibre;Mujeres;2009;35
47;Valladolid;47042 Castromembibre;Mujeres;2008;36
47;Valladolid;47042 Castromembibre;Mujeres;2007;36
47;Valladolid;47042 Castromembibre;Mujeres;2006;36
47;Valladolid;47042 Castromembibre;Mujeres;2005;36
47;Valladolid;47042 Castromembibre;Mujeres;2004;36
47;Valladolid;47042 Castromembibre;Mujeres;2003;37
47;Valladolid;47042 Castromembibre;Mujeres;2002;39
47;Valladolid;47042 Castromembibre;Mujeres;2001;39
47;Valladolid;47042 Castromembibre;Mujeres;2000;41
47;Valladolid;47042 Castromembibre;Mujeres;1999;42
47;Valladolid;47042 Castromembibre;Mujeres;1998;43
47;Valladolid;47042 Castromembibre;Mujeres;1997;
47;Valladolid;47042 Castromembibre;Mujeres;1996;42
47;Valladolid;47043 Castromonte;Total;2023;331
47;Valladolid;47043 Castromonte;Total;2022;314
47;Valladolid;47043 Castromonte;Total;2021;314
47;Valladolid;47043 Castromonte;Total;2020;318
47;Valladolid;47043 Castromonte;Total;2019;320
47;Valladolid;47043 Castromonte;Total;2018;309
47;Valladolid;47043 Castromonte;Total;2017;315
47;Valladolid;47043 Castromonte;Total;2016;314
47;Valladolid;47043 Castromonte;Total;2015;321
47;Valladolid;47043 Castromonte;Total;2014;338
47;Valladolid;47043 Castromonte;Total;2013;332
47;Valladolid;47043 Castromonte;Total;2012;358
47;Valladolid;47043 Castromonte;Total;2011;374
47;Valladolid;47043 Castromonte;Total;2010;377
47;Valladolid;47043 Castromonte;Total;2009;390
47;Valladolid;47043 Castromonte;Total;2008;415
47;Valladolid;47043 Castromonte;Total;2007;379
47;Valladolid;47043 Castromonte;Total;2006;369
47;Valladolid;47043 Castromonte;Total;2005;376
47;Valladolid;47043 Castromonte;Total;2004;394
47;Valladolid;47043 Castromonte;Total;2003;400
47;Valladolid;47043 Castromonte;Total;2002;420
47;Valladolid;47043 Castromonte;Total;2001;440
47;Valladolid;47043 Castromonte;Total;2000;451
47;Valladolid;47043 Castromonte;Total;1999;462
47;Valladolid;47043 Castromonte;Total;1998;464
47;Valladolid;47043 Castromonte;Total;1997;
47;Valladolid;47043 Castromonte;Total;1996;487
47;Valladolid;47043 Castromonte;Hombres;2023;177
47;Valladolid;47043 Castromonte;Hombres;2022;168
47;Valladolid;47043 Castromonte;Hombres;2021;169
47;Valladolid;47043 Castromonte;Hombres;2020;171
47;Valladolid;47043 Castromonte;Hombres;2019;175
47;Valladolid;47043 Castromonte;Hombres;2018;178
47;Valladolid;47043 Castromonte;Hombres;2017;183
47;Valladolid;47043 Castromonte;Hombres;2016;182
47;Valladolid;47043 Castromonte;Hombres;2015;182
47;Valladolid;47043 Castromonte;Hombres;2014;186
47;Valladolid;47043 Castromonte;Hombres;2013;187
47;Valladolid;47043 Castromonte;Hombres;2012;200
47;Valladolid;47043 Castromonte;Hombres;2011;207
47;Valladolid;47043 Castromonte;Hombres;2010;206
47;Valladolid;47043 Castromonte;Hombres;2009;211
47;Valladolid;47043 Castromonte;Hombres;2008;222
47;Valladolid;47043 Castromonte;Hombres;2007;192
47;Valladolid;47043 Castromonte;Hombres;2006;190
47;Valladolid;47043 Castromonte;Hombres;2005;193
47;Valladolid;47043 Castromonte;Hombres;2004;202
47;Valladolid;47043 Castromonte;Hombres;2003;204
47;Valladolid;47043 Castromonte;Hombres;2002;214
47;Valladolid;47043 Castromonte;Hombres;2001;227
47;Valladolid;47043 Castromonte;Hombres;2000;233
47;Valladolid;47043 Castromonte;Hombres;1999;239
47;Valladolid;47043 Castromonte;Hombres;1998;238
47;Valladolid;47043 Castromonte;Hombres;1997;
47;Valladolid;47043 Castromonte;Hombres;1996;252
47;Valladolid;47043 Castromonte;Mujeres;2023;154
47;Valladolid;47043 Castromonte;Mujeres;2022;146
47;Valladolid;47043 Castromonte;Mujeres;2021;145
47;Valladolid;47043 Castromonte;Mujeres;2020;147
47;Valladolid;47043 Castromonte;Mujeres;2019;145
47;Valladolid;47043 Castromonte;Mujeres;2018;131
47;Valladolid;47043 Castromonte;Mujeres;2017;132
47;Valladolid;47043 Castromonte;Mujeres;2016;132
47;Valladolid;47043 Castromonte;Mujeres;2015;139
47;Valladolid;47043 Castromonte;Mujeres;2014;152
47;Valladolid;47043 Castromonte;Mujeres;2013;145
47;Valladolid;47043 Castromonte;Mujeres;2012;158
47;Valladolid;47043 Castromonte;Mujeres;2011;167
47;Valladolid;47043 Castromonte;Mujeres;2010;171
47;Valladolid;47043 Castromonte;Mujeres;2009;179
47;Valladolid;47043 Castromonte;Mujeres;2008;193
47;Valladolid;47043 Castromonte;Mujeres;2007;187
47;Valladolid;47043 Castromonte;Mujeres;2006;179
47;Valladolid;47043 Castromonte;Mujeres;2005;183
47;Valladolid;47043 Castromonte;Mujeres;2004;192
47;Valladolid;47043 Castromonte;Mujeres;2003;196
47;Valladolid;47043 Castromonte;Mujeres;2002;206
47;Valladolid;47043 Castromonte;Mujeres;2001;213
47;Valladolid;47043 Castromonte;Mujeres;2000;218
47;Valladolid;47043 Castromonte;Mujeres;1999;223
47;Valladolid;47043 Castromonte;Mujeres;1998;226
47;Valladolid;47043 Castromonte;Mujeres;1997;
47;Valladolid;47043 Castromonte;Mujeres;1996;235
47;Valladolid;47044 Castronuevo de Esgueva;Total;2023;387
47;Valladolid;47044 Castronuevo de Esgueva;Total;2022;394
47;Valladolid;47044 Castronuevo de Esgueva;Total;2021;379
47;Valladolid;47044 Castronuevo de Esgueva;Total;2020;370
47;Valladolid;47044 Castronuevo de Esgueva;Total;2019;369
47;Valladolid;47044 Castronuevo de Esgueva;Total;2018;372
47;Valladolid;47044 Castronuevo de Esgueva;Total;2017;385
47;Valladolid;47044 Castronuevo de Esgueva;Total;2016;391
47;Valladolid;47044 Castronuevo de Esgueva;Total;2015;393
47;Valladolid;47044 Castronuevo de Esgueva;Total;2014;386
47;Valladolid;47044 Castronuevo de Esgueva;Total;2013;376
47;Valladolid;47044 Castronuevo de Esgueva;Total;2012;378
47;Valladolid;47044 Castronuevo de Esgueva;Total;2011;379
47;Valladolid;47044 Castronuevo de Esgueva;Total;2010;392
47;Valladolid;47044 Castronuevo de Esgueva;Total;2009;388
47;Valladolid;47044 Castronuevo de Esgueva;Total;2008;388
47;Valladolid;47044 Castronuevo de Esgueva;Total;2007;370
47;Valladolid;47044 Castronuevo de Esgueva;Total;2006;373
47;Valladolid;47044 Castronuevo de Esgueva;Total;2005;365
47;Valladolid;47044 Castronuevo de Esgueva;Total;2004;337
47;Valladolid;47044 Castronuevo de Esgueva;Total;2003;326
47;Valladolid;47044 Castronuevo de Esgueva;Total;2002;332
47;Valladolid;47044 Castronuevo de Esgueva;Total;2001;324
47;Valladolid;47044 Castronuevo de Esgueva;Total;2000;321
47;Valladolid;47044 Castronuevo de Esgueva;Total;1999;311
47;Valladolid;47044 Castronuevo de Esgueva;Total;1998;304
47;Valladolid;47044 Castronuevo de Esgueva;Total;1997;
47;Valladolid;47044 Castronuevo de Esgueva;Total;1996;305
47;Valladolid;47044 Castronuevo de Esgueva;Hombres;2023;212
47;Valladolid;47044 Castronuevo de Esgueva;Hombres;2022;211
47;Valladolid;47044 Castronuevo de Esgueva;Hombres;2021;204
47;Valladolid;47044 Castronuevo de Esgueva;Hombres;2020;199
47;Valladolid;47044 Castronuevo de Esgueva;Hombres;2019;197
47;Valladolid;47044 Castronuevo de Esgueva;Hombres;2018;198
47;Valladolid;47044 Castronuevo de Esgueva;Hombres;2017;205
47;Valladolid;47044 Castronuevo de Esgueva;Hombres;2016;214
47;Valladolid;47044 Castronuevo de Esgueva;Hombres;2015;216
47;Valladolid;47044 Castronuevo de Esgueva;Hombres;2014;214
47;Valladolid;47044 Castronuevo de Esgueva;Hombres;2013;209
47;Valladolid;47044 Castronuevo de Esgueva;Hombres;2012;207
47;Valladolid;47044 Castronuevo de Esgueva;Hombres;2011;204
47;Valladolid;47044 Castronuevo de Esgueva;Hombres;2010;213
47;Valladolid;47044 Castronuevo de Esgueva;Hombres;2009;209
47;Valladolid;47044 Castronuevo de Esgueva;Hombres;2008;212
47;Valladolid;47044 Castronuevo de Esgueva;Hombres;2007;202
47;Valladolid;47044 Castronuevo de Esgueva;Hombres;2006;204
47;Valladolid;47044 Castronuevo de Esgueva;Hombres;2005;199
47;Valladolid;47044 Castronuevo de Esgueva;Hombres;2004;180
47;Valladolid;47044 Castronuevo de Esgueva;Hombres;2003;173
47;Valladolid;47044 Castronuevo de Esgueva;Hombres;2002;176
47;Valladolid;47044 Castronuevo de Esgueva;Hombres;2001;169
47;Valladolid;47044 Castronuevo de Esgueva;Hombres;2000;167
47;Valladolid;47044 Castronuevo de Esgueva;Hombres;1999;163
47;Valladolid;47044 Castronuevo de Esgueva;Hombres;1998;161
47;Valladolid;47044 Castronuevo de Esgueva;Hombres;1997;
47;Valladolid;47044 Castronuevo de Esgueva;Hombres;1996;161
47;Valladolid;47044 Castronuevo de Esgueva;Mujeres;2023;175
47;Valladolid;47044 Castronuevo de Esgueva;Mujeres;2022;183
47;Valladolid;47044 Castronuevo de Esgueva;Mujeres;2021;175
47;Valladolid;47044 Castronuevo de Esgueva;Mujeres;2020;171
47;Valladolid;47044 Castronuevo de Esgueva;Mujeres;2019;172
47;Valladolid;47044 Castronuevo de Esgueva;Mujeres;2018;174
47;Valladolid;47044 Castronuevo de Esgueva;Mujeres;2017;180
47;Valladolid;47044 Castronuevo de Esgueva;Mujeres;2016;177
47;Valladolid;47044 Castronuevo de Esgueva;Mujeres;2015;177
47;Valladolid;47044 Castronuevo de Esgueva;Mujeres;2014;172
47;Valladolid;47044 Castronuevo de Esgueva;Mujeres;2013;167
47;Valladolid;47044 Castronuevo de Esgueva;Mujeres;2012;171
47;Valladolid;47044 Castronuevo de Esgueva;Mujeres;2011;175
47;Valladolid;47044 Castronuevo de Esgueva;Mujeres;2010;179
47;Valladolid;47044 Castronuevo de Esgueva;Mujeres;2009;179
47;Valladolid;47044 Castronuevo de Esgueva;Mujeres;2008;176
47;Valladolid;47044 Castronuevo de Esgueva;Mujeres;2007;168
47;Valladolid;47044 Castronuevo de Esgueva;Mujeres;2006;169
47;Valladolid;47044 Castronuevo de Esgueva;Mujeres;2005;166
47;Valladolid;47044 Castronuevo de Esgueva;Mujeres;2004;157
47;Valladolid;47044 Castronuevo de Esgueva;Mujeres;2003;153
47;Valladolid;47044 Castronuevo de Esgueva;Mujeres;2002;156
47;Valladolid;47044 Castronuevo de Esgueva;Mujeres;2001;155
47;Valladolid;47044 Castronuevo de Esgueva;Mujeres;2000;154
47;Valladolid;47044 Castronuevo de Esgueva;Mujeres;1999;148
47;Valladolid;47044 Castronuevo de Esgueva;Mujeres;1998;143
47;Valladolid;47044 Castronuevo de Esgueva;Mujeres;1997;
47;Valladolid;47044 Castronuevo de Esgueva;Mujeres;1996;144
47;Valladolid;47045 Castronuño;Total;2023;790
47;Valladolid;47045 Castronuño;Total;2022;812
47;Valladolid;47045 Castronuño;Total;2021;825
47;Valladolid;47045 Castronuño;Total;2020;833
47;Valladolid;47045 Castronuño;Total;2019;828
47;Valladolid;47045 Castronuño;Total;2018;861
47;Valladolid;47045 Castronuño;Total;2017;871
47;Valladolid;47045 Castronuño;Total;2016;888
47;Valladolid;47045 Castronuño;Total;2015;889
47;Valladolid;47045 Castronuño;Total;2014;939
47;Valladolid;47045 Castronuño;Total;2013;955
47;Valladolid;47045 Castronuño;Total;2012;954
47;Valladolid;47045 Castronuño;Total;2011;984
47;Valladolid;47045 Castronuño;Total;2010;991
47;Valladolid;47045 Castronuño;Total;2009;996
47;Valladolid;47045 Castronuño;Total;2008;1006
47;Valladolid;47045 Castronuño;Total;2007;1010
47;Valladolid;47045 Castronuño;Total;2006;1024
47;Valladolid;47045 Castronuño;Total;2005;1040
47;Valladolid;47045 Castronuño;Total;2004;1049
47;Valladolid;47045 Castronuño;Total;2003;1029
47;Valladolid;47045 Castronuño;Total;2002;1056
47;Valladolid;47045 Castronuño;Total;2001;1065
47;Valladolid;47045 Castronuño;Total;2000;1072
47;Valladolid;47045 Castronuño;Total;1999;1087
47;Valladolid;47045 Castronuño;Total;1998;1097
47;Valladolid;47045 Castronuño;Total;1997;
47;Valladolid;47045 Castronuño;Total;1996;1111
47;Valladolid;47045 Castronuño;Hombres;2023;390
47;Valladolid;47045 Castronuño;Hombres;2022;409
47;Valladolid;47045 Castronuño;Hombres;2021;411
47;Valladolid;47045 Castronuño;Hombres;2020;417
47;Valladolid;47045 Castronuño;Hombres;2019;418
47;Valladolid;47045 Castronuño;Hombres;2018;430
47;Valladolid;47045 Castronuño;Hombres;2017;430
47;Valladolid;47045 Castronuño;Hombres;2016;440
47;Valladolid;47045 Castronuño;Hombres;2015;443
47;Valladolid;47045 Castronuño;Hombres;2014;467
47;Valladolid;47045 Castronuño;Hombres;2013;474
47;Valladolid;47045 Castronuño;Hombres;2012;476
47;Valladolid;47045 Castronuño;Hombres;2011;487
47;Valladolid;47045 Castronuño;Hombres;2010;490
47;Valladolid;47045 Castronuño;Hombres;2009;486
47;Valladolid;47045 Castronuño;Hombres;2008;498
47;Valladolid;47045 Castronuño;Hombres;2007;500
47;Valladolid;47045 Castronuño;Hombres;2006;506
47;Valladolid;47045 Castronuño;Hombres;2005;517
47;Valladolid;47045 Castronuño;Hombres;2004;526
47;Valladolid;47045 Castronuño;Hombres;2003;514
47;Valladolid;47045 Castronuño;Hombres;2002;526
47;Valladolid;47045 Castronuño;Hombres;2001;528
47;Valladolid;47045 Castronuño;Hombres;2000;534
47;Valladolid;47045 Castronuño;Hombres;1999;544
47;Valladolid;47045 Castronuño;Hombres;1998;552
47;Valladolid;47045 Castronuño;Hombres;1997;
47;Valladolid;47045 Castronuño;Hombres;1996;562
47;Valladolid;47045 Castronuño;Mujeres;2023;400
47;Valladolid;47045 Castronuño;Mujeres;2022;403
47;Valladolid;47045 Castronuño;Mujeres;2021;414
47;Valladolid;47045 Castronuño;Mujeres;2020;416
47;Valladolid;47045 Castronuño;Mujeres;2019;410
47;Valladolid;47045 Castronuño;Mujeres;2018;431
47;Valladolid;47045 Castronuño;Mujeres;2017;441
47;Valladolid;47045 Castronuño;Mujeres;2016;448
47;Valladolid;47045 Castronuño;Mujeres;2015;446
47;Valladolid;47045 Castronuño;Mujeres;2014;472
47;Valladolid;47045 Castronuño;Mujeres;2013;481
47;Valladolid;47045 Castronuño;Mujeres;2012;478
47;Valladolid;47045 Castronuño;Mujeres;2011;497
47;Valladolid;47045 Castronuño;Mujeres;2010;501
47;Valladolid;47045 Castronuño;Mujeres;2009;510
47;Valladolid;47045 Castronuño;Mujeres;2008;508
47;Valladolid;47045 Castronuño;Mujeres;2007;510
47;Valladolid;47045 Castronuño;Mujeres;2006;518
47;Valladolid;47045 Castronuño;Mujeres;2005;523
47;Valladolid;47045 Castronuño;Mujeres;2004;523
47;Valladolid;47045 Castronuño;Mujeres;2003;515
47;Valladolid;47045 Castronuño;Mujeres;2002;530
47;Valladolid;47045 Castronuño;Mujeres;2001;537
47;Valladolid;47045 Castronuño;Mujeres;2000;538
47;Valladolid;47045 Castronuño;Mujeres;1999;543
47;Valladolid;47045 Castronuño;Mujeres;1998;545
47;Valladolid;47045 Castronuño;Mujeres;1997;
47;Valladolid;47045 Castronuño;Mujeres;1996;549
47;Valladolid;47046 Castroponce;Total;2023;133
47;Valladolid;47046 Castroponce;Total;2022;139
47;Valladolid;47046 Castroponce;Total;2021;148
47;Valladolid;47046 Castroponce;Total;2020;138
47;Valladolid;47046 Castroponce;Total;2019;143
47;Valladolid;47046 Castroponce;Total;2018;147
47;Valladolid;47046 Castroponce;Total;2017;145
47;Valladolid;47046 Castroponce;Total;2016;146
47;Valladolid;47046 Castroponce;Total;2015;144
47;Valladolid;47046 Castroponce;Total;2014;159
47;Valladolid;47046 Castroponce;Total;2013;165
47;Valladolid;47046 Castroponce;Total;2012;166
47;Valladolid;47046 Castroponce;Total;2011;161
47;Valladolid;47046 Castroponce;Total;2010;169
47;Valladolid;47046 Castroponce;Total;2009;162
47;Valladolid;47046 Castroponce;Total;2008;163
47;Valladolid;47046 Castroponce;Total;2007;159
47;Valladolid;47046 Castroponce;Total;2006;159
47;Valladolid;47046 Castroponce;Total;2005;166
47;Valladolid;47046 Castroponce;Total;2004;173
47;Valladolid;47046 Castroponce;Total;2003;172
47;Valladolid;47046 Castroponce;Total;2002;178
47;Valladolid;47046 Castroponce;Total;2001;186
47;Valladolid;47046 Castroponce;Total;2000;196
47;Valladolid;47046 Castroponce;Total;1999;207
47;Valladolid;47046 Castroponce;Total;1998;207
47;Valladolid;47046 Castroponce;Total;1997;
47;Valladolid;47046 Castroponce;Total;1996;210
47;Valladolid;47046 Castroponce;Hombres;2023;71
47;Valladolid;47046 Castroponce;Hombres;2022;76
47;Valladolid;47046 Castroponce;Hombres;2021;77
47;Valladolid;47046 Castroponce;Hombres;2020;76
47;Valladolid;47046 Castroponce;Hombres;2019;78
47;Valladolid;47046 Castroponce;Hombres;2018;82
47;Valladolid;47046 Castroponce;Hombres;2017;80
47;Valladolid;47046 Castroponce;Hombres;2016;79
47;Valladolid;47046 Castroponce;Hombres;2015;82
47;Valladolid;47046 Castroponce;Hombres;2014;87
47;Valladolid;47046 Castroponce;Hombres;2013;90
47;Valladolid;47046 Castroponce;Hombres;2012;92
47;Valladolid;47046 Castroponce;Hombres;2011;90
47;Valladolid;47046 Castroponce;Hombres;2010;97
47;Valladolid;47046 Castroponce;Hombres;2009;93
47;Valladolid;47046 Castroponce;Hombres;2008;91
47;Valladolid;47046 Castroponce;Hombres;2007;88
47;Valladolid;47046 Castroponce;Hombres;2006;91
47;Valladolid;47046 Castroponce;Hombres;2005;92
47;Valladolid;47046 Castroponce;Hombres;2004;91
47;Valladolid;47046 Castroponce;Hombres;2003;92
47;Valladolid;47046 Castroponce;Hombres;2002;96
47;Valladolid;47046 Castroponce;Hombres;2001;100
47;Valladolid;47046 Castroponce;Hombres;2000;103
47;Valladolid;47046 Castroponce;Hombres;1999;107
47;Valladolid;47046 Castroponce;Hombres;1998;107
47;Valladolid;47046 Castroponce;Hombres;1997;
47;Valladolid;47046 Castroponce;Hombres;1996;106
47;Valladolid;47046 Castroponce;Mujeres;2023;62
47;Valladolid;47046 Castroponce;Mujeres;2022;63
47;Valladolid;47046 Castroponce;Mujeres;2021;71
47;Valladolid;47046 Castroponce;Mujeres;2020;62
47;Valladolid;47046 Castroponce;Mujeres;2019;65
47;Valladolid;47046 Castroponce;Mujeres;2018;65
47;Valladolid;47046 Castroponce;Mujeres;2017;65
47;Valladolid;47046 Castroponce;Mujeres;2016;67
47;Valladolid;47046 Castroponce;Mujeres;2015;62
47;Valladolid;47046 Castroponce;Mujeres;2014;72
47;Valladolid;47046 Castroponce;Mujeres;2013;75
47;Valladolid;47046 Castroponce;Mujeres;2012;74
47;Valladolid;47046 Castroponce;Mujeres;2011;71
47;Valladolid;47046 Castroponce;Mujeres;2010;72
47;Valladolid;47046 Castroponce;Mujeres;2009;69
47;Valladolid;47046 Castroponce;Mujeres;2008;72
47;Valladolid;47046 Castroponce;Mujeres;2007;71
47;Valladolid;47046 Castroponce;Mujeres;2006;68
47;Valladolid;47046 Castroponce;Mujeres;2005;74
47;Valladolid;47046 Castroponce;Mujeres;2004;82
47;Valladolid;47046 Castroponce;Mujeres;2003;80
47;Valladolid;47046 Castroponce;Mujeres;2002;82
47;Valladolid;47046 Castroponce;Mujeres;2001;86
47;Valladolid;47046 Castroponce;Mujeres;2000;93
47;Valladolid;47046 Castroponce;Mujeres;1999;100
47;Valladolid;47046 Castroponce;Mujeres;1998;100
47;Valladolid;47046 Castroponce;Mujeres;1997;
47;Valladolid;47046 Castroponce;Mujeres;1996;104
47;Valladolid;47047 Castroverde de Cerrato;Total;2023;195
47;Valladolid;47047 Castroverde de Cerrato;Total;2022;203
47;Valladolid;47047 Castroverde de Cerrato;Total;2021;196
47;Valladolid;47047 Castroverde de Cerrato;Total;2020;215
47;Valladolid;47047 Castroverde de Cerrato;Total;2019;221
47;Valladolid;47047 Castroverde de Cerrato;Total;2018;225
47;Valladolid;47047 Castroverde de Cerrato;Total;2017;230
47;Valladolid;47047 Castroverde de Cerrato;Total;2016;227
47;Valladolid;47047 Castroverde de Cerrato;Total;2015;233
47;Valladolid;47047 Castroverde de Cerrato;Total;2014;224
47;Valladolid;47047 Castroverde de Cerrato;Total;2013;231
47;Valladolid;47047 Castroverde de Cerrato;Total;2012;245
47;Valladolid;47047 Castroverde de Cerrato;Total;2011;257
47;Valladolid;47047 Castroverde de Cerrato;Total;2010;264
47;Valladolid;47047 Castroverde de Cerrato;Total;2009;262
47;Valladolid;47047 Castroverde de Cerrato;Total;2008;271
47;Valladolid;47047 Castroverde de Cerrato;Total;2007;255
47;Valladolid;47047 Castroverde de Cerrato;Total;2006;257
47;Valladolid;47047 Castroverde de Cerrato;Total;2005;256
47;Valladolid;47047 Castroverde de Cerrato;Total;2004;266
47;Valladolid;47047 Castroverde de Cerrato;Total;2003;264
47;Valladolid;47047 Castroverde de Cerrato;Total;2002;266
47;Valladolid;47047 Castroverde de Cerrato;Total;2001;272
47;Valladolid;47047 Castroverde de Cerrato;Total;2000;266
47;Valladolid;47047 Castroverde de Cerrato;Total;1999;275
47;Valladolid;47047 Castroverde de Cerrato;Total;1998;271
47;Valladolid;47047 Castroverde de Cerrato;Total;1997;
47;Valladolid;47047 Castroverde de Cerrato;Total;1996;279
47;Valladolid;47047 Castroverde de Cerrato;Hombres;2023;124
47;Valladolid;47047 Castroverde de Cerrato;Hombres;2022;132
47;Valladolid;47047 Castroverde de Cerrato;Hombres;2021;126
47;Valladolid;47047 Castroverde de Cerrato;Hombres;2020;133
47;Valladolid;47047 Castroverde de Cerrato;Hombres;2019;139
47;Valladolid;47047 Castroverde de Cerrato;Hombres;2018;140
47;Valladolid;47047 Castroverde de Cerrato;Hombres;2017;142
47;Valladolid;47047 Castroverde de Cerrato;Hombres;2016;139
47;Valladolid;47047 Castroverde de Cerrato;Hombres;2015;143
47;Valladolid;47047 Castroverde de Cerrato;Hombres;2014;136
47;Valladolid;47047 Castroverde de Cerrato;Hombres;2013;141
47;Valladolid;47047 Castroverde de Cerrato;Hombres;2012;151
47;Valladolid;47047 Castroverde de Cerrato;Hombres;2011;156
47;Valladolid;47047 Castroverde de Cerrato;Hombres;2010;156
47;Valladolid;47047 Castroverde de Cerrato;Hombres;2009;157
47;Valladolid;47047 Castroverde de Cerrato;Hombres;2008;162
47;Valladolid;47047 Castroverde de Cerrato;Hombres;2007;154
47;Valladolid;47047 Castroverde de Cerrato;Hombres;2006;156
47;Valladolid;47047 Castroverde de Cerrato;Hombres;2005;153
47;Valladolid;47047 Castroverde de Cerrato;Hombres;2004;157
47;Valladolid;47047 Castroverde de Cerrato;Hombres;2003;153
47;Valladolid;47047 Castroverde de Cerrato;Hombres;2002;157
47;Valladolid;47047 Castroverde de Cerrato;Hombres;2001;159
47;Valladolid;47047 Castroverde de Cerrato;Hombres;2000;155
47;Valladolid;47047 Castroverde de Cerrato;Hombres;1999;161
47;Valladolid;47047 Castroverde de Cerrato;Hombres;1998;156
47;Valladolid;47047 Castroverde de Cerrato;Hombres;1997;
47;Valladolid;47047 Castroverde de Cerrato;Hombres;1996;154
47;Valladolid;47047 Castroverde de Cerrato;Mujeres;2023;71
47;Valladolid;47047 Castroverde de Cerrato;Mujeres;2022;71
47;Valladolid;47047 Castroverde de Cerrato;Mujeres;2021;70
47;Valladolid;47047 Castroverde de Cerrato;Mujeres;2020;82
47;Valladolid;47047 Castroverde de Cerrato;Mujeres;2019;82
47;Valladolid;47047 Castroverde de Cerrato;Mujeres;2018;85
47;Valladolid;47047 Castroverde de Cerrato;Mujeres;2017;88
47;Valladolid;47047 Castroverde de Cerrato;Mujeres;2016;88
47;Valladolid;47047 Castroverde de Cerrato;Mujeres;2015;90
47;Valladolid;47047 Castroverde de Cerrato;Mujeres;2014;88
47;Valladolid;47047 Castroverde de Cerrato;Mujeres;2013;90
47;Valladolid;47047 Castroverde de Cerrato;Mujeres;2012;94
47;Valladolid;47047 Castroverde de Cerrato;Mujeres;2011;101
47;Valladolid;47047 Castroverde de Cerrato;Mujeres;2010;108
47;Valladolid;47047 Castroverde de Cerrato;Mujeres;2009;105
47;Valladolid;47047 Castroverde de Cerrato;Mujeres;2008;109
47;Valladolid;47047 Castroverde de Cerrato;Mujeres;2007;101
47;Valladolid;47047 Castroverde de Cerrato;Mujeres;2006;101
47;Valladolid;47047 Castroverde de Cerrato;Mujeres;2005;103
47;Valladolid;47047 Castroverde de Cerrato;Mujeres;2004;109
47;Valladolid;47047 Castroverde de Cerrato;Mujeres;2003;111
47;Valladolid;47047 Castroverde de Cerrato;Mujeres;2002;109
47;Valladolid;47047 Castroverde de Cerrato;Mujeres;2001;113
47;Valladolid;47047 Castroverde de Cerrato;Mujeres;2000;111
47;Valladolid;47047 Castroverde de Cerrato;Mujeres;1999;114
47;Valladolid;47047 Castroverde de Cerrato;Mujeres;1998;115
47;Valladolid;47047 Castroverde de Cerrato;Mujeres;1997;
47;Valladolid;47047 Castroverde de Cerrato;Mujeres;1996;125
47;Valladolid;47048 Ceinos de Campos;Total;2023;183
47;Valladolid;47048 Ceinos de Campos;Total;2022;197
47;Valladolid;47048 Ceinos de Campos;Total;2021;209
47;Valladolid;47048 Ceinos de Campos;Total;2020;210
47;Valladolid;47048 Ceinos de Campos;Total;2019;211
47;Valladolid;47048 Ceinos de Campos;Total;2018;225
47;Valladolid;47048 Ceinos de Campos;Total;2017;228
47;Valladolid;47048 Ceinos de Campos;Total;2016;237
47;Valladolid;47048 Ceinos de Campos;Total;2015;247
47;Valladolid;47048 Ceinos de Campos;Total;2014;252
47;Valladolid;47048 Ceinos de Campos;Total;2013;258
47;Valladolid;47048 Ceinos de Campos;Total;2012;261
47;Valladolid;47048 Ceinos de Campos;Total;2011;270
47;Valladolid;47048 Ceinos de Campos;Total;2010;267
47;Valladolid;47048 Ceinos de Campos;Total;2009;256
47;Valladolid;47048 Ceinos de Campos;Total;2008;265
47;Valladolid;47048 Ceinos de Campos;Total;2007;283
47;Valladolid;47048 Ceinos de Campos;Total;2006;282
47;Valladolid;47048 Ceinos de Campos;Total;2005;282
47;Valladolid;47048 Ceinos de Campos;Total;2004;278
47;Valladolid;47048 Ceinos de Campos;Total;2003;286
47;Valladolid;47048 Ceinos de Campos;Total;2002;268
47;Valladolid;47048 Ceinos de Campos;Total;2001;273
47;Valladolid;47048 Ceinos de Campos;Total;2000;275
47;Valladolid;47048 Ceinos de Campos;Total;1999;275
47;Valladolid;47048 Ceinos de Campos;Total;1998;275
47;Valladolid;47048 Ceinos de Campos;Total;1997;
47;Valladolid;47048 Ceinos de Campos;Total;1996;271
47;Valladolid;47048 Ceinos de Campos;Hombres;2023;110
47;Valladolid;47048 Ceinos de Campos;Hombres;2022;111
47;Valladolid;47048 Ceinos de Campos;Hombres;2021;117
47;Valladolid;47048 Ceinos de Campos;Hombres;2020;112
47;Valladolid;47048 Ceinos de Campos;Hombres;2019;116
47;Valladolid;47048 Ceinos de Campos;Hombres;2018;123
47;Valladolid;47048 Ceinos de Campos;Hombres;2017;124
47;Valladolid;47048 Ceinos de Campos;Hombres;2016;132
47;Valladolid;47048 Ceinos de Campos;Hombres;2015;136
47;Valladolid;47048 Ceinos de Campos;Hombres;2014;140
47;Valladolid;47048 Ceinos de Campos;Hombres;2013;140
47;Valladolid;47048 Ceinos de Campos;Hombres;2012;140
47;Valladolid;47048 Ceinos de Campos;Hombres;2011;143
47;Valladolid;47048 Ceinos de Campos;Hombres;2010;136
47;Valladolid;47048 Ceinos de Campos;Hombres;2009;131
47;Valladolid;47048 Ceinos de Campos;Hombres;2008;134
47;Valladolid;47048 Ceinos de Campos;Hombres;2007;145
47;Valladolid;47048 Ceinos de Campos;Hombres;2006;148
47;Valladolid;47048 Ceinos de Campos;Hombres;2005;149
47;Valladolid;47048 Ceinos de Campos;Hombres;2004;146
47;Valladolid;47048 Ceinos de Campos;Hombres;2003;148
47;Valladolid;47048 Ceinos de Campos;Hombres;2002;138
47;Valladolid;47048 Ceinos de Campos;Hombres;2001;142
47;Valladolid;47048 Ceinos de Campos;Hombres;2000;144
47;Valladolid;47048 Ceinos de Campos;Hombres;1999;147
47;Valladolid;47048 Ceinos de Campos;Hombres;1998;147
47;Valladolid;47048 Ceinos de Campos;Hombres;1997;
47;Valladolid;47048 Ceinos de Campos;Hombres;1996;145
47;Valladolid;47048 Ceinos de Campos;Mujeres;2023;73
47;Valladolid;47048 Ceinos de Campos;Mujeres;2022;86
47;Valladolid;47048 Ceinos de Campos;Mujeres;2021;92
47;Valladolid;47048 Ceinos de Campos;Mujeres;2020;98
47;Valladolid;47048 Ceinos de Campos;Mujeres;2019;95
47;Valladolid;47048 Ceinos de Campos;Mujeres;2018;102
47;Valladolid;47048 Ceinos de Campos;Mujeres;2017;104
47;Valladolid;47048 Ceinos de Campos;Mujeres;2016;105
47;Valladolid;47048 Ceinos de Campos;Mujeres;2015;111
47;Valladolid;47048 Ceinos de Campos;Mujeres;2014;112
47;Valladolid;47048 Ceinos de Campos;Mujeres;2013;118
47;Valladolid;47048 Ceinos de Campos;Mujeres;2012;121
47;Valladolid;47048 Ceinos de Campos;Mujeres;2011;127
47;Valladolid;47048 Ceinos de Campos;Mujeres;2010;131
47;Valladolid;47048 Ceinos de Campos;Mujeres;2009;125
47;Valladolid;47048 Ceinos de Campos;Mujeres;2008;131
47;Valladolid;47048 Ceinos de Campos;Mujeres;2007;138
47;Valladolid;47048 Ceinos de Campos;Mujeres;2006;134
47;Valladolid;47048 Ceinos de Campos;Mujeres;2005;133
47;Valladolid;47048 Ceinos de Campos;Mujeres;2004;132
47;Valladolid;47048 Ceinos de Campos;Mujeres;2003;138
47;Valladolid;47048 Ceinos de Campos;Mujeres;2002;130
47;Valladolid;47048 Ceinos de Campos;Mujeres;2001;131
47;Valladolid;47048 Ceinos de Campos;Mujeres;2000;131
47;Valladolid;47048 Ceinos de Campos;Mujeres;1999;128
47;Valladolid;47048 Ceinos de Campos;Mujeres;1998;128
47;Valladolid;47048 Ceinos de Campos;Mujeres;1997;
47;Valladolid;47048 Ceinos de Campos;Mujeres;1996;126
47;Valladolid;47049 Cervillego de la Cruz;Total;2023;95
47;Valladolid;47049 Cervillego de la Cruz;Total;2022;91
47;Valladolid;47049 Cervillego de la Cruz;Total;2021;83
47;Valladolid;47049 Cervillego de la Cruz;Total;2020;87
47;Valladolid;47049 Cervillego de la Cruz;Total;2019;90
47;Valladolid;47049 Cervillego de la Cruz;Total;2018;94
47;Valladolid;47049 Cervillego de la Cruz;Total;2017;94
47;Valladolid;47049 Cervillego de la Cruz;Total;2016;98
47;Valladolid;47049 Cervillego de la Cruz;Total;2015;95
47;Valladolid;47049 Cervillego de la Cruz;Total;2014;95
47;Valladolid;47049 Cervillego de la Cruz;Total;2013;94
47;Valladolid;47049 Cervillego de la Cruz;Total;2012;100
47;Valladolid;47049 Cervillego de la Cruz;Total;2011;96
47;Valladolid;47049 Cervillego de la Cruz;Total;2010;98
47;Valladolid;47049 Cervillego de la Cruz;Total;2009;106
47;Valladolid;47049 Cervillego de la Cruz;Total;2008;118
47;Valladolid;47049 Cervillego de la Cruz;Total;2007;129
47;Valladolid;47049 Cervillego de la Cruz;Total;2006;131
47;Valladolid;47049 Cervillego de la Cruz;Total;2005;133
47;Valladolid;47049 Cervillego de la Cruz;Total;2004;139
47;Valladolid;47049 Cervillego de la Cruz;Total;2003;141
47;Valladolid;47049 Cervillego de la Cruz;Total;2002;146
47;Valladolid;47049 Cervillego de la Cruz;Total;2001;150
47;Valladolid;47049 Cervillego de la Cruz;Total;2000;156
47;Valladolid;47049 Cervillego de la Cruz;Total;1999;155
47;Valladolid;47049 Cervillego de la Cruz;Total;1998;156
47;Valladolid;47049 Cervillego de la Cruz;Total;1997;
47;Valladolid;47049 Cervillego de la Cruz;Total;1996;167
47;Valladolid;47049 Cervillego de la Cruz;Hombres;2023;55
47;Valladolid;47049 Cervillego de la Cruz;Hombres;2022;54
47;Valladolid;47049 Cervillego de la Cruz;Hombres;2021;51
47;Valladolid;47049 Cervillego de la Cruz;Hombres;2020;51
47;Valladolid;47049 Cervillego de la Cruz;Hombres;2019;52
47;Valladolid;47049 Cervillego de la Cruz;Hombres;2018;54
47;Valladolid;47049 Cervillego de la Cruz;Hombres;2017;54
47;Valladolid;47049 Cervillego de la Cruz;Hombres;2016;56
47;Valladolid;47049 Cervillego de la Cruz;Hombres;2015;52
47;Valladolid;47049 Cervillego de la Cruz;Hombres;2014;53
47;Valladolid;47049 Cervillego de la Cruz;Hombres;2013;54
47;Valladolid;47049 Cervillego de la Cruz;Hombres;2012;59
47;Valladolid;47049 Cervillego de la Cruz;Hombres;2011;55
47;Valladolid;47049 Cervillego de la Cruz;Hombres;2010;56
47;Valladolid;47049 Cervillego de la Cruz;Hombres;2009;59
47;Valladolid;47049 Cervillego de la Cruz;Hombres;2008;59
47;Valladolid;47049 Cervillego de la Cruz;Hombres;2007;65
47;Valladolid;47049 Cervillego de la Cruz;Hombres;2006;67
47;Valladolid;47049 Cervillego de la Cruz;Hombres;2005;64
47;Valladolid;47049 Cervillego de la Cruz;Hombres;2004;67
47;Valladolid;47049 Cervillego de la Cruz;Hombres;2003;70
47;Valladolid;47049 Cervillego de la Cruz;Hombres;2002;71
47;Valladolid;47049 Cervillego de la Cruz;Hombres;2001;74
47;Valladolid;47049 Cervillego de la Cruz;Hombres;2000;77
47;Valladolid;47049 Cervillego de la Cruz;Hombres;1999;78
47;Valladolid;47049 Cervillego de la Cruz;Hombres;1998;80
47;Valladolid;47049 Cervillego de la Cruz;Hombres;1997;
47;Valladolid;47049 Cervillego de la Cruz;Hombres;1996;83
47;Valladolid;47049 Cervillego de la Cruz;Mujeres;2023;40
47;Valladolid;47049 Cervillego de la Cruz;Mujeres;2022;37
47;Valladolid;47049 Cervillego de la Cruz;Mujeres;2021;32
47;Valladolid;47049 Cervillego de la Cruz;Mujeres;2020;36
47;Valladolid;47049 Cervillego de la Cruz;Mujeres;2019;38
47;Valladolid;47049 Cervillego de la Cruz;Mujeres;2018;40
47;Valladolid;47049 Cervillego de la Cruz;Mujeres;2017;40
47;Valladolid;47049 Cervillego de la Cruz;Mujeres;2016;42
47;Valladolid;47049 Cervillego de la Cruz;Mujeres;2015;43
47;Valladolid;47049 Cervillego de la Cruz;Mujeres;2014;42
47;Valladolid;47049 Cervillego de la Cruz;Mujeres;2013;40
47;Valladolid;47049 Cervillego de la Cruz;Mujeres;2012;41
47;Valladolid;47049 Cervillego de la Cruz;Mujeres;2011;41
47;Valladolid;47049 Cervillego de la Cruz;Mujeres;2010;42
47;Valladolid;47049 Cervillego de la Cruz;Mujeres;2009;47
47;Valladolid;47049 Cervillego de la Cruz;Mujeres;2008;59
47;Valladolid;47049 Cervillego de la Cruz;Mujeres;2007;64
47;Valladolid;47049 Cervillego de la Cruz;Mujeres;2006;64
47;Valladolid;47049 Cervillego de la Cruz;Mujeres;2005;69
47;Valladolid;47049 Cervillego de la Cruz;Mujeres;2004;72
47;Valladolid;47049 Cervillego de la Cruz;Mujeres;2003;71
47;Valladolid;47049 Cervillego de la Cruz;Mujeres;2002;75
47;Valladolid;47049 Cervillego de la Cruz;Mujeres;2001;76
47;Valladolid;47049 Cervillego de la Cruz;Mujeres;2000;79
47;Valladolid;47049 Cervillego de la Cruz;Mujeres;1999;77
47;Valladolid;47049 Cervillego de la Cruz;Mujeres;1998;76
47;Valladolid;47049 Cervillego de la Cruz;Mujeres;1997;
47;Valladolid;47049 Cervillego de la Cruz;Mujeres;1996;84
47;Valladolid;47050 Cigales;Total;2023;5360
47;Valladolid;47050 Cigales;Total;2022;5286
47;Valladolid;47050 Cigales;Total;2021;5299
47;Valladolid;47050 Cigales;Total;2020;5328
47;Valladolid;47050 Cigales;Total;2019;5235
47;Valladolid;47050 Cigales;Total;2018;5160
47;Valladolid;47050 Cigales;Total;2017;5067
47;Valladolid;47050 Cigales;Total;2016;5032
47;Valladolid;47050 Cigales;Total;2015;5071
47;Valladolid;47050 Cigales;Total;2014;5008
47;Valladolid;47050 Cigales;Total;2013;5026
47;Valladolid;47050 Cigales;Total;2012;4871
47;Valladolid;47050 Cigales;Total;2011;4743
47;Valladolid;47050 Cigales;Total;2010;4572
47;Valladolid;47050 Cigales;Total;2009;4376
47;Valladolid;47050 Cigales;Total;2008;4157
47;Valladolid;47050 Cigales;Total;2007;3876
47;Valladolid;47050 Cigales;Total;2006;3652
47;Valladolid;47050 Cigales;Total;2005;3467
47;Valladolid;47050 Cigales;Total;2004;3335
47;Valladolid;47050 Cigales;Total;2003;3169
47;Valladolid;47050 Cigales;Total;2002;3166
47;Valladolid;47050 Cigales;Total;2001;3059
47;Valladolid;47050 Cigales;Total;2000;2802
47;Valladolid;47050 Cigales;Total;1999;2881
47;Valladolid;47050 Cigales;Total;1998;2772
47;Valladolid;47050 Cigales;Total;1997;
47;Valladolid;47050 Cigales;Total;1996;2620
47;Valladolid;47050 Cigales;Hombres;2023;2747
47;Valladolid;47050 Cigales;Hombres;2022;2707
47;Valladolid;47050 Cigales;Hombres;2021;2695
47;Valladolid;47050 Cigales;Hombres;2020;2714
47;Valladolid;47050 Cigales;Hombres;2019;2662
47;Valladolid;47050 Cigales;Hombres;2018;2634
47;Valladolid;47050 Cigales;Hombres;2017;2580
47;Valladolid;47050 Cigales;Hombres;2016;2572
47;Valladolid;47050 Cigales;Hombres;2015;2588
47;Valladolid;47050 Cigales;Hombres;2014;2550
47;Valladolid;47050 Cigales;Hombres;2013;2568
47;Valladolid;47050 Cigales;Hombres;2012;2478
47;Valladolid;47050 Cigales;Hombres;2011;2420
47;Valladolid;47050 Cigales;Hombres;2010;2355
47;Valladolid;47050 Cigales;Hombres;2009;2250
47;Valladolid;47050 Cigales;Hombres;2008;2138
47;Valladolid;47050 Cigales;Hombres;2007;1993
47;Valladolid;47050 Cigales;Hombres;2006;1847
47;Valladolid;47050 Cigales;Hombres;2005;1745
47;Valladolid;47050 Cigales;Hombres;2004;1669
47;Valladolid;47050 Cigales;Hombres;2003;1570
47;Valladolid;47050 Cigales;Hombres;2002;1556
47;Valladolid;47050 Cigales;Hombres;2001;1505
47;Valladolid;47050 Cigales;Hombres;2000;1371
47;Valladolid;47050 Cigales;Hombres;1999;1413
47;Valladolid;47050 Cigales;Hombres;1998;1338
47;Valladolid;47050 Cigales;Hombres;1997;
47;Valladolid;47050 Cigales;Hombres;1996;1254
47;Valladolid;47050 Cigales;Mujeres;2023;2613
47;Valladolid;47050 Cigales;Mujeres;2022;2579
47;Valladolid;47050 Cigales;Mujeres;2021;2604
47;Valladolid;47050 Cigales;Mujeres;2020;2614
47;Valladolid;47050 Cigales;Mujeres;2019;2573
47;Valladolid;47050 Cigales;Mujeres;2018;2526
47;Valladolid;47050 Cigales;Mujeres;2017;2487
47;Valladolid;47050 Cigales;Mujeres;2016;2460
47;Valladolid;47050 Cigales;Mujeres;2015;2483
47;Valladolid;47050 Cigales;Mujeres;2014;2458
47;Valladolid;47050 Cigales;Mujeres;2013;2458
47;Valladolid;47050 Cigales;Mujeres;2012;2393
47;Valladolid;47050 Cigales;Mujeres;2011;2323
47;Valladolid;47050 Cigales;Mujeres;2010;2217
47;Valladolid;47050 Cigales;Mujeres;2009;2126
47;Valladolid;47050 Cigales;Mujeres;2008;2019
47;Valladolid;47050 Cigales;Mujeres;2007;1883
47;Valladolid;47050 Cigales;Mujeres;2006;1805
47;Valladolid;47050 Cigales;Mujeres;2005;1722
47;Valladolid;47050 Cigales;Mujeres;2004;1666
47;Valladolid;47050 Cigales;Mujeres;2003;1599
47;Valladolid;47050 Cigales;Mujeres;2002;1610
47;Valladolid;47050 Cigales;Mujeres;2001;1554
47;Valladolid;47050 Cigales;Mujeres;2000;1431
47;Valladolid;47050 Cigales;Mujeres;1999;1468
47;Valladolid;47050 Cigales;Mujeres;1998;1434
47;Valladolid;47050 Cigales;Mujeres;1997;
47;Valladolid;47050 Cigales;Mujeres;1996;1366
47;Valladolid;47051 Ciguñuela;Total;2023;356
47;Valladolid;47051 Ciguñuela;Total;2022;356
47;Valladolid;47051 Ciguñuela;Total;2021;375
47;Valladolid;47051 Ciguñuela;Total;2020;371
47;Valladolid;47051 Ciguñuela;Total;2019;369
47;Valladolid;47051 Ciguñuela;Total;2018;381
47;Valladolid;47051 Ciguñuela;Total;2017;385
47;Valladolid;47051 Ciguñuela;Total;2016;384
47;Valladolid;47051 Ciguñuela;Total;2015;390
47;Valladolid;47051 Ciguñuela;Total;2014;387
47;Valladolid;47051 Ciguñuela;Total;2013;397
47;Valladolid;47051 Ciguñuela;Total;2012;403
47;Valladolid;47051 Ciguñuela;Total;2011;410
47;Valladolid;47051 Ciguñuela;Total;2010;396
47;Valladolid;47051 Ciguñuela;Total;2009;380
47;Valladolid;47051 Ciguñuela;Total;2008;385
47;Valladolid;47051 Ciguñuela;Total;2007;391
47;Valladolid;47051 Ciguñuela;Total;2006;393
47;Valladolid;47051 Ciguñuela;Total;2005;375
47;Valladolid;47051 Ciguñuela;Total;2004;381
47;Valladolid;47051 Ciguñuela;Total;2003;357
47;Valladolid;47051 Ciguñuela;Total;2002;368
47;Valladolid;47051 Ciguñuela;Total;2001;360
47;Valladolid;47051 Ciguñuela;Total;2000;372
47;Valladolid;47051 Ciguñuela;Total;1999;379
47;Valladolid;47051 Ciguñuela;Total;1998;379
47;Valladolid;47051 Ciguñuela;Total;1997;
47;Valladolid;47051 Ciguñuela;Total;1996;368
47;Valladolid;47051 Ciguñuela;Hombres;2023;188
47;Valladolid;47051 Ciguñuela;Hombres;2022;187
47;Valladolid;47051 Ciguñuela;Hombres;2021;195
47;Valladolid;47051 Ciguñuela;Hombres;2020;194
47;Valladolid;47051 Ciguñuela;Hombres;2019;194
47;Valladolid;47051 Ciguñuela;Hombres;2018;201
47;Valladolid;47051 Ciguñuela;Hombres;2017;200
47;Valladolid;47051 Ciguñuela;Hombres;2016;201
47;Valladolid;47051 Ciguñuela;Hombres;2015;206
47;Valladolid;47051 Ciguñuela;Hombres;2014;210
47;Valladolid;47051 Ciguñuela;Hombres;2013;219
47;Valladolid;47051 Ciguñuela;Hombres;2012;223
47;Valladolid;47051 Ciguñuela;Hombres;2011;222
47;Valladolid;47051 Ciguñuela;Hombres;2010;212
47;Valladolid;47051 Ciguñuela;Hombres;2009;201
47;Valladolid;47051 Ciguñuela;Hombres;2008;202
47;Valladolid;47051 Ciguñuela;Hombres;2007;206
47;Valladolid;47051 Ciguñuela;Hombres;2006;205
47;Valladolid;47051 Ciguñuela;Hombres;2005;198
47;Valladolid;47051 Ciguñuela;Hombres;2004;199
47;Valladolid;47051 Ciguñuela;Hombres;2003;190
47;Valladolid;47051 Ciguñuela;Hombres;2002;198
47;Valladolid;47051 Ciguñuela;Hombres;2001;193
47;Valladolid;47051 Ciguñuela;Hombres;2000;198
47;Valladolid;47051 Ciguñuela;Hombres;1999;199
47;Valladolid;47051 Ciguñuela;Hombres;1998;199
47;Valladolid;47051 Ciguñuela;Hombres;1997;
47;Valladolid;47051 Ciguñuela;Hombres;1996;203
47;Valladolid;47051 Ciguñuela;Mujeres;2023;168
47;Valladolid;47051 Ciguñuela;Mujeres;2022;169
47;Valladolid;47051 Ciguñuela;Mujeres;2021;180
47;Valladolid;47051 Ciguñuela;Mujeres;2020;177
47;Valladolid;47051 Ciguñuela;Mujeres;2019;175
47;Valladolid;47051 Ciguñuela;Mujeres;2018;180
47;Valladolid;47051 Ciguñuela;Mujeres;2017;185
47;Valladolid;47051 Ciguñuela;Mujeres;2016;183
47;Valladolid;47051 Ciguñuela;Mujeres;2015;184
47;Valladolid;47051 Ciguñuela;Mujeres;2014;177
47;Valladolid;47051 Ciguñuela;Mujeres;2013;178
47;Valladolid;47051 Ciguñuela;Mujeres;2012;180
47;Valladolid;47051 Ciguñuela;Mujeres;2011;188
47;Valladolid;47051 Ciguñuela;Mujeres;2010;184
47;Valladolid;47051 Ciguñuela;Mujeres;2009;179
47;Valladolid;47051 Ciguñuela;Mujeres;2008;183
47;Valladolid;47051 Ciguñuela;Mujeres;2007;185
47;Valladolid;47051 Ciguñuela;Mujeres;2006;188
47;Valladolid;47051 Ciguñuela;Mujeres;2005;177
47;Valladolid;47051 Ciguñuela;Mujeres;2004;182
47;Valladolid;47051 Ciguñuela;Mujeres;2003;167
47;Valladolid;47051 Ciguñuela;Mujeres;2002;170
47;Valladolid;47051 Ciguñuela;Mujeres;2001;167
47;Valladolid;47051 Ciguñuela;Mujeres;2000;174
47;Valladolid;47051 Ciguñuela;Mujeres;1999;180
47;Valladolid;47051 Ciguñuela;Mujeres;1998;180
47;Valladolid;47051 Ciguñuela;Mujeres;1997;
47;Valladolid;47051 Ciguñuela;Mujeres;1996;165
47;Valladolid;47052 Cistérniga;Total;2023;9182
47;Valladolid;47052 Cistérniga;Total;2022;9129
47;Valladolid;47052 Cistérniga;Total;2021;9109
47;Valladolid;47052 Cistérniga;Total;2020;9016
47;Valladolid;47052 Cistérniga;Total;2019;9034
47;Valladolid;47052 Cistérniga;Total;2018;9049
47;Valladolid;47052 Cistérniga;Total;2017;8984
47;Valladolid;47052 Cistérniga;Total;2016;8895
47;Valladolid;47052 Cistérniga;Total;2015;8789
47;Valladolid;47052 Cistérniga;Total;2014;8734
47;Valladolid;47052 Cistérniga;Total;2013;8578
47;Valladolid;47052 Cistérniga;Total;2012;8449
47;Valladolid;47052 Cistérniga;Total;2011;8253
47;Valladolid;47052 Cistérniga;Total;2010;8055
47;Valladolid;47052 Cistérniga;Total;2009;7873
47;Valladolid;47052 Cistérniga;Total;2008;7620
47;Valladolid;47052 Cistérniga;Total;2007;7243
47;Valladolid;47052 Cistérniga;Total;2006;6680
47;Valladolid;47052 Cistérniga;Total;2005;6063
47;Valladolid;47052 Cistérniga;Total;2004;5359
47;Valladolid;47052 Cistérniga;Total;2003;4641
47;Valladolid;47052 Cistérniga;Total;2002;4378
47;Valladolid;47052 Cistérniga;Total;2001;4184
47;Valladolid;47052 Cistérniga;Total;2000;3780
47;Valladolid;47052 Cistérniga;Total;1999;3206
47;Valladolid;47052 Cistérniga;Total;1998;2725
47;Valladolid;47052 Cistérniga;Total;1997;
47;Valladolid;47052 Cistérniga;Total;1996;2488
47;Valladolid;47052 Cistérniga;Hombres;2023;4615
47;Valladolid;47052 Cistérniga;Hombres;2022;4605
47;Valladolid;47052 Cistérniga;Hombres;2021;4604
47;Valladolid;47052 Cistérniga;Hombres;2020;4561
47;Valladolid;47052 Cistérniga;Hombres;2019;4569
47;Valladolid;47052 Cistérniga;Hombres;2018;4572
47;Valladolid;47052 Cistérniga;Hombres;2017;4560
47;Valladolid;47052 Cistérniga;Hombres;2016;4510
47;Valladolid;47052 Cistérniga;Hombres;2015;4480
47;Valladolid;47052 Cistérniga;Hombres;2014;4464
47;Valladolid;47052 Cistérniga;Hombres;2013;4405
47;Valladolid;47052 Cistérniga;Hombres;2012;4352
47;Valladolid;47052 Cistérniga;Hombres;2011;4249
47;Valladolid;47052 Cistérniga;Hombres;2010;4169
47;Valladolid;47052 Cistérniga;Hombres;2009;4080
47;Valladolid;47052 Cistérniga;Hombres;2008;3929
47;Valladolid;47052 Cistérniga;Hombres;2007;3710
47;Valladolid;47052 Cistérniga;Hombres;2006;3420
47;Valladolid;47052 Cistérniga;Hombres;2005;3093
47;Valladolid;47052 Cistérniga;Hombres;2004;2763
47;Valladolid;47052 Cistérniga;Hombres;2003;2410
47;Valladolid;47052 Cistérniga;Hombres;2002;2285
47;Valladolid;47052 Cistérniga;Hombres;2001;2173
47;Valladolid;47052 Cistérniga;Hombres;2000;1968
47;Valladolid;47052 Cistérniga;Hombres;1999;1680
47;Valladolid;47052 Cistérniga;Hombres;1998;1421
47;Valladolid;47052 Cistérniga;Hombres;1997;
47;Valladolid;47052 Cistérniga;Hombres;1996;1291
47;Valladolid;47052 Cistérniga;Mujeres;2023;4567
47;Valladolid;47052 Cistérniga;Mujeres;2022;4524
47;Valladolid;47052 Cistérniga;Mujeres;2021;4505
47;Valladolid;47052 Cistérniga;Mujeres;2020;4455
47;Valladolid;47052 Cistérniga;Mujeres;2019;4465
47;Valladolid;47052 Cistérniga;Mujeres;2018;4477
47;Valladolid;47052 Cistérniga;Mujeres;2017;4424
47;Valladolid;47052 Cistérniga;Mujeres;2016;4385
47;Valladolid;47052 Cistérniga;Mujeres;2015;4309
47;Valladolid;47052 Cistérniga;Mujeres;2014;4270
47;Valladolid;47052 Cistérniga;Mujeres;2013;4173
47;Valladolid;47052 Cistérniga;Mujeres;2012;4097
47;Valladolid;47052 Cistérniga;Mujeres;2011;4004
47;Valladolid;47052 Cistérniga;Mujeres;2010;3886
47;Valladolid;47052 Cistérniga;Mujeres;2009;3793
47;Valladolid;47052 Cistérniga;Mujeres;2008;3691
47;Valladolid;47052 Cistérniga;Mujeres;2007;3533
47;Valladolid;47052 Cistérniga;Mujeres;2006;3260
47;Valladolid;47052 Cistérniga;Mujeres;2005;2970
47;Valladolid;47052 Cistérniga;Mujeres;2004;2596
47;Valladolid;47052 Cistérniga;Mujeres;2003;2231
47;Valladolid;47052 Cistérniga;Mujeres;2002;2093
47;Valladolid;47052 Cistérniga;Mujeres;2001;2011
47;Valladolid;47052 Cistérniga;Mujeres;2000;1812
47;Valladolid;47052 Cistérniga;Mujeres;1999;1526
47;Valladolid;47052 Cistérniga;Mujeres;1998;1304
47;Valladolid;47052 Cistérniga;Mujeres;1997;
47;Valladolid;47052 Cistérniga;Mujeres;1996;1197
47;Valladolid;47053 Cogeces de Íscar;Total;2023;143
47;Valladolid;47053 Cogeces de Íscar;Total;2022;144
47;Valladolid;47053 Cogeces de Íscar;Total;2021;142
47;Valladolid;47053 Cogeces de Íscar;Total;2020;136
47;Valladolid;47053 Cogeces de Íscar;Total;2019;141
47;Valladolid;47053 Cogeces de Íscar;Total;2018;144
47;Valladolid;47053 Cogeces de Íscar;Total;2017;139
47;Valladolid;47053 Cogeces de Íscar;Total;2016;140
47;Valladolid;47053 Cogeces de Íscar;Total;2015;142
47;Valladolid;47053 Cogeces de Íscar;Total;2014;148
47;Valladolid;47053 Cogeces de Íscar;Total;2013;155
47;Valladolid;47053 Cogeces de Íscar;Total;2012;159
47;Valladolid;47053 Cogeces de Íscar;Total;2011;170
47;Valladolid;47053 Cogeces de Íscar;Total;2010;175
47;Valladolid;47053 Cogeces de Íscar;Total;2009;167
47;Valladolid;47053 Cogeces de Íscar;Total;2008;174
47;Valladolid;47053 Cogeces de Íscar;Total;2007;152
47;Valladolid;47053 Cogeces de Íscar;Total;2006;145
47;Valladolid;47053 Cogeces de Íscar;Total;2005;147
47;Valladolid;47053 Cogeces de Íscar;Total;2004;155
47;Valladolid;47053 Cogeces de Íscar;Total;2003;148
47;Valladolid;47053 Cogeces de Íscar;Total;2002;151
47;Valladolid;47053 Cogeces de Íscar;Total;2001;151
47;Valladolid;47053 Cogeces de Íscar;Total;2000;150
47;Valladolid;47053 Cogeces de Íscar;Total;1999;153
47;Valladolid;47053 Cogeces de Íscar;Total;1998;154
47;Valladolid;47053 Cogeces de Íscar;Total;1997;
47;Valladolid;47053 Cogeces de Íscar;Total;1996;156
47;Valladolid;47053 Cogeces de Íscar;Hombres;2023;72
47;Valladolid;47053 Cogeces de Íscar;Hombres;2022;73
47;Valladolid;47053 Cogeces de Íscar;Hombres;2021;70
47;Valladolid;47053 Cogeces de Íscar;Hombres;2020;66
47;Valladolid;47053 Cogeces de Íscar;Hombres;2019;69
47;Valladolid;47053 Cogeces de Íscar;Hombres;2018;71
47;Valladolid;47053 Cogeces de Íscar;Hombres;2017;69
47;Valladolid;47053 Cogeces de Íscar;Hombres;2016;71
47;Valladolid;47053 Cogeces de Íscar;Hombres;2015;74
47;Valladolid;47053 Cogeces de Íscar;Hombres;2014;79
47;Valladolid;47053 Cogeces de Íscar;Hombres;2013;85
47;Valladolid;47053 Cogeces de Íscar;Hombres;2012;89
47;Valladolid;47053 Cogeces de Íscar;Hombres;2011;96
47;Valladolid;47053 Cogeces de Íscar;Hombres;2010;98
47;Valladolid;47053 Cogeces de Íscar;Hombres;2009;95
47;Valladolid;47053 Cogeces de Íscar;Hombres;2008;100
47;Valladolid;47053 Cogeces de Íscar;Hombres;2007;83
47;Valladolid;47053 Cogeces de Íscar;Hombres;2006;78
47;Valladolid;47053 Cogeces de Íscar;Hombres;2005;79
47;Valladolid;47053 Cogeces de Íscar;Hombres;2004;84
47;Valladolid;47053 Cogeces de Íscar;Hombres;2003;80
47;Valladolid;47053 Cogeces de Íscar;Hombres;2002;82
47;Valladolid;47053 Cogeces de Íscar;Hombres;2001;82
47;Valladolid;47053 Cogeces de Íscar;Hombres;2000;80
47;Valladolid;47053 Cogeces de Íscar;Hombres;1999;83
47;Valladolid;47053 Cogeces de Íscar;Hombres;1998;81
47;Valladolid;47053 Cogeces de Íscar;Hombres;1997;
47;Valladolid;47053 Cogeces de Íscar;Hombres;1996;82
47;Valladolid;47053 Cogeces de Íscar;Mujeres;2023;71
47;Valladolid;47053 Cogeces de Íscar;Mujeres;2022;71
47;Valladolid;47053 Cogeces de Íscar;Mujeres;2021;72
47;Valladolid;47053 Cogeces de Íscar;Mujeres;2020;70
47;Valladolid;47053 Cogeces de Íscar;Mujeres;2019;72
47;Valladolid;47053 Cogeces de Íscar;Mujeres;2018;73
47;Valladolid;47053 Cogeces de Íscar;Mujeres;2017;70
47;Valladolid;47053 Cogeces de Íscar;Mujeres;2016;69
47;Valladolid;47053 Cogeces de Íscar;Mujeres;2015;68
47;Valladolid;47053 Cogeces de Íscar;Mujeres;2014;69
47;Valladolid;47053 Cogeces de Íscar;Mujeres;2013;70
47;Valladolid;47053 Cogeces de Íscar;Mujeres;2012;70
47;Valladolid;47053 Cogeces de Íscar;Mujeres;2011;74
47;Valladolid;47053 Cogeces de Íscar;Mujeres;2010;77
47;Valladolid;47053 Cogeces de Íscar;Mujeres;2009;72
47;Valladolid;47053 Cogeces de Íscar;Mujeres;2008;74
47;Valladolid;47053 Cogeces de Íscar;Mujeres;2007;69
47;Valladolid;47053 Cogeces de Íscar;Mujeres;2006;67
47;Valladolid;47053 Cogeces de Íscar;Mujeres;2005;68
47;Valladolid;47053 Cogeces de Íscar;Mujeres;2004;71
47;Valladolid;47053 Cogeces de Íscar;Mujeres;2003;68
47;Valladolid;47053 Cogeces de Íscar;Mujeres;2002;69
47;Valladolid;47053 Cogeces de Íscar;Mujeres;2001;69
47;Valladolid;47053 Cogeces de Íscar;Mujeres;2000;70
47;Valladolid;47053 Cogeces de Íscar;Mujeres;1999;70
47;Valladolid;47053 Cogeces de Íscar;Mujeres;1998;73
47;Valladolid;47053 Cogeces de Íscar;Mujeres;1997;
47;Valladolid;47053 Cogeces de Íscar;Mujeres;1996;74
47;Valladolid;47054 Cogeces del Monte;Total;2023;641
47;Valladolid;47054 Cogeces del Monte;Total;2022;630
47;Valladolid;47054 Cogeces del Monte;Total;2021;637
47;Valladolid;47054 Cogeces del Monte;Total;2020;659
47;Valladolid;47054 Cogeces del Monte;Total;2019;685
47;Valladolid;47054 Cogeces del Monte;Total;2018;691
47;Valladolid;47054 Cogeces del Monte;Total;2017;703
47;Valladolid;47054 Cogeces del Monte;Total;2016;716
47;Valladolid;47054 Cogeces del Monte;Total;2015;727
47;Valladolid;47054 Cogeces del Monte;Total;2014;738
47;Valladolid;47054 Cogeces del Monte;Total;2013;768
47;Valladolid;47054 Cogeces del Monte;Total;2012;813
47;Valladolid;47054 Cogeces del Monte;Total;2011;816
47;Valladolid;47054 Cogeces del Monte;Total;2010;815
47;Valladolid;47054 Cogeces del Monte;Total;2009;807
47;Valladolid;47054 Cogeces del Monte;Total;2008;818
47;Valladolid;47054 Cogeces del Monte;Total;2007;828
47;Valladolid;47054 Cogeces del Monte;Total;2006;854
47;Valladolid;47054 Cogeces del Monte;Total;2005;876
47;Valladolid;47054 Cogeces del Monte;Total;2004;863
47;Valladolid;47054 Cogeces del Monte;Total;2003;868
47;Valladolid;47054 Cogeces del Monte;Total;2002;907
47;Valladolid;47054 Cogeces del Monte;Total;2001;899
47;Valladolid;47054 Cogeces del Monte;Total;2000;916
47;Valladolid;47054 Cogeces del Monte;Total;1999;956
47;Valladolid;47054 Cogeces del Monte;Total;1998;971
47;Valladolid;47054 Cogeces del Monte;Total;1997;
47;Valladolid;47054 Cogeces del Monte;Total;1996;972
47;Valladolid;47054 Cogeces del Monte;Hombres;2023;349
47;Valladolid;47054 Cogeces del Monte;Hombres;2022;338
47;Valladolid;47054 Cogeces del Monte;Hombres;2021;339
47;Valladolid;47054 Cogeces del Monte;Hombres;2020;354
47;Valladolid;47054 Cogeces del Monte;Hombres;2019;370
47;Valladolid;47054 Cogeces del Monte;Hombres;2018;373
47;Valladolid;47054 Cogeces del Monte;Hombres;2017;380
47;Valladolid;47054 Cogeces del Monte;Hombres;2016;388
47;Valladolid;47054 Cogeces del Monte;Hombres;2015;394
47;Valladolid;47054 Cogeces del Monte;Hombres;2014;400
47;Valladolid;47054 Cogeces del Monte;Hombres;2013;415
47;Valladolid;47054 Cogeces del Monte;Hombres;2012;444
47;Valladolid;47054 Cogeces del Monte;Hombres;2011;443
47;Valladolid;47054 Cogeces del Monte;Hombres;2010;444
47;Valladolid;47054 Cogeces del Monte;Hombres;2009;443
47;Valladolid;47054 Cogeces del Monte;Hombres;2008;451
47;Valladolid;47054 Cogeces del Monte;Hombres;2007;455
47;Valladolid;47054 Cogeces del Monte;Hombres;2006;468
47;Valladolid;47054 Cogeces del Monte;Hombres;2005;484
47;Valladolid;47054 Cogeces del Monte;Hombres;2004;480
47;Valladolid;47054 Cogeces del Monte;Hombres;2003;487
47;Valladolid;47054 Cogeces del Monte;Hombres;2002;502
47;Valladolid;47054 Cogeces del Monte;Hombres;2001;493
47;Valladolid;47054 Cogeces del Monte;Hombres;2000;497
47;Valladolid;47054 Cogeces del Monte;Hombres;1999;512
47;Valladolid;47054 Cogeces del Monte;Hombres;1998;523
47;Valladolid;47054 Cogeces del Monte;Hombres;1997;
47;Valladolid;47054 Cogeces del Monte;Hombres;1996;523
47;Valladolid;47054 Cogeces del Monte;Mujeres;2023;292
47;Valladolid;47054 Cogeces del Monte;Mujeres;2022;292
47;Valladolid;47054 Cogeces del Monte;Mujeres;2021;298
47;Valladolid;47054 Cogeces del Monte;Mujeres;2020;305
47;Valladolid;47054 Cogeces del Monte;Mujeres;2019;315
47;Valladolid;47054 Cogeces del Monte;Mujeres;2018;318
47;Valladolid;47054 Cogeces del Monte;Mujeres;2017;323
47;Valladolid;47054 Cogeces del Monte;Mujeres;2016;328
47;Valladolid;47054 Cogeces del Monte;Mujeres;2015;333
47;Valladolid;47054 Cogeces del Monte;Mujeres;2014;338
47;Valladolid;47054 Cogeces del Monte;Mujeres;2013;353
47;Valladolid;47054 Cogeces del Monte;Mujeres;2012;369
47;Valladolid;47054 Cogeces del Monte;Mujeres;2011;373
47;Valladolid;47054 Cogeces del Monte;Mujeres;2010;371
47;Valladolid;47054 Cogeces del Monte;Mujeres;2009;364
47;Valladolid;47054 Cogeces del Monte;Mujeres;2008;367
47;Valladolid;47054 Cogeces del Monte;Mujeres;2007;373
47;Valladolid;47054 Cogeces del Monte;Mujeres;2006;386
47;Valladolid;47054 Cogeces del Monte;Mujeres;2005;392
47;Valladolid;47054 Cogeces del Monte;Mujeres;2004;383
47;Valladolid;47054 Cogeces del Monte;Mujeres;2003;381
47;Valladolid;47054 Cogeces del Monte;Mujeres;2002;405
47;Valladolid;47054 Cogeces del Monte;Mujeres;2001;406
47;Valladolid;47054 Cogeces del Monte;Mujeres;2000;419
47;Valladolid;47054 Cogeces del Monte;Mujeres;1999;444
47;Valladolid;47054 Cogeces del Monte;Mujeres;1998;448
47;Valladolid;47054 Cogeces del Monte;Mujeres;1997;
47;Valladolid;47054 Cogeces del Monte;Mujeres;1996;449
47;Valladolid;47055 Corcos;Total;2023;218
47;Valladolid;47055 Corcos;Total;2022;199
47;Valladolid;47055 Corcos;Total;2021;203
47;Valladolid;47055 Corcos;Total;2020;203
47;Valladolid;47055 Corcos;Total;2019;201
47;Valladolid;47055 Corcos;Total;2018;209
47;Valladolid;47055 Corcos;Total;2017;203
47;Valladolid;47055 Corcos;Total;2016;214
47;Valladolid;47055 Corcos;Total;2015;216
47;Valladolid;47055 Corcos;Total;2014;211
47;Valladolid;47055 Corcos;Total;2013;217
47;Valladolid;47055 Corcos;Total;2012;225
47;Valladolid;47055 Corcos;Total;2011;236
47;Valladolid;47055 Corcos;Total;2010;238
47;Valladolid;47055 Corcos;Total;2009;242
47;Valladolid;47055 Corcos;Total;2008;245
47;Valladolid;47055 Corcos;Total;2007;241
47;Valladolid;47055 Corcos;Total;2006;246
47;Valladolid;47055 Corcos;Total;2005;259
47;Valladolid;47055 Corcos;Total;2004;258
47;Valladolid;47055 Corcos;Total;2003;249
47;Valladolid;47055 Corcos;Total;2002;248
47;Valladolid;47055 Corcos;Total;2001;270
47;Valladolid;47055 Corcos;Total;2000;270
47;Valladolid;47055 Corcos;Total;1999;272
47;Valladolid;47055 Corcos;Total;1998;272
47;Valladolid;47055 Corcos;Total;1997;
47;Valladolid;47055 Corcos;Total;1996;276
47;Valladolid;47055 Corcos;Hombres;2023;122
47;Valladolid;47055 Corcos;Hombres;2022;112
47;Valladolid;47055 Corcos;Hombres;2021;114
47;Valladolid;47055 Corcos;Hombres;2020;110
47;Valladolid;47055 Corcos;Hombres;2019;111
47;Valladolid;47055 Corcos;Hombres;2018;114
47;Valladolid;47055 Corcos;Hombres;2017;105
47;Valladolid;47055 Corcos;Hombres;2016;112
47;Valladolid;47055 Corcos;Hombres;2015;115
47;Valladolid;47055 Corcos;Hombres;2014;110
47;Valladolid;47055 Corcos;Hombres;2013;114
47;Valladolid;47055 Corcos;Hombres;2012;120
47;Valladolid;47055 Corcos;Hombres;2011;128
47;Valladolid;47055 Corcos;Hombres;2010;130
47;Valladolid;47055 Corcos;Hombres;2009;131
47;Valladolid;47055 Corcos;Hombres;2008;133
47;Valladolid;47055 Corcos;Hombres;2007;130
47;Valladolid;47055 Corcos;Hombres;2006;136
47;Valladolid;47055 Corcos;Hombres;2005;140
47;Valladolid;47055 Corcos;Hombres;2004;141
47;Valladolid;47055 Corcos;Hombres;2003;134
47;Valladolid;47055 Corcos;Hombres;2002;134
47;Valladolid;47055 Corcos;Hombres;2001;141
47;Valladolid;47055 Corcos;Hombres;2000;141
47;Valladolid;47055 Corcos;Hombres;1999;140
47;Valladolid;47055 Corcos;Hombres;1998;140
47;Valladolid;47055 Corcos;Hombres;1997;
47;Valladolid;47055 Corcos;Hombres;1996;145
47;Valladolid;47055 Corcos;Mujeres;2023;96
47;Valladolid;47055 Corcos;Mujeres;2022;87
47;Valladolid;47055 Corcos;Mujeres;2021;89
47;Valladolid;47055 Corcos;Mujeres;2020;93
47;Valladolid;47055 Corcos;Mujeres;2019;90
47;Valladolid;47055 Corcos;Mujeres;2018;95
47;Valladolid;47055 Corcos;Mujeres;2017;98
47;Valladolid;47055 Corcos;Mujeres;2016;102
47;Valladolid;47055 Corcos;Mujeres;2015;101
47;Valladolid;47055 Corcos;Mujeres;2014;101
47;Valladolid;47055 Corcos;Mujeres;2013;103
47;Valladolid;47055 Corcos;Mujeres;2012;105
47;Valladolid;47055 Corcos;Mujeres;2011;108
47;Valladolid;47055 Corcos;Mujeres;2010;108
47;Valladolid;47055 Corcos;Mujeres;2009;111
47;Valladolid;47055 Corcos;Mujeres;2008;112
47;Valladolid;47055 Corcos;Mujeres;2007;111
47;Valladolid;47055 Corcos;Mujeres;2006;110
47;Valladolid;47055 Corcos;Mujeres;2005;119
47;Valladolid;47055 Corcos;Mujeres;2004;117
47;Valladolid;47055 Corcos;Mujeres;2003;115
47;Valladolid;47055 Corcos;Mujeres;2002;114
47;Valladolid;47055 Corcos;Mujeres;2001;129
47;Valladolid;47055 Corcos;Mujeres;2000;129
47;Valladolid;47055 Corcos;Mujeres;1999;132
47;Valladolid;47055 Corcos;Mujeres;1998;132
47;Valladolid;47055 Corcos;Mujeres;1997;
47;Valladolid;47055 Corcos;Mujeres;1996;131
47;Valladolid;47056 Corrales de Duero;Total;2023;103
47;Valladolid;47056 Corrales de Duero;Total;2022;99
47;Valladolid;47056 Corrales de Duero;Total;2021;109
47;Valladolid;47056 Corrales de Duero;Total;2020;113
47;Valladolid;47056 Corrales de Duero;Total;2019;105
47;Valladolid;47056 Corrales de Duero;Total;2018;100
47;Valladolid;47056 Corrales de Duero;Total;2017;98
47;Valladolid;47056 Corrales de Duero;Total;2016;81
47;Valladolid;47056 Corrales de Duero;Total;2015;85
47;Valladolid;47056 Corrales de Duero;Total;2014;98
47;Valladolid;47056 Corrales de Duero;Total;2013;84
47;Valladolid;47056 Corrales de Duero;Total;2012;100
47;Valladolid;47056 Corrales de Duero;Total;2011;103
47;Valladolid;47056 Corrales de Duero;Total;2010;104
47;Valladolid;47056 Corrales de Duero;Total;2009;108
47;Valladolid;47056 Corrales de Duero;Total;2008;110
47;Valladolid;47056 Corrales de Duero;Total;2007;108
47;Valladolid;47056 Corrales de Duero;Total;2006;112
47;Valladolid;47056 Corrales de Duero;Total;2005;117
47;Valladolid;47056 Corrales de Duero;Total;2004;119
47;Valladolid;47056 Corrales de Duero;Total;2003;123
47;Valladolid;47056 Corrales de Duero;Total;2002;129
47;Valladolid;47056 Corrales de Duero;Total;2001;137
47;Valladolid;47056 Corrales de Duero;Total;2000;139
47;Valladolid;47056 Corrales de Duero;Total;1999;141
47;Valladolid;47056 Corrales de Duero;Total;1998;141
47;Valladolid;47056 Corrales de Duero;Total;1997;
47;Valladolid;47056 Corrales de Duero;Total;1996;145
47;Valladolid;47056 Corrales de Duero;Hombres;2023;59
47;Valladolid;47056 Corrales de Duero;Hombres;2022;60
47;Valladolid;47056 Corrales de Duero;Hombres;2021;63
47;Valladolid;47056 Corrales de Duero;Hombres;2020;65
47;Valladolid;47056 Corrales de Duero;Hombres;2019;60
47;Valladolid;47056 Corrales de Duero;Hombres;2018;58
47;Valladolid;47056 Corrales de Duero;Hombres;2017;56
47;Valladolid;47056 Corrales de Duero;Hombres;2016;47
47;Valladolid;47056 Corrales de Duero;Hombres;2015;49
47;Valladolid;47056 Corrales de Duero;Hombres;2014;56
47;Valladolid;47056 Corrales de Duero;Hombres;2013;51
47;Valladolid;47056 Corrales de Duero;Hombres;2012;56
47;Valladolid;47056 Corrales de Duero;Hombres;2011;58
47;Valladolid;47056 Corrales de Duero;Hombres;2010;59
47;Valladolid;47056 Corrales de Duero;Hombres;2009;64
47;Valladolid;47056 Corrales de Duero;Hombres;2008;67
47;Valladolid;47056 Corrales de Duero;Hombres;2007;65
47;Valladolid;47056 Corrales de Duero;Hombres;2006;69
47;Valladolid;47056 Corrales de Duero;Hombres;2005;71
47;Valladolid;47056 Corrales de Duero;Hombres;2004;73
47;Valladolid;47056 Corrales de Duero;Hombres;2003;74
47;Valladolid;47056 Corrales de Duero;Hombres;2002;76
47;Valladolid;47056 Corrales de Duero;Hombres;2001;80
47;Valladolid;47056 Corrales de Duero;Hombres;2000;82
47;Valladolid;47056 Corrales de Duero;Hombres;1999;83
47;Valladolid;47056 Corrales de Duero;Hombres;1998;83
47;Valladolid;47056 Corrales de Duero;Hombres;1997;
47;Valladolid;47056 Corrales de Duero;Hombres;1996;82
47;Valladolid;47056 Corrales de Duero;Mujeres;2023;44
47;Valladolid;47056 Corrales de Duero;Mujeres;2022;39
47;Valladolid;47056 Corrales de Duero;Mujeres;2021;46
47;Valladolid;47056 Corrales de Duero;Mujeres;2020;48
47;Valladolid;47056 Corrales de Duero;Mujeres;2019;45
47;Valladolid;47056 Corrales de Duero;Mujeres;2018;42
47;Valladolid;47056 Corrales de Duero;Mujeres;2017;42
47;Valladolid;47056 Corrales de Duero;Mujeres;2016;34
47;Valladolid;47056 Corrales de Duero;Mujeres;2015;36
47;Valladolid;47056 Corrales de Duero;Mujeres;2014;42
47;Valladolid;47056 Corrales de Duero;Mujeres;2013;33
47;Valladolid;47056 Corrales de Duero;Mujeres;2012;44
47;Valladolid;47056 Corrales de Duero;Mujeres;2011;45
47;Valladolid;47056 Corrales de Duero;Mujeres;2010;45
47;Valladolid;47056 Corrales de Duero;Mujeres;2009;44
47;Valladolid;47056 Corrales de Duero;Mujeres;2008;43
47;Valladolid;47056 Corrales de Duero;Mujeres;2007;43
47;Valladolid;47056 Corrales de Duero;Mujeres;2006;43
47;Valladolid;47056 Corrales de Duero;Mujeres;2005;46
47;Valladolid;47056 Corrales de Duero;Mujeres;2004;46
47;Valladolid;47056 Corrales de Duero;Mujeres;2003;49
47;Valladolid;47056 Corrales de Duero;Mujeres;2002;53
47;Valladolid;47056 Corrales de Duero;Mujeres;2001;57
47;Valladolid;47056 Corrales de Duero;Mujeres;2000;57
47;Valladolid;47056 Corrales de Duero;Mujeres;1999;58
47;Valladolid;47056 Corrales de Duero;Mujeres;1998;58
47;Valladolid;47056 Corrales de Duero;Mujeres;1997;
47;Valladolid;47056 Corrales de Duero;Mujeres;1996;63
47;Valladolid;47057 Cubillas de Santa Marta;Total;2023;389
47;Valladolid;47057 Cubillas de Santa Marta;Total;2022;368
47;Valladolid;47057 Cubillas de Santa Marta;Total;2021;352
47;Valladolid;47057 Cubillas de Santa Marta;Total;2020;329
47;Valladolid;47057 Cubillas de Santa Marta;Total;2019;326
47;Valladolid;47057 Cubillas de Santa Marta;Total;2018;307
47;Valladolid;47057 Cubillas de Santa Marta;Total;2017;295
47;Valladolid;47057 Cubillas de Santa Marta;Total;2016;307
47;Valladolid;47057 Cubillas de Santa Marta;Total;2015;296
47;Valladolid;47057 Cubillas de Santa Marta;Total;2014;292
47;Valladolid;47057 Cubillas de Santa Marta;Total;2013;281
47;Valladolid;47057 Cubillas de Santa Marta;Total;2012;274
47;Valladolid;47057 Cubillas de Santa Marta;Total;2011;288
47;Valladolid;47057 Cubillas de Santa Marta;Total;2010;306
47;Valladolid;47057 Cubillas de Santa Marta;Total;2009;304
47;Valladolid;47057 Cubillas de Santa Marta;Total;2008;309
47;Valladolid;47057 Cubillas de Santa Marta;Total;2007;317
47;Valladolid;47057 Cubillas de Santa Marta;Total;2006;302
47;Valladolid;47057 Cubillas de Santa Marta;Total;2005;289
47;Valladolid;47057 Cubillas de Santa Marta;Total;2004;292
47;Valladolid;47057 Cubillas de Santa Marta;Total;2003;294
47;Valladolid;47057 Cubillas de Santa Marta;Total;2002;289
47;Valladolid;47057 Cubillas de Santa Marta;Total;2001;282
47;Valladolid;47057 Cubillas de Santa Marta;Total;2000;281
47;Valladolid;47057 Cubillas de Santa Marta;Total;1999;274
47;Valladolid;47057 Cubillas de Santa Marta;Total;1998;272
47;Valladolid;47057 Cubillas de Santa Marta;Total;1997;
47;Valladolid;47057 Cubillas de Santa Marta;Total;1996;265
47;Valladolid;47057 Cubillas de Santa Marta;Hombres;2023;222
47;Valladolid;47057 Cubillas de Santa Marta;Hombres;2022;214
47;Valladolid;47057 Cubillas de Santa Marta;Hombres;2021;202
47;Valladolid;47057 Cubillas de Santa Marta;Hombres;2020;191
47;Valladolid;47057 Cubillas de Santa Marta;Hombres;2019;191
47;Valladolid;47057 Cubillas de Santa Marta;Hombres;2018;176
47;Valladolid;47057 Cubillas de Santa Marta;Hombres;2017;170
47;Valladolid;47057 Cubillas de Santa Marta;Hombres;2016;178
47;Valladolid;47057 Cubillas de Santa Marta;Hombres;2015;168
47;Valladolid;47057 Cubillas de Santa Marta;Hombres;2014;170
47;Valladolid;47057 Cubillas de Santa Marta;Hombres;2013;166
47;Valladolid;47057 Cubillas de Santa Marta;Hombres;2012;162
47;Valladolid;47057 Cubillas de Santa Marta;Hombres;2011;169
47;Valladolid;47057 Cubillas de Santa Marta;Hombres;2010;176
47;Valladolid;47057 Cubillas de Santa Marta;Hombres;2009;176
47;Valladolid;47057 Cubillas de Santa Marta;Hombres;2008;180
47;Valladolid;47057 Cubillas de Santa Marta;Hombres;2007;181
47;Valladolid;47057 Cubillas de Santa Marta;Hombres;2006;168
47;Valladolid;47057 Cubillas de Santa Marta;Hombres;2005;161
47;Valladolid;47057 Cubillas de Santa Marta;Hombres;2004;160
47;Valladolid;47057 Cubillas de Santa Marta;Hombres;2003;160
47;Valladolid;47057 Cubillas de Santa Marta;Hombres;2002;153
47;Valladolid;47057 Cubillas de Santa Marta;Hombres;2001;152
47;Valladolid;47057 Cubillas de Santa Marta;Hombres;2000;151
47;Valladolid;47057 Cubillas de Santa Marta;Hombres;1999;147
47;Valladolid;47057 Cubillas de Santa Marta;Hombres;1998;149
47;Valladolid;47057 Cubillas de Santa Marta;Hombres;1997;
47;Valladolid;47057 Cubillas de Santa Marta;Hombres;1996;145
47;Valladolid;47057 Cubillas de Santa Marta;Mujeres;2023;167
47;Valladolid;47057 Cubillas de Santa Marta;Mujeres;2022;154
47;Valladolid;47057 Cubillas de Santa Marta;Mujeres;2021;150
47;Valladolid;47057 Cubillas de Santa Marta;Mujeres;2020;138
47;Valladolid;47057 Cubillas de Santa Marta;Mujeres;2019;135
47;Valladolid;47057 Cubillas de Santa Marta;Mujeres;2018;131
47;Valladolid;47057 Cubillas de Santa Marta;Mujeres;2017;125
47;Valladolid;47057 Cubillas de Santa Marta;Mujeres;2016;129
47;Valladolid;47057 Cubillas de Santa Marta;Mujeres;2015;128
47;Valladolid;47057 Cubillas de Santa Marta;Mujeres;2014;122
47;Valladolid;47057 Cubillas de Santa Marta;Mujeres;2013;115
47;Valladolid;47057 Cubillas de Santa Marta;Mujeres;2012;112
47;Valladolid;47057 Cubillas de Santa Marta;Mujeres;2011;119
47;Valladolid;47057 Cubillas de Santa Marta;Mujeres;2010;130
47;Valladolid;47057 Cubillas de Santa Marta;Mujeres;2009;128
47;Valladolid;47057 Cubillas de Santa Marta;Mujeres;2008;129
47;Valladolid;47057 Cubillas de Santa Marta;Mujeres;2007;136
47;Valladolid;47057 Cubillas de Santa Marta;Mujeres;2006;134
47;Valladolid;47057 Cubillas de Santa Marta;Mujeres;2005;128
47;Valladolid;47057 Cubillas de Santa Marta;Mujeres;2004;132
47;Valladolid;47057 Cubillas de Santa Marta;Mujeres;2003;134
47;Valladolid;47057 Cubillas de Santa Marta;Mujeres;2002;136
47;Valladolid;47057 Cubillas de Santa Marta;Mujeres;2001;130
47;Valladolid;47057 Cubillas de Santa Marta;Mujeres;2000;130
47;Valladolid;47057 Cubillas de Santa Marta;Mujeres;1999;127
47;Valladolid;47057 Cubillas de Santa Marta;Mujeres;1998;123
47;Valladolid;47057 Cubillas de Santa Marta;Mujeres;1997;
47;Valladolid;47057 Cubillas de Santa Marta;Mujeres;1996;120
47;Valladolid;47058 Cuenca de Campos;Total;2023;198
47;Valladolid;47058 Cuenca de Campos;Total;2022;209
47;Valladolid;47058 Cuenca de Campos;Total;2021;208
47;Valladolid;47058 Cuenca de Campos;Total;2020;215
47;Valladolid;47058 Cuenca de Campos;Total;2019;224
47;Valladolid;47058 Cuenca de Campos;Total;2018;226
47;Valladolid;47058 Cuenca de Campos;Total;2017;227
47;Valladolid;47058 Cuenca de Campos;Total;2016;228
47;Valladolid;47058 Cuenca de Campos;Total;2015;243
47;Valladolid;47058 Cuenca de Campos;Total;2014;254
47;Valladolid;47058 Cuenca de Campos;Total;2013;219
47;Valladolid;47058 Cuenca de Campos;Total;2012;227
47;Valladolid;47058 Cuenca de Campos;Total;2011;233
47;Valladolid;47058 Cuenca de Campos;Total;2010;254
47;Valladolid;47058 Cuenca de Campos;Total;2009;225
47;Valladolid;47058 Cuenca de Campos;Total;2008;229
47;Valladolid;47058 Cuenca de Campos;Total;2007;246
47;Valladolid;47058 Cuenca de Campos;Total;2006;259
47;Valladolid;47058 Cuenca de Campos;Total;2005;266
47;Valladolid;47058 Cuenca de Campos;Total;2004;259
47;Valladolid;47058 Cuenca de Campos;Total;2003;261
47;Valladolid;47058 Cuenca de Campos;Total;2002;276
47;Valladolid;47058 Cuenca de Campos;Total;2001;288
47;Valladolid;47058 Cuenca de Campos;Total;2000;292
47;Valladolid;47058 Cuenca de Campos;Total;1999;302
47;Valladolid;47058 Cuenca de Campos;Total;1998;303
47;Valladolid;47058 Cuenca de Campos;Total;1997;
47;Valladolid;47058 Cuenca de Campos;Total;1996;306
47;Valladolid;47058 Cuenca de Campos;Hombres;2023;103
47;Valladolid;47058 Cuenca de Campos;Hombres;2022;109
47;Valladolid;47058 Cuenca de Campos;Hombres;2021;108
47;Valladolid;47058 Cuenca de Campos;Hombres;2020;112
47;Valladolid;47058 Cuenca de Campos;Hombres;2019;115
47;Valladolid;47058 Cuenca de Campos;Hombres;2018;116
47;Valladolid;47058 Cuenca de Campos;Hombres;2017;118
47;Valladolid;47058 Cuenca de Campos;Hombres;2016;120
47;Valladolid;47058 Cuenca de Campos;Hombres;2015;128
47;Valladolid;47058 Cuenca de Campos;Hombres;2014;136
47;Valladolid;47058 Cuenca de Campos;Hombres;2013;116
47;Valladolid;47058 Cuenca de Campos;Hombres;2012;119
47;Valladolid;47058 Cuenca de Campos;Hombres;2011;119
47;Valladolid;47058 Cuenca de Campos;Hombres;2010;130
47;Valladolid;47058 Cuenca de Campos;Hombres;2009;119
47;Valladolid;47058 Cuenca de Campos;Hombres;2008;120
47;Valladolid;47058 Cuenca de Campos;Hombres;2007;128
47;Valladolid;47058 Cuenca de Campos;Hombres;2006;132
47;Valladolid;47058 Cuenca de Campos;Hombres;2005;133
47;Valladolid;47058 Cuenca de Campos;Hombres;2004;126
47;Valladolid;47058 Cuenca de Campos;Hombres;2003;129
47;Valladolid;47058 Cuenca de Campos;Hombres;2002;138
47;Valladolid;47058 Cuenca de Campos;Hombres;2001;142
47;Valladolid;47058 Cuenca de Campos;Hombres;2000;146
47;Valladolid;47058 Cuenca de Campos;Hombres;1999;150
47;Valladolid;47058 Cuenca de Campos;Hombres;1998;150
47;Valladolid;47058 Cuenca de Campos;Hombres;1997;
47;Valladolid;47058 Cuenca de Campos;Hombres;1996;151
47;Valladolid;47058 Cuenca de Campos;Mujeres;2023;95
47;Valladolid;47058 Cuenca de Campos;Mujeres;2022;100
47;Valladolid;47058 Cuenca de Campos;Mujeres;2021;100
47;Valladolid;47058 Cuenca de Campos;Mujeres;2020;103
47;Valladolid;47058 Cuenca de Campos;Mujeres;2019;109
47;Valladolid;47058 Cuenca de Campos;Mujeres;2018;110
47;Valladolid;47058 Cuenca de Campos;Mujeres;2017;109
47;Valladolid;47058 Cuenca de Campos;Mujeres;2016;108
47;Valladolid;47058 Cuenca de Campos;Mujeres;2015;115
47;Valladolid;47058 Cuenca de Campos;Mujeres;2014;118
47;Valladolid;47058 Cuenca de Campos;Mujeres;2013;103
47;Valladolid;47058 Cuenca de Campos;Mujeres;2012;108
47;Valladolid;47058 Cuenca de Campos;Mujeres;2011;114
47;Valladolid;47058 Cuenca de Campos;Mujeres;2010;124
47;Valladolid;47058 Cuenca de Campos;Mujeres;2009;106
47;Valladolid;47058 Cuenca de Campos;Mujeres;2008;109
47;Valladolid;47058 Cuenca de Campos;Mujeres;2007;118
47;Valladolid;47058 Cuenca de Campos;Mujeres;2006;127
47;Valladolid;47058 Cuenca de Campos;Mujeres;2005;133
47;Valladolid;47058 Cuenca de Campos;Mujeres;2004;133
47;Valladolid;47058 Cuenca de Campos;Mujeres;2003;132
47;Valladolid;47058 Cuenca de Campos;Mujeres;2002;138
47;Valladolid;47058 Cuenca de Campos;Mujeres;2001;146
47;Valladolid;47058 Cuenca de Campos;Mujeres;2000;146
47;Valladolid;47058 Cuenca de Campos;Mujeres;1999;152
47;Valladolid;47058 Cuenca de Campos;Mujeres;1998;153
47;Valladolid;47058 Cuenca de Campos;Mujeres;1997;
47;Valladolid;47058 Cuenca de Campos;Mujeres;1996;155
47;Valladolid;47059 Curiel de Duero;Total;2023;121
47;Valladolid;47059 Curiel de Duero;Total;2022;112
47;Valladolid;47059 Curiel de Duero;Total;2021;118
47;Valladolid;47059 Curiel de Duero;Total;2020;118
47;Valladolid;47059 Curiel de Duero;Total;2019;123
47;Valladolid;47059 Curiel de Duero;Total;2018;126
47;Valladolid;47059 Curiel de Duero;Total;2017;129
47;Valladolid;47059 Curiel de Duero;Total;2016;102
47;Valladolid;47059 Curiel de Duero;Total;2015;111
47;Valladolid;47059 Curiel de Duero;Total;2014;121
47;Valladolid;47059 Curiel de Duero;Total;2013;125
47;Valladolid;47059 Curiel de Duero;Total;2012;130
47;Valladolid;47059 Curiel de Duero;Total;2011;131
47;Valladolid;47059 Curiel de Duero;Total;2010;135
47;Valladolid;47059 Curiel de Duero;Total;2009;134
47;Valladolid;47059 Curiel de Duero;Total;2008;130
47;Valladolid;47059 Curiel de Duero;Total;2007;126
47;Valladolid;47059 Curiel de Duero;Total;2006;111
47;Valladolid;47059 Curiel de Duero;Total;2005;95
47;Valladolid;47059 Curiel de Duero;Total;2004;98
47;Valladolid;47059 Curiel de Duero;Total;2003;103
47;Valladolid;47059 Curiel de Duero;Total;2002;114
47;Valladolid;47059 Curiel de Duero;Total;2001;124
47;Valladolid;47059 Curiel de Duero;Total;2000;128
47;Valladolid;47059 Curiel de Duero;Total;1999;126
47;Valladolid;47059 Curiel de Duero;Total;1998;126
47;Valladolid;47059 Curiel de Duero;Total;1997;
47;Valladolid;47059 Curiel de Duero;Total;1996;135
47;Valladolid;47059 Curiel de Duero;Hombres;2023;76
47;Valladolid;47059 Curiel de Duero;Hombres;2022;72
47;Valladolid;47059 Curiel de Duero;Hombres;2021;77
47;Valladolid;47059 Curiel de Duero;Hombres;2020;76
47;Valladolid;47059 Curiel de Duero;Hombres;2019;77
47;Valladolid;47059 Curiel de Duero;Hombres;2018;79
47;Valladolid;47059 Curiel de Duero;Hombres;2017;80
47;Valladolid;47059 Curiel de Duero;Hombres;2016;68
47;Valladolid;47059 Curiel de Duero;Hombres;2015;73
47;Valladolid;47059 Curiel de Duero;Hombres;2014;79
47;Valladolid;47059 Curiel de Duero;Hombres;2013;83
47;Valladolid;47059 Curiel de Duero;Hombres;2012;83
47;Valladolid;47059 Curiel de Duero;Hombres;2011;84
47;Valladolid;47059 Curiel de Duero;Hombres;2010;84
47;Valladolid;47059 Curiel de Duero;Hombres;2009;83
47;Valladolid;47059 Curiel de Duero;Hombres;2008;78
47;Valladolid;47059 Curiel de Duero;Hombres;2007;73
47;Valladolid;47059 Curiel de Duero;Hombres;2006;64
47;Valladolid;47059 Curiel de Duero;Hombres;2005;55
47;Valladolid;47059 Curiel de Duero;Hombres;2004;55
47;Valladolid;47059 Curiel de Duero;Hombres;2003;58
47;Valladolid;47059 Curiel de Duero;Hombres;2002;62
47;Valladolid;47059 Curiel de Duero;Hombres;2001;70
47;Valladolid;47059 Curiel de Duero;Hombres;2000;72
47;Valladolid;47059 Curiel de Duero;Hombres;1999;71
47;Valladolid;47059 Curiel de Duero;Hombres;1998;71
47;Valladolid;47059 Curiel de Duero;Hombres;1997;
47;Valladolid;47059 Curiel de Duero;Hombres;1996;75
47;Valladolid;47059 Curiel de Duero;Mujeres;2023;45
47;Valladolid;47059 Curiel de Duero;Mujeres;2022;40
47;Valladolid;47059 Curiel de Duero;Mujeres;2021;41
47;Valladolid;47059 Curiel de Duero;Mujeres;2020;42
47;Valladolid;47059 Curiel de Duero;Mujeres;2019;46
47;Valladolid;47059 Curiel de Duero;Mujeres;2018;47
47;Valladolid;47059 Curiel de Duero;Mujeres;2017;49
47;Valladolid;47059 Curiel de Duero;Mujeres;2016;34
47;Valladolid;47059 Curiel de Duero;Mujeres;2015;38
47;Valladolid;47059 Curiel de Duero;Mujeres;2014;42
47;Valladolid;47059 Curiel de Duero;Mujeres;2013;42
47;Valladolid;47059 Curiel de Duero;Mujeres;2012;47
47;Valladolid;47059 Curiel de Duero;Mujeres;2011;47
47;Valladolid;47059 Curiel de Duero;Mujeres;2010;51
47;Valladolid;47059 Curiel de Duero;Mujeres;2009;51
47;Valladolid;47059 Curiel de Duero;Mujeres;2008;52
47;Valladolid;47059 Curiel de Duero;Mujeres;2007;53
47;Valladolid;47059 Curiel de Duero;Mujeres;2006;47
47;Valladolid;47059 Curiel de Duero;Mujeres;2005;40
47;Valladolid;47059 Curiel de Duero;Mujeres;2004;43
47;Valladolid;47059 Curiel de Duero;Mujeres;2003;45
47;Valladolid;47059 Curiel de Duero;Mujeres;2002;52
47;Valladolid;47059 Curiel de Duero;Mujeres;2001;54
47;Valladolid;47059 Curiel de Duero;Mujeres;2000;56
47;Valladolid;47059 Curiel de Duero;Mujeres;1999;55
47;Valladolid;47059 Curiel de Duero;Mujeres;1998;55
47;Valladolid;47059 Curiel de Duero;Mujeres;1997;
47;Valladolid;47059 Curiel de Duero;Mujeres;1996;60
47;Valladolid;47060 Encinas de Esgueva;Total;2023;213
47;Valladolid;47060 Encinas de Esgueva;Total;2022;210
47;Valladolid;47060 Encinas de Esgueva;Total;2021;221
47;Valladolid;47060 Encinas de Esgueva;Total;2020;231
47;Valladolid;47060 Encinas de Esgueva;Total;2019;248
47;Valladolid;47060 Encinas de Esgueva;Total;2018;257
47;Valladolid;47060 Encinas de Esgueva;Total;2017;272
47;Valladolid;47060 Encinas de Esgueva;Total;2016;282
47;Valladolid;47060 Encinas de Esgueva;Total;2015;279
47;Valladolid;47060 Encinas de Esgueva;Total;2014;275
47;Valladolid;47060 Encinas de Esgueva;Total;2013;274
47;Valladolid;47060 Encinas de Esgueva;Total;2012;290
47;Valladolid;47060 Encinas de Esgueva;Total;2011;302
47;Valladolid;47060 Encinas de Esgueva;Total;2010;297
47;Valladolid;47060 Encinas de Esgueva;Total;2009;296
47;Valladolid;47060 Encinas de Esgueva;Total;2008;292
47;Valladolid;47060 Encinas de Esgueva;Total;2007;303
47;Valladolid;47060 Encinas de Esgueva;Total;2006;325
47;Valladolid;47060 Encinas de Esgueva;Total;2005;337
47;Valladolid;47060 Encinas de Esgueva;Total;2004;340
47;Valladolid;47060 Encinas de Esgueva;Total;2003;335
47;Valladolid;47060 Encinas de Esgueva;Total;2002;350
47;Valladolid;47060 Encinas de Esgueva;Total;2001;361
47;Valladolid;47060 Encinas de Esgueva;Total;2000;370
47;Valladolid;47060 Encinas de Esgueva;Total;1999;390
47;Valladolid;47060 Encinas de Esgueva;Total;1998;390
47;Valladolid;47060 Encinas de Esgueva;Total;1997;
47;Valladolid;47060 Encinas de Esgueva;Total;1996;409
47;Valladolid;47060 Encinas de Esgueva;Hombres;2023;118
47;Valladolid;47060 Encinas de Esgueva;Hombres;2022;119
47;Valladolid;47060 Encinas de Esgueva;Hombres;2021;126
47;Valladolid;47060 Encinas de Esgueva;Hombres;2020;136
47;Valladolid;47060 Encinas de Esgueva;Hombres;2019;147
47;Valladolid;47060 Encinas de Esgueva;Hombres;2018;151
47;Valladolid;47060 Encinas de Esgueva;Hombres;2017;158
47;Valladolid;47060 Encinas de Esgueva;Hombres;2016;163
47;Valladolid;47060 Encinas de Esgueva;Hombres;2015;158
47;Valladolid;47060 Encinas de Esgueva;Hombres;2014;154
47;Valladolid;47060 Encinas de Esgueva;Hombres;2013;152
47;Valladolid;47060 Encinas de Esgueva;Hombres;2012;160
47;Valladolid;47060 Encinas de Esgueva;Hombres;2011;163
47;Valladolid;47060 Encinas de Esgueva;Hombres;2010;157
47;Valladolid;47060 Encinas de Esgueva;Hombres;2009;157
47;Valladolid;47060 Encinas de Esgueva;Hombres;2008;157
47;Valladolid;47060 Encinas de Esgueva;Hombres;2007;164
47;Valladolid;47060 Encinas de Esgueva;Hombres;2006;177
47;Valladolid;47060 Encinas de Esgueva;Hombres;2005;184
47;Valladolid;47060 Encinas de Esgueva;Hombres;2004;185
47;Valladolid;47060 Encinas de Esgueva;Hombres;2003;181
47;Valladolid;47060 Encinas de Esgueva;Hombres;2002;190
47;Valladolid;47060 Encinas de Esgueva;Hombres;2001;191
47;Valladolid;47060 Encinas de Esgueva;Hombres;2000;195
47;Valladolid;47060 Encinas de Esgueva;Hombres;1999;208
47;Valladolid;47060 Encinas de Esgueva;Hombres;1998;208
47;Valladolid;47060 Encinas de Esgueva;Hombres;1997;
47;Valladolid;47060 Encinas de Esgueva;Hombres;1996;221
47;Valladolid;47060 Encinas de Esgueva;Mujeres;2023;95
47;Valladolid;47060 Encinas de Esgueva;Mujeres;2022;91
47;Valladolid;47060 Encinas de Esgueva;Mujeres;2021;95
47;Valladolid;47060 Encinas de Esgueva;Mujeres;2020;95
47;Valladolid;47060 Encinas de Esgueva;Mujeres;2019;101
47;Valladolid;47060 Encinas de Esgueva;Mujeres;2018;106
47;Valladolid;47060 Encinas de Esgueva;Mujeres;2017;114
47;Valladolid;47060 Encinas de Esgueva;Mujeres;2016;119
47;Valladolid;47060 Encinas de Esgueva;Mujeres;2015;121
47;Valladolid;47060 Encinas de Esgueva;Mujeres;2014;121
47;Valladolid;47060 Encinas de Esgueva;Mujeres;2013;122
47;Valladolid;47060 Encinas de Esgueva;Mujeres;2012;130
47;Valladolid;47060 Encinas de Esgueva;Mujeres;2011;139
47;Valladolid;47060 Encinas de Esgueva;Mujeres;2010;140
47;Valladolid;47060 Encinas de Esgueva;Mujeres;2009;139
47;Valladolid;47060 Encinas de Esgueva;Mujeres;2008;135
47;Valladolid;47060 Encinas de Esgueva;Mujeres;2007;139
47;Valladolid;47060 Encinas de Esgueva;Mujeres;2006;148
47;Valladolid;47060 Encinas de Esgueva;Mujeres;2005;153
47;Valladolid;47060 Encinas de Esgueva;Mujeres;2004;155
47;Valladolid;47060 Encinas de Esgueva;Mujeres;2003;154
47;Valladolid;47060 Encinas de Esgueva;Mujeres;2002;160
47;Valladolid;47060 Encinas de Esgueva;Mujeres;2001;170
47;Valladolid;47060 Encinas de Esgueva;Mujeres;2000;175
47;Valladolid;47060 Encinas de Esgueva;Mujeres;1999;182
47;Valladolid;47060 Encinas de Esgueva;Mujeres;1998;182
47;Valladolid;47060 Encinas de Esgueva;Mujeres;1997;
47;Valladolid;47060 Encinas de Esgueva;Mujeres;1996;188
47;Valladolid;47061 Esguevillas de Esgueva;Total;2023;266
47;Valladolid;47061 Esguevillas de Esgueva;Total;2022;269
47;Valladolid;47061 Esguevillas de Esgueva;Total;2021;269
47;Valladolid;47061 Esguevillas de Esgueva;Total;2020;265
47;Valladolid;47061 Esguevillas de Esgueva;Total;2019;271
47;Valladolid;47061 Esguevillas de Esgueva;Total;2018;272
47;Valladolid;47061 Esguevillas de Esgueva;Total;2017;272
47;Valladolid;47061 Esguevillas de Esgueva;Total;2016;277
47;Valladolid;47061 Esguevillas de Esgueva;Total;2015;283
47;Valladolid;47061 Esguevillas de Esgueva;Total;2014;282
47;Valladolid;47061 Esguevillas de Esgueva;Total;2013;281
47;Valladolid;47061 Esguevillas de Esgueva;Total;2012;288
47;Valladolid;47061 Esguevillas de Esgueva;Total;2011;292
47;Valladolid;47061 Esguevillas de Esgueva;Total;2010;309
47;Valladolid;47061 Esguevillas de Esgueva;Total;2009;305
47;Valladolid;47061 Esguevillas de Esgueva;Total;2008;309
47;Valladolid;47061 Esguevillas de Esgueva;Total;2007;318
47;Valladolid;47061 Esguevillas de Esgueva;Total;2006;336
47;Valladolid;47061 Esguevillas de Esgueva;Total;2005;348
47;Valladolid;47061 Esguevillas de Esgueva;Total;2004;350
47;Valladolid;47061 Esguevillas de Esgueva;Total;2003;360
47;Valladolid;47061 Esguevillas de Esgueva;Total;2002;386
47;Valladolid;47061 Esguevillas de Esgueva;Total;2001;411
47;Valladolid;47061 Esguevillas de Esgueva;Total;2000;423
47;Valladolid;47061 Esguevillas de Esgueva;Total;1999;432
47;Valladolid;47061 Esguevillas de Esgueva;Total;1998;436
47;Valladolid;47061 Esguevillas de Esgueva;Total;1997;
47;Valladolid;47061 Esguevillas de Esgueva;Total;1996;446
47;Valladolid;47061 Esguevillas de Esgueva;Hombres;2023;148
47;Valladolid;47061 Esguevillas de Esgueva;Hombres;2022;145
47;Valladolid;47061 Esguevillas de Esgueva;Hombres;2021;148
47;Valladolid;47061 Esguevillas de Esgueva;Hombres;2020;147
47;Valladolid;47061 Esguevillas de Esgueva;Hombres;2019;146
47;Valladolid;47061 Esguevillas de Esgueva;Hombres;2018;145
47;Valladolid;47061 Esguevillas de Esgueva;Hombres;2017;147
47;Valladolid;47061 Esguevillas de Esgueva;Hombres;2016;146
47;Valladolid;47061 Esguevillas de Esgueva;Hombres;2015;152
47;Valladolid;47061 Esguevillas de Esgueva;Hombres;2014;150
47;Valladolid;47061 Esguevillas de Esgueva;Hombres;2013;151
47;Valladolid;47061 Esguevillas de Esgueva;Hombres;2012;155
47;Valladolid;47061 Esguevillas de Esgueva;Hombres;2011;159
47;Valladolid;47061 Esguevillas de Esgueva;Hombres;2010;165
47;Valladolid;47061 Esguevillas de Esgueva;Hombres;2009;161
47;Valladolid;47061 Esguevillas de Esgueva;Hombres;2008;160
47;Valladolid;47061 Esguevillas de Esgueva;Hombres;2007;168
47;Valladolid;47061 Esguevillas de Esgueva;Hombres;2006;170
47;Valladolid;47061 Esguevillas de Esgueva;Hombres;2005;178
47;Valladolid;47061 Esguevillas de Esgueva;Hombres;2004;180
47;Valladolid;47061 Esguevillas de Esgueva;Hombres;2003;186
47;Valladolid;47061 Esguevillas de Esgueva;Hombres;2002;202
47;Valladolid;47061 Esguevillas de Esgueva;Hombres;2001;211
47;Valladolid;47061 Esguevillas de Esgueva;Hombres;2000;214
47;Valladolid;47061 Esguevillas de Esgueva;Hombres;1999;222
47;Valladolid;47061 Esguevillas de Esgueva;Hombres;1998;222
47;Valladolid;47061 Esguevillas de Esgueva;Hombres;1997;
47;Valladolid;47061 Esguevillas de Esgueva;Hombres;1996;226
47;Valladolid;47061 Esguevillas de Esgueva;Mujeres;2023;118
47;Valladolid;47061 Esguevillas de Esgueva;Mujeres;2022;124
47;Valladolid;47061 Esguevillas de Esgueva;Mujeres;2021;121
47;Valladolid;47061 Esguevillas de Esgueva;Mujeres;2020;118
47;Valladolid;47061 Esguevillas de Esgueva;Mujeres;2019;125
47;Valladolid;47061 Esguevillas de Esgueva;Mujeres;2018;127
47;Valladolid;47061 Esguevillas de Esgueva;Mujeres;2017;125
47;Valladolid;47061 Esguevillas de Esgueva;Mujeres;2016;131
47;Valladolid;47061 Esguevillas de Esgueva;Mujeres;2015;131
47;Valladolid;47061 Esguevillas de Esgueva;Mujeres;2014;132
47;Valladolid;47061 Esguevillas de Esgueva;Mujeres;2013;130
47;Valladolid;47061 Esguevillas de Esgueva;Mujeres;2012;133
47;Valladolid;47061 Esguevillas de Esgueva;Mujeres;2011;133
47;Valladolid;47061 Esguevillas de Esgueva;Mujeres;2010;144
47;Valladolid;47061 Esguevillas de Esgueva;Mujeres;2009;144
47;Valladolid;47061 Esguevillas de Esgueva;Mujeres;2008;149
47;Valladolid;47061 Esguevillas de Esgueva;Mujeres;2007;150
47;Valladolid;47061 Esguevillas de Esgueva;Mujeres;2006;166
47;Valladolid;47061 Esguevillas de Esgueva;Mujeres;2005;170
47;Valladolid;47061 Esguevillas de Esgueva;Mujeres;2004;170
47;Valladolid;47061 Esguevillas de Esgueva;Mujeres;2003;174
47;Valladolid;47061 Esguevillas de Esgueva;Mujeres;2002;184
47;Valladolid;47061 Esguevillas de Esgueva;Mujeres;2001;200
47;Valladolid;47061 Esguevillas de Esgueva;Mujeres;2000;209
47;Valladolid;47061 Esguevillas de Esgueva;Mujeres;1999;210
47;Valladolid;47061 Esguevillas de Esgueva;Mujeres;1998;214
47;Valladolid;47061 Esguevillas de Esgueva;Mujeres;1997;
47;Valladolid;47061 Esguevillas de Esgueva;Mujeres;1996;220
47;Valladolid;47062 Fombellida;Total;2023;180
47;Valladolid;47062 Fombellida;Total;2022;181
47;Valladolid;47062 Fombellida;Total;2021;166
47;Valladolid;47062 Fombellida;Total;2020;176
47;Valladolid;47062 Fombellida;Total;2019;173
47;Valladolid;47062 Fombellida;Total;2018;173
47;Valladolid;47062 Fombellida;Total;2017;174
47;Valladolid;47062 Fombellida;Total;2016;179
47;Valladolid;47062 Fombellida;Total;2015;185
47;Valladolid;47062 Fombellida;Total;2014;193
47;Valladolid;47062 Fombellida;Total;2013;189
47;Valladolid;47062 Fombellida;Total;2012;196
47;Valladolid;47062 Fombellida;Total;2011;207
47;Valladolid;47062 Fombellida;Total;2010;216
47;Valladolid;47062 Fombellida;Total;2009;210
47;Valladolid;47062 Fombellida;Total;2008;213
47;Valladolid;47062 Fombellida;Total;2007;220
47;Valladolid;47062 Fombellida;Total;2006;220
47;Valladolid;47062 Fombellida;Total;2005;227
47;Valladolid;47062 Fombellida;Total;2004;244
47;Valladolid;47062 Fombellida;Total;2003;242
47;Valladolid;47062 Fombellida;Total;2002;260
47;Valladolid;47062 Fombellida;Total;2001;270
47;Valladolid;47062 Fombellida;Total;2000;282
47;Valladolid;47062 Fombellida;Total;1999;294
47;Valladolid;47062 Fombellida;Total;1998;297
47;Valladolid;47062 Fombellida;Total;1997;
47;Valladolid;47062 Fombellida;Total;1996;301
47;Valladolid;47062 Fombellida;Hombres;2023;104
47;Valladolid;47062 Fombellida;Hombres;2022;104
47;Valladolid;47062 Fombellida;Hombres;2021;94
47;Valladolid;47062 Fombellida;Hombres;2020;102
47;Valladolid;47062 Fombellida;Hombres;2019;100
47;Valladolid;47062 Fombellida;Hombres;2018;99
47;Valladolid;47062 Fombellida;Hombres;2017;102
47;Valladolid;47062 Fombellida;Hombres;2016;104
47;Valladolid;47062 Fombellida;Hombres;2015;108
47;Valladolid;47062 Fombellida;Hombres;2014;110
47;Valladolid;47062 Fombellida;Hombres;2013;107
47;Valladolid;47062 Fombellida;Hombres;2012;111
47;Valladolid;47062 Fombellida;Hombres;2011;116
47;Valladolid;47062 Fombellida;Hombres;2010;119
47;Valladolid;47062 Fombellida;Hombres;2009;114
47;Valladolid;47062 Fombellida;Hombres;2008;117
47;Valladolid;47062 Fombellida;Hombres;2007;120
47;Valladolid;47062 Fombellida;Hombres;2006;117
47;Valladolid;47062 Fombellida;Hombres;2005;120
47;Valladolid;47062 Fombellida;Hombres;2004;131
47;Valladolid;47062 Fombellida;Hombres;2003;128
47;Valladolid;47062 Fombellida;Hombres;2002;137
47;Valladolid;47062 Fombellida;Hombres;2001;143
47;Valladolid;47062 Fombellida;Hombres;2000;147
47;Valladolid;47062 Fombellida;Hombres;1999;149
47;Valladolid;47062 Fombellida;Hombres;1998;150
47;Valladolid;47062 Fombellida;Hombres;1997;
47;Valladolid;47062 Fombellida;Hombres;1996;155
47;Valladolid;47062 Fombellida;Mujeres;2023;76
47;Valladolid;47062 Fombellida;Mujeres;2022;77
47;Valladolid;47062 Fombellida;Mujeres;2021;72
47;Valladolid;47062 Fombellida;Mujeres;2020;74
47;Valladolid;47062 Fombellida;Mujeres;2019;73
47;Valladolid;47062 Fombellida;Mujeres;2018;74
47;Valladolid;47062 Fombellida;Mujeres;2017;72
47;Valladolid;47062 Fombellida;Mujeres;2016;75
47;Valladolid;47062 Fombellida;Mujeres;2015;77
47;Valladolid;47062 Fombellida;Mujeres;2014;83
47;Valladolid;47062 Fombellida;Mujeres;2013;82
47;Valladolid;47062 Fombellida;Mujeres;2012;85
47;Valladolid;47062 Fombellida;Mujeres;2011;91
47;Valladolid;47062 Fombellida;Mujeres;2010;97
47;Valladolid;47062 Fombellida;Mujeres;2009;96
47;Valladolid;47062 Fombellida;Mujeres;2008;96
47;Valladolid;47062 Fombellida;Mujeres;2007;100
47;Valladolid;47062 Fombellida;Mujeres;2006;103
47;Valladolid;47062 Fombellida;Mujeres;2005;107
47;Valladolid;47062 Fombellida;Mujeres;2004;113
47;Valladolid;47062 Fombellida;Mujeres;2003;114
47;Valladolid;47062 Fombellida;Mujeres;2002;123
47;Valladolid;47062 Fombellida;Mujeres;2001;127
47;Valladolid;47062 Fombellida;Mujeres;2000;135
47;Valladolid;47062 Fombellida;Mujeres;1999;145
47;Valladolid;47062 Fombellida;Mujeres;1998;147
47;Valladolid;47062 Fombellida;Mujeres;1997;
47;Valladolid;47062 Fombellida;Mujeres;1996;146
47;Valladolid;47063 Fompedraza;Total;2023;106
47;Valladolid;47063 Fompedraza;Total;2022;109
47;Valladolid;47063 Fompedraza;Total;2021;103
47;Valladolid;47063 Fompedraza;Total;2020;100
47;Valladolid;47063 Fompedraza;Total;2019;99
47;Valladolid;47063 Fompedraza;Total;2018;110
47;Valladolid;47063 Fompedraza;Total;2017;107
47;Valladolid;47063 Fompedraza;Total;2016;113
47;Valladolid;47063 Fompedraza;Total;2015;118
47;Valladolid;47063 Fompedraza;Total;2014;127
47;Valladolid;47063 Fompedraza;Total;2013;132
47;Valladolid;47063 Fompedraza;Total;2012;124
47;Valladolid;47063 Fompedraza;Total;2011;133
47;Valladolid;47063 Fompedraza;Total;2010;138
47;Valladolid;47063 Fompedraza;Total;2009;134
47;Valladolid;47063 Fompedraza;Total;2008;133
47;Valladolid;47063 Fompedraza;Total;2007;143
47;Valladolid;47063 Fompedraza;Total;2006;148
47;Valladolid;47063 Fompedraza;Total;2005;156
47;Valladolid;47063 Fompedraza;Total;2004;143
47;Valladolid;47063 Fompedraza;Total;2003;148
47;Valladolid;47063 Fompedraza;Total;2002;145
47;Valladolid;47063 Fompedraza;Total;2001;146
47;Valladolid;47063 Fompedraza;Total;2000;143
47;Valladolid;47063 Fompedraza;Total;1999;148
47;Valladolid;47063 Fompedraza;Total;1998;145
47;Valladolid;47063 Fompedraza;Total;1997;
47;Valladolid;47063 Fompedraza;Total;1996;145
47;Valladolid;47063 Fompedraza;Hombres;2023;58
47;Valladolid;47063 Fompedraza;Hombres;2022;58
47;Valladolid;47063 Fompedraza;Hombres;2021;55
47;Valladolid;47063 Fompedraza;Hombres;2020;52
47;Valladolid;47063 Fompedraza;Hombres;2019;51
47;Valladolid;47063 Fompedraza;Hombres;2018;57
47;Valladolid;47063 Fompedraza;Hombres;2017;56
47;Valladolid;47063 Fompedraza;Hombres;2016;59
47;Valladolid;47063 Fompedraza;Hombres;2015;64
47;Valladolid;47063 Fompedraza;Hombres;2014;68
47;Valladolid;47063 Fompedraza;Hombres;2013;71
47;Valladolid;47063 Fompedraza;Hombres;2012;70
47;Valladolid;47063 Fompedraza;Hombres;2011;74
47;Valladolid;47063 Fompedraza;Hombres;2010;76
47;Valladolid;47063 Fompedraza;Hombres;2009;76
47;Valladolid;47063 Fompedraza;Hombres;2008;74
47;Valladolid;47063 Fompedraza;Hombres;2007;79
47;Valladolid;47063 Fompedraza;Hombres;2006;84
47;Valladolid;47063 Fompedraza;Hombres;2005;90
47;Valladolid;47063 Fompedraza;Hombres;2004;84
47;Valladolid;47063 Fompedraza;Hombres;2003;82
47;Valladolid;47063 Fompedraza;Hombres;2002;78
47;Valladolid;47063 Fompedraza;Hombres;2001;77
47;Valladolid;47063 Fompedraza;Hombres;2000;77
47;Valladolid;47063 Fompedraza;Hombres;1999;83
47;Valladolid;47063 Fompedraza;Hombres;1998;79
47;Valladolid;47063 Fompedraza;Hombres;1997;
47;Valladolid;47063 Fompedraza;Hombres;1996;79
47;Valladolid;47063 Fompedraza;Mujeres;2023;48
47;Valladolid;47063 Fompedraza;Mujeres;2022;51
47;Valladolid;47063 Fompedraza;Mujeres;2021;48
47;Valladolid;47063 Fompedraza;Mujeres;2020;48
47;Valladolid;47063 Fompedraza;Mujeres;2019;48
47;Valladolid;47063 Fompedraza;Mujeres;2018;53
47;Valladolid;47063 Fompedraza;Mujeres;2017;51
47;Valladolid;47063 Fompedraza;Mujeres;2016;54
47;Valladolid;47063 Fompedraza;Mujeres;2015;54
47;Valladolid;47063 Fompedraza;Mujeres;2014;59
47;Valladolid;47063 Fompedraza;Mujeres;2013;61
47;Valladolid;47063 Fompedraza;Mujeres;2012;54
47;Valladolid;47063 Fompedraza;Mujeres;2011;59
47;Valladolid;47063 Fompedraza;Mujeres;2010;62
47;Valladolid;47063 Fompedraza;Mujeres;2009;58
47;Valladolid;47063 Fompedraza;Mujeres;2008;59
47;Valladolid;47063 Fompedraza;Mujeres;2007;64
47;Valladolid;47063 Fompedraza;Mujeres;2006;64
47;Valladolid;47063 Fompedraza;Mujeres;2005;66
47;Valladolid;47063 Fompedraza;Mujeres;2004;59
47;Valladolid;47063 Fompedraza;Mujeres;2003;66
47;Valladolid;47063 Fompedraza;Mujeres;2002;67
47;Valladolid;47063 Fompedraza;Mujeres;2001;69
47;Valladolid;47063 Fompedraza;Mujeres;2000;66
47;Valladolid;47063 Fompedraza;Mujeres;1999;65
47;Valladolid;47063 Fompedraza;Mujeres;1998;66
47;Valladolid;47063 Fompedraza;Mujeres;1997;
47;Valladolid;47063 Fompedraza;Mujeres;1996;66
47;Valladolid;47064 Fontihoyuelo;Total;2023;36
47;Valladolid;47064 Fontihoyuelo;Total;2022;37
47;Valladolid;47064 Fontihoyuelo;Total;2021;36
47;Valladolid;47064 Fontihoyuelo;Total;2020;39
47;Valladolid;47064 Fontihoyuelo;Total;2019;38
47;Valladolid;47064 Fontihoyuelo;Total;2018;34
47;Valladolid;47064 Fontihoyuelo;Total;2017;34
47;Valladolid;47064 Fontihoyuelo;Total;2016;34
47;Valladolid;47064 Fontihoyuelo;Total;2015;33
47;Valladolid;47064 Fontihoyuelo;Total;2014;29
47;Valladolid;47064 Fontihoyuelo;Total;2013;32
47;Valladolid;47064 Fontihoyuelo;Total;2012;34
47;Valladolid;47064 Fontihoyuelo;Total;2011;37
47;Valladolid;47064 Fontihoyuelo;Total;2010;36
47;Valladolid;47064 Fontihoyuelo;Total;2009;33
47;Valladolid;47064 Fontihoyuelo;Total;2008;37
47;Valladolid;47064 Fontihoyuelo;Total;2007;37
47;Valladolid;47064 Fontihoyuelo;Total;2006;38
47;Valladolid;47064 Fontihoyuelo;Total;2005;40
47;Valladolid;47064 Fontihoyuelo;Total;2004;41
47;Valladolid;47064 Fontihoyuelo;Total;2003;38
47;Valladolid;47064 Fontihoyuelo;Total;2002;39
47;Valladolid;47064 Fontihoyuelo;Total;2001;40
47;Valladolid;47064 Fontihoyuelo;Total;2000;42
47;Valladolid;47064 Fontihoyuelo;Total;1999;47
47;Valladolid;47064 Fontihoyuelo;Total;1998;47
47;Valladolid;47064 Fontihoyuelo;Total;1997;
47;Valladolid;47064 Fontihoyuelo;Total;1996;42
47;Valladolid;47064 Fontihoyuelo;Hombres;2023;22
47;Valladolid;47064 Fontihoyuelo;Hombres;2022;23
47;Valladolid;47064 Fontihoyuelo;Hombres;2021;20
47;Valladolid;47064 Fontihoyuelo;Hombres;2020;23
47;Valladolid;47064 Fontihoyuelo;Hombres;2019;22
47;Valladolid;47064 Fontihoyuelo;Hombres;2018;20
47;Valladolid;47064 Fontihoyuelo;Hombres;2017;20
47;Valladolid;47064 Fontihoyuelo;Hombres;2016;20
47;Valladolid;47064 Fontihoyuelo;Hombres;2015;20
47;Valladolid;47064 Fontihoyuelo;Hombres;2014;16
47;Valladolid;47064 Fontihoyuelo;Hombres;2013;17
47;Valladolid;47064 Fontihoyuelo;Hombres;2012;19
47;Valladolid;47064 Fontihoyuelo;Hombres;2011;20
47;Valladolid;47064 Fontihoyuelo;Hombres;2010;20
47;Valladolid;47064 Fontihoyuelo;Hombres;2009;18
47;Valladolid;47064 Fontihoyuelo;Hombres;2008;22
47;Valladolid;47064 Fontihoyuelo;Hombres;2007;22
47;Valladolid;47064 Fontihoyuelo;Hombres;2006;24
47;Valladolid;47064 Fontihoyuelo;Hombres;2005;25
47;Valladolid;47064 Fontihoyuelo;Hombres;2004;26
47;Valladolid;47064 Fontihoyuelo;Hombres;2003;25
47;Valladolid;47064 Fontihoyuelo;Hombres;2002;24
47;Valladolid;47064 Fontihoyuelo;Hombres;2001;26
47;Valladolid;47064 Fontihoyuelo;Hombres;2000;27
47;Valladolid;47064 Fontihoyuelo;Hombres;1999;29
47;Valladolid;47064 Fontihoyuelo;Hombres;1998;29
47;Valladolid;47064 Fontihoyuelo;Hombres;1997;
47;Valladolid;47064 Fontihoyuelo;Hombres;1996;26
47;Valladolid;47064 Fontihoyuelo;Mujeres;2023;14
47;Valladolid;47064 Fontihoyuelo;Mujeres;2022;14
47;Valladolid;47064 Fontihoyuelo;Mujeres;2021;16
47;Valladolid;47064 Fontihoyuelo;Mujeres;2020;16
47;Valladolid;47064 Fontihoyuelo;Mujeres;2019;16
47;Valladolid;47064 Fontihoyuelo;Mujeres;2018;14
47;Valladolid;47064 Fontihoyuelo;Mujeres;2017;14
47;Valladolid;47064 Fontihoyuelo;Mujeres;2016;14
47;Valladolid;47064 Fontihoyuelo;Mujeres;2015;13
47;Valladolid;47064 Fontihoyuelo;Mujeres;2014;13
47;Valladolid;47064 Fontihoyuelo;Mujeres;2013;15
47;Valladolid;47064 Fontihoyuelo;Mujeres;2012;15
47;Valladolid;47064 Fontihoyuelo;Mujeres;2011;17
47;Valladolid;47064 Fontihoyuelo;Mujeres;2010;16
47;Valladolid;47064 Fontihoyuelo;Mujeres;2009;15
47;Valladolid;47064 Fontihoyuelo;Mujeres;2008;15
47;Valladolid;47064 Fontihoyuelo;Mujeres;2007;15
47;Valladolid;47064 Fontihoyuelo;Mujeres;2006;14
47;Valladolid;47064 Fontihoyuelo;Mujeres;2005;15
47;Valladolid;47064 Fontihoyuelo;Mujeres;2004;15
47;Valladolid;47064 Fontihoyuelo;Mujeres;2003;13
47;Valladolid;47064 Fontihoyuelo;Mujeres;2002;15
47;Valladolid;47064 Fontihoyuelo;Mujeres;2001;14
47;Valladolid;47064 Fontihoyuelo;Mujeres;2000;15
47;Valladolid;47064 Fontihoyuelo;Mujeres;1999;18
47;Valladolid;47064 Fontihoyuelo;Mujeres;1998;18
47;Valladolid;47064 Fontihoyuelo;Mujeres;1997;
47;Valladolid;47064 Fontihoyuelo;Mujeres;1996;16
47;Valladolid;47065 Fresno el Viejo;Total;2023;854
47;Valladolid;47065 Fresno el Viejo;Total;2022;860
47;Valladolid;47065 Fresno el Viejo;Total;2021;848
47;Valladolid;47065 Fresno el Viejo;Total;2020;878
47;Valladolid;47065 Fresno el Viejo;Total;2019;885
47;Valladolid;47065 Fresno el Viejo;Total;2018;913
47;Valladolid;47065 Fresno el Viejo;Total;2017;927
47;Valladolid;47065 Fresno el Viejo;Total;2016;946
47;Valladolid;47065 Fresno el Viejo;Total;2015;946
47;Valladolid;47065 Fresno el Viejo;Total;2014;967
47;Valladolid;47065 Fresno el Viejo;Total;2013;982
47;Valladolid;47065 Fresno el Viejo;Total;2012;990
47;Valladolid;47065 Fresno el Viejo;Total;2011;1011
47;Valladolid;47065 Fresno el Viejo;Total;2010;1057
47;Valladolid;47065 Fresno el Viejo;Total;2009;1076
47;Valladolid;47065 Fresno el Viejo;Total;2008;1089
47;Valladolid;47065 Fresno el Viejo;Total;2007;1117
47;Valladolid;47065 Fresno el Viejo;Total;2006;1139
47;Valladolid;47065 Fresno el Viejo;Total;2005;1159
47;Valladolid;47065 Fresno el Viejo;Total;2004;1182
47;Valladolid;47065 Fresno el Viejo;Total;2003;1196
47;Valladolid;47065 Fresno el Viejo;Total;2002;1229
47;Valladolid;47065 Fresno el Viejo;Total;2001;1235
47;Valladolid;47065 Fresno el Viejo;Total;2000;1267
47;Valladolid;47065 Fresno el Viejo;Total;1999;1287
47;Valladolid;47065 Fresno el Viejo;Total;1998;1301
47;Valladolid;47065 Fresno el Viejo;Total;1997;
47;Valladolid;47065 Fresno el Viejo;Total;1996;1331
47;Valladolid;47065 Fresno el Viejo;Hombres;2023;455
47;Valladolid;47065 Fresno el Viejo;Hombres;2022;455
47;Valladolid;47065 Fresno el Viejo;Hombres;2021;457
47;Valladolid;47065 Fresno el Viejo;Hombres;2020;473
47;Valladolid;47065 Fresno el Viejo;Hombres;2019;472
47;Valladolid;47065 Fresno el Viejo;Hombres;2018;487
47;Valladolid;47065 Fresno el Viejo;Hombres;2017;495
47;Valladolid;47065 Fresno el Viejo;Hombres;2016;502
47;Valladolid;47065 Fresno el Viejo;Hombres;2015;497
47;Valladolid;47065 Fresno el Viejo;Hombres;2014;509
47;Valladolid;47065 Fresno el Viejo;Hombres;2013;513
47;Valladolid;47065 Fresno el Viejo;Hombres;2012;515
47;Valladolid;47065 Fresno el Viejo;Hombres;2011;529
47;Valladolid;47065 Fresno el Viejo;Hombres;2010;556
47;Valladolid;47065 Fresno el Viejo;Hombres;2009;566
47;Valladolid;47065 Fresno el Viejo;Hombres;2008;569
47;Valladolid;47065 Fresno el Viejo;Hombres;2007;580
47;Valladolid;47065 Fresno el Viejo;Hombres;2006;591
47;Valladolid;47065 Fresno el Viejo;Hombres;2005;601
47;Valladolid;47065 Fresno el Viejo;Hombres;2004;607
47;Valladolid;47065 Fresno el Viejo;Hombres;2003;611
47;Valladolid;47065 Fresno el Viejo;Hombres;2002;629
47;Valladolid;47065 Fresno el Viejo;Hombres;2001;628
47;Valladolid;47065 Fresno el Viejo;Hombres;2000;641
47;Valladolid;47065 Fresno el Viejo;Hombres;1999;657
47;Valladolid;47065 Fresno el Viejo;Hombres;1998;668
47;Valladolid;47065 Fresno el Viejo;Hombres;1997;
47;Valladolid;47065 Fresno el Viejo;Hombres;1996;680
47;Valladolid;47065 Fresno el Viejo;Mujeres;2023;399
47;Valladolid;47065 Fresno el Viejo;Mujeres;2022;405
47;Valladolid;47065 Fresno el Viejo;Mujeres;2021;391
47;Valladolid;47065 Fresno el Viejo;Mujeres;2020;405
47;Valladolid;47065 Fresno el Viejo;Mujeres;2019;413
47;Valladolid;47065 Fresno el Viejo;Mujeres;2018;426
47;Valladolid;47065 Fresno el Viejo;Mujeres;2017;432
47;Valladolid;47065 Fresno el Viejo;Mujeres;2016;444
47;Valladolid;47065 Fresno el Viejo;Mujeres;2015;449
47;Valladolid;47065 Fresno el Viejo;Mujeres;2014;458
47;Valladolid;47065 Fresno el Viejo;Mujeres;2013;469
47;Valladolid;47065 Fresno el Viejo;Mujeres;2012;475
47;Valladolid;47065 Fresno el Viejo;Mujeres;2011;482
47;Valladolid;47065 Fresno el Viejo;Mujeres;2010;501
47;Valladolid;47065 Fresno el Viejo;Mujeres;2009;510
47;Valladolid;47065 Fresno el Viejo;Mujeres;2008;520
47;Valladolid;47065 Fresno el Viejo;Mujeres;2007;537
47;Valladolid;47065 Fresno el Viejo;Mujeres;2006;548
47;Valladolid;47065 Fresno el Viejo;Mujeres;2005;558
47;Valladolid;47065 Fresno el Viejo;Mujeres;2004;575
47;Valladolid;47065 Fresno el Viejo;Mujeres;2003;585
47;Valladolid;47065 Fresno el Viejo;Mujeres;2002;600
47;Valladolid;47065 Fresno el Viejo;Mujeres;2001;607
47;Valladolid;47065 Fresno el Viejo;Mujeres;2000;626
47;Valladolid;47065 Fresno el Viejo;Mujeres;1999;630
47;Valladolid;47065 Fresno el Viejo;Mujeres;1998;633
47;Valladolid;47065 Fresno el Viejo;Mujeres;1997;
47;Valladolid;47065 Fresno el Viejo;Mujeres;1996;651
47;Valladolid;47066 Fuensaldaña;Total;2023;2076
47;Valladolid;47066 Fuensaldaña;Total;2022;2025
47;Valladolid;47066 Fuensaldaña;Total;2021;1996
47;Valladolid;47066 Fuensaldaña;Total;2020;1954
47;Valladolid;47066 Fuensaldaña;Total;2019;1773
47;Valladolid;47066 Fuensaldaña;Total;2018;1640
47;Valladolid;47066 Fuensaldaña;Total;2017;1607
47;Valladolid;47066 Fuensaldaña;Total;2016;1563
47;Valladolid;47066 Fuensaldaña;Total;2015;1518
47;Valladolid;47066 Fuensaldaña;Total;2014;1468
47;Valladolid;47066 Fuensaldaña;Total;2013;1455
47;Valladolid;47066 Fuensaldaña;Total;2012;1435
47;Valladolid;47066 Fuensaldaña;Total;2011;1455
47;Valladolid;47066 Fuensaldaña;Total;2010;1443
47;Valladolid;47066 Fuensaldaña;Total;2009;1393
47;Valladolid;47066 Fuensaldaña;Total;2008;1346
47;Valladolid;47066 Fuensaldaña;Total;2007;1316
47;Valladolid;47066 Fuensaldaña;Total;2006;1266
47;Valladolid;47066 Fuensaldaña;Total;2005;1226
47;Valladolid;47066 Fuensaldaña;Total;2004;1149
47;Valladolid;47066 Fuensaldaña;Total;2003;1116
47;Valladolid;47066 Fuensaldaña;Total;2002;1074
47;Valladolid;47066 Fuensaldaña;Total;2001;1041
47;Valladolid;47066 Fuensaldaña;Total;2000;1002
47;Valladolid;47066 Fuensaldaña;Total;1999;972
47;Valladolid;47066 Fuensaldaña;Total;1998;951
47;Valladolid;47066 Fuensaldaña;Total;1997;
47;Valladolid;47066 Fuensaldaña;Total;1996;881
47;Valladolid;47066 Fuensaldaña;Hombres;2023;1067
47;Valladolid;47066 Fuensaldaña;Hombres;2022;1048
47;Valladolid;47066 Fuensaldaña;Hombres;2021;1027
47;Valladolid;47066 Fuensaldaña;Hombres;2020;1008
47;Valladolid;47066 Fuensaldaña;Hombres;2019;909
47;Valladolid;47066 Fuensaldaña;Hombres;2018;844
47;Valladolid;47066 Fuensaldaña;Hombres;2017;829
47;Valladolid;47066 Fuensaldaña;Hombres;2016;800
47;Valladolid;47066 Fuensaldaña;Hombres;2015;780
47;Valladolid;47066 Fuensaldaña;Hombres;2014;751
47;Valladolid;47066 Fuensaldaña;Hombres;2013;747
47;Valladolid;47066 Fuensaldaña;Hombres;2012;734
47;Valladolid;47066 Fuensaldaña;Hombres;2011;736
47;Valladolid;47066 Fuensaldaña;Hombres;2010;725
47;Valladolid;47066 Fuensaldaña;Hombres;2009;701
47;Valladolid;47066 Fuensaldaña;Hombres;2008;674
47;Valladolid;47066 Fuensaldaña;Hombres;2007;659
47;Valladolid;47066 Fuensaldaña;Hombres;2006;635
47;Valladolid;47066 Fuensaldaña;Hombres;2005;605
47;Valladolid;47066 Fuensaldaña;Hombres;2004;568
47;Valladolid;47066 Fuensaldaña;Hombres;2003;556
47;Valladolid;47066 Fuensaldaña;Hombres;2002;538
47;Valladolid;47066 Fuensaldaña;Hombres;2001;524
47;Valladolid;47066 Fuensaldaña;Hombres;2000;496
47;Valladolid;47066 Fuensaldaña;Hombres;1999;474
47;Valladolid;47066 Fuensaldaña;Hombres;1998;454
47;Valladolid;47066 Fuensaldaña;Hombres;1997;
47;Valladolid;47066 Fuensaldaña;Hombres;1996;426
47;Valladolid;47066 Fuensaldaña;Mujeres;2023;1009
47;Valladolid;47066 Fuensaldaña;Mujeres;2022;977
47;Valladolid;47066 Fuensaldaña;Mujeres;2021;969
47;Valladolid;47066 Fuensaldaña;Mujeres;2020;946
47;Valladolid;47066 Fuensaldaña;Mujeres;2019;864
47;Valladolid;47066 Fuensaldaña;Mujeres;2018;796
47;Valladolid;47066 Fuensaldaña;Mujeres;2017;778
47;Valladolid;47066 Fuensaldaña;Mujeres;2016;763
47;Valladolid;47066 Fuensaldaña;Mujeres;2015;738
47;Valladolid;47066 Fuensaldaña;Mujeres;2014;717
47;Valladolid;47066 Fuensaldaña;Mujeres;2013;708
47;Valladolid;47066 Fuensaldaña;Mujeres;2012;701
47;Valladolid;47066 Fuensaldaña;Mujeres;2011;719
47;Valladolid;47066 Fuensaldaña;Mujeres;2010;718
47;Valladolid;47066 Fuensaldaña;Mujeres;2009;692
47;Valladolid;47066 Fuensaldaña;Mujeres;2008;672
47;Valladolid;47066 Fuensaldaña;Mujeres;2007;657
47;Valladolid;47066 Fuensaldaña;Mujeres;2006;631
47;Valladolid;47066 Fuensaldaña;Mujeres;2005;621
47;Valladolid;47066 Fuensaldaña;Mujeres;2004;581
47;Valladolid;47066 Fuensaldaña;Mujeres;2003;560
47;Valladolid;47066 Fuensaldaña;Mujeres;2002;536
47;Valladolid;47066 Fuensaldaña;Mujeres;2001;517
47;Valladolid;47066 Fuensaldaña;Mujeres;2000;506
47;Valladolid;47066 Fuensaldaña;Mujeres;1999;498
47;Valladolid;47066 Fuensaldaña;Mujeres;1998;497
47;Valladolid;47066 Fuensaldaña;Mujeres;1997;
47;Valladolid;47066 Fuensaldaña;Mujeres;1996;455
47;Valladolid;47067 Fuente el Sol;Total;2023;149
47;Valladolid;47067 Fuente el Sol;Total;2022;156
47;Valladolid;47067 Fuente el Sol;Total;2021;148
47;Valladolid;47067 Fuente el Sol;Total;2020;150
47;Valladolid;47067 Fuente el Sol;Total;2019;156
47;Valladolid;47067 Fuente el Sol;Total;2018;156
47;Valladolid;47067 Fuente el Sol;Total;2017;168
47;Valladolid;47067 Fuente el Sol;Total;2016;181
47;Valladolid;47067 Fuente el Sol;Total;2015;181
47;Valladolid;47067 Fuente el Sol;Total;2014;194
47;Valladolid;47067 Fuente el Sol;Total;2013;194
47;Valladolid;47067 Fuente el Sol;Total;2012;207
47;Valladolid;47067 Fuente el Sol;Total;2011;217
47;Valladolid;47067 Fuente el Sol;Total;2010;230
47;Valladolid;47067 Fuente el Sol;Total;2009;230
47;Valladolid;47067 Fuente el Sol;Total;2008;238
47;Valladolid;47067 Fuente el Sol;Total;2007;253
47;Valladolid;47067 Fuente el Sol;Total;2006;260
47;Valladolid;47067 Fuente el Sol;Total;2005;273
47;Valladolid;47067 Fuente el Sol;Total;2004;278
47;Valladolid;47067 Fuente el Sol;Total;2003;273
47;Valladolid;47067 Fuente el Sol;Total;2002;285
47;Valladolid;47067 Fuente el Sol;Total;2001;298
47;Valladolid;47067 Fuente el Sol;Total;2000;303
47;Valladolid;47067 Fuente el Sol;Total;1999;305
47;Valladolid;47067 Fuente el Sol;Total;1998;311
47;Valladolid;47067 Fuente el Sol;Total;1997;
47;Valladolid;47067 Fuente el Sol;Total;1996;314
47;Valladolid;47067 Fuente el Sol;Hombres;2023;79
47;Valladolid;47067 Fuente el Sol;Hombres;2022;81
47;Valladolid;47067 Fuente el Sol;Hombres;2021;78
47;Valladolid;47067 Fuente el Sol;Hombres;2020;79
47;Valladolid;47067 Fuente el Sol;Hombres;2019;82
47;Valladolid;47067 Fuente el Sol;Hombres;2018;81
47;Valladolid;47067 Fuente el Sol;Hombres;2017;89
47;Valladolid;47067 Fuente el Sol;Hombres;2016;97
47;Valladolid;47067 Fuente el Sol;Hombres;2015;98
47;Valladolid;47067 Fuente el Sol;Hombres;2014;104
47;Valladolid;47067 Fuente el Sol;Hombres;2013;102
47;Valladolid;47067 Fuente el Sol;Hombres;2012;113
47;Valladolid;47067 Fuente el Sol;Hombres;2011;119
47;Valladolid;47067 Fuente el Sol;Hombres;2010;128
47;Valladolid;47067 Fuente el Sol;Hombres;2009;128
47;Valladolid;47067 Fuente el Sol;Hombres;2008;131
47;Valladolid;47067 Fuente el Sol;Hombres;2007;136
47;Valladolid;47067 Fuente el Sol;Hombres;2006;138
47;Valladolid;47067 Fuente el Sol;Hombres;2005;143
47;Valladolid;47067 Fuente el Sol;Hombres;2004;146
47;Valladolid;47067 Fuente el Sol;Hombres;2003;141
47;Valladolid;47067 Fuente el Sol;Hombres;2002;153
47;Valladolid;47067 Fuente el Sol;Hombres;2001;155
47;Valladolid;47067 Fuente el Sol;Hombres;2000;157
47;Valladolid;47067 Fuente el Sol;Hombres;1999;158
47;Valladolid;47067 Fuente el Sol;Hombres;1998;161
47;Valladolid;47067 Fuente el Sol;Hombres;1997;
47;Valladolid;47067 Fuente el Sol;Hombres;1996;161
47;Valladolid;47067 Fuente el Sol;Mujeres;2023;70
47;Valladolid;47067 Fuente el Sol;Mujeres;2022;75
47;Valladolid;47067 Fuente el Sol;Mujeres;2021;70
47;Valladolid;47067 Fuente el Sol;Mujeres;2020;71
47;Valladolid;47067 Fuente el Sol;Mujeres;2019;74
47;Valladolid;47067 Fuente el Sol;Mujeres;2018;75
47;Valladolid;47067 Fuente el Sol;Mujeres;2017;79
47;Valladolid;47067 Fuente el Sol;Mujeres;2016;84
47;Valladolid;47067 Fuente el Sol;Mujeres;2015;83
47;Valladolid;47067 Fuente el Sol;Mujeres;2014;90
47;Valladolid;47067 Fuente el Sol;Mujeres;2013;92
47;Valladolid;47067 Fuente el Sol;Mujeres;2012;94
47;Valladolid;47067 Fuente el Sol;Mujeres;2011;98
47;Valladolid;47067 Fuente el Sol;Mujeres;2010;102
47;Valladolid;47067 Fuente el Sol;Mujeres;2009;102
47;Valladolid;47067 Fuente el Sol;Mujeres;2008;107
47;Valladolid;47067 Fuente el Sol;Mujeres;2007;117
47;Valladolid;47067 Fuente el Sol;Mujeres;2006;122
47;Valladolid;47067 Fuente el Sol;Mujeres;2005;130
47;Valladolid;47067 Fuente el Sol;Mujeres;2004;132
47;Valladolid;47067 Fuente el Sol;Mujeres;2003;132
47;Valladolid;47067 Fuente el Sol;Mujeres;2002;132
47;Valladolid;47067 Fuente el Sol;Mujeres;2001;143
47;Valladolid;47067 Fuente el Sol;Mujeres;2000;146
47;Valladolid;47067 Fuente el Sol;Mujeres;1999;147
47;Valladolid;47067 Fuente el Sol;Mujeres;1998;150
47;Valladolid;47067 Fuente el Sol;Mujeres;1997;
47;Valladolid;47067 Fuente el Sol;Mujeres;1996;153
47;Valladolid;47068 Fuente-Olmedo;Total;2023;37
47;Valladolid;47068 Fuente-Olmedo;Total;2022;36
47;Valladolid;47068 Fuente-Olmedo;Total;2021;34
47;Valladolid;47068 Fuente-Olmedo;Total;2020;34
47;Valladolid;47068 Fuente-Olmedo;Total;2019;34
47;Valladolid;47068 Fuente-Olmedo;Total;2018;35
47;Valladolid;47068 Fuente-Olmedo;Total;2017;35
47;Valladolid;47068 Fuente-Olmedo;Total;2016;38
47;Valladolid;47068 Fuente-Olmedo;Total;2015;42
47;Valladolid;47068 Fuente-Olmedo;Total;2014;41
47;Valladolid;47068 Fuente-Olmedo;Total;2013;41
47;Valladolid;47068 Fuente-Olmedo;Total;2012;44
47;Valladolid;47068 Fuente-Olmedo;Total;2011;45
47;Valladolid;47068 Fuente-Olmedo;Total;2010;45
47;Valladolid;47068 Fuente-Olmedo;Total;2009;46
47;Valladolid;47068 Fuente-Olmedo;Total;2008;48
47;Valladolid;47068 Fuente-Olmedo;Total;2007;50
47;Valladolid;47068 Fuente-Olmedo;Total;2006;53
47;Valladolid;47068 Fuente-Olmedo;Total;2005;53
47;Valladolid;47068 Fuente-Olmedo;Total;2004;53
47;Valladolid;47068 Fuente-Olmedo;Total;2003;56
47;Valladolid;47068 Fuente-Olmedo;Total;2002;60
47;Valladolid;47068 Fuente-Olmedo;Total;2001;63
47;Valladolid;47068 Fuente-Olmedo;Total;2000;68
47;Valladolid;47068 Fuente-Olmedo;Total;1999;68
47;Valladolid;47068 Fuente-Olmedo;Total;1998;67
47;Valladolid;47068 Fuente-Olmedo;Total;1997;
47;Valladolid;47068 Fuente-Olmedo;Total;1996;66
47;Valladolid;47068 Fuente-Olmedo;Hombres;2023;17
47;Valladolid;47068 Fuente-Olmedo;Hombres;2022;19
47;Valladolid;47068 Fuente-Olmedo;Hombres;2021;17
47;Valladolid;47068 Fuente-Olmedo;Hombres;2020;18
47;Valladolid;47068 Fuente-Olmedo;Hombres;2019;17
47;Valladolid;47068 Fuente-Olmedo;Hombres;2018;17
47;Valladolid;47068 Fuente-Olmedo;Hombres;2017;18
47;Valladolid;47068 Fuente-Olmedo;Hombres;2016;19
47;Valladolid;47068 Fuente-Olmedo;Hombres;2015;19
47;Valladolid;47068 Fuente-Olmedo;Hombres;2014;20
47;Valladolid;47068 Fuente-Olmedo;Hombres;2013;20
47;Valladolid;47068 Fuente-Olmedo;Hombres;2012;21
47;Valladolid;47068 Fuente-Olmedo;Hombres;2011;22
47;Valladolid;47068 Fuente-Olmedo;Hombres;2010;23
47;Valladolid;47068 Fuente-Olmedo;Hombres;2009;24
47;Valladolid;47068 Fuente-Olmedo;Hombres;2008;27
47;Valladolid;47068 Fuente-Olmedo;Hombres;2007;27
47;Valladolid;47068 Fuente-Olmedo;Hombres;2006;29
47;Valladolid;47068 Fuente-Olmedo;Hombres;2005;29
47;Valladolid;47068 Fuente-Olmedo;Hombres;2004;30
47;Valladolid;47068 Fuente-Olmedo;Hombres;2003;29
47;Valladolid;47068 Fuente-Olmedo;Hombres;2002;31
47;Valladolid;47068 Fuente-Olmedo;Hombres;2001;31
47;Valladolid;47068 Fuente-Olmedo;Hombres;2000;34
47;Valladolid;47068 Fuente-Olmedo;Hombres;1999;34
47;Valladolid;47068 Fuente-Olmedo;Hombres;1998;35
47;Valladolid;47068 Fuente-Olmedo;Hombres;1997;
47;Valladolid;47068 Fuente-Olmedo;Hombres;1996;34
47;Valladolid;47068 Fuente-Olmedo;Mujeres;2023;20
47;Valladolid;47068 Fuente-Olmedo;Mujeres;2022;17
47;Valladolid;47068 Fuente-Olmedo;Mujeres;2021;17
47;Valladolid;47068 Fuente-Olmedo;Mujeres;2020;16
47;Valladolid;47068 Fuente-Olmedo;Mujeres;2019;17
47;Valladolid;47068 Fuente-Olmedo;Mujeres;2018;18
47;Valladolid;47068 Fuente-Olmedo;Mujeres;2017;17
47;Valladolid;47068 Fuente-Olmedo;Mujeres;2016;19
47;Valladolid;47068 Fuente-Olmedo;Mujeres;2015;23
47;Valladolid;47068 Fuente-Olmedo;Mujeres;2014;21
47;Valladolid;47068 Fuente-Olmedo;Mujeres;2013;21
47;Valladolid;47068 Fuente-Olmedo;Mujeres;2012;23
47;Valladolid;47068 Fuente-Olmedo;Mujeres;2011;23
47;Valladolid;47068 Fuente-Olmedo;Mujeres;2010;22
47;Valladolid;47068 Fuente-Olmedo;Mujeres;2009;22
47;Valladolid;47068 Fuente-Olmedo;Mujeres;2008;21
47;Valladolid;47068 Fuente-Olmedo;Mujeres;2007;23
47;Valladolid;47068 Fuente-Olmedo;Mujeres;2006;24
47;Valladolid;47068 Fuente-Olmedo;Mujeres;2005;24
47;Valladolid;47068 Fuente-Olmedo;Mujeres;2004;23
47;Valladolid;47068 Fuente-Olmedo;Mujeres;2003;27
47;Valladolid;47068 Fuente-Olmedo;Mujeres;2002;29
47;Valladolid;47068 Fuente-Olmedo;Mujeres;2001;32
47;Valladolid;47068 Fuente-Olmedo;Mujeres;2000;34
47;Valladolid;47068 Fuente-Olmedo;Mujeres;1999;34
47;Valladolid;47068 Fuente-Olmedo;Mujeres;1998;32
47;Valladolid;47068 Fuente-Olmedo;Mujeres;1997;
47;Valladolid;47068 Fuente-Olmedo;Mujeres;1996;32
47;Valladolid;47069 Gallegos de Hornija;Total;2023;108
47;Valladolid;47069 Gallegos de Hornija;Total;2022;110
47;Valladolid;47069 Gallegos de Hornija;Total;2021;111
47;Valladolid;47069 Gallegos de Hornija;Total;2020;115
47;Valladolid;47069 Gallegos de Hornija;Total;2019;122
47;Valladolid;47069 Gallegos de Hornija;Total;2018;129
47;Valladolid;47069 Gallegos de Hornija;Total;2017;134
47;Valladolid;47069 Gallegos de Hornija;Total;2016;131
47;Valladolid;47069 Gallegos de Hornija;Total;2015;137
47;Valladolid;47069 Gallegos de Hornija;Total;2014;140
47;Valladolid;47069 Gallegos de Hornija;Total;2013;146
47;Valladolid;47069 Gallegos de Hornija;Total;2012;147
47;Valladolid;47069 Gallegos de Hornija;Total;2011;147
47;Valladolid;47069 Gallegos de Hornija;Total;2010;149
47;Valladolid;47069 Gallegos de Hornija;Total;2009;146
47;Valladolid;47069 Gallegos de Hornija;Total;2008;150
47;Valladolid;47069 Gallegos de Hornija;Total;2007;150
47;Valladolid;47069 Gallegos de Hornija;Total;2006;144
47;Valladolid;47069 Gallegos de Hornija;Total;2005;143
47;Valladolid;47069 Gallegos de Hornija;Total;2004;151
47;Valladolid;47069 Gallegos de Hornija;Total;2003;149
47;Valladolid;47069 Gallegos de Hornija;Total;2002;149
47;Valladolid;47069 Gallegos de Hornija;Total;2001;146
47;Valladolid;47069 Gallegos de Hornija;Total;2000;148
47;Valladolid;47069 Gallegos de Hornija;Total;1999;152
47;Valladolid;47069 Gallegos de Hornija;Total;1998;154
47;Valladolid;47069 Gallegos de Hornija;Total;1997;
47;Valladolid;47069 Gallegos de Hornija;Total;1996;156
47;Valladolid;47069 Gallegos de Hornija;Hombres;2023;54
47;Valladolid;47069 Gallegos de Hornija;Hombres;2022;54
47;Valladolid;47069 Gallegos de Hornija;Hombres;2021;56
47;Valladolid;47069 Gallegos de Hornija;Hombres;2020;58
47;Valladolid;47069 Gallegos de Hornija;Hombres;2019;63
47;Valladolid;47069 Gallegos de Hornija;Hombres;2018;67
47;Valladolid;47069 Gallegos de Hornija;Hombres;2017;68
47;Valladolid;47069 Gallegos de Hornija;Hombres;2016;66
47;Valladolid;47069 Gallegos de Hornija;Hombres;2015;69
47;Valladolid;47069 Gallegos de Hornija;Hombres;2014;70
47;Valladolid;47069 Gallegos de Hornija;Hombres;2013;73
47;Valladolid;47069 Gallegos de Hornija;Hombres;2012;74
47;Valladolid;47069 Gallegos de Hornija;Hombres;2011;74
47;Valladolid;47069 Gallegos de Hornija;Hombres;2010;73
47;Valladolid;47069 Gallegos de Hornija;Hombres;2009;74
47;Valladolid;47069 Gallegos de Hornija;Hombres;2008;73
47;Valladolid;47069 Gallegos de Hornija;Hombres;2007;73
47;Valladolid;47069 Gallegos de Hornija;Hombres;2006;70
47;Valladolid;47069 Gallegos de Hornija;Hombres;2005;69
47;Valladolid;47069 Gallegos de Hornija;Hombres;2004;74
47;Valladolid;47069 Gallegos de Hornija;Hombres;2003;74
47;Valladolid;47069 Gallegos de Hornija;Hombres;2002;73
47;Valladolid;47069 Gallegos de Hornija;Hombres;2001;70
47;Valladolid;47069 Gallegos de Hornija;Hombres;2000;72
47;Valladolid;47069 Gallegos de Hornija;Hombres;1999;76
47;Valladolid;47069 Gallegos de Hornija;Hombres;1998;77
47;Valladolid;47069 Gallegos de Hornija;Hombres;1997;
47;Valladolid;47069 Gallegos de Hornija;Hombres;1996;79
47;Valladolid;47069 Gallegos de Hornija;Mujeres;2023;54
47;Valladolid;47069 Gallegos de Hornija;Mujeres;2022;56
47;Valladolid;47069 Gallegos de Hornija;Mujeres;2021;55
47;Valladolid;47069 Gallegos de Hornija;Mujeres;2020;57
47;Valladolid;47069 Gallegos de Hornija;Mujeres;2019;59
47;Valladolid;47069 Gallegos de Hornija;Mujeres;2018;62
47;Valladolid;47069 Gallegos de Hornija;Mujeres;2017;66
47;Valladolid;47069 Gallegos de Hornija;Mujeres;2016;65
47;Valladolid;47069 Gallegos de Hornija;Mujeres;2015;68
47;Valladolid;47069 Gallegos de Hornija;Mujeres;2014;70
47;Valladolid;47069 Gallegos de Hornija;Mujeres;2013;73
47;Valladolid;47069 Gallegos de Hornija;Mujeres;2012;73
47;Valladolid;47069 Gallegos de Hornija;Mujeres;2011;73
47;Valladolid;47069 Gallegos de Hornija;Mujeres;2010;76
47;Valladolid;47069 Gallegos de Hornija;Mujeres;2009;72
47;Valladolid;47069 Gallegos de Hornija;Mujeres;2008;77
47;Valladolid;47069 Gallegos de Hornija;Mujeres;2007;77
47;Valladolid;47069 Gallegos de Hornija;Mujeres;2006;74
47;Valladolid;47069 Gallegos de Hornija;Mujeres;2005;74
47;Valladolid;47069 Gallegos de Hornija;Mujeres;2004;77
47;Valladolid;47069 Gallegos de Hornija;Mujeres;2003;75
47;Valladolid;47069 Gallegos de Hornija;Mujeres;2002;76
47;Valladolid;47069 Gallegos de Hornija;Mujeres;2001;76
47;Valladolid;47069 Gallegos de Hornija;Mujeres;2000;76
47;Valladolid;47069 Gallegos de Hornija;Mujeres;1999;76
47;Valladolid;47069 Gallegos de Hornija;Mujeres;1998;77
47;Valladolid;47069 Gallegos de Hornija;Mujeres;1997;
47;Valladolid;47069 Gallegos de Hornija;Mujeres;1996;77
47;Valladolid;47070 Gatón de Campos;Total;2023;33
47;Valladolid;47070 Gatón de Campos;Total;2022;29
47;Valladolid;47070 Gatón de Campos;Total;2021;27
47;Valladolid;47070 Gatón de Campos;Total;2020;32
47;Valladolid;47070 Gatón de Campos;Total;2019;33
47;Valladolid;47070 Gatón de Campos;Total;2018;34
47;Valladolid;47070 Gatón de Campos;Total;2017;34
47;Valladolid;47070 Gatón de Campos;Total;2016;37
47;Valladolid;47070 Gatón de Campos;Total;2015;44
47;Valladolid;47070 Gatón de Campos;Total;2014;31
47;Valladolid;47070 Gatón de Campos;Total;2013;29
47;Valladolid;47070 Gatón de Campos;Total;2012;38
47;Valladolid;47070 Gatón de Campos;Total;2011;40
47;Valladolid;47070 Gatón de Campos;Total;2010;39
47;Valladolid;47070 Gatón de Campos;Total;2009;39
47;Valladolid;47070 Gatón de Campos;Total;2008;39
47;Valladolid;47070 Gatón de Campos;Total;2007;40
47;Valladolid;47070 Gatón de Campos;Total;2006;41
47;Valladolid;47070 Gatón de Campos;Total;2005;38
47;Valladolid;47070 Gatón de Campos;Total;2004;40
47;Valladolid;47070 Gatón de Campos;Total;2003;36
47;Valladolid;47070 Gatón de Campos;Total;2002;41
47;Valladolid;47070 Gatón de Campos;Total;2001;41
47;Valladolid;47070 Gatón de Campos;Total;2000;42
47;Valladolid;47070 Gatón de Campos;Total;1999;45
47;Valladolid;47070 Gatón de Campos;Total;1998;45
47;Valladolid;47070 Gatón de Campos;Total;1997;
47;Valladolid;47070 Gatón de Campos;Total;1996;49
47;Valladolid;47070 Gatón de Campos;Hombres;2023;20
47;Valladolid;47070 Gatón de Campos;Hombres;2022;17
47;Valladolid;47070 Gatón de Campos;Hombres;2021;15
47;Valladolid;47070 Gatón de Campos;Hombres;2020;18
47;Valladolid;47070 Gatón de Campos;Hombres;2019;17
47;Valladolid;47070 Gatón de Campos;Hombres;2018;18
47;Valladolid;47070 Gatón de Campos;Hombres;2017;18
47;Valladolid;47070 Gatón de Campos;Hombres;2016;19
47;Valladolid;47070 Gatón de Campos;Hombres;2015;23
47;Valladolid;47070 Gatón de Campos;Hombres;2014;18
47;Valladolid;47070 Gatón de Campos;Hombres;2013;18
47;Valladolid;47070 Gatón de Campos;Hombres;2012;21
47;Valladolid;47070 Gatón de Campos;Hombres;2011;25
47;Valladolid;47070 Gatón de Campos;Hombres;2010;25
47;Valladolid;47070 Gatón de Campos;Hombres;2009;25
47;Valladolid;47070 Gatón de Campos;Hombres;2008;24
47;Valladolid;47070 Gatón de Campos;Hombres;2007;22
47;Valladolid;47070 Gatón de Campos;Hombres;2006;23
47;Valladolid;47070 Gatón de Campos;Hombres;2005;22
47;Valladolid;47070 Gatón de Campos;Hombres;2004;25
47;Valladolid;47070 Gatón de Campos;Hombres;2003;23
47;Valladolid;47070 Gatón de Campos;Hombres;2002;26
47;Valladolid;47070 Gatón de Campos;Hombres;2001;26
47;Valladolid;47070 Gatón de Campos;Hombres;2000;26
47;Valladolid;47070 Gatón de Campos;Hombres;1999;28
47;Valladolid;47070 Gatón de Campos;Hombres;1998;28
47;Valladolid;47070 Gatón de Campos;Hombres;1997;
47;Valladolid;47070 Gatón de Campos;Hombres;1996;29
47;Valladolid;47070 Gatón de Campos;Mujeres;2023;13
47;Valladolid;47070 Gatón de Campos;Mujeres;2022;12
47;Valladolid;47070 Gatón de Campos;Mujeres;2021;12
47;Valladolid;47070 Gatón de Campos;Mujeres;2020;14
47;Valladolid;47070 Gatón de Campos;Mujeres;2019;16
47;Valladolid;47070 Gatón de Campos;Mujeres;2018;16
47;Valladolid;47070 Gatón de Campos;Mujeres;2017;16
47;Valladolid;47070 Gatón de Campos;Mujeres;2016;18
47;Valladolid;47070 Gatón de Campos;Mujeres;2015;21
47;Valladolid;47070 Gatón de Campos;Mujeres;2014;13
47;Valladolid;47070 Gatón de Campos;Mujeres;2013;11
47;Valladolid;47070 Gatón de Campos;Mujeres;2012;17
47;Valladolid;47070 Gatón de Campos;Mujeres;2011;15
47;Valladolid;47070 Gatón de Campos;Mujeres;2010;14
47;Valladolid;47070 Gatón de Campos;Mujeres;2009;14
47;Valladolid;47070 Gatón de Campos;Mujeres;2008;15
47;Valladolid;47070 Gatón de Campos;Mujeres;2007;18
47;Valladolid;47070 Gatón de Campos;Mujeres;2006;18
47;Valladolid;47070 Gatón de Campos;Mujeres;2005;16
47;Valladolid;47070 Gatón de Campos;Mujeres;2004;15
47;Valladolid;47070 Gatón de Campos;Mujeres;2003;13
47;Valladolid;47070 Gatón de Campos;Mujeres;2002;15
47;Valladolid;47070 Gatón de Campos;Mujeres;2001;15
47;Valladolid;47070 Gatón de Campos;Mujeres;2000;16
47;Valladolid;47070 Gatón de Campos;Mujeres;1999;17
47;Valladolid;47070 Gatón de Campos;Mujeres;1998;17
47;Valladolid;47070 Gatón de Campos;Mujeres;1997;
47;Valladolid;47070 Gatón de Campos;Mujeres;1996;20
47;Valladolid;47071 Geria;Total;2023;486
47;Valladolid;47071 Geria;Total;2022;504
47;Valladolid;47071 Geria;Total;2021;512
47;Valladolid;47071 Geria;Total;2020;506
47;Valladolid;47071 Geria;Total;2019;509
47;Valladolid;47071 Geria;Total;2018;524
47;Valladolid;47071 Geria;Total;2017;508
47;Valladolid;47071 Geria;Total;2016;507
47;Valladolid;47071 Geria;Total;2015;519
47;Valladolid;47071 Geria;Total;2014;513
47;Valladolid;47071 Geria;Total;2013;516
47;Valladolid;47071 Geria;Total;2012;508
47;Valladolid;47071 Geria;Total;2011;493
47;Valladolid;47071 Geria;Total;2010;481
47;Valladolid;47071 Geria;Total;2009;485
47;Valladolid;47071 Geria;Total;2008;487
47;Valladolid;47071 Geria;Total;2007;478
47;Valladolid;47071 Geria;Total;2006;479
47;Valladolid;47071 Geria;Total;2005;480
47;Valladolid;47071 Geria;Total;2004;473
47;Valladolid;47071 Geria;Total;2003;472
47;Valladolid;47071 Geria;Total;2002;495
47;Valladolid;47071 Geria;Total;2001;481
47;Valladolid;47071 Geria;Total;2000;472
47;Valladolid;47071 Geria;Total;1999;477
47;Valladolid;47071 Geria;Total;1998;473
47;Valladolid;47071 Geria;Total;1997;
47;Valladolid;47071 Geria;Total;1996;477
47;Valladolid;47071 Geria;Hombres;2023;234
47;Valladolid;47071 Geria;Hombres;2022;239
47;Valladolid;47071 Geria;Hombres;2021;239
47;Valladolid;47071 Geria;Hombres;2020;240
47;Valladolid;47071 Geria;Hombres;2019;242
47;Valladolid;47071 Geria;Hombres;2018;248
47;Valladolid;47071 Geria;Hombres;2017;246
47;Valladolid;47071 Geria;Hombres;2016;249
47;Valladolid;47071 Geria;Hombres;2015;255
47;Valladolid;47071 Geria;Hombres;2014;252
47;Valladolid;47071 Geria;Hombres;2013;259
47;Valladolid;47071 Geria;Hombres;2012;257
47;Valladolid;47071 Geria;Hombres;2011;262
47;Valladolid;47071 Geria;Hombres;2010;259
47;Valladolid;47071 Geria;Hombres;2009;263
47;Valladolid;47071 Geria;Hombres;2008;262
47;Valladolid;47071 Geria;Hombres;2007;258
47;Valladolid;47071 Geria;Hombres;2006;258
47;Valladolid;47071 Geria;Hombres;2005;258
47;Valladolid;47071 Geria;Hombres;2004;257
47;Valladolid;47071 Geria;Hombres;2003;259
47;Valladolid;47071 Geria;Hombres;2002;269
47;Valladolid;47071 Geria;Hombres;2001;264
47;Valladolid;47071 Geria;Hombres;2000;258
47;Valladolid;47071 Geria;Hombres;1999;257
47;Valladolid;47071 Geria;Hombres;1998;254
47;Valladolid;47071 Geria;Hombres;1997;
47;Valladolid;47071 Geria;Hombres;1996;259
47;Valladolid;47071 Geria;Mujeres;2023;252
47;Valladolid;47071 Geria;Mujeres;2022;265
47;Valladolid;47071 Geria;Mujeres;2021;273
47;Valladolid;47071 Geria;Mujeres;2020;266
47;Valladolid;47071 Geria;Mujeres;2019;267
47;Valladolid;47071 Geria;Mujeres;2018;276
47;Valladolid;47071 Geria;Mujeres;2017;262
47;Valladolid;47071 Geria;Mujeres;2016;258
47;Valladolid;47071 Geria;Mujeres;2015;264
47;Valladolid;47071 Geria;Mujeres;2014;261
47;Valladolid;47071 Geria;Mujeres;2013;257
47;Valladolid;47071 Geria;Mujeres;2012;251
47;Valladolid;47071 Geria;Mujeres;2011;231
47;Valladolid;47071 Geria;Mujeres;2010;222
47;Valladolid;47071 Geria;Mujeres;2009;222
47;Valladolid;47071 Geria;Mujeres;2008;225
47;Valladolid;47071 Geria;Mujeres;2007;220
47;Valladolid;47071 Geria;Mujeres;2006;221
47;Valladolid;47071 Geria;Mujeres;2005;222
47;Valladolid;47071 Geria;Mujeres;2004;216
47;Valladolid;47071 Geria;Mujeres;2003;213
47;Valladolid;47071 Geria;Mujeres;2002;226
47;Valladolid;47071 Geria;Mujeres;2001;217
47;Valladolid;47071 Geria;Mujeres;2000;214
47;Valladolid;47071 Geria;Mujeres;1999;220
47;Valladolid;47071 Geria;Mujeres;1998;219
47;Valladolid;47071 Geria;Mujeres;1997;
47;Valladolid;47071 Geria;Mujeres;1996;218
47;Valladolid;47073 Herrín de Campos;Total;2023;113
47;Valladolid;47073 Herrín de Campos;Total;2022;123
47;Valladolid;47073 Herrín de Campos;Total;2021;119
47;Valladolid;47073 Herrín de Campos;Total;2020;122
47;Valladolid;47073 Herrín de Campos;Total;2019;122
47;Valladolid;47073 Herrín de Campos;Total;2018;127
47;Valladolid;47073 Herrín de Campos;Total;2017;130
47;Valladolid;47073 Herrín de Campos;Total;2016;130
47;Valladolid;47073 Herrín de Campos;Total;2015;129
47;Valladolid;47073 Herrín de Campos;Total;2014;137
47;Valladolid;47073 Herrín de Campos;Total;2013;144
47;Valladolid;47073 Herrín de Campos;Total;2012;155
47;Valladolid;47073 Herrín de Campos;Total;2011;153
47;Valladolid;47073 Herrín de Campos;Total;2010;154
47;Valladolid;47073 Herrín de Campos;Total;2009;167
47;Valladolid;47073 Herrín de Campos;Total;2008;170
47;Valladolid;47073 Herrín de Campos;Total;2007;178
47;Valladolid;47073 Herrín de Campos;Total;2006;190
47;Valladolid;47073 Herrín de Campos;Total;2005;191
47;Valladolid;47073 Herrín de Campos;Total;2004;191
47;Valladolid;47073 Herrín de Campos;Total;2003;200
47;Valladolid;47073 Herrín de Campos;Total;2002;202
47;Valladolid;47073 Herrín de Campos;Total;2001;196
47;Valladolid;47073 Herrín de Campos;Total;2000;205
47;Valladolid;47073 Herrín de Campos;Total;1999;214
47;Valladolid;47073 Herrín de Campos;Total;1998;217
47;Valladolid;47073 Herrín de Campos;Total;1997;
47;Valladolid;47073 Herrín de Campos;Total;1996;218
47;Valladolid;47073 Herrín de Campos;Hombres;2023;63
47;Valladolid;47073 Herrín de Campos;Hombres;2022;66
47;Valladolid;47073 Herrín de Campos;Hombres;2021;64
47;Valladolid;47073 Herrín de Campos;Hombres;2020;64
47;Valladolid;47073 Herrín de Campos;Hombres;2019;60
47;Valladolid;47073 Herrín de Campos;Hombres;2018;63
47;Valladolid;47073 Herrín de Campos;Hombres;2017;64
47;Valladolid;47073 Herrín de Campos;Hombres;2016;65
47;Valladolid;47073 Herrín de Campos;Hombres;2015;62
47;Valladolid;47073 Herrín de Campos;Hombres;2014;66
47;Valladolid;47073 Herrín de Campos;Hombres;2013;70
47;Valladolid;47073 Herrín de Campos;Hombres;2012;79
47;Valladolid;47073 Herrín de Campos;Hombres;2011;75
47;Valladolid;47073 Herrín de Campos;Hombres;2010;74
47;Valladolid;47073 Herrín de Campos;Hombres;2009;81
47;Valladolid;47073 Herrín de Campos;Hombres;2008;82
47;Valladolid;47073 Herrín de Campos;Hombres;2007;89
47;Valladolid;47073 Herrín de Campos;Hombres;2006;92
47;Valladolid;47073 Herrín de Campos;Hombres;2005;93
47;Valladolid;47073 Herrín de Campos;Hombres;2004;91
47;Valladolid;47073 Herrín de Campos;Hombres;2003;93
47;Valladolid;47073 Herrín de Campos;Hombres;2002;93
47;Valladolid;47073 Herrín de Campos;Hombres;2001;91
47;Valladolid;47073 Herrín de Campos;Hombres;2000;95
47;Valladolid;47073 Herrín de Campos;Hombres;1999;100
47;Valladolid;47073 Herrín de Campos;Hombres;1998;102
47;Valladolid;47073 Herrín de Campos;Hombres;1997;
47;Valladolid;47073 Herrín de Campos;Hombres;1996;105
47;Valladolid;47073 Herrín de Campos;Mujeres;2023;50
47;Valladolid;47073 Herrín de Campos;Mujeres;2022;57
47;Valladolid;47073 Herrín de Campos;Mujeres;2021;55
47;Valladolid;47073 Herrín de Campos;Mujeres;2020;58
47;Valladolid;47073 Herrín de Campos;Mujeres;2019;62
47;Valladolid;47073 Herrín de Campos;Mujeres;2018;64
47;Valladolid;47073 Herrín de Campos;Mujeres;2017;66
47;Valladolid;47073 Herrín de Campos;Mujeres;2016;65
47;Valladolid;47073 Herrín de Campos;Mujeres;2015;67
47;Valladolid;47073 Herrín de Campos;Mujeres;2014;71
47;Valladolid;47073 Herrín de Campos;Mujeres;2013;74
47;Valladolid;47073 Herrín de Campos;Mujeres;2012;76
47;Valladolid;47073 Herrín de Campos;Mujeres;2011;78
47;Valladolid;47073 Herrín de Campos;Mujeres;2010;80
47;Valladolid;47073 Herrín de Campos;Mujeres;2009;86
47;Valladolid;47073 Herrín de Campos;Mujeres;2008;88
47;Valladolid;47073 Herrín de Campos;Mujeres;2007;89
47;Valladolid;47073 Herrín de Campos;Mujeres;2006;98
47;Valladolid;47073 Herrín de Campos;Mujeres;2005;98
47;Valladolid;47073 Herrín de Campos;Mujeres;2004;100
47;Valladolid;47073 Herrín de Campos;Mujeres;2003;107
47;Valladolid;47073 Herrín de Campos;Mujeres;2002;109
47;Valladolid;47073 Herrín de Campos;Mujeres;2001;105
47;Valladolid;47073 Herrín de Campos;Mujeres;2000;110
47;Valladolid;47073 Herrín de Campos;Mujeres;1999;114
47;Valladolid;47073 Herrín de Campos;Mujeres;1998;115
47;Valladolid;47073 Herrín de Campos;Mujeres;1997;
47;Valladolid;47073 Herrín de Campos;Mujeres;1996;113
47;Valladolid;47074 Hornillos de Eresma;Total;2023;190
47;Valladolid;47074 Hornillos de Eresma;Total;2022;174
47;Valladolid;47074 Hornillos de Eresma;Total;2021;174
47;Valladolid;47074 Hornillos de Eresma;Total;2020;166
47;Valladolid;47074 Hornillos de Eresma;Total;2019;165
47;Valladolid;47074 Hornillos de Eresma;Total;2018;166
47;Valladolid;47074 Hornillos de Eresma;Total;2017;163
47;Valladolid;47074 Hornillos de Eresma;Total;2016;170
47;Valladolid;47074 Hornillos de Eresma;Total;2015;169
47;Valladolid;47074 Hornillos de Eresma;Total;2014;176
47;Valladolid;47074 Hornillos de Eresma;Total;2013;183
47;Valladolid;47074 Hornillos de Eresma;Total;2012;184
47;Valladolid;47074 Hornillos de Eresma;Total;2011;188
47;Valladolid;47074 Hornillos de Eresma;Total;2010;184
47;Valladolid;47074 Hornillos de Eresma;Total;2009;178
47;Valladolid;47074 Hornillos de Eresma;Total;2008;186
47;Valladolid;47074 Hornillos de Eresma;Total;2007;184
47;Valladolid;47074 Hornillos de Eresma;Total;2006;180
47;Valladolid;47074 Hornillos de Eresma;Total;2005;186
47;Valladolid;47074 Hornillos de Eresma;Total;2004;193
47;Valladolid;47074 Hornillos de Eresma;Total;2003;190
47;Valladolid;47074 Hornillos de Eresma;Total;2002;183
47;Valladolid;47074 Hornillos de Eresma;Total;2001;166
47;Valladolid;47074 Hornillos de Eresma;Total;2000;162
47;Valladolid;47074 Hornillos de Eresma;Total;1999;161
47;Valladolid;47074 Hornillos de Eresma;Total;1998;151
47;Valladolid;47074 Hornillos de Eresma;Total;1997;
47;Valladolid;47074 Hornillos de Eresma;Total;1996;153
47;Valladolid;47074 Hornillos de Eresma;Hombres;2023;111
47;Valladolid;47074 Hornillos de Eresma;Hombres;2022;98
47;Valladolid;47074 Hornillos de Eresma;Hombres;2021;95
47;Valladolid;47074 Hornillos de Eresma;Hombres;2020;96
47;Valladolid;47074 Hornillos de Eresma;Hombres;2019;97
47;Valladolid;47074 Hornillos de Eresma;Hombres;2018;97
47;Valladolid;47074 Hornillos de Eresma;Hombres;2017;91
47;Valladolid;47074 Hornillos de Eresma;Hombres;2016;93
47;Valladolid;47074 Hornillos de Eresma;Hombres;2015;92
47;Valladolid;47074 Hornillos de Eresma;Hombres;2014;96
47;Valladolid;47074 Hornillos de Eresma;Hombres;2013;94
47;Valladolid;47074 Hornillos de Eresma;Hombres;2012;97
47;Valladolid;47074 Hornillos de Eresma;Hombres;2011;103
47;Valladolid;47074 Hornillos de Eresma;Hombres;2010;99
47;Valladolid;47074 Hornillos de Eresma;Hombres;2009;96
47;Valladolid;47074 Hornillos de Eresma;Hombres;2008;99
47;Valladolid;47074 Hornillos de Eresma;Hombres;2007;93
47;Valladolid;47074 Hornillos de Eresma;Hombres;2006;94
47;Valladolid;47074 Hornillos de Eresma;Hombres;2005;96
47;Valladolid;47074 Hornillos de Eresma;Hombres;2004;103
47;Valladolid;47074 Hornillos de Eresma;Hombres;2003;101
47;Valladolid;47074 Hornillos de Eresma;Hombres;2002;96
47;Valladolid;47074 Hornillos de Eresma;Hombres;2001;90
47;Valladolid;47074 Hornillos de Eresma;Hombres;2000;85
47;Valladolid;47074 Hornillos de Eresma;Hombres;1999;86
47;Valladolid;47074 Hornillos de Eresma;Hombres;1998;79
47;Valladolid;47074 Hornillos de Eresma;Hombres;1997;
47;Valladolid;47074 Hornillos de Eresma;Hombres;1996;78
47;Valladolid;47074 Hornillos de Eresma;Mujeres;2023;79
47;Valladolid;47074 Hornillos de Eresma;Mujeres;2022;76
47;Valladolid;47074 Hornillos de Eresma;Mujeres;2021;79
47;Valladolid;47074 Hornillos de Eresma;Mujeres;2020;70
47;Valladolid;47074 Hornillos de Eresma;Mujeres;2019;68
47;Valladolid;47074 Hornillos de Eresma;Mujeres;2018;69
47;Valladolid;47074 Hornillos de Eresma;Mujeres;2017;72
47;Valladolid;47074 Hornillos de Eresma;Mujeres;2016;77
47;Valladolid;47074 Hornillos de Eresma;Mujeres;2015;77
47;Valladolid;47074 Hornillos de Eresma;Mujeres;2014;80
47;Valladolid;47074 Hornillos de Eresma;Mujeres;2013;89
47;Valladolid;47074 Hornillos de Eresma;Mujeres;2012;87
47;Valladolid;47074 Hornillos de Eresma;Mujeres;2011;85
47;Valladolid;47074 Hornillos de Eresma;Mujeres;2010;85
47;Valladolid;47074 Hornillos de Eresma;Mujeres;2009;82
47;Valladolid;47074 Hornillos de Eresma;Mujeres;2008;87
47;Valladolid;47074 Hornillos de Eresma;Mujeres;2007;91
47;Valladolid;47074 Hornillos de Eresma;Mujeres;2006;86
47;Valladolid;47074 Hornillos de Eresma;Mujeres;2005;90
47;Valladolid;47074 Hornillos de Eresma;Mujeres;2004;90
47;Valladolid;47074 Hornillos de Eresma;Mujeres;2003;89
47;Valladolid;47074 Hornillos de Eresma;Mujeres;2002;87
47;Valladolid;47074 Hornillos de Eresma;Mujeres;2001;76
47;Valladolid;47074 Hornillos de Eresma;Mujeres;2000;77
47;Valladolid;47074 Hornillos de Eresma;Mujeres;1999;75
47;Valladolid;47074 Hornillos de Eresma;Mujeres;1998;72
47;Valladolid;47074 Hornillos de Eresma;Mujeres;1997;
47;Valladolid;47074 Hornillos de Eresma;Mujeres;1996;75
47;Valladolid;47075 Íscar;Total;2023;6326
47;Valladolid;47075 Íscar;Total;2022;6302
47;Valladolid;47075 Íscar;Total;2021;6298
47;Valladolid;47075 Íscar;Total;2020;6341
47;Valladolid;47075 Íscar;Total;2019;6344
47;Valladolid;47075 Íscar;Total;2018;6370
47;Valladolid;47075 Íscar;Total;2017;6420
47;Valladolid;47075 Íscar;Total;2016;6516
47;Valladolid;47075 Íscar;Total;2015;6536
47;Valladolid;47075 Íscar;Total;2014;6678
47;Valladolid;47075 Íscar;Total;2013;6837
47;Valladolid;47075 Íscar;Total;2012;6844
47;Valladolid;47075 Íscar;Total;2011;6871
47;Valladolid;47075 Íscar;Total;2010;6876
47;Valladolid;47075 Íscar;Total;2009;6902
47;Valladolid;47075 Íscar;Total;2008;6913
47;Valladolid;47075 Íscar;Total;2007;6775
47;Valladolid;47075 Íscar;Total;2006;6593
47;Valladolid;47075 Íscar;Total;2005;6611
47;Valladolid;47075 Íscar;Total;2004;6508
47;Valladolid;47075 Íscar;Total;2003;6446
47;Valladolid;47075 Íscar;Total;2002;6320
47;Valladolid;47075 Íscar;Total;2001;6169
47;Valladolid;47075 Íscar;Total;2000;6145
47;Valladolid;47075 Íscar;Total;1999;6125
47;Valladolid;47075 Íscar;Total;1998;6125
47;Valladolid;47075 Íscar;Total;1997;
47;Valladolid;47075 Íscar;Total;1996;6133
47;Valladolid;47075 Íscar;Hombres;2023;3192
47;Valladolid;47075 Íscar;Hombres;2022;3176
47;Valladolid;47075 Íscar;Hombres;2021;3164
47;Valladolid;47075 Íscar;Hombres;2020;3191
47;Valladolid;47075 Íscar;Hombres;2019;3201
47;Valladolid;47075 Íscar;Hombres;2018;3191
47;Valladolid;47075 Íscar;Hombres;2017;3231
47;Valladolid;47075 Íscar;Hombres;2016;3287
47;Valladolid;47075 Íscar;Hombres;2015;3311
47;Valladolid;47075 Íscar;Hombres;2014;3401
47;Valladolid;47075 Íscar;Hombres;2013;3484
47;Valladolid;47075 Íscar;Hombres;2012;3477
47;Valladolid;47075 Íscar;Hombres;2011;3506
47;Valladolid;47075 Íscar;Hombres;2010;3517
47;Valladolid;47075 Íscar;Hombres;2009;3530
47;Valladolid;47075 Íscar;Hombres;2008;3527
47;Valladolid;47075 Íscar;Hombres;2007;3452
47;Valladolid;47075 Íscar;Hombres;2006;3365
47;Valladolid;47075 Íscar;Hombres;2005;3352
47;Valladolid;47075 Íscar;Hombres;2004;3314
47;Valladolid;47075 Íscar;Hombres;2003;3276
47;Valladolid;47075 Íscar;Hombres;2002;3204
47;Valladolid;47075 Íscar;Hombres;2001;3118
47;Valladolid;47075 Íscar;Hombres;2000;3104
47;Valladolid;47075 Íscar;Hombres;1999;3080
47;Valladolid;47075 Íscar;Hombres;1998;3080
47;Valladolid;47075 Íscar;Hombres;1997;
47;Valladolid;47075 Íscar;Hombres;1996;3103
47;Valladolid;47075 Íscar;Mujeres;2023;3134
47;Valladolid;47075 Íscar;Mujeres;2022;3126
47;Valladolid;47075 Íscar;Mujeres;2021;3134
47;Valladolid;47075 Íscar;Mujeres;2020;3150
47;Valladolid;47075 Íscar;Mujeres;2019;3143
47;Valladolid;47075 Íscar;Mujeres;2018;3179
47;Valladolid;47075 Íscar;Mujeres;2017;3189
47;Valladolid;47075 Íscar;Mujeres;2016;3229
47;Valladolid;47075 Íscar;Mujeres;2015;3225
47;Valladolid;47075 Íscar;Mujeres;2014;3277
47;Valladolid;47075 Íscar;Mujeres;2013;3353
47;Valladolid;47075 Íscar;Mujeres;2012;3367
47;Valladolid;47075 Íscar;Mujeres;2011;3365
47;Valladolid;47075 Íscar;Mujeres;2010;3359
47;Valladolid;47075 Íscar;Mujeres;2009;3372
47;Valladolid;47075 Íscar;Mujeres;2008;3386
47;Valladolid;47075 Íscar;Mujeres;2007;3323
47;Valladolid;47075 Íscar;Mujeres;2006;3228
47;Valladolid;47075 Íscar;Mujeres;2005;3259
47;Valladolid;47075 Íscar;Mujeres;2004;3194
47;Valladolid;47075 Íscar;Mujeres;2003;3170
47;Valladolid;47075 Íscar;Mujeres;2002;3116
47;Valladolid;47075 Íscar;Mujeres;2001;3051
47;Valladolid;47075 Íscar;Mujeres;2000;3041
47;Valladolid;47075 Íscar;Mujeres;1999;3045
47;Valladolid;47075 Íscar;Mujeres;1998;3045
47;Valladolid;47075 Íscar;Mujeres;1997;
47;Valladolid;47075 Íscar;Mujeres;1996;3030
47;Valladolid;47076 Laguna de Duero;Total;2023;22672
47;Valladolid;47076 Laguna de Duero;Total;2022;22642
47;Valladolid;47076 Laguna de Duero;Total;2021;22633
47;Valladolid;47076 Laguna de Duero;Total;2020;22765
47;Valladolid;47076 Laguna de Duero;Total;2019;22725
47;Valladolid;47076 Laguna de Duero;Total;2018;22645
47;Valladolid;47076 Laguna de Duero;Total;2017;22691
47;Valladolid;47076 Laguna de Duero;Total;2016;22696
47;Valladolid;47076 Laguna de Duero;Total;2015;22601
47;Valladolid;47076 Laguna de Duero;Total;2014;22555
47;Valladolid;47076 Laguna de Duero;Total;2013;22590
47;Valladolid;47076 Laguna de Duero;Total;2012;22455
47;Valladolid;47076 Laguna de Duero;Total;2011;22334
47;Valladolid;47076 Laguna de Duero;Total;2010;22110
47;Valladolid;47076 Laguna de Duero;Total;2009;21762
47;Valladolid;47076 Laguna de Duero;Total;2008;21483
47;Valladolid;47076 Laguna de Duero;Total;2007;21214
47;Valladolid;47076 Laguna de Duero;Total;2006;21018
47;Valladolid;47076 Laguna de Duero;Total;2005;20696
47;Valladolid;47076 Laguna de Duero;Total;2004;20396
47;Valladolid;47076 Laguna de Duero;Total;2003;20045
47;Valladolid;47076 Laguna de Duero;Total;2002;19258
47;Valladolid;47076 Laguna de Duero;Total;2001;17811
47;Valladolid;47076 Laguna de Duero;Total;2000;16977
47;Valladolid;47076 Laguna de Duero;Total;1999;15864
47;Valladolid;47076 Laguna de Duero;Total;1998;14915
47;Valladolid;47076 Laguna de Duero;Total;1997;
47;Valladolid;47076 Laguna de Duero;Total;1996;14234
47;Valladolid;47076 Laguna de Duero;Hombres;2023;11232
47;Valladolid;47076 Laguna de Duero;Hombres;2022;11245
47;Valladolid;47076 Laguna de Duero;Hombres;2021;11260
47;Valladolid;47076 Laguna de Duero;Hombres;2020;11351
47;Valladolid;47076 Laguna de Duero;Hombres;2019;11315
47;Valladolid;47076 Laguna de Duero;Hombres;2018;11251
47;Valladolid;47076 Laguna de Duero;Hombres;2017;11311
47;Valladolid;47076 Laguna de Duero;Hombres;2016;11355
47;Valladolid;47076 Laguna de Duero;Hombres;2015;11294
47;Valladolid;47076 Laguna de Duero;Hombres;2014;11301
47;Valladolid;47076 Laguna de Duero;Hombres;2013;11335
47;Valladolid;47076 Laguna de Duero;Hombres;2012;11298
47;Valladolid;47076 Laguna de Duero;Hombres;2011;11272
47;Valladolid;47076 Laguna de Duero;Hombres;2010;11185
47;Valladolid;47076 Laguna de Duero;Hombres;2009;11017
47;Valladolid;47076 Laguna de Duero;Hombres;2008;10885
47;Valladolid;47076 Laguna de Duero;Hombres;2007;10738
47;Valladolid;47076 Laguna de Duero;Hombres;2006;10634
47;Valladolid;47076 Laguna de Duero;Hombres;2005;10500
47;Valladolid;47076 Laguna de Duero;Hombres;2004;10338
47;Valladolid;47076 Laguna de Duero;Hombres;2003;10167
47;Valladolid;47076 Laguna de Duero;Hombres;2002;9778
47;Valladolid;47076 Laguna de Duero;Hombres;2001;9044
47;Valladolid;47076 Laguna de Duero;Hombres;2000;8585
47;Valladolid;47076 Laguna de Duero;Hombres;1999;8021
47;Valladolid;47076 Laguna de Duero;Hombres;1998;7537
47;Valladolid;47076 Laguna de Duero;Hombres;1997;
47;Valladolid;47076 Laguna de Duero;Hombres;1996;7221
47;Valladolid;47076 Laguna de Duero;Mujeres;2023;11440
47;Valladolid;47076 Laguna de Duero;Mujeres;2022;11397
47;Valladolid;47076 Laguna de Duero;Mujeres;2021;11373
47;Valladolid;47076 Laguna de Duero;Mujeres;2020;11414
47;Valladolid;47076 Laguna de Duero;Mujeres;2019;11410
47;Valladolid;47076 Laguna de Duero;Mujeres;2018;11394
47;Valladolid;47076 Laguna de Duero;Mujeres;2017;11380
47;Valladolid;47076 Laguna de Duero;Mujeres;2016;11341
47;Valladolid;47076 Laguna de Duero;Mujeres;2015;11307
47;Valladolid;47076 Laguna de Duero;Mujeres;2014;11254
47;Valladolid;47076 Laguna de Duero;Mujeres;2013;11255
47;Valladolid;47076 Laguna de Duero;Mujeres;2012;11157
47;Valladolid;47076 Laguna de Duero;Mujeres;2011;11062
47;Valladolid;47076 Laguna de Duero;Mujeres;2010;10925
47;Valladolid;47076 Laguna de Duero;Mujeres;2009;10745
47;Valladolid;47076 Laguna de Duero;Mujeres;2008;10598
47;Valladolid;47076 Laguna de Duero;Mujeres;2007;10476
47;Valladolid;47076 Laguna de Duero;Mujeres;2006;10384
47;Valladolid;47076 Laguna de Duero;Mujeres;2005;10196
47;Valladolid;47076 Laguna de Duero;Mujeres;2004;10058
47;Valladolid;47076 Laguna de Duero;Mujeres;2003;9878
47;Valladolid;47076 Laguna de Duero;Mujeres;2002;9480
47;Valladolid;47076 Laguna de Duero;Mujeres;2001;8767
47;Valladolid;47076 Laguna de Duero;Mujeres;2000;8392
47;Valladolid;47076 Laguna de Duero;Mujeres;1999;7843
47;Valladolid;47076 Laguna de Duero;Mujeres;1998;7378
47;Valladolid;47076 Laguna de Duero;Mujeres;1997;
47;Valladolid;47076 Laguna de Duero;Mujeres;1996;7013
47;Valladolid;47077 Langayo;Total;2023;253
47;Valladolid;47077 Langayo;Total;2022;254
47;Valladolid;47077 Langayo;Total;2021;242
47;Valladolid;47077 Langayo;Total;2020;250
47;Valladolid;47077 Langayo;Total;2019;248
47;Valladolid;47077 Langayo;Total;2018;246
47;Valladolid;47077 Langayo;Total;2017;258
47;Valladolid;47077 Langayo;Total;2016;260
47;Valladolid;47077 Langayo;Total;2015;268
47;Valladolid;47077 Langayo;Total;2014;284
47;Valladolid;47077 Langayo;Total;2013;292
47;Valladolid;47077 Langayo;Total;2012;310
47;Valladolid;47077 Langayo;Total;2011;320
47;Valladolid;47077 Langayo;Total;2010;324
47;Valladolid;47077 Langayo;Total;2009;337
47;Valladolid;47077 Langayo;Total;2008;346
47;Valladolid;47077 Langayo;Total;2007;360
47;Valladolid;47077 Langayo;Total;2006;373
47;Valladolid;47077 Langayo;Total;2005;381
47;Valladolid;47077 Langayo;Total;2004;398
47;Valladolid;47077 Langayo;Total;2003;403
47;Valladolid;47077 Langayo;Total;2002;433
47;Valladolid;47077 Langayo;Total;2001;448
47;Valladolid;47077 Langayo;Total;2000;462
47;Valladolid;47077 Langayo;Total;1999;473
47;Valladolid;47077 Langayo;Total;1998;473
47;Valladolid;47077 Langayo;Total;1997;
47;Valladolid;47077 Langayo;Total;1996;490
47;Valladolid;47077 Langayo;Hombres;2023;159
47;Valladolid;47077 Langayo;Hombres;2022;159
47;Valladolid;47077 Langayo;Hombres;2021;152
47;Valladolid;47077 Langayo;Hombres;2020;157
47;Valladolid;47077 Langayo;Hombres;2019;156
47;Valladolid;47077 Langayo;Hombres;2018;158
47;Valladolid;47077 Langayo;Hombres;2017;163
47;Valladolid;47077 Langayo;Hombres;2016;164
47;Valladolid;47077 Langayo;Hombres;2015;170
47;Valladolid;47077 Langayo;Hombres;2014;178
47;Valladolid;47077 Langayo;Hombres;2013;182
47;Valladolid;47077 Langayo;Hombres;2012;186
47;Valladolid;47077 Langayo;Hombres;2011;191
47;Valladolid;47077 Langayo;Hombres;2010;192
47;Valladolid;47077 Langayo;Hombres;2009;198
47;Valladolid;47077 Langayo;Hombres;2008;199
47;Valladolid;47077 Langayo;Hombres;2007;208
47;Valladolid;47077 Langayo;Hombres;2006;211
47;Valladolid;47077 Langayo;Hombres;2005;212
47;Valladolid;47077 Langayo;Hombres;2004;224
47;Valladolid;47077 Langayo;Hombres;2003;225
47;Valladolid;47077 Langayo;Hombres;2002;234
47;Valladolid;47077 Langayo;Hombres;2001;242
47;Valladolid;47077 Langayo;Hombres;2000;246
47;Valladolid;47077 Langayo;Hombres;1999;250
47;Valladolid;47077 Langayo;Hombres;1998;250
47;Valladolid;47077 Langayo;Hombres;1997;
47;Valladolid;47077 Langayo;Hombres;1996;259
47;Valladolid;47077 Langayo;Mujeres;2023;94
47;Valladolid;47077 Langayo;Mujeres;2022;95
47;Valladolid;47077 Langayo;Mujeres;2021;90
47;Valladolid;47077 Langayo;Mujeres;2020;93
47;Valladolid;47077 Langayo;Mujeres;2019;92
47;Valladolid;47077 Langayo;Mujeres;2018;88
47;Valladolid;47077 Langayo;Mujeres;2017;95
47;Valladolid;47077 Langayo;Mujeres;2016;96
47;Valladolid;47077 Langayo;Mujeres;2015;98
47;Valladolid;47077 Langayo;Mujeres;2014;106
47;Valladolid;47077 Langayo;Mujeres;2013;110
47;Valladolid;47077 Langayo;Mujeres;2012;124
47;Valladolid;47077 Langayo;Mujeres;2011;129
47;Valladolid;47077 Langayo;Mujeres;2010;132
47;Valladolid;47077 Langayo;Mujeres;2009;139
47;Valladolid;47077 Langayo;Mujeres;2008;147
47;Valladolid;47077 Langayo;Mujeres;2007;152
47;Valladolid;47077 Langayo;Mujeres;2006;162
47;Valladolid;47077 Langayo;Mujeres;2005;169
47;Valladolid;47077 Langayo;Mujeres;2004;174
47;Valladolid;47077 Langayo;Mujeres;2003;178
47;Valladolid;47077 Langayo;Mujeres;2002;199
47;Valladolid;47077 Langayo;Mujeres;2001;206
47;Valladolid;47077 Langayo;Mujeres;2000;216
47;Valladolid;47077 Langayo;Mujeres;1999;223
47;Valladolid;47077 Langayo;Mujeres;1998;223
47;Valladolid;47077 Langayo;Mujeres;1997;
47;Valladolid;47077 Langayo;Mujeres;1996;231
47;Valladolid;47079 Llano de Olmedo;Total;2023;45
47;Valladolid;47079 Llano de Olmedo;Total;2022;52
47;Valladolid;47079 Llano de Olmedo;Total;2021;59
47;Valladolid;47079 Llano de Olmedo;Total;2020;60
47;Valladolid;47079 Llano de Olmedo;Total;2019;59
47;Valladolid;47079 Llano de Olmedo;Total;2018;61
47;Valladolid;47079 Llano de Olmedo;Total;2017;62
47;Valladolid;47079 Llano de Olmedo;Total;2016;61
47;Valladolid;47079 Llano de Olmedo;Total;2015;67
47;Valladolid;47079 Llano de Olmedo;Total;2014;68
47;Valladolid;47079 Llano de Olmedo;Total;2013;71
47;Valladolid;47079 Llano de Olmedo;Total;2012;74
47;Valladolid;47079 Llano de Olmedo;Total;2011;75
47;Valladolid;47079 Llano de Olmedo;Total;2010;76
47;Valladolid;47079 Llano de Olmedo;Total;2009;72
47;Valladolid;47079 Llano de Olmedo;Total;2008;78
47;Valladolid;47079 Llano de Olmedo;Total;2007;80
47;Valladolid;47079 Llano de Olmedo;Total;2006;81
47;Valladolid;47079 Llano de Olmedo;Total;2005;80
47;Valladolid;47079 Llano de Olmedo;Total;2004;82
47;Valladolid;47079 Llano de Olmedo;Total;2003;85
47;Valladolid;47079 Llano de Olmedo;Total;2002;89
47;Valladolid;47079 Llano de Olmedo;Total;2001;90
47;Valladolid;47079 Llano de Olmedo;Total;2000;96
47;Valladolid;47079 Llano de Olmedo;Total;1999;97
47;Valladolid;47079 Llano de Olmedo;Total;1998;104
47;Valladolid;47079 Llano de Olmedo;Total;1997;
47;Valladolid;47079 Llano de Olmedo;Total;1996;105
47;Valladolid;47079 Llano de Olmedo;Hombres;2023;21
47;Valladolid;47079 Llano de Olmedo;Hombres;2022;26
47;Valladolid;47079 Llano de Olmedo;Hombres;2021;30
47;Valladolid;47079 Llano de Olmedo;Hombres;2020;31
47;Valladolid;47079 Llano de Olmedo;Hombres;2019;32
47;Valladolid;47079 Llano de Olmedo;Hombres;2018;32
47;Valladolid;47079 Llano de Olmedo;Hombres;2017;33
47;Valladolid;47079 Llano de Olmedo;Hombres;2016;33
47;Valladolid;47079 Llano de Olmedo;Hombres;2015;38
47;Valladolid;47079 Llano de Olmedo;Hombres;2014;39
47;Valladolid;47079 Llano de Olmedo;Hombres;2013;41
47;Valladolid;47079 Llano de Olmedo;Hombres;2012;44
47;Valladolid;47079 Llano de Olmedo;Hombres;2011;43
47;Valladolid;47079 Llano de Olmedo;Hombres;2010;45
47;Valladolid;47079 Llano de Olmedo;Hombres;2009;43
47;Valladolid;47079 Llano de Olmedo;Hombres;2008;44
47;Valladolid;47079 Llano de Olmedo;Hombres;2007;45
47;Valladolid;47079 Llano de Olmedo;Hombres;2006;46
47;Valladolid;47079 Llano de Olmedo;Hombres;2005;43
47;Valladolid;47079 Llano de Olmedo;Hombres;2004;44
47;Valladolid;47079 Llano de Olmedo;Hombres;2003;47
47;Valladolid;47079 Llano de Olmedo;Hombres;2002;48
47;Valladolid;47079 Llano de Olmedo;Hombres;2001;48
47;Valladolid;47079 Llano de Olmedo;Hombres;2000;50
47;Valladolid;47079 Llano de Olmedo;Hombres;1999;51
47;Valladolid;47079 Llano de Olmedo;Hombres;1998;54
47;Valladolid;47079 Llano de Olmedo;Hombres;1997;
47;Valladolid;47079 Llano de Olmedo;Hombres;1996;56
47;Valladolid;47079 Llano de Olmedo;Mujeres;2023;24
47;Valladolid;47079 Llano de Olmedo;Mujeres;2022;26
47;Valladolid;47079 Llano de Olmedo;Mujeres;2021;29
47;Valladolid;47079 Llano de Olmedo;Mujeres;2020;29
47;Valladolid;47079 Llano de Olmedo;Mujeres;2019;27
47;Valladolid;47079 Llano de Olmedo;Mujeres;2018;29
47;Valladolid;47079 Llano de Olmedo;Mujeres;2017;29
47;Valladolid;47079 Llano de Olmedo;Mujeres;2016;28
47;Valladolid;47079 Llano de Olmedo;Mujeres;2015;29
47;Valladolid;47079 Llano de Olmedo;Mujeres;2014;29
47;Valladolid;47079 Llano de Olmedo;Mujeres;2013;30
47;Valladolid;47079 Llano de Olmedo;Mujeres;2012;30
47;Valladolid;47079 Llano de Olmedo;Mujeres;2011;32
47;Valladolid;47079 Llano de Olmedo;Mujeres;2010;31
47;Valladolid;47079 Llano de Olmedo;Mujeres;2009;29
47;Valladolid;47079 Llano de Olmedo;Mujeres;2008;34
47;Valladolid;47079 Llano de Olmedo;Mujeres;2007;35
47;Valladolid;47079 Llano de Olmedo;Mujeres;2006;35
47;Valladolid;47079 Llano de Olmedo;Mujeres;2005;37
47;Valladolid;47079 Llano de Olmedo;Mujeres;2004;38
47;Valladolid;47079 Llano de Olmedo;Mujeres;2003;38
47;Valladolid;47079 Llano de Olmedo;Mujeres;2002;41
47;Valladolid;47079 Llano de Olmedo;Mujeres;2001;42
47;Valladolid;47079 Llano de Olmedo;Mujeres;2000;46
47;Valladolid;47079 Llano de Olmedo;Mujeres;1999;46
47;Valladolid;47079 Llano de Olmedo;Mujeres;1998;50
47;Valladolid;47079 Llano de Olmedo;Mujeres;1997;
47;Valladolid;47079 Llano de Olmedo;Mujeres;1996;49
47;Valladolid;47078 Lomoviejo;Total;2023;165
47;Valladolid;47078 Lomoviejo;Total;2022;172
47;Valladolid;47078 Lomoviejo;Total;2021;178
47;Valladolid;47078 Lomoviejo;Total;2020;178
47;Valladolid;47078 Lomoviejo;Total;2019;176
47;Valladolid;47078 Lomoviejo;Total;2018;175
47;Valladolid;47078 Lomoviejo;Total;2017;178
47;Valladolid;47078 Lomoviejo;Total;2016;183
47;Valladolid;47078 Lomoviejo;Total;2015;185
47;Valladolid;47078 Lomoviejo;Total;2014;189
47;Valladolid;47078 Lomoviejo;Total;2013;192
47;Valladolid;47078 Lomoviejo;Total;2012;197
47;Valladolid;47078 Lomoviejo;Total;2011;206
47;Valladolid;47078 Lomoviejo;Total;2010;211
47;Valladolid;47078 Lomoviejo;Total;2009;216
47;Valladolid;47078 Lomoviejo;Total;2008;219
47;Valladolid;47078 Lomoviejo;Total;2007;214
47;Valladolid;47078 Lomoviejo;Total;2006;213
47;Valladolid;47078 Lomoviejo;Total;2005;229
47;Valladolid;47078 Lomoviejo;Total;2004;240
47;Valladolid;47078 Lomoviejo;Total;2003;243
47;Valladolid;47078 Lomoviejo;Total;2002;252
47;Valladolid;47078 Lomoviejo;Total;2001;262
47;Valladolid;47078 Lomoviejo;Total;2000;266
47;Valladolid;47078 Lomoviejo;Total;1999;264
47;Valladolid;47078 Lomoviejo;Total;1998;262
47;Valladolid;47078 Lomoviejo;Total;1997;
47;Valladolid;47078 Lomoviejo;Total;1996;268
47;Valladolid;47078 Lomoviejo;Hombres;2023;89
47;Valladolid;47078 Lomoviejo;Hombres;2022;93
47;Valladolid;47078 Lomoviejo;Hombres;2021;97
47;Valladolid;47078 Lomoviejo;Hombres;2020;96
47;Valladolid;47078 Lomoviejo;Hombres;2019;94
47;Valladolid;47078 Lomoviejo;Hombres;2018;94
47;Valladolid;47078 Lomoviejo;Hombres;2017;94
47;Valladolid;47078 Lomoviejo;Hombres;2016;96
47;Valladolid;47078 Lomoviejo;Hombres;2015;96
47;Valladolid;47078 Lomoviejo;Hombres;2014;99
47;Valladolid;47078 Lomoviejo;Hombres;2013;101
47;Valladolid;47078 Lomoviejo;Hombres;2012;103
47;Valladolid;47078 Lomoviejo;Hombres;2011;107
47;Valladolid;47078 Lomoviejo;Hombres;2010;111
47;Valladolid;47078 Lomoviejo;Hombres;2009;114
47;Valladolid;47078 Lomoviejo;Hombres;2008;116
47;Valladolid;47078 Lomoviejo;Hombres;2007;114
47;Valladolid;47078 Lomoviejo;Hombres;2006;111
47;Valladolid;47078 Lomoviejo;Hombres;2005;115
47;Valladolid;47078 Lomoviejo;Hombres;2004;119
47;Valladolid;47078 Lomoviejo;Hombres;2003;121
47;Valladolid;47078 Lomoviejo;Hombres;2002;124
47;Valladolid;47078 Lomoviejo;Hombres;2001;128
47;Valladolid;47078 Lomoviejo;Hombres;2000;131
47;Valladolid;47078 Lomoviejo;Hombres;1999;129
47;Valladolid;47078 Lomoviejo;Hombres;1998;128
47;Valladolid;47078 Lomoviejo;Hombres;1997;
47;Valladolid;47078 Lomoviejo;Hombres;1996;134
47;Valladolid;47078 Lomoviejo;Mujeres;2023;76
47;Valladolid;47078 Lomoviejo;Mujeres;2022;79
47;Valladolid;47078 Lomoviejo;Mujeres;2021;81
47;Valladolid;47078 Lomoviejo;Mujeres;2020;82
47;Valladolid;47078 Lomoviejo;Mujeres;2019;82
47;Valladolid;47078 Lomoviejo;Mujeres;2018;81
47;Valladolid;47078 Lomoviejo;Mujeres;2017;84
47;Valladolid;47078 Lomoviejo;Mujeres;2016;87
47;Valladolid;47078 Lomoviejo;Mujeres;2015;89
47;Valladolid;47078 Lomoviejo;Mujeres;2014;90
47;Valladolid;47078 Lomoviejo;Mujeres;2013;91
47;Valladolid;47078 Lomoviejo;Mujeres;2012;94
47;Valladolid;47078 Lomoviejo;Mujeres;2011;99
47;Valladolid;47078 Lomoviejo;Mujeres;2010;100
47;Valladolid;47078 Lomoviejo;Mujeres;2009;102
47;Valladolid;47078 Lomoviejo;Mujeres;2008;103
47;Valladolid;47078 Lomoviejo;Mujeres;2007;100
47;Valladolid;47078 Lomoviejo;Mujeres;2006;102
47;Valladolid;47078 Lomoviejo;Mujeres;2005;114
47;Valladolid;47078 Lomoviejo;Mujeres;2004;121
47;Valladolid;47078 Lomoviejo;Mujeres;2003;122
47;Valladolid;47078 Lomoviejo;Mujeres;2002;128
47;Valladolid;47078 Lomoviejo;Mujeres;2001;134
47;Valladolid;47078 Lomoviejo;Mujeres;2000;135
47;Valladolid;47078 Lomoviejo;Mujeres;1999;135
47;Valladolid;47078 Lomoviejo;Mujeres;1998;134
47;Valladolid;47078 Lomoviejo;Mujeres;1997;
47;Valladolid;47078 Lomoviejo;Mujeres;1996;134
47;Valladolid;47080 Manzanillo;Total;2023;53
47;Valladolid;47080 Manzanillo;Total;2022;54
47;Valladolid;47080 Manzanillo;Total;2021;49
47;Valladolid;47080 Manzanillo;Total;2020;54
47;Valladolid;47080 Manzanillo;Total;2019;52
47;Valladolid;47080 Manzanillo;Total;2018;55
47;Valladolid;47080 Manzanillo;Total;2017;50
47;Valladolid;47080 Manzanillo;Total;2016;47
47;Valladolid;47080 Manzanillo;Total;2015;49
47;Valladolid;47080 Manzanillo;Total;2014;62
47;Valladolid;47080 Manzanillo;Total;2013;63
47;Valladolid;47080 Manzanillo;Total;2012;66
47;Valladolid;47080 Manzanillo;Total;2011;67
47;Valladolid;47080 Manzanillo;Total;2010;64
47;Valladolid;47080 Manzanillo;Total;2009;61
47;Valladolid;47080 Manzanillo;Total;2008;58
47;Valladolid;47080 Manzanillo;Total;2007;59
47;Valladolid;47080 Manzanillo;Total;2006;58
47;Valladolid;47080 Manzanillo;Total;2005;56
47;Valladolid;47080 Manzanillo;Total;2004;48
47;Valladolid;47080 Manzanillo;Total;2003;50
47;Valladolid;47080 Manzanillo;Total;2002;54
47;Valladolid;47080 Manzanillo;Total;2001;60
47;Valladolid;47080 Manzanillo;Total;2000;71
47;Valladolid;47080 Manzanillo;Total;1999;74
47;Valladolid;47080 Manzanillo;Total;1998;71
47;Valladolid;47080 Manzanillo;Total;1997;
47;Valladolid;47080 Manzanillo;Total;1996;86
47;Valladolid;47080 Manzanillo;Hombres;2023;29
47;Valladolid;47080 Manzanillo;Hombres;2022;27
47;Valladolid;47080 Manzanillo;Hombres;2021;26
47;Valladolid;47080 Manzanillo;Hombres;2020;26
47;Valladolid;47080 Manzanillo;Hombres;2019;26
47;Valladolid;47080 Manzanillo;Hombres;2018;27
47;Valladolid;47080 Manzanillo;Hombres;2017;27
47;Valladolid;47080 Manzanillo;Hombres;2016;24
47;Valladolid;47080 Manzanillo;Hombres;2015;28
47;Valladolid;47080 Manzanillo;Hombres;2014;33
47;Valladolid;47080 Manzanillo;Hombres;2013;35
47;Valladolid;47080 Manzanillo;Hombres;2012;35
47;Valladolid;47080 Manzanillo;Hombres;2011;37
47;Valladolid;47080 Manzanillo;Hombres;2010;34
47;Valladolid;47080 Manzanillo;Hombres;2009;34
47;Valladolid;47080 Manzanillo;Hombres;2008;31
47;Valladolid;47080 Manzanillo;Hombres;2007;31
47;Valladolid;47080 Manzanillo;Hombres;2006;30
47;Valladolid;47080 Manzanillo;Hombres;2005;30
47;Valladolid;47080 Manzanillo;Hombres;2004;25
47;Valladolid;47080 Manzanillo;Hombres;2003;26
47;Valladolid;47080 Manzanillo;Hombres;2002;28
47;Valladolid;47080 Manzanillo;Hombres;2001;32
47;Valladolid;47080 Manzanillo;Hombres;2000;37
47;Valladolid;47080 Manzanillo;Hombres;1999;39
47;Valladolid;47080 Manzanillo;Hombres;1998;36
47;Valladolid;47080 Manzanillo;Hombres;1997;
47;Valladolid;47080 Manzanillo;Hombres;1996;45
47;Valladolid;47080 Manzanillo;Mujeres;2023;24
47;Valladolid;47080 Manzanillo;Mujeres;2022;27
47;Valladolid;47080 Manzanillo;Mujeres;2021;23
47;Valladolid;47080 Manzanillo;Mujeres;2020;28
47;Valladolid;47080 Manzanillo;Mujeres;2019;26
47;Valladolid;47080 Manzanillo;Mujeres;2018;28
47;Valladolid;47080 Manzanillo;Mujeres;2017;23
47;Valladolid;47080 Manzanillo;Mujeres;2016;23
47;Valladolid;47080 Manzanillo;Mujeres;2015;21
47;Valladolid;47080 Manzanillo;Mujeres;2014;29
47;Valladolid;47080 Manzanillo;Mujeres;2013;28
47;Valladolid;47080 Manzanillo;Mujeres;2012;31
47;Valladolid;47080 Manzanillo;Mujeres;2011;30
47;Valladolid;47080 Manzanillo;Mujeres;2010;30
47;Valladolid;47080 Manzanillo;Mujeres;2009;27
47;Valladolid;47080 Manzanillo;Mujeres;2008;27
47;Valladolid;47080 Manzanillo;Mujeres;2007;28
47;Valladolid;47080 Manzanillo;Mujeres;2006;28
47;Valladolid;47080 Manzanillo;Mujeres;2005;26
47;Valladolid;47080 Manzanillo;Mujeres;2004;23
47;Valladolid;47080 Manzanillo;Mujeres;2003;24
47;Valladolid;47080 Manzanillo;Mujeres;2002;26
47;Valladolid;47080 Manzanillo;Mujeres;2001;28
47;Valladolid;47080 Manzanillo;Mujeres;2000;34
47;Valladolid;47080 Manzanillo;Mujeres;1999;35
47;Valladolid;47080 Manzanillo;Mujeres;1998;35
47;Valladolid;47080 Manzanillo;Mujeres;1997;
47;Valladolid;47080 Manzanillo;Mujeres;1996;41
47;Valladolid;47081 Marzales;Total;2023;45
47;Valladolid;47081 Marzales;Total;2022;45
47;Valladolid;47081 Marzales;Total;2021;43
47;Valladolid;47081 Marzales;Total;2020;43
47;Valladolid;47081 Marzales;Total;2019;45
47;Valladolid;47081 Marzales;Total;2018;48
47;Valladolid;47081 Marzales;Total;2017;48
47;Valladolid;47081 Marzales;Total;2016;49
47;Valladolid;47081 Marzales;Total;2015;52
47;Valladolid;47081 Marzales;Total;2014;53
47;Valladolid;47081 Marzales;Total;2013;56
47;Valladolid;47081 Marzales;Total;2012;56
47;Valladolid;47081 Marzales;Total;2011;57
47;Valladolid;47081 Marzales;Total;2010;55
47;Valladolid;47081 Marzales;Total;2009;55
47;Valladolid;47081 Marzales;Total;2008;59
47;Valladolid;47081 Marzales;Total;2007;63
47;Valladolid;47081 Marzales;Total;2006;62
47;Valladolid;47081 Marzales;Total;2005;64
47;Valladolid;47081 Marzales;Total;2004;64
47;Valladolid;47081 Marzales;Total;2003;65
47;Valladolid;47081 Marzales;Total;2002;73
47;Valladolid;47081 Marzales;Total;2001;79
47;Valladolid;47081 Marzales;Total;2000;79
47;Valladolid;47081 Marzales;Total;1999;76
47;Valladolid;47081 Marzales;Total;1998;77
47;Valladolid;47081 Marzales;Total;1997;
47;Valladolid;47081 Marzales;Total;1996;77
47;Valladolid;47081 Marzales;Hombres;2023;21
47;Valladolid;47081 Marzales;Hombres;2022;20
47;Valladolid;47081 Marzales;Hombres;2021;20
47;Valladolid;47081 Marzales;Hombres;2020;21
47;Valladolid;47081 Marzales;Hombres;2019;22
47;Valladolid;47081 Marzales;Hombres;2018;24
47;Valladolid;47081 Marzales;Hombres;2017;23
47;Valladolid;47081 Marzales;Hombres;2016;23
47;Valladolid;47081 Marzales;Hombres;2015;24
47;Valladolid;47081 Marzales;Hombres;2014;25
47;Valladolid;47081 Marzales;Hombres;2013;26
47;Valladolid;47081 Marzales;Hombres;2012;26
47;Valladolid;47081 Marzales;Hombres;2011;26
47;Valladolid;47081 Marzales;Hombres;2010;27
47;Valladolid;47081 Marzales;Hombres;2009;27
47;Valladolid;47081 Marzales;Hombres;2008;28
47;Valladolid;47081 Marzales;Hombres;2007;31
47;Valladolid;47081 Marzales;Hombres;2006;33
47;Valladolid;47081 Marzales;Hombres;2005;32
47;Valladolid;47081 Marzales;Hombres;2004;32
47;Valladolid;47081 Marzales;Hombres;2003;33
47;Valladolid;47081 Marzales;Hombres;2002;35
47;Valladolid;47081 Marzales;Hombres;2001;38
47;Valladolid;47081 Marzales;Hombres;2000;39
47;Valladolid;47081 Marzales;Hombres;1999;37
47;Valladolid;47081 Marzales;Hombres;1998;38
47;Valladolid;47081 Marzales;Hombres;1997;
47;Valladolid;47081 Marzales;Hombres;1996;37
47;Valladolid;47081 Marzales;Mujeres;2023;24
47;Valladolid;47081 Marzales;Mujeres;2022;25
47;Valladolid;47081 Marzales;Mujeres;2021;23
47;Valladolid;47081 Marzales;Mujeres;2020;22
47;Valladolid;47081 Marzales;Mujeres;2019;23
47;Valladolid;47081 Marzales;Mujeres;2018;24
47;Valladolid;47081 Marzales;Mujeres;2017;25
47;Valladolid;47081 Marzales;Mujeres;2016;26
47;Valladolid;47081 Marzales;Mujeres;2015;28
47;Valladolid;47081 Marzales;Mujeres;2014;28
47;Valladolid;47081 Marzales;Mujeres;2013;30
47;Valladolid;47081 Marzales;Mujeres;2012;30
47;Valladolid;47081 Marzales;Mujeres;2011;31
47;Valladolid;47081 Marzales;Mujeres;2010;28
47;Valladolid;47081 Marzales;Mujeres;2009;28
47;Valladolid;47081 Marzales;Mujeres;2008;31
47;Valladolid;47081 Marzales;Mujeres;2007;32
47;Valladolid;47081 Marzales;Mujeres;2006;29
47;Valladolid;47081 Marzales;Mujeres;2005;32
47;Valladolid;47081 Marzales;Mujeres;2004;32
47;Valladolid;47081 Marzales;Mujeres;2003;32
47;Valladolid;47081 Marzales;Mujeres;2002;38
47;Valladolid;47081 Marzales;Mujeres;2001;41
47;Valladolid;47081 Marzales;Mujeres;2000;40
47;Valladolid;47081 Marzales;Mujeres;1999;39
47;Valladolid;47081 Marzales;Mujeres;1998;39
47;Valladolid;47081 Marzales;Mujeres;1997;
47;Valladolid;47081 Marzales;Mujeres;1996;40
47;Valladolid;47082 Matapozuelos;Total;2023;1008
47;Valladolid;47082 Matapozuelos;Total;2022;1001
47;Valladolid;47082 Matapozuelos;Total;2021;1039
47;Valladolid;47082 Matapozuelos;Total;2020;1033
47;Valladolid;47082 Matapozuelos;Total;2019;1058
47;Valladolid;47082 Matapozuelos;Total;2018;1045
47;Valladolid;47082 Matapozuelos;Total;2017;1055
47;Valladolid;47082 Matapozuelos;Total;2016;1040
47;Valladolid;47082 Matapozuelos;Total;2015;1016
47;Valladolid;47082 Matapozuelos;Total;2014;1007
47;Valladolid;47082 Matapozuelos;Total;2013;1032
47;Valladolid;47082 Matapozuelos;Total;2012;1038
47;Valladolid;47082 Matapozuelos;Total;2011;1053
47;Valladolid;47082 Matapozuelos;Total;2010;1053
47;Valladolid;47082 Matapozuelos;Total;2009;1061
47;Valladolid;47082 Matapozuelos;Total;2008;1066
47;Valladolid;47082 Matapozuelos;Total;2007;1049
47;Valladolid;47082 Matapozuelos;Total;2006;1059
47;Valladolid;47082 Matapozuelos;Total;2005;1024
47;Valladolid;47082 Matapozuelos;Total;2004;1024
47;Valladolid;47082 Matapozuelos;Total;2003;1019
47;Valladolid;47082 Matapozuelos;Total;2002;988
47;Valladolid;47082 Matapozuelos;Total;2001;991
47;Valladolid;47082 Matapozuelos;Total;2000;1005
47;Valladolid;47082 Matapozuelos;Total;1999;1001
47;Valladolid;47082 Matapozuelos;Total;1998;1001
47;Valladolid;47082 Matapozuelos;Total;1997;
47;Valladolid;47082 Matapozuelos;Total;1996;1017
47;Valladolid;47082 Matapozuelos;Hombres;2023;510
47;Valladolid;47082 Matapozuelos;Hombres;2022;504
47;Valladolid;47082 Matapozuelos;Hombres;2021;522
47;Valladolid;47082 Matapozuelos;Hombres;2020;523
47;Valladolid;47082 Matapozuelos;Hombres;2019;539
47;Valladolid;47082 Matapozuelos;Hombres;2018;536
47;Valladolid;47082 Matapozuelos;Hombres;2017;542
47;Valladolid;47082 Matapozuelos;Hombres;2016;526
47;Valladolid;47082 Matapozuelos;Hombres;2015;516
47;Valladolid;47082 Matapozuelos;Hombres;2014;507
47;Valladolid;47082 Matapozuelos;Hombres;2013;516
47;Valladolid;47082 Matapozuelos;Hombres;2012;520
47;Valladolid;47082 Matapozuelos;Hombres;2011;523
47;Valladolid;47082 Matapozuelos;Hombres;2010;531
47;Valladolid;47082 Matapozuelos;Hombres;2009;534
47;Valladolid;47082 Matapozuelos;Hombres;2008;543
47;Valladolid;47082 Matapozuelos;Hombres;2007;533
47;Valladolid;47082 Matapozuelos;Hombres;2006;538
47;Valladolid;47082 Matapozuelos;Hombres;2005;516
47;Valladolid;47082 Matapozuelos;Hombres;2004;522
47;Valladolid;47082 Matapozuelos;Hombres;2003;516
47;Valladolid;47082 Matapozuelos;Hombres;2002;492
47;Valladolid;47082 Matapozuelos;Hombres;2001;494
47;Valladolid;47082 Matapozuelos;Hombres;2000;504
47;Valladolid;47082 Matapozuelos;Hombres;1999;505
47;Valladolid;47082 Matapozuelos;Hombres;1998;505
47;Valladolid;47082 Matapozuelos;Hombres;1997;
47;Valladolid;47082 Matapozuelos;Hombres;1996;513
47;Valladolid;47082 Matapozuelos;Mujeres;2023;498
47;Valladolid;47082 Matapozuelos;Mujeres;2022;497
47;Valladolid;47082 Matapozuelos;Mujeres;2021;517
47;Valladolid;47082 Matapozuelos;Mujeres;2020;510
47;Valladolid;47082 Matapozuelos;Mujeres;2019;519
47;Valladolid;47082 Matapozuelos;Mujeres;2018;509
47;Valladolid;47082 Matapozuelos;Mujeres;2017;513
47;Valladolid;47082 Matapozuelos;Mujeres;2016;514
47;Valladolid;47082 Matapozuelos;Mujeres;2015;500
47;Valladolid;47082 Matapozuelos;Mujeres;2014;500
47;Valladolid;47082 Matapozuelos;Mujeres;2013;516
47;Valladolid;47082 Matapozuelos;Mujeres;2012;518
47;Valladolid;47082 Matapozuelos;Mujeres;2011;530
47;Valladolid;47082 Matapozuelos;Mujeres;2010;522
47;Valladolid;47082 Matapozuelos;Mujeres;2009;527
47;Valladolid;47082 Matapozuelos;Mujeres;2008;523
47;Valladolid;47082 Matapozuelos;Mujeres;2007;516
47;Valladolid;47082 Matapozuelos;Mujeres;2006;521
47;Valladolid;47082 Matapozuelos;Mujeres;2005;508
47;Valladolid;47082 Matapozuelos;Mujeres;2004;502
47;Valladolid;47082 Matapozuelos;Mujeres;2003;503
47;Valladolid;47082 Matapozuelos;Mujeres;2002;496
47;Valladolid;47082 Matapozuelos;Mujeres;2001;497
47;Valladolid;47082 Matapozuelos;Mujeres;2000;501
47;Valladolid;47082 Matapozuelos;Mujeres;1999;496
47;Valladolid;47082 Matapozuelos;Mujeres;1998;496
47;Valladolid;47082 Matapozuelos;Mujeres;1997;
47;Valladolid;47082 Matapozuelos;Mujeres;1996;504
47;Valladolid;47083 Matilla de los Caños;Total;2023;103
47;Valladolid;47083 Matilla de los Caños;Total;2022;99
47;Valladolid;47083 Matilla de los Caños;Total;2021;94
47;Valladolid;47083 Matilla de los Caños;Total;2020;100
47;Valladolid;47083 Matilla de los Caños;Total;2019;102
47;Valladolid;47083 Matilla de los Caños;Total;2018;107
47;Valladolid;47083 Matilla de los Caños;Total;2017;106
47;Valladolid;47083 Matilla de los Caños;Total;2016;108
47;Valladolid;47083 Matilla de los Caños;Total;2015;94
47;Valladolid;47083 Matilla de los Caños;Total;2014;95
47;Valladolid;47083 Matilla de los Caños;Total;2013;98
47;Valladolid;47083 Matilla de los Caños;Total;2012;95
47;Valladolid;47083 Matilla de los Caños;Total;2011;99
47;Valladolid;47083 Matilla de los Caños;Total;2010;97
47;Valladolid;47083 Matilla de los Caños;Total;2009;101
47;Valladolid;47083 Matilla de los Caños;Total;2008;103
47;Valladolid;47083 Matilla de los Caños;Total;2007;105
47;Valladolid;47083 Matilla de los Caños;Total;2006;106
47;Valladolid;47083 Matilla de los Caños;Total;2005;112
47;Valladolid;47083 Matilla de los Caños;Total;2004;111
47;Valladolid;47083 Matilla de los Caños;Total;2003;108
47;Valladolid;47083 Matilla de los Caños;Total;2002;111
47;Valladolid;47083 Matilla de los Caños;Total;2001;116
47;Valladolid;47083 Matilla de los Caños;Total;2000;105
47;Valladolid;47083 Matilla de los Caños;Total;1999;101
47;Valladolid;47083 Matilla de los Caños;Total;1998;94
47;Valladolid;47083 Matilla de los Caños;Total;1997;
47;Valladolid;47083 Matilla de los Caños;Total;1996;98
47;Valladolid;47083 Matilla de los Caños;Hombres;2023;56
47;Valladolid;47083 Matilla de los Caños;Hombres;2022;51
47;Valladolid;47083 Matilla de los Caños;Hombres;2021;48
47;Valladolid;47083 Matilla de los Caños;Hombres;2020;54
47;Valladolid;47083 Matilla de los Caños;Hombres;2019;60
47;Valladolid;47083 Matilla de los Caños;Hombres;2018;63
47;Valladolid;47083 Matilla de los Caños;Hombres;2017;59
47;Valladolid;47083 Matilla de los Caños;Hombres;2016;60
47;Valladolid;47083 Matilla de los Caños;Hombres;2015;52
47;Valladolid;47083 Matilla de los Caños;Hombres;2014;53
47;Valladolid;47083 Matilla de los Caños;Hombres;2013;56
47;Valladolid;47083 Matilla de los Caños;Hombres;2012;55
47;Valladolid;47083 Matilla de los Caños;Hombres;2011;55
47;Valladolid;47083 Matilla de los Caños;Hombres;2010;56
47;Valladolid;47083 Matilla de los Caños;Hombres;2009;58
47;Valladolid;47083 Matilla de los Caños;Hombres;2008;60
47;Valladolid;47083 Matilla de los Caños;Hombres;2007;62
47;Valladolid;47083 Matilla de los Caños;Hombres;2006;62
47;Valladolid;47083 Matilla de los Caños;Hombres;2005;64
47;Valladolid;47083 Matilla de los Caños;Hombres;2004;65
47;Valladolid;47083 Matilla de los Caños;Hombres;2003;64
47;Valladolid;47083 Matilla de los Caños;Hombres;2002;64
47;Valladolid;47083 Matilla de los Caños;Hombres;2001;66
47;Valladolid;47083 Matilla de los Caños;Hombres;2000;62
47;Valladolid;47083 Matilla de los Caños;Hombres;1999;59
47;Valladolid;47083 Matilla de los Caños;Hombres;1998;55
47;Valladolid;47083 Matilla de los Caños;Hombres;1997;
47;Valladolid;47083 Matilla de los Caños;Hombres;1996;54
47;Valladolid;47083 Matilla de los Caños;Mujeres;2023;47
47;Valladolid;47083 Matilla de los Caños;Mujeres;2022;48
47;Valladolid;47083 Matilla de los Caños;Mujeres;2021;46
47;Valladolid;47083 Matilla de los Caños;Mujeres;2020;46
47;Valladolid;47083 Matilla de los Caños;Mujeres;2019;42
47;Valladolid;47083 Matilla de los Caños;Mujeres;2018;44
47;Valladolid;47083 Matilla de los Caños;Mujeres;2017;47
47;Valladolid;47083 Matilla de los Caños;Mujeres;2016;48
47;Valladolid;47083 Matilla de los Caños;Mujeres;2015;42
47;Valladolid;47083 Matilla de los Caños;Mujeres;2014;42
47;Valladolid;47083 Matilla de los Caños;Mujeres;2013;42
47;Valladolid;47083 Matilla de los Caños;Mujeres;2012;40
47;Valladolid;47083 Matilla de los Caños;Mujeres;2011;44
47;Valladolid;47083 Matilla de los Caños;Mujeres;2010;41
47;Valladolid;47083 Matilla de los Caños;Mujeres;2009;43
47;Valladolid;47083 Matilla de los Caños;Mujeres;2008;43
47;Valladolid;47083 Matilla de los Caños;Mujeres;2007;43
47;Valladolid;47083 Matilla de los Caños;Mujeres;2006;44
47;Valladolid;47083 Matilla de los Caños;Mujeres;2005;48
47;Valladolid;47083 Matilla de los Caños;Mujeres;2004;46
47;Valladolid;47083 Matilla de los Caños;Mujeres;2003;44
47;Valladolid;47083 Matilla de los Caños;Mujeres;2002;47
47;Valladolid;47083 Matilla de los Caños;Mujeres;2001;50
47;Valladolid;47083 Matilla de los Caños;Mujeres;2000;43
47;Valladolid;47083 Matilla de los Caños;Mujeres;1999;42
47;Valladolid;47083 Matilla de los Caños;Mujeres;1998;39
47;Valladolid;47083 Matilla de los Caños;Mujeres;1997;
47;Valladolid;47083 Matilla de los Caños;Mujeres;1996;44
47;Valladolid;47084 Mayorga;Total;2023;1418
47;Valladolid;47084 Mayorga;Total;2022;1455
47;Valladolid;47084 Mayorga;Total;2021;1471
47;Valladolid;47084 Mayorga;Total;2020;1478
47;Valladolid;47084 Mayorga;Total;2019;1509
47;Valladolid;47084 Mayorga;Total;2018;1590
47;Valladolid;47084 Mayorga;Total;2017;1618
47;Valladolid;47084 Mayorga;Total;2016;1649
47;Valladolid;47084 Mayorga;Total;2015;1689
47;Valladolid;47084 Mayorga;Total;2014;1687
47;Valladolid;47084 Mayorga;Total;2013;1918
47;Valladolid;47084 Mayorga;Total;2012;1914
47;Valladolid;47084 Mayorga;Total;2011;1937
47;Valladolid;47084 Mayorga;Total;2010;1963
47;Valladolid;47084 Mayorga;Total;2009;1931
47;Valladolid;47084 Mayorga;Total;2008;1966
47;Valladolid;47084 Mayorga;Total;2007;1957
47;Valladolid;47084 Mayorga;Total;2006;1782
47;Valladolid;47084 Mayorga;Total;2005;1972
47;Valladolid;47084 Mayorga;Total;2004;1981
47;Valladolid;47084 Mayorga;Total;2003;1934
47;Valladolid;47084 Mayorga;Total;2002;1730
47;Valladolid;47084 Mayorga;Total;2001;1684
47;Valladolid;47084 Mayorga;Total;2000;1671
47;Valladolid;47084 Mayorga;Total;1999;1720
47;Valladolid;47084 Mayorga;Total;1998;1720
47;Valladolid;47084 Mayorga;Total;1997;
47;Valladolid;47084 Mayorga;Total;1996;1712
47;Valladolid;47084 Mayorga;Hombres;2023;701
47;Valladolid;47084 Mayorga;Hombres;2022;727
47;Valladolid;47084 Mayorga;Hombres;2021;731
47;Valladolid;47084 Mayorga;Hombres;2020;730
47;Valladolid;47084 Mayorga;Hombres;2019;748
47;Valladolid;47084 Mayorga;Hombres;2018;797
47;Valladolid;47084 Mayorga;Hombres;2017;804
47;Valladolid;47084 Mayorga;Hombres;2016;810
47;Valladolid;47084 Mayorga;Hombres;2015;825
47;Valladolid;47084 Mayorga;Hombres;2014;827
47;Valladolid;47084 Mayorga;Hombres;2013;946
47;Valladolid;47084 Mayorga;Hombres;2012;941
47;Valladolid;47084 Mayorga;Hombres;2011;952
47;Valladolid;47084 Mayorga;Hombres;2010;976
47;Valladolid;47084 Mayorga;Hombres;2009;949
47;Valladolid;47084 Mayorga;Hombres;2008;973
47;Valladolid;47084 Mayorga;Hombres;2007;970
47;Valladolid;47084 Mayorga;Hombres;2006;879
47;Valladolid;47084 Mayorga;Hombres;2005;990
47;Valladolid;47084 Mayorga;Hombres;2004;1007
47;Valladolid;47084 Mayorga;Hombres;2003;974
47;Valladolid;47084 Mayorga;Hombres;2002;843
47;Valladolid;47084 Mayorga;Hombres;2001;822
47;Valladolid;47084 Mayorga;Hombres;2000;803
47;Valladolid;47084 Mayorga;Hombres;1999;824
47;Valladolid;47084 Mayorga;Hombres;1998;824
47;Valladolid;47084 Mayorga;Hombres;1997;
47;Valladolid;47084 Mayorga;Hombres;1996;835
47;Valladolid;47084 Mayorga;Mujeres;2023;717
47;Valladolid;47084 Mayorga;Mujeres;2022;728
47;Valladolid;47084 Mayorga;Mujeres;2021;740
47;Valladolid;47084 Mayorga;Mujeres;2020;748
47;Valladolid;47084 Mayorga;Mujeres;2019;761
47;Valladolid;47084 Mayorga;Mujeres;2018;793
47;Valladolid;47084 Mayorga;Mujeres;2017;814
47;Valladolid;47084 Mayorga;Mujeres;2016;839
47;Valladolid;47084 Mayorga;Mujeres;2015;864
47;Valladolid;47084 Mayorga;Mujeres;2014;860
47;Valladolid;47084 Mayorga;Mujeres;2013;972
47;Valladolid;47084 Mayorga;Mujeres;2012;973
47;Valladolid;47084 Mayorga;Mujeres;2011;985
47;Valladolid;47084 Mayorga;Mujeres;2010;987
47;Valladolid;47084 Mayorga;Mujeres;2009;982
47;Valladolid;47084 Mayorga;Mujeres;2008;993
47;Valladolid;47084 Mayorga;Mujeres;2007;987
47;Valladolid;47084 Mayorga;Mujeres;2006;903
47;Valladolid;47084 Mayorga;Mujeres;2005;982
47;Valladolid;47084 Mayorga;Mujeres;2004;974
47;Valladolid;47084 Mayorga;Mujeres;2003;960
47;Valladolid;47084 Mayorga;Mujeres;2002;887
47;Valladolid;47084 Mayorga;Mujeres;2001;862
47;Valladolid;47084 Mayorga;Mujeres;2000;868
47;Valladolid;47084 Mayorga;Mujeres;1999;896
47;Valladolid;47084 Mayorga;Mujeres;1998;896
47;Valladolid;47084 Mayorga;Mujeres;1997;
47;Valladolid;47084 Mayorga;Mujeres;1996;877
47;Valladolid;47086 Medina de Rioseco;Total;2023;4483
47;Valladolid;47086 Medina de Rioseco;Total;2022;4493
47;Valladolid;47086 Medina de Rioseco;Total;2021;4550
47;Valladolid;47086 Medina de Rioseco;Total;2020;4606
47;Valladolid;47086 Medina de Rioseco;Total;2019;4647
47;Valladolid;47086 Medina de Rioseco;Total;2018;4716
47;Valladolid;47086 Medina de Rioseco;Total;2017;4770
47;Valladolid;47086 Medina de Rioseco;Total;2016;4803
47;Valladolid;47086 Medina de Rioseco;Total;2015;4821
47;Valladolid;47086 Medina de Rioseco;Total;2014;4906
47;Valladolid;47086 Medina de Rioseco;Total;2013;4938
47;Valladolid;47086 Medina de Rioseco;Total;2012;4967
47;Valladolid;47086 Medina de Rioseco;Total;2011;5001
47;Valladolid;47086 Medina de Rioseco;Total;2010;5042
47;Valladolid;47086 Medina de Rioseco;Total;2009;4977
47;Valladolid;47086 Medina de Rioseco;Total;2008;5008
47;Valladolid;47086 Medina de Rioseco;Total;2007;5008
47;Valladolid;47086 Medina de Rioseco;Total;2006;5023
47;Valladolid;47086 Medina de Rioseco;Total;2005;5024
47;Valladolid;47086 Medina de Rioseco;Total;2004;5037
47;Valladolid;47086 Medina de Rioseco;Total;2003;5009
47;Valladolid;47086 Medina de Rioseco;Total;2002;4864
47;Valladolid;47086 Medina de Rioseco;Total;2001;5077
47;Valladolid;47086 Medina de Rioseco;Total;2000;4902
47;Valladolid;47086 Medina de Rioseco;Total;1999;5001
47;Valladolid;47086 Medina de Rioseco;Total;1998;5001
47;Valladolid;47086 Medina de Rioseco;Total;1997;
47;Valladolid;47086 Medina de Rioseco;Total;1996;5015
47;Valladolid;47086 Medina de Rioseco;Hombres;2023;2202
47;Valladolid;47086 Medina de Rioseco;Hombres;2022;2221
47;Valladolid;47086 Medina de Rioseco;Hombres;2021;2235
47;Valladolid;47086 Medina de Rioseco;Hombres;2020;2272
47;Valladolid;47086 Medina de Rioseco;Hombres;2019;2286
47;Valladolid;47086 Medina de Rioseco;Hombres;2018;2311
47;Valladolid;47086 Medina de Rioseco;Hombres;2017;2339
47;Valladolid;47086 Medina de Rioseco;Hombres;2016;2368
47;Valladolid;47086 Medina de Rioseco;Hombres;2015;2375
47;Valladolid;47086 Medina de Rioseco;Hombres;2014;2409
47;Valladolid;47086 Medina de Rioseco;Hombres;2013;2417
47;Valladolid;47086 Medina de Rioseco;Hombres;2012;2431
47;Valladolid;47086 Medina de Rioseco;Hombres;2011;2451
47;Valladolid;47086 Medina de Rioseco;Hombres;2010;2461
47;Valladolid;47086 Medina de Rioseco;Hombres;2009;2426
47;Valladolid;47086 Medina de Rioseco;Hombres;2008;2456
47;Valladolid;47086 Medina de Rioseco;Hombres;2007;2463
47;Valladolid;47086 Medina de Rioseco;Hombres;2006;2465
47;Valladolid;47086 Medina de Rioseco;Hombres;2005;2489
47;Valladolid;47086 Medina de Rioseco;Hombres;2004;2476
47;Valladolid;47086 Medina de Rioseco;Hombres;2003;2456
47;Valladolid;47086 Medina de Rioseco;Hombres;2002;2372
47;Valladolid;47086 Medina de Rioseco;Hombres;2001;2476
47;Valladolid;47086 Medina de Rioseco;Hombres;2000;2393
47;Valladolid;47086 Medina de Rioseco;Hombres;1999;2445
47;Valladolid;47086 Medina de Rioseco;Hombres;1998;2445
47;Valladolid;47086 Medina de Rioseco;Hombres;1997;
47;Valladolid;47086 Medina de Rioseco;Hombres;1996;2441
47;Valladolid;47086 Medina de Rioseco;Mujeres;2023;2281
47;Valladolid;47086 Medina de Rioseco;Mujeres;2022;2272
47;Valladolid;47086 Medina de Rioseco;Mujeres;2021;2315
47;Valladolid;47086 Medina de Rioseco;Mujeres;2020;2334
47;Valladolid;47086 Medina de Rioseco;Mujeres;2019;2361
47;Valladolid;47086 Medina de Rioseco;Mujeres;2018;2405
47;Valladolid;47086 Medina de Rioseco;Mujeres;2017;2431
47;Valladolid;47086 Medina de Rioseco;Mujeres;2016;2435
47;Valladolid;47086 Medina de Rioseco;Mujeres;2015;2446
47;Valladolid;47086 Medina de Rioseco;Mujeres;2014;2497
47;Valladolid;47086 Medina de Rioseco;Mujeres;2013;2521
47;Valladolid;47086 Medina de Rioseco;Mujeres;2012;2536
47;Valladolid;47086 Medina de Rioseco;Mujeres;2011;2550
47;Valladolid;47086 Medina de Rioseco;Mujeres;2010;2581
47;Valladolid;47086 Medina de Rioseco;Mujeres;2009;2551
47;Valladolid;47086 Medina de Rioseco;Mujeres;2008;2552
47;Valladolid;47086 Medina de Rioseco;Mujeres;2007;2545
47;Valladolid;47086 Medina de Rioseco;Mujeres;2006;2558
47;Valladolid;47086 Medina de Rioseco;Mujeres;2005;2535
47;Valladolid;47086 Medina de Rioseco;Mujeres;2004;2561
47;Valladolid;47086 Medina de Rioseco;Mujeres;2003;2553
47;Valladolid;47086 Medina de Rioseco;Mujeres;2002;2492
47;Valladolid;47086 Medina de Rioseco;Mujeres;2001;2601
47;Valladolid;47086 Medina de Rioseco;Mujeres;2000;2509
47;Valladolid;47086 Medina de Rioseco;Mujeres;1999;2556
47;Valladolid;47086 Medina de Rioseco;Mujeres;1998;2556
47;Valladolid;47086 Medina de Rioseco;Mujeres;1997;
47;Valladolid;47086 Medina de Rioseco;Mujeres;1996;2574
47;Valladolid;47085 Medina del Campo;Total;2023;20090
47;Valladolid;47085 Medina del Campo;Total;2022;20183
47;Valladolid;47085 Medina del Campo;Total;2021;20271
47;Valladolid;47085 Medina del Campo;Total;2020;20416
47;Valladolid;47085 Medina del Campo;Total;2019;20510
47;Valladolid;47085 Medina del Campo;Total;2018;20583
47;Valladolid;47085 Medina del Campo;Total;2017;20679
47;Valladolid;47085 Medina del Campo;Total;2016;20774
47;Valladolid;47085 Medina del Campo;Total;2015;21110
47;Valladolid;47085 Medina del Campo;Total;2014;21274
47;Valladolid;47085 Medina del Campo;Total;2013;21556
47;Valladolid;47085 Medina del Campo;Total;2012;21594
47;Valladolid;47085 Medina del Campo;Total;2011;21607
47;Valladolid;47085 Medina del Campo;Total;2010;21632
47;Valladolid;47085 Medina del Campo;Total;2009;21540
47;Valladolid;47085 Medina del Campo;Total;2008;21256
47;Valladolid;47085 Medina del Campo;Total;2007;20832
47;Valladolid;47085 Medina del Campo;Total;2006;20767
47;Valladolid;47085 Medina del Campo;Total;2005;20683
47;Valladolid;47085 Medina del Campo;Total;2004;20505
47;Valladolid;47085 Medina del Campo;Total;2003;20046
47;Valladolid;47085 Medina del Campo;Total;2002;20102
47;Valladolid;47085 Medina del Campo;Total;2001;20029
47;Valladolid;47085 Medina del Campo;Total;2000;20047
47;Valladolid;47085 Medina del Campo;Total;1999;20023
47;Valladolid;47085 Medina del Campo;Total;1998;20023
47;Valladolid;47085 Medina del Campo;Total;1997;
47;Valladolid;47085 Medina del Campo;Total;1996;20174
47;Valladolid;47085 Medina del Campo;Hombres;2023;9817
47;Valladolid;47085 Medina del Campo;Hombres;2022;9829
47;Valladolid;47085 Medina del Campo;Hombres;2021;9862
47;Valladolid;47085 Medina del Campo;Hombres;2020;9947
47;Valladolid;47085 Medina del Campo;Hombres;2019;9958
47;Valladolid;47085 Medina del Campo;Hombres;2018;9976
47;Valladolid;47085 Medina del Campo;Hombres;2017;10038
47;Valladolid;47085 Medina del Campo;Hombres;2016;10043
47;Valladolid;47085 Medina del Campo;Hombres;2015;10223
47;Valladolid;47085 Medina del Campo;Hombres;2014;10297
47;Valladolid;47085 Medina del Campo;Hombres;2013;10451
47;Valladolid;47085 Medina del Campo;Hombres;2012;10506
47;Valladolid;47085 Medina del Campo;Hombres;2011;10504
47;Valladolid;47085 Medina del Campo;Hombres;2010;10547
47;Valladolid;47085 Medina del Campo;Hombres;2009;10523
47;Valladolid;47085 Medina del Campo;Hombres;2008;10369
47;Valladolid;47085 Medina del Campo;Hombres;2007;10141
47;Valladolid;47085 Medina del Campo;Hombres;2006;10123
47;Valladolid;47085 Medina del Campo;Hombres;2005;10114
47;Valladolid;47085 Medina del Campo;Hombres;2004;10042
47;Valladolid;47085 Medina del Campo;Hombres;2003;9809
47;Valladolid;47085 Medina del Campo;Hombres;2002;9827
47;Valladolid;47085 Medina del Campo;Hombres;2001;9792
47;Valladolid;47085 Medina del Campo;Hombres;2000;9806
47;Valladolid;47085 Medina del Campo;Hombres;1999;9815
47;Valladolid;47085 Medina del Campo;Hombres;1998;9842
47;Valladolid;47085 Medina del Campo;Hombres;1997;
47;Valladolid;47085 Medina del Campo;Hombres;1996;9908
47;Valladolid;47085 Medina del Campo;Mujeres;2023;10273
47;Valladolid;47085 Medina del Campo;Mujeres;2022;10354
47;Valladolid;47085 Medina del Campo;Mujeres;2021;10409
47;Valladolid;47085 Medina del Campo;Mujeres;2020;10469
47;Valladolid;47085 Medina del Campo;Mujeres;2019;10552
47;Valladolid;47085 Medina del Campo;Mujeres;2018;10607
47;Valladolid;47085 Medina del Campo;Mujeres;2017;10641
47;Valladolid;47085 Medina del Campo;Mujeres;2016;10731
47;Valladolid;47085 Medina del Campo;Mujeres;2015;10887
47;Valladolid;47085 Medina del Campo;Mujeres;2014;10977
47;Valladolid;47085 Medina del Campo;Mujeres;2013;11105
47;Valladolid;47085 Medina del Campo;Mujeres;2012;11088
47;Valladolid;47085 Medina del Campo;Mujeres;2011;11103
47;Valladolid;47085 Medina del Campo;Mujeres;2010;11085
47;Valladolid;47085 Medina del Campo;Mujeres;2009;11017
47;Valladolid;47085 Medina del Campo;Mujeres;2008;10887
47;Valladolid;47085 Medina del Campo;Mujeres;2007;10691
47;Valladolid;47085 Medina del Campo;Mujeres;2006;10644
47;Valladolid;47085 Medina del Campo;Mujeres;2005;10569
47;Valladolid;47085 Medina del Campo;Mujeres;2004;10463
47;Valladolid;47085 Medina del Campo;Mujeres;2003;10237
47;Valladolid;47085 Medina del Campo;Mujeres;2002;10275
47;Valladolid;47085 Medina del Campo;Mujeres;2001;10237
47;Valladolid;47085 Medina del Campo;Mujeres;2000;10241
47;Valladolid;47085 Medina del Campo;Mujeres;1999;10208
47;Valladolid;47085 Medina del Campo;Mujeres;1998;10181
47;Valladolid;47085 Medina del Campo;Mujeres;1997;
47;Valladolid;47085 Medina del Campo;Mujeres;1996;10266
47;Valladolid;47087 Megeces;Total;2023;422
47;Valladolid;47087 Megeces;Total;2022;434
47;Valladolid;47087 Megeces;Total;2021;433
47;Valladolid;47087 Megeces;Total;2020;427
47;Valladolid;47087 Megeces;Total;2019;430
47;Valladolid;47087 Megeces;Total;2018;428
47;Valladolid;47087 Megeces;Total;2017;431
47;Valladolid;47087 Megeces;Total;2016;444
47;Valladolid;47087 Megeces;Total;2015;447
47;Valladolid;47087 Megeces;Total;2014;455
47;Valladolid;47087 Megeces;Total;2013;457
47;Valladolid;47087 Megeces;Total;2012;455
47;Valladolid;47087 Megeces;Total;2011;455
47;Valladolid;47087 Megeces;Total;2010;465
47;Valladolid;47087 Megeces;Total;2009;474
47;Valladolid;47087 Megeces;Total;2008;479
47;Valladolid;47087 Megeces;Total;2007;474
47;Valladolid;47087 Megeces;Total;2006;446
47;Valladolid;47087 Megeces;Total;2005;453
47;Valladolid;47087 Megeces;Total;2004;446
47;Valladolid;47087 Megeces;Total;2003;460
47;Valladolid;47087 Megeces;Total;2002;473
47;Valladolid;47087 Megeces;Total;2001;454
47;Valladolid;47087 Megeces;Total;2000;462
47;Valladolid;47087 Megeces;Total;1999;480
47;Valladolid;47087 Megeces;Total;1998;471
47;Valladolid;47087 Megeces;Total;1997;
47;Valladolid;47087 Megeces;Total;1996;472
47;Valladolid;47087 Megeces;Hombres;2023;224
47;Valladolid;47087 Megeces;Hombres;2022;233
47;Valladolid;47087 Megeces;Hombres;2021;232
47;Valladolid;47087 Megeces;Hombres;2020;232
47;Valladolid;47087 Megeces;Hombres;2019;230
47;Valladolid;47087 Megeces;Hombres;2018;224
47;Valladolid;47087 Megeces;Hombres;2017;228
47;Valladolid;47087 Megeces;Hombres;2016;234
47;Valladolid;47087 Megeces;Hombres;2015;234
47;Valladolid;47087 Megeces;Hombres;2014;241
47;Valladolid;47087 Megeces;Hombres;2013;242
47;Valladolid;47087 Megeces;Hombres;2012;242
47;Valladolid;47087 Megeces;Hombres;2011;239
47;Valladolid;47087 Megeces;Hombres;2010;246
47;Valladolid;47087 Megeces;Hombres;2009;251
47;Valladolid;47087 Megeces;Hombres;2008;248
47;Valladolid;47087 Megeces;Hombres;2007;244
47;Valladolid;47087 Megeces;Hombres;2006;224
47;Valladolid;47087 Megeces;Hombres;2005;222
47;Valladolid;47087 Megeces;Hombres;2004;222
47;Valladolid;47087 Megeces;Hombres;2003;232
47;Valladolid;47087 Megeces;Hombres;2002;238
47;Valladolid;47087 Megeces;Hombres;2001;222
47;Valladolid;47087 Megeces;Hombres;2000;227
47;Valladolid;47087 Megeces;Hombres;1999;241
47;Valladolid;47087 Megeces;Hombres;1998;232
47;Valladolid;47087 Megeces;Hombres;1997;
47;Valladolid;47087 Megeces;Hombres;1996;236
47;Valladolid;47087 Megeces;Mujeres;2023;198
47;Valladolid;47087 Megeces;Mujeres;2022;201
47;Valladolid;47087 Megeces;Mujeres;2021;201
47;Valladolid;47087 Megeces;Mujeres;2020;195
47;Valladolid;47087 Megeces;Mujeres;2019;200
47;Valladolid;47087 Megeces;Mujeres;2018;204
47;Valladolid;47087 Megeces;Mujeres;2017;203
47;Valladolid;47087 Megeces;Mujeres;2016;210
47;Valladolid;47087 Megeces;Mujeres;2015;213
47;Valladolid;47087 Megeces;Mujeres;2014;214
47;Valladolid;47087 Megeces;Mujeres;2013;215
47;Valladolid;47087 Megeces;Mujeres;2012;213
47;Valladolid;47087 Megeces;Mujeres;2011;216
47;Valladolid;47087 Megeces;Mujeres;2010;219
47;Valladolid;47087 Megeces;Mujeres;2009;223
47;Valladolid;47087 Megeces;Mujeres;2008;231
47;Valladolid;47087 Megeces;Mujeres;2007;230
47;Valladolid;47087 Megeces;Mujeres;2006;222
47;Valladolid;47087 Megeces;Mujeres;2005;231
47;Valladolid;47087 Megeces;Mujeres;2004;224
47;Valladolid;47087 Megeces;Mujeres;2003;228
47;Valladolid;47087 Megeces;Mujeres;2002;235
47;Valladolid;47087 Megeces;Mujeres;2001;232
47;Valladolid;47087 Megeces;Mujeres;2000;235
47;Valladolid;47087 Megeces;Mujeres;1999;239
47;Valladolid;47087 Megeces;Mujeres;1998;239
47;Valladolid;47087 Megeces;Mujeres;1997;
47;Valladolid;47087 Megeces;Mujeres;1996;236
47;Valladolid;47088 Melgar de Abajo;Total;2023;113
47;Valladolid;47088 Melgar de Abajo;Total;2022;116
47;Valladolid;47088 Melgar de Abajo;Total;2021;120
47;Valladolid;47088 Melgar de Abajo;Total;2020;114
47;Valladolid;47088 Melgar de Abajo;Total;2019;112
47;Valladolid;47088 Melgar de Abajo;Total;2018;110
47;Valladolid;47088 Melgar de Abajo;Total;2017;102
47;Valladolid;47088 Melgar de Abajo;Total;2016;107
47;Valladolid;47088 Melgar de Abajo;Total;2015;115
47;Valladolid;47088 Melgar de Abajo;Total;2014;120
47;Valladolid;47088 Melgar de Abajo;Total;2013;125
47;Valladolid;47088 Melgar de Abajo;Total;2012;133
47;Valladolid;47088 Melgar de Abajo;Total;2011;142
47;Valladolid;47088 Melgar de Abajo;Total;2010;145
47;Valladolid;47088 Melgar de Abajo;Total;2009;142
47;Valladolid;47088 Melgar de Abajo;Total;2008;149
47;Valladolid;47088 Melgar de Abajo;Total;2007;156
47;Valladolid;47088 Melgar de Abajo;Total;2006;161
47;Valladolid;47088 Melgar de Abajo;Total;2005;173
47;Valladolid;47088 Melgar de Abajo;Total;2004;170
47;Valladolid;47088 Melgar de Abajo;Total;2003;175
47;Valladolid;47088 Melgar de Abajo;Total;2002;175
47;Valladolid;47088 Melgar de Abajo;Total;2001;178
47;Valladolid;47088 Melgar de Abajo;Total;2000;175
47;Valladolid;47088 Melgar de Abajo;Total;1999;187
47;Valladolid;47088 Melgar de Abajo;Total;1998;187
47;Valladolid;47088 Melgar de Abajo;Total;1997;
47;Valladolid;47088 Melgar de Abajo;Total;1996;202
47;Valladolid;47088 Melgar de Abajo;Hombres;2023;59
47;Valladolid;47088 Melgar de Abajo;Hombres;2022;63
47;Valladolid;47088 Melgar de Abajo;Hombres;2021;64
47;Valladolid;47088 Melgar de Abajo;Hombres;2020;63
47;Valladolid;47088 Melgar de Abajo;Hombres;2019;61
47;Valladolid;47088 Melgar de Abajo;Hombres;2018;59
47;Valladolid;47088 Melgar de Abajo;Hombres;2017;57
47;Valladolid;47088 Melgar de Abajo;Hombres;2016;59
47;Valladolid;47088 Melgar de Abajo;Hombres;2015;64
47;Valladolid;47088 Melgar de Abajo;Hombres;2014;67
47;Valladolid;47088 Melgar de Abajo;Hombres;2013;71
47;Valladolid;47088 Melgar de Abajo;Hombres;2012;77
47;Valladolid;47088 Melgar de Abajo;Hombres;2011;82
47;Valladolid;47088 Melgar de Abajo;Hombres;2010;83
47;Valladolid;47088 Melgar de Abajo;Hombres;2009;80
47;Valladolid;47088 Melgar de Abajo;Hombres;2008;85
47;Valladolid;47088 Melgar de Abajo;Hombres;2007;89
47;Valladolid;47088 Melgar de Abajo;Hombres;2006;93
47;Valladolid;47088 Melgar de Abajo;Hombres;2005;98
47;Valladolid;47088 Melgar de Abajo;Hombres;2004;93
47;Valladolid;47088 Melgar de Abajo;Hombres;2003;92
47;Valladolid;47088 Melgar de Abajo;Hombres;2002;91
47;Valladolid;47088 Melgar de Abajo;Hombres;2001;91
47;Valladolid;47088 Melgar de Abajo;Hombres;2000;89
47;Valladolid;47088 Melgar de Abajo;Hombres;1999;95
47;Valladolid;47088 Melgar de Abajo;Hombres;1998;95
47;Valladolid;47088 Melgar de Abajo;Hombres;1997;
47;Valladolid;47088 Melgar de Abajo;Hombres;1996;102
47;Valladolid;47088 Melgar de Abajo;Mujeres;2023;54
47;Valladolid;47088 Melgar de Abajo;Mujeres;2022;53
47;Valladolid;47088 Melgar de Abajo;Mujeres;2021;56
47;Valladolid;47088 Melgar de Abajo;Mujeres;2020;51
47;Valladolid;47088 Melgar de Abajo;Mujeres;2019;51
47;Valladolid;47088 Melgar de Abajo;Mujeres;2018;51
47;Valladolid;47088 Melgar de Abajo;Mujeres;2017;45
47;Valladolid;47088 Melgar de Abajo;Mujeres;2016;48
47;Valladolid;47088 Melgar de Abajo;Mujeres;2015;51
47;Valladolid;47088 Melgar de Abajo;Mujeres;2014;53
47;Valladolid;47088 Melgar de Abajo;Mujeres;2013;54
47;Valladolid;47088 Melgar de Abajo;Mujeres;2012;56
47;Valladolid;47088 Melgar de Abajo;Mujeres;2011;60
47;Valladolid;47088 Melgar de Abajo;Mujeres;2010;62
47;Valladolid;47088 Melgar de Abajo;Mujeres;2009;62
47;Valladolid;47088 Melgar de Abajo;Mujeres;2008;64
47;Valladolid;47088 Melgar de Abajo;Mujeres;2007;67
47;Valladolid;47088 Melgar de Abajo;Mujeres;2006;68
47;Valladolid;47088 Melgar de Abajo;Mujeres;2005;75
47;Valladolid;47088 Melgar de Abajo;Mujeres;2004;77
47;Valladolid;47088 Melgar de Abajo;Mujeres;2003;83
47;Valladolid;47088 Melgar de Abajo;Mujeres;2002;84
47;Valladolid;47088 Melgar de Abajo;Mujeres;2001;87
47;Valladolid;47088 Melgar de Abajo;Mujeres;2000;86
47;Valladolid;47088 Melgar de Abajo;Mujeres;1999;92
47;Valladolid;47088 Melgar de Abajo;Mujeres;1998;92
47;Valladolid;47088 Melgar de Abajo;Mujeres;1997;
47;Valladolid;47088 Melgar de Abajo;Mujeres;1996;100
47;Valladolid;47089 Melgar de Arriba;Total;2023;168
47;Valladolid;47089 Melgar de Arriba;Total;2022;168
47;Valladolid;47089 Melgar de Arriba;Total;2021;153
47;Valladolid;47089 Melgar de Arriba;Total;2020;153
47;Valladolid;47089 Melgar de Arriba;Total;2019;147
47;Valladolid;47089 Melgar de Arriba;Total;2018;157
47;Valladolid;47089 Melgar de Arriba;Total;2017;166
47;Valladolid;47089 Melgar de Arriba;Total;2016;177
47;Valladolid;47089 Melgar de Arriba;Total;2015;181
47;Valladolid;47089 Melgar de Arriba;Total;2014;184
47;Valladolid;47089 Melgar de Arriba;Total;2013;188
47;Valladolid;47089 Melgar de Arriba;Total;2012;195
47;Valladolid;47089 Melgar de Arriba;Total;2011;209
47;Valladolid;47089 Melgar de Arriba;Total;2010;228
47;Valladolid;47089 Melgar de Arriba;Total;2009;224
47;Valladolid;47089 Melgar de Arriba;Total;2008;233
47;Valladolid;47089 Melgar de Arriba;Total;2007;255
47;Valladolid;47089 Melgar de Arriba;Total;2006;269
47;Valladolid;47089 Melgar de Arriba;Total;2005;279
47;Valladolid;47089 Melgar de Arriba;Total;2004;271
47;Valladolid;47089 Melgar de Arriba;Total;2003;286
47;Valladolid;47089 Melgar de Arriba;Total;2002;306
47;Valladolid;47089 Melgar de Arriba;Total;2001;298
47;Valladolid;47089 Melgar de Arriba;Total;2000;299
47;Valladolid;47089 Melgar de Arriba;Total;1999;307
47;Valladolid;47089 Melgar de Arriba;Total;1998;307
47;Valladolid;47089 Melgar de Arriba;Total;1997;
47;Valladolid;47089 Melgar de Arriba;Total;1996;322
47;Valladolid;47089 Melgar de Arriba;Hombres;2023;96
47;Valladolid;47089 Melgar de Arriba;Hombres;2022;92
47;Valladolid;47089 Melgar de Arriba;Hombres;2021;85
47;Valladolid;47089 Melgar de Arriba;Hombres;2020;87
47;Valladolid;47089 Melgar de Arriba;Hombres;2019;82
47;Valladolid;47089 Melgar de Arriba;Hombres;2018;86
47;Valladolid;47089 Melgar de Arriba;Hombres;2017;88
47;Valladolid;47089 Melgar de Arriba;Hombres;2016;95
47;Valladolid;47089 Melgar de Arriba;Hombres;2015;100
47;Valladolid;47089 Melgar de Arriba;Hombres;2014;102
47;Valladolid;47089 Melgar de Arriba;Hombres;2013;104
47;Valladolid;47089 Melgar de Arriba;Hombres;2012;105
47;Valladolid;47089 Melgar de Arriba;Hombres;2011;113
47;Valladolid;47089 Melgar de Arriba;Hombres;2010;124
47;Valladolid;47089 Melgar de Arriba;Hombres;2009;117
47;Valladolid;47089 Melgar de Arriba;Hombres;2008;121
47;Valladolid;47089 Melgar de Arriba;Hombres;2007;132
47;Valladolid;47089 Melgar de Arriba;Hombres;2006;142
47;Valladolid;47089 Melgar de Arriba;Hombres;2005;146
47;Valladolid;47089 Melgar de Arriba;Hombres;2004;143
47;Valladolid;47089 Melgar de Arriba;Hombres;2003;149
47;Valladolid;47089 Melgar de Arriba;Hombres;2002;159
47;Valladolid;47089 Melgar de Arriba;Hombres;2001;151
47;Valladolid;47089 Melgar de Arriba;Hombres;2000;149
47;Valladolid;47089 Melgar de Arriba;Hombres;1999;153
47;Valladolid;47089 Melgar de Arriba;Hombres;1998;153
47;Valladolid;47089 Melgar de Arriba;Hombres;1997;
47;Valladolid;47089 Melgar de Arriba;Hombres;1996;163
47;Valladolid;47089 Melgar de Arriba;Mujeres;2023;72
47;Valladolid;47089 Melgar de Arriba;Mujeres;2022;76
47;Valladolid;47089 Melgar de Arriba;Mujeres;2021;68
47;Valladolid;47089 Melgar de Arriba;Mujeres;2020;66
47;Valladolid;47089 Melgar de Arriba;Mujeres;2019;65
47;Valladolid;47089 Melgar de Arriba;Mujeres;2018;71
47;Valladolid;47089 Melgar de Arriba;Mujeres;2017;78
47;Valladolid;47089 Melgar de Arriba;Mujeres;2016;82
47;Valladolid;47089 Melgar de Arriba;Mujeres;2015;81
47;Valladolid;47089 Melgar de Arriba;Mujeres;2014;82
47;Valladolid;47089 Melgar de Arriba;Mujeres;2013;84
47;Valladolid;47089 Melgar de Arriba;Mujeres;2012;90
47;Valladolid;47089 Melgar de Arriba;Mujeres;2011;96
47;Valladolid;47089 Melgar de Arriba;Mujeres;2010;104
47;Valladolid;47089 Melgar de Arriba;Mujeres;2009;107
47;Valladolid;47089 Melgar de Arriba;Mujeres;2008;112
47;Valladolid;47089 Melgar de Arriba;Mujeres;2007;123
47;Valladolid;47089 Melgar de Arriba;Mujeres;2006;127
47;Valladolid;47089 Melgar de Arriba;Mujeres;2005;133
47;Valladolid;47089 Melgar de Arriba;Mujeres;2004;128
47;Valladolid;47089 Melgar de Arriba;Mujeres;2003;137
47;Valladolid;47089 Melgar de Arriba;Mujeres;2002;147
47;Valladolid;47089 Melgar de Arriba;Mujeres;2001;147
47;Valladolid;47089 Melgar de Arriba;Mujeres;2000;150
47;Valladolid;47089 Melgar de Arriba;Mujeres;1999;154
47;Valladolid;47089 Melgar de Arriba;Mujeres;1998;154
47;Valladolid;47089 Melgar de Arriba;Mujeres;1997;
47;Valladolid;47089 Melgar de Arriba;Mujeres;1996;159
47;Valladolid;47090 Mojados;Total;2023;3331
47;Valladolid;47090 Mojados;Total;2022;3312
47;Valladolid;47090 Mojados;Total;2021;3311
47;Valladolid;47090 Mojados;Total;2020;3258
47;Valladolid;47090 Mojados;Total;2019;3210
47;Valladolid;47090 Mojados;Total;2018;3252
47;Valladolid;47090 Mojados;Total;2017;3243
47;Valladolid;47090 Mojados;Total;2016;3232
47;Valladolid;47090 Mojados;Total;2015;3135
47;Valladolid;47090 Mojados;Total;2014;3184
47;Valladolid;47090 Mojados;Total;2013;3229
47;Valladolid;47090 Mojados;Total;2012;3295
47;Valladolid;47090 Mojados;Total;2011;3354
47;Valladolid;47090 Mojados;Total;2010;3348
47;Valladolid;47090 Mojados;Total;2009;3351
47;Valladolid;47090 Mojados;Total;2008;3281
47;Valladolid;47090 Mojados;Total;2007;3221
47;Valladolid;47090 Mojados;Total;2006;3117
47;Valladolid;47090 Mojados;Total;2005;3046
47;Valladolid;47090 Mojados;Total;2004;2959
47;Valladolid;47090 Mojados;Total;2003;2858
47;Valladolid;47090 Mojados;Total;2002;2737
47;Valladolid;47090 Mojados;Total;2001;2697
47;Valladolid;47090 Mojados;Total;2000;2565
47;Valladolid;47090 Mojados;Total;1999;2443
47;Valladolid;47090 Mojados;Total;1998;2443
47;Valladolid;47090 Mojados;Total;1997;
47;Valladolid;47090 Mojados;Total;1996;2423
47;Valladolid;47090 Mojados;Hombres;2023;1722
47;Valladolid;47090 Mojados;Hombres;2022;1718
47;Valladolid;47090 Mojados;Hombres;2021;1733
47;Valladolid;47090 Mojados;Hombres;2020;1701
47;Valladolid;47090 Mojados;Hombres;2019;1680
47;Valladolid;47090 Mojados;Hombres;2018;1708
47;Valladolid;47090 Mojados;Hombres;2017;1699
47;Valladolid;47090 Mojados;Hombres;2016;1694
47;Valladolid;47090 Mojados;Hombres;2015;1632
47;Valladolid;47090 Mojados;Hombres;2014;1659
47;Valladolid;47090 Mojados;Hombres;2013;1680
47;Valladolid;47090 Mojados;Hombres;2012;1722
47;Valladolid;47090 Mojados;Hombres;2011;1758
47;Valladolid;47090 Mojados;Hombres;2010;1747
47;Valladolid;47090 Mojados;Hombres;2009;1744
47;Valladolid;47090 Mojados;Hombres;2008;1702
47;Valladolid;47090 Mojados;Hombres;2007;1661
47;Valladolid;47090 Mojados;Hombres;2006;1583
47;Valladolid;47090 Mojados;Hombres;2005;1535
47;Valladolid;47090 Mojados;Hombres;2004;1487
47;Valladolid;47090 Mojados;Hombres;2003;1430
47;Valladolid;47090 Mojados;Hombres;2002;1360
47;Valladolid;47090 Mojados;Hombres;2001;1339
47;Valladolid;47090 Mojados;Hombres;2000;1277
47;Valladolid;47090 Mojados;Hombres;1999;1223
47;Valladolid;47090 Mojados;Hombres;1998;1223
47;Valladolid;47090 Mojados;Hombres;1997;
47;Valladolid;47090 Mojados;Hombres;1996;1216
47;Valladolid;47090 Mojados;Mujeres;2023;1609
47;Valladolid;47090 Mojados;Mujeres;2022;1594
47;Valladolid;47090 Mojados;Mujeres;2021;1578
47;Valladolid;47090 Mojados;Mujeres;2020;1557
47;Valladolid;47090 Mojados;Mujeres;2019;1530
47;Valladolid;47090 Mojados;Mujeres;2018;1544
47;Valladolid;47090 Mojados;Mujeres;2017;1544
47;Valladolid;47090 Mojados;Mujeres;2016;1538
47;Valladolid;47090 Mojados;Mujeres;2015;1503
47;Valladolid;47090 Mojados;Mujeres;2014;1525
47;Valladolid;47090 Mojados;Mujeres;2013;1549
47;Valladolid;47090 Mojados;Mujeres;2012;1573
47;Valladolid;47090 Mojados;Mujeres;2011;1596
47;Valladolid;47090 Mojados;Mujeres;2010;1601
47;Valladolid;47090 Mojados;Mujeres;2009;1607
47;Valladolid;47090 Mojados;Mujeres;2008;1579
47;Valladolid;47090 Mojados;Mujeres;2007;1560
47;Valladolid;47090 Mojados;Mujeres;2006;1534
47;Valladolid;47090 Mojados;Mujeres;2005;1511
47;Valladolid;47090 Mojados;Mujeres;2004;1472
47;Valladolid;47090 Mojados;Mujeres;2003;1428
47;Valladolid;47090 Mojados;Mujeres;2002;1377
47;Valladolid;47090 Mojados;Mujeres;2001;1358
47;Valladolid;47090 Mojados;Mujeres;2000;1288
47;Valladolid;47090 Mojados;Mujeres;1999;1220
47;Valladolid;47090 Mojados;Mujeres;1998;1220
47;Valladolid;47090 Mojados;Mujeres;1997;
47;Valladolid;47090 Mojados;Mujeres;1996;1207
47;Valladolid;47091 Monasterio de Vega;Total;2023;81
47;Valladolid;47091 Monasterio de Vega;Total;2022;81
47;Valladolid;47091 Monasterio de Vega;Total;2021;79
47;Valladolid;47091 Monasterio de Vega;Total;2020;82
47;Valladolid;47091 Monasterio de Vega;Total;2019;77
47;Valladolid;47091 Monasterio de Vega;Total;2018;78
47;Valladolid;47091 Monasterio de Vega;Total;2017;86
47;Valladolid;47091 Monasterio de Vega;Total;2016;85
47;Valladolid;47091 Monasterio de Vega;Total;2015;90
47;Valladolid;47091 Monasterio de Vega;Total;2014;94
47;Valladolid;47091 Monasterio de Vega;Total;2013;98
47;Valladolid;47091 Monasterio de Vega;Total;2012;103
47;Valladolid;47091 Monasterio de Vega;Total;2011;101
47;Valladolid;47091 Monasterio de Vega;Total;2010;106
47;Valladolid;47091 Monasterio de Vega;Total;2009;88
47;Valladolid;47091 Monasterio de Vega;Total;2008;91
47;Valladolid;47091 Monasterio de Vega;Total;2007;92
47;Valladolid;47091 Monasterio de Vega;Total;2006;101
47;Valladolid;47091 Monasterio de Vega;Total;2005;102
47;Valladolid;47091 Monasterio de Vega;Total;2004;107
47;Valladolid;47091 Monasterio de Vega;Total;2003;104
47;Valladolid;47091 Monasterio de Vega;Total;2002;108
47;Valladolid;47091 Monasterio de Vega;Total;2001;114
47;Valladolid;47091 Monasterio de Vega;Total;2000;105
47;Valladolid;47091 Monasterio de Vega;Total;1999;88
47;Valladolid;47091 Monasterio de Vega;Total;1998;89
47;Valladolid;47091 Monasterio de Vega;Total;1997;
47;Valladolid;47091 Monasterio de Vega;Total;1996;87
47;Valladolid;47091 Monasterio de Vega;Hombres;2023;45
47;Valladolid;47091 Monasterio de Vega;Hombres;2022;44
47;Valladolid;47091 Monasterio de Vega;Hombres;2021;43
47;Valladolid;47091 Monasterio de Vega;Hombres;2020;45
47;Valladolid;47091 Monasterio de Vega;Hombres;2019;41
47;Valladolid;47091 Monasterio de Vega;Hombres;2018;42
47;Valladolid;47091 Monasterio de Vega;Hombres;2017;49
47;Valladolid;47091 Monasterio de Vega;Hombres;2016;46
47;Valladolid;47091 Monasterio de Vega;Hombres;2015;48
47;Valladolid;47091 Monasterio de Vega;Hombres;2014;49
47;Valladolid;47091 Monasterio de Vega;Hombres;2013;52
47;Valladolid;47091 Monasterio de Vega;Hombres;2012;54
47;Valladolid;47091 Monasterio de Vega;Hombres;2011;54
47;Valladolid;47091 Monasterio de Vega;Hombres;2010;56
47;Valladolid;47091 Monasterio de Vega;Hombres;2009;46
47;Valladolid;47091 Monasterio de Vega;Hombres;2008;48
47;Valladolid;47091 Monasterio de Vega;Hombres;2007;46
47;Valladolid;47091 Monasterio de Vega;Hombres;2006;51
47;Valladolid;47091 Monasterio de Vega;Hombres;2005;54
47;Valladolid;47091 Monasterio de Vega;Hombres;2004;57
47;Valladolid;47091 Monasterio de Vega;Hombres;2003;55
47;Valladolid;47091 Monasterio de Vega;Hombres;2002;61
47;Valladolid;47091 Monasterio de Vega;Hombres;2001;65
47;Valladolid;47091 Monasterio de Vega;Hombres;2000;58
47;Valladolid;47091 Monasterio de Vega;Hombres;1999;47
47;Valladolid;47091 Monasterio de Vega;Hombres;1998;47
47;Valladolid;47091 Monasterio de Vega;Hombres;1997;
47;Valladolid;47091 Monasterio de Vega;Hombres;1996;43
47;Valladolid;47091 Monasterio de Vega;Mujeres;2023;36
47;Valladolid;47091 Monasterio de Vega;Mujeres;2022;37
47;Valladolid;47091 Monasterio de Vega;Mujeres;2021;36
47;Valladolid;47091 Monasterio de Vega;Mujeres;2020;37
47;Valladolid;47091 Monasterio de Vega;Mujeres;2019;36
47;Valladolid;47091 Monasterio de Vega;Mujeres;2018;36
47;Valladolid;47091 Monasterio de Vega;Mujeres;2017;37
47;Valladolid;47091 Monasterio de Vega;Mujeres;2016;39
47;Valladolid;47091 Monasterio de Vega;Mujeres;2015;42
47;Valladolid;47091 Monasterio de Vega;Mujeres;2014;45
47;Valladolid;47091 Monasterio de Vega;Mujeres;2013;46
47;Valladolid;47091 Monasterio de Vega;Mujeres;2012;49
47;Valladolid;47091 Monasterio de Vega;Mujeres;2011;47
47;Valladolid;47091 Monasterio de Vega;Mujeres;2010;50
47;Valladolid;47091 Monasterio de Vega;Mujeres;2009;42
47;Valladolid;47091 Monasterio de Vega;Mujeres;2008;43
47;Valladolid;47091 Monasterio de Vega;Mujeres;2007;46
47;Valladolid;47091 Monasterio de Vega;Mujeres;2006;50
47;Valladolid;47091 Monasterio de Vega;Mujeres;2005;48
47;Valladolid;47091 Monasterio de Vega;Mujeres;2004;50
47;Valladolid;47091 Monasterio de Vega;Mujeres;2003;49
47;Valladolid;47091 Monasterio de Vega;Mujeres;2002;47
47;Valladolid;47091 Monasterio de Vega;Mujeres;2001;49
47;Valladolid;47091 Monasterio de Vega;Mujeres;2000;47
47;Valladolid;47091 Monasterio de Vega;Mujeres;1999;41
47;Valladolid;47091 Monasterio de Vega;Mujeres;1998;42
47;Valladolid;47091 Monasterio de Vega;Mujeres;1997;
47;Valladolid;47091 Monasterio de Vega;Mujeres;1996;44
47;Valladolid;47092 Montealegre de Campos;Total;2023;101
47;Valladolid;47092 Montealegre de Campos;Total;2022;104
47;Valladolid;47092 Montealegre de Campos;Total;2021;103
47;Valladolid;47092 Montealegre de Campos;Total;2020;110
47;Valladolid;47092 Montealegre de Campos;Total;2019;109
47;Valladolid;47092 Montealegre de Campos;Total;2018;116
47;Valladolid;47092 Montealegre de Campos;Total;2017;120
47;Valladolid;47092 Montealegre de Campos;Total;2016;122
47;Valladolid;47092 Montealegre de Campos;Total;2015;127
47;Valladolid;47092 Montealegre de Campos;Total;2014;130
47;Valladolid;47092 Montealegre de Campos;Total;2013;126
47;Valladolid;47092 Montealegre de Campos;Total;2012;126
47;Valladolid;47092 Montealegre de Campos;Total;2011;141
47;Valladolid;47092 Montealegre de Campos;Total;2010;144
47;Valladolid;47092 Montealegre de Campos;Total;2009;150
47;Valladolid;47092 Montealegre de Campos;Total;2008;145
47;Valladolid;47092 Montealegre de Campos;Total;2007;148
47;Valladolid;47092 Montealegre de Campos;Total;2006;150
47;Valladolid;47092 Montealegre de Campos;Total;2005;154
47;Valladolid;47092 Montealegre de Campos;Total;2004;135
47;Valladolid;47092 Montealegre de Campos;Total;2003;139
47;Valladolid;47092 Montealegre de Campos;Total;2002;156
47;Valladolid;47092 Montealegre de Campos;Total;2001;157
47;Valladolid;47092 Montealegre de Campos;Total;2000;169
47;Valladolid;47092 Montealegre de Campos;Total;1999;172
47;Valladolid;47092 Montealegre de Campos;Total;1998;176
47;Valladolid;47092 Montealegre de Campos;Total;1997;
47;Valladolid;47092 Montealegre de Campos;Total;1996;175
47;Valladolid;47092 Montealegre de Campos;Hombres;2023;61
47;Valladolid;47092 Montealegre de Campos;Hombres;2022;59
47;Valladolid;47092 Montealegre de Campos;Hombres;2021;60
47;Valladolid;47092 Montealegre de Campos;Hombres;2020;65
47;Valladolid;47092 Montealegre de Campos;Hombres;2019;66
47;Valladolid;47092 Montealegre de Campos;Hombres;2018;69
47;Valladolid;47092 Montealegre de Campos;Hombres;2017;70
47;Valladolid;47092 Montealegre de Campos;Hombres;2016;70
47;Valladolid;47092 Montealegre de Campos;Hombres;2015;73
47;Valladolid;47092 Montealegre de Campos;Hombres;2014;74
47;Valladolid;47092 Montealegre de Campos;Hombres;2013;73
47;Valladolid;47092 Montealegre de Campos;Hombres;2012;73
47;Valladolid;47092 Montealegre de Campos;Hombres;2011;81
47;Valladolid;47092 Montealegre de Campos;Hombres;2010;83
47;Valladolid;47092 Montealegre de Campos;Hombres;2009;87
47;Valladolid;47092 Montealegre de Campos;Hombres;2008;85
47;Valladolid;47092 Montealegre de Campos;Hombres;2007;86
47;Valladolid;47092 Montealegre de Campos;Hombres;2006;85
47;Valladolid;47092 Montealegre de Campos;Hombres;2005;87
47;Valladolid;47092 Montealegre de Campos;Hombres;2004;76
47;Valladolid;47092 Montealegre de Campos;Hombres;2003;80
47;Valladolid;47092 Montealegre de Campos;Hombres;2002;85
47;Valladolid;47092 Montealegre de Campos;Hombres;2001;86
47;Valladolid;47092 Montealegre de Campos;Hombres;2000;94
47;Valladolid;47092 Montealegre de Campos;Hombres;1999;95
47;Valladolid;47092 Montealegre de Campos;Hombres;1998;98
47;Valladolid;47092 Montealegre de Campos;Hombres;1997;
47;Valladolid;47092 Montealegre de Campos;Hombres;1996;95
47;Valladolid;47092 Montealegre de Campos;Mujeres;2023;40
47;Valladolid;47092 Montealegre de Campos;Mujeres;2022;45
47;Valladolid;47092 Montealegre de Campos;Mujeres;2021;43
47;Valladolid;47092 Montealegre de Campos;Mujeres;2020;45
47;Valladolid;47092 Montealegre de Campos;Mujeres;2019;43
47;Valladolid;47092 Montealegre de Campos;Mujeres;2018;47
47;Valladolid;47092 Montealegre de Campos;Mujeres;2017;50
47;Valladolid;47092 Montealegre de Campos;Mujeres;2016;52
47;Valladolid;47092 Montealegre de Campos;Mujeres;2015;54
47;Valladolid;47092 Montealegre de Campos;Mujeres;2014;56
47;Valladolid;47092 Montealegre de Campos;Mujeres;2013;53
47;Valladolid;47092 Montealegre de Campos;Mujeres;2012;53
47;Valladolid;47092 Montealegre de Campos;Mujeres;2011;60
47;Valladolid;47092 Montealegre de Campos;Mujeres;2010;61
47;Valladolid;47092 Montealegre de Campos;Mujeres;2009;63
47;Valladolid;47092 Montealegre de Campos;Mujeres;2008;60
47;Valladolid;47092 Montealegre de Campos;Mujeres;2007;62
47;Valladolid;47092 Montealegre de Campos;Mujeres;2006;65
47;Valladolid;47092 Montealegre de Campos;Mujeres;2005;67
47;Valladolid;47092 Montealegre de Campos;Mujeres;2004;59
47;Valladolid;47092 Montealegre de Campos;Mujeres;2003;59
47;Valladolid;47092 Montealegre de Campos;Mujeres;2002;71
47;Valladolid;47092 Montealegre de Campos;Mujeres;2001;71
47;Valladolid;47092 Montealegre de Campos;Mujeres;2000;75
47;Valladolid;47092 Montealegre de Campos;Mujeres;1999;77
47;Valladolid;47092 Montealegre de Campos;Mujeres;1998;78
47;Valladolid;47092 Montealegre de Campos;Mujeres;1997;
47;Valladolid;47092 Montealegre de Campos;Mujeres;1996;80
47;Valladolid;47093 Montemayor de Pililla;Total;2023;848
47;Valladolid;47093 Montemayor de Pililla;Total;2022;856
47;Valladolid;47093 Montemayor de Pililla;Total;2021;852
47;Valladolid;47093 Montemayor de Pililla;Total;2020;857
47;Valladolid;47093 Montemayor de Pililla;Total;2019;868
47;Valladolid;47093 Montemayor de Pililla;Total;2018;884
47;Valladolid;47093 Montemayor de Pililla;Total;2017;896
47;Valladolid;47093 Montemayor de Pililla;Total;2016;910
47;Valladolid;47093 Montemayor de Pililla;Total;2015;918
47;Valladolid;47093 Montemayor de Pililla;Total;2014;931
47;Valladolid;47093 Montemayor de Pililla;Total;2013;954
47;Valladolid;47093 Montemayor de Pililla;Total;2012;977
47;Valladolid;47093 Montemayor de Pililla;Total;2011;997
47;Valladolid;47093 Montemayor de Pililla;Total;2010;1001
47;Valladolid;47093 Montemayor de Pililla;Total;2009;1003
47;Valladolid;47093 Montemayor de Pililla;Total;2008;1029
47;Valladolid;47093 Montemayor de Pililla;Total;2007;1019
47;Valladolid;47093 Montemayor de Pililla;Total;2006;1018
47;Valladolid;47093 Montemayor de Pililla;Total;2005;1029
47;Valladolid;47093 Montemayor de Pililla;Total;2004;1036
47;Valladolid;47093 Montemayor de Pililla;Total;2003;1025
47;Valladolid;47093 Montemayor de Pililla;Total;2002;1036
47;Valladolid;47093 Montemayor de Pililla;Total;2001;1045
47;Valladolid;47093 Montemayor de Pililla;Total;2000;1049
47;Valladolid;47093 Montemayor de Pililla;Total;1999;1054
47;Valladolid;47093 Montemayor de Pililla;Total;1998;1054
47;Valladolid;47093 Montemayor de Pililla;Total;1997;
47;Valladolid;47093 Montemayor de Pililla;Total;1996;1085
47;Valladolid;47093 Montemayor de Pililla;Hombres;2023;454
47;Valladolid;47093 Montemayor de Pililla;Hombres;2022;460
47;Valladolid;47093 Montemayor de Pililla;Hombres;2021;463
47;Valladolid;47093 Montemayor de Pililla;Hombres;2020;465
47;Valladolid;47093 Montemayor de Pililla;Hombres;2019;472
47;Valladolid;47093 Montemayor de Pililla;Hombres;2018;480
47;Valladolid;47093 Montemayor de Pililla;Hombres;2017;480
47;Valladolid;47093 Montemayor de Pililla;Hombres;2016;483
47;Valladolid;47093 Montemayor de Pililla;Hombres;2015;489
47;Valladolid;47093 Montemayor de Pililla;Hombres;2014;500
47;Valladolid;47093 Montemayor de Pililla;Hombres;2013;508
47;Valladolid;47093 Montemayor de Pililla;Hombres;2012;519
47;Valladolid;47093 Montemayor de Pililla;Hombres;2011;517
47;Valladolid;47093 Montemayor de Pililla;Hombres;2010;521
47;Valladolid;47093 Montemayor de Pililla;Hombres;2009;520
47;Valladolid;47093 Montemayor de Pililla;Hombres;2008;532
47;Valladolid;47093 Montemayor de Pililla;Hombres;2007;530
47;Valladolid;47093 Montemayor de Pililla;Hombres;2006;531
47;Valladolid;47093 Montemayor de Pililla;Hombres;2005;530
47;Valladolid;47093 Montemayor de Pililla;Hombres;2004;537
47;Valladolid;47093 Montemayor de Pililla;Hombres;2003;536
47;Valladolid;47093 Montemayor de Pililla;Hombres;2002;549
47;Valladolid;47093 Montemayor de Pililla;Hombres;2001;554
47;Valladolid;47093 Montemayor de Pililla;Hombres;2000;557
47;Valladolid;47093 Montemayor de Pililla;Hombres;1999;554
47;Valladolid;47093 Montemayor de Pililla;Hombres;1998;554
47;Valladolid;47093 Montemayor de Pililla;Hombres;1997;
47;Valladolid;47093 Montemayor de Pililla;Hombres;1996;568
47;Valladolid;47093 Montemayor de Pililla;Mujeres;2023;394
47;Valladolid;47093 Montemayor de Pililla;Mujeres;2022;396
47;Valladolid;47093 Montemayor de Pililla;Mujeres;2021;389
47;Valladolid;47093 Montemayor de Pililla;Mujeres;2020;392
47;Valladolid;47093 Montemayor de Pililla;Mujeres;2019;396
47;Valladolid;47093 Montemayor de Pililla;Mujeres;2018;404
47;Valladolid;47093 Montemayor de Pililla;Mujeres;2017;416
47;Valladolid;47093 Montemayor de Pililla;Mujeres;2016;427
47;Valladolid;47093 Montemayor de Pililla;Mujeres;2015;429
47;Valladolid;47093 Montemayor de Pililla;Mujeres;2014;431
47;Valladolid;47093 Montemayor de Pililla;Mujeres;2013;446
47;Valladolid;47093 Montemayor de Pililla;Mujeres;2012;458
47;Valladolid;47093 Montemayor de Pililla;Mujeres;2011;480
47;Valladolid;47093 Montemayor de Pililla;Mujeres;2010;480
47;Valladolid;47093 Montemayor de Pililla;Mujeres;2009;483
47;Valladolid;47093 Montemayor de Pililla;Mujeres;2008;497
47;Valladolid;47093 Montemayor de Pililla;Mujeres;2007;489
47;Valladolid;47093 Montemayor de Pililla;Mujeres;2006;487
47;Valladolid;47093 Montemayor de Pililla;Mujeres;2005;499
47;Valladolid;47093 Montemayor de Pililla;Mujeres;2004;499
47;Valladolid;47093 Montemayor de Pililla;Mujeres;2003;489
47;Valladolid;47093 Montemayor de Pililla;Mujeres;2002;487
47;Valladolid;47093 Montemayor de Pililla;Mujeres;2001;491
47;Valladolid;47093 Montemayor de Pililla;Mujeres;2000;492
47;Valladolid;47093 Montemayor de Pililla;Mujeres;1999;500
47;Valladolid;47093 Montemayor de Pililla;Mujeres;1998;500
47;Valladolid;47093 Montemayor de Pililla;Mujeres;1997;
47;Valladolid;47093 Montemayor de Pililla;Mujeres;1996;517
47;Valladolid;47094 Moral de la Reina;Total;2023;139
47;Valladolid;47094 Moral de la Reina;Total;2022;151
47;Valladolid;47094 Moral de la Reina;Total;2021;150
47;Valladolid;47094 Moral de la Reina;Total;2020;148
47;Valladolid;47094 Moral de la Reina;Total;2019;148
47;Valladolid;47094 Moral de la Reina;Total;2018;158
47;Valladolid;47094 Moral de la Reina;Total;2017;169
47;Valladolid;47094 Moral de la Reina;Total;2016;180
47;Valladolid;47094 Moral de la Reina;Total;2015;191
47;Valladolid;47094 Moral de la Reina;Total;2014;194
47;Valladolid;47094 Moral de la Reina;Total;2013;200
47;Valladolid;47094 Moral de la Reina;Total;2012;208
47;Valladolid;47094 Moral de la Reina;Total;2011;198
47;Valladolid;47094 Moral de la Reina;Total;2010;197
47;Valladolid;47094 Moral de la Reina;Total;2009;202
47;Valladolid;47094 Moral de la Reina;Total;2008;208
47;Valladolid;47094 Moral de la Reina;Total;2007;208
47;Valladolid;47094 Moral de la Reina;Total;2006;216
47;Valladolid;47094 Moral de la Reina;Total;2005;238
47;Valladolid;47094 Moral de la Reina;Total;2004;245
47;Valladolid;47094 Moral de la Reina;Total;2003;218
47;Valladolid;47094 Moral de la Reina;Total;2002;223
47;Valladolid;47094 Moral de la Reina;Total;2001;224
47;Valladolid;47094 Moral de la Reina;Total;2000;226
47;Valladolid;47094 Moral de la Reina;Total;1999;240
47;Valladolid;47094 Moral de la Reina;Total;1998;240
47;Valladolid;47094 Moral de la Reina;Total;1997;
47;Valladolid;47094 Moral de la Reina;Total;1996;243
47;Valladolid;47094 Moral de la Reina;Hombres;2023;75
47;Valladolid;47094 Moral de la Reina;Hombres;2022;81
47;Valladolid;47094 Moral de la Reina;Hombres;2021;83
47;Valladolid;47094 Moral de la Reina;Hombres;2020;83
47;Valladolid;47094 Moral de la Reina;Hombres;2019;85
47;Valladolid;47094 Moral de la Reina;Hombres;2018;89
47;Valladolid;47094 Moral de la Reina;Hombres;2017;94
47;Valladolid;47094 Moral de la Reina;Hombres;2016;99
47;Valladolid;47094 Moral de la Reina;Hombres;2015;107
47;Valladolid;47094 Moral de la Reina;Hombres;2014;110
47;Valladolid;47094 Moral de la Reina;Hombres;2013;115
47;Valladolid;47094 Moral de la Reina;Hombres;2012;118
47;Valladolid;47094 Moral de la Reina;Hombres;2011;109
47;Valladolid;47094 Moral de la Reina;Hombres;2010;108
47;Valladolid;47094 Moral de la Reina;Hombres;2009;109
47;Valladolid;47094 Moral de la Reina;Hombres;2008;111
47;Valladolid;47094 Moral de la Reina;Hombres;2007;108
47;Valladolid;47094 Moral de la Reina;Hombres;2006;117
47;Valladolid;47094 Moral de la Reina;Hombres;2005;126
47;Valladolid;47094 Moral de la Reina;Hombres;2004;125
47;Valladolid;47094 Moral de la Reina;Hombres;2003;111
47;Valladolid;47094 Moral de la Reina;Hombres;2002;112
47;Valladolid;47094 Moral de la Reina;Hombres;2001;115
47;Valladolid;47094 Moral de la Reina;Hombres;2000;115
47;Valladolid;47094 Moral de la Reina;Hombres;1999;120
47;Valladolid;47094 Moral de la Reina;Hombres;1998;121
47;Valladolid;47094 Moral de la Reina;Hombres;1997;
47;Valladolid;47094 Moral de la Reina;Hombres;1996;122
47;Valladolid;47094 Moral de la Reina;Mujeres;2023;64
47;Valladolid;47094 Moral de la Reina;Mujeres;2022;70
47;Valladolid;47094 Moral de la Reina;Mujeres;2021;67
47;Valladolid;47094 Moral de la Reina;Mujeres;2020;65
47;Valladolid;47094 Moral de la Reina;Mujeres;2019;63
47;Valladolid;47094 Moral de la Reina;Mujeres;2018;69
47;Valladolid;47094 Moral de la Reina;Mujeres;2017;75
47;Valladolid;47094 Moral de la Reina;Mujeres;2016;81
47;Valladolid;47094 Moral de la Reina;Mujeres;2015;84
47;Valladolid;47094 Moral de la Reina;Mujeres;2014;84
47;Valladolid;47094 Moral de la Reina;Mujeres;2013;85
47;Valladolid;47094 Moral de la Reina;Mujeres;2012;90
47;Valladolid;47094 Moral de la Reina;Mujeres;2011;89
47;Valladolid;47094 Moral de la Reina;Mujeres;2010;89
47;Valladolid;47094 Moral de la Reina;Mujeres;2009;93
47;Valladolid;47094 Moral de la Reina;Mujeres;2008;97
47;Valladolid;47094 Moral de la Reina;Mujeres;2007;100
47;Valladolid;47094 Moral de la Reina;Mujeres;2006;99
47;Valladolid;47094 Moral de la Reina;Mujeres;2005;112
47;Valladolid;47094 Moral de la Reina;Mujeres;2004;120
47;Valladolid;47094 Moral de la Reina;Mujeres;2003;107
47;Valladolid;47094 Moral de la Reina;Mujeres;2002;111
47;Valladolid;47094 Moral de la Reina;Mujeres;2001;109
47;Valladolid;47094 Moral de la Reina;Mujeres;2000;111
47;Valladolid;47094 Moral de la Reina;Mujeres;1999;120
47;Valladolid;47094 Moral de la Reina;Mujeres;1998;119
47;Valladolid;47094 Moral de la Reina;Mujeres;1997;
47;Valladolid;47094 Moral de la Reina;Mujeres;1996;121
47;Valladolid;47095 Moraleja de las Panaderas;Total;2023;40
47;Valladolid;47095 Moraleja de las Panaderas;Total;2022;42
47;Valladolid;47095 Moraleja de las Panaderas;Total;2021;47
47;Valladolid;47095 Moraleja de las Panaderas;Total;2020;43
47;Valladolid;47095 Moraleja de las Panaderas;Total;2019;42
47;Valladolid;47095 Moraleja de las Panaderas;Total;2018;41
47;Valladolid;47095 Moraleja de las Panaderas;Total;2017;41
47;Valladolid;47095 Moraleja de las Panaderas;Total;2016;39
47;Valladolid;47095 Moraleja de las Panaderas;Total;2015;40
47;Valladolid;47095 Moraleja de las Panaderas;Total;2014;41
47;Valladolid;47095 Moraleja de las Panaderas;Total;2013;42
47;Valladolid;47095 Moraleja de las Panaderas;Total;2012;42
47;Valladolid;47095 Moraleja de las Panaderas;Total;2011;43
47;Valladolid;47095 Moraleja de las Panaderas;Total;2010;41
47;Valladolid;47095 Moraleja de las Panaderas;Total;2009;42
47;Valladolid;47095 Moraleja de las Panaderas;Total;2008;46
47;Valladolid;47095 Moraleja de las Panaderas;Total;2007;48
47;Valladolid;47095 Moraleja de las Panaderas;Total;2006;35
47;Valladolid;47095 Moraleja de las Panaderas;Total;2005;34
47;Valladolid;47095 Moraleja de las Panaderas;Total;2004;34
47;Valladolid;47095 Moraleja de las Panaderas;Total;2003;34
47;Valladolid;47095 Moraleja de las Panaderas;Total;2002;33
47;Valladolid;47095 Moraleja de las Panaderas;Total;2001;34
47;Valladolid;47095 Moraleja de las Panaderas;Total;2000;32
47;Valladolid;47095 Moraleja de las Panaderas;Total;1999;30
47;Valladolid;47095 Moraleja de las Panaderas;Total;1998;31
47;Valladolid;47095 Moraleja de las Panaderas;Total;1997;
47;Valladolid;47095 Moraleja de las Panaderas;Total;1996;29
47;Valladolid;47095 Moraleja de las Panaderas;Hombres;2023;23
47;Valladolid;47095 Moraleja de las Panaderas;Hombres;2022;24
47;Valladolid;47095 Moraleja de las Panaderas;Hombres;2021;25
47;Valladolid;47095 Moraleja de las Panaderas;Hombres;2020;23
47;Valladolid;47095 Moraleja de las Panaderas;Hombres;2019;23
47;Valladolid;47095 Moraleja de las Panaderas;Hombres;2018;26
47;Valladolid;47095 Moraleja de las Panaderas;Hombres;2017;27
47;Valladolid;47095 Moraleja de las Panaderas;Hombres;2016;27
47;Valladolid;47095 Moraleja de las Panaderas;Hombres;2015;27
47;Valladolid;47095 Moraleja de las Panaderas;Hombres;2014;28
47;Valladolid;47095 Moraleja de las Panaderas;Hombres;2013;28
47;Valladolid;47095 Moraleja de las Panaderas;Hombres;2012;27
47;Valladolid;47095 Moraleja de las Panaderas;Hombres;2011;28
47;Valladolid;47095 Moraleja de las Panaderas;Hombres;2010;27
47;Valladolid;47095 Moraleja de las Panaderas;Hombres;2009;27
47;Valladolid;47095 Moraleja de las Panaderas;Hombres;2008;31
47;Valladolid;47095 Moraleja de las Panaderas;Hombres;2007;32
47;Valladolid;47095 Moraleja de las Panaderas;Hombres;2006;25
47;Valladolid;47095 Moraleja de las Panaderas;Hombres;2005;24
47;Valladolid;47095 Moraleja de las Panaderas;Hombres;2004;24
47;Valladolid;47095 Moraleja de las Panaderas;Hombres;2003;24
47;Valladolid;47095 Moraleja de las Panaderas;Hombres;2002;21
47;Valladolid;47095 Moraleja de las Panaderas;Hombres;2001;22
47;Valladolid;47095 Moraleja de las Panaderas;Hombres;2000;20
47;Valladolid;47095 Moraleja de las Panaderas;Hombres;1999;18
47;Valladolid;47095 Moraleja de las Panaderas;Hombres;1998;19
47;Valladolid;47095 Moraleja de las Panaderas;Hombres;1997;
47;Valladolid;47095 Moraleja de las Panaderas;Hombres;1996;17
47;Valladolid;47095 Moraleja de las Panaderas;Mujeres;2023;17
47;Valladolid;47095 Moraleja de las Panaderas;Mujeres;2022;18
47;Valladolid;47095 Moraleja de las Panaderas;Mujeres;2021;22
47;Valladolid;47095 Moraleja de las Panaderas;Mujeres;2020;20
47;Valladolid;47095 Moraleja de las Panaderas;Mujeres;2019;19
47;Valladolid;47095 Moraleja de las Panaderas;Mujeres;2018;15
47;Valladolid;47095 Moraleja de las Panaderas;Mujeres;2017;14
47;Valladolid;47095 Moraleja de las Panaderas;Mujeres;2016;12
47;Valladolid;47095 Moraleja de las Panaderas;Mujeres;2015;13
47;Valladolid;47095 Moraleja de las Panaderas;Mujeres;2014;13
47;Valladolid;47095 Moraleja de las Panaderas;Mujeres;2013;14
47;Valladolid;47095 Moraleja de las Panaderas;Mujeres;2012;15
47;Valladolid;47095 Moraleja de las Panaderas;Mujeres;2011;15
47;Valladolid;47095 Moraleja de las Panaderas;Mujeres;2010;14
47;Valladolid;47095 Moraleja de las Panaderas;Mujeres;2009;15
47;Valladolid;47095 Moraleja de las Panaderas;Mujeres;2008;15
47;Valladolid;47095 Moraleja de las Panaderas;Mujeres;2007;16
47;Valladolid;47095 Moraleja de las Panaderas;Mujeres;2006;10
47;Valladolid;47095 Moraleja de las Panaderas;Mujeres;2005;10
47;Valladolid;47095 Moraleja de las Panaderas;Mujeres;2004;10
47;Valladolid;47095 Moraleja de las Panaderas;Mujeres;2003;10
47;Valladolid;47095 Moraleja de las Panaderas;Mujeres;2002;12
47;Valladolid;47095 Moraleja de las Panaderas;Mujeres;2001;12
47;Valladolid;47095 Moraleja de las Panaderas;Mujeres;2000;12
47;Valladolid;47095 Moraleja de las Panaderas;Mujeres;1999;12
47;Valladolid;47095 Moraleja de las Panaderas;Mujeres;1998;12
47;Valladolid;47095 Moraleja de las Panaderas;Mujeres;1997;
47;Valladolid;47095 Moraleja de las Panaderas;Mujeres;1996;12
47;Valladolid;47096 Morales de Campos;Total;2023;131
47;Valladolid;47096 Morales de Campos;Total;2022;135
47;Valladolid;47096 Morales de Campos;Total;2021;141
47;Valladolid;47096 Morales de Campos;Total;2020;141
47;Valladolid;47096 Morales de Campos;Total;2019;138
47;Valladolid;47096 Morales de Campos;Total;2018;142
47;Valladolid;47096 Morales de Campos;Total;2017;140
47;Valladolid;47096 Morales de Campos;Total;2016;149
47;Valladolid;47096 Morales de Campos;Total;2015;155
47;Valladolid;47096 Morales de Campos;Total;2014;163
47;Valladolid;47096 Morales de Campos;Total;2013;161
47;Valladolid;47096 Morales de Campos;Total;2012;166
47;Valladolid;47096 Morales de Campos;Total;2011;161
47;Valladolid;47096 Morales de Campos;Total;2010;160
47;Valladolid;47096 Morales de Campos;Total;2009;165
47;Valladolid;47096 Morales de Campos;Total;2008;166
47;Valladolid;47096 Morales de Campos;Total;2007;173
47;Valladolid;47096 Morales de Campos;Total;2006;169
47;Valladolid;47096 Morales de Campos;Total;2005;175
47;Valladolid;47096 Morales de Campos;Total;2004;179
47;Valladolid;47096 Morales de Campos;Total;2003;189
47;Valladolid;47096 Morales de Campos;Total;2002;195
47;Valladolid;47096 Morales de Campos;Total;2001;198
47;Valladolid;47096 Morales de Campos;Total;2000;196
47;Valladolid;47096 Morales de Campos;Total;1999;202
47;Valladolid;47096 Morales de Campos;Total;1998;200
47;Valladolid;47096 Morales de Campos;Total;1997;
47;Valladolid;47096 Morales de Campos;Total;1996;208
47;Valladolid;47096 Morales de Campos;Hombres;2023;74
47;Valladolid;47096 Morales de Campos;Hombres;2022;71
47;Valladolid;47096 Morales de Campos;Hombres;2021;73
47;Valladolid;47096 Morales de Campos;Hombres;2020;73
47;Valladolid;47096 Morales de Campos;Hombres;2019;72
47;Valladolid;47096 Morales de Campos;Hombres;2018;74
47;Valladolid;47096 Morales de Campos;Hombres;2017;73
47;Valladolid;47096 Morales de Campos;Hombres;2016;79
47;Valladolid;47096 Morales de Campos;Hombres;2015;83
47;Valladolid;47096 Morales de Campos;Hombres;2014;86
47;Valladolid;47096 Morales de Campos;Hombres;2013;85
47;Valladolid;47096 Morales de Campos;Hombres;2012;85
47;Valladolid;47096 Morales de Campos;Hombres;2011;84
47;Valladolid;47096 Morales de Campos;Hombres;2010;83
47;Valladolid;47096 Morales de Campos;Hombres;2009;83
47;Valladolid;47096 Morales de Campos;Hombres;2008;81
47;Valladolid;47096 Morales de Campos;Hombres;2007;83
47;Valladolid;47096 Morales de Campos;Hombres;2006;80
47;Valladolid;47096 Morales de Campos;Hombres;2005;85
47;Valladolid;47096 Morales de Campos;Hombres;2004;88
47;Valladolid;47096 Morales de Campos;Hombres;2003;94
47;Valladolid;47096 Morales de Campos;Hombres;2002;98
47;Valladolid;47096 Morales de Campos;Hombres;2001;100
47;Valladolid;47096 Morales de Campos;Hombres;2000;98
47;Valladolid;47096 Morales de Campos;Hombres;1999;103
47;Valladolid;47096 Morales de Campos;Hombres;1998;100
47;Valladolid;47096 Morales de Campos;Hombres;1997;
47;Valladolid;47096 Morales de Campos;Hombres;1996;103
47;Valladolid;47096 Morales de Campos;Mujeres;2023;57
47;Valladolid;47096 Morales de Campos;Mujeres;2022;64
47;Valladolid;47096 Morales de Campos;Mujeres;2021;68
47;Valladolid;47096 Morales de Campos;Mujeres;2020;68
47;Valladolid;47096 Morales de Campos;Mujeres;2019;66
47;Valladolid;47096 Morales de Campos;Mujeres;2018;68
47;Valladolid;47096 Morales de Campos;Mujeres;2017;67
47;Valladolid;47096 Morales de Campos;Mujeres;2016;70
47;Valladolid;47096 Morales de Campos;Mujeres;2015;72
47;Valladolid;47096 Morales de Campos;Mujeres;2014;77
47;Valladolid;47096 Morales de Campos;Mujeres;2013;76
47;Valladolid;47096 Morales de Campos;Mujeres;2012;81
47;Valladolid;47096 Morales de Campos;Mujeres;2011;77
47;Valladolid;47096 Morales de Campos;Mujeres;2010;77
47;Valladolid;47096 Morales de Campos;Mujeres;2009;82
47;Valladolid;47096 Morales de Campos;Mujeres;2008;85
47;Valladolid;47096 Morales de Campos;Mujeres;2007;90
47;Valladolid;47096 Morales de Campos;Mujeres;2006;89
47;Valladolid;47096 Morales de Campos;Mujeres;2005;90
47;Valladolid;47096 Morales de Campos;Mujeres;2004;91
47;Valladolid;47096 Morales de Campos;Mujeres;2003;95
47;Valladolid;47096 Morales de Campos;Mujeres;2002;97
47;Valladolid;47096 Morales de Campos;Mujeres;2001;98
47;Valladolid;47096 Morales de Campos;Mujeres;2000;98
47;Valladolid;47096 Morales de Campos;Mujeres;1999;99
47;Valladolid;47096 Morales de Campos;Mujeres;1998;100
47;Valladolid;47096 Morales de Campos;Mujeres;1997;
47;Valladolid;47096 Morales de Campos;Mujeres;1996;105
47;Valladolid;47097 Mota del Marqués;Total;2023;330
47;Valladolid;47097 Mota del Marqués;Total;2022;332
47;Valladolid;47097 Mota del Marqués;Total;2021;349
47;Valladolid;47097 Mota del Marqués;Total;2020;349
47;Valladolid;47097 Mota del Marqués;Total;2019;351
47;Valladolid;47097 Mota del Marqués;Total;2018;366
47;Valladolid;47097 Mota del Marqués;Total;2017;373
47;Valladolid;47097 Mota del Marqués;Total;2016;375
47;Valladolid;47097 Mota del Marqués;Total;2015;392
47;Valladolid;47097 Mota del Marqués;Total;2014;394
47;Valladolid;47097 Mota del Marqués;Total;2013;399
47;Valladolid;47097 Mota del Marqués;Total;2012;393
47;Valladolid;47097 Mota del Marqués;Total;2011;380
47;Valladolid;47097 Mota del Marqués;Total;2010;393
47;Valladolid;47097 Mota del Marqués;Total;2009;410
47;Valladolid;47097 Mota del Marqués;Total;2008;420
47;Valladolid;47097 Mota del Marqués;Total;2007;423
47;Valladolid;47097 Mota del Marqués;Total;2006;434
47;Valladolid;47097 Mota del Marqués;Total;2005;425
47;Valladolid;47097 Mota del Marqués;Total;2004;425
47;Valladolid;47097 Mota del Marqués;Total;2003;442
47;Valladolid;47097 Mota del Marqués;Total;2002;455
47;Valladolid;47097 Mota del Marqués;Total;2001;441
47;Valladolid;47097 Mota del Marqués;Total;2000;448
47;Valladolid;47097 Mota del Marqués;Total;1999;453
47;Valladolid;47097 Mota del Marqués;Total;1998;450
47;Valladolid;47097 Mota del Marqués;Total;1997;
47;Valladolid;47097 Mota del Marqués;Total;1996;462
47;Valladolid;47097 Mota del Marqués;Hombres;2023;181
47;Valladolid;47097 Mota del Marqués;Hombres;2022;184
47;Valladolid;47097 Mota del Marqués;Hombres;2021;189
47;Valladolid;47097 Mota del Marqués;Hombres;2020;188
47;Valladolid;47097 Mota del Marqués;Hombres;2019;186
47;Valladolid;47097 Mota del Marqués;Hombres;2018;193
47;Valladolid;47097 Mota del Marqués;Hombres;2017;195
47;Valladolid;47097 Mota del Marqués;Hombres;2016;194
47;Valladolid;47097 Mota del Marqués;Hombres;2015;200
47;Valladolid;47097 Mota del Marqués;Hombres;2014;199
47;Valladolid;47097 Mota del Marqués;Hombres;2013;202
47;Valladolid;47097 Mota del Marqués;Hombres;2012;205
47;Valladolid;47097 Mota del Marqués;Hombres;2011;201
47;Valladolid;47097 Mota del Marqués;Hombres;2010;208
47;Valladolid;47097 Mota del Marqués;Hombres;2009;214
47;Valladolid;47097 Mota del Marqués;Hombres;2008;215
47;Valladolid;47097 Mota del Marqués;Hombres;2007;217
47;Valladolid;47097 Mota del Marqués;Hombres;2006;219
47;Valladolid;47097 Mota del Marqués;Hombres;2005;207
47;Valladolid;47097 Mota del Marqués;Hombres;2004;209
47;Valladolid;47097 Mota del Marqués;Hombres;2003;220
47;Valladolid;47097 Mota del Marqués;Hombres;2002;228
47;Valladolid;47097 Mota del Marqués;Hombres;2001;211
47;Valladolid;47097 Mota del Marqués;Hombres;2000;215
47;Valladolid;47097 Mota del Marqués;Hombres;1999;216
47;Valladolid;47097 Mota del Marqués;Hombres;1998;213
47;Valladolid;47097 Mota del Marqués;Hombres;1997;
47;Valladolid;47097 Mota del Marqués;Hombres;1996;218
47;Valladolid;47097 Mota del Marqués;Mujeres;2023;149
47;Valladolid;47097 Mota del Marqués;Mujeres;2022;148
47;Valladolid;47097 Mota del Marqués;Mujeres;2021;160
47;Valladolid;47097 Mota del Marqués;Mujeres;2020;161
47;Valladolid;47097 Mota del Marqués;Mujeres;2019;165
47;Valladolid;47097 Mota del Marqués;Mujeres;2018;173
47;Valladolid;47097 Mota del Marqués;Mujeres;2017;178
47;Valladolid;47097 Mota del Marqués;Mujeres;2016;181
47;Valladolid;47097 Mota del Marqués;Mujeres;2015;192
47;Valladolid;47097 Mota del Marqués;Mujeres;2014;195
47;Valladolid;47097 Mota del Marqués;Mujeres;2013;197
47;Valladolid;47097 Mota del Marqués;Mujeres;2012;188
47;Valladolid;47097 Mota del Marqués;Mujeres;2011;179
47;Valladolid;47097 Mota del Marqués;Mujeres;2010;185
47;Valladolid;47097 Mota del Marqués;Mujeres;2009;196
47;Valladolid;47097 Mota del Marqués;Mujeres;2008;205
47;Valladolid;47097 Mota del Marqués;Mujeres;2007;206
47;Valladolid;47097 Mota del Marqués;Mujeres;2006;215
47;Valladolid;47097 Mota del Marqués;Mujeres;2005;218
47;Valladolid;47097 Mota del Marqués;Mujeres;2004;216
47;Valladolid;47097 Mota del Marqués;Mujeres;2003;222
47;Valladolid;47097 Mota del Marqués;Mujeres;2002;227
47;Valladolid;47097 Mota del Marqués;Mujeres;2001;230
47;Valladolid;47097 Mota del Marqués;Mujeres;2000;233
47;Valladolid;47097 Mota del Marqués;Mujeres;1999;237
47;Valladolid;47097 Mota del Marqués;Mujeres;1998;237
47;Valladolid;47097 Mota del Marqués;Mujeres;1997;
47;Valladolid;47097 Mota del Marqués;Mujeres;1996;244
47;Valladolid;47098 Mucientes;Total;2023;667
47;Valladolid;47098 Mucientes;Total;2022;659
47;Valladolid;47098 Mucientes;Total;2021;642
47;Valladolid;47098 Mucientes;Total;2020;653
47;Valladolid;47098 Mucientes;Total;2019;662
47;Valladolid;47098 Mucientes;Total;2018;669
47;Valladolid;47098 Mucientes;Total;2017;681
47;Valladolid;47098 Mucientes;Total;2016;692
47;Valladolid;47098 Mucientes;Total;2015;699
47;Valladolid;47098 Mucientes;Total;2014;713
47;Valladolid;47098 Mucientes;Total;2013;708
47;Valladolid;47098 Mucientes;Total;2012;731
47;Valladolid;47098 Mucientes;Total;2011;733
47;Valladolid;47098 Mucientes;Total;2010;742
47;Valladolid;47098 Mucientes;Total;2009;732
47;Valladolid;47098 Mucientes;Total;2008;709
47;Valladolid;47098 Mucientes;Total;2007;686
47;Valladolid;47098 Mucientes;Total;2006;659
47;Valladolid;47098 Mucientes;Total;2005;644
47;Valladolid;47098 Mucientes;Total;2004;632
47;Valladolid;47098 Mucientes;Total;2003;625
47;Valladolid;47098 Mucientes;Total;2002;624
47;Valladolid;47098 Mucientes;Total;2001;613
47;Valladolid;47098 Mucientes;Total;2000;617
47;Valladolid;47098 Mucientes;Total;1999;613
47;Valladolid;47098 Mucientes;Total;1998;618
47;Valladolid;47098 Mucientes;Total;1997;
47;Valladolid;47098 Mucientes;Total;1996;613
47;Valladolid;47098 Mucientes;Hombres;2023;340
47;Valladolid;47098 Mucientes;Hombres;2022;334
47;Valladolid;47098 Mucientes;Hombres;2021;322
47;Valladolid;47098 Mucientes;Hombres;2020;328
47;Valladolid;47098 Mucientes;Hombres;2019;336
47;Valladolid;47098 Mucientes;Hombres;2018;340
47;Valladolid;47098 Mucientes;Hombres;2017;347
47;Valladolid;47098 Mucientes;Hombres;2016;350
47;Valladolid;47098 Mucientes;Hombres;2015;352
47;Valladolid;47098 Mucientes;Hombres;2014;358
47;Valladolid;47098 Mucientes;Hombres;2013;361
47;Valladolid;47098 Mucientes;Hombres;2012;375
47;Valladolid;47098 Mucientes;Hombres;2011;375
47;Valladolid;47098 Mucientes;Hombres;2010;378
47;Valladolid;47098 Mucientes;Hombres;2009;368
47;Valladolid;47098 Mucientes;Hombres;2008;366
47;Valladolid;47098 Mucientes;Hombres;2007;364
47;Valladolid;47098 Mucientes;Hombres;2006;349
47;Valladolid;47098 Mucientes;Hombres;2005;334
47;Valladolid;47098 Mucientes;Hombres;2004;326
47;Valladolid;47098 Mucientes;Hombres;2003;322
47;Valladolid;47098 Mucientes;Hombres;2002;323
47;Valladolid;47098 Mucientes;Hombres;2001;309
47;Valladolid;47098 Mucientes;Hombres;2000;310
47;Valladolid;47098 Mucientes;Hombres;1999;308
47;Valladolid;47098 Mucientes;Hombres;1998;310
47;Valladolid;47098 Mucientes;Hombres;1997;
47;Valladolid;47098 Mucientes;Hombres;1996;313
47;Valladolid;47098 Mucientes;Mujeres;2023;327
47;Valladolid;47098 Mucientes;Mujeres;2022;325
47;Valladolid;47098 Mucientes;Mujeres;2021;320
47;Valladolid;47098 Mucientes;Mujeres;2020;325
47;Valladolid;47098 Mucientes;Mujeres;2019;326
47;Valladolid;47098 Mucientes;Mujeres;2018;329
47;Valladolid;47098 Mucientes;Mujeres;2017;334
47;Valladolid;47098 Mucientes;Mujeres;2016;342
47;Valladolid;47098 Mucientes;Mujeres;2015;347
47;Valladolid;47098 Mucientes;Mujeres;2014;355
47;Valladolid;47098 Mucientes;Mujeres;2013;347
47;Valladolid;47098 Mucientes;Mujeres;2012;356
47;Valladolid;47098 Mucientes;Mujeres;2011;358
47;Valladolid;47098 Mucientes;Mujeres;2010;364
47;Valladolid;47098 Mucientes;Mujeres;2009;364
47;Valladolid;47098 Mucientes;Mujeres;2008;343
47;Valladolid;47098 Mucientes;Mujeres;2007;322
47;Valladolid;47098 Mucientes;Mujeres;2006;310
47;Valladolid;47098 Mucientes;Mujeres;2005;310
47;Valladolid;47098 Mucientes;Mujeres;2004;306
47;Valladolid;47098 Mucientes;Mujeres;2003;303
47;Valladolid;47098 Mucientes;Mujeres;2002;301
47;Valladolid;47098 Mucientes;Mujeres;2001;304
47;Valladolid;47098 Mucientes;Mujeres;2000;307
47;Valladolid;47098 Mucientes;Mujeres;1999;305
47;Valladolid;47098 Mucientes;Mujeres;1998;308
47;Valladolid;47098 Mucientes;Mujeres;1997;
47;Valladolid;47098 Mucientes;Mujeres;1996;300
47;Valladolid;47099 Mudarra, La;Total;2023;163
47;Valladolid;47099 Mudarra, La;Total;2022;165
47;Valladolid;47099 Mudarra, La;Total;2021;156
47;Valladolid;47099 Mudarra, La;Total;2020;157
47;Valladolid;47099 Mudarra, La;Total;2019;158
47;Valladolid;47099 Mudarra, La;Total;2018;159
47;Valladolid;47099 Mudarra, La;Total;2017;161
47;Valladolid;47099 Mudarra, La;Total;2016;160
47;Valladolid;47099 Mudarra, La;Total;2015;166
47;Valladolid;47099 Mudarra, La;Total;2014;168
47;Valladolid;47099 Mudarra, La;Total;2013;170
47;Valladolid;47099 Mudarra, La;Total;2012;179
47;Valladolid;47099 Mudarra, La;Total;2011;185
47;Valladolid;47099 Mudarra, La;Total;2010;180
47;Valladolid;47099 Mudarra, La;Total;2009;197
47;Valladolid;47099 Mudarra, La;Total;2008;196
47;Valladolid;47099 Mudarra, La;Total;2007;200
47;Valladolid;47099 Mudarra, La;Total;2006;215
47;Valladolid;47099 Mudarra, La;Total;2005;228
47;Valladolid;47099 Mudarra, La;Total;2004;247
47;Valladolid;47099 Mudarra, La;Total;2003;237
47;Valladolid;47099 Mudarra, La;Total;2002;252
47;Valladolid;47099 Mudarra, La;Total;2001;255
47;Valladolid;47099 Mudarra, La;Total;2000;260
47;Valladolid;47099 Mudarra, La;Total;1999;274
47;Valladolid;47099 Mudarra, La;Total;1998;274
47;Valladolid;47099 Mudarra, La;Total;1997;
47;Valladolid;47099 Mudarra, La;Total;1996;265
47;Valladolid;47099 Mudarra, La;Hombres;2023;85
47;Valladolid;47099 Mudarra, La;Hombres;2022;86
47;Valladolid;47099 Mudarra, La;Hombres;2021;80
47;Valladolid;47099 Mudarra, La;Hombres;2020;80
47;Valladolid;47099 Mudarra, La;Hombres;2019;80
47;Valladolid;47099 Mudarra, La;Hombres;2018;80
47;Valladolid;47099 Mudarra, La;Hombres;2017;81
47;Valladolid;47099 Mudarra, La;Hombres;2016;81
47;Valladolid;47099 Mudarra, La;Hombres;2015;86
47;Valladolid;47099 Mudarra, La;Hombres;2014;86
47;Valladolid;47099 Mudarra, La;Hombres;2013;88
47;Valladolid;47099 Mudarra, La;Hombres;2012;95
47;Valladolid;47099 Mudarra, La;Hombres;2011;98
47;Valladolid;47099 Mudarra, La;Hombres;2010;97
47;Valladolid;47099 Mudarra, La;Hombres;2009;105
47;Valladolid;47099 Mudarra, La;Hombres;2008;110
47;Valladolid;47099 Mudarra, La;Hombres;2007;115
47;Valladolid;47099 Mudarra, La;Hombres;2006;119
47;Valladolid;47099 Mudarra, La;Hombres;2005;124
47;Valladolid;47099 Mudarra, La;Hombres;2004;135
47;Valladolid;47099 Mudarra, La;Hombres;2003;128
47;Valladolid;47099 Mudarra, La;Hombres;2002;141
47;Valladolid;47099 Mudarra, La;Hombres;2001;137
47;Valladolid;47099 Mudarra, La;Hombres;2000;140
47;Valladolid;47099 Mudarra, La;Hombres;1999;148
47;Valladolid;47099 Mudarra, La;Hombres;1998;148
47;Valladolid;47099 Mudarra, La;Hombres;1997;
47;Valladolid;47099 Mudarra, La;Hombres;1996;134
47;Valladolid;47099 Mudarra, La;Mujeres;2023;78
47;Valladolid;47099 Mudarra, La;Mujeres;2022;79
47;Valladolid;47099 Mudarra, La;Mujeres;2021;76
47;Valladolid;47099 Mudarra, La;Mujeres;2020;77
47;Valladolid;47099 Mudarra, La;Mujeres;2019;78
47;Valladolid;47099 Mudarra, La;Mujeres;2018;79
47;Valladolid;47099 Mudarra, La;Mujeres;2017;80
47;Valladolid;47099 Mudarra, La;Mujeres;2016;79
47;Valladolid;47099 Mudarra, La;Mujeres;2015;80
47;Valladolid;47099 Mudarra, La;Mujeres;2014;82
47;Valladolid;47099 Mudarra, La;Mujeres;2013;82
47;Valladolid;47099 Mudarra, La;Mujeres;2012;84
47;Valladolid;47099 Mudarra, La;Mujeres;2011;87
47;Valladolid;47099 Mudarra, La;Mujeres;2010;83
47;Valladolid;47099 Mudarra, La;Mujeres;2009;92
47;Valladolid;47099 Mudarra, La;Mujeres;2008;86
47;Valladolid;47099 Mudarra, La;Mujeres;2007;85
47;Valladolid;47099 Mudarra, La;Mujeres;2006;96
47;Valladolid;47099 Mudarra, La;Mujeres;2005;104
47;Valladolid;47099 Mudarra, La;Mujeres;2004;112
47;Valladolid;47099 Mudarra, La;Mujeres;2003;109
47;Valladolid;47099 Mudarra, La;Mujeres;2002;111
47;Valladolid;47099 Mudarra, La;Mujeres;2001;118
47;Valladolid;47099 Mudarra, La;Mujeres;2000;120
47;Valladolid;47099 Mudarra, La;Mujeres;1999;126
47;Valladolid;47099 Mudarra, La;Mujeres;1998;126
47;Valladolid;47099 Mudarra, La;Mujeres;1997;
47;Valladolid;47099 Mudarra, La;Mujeres;1996;131
47;Valladolid;47100 Muriel;Total;2023;116
47;Valladolid;47100 Muriel;Total;2022;118
47;Valladolid;47100 Muriel;Total;2021;117
47;Valladolid;47100 Muriel;Total;2020;122
47;Valladolid;47100 Muriel;Total;2019;123
47;Valladolid;47100 Muriel;Total;2018;139
47;Valladolid;47100 Muriel;Total;2017;140
47;Valladolid;47100 Muriel;Total;2016;143
47;Valladolid;47100 Muriel;Total;2015;146
47;Valladolid;47100 Muriel;Total;2014;166
47;Valladolid;47100 Muriel;Total;2013;166
47;Valladolid;47100 Muriel;Total;2012;169
47;Valladolid;47100 Muriel;Total;2011;182
47;Valladolid;47100 Muriel;Total;2010;183
47;Valladolid;47100 Muriel;Total;2009;183
47;Valladolid;47100 Muriel;Total;2008;184
47;Valladolid;47100 Muriel;Total;2007;185
47;Valladolid;47100 Muriel;Total;2006;188
47;Valladolid;47100 Muriel;Total;2005;198
47;Valladolid;47100 Muriel;Total;2004;204
47;Valladolid;47100 Muriel;Total;2003;214
47;Valladolid;47100 Muriel;Total;2002;215
47;Valladolid;47100 Muriel;Total;2001;214
47;Valladolid;47100 Muriel;Total;2000;214
47;Valladolid;47100 Muriel;Total;1999;219
47;Valladolid;47100 Muriel;Total;1998;222
47;Valladolid;47100 Muriel;Total;1997;
47;Valladolid;47100 Muriel;Total;1996;232
47;Valladolid;47100 Muriel;Hombres;2023;59
47;Valladolid;47100 Muriel;Hombres;2022;60
47;Valladolid;47100 Muriel;Hombres;2021;60
47;Valladolid;47100 Muriel;Hombres;2020;65
47;Valladolid;47100 Muriel;Hombres;2019;65
47;Valladolid;47100 Muriel;Hombres;2018;78
47;Valladolid;47100 Muriel;Hombres;2017;77
47;Valladolid;47100 Muriel;Hombres;2016;77
47;Valladolid;47100 Muriel;Hombres;2015;77
47;Valladolid;47100 Muriel;Hombres;2014;88
47;Valladolid;47100 Muriel;Hombres;2013;90
47;Valladolid;47100 Muriel;Hombres;2012;92
47;Valladolid;47100 Muriel;Hombres;2011;98
47;Valladolid;47100 Muriel;Hombres;2010;94
47;Valladolid;47100 Muriel;Hombres;2009;96
47;Valladolid;47100 Muriel;Hombres;2008;95
47;Valladolid;47100 Muriel;Hombres;2007;94
47;Valladolid;47100 Muriel;Hombres;2006;94
47;Valladolid;47100 Muriel;Hombres;2005;99
47;Valladolid;47100 Muriel;Hombres;2004;104
47;Valladolid;47100 Muriel;Hombres;2003;109
47;Valladolid;47100 Muriel;Hombres;2002;108
47;Valladolid;47100 Muriel;Hombres;2001;108
47;Valladolid;47100 Muriel;Hombres;2000;107
47;Valladolid;47100 Muriel;Hombres;1999;108
47;Valladolid;47100 Muriel;Hombres;1998;109
47;Valladolid;47100 Muriel;Hombres;1997;
47;Valladolid;47100 Muriel;Hombres;1996;114
47;Valladolid;47100 Muriel;Mujeres;2023;57
47;Valladolid;47100 Muriel;Mujeres;2022;58
47;Valladolid;47100 Muriel;Mujeres;2021;57
47;Valladolid;47100 Muriel;Mujeres;2020;57
47;Valladolid;47100 Muriel;Mujeres;2019;58
47;Valladolid;47100 Muriel;Mujeres;2018;61
47;Valladolid;47100 Muriel;Mujeres;2017;63
47;Valladolid;47100 Muriel;Mujeres;2016;66
47;Valladolid;47100 Muriel;Mujeres;2015;69
47;Valladolid;47100 Muriel;Mujeres;2014;78
47;Valladolid;47100 Muriel;Mujeres;2013;76
47;Valladolid;47100 Muriel;Mujeres;2012;77
47;Valladolid;47100 Muriel;Mujeres;2011;84
47;Valladolid;47100 Muriel;Mujeres;2010;89
47;Valladolid;47100 Muriel;Mujeres;2009;87
47;Valladolid;47100 Muriel;Mujeres;2008;89
47;Valladolid;47100 Muriel;Mujeres;2007;91
47;Valladolid;47100 Muriel;Mujeres;2006;94
47;Valladolid;47100 Muriel;Mujeres;2005;99
47;Valladolid;47100 Muriel;Mujeres;2004;100
47;Valladolid;47100 Muriel;Mujeres;2003;105
47;Valladolid;47100 Muriel;Mujeres;2002;107
47;Valladolid;47100 Muriel;Mujeres;2001;106
47;Valladolid;47100 Muriel;Mujeres;2000;107
47;Valladolid;47100 Muriel;Mujeres;1999;111
47;Valladolid;47100 Muriel;Mujeres;1998;113
47;Valladolid;47100 Muriel;Mujeres;1997;
47;Valladolid;47100 Muriel;Mujeres;1996;118
47;Valladolid;47101 Nava del Rey;Total;2023;1925
47;Valladolid;47101 Nava del Rey;Total;2022;1951
47;Valladolid;47101 Nava del Rey;Total;2021;1968
47;Valladolid;47101 Nava del Rey;Total;2020;1975
47;Valladolid;47101 Nava del Rey;Total;2019;1986
47;Valladolid;47101 Nava del Rey;Total;2018;2039
47;Valladolid;47101 Nava del Rey;Total;2017;2074
47;Valladolid;47101 Nava del Rey;Total;2016;2094
47;Valladolid;47101 Nava del Rey;Total;2015;2125
47;Valladolid;47101 Nava del Rey;Total;2014;2091
47;Valladolid;47101 Nava del Rey;Total;2013;2104
47;Valladolid;47101 Nava del Rey;Total;2012;2103
47;Valladolid;47101 Nava del Rey;Total;2011;2112
47;Valladolid;47101 Nava del Rey;Total;2010;2123
47;Valladolid;47101 Nava del Rey;Total;2009;2144
47;Valladolid;47101 Nava del Rey;Total;2008;2179
47;Valladolid;47101 Nava del Rey;Total;2007;2157
47;Valladolid;47101 Nava del Rey;Total;2006;2148
47;Valladolid;47101 Nava del Rey;Total;2005;2110
47;Valladolid;47101 Nava del Rey;Total;2004;2127
47;Valladolid;47101 Nava del Rey;Total;2003;2144
47;Valladolid;47101 Nava del Rey;Total;2002;2198
47;Valladolid;47101 Nava del Rey;Total;2001;2237
47;Valladolid;47101 Nava del Rey;Total;2000;2267
47;Valladolid;47101 Nava del Rey;Total;1999;2287
47;Valladolid;47101 Nava del Rey;Total;1998;2287
47;Valladolid;47101 Nava del Rey;Total;1997;
47;Valladolid;47101 Nava del Rey;Total;1996;2310
47;Valladolid;47101 Nava del Rey;Hombres;2023;978
47;Valladolid;47101 Nava del Rey;Hombres;2022;1004
47;Valladolid;47101 Nava del Rey;Hombres;2021;1016
47;Valladolid;47101 Nava del Rey;Hombres;2020;1014
47;Valladolid;47101 Nava del Rey;Hombres;2019;1018
47;Valladolid;47101 Nava del Rey;Hombres;2018;1043
47;Valladolid;47101 Nava del Rey;Hombres;2017;1058
47;Valladolid;47101 Nava del Rey;Hombres;2016;1077
47;Valladolid;47101 Nava del Rey;Hombres;2015;1093
47;Valladolid;47101 Nava del Rey;Hombres;2014;1073
47;Valladolid;47101 Nava del Rey;Hombres;2013;1083
47;Valladolid;47101 Nava del Rey;Hombres;2012;1084
47;Valladolid;47101 Nava del Rey;Hombres;2011;1071
47;Valladolid;47101 Nava del Rey;Hombres;2010;1077
47;Valladolid;47101 Nava del Rey;Hombres;2009;1091
47;Valladolid;47101 Nava del Rey;Hombres;2008;1110
47;Valladolid;47101 Nava del Rey;Hombres;2007;1102
47;Valladolid;47101 Nava del Rey;Hombres;2006;1086
47;Valladolid;47101 Nava del Rey;Hombres;2005;1072
47;Valladolid;47101 Nava del Rey;Hombres;2004;1082
47;Valladolid;47101 Nava del Rey;Hombres;2003;1087
47;Valladolid;47101 Nava del Rey;Hombres;2002;1094
47;Valladolid;47101 Nava del Rey;Hombres;2001;1105
47;Valladolid;47101 Nava del Rey;Hombres;2000;1118
47;Valladolid;47101 Nava del Rey;Hombres;1999;1116
47;Valladolid;47101 Nava del Rey;Hombres;1998;1116
47;Valladolid;47101 Nava del Rey;Hombres;1997;
47;Valladolid;47101 Nava del Rey;Hombres;1996;1136
47;Valladolid;47101 Nava del Rey;Mujeres;2023;947
47;Valladolid;47101 Nava del Rey;Mujeres;2022;947
47;Valladolid;47101 Nava del Rey;Mujeres;2021;952
47;Valladolid;47101 Nava del Rey;Mujeres;2020;961
47;Valladolid;47101 Nava del Rey;Mujeres;2019;968
47;Valladolid;47101 Nava del Rey;Mujeres;2018;996
47;Valladolid;47101 Nava del Rey;Mujeres;2017;1016
47;Valladolid;47101 Nava del Rey;Mujeres;2016;1017
47;Valladolid;47101 Nava del Rey;Mujeres;2015;1032
47;Valladolid;47101 Nava del Rey;Mujeres;2014;1018
47;Valladolid;47101 Nava del Rey;Mujeres;2013;1021
47;Valladolid;47101 Nava del Rey;Mujeres;2012;1019
47;Valladolid;47101 Nava del Rey;Mujeres;2011;1041
47;Valladolid;47101 Nava del Rey;Mujeres;2010;1046
47;Valladolid;47101 Nava del Rey;Mujeres;2009;1053
47;Valladolid;47101 Nava del Rey;Mujeres;2008;1069
47;Valladolid;47101 Nava del Rey;Mujeres;2007;1055
47;Valladolid;47101 Nava del Rey;Mujeres;2006;1062
47;Valladolid;47101 Nava del Rey;Mujeres;2005;1038
47;Valladolid;47101 Nava del Rey;Mujeres;2004;1045
47;Valladolid;47101 Nava del Rey;Mujeres;2003;1057
47;Valladolid;47101 Nava del Rey;Mujeres;2002;1104
47;Valladolid;47101 Nava del Rey;Mujeres;2001;1132
47;Valladolid;47101 Nava del Rey;Mujeres;2000;1149
47;Valladolid;47101 Nava del Rey;Mujeres;1999;1171
47;Valladolid;47101 Nava del Rey;Mujeres;1998;1171
47;Valladolid;47101 Nava del Rey;Mujeres;1997;
47;Valladolid;47101 Nava del Rey;Mujeres;1996;1174
47;Valladolid;47102 Nueva Villa de las Torres;Total;2023;282
47;Valladolid;47102 Nueva Villa de las Torres;Total;2022;282
47;Valladolid;47102 Nueva Villa de las Torres;Total;2021;276
47;Valladolid;47102 Nueva Villa de las Torres;Total;2020;272
47;Valladolid;47102 Nueva Villa de las Torres;Total;2019;280
47;Valladolid;47102 Nueva Villa de las Torres;Total;2018;294
47;Valladolid;47102 Nueva Villa de las Torres;Total;2017;301
47;Valladolid;47102 Nueva Villa de las Torres;Total;2016;311
47;Valladolid;47102 Nueva Villa de las Torres;Total;2015;316
47;Valladolid;47102 Nueva Villa de las Torres;Total;2014;318
47;Valladolid;47102 Nueva Villa de las Torres;Total;2013;314
47;Valladolid;47102 Nueva Villa de las Torres;Total;2012;321
47;Valladolid;47102 Nueva Villa de las Torres;Total;2011;322
47;Valladolid;47102 Nueva Villa de las Torres;Total;2010;339
47;Valladolid;47102 Nueva Villa de las Torres;Total;2009;347
47;Valladolid;47102 Nueva Villa de las Torres;Total;2008;369
47;Valladolid;47102 Nueva Villa de las Torres;Total;2007;387
47;Valladolid;47102 Nueva Villa de las Torres;Total;2006;388
47;Valladolid;47102 Nueva Villa de las Torres;Total;2005;389
47;Valladolid;47102 Nueva Villa de las Torres;Total;2004;393
47;Valladolid;47102 Nueva Villa de las Torres;Total;2003;400
47;Valladolid;47102 Nueva Villa de las Torres;Total;2002;418
47;Valladolid;47102 Nueva Villa de las Torres;Total;2001;416
47;Valladolid;47102 Nueva Villa de las Torres;Total;2000;407
47;Valladolid;47102 Nueva Villa de las Torres;Total;1999;421
47;Valladolid;47102 Nueva Villa de las Torres;Total;1998;421
47;Valladolid;47102 Nueva Villa de las Torres;Total;1997;
47;Valladolid;47102 Nueva Villa de las Torres;Total;1996;426
47;Valladolid;47102 Nueva Villa de las Torres;Hombres;2023;162
47;Valladolid;47102 Nueva Villa de las Torres;Hombres;2022;162
47;Valladolid;47102 Nueva Villa de las Torres;Hombres;2021;161
47;Valladolid;47102 Nueva Villa de las Torres;Hombres;2020;157
47;Valladolid;47102 Nueva Villa de las Torres;Hombres;2019;162
47;Valladolid;47102 Nueva Villa de las Torres;Hombres;2018;165
47;Valladolid;47102 Nueva Villa de las Torres;Hombres;2017;172
47;Valladolid;47102 Nueva Villa de las Torres;Hombres;2016;176
47;Valladolid;47102 Nueva Villa de las Torres;Hombres;2015;180
47;Valladolid;47102 Nueva Villa de las Torres;Hombres;2014;181
47;Valladolid;47102 Nueva Villa de las Torres;Hombres;2013;179
47;Valladolid;47102 Nueva Villa de las Torres;Hombres;2012;182
47;Valladolid;47102 Nueva Villa de las Torres;Hombres;2011;188
47;Valladolid;47102 Nueva Villa de las Torres;Hombres;2010;196
47;Valladolid;47102 Nueva Villa de las Torres;Hombres;2009;200
47;Valladolid;47102 Nueva Villa de las Torres;Hombres;2008;210
47;Valladolid;47102 Nueva Villa de las Torres;Hombres;2007;217
47;Valladolid;47102 Nueva Villa de las Torres;Hombres;2006;215
47;Valladolid;47102 Nueva Villa de las Torres;Hombres;2005;216
47;Valladolid;47102 Nueva Villa de las Torres;Hombres;2004;217
47;Valladolid;47102 Nueva Villa de las Torres;Hombres;2003;224
47;Valladolid;47102 Nueva Villa de las Torres;Hombres;2002;234
47;Valladolid;47102 Nueva Villa de las Torres;Hombres;2001;233
47;Valladolid;47102 Nueva Villa de las Torres;Hombres;2000;228
47;Valladolid;47102 Nueva Villa de las Torres;Hombres;1999;233
47;Valladolid;47102 Nueva Villa de las Torres;Hombres;1998;233
47;Valladolid;47102 Nueva Villa de las Torres;Hombres;1997;
47;Valladolid;47102 Nueva Villa de las Torres;Hombres;1996;234
47;Valladolid;47102 Nueva Villa de las Torres;Mujeres;2023;120
47;Valladolid;47102 Nueva Villa de las Torres;Mujeres;2022;120
47;Valladolid;47102 Nueva Villa de las Torres;Mujeres;2021;115
47;Valladolid;47102 Nueva Villa de las Torres;Mujeres;2020;115
47;Valladolid;47102 Nueva Villa de las Torres;Mujeres;2019;118
47;Valladolid;47102 Nueva Villa de las Torres;Mujeres;2018;129
47;Valladolid;47102 Nueva Villa de las Torres;Mujeres;2017;129
47;Valladolid;47102 Nueva Villa de las Torres;Mujeres;2016;135
47;Valladolid;47102 Nueva Villa de las Torres;Mujeres;2015;136
47;Valladolid;47102 Nueva Villa de las Torres;Mujeres;2014;137
47;Valladolid;47102 Nueva Villa de las Torres;Mujeres;2013;135
47;Valladolid;47102 Nueva Villa de las Torres;Mujeres;2012;139
47;Valladolid;47102 Nueva Villa de las Torres;Mujeres;2011;134
47;Valladolid;47102 Nueva Villa de las Torres;Mujeres;2010;143
47;Valladolid;47102 Nueva Villa de las Torres;Mujeres;2009;147
47;Valladolid;47102 Nueva Villa de las Torres;Mujeres;2008;159
47;Valladolid;47102 Nueva Villa de las Torres;Mujeres;2007;170
47;Valladolid;47102 Nueva Villa de las Torres;Mujeres;2006;173
47;Valladolid;47102 Nueva Villa de las Torres;Mujeres;2005;173
47;Valladolid;47102 Nueva Villa de las Torres;Mujeres;2004;176
47;Valladolid;47102 Nueva Villa de las Torres;Mujeres;2003;176
47;Valladolid;47102 Nueva Villa de las Torres;Mujeres;2002;184
47;Valladolid;47102 Nueva Villa de las Torres;Mujeres;2001;183
47;Valladolid;47102 Nueva Villa de las Torres;Mujeres;2000;179
47;Valladolid;47102 Nueva Villa de las Torres;Mujeres;1999;188
47;Valladolid;47102 Nueva Villa de las Torres;Mujeres;1998;188
47;Valladolid;47102 Nueva Villa de las Torres;Mujeres;1997;
47;Valladolid;47102 Nueva Villa de las Torres;Mujeres;1996;192
47;Valladolid;47103 Olivares de Duero;Total;2023;321
47;Valladolid;47103 Olivares de Duero;Total;2022;307
47;Valladolid;47103 Olivares de Duero;Total;2021;313
47;Valladolid;47103 Olivares de Duero;Total;2020;296
47;Valladolid;47103 Olivares de Duero;Total;2019;296
47;Valladolid;47103 Olivares de Duero;Total;2018;313
47;Valladolid;47103 Olivares de Duero;Total;2017;308
47;Valladolid;47103 Olivares de Duero;Total;2016;306
47;Valladolid;47103 Olivares de Duero;Total;2015;317
47;Valladolid;47103 Olivares de Duero;Total;2014;328
47;Valladolid;47103 Olivares de Duero;Total;2013;341
47;Valladolid;47103 Olivares de Duero;Total;2012;325
47;Valladolid;47103 Olivares de Duero;Total;2011;345
47;Valladolid;47103 Olivares de Duero;Total;2010;345
47;Valladolid;47103 Olivares de Duero;Total;2009;342
47;Valladolid;47103 Olivares de Duero;Total;2008;321
47;Valladolid;47103 Olivares de Duero;Total;2007;314
47;Valladolid;47103 Olivares de Duero;Total;2006;328
47;Valladolid;47103 Olivares de Duero;Total;2005;317
47;Valladolid;47103 Olivares de Duero;Total;2004;330
47;Valladolid;47103 Olivares de Duero;Total;2003;336
47;Valladolid;47103 Olivares de Duero;Total;2002;323
47;Valladolid;47103 Olivares de Duero;Total;2001;336
47;Valladolid;47103 Olivares de Duero;Total;2000;334
47;Valladolid;47103 Olivares de Duero;Total;1999;348
47;Valladolid;47103 Olivares de Duero;Total;1998;349
47;Valladolid;47103 Olivares de Duero;Total;1997;
47;Valladolid;47103 Olivares de Duero;Total;1996;350
47;Valladolid;47103 Olivares de Duero;Hombres;2023;181
47;Valladolid;47103 Olivares de Duero;Hombres;2022;174
47;Valladolid;47103 Olivares de Duero;Hombres;2021;180
47;Valladolid;47103 Olivares de Duero;Hombres;2020;165
47;Valladolid;47103 Olivares de Duero;Hombres;2019;162
47;Valladolid;47103 Olivares de Duero;Hombres;2018;173
47;Valladolid;47103 Olivares de Duero;Hombres;2017;171
47;Valladolid;47103 Olivares de Duero;Hombres;2016;171
47;Valladolid;47103 Olivares de Duero;Hombres;2015;174
47;Valladolid;47103 Olivares de Duero;Hombres;2014;179
47;Valladolid;47103 Olivares de Duero;Hombres;2013;186
47;Valladolid;47103 Olivares de Duero;Hombres;2012;180
47;Valladolid;47103 Olivares de Duero;Hombres;2011;187
47;Valladolid;47103 Olivares de Duero;Hombres;2010;186
47;Valladolid;47103 Olivares de Duero;Hombres;2009;185
47;Valladolid;47103 Olivares de Duero;Hombres;2008;174
47;Valladolid;47103 Olivares de Duero;Hombres;2007;174
47;Valladolid;47103 Olivares de Duero;Hombres;2006;178
47;Valladolid;47103 Olivares de Duero;Hombres;2005;173
47;Valladolid;47103 Olivares de Duero;Hombres;2004;182
47;Valladolid;47103 Olivares de Duero;Hombres;2003;185
47;Valladolid;47103 Olivares de Duero;Hombres;2002;181
47;Valladolid;47103 Olivares de Duero;Hombres;2001;187
47;Valladolid;47103 Olivares de Duero;Hombres;2000;186
47;Valladolid;47103 Olivares de Duero;Hombres;1999;192
47;Valladolid;47103 Olivares de Duero;Hombres;1998;191
47;Valladolid;47103 Olivares de Duero;Hombres;1997;
47;Valladolid;47103 Olivares de Duero;Hombres;1996;188
47;Valladolid;47103 Olivares de Duero;Mujeres;2023;140
47;Valladolid;47103 Olivares de Duero;Mujeres;2022;133
47;Valladolid;47103 Olivares de Duero;Mujeres;2021;133
47;Valladolid;47103 Olivares de Duero;Mujeres;2020;131
47;Valladolid;47103 Olivares de Duero;Mujeres;2019;134
47;Valladolid;47103 Olivares de Duero;Mujeres;2018;140
47;Valladolid;47103 Olivares de Duero;Mujeres;2017;137
47;Valladolid;47103 Olivares de Duero;Mujeres;2016;135
47;Valladolid;47103 Olivares de Duero;Mujeres;2015;143
47;Valladolid;47103 Olivares de Duero;Mujeres;2014;149
47;Valladolid;47103 Olivares de Duero;Mujeres;2013;155
47;Valladolid;47103 Olivares de Duero;Mujeres;2012;145
47;Valladolid;47103 Olivares de Duero;Mujeres;2011;158
47;Valladolid;47103 Olivares de Duero;Mujeres;2010;159
47;Valladolid;47103 Olivares de Duero;Mujeres;2009;157
47;Valladolid;47103 Olivares de Duero;Mujeres;2008;147
47;Valladolid;47103 Olivares de Duero;Mujeres;2007;140
47;Valladolid;47103 Olivares de Duero;Mujeres;2006;150
47;Valladolid;47103 Olivares de Duero;Mujeres;2005;144
47;Valladolid;47103 Olivares de Duero;Mujeres;2004;148
47;Valladolid;47103 Olivares de Duero;Mujeres;2003;151
47;Valladolid;47103 Olivares de Duero;Mujeres;2002;142
47;Valladolid;47103 Olivares de Duero;Mujeres;2001;149
47;Valladolid;47103 Olivares de Duero;Mujeres;2000;148
47;Valladolid;47103 Olivares de Duero;Mujeres;1999;156
47;Valladolid;47103 Olivares de Duero;Mujeres;1998;158
47;Valladolid;47103 Olivares de Duero;Mujeres;1997;
47;Valladolid;47103 Olivares de Duero;Mujeres;1996;162
47;Valladolid;47104 Olmedo;Total;2023;3563
47;Valladolid;47104 Olmedo;Total;2022;3554
47;Valladolid;47104 Olmedo;Total;2021;3574
47;Valladolid;47104 Olmedo;Total;2020;3646
47;Valladolid;47104 Olmedo;Total;2019;3643
47;Valladolid;47104 Olmedo;Total;2018;3654
47;Valladolid;47104 Olmedo;Total;2017;3666
47;Valladolid;47104 Olmedo;Total;2016;3674
47;Valladolid;47104 Olmedo;Total;2015;3744
47;Valladolid;47104 Olmedo;Total;2014;3759
47;Valladolid;47104 Olmedo;Total;2013;3776
47;Valladolid;47104 Olmedo;Total;2012;3868
47;Valladolid;47104 Olmedo;Total;2011;3897
47;Valladolid;47104 Olmedo;Total;2010;3897
47;Valladolid;47104 Olmedo;Total;2009;3845
47;Valladolid;47104 Olmedo;Total;2008;3811
47;Valladolid;47104 Olmedo;Total;2007;3714
47;Valladolid;47104 Olmedo;Total;2006;3628
47;Valladolid;47104 Olmedo;Total;2005;3576
47;Valladolid;47104 Olmedo;Total;2004;3529
47;Valladolid;47104 Olmedo;Total;2003;3478
47;Valladolid;47104 Olmedo;Total;2002;3340
47;Valladolid;47104 Olmedo;Total;2001;3439
47;Valladolid;47104 Olmedo;Total;2000;3434
47;Valladolid;47104 Olmedo;Total;1999;3487
47;Valladolid;47104 Olmedo;Total;1998;3502
47;Valladolid;47104 Olmedo;Total;1997;
47;Valladolid;47104 Olmedo;Total;1996;3501
47;Valladolid;47104 Olmedo;Hombres;2023;1780
47;Valladolid;47104 Olmedo;Hombres;2022;1772
47;Valladolid;47104 Olmedo;Hombres;2021;1778
47;Valladolid;47104 Olmedo;Hombres;2020;1813
47;Valladolid;47104 Olmedo;Hombres;2019;1806
47;Valladolid;47104 Olmedo;Hombres;2018;1797
47;Valladolid;47104 Olmedo;Hombres;2017;1799
47;Valladolid;47104 Olmedo;Hombres;2016;1811
47;Valladolid;47104 Olmedo;Hombres;2015;1836
47;Valladolid;47104 Olmedo;Hombres;2014;1847
47;Valladolid;47104 Olmedo;Hombres;2013;1864
47;Valladolid;47104 Olmedo;Hombres;2012;1904
47;Valladolid;47104 Olmedo;Hombres;2011;1919
47;Valladolid;47104 Olmedo;Hombres;2010;1921
47;Valladolid;47104 Olmedo;Hombres;2009;1886
47;Valladolid;47104 Olmedo;Hombres;2008;1884
47;Valladolid;47104 Olmedo;Hombres;2007;1820
47;Valladolid;47104 Olmedo;Hombres;2006;1770
47;Valladolid;47104 Olmedo;Hombres;2005;1732
47;Valladolid;47104 Olmedo;Hombres;2004;1711
47;Valladolid;47104 Olmedo;Hombres;2003;1678
47;Valladolid;47104 Olmedo;Hombres;2002;1611
47;Valladolid;47104 Olmedo;Hombres;2001;1660
47;Valladolid;47104 Olmedo;Hombres;2000;1659
47;Valladolid;47104 Olmedo;Hombres;1999;1682
47;Valladolid;47104 Olmedo;Hombres;1998;1698
47;Valladolid;47104 Olmedo;Hombres;1997;
47;Valladolid;47104 Olmedo;Hombres;1996;1706
47;Valladolid;47104 Olmedo;Mujeres;2023;1783
47;Valladolid;47104 Olmedo;Mujeres;2022;1782
47;Valladolid;47104 Olmedo;Mujeres;2021;1796
47;Valladolid;47104 Olmedo;Mujeres;2020;1833
47;Valladolid;47104 Olmedo;Mujeres;2019;1837
47;Valladolid;47104 Olmedo;Mujeres;2018;1857
47;Valladolid;47104 Olmedo;Mujeres;2017;1867
47;Valladolid;47104 Olmedo;Mujeres;2016;1863
47;Valladolid;47104 Olmedo;Mujeres;2015;1908
47;Valladolid;47104 Olmedo;Mujeres;2014;1912
47;Valladolid;47104 Olmedo;Mujeres;2013;1912
47;Valladolid;47104 Olmedo;Mujeres;2012;1964
47;Valladolid;47104 Olmedo;Mujeres;2011;1978
47;Valladolid;47104 Olmedo;Mujeres;2010;1976
47;Valladolid;47104 Olmedo;Mujeres;2009;1959
47;Valladolid;47104 Olmedo;Mujeres;2008;1927
47;Valladolid;47104 Olmedo;Mujeres;2007;1894
47;Valladolid;47104 Olmedo;Mujeres;2006;1858
47;Valladolid;47104 Olmedo;Mujeres;2005;1844
47;Valladolid;47104 Olmedo;Mujeres;2004;1818
47;Valladolid;47104 Olmedo;Mujeres;2003;1800
47;Valladolid;47104 Olmedo;Mujeres;2002;1729
47;Valladolid;47104 Olmedo;Mujeres;2001;1779
47;Valladolid;47104 Olmedo;Mujeres;2000;1775
47;Valladolid;47104 Olmedo;Mujeres;1999;1805
47;Valladolid;47104 Olmedo;Mujeres;1998;1804
47;Valladolid;47104 Olmedo;Mujeres;1997;
47;Valladolid;47104 Olmedo;Mujeres;1996;1795
47;Valladolid;47105 Olmos de Esgueva;Total;2023;193
47;Valladolid;47105 Olmos de Esgueva;Total;2022;186
47;Valladolid;47105 Olmos de Esgueva;Total;2021;185
47;Valladolid;47105 Olmos de Esgueva;Total;2020;185
47;Valladolid;47105 Olmos de Esgueva;Total;2019;201
47;Valladolid;47105 Olmos de Esgueva;Total;2018;212
47;Valladolid;47105 Olmos de Esgueva;Total;2017;211
47;Valladolid;47105 Olmos de Esgueva;Total;2016;211
47;Valladolid;47105 Olmos de Esgueva;Total;2015;226
47;Valladolid;47105 Olmos de Esgueva;Total;2014;230
47;Valladolid;47105 Olmos de Esgueva;Total;2013;223
47;Valladolid;47105 Olmos de Esgueva;Total;2012;234
47;Valladolid;47105 Olmos de Esgueva;Total;2011;233
47;Valladolid;47105 Olmos de Esgueva;Total;2010;237
47;Valladolid;47105 Olmos de Esgueva;Total;2009;236
47;Valladolid;47105 Olmos de Esgueva;Total;2008;234
47;Valladolid;47105 Olmos de Esgueva;Total;2007;219
47;Valladolid;47105 Olmos de Esgueva;Total;2006;209
47;Valladolid;47105 Olmos de Esgueva;Total;2005;218
47;Valladolid;47105 Olmos de Esgueva;Total;2004;212
47;Valladolid;47105 Olmos de Esgueva;Total;2003;222
47;Valladolid;47105 Olmos de Esgueva;Total;2002;202
47;Valladolid;47105 Olmos de Esgueva;Total;2001;184
47;Valladolid;47105 Olmos de Esgueva;Total;2000;186
47;Valladolid;47105 Olmos de Esgueva;Total;1999;189
47;Valladolid;47105 Olmos de Esgueva;Total;1998;189
47;Valladolid;47105 Olmos de Esgueva;Total;1997;
47;Valladolid;47105 Olmos de Esgueva;Total;1996;184
47;Valladolid;47105 Olmos de Esgueva;Hombres;2023;107
47;Valladolid;47105 Olmos de Esgueva;Hombres;2022;100
47;Valladolid;47105 Olmos de Esgueva;Hombres;2021;101
47;Valladolid;47105 Olmos de Esgueva;Hombres;2020;102
47;Valladolid;47105 Olmos de Esgueva;Hombres;2019;111
47;Valladolid;47105 Olmos de Esgueva;Hombres;2018;115
47;Valladolid;47105 Olmos de Esgueva;Hombres;2017;115
47;Valladolid;47105 Olmos de Esgueva;Hombres;2016;114
47;Valladolid;47105 Olmos de Esgueva;Hombres;2015;119
47;Valladolid;47105 Olmos de Esgueva;Hombres;2014;124
47;Valladolid;47105 Olmos de Esgueva;Hombres;2013;117
47;Valladolid;47105 Olmos de Esgueva;Hombres;2012;125
47;Valladolid;47105 Olmos de Esgueva;Hombres;2011;127
47;Valladolid;47105 Olmos de Esgueva;Hombres;2010;129
47;Valladolid;47105 Olmos de Esgueva;Hombres;2009;128
47;Valladolid;47105 Olmos de Esgueva;Hombres;2008;128
47;Valladolid;47105 Olmos de Esgueva;Hombres;2007;121
47;Valladolid;47105 Olmos de Esgueva;Hombres;2006;118
47;Valladolid;47105 Olmos de Esgueva;Hombres;2005;123
47;Valladolid;47105 Olmos de Esgueva;Hombres;2004;120
47;Valladolid;47105 Olmos de Esgueva;Hombres;2003;126
47;Valladolid;47105 Olmos de Esgueva;Hombres;2002;116
47;Valladolid;47105 Olmos de Esgueva;Hombres;2001;102
47;Valladolid;47105 Olmos de Esgueva;Hombres;2000;103
47;Valladolid;47105 Olmos de Esgueva;Hombres;1999;105
47;Valladolid;47105 Olmos de Esgueva;Hombres;1998;105
47;Valladolid;47105 Olmos de Esgueva;Hombres;1997;
47;Valladolid;47105 Olmos de Esgueva;Hombres;1996;103
47;Valladolid;47105 Olmos de Esgueva;Mujeres;2023;86
47;Valladolid;47105 Olmos de Esgueva;Mujeres;2022;86
47;Valladolid;47105 Olmos de Esgueva;Mujeres;2021;84
47;Valladolid;47105 Olmos de Esgueva;Mujeres;2020;83
47;Valladolid;47105 Olmos de Esgueva;Mujeres;2019;90
47;Valladolid;47105 Olmos de Esgueva;Mujeres;2018;97
47;Valladolid;47105 Olmos de Esgueva;Mujeres;2017;96
47;Valladolid;47105 Olmos de Esgueva;Mujeres;2016;97
47;Valladolid;47105 Olmos de Esgueva;Mujeres;2015;107
47;Valladolid;47105 Olmos de Esgueva;Mujeres;2014;106
47;Valladolid;47105 Olmos de Esgueva;Mujeres;2013;106
47;Valladolid;47105 Olmos de Esgueva;Mujeres;2012;109
47;Valladolid;47105 Olmos de Esgueva;Mujeres;2011;106
47;Valladolid;47105 Olmos de Esgueva;Mujeres;2010;108
47;Valladolid;47105 Olmos de Esgueva;Mujeres;2009;108
47;Valladolid;47105 Olmos de Esgueva;Mujeres;2008;106
47;Valladolid;47105 Olmos de Esgueva;Mujeres;2007;98
47;Valladolid;47105 Olmos de Esgueva;Mujeres;2006;91
47;Valladolid;47105 Olmos de Esgueva;Mujeres;2005;95
47;Valladolid;47105 Olmos de Esgueva;Mujeres;2004;92
47;Valladolid;47105 Olmos de Esgueva;Mujeres;2003;96
47;Valladolid;47105 Olmos de Esgueva;Mujeres;2002;86
47;Valladolid;47105 Olmos de Esgueva;Mujeres;2001;82
47;Valladolid;47105 Olmos de Esgueva;Mujeres;2000;83
47;Valladolid;47105 Olmos de Esgueva;Mujeres;1999;84
47;Valladolid;47105 Olmos de Esgueva;Mujeres;1998;84
47;Valladolid;47105 Olmos de Esgueva;Mujeres;1997;
47;Valladolid;47105 Olmos de Esgueva;Mujeres;1996;81
47;Valladolid;47106 Olmos de Peñafiel;Total;2023;41
47;Valladolid;47106 Olmos de Peñafiel;Total;2022;42
47;Valladolid;47106 Olmos de Peñafiel;Total;2021;53
47;Valladolid;47106 Olmos de Peñafiel;Total;2020;53
47;Valladolid;47106 Olmos de Peñafiel;Total;2019;52
47;Valladolid;47106 Olmos de Peñafiel;Total;2018;57
47;Valladolid;47106 Olmos de Peñafiel;Total;2017;60
47;Valladolid;47106 Olmos de Peñafiel;Total;2016;62
47;Valladolid;47106 Olmos de Peñafiel;Total;2015;65
47;Valladolid;47106 Olmos de Peñafiel;Total;2014;64
47;Valladolid;47106 Olmos de Peñafiel;Total;2013;67
47;Valladolid;47106 Olmos de Peñafiel;Total;2012;69
47;Valladolid;47106 Olmos de Peñafiel;Total;2011;72
47;Valladolid;47106 Olmos de Peñafiel;Total;2010;75
47;Valladolid;47106 Olmos de Peñafiel;Total;2009;74
47;Valladolid;47106 Olmos de Peñafiel;Total;2008;76
47;Valladolid;47106 Olmos de Peñafiel;Total;2007;76
47;Valladolid;47106 Olmos de Peñafiel;Total;2006;74
47;Valladolid;47106 Olmos de Peñafiel;Total;2005;76
47;Valladolid;47106 Olmos de Peñafiel;Total;2004;80
47;Valladolid;47106 Olmos de Peñafiel;Total;2003;81
47;Valladolid;47106 Olmos de Peñafiel;Total;2002;87
47;Valladolid;47106 Olmos de Peñafiel;Total;2001;84
47;Valladolid;47106 Olmos de Peñafiel;Total;2000;85
47;Valladolid;47106 Olmos de Peñafiel;Total;1999;86
47;Valladolid;47106 Olmos de Peñafiel;Total;1998;90
47;Valladolid;47106 Olmos de Peñafiel;Total;1997;
47;Valladolid;47106 Olmos de Peñafiel;Total;1996;87
47;Valladolid;47106 Olmos de Peñafiel;Hombres;2023;23
47;Valladolid;47106 Olmos de Peñafiel;Hombres;2022;22
47;Valladolid;47106 Olmos de Peñafiel;Hombres;2021;30
47;Valladolid;47106 Olmos de Peñafiel;Hombres;2020;30
47;Valladolid;47106 Olmos de Peñafiel;Hombres;2019;28
47;Valladolid;47106 Olmos de Peñafiel;Hombres;2018;31
47;Valladolid;47106 Olmos de Peñafiel;Hombres;2017;33
47;Valladolid;47106 Olmos de Peñafiel;Hombres;2016;34
47;Valladolid;47106 Olmos de Peñafiel;Hombres;2015;36
47;Valladolid;47106 Olmos de Peñafiel;Hombres;2014;35
47;Valladolid;47106 Olmos de Peñafiel;Hombres;2013;35
47;Valladolid;47106 Olmos de Peñafiel;Hombres;2012;36
47;Valladolid;47106 Olmos de Peñafiel;Hombres;2011;38
47;Valladolid;47106 Olmos de Peñafiel;Hombres;2010;39
47;Valladolid;47106 Olmos de Peñafiel;Hombres;2009;38
47;Valladolid;47106 Olmos de Peñafiel;Hombres;2008;42
47;Valladolid;47106 Olmos de Peñafiel;Hombres;2007;39
47;Valladolid;47106 Olmos de Peñafiel;Hombres;2006;39
47;Valladolid;47106 Olmos de Peñafiel;Hombres;2005;38
47;Valladolid;47106 Olmos de Peñafiel;Hombres;2004;39
47;Valladolid;47106 Olmos de Peñafiel;Hombres;2003;40
47;Valladolid;47106 Olmos de Peñafiel;Hombres;2002;43
47;Valladolid;47106 Olmos de Peñafiel;Hombres;2001;43
47;Valladolid;47106 Olmos de Peñafiel;Hombres;2000;43
47;Valladolid;47106 Olmos de Peñafiel;Hombres;1999;43
47;Valladolid;47106 Olmos de Peñafiel;Hombres;1998;46
47;Valladolid;47106 Olmos de Peñafiel;Hombres;1997;
47;Valladolid;47106 Olmos de Peñafiel;Hombres;1996;45
47;Valladolid;47106 Olmos de Peñafiel;Mujeres;2023;18
47;Valladolid;47106 Olmos de Peñafiel;Mujeres;2022;20
47;Valladolid;47106 Olmos de Peñafiel;Mujeres;2021;23
47;Valladolid;47106 Olmos de Peñafiel;Mujeres;2020;23
47;Valladolid;47106 Olmos de Peñafiel;Mujeres;2019;24
47;Valladolid;47106 Olmos de Peñafiel;Mujeres;2018;26
47;Valladolid;47106 Olmos de Peñafiel;Mujeres;2017;27
47;Valladolid;47106 Olmos de Peñafiel;Mujeres;2016;28
47;Valladolid;47106 Olmos de Peñafiel;Mujeres;2015;29
47;Valladolid;47106 Olmos de Peñafiel;Mujeres;2014;29
47;Valladolid;47106 Olmos de Peñafiel;Mujeres;2013;32
47;Valladolid;47106 Olmos de Peñafiel;Mujeres;2012;33
47;Valladolid;47106 Olmos de Peñafiel;Mujeres;2011;34
47;Valladolid;47106 Olmos de Peñafiel;Mujeres;2010;36
47;Valladolid;47106 Olmos de Peñafiel;Mujeres;2009;36
47;Valladolid;47106 Olmos de Peñafiel;Mujeres;2008;34
47;Valladolid;47106 Olmos de Peñafiel;Mujeres;2007;37
47;Valladolid;47106 Olmos de Peñafiel;Mujeres;2006;35
47;Valladolid;47106 Olmos de Peñafiel;Mujeres;2005;38
47;Valladolid;47106 Olmos de Peñafiel;Mujeres;2004;41
47;Valladolid;47106 Olmos de Peñafiel;Mujeres;2003;41
47;Valladolid;47106 Olmos de Peñafiel;Mujeres;2002;44
47;Valladolid;47106 Olmos de Peñafiel;Mujeres;2001;41
47;Valladolid;47106 Olmos de Peñafiel;Mujeres;2000;42
47;Valladolid;47106 Olmos de Peñafiel;Mujeres;1999;43
47;Valladolid;47106 Olmos de Peñafiel;Mujeres;1998;44
47;Valladolid;47106 Olmos de Peñafiel;Mujeres;1997;
47;Valladolid;47106 Olmos de Peñafiel;Mujeres;1996;42
47;Valladolid;47109 Palazuelo de Vedija;Total;2023;160
47;Valladolid;47109 Palazuelo de Vedija;Total;2022;168
47;Valladolid;47109 Palazuelo de Vedija;Total;2021;174
47;Valladolid;47109 Palazuelo de Vedija;Total;2020;179
47;Valladolid;47109 Palazuelo de Vedija;Total;2019;191
47;Valladolid;47109 Palazuelo de Vedija;Total;2018;190
47;Valladolid;47109 Palazuelo de Vedija;Total;2017;205
47;Valladolid;47109 Palazuelo de Vedija;Total;2016;208
47;Valladolid;47109 Palazuelo de Vedija;Total;2015;206
47;Valladolid;47109 Palazuelo de Vedija;Total;2014;203
47;Valladolid;47109 Palazuelo de Vedija;Total;2013;199
47;Valladolid;47109 Palazuelo de Vedija;Total;2012;210
47;Valladolid;47109 Palazuelo de Vedija;Total;2011;221
47;Valladolid;47109 Palazuelo de Vedija;Total;2010;237
47;Valladolid;47109 Palazuelo de Vedija;Total;2009;228
47;Valladolid;47109 Palazuelo de Vedija;Total;2008;249
47;Valladolid;47109 Palazuelo de Vedija;Total;2007;272
47;Valladolid;47109 Palazuelo de Vedija;Total;2006;228
47;Valladolid;47109 Palazuelo de Vedija;Total;2005;233
47;Valladolid;47109 Palazuelo de Vedija;Total;2004;241
47;Valladolid;47109 Palazuelo de Vedija;Total;2003;250
47;Valladolid;47109 Palazuelo de Vedija;Total;2002;260
47;Valladolid;47109 Palazuelo de Vedija;Total;2001;257
47;Valladolid;47109 Palazuelo de Vedija;Total;2000;254
47;Valladolid;47109 Palazuelo de Vedija;Total;1999;252
47;Valladolid;47109 Palazuelo de Vedija;Total;1998;248
47;Valladolid;47109 Palazuelo de Vedija;Total;1997;
47;Valladolid;47109 Palazuelo de Vedija;Total;1996;235
47;Valladolid;47109 Palazuelo de Vedija;Hombres;2023;84
47;Valladolid;47109 Palazuelo de Vedija;Hombres;2022;84
47;Valladolid;47109 Palazuelo de Vedija;Hombres;2021;88
47;Valladolid;47109 Palazuelo de Vedija;Hombres;2020;93
47;Valladolid;47109 Palazuelo de Vedija;Hombres;2019;102
47;Valladolid;47109 Palazuelo de Vedija;Hombres;2018;100
47;Valladolid;47109 Palazuelo de Vedija;Hombres;2017;105
47;Valladolid;47109 Palazuelo de Vedija;Hombres;2016;108
47;Valladolid;47109 Palazuelo de Vedija;Hombres;2015;109
47;Valladolid;47109 Palazuelo de Vedija;Hombres;2014;110
47;Valladolid;47109 Palazuelo de Vedija;Hombres;2013;107
47;Valladolid;47109 Palazuelo de Vedija;Hombres;2012;114
47;Valladolid;47109 Palazuelo de Vedija;Hombres;2011;117
47;Valladolid;47109 Palazuelo de Vedija;Hombres;2010;126
47;Valladolid;47109 Palazuelo de Vedija;Hombres;2009;119
47;Valladolid;47109 Palazuelo de Vedija;Hombres;2008;132
47;Valladolid;47109 Palazuelo de Vedija;Hombres;2007;136
47;Valladolid;47109 Palazuelo de Vedija;Hombres;2006;117
47;Valladolid;47109 Palazuelo de Vedija;Hombres;2005;121
47;Valladolid;47109 Palazuelo de Vedija;Hombres;2004;129
47;Valladolid;47109 Palazuelo de Vedija;Hombres;2003;132
47;Valladolid;47109 Palazuelo de Vedija;Hombres;2002;136
47;Valladolid;47109 Palazuelo de Vedija;Hombres;2001;132
47;Valladolid;47109 Palazuelo de Vedija;Hombres;2000;128
47;Valladolid;47109 Palazuelo de Vedija;Hombres;1999;130
47;Valladolid;47109 Palazuelo de Vedija;Hombres;1998;129
47;Valladolid;47109 Palazuelo de Vedija;Hombres;1997;
47;Valladolid;47109 Palazuelo de Vedija;Hombres;1996;120
47;Valladolid;47109 Palazuelo de Vedija;Mujeres;2023;76
47;Valladolid;47109 Palazuelo de Vedija;Mujeres;2022;84
47;Valladolid;47109 Palazuelo de Vedija;Mujeres;2021;86
47;Valladolid;47109 Palazuelo de Vedija;Mujeres;2020;86
47;Valladolid;47109 Palazuelo de Vedija;Mujeres;2019;89
47;Valladolid;47109 Palazuelo de Vedija;Mujeres;2018;90
47;Valladolid;47109 Palazuelo de Vedija;Mujeres;2017;100
47;Valladolid;47109 Palazuelo de Vedija;Mujeres;2016;100
47;Valladolid;47109 Palazuelo de Vedija;Mujeres;2015;97
47;Valladolid;47109 Palazuelo de Vedija;Mujeres;2014;93
47;Valladolid;47109 Palazuelo de Vedija;Mujeres;2013;92
47;Valladolid;47109 Palazuelo de Vedija;Mujeres;2012;96
47;Valladolid;47109 Palazuelo de Vedija;Mujeres;2011;104
47;Valladolid;47109 Palazuelo de Vedija;Mujeres;2010;111
47;Valladolid;47109 Palazuelo de Vedija;Mujeres;2009;109
47;Valladolid;47109 Palazuelo de Vedija;Mujeres;2008;117
47;Valladolid;47109 Palazuelo de Vedija;Mujeres;2007;136
47;Valladolid;47109 Palazuelo de Vedija;Mujeres;2006;111
47;Valladolid;47109 Palazuelo de Vedija;Mujeres;2005;112
47;Valladolid;47109 Palazuelo de Vedija;Mujeres;2004;112
47;Valladolid;47109 Palazuelo de Vedija;Mujeres;2003;118
47;Valladolid;47109 Palazuelo de Vedija;Mujeres;2002;124
47;Valladolid;47109 Palazuelo de Vedija;Mujeres;2001;125
47;Valladolid;47109 Palazuelo de Vedija;Mujeres;2000;126
47;Valladolid;47109 Palazuelo de Vedija;Mujeres;1999;122
47;Valladolid;47109 Palazuelo de Vedija;Mujeres;1998;119
47;Valladolid;47109 Palazuelo de Vedija;Mujeres;1997;
47;Valladolid;47109 Palazuelo de Vedija;Mujeres;1996;115
47;Valladolid;47110 Parrilla, La;Total;2023;490
47;Valladolid;47110 Parrilla, La;Total;2022;487
47;Valladolid;47110 Parrilla, La;Total;2021;482
47;Valladolid;47110 Parrilla, La;Total;2020;479
47;Valladolid;47110 Parrilla, La;Total;2019;480
47;Valladolid;47110 Parrilla, La;Total;2018;484
47;Valladolid;47110 Parrilla, La;Total;2017;493
47;Valladolid;47110 Parrilla, La;Total;2016;496
47;Valladolid;47110 Parrilla, La;Total;2015;502
47;Valladolid;47110 Parrilla, La;Total;2014;508
47;Valladolid;47110 Parrilla, La;Total;2013;511
47;Valladolid;47110 Parrilla, La;Total;2012;523
47;Valladolid;47110 Parrilla, La;Total;2011;529
47;Valladolid;47110 Parrilla, La;Total;2010;549
47;Valladolid;47110 Parrilla, La;Total;2009;571
47;Valladolid;47110 Parrilla, La;Total;2008;583
47;Valladolid;47110 Parrilla, La;Total;2007;598
47;Valladolid;47110 Parrilla, La;Total;2006;603
47;Valladolid;47110 Parrilla, La;Total;2005;628
47;Valladolid;47110 Parrilla, La;Total;2004;622
47;Valladolid;47110 Parrilla, La;Total;2003;622
47;Valladolid;47110 Parrilla, La;Total;2002;635
47;Valladolid;47110 Parrilla, La;Total;2001;623
47;Valladolid;47110 Parrilla, La;Total;2000;632
47;Valladolid;47110 Parrilla, La;Total;1999;639
47;Valladolid;47110 Parrilla, La;Total;1998;658
47;Valladolid;47110 Parrilla, La;Total;1997;
47;Valladolid;47110 Parrilla, La;Total;1996;666
47;Valladolid;47110 Parrilla, La;Hombres;2023;245
47;Valladolid;47110 Parrilla, La;Hombres;2022;246
47;Valladolid;47110 Parrilla, La;Hombres;2021;242
47;Valladolid;47110 Parrilla, La;Hombres;2020;242
47;Valladolid;47110 Parrilla, La;Hombres;2019;241
47;Valladolid;47110 Parrilla, La;Hombres;2018;244
47;Valladolid;47110 Parrilla, La;Hombres;2017;248
47;Valladolid;47110 Parrilla, La;Hombres;2016;250
47;Valladolid;47110 Parrilla, La;Hombres;2015;251
47;Valladolid;47110 Parrilla, La;Hombres;2014;257
47;Valladolid;47110 Parrilla, La;Hombres;2013;257
47;Valladolid;47110 Parrilla, La;Hombres;2012;259
47;Valladolid;47110 Parrilla, La;Hombres;2011;264
47;Valladolid;47110 Parrilla, La;Hombres;2010;273
47;Valladolid;47110 Parrilla, La;Hombres;2009;287
47;Valladolid;47110 Parrilla, La;Hombres;2008;294
47;Valladolid;47110 Parrilla, La;Hombres;2007;299
47;Valladolid;47110 Parrilla, La;Hombres;2006;298
47;Valladolid;47110 Parrilla, La;Hombres;2005;310
47;Valladolid;47110 Parrilla, La;Hombres;2004;304
47;Valladolid;47110 Parrilla, La;Hombres;2003;301
47;Valladolid;47110 Parrilla, La;Hombres;2002;304
47;Valladolid;47110 Parrilla, La;Hombres;2001;298
47;Valladolid;47110 Parrilla, La;Hombres;2000;304
47;Valladolid;47110 Parrilla, La;Hombres;1999;312
47;Valladolid;47110 Parrilla, La;Hombres;1998;318
47;Valladolid;47110 Parrilla, La;Hombres;1997;
47;Valladolid;47110 Parrilla, La;Hombres;1996;318
47;Valladolid;47110 Parrilla, La;Mujeres;2023;245
47;Valladolid;47110 Parrilla, La;Mujeres;2022;241
47;Valladolid;47110 Parrilla, La;Mujeres;2021;240
47;Valladolid;47110 Parrilla, La;Mujeres;2020;237
47;Valladolid;47110 Parrilla, La;Mujeres;2019;239
47;Valladolid;47110 Parrilla, La;Mujeres;2018;240
47;Valladolid;47110 Parrilla, La;Mujeres;2017;245
47;Valladolid;47110 Parrilla, La;Mujeres;2016;246
47;Valladolid;47110 Parrilla, La;Mujeres;2015;251
47;Valladolid;47110 Parrilla, La;Mujeres;2014;251
47;Valladolid;47110 Parrilla, La;Mujeres;2013;254
47;Valladolid;47110 Parrilla, La;Mujeres;2012;264
47;Valladolid;47110 Parrilla, La;Mujeres;2011;265
47;Valladolid;47110 Parrilla, La;Mujeres;2010;276
47;Valladolid;47110 Parrilla, La;Mujeres;2009;284
47;Valladolid;47110 Parrilla, La;Mujeres;2008;289
47;Valladolid;47110 Parrilla, La;Mujeres;2007;299
47;Valladolid;47110 Parrilla, La;Mujeres;2006;305
47;Valladolid;47110 Parrilla, La;Mujeres;2005;318
47;Valladolid;47110 Parrilla, La;Mujeres;2004;318
47;Valladolid;47110 Parrilla, La;Mujeres;2003;321
47;Valladolid;47110 Parrilla, La;Mujeres;2002;331
47;Valladolid;47110 Parrilla, La;Mujeres;2001;325
47;Valladolid;47110 Parrilla, La;Mujeres;2000;328
47;Valladolid;47110 Parrilla, La;Mujeres;1999;327
47;Valladolid;47110 Parrilla, La;Mujeres;1998;340
47;Valladolid;47110 Parrilla, La;Mujeres;1997;
47;Valladolid;47110 Parrilla, La;Mujeres;1996;348
47;Valladolid;47111 Pedraja de Portillo, La;Total;2023;1175
47;Valladolid;47111 Pedraja de Portillo, La;Total;2022;1138
47;Valladolid;47111 Pedraja de Portillo, La;Total;2021;1122
47;Valladolid;47111 Pedraja de Portillo, La;Total;2020;1126
47;Valladolid;47111 Pedraja de Portillo, La;Total;2019;1139
47;Valladolid;47111 Pedraja de Portillo, La;Total;2018;1142
47;Valladolid;47111 Pedraja de Portillo, La;Total;2017;1123
47;Valladolid;47111 Pedraja de Portillo, La;Total;2016;1151
47;Valladolid;47111 Pedraja de Portillo, La;Total;2015;1143
47;Valladolid;47111 Pedraja de Portillo, La;Total;2014;1134
47;Valladolid;47111 Pedraja de Portillo, La;Total;2013;1109
47;Valladolid;47111 Pedraja de Portillo, La;Total;2012;1169
47;Valladolid;47111 Pedraja de Portillo, La;Total;2011;1163
47;Valladolid;47111 Pedraja de Portillo, La;Total;2010;1156
47;Valladolid;47111 Pedraja de Portillo, La;Total;2009;1167
47;Valladolid;47111 Pedraja de Portillo, La;Total;2008;1154
47;Valladolid;47111 Pedraja de Portillo, La;Total;2007;1146
47;Valladolid;47111 Pedraja de Portillo, La;Total;2006;1145
47;Valladolid;47111 Pedraja de Portillo, La;Total;2005;1045
47;Valladolid;47111 Pedraja de Portillo, La;Total;2004;1076
47;Valladolid;47111 Pedraja de Portillo, La;Total;2003;1111
47;Valladolid;47111 Pedraja de Portillo, La;Total;2002;1106
47;Valladolid;47111 Pedraja de Portillo, La;Total;2001;1098
47;Valladolid;47111 Pedraja de Portillo, La;Total;2000;1055
47;Valladolid;47111 Pedraja de Portillo, La;Total;1999;1083
47;Valladolid;47111 Pedraja de Portillo, La;Total;1998;1117
47;Valladolid;47111 Pedraja de Portillo, La;Total;1997;
47;Valladolid;47111 Pedraja de Portillo, La;Total;1996;1102
47;Valladolid;47111 Pedraja de Portillo, La;Hombres;2023;603
47;Valladolid;47111 Pedraja de Portillo, La;Hombres;2022;587
47;Valladolid;47111 Pedraja de Portillo, La;Hombres;2021;577
47;Valladolid;47111 Pedraja de Portillo, La;Hombres;2020;576
47;Valladolid;47111 Pedraja de Portillo, La;Hombres;2019;587
47;Valladolid;47111 Pedraja de Portillo, La;Hombres;2018;580
47;Valladolid;47111 Pedraja de Portillo, La;Hombres;2017;567
47;Valladolid;47111 Pedraja de Portillo, La;Hombres;2016;589
47;Valladolid;47111 Pedraja de Portillo, La;Hombres;2015;588
47;Valladolid;47111 Pedraja de Portillo, La;Hombres;2014;584
47;Valladolid;47111 Pedraja de Portillo, La;Hombres;2013;572
47;Valladolid;47111 Pedraja de Portillo, La;Hombres;2012;598
47;Valladolid;47111 Pedraja de Portillo, La;Hombres;2011;596
47;Valladolid;47111 Pedraja de Portillo, La;Hombres;2010;593
47;Valladolid;47111 Pedraja de Portillo, La;Hombres;2009;602
47;Valladolid;47111 Pedraja de Portillo, La;Hombres;2008;600
47;Valladolid;47111 Pedraja de Portillo, La;Hombres;2007;596
47;Valladolid;47111 Pedraja de Portillo, La;Hombres;2006;596
47;Valladolid;47111 Pedraja de Portillo, La;Hombres;2005;536
47;Valladolid;47111 Pedraja de Portillo, La;Hombres;2004;553
47;Valladolid;47111 Pedraja de Portillo, La;Hombres;2003;568
47;Valladolid;47111 Pedraja de Portillo, La;Hombres;2002;565
47;Valladolid;47111 Pedraja de Portillo, La;Hombres;2001;557
47;Valladolid;47111 Pedraja de Portillo, La;Hombres;2000;532
47;Valladolid;47111 Pedraja de Portillo, La;Hombres;1999;541
47;Valladolid;47111 Pedraja de Portillo, La;Hombres;1998;561
47;Valladolid;47111 Pedraja de Portillo, La;Hombres;1997;
47;Valladolid;47111 Pedraja de Portillo, La;Hombres;1996;552
47;Valladolid;47111 Pedraja de Portillo, La;Mujeres;2023;572
47;Valladolid;47111 Pedraja de Portillo, La;Mujeres;2022;551
47;Valladolid;47111 Pedraja de Portillo, La;Mujeres;2021;545
47;Valladolid;47111 Pedraja de Portillo, La;Mujeres;2020;550
47;Valladolid;47111 Pedraja de Portillo, La;Mujeres;2019;552
47;Valladolid;47111 Pedraja de Portillo, La;Mujeres;2018;562
47;Valladolid;47111 Pedraja de Portillo, La;Mujeres;2017;556
47;Valladolid;47111 Pedraja de Portillo, La;Mujeres;2016;562
47;Valladolid;47111 Pedraja de Portillo, La;Mujeres;2015;555
47;Valladolid;47111 Pedraja de Portillo, La;Mujeres;2014;550
47;Valladolid;47111 Pedraja de Portillo, La;Mujeres;2013;537
47;Valladolid;47111 Pedraja de Portillo, La;Mujeres;2012;571
47;Valladolid;47111 Pedraja de Portillo, La;Mujeres;2011;567
47;Valladolid;47111 Pedraja de Portillo, La;Mujeres;2010;563
47;Valladolid;47111 Pedraja de Portillo, La;Mujeres;2009;565
47;Valladolid;47111 Pedraja de Portillo, La;Mujeres;2008;554
47;Valladolid;47111 Pedraja de Portillo, La;Mujeres;2007;550
47;Valladolid;47111 Pedraja de Portillo, La;Mujeres;2006;549
47;Valladolid;47111 Pedraja de Portillo, La;Mujeres;2005;509
47;Valladolid;47111 Pedraja de Portillo, La;Mujeres;2004;523
47;Valladolid;47111 Pedraja de Portillo, La;Mujeres;2003;543
47;Valladolid;47111 Pedraja de Portillo, La;Mujeres;2002;541
47;Valladolid;47111 Pedraja de Portillo, La;Mujeres;2001;541
47;Valladolid;47111 Pedraja de Portillo, La;Mujeres;2000;523
47;Valladolid;47111 Pedraja de Portillo, La;Mujeres;1999;542
47;Valladolid;47111 Pedraja de Portillo, La;Mujeres;1998;556
47;Valladolid;47111 Pedraja de Portillo, La;Mujeres;1997;
47;Valladolid;47111 Pedraja de Portillo, La;Mujeres;1996;550
47;Valladolid;47112 Pedrajas de San Esteban;Total;2023;3382
47;Valladolid;47112 Pedrajas de San Esteban;Total;2022;3371
47;Valladolid;47112 Pedrajas de San Esteban;Total;2021;3334
47;Valladolid;47112 Pedrajas de San Esteban;Total;2020;3314
47;Valladolid;47112 Pedrajas de San Esteban;Total;2019;3327
47;Valladolid;47112 Pedrajas de San Esteban;Total;2018;3322
47;Valladolid;47112 Pedrajas de San Esteban;Total;2017;3342
47;Valladolid;47112 Pedrajas de San Esteban;Total;2016;3337
47;Valladolid;47112 Pedrajas de San Esteban;Total;2015;3432
47;Valladolid;47112 Pedrajas de San Esteban;Total;2014;3503
47;Valladolid;47112 Pedrajas de San Esteban;Total;2013;3605
47;Valladolid;47112 Pedrajas de San Esteban;Total;2012;3628
47;Valladolid;47112 Pedrajas de San Esteban;Total;2011;3652
47;Valladolid;47112 Pedrajas de San Esteban;Total;2010;3639
47;Valladolid;47112 Pedrajas de San Esteban;Total;2009;3649
47;Valladolid;47112 Pedrajas de San Esteban;Total;2008;3661
47;Valladolid;47112 Pedrajas de San Esteban;Total;2007;3558
47;Valladolid;47112 Pedrajas de San Esteban;Total;2006;3496
47;Valladolid;47112 Pedrajas de San Esteban;Total;2005;3470
47;Valladolid;47112 Pedrajas de San Esteban;Total;2004;3317
47;Valladolid;47112 Pedrajas de San Esteban;Total;2003;3275
47;Valladolid;47112 Pedrajas de San Esteban;Total;2002;3239
47;Valladolid;47112 Pedrajas de San Esteban;Total;2001;3224
47;Valladolid;47112 Pedrajas de San Esteban;Total;2000;3237
47;Valladolid;47112 Pedrajas de San Esteban;Total;1999;3229
47;Valladolid;47112 Pedrajas de San Esteban;Total;1998;3227
47;Valladolid;47112 Pedrajas de San Esteban;Total;1997;
47;Valladolid;47112 Pedrajas de San Esteban;Total;1996;3215
47;Valladolid;47112 Pedrajas de San Esteban;Hombres;2023;1720
47;Valladolid;47112 Pedrajas de San Esteban;Hombres;2022;1713
47;Valladolid;47112 Pedrajas de San Esteban;Hombres;2021;1694
47;Valladolid;47112 Pedrajas de San Esteban;Hombres;2020;1690
47;Valladolid;47112 Pedrajas de San Esteban;Hombres;2019;1703
47;Valladolid;47112 Pedrajas de San Esteban;Hombres;2018;1705
47;Valladolid;47112 Pedrajas de San Esteban;Hombres;2017;1720
47;Valladolid;47112 Pedrajas de San Esteban;Hombres;2016;1728
47;Valladolid;47112 Pedrajas de San Esteban;Hombres;2015;1767
47;Valladolid;47112 Pedrajas de San Esteban;Hombres;2014;1787
47;Valladolid;47112 Pedrajas de San Esteban;Hombres;2013;1855
47;Valladolid;47112 Pedrajas de San Esteban;Hombres;2012;1866
47;Valladolid;47112 Pedrajas de San Esteban;Hombres;2011;1874
47;Valladolid;47112 Pedrajas de San Esteban;Hombres;2010;1867
47;Valladolid;47112 Pedrajas de San Esteban;Hombres;2009;1870
47;Valladolid;47112 Pedrajas de San Esteban;Hombres;2008;1862
47;Valladolid;47112 Pedrajas de San Esteban;Hombres;2007;1819
47;Valladolid;47112 Pedrajas de San Esteban;Hombres;2006;1783
47;Valladolid;47112 Pedrajas de San Esteban;Hombres;2005;1786
47;Valladolid;47112 Pedrajas de San Esteban;Hombres;2004;1699
47;Valladolid;47112 Pedrajas de San Esteban;Hombres;2003;1674
47;Valladolid;47112 Pedrajas de San Esteban;Hombres;2002;1641
47;Valladolid;47112 Pedrajas de San Esteban;Hombres;2001;1629
47;Valladolid;47112 Pedrajas de San Esteban;Hombres;2000;1631
47;Valladolid;47112 Pedrajas de San Esteban;Hombres;1999;1630
47;Valladolid;47112 Pedrajas de San Esteban;Hombres;1998;1635
47;Valladolid;47112 Pedrajas de San Esteban;Hombres;1997;
47;Valladolid;47112 Pedrajas de San Esteban;Hombres;1996;1629
47;Valladolid;47112 Pedrajas de San Esteban;Mujeres;2023;1662
47;Valladolid;47112 Pedrajas de San Esteban;Mujeres;2022;1658
47;Valladolid;47112 Pedrajas de San Esteban;Mujeres;2021;1640
47;Valladolid;47112 Pedrajas de San Esteban;Mujeres;2020;1624
47;Valladolid;47112 Pedrajas de San Esteban;Mujeres;2019;1624
47;Valladolid;47112 Pedrajas de San Esteban;Mujeres;2018;1617
47;Valladolid;47112 Pedrajas de San Esteban;Mujeres;2017;1622
47;Valladolid;47112 Pedrajas de San Esteban;Mujeres;2016;1609
47;Valladolid;47112 Pedrajas de San Esteban;Mujeres;2015;1665
47;Valladolid;47112 Pedrajas de San Esteban;Mujeres;2014;1716
47;Valladolid;47112 Pedrajas de San Esteban;Mujeres;2013;1750
47;Valladolid;47112 Pedrajas de San Esteban;Mujeres;2012;1762
47;Valladolid;47112 Pedrajas de San Esteban;Mujeres;2011;1778
47;Valladolid;47112 Pedrajas de San Esteban;Mujeres;2010;1772
47;Valladolid;47112 Pedrajas de San Esteban;Mujeres;2009;1779
47;Valladolid;47112 Pedrajas de San Esteban;Mujeres;2008;1799
47;Valladolid;47112 Pedrajas de San Esteban;Mujeres;2007;1739
47;Valladolid;47112 Pedrajas de San Esteban;Mujeres;2006;1713
47;Valladolid;47112 Pedrajas de San Esteban;Mujeres;2005;1684
47;Valladolid;47112 Pedrajas de San Esteban;Mujeres;2004;1618
47;Valladolid;47112 Pedrajas de San Esteban;Mujeres;2003;1601
47;Valladolid;47112 Pedrajas de San Esteban;Mujeres;2002;1598
47;Valladolid;47112 Pedrajas de San Esteban;Mujeres;2001;1595
47;Valladolid;47112 Pedrajas de San Esteban;Mujeres;2000;1606
47;Valladolid;47112 Pedrajas de San Esteban;Mujeres;1999;1599
47;Valladolid;47112 Pedrajas de San Esteban;Mujeres;1998;1592
47;Valladolid;47112 Pedrajas de San Esteban;Mujeres;1997;
47;Valladolid;47112 Pedrajas de San Esteban;Mujeres;1996;1586
47;Valladolid;47113 Pedrosa del Rey;Total;2023;150
47;Valladolid;47113 Pedrosa del Rey;Total;2022;147
47;Valladolid;47113 Pedrosa del Rey;Total;2021;155
47;Valladolid;47113 Pedrosa del Rey;Total;2020;158
47;Valladolid;47113 Pedrosa del Rey;Total;2019;168
47;Valladolid;47113 Pedrosa del Rey;Total;2018;185
47;Valladolid;47113 Pedrosa del Rey;Total;2017;193
47;Valladolid;47113 Pedrosa del Rey;Total;2016;196
47;Valladolid;47113 Pedrosa del Rey;Total;2015;198
47;Valladolid;47113 Pedrosa del Rey;Total;2014;202
47;Valladolid;47113 Pedrosa del Rey;Total;2013;190
47;Valladolid;47113 Pedrosa del Rey;Total;2012;191
47;Valladolid;47113 Pedrosa del Rey;Total;2011;203
47;Valladolid;47113 Pedrosa del Rey;Total;2010;205
47;Valladolid;47113 Pedrosa del Rey;Total;2009;205
47;Valladolid;47113 Pedrosa del Rey;Total;2008;210
47;Valladolid;47113 Pedrosa del Rey;Total;2007;211
47;Valladolid;47113 Pedrosa del Rey;Total;2006;196
47;Valladolid;47113 Pedrosa del Rey;Total;2005;203
47;Valladolid;47113 Pedrosa del Rey;Total;2004;216
47;Valladolid;47113 Pedrosa del Rey;Total;2003;215
47;Valladolid;47113 Pedrosa del Rey;Total;2002;237
47;Valladolid;47113 Pedrosa del Rey;Total;2001;232
47;Valladolid;47113 Pedrosa del Rey;Total;2000;236
47;Valladolid;47113 Pedrosa del Rey;Total;1999;242
47;Valladolid;47113 Pedrosa del Rey;Total;1998;243
47;Valladolid;47113 Pedrosa del Rey;Total;1997;
47;Valladolid;47113 Pedrosa del Rey;Total;1996;245
47;Valladolid;47113 Pedrosa del Rey;Hombres;2023;84
47;Valladolid;47113 Pedrosa del Rey;Hombres;2022;81
47;Valladolid;47113 Pedrosa del Rey;Hombres;2021;84
47;Valladolid;47113 Pedrosa del Rey;Hombres;2020;91
47;Valladolid;47113 Pedrosa del Rey;Hombres;2019;96
47;Valladolid;47113 Pedrosa del Rey;Hombres;2018;103
47;Valladolid;47113 Pedrosa del Rey;Hombres;2017;109
47;Valladolid;47113 Pedrosa del Rey;Hombres;2016;108
47;Valladolid;47113 Pedrosa del Rey;Hombres;2015;106
47;Valladolid;47113 Pedrosa del Rey;Hombres;2014;110
47;Valladolid;47113 Pedrosa del Rey;Hombres;2013;101
47;Valladolid;47113 Pedrosa del Rey;Hombres;2012;105
47;Valladolid;47113 Pedrosa del Rey;Hombres;2011;111
47;Valladolid;47113 Pedrosa del Rey;Hombres;2010;111
47;Valladolid;47113 Pedrosa del Rey;Hombres;2009;113
47;Valladolid;47113 Pedrosa del Rey;Hombres;2008;111
47;Valladolid;47113 Pedrosa del Rey;Hombres;2007;108
47;Valladolid;47113 Pedrosa del Rey;Hombres;2006;106
47;Valladolid;47113 Pedrosa del Rey;Hombres;2005;112
47;Valladolid;47113 Pedrosa del Rey;Hombres;2004;119
47;Valladolid;47113 Pedrosa del Rey;Hombres;2003;116
47;Valladolid;47113 Pedrosa del Rey;Hombres;2002;129
47;Valladolid;47113 Pedrosa del Rey;Hombres;2001;124
47;Valladolid;47113 Pedrosa del Rey;Hombres;2000;127
47;Valladolid;47113 Pedrosa del Rey;Hombres;1999;133
47;Valladolid;47113 Pedrosa del Rey;Hombres;1998;131
47;Valladolid;47113 Pedrosa del Rey;Hombres;1997;
47;Valladolid;47113 Pedrosa del Rey;Hombres;1996;133
47;Valladolid;47113 Pedrosa del Rey;Mujeres;2023;66
47;Valladolid;47113 Pedrosa del Rey;Mujeres;2022;66
47;Valladolid;47113 Pedrosa del Rey;Mujeres;2021;71
47;Valladolid;47113 Pedrosa del Rey;Mujeres;2020;67
47;Valladolid;47113 Pedrosa del Rey;Mujeres;2019;72
47;Valladolid;47113 Pedrosa del Rey;Mujeres;2018;82
47;Valladolid;47113 Pedrosa del Rey;Mujeres;2017;84
47;Valladolid;47113 Pedrosa del Rey;Mujeres;2016;88
47;Valladolid;47113 Pedrosa del Rey;Mujeres;2015;92
47;Valladolid;47113 Pedrosa del Rey;Mujeres;2014;92
47;Valladolid;47113 Pedrosa del Rey;Mujeres;2013;89
47;Valladolid;47113 Pedrosa del Rey;Mujeres;2012;86
47;Valladolid;47113 Pedrosa del Rey;Mujeres;2011;92
47;Valladolid;47113 Pedrosa del Rey;Mujeres;2010;94
47;Valladolid;47113 Pedrosa del Rey;Mujeres;2009;92
47;Valladolid;47113 Pedrosa del Rey;Mujeres;2008;99
47;Valladolid;47113 Pedrosa del Rey;Mujeres;2007;103
47;Valladolid;47113 Pedrosa del Rey;Mujeres;2006;90
47;Valladolid;47113 Pedrosa del Rey;Mujeres;2005;91
47;Valladolid;47113 Pedrosa del Rey;Mujeres;2004;97
47;Valladolid;47113 Pedrosa del Rey;Mujeres;2003;99
47;Valladolid;47113 Pedrosa del Rey;Mujeres;2002;108
47;Valladolid;47113 Pedrosa del Rey;Mujeres;2001;108
47;Valladolid;47113 Pedrosa del Rey;Mujeres;2000;109
47;Valladolid;47113 Pedrosa del Rey;Mujeres;1999;109
47;Valladolid;47113 Pedrosa del Rey;Mujeres;1998;112
47;Valladolid;47113 Pedrosa del Rey;Mujeres;1997;
47;Valladolid;47113 Pedrosa del Rey;Mujeres;1996;112
47;Valladolid;47114 Peñafiel;Total;2023;5172
47;Valladolid;47114 Peñafiel;Total;2022;5104
47;Valladolid;47114 Peñafiel;Total;2021;5068
47;Valladolid;47114 Peñafiel;Total;2020;5054
47;Valladolid;47114 Peñafiel;Total;2019;5037
47;Valladolid;47114 Peñafiel;Total;2018;5090
47;Valladolid;47114 Peñafiel;Total;2017;5201
47;Valladolid;47114 Peñafiel;Total;2016;5327
47;Valladolid;47114 Peñafiel;Total;2015;5419
47;Valladolid;47114 Peñafiel;Total;2014;5428
47;Valladolid;47114 Peñafiel;Total;2013;5578
47;Valladolid;47114 Peñafiel;Total;2012;5628
47;Valladolid;47114 Peñafiel;Total;2011;5616
47;Valladolid;47114 Peñafiel;Total;2010;5571
47;Valladolid;47114 Peñafiel;Total;2009;5592
47;Valladolid;47114 Peñafiel;Total;2008;5567
47;Valladolid;47114 Peñafiel;Total;2007;5514
47;Valladolid;47114 Peñafiel;Total;2006;5486
47;Valladolid;47114 Peñafiel;Total;2005;5401
47;Valladolid;47114 Peñafiel;Total;2004;5433
47;Valladolid;47114 Peñafiel;Total;2003;5433
47;Valladolid;47114 Peñafiel;Total;2002;5225
47;Valladolid;47114 Peñafiel;Total;2001;5127
47;Valladolid;47114 Peñafiel;Total;2000;5099
47;Valladolid;47114 Peñafiel;Total;1999;5132
47;Valladolid;47114 Peñafiel;Total;1998;5132
47;Valladolid;47114 Peñafiel;Total;1997;
47;Valladolid;47114 Peñafiel;Total;1996;5160
47;Valladolid;47114 Peñafiel;Hombres;2023;2638
47;Valladolid;47114 Peñafiel;Hombres;2022;2591
47;Valladolid;47114 Peñafiel;Hombres;2021;2560
47;Valladolid;47114 Peñafiel;Hombres;2020;2546
47;Valladolid;47114 Peñafiel;Hombres;2019;2522
47;Valladolid;47114 Peñafiel;Hombres;2018;2540
47;Valladolid;47114 Peñafiel;Hombres;2017;2592
47;Valladolid;47114 Peñafiel;Hombres;2016;2660
47;Valladolid;47114 Peñafiel;Hombres;2015;2709
47;Valladolid;47114 Peñafiel;Hombres;2014;2726
47;Valladolid;47114 Peñafiel;Hombres;2013;2809
47;Valladolid;47114 Peñafiel;Hombres;2012;2842
47;Valladolid;47114 Peñafiel;Hombres;2011;2841
47;Valladolid;47114 Peñafiel;Hombres;2010;2816
47;Valladolid;47114 Peñafiel;Hombres;2009;2823
47;Valladolid;47114 Peñafiel;Hombres;2008;2808
47;Valladolid;47114 Peñafiel;Hombres;2007;2802
47;Valladolid;47114 Peñafiel;Hombres;2006;2786
47;Valladolid;47114 Peñafiel;Hombres;2005;2724
47;Valladolid;47114 Peñafiel;Hombres;2004;2730
47;Valladolid;47114 Peñafiel;Hombres;2003;2711
47;Valladolid;47114 Peñafiel;Hombres;2002;2597
47;Valladolid;47114 Peñafiel;Hombres;2001;2540
47;Valladolid;47114 Peñafiel;Hombres;2000;2542
47;Valladolid;47114 Peñafiel;Hombres;1999;2584
47;Valladolid;47114 Peñafiel;Hombres;1998;2584
47;Valladolid;47114 Peñafiel;Hombres;1997;
47;Valladolid;47114 Peñafiel;Hombres;1996;2599
47;Valladolid;47114 Peñafiel;Mujeres;2023;2534
47;Valladolid;47114 Peñafiel;Mujeres;2022;2513
47;Valladolid;47114 Peñafiel;Mujeres;2021;2508
47;Valladolid;47114 Peñafiel;Mujeres;2020;2508
47;Valladolid;47114 Peñafiel;Mujeres;2019;2515
47;Valladolid;47114 Peñafiel;Mujeres;2018;2550
47;Valladolid;47114 Peñafiel;Mujeres;2017;2609
47;Valladolid;47114 Peñafiel;Mujeres;2016;2667
47;Valladolid;47114 Peñafiel;Mujeres;2015;2710
47;Valladolid;47114 Peñafiel;Mujeres;2014;2702
47;Valladolid;47114 Peñafiel;Mujeres;2013;2769
47;Valladolid;47114 Peñafiel;Mujeres;2012;2786
47;Valladolid;47114 Peñafiel;Mujeres;2011;2775
47;Valladolid;47114 Peñafiel;Mujeres;2010;2755
47;Valladolid;47114 Peñafiel;Mujeres;2009;2769
47;Valladolid;47114 Peñafiel;Mujeres;2008;2759
47;Valladolid;47114 Peñafiel;Mujeres;2007;2712
47;Valladolid;47114 Peñafiel;Mujeres;2006;2700
47;Valladolid;47114 Peñafiel;Mujeres;2005;2677
47;Valladolid;47114 Peñafiel;Mujeres;2004;2703
47;Valladolid;47114 Peñafiel;Mujeres;2003;2722
47;Valladolid;47114 Peñafiel;Mujeres;2002;2628
47;Valladolid;47114 Peñafiel;Mujeres;2001;2587
47;Valladolid;47114 Peñafiel;Mujeres;2000;2557
47;Valladolid;47114 Peñafiel;Mujeres;1999;2548
47;Valladolid;47114 Peñafiel;Mujeres;1998;2548
47;Valladolid;47114 Peñafiel;Mujeres;1997;
47;Valladolid;47114 Peñafiel;Mujeres;1996;2561
47;Valladolid;47115 Peñaflor de Hornija;Total;2023;337
47;Valladolid;47115 Peñaflor de Hornija;Total;2022;337
47;Valladolid;47115 Peñaflor de Hornija;Total;2021;330
47;Valladolid;47115 Peñaflor de Hornija;Total;2020;302
47;Valladolid;47115 Peñaflor de Hornija;Total;2019;297
47;Valladolid;47115 Peñaflor de Hornija;Total;2018;298
47;Valladolid;47115 Peñaflor de Hornija;Total;2017;305
47;Valladolid;47115 Peñaflor de Hornija;Total;2016;310
47;Valladolid;47115 Peñaflor de Hornija;Total;2015;319
47;Valladolid;47115 Peñaflor de Hornija;Total;2014;323
47;Valladolid;47115 Peñaflor de Hornija;Total;2013;334
47;Valladolid;47115 Peñaflor de Hornija;Total;2012;343
47;Valladolid;47115 Peñaflor de Hornija;Total;2011;348
47;Valladolid;47115 Peñaflor de Hornija;Total;2010;350
47;Valladolid;47115 Peñaflor de Hornija;Total;2009;361
47;Valladolid;47115 Peñaflor de Hornija;Total;2008;365
47;Valladolid;47115 Peñaflor de Hornija;Total;2007;381
47;Valladolid;47115 Peñaflor de Hornija;Total;2006;404
47;Valladolid;47115 Peñaflor de Hornija;Total;2005;414
47;Valladolid;47115 Peñaflor de Hornija;Total;2004;415
47;Valladolid;47115 Peñaflor de Hornija;Total;2003;423
47;Valladolid;47115 Peñaflor de Hornija;Total;2002;440
47;Valladolid;47115 Peñaflor de Hornija;Total;2001;439
47;Valladolid;47115 Peñaflor de Hornija;Total;2000;454
47;Valladolid;47115 Peñaflor de Hornija;Total;1999;476
47;Valladolid;47115 Peñaflor de Hornija;Total;1998;476
47;Valladolid;47115 Peñaflor de Hornija;Total;1997;
47;Valladolid;47115 Peñaflor de Hornija;Total;1996;506
47;Valladolid;47115 Peñaflor de Hornija;Hombres;2023;182
47;Valladolid;47115 Peñaflor de Hornija;Hombres;2022;180
47;Valladolid;47115 Peñaflor de Hornija;Hombres;2021;179
47;Valladolid;47115 Peñaflor de Hornija;Hombres;2020;169
47;Valladolid;47115 Peñaflor de Hornija;Hombres;2019;170
47;Valladolid;47115 Peñaflor de Hornija;Hombres;2018;170
47;Valladolid;47115 Peñaflor de Hornija;Hombres;2017;176
47;Valladolid;47115 Peñaflor de Hornija;Hombres;2016;177
47;Valladolid;47115 Peñaflor de Hornija;Hombres;2015;179
47;Valladolid;47115 Peñaflor de Hornija;Hombres;2014;181
47;Valladolid;47115 Peñaflor de Hornija;Hombres;2013;185
47;Valladolid;47115 Peñaflor de Hornija;Hombres;2012;189
47;Valladolid;47115 Peñaflor de Hornija;Hombres;2011;187
47;Valladolid;47115 Peñaflor de Hornija;Hombres;2010;192
47;Valladolid;47115 Peñaflor de Hornija;Hombres;2009;195
47;Valladolid;47115 Peñaflor de Hornija;Hombres;2008;197
47;Valladolid;47115 Peñaflor de Hornija;Hombres;2007;208
47;Valladolid;47115 Peñaflor de Hornija;Hombres;2006;222
47;Valladolid;47115 Peñaflor de Hornija;Hombres;2005;226
47;Valladolid;47115 Peñaflor de Hornija;Hombres;2004;225
47;Valladolid;47115 Peñaflor de Hornija;Hombres;2003;227
47;Valladolid;47115 Peñaflor de Hornija;Hombres;2002;235
47;Valladolid;47115 Peñaflor de Hornija;Hombres;2001;238
47;Valladolid;47115 Peñaflor de Hornija;Hombres;2000;242
47;Valladolid;47115 Peñaflor de Hornija;Hombres;1999;255
47;Valladolid;47115 Peñaflor de Hornija;Hombres;1998;255
47;Valladolid;47115 Peñaflor de Hornija;Hombres;1997;
47;Valladolid;47115 Peñaflor de Hornija;Hombres;1996;267
47;Valladolid;47115 Peñaflor de Hornija;Mujeres;2023;155
47;Valladolid;47115 Peñaflor de Hornija;Mujeres;2022;157
47;Valladolid;47115 Peñaflor de Hornija;Mujeres;2021;151
47;Valladolid;47115 Peñaflor de Hornija;Mujeres;2020;133
47;Valladolid;47115 Peñaflor de Hornija;Mujeres;2019;127
47;Valladolid;47115 Peñaflor de Hornija;Mujeres;2018;128
47;Valladolid;47115 Peñaflor de Hornija;Mujeres;2017;129
47;Valladolid;47115 Peñaflor de Hornija;Mujeres;2016;133
47;Valladolid;47115 Peñaflor de Hornija;Mujeres;2015;140
47;Valladolid;47115 Peñaflor de Hornija;Mujeres;2014;142
47;Valladolid;47115 Peñaflor de Hornija;Mujeres;2013;149
47;Valladolid;47115 Peñaflor de Hornija;Mujeres;2012;154
47;Valladolid;47115 Peñaflor de Hornija;Mujeres;2011;161
47;Valladolid;47115 Peñaflor de Hornija;Mujeres;2010;158
47;Valladolid;47115 Peñaflor de Hornija;Mujeres;2009;166
47;Valladolid;47115 Peñaflor de Hornija;Mujeres;2008;168
47;Valladolid;47115 Peñaflor de Hornija;Mujeres;2007;173
47;Valladolid;47115 Peñaflor de Hornija;Mujeres;2006;182
47;Valladolid;47115 Peñaflor de Hornija;Mujeres;2005;188
47;Valladolid;47115 Peñaflor de Hornija;Mujeres;2004;190
47;Valladolid;47115 Peñaflor de Hornija;Mujeres;2003;196
47;Valladolid;47115 Peñaflor de Hornija;Mujeres;2002;205
47;Valladolid;47115 Peñaflor de Hornija;Mujeres;2001;201
47;Valladolid;47115 Peñaflor de Hornija;Mujeres;2000;212
47;Valladolid;47115 Peñaflor de Hornija;Mujeres;1999;221
47;Valladolid;47115 Peñaflor de Hornija;Mujeres;1998;221
47;Valladolid;47115 Peñaflor de Hornija;Mujeres;1997;
47;Valladolid;47115 Peñaflor de Hornija;Mujeres;1996;239
47;Valladolid;47116 Pesquera de Duero;Total;2023;424
47;Valladolid;47116 Pesquera de Duero;Total;2022;428
47;Valladolid;47116 Pesquera de Duero;Total;2021;434
47;Valladolid;47116 Pesquera de Duero;Total;2020;442
47;Valladolid;47116 Pesquera de Duero;Total;2019;448
47;Valladolid;47116 Pesquera de Duero;Total;2018;457
47;Valladolid;47116 Pesquera de Duero;Total;2017;466
47;Valladolid;47116 Pesquera de Duero;Total;2016;474
47;Valladolid;47116 Pesquera de Duero;Total;2015;474
47;Valladolid;47116 Pesquera de Duero;Total;2014;469
47;Valladolid;47116 Pesquera de Duero;Total;2013;502
47;Valladolid;47116 Pesquera de Duero;Total;2012;515
47;Valladolid;47116 Pesquera de Duero;Total;2011;535
47;Valladolid;47116 Pesquera de Duero;Total;2010;526
47;Valladolid;47116 Pesquera de Duero;Total;2009;534
47;Valladolid;47116 Pesquera de Duero;Total;2008;539
47;Valladolid;47116 Pesquera de Duero;Total;2007;522
47;Valladolid;47116 Pesquera de Duero;Total;2006;533
47;Valladolid;47116 Pesquera de Duero;Total;2005;530
47;Valladolid;47116 Pesquera de Duero;Total;2004;538
47;Valladolid;47116 Pesquera de Duero;Total;2003;541
47;Valladolid;47116 Pesquera de Duero;Total;2002;562
47;Valladolid;47116 Pesquera de Duero;Total;2001;531
47;Valladolid;47116 Pesquera de Duero;Total;2000;535
47;Valladolid;47116 Pesquera de Duero;Total;1999;534
47;Valladolid;47116 Pesquera de Duero;Total;1998;535
47;Valladolid;47116 Pesquera de Duero;Total;1997;
47;Valladolid;47116 Pesquera de Duero;Total;1996;534
47;Valladolid;47116 Pesquera de Duero;Hombres;2023;226
47;Valladolid;47116 Pesquera de Duero;Hombres;2022;227
47;Valladolid;47116 Pesquera de Duero;Hombres;2021;234
47;Valladolid;47116 Pesquera de Duero;Hombres;2020;241
47;Valladolid;47116 Pesquera de Duero;Hombres;2019;243
47;Valladolid;47116 Pesquera de Duero;Hombres;2018;251
47;Valladolid;47116 Pesquera de Duero;Hombres;2017;253
47;Valladolid;47116 Pesquera de Duero;Hombres;2016;259
47;Valladolid;47116 Pesquera de Duero;Hombres;2015;263
47;Valladolid;47116 Pesquera de Duero;Hombres;2014;257
47;Valladolid;47116 Pesquera de Duero;Hombres;2013;280
47;Valladolid;47116 Pesquera de Duero;Hombres;2012;285
47;Valladolid;47116 Pesquera de Duero;Hombres;2011;295
47;Valladolid;47116 Pesquera de Duero;Hombres;2010;292
47;Valladolid;47116 Pesquera de Duero;Hombres;2009;293
47;Valladolid;47116 Pesquera de Duero;Hombres;2008;288
47;Valladolid;47116 Pesquera de Duero;Hombres;2007;280
47;Valladolid;47116 Pesquera de Duero;Hombres;2006;288
47;Valladolid;47116 Pesquera de Duero;Hombres;2005;282
47;Valladolid;47116 Pesquera de Duero;Hombres;2004;286
47;Valladolid;47116 Pesquera de Duero;Hombres;2003;279
47;Valladolid;47116 Pesquera de Duero;Hombres;2002;293
47;Valladolid;47116 Pesquera de Duero;Hombres;2001;277
47;Valladolid;47116 Pesquera de Duero;Hombres;2000;283
47;Valladolid;47116 Pesquera de Duero;Hombres;1999;284
47;Valladolid;47116 Pesquera de Duero;Hombres;1998;286
47;Valladolid;47116 Pesquera de Duero;Hombres;1997;
47;Valladolid;47116 Pesquera de Duero;Hombres;1996;286
47;Valladolid;47116 Pesquera de Duero;Mujeres;2023;198
47;Valladolid;47116 Pesquera de Duero;Mujeres;2022;201
47;Valladolid;47116 Pesquera de Duero;Mujeres;2021;200
47;Valladolid;47116 Pesquera de Duero;Mujeres;2020;201
47;Valladolid;47116 Pesquera de Duero;Mujeres;2019;205
47;Valladolid;47116 Pesquera de Duero;Mujeres;2018;206
47;Valladolid;47116 Pesquera de Duero;Mujeres;2017;213
47;Valladolid;47116 Pesquera de Duero;Mujeres;2016;215
47;Valladolid;47116 Pesquera de Duero;Mujeres;2015;211
47;Valladolid;47116 Pesquera de Duero;Mujeres;2014;212
47;Valladolid;47116 Pesquera de Duero;Mujeres;2013;222
47;Valladolid;47116 Pesquera de Duero;Mujeres;2012;230
47;Valladolid;47116 Pesquera de Duero;Mujeres;2011;240
47;Valladolid;47116 Pesquera de Duero;Mujeres;2010;234
47;Valladolid;47116 Pesquera de Duero;Mujeres;2009;241
47;Valladolid;47116 Pesquera de Duero;Mujeres;2008;251
47;Valladolid;47116 Pesquera de Duero;Mujeres;2007;242
47;Valladolid;47116 Pesquera de Duero;Mujeres;2006;245
47;Valladolid;47116 Pesquera de Duero;Mujeres;2005;248
47;Valladolid;47116 Pesquera de Duero;Mujeres;2004;252
47;Valladolid;47116 Pesquera de Duero;Mujeres;2003;262
47;Valladolid;47116 Pesquera de Duero;Mujeres;2002;269
47;Valladolid;47116 Pesquera de Duero;Mujeres;2001;254
47;Valladolid;47116 Pesquera de Duero;Mujeres;2000;252
47;Valladolid;47116 Pesquera de Duero;Mujeres;1999;250
47;Valladolid;47116 Pesquera de Duero;Mujeres;1998;249
47;Valladolid;47116 Pesquera de Duero;Mujeres;1997;
47;Valladolid;47116 Pesquera de Duero;Mujeres;1996;248
47;Valladolid;47117 Piña de Esgueva;Total;2023;313
47;Valladolid;47117 Piña de Esgueva;Total;2022;318
47;Valladolid;47117 Piña de Esgueva;Total;2021;318
47;Valladolid;47117 Piña de Esgueva;Total;2020;318
47;Valladolid;47117 Piña de Esgueva;Total;2019;324
47;Valladolid;47117 Piña de Esgueva;Total;2018;330
47;Valladolid;47117 Piña de Esgueva;Total;2017;341
47;Valladolid;47117 Piña de Esgueva;Total;2016;342
47;Valladolid;47117 Piña de Esgueva;Total;2015;330
47;Valladolid;47117 Piña de Esgueva;Total;2014;326
47;Valladolid;47117 Piña de Esgueva;Total;2013;329
47;Valladolid;47117 Piña de Esgueva;Total;2012;351
47;Valladolid;47117 Piña de Esgueva;Total;2011;348
47;Valladolid;47117 Piña de Esgueva;Total;2010;352
47;Valladolid;47117 Piña de Esgueva;Total;2009;352
47;Valladolid;47117 Piña de Esgueva;Total;2008;362
47;Valladolid;47117 Piña de Esgueva;Total;2007;345
47;Valladolid;47117 Piña de Esgueva;Total;2006;350
47;Valladolid;47117 Piña de Esgueva;Total;2005;355
47;Valladolid;47117 Piña de Esgueva;Total;2004;359
47;Valladolid;47117 Piña de Esgueva;Total;2003;370
47;Valladolid;47117 Piña de Esgueva;Total;2002;387
47;Valladolid;47117 Piña de Esgueva;Total;2001;391
47;Valladolid;47117 Piña de Esgueva;Total;2000;406
47;Valladolid;47117 Piña de Esgueva;Total;1999;418
47;Valladolid;47117 Piña de Esgueva;Total;1998;417
47;Valladolid;47117 Piña de Esgueva;Total;1997;
47;Valladolid;47117 Piña de Esgueva;Total;1996;411
47;Valladolid;47117 Piña de Esgueva;Hombres;2023;163
47;Valladolid;47117 Piña de Esgueva;Hombres;2022;163
47;Valladolid;47117 Piña de Esgueva;Hombres;2021;165
47;Valladolid;47117 Piña de Esgueva;Hombres;2020;168
47;Valladolid;47117 Piña de Esgueva;Hombres;2019;170
47;Valladolid;47117 Piña de Esgueva;Hombres;2018;170
47;Valladolid;47117 Piña de Esgueva;Hombres;2017;179
47;Valladolid;47117 Piña de Esgueva;Hombres;2016;179
47;Valladolid;47117 Piña de Esgueva;Hombres;2015;169
47;Valladolid;47117 Piña de Esgueva;Hombres;2014;167
47;Valladolid;47117 Piña de Esgueva;Hombres;2013;167
47;Valladolid;47117 Piña de Esgueva;Hombres;2012;176
47;Valladolid;47117 Piña de Esgueva;Hombres;2011;172
47;Valladolid;47117 Piña de Esgueva;Hombres;2010;175
47;Valladolid;47117 Piña de Esgueva;Hombres;2009;173
47;Valladolid;47117 Piña de Esgueva;Hombres;2008;177
47;Valladolid;47117 Piña de Esgueva;Hombres;2007;168
47;Valladolid;47117 Piña de Esgueva;Hombres;2006;173
47;Valladolid;47117 Piña de Esgueva;Hombres;2005;173
47;Valladolid;47117 Piña de Esgueva;Hombres;2004;179
47;Valladolid;47117 Piña de Esgueva;Hombres;2003;186
47;Valladolid;47117 Piña de Esgueva;Hombres;2002;194
47;Valladolid;47117 Piña de Esgueva;Hombres;2001;199
47;Valladolid;47117 Piña de Esgueva;Hombres;2000;210
47;Valladolid;47117 Piña de Esgueva;Hombres;1999;215
47;Valladolid;47117 Piña de Esgueva;Hombres;1998;216
47;Valladolid;47117 Piña de Esgueva;Hombres;1997;
47;Valladolid;47117 Piña de Esgueva;Hombres;1996;211
47;Valladolid;47117 Piña de Esgueva;Mujeres;2023;150
47;Valladolid;47117 Piña de Esgueva;Mujeres;2022;155
47;Valladolid;47117 Piña de Esgueva;Mujeres;2021;153
47;Valladolid;47117 Piña de Esgueva;Mujeres;2020;150
47;Valladolid;47117 Piña de Esgueva;Mujeres;2019;154
47;Valladolid;47117 Piña de Esgueva;Mujeres;2018;160
47;Valladolid;47117 Piña de Esgueva;Mujeres;2017;162
47;Valladolid;47117 Piña de Esgueva;Mujeres;2016;163
47;Valladolid;47117 Piña de Esgueva;Mujeres;2015;161
47;Valladolid;47117 Piña de Esgueva;Mujeres;2014;159
47;Valladolid;47117 Piña de Esgueva;Mujeres;2013;162
47;Valladolid;47117 Piña de Esgueva;Mujeres;2012;175
47;Valladolid;47117 Piña de Esgueva;Mujeres;2011;176
47;Valladolid;47117 Piña de Esgueva;Mujeres;2010;177
47;Valladolid;47117 Piña de Esgueva;Mujeres;2009;179
47;Valladolid;47117 Piña de Esgueva;Mujeres;2008;185
47;Valladolid;47117 Piña de Esgueva;Mujeres;2007;177
47;Valladolid;47117 Piña de Esgueva;Mujeres;2006;177
47;Valladolid;47117 Piña de Esgueva;Mujeres;2005;182
47;Valladolid;47117 Piña de Esgueva;Mujeres;2004;180
47;Valladolid;47117 Piña de Esgueva;Mujeres;2003;184
47;Valladolid;47117 Piña de Esgueva;Mujeres;2002;193
47;Valladolid;47117 Piña de Esgueva;Mujeres;2001;192
47;Valladolid;47117 Piña de Esgueva;Mujeres;2000;196
47;Valladolid;47117 Piña de Esgueva;Mujeres;1999;203
47;Valladolid;47117 Piña de Esgueva;Mujeres;1998;201
47;Valladolid;47117 Piña de Esgueva;Mujeres;1997;
47;Valladolid;47117 Piña de Esgueva;Mujeres;1996;200
47;Valladolid;47118 Piñel de Abajo;Total;2023;157
47;Valladolid;47118 Piñel de Abajo;Total;2022;152
47;Valladolid;47118 Piñel de Abajo;Total;2021;172
47;Valladolid;47118 Piñel de Abajo;Total;2020;159
47;Valladolid;47118 Piñel de Abajo;Total;2019;161
47;Valladolid;47118 Piñel de Abajo;Total;2018;167
47;Valladolid;47118 Piñel de Abajo;Total;2017;183
47;Valladolid;47118 Piñel de Abajo;Total;2016;186
47;Valladolid;47118 Piñel de Abajo;Total;2015;183
47;Valladolid;47118 Piñel de Abajo;Total;2014;195
47;Valladolid;47118 Piñel de Abajo;Total;2013;193
47;Valladolid;47118 Piñel de Abajo;Total;2012;198
47;Valladolid;47118 Piñel de Abajo;Total;2011;191
47;Valladolid;47118 Piñel de Abajo;Total;2010;186
47;Valladolid;47118 Piñel de Abajo;Total;2009;192
47;Valladolid;47118 Piñel de Abajo;Total;2008;193
47;Valladolid;47118 Piñel de Abajo;Total;2007;192
47;Valladolid;47118 Piñel de Abajo;Total;2006;192
47;Valladolid;47118 Piñel de Abajo;Total;2005;191
47;Valladolid;47118 Piñel de Abajo;Total;2004;194
47;Valladolid;47118 Piñel de Abajo;Total;2003;201
47;Valladolid;47118 Piñel de Abajo;Total;2002;212
47;Valladolid;47118 Piñel de Abajo;Total;2001;218
47;Valladolid;47118 Piñel de Abajo;Total;2000;216
47;Valladolid;47118 Piñel de Abajo;Total;1999;217
47;Valladolid;47118 Piñel de Abajo;Total;1998;217
47;Valladolid;47118 Piñel de Abajo;Total;1997;
47;Valladolid;47118 Piñel de Abajo;Total;1996;235
47;Valladolid;47118 Piñel de Abajo;Hombres;2023;90
47;Valladolid;47118 Piñel de Abajo;Hombres;2022;86
47;Valladolid;47118 Piñel de Abajo;Hombres;2021;97
47;Valladolid;47118 Piñel de Abajo;Hombres;2020;88
47;Valladolid;47118 Piñel de Abajo;Hombres;2019;91
47;Valladolid;47118 Piñel de Abajo;Hombres;2018;95
47;Valladolid;47118 Piñel de Abajo;Hombres;2017;98
47;Valladolid;47118 Piñel de Abajo;Hombres;2016;101
47;Valladolid;47118 Piñel de Abajo;Hombres;2015;98
47;Valladolid;47118 Piñel de Abajo;Hombres;2014;106
47;Valladolid;47118 Piñel de Abajo;Hombres;2013;103
47;Valladolid;47118 Piñel de Abajo;Hombres;2012;108
47;Valladolid;47118 Piñel de Abajo;Hombres;2011;102
47;Valladolid;47118 Piñel de Abajo;Hombres;2010;103
47;Valladolid;47118 Piñel de Abajo;Hombres;2009;108
47;Valladolid;47118 Piñel de Abajo;Hombres;2008;107
47;Valladolid;47118 Piñel de Abajo;Hombres;2007;107
47;Valladolid;47118 Piñel de Abajo;Hombres;2006;104
47;Valladolid;47118 Piñel de Abajo;Hombres;2005;101
47;Valladolid;47118 Piñel de Abajo;Hombres;2004;100
47;Valladolid;47118 Piñel de Abajo;Hombres;2003;105
47;Valladolid;47118 Piñel de Abajo;Hombres;2002;112
47;Valladolid;47118 Piñel de Abajo;Hombres;2001;118
47;Valladolid;47118 Piñel de Abajo;Hombres;2000;116
47;Valladolid;47118 Piñel de Abajo;Hombres;1999;113
47;Valladolid;47118 Piñel de Abajo;Hombres;1998;113
47;Valladolid;47118 Piñel de Abajo;Hombres;1997;
47;Valladolid;47118 Piñel de Abajo;Hombres;1996;124
47;Valladolid;47118 Piñel de Abajo;Mujeres;2023;67
47;Valladolid;47118 Piñel de Abajo;Mujeres;2022;66
47;Valladolid;47118 Piñel de Abajo;Mujeres;2021;75
47;Valladolid;47118 Piñel de Abajo;Mujeres;2020;71
47;Valladolid;47118 Piñel de Abajo;Mujeres;2019;70
47;Valladolid;47118 Piñel de Abajo;Mujeres;2018;72
47;Valladolid;47118 Piñel de Abajo;Mujeres;2017;85
47;Valladolid;47118 Piñel de Abajo;Mujeres;2016;85
47;Valladolid;47118 Piñel de Abajo;Mujeres;2015;85
47;Valladolid;47118 Piñel de Abajo;Mujeres;2014;89
47;Valladolid;47118 Piñel de Abajo;Mujeres;2013;90
47;Valladolid;47118 Piñel de Abajo;Mujeres;2012;90
47;Valladolid;47118 Piñel de Abajo;Mujeres;2011;89
47;Valladolid;47118 Piñel de Abajo;Mujeres;2010;83
47;Valladolid;47118 Piñel de Abajo;Mujeres;2009;84
47;Valladolid;47118 Piñel de Abajo;Mujeres;2008;86
47;Valladolid;47118 Piñel de Abajo;Mujeres;2007;85
47;Valladolid;47118 Piñel de Abajo;Mujeres;2006;88
47;Valladolid;47118 Piñel de Abajo;Mujeres;2005;90
47;Valladolid;47118 Piñel de Abajo;Mujeres;2004;94
47;Valladolid;47118 Piñel de Abajo;Mujeres;2003;96
47;Valladolid;47118 Piñel de Abajo;Mujeres;2002;100
47;Valladolid;47118 Piñel de Abajo;Mujeres;2001;100
47;Valladolid;47118 Piñel de Abajo;Mujeres;2000;100
47;Valladolid;47118 Piñel de Abajo;Mujeres;1999;104
47;Valladolid;47118 Piñel de Abajo;Mujeres;1998;104
47;Valladolid;47118 Piñel de Abajo;Mujeres;1997;
47;Valladolid;47118 Piñel de Abajo;Mujeres;1996;111
47;Valladolid;47119 Piñel de Arriba;Total;2023;89
47;Valladolid;47119 Piñel de Arriba;Total;2022;90
47;Valladolid;47119 Piñel de Arriba;Total;2021;92
47;Valladolid;47119 Piñel de Arriba;Total;2020;91
47;Valladolid;47119 Piñel de Arriba;Total;2019;89
47;Valladolid;47119 Piñel de Arriba;Total;2018;91
47;Valladolid;47119 Piñel de Arriba;Total;2017;100
47;Valladolid;47119 Piñel de Arriba;Total;2016;99
47;Valladolid;47119 Piñel de Arriba;Total;2015;99
47;Valladolid;47119 Piñel de Arriba;Total;2014;102
47;Valladolid;47119 Piñel de Arriba;Total;2013;110
47;Valladolid;47119 Piñel de Arriba;Total;2012;119
47;Valladolid;47119 Piñel de Arriba;Total;2011;127
47;Valladolid;47119 Piñel de Arriba;Total;2010;130
47;Valladolid;47119 Piñel de Arriba;Total;2009;137
47;Valladolid;47119 Piñel de Arriba;Total;2008;146
47;Valladolid;47119 Piñel de Arriba;Total;2007;142
47;Valladolid;47119 Piñel de Arriba;Total;2006;136
47;Valladolid;47119 Piñel de Arriba;Total;2005;134
47;Valladolid;47119 Piñel de Arriba;Total;2004;137
47;Valladolid;47119 Piñel de Arriba;Total;2003;139
47;Valladolid;47119 Piñel de Arriba;Total;2002;145
47;Valladolid;47119 Piñel de Arriba;Total;2001;148
47;Valladolid;47119 Piñel de Arriba;Total;2000;149
47;Valladolid;47119 Piñel de Arriba;Total;1999;155
47;Valladolid;47119 Piñel de Arriba;Total;1998;156
47;Valladolid;47119 Piñel de Arriba;Total;1997;
47;Valladolid;47119 Piñel de Arriba;Total;1996;161
47;Valladolid;47119 Piñel de Arriba;Hombres;2023;48
47;Valladolid;47119 Piñel de Arriba;Hombres;2022;47
47;Valladolid;47119 Piñel de Arriba;Hombres;2021;49
47;Valladolid;47119 Piñel de Arriba;Hombres;2020;50
47;Valladolid;47119 Piñel de Arriba;Hombres;2019;48
47;Valladolid;47119 Piñel de Arriba;Hombres;2018;50
47;Valladolid;47119 Piñel de Arriba;Hombres;2017;55
47;Valladolid;47119 Piñel de Arriba;Hombres;2016;52
47;Valladolid;47119 Piñel de Arriba;Hombres;2015;50
47;Valladolid;47119 Piñel de Arriba;Hombres;2014;54
47;Valladolid;47119 Piñel de Arriba;Hombres;2013;57
47;Valladolid;47119 Piñel de Arriba;Hombres;2012;64
47;Valladolid;47119 Piñel de Arriba;Hombres;2011;69
47;Valladolid;47119 Piñel de Arriba;Hombres;2010;70
47;Valladolid;47119 Piñel de Arriba;Hombres;2009;73
47;Valladolid;47119 Piñel de Arriba;Hombres;2008;77
47;Valladolid;47119 Piñel de Arriba;Hombres;2007;73
47;Valladolid;47119 Piñel de Arriba;Hombres;2006;68
47;Valladolid;47119 Piñel de Arriba;Hombres;2005;62
47;Valladolid;47119 Piñel de Arriba;Hombres;2004;65
47;Valladolid;47119 Piñel de Arriba;Hombres;2003;66
47;Valladolid;47119 Piñel de Arriba;Hombres;2002;69
47;Valladolid;47119 Piñel de Arriba;Hombres;2001;73
47;Valladolid;47119 Piñel de Arriba;Hombres;2000;74
47;Valladolid;47119 Piñel de Arriba;Hombres;1999;76
47;Valladolid;47119 Piñel de Arriba;Hombres;1998;76
47;Valladolid;47119 Piñel de Arriba;Hombres;1997;
47;Valladolid;47119 Piñel de Arriba;Hombres;1996;80
47;Valladolid;47119 Piñel de Arriba;Mujeres;2023;41
47;Valladolid;47119 Piñel de Arriba;Mujeres;2022;43
47;Valladolid;47119 Piñel de Arriba;Mujeres;2021;43
47;Valladolid;47119 Piñel de Arriba;Mujeres;2020;41
47;Valladolid;47119 Piñel de Arriba;Mujeres;2019;41
47;Valladolid;47119 Piñel de Arriba;Mujeres;2018;41
47;Valladolid;47119 Piñel de Arriba;Mujeres;2017;45
47;Valladolid;47119 Piñel de Arriba;Mujeres;2016;47
47;Valladolid;47119 Piñel de Arriba;Mujeres;2015;49
47;Valladolid;47119 Piñel de Arriba;Mujeres;2014;48
47;Valladolid;47119 Piñel de Arriba;Mujeres;2013;53
47;Valladolid;47119 Piñel de Arriba;Mujeres;2012;55
47;Valladolid;47119 Piñel de Arriba;Mujeres;2011;58
47;Valladolid;47119 Piñel de Arriba;Mujeres;2010;60
47;Valladolid;47119 Piñel de Arriba;Mujeres;2009;64
47;Valladolid;47119 Piñel de Arriba;Mujeres;2008;69
47;Valladolid;47119 Piñel de Arriba;Mujeres;2007;69
47;Valladolid;47119 Piñel de Arriba;Mujeres;2006;68
47;Valladolid;47119 Piñel de Arriba;Mujeres;2005;72
47;Valladolid;47119 Piñel de Arriba;Mujeres;2004;72
47;Valladolid;47119 Piñel de Arriba;Mujeres;2003;73
47;Valladolid;47119 Piñel de Arriba;Mujeres;2002;76
47;Valladolid;47119 Piñel de Arriba;Mujeres;2001;75
47;Valladolid;47119 Piñel de Arriba;Mujeres;2000;75
47;Valladolid;47119 Piñel de Arriba;Mujeres;1999;79
47;Valladolid;47119 Piñel de Arriba;Mujeres;1998;80
47;Valladolid;47119 Piñel de Arriba;Mujeres;1997;
47;Valladolid;47119 Piñel de Arriba;Mujeres;1996;81
47;Valladolid;47121 Pollos;Total;2023;590
47;Valladolid;47121 Pollos;Total;2022;614
47;Valladolid;47121 Pollos;Total;2021;611
47;Valladolid;47121 Pollos;Total;2020;601
47;Valladolid;47121 Pollos;Total;2019;597
47;Valladolid;47121 Pollos;Total;2018;593
47;Valladolid;47121 Pollos;Total;2017;595
47;Valladolid;47121 Pollos;Total;2016;606
47;Valladolid;47121 Pollos;Total;2015;623
47;Valladolid;47121 Pollos;Total;2014;638
47;Valladolid;47121 Pollos;Total;2013;646
47;Valladolid;47121 Pollos;Total;2012;649
47;Valladolid;47121 Pollos;Total;2011;677
47;Valladolid;47121 Pollos;Total;2010;697
47;Valladolid;47121 Pollos;Total;2009;714
47;Valladolid;47121 Pollos;Total;2008;730
47;Valladolid;47121 Pollos;Total;2007;744
47;Valladolid;47121 Pollos;Total;2006;745
47;Valladolid;47121 Pollos;Total;2005;754
47;Valladolid;47121 Pollos;Total;2004;780
47;Valladolid;47121 Pollos;Total;2003;779
47;Valladolid;47121 Pollos;Total;2002;785
47;Valladolid;47121 Pollos;Total;2001;800
47;Valladolid;47121 Pollos;Total;2000;815
47;Valladolid;47121 Pollos;Total;1999;827
47;Valladolid;47121 Pollos;Total;1998;827
47;Valladolid;47121 Pollos;Total;1997;
47;Valladolid;47121 Pollos;Total;1996;853
47;Valladolid;47121 Pollos;Hombres;2023;335
47;Valladolid;47121 Pollos;Hombres;2022;352
47;Valladolid;47121 Pollos;Hombres;2021;343
47;Valladolid;47121 Pollos;Hombres;2020;327
47;Valladolid;47121 Pollos;Hombres;2019;317
47;Valladolid;47121 Pollos;Hombres;2018;313
47;Valladolid;47121 Pollos;Hombres;2017;314
47;Valladolid;47121 Pollos;Hombres;2016;318
47;Valladolid;47121 Pollos;Hombres;2015;329
47;Valladolid;47121 Pollos;Hombres;2014;335
47;Valladolid;47121 Pollos;Hombres;2013;338
47;Valladolid;47121 Pollos;Hombres;2012;335
47;Valladolid;47121 Pollos;Hombres;2011;349
47;Valladolid;47121 Pollos;Hombres;2010;362
47;Valladolid;47121 Pollos;Hombres;2009;368
47;Valladolid;47121 Pollos;Hombres;2008;387
47;Valladolid;47121 Pollos;Hombres;2007;390
47;Valladolid;47121 Pollos;Hombres;2006;391
47;Valladolid;47121 Pollos;Hombres;2005;393
47;Valladolid;47121 Pollos;Hombres;2004;405
47;Valladolid;47121 Pollos;Hombres;2003;406
47;Valladolid;47121 Pollos;Hombres;2002;404
47;Valladolid;47121 Pollos;Hombres;2001;409
47;Valladolid;47121 Pollos;Hombres;2000;419
47;Valladolid;47121 Pollos;Hombres;1999;425
47;Valladolid;47121 Pollos;Hombres;1998;425
47;Valladolid;47121 Pollos;Hombres;1997;
47;Valladolid;47121 Pollos;Hombres;1996;440
47;Valladolid;47121 Pollos;Mujeres;2023;255
47;Valladolid;47121 Pollos;Mujeres;2022;262
47;Valladolid;47121 Pollos;Mujeres;2021;268
47;Valladolid;47121 Pollos;Mujeres;2020;274
47;Valladolid;47121 Pollos;Mujeres;2019;280
47;Valladolid;47121 Pollos;Mujeres;2018;280
47;Valladolid;47121 Pollos;Mujeres;2017;281
47;Valladolid;47121 Pollos;Mujeres;2016;288
47;Valladolid;47121 Pollos;Mujeres;2015;294
47;Valladolid;47121 Pollos;Mujeres;2014;303
47;Valladolid;47121 Pollos;Mujeres;2013;308
47;Valladolid;47121 Pollos;Mujeres;2012;314
47;Valladolid;47121 Pollos;Mujeres;2011;328
47;Valladolid;47121 Pollos;Mujeres;2010;335
47;Valladolid;47121 Pollos;Mujeres;2009;346
47;Valladolid;47121 Pollos;Mujeres;2008;343
47;Valladolid;47121 Pollos;Mujeres;2007;354
47;Valladolid;47121 Pollos;Mujeres;2006;354
47;Valladolid;47121 Pollos;Mujeres;2005;361
47;Valladolid;47121 Pollos;Mujeres;2004;375
47;Valladolid;47121 Pollos;Mujeres;2003;373
47;Valladolid;47121 Pollos;Mujeres;2002;381
47;Valladolid;47121 Pollos;Mujeres;2001;391
47;Valladolid;47121 Pollos;Mujeres;2000;396
47;Valladolid;47121 Pollos;Mujeres;1999;402
47;Valladolid;47121 Pollos;Mujeres;1998;402
47;Valladolid;47121 Pollos;Mujeres;1997;
47;Valladolid;47121 Pollos;Mujeres;1996;413
47;Valladolid;47122 Portillo;Total;2023;2371
47;Valladolid;47122 Portillo;Total;2022;2382
47;Valladolid;47122 Portillo;Total;2021;2383
47;Valladolid;47122 Portillo;Total;2020;2373
47;Valladolid;47122 Portillo;Total;2019;2432
47;Valladolid;47122 Portillo;Total;2018;2454
47;Valladolid;47122 Portillo;Total;2017;2435
47;Valladolid;47122 Portillo;Total;2016;2455
47;Valladolid;47122 Portillo;Total;2015;2441
47;Valladolid;47122 Portillo;Total;2014;2409
47;Valladolid;47122 Portillo;Total;2013;2457
47;Valladolid;47122 Portillo;Total;2012;2534
47;Valladolid;47122 Portillo;Total;2011;2556
47;Valladolid;47122 Portillo;Total;2010;2591
47;Valladolid;47122 Portillo;Total;2009;2583
47;Valladolid;47122 Portillo;Total;2008;2607
47;Valladolid;47122 Portillo;Total;2007;2551
47;Valladolid;47122 Portillo;Total;2006;2513
47;Valladolid;47122 Portillo;Total;2005;2581
47;Valladolid;47122 Portillo;Total;2004;2598
47;Valladolid;47122 Portillo;Total;2003;2566
47;Valladolid;47122 Portillo;Total;2002;2536
47;Valladolid;47122 Portillo;Total;2001;2487
47;Valladolid;47122 Portillo;Total;2000;2512
47;Valladolid;47122 Portillo;Total;1999;2532
47;Valladolid;47122 Portillo;Total;1998;2549
47;Valladolid;47122 Portillo;Total;1997;
47;Valladolid;47122 Portillo;Total;1996;2562
47;Valladolid;47122 Portillo;Hombres;2023;1218
47;Valladolid;47122 Portillo;Hombres;2022;1223
47;Valladolid;47122 Portillo;Hombres;2021;1232
47;Valladolid;47122 Portillo;Hombres;2020;1235
47;Valladolid;47122 Portillo;Hombres;2019;1270
47;Valladolid;47122 Portillo;Hombres;2018;1291
47;Valladolid;47122 Portillo;Hombres;2017;1281
47;Valladolid;47122 Portillo;Hombres;2016;1285
47;Valladolid;47122 Portillo;Hombres;2015;1270
47;Valladolid;47122 Portillo;Hombres;2014;1246
47;Valladolid;47122 Portillo;Hombres;2013;1261
47;Valladolid;47122 Portillo;Hombres;2012;1307
47;Valladolid;47122 Portillo;Hombres;2011;1321
47;Valladolid;47122 Portillo;Hombres;2010;1332
47;Valladolid;47122 Portillo;Hombres;2009;1333
47;Valladolid;47122 Portillo;Hombres;2008;1347
47;Valladolid;47122 Portillo;Hombres;2007;1314
47;Valladolid;47122 Portillo;Hombres;2006;1291
47;Valladolid;47122 Portillo;Hombres;2005;1326
47;Valladolid;47122 Portillo;Hombres;2004;1336
47;Valladolid;47122 Portillo;Hombres;2003;1315
47;Valladolid;47122 Portillo;Hombres;2002;1298
47;Valladolid;47122 Portillo;Hombres;2001;1268
47;Valladolid;47122 Portillo;Hombres;2000;1275
47;Valladolid;47122 Portillo;Hombres;1999;1282
47;Valladolid;47122 Portillo;Hombres;1998;1293
47;Valladolid;47122 Portillo;Hombres;1997;
47;Valladolid;47122 Portillo;Hombres;1996;1300
47;Valladolid;47122 Portillo;Mujeres;2023;1153
47;Valladolid;47122 Portillo;Mujeres;2022;1159
47;Valladolid;47122 Portillo;Mujeres;2021;1151
47;Valladolid;47122 Portillo;Mujeres;2020;1138
47;Valladolid;47122 Portillo;Mujeres;2019;1162
47;Valladolid;47122 Portillo;Mujeres;2018;1163
47;Valladolid;47122 Portillo;Mujeres;2017;1154
47;Valladolid;47122 Portillo;Mujeres;2016;1170
47;Valladolid;47122 Portillo;Mujeres;2015;1171
47;Valladolid;47122 Portillo;Mujeres;2014;1163
47;Valladolid;47122 Portillo;Mujeres;2013;1196
47;Valladolid;47122 Portillo;Mujeres;2012;1227
47;Valladolid;47122 Portillo;Mujeres;2011;1235
47;Valladolid;47122 Portillo;Mujeres;2010;1259
47;Valladolid;47122 Portillo;Mujeres;2009;1250
47;Valladolid;47122 Portillo;Mujeres;2008;1260
47;Valladolid;47122 Portillo;Mujeres;2007;1237
47;Valladolid;47122 Portillo;Mujeres;2006;1222
47;Valladolid;47122 Portillo;Mujeres;2005;1255
47;Valladolid;47122 Portillo;Mujeres;2004;1262
47;Valladolid;47122 Portillo;Mujeres;2003;1251
47;Valladolid;47122 Portillo;Mujeres;2002;1238
47;Valladolid;47122 Portillo;Mujeres;2001;1219
47;Valladolid;47122 Portillo;Mujeres;2000;1237
47;Valladolid;47122 Portillo;Mujeres;1999;1250
47;Valladolid;47122 Portillo;Mujeres;1998;1256
47;Valladolid;47122 Portillo;Mujeres;1997;
47;Valladolid;47122 Portillo;Mujeres;1996;1262
47;Valladolid;47123 Pozal de Gallinas;Total;2023;530
47;Valladolid;47123 Pozal de Gallinas;Total;2022;527
47;Valladolid;47123 Pozal de Gallinas;Total;2021;537
47;Valladolid;47123 Pozal de Gallinas;Total;2020;547
47;Valladolid;47123 Pozal de Gallinas;Total;2019;539
47;Valladolid;47123 Pozal de Gallinas;Total;2018;541
47;Valladolid;47123 Pozal de Gallinas;Total;2017;549
47;Valladolid;47123 Pozal de Gallinas;Total;2016;555
47;Valladolid;47123 Pozal de Gallinas;Total;2015;561
47;Valladolid;47123 Pozal de Gallinas;Total;2014;538
47;Valladolid;47123 Pozal de Gallinas;Total;2013;545
47;Valladolid;47123 Pozal de Gallinas;Total;2012;550
47;Valladolid;47123 Pozal de Gallinas;Total;2011;538
47;Valladolid;47123 Pozal de Gallinas;Total;2010;535
47;Valladolid;47123 Pozal de Gallinas;Total;2009;526
47;Valladolid;47123 Pozal de Gallinas;Total;2008;507
47;Valladolid;47123 Pozal de Gallinas;Total;2007;519
47;Valladolid;47123 Pozal de Gallinas;Total;2006;515
47;Valladolid;47123 Pozal de Gallinas;Total;2005;499
47;Valladolid;47123 Pozal de Gallinas;Total;2004;499
47;Valladolid;47123 Pozal de Gallinas;Total;2003;491
47;Valladolid;47123 Pozal de Gallinas;Total;2002;498
47;Valladolid;47123 Pozal de Gallinas;Total;2001;500
47;Valladolid;47123 Pozal de Gallinas;Total;2000;499
47;Valladolid;47123 Pozal de Gallinas;Total;1999;508
47;Valladolid;47123 Pozal de Gallinas;Total;1998;502
47;Valladolid;47123 Pozal de Gallinas;Total;1997;
47;Valladolid;47123 Pozal de Gallinas;Total;1996;503
47;Valladolid;47123 Pozal de Gallinas;Hombres;2023;281
47;Valladolid;47123 Pozal de Gallinas;Hombres;2022;283
47;Valladolid;47123 Pozal de Gallinas;Hombres;2021;296
47;Valladolid;47123 Pozal de Gallinas;Hombres;2020;299
47;Valladolid;47123 Pozal de Gallinas;Hombres;2019;300
47;Valladolid;47123 Pozal de Gallinas;Hombres;2018;302
47;Valladolid;47123 Pozal de Gallinas;Hombres;2017;300
47;Valladolid;47123 Pozal de Gallinas;Hombres;2016;300
47;Valladolid;47123 Pozal de Gallinas;Hombres;2015;306
47;Valladolid;47123 Pozal de Gallinas;Hombres;2014;291
47;Valladolid;47123 Pozal de Gallinas;Hombres;2013;292
47;Valladolid;47123 Pozal de Gallinas;Hombres;2012;289
47;Valladolid;47123 Pozal de Gallinas;Hombres;2011;284
47;Valladolid;47123 Pozal de Gallinas;Hombres;2010;287
47;Valladolid;47123 Pozal de Gallinas;Hombres;2009;285
47;Valladolid;47123 Pozal de Gallinas;Hombres;2008;278
47;Valladolid;47123 Pozal de Gallinas;Hombres;2007;284
47;Valladolid;47123 Pozal de Gallinas;Hombres;2006;282
47;Valladolid;47123 Pozal de Gallinas;Hombres;2005;269
47;Valladolid;47123 Pozal de Gallinas;Hombres;2004;269
47;Valladolid;47123 Pozal de Gallinas;Hombres;2003;266
47;Valladolid;47123 Pozal de Gallinas;Hombres;2002;268
47;Valladolid;47123 Pozal de Gallinas;Hombres;2001;269
47;Valladolid;47123 Pozal de Gallinas;Hombres;2000;266
47;Valladolid;47123 Pozal de Gallinas;Hombres;1999;270
47;Valladolid;47123 Pozal de Gallinas;Hombres;1998;264
47;Valladolid;47123 Pozal de Gallinas;Hombres;1997;
47;Valladolid;47123 Pozal de Gallinas;Hombres;1996;264
47;Valladolid;47123 Pozal de Gallinas;Mujeres;2023;249
47;Valladolid;47123 Pozal de Gallinas;Mujeres;2022;244
47;Valladolid;47123 Pozal de Gallinas;Mujeres;2021;241
47;Valladolid;47123 Pozal de Gallinas;Mujeres;2020;248
47;Valladolid;47123 Pozal de Gallinas;Mujeres;2019;239
47;Valladolid;47123 Pozal de Gallinas;Mujeres;2018;239
47;Valladolid;47123 Pozal de Gallinas;Mujeres;2017;249
47;Valladolid;47123 Pozal de Gallinas;Mujeres;2016;255
47;Valladolid;47123 Pozal de Gallinas;Mujeres;2015;255
47;Valladolid;47123 Pozal de Gallinas;Mujeres;2014;247
47;Valladolid;47123 Pozal de Gallinas;Mujeres;2013;253
47;Valladolid;47123 Pozal de Gallinas;Mujeres;2012;261
47;Valladolid;47123 Pozal de Gallinas;Mujeres;2011;254
47;Valladolid;47123 Pozal de Gallinas;Mujeres;2010;248
47;Valladolid;47123 Pozal de Gallinas;Mujeres;2009;241
47;Valladolid;47123 Pozal de Gallinas;Mujeres;2008;229
47;Valladolid;47123 Pozal de Gallinas;Mujeres;2007;235
47;Valladolid;47123 Pozal de Gallinas;Mujeres;2006;233
47;Valladolid;47123 Pozal de Gallinas;Mujeres;2005;230
47;Valladolid;47123 Pozal de Gallinas;Mujeres;2004;230
47;Valladolid;47123 Pozal de Gallinas;Mujeres;2003;225
47;Valladolid;47123 Pozal de Gallinas;Mujeres;2002;230
47;Valladolid;47123 Pozal de Gallinas;Mujeres;2001;231
47;Valladolid;47123 Pozal de Gallinas;Mujeres;2000;233
47;Valladolid;47123 Pozal de Gallinas;Mujeres;1999;238
47;Valladolid;47123 Pozal de Gallinas;Mujeres;1998;238
47;Valladolid;47123 Pozal de Gallinas;Mujeres;1997;
47;Valladolid;47123 Pozal de Gallinas;Mujeres;1996;239
47;Valladolid;47124 Pozaldez;Total;2023;494
47;Valladolid;47124 Pozaldez;Total;2022;498
47;Valladolid;47124 Pozaldez;Total;2021;473
47;Valladolid;47124 Pozaldez;Total;2020;478
47;Valladolid;47124 Pozaldez;Total;2019;482
47;Valladolid;47124 Pozaldez;Total;2018;496
47;Valladolid;47124 Pozaldez;Total;2017;492
47;Valladolid;47124 Pozaldez;Total;2016;484
47;Valladolid;47124 Pozaldez;Total;2015;499
47;Valladolid;47124 Pozaldez;Total;2014;514
47;Valladolid;47124 Pozaldez;Total;2013;556
47;Valladolid;47124 Pozaldez;Total;2012;574
47;Valladolid;47124 Pozaldez;Total;2011;576
47;Valladolid;47124 Pozaldez;Total;2010;573
47;Valladolid;47124 Pozaldez;Total;2009;556
47;Valladolid;47124 Pozaldez;Total;2008;564
47;Valladolid;47124 Pozaldez;Total;2007;546
47;Valladolid;47124 Pozaldez;Total;2006;540
47;Valladolid;47124 Pozaldez;Total;2005;508
47;Valladolid;47124 Pozaldez;Total;2004;497
47;Valladolid;47124 Pozaldez;Total;2003;496
47;Valladolid;47124 Pozaldez;Total;2002;512
47;Valladolid;47124 Pozaldez;Total;2001;514
47;Valladolid;47124 Pozaldez;Total;2000;513
47;Valladolid;47124 Pozaldez;Total;1999;524
47;Valladolid;47124 Pozaldez;Total;1998;524
47;Valladolid;47124 Pozaldez;Total;1997;
47;Valladolid;47124 Pozaldez;Total;1996;536
47;Valladolid;47124 Pozaldez;Hombres;2023;266
47;Valladolid;47124 Pozaldez;Hombres;2022;266
47;Valladolid;47124 Pozaldez;Hombres;2021;251
47;Valladolid;47124 Pozaldez;Hombres;2020;256
47;Valladolid;47124 Pozaldez;Hombres;2019;255
47;Valladolid;47124 Pozaldez;Hombres;2018;261
47;Valladolid;47124 Pozaldez;Hombres;2017;260
47;Valladolid;47124 Pozaldez;Hombres;2016;259
47;Valladolid;47124 Pozaldez;Hombres;2015;272
47;Valladolid;47124 Pozaldez;Hombres;2014;281
47;Valladolid;47124 Pozaldez;Hombres;2013;295
47;Valladolid;47124 Pozaldez;Hombres;2012;306
47;Valladolid;47124 Pozaldez;Hombres;2011;308
47;Valladolid;47124 Pozaldez;Hombres;2010;301
47;Valladolid;47124 Pozaldez;Hombres;2009;283
47;Valladolid;47124 Pozaldez;Hombres;2008;287
47;Valladolid;47124 Pozaldez;Hombres;2007;268
47;Valladolid;47124 Pozaldez;Hombres;2006;268
47;Valladolid;47124 Pozaldez;Hombres;2005;256
47;Valladolid;47124 Pozaldez;Hombres;2004;249
47;Valladolid;47124 Pozaldez;Hombres;2003;247
47;Valladolid;47124 Pozaldez;Hombres;2002;254
47;Valladolid;47124 Pozaldez;Hombres;2001;256
47;Valladolid;47124 Pozaldez;Hombres;2000;252
47;Valladolid;47124 Pozaldez;Hombres;1999;258
47;Valladolid;47124 Pozaldez;Hombres;1998;258
47;Valladolid;47124 Pozaldez;Hombres;1997;
47;Valladolid;47124 Pozaldez;Hombres;1996;263
47;Valladolid;47124 Pozaldez;Mujeres;2023;228
47;Valladolid;47124 Pozaldez;Mujeres;2022;232
47;Valladolid;47124 Pozaldez;Mujeres;2021;222
47;Valladolid;47124 Pozaldez;Mujeres;2020;222
47;Valladolid;47124 Pozaldez;Mujeres;2019;227
47;Valladolid;47124 Pozaldez;Mujeres;2018;235
47;Valladolid;47124 Pozaldez;Mujeres;2017;232
47;Valladolid;47124 Pozaldez;Mujeres;2016;225
47;Valladolid;47124 Pozaldez;Mujeres;2015;227
47;Valladolid;47124 Pozaldez;Mujeres;2014;233
47;Valladolid;47124 Pozaldez;Mujeres;2013;261
47;Valladolid;47124 Pozaldez;Mujeres;2012;268
47;Valladolid;47124 Pozaldez;Mujeres;2011;268
47;Valladolid;47124 Pozaldez;Mujeres;2010;272
47;Valladolid;47124 Pozaldez;Mujeres;2009;273
47;Valladolid;47124 Pozaldez;Mujeres;2008;277
47;Valladolid;47124 Pozaldez;Mujeres;2007;278
47;Valladolid;47124 Pozaldez;Mujeres;2006;272
47;Valladolid;47124 Pozaldez;Mujeres;2005;252
47;Valladolid;47124 Pozaldez;Mujeres;2004;248
47;Valladolid;47124 Pozaldez;Mujeres;2003;249
47;Valladolid;47124 Pozaldez;Mujeres;2002;258
47;Valladolid;47124 Pozaldez;Mujeres;2001;258
47;Valladolid;47124 Pozaldez;Mujeres;2000;261
47;Valladolid;47124 Pozaldez;Mujeres;1999;266
47;Valladolid;47124 Pozaldez;Mujeres;1998;266
47;Valladolid;47124 Pozaldez;Mujeres;1997;
47;Valladolid;47124 Pozaldez;Mujeres;1996;273
47;Valladolid;47125 Pozuelo de la Orden;Total;2023;54
47;Valladolid;47125 Pozuelo de la Orden;Total;2022;49
47;Valladolid;47125 Pozuelo de la Orden;Total;2021;45
47;Valladolid;47125 Pozuelo de la Orden;Total;2020;46
47;Valladolid;47125 Pozuelo de la Orden;Total;2019;49
47;Valladolid;47125 Pozuelo de la Orden;Total;2018;55
47;Valladolid;47125 Pozuelo de la Orden;Total;2017;57
47;Valladolid;47125 Pozuelo de la Orden;Total;2016;60
47;Valladolid;47125 Pozuelo de la Orden;Total;2015;63
47;Valladolid;47125 Pozuelo de la Orden;Total;2014;60
47;Valladolid;47125 Pozuelo de la Orden;Total;2013;63
47;Valladolid;47125 Pozuelo de la Orden;Total;2012;60
47;Valladolid;47125 Pozuelo de la Orden;Total;2011;61
47;Valladolid;47125 Pozuelo de la Orden;Total;2010;62
47;Valladolid;47125 Pozuelo de la Orden;Total;2009;62
47;Valladolid;47125 Pozuelo de la Orden;Total;2008;63
47;Valladolid;47125 Pozuelo de la Orden;Total;2007;64
47;Valladolid;47125 Pozuelo de la Orden;Total;2006;67
47;Valladolid;47125 Pozuelo de la Orden;Total;2005;72
47;Valladolid;47125 Pozuelo de la Orden;Total;2004;75
47;Valladolid;47125 Pozuelo de la Orden;Total;2003;71
47;Valladolid;47125 Pozuelo de la Orden;Total;2002;73
47;Valladolid;47125 Pozuelo de la Orden;Total;2001;77
47;Valladolid;47125 Pozuelo de la Orden;Total;2000;79
47;Valladolid;47125 Pozuelo de la Orden;Total;1999;79
47;Valladolid;47125 Pozuelo de la Orden;Total;1998;78
47;Valladolid;47125 Pozuelo de la Orden;Total;1997;
47;Valladolid;47125 Pozuelo de la Orden;Total;1996;83
47;Valladolid;47125 Pozuelo de la Orden;Hombres;2023;32
47;Valladolid;47125 Pozuelo de la Orden;Hombres;2022;28
47;Valladolid;47125 Pozuelo de la Orden;Hombres;2021;27
47;Valladolid;47125 Pozuelo de la Orden;Hombres;2020;28
47;Valladolid;47125 Pozuelo de la Orden;Hombres;2019;29
47;Valladolid;47125 Pozuelo de la Orden;Hombres;2018;31
47;Valladolid;47125 Pozuelo de la Orden;Hombres;2017;33
47;Valladolid;47125 Pozuelo de la Orden;Hombres;2016;36
47;Valladolid;47125 Pozuelo de la Orden;Hombres;2015;38
47;Valladolid;47125 Pozuelo de la Orden;Hombres;2014;36
47;Valladolid;47125 Pozuelo de la Orden;Hombres;2013;38
47;Valladolid;47125 Pozuelo de la Orden;Hombres;2012;36
47;Valladolid;47125 Pozuelo de la Orden;Hombres;2011;37
47;Valladolid;47125 Pozuelo de la Orden;Hombres;2010;38
47;Valladolid;47125 Pozuelo de la Orden;Hombres;2009;38
47;Valladolid;47125 Pozuelo de la Orden;Hombres;2008;38
47;Valladolid;47125 Pozuelo de la Orden;Hombres;2007;37
47;Valladolid;47125 Pozuelo de la Orden;Hombres;2006;38
47;Valladolid;47125 Pozuelo de la Orden;Hombres;2005;40
47;Valladolid;47125 Pozuelo de la Orden;Hombres;2004;43
47;Valladolid;47125 Pozuelo de la Orden;Hombres;2003;40
47;Valladolid;47125 Pozuelo de la Orden;Hombres;2002;42
47;Valladolid;47125 Pozuelo de la Orden;Hombres;2001;44
47;Valladolid;47125 Pozuelo de la Orden;Hombres;2000;45
47;Valladolid;47125 Pozuelo de la Orden;Hombres;1999;45
47;Valladolid;47125 Pozuelo de la Orden;Hombres;1998;44
47;Valladolid;47125 Pozuelo de la Orden;Hombres;1997;
47;Valladolid;47125 Pozuelo de la Orden;Hombres;1996;46
47;Valladolid;47125 Pozuelo de la Orden;Mujeres;2023;22
47;Valladolid;47125 Pozuelo de la Orden;Mujeres;2022;21
47;Valladolid;47125 Pozuelo de la Orden;Mujeres;2021;18
47;Valladolid;47125 Pozuelo de la Orden;Mujeres;2020;18
47;Valladolid;47125 Pozuelo de la Orden;Mujeres;2019;20
47;Valladolid;47125 Pozuelo de la Orden;Mujeres;2018;24
47;Valladolid;47125 Pozuelo de la Orden;Mujeres;2017;24
47;Valladolid;47125 Pozuelo de la Orden;Mujeres;2016;24
47;Valladolid;47125 Pozuelo de la Orden;Mujeres;2015;25
47;Valladolid;47125 Pozuelo de la Orden;Mujeres;2014;24
47;Valladolid;47125 Pozuelo de la Orden;Mujeres;2013;25
47;Valladolid;47125 Pozuelo de la Orden;Mujeres;2012;24
47;Valladolid;47125 Pozuelo de la Orden;Mujeres;2011;24
47;Valladolid;47125 Pozuelo de la Orden;Mujeres;2010;24
47;Valladolid;47125 Pozuelo de la Orden;Mujeres;2009;24
47;Valladolid;47125 Pozuelo de la Orden;Mujeres;2008;25
47;Valladolid;47125 Pozuelo de la Orden;Mujeres;2007;27
47;Valladolid;47125 Pozuelo de la Orden;Mujeres;2006;29
47;Valladolid;47125 Pozuelo de la Orden;Mujeres;2005;32
47;Valladolid;47125 Pozuelo de la Orden;Mujeres;2004;32
47;Valladolid;47125 Pozuelo de la Orden;Mujeres;2003;31
47;Valladolid;47125 Pozuelo de la Orden;Mujeres;2002;31
47;Valladolid;47125 Pozuelo de la Orden;Mujeres;2001;33
47;Valladolid;47125 Pozuelo de la Orden;Mujeres;2000;34
47;Valladolid;47125 Pozuelo de la Orden;Mujeres;1999;34
47;Valladolid;47125 Pozuelo de la Orden;Mujeres;1998;34
47;Valladolid;47125 Pozuelo de la Orden;Mujeres;1997;
47;Valladolid;47125 Pozuelo de la Orden;Mujeres;1996;37
47;Valladolid;47126 Puras;Total;2023;43
47;Valladolid;47126 Puras;Total;2022;44
47;Valladolid;47126 Puras;Total;2021;42
47;Valladolid;47126 Puras;Total;2020;43
47;Valladolid;47126 Puras;Total;2019;46
47;Valladolid;47126 Puras;Total;2018;48
47;Valladolid;47126 Puras;Total;2017;50
47;Valladolid;47126 Puras;Total;2016;58
47;Valladolid;47126 Puras;Total;2015;55
47;Valladolid;47126 Puras;Total;2014;54
47;Valladolid;47126 Puras;Total;2013;52
47;Valladolid;47126 Puras;Total;2012;52
47;Valladolid;47126 Puras;Total;2011;55
47;Valladolid;47126 Puras;Total;2010;58
47;Valladolid;47126 Puras;Total;2009;57
47;Valladolid;47126 Puras;Total;2008;56
47;Valladolid;47126 Puras;Total;2007;58
47;Valladolid;47126 Puras;Total;2006;63
47;Valladolid;47126 Puras;Total;2005;66
47;Valladolid;47126 Puras;Total;2004;63
47;Valladolid;47126 Puras;Total;2003;64
47;Valladolid;47126 Puras;Total;2002;64
47;Valladolid;47126 Puras;Total;2001;64
47;Valladolid;47126 Puras;Total;2000;60
47;Valladolid;47126 Puras;Total;1999;62
47;Valladolid;47126 Puras;Total;1998;59
47;Valladolid;47126 Puras;Total;1997;
47;Valladolid;47126 Puras;Total;1996;63
47;Valladolid;47126 Puras;Hombres;2023;23
47;Valladolid;47126 Puras;Hombres;2022;24
47;Valladolid;47126 Puras;Hombres;2021;23
47;Valladolid;47126 Puras;Hombres;2020;24
47;Valladolid;47126 Puras;Hombres;2019;26
47;Valladolid;47126 Puras;Hombres;2018;27
47;Valladolid;47126 Puras;Hombres;2017;27
47;Valladolid;47126 Puras;Hombres;2016;29
47;Valladolid;47126 Puras;Hombres;2015;28
47;Valladolid;47126 Puras;Hombres;2014;29
47;Valladolid;47126 Puras;Hombres;2013;29
47;Valladolid;47126 Puras;Hombres;2012;29
47;Valladolid;47126 Puras;Hombres;2011;29
47;Valladolid;47126 Puras;Hombres;2010;30
47;Valladolid;47126 Puras;Hombres;2009;29
47;Valladolid;47126 Puras;Hombres;2008;28
47;Valladolid;47126 Puras;Hombres;2007;28
47;Valladolid;47126 Puras;Hombres;2006;30
47;Valladolid;47126 Puras;Hombres;2005;31
47;Valladolid;47126 Puras;Hombres;2004;29
47;Valladolid;47126 Puras;Hombres;2003;30
47;Valladolid;47126 Puras;Hombres;2002;30
47;Valladolid;47126 Puras;Hombres;2001;29
47;Valladolid;47126 Puras;Hombres;2000;28
47;Valladolid;47126 Puras;Hombres;1999;29
47;Valladolid;47126 Puras;Hombres;1998;28
47;Valladolid;47126 Puras;Hombres;1997;
47;Valladolid;47126 Puras;Hombres;1996;30
47;Valladolid;47126 Puras;Mujeres;2023;20
47;Valladolid;47126 Puras;Mujeres;2022;20
47;Valladolid;47126 Puras;Mujeres;2021;19
47;Valladolid;47126 Puras;Mujeres;2020;19
47;Valladolid;47126 Puras;Mujeres;2019;20
47;Valladolid;47126 Puras;Mujeres;2018;21
47;Valladolid;47126 Puras;Mujeres;2017;23
47;Valladolid;47126 Puras;Mujeres;2016;29
47;Valladolid;47126 Puras;Mujeres;2015;27
47;Valladolid;47126 Puras;Mujeres;2014;25
47;Valladolid;47126 Puras;Mujeres;2013;23
47;Valladolid;47126 Puras;Mujeres;2012;23
47;Valladolid;47126 Puras;Mujeres;2011;26
47;Valladolid;47126 Puras;Mujeres;2010;28
47;Valladolid;47126 Puras;Mujeres;2009;28
47;Valladolid;47126 Puras;Mujeres;2008;28
47;Valladolid;47126 Puras;Mujeres;2007;30
47;Valladolid;47126 Puras;Mujeres;2006;33
47;Valladolid;47126 Puras;Mujeres;2005;35
47;Valladolid;47126 Puras;Mujeres;2004;34
47;Valladolid;47126 Puras;Mujeres;2003;34
47;Valladolid;47126 Puras;Mujeres;2002;34
47;Valladolid;47126 Puras;Mujeres;2001;35
47;Valladolid;47126 Puras;Mujeres;2000;32
47;Valladolid;47126 Puras;Mujeres;1999;33
47;Valladolid;47126 Puras;Mujeres;1998;31
47;Valladolid;47126 Puras;Mujeres;1997;
47;Valladolid;47126 Puras;Mujeres;1996;33
47;Valladolid;47127 Quintanilla de Arriba;Total;2023;160
47;Valladolid;47127 Quintanilla de Arriba;Total;2022;158
47;Valladolid;47127 Quintanilla de Arriba;Total;2021;160
47;Valladolid;47127 Quintanilla de Arriba;Total;2020;162
47;Valladolid;47127 Quintanilla de Arriba;Total;2019;163
47;Valladolid;47127 Quintanilla de Arriba;Total;2018;158
47;Valladolid;47127 Quintanilla de Arriba;Total;2017;155
47;Valladolid;47127 Quintanilla de Arriba;Total;2016;153
47;Valladolid;47127 Quintanilla de Arriba;Total;2015;149
47;Valladolid;47127 Quintanilla de Arriba;Total;2014;154
47;Valladolid;47127 Quintanilla de Arriba;Total;2013;164
47;Valladolid;47127 Quintanilla de Arriba;Total;2012;174
47;Valladolid;47127 Quintanilla de Arriba;Total;2011;186
47;Valladolid;47127 Quintanilla de Arriba;Total;2010;192
47;Valladolid;47127 Quintanilla de Arriba;Total;2009;201
47;Valladolid;47127 Quintanilla de Arriba;Total;2008;204
47;Valladolid;47127 Quintanilla de Arriba;Total;2007;204
47;Valladolid;47127 Quintanilla de Arriba;Total;2006;220
47;Valladolid;47127 Quintanilla de Arriba;Total;2005;227
47;Valladolid;47127 Quintanilla de Arriba;Total;2004;226
47;Valladolid;47127 Quintanilla de Arriba;Total;2003;223
47;Valladolid;47127 Quintanilla de Arriba;Total;2002;220
47;Valladolid;47127 Quintanilla de Arriba;Total;2001;228
47;Valladolid;47127 Quintanilla de Arriba;Total;2000;226
47;Valladolid;47127 Quintanilla de Arriba;Total;1999;229
47;Valladolid;47127 Quintanilla de Arriba;Total;1998;229
47;Valladolid;47127 Quintanilla de Arriba;Total;1997;
47;Valladolid;47127 Quintanilla de Arriba;Total;1996;240
47;Valladolid;47127 Quintanilla de Arriba;Hombres;2023;90
47;Valladolid;47127 Quintanilla de Arriba;Hombres;2022;89
47;Valladolid;47127 Quintanilla de Arriba;Hombres;2021;89
47;Valladolid;47127 Quintanilla de Arriba;Hombres;2020;92
47;Valladolid;47127 Quintanilla de Arriba;Hombres;2019;92
47;Valladolid;47127 Quintanilla de Arriba;Hombres;2018;88
47;Valladolid;47127 Quintanilla de Arriba;Hombres;2017;85
47;Valladolid;47127 Quintanilla de Arriba;Hombres;2016;82
47;Valladolid;47127 Quintanilla de Arriba;Hombres;2015;83
47;Valladolid;47127 Quintanilla de Arriba;Hombres;2014;86
47;Valladolid;47127 Quintanilla de Arriba;Hombres;2013;90
47;Valladolid;47127 Quintanilla de Arriba;Hombres;2012;94
47;Valladolid;47127 Quintanilla de Arriba;Hombres;2011;102
47;Valladolid;47127 Quintanilla de Arriba;Hombres;2010;105
47;Valladolid;47127 Quintanilla de Arriba;Hombres;2009;108
47;Valladolid;47127 Quintanilla de Arriba;Hombres;2008;110
47;Valladolid;47127 Quintanilla de Arriba;Hombres;2007;108
47;Valladolid;47127 Quintanilla de Arriba;Hombres;2006;116
47;Valladolid;47127 Quintanilla de Arriba;Hombres;2005;118
47;Valladolid;47127 Quintanilla de Arriba;Hombres;2004;119
47;Valladolid;47127 Quintanilla de Arriba;Hombres;2003;117
47;Valladolid;47127 Quintanilla de Arriba;Hombres;2002;120
47;Valladolid;47127 Quintanilla de Arriba;Hombres;2001;122
47;Valladolid;47127 Quintanilla de Arriba;Hombres;2000;120
47;Valladolid;47127 Quintanilla de Arriba;Hombres;1999;121
47;Valladolid;47127 Quintanilla de Arriba;Hombres;1998;122
47;Valladolid;47127 Quintanilla de Arriba;Hombres;1997;
47;Valladolid;47127 Quintanilla de Arriba;Hombres;1996;126
47;Valladolid;47127 Quintanilla de Arriba;Mujeres;2023;70
47;Valladolid;47127 Quintanilla de Arriba;Mujeres;2022;69
47;Valladolid;47127 Quintanilla de Arriba;Mujeres;2021;71
47;Valladolid;47127 Quintanilla de Arriba;Mujeres;2020;70
47;Valladolid;47127 Quintanilla de Arriba;Mujeres;2019;71
47;Valladolid;47127 Quintanilla de Arriba;Mujeres;2018;70
47;Valladolid;47127 Quintanilla de Arriba;Mujeres;2017;70
47;Valladolid;47127 Quintanilla de Arriba;Mujeres;2016;71
47;Valladolid;47127 Quintanilla de Arriba;Mujeres;2015;66
47;Valladolid;47127 Quintanilla de Arriba;Mujeres;2014;68
47;Valladolid;47127 Quintanilla de Arriba;Mujeres;2013;74
47;Valladolid;47127 Quintanilla de Arriba;Mujeres;2012;80
47;Valladolid;47127 Quintanilla de Arriba;Mujeres;2011;84
47;Valladolid;47127 Quintanilla de Arriba;Mujeres;2010;87
47;Valladolid;47127 Quintanilla de Arriba;Mujeres;2009;93
47;Valladolid;47127 Quintanilla de Arriba;Mujeres;2008;94
47;Valladolid;47127 Quintanilla de Arriba;Mujeres;2007;96
47;Valladolid;47127 Quintanilla de Arriba;Mujeres;2006;104
47;Valladolid;47127 Quintanilla de Arriba;Mujeres;2005;109
47;Valladolid;47127 Quintanilla de Arriba;Mujeres;2004;107
47;Valladolid;47127 Quintanilla de Arriba;Mujeres;2003;106
47;Valladolid;47127 Quintanilla de Arriba;Mujeres;2002;100
47;Valladolid;47127 Quintanilla de Arriba;Mujeres;2001;106
47;Valladolid;47127 Quintanilla de Arriba;Mujeres;2000;106
47;Valladolid;47127 Quintanilla de Arriba;Mujeres;1999;108
47;Valladolid;47127 Quintanilla de Arriba;Mujeres;1998;107
47;Valladolid;47127 Quintanilla de Arriba;Mujeres;1997;
47;Valladolid;47127 Quintanilla de Arriba;Mujeres;1996;114
47;Valladolid;47129 Quintanilla de Onésimo;Total;2023;1004
47;Valladolid;47129 Quintanilla de Onésimo;Total;2022;1014
47;Valladolid;47129 Quintanilla de Onésimo;Total;2021;1031
47;Valladolid;47129 Quintanilla de Onésimo;Total;2020;1026
47;Valladolid;47129 Quintanilla de Onésimo;Total;2019;1028
47;Valladolid;47129 Quintanilla de Onésimo;Total;2018;1019
47;Valladolid;47129 Quintanilla de Onésimo;Total;2017;1055
47;Valladolid;47129 Quintanilla de Onésimo;Total;2016;1059
47;Valladolid;47129 Quintanilla de Onésimo;Total;2015;1078
47;Valladolid;47129 Quintanilla de Onésimo;Total;2014;1109
47;Valladolid;47129 Quintanilla de Onésimo;Total;2013;1123
47;Valladolid;47129 Quintanilla de Onésimo;Total;2012;1137
47;Valladolid;47129 Quintanilla de Onésimo;Total;2011;1137
47;Valladolid;47129 Quintanilla de Onésimo;Total;2010;1140
47;Valladolid;47129 Quintanilla de Onésimo;Total;2009;1163
47;Valladolid;47129 Quintanilla de Onésimo;Total;2008;1173
47;Valladolid;47129 Quintanilla de Onésimo;Total;2007;1191
47;Valladolid;47129 Quintanilla de Onésimo;Total;2006;1172
47;Valladolid;47129 Quintanilla de Onésimo;Total;2005;1175
47;Valladolid;47129 Quintanilla de Onésimo;Total;2004;1139
47;Valladolid;47129 Quintanilla de Onésimo;Total;2003;1135
47;Valladolid;47129 Quintanilla de Onésimo;Total;2002;1123
47;Valladolid;47129 Quintanilla de Onésimo;Total;2001;1159
47;Valladolid;47129 Quintanilla de Onésimo;Total;2000;1179
47;Valladolid;47129 Quintanilla de Onésimo;Total;1999;1190
47;Valladolid;47129 Quintanilla de Onésimo;Total;1998;1145
47;Valladolid;47129 Quintanilla de Onésimo;Total;1997;
47;Valladolid;47129 Quintanilla de Onésimo;Total;1996;1175
47;Valladolid;47129 Quintanilla de Onésimo;Hombres;2023;531
47;Valladolid;47129 Quintanilla de Onésimo;Hombres;2022;538
47;Valladolid;47129 Quintanilla de Onésimo;Hombres;2021;550
47;Valladolid;47129 Quintanilla de Onésimo;Hombres;2020;544
47;Valladolid;47129 Quintanilla de Onésimo;Hombres;2019;543
47;Valladolid;47129 Quintanilla de Onésimo;Hombres;2018;535
47;Valladolid;47129 Quintanilla de Onésimo;Hombres;2017;547
47;Valladolid;47129 Quintanilla de Onésimo;Hombres;2016;548
47;Valladolid;47129 Quintanilla de Onésimo;Hombres;2015;562
47;Valladolid;47129 Quintanilla de Onésimo;Hombres;2014;583
47;Valladolid;47129 Quintanilla de Onésimo;Hombres;2013;589
47;Valladolid;47129 Quintanilla de Onésimo;Hombres;2012;593
47;Valladolid;47129 Quintanilla de Onésimo;Hombres;2011;591
47;Valladolid;47129 Quintanilla de Onésimo;Hombres;2010;592
47;Valladolid;47129 Quintanilla de Onésimo;Hombres;2009;599
47;Valladolid;47129 Quintanilla de Onésimo;Hombres;2008;603
47;Valladolid;47129 Quintanilla de Onésimo;Hombres;2007;612
47;Valladolid;47129 Quintanilla de Onésimo;Hombres;2006;603
47;Valladolid;47129 Quintanilla de Onésimo;Hombres;2005;610
47;Valladolid;47129 Quintanilla de Onésimo;Hombres;2004;582
47;Valladolid;47129 Quintanilla de Onésimo;Hombres;2003;583
47;Valladolid;47129 Quintanilla de Onésimo;Hombres;2002;579
47;Valladolid;47129 Quintanilla de Onésimo;Hombres;2001;595
47;Valladolid;47129 Quintanilla de Onésimo;Hombres;2000;605
47;Valladolid;47129 Quintanilla de Onésimo;Hombres;1999;618
47;Valladolid;47129 Quintanilla de Onésimo;Hombres;1998;603
47;Valladolid;47129 Quintanilla de Onésimo;Hombres;1997;
47;Valladolid;47129 Quintanilla de Onésimo;Hombres;1996;623
47;Valladolid;47129 Quintanilla de Onésimo;Mujeres;2023;473
47;Valladolid;47129 Quintanilla de Onésimo;Mujeres;2022;476
47;Valladolid;47129 Quintanilla de Onésimo;Mujeres;2021;481
47;Valladolid;47129 Quintanilla de Onésimo;Mujeres;2020;482
47;Valladolid;47129 Quintanilla de Onésimo;Mujeres;2019;485
47;Valladolid;47129 Quintanilla de Onésimo;Mujeres;2018;484
47;Valladolid;47129 Quintanilla de Onésimo;Mujeres;2017;508
47;Valladolid;47129 Quintanilla de Onésimo;Mujeres;2016;511
47;Valladolid;47129 Quintanilla de Onésimo;Mujeres;2015;516
47;Valladolid;47129 Quintanilla de Onésimo;Mujeres;2014;526
47;Valladolid;47129 Quintanilla de Onésimo;Mujeres;2013;534
47;Valladolid;47129 Quintanilla de Onésimo;Mujeres;2012;544
47;Valladolid;47129 Quintanilla de Onésimo;Mujeres;2011;546
47;Valladolid;47129 Quintanilla de Onésimo;Mujeres;2010;548
47;Valladolid;47129 Quintanilla de Onésimo;Mujeres;2009;564
47;Valladolid;47129 Quintanilla de Onésimo;Mujeres;2008;570
47;Valladolid;47129 Quintanilla de Onésimo;Mujeres;2007;579
47;Valladolid;47129 Quintanilla de Onésimo;Mujeres;2006;569
47;Valladolid;47129 Quintanilla de Onésimo;Mujeres;2005;565
47;Valladolid;47129 Quintanilla de Onésimo;Mujeres;2004;557
47;Valladolid;47129 Quintanilla de Onésimo;Mujeres;2003;552
47;Valladolid;47129 Quintanilla de Onésimo;Mujeres;2002;544
47;Valladolid;47129 Quintanilla de Onésimo;Mujeres;2001;564
47;Valladolid;47129 Quintanilla de Onésimo;Mujeres;2000;574
47;Valladolid;47129 Quintanilla de Onésimo;Mujeres;1999;572
47;Valladolid;47129 Quintanilla de Onésimo;Mujeres;1998;542
47;Valladolid;47129 Quintanilla de Onésimo;Mujeres;1997;
47;Valladolid;47129 Quintanilla de Onésimo;Mujeres;1996;552
47;Valladolid;47130 Quintanilla de Trigueros;Total;2023;99
47;Valladolid;47130 Quintanilla de Trigueros;Total;2022;104
47;Valladolid;47130 Quintanilla de Trigueros;Total;2021;105
47;Valladolid;47130 Quintanilla de Trigueros;Total;2020;101
47;Valladolid;47130 Quintanilla de Trigueros;Total;2019;108
47;Valladolid;47130 Quintanilla de Trigueros;Total;2018;105
47;Valladolid;47130 Quintanilla de Trigueros;Total;2017;101
47;Valladolid;47130 Quintanilla de Trigueros;Total;2016;107
47;Valladolid;47130 Quintanilla de Trigueros;Total;2015;115
47;Valladolid;47130 Quintanilla de Trigueros;Total;2014;107
47;Valladolid;47130 Quintanilla de Trigueros;Total;2013;107
47;Valladolid;47130 Quintanilla de Trigueros;Total;2012;113
47;Valladolid;47130 Quintanilla de Trigueros;Total;2011;128
47;Valladolid;47130 Quintanilla de Trigueros;Total;2010;109
47;Valladolid;47130 Quintanilla de Trigueros;Total;2009;110
47;Valladolid;47130 Quintanilla de Trigueros;Total;2008;115
47;Valladolid;47130 Quintanilla de Trigueros;Total;2007;123
47;Valladolid;47130 Quintanilla de Trigueros;Total;2006;121
47;Valladolid;47130 Quintanilla de Trigueros;Total;2005;121
47;Valladolid;47130 Quintanilla de Trigueros;Total;2004;118
47;Valladolid;47130 Quintanilla de Trigueros;Total;2003;115
47;Valladolid;47130 Quintanilla de Trigueros;Total;2002;117
47;Valladolid;47130 Quintanilla de Trigueros;Total;2001;113
47;Valladolid;47130 Quintanilla de Trigueros;Total;2000;113
47;Valladolid;47130 Quintanilla de Trigueros;Total;1999;109
47;Valladolid;47130 Quintanilla de Trigueros;Total;1998;97
47;Valladolid;47130 Quintanilla de Trigueros;Total;1997;
47;Valladolid;47130 Quintanilla de Trigueros;Total;1996;103
47;Valladolid;47130 Quintanilla de Trigueros;Hombres;2023;51
47;Valladolid;47130 Quintanilla de Trigueros;Hombres;2022;51
47;Valladolid;47130 Quintanilla de Trigueros;Hombres;2021;50
47;Valladolid;47130 Quintanilla de Trigueros;Hombres;2020;50
47;Valladolid;47130 Quintanilla de Trigueros;Hombres;2019;54
47;Valladolid;47130 Quintanilla de Trigueros;Hombres;2018;54
47;Valladolid;47130 Quintanilla de Trigueros;Hombres;2017;51
47;Valladolid;47130 Quintanilla de Trigueros;Hombres;2016;54
47;Valladolid;47130 Quintanilla de Trigueros;Hombres;2015;59
47;Valladolid;47130 Quintanilla de Trigueros;Hombres;2014;55
47;Valladolid;47130 Quintanilla de Trigueros;Hombres;2013;56
47;Valladolid;47130 Quintanilla de Trigueros;Hombres;2012;59
47;Valladolid;47130 Quintanilla de Trigueros;Hombres;2011;64
47;Valladolid;47130 Quintanilla de Trigueros;Hombres;2010;56
47;Valladolid;47130 Quintanilla de Trigueros;Hombres;2009;55
47;Valladolid;47130 Quintanilla de Trigueros;Hombres;2008;58
47;Valladolid;47130 Quintanilla de Trigueros;Hombres;2007;62
47;Valladolid;47130 Quintanilla de Trigueros;Hombres;2006;60
47;Valladolid;47130 Quintanilla de Trigueros;Hombres;2005;61
47;Valladolid;47130 Quintanilla de Trigueros;Hombres;2004;59
47;Valladolid;47130 Quintanilla de Trigueros;Hombres;2003;59
47;Valladolid;47130 Quintanilla de Trigueros;Hombres;2002;59
47;Valladolid;47130 Quintanilla de Trigueros;Hombres;2001;57
47;Valladolid;47130 Quintanilla de Trigueros;Hombres;2000;58
47;Valladolid;47130 Quintanilla de Trigueros;Hombres;1999;56
47;Valladolid;47130 Quintanilla de Trigueros;Hombres;1998;50
47;Valladolid;47130 Quintanilla de Trigueros;Hombres;1997;
47;Valladolid;47130 Quintanilla de Trigueros;Hombres;1996;52
47;Valladolid;47130 Quintanilla de Trigueros;Mujeres;2023;48
47;Valladolid;47130 Quintanilla de Trigueros;Mujeres;2022;53
47;Valladolid;47130 Quintanilla de Trigueros;Mujeres;2021;55
47;Valladolid;47130 Quintanilla de Trigueros;Mujeres;2020;51
47;Valladolid;47130 Quintanilla de Trigueros;Mujeres;2019;54
47;Valladolid;47130 Quintanilla de Trigueros;Mujeres;2018;51
47;Valladolid;47130 Quintanilla de Trigueros;Mujeres;2017;50
47;Valladolid;47130 Quintanilla de Trigueros;Mujeres;2016;53
47;Valladolid;47130 Quintanilla de Trigueros;Mujeres;2015;56
47;Valladolid;47130 Quintanilla de Trigueros;Mujeres;2014;52
47;Valladolid;47130 Quintanilla de Trigueros;Mujeres;2013;51
47;Valladolid;47130 Quintanilla de Trigueros;Mujeres;2012;54
47;Valladolid;47130 Quintanilla de Trigueros;Mujeres;2011;64
47;Valladolid;47130 Quintanilla de Trigueros;Mujeres;2010;53
47;Valladolid;47130 Quintanilla de Trigueros;Mujeres;2009;55
47;Valladolid;47130 Quintanilla de Trigueros;Mujeres;2008;57
47;Valladolid;47130 Quintanilla de Trigueros;Mujeres;2007;61
47;Valladolid;47130 Quintanilla de Trigueros;Mujeres;2006;61
47;Valladolid;47130 Quintanilla de Trigueros;Mujeres;2005;60
47;Valladolid;47130 Quintanilla de Trigueros;Mujeres;2004;59
47;Valladolid;47130 Quintanilla de Trigueros;Mujeres;2003;56
47;Valladolid;47130 Quintanilla de Trigueros;Mujeres;2002;58
47;Valladolid;47130 Quintanilla de Trigueros;Mujeres;2001;56
47;Valladolid;47130 Quintanilla de Trigueros;Mujeres;2000;55
47;Valladolid;47130 Quintanilla de Trigueros;Mujeres;1999;53
47;Valladolid;47130 Quintanilla de Trigueros;Mujeres;1998;47
47;Valladolid;47130 Quintanilla de Trigueros;Mujeres;1997;
47;Valladolid;47130 Quintanilla de Trigueros;Mujeres;1996;51
47;Valladolid;47128 Quintanilla del Molar;Total;2023;49
47;Valladolid;47128 Quintanilla del Molar;Total;2022;53
47;Valladolid;47128 Quintanilla del Molar;Total;2021;57
47;Valladolid;47128 Quintanilla del Molar;Total;2020;61
47;Valladolid;47128 Quintanilla del Molar;Total;2019;65
47;Valladolid;47128 Quintanilla del Molar;Total;2018;61
47;Valladolid;47128 Quintanilla del Molar;Total;2017;63
47;Valladolid;47128 Quintanilla del Molar;Total;2016;64
47;Valladolid;47128 Quintanilla del Molar;Total;2015;63
47;Valladolid;47128 Quintanilla del Molar;Total;2014;64
47;Valladolid;47128 Quintanilla del Molar;Total;2013;68
47;Valladolid;47128 Quintanilla del Molar;Total;2012;69
47;Valladolid;47128 Quintanilla del Molar;Total;2011;70
47;Valladolid;47128 Quintanilla del Molar;Total;2010;71
47;Valladolid;47128 Quintanilla del Molar;Total;2009;71
47;Valladolid;47128 Quintanilla del Molar;Total;2008;75
47;Valladolid;47128 Quintanilla del Molar;Total;2007;78
47;Valladolid;47128 Quintanilla del Molar;Total;2006;77
47;Valladolid;47128 Quintanilla del Molar;Total;2005;84
47;Valladolid;47128 Quintanilla del Molar;Total;2004;83
47;Valladolid;47128 Quintanilla del Molar;Total;2003;78
47;Valladolid;47128 Quintanilla del Molar;Total;2002;84
47;Valladolid;47128 Quintanilla del Molar;Total;2001;91
47;Valladolid;47128 Quintanilla del Molar;Total;2000;85
47;Valladolid;47128 Quintanilla del Molar;Total;1999;83
47;Valladolid;47128 Quintanilla del Molar;Total;1998;83
47;Valladolid;47128 Quintanilla del Molar;Total;1997;
47;Valladolid;47128 Quintanilla del Molar;Total;1996;89
47;Valladolid;47128 Quintanilla del Molar;Hombres;2023;24
47;Valladolid;47128 Quintanilla del Molar;Hombres;2022;26
47;Valladolid;47128 Quintanilla del Molar;Hombres;2021;28
47;Valladolid;47128 Quintanilla del Molar;Hombres;2020;30
47;Valladolid;47128 Quintanilla del Molar;Hombres;2019;31
47;Valladolid;47128 Quintanilla del Molar;Hombres;2018;28
47;Valladolid;47128 Quintanilla del Molar;Hombres;2017;28
47;Valladolid;47128 Quintanilla del Molar;Hombres;2016;28
47;Valladolid;47128 Quintanilla del Molar;Hombres;2015;28
47;Valladolid;47128 Quintanilla del Molar;Hombres;2014;29
47;Valladolid;47128 Quintanilla del Molar;Hombres;2013;32
47;Valladolid;47128 Quintanilla del Molar;Hombres;2012;32
47;Valladolid;47128 Quintanilla del Molar;Hombres;2011;34
47;Valladolid;47128 Quintanilla del Molar;Hombres;2010;34
47;Valladolid;47128 Quintanilla del Molar;Hombres;2009;32
47;Valladolid;47128 Quintanilla del Molar;Hombres;2008;35
47;Valladolid;47128 Quintanilla del Molar;Hombres;2007;36
47;Valladolid;47128 Quintanilla del Molar;Hombres;2006;35
47;Valladolid;47128 Quintanilla del Molar;Hombres;2005;39
47;Valladolid;47128 Quintanilla del Molar;Hombres;2004;38
47;Valladolid;47128 Quintanilla del Molar;Hombres;2003;34
47;Valladolid;47128 Quintanilla del Molar;Hombres;2002;35
47;Valladolid;47128 Quintanilla del Molar;Hombres;2001;39
47;Valladolid;47128 Quintanilla del Molar;Hombres;2000;36
47;Valladolid;47128 Quintanilla del Molar;Hombres;1999;35
47;Valladolid;47128 Quintanilla del Molar;Hombres;1998;34
47;Valladolid;47128 Quintanilla del Molar;Hombres;1997;
47;Valladolid;47128 Quintanilla del Molar;Hombres;1996;39
47;Valladolid;47128 Quintanilla del Molar;Mujeres;2023;25
47;Valladolid;47128 Quintanilla del Molar;Mujeres;2022;27
47;Valladolid;47128 Quintanilla del Molar;Mujeres;2021;29
47;Valladolid;47128 Quintanilla del Molar;Mujeres;2020;31
47;Valladolid;47128 Quintanilla del Molar;Mujeres;2019;34
47;Valladolid;47128 Quintanilla del Molar;Mujeres;2018;33
47;Valladolid;47128 Quintanilla del Molar;Mujeres;2017;35
47;Valladolid;47128 Quintanilla del Molar;Mujeres;2016;36
47;Valladolid;47128 Quintanilla del Molar;Mujeres;2015;35
47;Valladolid;47128 Quintanilla del Molar;Mujeres;2014;35
47;Valladolid;47128 Quintanilla del Molar;Mujeres;2013;36
47;Valladolid;47128 Quintanilla del Molar;Mujeres;2012;37
47;Valladolid;47128 Quintanilla del Molar;Mujeres;2011;36
47;Valladolid;47128 Quintanilla del Molar;Mujeres;2010;37
47;Valladolid;47128 Quintanilla del Molar;Mujeres;2009;39
47;Valladolid;47128 Quintanilla del Molar;Mujeres;2008;40
47;Valladolid;47128 Quintanilla del Molar;Mujeres;2007;42
47;Valladolid;47128 Quintanilla del Molar;Mujeres;2006;42
47;Valladolid;47128 Quintanilla del Molar;Mujeres;2005;45
47;Valladolid;47128 Quintanilla del Molar;Mujeres;2004;45
47;Valladolid;47128 Quintanilla del Molar;Mujeres;2003;44
47;Valladolid;47128 Quintanilla del Molar;Mujeres;2002;49
47;Valladolid;47128 Quintanilla del Molar;Mujeres;2001;52
47;Valladolid;47128 Quintanilla del Molar;Mujeres;2000;49
47;Valladolid;47128 Quintanilla del Molar;Mujeres;1999;48
47;Valladolid;47128 Quintanilla del Molar;Mujeres;1998;49
47;Valladolid;47128 Quintanilla del Molar;Mujeres;1997;
47;Valladolid;47128 Quintanilla del Molar;Mujeres;1996;50
47;Valladolid;47131 Rábano;Total;2023;171
47;Valladolid;47131 Rábano;Total;2022;173
47;Valladolid;47131 Rábano;Total;2021;169
47;Valladolid;47131 Rábano;Total;2020;174
47;Valladolid;47131 Rábano;Total;2019;177
47;Valladolid;47131 Rábano;Total;2018;182
47;Valladolid;47131 Rábano;Total;2017;184
47;Valladolid;47131 Rábano;Total;2016;187
47;Valladolid;47131 Rábano;Total;2015;195
47;Valladolid;47131 Rábano;Total;2014;198
47;Valladolid;47131 Rábano;Total;2013;205
47;Valladolid;47131 Rábano;Total;2012;202
47;Valladolid;47131 Rábano;Total;2011;213
47;Valladolid;47131 Rábano;Total;2010;208
47;Valladolid;47131 Rábano;Total;2009;215
47;Valladolid;47131 Rábano;Total;2008;221
47;Valladolid;47131 Rábano;Total;2007;212
47;Valladolid;47131 Rábano;Total;2006;224
47;Valladolid;47131 Rábano;Total;2005;228
47;Valladolid;47131 Rábano;Total;2004;249
47;Valladolid;47131 Rábano;Total;2003;249
47;Valladolid;47131 Rábano;Total;2002;258
47;Valladolid;47131 Rábano;Total;2001;250
47;Valladolid;47131 Rábano;Total;2000;249
47;Valladolid;47131 Rábano;Total;1999;253
47;Valladolid;47131 Rábano;Total;1998;253
47;Valladolid;47131 Rábano;Total;1997;
47;Valladolid;47131 Rábano;Total;1996;256
47;Valladolid;47131 Rábano;Hombres;2023;87
47;Valladolid;47131 Rábano;Hombres;2022;90
47;Valladolid;47131 Rábano;Hombres;2021;89
47;Valladolid;47131 Rábano;Hombres;2020;90
47;Valladolid;47131 Rábano;Hombres;2019;92
47;Valladolid;47131 Rábano;Hombres;2018;97
47;Valladolid;47131 Rábano;Hombres;2017;99
47;Valladolid;47131 Rábano;Hombres;2016;101
47;Valladolid;47131 Rábano;Hombres;2015;107
47;Valladolid;47131 Rábano;Hombres;2014;108
47;Valladolid;47131 Rábano;Hombres;2013;108
47;Valladolid;47131 Rábano;Hombres;2012;111
47;Valladolid;47131 Rábano;Hombres;2011;115
47;Valladolid;47131 Rábano;Hombres;2010;113
47;Valladolid;47131 Rábano;Hombres;2009;115
47;Valladolid;47131 Rábano;Hombres;2008;117
47;Valladolid;47131 Rábano;Hombres;2007;112
47;Valladolid;47131 Rábano;Hombres;2006;117
47;Valladolid;47131 Rábano;Hombres;2005;119
47;Valladolid;47131 Rábano;Hombres;2004;126
47;Valladolid;47131 Rábano;Hombres;2003;125
47;Valladolid;47131 Rábano;Hombres;2002;127
47;Valladolid;47131 Rábano;Hombres;2001;126
47;Valladolid;47131 Rábano;Hombres;2000;123
47;Valladolid;47131 Rábano;Hombres;1999;127
47;Valladolid;47131 Rábano;Hombres;1998;127
47;Valladolid;47131 Rábano;Hombres;1997;
47;Valladolid;47131 Rábano;Hombres;1996;123
47;Valladolid;47131 Rábano;Mujeres;2023;84
47;Valladolid;47131 Rábano;Mujeres;2022;83
47;Valladolid;47131 Rábano;Mujeres;2021;80
47;Valladolid;47131 Rábano;Mujeres;2020;84
47;Valladolid;47131 Rábano;Mujeres;2019;85
47;Valladolid;47131 Rábano;Mujeres;2018;85
47;Valladolid;47131 Rábano;Mujeres;2017;85
47;Valladolid;47131 Rábano;Mujeres;2016;86
47;Valladolid;47131 Rábano;Mujeres;2015;88
47;Valladolid;47131 Rábano;Mujeres;2014;90
47;Valladolid;47131 Rábano;Mujeres;2013;97
47;Valladolid;47131 Rábano;Mujeres;2012;91
47;Valladolid;47131 Rábano;Mujeres;2011;98
47;Valladolid;47131 Rábano;Mujeres;2010;95
47;Valladolid;47131 Rábano;Mujeres;2009;100
47;Valladolid;47131 Rábano;Mujeres;2008;104
47;Valladolid;47131 Rábano;Mujeres;2007;100
47;Valladolid;47131 Rábano;Mujeres;2006;107
47;Valladolid;47131 Rábano;Mujeres;2005;109
47;Valladolid;47131 Rábano;Mujeres;2004;123
47;Valladolid;47131 Rábano;Mujeres;2003;124
47;Valladolid;47131 Rábano;Mujeres;2002;131
47;Valladolid;47131 Rábano;Mujeres;2001;124
47;Valladolid;47131 Rábano;Mujeres;2000;126
47;Valladolid;47131 Rábano;Mujeres;1999;126
47;Valladolid;47131 Rábano;Mujeres;1998;126
47;Valladolid;47131 Rábano;Mujeres;1997;
47;Valladolid;47131 Rábano;Mujeres;1996;133
47;Valladolid;47132 Ramiro;Total;2023;48
47;Valladolid;47132 Ramiro;Total;2022;47
47;Valladolid;47132 Ramiro;Total;2021;49
47;Valladolid;47132 Ramiro;Total;2020;43
47;Valladolid;47132 Ramiro;Total;2019;43
47;Valladolid;47132 Ramiro;Total;2018;47
47;Valladolid;47132 Ramiro;Total;2017;49
47;Valladolid;47132 Ramiro;Total;2016;51
47;Valladolid;47132 Ramiro;Total;2015;46
47;Valladolid;47132 Ramiro;Total;2014;45
47;Valladolid;47132 Ramiro;Total;2013;44
47;Valladolid;47132 Ramiro;Total;2012;46
47;Valladolid;47132 Ramiro;Total;2011;43
47;Valladolid;47132 Ramiro;Total;2010;43
47;Valladolid;47132 Ramiro;Total;2009;49
47;Valladolid;47132 Ramiro;Total;2008;52
47;Valladolid;47132 Ramiro;Total;2007;61
47;Valladolid;47132 Ramiro;Total;2006;62
47;Valladolid;47132 Ramiro;Total;2005;67
47;Valladolid;47132 Ramiro;Total;2004;72
47;Valladolid;47132 Ramiro;Total;2003;73
47;Valladolid;47132 Ramiro;Total;2002;74
47;Valladolid;47132 Ramiro;Total;2001;79
47;Valladolid;47132 Ramiro;Total;2000;81
47;Valladolid;47132 Ramiro;Total;1999;83
47;Valladolid;47132 Ramiro;Total;1998;83
47;Valladolid;47132 Ramiro;Total;1997;
47;Valladolid;47132 Ramiro;Total;1996;87
47;Valladolid;47132 Ramiro;Hombres;2023;27
47;Valladolid;47132 Ramiro;Hombres;2022;27
47;Valladolid;47132 Ramiro;Hombres;2021;27
47;Valladolid;47132 Ramiro;Hombres;2020;24
47;Valladolid;47132 Ramiro;Hombres;2019;24
47;Valladolid;47132 Ramiro;Hombres;2018;27
47;Valladolid;47132 Ramiro;Hombres;2017;28
47;Valladolid;47132 Ramiro;Hombres;2016;28
47;Valladolid;47132 Ramiro;Hombres;2015;27
47;Valladolid;47132 Ramiro;Hombres;2014;26
47;Valladolid;47132 Ramiro;Hombres;2013;26
47;Valladolid;47132 Ramiro;Hombres;2012;29
47;Valladolid;47132 Ramiro;Hombres;2011;27
47;Valladolid;47132 Ramiro;Hombres;2010;24
47;Valladolid;47132 Ramiro;Hombres;2009;28
47;Valladolid;47132 Ramiro;Hombres;2008;30
47;Valladolid;47132 Ramiro;Hombres;2007;35
47;Valladolid;47132 Ramiro;Hombres;2006;38
47;Valladolid;47132 Ramiro;Hombres;2005;39
47;Valladolid;47132 Ramiro;Hombres;2004;41
47;Valladolid;47132 Ramiro;Hombres;2003;42
47;Valladolid;47132 Ramiro;Hombres;2002;42
47;Valladolid;47132 Ramiro;Hombres;2001;45
47;Valladolid;47132 Ramiro;Hombres;2000;46
47;Valladolid;47132 Ramiro;Hombres;1999;48
47;Valladolid;47132 Ramiro;Hombres;1998;47
47;Valladolid;47132 Ramiro;Hombres;1997;
47;Valladolid;47132 Ramiro;Hombres;1996;46
47;Valladolid;47132 Ramiro;Mujeres;2023;21
47;Valladolid;47132 Ramiro;Mujeres;2022;20
47;Valladolid;47132 Ramiro;Mujeres;2021;22
47;Valladolid;47132 Ramiro;Mujeres;2020;19
47;Valladolid;47132 Ramiro;Mujeres;2019;19
47;Valladolid;47132 Ramiro;Mujeres;2018;20
47;Valladolid;47132 Ramiro;Mujeres;2017;21
47;Valladolid;47132 Ramiro;Mujeres;2016;23
47;Valladolid;47132 Ramiro;Mujeres;2015;19
47;Valladolid;47132 Ramiro;Mujeres;2014;19
47;Valladolid;47132 Ramiro;Mujeres;2013;18
47;Valladolid;47132 Ramiro;Mujeres;2012;17
47;Valladolid;47132 Ramiro;Mujeres;2011;16
47;Valladolid;47132 Ramiro;Mujeres;2010;19
47;Valladolid;47132 Ramiro;Mujeres;2009;21
47;Valladolid;47132 Ramiro;Mujeres;2008;22
47;Valladolid;47132 Ramiro;Mujeres;2007;26
47;Valladolid;47132 Ramiro;Mujeres;2006;24
47;Valladolid;47132 Ramiro;Mujeres;2005;28
47;Valladolid;47132 Ramiro;Mujeres;2004;31
47;Valladolid;47132 Ramiro;Mujeres;2003;31
47;Valladolid;47132 Ramiro;Mujeres;2002;32
47;Valladolid;47132 Ramiro;Mujeres;2001;34
47;Valladolid;47132 Ramiro;Mujeres;2000;35
47;Valladolid;47132 Ramiro;Mujeres;1999;35
47;Valladolid;47132 Ramiro;Mujeres;1998;36
47;Valladolid;47132 Ramiro;Mujeres;1997;
47;Valladolid;47132 Ramiro;Mujeres;1996;41
47;Valladolid;47133 Renedo de Esgueva;Total;2023;3936
47;Valladolid;47133 Renedo de Esgueva;Total;2022;3908
47;Valladolid;47133 Renedo de Esgueva;Total;2021;3875
47;Valladolid;47133 Renedo de Esgueva;Total;2020;3814
47;Valladolid;47133 Renedo de Esgueva;Total;2019;3788
47;Valladolid;47133 Renedo de Esgueva;Total;2018;3764
47;Valladolid;47133 Renedo de Esgueva;Total;2017;3724
47;Valladolid;47133 Renedo de Esgueva;Total;2016;3697
47;Valladolid;47133 Renedo de Esgueva;Total;2015;3620
47;Valladolid;47133 Renedo de Esgueva;Total;2014;3507
47;Valladolid;47133 Renedo de Esgueva;Total;2013;3370
47;Valladolid;47133 Renedo de Esgueva;Total;2012;3259
47;Valladolid;47133 Renedo de Esgueva;Total;2011;3113
47;Valladolid;47133 Renedo de Esgueva;Total;2010;3000
47;Valladolid;47133 Renedo de Esgueva;Total;2009;2808
47;Valladolid;47133 Renedo de Esgueva;Total;2008;2527
47;Valladolid;47133 Renedo de Esgueva;Total;2007;2244
47;Valladolid;47133 Renedo de Esgueva;Total;2006;1948
47;Valladolid;47133 Renedo de Esgueva;Total;2005;1532
47;Valladolid;47133 Renedo de Esgueva;Total;2004;1264
47;Valladolid;47133 Renedo de Esgueva;Total;2003;1233
47;Valladolid;47133 Renedo de Esgueva;Total;2002;1201
47;Valladolid;47133 Renedo de Esgueva;Total;2001;1146
47;Valladolid;47133 Renedo de Esgueva;Total;2000;935
47;Valladolid;47133 Renedo de Esgueva;Total;1999;961
47;Valladolid;47133 Renedo de Esgueva;Total;1998;961
47;Valladolid;47133 Renedo de Esgueva;Total;1997;
47;Valladolid;47133 Renedo de Esgueva;Total;1996;933
47;Valladolid;47133 Renedo de Esgueva;Hombres;2023;1993
47;Valladolid;47133 Renedo de Esgueva;Hombres;2022;1986
47;Valladolid;47133 Renedo de Esgueva;Hombres;2021;1984
47;Valladolid;47133 Renedo de Esgueva;Hombres;2020;1949
47;Valladolid;47133 Renedo de Esgueva;Hombres;2019;1941
47;Valladolid;47133 Renedo de Esgueva;Hombres;2018;1922
47;Valladolid;47133 Renedo de Esgueva;Hombres;2017;1902
47;Valladolid;47133 Renedo de Esgueva;Hombres;2016;1885
47;Valladolid;47133 Renedo de Esgueva;Hombres;2015;1853
47;Valladolid;47133 Renedo de Esgueva;Hombres;2014;1808
47;Valladolid;47133 Renedo de Esgueva;Hombres;2013;1741
47;Valladolid;47133 Renedo de Esgueva;Hombres;2012;1694
47;Valladolid;47133 Renedo de Esgueva;Hombres;2011;1628
47;Valladolid;47133 Renedo de Esgueva;Hombres;2010;1564
47;Valladolid;47133 Renedo de Esgueva;Hombres;2009;1462
47;Valladolid;47133 Renedo de Esgueva;Hombres;2008;1321
47;Valladolid;47133 Renedo de Esgueva;Hombres;2007;1154
47;Valladolid;47133 Renedo de Esgueva;Hombres;2006;1016
47;Valladolid;47133 Renedo de Esgueva;Hombres;2005;803
47;Valladolid;47133 Renedo de Esgueva;Hombres;2004;659
47;Valladolid;47133 Renedo de Esgueva;Hombres;2003;645
47;Valladolid;47133 Renedo de Esgueva;Hombres;2002;631
47;Valladolid;47133 Renedo de Esgueva;Hombres;2001;605
47;Valladolid;47133 Renedo de Esgueva;Hombres;2000;493
47;Valladolid;47133 Renedo de Esgueva;Hombres;1999;495
47;Valladolid;47133 Renedo de Esgueva;Hombres;1998;495
47;Valladolid;47133 Renedo de Esgueva;Hombres;1997;
47;Valladolid;47133 Renedo de Esgueva;Hombres;1996;489
47;Valladolid;47133 Renedo de Esgueva;Mujeres;2023;1943
47;Valladolid;47133 Renedo de Esgueva;Mujeres;2022;1922
47;Valladolid;47133 Renedo de Esgueva;Mujeres;2021;1891
47;Valladolid;47133 Renedo de Esgueva;Mujeres;2020;1865
47;Valladolid;47133 Renedo de Esgueva;Mujeres;2019;1847
47;Valladolid;47133 Renedo de Esgueva;Mujeres;2018;1842
47;Valladolid;47133 Renedo de Esgueva;Mujeres;2017;1822
47;Valladolid;47133 Renedo de Esgueva;Mujeres;2016;1812
47;Valladolid;47133 Renedo de Esgueva;Mujeres;2015;1767
47;Valladolid;47133 Renedo de Esgueva;Mujeres;2014;1699
47;Valladolid;47133 Renedo de Esgueva;Mujeres;2013;1629
47;Valladolid;47133 Renedo de Esgueva;Mujeres;2012;1565
47;Valladolid;47133 Renedo de Esgueva;Mujeres;2011;1485
47;Valladolid;47133 Renedo de Esgueva;Mujeres;2010;1436
47;Valladolid;47133 Renedo de Esgueva;Mujeres;2009;1346
47;Valladolid;47133 Renedo de Esgueva;Mujeres;2008;1206
47;Valladolid;47133 Renedo de Esgueva;Mujeres;2007;1090
47;Valladolid;47133 Renedo de Esgueva;Mujeres;2006;932
47;Valladolid;47133 Renedo de Esgueva;Mujeres;2005;729
47;Valladolid;47133 Renedo de Esgueva;Mujeres;2004;605
47;Valladolid;47133 Renedo de Esgueva;Mujeres;2003;588
47;Valladolid;47133 Renedo de Esgueva;Mujeres;2002;570
47;Valladolid;47133 Renedo de Esgueva;Mujeres;2001;541
47;Valladolid;47133 Renedo de Esgueva;Mujeres;2000;442
47;Valladolid;47133 Renedo de Esgueva;Mujeres;1999;466
47;Valladolid;47133 Renedo de Esgueva;Mujeres;1998;466
47;Valladolid;47133 Renedo de Esgueva;Mujeres;1997;
47;Valladolid;47133 Renedo de Esgueva;Mujeres;1996;444
47;Valladolid;47134 Roales de Campos;Total;2023;165
47;Valladolid;47134 Roales de Campos;Total;2022;175
47;Valladolid;47134 Roales de Campos;Total;2021;160
47;Valladolid;47134 Roales de Campos;Total;2020;161
47;Valladolid;47134 Roales de Campos;Total;2019;157
47;Valladolid;47134 Roales de Campos;Total;2018;161
47;Valladolid;47134 Roales de Campos;Total;2017;163
47;Valladolid;47134 Roales de Campos;Total;2016;169
47;Valladolid;47134 Roales de Campos;Total;2015;174
47;Valladolid;47134 Roales de Campos;Total;2014;185
47;Valladolid;47134 Roales de Campos;Total;2013;195
47;Valladolid;47134 Roales de Campos;Total;2012;198
47;Valladolid;47134 Roales de Campos;Total;2011;203
47;Valladolid;47134 Roales de Campos;Total;2010;209
47;Valladolid;47134 Roales de Campos;Total;2009;221
47;Valladolid;47134 Roales de Campos;Total;2008;234
47;Valladolid;47134 Roales de Campos;Total;2007;239
47;Valladolid;47134 Roales de Campos;Total;2006;257
47;Valladolid;47134 Roales de Campos;Total;2005;240
47;Valladolid;47134 Roales de Campos;Total;2004;243
47;Valladolid;47134 Roales de Campos;Total;2003;248
47;Valladolid;47134 Roales de Campos;Total;2002;254
47;Valladolid;47134 Roales de Campos;Total;2001;252
47;Valladolid;47134 Roales de Campos;Total;2000;260
47;Valladolid;47134 Roales de Campos;Total;1999;254
47;Valladolid;47134 Roales de Campos;Total;1998;261
47;Valladolid;47134 Roales de Campos;Total;1997;
47;Valladolid;47134 Roales de Campos;Total;1996;266
47;Valladolid;47134 Roales de Campos;Hombres;2023;92
47;Valladolid;47134 Roales de Campos;Hombres;2022;98
47;Valladolid;47134 Roales de Campos;Hombres;2021;88
47;Valladolid;47134 Roales de Campos;Hombres;2020;89
47;Valladolid;47134 Roales de Campos;Hombres;2019;88
47;Valladolid;47134 Roales de Campos;Hombres;2018;88
47;Valladolid;47134 Roales de Campos;Hombres;2017;92
47;Valladolid;47134 Roales de Campos;Hombres;2016;96
47;Valladolid;47134 Roales de Campos;Hombres;2015;99
47;Valladolid;47134 Roales de Campos;Hombres;2014;102
47;Valladolid;47134 Roales de Campos;Hombres;2013;109
47;Valladolid;47134 Roales de Campos;Hombres;2012;110
47;Valladolid;47134 Roales de Campos;Hombres;2011;106
47;Valladolid;47134 Roales de Campos;Hombres;2010;110
47;Valladolid;47134 Roales de Campos;Hombres;2009;115
47;Valladolid;47134 Roales de Campos;Hombres;2008;123
47;Valladolid;47134 Roales de Campos;Hombres;2007;120
47;Valladolid;47134 Roales de Campos;Hombres;2006;128
47;Valladolid;47134 Roales de Campos;Hombres;2005;120
47;Valladolid;47134 Roales de Campos;Hombres;2004;116
47;Valladolid;47134 Roales de Campos;Hombres;2003;124
47;Valladolid;47134 Roales de Campos;Hombres;2002;127
47;Valladolid;47134 Roales de Campos;Hombres;2001;130
47;Valladolid;47134 Roales de Campos;Hombres;2000;133
47;Valladolid;47134 Roales de Campos;Hombres;1999;128
47;Valladolid;47134 Roales de Campos;Hombres;1998;132
47;Valladolid;47134 Roales de Campos;Hombres;1997;
47;Valladolid;47134 Roales de Campos;Hombres;1996;129
47;Valladolid;47134 Roales de Campos;Mujeres;2023;73
47;Valladolid;47134 Roales de Campos;Mujeres;2022;77
47;Valladolid;47134 Roales de Campos;Mujeres;2021;72
47;Valladolid;47134 Roales de Campos;Mujeres;2020;72
47;Valladolid;47134 Roales de Campos;Mujeres;2019;69
47;Valladolid;47134 Roales de Campos;Mujeres;2018;73
47;Valladolid;47134 Roales de Campos;Mujeres;2017;71
47;Valladolid;47134 Roales de Campos;Mujeres;2016;73
47;Valladolid;47134 Roales de Campos;Mujeres;2015;75
47;Valladolid;47134 Roales de Campos;Mujeres;2014;83
47;Valladolid;47134 Roales de Campos;Mujeres;2013;86
47;Valladolid;47134 Roales de Campos;Mujeres;2012;88
47;Valladolid;47134 Roales de Campos;Mujeres;2011;97
47;Valladolid;47134 Roales de Campos;Mujeres;2010;99
47;Valladolid;47134 Roales de Campos;Mujeres;2009;106
47;Valladolid;47134 Roales de Campos;Mujeres;2008;111
47;Valladolid;47134 Roales de Campos;Mujeres;2007;119
47;Valladolid;47134 Roales de Campos;Mujeres;2006;129
47;Valladolid;47134 Roales de Campos;Mujeres;2005;120
47;Valladolid;47134 Roales de Campos;Mujeres;2004;127
47;Valladolid;47134 Roales de Campos;Mujeres;2003;124
47;Valladolid;47134 Roales de Campos;Mujeres;2002;127
47;Valladolid;47134 Roales de Campos;Mujeres;2001;122
47;Valladolid;47134 Roales de Campos;Mujeres;2000;127
47;Valladolid;47134 Roales de Campos;Mujeres;1999;126
47;Valladolid;47134 Roales de Campos;Mujeres;1998;129
47;Valladolid;47134 Roales de Campos;Mujeres;1997;
47;Valladolid;47134 Roales de Campos;Mujeres;1996;137
47;Valladolid;47135 Robladillo;Total;2023;90
47;Valladolid;47135 Robladillo;Total;2022;87
47;Valladolid;47135 Robladillo;Total;2021;89
47;Valladolid;47135 Robladillo;Total;2020;91
47;Valladolid;47135 Robladillo;Total;2019;92
47;Valladolid;47135 Robladillo;Total;2018;97
47;Valladolid;47135 Robladillo;Total;2017;94
47;Valladolid;47135 Robladillo;Total;2016;95
47;Valladolid;47135 Robladillo;Total;2015;99
47;Valladolid;47135 Robladillo;Total;2014;95
47;Valladolid;47135 Robladillo;Total;2013;95
47;Valladolid;47135 Robladillo;Total;2012;98
47;Valladolid;47135 Robladillo;Total;2011;104
47;Valladolid;47135 Robladillo;Total;2010;105
47;Valladolid;47135 Robladillo;Total;2009;104
47;Valladolid;47135 Robladillo;Total;2008;101
47;Valladolid;47135 Robladillo;Total;2007;97
47;Valladolid;47135 Robladillo;Total;2006;103
47;Valladolid;47135 Robladillo;Total;2005;104
47;Valladolid;47135 Robladillo;Total;2004;108
47;Valladolid;47135 Robladillo;Total;2003;110
47;Valladolid;47135 Robladillo;Total;2002;104
47;Valladolid;47135 Robladillo;Total;2001;106
47;Valladolid;47135 Robladillo;Total;2000;106
47;Valladolid;47135 Robladillo;Total;1999;107
47;Valladolid;47135 Robladillo;Total;1998;107
47;Valladolid;47135 Robladillo;Total;1997;
47;Valladolid;47135 Robladillo;Total;1996;110
47;Valladolid;47135 Robladillo;Hombres;2023;52
47;Valladolid;47135 Robladillo;Hombres;2022;50
47;Valladolid;47135 Robladillo;Hombres;2021;52
47;Valladolid;47135 Robladillo;Hombres;2020;54
47;Valladolid;47135 Robladillo;Hombres;2019;54
47;Valladolid;47135 Robladillo;Hombres;2018;56
47;Valladolid;47135 Robladillo;Hombres;2017;54
47;Valladolid;47135 Robladillo;Hombres;2016;55
47;Valladolid;47135 Robladillo;Hombres;2015;59
47;Valladolid;47135 Robladillo;Hombres;2014;58
47;Valladolid;47135 Robladillo;Hombres;2013;57
47;Valladolid;47135 Robladillo;Hombres;2012;58
47;Valladolid;47135 Robladillo;Hombres;2011;59
47;Valladolid;47135 Robladillo;Hombres;2010;58
47;Valladolid;47135 Robladillo;Hombres;2009;52
47;Valladolid;47135 Robladillo;Hombres;2008;52
47;Valladolid;47135 Robladillo;Hombres;2007;48
47;Valladolid;47135 Robladillo;Hombres;2006;50
47;Valladolid;47135 Robladillo;Hombres;2005;48
47;Valladolid;47135 Robladillo;Hombres;2004;51
47;Valladolid;47135 Robladillo;Hombres;2003;52
47;Valladolid;47135 Robladillo;Hombres;2002;50
47;Valladolid;47135 Robladillo;Hombres;2001;51
47;Valladolid;47135 Robladillo;Hombres;2000;52
47;Valladolid;47135 Robladillo;Hombres;1999;53
47;Valladolid;47135 Robladillo;Hombres;1998;53
47;Valladolid;47135 Robladillo;Hombres;1997;
47;Valladolid;47135 Robladillo;Hombres;1996;54
47;Valladolid;47135 Robladillo;Mujeres;2023;38
47;Valladolid;47135 Robladillo;Mujeres;2022;37
47;Valladolid;47135 Robladillo;Mujeres;2021;37
47;Valladolid;47135 Robladillo;Mujeres;2020;37
47;Valladolid;47135 Robladillo;Mujeres;2019;38
47;Valladolid;47135 Robladillo;Mujeres;2018;41
47;Valladolid;47135 Robladillo;Mujeres;2017;40
47;Valladolid;47135 Robladillo;Mujeres;2016;40
47;Valladolid;47135 Robladillo;Mujeres;2015;40
47;Valladolid;47135 Robladillo;Mujeres;2014;37
47;Valladolid;47135 Robladillo;Mujeres;2013;38
47;Valladolid;47135 Robladillo;Mujeres;2012;40
47;Valladolid;47135 Robladillo;Mujeres;2011;45
47;Valladolid;47135 Robladillo;Mujeres;2010;47
47;Valladolid;47135 Robladillo;Mujeres;2009;52
47;Valladolid;47135 Robladillo;Mujeres;2008;49
47;Valladolid;47135 Robladillo;Mujeres;2007;49
47;Valladolid;47135 Robladillo;Mujeres;2006;53
47;Valladolid;47135 Robladillo;Mujeres;2005;56
47;Valladolid;47135 Robladillo;Mujeres;2004;57
47;Valladolid;47135 Robladillo;Mujeres;2003;58
47;Valladolid;47135 Robladillo;Mujeres;2002;54
47;Valladolid;47135 Robladillo;Mujeres;2001;55
47;Valladolid;47135 Robladillo;Mujeres;2000;54
47;Valladolid;47135 Robladillo;Mujeres;1999;54
47;Valladolid;47135 Robladillo;Mujeres;1998;54
47;Valladolid;47135 Robladillo;Mujeres;1997;
47;Valladolid;47135 Robladillo;Mujeres;1996;56
47;Valladolid;47137 Roturas;Total;2023;26
47;Valladolid;47137 Roturas;Total;2022;30
47;Valladolid;47137 Roturas;Total;2021;29
47;Valladolid;47137 Roturas;Total;2020;28
47;Valladolid;47137 Roturas;Total;2019;33
47;Valladolid;47137 Roturas;Total;2018;32
47;Valladolid;47137 Roturas;Total;2017;31
47;Valladolid;47137 Roturas;Total;2016;32
47;Valladolid;47137 Roturas;Total;2015;32
47;Valladolid;47137 Roturas;Total;2014;33
47;Valladolid;47137 Roturas;Total;2013;33
47;Valladolid;47137 Roturas;Total;2012;32
47;Valladolid;47137 Roturas;Total;2011;34
47;Valladolid;47137 Roturas;Total;2010;38
47;Valladolid;47137 Roturas;Total;2009;37
47;Valladolid;47137 Roturas;Total;2008;34
47;Valladolid;47137 Roturas;Total;2007;33
47;Valladolid;47137 Roturas;Total;2006;32
47;Valladolid;47137 Roturas;Total;2005;31
47;Valladolid;47137 Roturas;Total;2004;32
47;Valladolid;47137 Roturas;Total;2003;33
47;Valladolid;47137 Roturas;Total;2002;31
47;Valladolid;47137 Roturas;Total;2001;32
47;Valladolid;47137 Roturas;Total;2000;30
47;Valladolid;47137 Roturas;Total;1999;28
47;Valladolid;47137 Roturas;Total;1998;28
47;Valladolid;47137 Roturas;Total;1997;
47;Valladolid;47137 Roturas;Total;1996;29
47;Valladolid;47137 Roturas;Hombres;2023;16
47;Valladolid;47137 Roturas;Hombres;2022;19
47;Valladolid;47137 Roturas;Hombres;2021;18
47;Valladolid;47137 Roturas;Hombres;2020;17
47;Valladolid;47137 Roturas;Hombres;2019;20
47;Valladolid;47137 Roturas;Hombres;2018;19
47;Valladolid;47137 Roturas;Hombres;2017;19
47;Valladolid;47137 Roturas;Hombres;2016;19
47;Valladolid;47137 Roturas;Hombres;2015;19
47;Valladolid;47137 Roturas;Hombres;2014;19
47;Valladolid;47137 Roturas;Hombres;2013;18
47;Valladolid;47137 Roturas;Hombres;2012;18
47;Valladolid;47137 Roturas;Hombres;2011;18
47;Valladolid;47137 Roturas;Hombres;2010;20
47;Valladolid;47137 Roturas;Hombres;2009;19
47;Valladolid;47137 Roturas;Hombres;2008;18
47;Valladolid;47137 Roturas;Hombres;2007;18
47;Valladolid;47137 Roturas;Hombres;2006;17
47;Valladolid;47137 Roturas;Hombres;2005;16
47;Valladolid;47137 Roturas;Hombres;2004;16
47;Valladolid;47137 Roturas;Hombres;2003;18
47;Valladolid;47137 Roturas;Hombres;2002;17
47;Valladolid;47137 Roturas;Hombres;2001;17
47;Valladolid;47137 Roturas;Hombres;2000;15
47;Valladolid;47137 Roturas;Hombres;1999;15
47;Valladolid;47137 Roturas;Hombres;1998;16
47;Valladolid;47137 Roturas;Hombres;1997;
47;Valladolid;47137 Roturas;Hombres;1996;17
47;Valladolid;47137 Roturas;Mujeres;2023;10
47;Valladolid;47137 Roturas;Mujeres;2022;11
47;Valladolid;47137 Roturas;Mujeres;2021;11
47;Valladolid;47137 Roturas;Mujeres;2020;11
47;Valladolid;47137 Roturas;Mujeres;2019;13
47;Valladolid;47137 Roturas;Mujeres;2018;13
47;Valladolid;47137 Roturas;Mujeres;2017;12
47;Valladolid;47137 Roturas;Mujeres;2016;13
47;Valladolid;47137 Roturas;Mujeres;2015;13
47;Valladolid;47137 Roturas;Mujeres;2014;14
47;Valladolid;47137 Roturas;Mujeres;2013;15
47;Valladolid;47137 Roturas;Mujeres;2012;14
47;Valladolid;47137 Roturas;Mujeres;2011;16
47;Valladolid;47137 Roturas;Mujeres;2010;18
47;Valladolid;47137 Roturas;Mujeres;2009;18
47;Valladolid;47137 Roturas;Mujeres;2008;16
47;Valladolid;47137 Roturas;Mujeres;2007;15
47;Valladolid;47137 Roturas;Mujeres;2006;15
47;Valladolid;47137 Roturas;Mujeres;2005;15
47;Valladolid;47137 Roturas;Mujeres;2004;16
47;Valladolid;47137 Roturas;Mujeres;2003;15
47;Valladolid;47137 Roturas;Mujeres;2002;14
47;Valladolid;47137 Roturas;Mujeres;2001;15
47;Valladolid;47137 Roturas;Mujeres;2000;15
47;Valladolid;47137 Roturas;Mujeres;1999;13
47;Valladolid;47137 Roturas;Mujeres;1998;12
47;Valladolid;47137 Roturas;Mujeres;1997;
47;Valladolid;47137 Roturas;Mujeres;1996;12
47;Valladolid;47138 Rubí de Bracamonte;Total;2023;221
47;Valladolid;47138 Rubí de Bracamonte;Total;2022;213
47;Valladolid;47138 Rubí de Bracamonte;Total;2021;215
47;Valladolid;47138 Rubí de Bracamonte;Total;2020;228
47;Valladolid;47138 Rubí de Bracamonte;Total;2019;228
47;Valladolid;47138 Rubí de Bracamonte;Total;2018;235
47;Valladolid;47138 Rubí de Bracamonte;Total;2017;247
47;Valladolid;47138 Rubí de Bracamonte;Total;2016;234
47;Valladolid;47138 Rubí de Bracamonte;Total;2015;236
47;Valladolid;47138 Rubí de Bracamonte;Total;2014;247
47;Valladolid;47138 Rubí de Bracamonte;Total;2013;257
47;Valladolid;47138 Rubí de Bracamonte;Total;2012;279
47;Valladolid;47138 Rubí de Bracamonte;Total;2011;287
47;Valladolid;47138 Rubí de Bracamonte;Total;2010;280
47;Valladolid;47138 Rubí de Bracamonte;Total;2009;291
47;Valladolid;47138 Rubí de Bracamonte;Total;2008;309
47;Valladolid;47138 Rubí de Bracamonte;Total;2007;309
47;Valladolid;47138 Rubí de Bracamonte;Total;2006;313
47;Valladolid;47138 Rubí de Bracamonte;Total;2005;317
47;Valladolid;47138 Rubí de Bracamonte;Total;2004;305
47;Valladolid;47138 Rubí de Bracamonte;Total;2003;303
47;Valladolid;47138 Rubí de Bracamonte;Total;2002;314
47;Valladolid;47138 Rubí de Bracamonte;Total;2001;327
47;Valladolid;47138 Rubí de Bracamonte;Total;2000;333
47;Valladolid;47138 Rubí de Bracamonte;Total;1999;340
47;Valladolid;47138 Rubí de Bracamonte;Total;1998;352
47;Valladolid;47138 Rubí de Bracamonte;Total;1997;
47;Valladolid;47138 Rubí de Bracamonte;Total;1996;348
47;Valladolid;47138 Rubí de Bracamonte;Hombres;2023;126
47;Valladolid;47138 Rubí de Bracamonte;Hombres;2022;126
47;Valladolid;47138 Rubí de Bracamonte;Hombres;2021;123
47;Valladolid;47138 Rubí de Bracamonte;Hombres;2020;129
47;Valladolid;47138 Rubí de Bracamonte;Hombres;2019;129
47;Valladolid;47138 Rubí de Bracamonte;Hombres;2018;132
47;Valladolid;47138 Rubí de Bracamonte;Hombres;2017;139
47;Valladolid;47138 Rubí de Bracamonte;Hombres;2016;130
47;Valladolid;47138 Rubí de Bracamonte;Hombres;2015;130
47;Valladolid;47138 Rubí de Bracamonte;Hombres;2014;137
47;Valladolid;47138 Rubí de Bracamonte;Hombres;2013;145
47;Valladolid;47138 Rubí de Bracamonte;Hombres;2012;159
47;Valladolid;47138 Rubí de Bracamonte;Hombres;2011;157
47;Valladolid;47138 Rubí de Bracamonte;Hombres;2010;148
47;Valladolid;47138 Rubí de Bracamonte;Hombres;2009;154
47;Valladolid;47138 Rubí de Bracamonte;Hombres;2008;163
47;Valladolid;47138 Rubí de Bracamonte;Hombres;2007;163
47;Valladolid;47138 Rubí de Bracamonte;Hombres;2006;162
47;Valladolid;47138 Rubí de Bracamonte;Hombres;2005;163
47;Valladolid;47138 Rubí de Bracamonte;Hombres;2004;158
47;Valladolid;47138 Rubí de Bracamonte;Hombres;2003;158
47;Valladolid;47138 Rubí de Bracamonte;Hombres;2002;166
47;Valladolid;47138 Rubí de Bracamonte;Hombres;2001;169
47;Valladolid;47138 Rubí de Bracamonte;Hombres;2000;172
47;Valladolid;47138 Rubí de Bracamonte;Hombres;1999;177
47;Valladolid;47138 Rubí de Bracamonte;Hombres;1998;184
47;Valladolid;47138 Rubí de Bracamonte;Hombres;1997;
47;Valladolid;47138 Rubí de Bracamonte;Hombres;1996;182
47;Valladolid;47138 Rubí de Bracamonte;Mujeres;2023;95
47;Valladolid;47138 Rubí de Bracamonte;Mujeres;2022;87
47;Valladolid;47138 Rubí de Bracamonte;Mujeres;2021;92
47;Valladolid;47138 Rubí de Bracamonte;Mujeres;2020;99
47;Valladolid;47138 Rubí de Bracamonte;Mujeres;2019;99
47;Valladolid;47138 Rubí de Bracamonte;Mujeres;2018;103
47;Valladolid;47138 Rubí de Bracamonte;Mujeres;2017;108
47;Valladolid;47138 Rubí de Bracamonte;Mujeres;2016;104
47;Valladolid;47138 Rubí de Bracamonte;Mujeres;2015;106
47;Valladolid;47138 Rubí de Bracamonte;Mujeres;2014;110
47;Valladolid;47138 Rubí de Bracamonte;Mujeres;2013;112
47;Valladolid;47138 Rubí de Bracamonte;Mujeres;2012;120
47;Valladolid;47138 Rubí de Bracamonte;Mujeres;2011;130
47;Valladolid;47138 Rubí de Bracamonte;Mujeres;2010;132
47;Valladolid;47138 Rubí de Bracamonte;Mujeres;2009;137
47;Valladolid;47138 Rubí de Bracamonte;Mujeres;2008;146
47;Valladolid;47138 Rubí de Bracamonte;Mujeres;2007;146
47;Valladolid;47138 Rubí de Bracamonte;Mujeres;2006;151
47;Valladolid;47138 Rubí de Bracamonte;Mujeres;2005;154
47;Valladolid;47138 Rubí de Bracamonte;Mujeres;2004;147
47;Valladolid;47138 Rubí de Bracamonte;Mujeres;2003;145
47;Valladolid;47138 Rubí de Bracamonte;Mujeres;2002;148
47;Valladolid;47138 Rubí de Bracamonte;Mujeres;2001;158
47;Valladolid;47138 Rubí de Bracamonte;Mujeres;2000;161
47;Valladolid;47138 Rubí de Bracamonte;Mujeres;1999;163
47;Valladolid;47138 Rubí de Bracamonte;Mujeres;1998;168
47;Valladolid;47138 Rubí de Bracamonte;Mujeres;1997;
47;Valladolid;47138 Rubí de Bracamonte;Mujeres;1996;166
47;Valladolid;47139 Rueda;Total;2023;1118
47;Valladolid;47139 Rueda;Total;2022;1140
47;Valladolid;47139 Rueda;Total;2021;1204
47;Valladolid;47139 Rueda;Total;2020;1237
47;Valladolid;47139 Rueda;Total;2019;1254
47;Valladolid;47139 Rueda;Total;2018;1285
47;Valladolid;47139 Rueda;Total;2017;1300
47;Valladolid;47139 Rueda;Total;2016;1294
47;Valladolid;47139 Rueda;Total;2015;1312
47;Valladolid;47139 Rueda;Total;2014;1332
47;Valladolid;47139 Rueda;Total;2013;1343
47;Valladolid;47139 Rueda;Total;2012;1416
47;Valladolid;47139 Rueda;Total;2011;1421
47;Valladolid;47139 Rueda;Total;2010;1421
47;Valladolid;47139 Rueda;Total;2009;1413
47;Valladolid;47139 Rueda;Total;2008;1418
47;Valladolid;47139 Rueda;Total;2007;1402
47;Valladolid;47139 Rueda;Total;2006;1423
47;Valladolid;47139 Rueda;Total;2005;1425
47;Valladolid;47139 Rueda;Total;2004;1451
47;Valladolid;47139 Rueda;Total;2003;1415
47;Valladolid;47139 Rueda;Total;2002;1434
47;Valladolid;47139 Rueda;Total;2001;1423
47;Valladolid;47139 Rueda;Total;2000;1436
47;Valladolid;47139 Rueda;Total;1999;1495
47;Valladolid;47139 Rueda;Total;1998;1495
47;Valladolid;47139 Rueda;Total;1997;
47;Valladolid;47139 Rueda;Total;1996;1514
47;Valladolid;47139 Rueda;Hombres;2023;574
47;Valladolid;47139 Rueda;Hombres;2022;592
47;Valladolid;47139 Rueda;Hombres;2021;632
47;Valladolid;47139 Rueda;Hombres;2020;645
47;Valladolid;47139 Rueda;Hombres;2019;645
47;Valladolid;47139 Rueda;Hombres;2018;663
47;Valladolid;47139 Rueda;Hombres;2017;672
47;Valladolid;47139 Rueda;Hombres;2016;663
47;Valladolid;47139 Rueda;Hombres;2015;678
47;Valladolid;47139 Rueda;Hombres;2014;688
47;Valladolid;47139 Rueda;Hombres;2013;691
47;Valladolid;47139 Rueda;Hombres;2012;738
47;Valladolid;47139 Rueda;Hombres;2011;737
47;Valladolid;47139 Rueda;Hombres;2010;737
47;Valladolid;47139 Rueda;Hombres;2009;733
47;Valladolid;47139 Rueda;Hombres;2008;731
47;Valladolid;47139 Rueda;Hombres;2007;721
47;Valladolid;47139 Rueda;Hombres;2006;725
47;Valladolid;47139 Rueda;Hombres;2005;733
47;Valladolid;47139 Rueda;Hombres;2004;739
47;Valladolid;47139 Rueda;Hombres;2003;720
47;Valladolid;47139 Rueda;Hombres;2002;737
47;Valladolid;47139 Rueda;Hombres;2001;732
47;Valladolid;47139 Rueda;Hombres;2000;731
47;Valladolid;47139 Rueda;Hombres;1999;764
47;Valladolid;47139 Rueda;Hombres;1998;764
47;Valladolid;47139 Rueda;Hombres;1997;
47;Valladolid;47139 Rueda;Hombres;1996;785
47;Valladolid;47139 Rueda;Mujeres;2023;544
47;Valladolid;47139 Rueda;Mujeres;2022;548
47;Valladolid;47139 Rueda;Mujeres;2021;572
47;Valladolid;47139 Rueda;Mujeres;2020;592
47;Valladolid;47139 Rueda;Mujeres;2019;609
47;Valladolid;47139 Rueda;Mujeres;2018;622
47;Valladolid;47139 Rueda;Mujeres;2017;628
47;Valladolid;47139 Rueda;Mujeres;2016;631
47;Valladolid;47139 Rueda;Mujeres;2015;634
47;Valladolid;47139 Rueda;Mujeres;2014;644
47;Valladolid;47139 Rueda;Mujeres;2013;652
47;Valladolid;47139 Rueda;Mujeres;2012;678
47;Valladolid;47139 Rueda;Mujeres;2011;684
47;Valladolid;47139 Rueda;Mujeres;2010;684
47;Valladolid;47139 Rueda;Mujeres;2009;680
47;Valladolid;47139 Rueda;Mujeres;2008;687
47;Valladolid;47139 Rueda;Mujeres;2007;681
47;Valladolid;47139 Rueda;Mujeres;2006;698
47;Valladolid;47139 Rueda;Mujeres;2005;692
47;Valladolid;47139 Rueda;Mujeres;2004;712
47;Valladolid;47139 Rueda;Mujeres;2003;695
47;Valladolid;47139 Rueda;Mujeres;2002;697
47;Valladolid;47139 Rueda;Mujeres;2001;691
47;Valladolid;47139 Rueda;Mujeres;2000;705
47;Valladolid;47139 Rueda;Mujeres;1999;731
47;Valladolid;47139 Rueda;Mujeres;1998;731
47;Valladolid;47139 Rueda;Mujeres;1997;
47;Valladolid;47139 Rueda;Mujeres;1996;729
47;Valladolid;47140 Saelices de Mayorga;Total;2023;112
47;Valladolid;47140 Saelices de Mayorga;Total;2022;110
47;Valladolid;47140 Saelices de Mayorga;Total;2021;113
47;Valladolid;47140 Saelices de Mayorga;Total;2020;108
47;Valladolid;47140 Saelices de Mayorga;Total;2019;113
47;Valladolid;47140 Saelices de Mayorga;Total;2018;114
47;Valladolid;47140 Saelices de Mayorga;Total;2017;119
47;Valladolid;47140 Saelices de Mayorga;Total;2016;117
47;Valladolid;47140 Saelices de Mayorga;Total;2015;123
47;Valladolid;47140 Saelices de Mayorga;Total;2014;127
47;Valladolid;47140 Saelices de Mayorga;Total;2013;128
47;Valladolid;47140 Saelices de Mayorga;Total;2012;134
47;Valladolid;47140 Saelices de Mayorga;Total;2011;139
47;Valladolid;47140 Saelices de Mayorga;Total;2010;141
47;Valladolid;47140 Saelices de Mayorga;Total;2009;143
47;Valladolid;47140 Saelices de Mayorga;Total;2008;156
47;Valladolid;47140 Saelices de Mayorga;Total;2007;163
47;Valladolid;47140 Saelices de Mayorga;Total;2006;176
47;Valladolid;47140 Saelices de Mayorga;Total;2005;183
47;Valladolid;47140 Saelices de Mayorga;Total;2004;179
47;Valladolid;47140 Saelices de Mayorga;Total;2003;187
47;Valladolid;47140 Saelices de Mayorga;Total;2002;196
47;Valladolid;47140 Saelices de Mayorga;Total;2001;191
47;Valladolid;47140 Saelices de Mayorga;Total;2000;196
47;Valladolid;47140 Saelices de Mayorga;Total;1999;195
47;Valladolid;47140 Saelices de Mayorga;Total;1998;195
47;Valladolid;47140 Saelices de Mayorga;Total;1997;
47;Valladolid;47140 Saelices de Mayorga;Total;1996;208
47;Valladolid;47140 Saelices de Mayorga;Hombres;2023;71
47;Valladolid;47140 Saelices de Mayorga;Hombres;2022;69
47;Valladolid;47140 Saelices de Mayorga;Hombres;2021;69
47;Valladolid;47140 Saelices de Mayorga;Hombres;2020;66
47;Valladolid;47140 Saelices de Mayorga;Hombres;2019;70
47;Valladolid;47140 Saelices de Mayorga;Hombres;2018;73
47;Valladolid;47140 Saelices de Mayorga;Hombres;2017;73
47;Valladolid;47140 Saelices de Mayorga;Hombres;2016;73
47;Valladolid;47140 Saelices de Mayorga;Hombres;2015;73
47;Valladolid;47140 Saelices de Mayorga;Hombres;2014;72
47;Valladolid;47140 Saelices de Mayorga;Hombres;2013;74
47;Valladolid;47140 Saelices de Mayorga;Hombres;2012;77
47;Valladolid;47140 Saelices de Mayorga;Hombres;2011;78
47;Valladolid;47140 Saelices de Mayorga;Hombres;2010;78
47;Valladolid;47140 Saelices de Mayorga;Hombres;2009;77
47;Valladolid;47140 Saelices de Mayorga;Hombres;2008;85
47;Valladolid;47140 Saelices de Mayorga;Hombres;2007;89
47;Valladolid;47140 Saelices de Mayorga;Hombres;2006;95
47;Valladolid;47140 Saelices de Mayorga;Hombres;2005;98
47;Valladolid;47140 Saelices de Mayorga;Hombres;2004;96
47;Valladolid;47140 Saelices de Mayorga;Hombres;2003;101
47;Valladolid;47140 Saelices de Mayorga;Hombres;2002;107
47;Valladolid;47140 Saelices de Mayorga;Hombres;2001;99
47;Valladolid;47140 Saelices de Mayorga;Hombres;2000;97
47;Valladolid;47140 Saelices de Mayorga;Hombres;1999;101
47;Valladolid;47140 Saelices de Mayorga;Hombres;1998;101
47;Valladolid;47140 Saelices de Mayorga;Hombres;1997;
47;Valladolid;47140 Saelices de Mayorga;Hombres;1996;109
47;Valladolid;47140 Saelices de Mayorga;Mujeres;2023;41
47;Valladolid;47140 Saelices de Mayorga;Mujeres;2022;41
47;Valladolid;47140 Saelices de Mayorga;Mujeres;2021;44
47;Valladolid;47140 Saelices de Mayorga;Mujeres;2020;42
47;Valladolid;47140 Saelices de Mayorga;Mujeres;2019;43
47;Valladolid;47140 Saelices de Mayorga;Mujeres;2018;41
47;Valladolid;47140 Saelices de Mayorga;Mujeres;2017;46
47;Valladolid;47140 Saelices de Mayorga;Mujeres;2016;44
47;Valladolid;47140 Saelices de Mayorga;Mujeres;2015;50
47;Valladolid;47140 Saelices de Mayorga;Mujeres;2014;55
47;Valladolid;47140 Saelices de Mayorga;Mujeres;2013;54
47;Valladolid;47140 Saelices de Mayorga;Mujeres;2012;57
47;Valladolid;47140 Saelices de Mayorga;Mujeres;2011;61
47;Valladolid;47140 Saelices de Mayorga;Mujeres;2010;63
47;Valladolid;47140 Saelices de Mayorga;Mujeres;2009;66
47;Valladolid;47140 Saelices de Mayorga;Mujeres;2008;71
47;Valladolid;47140 Saelices de Mayorga;Mujeres;2007;74
47;Valladolid;47140 Saelices de Mayorga;Mujeres;2006;81
47;Valladolid;47140 Saelices de Mayorga;Mujeres;2005;85
47;Valladolid;47140 Saelices de Mayorga;Mujeres;2004;83
47;Valladolid;47140 Saelices de Mayorga;Mujeres;2003;86
47;Valladolid;47140 Saelices de Mayorga;Mujeres;2002;89
47;Valladolid;47140 Saelices de Mayorga;Mujeres;2001;92
47;Valladolid;47140 Saelices de Mayorga;Mujeres;2000;99
47;Valladolid;47140 Saelices de Mayorga;Mujeres;1999;94
47;Valladolid;47140 Saelices de Mayorga;Mujeres;1998;94
47;Valladolid;47140 Saelices de Mayorga;Mujeres;1997;
47;Valladolid;47140 Saelices de Mayorga;Mujeres;1996;99
47;Valladolid;47141 Salvador de Zapardiel;Total;2023;106
47;Valladolid;47141 Salvador de Zapardiel;Total;2022;105
47;Valladolid;47141 Salvador de Zapardiel;Total;2021;110
47;Valladolid;47141 Salvador de Zapardiel;Total;2020;116
47;Valladolid;47141 Salvador de Zapardiel;Total;2019;120
47;Valladolid;47141 Salvador de Zapardiel;Total;2018;130
47;Valladolid;47141 Salvador de Zapardiel;Total;2017;135
47;Valladolid;47141 Salvador de Zapardiel;Total;2016;136
47;Valladolid;47141 Salvador de Zapardiel;Total;2015;139
47;Valladolid;47141 Salvador de Zapardiel;Total;2014;144
47;Valladolid;47141 Salvador de Zapardiel;Total;2013;146
47;Valladolid;47141 Salvador de Zapardiel;Total;2012;151
47;Valladolid;47141 Salvador de Zapardiel;Total;2011;159
47;Valladolid;47141 Salvador de Zapardiel;Total;2010;163
47;Valladolid;47141 Salvador de Zapardiel;Total;2009;167
47;Valladolid;47141 Salvador de Zapardiel;Total;2008;172
47;Valladolid;47141 Salvador de Zapardiel;Total;2007;171
47;Valladolid;47141 Salvador de Zapardiel;Total;2006;175
47;Valladolid;47141 Salvador de Zapardiel;Total;2005;182
47;Valladolid;47141 Salvador de Zapardiel;Total;2004;188
47;Valladolid;47141 Salvador de Zapardiel;Total;2003;191
47;Valladolid;47141 Salvador de Zapardiel;Total;2002;190
47;Valladolid;47141 Salvador de Zapardiel;Total;2001;192
47;Valladolid;47141 Salvador de Zapardiel;Total;2000;199
47;Valladolid;47141 Salvador de Zapardiel;Total;1999;203
47;Valladolid;47141 Salvador de Zapardiel;Total;1998;207
47;Valladolid;47141 Salvador de Zapardiel;Total;1997;
47;Valladolid;47141 Salvador de Zapardiel;Total;1996;208
47;Valladolid;47141 Salvador de Zapardiel;Hombres;2023;60
47;Valladolid;47141 Salvador de Zapardiel;Hombres;2022;59
47;Valladolid;47141 Salvador de Zapardiel;Hombres;2021;64
47;Valladolid;47141 Salvador de Zapardiel;Hombres;2020;67
47;Valladolid;47141 Salvador de Zapardiel;Hombres;2019;71
47;Valladolid;47141 Salvador de Zapardiel;Hombres;2018;74
47;Valladolid;47141 Salvador de Zapardiel;Hombres;2017;77
47;Valladolid;47141 Salvador de Zapardiel;Hombres;2016;78
47;Valladolid;47141 Salvador de Zapardiel;Hombres;2015;81
47;Valladolid;47141 Salvador de Zapardiel;Hombres;2014;83
47;Valladolid;47141 Salvador de Zapardiel;Hombres;2013;84
47;Valladolid;47141 Salvador de Zapardiel;Hombres;2012;84
47;Valladolid;47141 Salvador de Zapardiel;Hombres;2011;90
47;Valladolid;47141 Salvador de Zapardiel;Hombres;2010;91
47;Valladolid;47141 Salvador de Zapardiel;Hombres;2009;95
47;Valladolid;47141 Salvador de Zapardiel;Hombres;2008;97
47;Valladolid;47141 Salvador de Zapardiel;Hombres;2007;96
47;Valladolid;47141 Salvador de Zapardiel;Hombres;2006;98
47;Valladolid;47141 Salvador de Zapardiel;Hombres;2005;103
47;Valladolid;47141 Salvador de Zapardiel;Hombres;2004;104
47;Valladolid;47141 Salvador de Zapardiel;Hombres;2003;105
47;Valladolid;47141 Salvador de Zapardiel;Hombres;2002;103
47;Valladolid;47141 Salvador de Zapardiel;Hombres;2001;105
47;Valladolid;47141 Salvador de Zapardiel;Hombres;2000;109
47;Valladolid;47141 Salvador de Zapardiel;Hombres;1999;110
47;Valladolid;47141 Salvador de Zapardiel;Hombres;1998;112
47;Valladolid;47141 Salvador de Zapardiel;Hombres;1997;
47;Valladolid;47141 Salvador de Zapardiel;Hombres;1996;111
47;Valladolid;47141 Salvador de Zapardiel;Mujeres;2023;46
47;Valladolid;47141 Salvador de Zapardiel;Mujeres;2022;46
47;Valladolid;47141 Salvador de Zapardiel;Mujeres;2021;46
47;Valladolid;47141 Salvador de Zapardiel;Mujeres;2020;49
47;Valladolid;47141 Salvador de Zapardiel;Mujeres;2019;49
47;Valladolid;47141 Salvador de Zapardiel;Mujeres;2018;56
47;Valladolid;47141 Salvador de Zapardiel;Mujeres;2017;58
47;Valladolid;47141 Salvador de Zapardiel;Mujeres;2016;58
47;Valladolid;47141 Salvador de Zapardiel;Mujeres;2015;58
47;Valladolid;47141 Salvador de Zapardiel;Mujeres;2014;61
47;Valladolid;47141 Salvador de Zapardiel;Mujeres;2013;62
47;Valladolid;47141 Salvador de Zapardiel;Mujeres;2012;67
47;Valladolid;47141 Salvador de Zapardiel;Mujeres;2011;69
47;Valladolid;47141 Salvador de Zapardiel;Mujeres;2010;72
47;Valladolid;47141 Salvador de Zapardiel;Mujeres;2009;72
47;Valladolid;47141 Salvador de Zapardiel;Mujeres;2008;75
47;Valladolid;47141 Salvador de Zapardiel;Mujeres;2007;75
47;Valladolid;47141 Salvador de Zapardiel;Mujeres;2006;77
47;Valladolid;47141 Salvador de Zapardiel;Mujeres;2005;79
47;Valladolid;47141 Salvador de Zapardiel;Mujeres;2004;84
47;Valladolid;47141 Salvador de Zapardiel;Mujeres;2003;86
47;Valladolid;47141 Salvador de Zapardiel;Mujeres;2002;87
47;Valladolid;47141 Salvador de Zapardiel;Mujeres;2001;87
47;Valladolid;47141 Salvador de Zapardiel;Mujeres;2000;90
47;Valladolid;47141 Salvador de Zapardiel;Mujeres;1999;93
47;Valladolid;47141 Salvador de Zapardiel;Mujeres;1998;95
47;Valladolid;47141 Salvador de Zapardiel;Mujeres;1997;
47;Valladolid;47141 Salvador de Zapardiel;Mujeres;1996;97
47;Valladolid;47142 San Cebrián de Mazote;Total;2023;114
47;Valladolid;47142 San Cebrián de Mazote;Total;2022;114
47;Valladolid;47142 San Cebrián de Mazote;Total;2021;122
47;Valladolid;47142 San Cebrián de Mazote;Total;2020;129
47;Valladolid;47142 San Cebrián de Mazote;Total;2019;135
47;Valladolid;47142 San Cebrián de Mazote;Total;2018;140
47;Valladolid;47142 San Cebrián de Mazote;Total;2017;147
47;Valladolid;47142 San Cebrián de Mazote;Total;2016;159
47;Valladolid;47142 San Cebrián de Mazote;Total;2015;177
47;Valladolid;47142 San Cebrián de Mazote;Total;2014;186
47;Valladolid;47142 San Cebrián de Mazote;Total;2013;192
47;Valladolid;47142 San Cebrián de Mazote;Total;2012;183
47;Valladolid;47142 San Cebrián de Mazote;Total;2011;180
47;Valladolid;47142 San Cebrián de Mazote;Total;2010;172
47;Valladolid;47142 San Cebrián de Mazote;Total;2009;178
47;Valladolid;47142 San Cebrián de Mazote;Total;2008;179
47;Valladolid;47142 San Cebrián de Mazote;Total;2007;182
47;Valladolid;47142 San Cebrián de Mazote;Total;2006;180
47;Valladolid;47142 San Cebrián de Mazote;Total;2005;187
47;Valladolid;47142 San Cebrián de Mazote;Total;2004;200
47;Valladolid;47142 San Cebrián de Mazote;Total;2003;211
47;Valladolid;47142 San Cebrián de Mazote;Total;2002;204
47;Valladolid;47142 San Cebrián de Mazote;Total;2001;209
47;Valladolid;47142 San Cebrián de Mazote;Total;2000;218
47;Valladolid;47142 San Cebrián de Mazote;Total;1999;234
47;Valladolid;47142 San Cebrián de Mazote;Total;1998;239
47;Valladolid;47142 San Cebrián de Mazote;Total;1997;
47;Valladolid;47142 San Cebrián de Mazote;Total;1996;247
47;Valladolid;47142 San Cebrián de Mazote;Hombres;2023;66
47;Valladolid;47142 San Cebrián de Mazote;Hombres;2022;67
47;Valladolid;47142 San Cebrián de Mazote;Hombres;2021;71
47;Valladolid;47142 San Cebrián de Mazote;Hombres;2020;77
47;Valladolid;47142 San Cebrián de Mazote;Hombres;2019;82
47;Valladolid;47142 San Cebrián de Mazote;Hombres;2018;86
47;Valladolid;47142 San Cebrián de Mazote;Hombres;2017;88
47;Valladolid;47142 San Cebrián de Mazote;Hombres;2016;93
47;Valladolid;47142 San Cebrián de Mazote;Hombres;2015;102
47;Valladolid;47142 San Cebrián de Mazote;Hombres;2014;110
47;Valladolid;47142 San Cebrián de Mazote;Hombres;2013;116
47;Valladolid;47142 San Cebrián de Mazote;Hombres;2012;108
47;Valladolid;47142 San Cebrián de Mazote;Hombres;2011;104
47;Valladolid;47142 San Cebrián de Mazote;Hombres;2010;99
47;Valladolid;47142 San Cebrián de Mazote;Hombres;2009;98
47;Valladolid;47142 San Cebrián de Mazote;Hombres;2008;99
47;Valladolid;47142 San Cebrián de Mazote;Hombres;2007;99
47;Valladolid;47142 San Cebrián de Mazote;Hombres;2006;98
47;Valladolid;47142 San Cebrián de Mazote;Hombres;2005;105
47;Valladolid;47142 San Cebrián de Mazote;Hombres;2004;109
47;Valladolid;47142 San Cebrián de Mazote;Hombres;2003;114
47;Valladolid;47142 San Cebrián de Mazote;Hombres;2002;111
47;Valladolid;47142 San Cebrián de Mazote;Hombres;2001;112
47;Valladolid;47142 San Cebrián de Mazote;Hombres;2000;118
47;Valladolid;47142 San Cebrián de Mazote;Hombres;1999;126
47;Valladolid;47142 San Cebrián de Mazote;Hombres;1998;129
47;Valladolid;47142 San Cebrián de Mazote;Hombres;1997;
47;Valladolid;47142 San Cebrián de Mazote;Hombres;1996;132
47;Valladolid;47142 San Cebrián de Mazote;Mujeres;2023;48
47;Valladolid;47142 San Cebrián de Mazote;Mujeres;2022;47
47;Valladolid;47142 San Cebrián de Mazote;Mujeres;2021;51
47;Valladolid;47142 San Cebrián de Mazote;Mujeres;2020;52
47;Valladolid;47142 San Cebrián de Mazote;Mujeres;2019;53
47;Valladolid;47142 San Cebrián de Mazote;Mujeres;2018;54
47;Valladolid;47142 San Cebrián de Mazote;Mujeres;2017;59
47;Valladolid;47142 San Cebrián de Mazote;Mujeres;2016;66
47;Valladolid;47142 San Cebrián de Mazote;Mujeres;2015;75
47;Valladolid;47142 San Cebrián de Mazote;Mujeres;2014;76
47;Valladolid;47142 San Cebrián de Mazote;Mujeres;2013;76
47;Valladolid;47142 San Cebrián de Mazote;Mujeres;2012;75
47;Valladolid;47142 San Cebrián de Mazote;Mujeres;2011;76
47;Valladolid;47142 San Cebrián de Mazote;Mujeres;2010;73
47;Valladolid;47142 San Cebrián de Mazote;Mujeres;2009;80
47;Valladolid;47142 San Cebrián de Mazote;Mujeres;2008;80
47;Valladolid;47142 San Cebrián de Mazote;Mujeres;2007;83
47;Valladolid;47142 San Cebrián de Mazote;Mujeres;2006;82
47;Valladolid;47142 San Cebrián de Mazote;Mujeres;2005;82
47;Valladolid;47142 San Cebrián de Mazote;Mujeres;2004;91
47;Valladolid;47142 San Cebrián de Mazote;Mujeres;2003;97
47;Valladolid;47142 San Cebrián de Mazote;Mujeres;2002;93
47;Valladolid;47142 San Cebrián de Mazote;Mujeres;2001;97
47;Valladolid;47142 San Cebrián de Mazote;Mujeres;2000;100
47;Valladolid;47142 San Cebrián de Mazote;Mujeres;1999;108
47;Valladolid;47142 San Cebrián de Mazote;Mujeres;1998;110
47;Valladolid;47142 San Cebrián de Mazote;Mujeres;1997;
47;Valladolid;47142 San Cebrián de Mazote;Mujeres;1996;115
47;Valladolid;47143 San Llorente;Total;2023;100
47;Valladolid;47143 San Llorente;Total;2022;105
47;Valladolid;47143 San Llorente;Total;2021;110
47;Valladolid;47143 San Llorente;Total;2020;105
47;Valladolid;47143 San Llorente;Total;2019;113
47;Valladolid;47143 San Llorente;Total;2018;117
47;Valladolid;47143 San Llorente;Total;2017;120
47;Valladolid;47143 San Llorente;Total;2016;124
47;Valladolid;47143 San Llorente;Total;2015;135
47;Valladolid;47143 San Llorente;Total;2014;141
47;Valladolid;47143 San Llorente;Total;2013;147
47;Valladolid;47143 San Llorente;Total;2012;152
47;Valladolid;47143 San Llorente;Total;2011;160
47;Valladolid;47143 San Llorente;Total;2010;165
47;Valladolid;47143 San Llorente;Total;2009;171
47;Valladolid;47143 San Llorente;Total;2008;172
47;Valladolid;47143 San Llorente;Total;2007;172
47;Valladolid;47143 San Llorente;Total;2006;166
47;Valladolid;47143 San Llorente;Total;2005;177
47;Valladolid;47143 San Llorente;Total;2004;178
47;Valladolid;47143 San Llorente;Total;2003;188
47;Valladolid;47143 San Llorente;Total;2002;197
47;Valladolid;47143 San Llorente;Total;2001;202
47;Valladolid;47143 San Llorente;Total;2000;203
47;Valladolid;47143 San Llorente;Total;1999;209
47;Valladolid;47143 San Llorente;Total;1998;211
47;Valladolid;47143 San Llorente;Total;1997;
47;Valladolid;47143 San Llorente;Total;1996;215
47;Valladolid;47143 San Llorente;Hombres;2023;59
47;Valladolid;47143 San Llorente;Hombres;2022;60
47;Valladolid;47143 San Llorente;Hombres;2021;63
47;Valladolid;47143 San Llorente;Hombres;2020;62
47;Valladolid;47143 San Llorente;Hombres;2019;62
47;Valladolid;47143 San Llorente;Hombres;2018;65
47;Valladolid;47143 San Llorente;Hombres;2017;66
47;Valladolid;47143 San Llorente;Hombres;2016;72
47;Valladolid;47143 San Llorente;Hombres;2015;76
47;Valladolid;47143 San Llorente;Hombres;2014;80
47;Valladolid;47143 San Llorente;Hombres;2013;84
47;Valladolid;47143 San Llorente;Hombres;2012;86
47;Valladolid;47143 San Llorente;Hombres;2011;87
47;Valladolid;47143 San Llorente;Hombres;2010;90
47;Valladolid;47143 San Llorente;Hombres;2009;93
47;Valladolid;47143 San Llorente;Hombres;2008;94
47;Valladolid;47143 San Llorente;Hombres;2007;93
47;Valladolid;47143 San Llorente;Hombres;2006;90
47;Valladolid;47143 San Llorente;Hombres;2005;97
47;Valladolid;47143 San Llorente;Hombres;2004;97
47;Valladolid;47143 San Llorente;Hombres;2003;105
47;Valladolid;47143 San Llorente;Hombres;2002;107
47;Valladolid;47143 San Llorente;Hombres;2001;110
47;Valladolid;47143 San Llorente;Hombres;2000;110
47;Valladolid;47143 San Llorente;Hombres;1999;112
47;Valladolid;47143 San Llorente;Hombres;1998;112
47;Valladolid;47143 San Llorente;Hombres;1997;
47;Valladolid;47143 San Llorente;Hombres;1996;114
47;Valladolid;47143 San Llorente;Mujeres;2023;41
47;Valladolid;47143 San Llorente;Mujeres;2022;45
47;Valladolid;47143 San Llorente;Mujeres;2021;47
47;Valladolid;47143 San Llorente;Mujeres;2020;43
47;Valladolid;47143 San Llorente;Mujeres;2019;51
47;Valladolid;47143 San Llorente;Mujeres;2018;52
47;Valladolid;47143 San Llorente;Mujeres;2017;54
47;Valladolid;47143 San Llorente;Mujeres;2016;52
47;Valladolid;47143 San Llorente;Mujeres;2015;59
47;Valladolid;47143 San Llorente;Mujeres;2014;61
47;Valladolid;47143 San Llorente;Mujeres;2013;63
47;Valladolid;47143 San Llorente;Mujeres;2012;66
47;Valladolid;47143 San Llorente;Mujeres;2011;73
47;Valladolid;47143 San Llorente;Mujeres;2010;75
47;Valladolid;47143 San Llorente;Mujeres;2009;78
47;Valladolid;47143 San Llorente;Mujeres;2008;78
47;Valladolid;47143 San Llorente;Mujeres;2007;79
47;Valladolid;47143 San Llorente;Mujeres;2006;76
47;Valladolid;47143 San Llorente;Mujeres;2005;80
47;Valladolid;47143 San Llorente;Mujeres;2004;81
47;Valladolid;47143 San Llorente;Mujeres;2003;83
47;Valladolid;47143 San Llorente;Mujeres;2002;90
47;Valladolid;47143 San Llorente;Mujeres;2001;92
47;Valladolid;47143 San Llorente;Mujeres;2000;93
47;Valladolid;47143 San Llorente;Mujeres;1999;97
47;Valladolid;47143 San Llorente;Mujeres;1998;99
47;Valladolid;47143 San Llorente;Mujeres;1997;
47;Valladolid;47143 San Llorente;Mujeres;1996;101
47;Valladolid;47144 San Martín de Valvení;Total;2023;89
47;Valladolid;47144 San Martín de Valvení;Total;2022;78
47;Valladolid;47144 San Martín de Valvení;Total;2021;80
47;Valladolid;47144 San Martín de Valvení;Total;2020;81
47;Valladolid;47144 San Martín de Valvení;Total;2019;83
47;Valladolid;47144 San Martín de Valvení;Total;2018;86
47;Valladolid;47144 San Martín de Valvení;Total;2017;85
47;Valladolid;47144 San Martín de Valvení;Total;2016;87
47;Valladolid;47144 San Martín de Valvení;Total;2015;88
47;Valladolid;47144 San Martín de Valvení;Total;2014;91
47;Valladolid;47144 San Martín de Valvení;Total;2013;94
47;Valladolid;47144 San Martín de Valvení;Total;2012;98
47;Valladolid;47144 San Martín de Valvení;Total;2011;107
47;Valladolid;47144 San Martín de Valvení;Total;2010;106
47;Valladolid;47144 San Martín de Valvení;Total;2009;99
47;Valladolid;47144 San Martín de Valvení;Total;2008;98
47;Valladolid;47144 San Martín de Valvení;Total;2007;100
47;Valladolid;47144 San Martín de Valvení;Total;2006;103
47;Valladolid;47144 San Martín de Valvení;Total;2005;98
47;Valladolid;47144 San Martín de Valvení;Total;2004;105
47;Valladolid;47144 San Martín de Valvení;Total;2003;101
47;Valladolid;47144 San Martín de Valvení;Total;2002;104
47;Valladolid;47144 San Martín de Valvení;Total;2001;104
47;Valladolid;47144 San Martín de Valvení;Total;2000;108
47;Valladolid;47144 San Martín de Valvení;Total;1999;118
47;Valladolid;47144 San Martín de Valvení;Total;1998;119
47;Valladolid;47144 San Martín de Valvení;Total;1997;
47;Valladolid;47144 San Martín de Valvení;Total;1996;117
47;Valladolid;47144 San Martín de Valvení;Hombres;2023;46
47;Valladolid;47144 San Martín de Valvení;Hombres;2022;43
47;Valladolid;47144 San Martín de Valvení;Hombres;2021;43
47;Valladolid;47144 San Martín de Valvení;Hombres;2020;45
47;Valladolid;47144 San Martín de Valvení;Hombres;2019;45
47;Valladolid;47144 San Martín de Valvení;Hombres;2018;48
47;Valladolid;47144 San Martín de Valvení;Hombres;2017;47
47;Valladolid;47144 San Martín de Valvení;Hombres;2016;48
47;Valladolid;47144 San Martín de Valvení;Hombres;2015;48
47;Valladolid;47144 San Martín de Valvení;Hombres;2014;52
47;Valladolid;47144 San Martín de Valvení;Hombres;2013;53
47;Valladolid;47144 San Martín de Valvení;Hombres;2012;56
47;Valladolid;47144 San Martín de Valvení;Hombres;2011;61
47;Valladolid;47144 San Martín de Valvení;Hombres;2010;58
47;Valladolid;47144 San Martín de Valvení;Hombres;2009;53
47;Valladolid;47144 San Martín de Valvení;Hombres;2008;53
47;Valladolid;47144 San Martín de Valvení;Hombres;2007;54
47;Valladolid;47144 San Martín de Valvení;Hombres;2006;56
47;Valladolid;47144 San Martín de Valvení;Hombres;2005;52
47;Valladolid;47144 San Martín de Valvení;Hombres;2004;56
47;Valladolid;47144 San Martín de Valvení;Hombres;2003;54
47;Valladolid;47144 San Martín de Valvení;Hombres;2002;56
47;Valladolid;47144 San Martín de Valvení;Hombres;2001;57
47;Valladolid;47144 San Martín de Valvení;Hombres;2000;61
47;Valladolid;47144 San Martín de Valvení;Hombres;1999;69
47;Valladolid;47144 San Martín de Valvení;Hombres;1998;69
47;Valladolid;47144 San Martín de Valvení;Hombres;1997;
47;Valladolid;47144 San Martín de Valvení;Hombres;1996;67
47;Valladolid;47144 San Martín de Valvení;Mujeres;2023;43
47;Valladolid;47144 San Martín de Valvení;Mujeres;2022;35
47;Valladolid;47144 San Martín de Valvení;Mujeres;2021;37
47;Valladolid;47144 San Martín de Valvení;Mujeres;2020;36
47;Valladolid;47144 San Martín de Valvení;Mujeres;2019;38
47;Valladolid;47144 San Martín de Valvení;Mujeres;2018;38
47;Valladolid;47144 San Martín de Valvení;Mujeres;2017;38
47;Valladolid;47144 San Martín de Valvení;Mujeres;2016;39
47;Valladolid;47144 San Martín de Valvení;Mujeres;2015;40
47;Valladolid;47144 San Martín de Valvení;Mujeres;2014;39
47;Valladolid;47144 San Martín de Valvení;Mujeres;2013;41
47;Valladolid;47144 San Martín de Valvení;Mujeres;2012;42
47;Valladolid;47144 San Martín de Valvení;Mujeres;2011;46
47;Valladolid;47144 San Martín de Valvení;Mujeres;2010;48
47;Valladolid;47144 San Martín de Valvení;Mujeres;2009;46
47;Valladolid;47144 San Martín de Valvení;Mujeres;2008;45
47;Valladolid;47144 San Martín de Valvení;Mujeres;2007;46
47;Valladolid;47144 San Martín de Valvení;Mujeres;2006;47
47;Valladolid;47144 San Martín de Valvení;Mujeres;2005;46
47;Valladolid;47144 San Martín de Valvení;Mujeres;2004;49
47;Valladolid;47144 San Martín de Valvení;Mujeres;2003;47
47;Valladolid;47144 San Martín de Valvení;Mujeres;2002;48
47;Valladolid;47144 San Martín de Valvení;Mujeres;2001;47
47;Valladolid;47144 San Martín de Valvení;Mujeres;2000;47
47;Valladolid;47144 San Martín de Valvení;Mujeres;1999;49
47;Valladolid;47144 San Martín de Valvení;Mujeres;1998;50
47;Valladolid;47144 San Martín de Valvení;Mujeres;1997;
47;Valladolid;47144 San Martín de Valvení;Mujeres;1996;50
47;Valladolid;47145 San Miguel del Arroyo;Total;2023;650
47;Valladolid;47145 San Miguel del Arroyo;Total;2022;646
47;Valladolid;47145 San Miguel del Arroyo;Total;2021;658
47;Valladolid;47145 San Miguel del Arroyo;Total;2020;659
47;Valladolid;47145 San Miguel del Arroyo;Total;2019;668
47;Valladolid;47145 San Miguel del Arroyo;Total;2018;671
47;Valladolid;47145 San Miguel del Arroyo;Total;2017;677
47;Valladolid;47145 San Miguel del Arroyo;Total;2016;693
47;Valladolid;47145 San Miguel del Arroyo;Total;2015;704
47;Valladolid;47145 San Miguel del Arroyo;Total;2014;713
47;Valladolid;47145 San Miguel del Arroyo;Total;2013;731
47;Valladolid;47145 San Miguel del Arroyo;Total;2012;745
47;Valladolid;47145 San Miguel del Arroyo;Total;2011;747
47;Valladolid;47145 San Miguel del Arroyo;Total;2010;759
47;Valladolid;47145 San Miguel del Arroyo;Total;2009;767
47;Valladolid;47145 San Miguel del Arroyo;Total;2008;776
47;Valladolid;47145 San Miguel del Arroyo;Total;2007;786
47;Valladolid;47145 San Miguel del Arroyo;Total;2006;777
47;Valladolid;47145 San Miguel del Arroyo;Total;2005;777
47;Valladolid;47145 San Miguel del Arroyo;Total;2004;785
47;Valladolid;47145 San Miguel del Arroyo;Total;2003;775
47;Valladolid;47145 San Miguel del Arroyo;Total;2002;790
47;Valladolid;47145 San Miguel del Arroyo;Total;2001;806
47;Valladolid;47145 San Miguel del Arroyo;Total;2000;795
47;Valladolid;47145 San Miguel del Arroyo;Total;1999;814
47;Valladolid;47145 San Miguel del Arroyo;Total;1998;817
47;Valladolid;47145 San Miguel del Arroyo;Total;1997;
47;Valladolid;47145 San Miguel del Arroyo;Total;1996;855
47;Valladolid;47145 San Miguel del Arroyo;Hombres;2023;348
47;Valladolid;47145 San Miguel del Arroyo;Hombres;2022;345
47;Valladolid;47145 San Miguel del Arroyo;Hombres;2021;351
47;Valladolid;47145 San Miguel del Arroyo;Hombres;2020;349
47;Valladolid;47145 San Miguel del Arroyo;Hombres;2019;355
47;Valladolid;47145 San Miguel del Arroyo;Hombres;2018;355
47;Valladolid;47145 San Miguel del Arroyo;Hombres;2017;360
47;Valladolid;47145 San Miguel del Arroyo;Hombres;2016;372
47;Valladolid;47145 San Miguel del Arroyo;Hombres;2015;377
47;Valladolid;47145 San Miguel del Arroyo;Hombres;2014;379
47;Valladolid;47145 San Miguel del Arroyo;Hombres;2013;387
47;Valladolid;47145 San Miguel del Arroyo;Hombres;2012;390
47;Valladolid;47145 San Miguel del Arroyo;Hombres;2011;393
47;Valladolid;47145 San Miguel del Arroyo;Hombres;2010;398
47;Valladolid;47145 San Miguel del Arroyo;Hombres;2009;400
47;Valladolid;47145 San Miguel del Arroyo;Hombres;2008;401
47;Valladolid;47145 San Miguel del Arroyo;Hombres;2007;407
47;Valladolid;47145 San Miguel del Arroyo;Hombres;2006;397
47;Valladolid;47145 San Miguel del Arroyo;Hombres;2005;402
47;Valladolid;47145 San Miguel del Arroyo;Hombres;2004;405
47;Valladolid;47145 San Miguel del Arroyo;Hombres;2003;399
47;Valladolid;47145 San Miguel del Arroyo;Hombres;2002;408
47;Valladolid;47145 San Miguel del Arroyo;Hombres;2001;417
47;Valladolid;47145 San Miguel del Arroyo;Hombres;2000;419
47;Valladolid;47145 San Miguel del Arroyo;Hombres;1999;428
47;Valladolid;47145 San Miguel del Arroyo;Hombres;1998;426
47;Valladolid;47145 San Miguel del Arroyo;Hombres;1997;
47;Valladolid;47145 San Miguel del Arroyo;Hombres;1996;444
47;Valladolid;47145 San Miguel del Arroyo;Mujeres;2023;302
47;Valladolid;47145 San Miguel del Arroyo;Mujeres;2022;301
47;Valladolid;47145 San Miguel del Arroyo;Mujeres;2021;307
47;Valladolid;47145 San Miguel del Arroyo;Mujeres;2020;310
47;Valladolid;47145 San Miguel del Arroyo;Mujeres;2019;313
47;Valladolid;47145 San Miguel del Arroyo;Mujeres;2018;316
47;Valladolid;47145 San Miguel del Arroyo;Mujeres;2017;317
47;Valladolid;47145 San Miguel del Arroyo;Mujeres;2016;321
47;Valladolid;47145 San Miguel del Arroyo;Mujeres;2015;327
47;Valladolid;47145 San Miguel del Arroyo;Mujeres;2014;334
47;Valladolid;47145 San Miguel del Arroyo;Mujeres;2013;344
47;Valladolid;47145 San Miguel del Arroyo;Mujeres;2012;355
47;Valladolid;47145 San Miguel del Arroyo;Mujeres;2011;354
47;Valladolid;47145 San Miguel del Arroyo;Mujeres;2010;361
47;Valladolid;47145 San Miguel del Arroyo;Mujeres;2009;367
47;Valladolid;47145 San Miguel del Arroyo;Mujeres;2008;375
47;Valladolid;47145 San Miguel del Arroyo;Mujeres;2007;379
47;Valladolid;47145 San Miguel del Arroyo;Mujeres;2006;380
47;Valladolid;47145 San Miguel del Arroyo;Mujeres;2005;375
47;Valladolid;47145 San Miguel del Arroyo;Mujeres;2004;380
47;Valladolid;47145 San Miguel del Arroyo;Mujeres;2003;376
47;Valladolid;47145 San Miguel del Arroyo;Mujeres;2002;382
47;Valladolid;47145 San Miguel del Arroyo;Mujeres;2001;389
47;Valladolid;47145 San Miguel del Arroyo;Mujeres;2000;376
47;Valladolid;47145 San Miguel del Arroyo;Mujeres;1999;386
47;Valladolid;47145 San Miguel del Arroyo;Mujeres;1998;391
47;Valladolid;47145 San Miguel del Arroyo;Mujeres;1997;
47;Valladolid;47145 San Miguel del Arroyo;Mujeres;1996;411
47;Valladolid;47146 San Miguel del Pino;Total;2023;353
47;Valladolid;47146 San Miguel del Pino;Total;2022;355
47;Valladolid;47146 San Miguel del Pino;Total;2021;350
47;Valladolid;47146 San Miguel del Pino;Total;2020;344
47;Valladolid;47146 San Miguel del Pino;Total;2019;350
47;Valladolid;47146 San Miguel del Pino;Total;2018;339
47;Valladolid;47146 San Miguel del Pino;Total;2017;331
47;Valladolid;47146 San Miguel del Pino;Total;2016;323
47;Valladolid;47146 San Miguel del Pino;Total;2015;316
47;Valladolid;47146 San Miguel del Pino;Total;2014;316
47;Valladolid;47146 San Miguel del Pino;Total;2013;304
47;Valladolid;47146 San Miguel del Pino;Total;2012;293
47;Valladolid;47146 San Miguel del Pino;Total;2011;294
47;Valladolid;47146 San Miguel del Pino;Total;2010;289
47;Valladolid;47146 San Miguel del Pino;Total;2009;280
47;Valladolid;47146 San Miguel del Pino;Total;2008;280
47;Valladolid;47146 San Miguel del Pino;Total;2007;261
47;Valladolid;47146 San Miguel del Pino;Total;2006;244
47;Valladolid;47146 San Miguel del Pino;Total;2005;208
47;Valladolid;47146 San Miguel del Pino;Total;2004;217
47;Valladolid;47146 San Miguel del Pino;Total;2003;223
47;Valladolid;47146 San Miguel del Pino;Total;2002;232
47;Valladolid;47146 San Miguel del Pino;Total;2001;235
47;Valladolid;47146 San Miguel del Pino;Total;2000;231
47;Valladolid;47146 San Miguel del Pino;Total;1999;234
47;Valladolid;47146 San Miguel del Pino;Total;1998;231
47;Valladolid;47146 San Miguel del Pino;Total;1997;
47;Valladolid;47146 San Miguel del Pino;Total;1996;247
47;Valladolid;47146 San Miguel del Pino;Hombres;2023;181
47;Valladolid;47146 San Miguel del Pino;Hombres;2022;184
47;Valladolid;47146 San Miguel del Pino;Hombres;2021;180
47;Valladolid;47146 San Miguel del Pino;Hombres;2020;175
47;Valladolid;47146 San Miguel del Pino;Hombres;2019;180
47;Valladolid;47146 San Miguel del Pino;Hombres;2018;178
47;Valladolid;47146 San Miguel del Pino;Hombres;2017;175
47;Valladolid;47146 San Miguel del Pino;Hombres;2016;172
47;Valladolid;47146 San Miguel del Pino;Hombres;2015;173
47;Valladolid;47146 San Miguel del Pino;Hombres;2014;171
47;Valladolid;47146 San Miguel del Pino;Hombres;2013;170
47;Valladolid;47146 San Miguel del Pino;Hombres;2012;164
47;Valladolid;47146 San Miguel del Pino;Hombres;2011;163
47;Valladolid;47146 San Miguel del Pino;Hombres;2010;157
47;Valladolid;47146 San Miguel del Pino;Hombres;2009;151
47;Valladolid;47146 San Miguel del Pino;Hombres;2008;150
47;Valladolid;47146 San Miguel del Pino;Hombres;2007;142
47;Valladolid;47146 San Miguel del Pino;Hombres;2006;134
47;Valladolid;47146 San Miguel del Pino;Hombres;2005;112
47;Valladolid;47146 San Miguel del Pino;Hombres;2004;113
47;Valladolid;47146 San Miguel del Pino;Hombres;2003;117
47;Valladolid;47146 San Miguel del Pino;Hombres;2002;121
47;Valladolid;47146 San Miguel del Pino;Hombres;2001;122
47;Valladolid;47146 San Miguel del Pino;Hombres;2000;122
47;Valladolid;47146 San Miguel del Pino;Hombres;1999;124
47;Valladolid;47146 San Miguel del Pino;Hombres;1998;124
47;Valladolid;47146 San Miguel del Pino;Hombres;1997;
47;Valladolid;47146 San Miguel del Pino;Hombres;1996;131
47;Valladolid;47146 San Miguel del Pino;Mujeres;2023;172
47;Valladolid;47146 San Miguel del Pino;Mujeres;2022;171
47;Valladolid;47146 San Miguel del Pino;Mujeres;2021;170
47;Valladolid;47146 San Miguel del Pino;Mujeres;2020;169
47;Valladolid;47146 San Miguel del Pino;Mujeres;2019;170
47;Valladolid;47146 San Miguel del Pino;Mujeres;2018;161
47;Valladolid;47146 San Miguel del Pino;Mujeres;2017;156
47;Valladolid;47146 San Miguel del Pino;Mujeres;2016;151
47;Valladolid;47146 San Miguel del Pino;Mujeres;2015;143
47;Valladolid;47146 San Miguel del Pino;Mujeres;2014;145
47;Valladolid;47146 San Miguel del Pino;Mujeres;2013;134
47;Valladolid;47146 San Miguel del Pino;Mujeres;2012;129
47;Valladolid;47146 San Miguel del Pino;Mujeres;2011;131
47;Valladolid;47146 San Miguel del Pino;Mujeres;2010;132
47;Valladolid;47146 San Miguel del Pino;Mujeres;2009;129
47;Valladolid;47146 San Miguel del Pino;Mujeres;2008;130
47;Valladolid;47146 San Miguel del Pino;Mujeres;2007;119
47;Valladolid;47146 San Miguel del Pino;Mujeres;2006;110
47;Valladolid;47146 San Miguel del Pino;Mujeres;2005;96
47;Valladolid;47146 San Miguel del Pino;Mujeres;2004;104
47;Valladolid;47146 San Miguel del Pino;Mujeres;2003;106
47;Valladolid;47146 San Miguel del Pino;Mujeres;2002;111
47;Valladolid;47146 San Miguel del Pino;Mujeres;2001;113
47;Valladolid;47146 San Miguel del Pino;Mujeres;2000;109
47;Valladolid;47146 San Miguel del Pino;Mujeres;1999;110
47;Valladolid;47146 San Miguel del Pino;Mujeres;1998;107
47;Valladolid;47146 San Miguel del Pino;Mujeres;1997;
47;Valladolid;47146 San Miguel del Pino;Mujeres;1996;116
47;Valladolid;47147 San Pablo de la Moraleja;Total;2023;108
47;Valladolid;47147 San Pablo de la Moraleja;Total;2022;111
47;Valladolid;47147 San Pablo de la Moraleja;Total;2021;108
47;Valladolid;47147 San Pablo de la Moraleja;Total;2020;112
47;Valladolid;47147 San Pablo de la Moraleja;Total;2019;109
47;Valladolid;47147 San Pablo de la Moraleja;Total;2018;113
47;Valladolid;47147 San Pablo de la Moraleja;Total;2017;117
47;Valladolid;47147 San Pablo de la Moraleja;Total;2016;121
47;Valladolid;47147 San Pablo de la Moraleja;Total;2015;127
47;Valladolid;47147 San Pablo de la Moraleja;Total;2014;128
47;Valladolid;47147 San Pablo de la Moraleja;Total;2013;131
47;Valladolid;47147 San Pablo de la Moraleja;Total;2012;136
47;Valladolid;47147 San Pablo de la Moraleja;Total;2011;137
47;Valladolid;47147 San Pablo de la Moraleja;Total;2010;141
47;Valladolid;47147 San Pablo de la Moraleja;Total;2009;147
47;Valladolid;47147 San Pablo de la Moraleja;Total;2008;156
47;Valladolid;47147 San Pablo de la Moraleja;Total;2007;157
47;Valladolid;47147 San Pablo de la Moraleja;Total;2006;164
47;Valladolid;47147 San Pablo de la Moraleja;Total;2005;167
47;Valladolid;47147 San Pablo de la Moraleja;Total;2004;167
47;Valladolid;47147 San Pablo de la Moraleja;Total;2003;168
47;Valladolid;47147 San Pablo de la Moraleja;Total;2002;175
47;Valladolid;47147 San Pablo de la Moraleja;Total;2001;175
47;Valladolid;47147 San Pablo de la Moraleja;Total;2000;178
47;Valladolid;47147 San Pablo de la Moraleja;Total;1999;182
47;Valladolid;47147 San Pablo de la Moraleja;Total;1998;194
47;Valladolid;47147 San Pablo de la Moraleja;Total;1997;
47;Valladolid;47147 San Pablo de la Moraleja;Total;1996;197
47;Valladolid;47147 San Pablo de la Moraleja;Hombres;2023;64
47;Valladolid;47147 San Pablo de la Moraleja;Hombres;2022;61
47;Valladolid;47147 San Pablo de la Moraleja;Hombres;2021;59
47;Valladolid;47147 San Pablo de la Moraleja;Hombres;2020;63
47;Valladolid;47147 San Pablo de la Moraleja;Hombres;2019;61
47;Valladolid;47147 San Pablo de la Moraleja;Hombres;2018;60
47;Valladolid;47147 San Pablo de la Moraleja;Hombres;2017;60
47;Valladolid;47147 San Pablo de la Moraleja;Hombres;2016;63
47;Valladolid;47147 San Pablo de la Moraleja;Hombres;2015;66
47;Valladolid;47147 San Pablo de la Moraleja;Hombres;2014;63
47;Valladolid;47147 San Pablo de la Moraleja;Hombres;2013;66
47;Valladolid;47147 San Pablo de la Moraleja;Hombres;2012;69
47;Valladolid;47147 San Pablo de la Moraleja;Hombres;2011;70
47;Valladolid;47147 San Pablo de la Moraleja;Hombres;2010;72
47;Valladolid;47147 San Pablo de la Moraleja;Hombres;2009;75
47;Valladolid;47147 San Pablo de la Moraleja;Hombres;2008;81
47;Valladolid;47147 San Pablo de la Moraleja;Hombres;2007;82
47;Valladolid;47147 San Pablo de la Moraleja;Hombres;2006;85
47;Valladolid;47147 San Pablo de la Moraleja;Hombres;2005;88
47;Valladolid;47147 San Pablo de la Moraleja;Hombres;2004;89
47;Valladolid;47147 San Pablo de la Moraleja;Hombres;2003;90
47;Valladolid;47147 San Pablo de la Moraleja;Hombres;2002;94
47;Valladolid;47147 San Pablo de la Moraleja;Hombres;2001;93
47;Valladolid;47147 San Pablo de la Moraleja;Hombres;2000;95
47;Valladolid;47147 San Pablo de la Moraleja;Hombres;1999;98
47;Valladolid;47147 San Pablo de la Moraleja;Hombres;1998;106
47;Valladolid;47147 San Pablo de la Moraleja;Hombres;1997;
47;Valladolid;47147 San Pablo de la Moraleja;Hombres;1996;106
47;Valladolid;47147 San Pablo de la Moraleja;Mujeres;2023;44
47;Valladolid;47147 San Pablo de la Moraleja;Mujeres;2022;50
47;Valladolid;47147 San Pablo de la Moraleja;Mujeres;2021;49
47;Valladolid;47147 San Pablo de la Moraleja;Mujeres;2020;49
47;Valladolid;47147 San Pablo de la Moraleja;Mujeres;2019;48
47;Valladolid;47147 San Pablo de la Moraleja;Mujeres;2018;53
47;Valladolid;47147 San Pablo de la Moraleja;Mujeres;2017;57
47;Valladolid;47147 San Pablo de la Moraleja;Mujeres;2016;58
47;Valladolid;47147 San Pablo de la Moraleja;Mujeres;2015;61
47;Valladolid;47147 San Pablo de la Moraleja;Mujeres;2014;65
47;Valladolid;47147 San Pablo de la Moraleja;Mujeres;2013;65
47;Valladolid;47147 San Pablo de la Moraleja;Mujeres;2012;67
47;Valladolid;47147 San Pablo de la Moraleja;Mujeres;2011;67
47;Valladolid;47147 San Pablo de la Moraleja;Mujeres;2010;69
47;Valladolid;47147 San Pablo de la Moraleja;Mujeres;2009;72
47;Valladolid;47147 San Pablo de la Moraleja;Mujeres;2008;75
47;Valladolid;47147 San Pablo de la Moraleja;Mujeres;2007;75
47;Valladolid;47147 San Pablo de la Moraleja;Mujeres;2006;79
47;Valladolid;47147 San Pablo de la Moraleja;Mujeres;2005;79
47;Valladolid;47147 San Pablo de la Moraleja;Mujeres;2004;78
47;Valladolid;47147 San Pablo de la Moraleja;Mujeres;2003;78
47;Valladolid;47147 San Pablo de la Moraleja;Mujeres;2002;81
47;Valladolid;47147 San Pablo de la Moraleja;Mujeres;2001;82
47;Valladolid;47147 San Pablo de la Moraleja;Mujeres;2000;83
47;Valladolid;47147 San Pablo de la Moraleja;Mujeres;1999;84
47;Valladolid;47147 San Pablo de la Moraleja;Mujeres;1998;88
47;Valladolid;47147 San Pablo de la Moraleja;Mujeres;1997;
47;Valladolid;47147 San Pablo de la Moraleja;Mujeres;1996;91
47;Valladolid;47148 San Pedro de Latarce;Total;2023;437
47;Valladolid;47148 San Pedro de Latarce;Total;2022;448
47;Valladolid;47148 San Pedro de Latarce;Total;2021;461
47;Valladolid;47148 San Pedro de Latarce;Total;2020;476
47;Valladolid;47148 San Pedro de Latarce;Total;2019;483
47;Valladolid;47148 San Pedro de Latarce;Total;2018;495
47;Valladolid;47148 San Pedro de Latarce;Total;2017;510
47;Valladolid;47148 San Pedro de Latarce;Total;2016;522
47;Valladolid;47148 San Pedro de Latarce;Total;2015;522
47;Valladolid;47148 San Pedro de Latarce;Total;2014;537
47;Valladolid;47148 San Pedro de Latarce;Total;2013;533
47;Valladolid;47148 San Pedro de Latarce;Total;2012;555
47;Valladolid;47148 San Pedro de Latarce;Total;2011;548
47;Valladolid;47148 San Pedro de Latarce;Total;2010;562
47;Valladolid;47148 San Pedro de Latarce;Total;2009;571
47;Valladolid;47148 San Pedro de Latarce;Total;2008;577
47;Valladolid;47148 San Pedro de Latarce;Total;2007;593
47;Valladolid;47148 San Pedro de Latarce;Total;2006;597
47;Valladolid;47148 San Pedro de Latarce;Total;2005;608
47;Valladolid;47148 San Pedro de Latarce;Total;2004;615
47;Valladolid;47148 San Pedro de Latarce;Total;2003;617
47;Valladolid;47148 San Pedro de Latarce;Total;2002;638
47;Valladolid;47148 San Pedro de Latarce;Total;2001;633
47;Valladolid;47148 San Pedro de Latarce;Total;2000;649
47;Valladolid;47148 San Pedro de Latarce;Total;1999;664
47;Valladolid;47148 San Pedro de Latarce;Total;1998;666
47;Valladolid;47148 San Pedro de Latarce;Total;1997;
47;Valladolid;47148 San Pedro de Latarce;Total;1996;679
47;Valladolid;47148 San Pedro de Latarce;Hombres;2023;240
47;Valladolid;47148 San Pedro de Latarce;Hombres;2022;240
47;Valladolid;47148 San Pedro de Latarce;Hombres;2021;248
47;Valladolid;47148 San Pedro de Latarce;Hombres;2020;257
47;Valladolid;47148 San Pedro de Latarce;Hombres;2019;258
47;Valladolid;47148 San Pedro de Latarce;Hombres;2018;263
47;Valladolid;47148 San Pedro de Latarce;Hombres;2017;274
47;Valladolid;47148 San Pedro de Latarce;Hombres;2016;283
47;Valladolid;47148 San Pedro de Latarce;Hombres;2015;288
47;Valladolid;47148 San Pedro de Latarce;Hombres;2014;293
47;Valladolid;47148 San Pedro de Latarce;Hombres;2013;288
47;Valladolid;47148 San Pedro de Latarce;Hombres;2012;301
47;Valladolid;47148 San Pedro de Latarce;Hombres;2011;295
47;Valladolid;47148 San Pedro de Latarce;Hombres;2010;300
47;Valladolid;47148 San Pedro de Latarce;Hombres;2009;305
47;Valladolid;47148 San Pedro de Latarce;Hombres;2008;306
47;Valladolid;47148 San Pedro de Latarce;Hombres;2007;318
47;Valladolid;47148 San Pedro de Latarce;Hombres;2006;318
47;Valladolid;47148 San Pedro de Latarce;Hombres;2005;325
47;Valladolid;47148 San Pedro de Latarce;Hombres;2004;326
47;Valladolid;47148 San Pedro de Latarce;Hombres;2003;328
47;Valladolid;47148 San Pedro de Latarce;Hombres;2002;341
47;Valladolid;47148 San Pedro de Latarce;Hombres;2001;341
47;Valladolid;47148 San Pedro de Latarce;Hombres;2000;352
47;Valladolid;47148 San Pedro de Latarce;Hombres;1999;358
47;Valladolid;47148 San Pedro de Latarce;Hombres;1998;359
47;Valladolid;47148 San Pedro de Latarce;Hombres;1997;
47;Valladolid;47148 San Pedro de Latarce;Hombres;1996;365
47;Valladolid;47148 San Pedro de Latarce;Mujeres;2023;197
47;Valladolid;47148 San Pedro de Latarce;Mujeres;2022;208
47;Valladolid;47148 San Pedro de Latarce;Mujeres;2021;213
47;Valladolid;47148 San Pedro de Latarce;Mujeres;2020;219
47;Valladolid;47148 San Pedro de Latarce;Mujeres;2019;225
47;Valladolid;47148 San Pedro de Latarce;Mujeres;2018;232
47;Valladolid;47148 San Pedro de Latarce;Mujeres;2017;236
47;Valladolid;47148 San Pedro de Latarce;Mujeres;2016;239
47;Valladolid;47148 San Pedro de Latarce;Mujeres;2015;234
47;Valladolid;47148 San Pedro de Latarce;Mujeres;2014;244
47;Valladolid;47148 San Pedro de Latarce;Mujeres;2013;245
47;Valladolid;47148 San Pedro de Latarce;Mujeres;2012;254
47;Valladolid;47148 San Pedro de Latarce;Mujeres;2011;253
47;Valladolid;47148 San Pedro de Latarce;Mujeres;2010;262
47;Valladolid;47148 San Pedro de Latarce;Mujeres;2009;266
47;Valladolid;47148 San Pedro de Latarce;Mujeres;2008;271
47;Valladolid;47148 San Pedro de Latarce;Mujeres;2007;275
47;Valladolid;47148 San Pedro de Latarce;Mujeres;2006;279
47;Valladolid;47148 San Pedro de Latarce;Mujeres;2005;283
47;Valladolid;47148 San Pedro de Latarce;Mujeres;2004;289
47;Valladolid;47148 San Pedro de Latarce;Mujeres;2003;289
47;Valladolid;47148 San Pedro de Latarce;Mujeres;2002;297
47;Valladolid;47148 San Pedro de Latarce;Mujeres;2001;292
47;Valladolid;47148 San Pedro de Latarce;Mujeres;2000;297
47;Valladolid;47148 San Pedro de Latarce;Mujeres;1999;306
47;Valladolid;47148 San Pedro de Latarce;Mujeres;1998;307
47;Valladolid;47148 San Pedro de Latarce;Mujeres;1997;
47;Valladolid;47148 San Pedro de Latarce;Mujeres;1996;314
47;Valladolid;47149 San Pelayo;Total;2023;51
47;Valladolid;47149 San Pelayo;Total;2022;48
47;Valladolid;47149 San Pelayo;Total;2021;48
47;Valladolid;47149 San Pelayo;Total;2020;50
47;Valladolid;47149 San Pelayo;Total;2019;49
47;Valladolid;47149 San Pelayo;Total;2018;51
47;Valladolid;47149 San Pelayo;Total;2017;54
47;Valladolid;47149 San Pelayo;Total;2016;45
47;Valladolid;47149 San Pelayo;Total;2015;44
47;Valladolid;47149 San Pelayo;Total;2014;44
47;Valladolid;47149 San Pelayo;Total;2013;44
47;Valladolid;47149 San Pelayo;Total;2012;46
47;Valladolid;47149 San Pelayo;Total;2011;53
47;Valladolid;47149 San Pelayo;Total;2010;53
47;Valladolid;47149 San Pelayo;Total;2009;46
47;Valladolid;47149 San Pelayo;Total;2008;43
47;Valladolid;47149 San Pelayo;Total;2007;41
47;Valladolid;47149 San Pelayo;Total;2006;42
47;Valladolid;47149 San Pelayo;Total;2005;47
47;Valladolid;47149 San Pelayo;Total;2004;42
47;Valladolid;47149 San Pelayo;Total;2003;45
47;Valladolid;47149 San Pelayo;Total;2002;43
47;Valladolid;47149 San Pelayo;Total;2001;45
47;Valladolid;47149 San Pelayo;Total;2000;45
47;Valladolid;47149 San Pelayo;Total;1999;40
47;Valladolid;47149 San Pelayo;Total;1998;39
47;Valladolid;47149 San Pelayo;Total;1997;
47;Valladolid;47149 San Pelayo;Total;1996;42
47;Valladolid;47149 San Pelayo;Hombres;2023;26
47;Valladolid;47149 San Pelayo;Hombres;2022;22
47;Valladolid;47149 San Pelayo;Hombres;2021;23
47;Valladolid;47149 San Pelayo;Hombres;2020;26
47;Valladolid;47149 San Pelayo;Hombres;2019;25
47;Valladolid;47149 San Pelayo;Hombres;2018;25
47;Valladolid;47149 San Pelayo;Hombres;2017;26
47;Valladolid;47149 San Pelayo;Hombres;2016;21
47;Valladolid;47149 San Pelayo;Hombres;2015;20
47;Valladolid;47149 San Pelayo;Hombres;2014;19
47;Valladolid;47149 San Pelayo;Hombres;2013;19
47;Valladolid;47149 San Pelayo;Hombres;2012;21
47;Valladolid;47149 San Pelayo;Hombres;2011;25
47;Valladolid;47149 San Pelayo;Hombres;2010;24
47;Valladolid;47149 San Pelayo;Hombres;2009;23
47;Valladolid;47149 San Pelayo;Hombres;2008;21
47;Valladolid;47149 San Pelayo;Hombres;2007;19
47;Valladolid;47149 San Pelayo;Hombres;2006;20
47;Valladolid;47149 San Pelayo;Hombres;2005;25
47;Valladolid;47149 San Pelayo;Hombres;2004;23
47;Valladolid;47149 San Pelayo;Hombres;2003;26
47;Valladolid;47149 San Pelayo;Hombres;2002;23
47;Valladolid;47149 San Pelayo;Hombres;2001;24
47;Valladolid;47149 San Pelayo;Hombres;2000;24
47;Valladolid;47149 San Pelayo;Hombres;1999;20
47;Valladolid;47149 San Pelayo;Hombres;1998;20
47;Valladolid;47149 San Pelayo;Hombres;1997;
47;Valladolid;47149 San Pelayo;Hombres;1996;23
47;Valladolid;47149 San Pelayo;Mujeres;2023;25
47;Valladolid;47149 San Pelayo;Mujeres;2022;26
47;Valladolid;47149 San Pelayo;Mujeres;2021;25
47;Valladolid;47149 San Pelayo;Mujeres;2020;24
47;Valladolid;47149 San Pelayo;Mujeres;2019;24
47;Valladolid;47149 San Pelayo;Mujeres;2018;26
47;Valladolid;47149 San Pelayo;Mujeres;2017;28
47;Valladolid;47149 San Pelayo;Mujeres;2016;24
47;Valladolid;47149 San Pelayo;Mujeres;2015;24
47;Valladolid;47149 San Pelayo;Mujeres;2014;25
47;Valladolid;47149 San Pelayo;Mujeres;2013;25
47;Valladolid;47149 San Pelayo;Mujeres;2012;25
47;Valladolid;47149 San Pelayo;Mujeres;2011;28
47;Valladolid;47149 San Pelayo;Mujeres;2010;29
47;Valladolid;47149 San Pelayo;Mujeres;2009;23
47;Valladolid;47149 San Pelayo;Mujeres;2008;22
47;Valladolid;47149 San Pelayo;Mujeres;2007;22
47;Valladolid;47149 San Pelayo;Mujeres;2006;22
47;Valladolid;47149 San Pelayo;Mujeres;2005;22
47;Valladolid;47149 San Pelayo;Mujeres;2004;19
47;Valladolid;47149 San Pelayo;Mujeres;2003;19
47;Valladolid;47149 San Pelayo;Mujeres;2002;20
47;Valladolid;47149 San Pelayo;Mujeres;2001;21
47;Valladolid;47149 San Pelayo;Mujeres;2000;21
47;Valladolid;47149 San Pelayo;Mujeres;1999;20
47;Valladolid;47149 San Pelayo;Mujeres;1998;19
47;Valladolid;47149 San Pelayo;Mujeres;1997;
47;Valladolid;47149 San Pelayo;Mujeres;1996;19
47;Valladolid;47150 San Román de Hornija;Total;2023;289
47;Valladolid;47150 San Román de Hornija;Total;2022;301
47;Valladolid;47150 San Román de Hornija;Total;2021;303
47;Valladolid;47150 San Román de Hornija;Total;2020;307
47;Valladolid;47150 San Román de Hornija;Total;2019;312
47;Valladolid;47150 San Román de Hornija;Total;2018;328
47;Valladolid;47150 San Román de Hornija;Total;2017;327
47;Valladolid;47150 San Román de Hornija;Total;2016;331
47;Valladolid;47150 San Román de Hornija;Total;2015;346
47;Valladolid;47150 San Román de Hornija;Total;2014;361
47;Valladolid;47150 San Román de Hornija;Total;2013;377
47;Valladolid;47150 San Román de Hornija;Total;2012;391
47;Valladolid;47150 San Román de Hornija;Total;2011;394
47;Valladolid;47150 San Román de Hornija;Total;2010;386
47;Valladolid;47150 San Román de Hornija;Total;2009;384
47;Valladolid;47150 San Román de Hornija;Total;2008;408
47;Valladolid;47150 San Román de Hornija;Total;2007;420
47;Valladolid;47150 San Román de Hornija;Total;2006;427
47;Valladolid;47150 San Román de Hornija;Total;2005;416
47;Valladolid;47150 San Román de Hornija;Total;2004;425
47;Valladolid;47150 San Román de Hornija;Total;2003;416
47;Valladolid;47150 San Román de Hornija;Total;2002;426
47;Valladolid;47150 San Román de Hornija;Total;2001;430
47;Valladolid;47150 San Román de Hornija;Total;2000;434
47;Valladolid;47150 San Román de Hornija;Total;1999;454
47;Valladolid;47150 San Román de Hornija;Total;1998;458
47;Valladolid;47150 San Román de Hornija;Total;1997;
47;Valladolid;47150 San Román de Hornija;Total;1996;479
47;Valladolid;47150 San Román de Hornija;Hombres;2023;138
47;Valladolid;47150 San Román de Hornija;Hombres;2022;143
47;Valladolid;47150 San Román de Hornija;Hombres;2021;141
47;Valladolid;47150 San Román de Hornija;Hombres;2020;145
47;Valladolid;47150 San Román de Hornija;Hombres;2019;151
47;Valladolid;47150 San Román de Hornija;Hombres;2018;161
47;Valladolid;47150 San Román de Hornija;Hombres;2017;158
47;Valladolid;47150 San Román de Hornija;Hombres;2016;155
47;Valladolid;47150 San Román de Hornija;Hombres;2015;164
47;Valladolid;47150 San Román de Hornija;Hombres;2014;171
47;Valladolid;47150 San Román de Hornija;Hombres;2013;180
47;Valladolid;47150 San Román de Hornija;Hombres;2012;188
47;Valladolid;47150 San Román de Hornija;Hombres;2011;185
47;Valladolid;47150 San Román de Hornija;Hombres;2010;177
47;Valladolid;47150 San Román de Hornija;Hombres;2009;176
47;Valladolid;47150 San Román de Hornija;Hombres;2008;191
47;Valladolid;47150 San Román de Hornija;Hombres;2007;197
47;Valladolid;47150 San Román de Hornija;Hombres;2006;201
47;Valladolid;47150 San Román de Hornija;Hombres;2005;194
47;Valladolid;47150 San Román de Hornija;Hombres;2004;199
47;Valladolid;47150 San Román de Hornija;Hombres;2003;198
47;Valladolid;47150 San Román de Hornija;Hombres;2002;204
47;Valladolid;47150 San Román de Hornija;Hombres;2001;210
47;Valladolid;47150 San Román de Hornija;Hombres;2000;213
47;Valladolid;47150 San Román de Hornija;Hombres;1999;223
47;Valladolid;47150 San Román de Hornija;Hombres;1998;226
47;Valladolid;47150 San Román de Hornija;Hombres;1997;
47;Valladolid;47150 San Román de Hornija;Hombres;1996;232
47;Valladolid;47150 San Román de Hornija;Mujeres;2023;151
47;Valladolid;47150 San Román de Hornija;Mujeres;2022;158
47;Valladolid;47150 San Román de Hornija;Mujeres;2021;162
47;Valladolid;47150 San Román de Hornija;Mujeres;2020;162
47;Valladolid;47150 San Román de Hornija;Mujeres;2019;161
47;Valladolid;47150 San Román de Hornija;Mujeres;2018;167
47;Valladolid;47150 San Román de Hornija;Mujeres;2017;169
47;Valladolid;47150 San Román de Hornija;Mujeres;2016;176
47;Valladolid;47150 San Román de Hornija;Mujeres;2015;182
47;Valladolid;47150 San Román de Hornija;Mujeres;2014;190
47;Valladolid;47150 San Román de Hornija;Mujeres;2013;197
47;Valladolid;47150 San Román de Hornija;Mujeres;2012;203
47;Valladolid;47150 San Román de Hornija;Mujeres;2011;209
47;Valladolid;47150 San Román de Hornija;Mujeres;2010;209
47;Valladolid;47150 San Román de Hornija;Mujeres;2009;208
47;Valladolid;47150 San Román de Hornija;Mujeres;2008;217
47;Valladolid;47150 San Román de Hornija;Mujeres;2007;223
47;Valladolid;47150 San Román de Hornija;Mujeres;2006;226
47;Valladolid;47150 San Román de Hornija;Mujeres;2005;222
47;Valladolid;47150 San Román de Hornija;Mujeres;2004;226
47;Valladolid;47150 San Román de Hornija;Mujeres;2003;218
47;Valladolid;47150 San Román de Hornija;Mujeres;2002;222
47;Valladolid;47150 San Román de Hornija;Mujeres;2001;220
47;Valladolid;47150 San Román de Hornija;Mujeres;2000;221
47;Valladolid;47150 San Román de Hornija;Mujeres;1999;231
47;Valladolid;47150 San Román de Hornija;Mujeres;1998;232
47;Valladolid;47150 San Román de Hornija;Mujeres;1997;
47;Valladolid;47150 San Román de Hornija;Mujeres;1996;247
47;Valladolid;47151 San Salvador;Total;2023;23
47;Valladolid;47151 San Salvador;Total;2022;23
47;Valladolid;47151 San Salvador;Total;2021;24
47;Valladolid;47151 San Salvador;Total;2020;25
47;Valladolid;47151 San Salvador;Total;2019;26
47;Valladolid;47151 San Salvador;Total;2018;29
47;Valladolid;47151 San Salvador;Total;2017;31
47;Valladolid;47151 San Salvador;Total;2016;31
47;Valladolid;47151 San Salvador;Total;2015;32
47;Valladolid;47151 San Salvador;Total;2014;33
47;Valladolid;47151 San Salvador;Total;2013;33
47;Valladolid;47151 San Salvador;Total;2012;36
47;Valladolid;47151 San Salvador;Total;2011;37
47;Valladolid;47151 San Salvador;Total;2010;34
47;Valladolid;47151 San Salvador;Total;2009;36
47;Valladolid;47151 San Salvador;Total;2008;37
47;Valladolid;47151 San Salvador;Total;2007;40
47;Valladolid;47151 San Salvador;Total;2006;43
47;Valladolid;47151 San Salvador;Total;2005;46
47;Valladolid;47151 San Salvador;Total;2004;44
47;Valladolid;47151 San Salvador;Total;2003;44
47;Valladolid;47151 San Salvador;Total;2002;44
47;Valladolid;47151 San Salvador;Total;2001;47
47;Valladolid;47151 San Salvador;Total;2000;49
47;Valladolid;47151 San Salvador;Total;1999;50
47;Valladolid;47151 San Salvador;Total;1998;52
47;Valladolid;47151 San Salvador;Total;1997;
47;Valladolid;47151 San Salvador;Total;1996;50
47;Valladolid;47151 San Salvador;Hombres;2023;14
47;Valladolid;47151 San Salvador;Hombres;2022;14
47;Valladolid;47151 San Salvador;Hombres;2021;14
47;Valladolid;47151 San Salvador;Hombres;2020;15
47;Valladolid;47151 San Salvador;Hombres;2019;15
47;Valladolid;47151 San Salvador;Hombres;2018;15
47;Valladolid;47151 San Salvador;Hombres;2017;16
47;Valladolid;47151 San Salvador;Hombres;2016;16
47;Valladolid;47151 San Salvador;Hombres;2015;17
47;Valladolid;47151 San Salvador;Hombres;2014;18
47;Valladolid;47151 San Salvador;Hombres;2013;19
47;Valladolid;47151 San Salvador;Hombres;2012;20
47;Valladolid;47151 San Salvador;Hombres;2011;21
47;Valladolid;47151 San Salvador;Hombres;2010;20
47;Valladolid;47151 San Salvador;Hombres;2009;20
47;Valladolid;47151 San Salvador;Hombres;2008;21
47;Valladolid;47151 San Salvador;Hombres;2007;24
47;Valladolid;47151 San Salvador;Hombres;2006;25
47;Valladolid;47151 San Salvador;Hombres;2005;26
47;Valladolid;47151 San Salvador;Hombres;2004;24
47;Valladolid;47151 San Salvador;Hombres;2003;24
47;Valladolid;47151 San Salvador;Hombres;2002;24
47;Valladolid;47151 San Salvador;Hombres;2001;25
47;Valladolid;47151 San Salvador;Hombres;2000;25
47;Valladolid;47151 San Salvador;Hombres;1999;26
47;Valladolid;47151 San Salvador;Hombres;1998;27
47;Valladolid;47151 San Salvador;Hombres;1997;
47;Valladolid;47151 San Salvador;Hombres;1996;25
47;Valladolid;47151 San Salvador;Mujeres;2023;9
47;Valladolid;47151 San Salvador;Mujeres;2022;9
47;Valladolid;47151 San Salvador;Mujeres;2021;10
47;Valladolid;47151 San Salvador;Mujeres;2020;10
47;Valladolid;47151 San Salvador;Mujeres;2019;11
47;Valladolid;47151 San Salvador;Mujeres;2018;14
47;Valladolid;47151 San Salvador;Mujeres;2017;15
47;Valladolid;47151 San Salvador;Mujeres;2016;15
47;Valladolid;47151 San Salvador;Mujeres;2015;15
47;Valladolid;47151 San Salvador;Mujeres;2014;15
47;Valladolid;47151 San Salvador;Mujeres;2013;14
47;Valladolid;47151 San Salvador;Mujeres;2012;16
47;Valladolid;47151 San Salvador;Mujeres;2011;16
47;Valladolid;47151 San Salvador;Mujeres;2010;14
47;Valladolid;47151 San Salvador;Mujeres;2009;16
47;Valladolid;47151 San Salvador;Mujeres;2008;16
47;Valladolid;47151 San Salvador;Mujeres;2007;16
47;Valladolid;47151 San Salvador;Mujeres;2006;18
47;Valladolid;47151 San Salvador;Mujeres;2005;20
47;Valladolid;47151 San Salvador;Mujeres;2004;20
47;Valladolid;47151 San Salvador;Mujeres;2003;20
47;Valladolid;47151 San Salvador;Mujeres;2002;20
47;Valladolid;47151 San Salvador;Mujeres;2001;22
47;Valladolid;47151 San Salvador;Mujeres;2000;24
47;Valladolid;47151 San Salvador;Mujeres;1999;24
47;Valladolid;47151 San Salvador;Mujeres;1998;25
47;Valladolid;47151 San Salvador;Mujeres;1997;
47;Valladolid;47151 San Salvador;Mujeres;1996;25
47;Valladolid;47156 San Vicente del Palacio;Total;2023;164
47;Valladolid;47156 San Vicente del Palacio;Total;2022;158
47;Valladolid;47156 San Vicente del Palacio;Total;2021;160
47;Valladolid;47156 San Vicente del Palacio;Total;2020;162
47;Valladolid;47156 San Vicente del Palacio;Total;2019;161
47;Valladolid;47156 San Vicente del Palacio;Total;2018;168
47;Valladolid;47156 San Vicente del Palacio;Total;2017;177
47;Valladolid;47156 San Vicente del Palacio;Total;2016;176
47;Valladolid;47156 San Vicente del Palacio;Total;2015;178
47;Valladolid;47156 San Vicente del Palacio;Total;2014;186
47;Valladolid;47156 San Vicente del Palacio;Total;2013;196
47;Valladolid;47156 San Vicente del Palacio;Total;2012;193
47;Valladolid;47156 San Vicente del Palacio;Total;2011;202
47;Valladolid;47156 San Vicente del Palacio;Total;2010;214
47;Valladolid;47156 San Vicente del Palacio;Total;2009;220
47;Valladolid;47156 San Vicente del Palacio;Total;2008;223
47;Valladolid;47156 San Vicente del Palacio;Total;2007;218
47;Valladolid;47156 San Vicente del Palacio;Total;2006;217
47;Valladolid;47156 San Vicente del Palacio;Total;2005;223
47;Valladolid;47156 San Vicente del Palacio;Total;2004;232
47;Valladolid;47156 San Vicente del Palacio;Total;2003;230
47;Valladolid;47156 San Vicente del Palacio;Total;2002;237
47;Valladolid;47156 San Vicente del Palacio;Total;2001;243
47;Valladolid;47156 San Vicente del Palacio;Total;2000;244
47;Valladolid;47156 San Vicente del Palacio;Total;1999;252
47;Valladolid;47156 San Vicente del Palacio;Total;1998;255
47;Valladolid;47156 San Vicente del Palacio;Total;1997;
47;Valladolid;47156 San Vicente del Palacio;Total;1996;266
47;Valladolid;47156 San Vicente del Palacio;Hombres;2023;87
47;Valladolid;47156 San Vicente del Palacio;Hombres;2022;85
47;Valladolid;47156 San Vicente del Palacio;Hombres;2021;86
47;Valladolid;47156 San Vicente del Palacio;Hombres;2020;86
47;Valladolid;47156 San Vicente del Palacio;Hombres;2019;85
47;Valladolid;47156 San Vicente del Palacio;Hombres;2018;89
47;Valladolid;47156 San Vicente del Palacio;Hombres;2017;96
47;Valladolid;47156 San Vicente del Palacio;Hombres;2016;95
47;Valladolid;47156 San Vicente del Palacio;Hombres;2015;97
47;Valladolid;47156 San Vicente del Palacio;Hombres;2014;101
47;Valladolid;47156 San Vicente del Palacio;Hombres;2013;108
47;Valladolid;47156 San Vicente del Palacio;Hombres;2012;105
47;Valladolid;47156 San Vicente del Palacio;Hombres;2011;107
47;Valladolid;47156 San Vicente del Palacio;Hombres;2010;115
47;Valladolid;47156 San Vicente del Palacio;Hombres;2009;117
47;Valladolid;47156 San Vicente del Palacio;Hombres;2008;120
47;Valladolid;47156 San Vicente del Palacio;Hombres;2007;115
47;Valladolid;47156 San Vicente del Palacio;Hombres;2006;111
47;Valladolid;47156 San Vicente del Palacio;Hombres;2005;117
47;Valladolid;47156 San Vicente del Palacio;Hombres;2004;125
47;Valladolid;47156 San Vicente del Palacio;Hombres;2003;121
47;Valladolid;47156 San Vicente del Palacio;Hombres;2002;124
47;Valladolid;47156 San Vicente del Palacio;Hombres;2001;126
47;Valladolid;47156 San Vicente del Palacio;Hombres;2000;125
47;Valladolid;47156 San Vicente del Palacio;Hombres;1999;130
47;Valladolid;47156 San Vicente del Palacio;Hombres;1998;132
47;Valladolid;47156 San Vicente del Palacio;Hombres;1997;
47;Valladolid;47156 San Vicente del Palacio;Hombres;1996;136
47;Valladolid;47156 San Vicente del Palacio;Mujeres;2023;77
47;Valladolid;47156 San Vicente del Palacio;Mujeres;2022;73
47;Valladolid;47156 San Vicente del Palacio;Mujeres;2021;74
47;Valladolid;47156 San Vicente del Palacio;Mujeres;2020;76
47;Valladolid;47156 San Vicente del Palacio;Mujeres;2019;76
47;Valladolid;47156 San Vicente del Palacio;Mujeres;2018;79
47;Valladolid;47156 San Vicente del Palacio;Mujeres;2017;81
47;Valladolid;47156 San Vicente del Palacio;Mujeres;2016;81
47;Valladolid;47156 San Vicente del Palacio;Mujeres;2015;81
47;Valladolid;47156 San Vicente del Palacio;Mujeres;2014;85
47;Valladolid;47156 San Vicente del Palacio;Mujeres;2013;88
47;Valladolid;47156 San Vicente del Palacio;Mujeres;2012;88
47;Valladolid;47156 San Vicente del Palacio;Mujeres;2011;95
47;Valladolid;47156 San Vicente del Palacio;Mujeres;2010;99
47;Valladolid;47156 San Vicente del Palacio;Mujeres;2009;103
47;Valladolid;47156 San Vicente del Palacio;Mujeres;2008;103
47;Valladolid;47156 San Vicente del Palacio;Mujeres;2007;103
47;Valladolid;47156 San Vicente del Palacio;Mujeres;2006;106
47;Valladolid;47156 San Vicente del Palacio;Mujeres;2005;106
47;Valladolid;47156 San Vicente del Palacio;Mujeres;2004;107
47;Valladolid;47156 San Vicente del Palacio;Mujeres;2003;109
47;Valladolid;47156 San Vicente del Palacio;Mujeres;2002;113
47;Valladolid;47156 San Vicente del Palacio;Mujeres;2001;117
47;Valladolid;47156 San Vicente del Palacio;Mujeres;2000;119
47;Valladolid;47156 San Vicente del Palacio;Mujeres;1999;122
47;Valladolid;47156 San Vicente del Palacio;Mujeres;1998;123
47;Valladolid;47156 San Vicente del Palacio;Mujeres;1997;
47;Valladolid;47156 San Vicente del Palacio;Mujeres;1996;130
47;Valladolid;47152 Santa Eufemia del Arroyo;Total;2023;72
47;Valladolid;47152 Santa Eufemia del Arroyo;Total;2022;69
47;Valladolid;47152 Santa Eufemia del Arroyo;Total;2021;71
47;Valladolid;47152 Santa Eufemia del Arroyo;Total;2020;72
47;Valladolid;47152 Santa Eufemia del Arroyo;Total;2019;75
47;Valladolid;47152 Santa Eufemia del Arroyo;Total;2018;91
47;Valladolid;47152 Santa Eufemia del Arroyo;Total;2017;86
47;Valladolid;47152 Santa Eufemia del Arroyo;Total;2016;99
47;Valladolid;47152 Santa Eufemia del Arroyo;Total;2015;108
47;Valladolid;47152 Santa Eufemia del Arroyo;Total;2014;89
47;Valladolid;47152 Santa Eufemia del Arroyo;Total;2013;92
47;Valladolid;47152 Santa Eufemia del Arroyo;Total;2012;95
47;Valladolid;47152 Santa Eufemia del Arroyo;Total;2011;106
47;Valladolid;47152 Santa Eufemia del Arroyo;Total;2010;107
47;Valladolid;47152 Santa Eufemia del Arroyo;Total;2009;111
47;Valladolid;47152 Santa Eufemia del Arroyo;Total;2008;113
47;Valladolid;47152 Santa Eufemia del Arroyo;Total;2007;120
47;Valladolid;47152 Santa Eufemia del Arroyo;Total;2006;120
47;Valladolid;47152 Santa Eufemia del Arroyo;Total;2005;131
47;Valladolid;47152 Santa Eufemia del Arroyo;Total;2004;144
47;Valladolid;47152 Santa Eufemia del Arroyo;Total;2003;154
47;Valladolid;47152 Santa Eufemia del Arroyo;Total;2002;131
47;Valladolid;47152 Santa Eufemia del Arroyo;Total;2001;132
47;Valladolid;47152 Santa Eufemia del Arroyo;Total;2000;135
47;Valladolid;47152 Santa Eufemia del Arroyo;Total;1999;137
47;Valladolid;47152 Santa Eufemia del Arroyo;Total;1998;135
47;Valladolid;47152 Santa Eufemia del Arroyo;Total;1997;
47;Valladolid;47152 Santa Eufemia del Arroyo;Total;1996;130
47;Valladolid;47152 Santa Eufemia del Arroyo;Hombres;2023;41
47;Valladolid;47152 Santa Eufemia del Arroyo;Hombres;2022;38
47;Valladolid;47152 Santa Eufemia del Arroyo;Hombres;2021;38
47;Valladolid;47152 Santa Eufemia del Arroyo;Hombres;2020;40
47;Valladolid;47152 Santa Eufemia del Arroyo;Hombres;2019;42
47;Valladolid;47152 Santa Eufemia del Arroyo;Hombres;2018;50
47;Valladolid;47152 Santa Eufemia del Arroyo;Hombres;2017;45
47;Valladolid;47152 Santa Eufemia del Arroyo;Hombres;2016;53
47;Valladolid;47152 Santa Eufemia del Arroyo;Hombres;2015;60
47;Valladolid;47152 Santa Eufemia del Arroyo;Hombres;2014;47
47;Valladolid;47152 Santa Eufemia del Arroyo;Hombres;2013;47
47;Valladolid;47152 Santa Eufemia del Arroyo;Hombres;2012;49
47;Valladolid;47152 Santa Eufemia del Arroyo;Hombres;2011;56
47;Valladolid;47152 Santa Eufemia del Arroyo;Hombres;2010;58
47;Valladolid;47152 Santa Eufemia del Arroyo;Hombres;2009;58
47;Valladolid;47152 Santa Eufemia del Arroyo;Hombres;2008;58
47;Valladolid;47152 Santa Eufemia del Arroyo;Hombres;2007;60
47;Valladolid;47152 Santa Eufemia del Arroyo;Hombres;2006;59
47;Valladolid;47152 Santa Eufemia del Arroyo;Hombres;2005;65
47;Valladolid;47152 Santa Eufemia del Arroyo;Hombres;2004;70
47;Valladolid;47152 Santa Eufemia del Arroyo;Hombres;2003;74
47;Valladolid;47152 Santa Eufemia del Arroyo;Hombres;2002;63
47;Valladolid;47152 Santa Eufemia del Arroyo;Hombres;2001;65
47;Valladolid;47152 Santa Eufemia del Arroyo;Hombres;2000;66
47;Valladolid;47152 Santa Eufemia del Arroyo;Hombres;1999;67
47;Valladolid;47152 Santa Eufemia del Arroyo;Hombres;1998;66
47;Valladolid;47152 Santa Eufemia del Arroyo;Hombres;1997;
47;Valladolid;47152 Santa Eufemia del Arroyo;Hombres;1996;63
47;Valladolid;47152 Santa Eufemia del Arroyo;Mujeres;2023;31
47;Valladolid;47152 Santa Eufemia del Arroyo;Mujeres;2022;31
47;Valladolid;47152 Santa Eufemia del Arroyo;Mujeres;2021;33
47;Valladolid;47152 Santa Eufemia del Arroyo;Mujeres;2020;32
47;Valladolid;47152 Santa Eufemia del Arroyo;Mujeres;2019;33
47;Valladolid;47152 Santa Eufemia del Arroyo;Mujeres;2018;41
47;Valladolid;47152 Santa Eufemia del Arroyo;Mujeres;2017;41
47;Valladolid;47152 Santa Eufemia del Arroyo;Mujeres;2016;46
47;Valladolid;47152 Santa Eufemia del Arroyo;Mujeres;2015;48
47;Valladolid;47152 Santa Eufemia del Arroyo;Mujeres;2014;42
47;Valladolid;47152 Santa Eufemia del Arroyo;Mujeres;2013;45
47;Valladolid;47152 Santa Eufemia del Arroyo;Mujeres;2012;46
47;Valladolid;47152 Santa Eufemia del Arroyo;Mujeres;2011;50
47;Valladolid;47152 Santa Eufemia del Arroyo;Mujeres;2010;49
47;Valladolid;47152 Santa Eufemia del Arroyo;Mujeres;2009;53
47;Valladolid;47152 Santa Eufemia del Arroyo;Mujeres;2008;55
47;Valladolid;47152 Santa Eufemia del Arroyo;Mujeres;2007;60
47;Valladolid;47152 Santa Eufemia del Arroyo;Mujeres;2006;61
47;Valladolid;47152 Santa Eufemia del Arroyo;Mujeres;2005;66
47;Valladolid;47152 Santa Eufemia del Arroyo;Mujeres;2004;74
47;Valladolid;47152 Santa Eufemia del Arroyo;Mujeres;2003;80
47;Valladolid;47152 Santa Eufemia del Arroyo;Mujeres;2002;68
47;Valladolid;47152 Santa Eufemia del Arroyo;Mujeres;2001;67
47;Valladolid;47152 Santa Eufemia del Arroyo;Mujeres;2000;69
47;Valladolid;47152 Santa Eufemia del Arroyo;Mujeres;1999;70
47;Valladolid;47152 Santa Eufemia del Arroyo;Mujeres;1998;69
47;Valladolid;47152 Santa Eufemia del Arroyo;Mujeres;1997;
47;Valladolid;47152 Santa Eufemia del Arroyo;Mujeres;1996;67
47;Valladolid;47153 Santervás de Campos;Total;2023;111
47;Valladolid;47153 Santervás de Campos;Total;2022;105
47;Valladolid;47153 Santervás de Campos;Total;2021;110
47;Valladolid;47153 Santervás de Campos;Total;2020;113
47;Valladolid;47153 Santervás de Campos;Total;2019;118
47;Valladolid;47153 Santervás de Campos;Total;2018;115
47;Valladolid;47153 Santervás de Campos;Total;2017;121
47;Valladolid;47153 Santervás de Campos;Total;2016;122
47;Valladolid;47153 Santervás de Campos;Total;2015;122
47;Valladolid;47153 Santervás de Campos;Total;2014;130
47;Valladolid;47153 Santervás de Campos;Total;2013;138
47;Valladolid;47153 Santervás de Campos;Total;2012;136
47;Valladolid;47153 Santervás de Campos;Total;2011;139
47;Valladolid;47153 Santervás de Campos;Total;2010;141
47;Valladolid;47153 Santervás de Campos;Total;2009;137
47;Valladolid;47153 Santervás de Campos;Total;2008;141
47;Valladolid;47153 Santervás de Campos;Total;2007;144
47;Valladolid;47153 Santervás de Campos;Total;2006;150
47;Valladolid;47153 Santervás de Campos;Total;2005;150
47;Valladolid;47153 Santervás de Campos;Total;2004;148
47;Valladolid;47153 Santervás de Campos;Total;2003;152
47;Valladolid;47153 Santervás de Campos;Total;2002;159
47;Valladolid;47153 Santervás de Campos;Total;2001;170
47;Valladolid;47153 Santervás de Campos;Total;2000;166
47;Valladolid;47153 Santervás de Campos;Total;1999;172
47;Valladolid;47153 Santervás de Campos;Total;1998;172
47;Valladolid;47153 Santervás de Campos;Total;1997;
47;Valladolid;47153 Santervás de Campos;Total;1996;173
47;Valladolid;47153 Santervás de Campos;Hombres;2023;60
47;Valladolid;47153 Santervás de Campos;Hombres;2022;58
47;Valladolid;47153 Santervás de Campos;Hombres;2021;62
47;Valladolid;47153 Santervás de Campos;Hombres;2020;61
47;Valladolid;47153 Santervás de Campos;Hombres;2019;61
47;Valladolid;47153 Santervás de Campos;Hombres;2018;60
47;Valladolid;47153 Santervás de Campos;Hombres;2017;64
47;Valladolid;47153 Santervás de Campos;Hombres;2016;67
47;Valladolid;47153 Santervás de Campos;Hombres;2015;68
47;Valladolid;47153 Santervás de Campos;Hombres;2014;72
47;Valladolid;47153 Santervás de Campos;Hombres;2013;76
47;Valladolid;47153 Santervás de Campos;Hombres;2012;72
47;Valladolid;47153 Santervás de Campos;Hombres;2011;75
47;Valladolid;47153 Santervás de Campos;Hombres;2010;79
47;Valladolid;47153 Santervás de Campos;Hombres;2009;77
47;Valladolid;47153 Santervás de Campos;Hombres;2008;80
47;Valladolid;47153 Santervás de Campos;Hombres;2007;83
47;Valladolid;47153 Santervás de Campos;Hombres;2006;84
47;Valladolid;47153 Santervás de Campos;Hombres;2005;84
47;Valladolid;47153 Santervás de Campos;Hombres;2004;85
47;Valladolid;47153 Santervás de Campos;Hombres;2003;84
47;Valladolid;47153 Santervás de Campos;Hombres;2002;87
47;Valladolid;47153 Santervás de Campos;Hombres;2001;93
47;Valladolid;47153 Santervás de Campos;Hombres;2000;90
47;Valladolid;47153 Santervás de Campos;Hombres;1999;91
47;Valladolid;47153 Santervás de Campos;Hombres;1998;91
47;Valladolid;47153 Santervás de Campos;Hombres;1997;
47;Valladolid;47153 Santervás de Campos;Hombres;1996;91
47;Valladolid;47153 Santervás de Campos;Mujeres;2023;51
47;Valladolid;47153 Santervás de Campos;Mujeres;2022;47
47;Valladolid;47153 Santervás de Campos;Mujeres;2021;48
47;Valladolid;47153 Santervás de Campos;Mujeres;2020;52
47;Valladolid;47153 Santervás de Campos;Mujeres;2019;57
47;Valladolid;47153 Santervás de Campos;Mujeres;2018;55
47;Valladolid;47153 Santervás de Campos;Mujeres;2017;57
47;Valladolid;47153 Santervás de Campos;Mujeres;2016;55
47;Valladolid;47153 Santervás de Campos;Mujeres;2015;54
47;Valladolid;47153 Santervás de Campos;Mujeres;2014;58
47;Valladolid;47153 Santervás de Campos;Mujeres;2013;62
47;Valladolid;47153 Santervás de Campos;Mujeres;2012;64
47;Valladolid;47153 Santervás de Campos;Mujeres;2011;64
47;Valladolid;47153 Santervás de Campos;Mujeres;2010;62
47;Valladolid;47153 Santervás de Campos;Mujeres;2009;60
47;Valladolid;47153 Santervás de Campos;Mujeres;2008;61
47;Valladolid;47153 Santervás de Campos;Mujeres;2007;61
47;Valladolid;47153 Santervás de Campos;Mujeres;2006;66
47;Valladolid;47153 Santervás de Campos;Mujeres;2005;66
47;Valladolid;47153 Santervás de Campos;Mujeres;2004;63
47;Valladolid;47153 Santervás de Campos;Mujeres;2003;68
47;Valladolid;47153 Santervás de Campos;Mujeres;2002;72
47;Valladolid;47153 Santervás de Campos;Mujeres;2001;77
47;Valladolid;47153 Santervás de Campos;Mujeres;2000;76
47;Valladolid;47153 Santervás de Campos;Mujeres;1999;81
47;Valladolid;47153 Santervás de Campos;Mujeres;1998;81
47;Valladolid;47153 Santervás de Campos;Mujeres;1997;
47;Valladolid;47153 Santervás de Campos;Mujeres;1996;82
47;Valladolid;47154 Santibáñez de Valcorba;Total;2023;184
47;Valladolid;47154 Santibáñez de Valcorba;Total;2022;183
47;Valladolid;47154 Santibáñez de Valcorba;Total;2021;181
47;Valladolid;47154 Santibáñez de Valcorba;Total;2020;168
47;Valladolid;47154 Santibáñez de Valcorba;Total;2019;164
47;Valladolid;47154 Santibáñez de Valcorba;Total;2018;158
47;Valladolid;47154 Santibáñez de Valcorba;Total;2017;162
47;Valladolid;47154 Santibáñez de Valcorba;Total;2016;163
47;Valladolid;47154 Santibáñez de Valcorba;Total;2015;173
47;Valladolid;47154 Santibáñez de Valcorba;Total;2014;189
47;Valladolid;47154 Santibáñez de Valcorba;Total;2013;178
47;Valladolid;47154 Santibáñez de Valcorba;Total;2012;178
47;Valladolid;47154 Santibáñez de Valcorba;Total;2011;173
47;Valladolid;47154 Santibáñez de Valcorba;Total;2010;175
47;Valladolid;47154 Santibáñez de Valcorba;Total;2009;179
47;Valladolid;47154 Santibáñez de Valcorba;Total;2008;193
47;Valladolid;47154 Santibáñez de Valcorba;Total;2007;194
47;Valladolid;47154 Santibáñez de Valcorba;Total;2006;187
47;Valladolid;47154 Santibáñez de Valcorba;Total;2005;191
47;Valladolid;47154 Santibáñez de Valcorba;Total;2004;193
47;Valladolid;47154 Santibáñez de Valcorba;Total;2003;197
47;Valladolid;47154 Santibáñez de Valcorba;Total;2002;205
47;Valladolid;47154 Santibáñez de Valcorba;Total;2001;201
47;Valladolid;47154 Santibáñez de Valcorba;Total;2000;214
47;Valladolid;47154 Santibáñez de Valcorba;Total;1999;240
47;Valladolid;47154 Santibáñez de Valcorba;Total;1998;241
47;Valladolid;47154 Santibáñez de Valcorba;Total;1997;
47;Valladolid;47154 Santibáñez de Valcorba;Total;1996;235
47;Valladolid;47154 Santibáñez de Valcorba;Hombres;2023;108
47;Valladolid;47154 Santibáñez de Valcorba;Hombres;2022;106
47;Valladolid;47154 Santibáñez de Valcorba;Hombres;2021;105
47;Valladolid;47154 Santibáñez de Valcorba;Hombres;2020;97
47;Valladolid;47154 Santibáñez de Valcorba;Hombres;2019;92
47;Valladolid;47154 Santibáñez de Valcorba;Hombres;2018;90
47;Valladolid;47154 Santibáñez de Valcorba;Hombres;2017;91
47;Valladolid;47154 Santibáñez de Valcorba;Hombres;2016;94
47;Valladolid;47154 Santibáñez de Valcorba;Hombres;2015;99
47;Valladolid;47154 Santibáñez de Valcorba;Hombres;2014;107
47;Valladolid;47154 Santibáñez de Valcorba;Hombres;2013;101
47;Valladolid;47154 Santibáñez de Valcorba;Hombres;2012;99
47;Valladolid;47154 Santibáñez de Valcorba;Hombres;2011;92
47;Valladolid;47154 Santibáñez de Valcorba;Hombres;2010;93
47;Valladolid;47154 Santibáñez de Valcorba;Hombres;2009;95
47;Valladolid;47154 Santibáñez de Valcorba;Hombres;2008;101
47;Valladolid;47154 Santibáñez de Valcorba;Hombres;2007;99
47;Valladolid;47154 Santibáñez de Valcorba;Hombres;2006;93
47;Valladolid;47154 Santibáñez de Valcorba;Hombres;2005;95
47;Valladolid;47154 Santibáñez de Valcorba;Hombres;2004;92
47;Valladolid;47154 Santibáñez de Valcorba;Hombres;2003;95
47;Valladolid;47154 Santibáñez de Valcorba;Hombres;2002;102
47;Valladolid;47154 Santibáñez de Valcorba;Hombres;2001;98
47;Valladolid;47154 Santibáñez de Valcorba;Hombres;2000;108
47;Valladolid;47154 Santibáñez de Valcorba;Hombres;1999;127
47;Valladolid;47154 Santibáñez de Valcorba;Hombres;1998;128
47;Valladolid;47154 Santibáñez de Valcorba;Hombres;1997;
47;Valladolid;47154 Santibáñez de Valcorba;Hombres;1996;122
47;Valladolid;47154 Santibáñez de Valcorba;Mujeres;2023;76
47;Valladolid;47154 Santibáñez de Valcorba;Mujeres;2022;77
47;Valladolid;47154 Santibáñez de Valcorba;Mujeres;2021;76
47;Valladolid;47154 Santibáñez de Valcorba;Mujeres;2020;71
47;Valladolid;47154 Santibáñez de Valcorba;Mujeres;2019;72
47;Valladolid;47154 Santibáñez de Valcorba;Mujeres;2018;68
47;Valladolid;47154 Santibáñez de Valcorba;Mujeres;2017;71
47;Valladolid;47154 Santibáñez de Valcorba;Mujeres;2016;69
47;Valladolid;47154 Santibáñez de Valcorba;Mujeres;2015;74
47;Valladolid;47154 Santibáñez de Valcorba;Mujeres;2014;82
47;Valladolid;47154 Santibáñez de Valcorba;Mujeres;2013;77
47;Valladolid;47154 Santibáñez de Valcorba;Mujeres;2012;79
47;Valladolid;47154 Santibáñez de Valcorba;Mujeres;2011;81
47;Valladolid;47154 Santibáñez de Valcorba;Mujeres;2010;82
47;Valladolid;47154 Santibáñez de Valcorba;Mujeres;2009;84
47;Valladolid;47154 Santibáñez de Valcorba;Mujeres;2008;92
47;Valladolid;47154 Santibáñez de Valcorba;Mujeres;2007;95
47;Valladolid;47154 Santibáñez de Valcorba;Mujeres;2006;94
47;Valladolid;47154 Santibáñez de Valcorba;Mujeres;2005;96
47;Valladolid;47154 Santibáñez de Valcorba;Mujeres;2004;101
47;Valladolid;47154 Santibáñez de Valcorba;Mujeres;2003;102
47;Valladolid;47154 Santibáñez de Valcorba;Mujeres;2002;103
47;Valladolid;47154 Santibáñez de Valcorba;Mujeres;2001;103
47;Valladolid;47154 Santibáñez de Valcorba;Mujeres;2000;106
47;Valladolid;47154 Santibáñez de Valcorba;Mujeres;1999;113
47;Valladolid;47154 Santibáñez de Valcorba;Mujeres;1998;113
47;Valladolid;47154 Santibáñez de Valcorba;Mujeres;1997;
47;Valladolid;47154 Santibáñez de Valcorba;Mujeres;1996;113
47;Valladolid;47155 Santovenia de Pisuerga;Total;2023;4636
47;Valladolid;47155 Santovenia de Pisuerga;Total;2022;4612
47;Valladolid;47155 Santovenia de Pisuerga;Total;2021;4604
47;Valladolid;47155 Santovenia de Pisuerga;Total;2020;4604
47;Valladolid;47155 Santovenia de Pisuerga;Total;2019;4480
47;Valladolid;47155 Santovenia de Pisuerga;Total;2018;4346
47;Valladolid;47155 Santovenia de Pisuerga;Total;2017;4298
47;Valladolid;47155 Santovenia de Pisuerga;Total;2016;4241
47;Valladolid;47155 Santovenia de Pisuerga;Total;2015;4203
47;Valladolid;47155 Santovenia de Pisuerga;Total;2014;4155
47;Valladolid;47155 Santovenia de Pisuerga;Total;2013;4023
47;Valladolid;47155 Santovenia de Pisuerga;Total;2012;4005
47;Valladolid;47155 Santovenia de Pisuerga;Total;2011;3965
47;Valladolid;47155 Santovenia de Pisuerga;Total;2010;3845
47;Valladolid;47155 Santovenia de Pisuerga;Total;2009;3732
47;Valladolid;47155 Santovenia de Pisuerga;Total;2008;3415
47;Valladolid;47155 Santovenia de Pisuerga;Total;2007;3260
47;Valladolid;47155 Santovenia de Pisuerga;Total;2006;3079
47;Valladolid;47155 Santovenia de Pisuerga;Total;2005;2908
47;Valladolid;47155 Santovenia de Pisuerga;Total;2004;2688
47;Valladolid;47155 Santovenia de Pisuerga;Total;2003;2719
47;Valladolid;47155 Santovenia de Pisuerga;Total;2002;2557
47;Valladolid;47155 Santovenia de Pisuerga;Total;2001;2418
47;Valladolid;47155 Santovenia de Pisuerga;Total;2000;2278
47;Valladolid;47155 Santovenia de Pisuerga;Total;1999;2109
47;Valladolid;47155 Santovenia de Pisuerga;Total;1998;1930
47;Valladolid;47155 Santovenia de Pisuerga;Total;1997;
47;Valladolid;47155 Santovenia de Pisuerga;Total;1996;1556
47;Valladolid;47155 Santovenia de Pisuerga;Hombres;2023;2353
47;Valladolid;47155 Santovenia de Pisuerga;Hombres;2022;2354
47;Valladolid;47155 Santovenia de Pisuerga;Hombres;2021;2353
47;Valladolid;47155 Santovenia de Pisuerga;Hombres;2020;2360
47;Valladolid;47155 Santovenia de Pisuerga;Hombres;2019;2310
47;Valladolid;47155 Santovenia de Pisuerga;Hombres;2018;2231
47;Valladolid;47155 Santovenia de Pisuerga;Hombres;2017;2220
47;Valladolid;47155 Santovenia de Pisuerga;Hombres;2016;2183
47;Valladolid;47155 Santovenia de Pisuerga;Hombres;2015;2155
47;Valladolid;47155 Santovenia de Pisuerga;Hombres;2014;2134
47;Valladolid;47155 Santovenia de Pisuerga;Hombres;2013;2064
47;Valladolid;47155 Santovenia de Pisuerga;Hombres;2012;2055
47;Valladolid;47155 Santovenia de Pisuerga;Hombres;2011;2026
47;Valladolid;47155 Santovenia de Pisuerga;Hombres;2010;1960
47;Valladolid;47155 Santovenia de Pisuerga;Hombres;2009;1909
47;Valladolid;47155 Santovenia de Pisuerga;Hombres;2008;1743
47;Valladolid;47155 Santovenia de Pisuerga;Hombres;2007;1645
47;Valladolid;47155 Santovenia de Pisuerga;Hombres;2006;1557
47;Valladolid;47155 Santovenia de Pisuerga;Hombres;2005;1474
47;Valladolid;47155 Santovenia de Pisuerga;Hombres;2004;1368
47;Valladolid;47155 Santovenia de Pisuerga;Hombres;2003;1372
47;Valladolid;47155 Santovenia de Pisuerga;Hombres;2002;1291
47;Valladolid;47155 Santovenia de Pisuerga;Hombres;2001;1218
47;Valladolid;47155 Santovenia de Pisuerga;Hombres;2000;1155
47;Valladolid;47155 Santovenia de Pisuerga;Hombres;1999;1072
47;Valladolid;47155 Santovenia de Pisuerga;Hombres;1998;972
47;Valladolid;47155 Santovenia de Pisuerga;Hombres;1997;
47;Valladolid;47155 Santovenia de Pisuerga;Hombres;1996;786
47;Valladolid;47155 Santovenia de Pisuerga;Mujeres;2023;2283
47;Valladolid;47155 Santovenia de Pisuerga;Mujeres;2022;2258
47;Valladolid;47155 Santovenia de Pisuerga;Mujeres;2021;2251
47;Valladolid;47155 Santovenia de Pisuerga;Mujeres;2020;2244
47;Valladolid;47155 Santovenia de Pisuerga;Mujeres;2019;2170
47;Valladolid;47155 Santovenia de Pisuerga;Mujeres;2018;2115
47;Valladolid;47155 Santovenia de Pisuerga;Mujeres;2017;2078
47;Valladolid;47155 Santovenia de Pisuerga;Mujeres;2016;2058
47;Valladolid;47155 Santovenia de Pisuerga;Mujeres;2015;2048
47;Valladolid;47155 Santovenia de Pisuerga;Mujeres;2014;2021
47;Valladolid;47155 Santovenia de Pisuerga;Mujeres;2013;1959
47;Valladolid;47155 Santovenia de Pisuerga;Mujeres;2012;1950
47;Valladolid;47155 Santovenia de Pisuerga;Mujeres;2011;1939
47;Valladolid;47155 Santovenia de Pisuerga;Mujeres;2010;1885
47;Valladolid;47155 Santovenia de Pisuerga;Mujeres;2009;1823
47;Valladolid;47155 Santovenia de Pisuerga;Mujeres;2008;1672
47;Valladolid;47155 Santovenia de Pisuerga;Mujeres;2007;1615
47;Valladolid;47155 Santovenia de Pisuerga;Mujeres;2006;1522
47;Valladolid;47155 Santovenia de Pisuerga;Mujeres;2005;1434
47;Valladolid;47155 Santovenia de Pisuerga;Mujeres;2004;1320
47;Valladolid;47155 Santovenia de Pisuerga;Mujeres;2003;1347
47;Valladolid;47155 Santovenia de Pisuerga;Mujeres;2002;1266
47;Valladolid;47155 Santovenia de Pisuerga;Mujeres;2001;1200
47;Valladolid;47155 Santovenia de Pisuerga;Mujeres;2000;1123
47;Valladolid;47155 Santovenia de Pisuerga;Mujeres;1999;1037
47;Valladolid;47155 Santovenia de Pisuerga;Mujeres;1998;958
47;Valladolid;47155 Santovenia de Pisuerga;Mujeres;1997;
47;Valladolid;47155 Santovenia de Pisuerga;Mujeres;1996;770
47;Valladolid;47157 Sardón de Duero;Total;2023;608
47;Valladolid;47157 Sardón de Duero;Total;2022;596
47;Valladolid;47157 Sardón de Duero;Total;2021;602
47;Valladolid;47157 Sardón de Duero;Total;2020;579
47;Valladolid;47157 Sardón de Duero;Total;2019;580
47;Valladolid;47157 Sardón de Duero;Total;2018;583
47;Valladolid;47157 Sardón de Duero;Total;2017;597
47;Valladolid;47157 Sardón de Duero;Total;2016;610
47;Valladolid;47157 Sardón de Duero;Total;2015;634
47;Valladolid;47157 Sardón de Duero;Total;2014;649
47;Valladolid;47157 Sardón de Duero;Total;2013;659
47;Valladolid;47157 Sardón de Duero;Total;2012;671
47;Valladolid;47157 Sardón de Duero;Total;2011;683
47;Valladolid;47157 Sardón de Duero;Total;2010;699
47;Valladolid;47157 Sardón de Duero;Total;2009;700
47;Valladolid;47157 Sardón de Duero;Total;2008;707
47;Valladolid;47157 Sardón de Duero;Total;2007;703
47;Valladolid;47157 Sardón de Duero;Total;2006;658
47;Valladolid;47157 Sardón de Duero;Total;2005;659
47;Valladolid;47157 Sardón de Duero;Total;2004;668
47;Valladolid;47157 Sardón de Duero;Total;2003;667
47;Valladolid;47157 Sardón de Duero;Total;2002;661
47;Valladolid;47157 Sardón de Duero;Total;2001;643
47;Valladolid;47157 Sardón de Duero;Total;2000;629
47;Valladolid;47157 Sardón de Duero;Total;1999;641
47;Valladolid;47157 Sardón de Duero;Total;1998;641
47;Valladolid;47157 Sardón de Duero;Total;1997;
47;Valladolid;47157 Sardón de Duero;Total;1996;647
47;Valladolid;47157 Sardón de Duero;Hombres;2023;322
47;Valladolid;47157 Sardón de Duero;Hombres;2022;320
47;Valladolid;47157 Sardón de Duero;Hombres;2021;319
47;Valladolid;47157 Sardón de Duero;Hombres;2020;309
47;Valladolid;47157 Sardón de Duero;Hombres;2019;313
47;Valladolid;47157 Sardón de Duero;Hombres;2018;310
47;Valladolid;47157 Sardón de Duero;Hombres;2017;311
47;Valladolid;47157 Sardón de Duero;Hombres;2016;313
47;Valladolid;47157 Sardón de Duero;Hombres;2015;328
47;Valladolid;47157 Sardón de Duero;Hombres;2014;341
47;Valladolid;47157 Sardón de Duero;Hombres;2013;341
47;Valladolid;47157 Sardón de Duero;Hombres;2012;351
47;Valladolid;47157 Sardón de Duero;Hombres;2011;349
47;Valladolid;47157 Sardón de Duero;Hombres;2010;354
47;Valladolid;47157 Sardón de Duero;Hombres;2009;354
47;Valladolid;47157 Sardón de Duero;Hombres;2008;356
47;Valladolid;47157 Sardón de Duero;Hombres;2007;353
47;Valladolid;47157 Sardón de Duero;Hombres;2006;333
47;Valladolid;47157 Sardón de Duero;Hombres;2005;330
47;Valladolid;47157 Sardón de Duero;Hombres;2004;335
47;Valladolid;47157 Sardón de Duero;Hombres;2003;333
47;Valladolid;47157 Sardón de Duero;Hombres;2002;331
47;Valladolid;47157 Sardón de Duero;Hombres;2001;326
47;Valladolid;47157 Sardón de Duero;Hombres;2000;319
47;Valladolid;47157 Sardón de Duero;Hombres;1999;328
47;Valladolid;47157 Sardón de Duero;Hombres;1998;328
47;Valladolid;47157 Sardón de Duero;Hombres;1997;
47;Valladolid;47157 Sardón de Duero;Hombres;1996;326
47;Valladolid;47157 Sardón de Duero;Mujeres;2023;286
47;Valladolid;47157 Sardón de Duero;Mujeres;2022;276
47;Valladolid;47157 Sardón de Duero;Mujeres;2021;283
47;Valladolid;47157 Sardón de Duero;Mujeres;2020;270
47;Valladolid;47157 Sardón de Duero;Mujeres;2019;267
47;Valladolid;47157 Sardón de Duero;Mujeres;2018;273
47;Valladolid;47157 Sardón de Duero;Mujeres;2017;286
47;Valladolid;47157 Sardón de Duero;Mujeres;2016;297
47;Valladolid;47157 Sardón de Duero;Mujeres;2015;306
47;Valladolid;47157 Sardón de Duero;Mujeres;2014;308
47;Valladolid;47157 Sardón de Duero;Mujeres;2013;318
47;Valladolid;47157 Sardón de Duero;Mujeres;2012;320
47;Valladolid;47157 Sardón de Duero;Mujeres;2011;334
47;Valladolid;47157 Sardón de Duero;Mujeres;2010;345
47;Valladolid;47157 Sardón de Duero;Mujeres;2009;346
47;Valladolid;47157 Sardón de Duero;Mujeres;2008;351
47;Valladolid;47157 Sardón de Duero;Mujeres;2007;350
47;Valladolid;47157 Sardón de Duero;Mujeres;2006;325
47;Valladolid;47157 Sardón de Duero;Mujeres;2005;329
47;Valladolid;47157 Sardón de Duero;Mujeres;2004;333
47;Valladolid;47157 Sardón de Duero;Mujeres;2003;334
47;Valladolid;47157 Sardón de Duero;Mujeres;2002;330
47;Valladolid;47157 Sardón de Duero;Mujeres;2001;317
47;Valladolid;47157 Sardón de Duero;Mujeres;2000;310
47;Valladolid;47157 Sardón de Duero;Mujeres;1999;313
47;Valladolid;47157 Sardón de Duero;Mujeres;1998;313
47;Valladolid;47157 Sardón de Duero;Mujeres;1997;
47;Valladolid;47157 Sardón de Duero;Mujeres;1996;321
47;Valladolid;47158 Seca, La;Total;2023;1038
47;Valladolid;47158 Seca, La;Total;2022;1066
47;Valladolid;47158 Seca, La;Total;2021;1066
47;Valladolid;47158 Seca, La;Total;2020;1059
47;Valladolid;47158 Seca, La;Total;2019;1077
47;Valladolid;47158 Seca, La;Total;2018;1094
47;Valladolid;47158 Seca, La;Total;2017;1091
47;Valladolid;47158 Seca, La;Total;2016;1105
47;Valladolid;47158 Seca, La;Total;2015;1107
47;Valladolid;47158 Seca, La;Total;2014;1127
47;Valladolid;47158 Seca, La;Total;2013;1109
47;Valladolid;47158 Seca, La;Total;2012;1099
47;Valladolid;47158 Seca, La;Total;2011;1124
47;Valladolid;47158 Seca, La;Total;2010;1093
47;Valladolid;47158 Seca, La;Total;2009;1097
47;Valladolid;47158 Seca, La;Total;2008;1105
47;Valladolid;47158 Seca, La;Total;2007;1078
47;Valladolid;47158 Seca, La;Total;2006;1066
47;Valladolid;47158 Seca, La;Total;2005;1057
47;Valladolid;47158 Seca, La;Total;2004;1058
47;Valladolid;47158 Seca, La;Total;2003;1033
47;Valladolid;47158 Seca, La;Total;2002;1047
47;Valladolid;47158 Seca, La;Total;2001;1050
47;Valladolid;47158 Seca, La;Total;2000;1050
47;Valladolid;47158 Seca, La;Total;1999;1066
47;Valladolid;47158 Seca, La;Total;1998;1066
47;Valladolid;47158 Seca, La;Total;1997;
47;Valladolid;47158 Seca, La;Total;1996;1066
47;Valladolid;47158 Seca, La;Hombres;2023;544
47;Valladolid;47158 Seca, La;Hombres;2022;559
47;Valladolid;47158 Seca, La;Hombres;2021;556
47;Valladolid;47158 Seca, La;Hombres;2020;546
47;Valladolid;47158 Seca, La;Hombres;2019;548
47;Valladolid;47158 Seca, La;Hombres;2018;555
47;Valladolid;47158 Seca, La;Hombres;2017;559
47;Valladolid;47158 Seca, La;Hombres;2016;566
47;Valladolid;47158 Seca, La;Hombres;2015;564
47;Valladolid;47158 Seca, La;Hombres;2014;574
47;Valladolid;47158 Seca, La;Hombres;2013;565
47;Valladolid;47158 Seca, La;Hombres;2012;567
47;Valladolid;47158 Seca, La;Hombres;2011;584
47;Valladolid;47158 Seca, La;Hombres;2010;565
47;Valladolid;47158 Seca, La;Hombres;2009;566
47;Valladolid;47158 Seca, La;Hombres;2008;574
47;Valladolid;47158 Seca, La;Hombres;2007;562
47;Valladolid;47158 Seca, La;Hombres;2006;551
47;Valladolid;47158 Seca, La;Hombres;2005;544
47;Valladolid;47158 Seca, La;Hombres;2004;545
47;Valladolid;47158 Seca, La;Hombres;2003;541
47;Valladolid;47158 Seca, La;Hombres;2002;552
47;Valladolid;47158 Seca, La;Hombres;2001;553
47;Valladolid;47158 Seca, La;Hombres;2000;561
47;Valladolid;47158 Seca, La;Hombres;1999;576
47;Valladolid;47158 Seca, La;Hombres;1998;576
47;Valladolid;47158 Seca, La;Hombres;1997;
47;Valladolid;47158 Seca, La;Hombres;1996;566
47;Valladolid;47158 Seca, La;Mujeres;2023;494
47;Valladolid;47158 Seca, La;Mujeres;2022;507
47;Valladolid;47158 Seca, La;Mujeres;2021;510
47;Valladolid;47158 Seca, La;Mujeres;2020;513
47;Valladolid;47158 Seca, La;Mujeres;2019;529
47;Valladolid;47158 Seca, La;Mujeres;2018;539
47;Valladolid;47158 Seca, La;Mujeres;2017;532
47;Valladolid;47158 Seca, La;Mujeres;2016;539
47;Valladolid;47158 Seca, La;Mujeres;2015;543
47;Valladolid;47158 Seca, La;Mujeres;2014;553
47;Valladolid;47158 Seca, La;Mujeres;2013;544
47;Valladolid;47158 Seca, La;Mujeres;2012;532
47;Valladolid;47158 Seca, La;Mujeres;2011;540
47;Valladolid;47158 Seca, La;Mujeres;2010;528
47;Valladolid;47158 Seca, La;Mujeres;2009;531
47;Valladolid;47158 Seca, La;Mujeres;2008;531
47;Valladolid;47158 Seca, La;Mujeres;2007;516
47;Valladolid;47158 Seca, La;Mujeres;2006;515
47;Valladolid;47158 Seca, La;Mujeres;2005;513
47;Valladolid;47158 Seca, La;Mujeres;2004;513
47;Valladolid;47158 Seca, La;Mujeres;2003;492
47;Valladolid;47158 Seca, La;Mujeres;2002;495
47;Valladolid;47158 Seca, La;Mujeres;2001;497
47;Valladolid;47158 Seca, La;Mujeres;2000;489
47;Valladolid;47158 Seca, La;Mujeres;1999;490
47;Valladolid;47158 Seca, La;Mujeres;1998;490
47;Valladolid;47158 Seca, La;Mujeres;1997;
47;Valladolid;47158 Seca, La;Mujeres;1996;500
47;Valladolid;47159 Serrada;Total;2023;1128
47;Valladolid;47159 Serrada;Total;2022;1124
47;Valladolid;47159 Serrada;Total;2021;1111
47;Valladolid;47159 Serrada;Total;2020;1103
47;Valladolid;47159 Serrada;Total;2019;1136
47;Valladolid;47159 Serrada;Total;2018;1135
47;Valladolid;47159 Serrada;Total;2017;1127
47;Valladolid;47159 Serrada;Total;2016;1139
47;Valladolid;47159 Serrada;Total;2015;1173
47;Valladolid;47159 Serrada;Total;2014;1184
47;Valladolid;47159 Serrada;Total;2013;1205
47;Valladolid;47159 Serrada;Total;2012;1221
47;Valladolid;47159 Serrada;Total;2011;1190
47;Valladolid;47159 Serrada;Total;2010;1184
47;Valladolid;47159 Serrada;Total;2009;1165
47;Valladolid;47159 Serrada;Total;2008;1146
47;Valladolid;47159 Serrada;Total;2007;1120
47;Valladolid;47159 Serrada;Total;2006;1104
47;Valladolid;47159 Serrada;Total;2005;1128
47;Valladolid;47159 Serrada;Total;2004;1106
47;Valladolid;47159 Serrada;Total;2003;1073
47;Valladolid;47159 Serrada;Total;2002;1079
47;Valladolid;47159 Serrada;Total;2001;1064
47;Valladolid;47159 Serrada;Total;2000;1059
47;Valladolid;47159 Serrada;Total;1999;1037
47;Valladolid;47159 Serrada;Total;1998;1027
47;Valladolid;47159 Serrada;Total;1997;
47;Valladolid;47159 Serrada;Total;1996;1023
47;Valladolid;47159 Serrada;Hombres;2023;587
47;Valladolid;47159 Serrada;Hombres;2022;584
47;Valladolid;47159 Serrada;Hombres;2021;576
47;Valladolid;47159 Serrada;Hombres;2020;574
47;Valladolid;47159 Serrada;Hombres;2019;593
47;Valladolid;47159 Serrada;Hombres;2018;595
47;Valladolid;47159 Serrada;Hombres;2017;587
47;Valladolid;47159 Serrada;Hombres;2016;600
47;Valladolid;47159 Serrada;Hombres;2015;628
47;Valladolid;47159 Serrada;Hombres;2014;625
47;Valladolid;47159 Serrada;Hombres;2013;635
47;Valladolid;47159 Serrada;Hombres;2012;645
47;Valladolid;47159 Serrada;Hombres;2011;620
47;Valladolid;47159 Serrada;Hombres;2010;615
47;Valladolid;47159 Serrada;Hombres;2009;601
47;Valladolid;47159 Serrada;Hombres;2008;591
47;Valladolid;47159 Serrada;Hombres;2007;578
47;Valladolid;47159 Serrada;Hombres;2006;567
47;Valladolid;47159 Serrada;Hombres;2005;589
47;Valladolid;47159 Serrada;Hombres;2004;576
47;Valladolid;47159 Serrada;Hombres;2003;554
47;Valladolid;47159 Serrada;Hombres;2002;565
47;Valladolid;47159 Serrada;Hombres;2001;553
47;Valladolid;47159 Serrada;Hombres;2000;545
47;Valladolid;47159 Serrada;Hombres;1999;530
47;Valladolid;47159 Serrada;Hombres;1998;526
47;Valladolid;47159 Serrada;Hombres;1997;
47;Valladolid;47159 Serrada;Hombres;1996;524
47;Valladolid;47159 Serrada;Mujeres;2023;541
47;Valladolid;47159 Serrada;Mujeres;2022;540
47;Valladolid;47159 Serrada;Mujeres;2021;535
47;Valladolid;47159 Serrada;Mujeres;2020;529
47;Valladolid;47159 Serrada;Mujeres;2019;543
47;Valladolid;47159 Serrada;Mujeres;2018;540
47;Valladolid;47159 Serrada;Mujeres;2017;540
47;Valladolid;47159 Serrada;Mujeres;2016;539
47;Valladolid;47159 Serrada;Mujeres;2015;545
47;Valladolid;47159 Serrada;Mujeres;2014;559
47;Valladolid;47159 Serrada;Mujeres;2013;570
47;Valladolid;47159 Serrada;Mujeres;2012;576
47;Valladolid;47159 Serrada;Mujeres;2011;570
47;Valladolid;47159 Serrada;Mujeres;2010;569
47;Valladolid;47159 Serrada;Mujeres;2009;564
47;Valladolid;47159 Serrada;Mujeres;2008;555
47;Valladolid;47159 Serrada;Mujeres;2007;542
47;Valladolid;47159 Serrada;Mujeres;2006;537
47;Valladolid;47159 Serrada;Mujeres;2005;539
47;Valladolid;47159 Serrada;Mujeres;2004;530
47;Valladolid;47159 Serrada;Mujeres;2003;519
47;Valladolid;47159 Serrada;Mujeres;2002;514
47;Valladolid;47159 Serrada;Mujeres;2001;511
47;Valladolid;47159 Serrada;Mujeres;2000;514
47;Valladolid;47159 Serrada;Mujeres;1999;507
47;Valladolid;47159 Serrada;Mujeres;1998;501
47;Valladolid;47159 Serrada;Mujeres;1997;
47;Valladolid;47159 Serrada;Mujeres;1996;499
47;Valladolid;47160 Siete Iglesias de Trabancos;Total;2023;434
47;Valladolid;47160 Siete Iglesias de Trabancos;Total;2022;432
47;Valladolid;47160 Siete Iglesias de Trabancos;Total;2021;427
47;Valladolid;47160 Siete Iglesias de Trabancos;Total;2020;431
47;Valladolid;47160 Siete Iglesias de Trabancos;Total;2019;428
47;Valladolid;47160 Siete Iglesias de Trabancos;Total;2018;431
47;Valladolid;47160 Siete Iglesias de Trabancos;Total;2017;456
47;Valladolid;47160 Siete Iglesias de Trabancos;Total;2016;474
47;Valladolid;47160 Siete Iglesias de Trabancos;Total;2015;488
47;Valladolid;47160 Siete Iglesias de Trabancos;Total;2014;496
47;Valladolid;47160 Siete Iglesias de Trabancos;Total;2013;503
47;Valladolid;47160 Siete Iglesias de Trabancos;Total;2012;547
47;Valladolid;47160 Siete Iglesias de Trabancos;Total;2011;555
47;Valladolid;47160 Siete Iglesias de Trabancos;Total;2010;554
47;Valladolid;47160 Siete Iglesias de Trabancos;Total;2009;562
47;Valladolid;47160 Siete Iglesias de Trabancos;Total;2008;561
47;Valladolid;47160 Siete Iglesias de Trabancos;Total;2007;558
47;Valladolid;47160 Siete Iglesias de Trabancos;Total;2006;566
47;Valladolid;47160 Siete Iglesias de Trabancos;Total;2005;571
47;Valladolid;47160 Siete Iglesias de Trabancos;Total;2004;561
47;Valladolid;47160 Siete Iglesias de Trabancos;Total;2003;575
47;Valladolid;47160 Siete Iglesias de Trabancos;Total;2002;591
47;Valladolid;47160 Siete Iglesias de Trabancos;Total;2001;608
47;Valladolid;47160 Siete Iglesias de Trabancos;Total;2000;611
47;Valladolid;47160 Siete Iglesias de Trabancos;Total;1999;633
47;Valladolid;47160 Siete Iglesias de Trabancos;Total;1998;641
47;Valladolid;47160 Siete Iglesias de Trabancos;Total;1997;
47;Valladolid;47160 Siete Iglesias de Trabancos;Total;1996;667
47;Valladolid;47160 Siete Iglesias de Trabancos;Hombres;2023;227
47;Valladolid;47160 Siete Iglesias de Trabancos;Hombres;2022;226
47;Valladolid;47160 Siete Iglesias de Trabancos;Hombres;2021;228
47;Valladolid;47160 Siete Iglesias de Trabancos;Hombres;2020;234
47;Valladolid;47160 Siete Iglesias de Trabancos;Hombres;2019;229
47;Valladolid;47160 Siete Iglesias de Trabancos;Hombres;2018;229
47;Valladolid;47160 Siete Iglesias de Trabancos;Hombres;2017;243
47;Valladolid;47160 Siete Iglesias de Trabancos;Hombres;2016;256
47;Valladolid;47160 Siete Iglesias de Trabancos;Hombres;2015;260
47;Valladolid;47160 Siete Iglesias de Trabancos;Hombres;2014;259
47;Valladolid;47160 Siete Iglesias de Trabancos;Hombres;2013;262
47;Valladolid;47160 Siete Iglesias de Trabancos;Hombres;2012;285
47;Valladolid;47160 Siete Iglesias de Trabancos;Hombres;2011;296
47;Valladolid;47160 Siete Iglesias de Trabancos;Hombres;2010;297
47;Valladolid;47160 Siete Iglesias de Trabancos;Hombres;2009;303
47;Valladolid;47160 Siete Iglesias de Trabancos;Hombres;2008;305
47;Valladolid;47160 Siete Iglesias de Trabancos;Hombres;2007;303
47;Valladolid;47160 Siete Iglesias de Trabancos;Hombres;2006;302
47;Valladolid;47160 Siete Iglesias de Trabancos;Hombres;2005;303
47;Valladolid;47160 Siete Iglesias de Trabancos;Hombres;2004;293
47;Valladolid;47160 Siete Iglesias de Trabancos;Hombres;2003;302
47;Valladolid;47160 Siete Iglesias de Trabancos;Hombres;2002;303
47;Valladolid;47160 Siete Iglesias de Trabancos;Hombres;2001;310
47;Valladolid;47160 Siete Iglesias de Trabancos;Hombres;2000;321
47;Valladolid;47160 Siete Iglesias de Trabancos;Hombres;1999;328
47;Valladolid;47160 Siete Iglesias de Trabancos;Hombres;1998;332
47;Valladolid;47160 Siete Iglesias de Trabancos;Hombres;1997;
47;Valladolid;47160 Siete Iglesias de Trabancos;Hombres;1996;340
47;Valladolid;47160 Siete Iglesias de Trabancos;Mujeres;2023;207
47;Valladolid;47160 Siete Iglesias de Trabancos;Mujeres;2022;206
47;Valladolid;47160 Siete Iglesias de Trabancos;Mujeres;2021;199
47;Valladolid;47160 Siete Iglesias de Trabancos;Mujeres;2020;197
47;Valladolid;47160 Siete Iglesias de Trabancos;Mujeres;2019;199
47;Valladolid;47160 Siete Iglesias de Trabancos;Mujeres;2018;202
47;Valladolid;47160 Siete Iglesias de Trabancos;Mujeres;2017;213
47;Valladolid;47160 Siete Iglesias de Trabancos;Mujeres;2016;218
47;Valladolid;47160 Siete Iglesias de Trabancos;Mujeres;2015;228
47;Valladolid;47160 Siete Iglesias de Trabancos;Mujeres;2014;237
47;Valladolid;47160 Siete Iglesias de Trabancos;Mujeres;2013;241
47;Valladolid;47160 Siete Iglesias de Trabancos;Mujeres;2012;262
47;Valladolid;47160 Siete Iglesias de Trabancos;Mujeres;2011;259
47;Valladolid;47160 Siete Iglesias de Trabancos;Mujeres;2010;257
47;Valladolid;47160 Siete Iglesias de Trabancos;Mujeres;2009;259
47;Valladolid;47160 Siete Iglesias de Trabancos;Mujeres;2008;256
47;Valladolid;47160 Siete Iglesias de Trabancos;Mujeres;2007;255
47;Valladolid;47160 Siete Iglesias de Trabancos;Mujeres;2006;264
47;Valladolid;47160 Siete Iglesias de Trabancos;Mujeres;2005;268
47;Valladolid;47160 Siete Iglesias de Trabancos;Mujeres;2004;268
47;Valladolid;47160 Siete Iglesias de Trabancos;Mujeres;2003;273
47;Valladolid;47160 Siete Iglesias de Trabancos;Mujeres;2002;288
47;Valladolid;47160 Siete Iglesias de Trabancos;Mujeres;2001;298
47;Valladolid;47160 Siete Iglesias de Trabancos;Mujeres;2000;290
47;Valladolid;47160 Siete Iglesias de Trabancos;Mujeres;1999;305
47;Valladolid;47160 Siete Iglesias de Trabancos;Mujeres;1998;309
47;Valladolid;47160 Siete Iglesias de Trabancos;Mujeres;1997;
47;Valladolid;47160 Siete Iglesias de Trabancos;Mujeres;1996;327
47;Valladolid;47161 Simancas;Total;2023;5493
47;Valladolid;47161 Simancas;Total;2022;5423
47;Valladolid;47161 Simancas;Total;2021;5315
47;Valladolid;47161 Simancas;Total;2020;5267
47;Valladolid;47161 Simancas;Total;2019;5276
47;Valladolid;47161 Simancas;Total;2018;5242
47;Valladolid;47161 Simancas;Total;2017;5214
47;Valladolid;47161 Simancas;Total;2016;5254
47;Valladolid;47161 Simancas;Total;2015;5265
47;Valladolid;47161 Simancas;Total;2014;5331
47;Valladolid;47161 Simancas;Total;2013;5406
47;Valladolid;47161 Simancas;Total;2012;5360
47;Valladolid;47161 Simancas;Total;2011;5357
47;Valladolid;47161 Simancas;Total;2010;5291
47;Valladolid;47161 Simancas;Total;2009;5152
47;Valladolid;47161 Simancas;Total;2008;5053
47;Valladolid;47161 Simancas;Total;2007;4873
47;Valladolid;47161 Simancas;Total;2006;4776
47;Valladolid;47161 Simancas;Total;2005;4618
47;Valladolid;47161 Simancas;Total;2004;4413
47;Valladolid;47161 Simancas;Total;2003;4204
47;Valladolid;47161 Simancas;Total;2002;4009
47;Valladolid;47161 Simancas;Total;2001;3678
47;Valladolid;47161 Simancas;Total;2000;3453
47;Valladolid;47161 Simancas;Total;1999;3105
47;Valladolid;47161 Simancas;Total;1998;3038
47;Valladolid;47161 Simancas;Total;1997;
47;Valladolid;47161 Simancas;Total;1996;2900
47;Valladolid;47161 Simancas;Hombres;2023;2785
47;Valladolid;47161 Simancas;Hombres;2022;2752
47;Valladolid;47161 Simancas;Hombres;2021;2707
47;Valladolid;47161 Simancas;Hombres;2020;2672
47;Valladolid;47161 Simancas;Hombres;2019;2678
47;Valladolid;47161 Simancas;Hombres;2018;2659
47;Valladolid;47161 Simancas;Hombres;2017;2646
47;Valladolid;47161 Simancas;Hombres;2016;2662
47;Valladolid;47161 Simancas;Hombres;2015;2661
47;Valladolid;47161 Simancas;Hombres;2014;2702
47;Valladolid;47161 Simancas;Hombres;2013;2740
47;Valladolid;47161 Simancas;Hombres;2012;2719
47;Valladolid;47161 Simancas;Hombres;2011;2731
47;Valladolid;47161 Simancas;Hombres;2010;2696
47;Valladolid;47161 Simancas;Hombres;2009;2647
47;Valladolid;47161 Simancas;Hombres;2008;2584
47;Valladolid;47161 Simancas;Hombres;2007;2479
47;Valladolid;47161 Simancas;Hombres;2006;2451
47;Valladolid;47161 Simancas;Hombres;2005;2382
47;Valladolid;47161 Simancas;Hombres;2004;2255
47;Valladolid;47161 Simancas;Hombres;2003;2149
47;Valladolid;47161 Simancas;Hombres;2002;2041
47;Valladolid;47161 Simancas;Hombres;2001;1877
47;Valladolid;47161 Simancas;Hombres;2000;1765
47;Valladolid;47161 Simancas;Hombres;1999;1578
47;Valladolid;47161 Simancas;Hombres;1998;1552
47;Valladolid;47161 Simancas;Hombres;1997;
47;Valladolid;47161 Simancas;Hombres;1996;1472
47;Valladolid;47161 Simancas;Mujeres;2023;2708
47;Valladolid;47161 Simancas;Mujeres;2022;2671
47;Valladolid;47161 Simancas;Mujeres;2021;2608
47;Valladolid;47161 Simancas;Mujeres;2020;2595
47;Valladolid;47161 Simancas;Mujeres;2019;2598
47;Valladolid;47161 Simancas;Mujeres;2018;2583
47;Valladolid;47161 Simancas;Mujeres;2017;2568
47;Valladolid;47161 Simancas;Mujeres;2016;2592
47;Valladolid;47161 Simancas;Mujeres;2015;2604
47;Valladolid;47161 Simancas;Mujeres;2014;2629
47;Valladolid;47161 Simancas;Mujeres;2013;2666
47;Valladolid;47161 Simancas;Mujeres;2012;2641
47;Valladolid;47161 Simancas;Mujeres;2011;2626
47;Valladolid;47161 Simancas;Mujeres;2010;2595
47;Valladolid;47161 Simancas;Mujeres;2009;2505
47;Valladolid;47161 Simancas;Mujeres;2008;2469
47;Valladolid;47161 Simancas;Mujeres;2007;2394
47;Valladolid;47161 Simancas;Mujeres;2006;2325
47;Valladolid;47161 Simancas;Mujeres;2005;2236
47;Valladolid;47161 Simancas;Mujeres;2004;2158
47;Valladolid;47161 Simancas;Mujeres;2003;2055
47;Valladolid;47161 Simancas;Mujeres;2002;1968
47;Valladolid;47161 Simancas;Mujeres;2001;1801
47;Valladolid;47161 Simancas;Mujeres;2000;1688
47;Valladolid;47161 Simancas;Mujeres;1999;1527
47;Valladolid;47161 Simancas;Mujeres;1998;1486
47;Valladolid;47161 Simancas;Mujeres;1997;
47;Valladolid;47161 Simancas;Mujeres;1996;1428
47;Valladolid;47162 Tamariz de Campos;Total;2023;86
47;Valladolid;47162 Tamariz de Campos;Total;2022;88
47;Valladolid;47162 Tamariz de Campos;Total;2021;68
47;Valladolid;47162 Tamariz de Campos;Total;2020;73
47;Valladolid;47162 Tamariz de Campos;Total;2019;80
47;Valladolid;47162 Tamariz de Campos;Total;2018;55
47;Valladolid;47162 Tamariz de Campos;Total;2017;57
47;Valladolid;47162 Tamariz de Campos;Total;2016;61
47;Valladolid;47162 Tamariz de Campos;Total;2015;63
47;Valladolid;47162 Tamariz de Campos;Total;2014;69
47;Valladolid;47162 Tamariz de Campos;Total;2013;72
47;Valladolid;47162 Tamariz de Campos;Total;2012;75
47;Valladolid;47162 Tamariz de Campos;Total;2011;80
47;Valladolid;47162 Tamariz de Campos;Total;2010;94
47;Valladolid;47162 Tamariz de Campos;Total;2009;97
47;Valladolid;47162 Tamariz de Campos;Total;2008;101
47;Valladolid;47162 Tamariz de Campos;Total;2007;106
47;Valladolid;47162 Tamariz de Campos;Total;2006;105
47;Valladolid;47162 Tamariz de Campos;Total;2005;103
47;Valladolid;47162 Tamariz de Campos;Total;2004;100
47;Valladolid;47162 Tamariz de Campos;Total;2003;107
47;Valladolid;47162 Tamariz de Campos;Total;2002;109
47;Valladolid;47162 Tamariz de Campos;Total;2001;108
47;Valladolid;47162 Tamariz de Campos;Total;2000;97
47;Valladolid;47162 Tamariz de Campos;Total;1999;105
47;Valladolid;47162 Tamariz de Campos;Total;1998;108
47;Valladolid;47162 Tamariz de Campos;Total;1997;
47;Valladolid;47162 Tamariz de Campos;Total;1996;115
47;Valladolid;47162 Tamariz de Campos;Hombres;2023;48
47;Valladolid;47162 Tamariz de Campos;Hombres;2022;49
47;Valladolid;47162 Tamariz de Campos;Hombres;2021;41
47;Valladolid;47162 Tamariz de Campos;Hombres;2020;43
47;Valladolid;47162 Tamariz de Campos;Hombres;2019;45
47;Valladolid;47162 Tamariz de Campos;Hombres;2018;31
47;Valladolid;47162 Tamariz de Campos;Hombres;2017;32
47;Valladolid;47162 Tamariz de Campos;Hombres;2016;33
47;Valladolid;47162 Tamariz de Campos;Hombres;2015;34
47;Valladolid;47162 Tamariz de Campos;Hombres;2014;36
47;Valladolid;47162 Tamariz de Campos;Hombres;2013;37
47;Valladolid;47162 Tamariz de Campos;Hombres;2012;40
47;Valladolid;47162 Tamariz de Campos;Hombres;2011;40
47;Valladolid;47162 Tamariz de Campos;Hombres;2010;49
47;Valladolid;47162 Tamariz de Campos;Hombres;2009;51
47;Valladolid;47162 Tamariz de Campos;Hombres;2008;52
47;Valladolid;47162 Tamariz de Campos;Hombres;2007;57
47;Valladolid;47162 Tamariz de Campos;Hombres;2006;60
47;Valladolid;47162 Tamariz de Campos;Hombres;2005;58
47;Valladolid;47162 Tamariz de Campos;Hombres;2004;55
47;Valladolid;47162 Tamariz de Campos;Hombres;2003;55
47;Valladolid;47162 Tamariz de Campos;Hombres;2002;55
47;Valladolid;47162 Tamariz de Campos;Hombres;2001;56
47;Valladolid;47162 Tamariz de Campos;Hombres;2000;51
47;Valladolid;47162 Tamariz de Campos;Hombres;1999;54
47;Valladolid;47162 Tamariz de Campos;Hombres;1998;57
47;Valladolid;47162 Tamariz de Campos;Hombres;1997;
47;Valladolid;47162 Tamariz de Campos;Hombres;1996;59
47;Valladolid;47162 Tamariz de Campos;Mujeres;2023;38
47;Valladolid;47162 Tamariz de Campos;Mujeres;2022;39
47;Valladolid;47162 Tamariz de Campos;Mujeres;2021;27
47;Valladolid;47162 Tamariz de Campos;Mujeres;2020;30
47;Valladolid;47162 Tamariz de Campos;Mujeres;2019;35
47;Valladolid;47162 Tamariz de Campos;Mujeres;2018;24
47;Valladolid;47162 Tamariz de Campos;Mujeres;2017;25
47;Valladolid;47162 Tamariz de Campos;Mujeres;2016;28
47;Valladolid;47162 Tamariz de Campos;Mujeres;2015;29
47;Valladolid;47162 Tamariz de Campos;Mujeres;2014;33
47;Valladolid;47162 Tamariz de Campos;Mujeres;2013;35
47;Valladolid;47162 Tamariz de Campos;Mujeres;2012;35
47;Valladolid;47162 Tamariz de Campos;Mujeres;2011;40
47;Valladolid;47162 Tamariz de Campos;Mujeres;2010;45
47;Valladolid;47162 Tamariz de Campos;Mujeres;2009;46
47;Valladolid;47162 Tamariz de Campos;Mujeres;2008;49
47;Valladolid;47162 Tamariz de Campos;Mujeres;2007;49
47;Valladolid;47162 Tamariz de Campos;Mujeres;2006;45
47;Valladolid;47162 Tamariz de Campos;Mujeres;2005;45
47;Valladolid;47162 Tamariz de Campos;Mujeres;2004;45
47;Valladolid;47162 Tamariz de Campos;Mujeres;2003;52
47;Valladolid;47162 Tamariz de Campos;Mujeres;2002;54
47;Valladolid;47162 Tamariz de Campos;Mujeres;2001;52
47;Valladolid;47162 Tamariz de Campos;Mujeres;2000;46
47;Valladolid;47162 Tamariz de Campos;Mujeres;1999;51
47;Valladolid;47162 Tamariz de Campos;Mujeres;1998;51
47;Valladolid;47162 Tamariz de Campos;Mujeres;1997;
47;Valladolid;47162 Tamariz de Campos;Mujeres;1996;56
47;Valladolid;47163 Tiedra;Total;2023;283
47;Valladolid;47163 Tiedra;Total;2022;289
47;Valladolid;47163 Tiedra;Total;2021;285
47;Valladolid;47163 Tiedra;Total;2020;287
47;Valladolid;47163 Tiedra;Total;2019;288
47;Valladolid;47163 Tiedra;Total;2018;294
47;Valladolid;47163 Tiedra;Total;2017;297
47;Valladolid;47163 Tiedra;Total;2016;311
47;Valladolid;47163 Tiedra;Total;2015;319
47;Valladolid;47163 Tiedra;Total;2014;307
47;Valladolid;47163 Tiedra;Total;2013;319
47;Valladolid;47163 Tiedra;Total;2012;328
47;Valladolid;47163 Tiedra;Total;2011;345
47;Valladolid;47163 Tiedra;Total;2010;350
47;Valladolid;47163 Tiedra;Total;2009;350
47;Valladolid;47163 Tiedra;Total;2008;360
47;Valladolid;47163 Tiedra;Total;2007;373
47;Valladolid;47163 Tiedra;Total;2006;381
47;Valladolid;47163 Tiedra;Total;2005;393
47;Valladolid;47163 Tiedra;Total;2004;394
47;Valladolid;47163 Tiedra;Total;2003;404
47;Valladolid;47163 Tiedra;Total;2002;403
47;Valladolid;47163 Tiedra;Total;2001;410
47;Valladolid;47163 Tiedra;Total;2000;407
47;Valladolid;47163 Tiedra;Total;1999;419
47;Valladolid;47163 Tiedra;Total;1998;409
47;Valladolid;47163 Tiedra;Total;1997;
47;Valladolid;47163 Tiedra;Total;1996;429
47;Valladolid;47163 Tiedra;Hombres;2023;144
47;Valladolid;47163 Tiedra;Hombres;2022;145
47;Valladolid;47163 Tiedra;Hombres;2021;140
47;Valladolid;47163 Tiedra;Hombres;2020;139
47;Valladolid;47163 Tiedra;Hombres;2019;139
47;Valladolid;47163 Tiedra;Hombres;2018;142
47;Valladolid;47163 Tiedra;Hombres;2017;147
47;Valladolid;47163 Tiedra;Hombres;2016;153
47;Valladolid;47163 Tiedra;Hombres;2015;161
47;Valladolid;47163 Tiedra;Hombres;2014;159
47;Valladolid;47163 Tiedra;Hombres;2013;164
47;Valladolid;47163 Tiedra;Hombres;2012;168
47;Valladolid;47163 Tiedra;Hombres;2011;173
47;Valladolid;47163 Tiedra;Hombres;2010;175
47;Valladolid;47163 Tiedra;Hombres;2009;173
47;Valladolid;47163 Tiedra;Hombres;2008;179
47;Valladolid;47163 Tiedra;Hombres;2007;186
47;Valladolid;47163 Tiedra;Hombres;2006;191
47;Valladolid;47163 Tiedra;Hombres;2005;195
47;Valladolid;47163 Tiedra;Hombres;2004;193
47;Valladolid;47163 Tiedra;Hombres;2003;199
47;Valladolid;47163 Tiedra;Hombres;2002;196
47;Valladolid;47163 Tiedra;Hombres;2001;202
47;Valladolid;47163 Tiedra;Hombres;2000;204
47;Valladolid;47163 Tiedra;Hombres;1999;205
47;Valladolid;47163 Tiedra;Hombres;1998;201
47;Valladolid;47163 Tiedra;Hombres;1997;
47;Valladolid;47163 Tiedra;Hombres;1996;210
47;Valladolid;47163 Tiedra;Mujeres;2023;139
47;Valladolid;47163 Tiedra;Mujeres;2022;144
47;Valladolid;47163 Tiedra;Mujeres;2021;145
47;Valladolid;47163 Tiedra;Mujeres;2020;148
47;Valladolid;47163 Tiedra;Mujeres;2019;149
47;Valladolid;47163 Tiedra;Mujeres;2018;152
47;Valladolid;47163 Tiedra;Mujeres;2017;150
47;Valladolid;47163 Tiedra;Mujeres;2016;158
47;Valladolid;47163 Tiedra;Mujeres;2015;158
47;Valladolid;47163 Tiedra;Mujeres;2014;148
47;Valladolid;47163 Tiedra;Mujeres;2013;155
47;Valladolid;47163 Tiedra;Mujeres;2012;160
47;Valladolid;47163 Tiedra;Mujeres;2011;172
47;Valladolid;47163 Tiedra;Mujeres;2010;175
47;Valladolid;47163 Tiedra;Mujeres;2009;177
47;Valladolid;47163 Tiedra;Mujeres;2008;181
47;Valladolid;47163 Tiedra;Mujeres;2007;187
47;Valladolid;47163 Tiedra;Mujeres;2006;190
47;Valladolid;47163 Tiedra;Mujeres;2005;198
47;Valladolid;47163 Tiedra;Mujeres;2004;201
47;Valladolid;47163 Tiedra;Mujeres;2003;205
47;Valladolid;47163 Tiedra;Mujeres;2002;207
47;Valladolid;47163 Tiedra;Mujeres;2001;208
47;Valladolid;47163 Tiedra;Mujeres;2000;203
47;Valladolid;47163 Tiedra;Mujeres;1999;214
47;Valladolid;47163 Tiedra;Mujeres;1998;208
47;Valladolid;47163 Tiedra;Mujeres;1997;
47;Valladolid;47163 Tiedra;Mujeres;1996;219
47;Valladolid;47164 Tordehumos;Total;2023;388
47;Valladolid;47164 Tordehumos;Total;2022;375
47;Valladolid;47164 Tordehumos;Total;2021;406
47;Valladolid;47164 Tordehumos;Total;2020;411
47;Valladolid;47164 Tordehumos;Total;2019;417
47;Valladolid;47164 Tordehumos;Total;2018;433
47;Valladolid;47164 Tordehumos;Total;2017;441
47;Valladolid;47164 Tordehumos;Total;2016;439
47;Valladolid;47164 Tordehumos;Total;2015;443
47;Valladolid;47164 Tordehumos;Total;2014;438
47;Valladolid;47164 Tordehumos;Total;2013;443
47;Valladolid;47164 Tordehumos;Total;2012;468
47;Valladolid;47164 Tordehumos;Total;2011;468
47;Valladolid;47164 Tordehumos;Total;2010;463
47;Valladolid;47164 Tordehumos;Total;2009;475
47;Valladolid;47164 Tordehumos;Total;2008;483
47;Valladolid;47164 Tordehumos;Total;2007;493
47;Valladolid;47164 Tordehumos;Total;2006;496
47;Valladolid;47164 Tordehumos;Total;2005;503
47;Valladolid;47164 Tordehumos;Total;2004;510
47;Valladolid;47164 Tordehumos;Total;2003;523
47;Valladolid;47164 Tordehumos;Total;2002;528
47;Valladolid;47164 Tordehumos;Total;2001;535
47;Valladolid;47164 Tordehumos;Total;2000;558
47;Valladolid;47164 Tordehumos;Total;1999;569
47;Valladolid;47164 Tordehumos;Total;1998;569
47;Valladolid;47164 Tordehumos;Total;1997;
47;Valladolid;47164 Tordehumos;Total;1996;576
47;Valladolid;47164 Tordehumos;Hombres;2023;210
47;Valladolid;47164 Tordehumos;Hombres;2022;204
47;Valladolid;47164 Tordehumos;Hombres;2021;217
47;Valladolid;47164 Tordehumos;Hombres;2020;218
47;Valladolid;47164 Tordehumos;Hombres;2019;224
47;Valladolid;47164 Tordehumos;Hombres;2018;233
47;Valladolid;47164 Tordehumos;Hombres;2017;233
47;Valladolid;47164 Tordehumos;Hombres;2016;223
47;Valladolid;47164 Tordehumos;Hombres;2015;220
47;Valladolid;47164 Tordehumos;Hombres;2014;221
47;Valladolid;47164 Tordehumos;Hombres;2013;221
47;Valladolid;47164 Tordehumos;Hombres;2012;236
47;Valladolid;47164 Tordehumos;Hombres;2011;236
47;Valladolid;47164 Tordehumos;Hombres;2010;236
47;Valladolid;47164 Tordehumos;Hombres;2009;239
47;Valladolid;47164 Tordehumos;Hombres;2008;244
47;Valladolid;47164 Tordehumos;Hombres;2007;249
47;Valladolid;47164 Tordehumos;Hombres;2006;252
47;Valladolid;47164 Tordehumos;Hombres;2005;249
47;Valladolid;47164 Tordehumos;Hombres;2004;257
47;Valladolid;47164 Tordehumos;Hombres;2003;263
47;Valladolid;47164 Tordehumos;Hombres;2002;272
47;Valladolid;47164 Tordehumos;Hombres;2001;271
47;Valladolid;47164 Tordehumos;Hombres;2000;281
47;Valladolid;47164 Tordehumos;Hombres;1999;289
47;Valladolid;47164 Tordehumos;Hombres;1998;289
47;Valladolid;47164 Tordehumos;Hombres;1997;
47;Valladolid;47164 Tordehumos;Hombres;1996;296
47;Valladolid;47164 Tordehumos;Mujeres;2023;178
47;Valladolid;47164 Tordehumos;Mujeres;2022;171
47;Valladolid;47164 Tordehumos;Mujeres;2021;189
47;Valladolid;47164 Tordehumos;Mujeres;2020;193
47;Valladolid;47164 Tordehumos;Mujeres;2019;193
47;Valladolid;47164 Tordehumos;Mujeres;2018;200
47;Valladolid;47164 Tordehumos;Mujeres;2017;208
47;Valladolid;47164 Tordehumos;Mujeres;2016;216
47;Valladolid;47164 Tordehumos;Mujeres;2015;223
47;Valladolid;47164 Tordehumos;Mujeres;2014;217
47;Valladolid;47164 Tordehumos;Mujeres;2013;222
47;Valladolid;47164 Tordehumos;Mujeres;2012;232
47;Valladolid;47164 Tordehumos;Mujeres;2011;232
47;Valladolid;47164 Tordehumos;Mujeres;2010;227
47;Valladolid;47164 Tordehumos;Mujeres;2009;236
47;Valladolid;47164 Tordehumos;Mujeres;2008;239
47;Valladolid;47164 Tordehumos;Mujeres;2007;244
47;Valladolid;47164 Tordehumos;Mujeres;2006;244
47;Valladolid;47164 Tordehumos;Mujeres;2005;254
47;Valladolid;47164 Tordehumos;Mujeres;2004;253
47;Valladolid;47164 Tordehumos;Mujeres;2003;260
47;Valladolid;47164 Tordehumos;Mujeres;2002;256
47;Valladolid;47164 Tordehumos;Mujeres;2001;264
47;Valladolid;47164 Tordehumos;Mujeres;2000;277
47;Valladolid;47164 Tordehumos;Mujeres;1999;280
47;Valladolid;47164 Tordehumos;Mujeres;1998;280
47;Valladolid;47164 Tordehumos;Mujeres;1997;
47;Valladolid;47164 Tordehumos;Mujeres;1996;280
47;Valladolid;47165 Tordesillas;Total;2023;8681
47;Valladolid;47165 Tordesillas;Total;2022;8664
47;Valladolid;47165 Tordesillas;Total;2021;8762
47;Valladolid;47165 Tordesillas;Total;2020;8745
47;Valladolid;47165 Tordesillas;Total;2019;8750
47;Valladolid;47165 Tordesillas;Total;2018;8825
47;Valladolid;47165 Tordesillas;Total;2017;8858
47;Valladolid;47165 Tordesillas;Total;2016;8905
47;Valladolid;47165 Tordesillas;Total;2015;8936
47;Valladolid;47165 Tordesillas;Total;2014;8973
47;Valladolid;47165 Tordesillas;Total;2013;8961
47;Valladolid;47165 Tordesillas;Total;2012;9186
47;Valladolid;47165 Tordesillas;Total;2011;9172
47;Valladolid;47165 Tordesillas;Total;2010;9213
47;Valladolid;47165 Tordesillas;Total;2009;9067
47;Valladolid;47165 Tordesillas;Total;2008;8512
47;Valladolid;47165 Tordesillas;Total;2007;8708
47;Valladolid;47165 Tordesillas;Total;2006;8686
47;Valladolid;47165 Tordesillas;Total;2005;8643
47;Valladolid;47165 Tordesillas;Total;2004;8218
47;Valladolid;47165 Tordesillas;Total;2003;8150
47;Valladolid;47165 Tordesillas;Total;2002;8067
47;Valladolid;47165 Tordesillas;Total;2001;8150
47;Valladolid;47165 Tordesillas;Total;2000;8066
47;Valladolid;47165 Tordesillas;Total;1999;8002
47;Valladolid;47165 Tordesillas;Total;1998;7999
47;Valladolid;47165 Tordesillas;Total;1997;
47;Valladolid;47165 Tordesillas;Total;1996;7946
47;Valladolid;47165 Tordesillas;Hombres;2023;4362
47;Valladolid;47165 Tordesillas;Hombres;2022;4371
47;Valladolid;47165 Tordesillas;Hombres;2021;4436
47;Valladolid;47165 Tordesillas;Hombres;2020;4412
47;Valladolid;47165 Tordesillas;Hombres;2019;4417
47;Valladolid;47165 Tordesillas;Hombres;2018;4477
47;Valladolid;47165 Tordesillas;Hombres;2017;4486
47;Valladolid;47165 Tordesillas;Hombres;2016;4484
47;Valladolid;47165 Tordesillas;Hombres;2015;4523
47;Valladolid;47165 Tordesillas;Hombres;2014;4572
47;Valladolid;47165 Tordesillas;Hombres;2013;4557
47;Valladolid;47165 Tordesillas;Hombres;2012;4702
47;Valladolid;47165 Tordesillas;Hombres;2011;4699
47;Valladolid;47165 Tordesillas;Hombres;2010;4732
47;Valladolid;47165 Tordesillas;Hombres;2009;4644
47;Valladolid;47165 Tordesillas;Hombres;2008;4333
47;Valladolid;47165 Tordesillas;Hombres;2007;4444
47;Valladolid;47165 Tordesillas;Hombres;2006;4416
47;Valladolid;47165 Tordesillas;Hombres;2005;4394
47;Valladolid;47165 Tordesillas;Hombres;2004;4161
47;Valladolid;47165 Tordesillas;Hombres;2003;4126
47;Valladolid;47165 Tordesillas;Hombres;2002;4075
47;Valladolid;47165 Tordesillas;Hombres;2001;4113
47;Valladolid;47165 Tordesillas;Hombres;2000;4085
47;Valladolid;47165 Tordesillas;Hombres;1999;4054
47;Valladolid;47165 Tordesillas;Hombres;1998;4045
47;Valladolid;47165 Tordesillas;Hombres;1997;
47;Valladolid;47165 Tordesillas;Hombres;1996;4011
47;Valladolid;47165 Tordesillas;Mujeres;2023;4319
47;Valladolid;47165 Tordesillas;Mujeres;2022;4293
47;Valladolid;47165 Tordesillas;Mujeres;2021;4326
47;Valladolid;47165 Tordesillas;Mujeres;2020;4333
47;Valladolid;47165 Tordesillas;Mujeres;2019;4333
47;Valladolid;47165 Tordesillas;Mujeres;2018;4348
47;Valladolid;47165 Tordesillas;Mujeres;2017;4372
47;Valladolid;47165 Tordesillas;Mujeres;2016;4421
47;Valladolid;47165 Tordesillas;Mujeres;2015;4413
47;Valladolid;47165 Tordesillas;Mujeres;2014;4401
47;Valladolid;47165 Tordesillas;Mujeres;2013;4404
47;Valladolid;47165 Tordesillas;Mujeres;2012;4484
47;Valladolid;47165 Tordesillas;Mujeres;2011;4473
47;Valladolid;47165 Tordesillas;Mujeres;2010;4481
47;Valladolid;47165 Tordesillas;Mujeres;2009;4423
47;Valladolid;47165 Tordesillas;Mujeres;2008;4179
47;Valladolid;47165 Tordesillas;Mujeres;2007;4264
47;Valladolid;47165 Tordesillas;Mujeres;2006;4270
47;Valladolid;47165 Tordesillas;Mujeres;2005;4249
47;Valladolid;47165 Tordesillas;Mujeres;2004;4057
47;Valladolid;47165 Tordesillas;Mujeres;2003;4024
47;Valladolid;47165 Tordesillas;Mujeres;2002;3992
47;Valladolid;47165 Tordesillas;Mujeres;2001;4037
47;Valladolid;47165 Tordesillas;Mujeres;2000;3981
47;Valladolid;47165 Tordesillas;Mujeres;1999;3948
47;Valladolid;47165 Tordesillas;Mujeres;1998;3954
47;Valladolid;47165 Tordesillas;Mujeres;1997;
47;Valladolid;47165 Tordesillas;Mujeres;1996;3935
47;Valladolid;47169 Torre de Esgueva;Total;2023;62
47;Valladolid;47169 Torre de Esgueva;Total;2022;60
47;Valladolid;47169 Torre de Esgueva;Total;2021;66
47;Valladolid;47169 Torre de Esgueva;Total;2020;65
47;Valladolid;47169 Torre de Esgueva;Total;2019;65
47;Valladolid;47169 Torre de Esgueva;Total;2018;71
47;Valladolid;47169 Torre de Esgueva;Total;2017;72
47;Valladolid;47169 Torre de Esgueva;Total;2016;72
47;Valladolid;47169 Torre de Esgueva;Total;2015;73
47;Valladolid;47169 Torre de Esgueva;Total;2014;73
47;Valladolid;47169 Torre de Esgueva;Total;2013;78
47;Valladolid;47169 Torre de Esgueva;Total;2012;77
47;Valladolid;47169 Torre de Esgueva;Total;2011;72
47;Valladolid;47169 Torre de Esgueva;Total;2010;79
47;Valladolid;47169 Torre de Esgueva;Total;2009;81
47;Valladolid;47169 Torre de Esgueva;Total;2008;83
47;Valladolid;47169 Torre de Esgueva;Total;2007;87
47;Valladolid;47169 Torre de Esgueva;Total;2006;89
47;Valladolid;47169 Torre de Esgueva;Total;2005;92
47;Valladolid;47169 Torre de Esgueva;Total;2004;98
47;Valladolid;47169 Torre de Esgueva;Total;2003;99
47;Valladolid;47169 Torre de Esgueva;Total;2002;101
47;Valladolid;47169 Torre de Esgueva;Total;2001;99
47;Valladolid;47169 Torre de Esgueva;Total;2000;100
47;Valladolid;47169 Torre de Esgueva;Total;1999;111
47;Valladolid;47169 Torre de Esgueva;Total;1998;113
47;Valladolid;47169 Torre de Esgueva;Total;1997;
47;Valladolid;47169 Torre de Esgueva;Total;1996;117
47;Valladolid;47169 Torre de Esgueva;Hombres;2023;33
47;Valladolid;47169 Torre de Esgueva;Hombres;2022;33
47;Valladolid;47169 Torre de Esgueva;Hombres;2021;36
47;Valladolid;47169 Torre de Esgueva;Hombres;2020;34
47;Valladolid;47169 Torre de Esgueva;Hombres;2019;33
47;Valladolid;47169 Torre de Esgueva;Hombres;2018;36
47;Valladolid;47169 Torre de Esgueva;Hombres;2017;36
47;Valladolid;47169 Torre de Esgueva;Hombres;2016;36
47;Valladolid;47169 Torre de Esgueva;Hombres;2015;35
47;Valladolid;47169 Torre de Esgueva;Hombres;2014;35
47;Valladolid;47169 Torre de Esgueva;Hombres;2013;36
47;Valladolid;47169 Torre de Esgueva;Hombres;2012;36
47;Valladolid;47169 Torre de Esgueva;Hombres;2011;36
47;Valladolid;47169 Torre de Esgueva;Hombres;2010;40
47;Valladolid;47169 Torre de Esgueva;Hombres;2009;40
47;Valladolid;47169 Torre de Esgueva;Hombres;2008;40
47;Valladolid;47169 Torre de Esgueva;Hombres;2007;42
47;Valladolid;47169 Torre de Esgueva;Hombres;2006;43
47;Valladolid;47169 Torre de Esgueva;Hombres;2005;45
47;Valladolid;47169 Torre de Esgueva;Hombres;2004;48
47;Valladolid;47169 Torre de Esgueva;Hombres;2003;49
47;Valladolid;47169 Torre de Esgueva;Hombres;2002;49
47;Valladolid;47169 Torre de Esgueva;Hombres;2001;47
47;Valladolid;47169 Torre de Esgueva;Hombres;2000;49
47;Valladolid;47169 Torre de Esgueva;Hombres;1999;54
47;Valladolid;47169 Torre de Esgueva;Hombres;1998;57
47;Valladolid;47169 Torre de Esgueva;Hombres;1997;
47;Valladolid;47169 Torre de Esgueva;Hombres;1996;58
47;Valladolid;47169 Torre de Esgueva;Mujeres;2023;29
47;Valladolid;47169 Torre de Esgueva;Mujeres;2022;27
47;Valladolid;47169 Torre de Esgueva;Mujeres;2021;30
47;Valladolid;47169 Torre de Esgueva;Mujeres;2020;31
47;Valladolid;47169 Torre de Esgueva;Mujeres;2019;32
47;Valladolid;47169 Torre de Esgueva;Mujeres;2018;35
47;Valladolid;47169 Torre de Esgueva;Mujeres;2017;36
47;Valladolid;47169 Torre de Esgueva;Mujeres;2016;36
47;Valladolid;47169 Torre de Esgueva;Mujeres;2015;38
47;Valladolid;47169 Torre de Esgueva;Mujeres;2014;38
47;Valladolid;47169 Torre de Esgueva;Mujeres;2013;42
47;Valladolid;47169 Torre de Esgueva;Mujeres;2012;41
47;Valladolid;47169 Torre de Esgueva;Mujeres;2011;36
47;Valladolid;47169 Torre de Esgueva;Mujeres;2010;39
47;Valladolid;47169 Torre de Esgueva;Mujeres;2009;41
47;Valladolid;47169 Torre de Esgueva;Mujeres;2008;43
47;Valladolid;47169 Torre de Esgueva;Mujeres;2007;45
47;Valladolid;47169 Torre de Esgueva;Mujeres;2006;46
47;Valladolid;47169 Torre de Esgueva;Mujeres;2005;47
47;Valladolid;47169 Torre de Esgueva;Mujeres;2004;50
47;Valladolid;47169 Torre de Esgueva;Mujeres;2003;50
47;Valladolid;47169 Torre de Esgueva;Mujeres;2002;52
47;Valladolid;47169 Torre de Esgueva;Mujeres;2001;52
47;Valladolid;47169 Torre de Esgueva;Mujeres;2000;51
47;Valladolid;47169 Torre de Esgueva;Mujeres;1999;57
47;Valladolid;47169 Torre de Esgueva;Mujeres;1998;56
47;Valladolid;47169 Torre de Esgueva;Mujeres;1997;
47;Valladolid;47169 Torre de Esgueva;Mujeres;1996;59
47;Valladolid;47170 Torre de Peñafiel;Total;2023;53
47;Valladolid;47170 Torre de Peñafiel;Total;2022;48
47;Valladolid;47170 Torre de Peñafiel;Total;2021;45
47;Valladolid;47170 Torre de Peñafiel;Total;2020;48
47;Valladolid;47170 Torre de Peñafiel;Total;2019;48
47;Valladolid;47170 Torre de Peñafiel;Total;2018;42
47;Valladolid;47170 Torre de Peñafiel;Total;2017;41
47;Valladolid;47170 Torre de Peñafiel;Total;2016;41
47;Valladolid;47170 Torre de Peñafiel;Total;2015;42
47;Valladolid;47170 Torre de Peñafiel;Total;2014;43
47;Valladolid;47170 Torre de Peñafiel;Total;2013;45
47;Valladolid;47170 Torre de Peñafiel;Total;2012;46
47;Valladolid;47170 Torre de Peñafiel;Total;2011;47
47;Valladolid;47170 Torre de Peñafiel;Total;2010;47
47;Valladolid;47170 Torre de Peñafiel;Total;2009;46
47;Valladolid;47170 Torre de Peñafiel;Total;2008;45
47;Valladolid;47170 Torre de Peñafiel;Total;2007;45
47;Valladolid;47170 Torre de Peñafiel;Total;2006;44
47;Valladolid;47170 Torre de Peñafiel;Total;2005;47
47;Valladolid;47170 Torre de Peñafiel;Total;2004;52
47;Valladolid;47170 Torre de Peñafiel;Total;2003;50
47;Valladolid;47170 Torre de Peñafiel;Total;2002;48
47;Valladolid;47170 Torre de Peñafiel;Total;2001;54
47;Valladolid;47170 Torre de Peñafiel;Total;2000;53
47;Valladolid;47170 Torre de Peñafiel;Total;1999;49
47;Valladolid;47170 Torre de Peñafiel;Total;1998;45
47;Valladolid;47170 Torre de Peñafiel;Total;1997;
47;Valladolid;47170 Torre de Peñafiel;Total;1996;50
47;Valladolid;47170 Torre de Peñafiel;Hombres;2023;32
47;Valladolid;47170 Torre de Peñafiel;Hombres;2022;29
47;Valladolid;47170 Torre de Peñafiel;Hombres;2021;28
47;Valladolid;47170 Torre de Peñafiel;Hombres;2020;29
47;Valladolid;47170 Torre de Peñafiel;Hombres;2019;29
47;Valladolid;47170 Torre de Peñafiel;Hombres;2018;24
47;Valladolid;47170 Torre de Peñafiel;Hombres;2017;24
47;Valladolid;47170 Torre de Peñafiel;Hombres;2016;24
47;Valladolid;47170 Torre de Peñafiel;Hombres;2015;25
47;Valladolid;47170 Torre de Peñafiel;Hombres;2014;25
47;Valladolid;47170 Torre de Peñafiel;Hombres;2013;26
47;Valladolid;47170 Torre de Peñafiel;Hombres;2012;26
47;Valladolid;47170 Torre de Peñafiel;Hombres;2011;28
47;Valladolid;47170 Torre de Peñafiel;Hombres;2010;27
47;Valladolid;47170 Torre de Peñafiel;Hombres;2009;27
47;Valladolid;47170 Torre de Peñafiel;Hombres;2008;25
47;Valladolid;47170 Torre de Peñafiel;Hombres;2007;26
47;Valladolid;47170 Torre de Peñafiel;Hombres;2006;25
47;Valladolid;47170 Torre de Peñafiel;Hombres;2005;26
47;Valladolid;47170 Torre de Peñafiel;Hombres;2004;28
47;Valladolid;47170 Torre de Peñafiel;Hombres;2003;27
47;Valladolid;47170 Torre de Peñafiel;Hombres;2002;29
47;Valladolid;47170 Torre de Peñafiel;Hombres;2001;30
47;Valladolid;47170 Torre de Peñafiel;Hombres;2000;28
47;Valladolid;47170 Torre de Peñafiel;Hombres;1999;27
47;Valladolid;47170 Torre de Peñafiel;Hombres;1998;26
47;Valladolid;47170 Torre de Peñafiel;Hombres;1997;
47;Valladolid;47170 Torre de Peñafiel;Hombres;1996;27
47;Valladolid;47170 Torre de Peñafiel;Mujeres;2023;21
47;Valladolid;47170 Torre de Peñafiel;Mujeres;2022;19
47;Valladolid;47170 Torre de Peñafiel;Mujeres;2021;17
47;Valladolid;47170 Torre de Peñafiel;Mujeres;2020;19
47;Valladolid;47170 Torre de Peñafiel;Mujeres;2019;19
47;Valladolid;47170 Torre de Peñafiel;Mujeres;2018;18
47;Valladolid;47170 Torre de Peñafiel;Mujeres;2017;17
47;Valladolid;47170 Torre de Peñafiel;Mujeres;2016;17
47;Valladolid;47170 Torre de Peñafiel;Mujeres;2015;17
47;Valladolid;47170 Torre de Peñafiel;Mujeres;2014;18
47;Valladolid;47170 Torre de Peñafiel;Mujeres;2013;19
47;Valladolid;47170 Torre de Peñafiel;Mujeres;2012;20
47;Valladolid;47170 Torre de Peñafiel;Mujeres;2011;19
47;Valladolid;47170 Torre de Peñafiel;Mujeres;2010;20
47;Valladolid;47170 Torre de Peñafiel;Mujeres;2009;19
47;Valladolid;47170 Torre de Peñafiel;Mujeres;2008;20
47;Valladolid;47170 Torre de Peñafiel;Mujeres;2007;19
47;Valladolid;47170 Torre de Peñafiel;Mujeres;2006;19
47;Valladolid;47170 Torre de Peñafiel;Mujeres;2005;21
47;Valladolid;47170 Torre de Peñafiel;Mujeres;2004;24
47;Valladolid;47170 Torre de Peñafiel;Mujeres;2003;23
47;Valladolid;47170 Torre de Peñafiel;Mujeres;2002;19
47;Valladolid;47170 Torre de Peñafiel;Mujeres;2001;24
47;Valladolid;47170 Torre de Peñafiel;Mujeres;2000;25
47;Valladolid;47170 Torre de Peñafiel;Mujeres;1999;22
47;Valladolid;47170 Torre de Peñafiel;Mujeres;1998;19
47;Valladolid;47170 Torre de Peñafiel;Mujeres;1997;
47;Valladolid;47170 Torre de Peñafiel;Mujeres;1996;23
47;Valladolid;47166 Torrecilla de la Abadesa;Total;2023;253
47;Valladolid;47166 Torrecilla de la Abadesa;Total;2022;261
47;Valladolid;47166 Torrecilla de la Abadesa;Total;2021;270
47;Valladolid;47166 Torrecilla de la Abadesa;Total;2020;276
47;Valladolid;47166 Torrecilla de la Abadesa;Total;2019;273
47;Valladolid;47166 Torrecilla de la Abadesa;Total;2018;275
47;Valladolid;47166 Torrecilla de la Abadesa;Total;2017;280
47;Valladolid;47166 Torrecilla de la Abadesa;Total;2016;291
47;Valladolid;47166 Torrecilla de la Abadesa;Total;2015;296
47;Valladolid;47166 Torrecilla de la Abadesa;Total;2014;305
47;Valladolid;47166 Torrecilla de la Abadesa;Total;2013;307
47;Valladolid;47166 Torrecilla de la Abadesa;Total;2012;313
47;Valladolid;47166 Torrecilla de la Abadesa;Total;2011;318
47;Valladolid;47166 Torrecilla de la Abadesa;Total;2010;314
47;Valladolid;47166 Torrecilla de la Abadesa;Total;2009;331
47;Valladolid;47166 Torrecilla de la Abadesa;Total;2008;323
47;Valladolid;47166 Torrecilla de la Abadesa;Total;2007;328
47;Valladolid;47166 Torrecilla de la Abadesa;Total;2006;344
47;Valladolid;47166 Torrecilla de la Abadesa;Total;2005;335
47;Valladolid;47166 Torrecilla de la Abadesa;Total;2004;326
47;Valladolid;47166 Torrecilla de la Abadesa;Total;2003;333
47;Valladolid;47166 Torrecilla de la Abadesa;Total;2002;355
47;Valladolid;47166 Torrecilla de la Abadesa;Total;2001;349
47;Valladolid;47166 Torrecilla de la Abadesa;Total;2000;367
47;Valladolid;47166 Torrecilla de la Abadesa;Total;1999;384
47;Valladolid;47166 Torrecilla de la Abadesa;Total;1998;389
47;Valladolid;47166 Torrecilla de la Abadesa;Total;1997;
47;Valladolid;47166 Torrecilla de la Abadesa;Total;1996;384
47;Valladolid;47166 Torrecilla de la Abadesa;Hombres;2023;118
47;Valladolid;47166 Torrecilla de la Abadesa;Hombres;2022;123
47;Valladolid;47166 Torrecilla de la Abadesa;Hombres;2021;127
47;Valladolid;47166 Torrecilla de la Abadesa;Hombres;2020;133
47;Valladolid;47166 Torrecilla de la Abadesa;Hombres;2019;134
47;Valladolid;47166 Torrecilla de la Abadesa;Hombres;2018;134
47;Valladolid;47166 Torrecilla de la Abadesa;Hombres;2017;139
47;Valladolid;47166 Torrecilla de la Abadesa;Hombres;2016;141
47;Valladolid;47166 Torrecilla de la Abadesa;Hombres;2015;144
47;Valladolid;47166 Torrecilla de la Abadesa;Hombres;2014;149
47;Valladolid;47166 Torrecilla de la Abadesa;Hombres;2013;153
47;Valladolid;47166 Torrecilla de la Abadesa;Hombres;2012;155
47;Valladolid;47166 Torrecilla de la Abadesa;Hombres;2011;159
47;Valladolid;47166 Torrecilla de la Abadesa;Hombres;2010;157
47;Valladolid;47166 Torrecilla de la Abadesa;Hombres;2009;168
47;Valladolid;47166 Torrecilla de la Abadesa;Hombres;2008;166
47;Valladolid;47166 Torrecilla de la Abadesa;Hombres;2007;172
47;Valladolid;47166 Torrecilla de la Abadesa;Hombres;2006;180
47;Valladolid;47166 Torrecilla de la Abadesa;Hombres;2005;174
47;Valladolid;47166 Torrecilla de la Abadesa;Hombres;2004;167
47;Valladolid;47166 Torrecilla de la Abadesa;Hombres;2003;170
47;Valladolid;47166 Torrecilla de la Abadesa;Hombres;2002;180
47;Valladolid;47166 Torrecilla de la Abadesa;Hombres;2001;177
47;Valladolid;47166 Torrecilla de la Abadesa;Hombres;2000;188
47;Valladolid;47166 Torrecilla de la Abadesa;Hombres;1999;200
47;Valladolid;47166 Torrecilla de la Abadesa;Hombres;1998;201
47;Valladolid;47166 Torrecilla de la Abadesa;Hombres;1997;
47;Valladolid;47166 Torrecilla de la Abadesa;Hombres;1996;202
47;Valladolid;47166 Torrecilla de la Abadesa;Mujeres;2023;135
47;Valladolid;47166 Torrecilla de la Abadesa;Mujeres;2022;138
47;Valladolid;47166 Torrecilla de la Abadesa;Mujeres;2021;143
47;Valladolid;47166 Torrecilla de la Abadesa;Mujeres;2020;143
47;Valladolid;47166 Torrecilla de la Abadesa;Mujeres;2019;139
47;Valladolid;47166 Torrecilla de la Abadesa;Mujeres;2018;141
47;Valladolid;47166 Torrecilla de la Abadesa;Mujeres;2017;141
47;Valladolid;47166 Torrecilla de la Abadesa;Mujeres;2016;150
47;Valladolid;47166 Torrecilla de la Abadesa;Mujeres;2015;152
47;Valladolid;47166 Torrecilla de la Abadesa;Mujeres;2014;156
47;Valladolid;47166 Torrecilla de la Abadesa;Mujeres;2013;154
47;Valladolid;47166 Torrecilla de la Abadesa;Mujeres;2012;158
47;Valladolid;47166 Torrecilla de la Abadesa;Mujeres;2011;159
47;Valladolid;47166 Torrecilla de la Abadesa;Mujeres;2010;157
47;Valladolid;47166 Torrecilla de la Abadesa;Mujeres;2009;163
47;Valladolid;47166 Torrecilla de la Abadesa;Mujeres;2008;157
47;Valladolid;47166 Torrecilla de la Abadesa;Mujeres;2007;156
47;Valladolid;47166 Torrecilla de la Abadesa;Mujeres;2006;164
47;Valladolid;47166 Torrecilla de la Abadesa;Mujeres;2005;161
47;Valladolid;47166 Torrecilla de la Abadesa;Mujeres;2004;159
47;Valladolid;47166 Torrecilla de la Abadesa;Mujeres;2003;163
47;Valladolid;47166 Torrecilla de la Abadesa;Mujeres;2002;175
47;Valladolid;47166 Torrecilla de la Abadesa;Mujeres;2001;172
47;Valladolid;47166 Torrecilla de la Abadesa;Mujeres;2000;179
47;Valladolid;47166 Torrecilla de la Abadesa;Mujeres;1999;184
47;Valladolid;47166 Torrecilla de la Abadesa;Mujeres;1998;188
47;Valladolid;47166 Torrecilla de la Abadesa;Mujeres;1997;
47;Valladolid;47166 Torrecilla de la Abadesa;Mujeres;1996;182
47;Valladolid;47167 Torrecilla de la Orden;Total;2023;229
47;Valladolid;47167 Torrecilla de la Orden;Total;2022;230
47;Valladolid;47167 Torrecilla de la Orden;Total;2021;240
47;Valladolid;47167 Torrecilla de la Orden;Total;2020;248
47;Valladolid;47167 Torrecilla de la Orden;Total;2019;253
47;Valladolid;47167 Torrecilla de la Orden;Total;2018;247
47;Valladolid;47167 Torrecilla de la Orden;Total;2017;261
47;Valladolid;47167 Torrecilla de la Orden;Total;2016;260
47;Valladolid;47167 Torrecilla de la Orden;Total;2015;262
47;Valladolid;47167 Torrecilla de la Orden;Total;2014;271
47;Valladolid;47167 Torrecilla de la Orden;Total;2013;278
47;Valladolid;47167 Torrecilla de la Orden;Total;2012;289
47;Valladolid;47167 Torrecilla de la Orden;Total;2011;301
47;Valladolid;47167 Torrecilla de la Orden;Total;2010;312
47;Valladolid;47167 Torrecilla de la Orden;Total;2009;298
47;Valladolid;47167 Torrecilla de la Orden;Total;2008;300
47;Valladolid;47167 Torrecilla de la Orden;Total;2007;308
47;Valladolid;47167 Torrecilla de la Orden;Total;2006;314
47;Valladolid;47167 Torrecilla de la Orden;Total;2005;321
47;Valladolid;47167 Torrecilla de la Orden;Total;2004;332
47;Valladolid;47167 Torrecilla de la Orden;Total;2003;338
47;Valladolid;47167 Torrecilla de la Orden;Total;2002;352
47;Valladolid;47167 Torrecilla de la Orden;Total;2001;358
47;Valladolid;47167 Torrecilla de la Orden;Total;2000;378
47;Valladolid;47167 Torrecilla de la Orden;Total;1999;383
47;Valladolid;47167 Torrecilla de la Orden;Total;1998;385
47;Valladolid;47167 Torrecilla de la Orden;Total;1997;
47;Valladolid;47167 Torrecilla de la Orden;Total;1996;395
47;Valladolid;47167 Torrecilla de la Orden;Hombres;2023;115
47;Valladolid;47167 Torrecilla de la Orden;Hombres;2022;115
47;Valladolid;47167 Torrecilla de la Orden;Hombres;2021;119
47;Valladolid;47167 Torrecilla de la Orden;Hombres;2020;123
47;Valladolid;47167 Torrecilla de la Orden;Hombres;2019;128
47;Valladolid;47167 Torrecilla de la Orden;Hombres;2018;127
47;Valladolid;47167 Torrecilla de la Orden;Hombres;2017;134
47;Valladolid;47167 Torrecilla de la Orden;Hombres;2016;133
47;Valladolid;47167 Torrecilla de la Orden;Hombres;2015;132
47;Valladolid;47167 Torrecilla de la Orden;Hombres;2014;137
47;Valladolid;47167 Torrecilla de la Orden;Hombres;2013;139
47;Valladolid;47167 Torrecilla de la Orden;Hombres;2012;144
47;Valladolid;47167 Torrecilla de la Orden;Hombres;2011;151
47;Valladolid;47167 Torrecilla de la Orden;Hombres;2010;156
47;Valladolid;47167 Torrecilla de la Orden;Hombres;2009;149
47;Valladolid;47167 Torrecilla de la Orden;Hombres;2008;150
47;Valladolid;47167 Torrecilla de la Orden;Hombres;2007;152
47;Valladolid;47167 Torrecilla de la Orden;Hombres;2006;154
47;Valladolid;47167 Torrecilla de la Orden;Hombres;2005;157
47;Valladolid;47167 Torrecilla de la Orden;Hombres;2004;165
47;Valladolid;47167 Torrecilla de la Orden;Hombres;2003;168
47;Valladolid;47167 Torrecilla de la Orden;Hombres;2002;175
47;Valladolid;47167 Torrecilla de la Orden;Hombres;2001;178
47;Valladolid;47167 Torrecilla de la Orden;Hombres;2000;189
47;Valladolid;47167 Torrecilla de la Orden;Hombres;1999;191
47;Valladolid;47167 Torrecilla de la Orden;Hombres;1998;191
47;Valladolid;47167 Torrecilla de la Orden;Hombres;1997;
47;Valladolid;47167 Torrecilla de la Orden;Hombres;1996;193
47;Valladolid;47167 Torrecilla de la Orden;Mujeres;2023;114
47;Valladolid;47167 Torrecilla de la Orden;Mujeres;2022;115
47;Valladolid;47167 Torrecilla de la Orden;Mujeres;2021;121
47;Valladolid;47167 Torrecilla de la Orden;Mujeres;2020;125
47;Valladolid;47167 Torrecilla de la Orden;Mujeres;2019;125
47;Valladolid;47167 Torrecilla de la Orden;Mujeres;2018;120
47;Valladolid;47167 Torrecilla de la Orden;Mujeres;2017;127
47;Valladolid;47167 Torrecilla de la Orden;Mujeres;2016;127
47;Valladolid;47167 Torrecilla de la Orden;Mujeres;2015;130
47;Valladolid;47167 Torrecilla de la Orden;Mujeres;2014;134
47;Valladolid;47167 Torrecilla de la Orden;Mujeres;2013;139
47;Valladolid;47167 Torrecilla de la Orden;Mujeres;2012;145
47;Valladolid;47167 Torrecilla de la Orden;Mujeres;2011;150
47;Valladolid;47167 Torrecilla de la Orden;Mujeres;2010;156
47;Valladolid;47167 Torrecilla de la Orden;Mujeres;2009;149
47;Valladolid;47167 Torrecilla de la Orden;Mujeres;2008;150
47;Valladolid;47167 Torrecilla de la Orden;Mujeres;2007;156
47;Valladolid;47167 Torrecilla de la Orden;Mujeres;2006;160
47;Valladolid;47167 Torrecilla de la Orden;Mujeres;2005;164
47;Valladolid;47167 Torrecilla de la Orden;Mujeres;2004;167
47;Valladolid;47167 Torrecilla de la Orden;Mujeres;2003;170
47;Valladolid;47167 Torrecilla de la Orden;Mujeres;2002;177
47;Valladolid;47167 Torrecilla de la Orden;Mujeres;2001;180
47;Valladolid;47167 Torrecilla de la Orden;Mujeres;2000;189
47;Valladolid;47167 Torrecilla de la Orden;Mujeres;1999;192
47;Valladolid;47167 Torrecilla de la Orden;Mujeres;1998;194
47;Valladolid;47167 Torrecilla de la Orden;Mujeres;1997;
47;Valladolid;47167 Torrecilla de la Orden;Mujeres;1996;202
47;Valladolid;47168 Torrecilla de la Torre;Total;2023;24
47;Valladolid;47168 Torrecilla de la Torre;Total;2022;34
47;Valladolid;47168 Torrecilla de la Torre;Total;2021;36
47;Valladolid;47168 Torrecilla de la Torre;Total;2020;36
47;Valladolid;47168 Torrecilla de la Torre;Total;2019;35
47;Valladolid;47168 Torrecilla de la Torre;Total;2018;33
47;Valladolid;47168 Torrecilla de la Torre;Total;2017;30
47;Valladolid;47168 Torrecilla de la Torre;Total;2016;30
47;Valladolid;47168 Torrecilla de la Torre;Total;2015;32
47;Valladolid;47168 Torrecilla de la Torre;Total;2014;32
47;Valladolid;47168 Torrecilla de la Torre;Total;2013;29
47;Valladolid;47168 Torrecilla de la Torre;Total;2012;36
47;Valladolid;47168 Torrecilla de la Torre;Total;2011;39
47;Valladolid;47168 Torrecilla de la Torre;Total;2010;40
47;Valladolid;47168 Torrecilla de la Torre;Total;2009;36
47;Valladolid;47168 Torrecilla de la Torre;Total;2008;36
47;Valladolid;47168 Torrecilla de la Torre;Total;2007;30
47;Valladolid;47168 Torrecilla de la Torre;Total;2006;30
47;Valladolid;47168 Torrecilla de la Torre;Total;2005;32
47;Valladolid;47168 Torrecilla de la Torre;Total;2004;31
47;Valladolid;47168 Torrecilla de la Torre;Total;2003;33
47;Valladolid;47168 Torrecilla de la Torre;Total;2002;36
47;Valladolid;47168 Torrecilla de la Torre;Total;2001;35
47;Valladolid;47168 Torrecilla de la Torre;Total;2000;36
47;Valladolid;47168 Torrecilla de la Torre;Total;1999;38
47;Valladolid;47168 Torrecilla de la Torre;Total;1998;39
47;Valladolid;47168 Torrecilla de la Torre;Total;1997;
47;Valladolid;47168 Torrecilla de la Torre;Total;1996;39
47;Valladolid;47168 Torrecilla de la Torre;Hombres;2023;16
47;Valladolid;47168 Torrecilla de la Torre;Hombres;2022;22
47;Valladolid;47168 Torrecilla de la Torre;Hombres;2021;23
47;Valladolid;47168 Torrecilla de la Torre;Hombres;2020;23
47;Valladolid;47168 Torrecilla de la Torre;Hombres;2019;22
47;Valladolid;47168 Torrecilla de la Torre;Hombres;2018;21
47;Valladolid;47168 Torrecilla de la Torre;Hombres;2017;19
47;Valladolid;47168 Torrecilla de la Torre;Hombres;2016;19
47;Valladolid;47168 Torrecilla de la Torre;Hombres;2015;20
47;Valladolid;47168 Torrecilla de la Torre;Hombres;2014;20
47;Valladolid;47168 Torrecilla de la Torre;Hombres;2013;18
47;Valladolid;47168 Torrecilla de la Torre;Hombres;2012;25
47;Valladolid;47168 Torrecilla de la Torre;Hombres;2011;27
47;Valladolid;47168 Torrecilla de la Torre;Hombres;2010;28
47;Valladolid;47168 Torrecilla de la Torre;Hombres;2009;24
47;Valladolid;47168 Torrecilla de la Torre;Hombres;2008;24
47;Valladolid;47168 Torrecilla de la Torre;Hombres;2007;20
47;Valladolid;47168 Torrecilla de la Torre;Hombres;2006;20
47;Valladolid;47168 Torrecilla de la Torre;Hombres;2005;21
47;Valladolid;47168 Torrecilla de la Torre;Hombres;2004;20
47;Valladolid;47168 Torrecilla de la Torre;Hombres;2003;21
47;Valladolid;47168 Torrecilla de la Torre;Hombres;2002;22
47;Valladolid;47168 Torrecilla de la Torre;Hombres;2001;20
47;Valladolid;47168 Torrecilla de la Torre;Hombres;2000;21
47;Valladolid;47168 Torrecilla de la Torre;Hombres;1999;22
47;Valladolid;47168 Torrecilla de la Torre;Hombres;1998;23
47;Valladolid;47168 Torrecilla de la Torre;Hombres;1997;
47;Valladolid;47168 Torrecilla de la Torre;Hombres;1996;23
47;Valladolid;47168 Torrecilla de la Torre;Mujeres;2023;8
47;Valladolid;47168 Torrecilla de la Torre;Mujeres;2022;12
47;Valladolid;47168 Torrecilla de la Torre;Mujeres;2021;13
47;Valladolid;47168 Torrecilla de la Torre;Mujeres;2020;13
47;Valladolid;47168 Torrecilla de la Torre;Mujeres;2019;13
47;Valladolid;47168 Torrecilla de la Torre;Mujeres;2018;12
47;Valladolid;47168 Torrecilla de la Torre;Mujeres;2017;11
47;Valladolid;47168 Torrecilla de la Torre;Mujeres;2016;11
47;Valladolid;47168 Torrecilla de la Torre;Mujeres;2015;12
47;Valladolid;47168 Torrecilla de la Torre;Mujeres;2014;12
47;Valladolid;47168 Torrecilla de la Torre;Mujeres;2013;11
47;Valladolid;47168 Torrecilla de la Torre;Mujeres;2012;11
47;Valladolid;47168 Torrecilla de la Torre;Mujeres;2011;12
47;Valladolid;47168 Torrecilla de la Torre;Mujeres;2010;12
47;Valladolid;47168 Torrecilla de la Torre;Mujeres;2009;12
47;Valladolid;47168 Torrecilla de la Torre;Mujeres;2008;12
47;Valladolid;47168 Torrecilla de la Torre;Mujeres;2007;10
47;Valladolid;47168 Torrecilla de la Torre;Mujeres;2006;10
47;Valladolid;47168 Torrecilla de la Torre;Mujeres;2005;11
47;Valladolid;47168 Torrecilla de la Torre;Mujeres;2004;11
47;Valladolid;47168 Torrecilla de la Torre;Mujeres;2003;12
47;Valladolid;47168 Torrecilla de la Torre;Mujeres;2002;14
47;Valladolid;47168 Torrecilla de la Torre;Mujeres;2001;15
47;Valladolid;47168 Torrecilla de la Torre;Mujeres;2000;15
47;Valladolid;47168 Torrecilla de la Torre;Mujeres;1999;16
47;Valladolid;47168 Torrecilla de la Torre;Mujeres;1998;16
47;Valladolid;47168 Torrecilla de la Torre;Mujeres;1997;
47;Valladolid;47168 Torrecilla de la Torre;Mujeres;1996;16
47;Valladolid;47171 Torrelobatón;Total;2023;386
47;Valladolid;47171 Torrelobatón;Total;2022;391
47;Valladolid;47171 Torrelobatón;Total;2021;390
47;Valladolid;47171 Torrelobatón;Total;2020;400
47;Valladolid;47171 Torrelobatón;Total;2019;408
47;Valladolid;47171 Torrelobatón;Total;2018;425
47;Valladolid;47171 Torrelobatón;Total;2017;433
47;Valladolid;47171 Torrelobatón;Total;2016;436
47;Valladolid;47171 Torrelobatón;Total;2015;456
47;Valladolid;47171 Torrelobatón;Total;2014;477
47;Valladolid;47171 Torrelobatón;Total;2013;490
47;Valladolid;47171 Torrelobatón;Total;2012;497
47;Valladolid;47171 Torrelobatón;Total;2011;498
47;Valladolid;47171 Torrelobatón;Total;2010;492
47;Valladolid;47171 Torrelobatón;Total;2009;506
47;Valladolid;47171 Torrelobatón;Total;2008;519
47;Valladolid;47171 Torrelobatón;Total;2007;529
47;Valladolid;47171 Torrelobatón;Total;2006;531
47;Valladolid;47171 Torrelobatón;Total;2005;552
47;Valladolid;47171 Torrelobatón;Total;2004;577
47;Valladolid;47171 Torrelobatón;Total;2003;557
47;Valladolid;47171 Torrelobatón;Total;2002;572
47;Valladolid;47171 Torrelobatón;Total;2001;579
47;Valladolid;47171 Torrelobatón;Total;2000;576
47;Valladolid;47171 Torrelobatón;Total;1999;583
47;Valladolid;47171 Torrelobatón;Total;1998;582
47;Valladolid;47171 Torrelobatón;Total;1997;
47;Valladolid;47171 Torrelobatón;Total;1996;588
47;Valladolid;47171 Torrelobatón;Hombres;2023;202
47;Valladolid;47171 Torrelobatón;Hombres;2022;207
47;Valladolid;47171 Torrelobatón;Hombres;2021;203
47;Valladolid;47171 Torrelobatón;Hombres;2020;211
47;Valladolid;47171 Torrelobatón;Hombres;2019;216
47;Valladolid;47171 Torrelobatón;Hombres;2018;223
47;Valladolid;47171 Torrelobatón;Hombres;2017;227
47;Valladolid;47171 Torrelobatón;Hombres;2016;226
47;Valladolid;47171 Torrelobatón;Hombres;2015;237
47;Valladolid;47171 Torrelobatón;Hombres;2014;247
47;Valladolid;47171 Torrelobatón;Hombres;2013;249
47;Valladolid;47171 Torrelobatón;Hombres;2012;252
47;Valladolid;47171 Torrelobatón;Hombres;2011;249
47;Valladolid;47171 Torrelobatón;Hombres;2010;242
47;Valladolid;47171 Torrelobatón;Hombres;2009;248
47;Valladolid;47171 Torrelobatón;Hombres;2008;252
47;Valladolid;47171 Torrelobatón;Hombres;2007;254
47;Valladolid;47171 Torrelobatón;Hombres;2006;254
47;Valladolid;47171 Torrelobatón;Hombres;2005;270
47;Valladolid;47171 Torrelobatón;Hombres;2004;287
47;Valladolid;47171 Torrelobatón;Hombres;2003;277
47;Valladolid;47171 Torrelobatón;Hombres;2002;284
47;Valladolid;47171 Torrelobatón;Hombres;2001;287
47;Valladolid;47171 Torrelobatón;Hombres;2000;285
47;Valladolid;47171 Torrelobatón;Hombres;1999;287
47;Valladolid;47171 Torrelobatón;Hombres;1998;284
47;Valladolid;47171 Torrelobatón;Hombres;1997;
47;Valladolid;47171 Torrelobatón;Hombres;1996;288
47;Valladolid;47171 Torrelobatón;Mujeres;2023;184
47;Valladolid;47171 Torrelobatón;Mujeres;2022;184
47;Valladolid;47171 Torrelobatón;Mujeres;2021;187
47;Valladolid;47171 Torrelobatón;Mujeres;2020;189
47;Valladolid;47171 Torrelobatón;Mujeres;2019;192
47;Valladolid;47171 Torrelobatón;Mujeres;2018;202
47;Valladolid;47171 Torrelobatón;Mujeres;2017;206
47;Valladolid;47171 Torrelobatón;Mujeres;2016;210
47;Valladolid;47171 Torrelobatón;Mujeres;2015;219
47;Valladolid;47171 Torrelobatón;Mujeres;2014;230
47;Valladolid;47171 Torrelobatón;Mujeres;2013;241
47;Valladolid;47171 Torrelobatón;Mujeres;2012;245
47;Valladolid;47171 Torrelobatón;Mujeres;2011;249
47;Valladolid;47171 Torrelobatón;Mujeres;2010;250
47;Valladolid;47171 Torrelobatón;Mujeres;2009;258
47;Valladolid;47171 Torrelobatón;Mujeres;2008;267
47;Valladolid;47171 Torrelobatón;Mujeres;2007;275
47;Valladolid;47171 Torrelobatón;Mujeres;2006;277
47;Valladolid;47171 Torrelobatón;Mujeres;2005;282
47;Valladolid;47171 Torrelobatón;Mujeres;2004;290
47;Valladolid;47171 Torrelobatón;Mujeres;2003;280
47;Valladolid;47171 Torrelobatón;Mujeres;2002;288
47;Valladolid;47171 Torrelobatón;Mujeres;2001;292
47;Valladolid;47171 Torrelobatón;Mujeres;2000;291
47;Valladolid;47171 Torrelobatón;Mujeres;1999;296
47;Valladolid;47171 Torrelobatón;Mujeres;1998;298
47;Valladolid;47171 Torrelobatón;Mujeres;1997;
47;Valladolid;47171 Torrelobatón;Mujeres;1996;300
47;Valladolid;47172 Torrescárcela;Total;2023;164
47;Valladolid;47172 Torrescárcela;Total;2022;161
47;Valladolid;47172 Torrescárcela;Total;2021;168
47;Valladolid;47172 Torrescárcela;Total;2020;159
47;Valladolid;47172 Torrescárcela;Total;2019;154
47;Valladolid;47172 Torrescárcela;Total;2018;150
47;Valladolid;47172 Torrescárcela;Total;2017;160
47;Valladolid;47172 Torrescárcela;Total;2016;161
47;Valladolid;47172 Torrescárcela;Total;2015;167
47;Valladolid;47172 Torrescárcela;Total;2014;168
47;Valladolid;47172 Torrescárcela;Total;2013;167
47;Valladolid;47172 Torrescárcela;Total;2012;173
47;Valladolid;47172 Torrescárcela;Total;2011;192
47;Valladolid;47172 Torrescárcela;Total;2010;158
47;Valladolid;47172 Torrescárcela;Total;2009;159
47;Valladolid;47172 Torrescárcela;Total;2008;167
47;Valladolid;47172 Torrescárcela;Total;2007;172
47;Valladolid;47172 Torrescárcela;Total;2006;169
47;Valladolid;47172 Torrescárcela;Total;2005;163
47;Valladolid;47172 Torrescárcela;Total;2004;164
47;Valladolid;47172 Torrescárcela;Total;2003;161
47;Valladolid;47172 Torrescárcela;Total;2002;168
47;Valladolid;47172 Torrescárcela;Total;2001;163
47;Valladolid;47172 Torrescárcela;Total;2000;163
47;Valladolid;47172 Torrescárcela;Total;1999;169
47;Valladolid;47172 Torrescárcela;Total;1998;178
47;Valladolid;47172 Torrescárcela;Total;1997;
47;Valladolid;47172 Torrescárcela;Total;1996;182
47;Valladolid;47172 Torrescárcela;Hombres;2023;88
47;Valladolid;47172 Torrescárcela;Hombres;2022;86
47;Valladolid;47172 Torrescárcela;Hombres;2021;87
47;Valladolid;47172 Torrescárcela;Hombres;2020;83
47;Valladolid;47172 Torrescárcela;Hombres;2019;81
47;Valladolid;47172 Torrescárcela;Hombres;2018;79
47;Valladolid;47172 Torrescárcela;Hombres;2017;87
47;Valladolid;47172 Torrescárcela;Hombres;2016;85
47;Valladolid;47172 Torrescárcela;Hombres;2015;90
47;Valladolid;47172 Torrescárcela;Hombres;2014;88
47;Valladolid;47172 Torrescárcela;Hombres;2013;89
47;Valladolid;47172 Torrescárcela;Hombres;2012;92
47;Valladolid;47172 Torrescárcela;Hombres;2011;103
47;Valladolid;47172 Torrescárcela;Hombres;2010;83
47;Valladolid;47172 Torrescárcela;Hombres;2009;85
47;Valladolid;47172 Torrescárcela;Hombres;2008;92
47;Valladolid;47172 Torrescárcela;Hombres;2007;93
47;Valladolid;47172 Torrescárcela;Hombres;2006;90
47;Valladolid;47172 Torrescárcela;Hombres;2005;85
47;Valladolid;47172 Torrescárcela;Hombres;2004;85
47;Valladolid;47172 Torrescárcela;Hombres;2003;84
47;Valladolid;47172 Torrescárcela;Hombres;2002;87
47;Valladolid;47172 Torrescárcela;Hombres;2001;84
47;Valladolid;47172 Torrescárcela;Hombres;2000;86
47;Valladolid;47172 Torrescárcela;Hombres;1999;90
47;Valladolid;47172 Torrescárcela;Hombres;1998;94
47;Valladolid;47172 Torrescárcela;Hombres;1997;
47;Valladolid;47172 Torrescárcela;Hombres;1996;95
47;Valladolid;47172 Torrescárcela;Mujeres;2023;76
47;Valladolid;47172 Torrescárcela;Mujeres;2022;75
47;Valladolid;47172 Torrescárcela;Mujeres;2021;81
47;Valladolid;47172 Torrescárcela;Mujeres;2020;76
47;Valladolid;47172 Torrescárcela;Mujeres;2019;73
47;Valladolid;47172 Torrescárcela;Mujeres;2018;71
47;Valladolid;47172 Torrescárcela;Mujeres;2017;73
47;Valladolid;47172 Torrescárcela;Mujeres;2016;76
47;Valladolid;47172 Torrescárcela;Mujeres;2015;77
47;Valladolid;47172 Torrescárcela;Mujeres;2014;80
47;Valladolid;47172 Torrescárcela;Mujeres;2013;78
47;Valladolid;47172 Torrescárcela;Mujeres;2012;81
47;Valladolid;47172 Torrescárcela;Mujeres;2011;89
47;Valladolid;47172 Torrescárcela;Mujeres;2010;75
47;Valladolid;47172 Torrescárcela;Mujeres;2009;74
47;Valladolid;47172 Torrescárcela;Mujeres;2008;75
47;Valladolid;47172 Torrescárcela;Mujeres;2007;79
47;Valladolid;47172 Torrescárcela;Mujeres;2006;79
47;Valladolid;47172 Torrescárcela;Mujeres;2005;78
47;Valladolid;47172 Torrescárcela;Mujeres;2004;79
47;Valladolid;47172 Torrescárcela;Mujeres;2003;77
47;Valladolid;47172 Torrescárcela;Mujeres;2002;81
47;Valladolid;47172 Torrescárcela;Mujeres;2001;79
47;Valladolid;47172 Torrescárcela;Mujeres;2000;77
47;Valladolid;47172 Torrescárcela;Mujeres;1999;79
47;Valladolid;47172 Torrescárcela;Mujeres;1998;84
47;Valladolid;47172 Torrescárcela;Mujeres;1997;
47;Valladolid;47172 Torrescárcela;Mujeres;1996;87
47;Valladolid;47173 Traspinedo;Total;2023;1242
47;Valladolid;47173 Traspinedo;Total;2022;1201
47;Valladolid;47173 Traspinedo;Total;2021;1149
47;Valladolid;47173 Traspinedo;Total;2020;1111
47;Valladolid;47173 Traspinedo;Total;2019;1109
47;Valladolid;47173 Traspinedo;Total;2018;1089
47;Valladolid;47173 Traspinedo;Total;2017;1090
47;Valladolid;47173 Traspinedo;Total;2016;1089
47;Valladolid;47173 Traspinedo;Total;2015;1076
47;Valladolid;47173 Traspinedo;Total;2014;1126
47;Valladolid;47173 Traspinedo;Total;2013;1117
47;Valladolid;47173 Traspinedo;Total;2012;1079
47;Valladolid;47173 Traspinedo;Total;2011;1036
47;Valladolid;47173 Traspinedo;Total;2010;1032
47;Valladolid;47173 Traspinedo;Total;2009;1028
47;Valladolid;47173 Traspinedo;Total;2008;1007
47;Valladolid;47173 Traspinedo;Total;2007;977
47;Valladolid;47173 Traspinedo;Total;2006;1006
47;Valladolid;47173 Traspinedo;Total;2005;960
47;Valladolid;47173 Traspinedo;Total;2004;905
47;Valladolid;47173 Traspinedo;Total;2003;854
47;Valladolid;47173 Traspinedo;Total;2002;863
47;Valladolid;47173 Traspinedo;Total;2001;836
47;Valladolid;47173 Traspinedo;Total;2000;831
47;Valladolid;47173 Traspinedo;Total;1999;821
47;Valladolid;47173 Traspinedo;Total;1998;821
47;Valladolid;47173 Traspinedo;Total;1997;
47;Valladolid;47173 Traspinedo;Total;1996;834
47;Valladolid;47173 Traspinedo;Hombres;2023;648
47;Valladolid;47173 Traspinedo;Hombres;2022;632
47;Valladolid;47173 Traspinedo;Hombres;2021;606
47;Valladolid;47173 Traspinedo;Hombres;2020;589
47;Valladolid;47173 Traspinedo;Hombres;2019;592
47;Valladolid;47173 Traspinedo;Hombres;2018;589
47;Valladolid;47173 Traspinedo;Hombres;2017;594
47;Valladolid;47173 Traspinedo;Hombres;2016;593
47;Valladolid;47173 Traspinedo;Hombres;2015;584
47;Valladolid;47173 Traspinedo;Hombres;2014;614
47;Valladolid;47173 Traspinedo;Hombres;2013;609
47;Valladolid;47173 Traspinedo;Hombres;2012;585
47;Valladolid;47173 Traspinedo;Hombres;2011;564
47;Valladolid;47173 Traspinedo;Hombres;2010;568
47;Valladolid;47173 Traspinedo;Hombres;2009;559
47;Valladolid;47173 Traspinedo;Hombres;2008;544
47;Valladolid;47173 Traspinedo;Hombres;2007;531
47;Valladolid;47173 Traspinedo;Hombres;2006;541
47;Valladolid;47173 Traspinedo;Hombres;2005;514
47;Valladolid;47173 Traspinedo;Hombres;2004;476
47;Valladolid;47173 Traspinedo;Hombres;2003;455
47;Valladolid;47173 Traspinedo;Hombres;2002;460
47;Valladolid;47173 Traspinedo;Hombres;2001;440
47;Valladolid;47173 Traspinedo;Hombres;2000;431
47;Valladolid;47173 Traspinedo;Hombres;1999;419
47;Valladolid;47173 Traspinedo;Hombres;1998;419
47;Valladolid;47173 Traspinedo;Hombres;1997;
47;Valladolid;47173 Traspinedo;Hombres;1996;427
47;Valladolid;47173 Traspinedo;Mujeres;2023;594
47;Valladolid;47173 Traspinedo;Mujeres;2022;569
47;Valladolid;47173 Traspinedo;Mujeres;2021;543
47;Valladolid;47173 Traspinedo;Mujeres;2020;522
47;Valladolid;47173 Traspinedo;Mujeres;2019;517
47;Valladolid;47173 Traspinedo;Mujeres;2018;500
47;Valladolid;47173 Traspinedo;Mujeres;2017;496
47;Valladolid;47173 Traspinedo;Mujeres;2016;496
47;Valladolid;47173 Traspinedo;Mujeres;2015;492
47;Valladolid;47173 Traspinedo;Mujeres;2014;512
47;Valladolid;47173 Traspinedo;Mujeres;2013;508
47;Valladolid;47173 Traspinedo;Mujeres;2012;494
47;Valladolid;47173 Traspinedo;Mujeres;2011;472
47;Valladolid;47173 Traspinedo;Mujeres;2010;464
47;Valladolid;47173 Traspinedo;Mujeres;2009;469
47;Valladolid;47173 Traspinedo;Mujeres;2008;463
47;Valladolid;47173 Traspinedo;Mujeres;2007;446
47;Valladolid;47173 Traspinedo;Mujeres;2006;465
47;Valladolid;47173 Traspinedo;Mujeres;2005;446
47;Valladolid;47173 Traspinedo;Mujeres;2004;429
47;Valladolid;47173 Traspinedo;Mujeres;2003;399
47;Valladolid;47173 Traspinedo;Mujeres;2002;403
47;Valladolid;47173 Traspinedo;Mujeres;2001;396
47;Valladolid;47173 Traspinedo;Mujeres;2000;400
47;Valladolid;47173 Traspinedo;Mujeres;1999;402
47;Valladolid;47173 Traspinedo;Mujeres;1998;402
47;Valladolid;47173 Traspinedo;Mujeres;1997;
47;Valladolid;47173 Traspinedo;Mujeres;1996;407
47;Valladolid;47174 Trigueros del Valle;Total;2023;322
47;Valladolid;47174 Trigueros del Valle;Total;2022;312
47;Valladolid;47174 Trigueros del Valle;Total;2021;309
47;Valladolid;47174 Trigueros del Valle;Total;2020;304
47;Valladolid;47174 Trigueros del Valle;Total;2019;314
47;Valladolid;47174 Trigueros del Valle;Total;2018;298
47;Valladolid;47174 Trigueros del Valle;Total;2017;296
47;Valladolid;47174 Trigueros del Valle;Total;2016;303
47;Valladolid;47174 Trigueros del Valle;Total;2015;315
47;Valladolid;47174 Trigueros del Valle;Total;2014;313
47;Valladolid;47174 Trigueros del Valle;Total;2013;326
47;Valladolid;47174 Trigueros del Valle;Total;2012;333
47;Valladolid;47174 Trigueros del Valle;Total;2011;344
47;Valladolid;47174 Trigueros del Valle;Total;2010;339
47;Valladolid;47174 Trigueros del Valle;Total;2009;351
47;Valladolid;47174 Trigueros del Valle;Total;2008;350
47;Valladolid;47174 Trigueros del Valle;Total;2007;340
47;Valladolid;47174 Trigueros del Valle;Total;2006;348
47;Valladolid;47174 Trigueros del Valle;Total;2005;335
47;Valladolid;47174 Trigueros del Valle;Total;2004;336
47;Valladolid;47174 Trigueros del Valle;Total;2003;328
47;Valladolid;47174 Trigueros del Valle;Total;2002;311
47;Valladolid;47174 Trigueros del Valle;Total;2001;295
47;Valladolid;47174 Trigueros del Valle;Total;2000;296
47;Valladolid;47174 Trigueros del Valle;Total;1999;294
47;Valladolid;47174 Trigueros del Valle;Total;1998;279
47;Valladolid;47174 Trigueros del Valle;Total;1997;
47;Valladolid;47174 Trigueros del Valle;Total;1996;282
47;Valladolid;47174 Trigueros del Valle;Hombres;2023;172
47;Valladolid;47174 Trigueros del Valle;Hombres;2022;170
47;Valladolid;47174 Trigueros del Valle;Hombres;2021;169
47;Valladolid;47174 Trigueros del Valle;Hombres;2020;167
47;Valladolid;47174 Trigueros del Valle;Hombres;2019;172
47;Valladolid;47174 Trigueros del Valle;Hombres;2018;164
47;Valladolid;47174 Trigueros del Valle;Hombres;2017;160
47;Valladolid;47174 Trigueros del Valle;Hombres;2016;164
47;Valladolid;47174 Trigueros del Valle;Hombres;2015;171
47;Valladolid;47174 Trigueros del Valle;Hombres;2014;167
47;Valladolid;47174 Trigueros del Valle;Hombres;2013;178
47;Valladolid;47174 Trigueros del Valle;Hombres;2012;183
47;Valladolid;47174 Trigueros del Valle;Hombres;2011;192
47;Valladolid;47174 Trigueros del Valle;Hombres;2010;184
47;Valladolid;47174 Trigueros del Valle;Hombres;2009;193
47;Valladolid;47174 Trigueros del Valle;Hombres;2008;186
47;Valladolid;47174 Trigueros del Valle;Hombres;2007;181
47;Valladolid;47174 Trigueros del Valle;Hombres;2006;187
47;Valladolid;47174 Trigueros del Valle;Hombres;2005;184
47;Valladolid;47174 Trigueros del Valle;Hombres;2004;178
47;Valladolid;47174 Trigueros del Valle;Hombres;2003;175
47;Valladolid;47174 Trigueros del Valle;Hombres;2002;165
47;Valladolid;47174 Trigueros del Valle;Hombres;2001;153
47;Valladolid;47174 Trigueros del Valle;Hombres;2000;152
47;Valladolid;47174 Trigueros del Valle;Hombres;1999;150
47;Valladolid;47174 Trigueros del Valle;Hombres;1998;142
47;Valladolid;47174 Trigueros del Valle;Hombres;1997;
47;Valladolid;47174 Trigueros del Valle;Hombres;1996;144
47;Valladolid;47174 Trigueros del Valle;Mujeres;2023;150
47;Valladolid;47174 Trigueros del Valle;Mujeres;2022;142
47;Valladolid;47174 Trigueros del Valle;Mujeres;2021;140
47;Valladolid;47174 Trigueros del Valle;Mujeres;2020;137
47;Valladolid;47174 Trigueros del Valle;Mujeres;2019;142
47;Valladolid;47174 Trigueros del Valle;Mujeres;2018;134
47;Valladolid;47174 Trigueros del Valle;Mujeres;2017;136
47;Valladolid;47174 Trigueros del Valle;Mujeres;2016;139
47;Valladolid;47174 Trigueros del Valle;Mujeres;2015;144
47;Valladolid;47174 Trigueros del Valle;Mujeres;2014;146
47;Valladolid;47174 Trigueros del Valle;Mujeres;2013;148
47;Valladolid;47174 Trigueros del Valle;Mujeres;2012;150
47;Valladolid;47174 Trigueros del Valle;Mujeres;2011;152
47;Valladolid;47174 Trigueros del Valle;Mujeres;2010;155
47;Valladolid;47174 Trigueros del Valle;Mujeres;2009;158
47;Valladolid;47174 Trigueros del Valle;Mujeres;2008;164
47;Valladolid;47174 Trigueros del Valle;Mujeres;2007;159
47;Valladolid;47174 Trigueros del Valle;Mujeres;2006;161
47;Valladolid;47174 Trigueros del Valle;Mujeres;2005;151
47;Valladolid;47174 Trigueros del Valle;Mujeres;2004;158
47;Valladolid;47174 Trigueros del Valle;Mujeres;2003;153
47;Valladolid;47174 Trigueros del Valle;Mujeres;2002;146
47;Valladolid;47174 Trigueros del Valle;Mujeres;2001;142
47;Valladolid;47174 Trigueros del Valle;Mujeres;2000;144
47;Valladolid;47174 Trigueros del Valle;Mujeres;1999;144
47;Valladolid;47174 Trigueros del Valle;Mujeres;1998;137
47;Valladolid;47174 Trigueros del Valle;Mujeres;1997;
47;Valladolid;47174 Trigueros del Valle;Mujeres;1996;138
47;Valladolid;47175 Tudela de Duero;Total;2023;8780
47;Valladolid;47175 Tudela de Duero;Total;2022;8636
47;Valladolid;47175 Tudela de Duero;Total;2021;8648
47;Valladolid;47175 Tudela de Duero;Total;2020;8620
47;Valladolid;47175 Tudela de Duero;Total;2019;8564
47;Valladolid;47175 Tudela de Duero;Total;2018;8547
47;Valladolid;47175 Tudela de Duero;Total;2017;8551
47;Valladolid;47175 Tudela de Duero;Total;2016;8582
47;Valladolid;47175 Tudela de Duero;Total;2015;8683
47;Valladolid;47175 Tudela de Duero;Total;2014;8717
47;Valladolid;47175 Tudela de Duero;Total;2013;8733
47;Valladolid;47175 Tudela de Duero;Total;2012;8836
47;Valladolid;47175 Tudela de Duero;Total;2011;8746
47;Valladolid;47175 Tudela de Duero;Total;2010;8630
47;Valladolid;47175 Tudela de Duero;Total;2009;8503
47;Valladolid;47175 Tudela de Duero;Total;2008;8252
47;Valladolid;47175 Tudela de Duero;Total;2007;7946
47;Valladolid;47175 Tudela de Duero;Total;2006;7692
47;Valladolid;47175 Tudela de Duero;Total;2005;6338
47;Valladolid;47175 Tudela de Duero;Total;2004;6483
47;Valladolid;47175 Tudela de Duero;Total;2003;6733
47;Valladolid;47175 Tudela de Duero;Total;2002;6762
47;Valladolid;47175 Tudela de Duero;Total;2001;6654
47;Valladolid;47175 Tudela de Duero;Total;2000;6353
47;Valladolid;47175 Tudela de Duero;Total;1999;6170
47;Valladolid;47175 Tudela de Duero;Total;1998;6010
47;Valladolid;47175 Tudela de Duero;Total;1997;
47;Valladolid;47175 Tudela de Duero;Total;1996;5745
47;Valladolid;47175 Tudela de Duero;Hombres;2023;4452
47;Valladolid;47175 Tudela de Duero;Hombres;2022;4374
47;Valladolid;47175 Tudela de Duero;Hombres;2021;4396
47;Valladolid;47175 Tudela de Duero;Hombres;2020;4381
47;Valladolid;47175 Tudela de Duero;Hombres;2019;4366
47;Valladolid;47175 Tudela de Duero;Hombres;2018;4364
47;Valladolid;47175 Tudela de Duero;Hombres;2017;4364
47;Valladolid;47175 Tudela de Duero;Hombres;2016;4391
47;Valladolid;47175 Tudela de Duero;Hombres;2015;4451
47;Valladolid;47175 Tudela de Duero;Hombres;2014;4482
47;Valladolid;47175 Tudela de Duero;Hombres;2013;4480
47;Valladolid;47175 Tudela de Duero;Hombres;2012;4555
47;Valladolid;47175 Tudela de Duero;Hombres;2011;4519
47;Valladolid;47175 Tudela de Duero;Hombres;2010;4423
47;Valladolid;47175 Tudela de Duero;Hombres;2009;4359
47;Valladolid;47175 Tudela de Duero;Hombres;2008;4251
47;Valladolid;47175 Tudela de Duero;Hombres;2007;4090
47;Valladolid;47175 Tudela de Duero;Hombres;2006;3958
47;Valladolid;47175 Tudela de Duero;Hombres;2005;3268
47;Valladolid;47175 Tudela de Duero;Hombres;2004;3343
47;Valladolid;47175 Tudela de Duero;Hombres;2003;3472
47;Valladolid;47175 Tudela de Duero;Hombres;2002;3483
47;Valladolid;47175 Tudela de Duero;Hombres;2001;3404
47;Valladolid;47175 Tudela de Duero;Hombres;2000;3263
47;Valladolid;47175 Tudela de Duero;Hombres;1999;3172
47;Valladolid;47175 Tudela de Duero;Hombres;1998;3096
47;Valladolid;47175 Tudela de Duero;Hombres;1997;
47;Valladolid;47175 Tudela de Duero;Hombres;1996;2941
47;Valladolid;47175 Tudela de Duero;Mujeres;2023;4328
47;Valladolid;47175 Tudela de Duero;Mujeres;2022;4262
47;Valladolid;47175 Tudela de Duero;Mujeres;2021;4252
47;Valladolid;47175 Tudela de Duero;Mujeres;2020;4239
47;Valladolid;47175 Tudela de Duero;Mujeres;2019;4198
47;Valladolid;47175 Tudela de Duero;Mujeres;2018;4183
47;Valladolid;47175 Tudela de Duero;Mujeres;2017;4187
47;Valladolid;47175 Tudela de Duero;Mujeres;2016;4191
47;Valladolid;47175 Tudela de Duero;Mujeres;2015;4232
47;Valladolid;47175 Tudela de Duero;Mujeres;2014;4235
47;Valladolid;47175 Tudela de Duero;Mujeres;2013;4253
47;Valladolid;47175 Tudela de Duero;Mujeres;2012;4281
47;Valladolid;47175 Tudela de Duero;Mujeres;2011;4227
47;Valladolid;47175 Tudela de Duero;Mujeres;2010;4207
47;Valladolid;47175 Tudela de Duero;Mujeres;2009;4144
47;Valladolid;47175 Tudela de Duero;Mujeres;2008;4001
47;Valladolid;47175 Tudela de Duero;Mujeres;2007;3856
47;Valladolid;47175 Tudela de Duero;Mujeres;2006;3734
47;Valladolid;47175 Tudela de Duero;Mujeres;2005;3070
47;Valladolid;47175 Tudela de Duero;Mujeres;2004;3140
47;Valladolid;47175 Tudela de Duero;Mujeres;2003;3261
47;Valladolid;47175 Tudela de Duero;Mujeres;2002;3279
47;Valladolid;47175 Tudela de Duero;Mujeres;2001;3250
47;Valladolid;47175 Tudela de Duero;Mujeres;2000;3090
47;Valladolid;47175 Tudela de Duero;Mujeres;1999;2998
47;Valladolid;47175 Tudela de Duero;Mujeres;1998;2914
47;Valladolid;47175 Tudela de Duero;Mujeres;1997;
47;Valladolid;47175 Tudela de Duero;Mujeres;1996;2804
47;Valladolid;47176 Unión de Campos, La;Total;2023;207
47;Valladolid;47176 Unión de Campos, La;Total;2022;209
47;Valladolid;47176 Unión de Campos, La;Total;2021;216
47;Valladolid;47176 Unión de Campos, La;Total;2020;230
47;Valladolid;47176 Unión de Campos, La;Total;2019;228
47;Valladolid;47176 Unión de Campos, La;Total;2018;238
47;Valladolid;47176 Unión de Campos, La;Total;2017;254
47;Valladolid;47176 Unión de Campos, La;Total;2016;254
47;Valladolid;47176 Unión de Campos, La;Total;2015;272
47;Valladolid;47176 Unión de Campos, La;Total;2014;279
47;Valladolid;47176 Unión de Campos, La;Total;2013;254
47;Valladolid;47176 Unión de Campos, La;Total;2012;255
47;Valladolid;47176 Unión de Campos, La;Total;2011;262
47;Valladolid;47176 Unión de Campos, La;Total;2010;268
47;Valladolid;47176 Unión de Campos, La;Total;2009;279
47;Valladolid;47176 Unión de Campos, La;Total;2008;293
47;Valladolid;47176 Unión de Campos, La;Total;2007;303
47;Valladolid;47176 Unión de Campos, La;Total;2006;305
47;Valladolid;47176 Unión de Campos, La;Total;2005;317
47;Valladolid;47176 Unión de Campos, La;Total;2004;320
47;Valladolid;47176 Unión de Campos, La;Total;2003;303
47;Valladolid;47176 Unión de Campos, La;Total;2002;326
47;Valladolid;47176 Unión de Campos, La;Total;2001;327
47;Valladolid;47176 Unión de Campos, La;Total;2000;306
47;Valladolid;47176 Unión de Campos, La;Total;1999;318
47;Valladolid;47176 Unión de Campos, La;Total;1998;318
47;Valladolid;47176 Unión de Campos, La;Total;1997;
47;Valladolid;47176 Unión de Campos, La;Total;1996;333
47;Valladolid;47176 Unión de Campos, La;Hombres;2023;102
47;Valladolid;47176 Unión de Campos, La;Hombres;2022;102
47;Valladolid;47176 Unión de Campos, La;Hombres;2021;107
47;Valladolid;47176 Unión de Campos, La;Hombres;2020;119
47;Valladolid;47176 Unión de Campos, La;Hombres;2019;117
47;Valladolid;47176 Unión de Campos, La;Hombres;2018;122
47;Valladolid;47176 Unión de Campos, La;Hombres;2017;124
47;Valladolid;47176 Unión de Campos, La;Hombres;2016;123
47;Valladolid;47176 Unión de Campos, La;Hombres;2015;134
47;Valladolid;47176 Unión de Campos, La;Hombres;2014;142
47;Valladolid;47176 Unión de Campos, La;Hombres;2013;136
47;Valladolid;47176 Unión de Campos, La;Hombres;2012;131
47;Valladolid;47176 Unión de Campos, La;Hombres;2011;138
47;Valladolid;47176 Unión de Campos, La;Hombres;2010;138
47;Valladolid;47176 Unión de Campos, La;Hombres;2009;142
47;Valladolid;47176 Unión de Campos, La;Hombres;2008;147
47;Valladolid;47176 Unión de Campos, La;Hombres;2007;153
47;Valladolid;47176 Unión de Campos, La;Hombres;2006;151
47;Valladolid;47176 Unión de Campos, La;Hombres;2005;162
47;Valladolid;47176 Unión de Campos, La;Hombres;2004;161
47;Valladolid;47176 Unión de Campos, La;Hombres;2003;152
47;Valladolid;47176 Unión de Campos, La;Hombres;2002;163
47;Valladolid;47176 Unión de Campos, La;Hombres;2001;165
47;Valladolid;47176 Unión de Campos, La;Hombres;2000;153
47;Valladolid;47176 Unión de Campos, La;Hombres;1999;156
47;Valladolid;47176 Unión de Campos, La;Hombres;1998;156
47;Valladolid;47176 Unión de Campos, La;Hombres;1997;
47;Valladolid;47176 Unión de Campos, La;Hombres;1996;162
47;Valladolid;47176 Unión de Campos, La;Mujeres;2023;105
47;Valladolid;47176 Unión de Campos, La;Mujeres;2022;107
47;Valladolid;47176 Unión de Campos, La;Mujeres;2021;109
47;Valladolid;47176 Unión de Campos, La;Mujeres;2020;111
47;Valladolid;47176 Unión de Campos, La;Mujeres;2019;111
47;Valladolid;47176 Unión de Campos, La;Mujeres;2018;116
47;Valladolid;47176 Unión de Campos, La;Mujeres;2017;130
47;Valladolid;47176 Unión de Campos, La;Mujeres;2016;131
47;Valladolid;47176 Unión de Campos, La;Mujeres;2015;138
47;Valladolid;47176 Unión de Campos, La;Mujeres;2014;137
47;Valladolid;47176 Unión de Campos, La;Mujeres;2013;118
47;Valladolid;47176 Unión de Campos, La;Mujeres;2012;124
47;Valladolid;47176 Unión de Campos, La;Mujeres;2011;124
47;Valladolid;47176 Unión de Campos, La;Mujeres;2010;130
47;Valladolid;47176 Unión de Campos, La;Mujeres;2009;137
47;Valladolid;47176 Unión de Campos, La;Mujeres;2008;146
47;Valladolid;47176 Unión de Campos, La;Mujeres;2007;150
47;Valladolid;47176 Unión de Campos, La;Mujeres;2006;154
47;Valladolid;47176 Unión de Campos, La;Mujeres;2005;155
47;Valladolid;47176 Unión de Campos, La;Mujeres;2004;159
47;Valladolid;47176 Unión de Campos, La;Mujeres;2003;151
47;Valladolid;47176 Unión de Campos, La;Mujeres;2002;163
47;Valladolid;47176 Unión de Campos, La;Mujeres;2001;162
47;Valladolid;47176 Unión de Campos, La;Mujeres;2000;153
47;Valladolid;47176 Unión de Campos, La;Mujeres;1999;162
47;Valladolid;47176 Unión de Campos, La;Mujeres;1998;162
47;Valladolid;47176 Unión de Campos, La;Mujeres;1997;
47;Valladolid;47176 Unión de Campos, La;Mujeres;1996;171
47;Valladolid;47177 Urones de Castroponce;Total;2023;95
47;Valladolid;47177 Urones de Castroponce;Total;2022;101
47;Valladolid;47177 Urones de Castroponce;Total;2021;108
47;Valladolid;47177 Urones de Castroponce;Total;2020;110
47;Valladolid;47177 Urones de Castroponce;Total;2019;110
47;Valladolid;47177 Urones de Castroponce;Total;2018;102
47;Valladolid;47177 Urones de Castroponce;Total;2017;109
47;Valladolid;47177 Urones de Castroponce;Total;2016;114
47;Valladolid;47177 Urones de Castroponce;Total;2015;116
47;Valladolid;47177 Urones de Castroponce;Total;2014;115
47;Valladolid;47177 Urones de Castroponce;Total;2013;113
47;Valladolid;47177 Urones de Castroponce;Total;2012;116
47;Valladolid;47177 Urones de Castroponce;Total;2011;119
47;Valladolid;47177 Urones de Castroponce;Total;2010;123
47;Valladolid;47177 Urones de Castroponce;Total;2009;128
47;Valladolid;47177 Urones de Castroponce;Total;2008;127
47;Valladolid;47177 Urones de Castroponce;Total;2007;132
47;Valladolid;47177 Urones de Castroponce;Total;2006;141
47;Valladolid;47177 Urones de Castroponce;Total;2005;144
47;Valladolid;47177 Urones de Castroponce;Total;2004;147
47;Valladolid;47177 Urones de Castroponce;Total;2003;148
47;Valladolid;47177 Urones de Castroponce;Total;2002;151
47;Valladolid;47177 Urones de Castroponce;Total;2001;155
47;Valladolid;47177 Urones de Castroponce;Total;2000;151
47;Valladolid;47177 Urones de Castroponce;Total;1999;157
47;Valladolid;47177 Urones de Castroponce;Total;1998;157
47;Valladolid;47177 Urones de Castroponce;Total;1997;
47;Valladolid;47177 Urones de Castroponce;Total;1996;171
47;Valladolid;47177 Urones de Castroponce;Hombres;2023;59
47;Valladolid;47177 Urones de Castroponce;Hombres;2022;61
47;Valladolid;47177 Urones de Castroponce;Hombres;2021;67
47;Valladolid;47177 Urones de Castroponce;Hombres;2020;66
47;Valladolid;47177 Urones de Castroponce;Hombres;2019;64
47;Valladolid;47177 Urones de Castroponce;Hombres;2018;61
47;Valladolid;47177 Urones de Castroponce;Hombres;2017;62
47;Valladolid;47177 Urones de Castroponce;Hombres;2016;66
47;Valladolid;47177 Urones de Castroponce;Hombres;2015;66
47;Valladolid;47177 Urones de Castroponce;Hombres;2014;65
47;Valladolid;47177 Urones de Castroponce;Hombres;2013;64
47;Valladolid;47177 Urones de Castroponce;Hombres;2012;65
47;Valladolid;47177 Urones de Castroponce;Hombres;2011;65
47;Valladolid;47177 Urones de Castroponce;Hombres;2010;67
47;Valladolid;47177 Urones de Castroponce;Hombres;2009;72
47;Valladolid;47177 Urones de Castroponce;Hombres;2008;73
47;Valladolid;47177 Urones de Castroponce;Hombres;2007;74
47;Valladolid;47177 Urones de Castroponce;Hombres;2006;79
47;Valladolid;47177 Urones de Castroponce;Hombres;2005;80
47;Valladolid;47177 Urones de Castroponce;Hombres;2004;78
47;Valladolid;47177 Urones de Castroponce;Hombres;2003;81
47;Valladolid;47177 Urones de Castroponce;Hombres;2002;82
47;Valladolid;47177 Urones de Castroponce;Hombres;2001;83
47;Valladolid;47177 Urones de Castroponce;Hombres;2000;83
47;Valladolid;47177 Urones de Castroponce;Hombres;1999;88
47;Valladolid;47177 Urones de Castroponce;Hombres;1998;88
47;Valladolid;47177 Urones de Castroponce;Hombres;1997;
47;Valladolid;47177 Urones de Castroponce;Hombres;1996;96
47;Valladolid;47177 Urones de Castroponce;Mujeres;2023;36
47;Valladolid;47177 Urones de Castroponce;Mujeres;2022;40
47;Valladolid;47177 Urones de Castroponce;Mujeres;2021;41
47;Valladolid;47177 Urones de Castroponce;Mujeres;2020;44
47;Valladolid;47177 Urones de Castroponce;Mujeres;2019;46
47;Valladolid;47177 Urones de Castroponce;Mujeres;2018;41
47;Valladolid;47177 Urones de Castroponce;Mujeres;2017;47
47;Valladolid;47177 Urones de Castroponce;Mujeres;2016;48
47;Valladolid;47177 Urones de Castroponce;Mujeres;2015;50
47;Valladolid;47177 Urones de Castroponce;Mujeres;2014;50
47;Valladolid;47177 Urones de Castroponce;Mujeres;2013;49
47;Valladolid;47177 Urones de Castroponce;Mujeres;2012;51
47;Valladolid;47177 Urones de Castroponce;Mujeres;2011;54
47;Valladolid;47177 Urones de Castroponce;Mujeres;2010;56
47;Valladolid;47177 Urones de Castroponce;Mujeres;2009;56
47;Valladolid;47177 Urones de Castroponce;Mujeres;2008;54
47;Valladolid;47177 Urones de Castroponce;Mujeres;2007;58
47;Valladolid;47177 Urones de Castroponce;Mujeres;2006;62
47;Valladolid;47177 Urones de Castroponce;Mujeres;2005;64
47;Valladolid;47177 Urones de Castroponce;Mujeres;2004;69
47;Valladolid;47177 Urones de Castroponce;Mujeres;2003;67
47;Valladolid;47177 Urones de Castroponce;Mujeres;2002;69
47;Valladolid;47177 Urones de Castroponce;Mujeres;2001;72
47;Valladolid;47177 Urones de Castroponce;Mujeres;2000;68
47;Valladolid;47177 Urones de Castroponce;Mujeres;1999;69
47;Valladolid;47177 Urones de Castroponce;Mujeres;1998;69
47;Valladolid;47177 Urones de Castroponce;Mujeres;1997;
47;Valladolid;47177 Urones de Castroponce;Mujeres;1996;75
47;Valladolid;47178 Urueña;Total;2023;197
47;Valladolid;47178 Urueña;Total;2022;203
47;Valladolid;47178 Urueña;Total;2021;191
47;Valladolid;47178 Urueña;Total;2020;189
47;Valladolid;47178 Urueña;Total;2019;182
47;Valladolid;47178 Urueña;Total;2018;188
47;Valladolid;47178 Urueña;Total;2017;192
47;Valladolid;47178 Urueña;Total;2016;189
47;Valladolid;47178 Urueña;Total;2015;191
47;Valladolid;47178 Urueña;Total;2014;182
47;Valladolid;47178 Urueña;Total;2013;181
47;Valladolid;47178 Urueña;Total;2012;203
47;Valladolid;47178 Urueña;Total;2011;222
47;Valladolid;47178 Urueña;Total;2010;232
47;Valladolid;47178 Urueña;Total;2009;225
47;Valladolid;47178 Urueña;Total;2008;221
47;Valladolid;47178 Urueña;Total;2007;223
47;Valladolid;47178 Urueña;Total;2006;216
47;Valladolid;47178 Urueña;Total;2005;215
47;Valladolid;47178 Urueña;Total;2004;213
47;Valladolid;47178 Urueña;Total;2003;216
47;Valladolid;47178 Urueña;Total;2002;225
47;Valladolid;47178 Urueña;Total;2001;211
47;Valladolid;47178 Urueña;Total;2000;212
47;Valladolid;47178 Urueña;Total;1999;217
47;Valladolid;47178 Urueña;Total;1998;204
47;Valladolid;47178 Urueña;Total;1997;
47;Valladolid;47178 Urueña;Total;1996;204
47;Valladolid;47178 Urueña;Hombres;2023;107
47;Valladolid;47178 Urueña;Hombres;2022;111
47;Valladolid;47178 Urueña;Hombres;2021;105
47;Valladolid;47178 Urueña;Hombres;2020;106
47;Valladolid;47178 Urueña;Hombres;2019;102
47;Valladolid;47178 Urueña;Hombres;2018;104
47;Valladolid;47178 Urueña;Hombres;2017;104
47;Valladolid;47178 Urueña;Hombres;2016;102
47;Valladolid;47178 Urueña;Hombres;2015;105
47;Valladolid;47178 Urueña;Hombres;2014;98
47;Valladolid;47178 Urueña;Hombres;2013;97
47;Valladolid;47178 Urueña;Hombres;2012;112
47;Valladolid;47178 Urueña;Hombres;2011;120
47;Valladolid;47178 Urueña;Hombres;2010;123
47;Valladolid;47178 Urueña;Hombres;2009;118
47;Valladolid;47178 Urueña;Hombres;2008;118
47;Valladolid;47178 Urueña;Hombres;2007;116
47;Valladolid;47178 Urueña;Hombres;2006;112
47;Valladolid;47178 Urueña;Hombres;2005;113
47;Valladolid;47178 Urueña;Hombres;2004;112
47;Valladolid;47178 Urueña;Hombres;2003;115
47;Valladolid;47178 Urueña;Hombres;2002;119
47;Valladolid;47178 Urueña;Hombres;2001;112
47;Valladolid;47178 Urueña;Hombres;2000;109
47;Valladolid;47178 Urueña;Hombres;1999;112
47;Valladolid;47178 Urueña;Hombres;1998;101
47;Valladolid;47178 Urueña;Hombres;1997;
47;Valladolid;47178 Urueña;Hombres;1996;102
47;Valladolid;47178 Urueña;Mujeres;2023;90
47;Valladolid;47178 Urueña;Mujeres;2022;92
47;Valladolid;47178 Urueña;Mujeres;2021;86
47;Valladolid;47178 Urueña;Mujeres;2020;83
47;Valladolid;47178 Urueña;Mujeres;2019;80
47;Valladolid;47178 Urueña;Mujeres;2018;84
47;Valladolid;47178 Urueña;Mujeres;2017;88
47;Valladolid;47178 Urueña;Mujeres;2016;87
47;Valladolid;47178 Urueña;Mujeres;2015;86
47;Valladolid;47178 Urueña;Mujeres;2014;84
47;Valladolid;47178 Urueña;Mujeres;2013;84
47;Valladolid;47178 Urueña;Mujeres;2012;91
47;Valladolid;47178 Urueña;Mujeres;2011;102
47;Valladolid;47178 Urueña;Mujeres;2010;109
47;Valladolid;47178 Urueña;Mujeres;2009;107
47;Valladolid;47178 Urueña;Mujeres;2008;103
47;Valladolid;47178 Urueña;Mujeres;2007;107
47;Valladolid;47178 Urueña;Mujeres;2006;104
47;Valladolid;47178 Urueña;Mujeres;2005;102
47;Valladolid;47178 Urueña;Mujeres;2004;101
47;Valladolid;47178 Urueña;Mujeres;2003;101
47;Valladolid;47178 Urueña;Mujeres;2002;106
47;Valladolid;47178 Urueña;Mujeres;2001;99
47;Valladolid;47178 Urueña;Mujeres;2000;103
47;Valladolid;47178 Urueña;Mujeres;1999;105
47;Valladolid;47178 Urueña;Mujeres;1998;103
47;Valladolid;47178 Urueña;Mujeres;1997;
47;Valladolid;47178 Urueña;Mujeres;1996;102
47;Valladolid;47179 Valbuena de Duero;Total;2023;402
47;Valladolid;47179 Valbuena de Duero;Total;2022;411
47;Valladolid;47179 Valbuena de Duero;Total;2021;436
47;Valladolid;47179 Valbuena de Duero;Total;2020;462
47;Valladolid;47179 Valbuena de Duero;Total;2019;468
47;Valladolid;47179 Valbuena de Duero;Total;2018;471
47;Valladolid;47179 Valbuena de Duero;Total;2017;475
47;Valladolid;47179 Valbuena de Duero;Total;2016;478
47;Valladolid;47179 Valbuena de Duero;Total;2015;475
47;Valladolid;47179 Valbuena de Duero;Total;2014;482
47;Valladolid;47179 Valbuena de Duero;Total;2013;479
47;Valladolid;47179 Valbuena de Duero;Total;2012;490
47;Valladolid;47179 Valbuena de Duero;Total;2011;499
47;Valladolid;47179 Valbuena de Duero;Total;2010;507
47;Valladolid;47179 Valbuena de Duero;Total;2009;502
47;Valladolid;47179 Valbuena de Duero;Total;2008;506
47;Valladolid;47179 Valbuena de Duero;Total;2007;500
47;Valladolid;47179 Valbuena de Duero;Total;2006;507
47;Valladolid;47179 Valbuena de Duero;Total;2005;488
47;Valladolid;47179 Valbuena de Duero;Total;2004;502
47;Valladolid;47179 Valbuena de Duero;Total;2003;509
47;Valladolid;47179 Valbuena de Duero;Total;2002;522
47;Valladolid;47179 Valbuena de Duero;Total;2001;525
47;Valladolid;47179 Valbuena de Duero;Total;2000;521
47;Valladolid;47179 Valbuena de Duero;Total;1999;529
47;Valladolid;47179 Valbuena de Duero;Total;1998;529
47;Valladolid;47179 Valbuena de Duero;Total;1997;
47;Valladolid;47179 Valbuena de Duero;Total;1996;518
47;Valladolid;47179 Valbuena de Duero;Hombres;2023;229
47;Valladolid;47179 Valbuena de Duero;Hombres;2022;229
47;Valladolid;47179 Valbuena de Duero;Hombres;2021;244
47;Valladolid;47179 Valbuena de Duero;Hombres;2020;254
47;Valladolid;47179 Valbuena de Duero;Hombres;2019;252
47;Valladolid;47179 Valbuena de Duero;Hombres;2018;251
47;Valladolid;47179 Valbuena de Duero;Hombres;2017;252
47;Valladolid;47179 Valbuena de Duero;Hombres;2016;248
47;Valladolid;47179 Valbuena de Duero;Hombres;2015;248
47;Valladolid;47179 Valbuena de Duero;Hombres;2014;253
47;Valladolid;47179 Valbuena de Duero;Hombres;2013;255
47;Valladolid;47179 Valbuena de Duero;Hombres;2012;262
47;Valladolid;47179 Valbuena de Duero;Hombres;2011;269
47;Valladolid;47179 Valbuena de Duero;Hombres;2010;273
47;Valladolid;47179 Valbuena de Duero;Hombres;2009;268
47;Valladolid;47179 Valbuena de Duero;Hombres;2008;267
47;Valladolid;47179 Valbuena de Duero;Hombres;2007;261
47;Valladolid;47179 Valbuena de Duero;Hombres;2006;268
47;Valladolid;47179 Valbuena de Duero;Hombres;2005;256
47;Valladolid;47179 Valbuena de Duero;Hombres;2004;265
47;Valladolid;47179 Valbuena de Duero;Hombres;2003;267
47;Valladolid;47179 Valbuena de Duero;Hombres;2002;272
47;Valladolid;47179 Valbuena de Duero;Hombres;2001;272
47;Valladolid;47179 Valbuena de Duero;Hombres;2000;271
47;Valladolid;47179 Valbuena de Duero;Hombres;1999;276
47;Valladolid;47179 Valbuena de Duero;Hombres;1998;276
47;Valladolid;47179 Valbuena de Duero;Hombres;1997;
47;Valladolid;47179 Valbuena de Duero;Hombres;1996;264
47;Valladolid;47179 Valbuena de Duero;Mujeres;2023;173
47;Valladolid;47179 Valbuena de Duero;Mujeres;2022;182
47;Valladolid;47179 Valbuena de Duero;Mujeres;2021;192
47;Valladolid;47179 Valbuena de Duero;Mujeres;2020;208
47;Valladolid;47179 Valbuena de Duero;Mujeres;2019;216
47;Valladolid;47179 Valbuena de Duero;Mujeres;2018;220
47;Valladolid;47179 Valbuena de Duero;Mujeres;2017;223
47;Valladolid;47179 Valbuena de Duero;Mujeres;2016;230
47;Valladolid;47179 Valbuena de Duero;Mujeres;2015;227
47;Valladolid;47179 Valbuena de Duero;Mujeres;2014;229
47;Valladolid;47179 Valbuena de Duero;Mujeres;2013;224
47;Valladolid;47179 Valbuena de Duero;Mujeres;2012;228
47;Valladolid;47179 Valbuena de Duero;Mujeres;2011;230
47;Valladolid;47179 Valbuena de Duero;Mujeres;2010;234
47;Valladolid;47179 Valbuena de Duero;Mujeres;2009;234
47;Valladolid;47179 Valbuena de Duero;Mujeres;2008;239
47;Valladolid;47179 Valbuena de Duero;Mujeres;2007;239
47;Valladolid;47179 Valbuena de Duero;Mujeres;2006;239
47;Valladolid;47179 Valbuena de Duero;Mujeres;2005;232
47;Valladolid;47179 Valbuena de Duero;Mujeres;2004;237
47;Valladolid;47179 Valbuena de Duero;Mujeres;2003;242
47;Valladolid;47179 Valbuena de Duero;Mujeres;2002;250
47;Valladolid;47179 Valbuena de Duero;Mujeres;2001;253
47;Valladolid;47179 Valbuena de Duero;Mujeres;2000;250
47;Valladolid;47179 Valbuena de Duero;Mujeres;1999;253
47;Valladolid;47179 Valbuena de Duero;Mujeres;1998;253
47;Valladolid;47179 Valbuena de Duero;Mujeres;1997;
47;Valladolid;47179 Valbuena de Duero;Mujeres;1996;254
47;Valladolid;47180 Valdearcos de la Vega;Total;2023;71
47;Valladolid;47180 Valdearcos de la Vega;Total;2022;49
47;Valladolid;47180 Valdearcos de la Vega;Total;2021;52
47;Valladolid;47180 Valdearcos de la Vega;Total;2020;55
47;Valladolid;47180 Valdearcos de la Vega;Total;2019;57
47;Valladolid;47180 Valdearcos de la Vega;Total;2018;61
47;Valladolid;47180 Valdearcos de la Vega;Total;2017;71
47;Valladolid;47180 Valdearcos de la Vega;Total;2016;84
47;Valladolid;47180 Valdearcos de la Vega;Total;2015;91
47;Valladolid;47180 Valdearcos de la Vega;Total;2014;95
47;Valladolid;47180 Valdearcos de la Vega;Total;2013;97
47;Valladolid;47180 Valdearcos de la Vega;Total;2012;116
47;Valladolid;47180 Valdearcos de la Vega;Total;2011;118
47;Valladolid;47180 Valdearcos de la Vega;Total;2010;123
47;Valladolid;47180 Valdearcos de la Vega;Total;2009;127
47;Valladolid;47180 Valdearcos de la Vega;Total;2008;131
47;Valladolid;47180 Valdearcos de la Vega;Total;2007;108
47;Valladolid;47180 Valdearcos de la Vega;Total;2006;103
47;Valladolid;47180 Valdearcos de la Vega;Total;2005;112
47;Valladolid;47180 Valdearcos de la Vega;Total;2004;115
47;Valladolid;47180 Valdearcos de la Vega;Total;2003;120
47;Valladolid;47180 Valdearcos de la Vega;Total;2002;128
47;Valladolid;47180 Valdearcos de la Vega;Total;2001;136
47;Valladolid;47180 Valdearcos de la Vega;Total;2000;141
47;Valladolid;47180 Valdearcos de la Vega;Total;1999;144
47;Valladolid;47180 Valdearcos de la Vega;Total;1998;151
47;Valladolid;47180 Valdearcos de la Vega;Total;1997;
47;Valladolid;47180 Valdearcos de la Vega;Total;1996;153
47;Valladolid;47180 Valdearcos de la Vega;Hombres;2023;43
47;Valladolid;47180 Valdearcos de la Vega;Hombres;2022;27
47;Valladolid;47180 Valdearcos de la Vega;Hombres;2021;28
47;Valladolid;47180 Valdearcos de la Vega;Hombres;2020;30
47;Valladolid;47180 Valdearcos de la Vega;Hombres;2019;31
47;Valladolid;47180 Valdearcos de la Vega;Hombres;2018;32
47;Valladolid;47180 Valdearcos de la Vega;Hombres;2017;39
47;Valladolid;47180 Valdearcos de la Vega;Hombres;2016;44
47;Valladolid;47180 Valdearcos de la Vega;Hombres;2015;47
47;Valladolid;47180 Valdearcos de la Vega;Hombres;2014;50
47;Valladolid;47180 Valdearcos de la Vega;Hombres;2013;50
47;Valladolid;47180 Valdearcos de la Vega;Hombres;2012;60
47;Valladolid;47180 Valdearcos de la Vega;Hombres;2011;59
47;Valladolid;47180 Valdearcos de la Vega;Hombres;2010;59
47;Valladolid;47180 Valdearcos de la Vega;Hombres;2009;61
47;Valladolid;47180 Valdearcos de la Vega;Hombres;2008;62
47;Valladolid;47180 Valdearcos de la Vega;Hombres;2007;54
47;Valladolid;47180 Valdearcos de la Vega;Hombres;2006;55
47;Valladolid;47180 Valdearcos de la Vega;Hombres;2005;59
47;Valladolid;47180 Valdearcos de la Vega;Hombres;2004;61
47;Valladolid;47180 Valdearcos de la Vega;Hombres;2003;65
47;Valladolid;47180 Valdearcos de la Vega;Hombres;2002;67
47;Valladolid;47180 Valdearcos de la Vega;Hombres;2001;68
47;Valladolid;47180 Valdearcos de la Vega;Hombres;2000;69
47;Valladolid;47180 Valdearcos de la Vega;Hombres;1999;70
47;Valladolid;47180 Valdearcos de la Vega;Hombres;1998;75
47;Valladolid;47180 Valdearcos de la Vega;Hombres;1997;
47;Valladolid;47180 Valdearcos de la Vega;Hombres;1996;76
47;Valladolid;47180 Valdearcos de la Vega;Mujeres;2023;28
47;Valladolid;47180 Valdearcos de la Vega;Mujeres;2022;22
47;Valladolid;47180 Valdearcos de la Vega;Mujeres;2021;24
47;Valladolid;47180 Valdearcos de la Vega;Mujeres;2020;25
47;Valladolid;47180 Valdearcos de la Vega;Mujeres;2019;26
47;Valladolid;47180 Valdearcos de la Vega;Mujeres;2018;29
47;Valladolid;47180 Valdearcos de la Vega;Mujeres;2017;32
47;Valladolid;47180 Valdearcos de la Vega;Mujeres;2016;40
47;Valladolid;47180 Valdearcos de la Vega;Mujeres;2015;44
47;Valladolid;47180 Valdearcos de la Vega;Mujeres;2014;45
47;Valladolid;47180 Valdearcos de la Vega;Mujeres;2013;47
47;Valladolid;47180 Valdearcos de la Vega;Mujeres;2012;56
47;Valladolid;47180 Valdearcos de la Vega;Mujeres;2011;59
47;Valladolid;47180 Valdearcos de la Vega;Mujeres;2010;64
47;Valladolid;47180 Valdearcos de la Vega;Mujeres;2009;66
47;Valladolid;47180 Valdearcos de la Vega;Mujeres;2008;69
47;Valladolid;47180 Valdearcos de la Vega;Mujeres;2007;54
47;Valladolid;47180 Valdearcos de la Vega;Mujeres;2006;48
47;Valladolid;47180 Valdearcos de la Vega;Mujeres;2005;53
47;Valladolid;47180 Valdearcos de la Vega;Mujeres;2004;54
47;Valladolid;47180 Valdearcos de la Vega;Mujeres;2003;55
47;Valladolid;47180 Valdearcos de la Vega;Mujeres;2002;61
47;Valladolid;47180 Valdearcos de la Vega;Mujeres;2001;68
47;Valladolid;47180 Valdearcos de la Vega;Mujeres;2000;72
47;Valladolid;47180 Valdearcos de la Vega;Mujeres;1999;74
47;Valladolid;47180 Valdearcos de la Vega;Mujeres;1998;76
47;Valladolid;47180 Valdearcos de la Vega;Mujeres;1997;
47;Valladolid;47180 Valdearcos de la Vega;Mujeres;1996;77
47;Valladolid;47181 Valdenebro de los Valles;Total;2023;191
47;Valladolid;47181 Valdenebro de los Valles;Total;2022;193
47;Valladolid;47181 Valdenebro de los Valles;Total;2021;193
47;Valladolid;47181 Valdenebro de los Valles;Total;2020;199
47;Valladolid;47181 Valdenebro de los Valles;Total;2019;192
47;Valladolid;47181 Valdenebro de los Valles;Total;2018;197
47;Valladolid;47181 Valdenebro de los Valles;Total;2017;208
47;Valladolid;47181 Valdenebro de los Valles;Total;2016;206
47;Valladolid;47181 Valdenebro de los Valles;Total;2015;208
47;Valladolid;47181 Valdenebro de los Valles;Total;2014;202
47;Valladolid;47181 Valdenebro de los Valles;Total;2013;212
47;Valladolid;47181 Valdenebro de los Valles;Total;2012;217
47;Valladolid;47181 Valdenebro de los Valles;Total;2011;228
47;Valladolid;47181 Valdenebro de los Valles;Total;2010;220
47;Valladolid;47181 Valdenebro de los Valles;Total;2009;211
47;Valladolid;47181 Valdenebro de los Valles;Total;2008;221
47;Valladolid;47181 Valdenebro de los Valles;Total;2007;209
47;Valladolid;47181 Valdenebro de los Valles;Total;2006;214
47;Valladolid;47181 Valdenebro de los Valles;Total;2005;225
47;Valladolid;47181 Valdenebro de los Valles;Total;2004;223
47;Valladolid;47181 Valdenebro de los Valles;Total;2003;230
47;Valladolid;47181 Valdenebro de los Valles;Total;2002;229
47;Valladolid;47181 Valdenebro de los Valles;Total;2001;227
47;Valladolid;47181 Valdenebro de los Valles;Total;2000;235
47;Valladolid;47181 Valdenebro de los Valles;Total;1999;244
47;Valladolid;47181 Valdenebro de los Valles;Total;1998;244
47;Valladolid;47181 Valdenebro de los Valles;Total;1997;
47;Valladolid;47181 Valdenebro de los Valles;Total;1996;259
47;Valladolid;47181 Valdenebro de los Valles;Hombres;2023;108
47;Valladolid;47181 Valdenebro de los Valles;Hombres;2022;108
47;Valladolid;47181 Valdenebro de los Valles;Hombres;2021;104
47;Valladolid;47181 Valdenebro de los Valles;Hombres;2020;105
47;Valladolid;47181 Valdenebro de los Valles;Hombres;2019;102
47;Valladolid;47181 Valdenebro de los Valles;Hombres;2018;103
47;Valladolid;47181 Valdenebro de los Valles;Hombres;2017;105
47;Valladolid;47181 Valdenebro de los Valles;Hombres;2016;104
47;Valladolid;47181 Valdenebro de los Valles;Hombres;2015;103
47;Valladolid;47181 Valdenebro de los Valles;Hombres;2014;101
47;Valladolid;47181 Valdenebro de los Valles;Hombres;2013;109
47;Valladolid;47181 Valdenebro de los Valles;Hombres;2012;111
47;Valladolid;47181 Valdenebro de los Valles;Hombres;2011;116
47;Valladolid;47181 Valdenebro de los Valles;Hombres;2010;113
47;Valladolid;47181 Valdenebro de los Valles;Hombres;2009;109
47;Valladolid;47181 Valdenebro de los Valles;Hombres;2008;112
47;Valladolid;47181 Valdenebro de los Valles;Hombres;2007;106
47;Valladolid;47181 Valdenebro de los Valles;Hombres;2006;106
47;Valladolid;47181 Valdenebro de los Valles;Hombres;2005;116
47;Valladolid;47181 Valdenebro de los Valles;Hombres;2004;118
47;Valladolid;47181 Valdenebro de los Valles;Hombres;2003;117
47;Valladolid;47181 Valdenebro de los Valles;Hombres;2002;118
47;Valladolid;47181 Valdenebro de los Valles;Hombres;2001;115
47;Valladolid;47181 Valdenebro de los Valles;Hombres;2000;120
47;Valladolid;47181 Valdenebro de los Valles;Hombres;1999;125
47;Valladolid;47181 Valdenebro de los Valles;Hombres;1998;125
47;Valladolid;47181 Valdenebro de los Valles;Hombres;1997;
47;Valladolid;47181 Valdenebro de los Valles;Hombres;1996;134
47;Valladolid;47181 Valdenebro de los Valles;Mujeres;2023;83
47;Valladolid;47181 Valdenebro de los Valles;Mujeres;2022;85
47;Valladolid;47181 Valdenebro de los Valles;Mujeres;2021;89
47;Valladolid;47181 Valdenebro de los Valles;Mujeres;2020;94
47;Valladolid;47181 Valdenebro de los Valles;Mujeres;2019;90
47;Valladolid;47181 Valdenebro de los Valles;Mujeres;2018;94
47;Valladolid;47181 Valdenebro de los Valles;Mujeres;2017;103
47;Valladolid;47181 Valdenebro de los Valles;Mujeres;2016;102
47;Valladolid;47181 Valdenebro de los Valles;Mujeres;2015;105
47;Valladolid;47181 Valdenebro de los Valles;Mujeres;2014;101
47;Valladolid;47181 Valdenebro de los Valles;Mujeres;2013;103
47;Valladolid;47181 Valdenebro de los Valles;Mujeres;2012;106
47;Valladolid;47181 Valdenebro de los Valles;Mujeres;2011;112
47;Valladolid;47181 Valdenebro de los Valles;Mujeres;2010;107
47;Valladolid;47181 Valdenebro de los Valles;Mujeres;2009;102
47;Valladolid;47181 Valdenebro de los Valles;Mujeres;2008;109
47;Valladolid;47181 Valdenebro de los Valles;Mujeres;2007;103
47;Valladolid;47181 Valdenebro de los Valles;Mujeres;2006;108
47;Valladolid;47181 Valdenebro de los Valles;Mujeres;2005;109
47;Valladolid;47181 Valdenebro de los Valles;Mujeres;2004;105
47;Valladolid;47181 Valdenebro de los Valles;Mujeres;2003;113
47;Valladolid;47181 Valdenebro de los Valles;Mujeres;2002;111
47;Valladolid;47181 Valdenebro de los Valles;Mujeres;2001;112
47;Valladolid;47181 Valdenebro de los Valles;Mujeres;2000;115
47;Valladolid;47181 Valdenebro de los Valles;Mujeres;1999;119
47;Valladolid;47181 Valdenebro de los Valles;Mujeres;1998;119
47;Valladolid;47181 Valdenebro de los Valles;Mujeres;1997;
47;Valladolid;47181 Valdenebro de los Valles;Mujeres;1996;125
47;Valladolid;47182 Valdestillas;Total;2023;1583
47;Valladolid;47182 Valdestillas;Total;2022;1599
47;Valladolid;47182 Valdestillas;Total;2021;1607
47;Valladolid;47182 Valdestillas;Total;2020;1632
47;Valladolid;47182 Valdestillas;Total;2019;1643
47;Valladolid;47182 Valdestillas;Total;2018;1657
47;Valladolid;47182 Valdestillas;Total;2017;1665
47;Valladolid;47182 Valdestillas;Total;2016;1675
47;Valladolid;47182 Valdestillas;Total;2015;1732
47;Valladolid;47182 Valdestillas;Total;2014;1742
47;Valladolid;47182 Valdestillas;Total;2013;1743
47;Valladolid;47182 Valdestillas;Total;2012;1780
47;Valladolid;47182 Valdestillas;Total;2011;1780
47;Valladolid;47182 Valdestillas;Total;2010;1765
47;Valladolid;47182 Valdestillas;Total;2009;1804
47;Valladolid;47182 Valdestillas;Total;2008;1818
47;Valladolid;47182 Valdestillas;Total;2007;1784
47;Valladolid;47182 Valdestillas;Total;2006;1770
47;Valladolid;47182 Valdestillas;Total;2005;1673
47;Valladolid;47182 Valdestillas;Total;2004;1650
47;Valladolid;47182 Valdestillas;Total;2003;1611
47;Valladolid;47182 Valdestillas;Total;2002;1584
47;Valladolid;47182 Valdestillas;Total;2001;1583
47;Valladolid;47182 Valdestillas;Total;2000;1549
47;Valladolid;47182 Valdestillas;Total;1999;1563
47;Valladolid;47182 Valdestillas;Total;1998;1563
47;Valladolid;47182 Valdestillas;Total;1997;
47;Valladolid;47182 Valdestillas;Total;1996;1556
47;Valladolid;47182 Valdestillas;Hombres;2023;821
47;Valladolid;47182 Valdestillas;Hombres;2022;823
47;Valladolid;47182 Valdestillas;Hombres;2021;825
47;Valladolid;47182 Valdestillas;Hombres;2020;845
47;Valladolid;47182 Valdestillas;Hombres;2019;851
47;Valladolid;47182 Valdestillas;Hombres;2018;863
47;Valladolid;47182 Valdestillas;Hombres;2017;870
47;Valladolid;47182 Valdestillas;Hombres;2016;868
47;Valladolid;47182 Valdestillas;Hombres;2015;896
47;Valladolid;47182 Valdestillas;Hombres;2014;900
47;Valladolid;47182 Valdestillas;Hombres;2013;906
47;Valladolid;47182 Valdestillas;Hombres;2012;926
47;Valladolid;47182 Valdestillas;Hombres;2011;928
47;Valladolid;47182 Valdestillas;Hombres;2010;928
47;Valladolid;47182 Valdestillas;Hombres;2009;948
47;Valladolid;47182 Valdestillas;Hombres;2008;944
47;Valladolid;47182 Valdestillas;Hombres;2007;914
47;Valladolid;47182 Valdestillas;Hombres;2006;914
47;Valladolid;47182 Valdestillas;Hombres;2005;848
47;Valladolid;47182 Valdestillas;Hombres;2004;836
47;Valladolid;47182 Valdestillas;Hombres;2003;821
47;Valladolid;47182 Valdestillas;Hombres;2002;796
47;Valladolid;47182 Valdestillas;Hombres;2001;795
47;Valladolid;47182 Valdestillas;Hombres;2000;774
47;Valladolid;47182 Valdestillas;Hombres;1999;790
47;Valladolid;47182 Valdestillas;Hombres;1998;790
47;Valladolid;47182 Valdestillas;Hombres;1997;
47;Valladolid;47182 Valdestillas;Hombres;1996;784
47;Valladolid;47182 Valdestillas;Mujeres;2023;762
47;Valladolid;47182 Valdestillas;Mujeres;2022;776
47;Valladolid;47182 Valdestillas;Mujeres;2021;782
47;Valladolid;47182 Valdestillas;Mujeres;2020;787
47;Valladolid;47182 Valdestillas;Mujeres;2019;792
47;Valladolid;47182 Valdestillas;Mujeres;2018;794
47;Valladolid;47182 Valdestillas;Mujeres;2017;795
47;Valladolid;47182 Valdestillas;Mujeres;2016;807
47;Valladolid;47182 Valdestillas;Mujeres;2015;836
47;Valladolid;47182 Valdestillas;Mujeres;2014;842
47;Valladolid;47182 Valdestillas;Mujeres;2013;837
47;Valladolid;47182 Valdestillas;Mujeres;2012;854
47;Valladolid;47182 Valdestillas;Mujeres;2011;852
47;Valladolid;47182 Valdestillas;Mujeres;2010;837
47;Valladolid;47182 Valdestillas;Mujeres;2009;856
47;Valladolid;47182 Valdestillas;Mujeres;2008;874
47;Valladolid;47182 Valdestillas;Mujeres;2007;870
47;Valladolid;47182 Valdestillas;Mujeres;2006;856
47;Valladolid;47182 Valdestillas;Mujeres;2005;825
47;Valladolid;47182 Valdestillas;Mujeres;2004;814
47;Valladolid;47182 Valdestillas;Mujeres;2003;790
47;Valladolid;47182 Valdestillas;Mujeres;2002;788
47;Valladolid;47182 Valdestillas;Mujeres;2001;788
47;Valladolid;47182 Valdestillas;Mujeres;2000;775
47;Valladolid;47182 Valdestillas;Mujeres;1999;773
47;Valladolid;47182 Valdestillas;Mujeres;1998;773
47;Valladolid;47182 Valdestillas;Mujeres;1997;
47;Valladolid;47182 Valdestillas;Mujeres;1996;772
47;Valladolid;47183 Valdunquillo;Total;2023;126
47;Valladolid;47183 Valdunquillo;Total;2022;130
47;Valladolid;47183 Valdunquillo;Total;2021;138
47;Valladolid;47183 Valdunquillo;Total;2020;144
47;Valladolid;47183 Valdunquillo;Total;2019;147
47;Valladolid;47183 Valdunquillo;Total;2018;133
47;Valladolid;47183 Valdunquillo;Total;2017;141
47;Valladolid;47183 Valdunquillo;Total;2016;147
47;Valladolid;47183 Valdunquillo;Total;2015;158
47;Valladolid;47183 Valdunquillo;Total;2014;156
47;Valladolid;47183 Valdunquillo;Total;2013;170
47;Valladolid;47183 Valdunquillo;Total;2012;170
47;Valladolid;47183 Valdunquillo;Total;2011;175
47;Valladolid;47183 Valdunquillo;Total;2010;173
47;Valladolid;47183 Valdunquillo;Total;2009;176
47;Valladolid;47183 Valdunquillo;Total;2008;172
47;Valladolid;47183 Valdunquillo;Total;2007;179
47;Valladolid;47183 Valdunquillo;Total;2006;186
47;Valladolid;47183 Valdunquillo;Total;2005;201
47;Valladolid;47183 Valdunquillo;Total;2004;209
47;Valladolid;47183 Valdunquillo;Total;2003;217
47;Valladolid;47183 Valdunquillo;Total;2002;223
47;Valladolid;47183 Valdunquillo;Total;2001;223
47;Valladolid;47183 Valdunquillo;Total;2000;228
47;Valladolid;47183 Valdunquillo;Total;1999;229
47;Valladolid;47183 Valdunquillo;Total;1998;235
47;Valladolid;47183 Valdunquillo;Total;1997;
47;Valladolid;47183 Valdunquillo;Total;1996;240
47;Valladolid;47183 Valdunquillo;Hombres;2023;62
47;Valladolid;47183 Valdunquillo;Hombres;2022;64
47;Valladolid;47183 Valdunquillo;Hombres;2021;65
47;Valladolid;47183 Valdunquillo;Hombres;2020;69
47;Valladolid;47183 Valdunquillo;Hombres;2019;72
47;Valladolid;47183 Valdunquillo;Hombres;2018;67
47;Valladolid;47183 Valdunquillo;Hombres;2017;70
47;Valladolid;47183 Valdunquillo;Hombres;2016;73
47;Valladolid;47183 Valdunquillo;Hombres;2015;77
47;Valladolid;47183 Valdunquillo;Hombres;2014;75
47;Valladolid;47183 Valdunquillo;Hombres;2013;81
47;Valladolid;47183 Valdunquillo;Hombres;2012;81
47;Valladolid;47183 Valdunquillo;Hombres;2011;83
47;Valladolid;47183 Valdunquillo;Hombres;2010;82
47;Valladolid;47183 Valdunquillo;Hombres;2009;84
47;Valladolid;47183 Valdunquillo;Hombres;2008;84
47;Valladolid;47183 Valdunquillo;Hombres;2007;84
47;Valladolid;47183 Valdunquillo;Hombres;2006;85
47;Valladolid;47183 Valdunquillo;Hombres;2005;89
47;Valladolid;47183 Valdunquillo;Hombres;2004;96
47;Valladolid;47183 Valdunquillo;Hombres;2003;101
47;Valladolid;47183 Valdunquillo;Hombres;2002;102
47;Valladolid;47183 Valdunquillo;Hombres;2001;102
47;Valladolid;47183 Valdunquillo;Hombres;2000;108
47;Valladolid;47183 Valdunquillo;Hombres;1999;108
47;Valladolid;47183 Valdunquillo;Hombres;1998;110
47;Valladolid;47183 Valdunquillo;Hombres;1997;
47;Valladolid;47183 Valdunquillo;Hombres;1996;111
47;Valladolid;47183 Valdunquillo;Mujeres;2023;64
47;Valladolid;47183 Valdunquillo;Mujeres;2022;66
47;Valladolid;47183 Valdunquillo;Mujeres;2021;73
47;Valladolid;47183 Valdunquillo;Mujeres;2020;75
47;Valladolid;47183 Valdunquillo;Mujeres;2019;75
47;Valladolid;47183 Valdunquillo;Mujeres;2018;66
47;Valladolid;47183 Valdunquillo;Mujeres;2017;71
47;Valladolid;47183 Valdunquillo;Mujeres;2016;74
47;Valladolid;47183 Valdunquillo;Mujeres;2015;81
47;Valladolid;47183 Valdunquillo;Mujeres;2014;81
47;Valladolid;47183 Valdunquillo;Mujeres;2013;89
47;Valladolid;47183 Valdunquillo;Mujeres;2012;89
47;Valladolid;47183 Valdunquillo;Mujeres;2011;92
47;Valladolid;47183 Valdunquillo;Mujeres;2010;91
47;Valladolid;47183 Valdunquillo;Mujeres;2009;92
47;Valladolid;47183 Valdunquillo;Mujeres;2008;88
47;Valladolid;47183 Valdunquillo;Mujeres;2007;95
47;Valladolid;47183 Valdunquillo;Mujeres;2006;101
47;Valladolid;47183 Valdunquillo;Mujeres;2005;112
47;Valladolid;47183 Valdunquillo;Mujeres;2004;113
47;Valladolid;47183 Valdunquillo;Mujeres;2003;116
47;Valladolid;47183 Valdunquillo;Mujeres;2002;121
47;Valladolid;47183 Valdunquillo;Mujeres;2001;121
47;Valladolid;47183 Valdunquillo;Mujeres;2000;120
47;Valladolid;47183 Valdunquillo;Mujeres;1999;121
47;Valladolid;47183 Valdunquillo;Mujeres;1998;125
47;Valladolid;47183 Valdunquillo;Mujeres;1997;
47;Valladolid;47183 Valdunquillo;Mujeres;1996;129
47;Valladolid;47186 Valladolid;Total;2023;297459
47;Valladolid;47186 Valladolid;Total;2022;295639
47;Valladolid;47186 Valladolid;Total;2021;297775
47;Valladolid;47186 Valladolid;Total;2020;299265
47;Valladolid;47186 Valladolid;Total;2019;298412
47;Valladolid;47186 Valladolid;Total;2018;298866
47;Valladolid;47186 Valladolid;Total;2017;299715
47;Valladolid;47186 Valladolid;Total;2016;301876
47;Valladolid;47186 Valladolid;Total;2015;303905
47;Valladolid;47186 Valladolid;Total;2014;306830
47;Valladolid;47186 Valladolid;Total;2013;309714
47;Valladolid;47186 Valladolid;Total;2012;311501
47;Valladolid;47186 Valladolid;Total;2011;313437
47;Valladolid;47186 Valladolid;Total;2010;315522
47;Valladolid;47186 Valladolid;Total;2009;317864
47;Valladolid;47186 Valladolid;Total;2008;318461
47;Valladolid;47186 Valladolid;Total;2007;316564
47;Valladolid;47186 Valladolid;Total;2006;319943
47;Valladolid;47186 Valladolid;Total;2005;321001
47;Valladolid;47186 Valladolid;Total;2004;321713
47;Valladolid;47186 Valladolid;Total;2003;321143
47;Valladolid;47186 Valladolid;Total;2002;318576
47;Valladolid;47186 Valladolid;Total;2001;318293
47;Valladolid;47186 Valladolid;Total;2000;319129
47;Valladolid;47186 Valladolid;Total;1999;319998
47;Valladolid;47186 Valladolid;Total;1998;319946
47;Valladolid;47186 Valladolid;Total;1997;
47;Valladolid;47186 Valladolid;Total;1996;319805
47;Valladolid;47186 Valladolid;Hombres;2023;139241
47;Valladolid;47186 Valladolid;Hombres;2022;138427
47;Valladolid;47186 Valladolid;Hombres;2021;139534
47;Valladolid;47186 Valladolid;Hombres;2020;140247
47;Valladolid;47186 Valladolid;Hombres;2019;140059
47;Valladolid;47186 Valladolid;Hombres;2018;140382
47;Valladolid;47186 Valladolid;Hombres;2017;140893
47;Valladolid;47186 Valladolid;Hombres;2016;142105
47;Valladolid;47186 Valladolid;Hombres;2015;143197
47;Valladolid;47186 Valladolid;Hombres;2014;144930
47;Valladolid;47186 Valladolid;Hombres;2013;146452
47;Valladolid;47186 Valladolid;Hombres;2012;147458
47;Valladolid;47186 Valladolid;Hombres;2011;148776
47;Valladolid;47186 Valladolid;Hombres;2010;150061
47;Valladolid;47186 Valladolid;Hombres;2009;151570
47;Valladolid;47186 Valladolid;Hombres;2008;152085
47;Valladolid;47186 Valladolid;Hombres;2007;151034
47;Valladolid;47186 Valladolid;Hombres;2006;152976
47;Valladolid;47186 Valladolid;Hombres;2005;153743
47;Valladolid;47186 Valladolid;Hombres;2004;154299
47;Valladolid;47186 Valladolid;Hombres;2003;154222
47;Valladolid;47186 Valladolid;Hombres;2002;152973
47;Valladolid;47186 Valladolid;Hombres;2001;152809
47;Valladolid;47186 Valladolid;Hombres;2000;153292
47;Valladolid;47186 Valladolid;Hombres;1999;153922
47;Valladolid;47186 Valladolid;Hombres;1998;154066
47;Valladolid;47186 Valladolid;Hombres;1997;
47;Valladolid;47186 Valladolid;Hombres;1996;154149
47;Valladolid;47186 Valladolid;Mujeres;2023;158218
47;Valladolid;47186 Valladolid;Mujeres;2022;157212
47;Valladolid;47186 Valladolid;Mujeres;2021;158241
47;Valladolid;47186 Valladolid;Mujeres;2020;159018
47;Valladolid;47186 Valladolid;Mujeres;2019;158353
47;Valladolid;47186 Valladolid;Mujeres;2018;158484
47;Valladolid;47186 Valladolid;Mujeres;2017;158822
47;Valladolid;47186 Valladolid;Mujeres;2016;159771
47;Valladolid;47186 Valladolid;Mujeres;2015;160708
47;Valladolid;47186 Valladolid;Mujeres;2014;161900
47;Valladolid;47186 Valladolid;Mujeres;2013;163262
47;Valladolid;47186 Valladolid;Mujeres;2012;164043
47;Valladolid;47186 Valladolid;Mujeres;2011;164661
47;Valladolid;47186 Valladolid;Mujeres;2010;165461
47;Valladolid;47186 Valladolid;Mujeres;2009;166294
47;Valladolid;47186 Valladolid;Mujeres;2008;166376
47;Valladolid;47186 Valladolid;Mujeres;2007;165530
47;Valladolid;47186 Valladolid;Mujeres;2006;166967
47;Valladolid;47186 Valladolid;Mujeres;2005;167258
47;Valladolid;47186 Valladolid;Mujeres;2004;167414
47;Valladolid;47186 Valladolid;Mujeres;2003;166921
47;Valladolid;47186 Valladolid;Mujeres;2002;165603
47;Valladolid;47186 Valladolid;Mujeres;2001;165484
47;Valladolid;47186 Valladolid;Mujeres;2000;165837
47;Valladolid;47186 Valladolid;Mujeres;1999;166076
47;Valladolid;47186 Valladolid;Mujeres;1998;165880
47;Valladolid;47186 Valladolid;Mujeres;1997;
47;Valladolid;47186 Valladolid;Mujeres;1996;165656
47;Valladolid;47184 Valoria la Buena;Total;2023;704
47;Valladolid;47184 Valoria la Buena;Total;2022;683
47;Valladolid;47184 Valoria la Buena;Total;2021;678
47;Valladolid;47184 Valoria la Buena;Total;2020;630
47;Valladolid;47184 Valoria la Buena;Total;2019;629
47;Valladolid;47184 Valoria la Buena;Total;2018;647
47;Valladolid;47184 Valoria la Buena;Total;2017;668
47;Valladolid;47184 Valoria la Buena;Total;2016;658
47;Valladolid;47184 Valoria la Buena;Total;2015;680
47;Valladolid;47184 Valoria la Buena;Total;2014;685
47;Valladolid;47184 Valoria la Buena;Total;2013;692
47;Valladolid;47184 Valoria la Buena;Total;2012;698
47;Valladolid;47184 Valoria la Buena;Total;2011;696
47;Valladolid;47184 Valoria la Buena;Total;2010;699
47;Valladolid;47184 Valoria la Buena;Total;2009;698
47;Valladolid;47184 Valoria la Buena;Total;2008;667
47;Valladolid;47184 Valoria la Buena;Total;2007;640
47;Valladolid;47184 Valoria la Buena;Total;2006;637
47;Valladolid;47184 Valoria la Buena;Total;2005;661
47;Valladolid;47184 Valoria la Buena;Total;2004;666
47;Valladolid;47184 Valoria la Buena;Total;2003;659
47;Valladolid;47184 Valoria la Buena;Total;2002;643
47;Valladolid;47184 Valoria la Buena;Total;2001;635
47;Valladolid;47184 Valoria la Buena;Total;2000;648
47;Valladolid;47184 Valoria la Buena;Total;1999;651
47;Valladolid;47184 Valoria la Buena;Total;1998;651
47;Valladolid;47184 Valoria la Buena;Total;1997;
47;Valladolid;47184 Valoria la Buena;Total;1996;683
47;Valladolid;47184 Valoria la Buena;Hombres;2023;384
47;Valladolid;47184 Valoria la Buena;Hombres;2022;372
47;Valladolid;47184 Valoria la Buena;Hombres;2021;373
47;Valladolid;47184 Valoria la Buena;Hombres;2020;342
47;Valladolid;47184 Valoria la Buena;Hombres;2019;339
47;Valladolid;47184 Valoria la Buena;Hombres;2018;348
47;Valladolid;47184 Valoria la Buena;Hombres;2017;354
47;Valladolid;47184 Valoria la Buena;Hombres;2016;345
47;Valladolid;47184 Valoria la Buena;Hombres;2015;359
47;Valladolid;47184 Valoria la Buena;Hombres;2014;363
47;Valladolid;47184 Valoria la Buena;Hombres;2013;368
47;Valladolid;47184 Valoria la Buena;Hombres;2012;367
47;Valladolid;47184 Valoria la Buena;Hombres;2011;362
47;Valladolid;47184 Valoria la Buena;Hombres;2010;361
47;Valladolid;47184 Valoria la Buena;Hombres;2009;360
47;Valladolid;47184 Valoria la Buena;Hombres;2008;354
47;Valladolid;47184 Valoria la Buena;Hombres;2007;338
47;Valladolid;47184 Valoria la Buena;Hombres;2006;334
47;Valladolid;47184 Valoria la Buena;Hombres;2005;356
47;Valladolid;47184 Valoria la Buena;Hombres;2004;352
47;Valladolid;47184 Valoria la Buena;Hombres;2003;349
47;Valladolid;47184 Valoria la Buena;Hombres;2002;333
47;Valladolid;47184 Valoria la Buena;Hombres;2001;327
47;Valladolid;47184 Valoria la Buena;Hombres;2000;333
47;Valladolid;47184 Valoria la Buena;Hombres;1999;339
47;Valladolid;47184 Valoria la Buena;Hombres;1998;339
47;Valladolid;47184 Valoria la Buena;Hombres;1997;
47;Valladolid;47184 Valoria la Buena;Hombres;1996;353
47;Valladolid;47184 Valoria la Buena;Mujeres;2023;320
47;Valladolid;47184 Valoria la Buena;Mujeres;2022;311
47;Valladolid;47184 Valoria la Buena;Mujeres;2021;305
47;Valladolid;47184 Valoria la Buena;Mujeres;2020;288
47;Valladolid;47184 Valoria la Buena;Mujeres;2019;290
47;Valladolid;47184 Valoria la Buena;Mujeres;2018;299
47;Valladolid;47184 Valoria la Buena;Mujeres;2017;314
47;Valladolid;47184 Valoria la Buena;Mujeres;2016;313
47;Valladolid;47184 Valoria la Buena;Mujeres;2015;321
47;Valladolid;47184 Valoria la Buena;Mujeres;2014;322
47;Valladolid;47184 Valoria la Buena;Mujeres;2013;324
47;Valladolid;47184 Valoria la Buena;Mujeres;2012;331
47;Valladolid;47184 Valoria la Buena;Mujeres;2011;334
47;Valladolid;47184 Valoria la Buena;Mujeres;2010;338
47;Valladolid;47184 Valoria la Buena;Mujeres;2009;338
47;Valladolid;47184 Valoria la Buena;Mujeres;2008;313
47;Valladolid;47184 Valoria la Buena;Mujeres;2007;302
47;Valladolid;47184 Valoria la Buena;Mujeres;2006;303
47;Valladolid;47184 Valoria la Buena;Mujeres;2005;305
47;Valladolid;47184 Valoria la Buena;Mujeres;2004;314
47;Valladolid;47184 Valoria la Buena;Mujeres;2003;310
47;Valladolid;47184 Valoria la Buena;Mujeres;2002;310
47;Valladolid;47184 Valoria la Buena;Mujeres;2001;308
47;Valladolid;47184 Valoria la Buena;Mujeres;2000;315
47;Valladolid;47184 Valoria la Buena;Mujeres;1999;312
47;Valladolid;47184 Valoria la Buena;Mujeres;1998;312
47;Valladolid;47184 Valoria la Buena;Mujeres;1997;
47;Valladolid;47184 Valoria la Buena;Mujeres;1996;330
47;Valladolid;47185 Valverde de Campos;Total;2023;103
47;Valladolid;47185 Valverde de Campos;Total;2022;81
47;Valladolid;47185 Valverde de Campos;Total;2021;88
47;Valladolid;47185 Valverde de Campos;Total;2020;91
47;Valladolid;47185 Valverde de Campos;Total;2019;95
47;Valladolid;47185 Valverde de Campos;Total;2018;100
47;Valladolid;47185 Valverde de Campos;Total;2017;104
47;Valladolid;47185 Valverde de Campos;Total;2016;103
47;Valladolid;47185 Valverde de Campos;Total;2015;106
47;Valladolid;47185 Valverde de Campos;Total;2014;109
47;Valladolid;47185 Valverde de Campos;Total;2013;108
47;Valladolid;47185 Valverde de Campos;Total;2012;115
47;Valladolid;47185 Valverde de Campos;Total;2011;120
47;Valladolid;47185 Valverde de Campos;Total;2010;121
47;Valladolid;47185 Valverde de Campos;Total;2009;122
47;Valladolid;47185 Valverde de Campos;Total;2008;123
47;Valladolid;47185 Valverde de Campos;Total;2007;120
47;Valladolid;47185 Valverde de Campos;Total;2006;120
47;Valladolid;47185 Valverde de Campos;Total;2005;124
47;Valladolid;47185 Valverde de Campos;Total;2004;115
47;Valladolid;47185 Valverde de Campos;Total;2003;108
47;Valladolid;47185 Valverde de Campos;Total;2002;116
47;Valladolid;47185 Valverde de Campos;Total;2001;117
47;Valladolid;47185 Valverde de Campos;Total;2000;119
47;Valladolid;47185 Valverde de Campos;Total;1999;118
47;Valladolid;47185 Valverde de Campos;Total;1998;117
47;Valladolid;47185 Valverde de Campos;Total;1997;
47;Valladolid;47185 Valverde de Campos;Total;1996;123
47;Valladolid;47185 Valverde de Campos;Hombres;2023;58
47;Valladolid;47185 Valverde de Campos;Hombres;2022;47
47;Valladolid;47185 Valverde de Campos;Hombres;2021;52
47;Valladolid;47185 Valverde de Campos;Hombres;2020;55
47;Valladolid;47185 Valverde de Campos;Hombres;2019;56
47;Valladolid;47185 Valverde de Campos;Hombres;2018;60
47;Valladolid;47185 Valverde de Campos;Hombres;2017;63
47;Valladolid;47185 Valverde de Campos;Hombres;2016;62
47;Valladolid;47185 Valverde de Campos;Hombres;2015;64
47;Valladolid;47185 Valverde de Campos;Hombres;2014;67
47;Valladolid;47185 Valverde de Campos;Hombres;2013;66
47;Valladolid;47185 Valverde de Campos;Hombres;2012;68
47;Valladolid;47185 Valverde de Campos;Hombres;2011;67
47;Valladolid;47185 Valverde de Campos;Hombres;2010;65
47;Valladolid;47185 Valverde de Campos;Hombres;2009;65
47;Valladolid;47185 Valverde de Campos;Hombres;2008;68
47;Valladolid;47185 Valverde de Campos;Hombres;2007;63
47;Valladolid;47185 Valverde de Campos;Hombres;2006;63
47;Valladolid;47185 Valverde de Campos;Hombres;2005;67
47;Valladolid;47185 Valverde de Campos;Hombres;2004;64
47;Valladolid;47185 Valverde de Campos;Hombres;2003;62
47;Valladolid;47185 Valverde de Campos;Hombres;2002;65
47;Valladolid;47185 Valverde de Campos;Hombres;2001;64
47;Valladolid;47185 Valverde de Campos;Hombres;2000;64
47;Valladolid;47185 Valverde de Campos;Hombres;1999;62
47;Valladolid;47185 Valverde de Campos;Hombres;1998;62
47;Valladolid;47185 Valverde de Campos;Hombres;1997;
47;Valladolid;47185 Valverde de Campos;Hombres;1996;65
47;Valladolid;47185 Valverde de Campos;Mujeres;2023;45
47;Valladolid;47185 Valverde de Campos;Mujeres;2022;34
47;Valladolid;47185 Valverde de Campos;Mujeres;2021;36
47;Valladolid;47185 Valverde de Campos;Mujeres;2020;36
47;Valladolid;47185 Valverde de Campos;Mujeres;2019;39
47;Valladolid;47185 Valverde de Campos;Mujeres;2018;40
47;Valladolid;47185 Valverde de Campos;Mujeres;2017;41
47;Valladolid;47185 Valverde de Campos;Mujeres;2016;41
47;Valladolid;47185 Valverde de Campos;Mujeres;2015;42
47;Valladolid;47185 Valverde de Campos;Mujeres;2014;42
47;Valladolid;47185 Valverde de Campos;Mujeres;2013;42
47;Valladolid;47185 Valverde de Campos;Mujeres;2012;47
47;Valladolid;47185 Valverde de Campos;Mujeres;2011;53
47;Valladolid;47185 Valverde de Campos;Mujeres;2010;56
47;Valladolid;47185 Valverde de Campos;Mujeres;2009;57
47;Valladolid;47185 Valverde de Campos;Mujeres;2008;55
47;Valladolid;47185 Valverde de Campos;Mujeres;2007;57
47;Valladolid;47185 Valverde de Campos;Mujeres;2006;57
47;Valladolid;47185 Valverde de Campos;Mujeres;2005;57
47;Valladolid;47185 Valverde de Campos;Mujeres;2004;51
47;Valladolid;47185 Valverde de Campos;Mujeres;2003;46
47;Valladolid;47185 Valverde de Campos;Mujeres;2002;51
47;Valladolid;47185 Valverde de Campos;Mujeres;2001;53
47;Valladolid;47185 Valverde de Campos;Mujeres;2000;55
47;Valladolid;47185 Valverde de Campos;Mujeres;1999;56
47;Valladolid;47185 Valverde de Campos;Mujeres;1998;55
47;Valladolid;47185 Valverde de Campos;Mujeres;1997;
47;Valladolid;47185 Valverde de Campos;Mujeres;1996;58
47;Valladolid;47187 Vega de Ruiponce;Total;2023;80
47;Valladolid;47187 Vega de Ruiponce;Total;2022;86
47;Valladolid;47187 Vega de Ruiponce;Total;2021;85
47;Valladolid;47187 Vega de Ruiponce;Total;2020;89
47;Valladolid;47187 Vega de Ruiponce;Total;2019;90
47;Valladolid;47187 Vega de Ruiponce;Total;2018;94
47;Valladolid;47187 Vega de Ruiponce;Total;2017;100
47;Valladolid;47187 Vega de Ruiponce;Total;2016;100
47;Valladolid;47187 Vega de Ruiponce;Total;2015;106
47;Valladolid;47187 Vega de Ruiponce;Total;2014;118
47;Valladolid;47187 Vega de Ruiponce;Total;2013;121
47;Valladolid;47187 Vega de Ruiponce;Total;2012;120
47;Valladolid;47187 Vega de Ruiponce;Total;2011;118
47;Valladolid;47187 Vega de Ruiponce;Total;2010;117
47;Valladolid;47187 Vega de Ruiponce;Total;2009;117
47;Valladolid;47187 Vega de Ruiponce;Total;2008;121
47;Valladolid;47187 Vega de Ruiponce;Total;2007;123
47;Valladolid;47187 Vega de Ruiponce;Total;2006;129
47;Valladolid;47187 Vega de Ruiponce;Total;2005;122
47;Valladolid;47187 Vega de Ruiponce;Total;2004;129
47;Valladolid;47187 Vega de Ruiponce;Total;2003;123
47;Valladolid;47187 Vega de Ruiponce;Total;2002;124
47;Valladolid;47187 Vega de Ruiponce;Total;2001;131
47;Valladolid;47187 Vega de Ruiponce;Total;2000;137
47;Valladolid;47187 Vega de Ruiponce;Total;1999;143
47;Valladolid;47187 Vega de Ruiponce;Total;1998;146
47;Valladolid;47187 Vega de Ruiponce;Total;1997;
47;Valladolid;47187 Vega de Ruiponce;Total;1996;151
47;Valladolid;47187 Vega de Ruiponce;Hombres;2023;47
47;Valladolid;47187 Vega de Ruiponce;Hombres;2022;51
47;Valladolid;47187 Vega de Ruiponce;Hombres;2021;51
47;Valladolid;47187 Vega de Ruiponce;Hombres;2020;55
47;Valladolid;47187 Vega de Ruiponce;Hombres;2019;53
47;Valladolid;47187 Vega de Ruiponce;Hombres;2018;57
47;Valladolid;47187 Vega de Ruiponce;Hombres;2017;62
47;Valladolid;47187 Vega de Ruiponce;Hombres;2016;60
47;Valladolid;47187 Vega de Ruiponce;Hombres;2015;64
47;Valladolid;47187 Vega de Ruiponce;Hombres;2014;69
47;Valladolid;47187 Vega de Ruiponce;Hombres;2013;70
47;Valladolid;47187 Vega de Ruiponce;Hombres;2012;68
47;Valladolid;47187 Vega de Ruiponce;Hombres;2011;66
47;Valladolid;47187 Vega de Ruiponce;Hombres;2010;67
47;Valladolid;47187 Vega de Ruiponce;Hombres;2009;64
47;Valladolid;47187 Vega de Ruiponce;Hombres;2008;66
47;Valladolid;47187 Vega de Ruiponce;Hombres;2007;66
47;Valladolid;47187 Vega de Ruiponce;Hombres;2006;69
47;Valladolid;47187 Vega de Ruiponce;Hombres;2005;63
47;Valladolid;47187 Vega de Ruiponce;Hombres;2004;66
47;Valladolid;47187 Vega de Ruiponce;Hombres;2003;63
47;Valladolid;47187 Vega de Ruiponce;Hombres;2002;62
47;Valladolid;47187 Vega de Ruiponce;Hombres;2001;64
47;Valladolid;47187 Vega de Ruiponce;Hombres;2000;66
47;Valladolid;47187 Vega de Ruiponce;Hombres;1999;68
47;Valladolid;47187 Vega de Ruiponce;Hombres;1998;70
47;Valladolid;47187 Vega de Ruiponce;Hombres;1997;
47;Valladolid;47187 Vega de Ruiponce;Hombres;1996;72
47;Valladolid;47187 Vega de Ruiponce;Mujeres;2023;33
47;Valladolid;47187 Vega de Ruiponce;Mujeres;2022;35
47;Valladolid;47187 Vega de Ruiponce;Mujeres;2021;34
47;Valladolid;47187 Vega de Ruiponce;Mujeres;2020;34
47;Valladolid;47187 Vega de Ruiponce;Mujeres;2019;37
47;Valladolid;47187 Vega de Ruiponce;Mujeres;2018;37
47;Valladolid;47187 Vega de Ruiponce;Mujeres;2017;38
47;Valladolid;47187 Vega de Ruiponce;Mujeres;2016;40
47;Valladolid;47187 Vega de Ruiponce;Mujeres;2015;42
47;Valladolid;47187 Vega de Ruiponce;Mujeres;2014;49
47;Valladolid;47187 Vega de Ruiponce;Mujeres;2013;51
47;Valladolid;47187 Vega de Ruiponce;Mujeres;2012;52
47;Valladolid;47187 Vega de Ruiponce;Mujeres;2011;52
47;Valladolid;47187 Vega de Ruiponce;Mujeres;2010;50
47;Valladolid;47187 Vega de Ruiponce;Mujeres;2009;53
47;Valladolid;47187 Vega de Ruiponce;Mujeres;2008;55
47;Valladolid;47187 Vega de Ruiponce;Mujeres;2007;57
47;Valladolid;47187 Vega de Ruiponce;Mujeres;2006;60
47;Valladolid;47187 Vega de Ruiponce;Mujeres;2005;59
47;Valladolid;47187 Vega de Ruiponce;Mujeres;2004;63
47;Valladolid;47187 Vega de Ruiponce;Mujeres;2003;60
47;Valladolid;47187 Vega de Ruiponce;Mujeres;2002;62
47;Valladolid;47187 Vega de Ruiponce;Mujeres;2001;67
47;Valladolid;47187 Vega de Ruiponce;Mujeres;2000;71
47;Valladolid;47187 Vega de Ruiponce;Mujeres;1999;75
47;Valladolid;47187 Vega de Ruiponce;Mujeres;1998;76
47;Valladolid;47187 Vega de Ruiponce;Mujeres;1997;
47;Valladolid;47187 Vega de Ruiponce;Mujeres;1996;79
47;Valladolid;47188 Vega de Valdetronco;Total;2023;91
47;Valladolid;47188 Vega de Valdetronco;Total;2022;92
47;Valladolid;47188 Vega de Valdetronco;Total;2021;96
47;Valladolid;47188 Vega de Valdetronco;Total;2020;118
47;Valladolid;47188 Vega de Valdetronco;Total;2019;118
47;Valladolid;47188 Vega de Valdetronco;Total;2018;108
47;Valladolid;47188 Vega de Valdetronco;Total;2017;109
47;Valladolid;47188 Vega de Valdetronco;Total;2016;115
47;Valladolid;47188 Vega de Valdetronco;Total;2015;120
47;Valladolid;47188 Vega de Valdetronco;Total;2014;124
47;Valladolid;47188 Vega de Valdetronco;Total;2013;127
47;Valladolid;47188 Vega de Valdetronco;Total;2012;130
47;Valladolid;47188 Vega de Valdetronco;Total;2011;133
47;Valladolid;47188 Vega de Valdetronco;Total;2010;138
47;Valladolid;47188 Vega de Valdetronco;Total;2009;144
47;Valladolid;47188 Vega de Valdetronco;Total;2008;146
47;Valladolid;47188 Vega de Valdetronco;Total;2007;147
47;Valladolid;47188 Vega de Valdetronco;Total;2006;158
47;Valladolid;47188 Vega de Valdetronco;Total;2005;164
47;Valladolid;47188 Vega de Valdetronco;Total;2004;162
47;Valladolid;47188 Vega de Valdetronco;Total;2003;163
47;Valladolid;47188 Vega de Valdetronco;Total;2002;170
47;Valladolid;47188 Vega de Valdetronco;Total;2001;183
47;Valladolid;47188 Vega de Valdetronco;Total;2000;190
47;Valladolid;47188 Vega de Valdetronco;Total;1999;196
47;Valladolid;47188 Vega de Valdetronco;Total;1998;196
47;Valladolid;47188 Vega de Valdetronco;Total;1997;
47;Valladolid;47188 Vega de Valdetronco;Total;1996;199
47;Valladolid;47188 Vega de Valdetronco;Hombres;2023;51
47;Valladolid;47188 Vega de Valdetronco;Hombres;2022;51
47;Valladolid;47188 Vega de Valdetronco;Hombres;2021;53
47;Valladolid;47188 Vega de Valdetronco;Hombres;2020;64
47;Valladolid;47188 Vega de Valdetronco;Hombres;2019;64
47;Valladolid;47188 Vega de Valdetronco;Hombres;2018;59
47;Valladolid;47188 Vega de Valdetronco;Hombres;2017;62
47;Valladolid;47188 Vega de Valdetronco;Hombres;2016;65
47;Valladolid;47188 Vega de Valdetronco;Hombres;2015;67
47;Valladolid;47188 Vega de Valdetronco;Hombres;2014;70
47;Valladolid;47188 Vega de Valdetronco;Hombres;2013;70
47;Valladolid;47188 Vega de Valdetronco;Hombres;2012;72
47;Valladolid;47188 Vega de Valdetronco;Hombres;2011;73
47;Valladolid;47188 Vega de Valdetronco;Hombres;2010;74
47;Valladolid;47188 Vega de Valdetronco;Hombres;2009;78
47;Valladolid;47188 Vega de Valdetronco;Hombres;2008;79
47;Valladolid;47188 Vega de Valdetronco;Hombres;2007;81
47;Valladolid;47188 Vega de Valdetronco;Hombres;2006;85
47;Valladolid;47188 Vega de Valdetronco;Hombres;2005;90
47;Valladolid;47188 Vega de Valdetronco;Hombres;2004;89
47;Valladolid;47188 Vega de Valdetronco;Hombres;2003;88
47;Valladolid;47188 Vega de Valdetronco;Hombres;2002;92
47;Valladolid;47188 Vega de Valdetronco;Hombres;2001;98
47;Valladolid;47188 Vega de Valdetronco;Hombres;2000;103
47;Valladolid;47188 Vega de Valdetronco;Hombres;1999;104
47;Valladolid;47188 Vega de Valdetronco;Hombres;1998;104
47;Valladolid;47188 Vega de Valdetronco;Hombres;1997;
47;Valladolid;47188 Vega de Valdetronco;Hombres;1996;102
47;Valladolid;47188 Vega de Valdetronco;Mujeres;2023;40
47;Valladolid;47188 Vega de Valdetronco;Mujeres;2022;41
47;Valladolid;47188 Vega de Valdetronco;Mujeres;2021;43
47;Valladolid;47188 Vega de Valdetronco;Mujeres;2020;54
47;Valladolid;47188 Vega de Valdetronco;Mujeres;2019;54
47;Valladolid;47188 Vega de Valdetronco;Mujeres;2018;49
47;Valladolid;47188 Vega de Valdetronco;Mujeres;2017;47
47;Valladolid;47188 Vega de Valdetronco;Mujeres;2016;50
47;Valladolid;47188 Vega de Valdetronco;Mujeres;2015;53
47;Valladolid;47188 Vega de Valdetronco;Mujeres;2014;54
47;Valladolid;47188 Vega de Valdetronco;Mujeres;2013;57
47;Valladolid;47188 Vega de Valdetronco;Mujeres;2012;58
47;Valladolid;47188 Vega de Valdetronco;Mujeres;2011;60
47;Valladolid;47188 Vega de Valdetronco;Mujeres;2010;64
47;Valladolid;47188 Vega de Valdetronco;Mujeres;2009;66
47;Valladolid;47188 Vega de Valdetronco;Mujeres;2008;67
47;Valladolid;47188 Vega de Valdetronco;Mujeres;2007;66
47;Valladolid;47188 Vega de Valdetronco;Mujeres;2006;73
47;Valladolid;47188 Vega de Valdetronco;Mujeres;2005;74
47;Valladolid;47188 Vega de Valdetronco;Mujeres;2004;73
47;Valladolid;47188 Vega de Valdetronco;Mujeres;2003;75
47;Valladolid;47188 Vega de Valdetronco;Mujeres;2002;78
47;Valladolid;47188 Vega de Valdetronco;Mujeres;2001;85
47;Valladolid;47188 Vega de Valdetronco;Mujeres;2000;87
47;Valladolid;47188 Vega de Valdetronco;Mujeres;1999;92
47;Valladolid;47188 Vega de Valdetronco;Mujeres;1998;92
47;Valladolid;47188 Vega de Valdetronco;Mujeres;1997;
47;Valladolid;47188 Vega de Valdetronco;Mujeres;1996;97
47;Valladolid;47189 Velascálvaro;Total;2023;163
47;Valladolid;47189 Velascálvaro;Total;2022;163
47;Valladolid;47189 Velascálvaro;Total;2021;168
47;Valladolid;47189 Velascálvaro;Total;2020;165
47;Valladolid;47189 Velascálvaro;Total;2019;163
47;Valladolid;47189 Velascálvaro;Total;2018;162
47;Valladolid;47189 Velascálvaro;Total;2017;166
47;Valladolid;47189 Velascálvaro;Total;2016;172
47;Valladolid;47189 Velascálvaro;Total;2015;171
47;Valladolid;47189 Velascálvaro;Total;2014;178
47;Valladolid;47189 Velascálvaro;Total;2013;177
47;Valladolid;47189 Velascálvaro;Total;2012;182
47;Valladolid;47189 Velascálvaro;Total;2011;186
47;Valladolid;47189 Velascálvaro;Total;2010;195
47;Valladolid;47189 Velascálvaro;Total;2009;197
47;Valladolid;47189 Velascálvaro;Total;2008;199
47;Valladolid;47189 Velascálvaro;Total;2007;198
47;Valladolid;47189 Velascálvaro;Total;2006;199
47;Valladolid;47189 Velascálvaro;Total;2005;196
47;Valladolid;47189 Velascálvaro;Total;2004;189
47;Valladolid;47189 Velascálvaro;Total;2003;189
47;Valladolid;47189 Velascálvaro;Total;2002;190
47;Valladolid;47189 Velascálvaro;Total;2001;197
47;Valladolid;47189 Velascálvaro;Total;2000;194
47;Valladolid;47189 Velascálvaro;Total;1999;197
47;Valladolid;47189 Velascálvaro;Total;1998;197
47;Valladolid;47189 Velascálvaro;Total;1997;
47;Valladolid;47189 Velascálvaro;Total;1996;201
47;Valladolid;47189 Velascálvaro;Hombres;2023;85
47;Valladolid;47189 Velascálvaro;Hombres;2022;85
47;Valladolid;47189 Velascálvaro;Hombres;2021;90
47;Valladolid;47189 Velascálvaro;Hombres;2020;92
47;Valladolid;47189 Velascálvaro;Hombres;2019;90
47;Valladolid;47189 Velascálvaro;Hombres;2018;90
47;Valladolid;47189 Velascálvaro;Hombres;2017;92
47;Valladolid;47189 Velascálvaro;Hombres;2016;94
47;Valladolid;47189 Velascálvaro;Hombres;2015;94
47;Valladolid;47189 Velascálvaro;Hombres;2014;99
47;Valladolid;47189 Velascálvaro;Hombres;2013;101
47;Valladolid;47189 Velascálvaro;Hombres;2012;104
47;Valladolid;47189 Velascálvaro;Hombres;2011;106
47;Valladolid;47189 Velascálvaro;Hombres;2010;110
47;Valladolid;47189 Velascálvaro;Hombres;2009;110
47;Valladolid;47189 Velascálvaro;Hombres;2008;110
47;Valladolid;47189 Velascálvaro;Hombres;2007;106
47;Valladolid;47189 Velascálvaro;Hombres;2006;109
47;Valladolid;47189 Velascálvaro;Hombres;2005;107
47;Valladolid;47189 Velascálvaro;Hombres;2004;104
47;Valladolid;47189 Velascálvaro;Hombres;2003;104
47;Valladolid;47189 Velascálvaro;Hombres;2002;104
47;Valladolid;47189 Velascálvaro;Hombres;2001;103
47;Valladolid;47189 Velascálvaro;Hombres;2000;101
47;Valladolid;47189 Velascálvaro;Hombres;1999;102
47;Valladolid;47189 Velascálvaro;Hombres;1998;102
47;Valladolid;47189 Velascálvaro;Hombres;1997;
47;Valladolid;47189 Velascálvaro;Hombres;1996;106
47;Valladolid;47189 Velascálvaro;Mujeres;2023;78
47;Valladolid;47189 Velascálvaro;Mujeres;2022;78
47;Valladolid;47189 Velascálvaro;Mujeres;2021;78
47;Valladolid;47189 Velascálvaro;Mujeres;2020;73
47;Valladolid;47189 Velascálvaro;Mujeres;2019;73
47;Valladolid;47189 Velascálvaro;Mujeres;2018;72
47;Valladolid;47189 Velascálvaro;Mujeres;2017;74
47;Valladolid;47189 Velascálvaro;Mujeres;2016;78
47;Valladolid;47189 Velascálvaro;Mujeres;2015;77
47;Valladolid;47189 Velascálvaro;Mujeres;2014;79
47;Valladolid;47189 Velascálvaro;Mujeres;2013;76
47;Valladolid;47189 Velascálvaro;Mujeres;2012;78
47;Valladolid;47189 Velascálvaro;Mujeres;2011;80
47;Valladolid;47189 Velascálvaro;Mujeres;2010;85
47;Valladolid;47189 Velascálvaro;Mujeres;2009;87
47;Valladolid;47189 Velascálvaro;Mujeres;2008;89
47;Valladolid;47189 Velascálvaro;Mujeres;2007;92
47;Valladolid;47189 Velascálvaro;Mujeres;2006;90
47;Valladolid;47189 Velascálvaro;Mujeres;2005;89
47;Valladolid;47189 Velascálvaro;Mujeres;2004;85
47;Valladolid;47189 Velascálvaro;Mujeres;2003;85
47;Valladolid;47189 Velascálvaro;Mujeres;2002;86
47;Valladolid;47189 Velascálvaro;Mujeres;2001;94
47;Valladolid;47189 Velascálvaro;Mujeres;2000;93
47;Valladolid;47189 Velascálvaro;Mujeres;1999;95
47;Valladolid;47189 Velascálvaro;Mujeres;1998;95
47;Valladolid;47189 Velascálvaro;Mujeres;1997;
47;Valladolid;47189 Velascálvaro;Mujeres;1996;95
47;Valladolid;47190 Velilla;Total;2023;112
47;Valladolid;47190 Velilla;Total;2022;114
47;Valladolid;47190 Velilla;Total;2021;115
47;Valladolid;47190 Velilla;Total;2020;114
47;Valladolid;47190 Velilla;Total;2019;110
47;Valladolid;47190 Velilla;Total;2018;113
47;Valladolid;47190 Velilla;Total;2017;113
47;Valladolid;47190 Velilla;Total;2016;114
47;Valladolid;47190 Velilla;Total;2015;111
47;Valladolid;47190 Velilla;Total;2014;114
47;Valladolid;47190 Velilla;Total;2013;114
47;Valladolid;47190 Velilla;Total;2012;122
47;Valladolid;47190 Velilla;Total;2011;124
47;Valladolid;47190 Velilla;Total;2010;126
47;Valladolid;47190 Velilla;Total;2009;127
47;Valladolid;47190 Velilla;Total;2008;133
47;Valladolid;47190 Velilla;Total;2007;135
47;Valladolid;47190 Velilla;Total;2006;132
47;Valladolid;47190 Velilla;Total;2005;141
47;Valladolid;47190 Velilla;Total;2004;138
47;Valladolid;47190 Velilla;Total;2003;148
47;Valladolid;47190 Velilla;Total;2002;150
47;Valladolid;47190 Velilla;Total;2001;150
47;Valladolid;47190 Velilla;Total;2000;152
47;Valladolid;47190 Velilla;Total;1999;153
47;Valladolid;47190 Velilla;Total;1998;155
47;Valladolid;47190 Velilla;Total;1997;
47;Valladolid;47190 Velilla;Total;1996;161
47;Valladolid;47190 Velilla;Hombres;2023;56
47;Valladolid;47190 Velilla;Hombres;2022;57
47;Valladolid;47190 Velilla;Hombres;2021;58
47;Valladolid;47190 Velilla;Hombres;2020;57
47;Valladolid;47190 Velilla;Hombres;2019;54
47;Valladolid;47190 Velilla;Hombres;2018;54
47;Valladolid;47190 Velilla;Hombres;2017;53
47;Valladolid;47190 Velilla;Hombres;2016;55
47;Valladolid;47190 Velilla;Hombres;2015;55
47;Valladolid;47190 Velilla;Hombres;2014;57
47;Valladolid;47190 Velilla;Hombres;2013;58
47;Valladolid;47190 Velilla;Hombres;2012;62
47;Valladolid;47190 Velilla;Hombres;2011;63
47;Valladolid;47190 Velilla;Hombres;2010;64
47;Valladolid;47190 Velilla;Hombres;2009;64
47;Valladolid;47190 Velilla;Hombres;2008;67
47;Valladolid;47190 Velilla;Hombres;2007;69
47;Valladolid;47190 Velilla;Hombres;2006;67
47;Valladolid;47190 Velilla;Hombres;2005;69
47;Valladolid;47190 Velilla;Hombres;2004;69
47;Valladolid;47190 Velilla;Hombres;2003;72
47;Valladolid;47190 Velilla;Hombres;2002;73
47;Valladolid;47190 Velilla;Hombres;2001;76
47;Valladolid;47190 Velilla;Hombres;2000;78
47;Valladolid;47190 Velilla;Hombres;1999;78
47;Valladolid;47190 Velilla;Hombres;1998;81
47;Valladolid;47190 Velilla;Hombres;1997;
47;Valladolid;47190 Velilla;Hombres;1996;81
47;Valladolid;47190 Velilla;Mujeres;2023;56
47;Valladolid;47190 Velilla;Mujeres;2022;57
47;Valladolid;47190 Velilla;Mujeres;2021;57
47;Valladolid;47190 Velilla;Mujeres;2020;57
47;Valladolid;47190 Velilla;Mujeres;2019;56
47;Valladolid;47190 Velilla;Mujeres;2018;59
47;Valladolid;47190 Velilla;Mujeres;2017;60
47;Valladolid;47190 Velilla;Mujeres;2016;59
47;Valladolid;47190 Velilla;Mujeres;2015;56
47;Valladolid;47190 Velilla;Mujeres;2014;57
47;Valladolid;47190 Velilla;Mujeres;2013;56
47;Valladolid;47190 Velilla;Mujeres;2012;60
47;Valladolid;47190 Velilla;Mujeres;2011;61
47;Valladolid;47190 Velilla;Mujeres;2010;62
47;Valladolid;47190 Velilla;Mujeres;2009;63
47;Valladolid;47190 Velilla;Mujeres;2008;66
47;Valladolid;47190 Velilla;Mujeres;2007;66
47;Valladolid;47190 Velilla;Mujeres;2006;65
47;Valladolid;47190 Velilla;Mujeres;2005;72
47;Valladolid;47190 Velilla;Mujeres;2004;69
47;Valladolid;47190 Velilla;Mujeres;2003;76
47;Valladolid;47190 Velilla;Mujeres;2002;77
47;Valladolid;47190 Velilla;Mujeres;2001;74
47;Valladolid;47190 Velilla;Mujeres;2000;74
47;Valladolid;47190 Velilla;Mujeres;1999;75
47;Valladolid;47190 Velilla;Mujeres;1998;74
47;Valladolid;47190 Velilla;Mujeres;1997;
47;Valladolid;47190 Velilla;Mujeres;1996;80
47;Valladolid;47191 Velliza;Total;2023;126
47;Valladolid;47191 Velliza;Total;2022;119
47;Valladolid;47191 Velliza;Total;2021;118
47;Valladolid;47191 Velliza;Total;2020;112
47;Valladolid;47191 Velliza;Total;2019;118
47;Valladolid;47191 Velliza;Total;2018;108
47;Valladolid;47191 Velliza;Total;2017;108
47;Valladolid;47191 Velliza;Total;2016;106
47;Valladolid;47191 Velliza;Total;2015;122
47;Valladolid;47191 Velliza;Total;2014;114
47;Valladolid;47191 Velliza;Total;2013;109
47;Valladolid;47191 Velliza;Total;2012;114
47;Valladolid;47191 Velliza;Total;2011;117
47;Valladolid;47191 Velliza;Total;2010;124
47;Valladolid;47191 Velliza;Total;2009;130
47;Valladolid;47191 Velliza;Total;2008;134
47;Valladolid;47191 Velliza;Total;2007;136
47;Valladolid;47191 Velliza;Total;2006;134
47;Valladolid;47191 Velliza;Total;2005;146
47;Valladolid;47191 Velliza;Total;2004;149
47;Valladolid;47191 Velliza;Total;2003;162
47;Valladolid;47191 Velliza;Total;2002;171
47;Valladolid;47191 Velliza;Total;2001;175
47;Valladolid;47191 Velliza;Total;2000;171
47;Valladolid;47191 Velliza;Total;1999;168
47;Valladolid;47191 Velliza;Total;1998;167
47;Valladolid;47191 Velliza;Total;1997;
47;Valladolid;47191 Velliza;Total;1996;161
47;Valladolid;47191 Velliza;Hombres;2023;82
47;Valladolid;47191 Velliza;Hombres;2022;78
47;Valladolid;47191 Velliza;Hombres;2021;77
47;Valladolid;47191 Velliza;Hombres;2020;74
47;Valladolid;47191 Velliza;Hombres;2019;74
47;Valladolid;47191 Velliza;Hombres;2018;69
47;Valladolid;47191 Velliza;Hombres;2017;69
47;Valladolid;47191 Velliza;Hombres;2016;68
47;Valladolid;47191 Velliza;Hombres;2015;76
47;Valladolid;47191 Velliza;Hombres;2014;69
47;Valladolid;47191 Velliza;Hombres;2013;66
47;Valladolid;47191 Velliza;Hombres;2012;67
47;Valladolid;47191 Velliza;Hombres;2011;69
47;Valladolid;47191 Velliza;Hombres;2010;73
47;Valladolid;47191 Velliza;Hombres;2009;78
47;Valladolid;47191 Velliza;Hombres;2008;79
47;Valladolid;47191 Velliza;Hombres;2007;80
47;Valladolid;47191 Velliza;Hombres;2006;82
47;Valladolid;47191 Velliza;Hombres;2005;90
47;Valladolid;47191 Velliza;Hombres;2004;93
47;Valladolid;47191 Velliza;Hombres;2003;100
47;Valladolid;47191 Velliza;Hombres;2002;105
47;Valladolid;47191 Velliza;Hombres;2001;104
47;Valladolid;47191 Velliza;Hombres;2000;101
47;Valladolid;47191 Velliza;Hombres;1999;96
47;Valladolid;47191 Velliza;Hombres;1998;95
47;Valladolid;47191 Velliza;Hombres;1997;
47;Valladolid;47191 Velliza;Hombres;1996;91
47;Valladolid;47191 Velliza;Mujeres;2023;44
47;Valladolid;47191 Velliza;Mujeres;2022;41
47;Valladolid;47191 Velliza;Mujeres;2021;41
47;Valladolid;47191 Velliza;Mujeres;2020;38
47;Valladolid;47191 Velliza;Mujeres;2019;44
47;Valladolid;47191 Velliza;Mujeres;2018;39
47;Valladolid;47191 Velliza;Mujeres;2017;39
47;Valladolid;47191 Velliza;Mujeres;2016;38
47;Valladolid;47191 Velliza;Mujeres;2015;46
47;Valladolid;47191 Velliza;Mujeres;2014;45
47;Valladolid;47191 Velliza;Mujeres;2013;43
47;Valladolid;47191 Velliza;Mujeres;2012;47
47;Valladolid;47191 Velliza;Mujeres;2011;48
47;Valladolid;47191 Velliza;Mujeres;2010;51
47;Valladolid;47191 Velliza;Mujeres;2009;52
47;Valladolid;47191 Velliza;Mujeres;2008;55
47;Valladolid;47191 Velliza;Mujeres;2007;56
47;Valladolid;47191 Velliza;Mujeres;2006;52
47;Valladolid;47191 Velliza;Mujeres;2005;56
47;Valladolid;47191 Velliza;Mujeres;2004;56
47;Valladolid;47191 Velliza;Mujeres;2003;62
47;Valladolid;47191 Velliza;Mujeres;2002;66
47;Valladolid;47191 Velliza;Mujeres;2001;71
47;Valladolid;47191 Velliza;Mujeres;2000;70
47;Valladolid;47191 Velliza;Mujeres;1999;72
47;Valladolid;47191 Velliza;Mujeres;1998;72
47;Valladolid;47191 Velliza;Mujeres;1997;
47;Valladolid;47191 Velliza;Mujeres;1996;70
47;Valladolid;47192 Ventosa de la Cuesta;Total;2023;108
47;Valladolid;47192 Ventosa de la Cuesta;Total;2022;99
47;Valladolid;47192 Ventosa de la Cuesta;Total;2021;98
47;Valladolid;47192 Ventosa de la Cuesta;Total;2020;96
47;Valladolid;47192 Ventosa de la Cuesta;Total;2019;103
47;Valladolid;47192 Ventosa de la Cuesta;Total;2018;108
47;Valladolid;47192 Ventosa de la Cuesta;Total;2017;110
47;Valladolid;47192 Ventosa de la Cuesta;Total;2016;121
47;Valladolid;47192 Ventosa de la Cuesta;Total;2015;113
47;Valladolid;47192 Ventosa de la Cuesta;Total;2014;112
47;Valladolid;47192 Ventosa de la Cuesta;Total;2013;122
47;Valladolid;47192 Ventosa de la Cuesta;Total;2012;126
47;Valladolid;47192 Ventosa de la Cuesta;Total;2011;136
47;Valladolid;47192 Ventosa de la Cuesta;Total;2010;141
47;Valladolid;47192 Ventosa de la Cuesta;Total;2009;151
47;Valladolid;47192 Ventosa de la Cuesta;Total;2008;150
47;Valladolid;47192 Ventosa de la Cuesta;Total;2007;141
47;Valladolid;47192 Ventosa de la Cuesta;Total;2006;138
47;Valladolid;47192 Ventosa de la Cuesta;Total;2005;134
47;Valladolid;47192 Ventosa de la Cuesta;Total;2004;135
47;Valladolid;47192 Ventosa de la Cuesta;Total;2003;142
47;Valladolid;47192 Ventosa de la Cuesta;Total;2002;150
47;Valladolid;47192 Ventosa de la Cuesta;Total;2001;157
47;Valladolid;47192 Ventosa de la Cuesta;Total;2000;154
47;Valladolid;47192 Ventosa de la Cuesta;Total;1999;163
47;Valladolid;47192 Ventosa de la Cuesta;Total;1998;164
47;Valladolid;47192 Ventosa de la Cuesta;Total;1997;
47;Valladolid;47192 Ventosa de la Cuesta;Total;1996;167
47;Valladolid;47192 Ventosa de la Cuesta;Hombres;2023;58
47;Valladolid;47192 Ventosa de la Cuesta;Hombres;2022;56
47;Valladolid;47192 Ventosa de la Cuesta;Hombres;2021;57
47;Valladolid;47192 Ventosa de la Cuesta;Hombres;2020;57
47;Valladolid;47192 Ventosa de la Cuesta;Hombres;2019;61
47;Valladolid;47192 Ventosa de la Cuesta;Hombres;2018;63
47;Valladolid;47192 Ventosa de la Cuesta;Hombres;2017;63
47;Valladolid;47192 Ventosa de la Cuesta;Hombres;2016;67
47;Valladolid;47192 Ventosa de la Cuesta;Hombres;2015;63
47;Valladolid;47192 Ventosa de la Cuesta;Hombres;2014;64
47;Valladolid;47192 Ventosa de la Cuesta;Hombres;2013;69
47;Valladolid;47192 Ventosa de la Cuesta;Hombres;2012;71
47;Valladolid;47192 Ventosa de la Cuesta;Hombres;2011;78
47;Valladolid;47192 Ventosa de la Cuesta;Hombres;2010;82
47;Valladolid;47192 Ventosa de la Cuesta;Hombres;2009;90
47;Valladolid;47192 Ventosa de la Cuesta;Hombres;2008;88
47;Valladolid;47192 Ventosa de la Cuesta;Hombres;2007;74
47;Valladolid;47192 Ventosa de la Cuesta;Hombres;2006;75
47;Valladolid;47192 Ventosa de la Cuesta;Hombres;2005;74
47;Valladolid;47192 Ventosa de la Cuesta;Hombres;2004;75
47;Valladolid;47192 Ventosa de la Cuesta;Hombres;2003;76
47;Valladolid;47192 Ventosa de la Cuesta;Hombres;2002;81
47;Valladolid;47192 Ventosa de la Cuesta;Hombres;2001;86
47;Valladolid;47192 Ventosa de la Cuesta;Hombres;2000;86
47;Valladolid;47192 Ventosa de la Cuesta;Hombres;1999;87
47;Valladolid;47192 Ventosa de la Cuesta;Hombres;1998;88
47;Valladolid;47192 Ventosa de la Cuesta;Hombres;1997;
47;Valladolid;47192 Ventosa de la Cuesta;Hombres;1996;89
47;Valladolid;47192 Ventosa de la Cuesta;Mujeres;2023;50
47;Valladolid;47192 Ventosa de la Cuesta;Mujeres;2022;43
47;Valladolid;47192 Ventosa de la Cuesta;Mujeres;2021;41
47;Valladolid;47192 Ventosa de la Cuesta;Mujeres;2020;39
47;Valladolid;47192 Ventosa de la Cuesta;Mujeres;2019;42
47;Valladolid;47192 Ventosa de la Cuesta;Mujeres;2018;45
47;Valladolid;47192 Ventosa de la Cuesta;Mujeres;2017;47
47;Valladolid;47192 Ventosa de la Cuesta;Mujeres;2016;54
47;Valladolid;47192 Ventosa de la Cuesta;Mujeres;2015;50
47;Valladolid;47192 Ventosa de la Cuesta;Mujeres;2014;48
47;Valladolid;47192 Ventosa de la Cuesta;Mujeres;2013;53
47;Valladolid;47192 Ventosa de la Cuesta;Mujeres;2012;55
47;Valladolid;47192 Ventosa de la Cuesta;Mujeres;2011;58
47;Valladolid;47192 Ventosa de la Cuesta;Mujeres;2010;59
47;Valladolid;47192 Ventosa de la Cuesta;Mujeres;2009;61
47;Valladolid;47192 Ventosa de la Cuesta;Mujeres;2008;62
47;Valladolid;47192 Ventosa de la Cuesta;Mujeres;2007;67
47;Valladolid;47192 Ventosa de la Cuesta;Mujeres;2006;63
47;Valladolid;47192 Ventosa de la Cuesta;Mujeres;2005;60
47;Valladolid;47192 Ventosa de la Cuesta;Mujeres;2004;60
47;Valladolid;47192 Ventosa de la Cuesta;Mujeres;2003;66
47;Valladolid;47192 Ventosa de la Cuesta;Mujeres;2002;69
47;Valladolid;47192 Ventosa de la Cuesta;Mujeres;2001;71
47;Valladolid;47192 Ventosa de la Cuesta;Mujeres;2000;68
47;Valladolid;47192 Ventosa de la Cuesta;Mujeres;1999;76
47;Valladolid;47192 Ventosa de la Cuesta;Mujeres;1998;76
47;Valladolid;47192 Ventosa de la Cuesta;Mujeres;1997;
47;Valladolid;47192 Ventosa de la Cuesta;Mujeres;1996;78
47;Valladolid;47193 Viana de Cega;Total;2023;2255
47;Valladolid;47193 Viana de Cega;Total;2022;2194
47;Valladolid;47193 Viana de Cega;Total;2021;2160
47;Valladolid;47193 Viana de Cega;Total;2020;2062
47;Valladolid;47193 Viana de Cega;Total;2019;2032
47;Valladolid;47193 Viana de Cega;Total;2018;2038
47;Valladolid;47193 Viana de Cega;Total;2017;2021
47;Valladolid;47193 Viana de Cega;Total;2016;2009
47;Valladolid;47193 Viana de Cega;Total;2015;2015
47;Valladolid;47193 Viana de Cega;Total;2014;2031
47;Valladolid;47193 Viana de Cega;Total;2013;2019
47;Valladolid;47193 Viana de Cega;Total;2012;1987
47;Valladolid;47193 Viana de Cega;Total;2011;1968
47;Valladolid;47193 Viana de Cega;Total;2010;1962
47;Valladolid;47193 Viana de Cega;Total;2009;1943
47;Valladolid;47193 Viana de Cega;Total;2008;1898
47;Valladolid;47193 Viana de Cega;Total;2007;1864
47;Valladolid;47193 Viana de Cega;Total;2006;1848
47;Valladolid;47193 Viana de Cega;Total;2005;1809
47;Valladolid;47193 Viana de Cega;Total;2004;1716
47;Valladolid;47193 Viana de Cega;Total;2003;1619
47;Valladolid;47193 Viana de Cega;Total;2002;1628
47;Valladolid;47193 Viana de Cega;Total;2001;1586
47;Valladolid;47193 Viana de Cega;Total;2000;1564
47;Valladolid;47193 Viana de Cega;Total;1999;1525
47;Valladolid;47193 Viana de Cega;Total;1998;1404
47;Valladolid;47193 Viana de Cega;Total;1997;
47;Valladolid;47193 Viana de Cega;Total;1996;1337
47;Valladolid;47193 Viana de Cega;Hombres;2023;1170
47;Valladolid;47193 Viana de Cega;Hombres;2022;1143
47;Valladolid;47193 Viana de Cega;Hombres;2021;1126
47;Valladolid;47193 Viana de Cega;Hombres;2020;1071
47;Valladolid;47193 Viana de Cega;Hombres;2019;1054
47;Valladolid;47193 Viana de Cega;Hombres;2018;1065
47;Valladolid;47193 Viana de Cega;Hombres;2017;1068
47;Valladolid;47193 Viana de Cega;Hombres;2016;1058
47;Valladolid;47193 Viana de Cega;Hombres;2015;1053
47;Valladolid;47193 Viana de Cega;Hombres;2014;1060
47;Valladolid;47193 Viana de Cega;Hombres;2013;1051
47;Valladolid;47193 Viana de Cega;Hombres;2012;1029
47;Valladolid;47193 Viana de Cega;Hombres;2011;1022
47;Valladolid;47193 Viana de Cega;Hombres;2010;1015
47;Valladolid;47193 Viana de Cega;Hombres;2009;1001
47;Valladolid;47193 Viana de Cega;Hombres;2008;973
47;Valladolid;47193 Viana de Cega;Hombres;2007;965
47;Valladolid;47193 Viana de Cega;Hombres;2006;953
47;Valladolid;47193 Viana de Cega;Hombres;2005;925
47;Valladolid;47193 Viana de Cega;Hombres;2004;871
47;Valladolid;47193 Viana de Cega;Hombres;2003;829
47;Valladolid;47193 Viana de Cega;Hombres;2002;839
47;Valladolid;47193 Viana de Cega;Hombres;2001;820
47;Valladolid;47193 Viana de Cega;Hombres;2000;798
47;Valladolid;47193 Viana de Cega;Hombres;1999;773
47;Valladolid;47193 Viana de Cega;Hombres;1998;712
47;Valladolid;47193 Viana de Cega;Hombres;1997;
47;Valladolid;47193 Viana de Cega;Hombres;1996;678
47;Valladolid;47193 Viana de Cega;Mujeres;2023;1085
47;Valladolid;47193 Viana de Cega;Mujeres;2022;1051
47;Valladolid;47193 Viana de Cega;Mujeres;2021;1034
47;Valladolid;47193 Viana de Cega;Mujeres;2020;991
47;Valladolid;47193 Viana de Cega;Mujeres;2019;978
47;Valladolid;47193 Viana de Cega;Mujeres;2018;973
47;Valladolid;47193 Viana de Cega;Mujeres;2017;953
47;Valladolid;47193 Viana de Cega;Mujeres;2016;951
47;Valladolid;47193 Viana de Cega;Mujeres;2015;962
47;Valladolid;47193 Viana de Cega;Mujeres;2014;971
47;Valladolid;47193 Viana de Cega;Mujeres;2013;968
47;Valladolid;47193 Viana de Cega;Mujeres;2012;958
47;Valladolid;47193 Viana de Cega;Mujeres;2011;946
47;Valladolid;47193 Viana de Cega;Mujeres;2010;947
47;Valladolid;47193 Viana de Cega;Mujeres;2009;942
47;Valladolid;47193 Viana de Cega;Mujeres;2008;925
47;Valladolid;47193 Viana de Cega;Mujeres;2007;899
47;Valladolid;47193 Viana de Cega;Mujeres;2006;895
47;Valladolid;47193 Viana de Cega;Mujeres;2005;884
47;Valladolid;47193 Viana de Cega;Mujeres;2004;845
47;Valladolid;47193 Viana de Cega;Mujeres;2003;790
47;Valladolid;47193 Viana de Cega;Mujeres;2002;789
47;Valladolid;47193 Viana de Cega;Mujeres;2001;766
47;Valladolid;47193 Viana de Cega;Mujeres;2000;766
47;Valladolid;47193 Viana de Cega;Mujeres;1999;752
47;Valladolid;47193 Viana de Cega;Mujeres;1998;692
47;Valladolid;47193 Viana de Cega;Mujeres;1997;
47;Valladolid;47193 Viana de Cega;Mujeres;1996;659
47;Valladolid;47195 Villabáñez;Total;2023;504
47;Valladolid;47195 Villabáñez;Total;2022;499
47;Valladolid;47195 Villabáñez;Total;2021;492
47;Valladolid;47195 Villabáñez;Total;2020;489
47;Valladolid;47195 Villabáñez;Total;2019;490
47;Valladolid;47195 Villabáñez;Total;2018;504
47;Valladolid;47195 Villabáñez;Total;2017;519
47;Valladolid;47195 Villabáñez;Total;2016;544
47;Valladolid;47195 Villabáñez;Total;2015;549
47;Valladolid;47195 Villabáñez;Total;2014;566
47;Valladolid;47195 Villabáñez;Total;2013;562
47;Valladolid;47195 Villabáñez;Total;2012;537
47;Valladolid;47195 Villabáñez;Total;2011;530
47;Valladolid;47195 Villabáñez;Total;2010;515
47;Valladolid;47195 Villabáñez;Total;2009;535
47;Valladolid;47195 Villabáñez;Total;2008;518
47;Valladolid;47195 Villabáñez;Total;2007;500
47;Valladolid;47195 Villabáñez;Total;2006;489
47;Valladolid;47195 Villabáñez;Total;2005;484
47;Valladolid;47195 Villabáñez;Total;2004;480
47;Valladolid;47195 Villabáñez;Total;2003;476
47;Valladolid;47195 Villabáñez;Total;2002;478
47;Valladolid;47195 Villabáñez;Total;2001;465
47;Valladolid;47195 Villabáñez;Total;2000;477
47;Valladolid;47195 Villabáñez;Total;1999;490
47;Valladolid;47195 Villabáñez;Total;1998;494
47;Valladolid;47195 Villabáñez;Total;1997;
47;Valladolid;47195 Villabáñez;Total;1996;485
47;Valladolid;47195 Villabáñez;Hombres;2023;271
47;Valladolid;47195 Villabáñez;Hombres;2022;270
47;Valladolid;47195 Villabáñez;Hombres;2021;266
47;Valladolid;47195 Villabáñez;Hombres;2020;272
47;Valladolid;47195 Villabáñez;Hombres;2019;269
47;Valladolid;47195 Villabáñez;Hombres;2018;277
47;Valladolid;47195 Villabáñez;Hombres;2017;288
47;Valladolid;47195 Villabáñez;Hombres;2016;304
47;Valladolid;47195 Villabáñez;Hombres;2015;312
47;Valladolid;47195 Villabáñez;Hombres;2014;318
47;Valladolid;47195 Villabáñez;Hombres;2013;309
47;Valladolid;47195 Villabáñez;Hombres;2012;294
47;Valladolid;47195 Villabáñez;Hombres;2011;295
47;Valladolid;47195 Villabáñez;Hombres;2010;283
47;Valladolid;47195 Villabáñez;Hombres;2009;289
47;Valladolid;47195 Villabáñez;Hombres;2008;279
47;Valladolid;47195 Villabáñez;Hombres;2007;273
47;Valladolid;47195 Villabáñez;Hombres;2006;272
47;Valladolid;47195 Villabáñez;Hombres;2005;268
47;Valladolid;47195 Villabáñez;Hombres;2004;265
47;Valladolid;47195 Villabáñez;Hombres;2003;261
47;Valladolid;47195 Villabáñez;Hombres;2002;266
47;Valladolid;47195 Villabáñez;Hombres;2001;253
47;Valladolid;47195 Villabáñez;Hombres;2000;260
47;Valladolid;47195 Villabáñez;Hombres;1999;262
47;Valladolid;47195 Villabáñez;Hombres;1998;264
47;Valladolid;47195 Villabáñez;Hombres;1997;
47;Valladolid;47195 Villabáñez;Hombres;1996;259
47;Valladolid;47195 Villabáñez;Mujeres;2023;233
47;Valladolid;47195 Villabáñez;Mujeres;2022;229
47;Valladolid;47195 Villabáñez;Mujeres;2021;226
47;Valladolid;47195 Villabáñez;Mujeres;2020;217
47;Valladolid;47195 Villabáñez;Mujeres;2019;221
47;Valladolid;47195 Villabáñez;Mujeres;2018;227
47;Valladolid;47195 Villabáñez;Mujeres;2017;231
47;Valladolid;47195 Villabáñez;Mujeres;2016;240
47;Valladolid;47195 Villabáñez;Mujeres;2015;237
47;Valladolid;47195 Villabáñez;Mujeres;2014;248
47;Valladolid;47195 Villabáñez;Mujeres;2013;253
47;Valladolid;47195 Villabáñez;Mujeres;2012;243
47;Valladolid;47195 Villabáñez;Mujeres;2011;235
47;Valladolid;47195 Villabáñez;Mujeres;2010;232
47;Valladolid;47195 Villabáñez;Mujeres;2009;246
47;Valladolid;47195 Villabáñez;Mujeres;2008;239
47;Valladolid;47195 Villabáñez;Mujeres;2007;227
47;Valladolid;47195 Villabáñez;Mujeres;2006;217
47;Valladolid;47195 Villabáñez;Mujeres;2005;216
47;Valladolid;47195 Villabáñez;Mujeres;2004;215
47;Valladolid;47195 Villabáñez;Mujeres;2003;215
47;Valladolid;47195 Villabáñez;Mujeres;2002;212
47;Valladolid;47195 Villabáñez;Mujeres;2001;212
47;Valladolid;47195 Villabáñez;Mujeres;2000;217
47;Valladolid;47195 Villabáñez;Mujeres;1999;228
47;Valladolid;47195 Villabáñez;Mujeres;1998;230
47;Valladolid;47195 Villabáñez;Mujeres;1997;
47;Valladolid;47195 Villabáñez;Mujeres;1996;226
47;Valladolid;47196 Villabaruz de Campos;Total;2023;27
47;Valladolid;47196 Villabaruz de Campos;Total;2022;27
47;Valladolid;47196 Villabaruz de Campos;Total;2021;26
47;Valladolid;47196 Villabaruz de Campos;Total;2020;30
47;Valladolid;47196 Villabaruz de Campos;Total;2019;29
47;Valladolid;47196 Villabaruz de Campos;Total;2018;34
47;Valladolid;47196 Villabaruz de Campos;Total;2017;35
47;Valladolid;47196 Villabaruz de Campos;Total;2016;37
47;Valladolid;47196 Villabaruz de Campos;Total;2015;38
47;Valladolid;47196 Villabaruz de Campos;Total;2014;33
47;Valladolid;47196 Villabaruz de Campos;Total;2013;38
47;Valladolid;47196 Villabaruz de Campos;Total;2012;42
47;Valladolid;47196 Villabaruz de Campos;Total;2011;45
47;Valladolid;47196 Villabaruz de Campos;Total;2010;45
47;Valladolid;47196 Villabaruz de Campos;Total;2009;40
47;Valladolid;47196 Villabaruz de Campos;Total;2008;43
47;Valladolid;47196 Villabaruz de Campos;Total;2007;43
47;Valladolid;47196 Villabaruz de Campos;Total;2006;46
47;Valladolid;47196 Villabaruz de Campos;Total;2005;45
47;Valladolid;47196 Villabaruz de Campos;Total;2004;46
47;Valladolid;47196 Villabaruz de Campos;Total;2003;42
47;Valladolid;47196 Villabaruz de Campos;Total;2002;41
47;Valladolid;47196 Villabaruz de Campos;Total;2001;46
47;Valladolid;47196 Villabaruz de Campos;Total;2000;49
47;Valladolid;47196 Villabaruz de Campos;Total;1999;54
47;Valladolid;47196 Villabaruz de Campos;Total;1998;56
47;Valladolid;47196 Villabaruz de Campos;Total;1997;
47;Valladolid;47196 Villabaruz de Campos;Total;1996;55
47;Valladolid;47196 Villabaruz de Campos;Hombres;2023;13
47;Valladolid;47196 Villabaruz de Campos;Hombres;2022;13
47;Valladolid;47196 Villabaruz de Campos;Hombres;2021;11
47;Valladolid;47196 Villabaruz de Campos;Hombres;2020;14
47;Valladolid;47196 Villabaruz de Campos;Hombres;2019;15
47;Valladolid;47196 Villabaruz de Campos;Hombres;2018;15
47;Valladolid;47196 Villabaruz de Campos;Hombres;2017;15
47;Valladolid;47196 Villabaruz de Campos;Hombres;2016;16
47;Valladolid;47196 Villabaruz de Campos;Hombres;2015;17
47;Valladolid;47196 Villabaruz de Campos;Hombres;2014;15
47;Valladolid;47196 Villabaruz de Campos;Hombres;2013;19
47;Valladolid;47196 Villabaruz de Campos;Hombres;2012;20
47;Valladolid;47196 Villabaruz de Campos;Hombres;2011;22
47;Valladolid;47196 Villabaruz de Campos;Hombres;2010;22
47;Valladolid;47196 Villabaruz de Campos;Hombres;2009;20
47;Valladolid;47196 Villabaruz de Campos;Hombres;2008;22
47;Valladolid;47196 Villabaruz de Campos;Hombres;2007;22
47;Valladolid;47196 Villabaruz de Campos;Hombres;2006;25
47;Valladolid;47196 Villabaruz de Campos;Hombres;2005;24
47;Valladolid;47196 Villabaruz de Campos;Hombres;2004;24
47;Valladolid;47196 Villabaruz de Campos;Hombres;2003;21
47;Valladolid;47196 Villabaruz de Campos;Hombres;2002;20
47;Valladolid;47196 Villabaruz de Campos;Hombres;2001;22
47;Valladolid;47196 Villabaruz de Campos;Hombres;2000;24
47;Valladolid;47196 Villabaruz de Campos;Hombres;1999;27
47;Valladolid;47196 Villabaruz de Campos;Hombres;1998;27
47;Valladolid;47196 Villabaruz de Campos;Hombres;1997;
47;Valladolid;47196 Villabaruz de Campos;Hombres;1996;26
47;Valladolid;47196 Villabaruz de Campos;Mujeres;2023;14
47;Valladolid;47196 Villabaruz de Campos;Mujeres;2022;14
47;Valladolid;47196 Villabaruz de Campos;Mujeres;2021;15
47;Valladolid;47196 Villabaruz de Campos;Mujeres;2020;16
47;Valladolid;47196 Villabaruz de Campos;Mujeres;2019;14
47;Valladolid;47196 Villabaruz de Campos;Mujeres;2018;19
47;Valladolid;47196 Villabaruz de Campos;Mujeres;2017;20
47;Valladolid;47196 Villabaruz de Campos;Mujeres;2016;21
47;Valladolid;47196 Villabaruz de Campos;Mujeres;2015;21
47;Valladolid;47196 Villabaruz de Campos;Mujeres;2014;18
47;Valladolid;47196 Villabaruz de Campos;Mujeres;2013;19
47;Valladolid;47196 Villabaruz de Campos;Mujeres;2012;22
47;Valladolid;47196 Villabaruz de Campos;Mujeres;2011;23
47;Valladolid;47196 Villabaruz de Campos;Mujeres;2010;23
47;Valladolid;47196 Villabaruz de Campos;Mujeres;2009;20
47;Valladolid;47196 Villabaruz de Campos;Mujeres;2008;21
47;Valladolid;47196 Villabaruz de Campos;Mujeres;2007;21
47;Valladolid;47196 Villabaruz de Campos;Mujeres;2006;21
47;Valladolid;47196 Villabaruz de Campos;Mujeres;2005;21
47;Valladolid;47196 Villabaruz de Campos;Mujeres;2004;22
47;Valladolid;47196 Villabaruz de Campos;Mujeres;2003;21
47;Valladolid;47196 Villabaruz de Campos;Mujeres;2002;21
47;Valladolid;47196 Villabaruz de Campos;Mujeres;2001;24
47;Valladolid;47196 Villabaruz de Campos;Mujeres;2000;25
47;Valladolid;47196 Villabaruz de Campos;Mujeres;1999;27
47;Valladolid;47196 Villabaruz de Campos;Mujeres;1998;29
47;Valladolid;47196 Villabaruz de Campos;Mujeres;1997;
47;Valladolid;47196 Villabaruz de Campos;Mujeres;1996;29
47;Valladolid;47197 Villabrágima;Total;2023;1034
47;Valladolid;47197 Villabrágima;Total;2022;1047
47;Valladolid;47197 Villabrágima;Total;2021;1044
47;Valladolid;47197 Villabrágima;Total;2020;1053
47;Valladolid;47197 Villabrágima;Total;2019;1036
47;Valladolid;47197 Villabrágima;Total;2018;1033
47;Valladolid;47197 Villabrágima;Total;2017;1040
47;Valladolid;47197 Villabrágima;Total;2016;1045
47;Valladolid;47197 Villabrágima;Total;2015;1061
47;Valladolid;47197 Villabrágima;Total;2014;1054
47;Valladolid;47197 Villabrágima;Total;2013;1060
47;Valladolid;47197 Villabrágima;Total;2012;1091
47;Valladolid;47197 Villabrágima;Total;2011;1107
47;Valladolid;47197 Villabrágima;Total;2010;1116
47;Valladolid;47197 Villabrágima;Total;2009;1114
47;Valladolid;47197 Villabrágima;Total;2008;1121
47;Valladolid;47197 Villabrágima;Total;2007;1136
47;Valladolid;47197 Villabrágima;Total;2006;1159
47;Valladolid;47197 Villabrágima;Total;2005;1173
47;Valladolid;47197 Villabrágima;Total;2004;1173
47;Valladolid;47197 Villabrágima;Total;2003;1162
47;Valladolid;47197 Villabrágima;Total;2002;1174
47;Valladolid;47197 Villabrágima;Total;2001;1203
47;Valladolid;47197 Villabrágima;Total;2000;1223
47;Valladolid;47197 Villabrágima;Total;1999;1221
47;Valladolid;47197 Villabrágima;Total;1998;1234
47;Valladolid;47197 Villabrágima;Total;1997;
47;Valladolid;47197 Villabrágima;Total;1996;1249
47;Valladolid;47197 Villabrágima;Hombres;2023;549
47;Valladolid;47197 Villabrágima;Hombres;2022;560
47;Valladolid;47197 Villabrágima;Hombres;2021;557
47;Valladolid;47197 Villabrágima;Hombres;2020;553
47;Valladolid;47197 Villabrágima;Hombres;2019;547
47;Valladolid;47197 Villabrágima;Hombres;2018;546
47;Valladolid;47197 Villabrágima;Hombres;2017;553
47;Valladolid;47197 Villabrágima;Hombres;2016;551
47;Valladolid;47197 Villabrágima;Hombres;2015;557
47;Valladolid;47197 Villabrágima;Hombres;2014;557
47;Valladolid;47197 Villabrágima;Hombres;2013;555
47;Valladolid;47197 Villabrágima;Hombres;2012;569
47;Valladolid;47197 Villabrágima;Hombres;2011;581
47;Valladolid;47197 Villabrágima;Hombres;2010;591
47;Valladolid;47197 Villabrágima;Hombres;2009;594
47;Valladolid;47197 Villabrágima;Hombres;2008;596
47;Valladolid;47197 Villabrágima;Hombres;2007;605
47;Valladolid;47197 Villabrágima;Hombres;2006;620
47;Valladolid;47197 Villabrágima;Hombres;2005;627
47;Valladolid;47197 Villabrágima;Hombres;2004;623
47;Valladolid;47197 Villabrágima;Hombres;2003;612
47;Valladolid;47197 Villabrágima;Hombres;2002;611
47;Valladolid;47197 Villabrágima;Hombres;2001;622
47;Valladolid;47197 Villabrágima;Hombres;2000;638
47;Valladolid;47197 Villabrágima;Hombres;1999;632
47;Valladolid;47197 Villabrágima;Hombres;1998;637
47;Valladolid;47197 Villabrágima;Hombres;1997;
47;Valladolid;47197 Villabrágima;Hombres;1996;646
47;Valladolid;47197 Villabrágima;Mujeres;2023;485
47;Valladolid;47197 Villabrágima;Mujeres;2022;487
47;Valladolid;47197 Villabrágima;Mujeres;2021;487
47;Valladolid;47197 Villabrágima;Mujeres;2020;500
47;Valladolid;47197 Villabrágima;Mujeres;2019;489
47;Valladolid;47197 Villabrágima;Mujeres;2018;487
47;Valladolid;47197 Villabrágima;Mujeres;2017;487
47;Valladolid;47197 Villabrágima;Mujeres;2016;494
47;Valladolid;47197 Villabrágima;Mujeres;2015;504
47;Valladolid;47197 Villabrágima;Mujeres;2014;497
47;Valladolid;47197 Villabrágima;Mujeres;2013;505
47;Valladolid;47197 Villabrágima;Mujeres;2012;522
47;Valladolid;47197 Villabrágima;Mujeres;2011;526
47;Valladolid;47197 Villabrágima;Mujeres;2010;525
47;Valladolid;47197 Villabrágima;Mujeres;2009;520
47;Valladolid;47197 Villabrágima;Mujeres;2008;525
47;Valladolid;47197 Villabrágima;Mujeres;2007;531
47;Valladolid;47197 Villabrágima;Mujeres;2006;539
47;Valladolid;47197 Villabrágima;Mujeres;2005;546
47;Valladolid;47197 Villabrágima;Mujeres;2004;550
47;Valladolid;47197 Villabrágima;Mujeres;2003;550
47;Valladolid;47197 Villabrágima;Mujeres;2002;563
47;Valladolid;47197 Villabrágima;Mujeres;2001;581
47;Valladolid;47197 Villabrágima;Mujeres;2000;585
47;Valladolid;47197 Villabrágima;Mujeres;1999;589
47;Valladolid;47197 Villabrágima;Mujeres;1998;597
47;Valladolid;47197 Villabrágima;Mujeres;1997;
47;Valladolid;47197 Villabrágima;Mujeres;1996;603
47;Valladolid;47198 Villacarralón;Total;2023;64
47;Valladolid;47198 Villacarralón;Total;2022;64
47;Valladolid;47198 Villacarralón;Total;2021;72
47;Valladolid;47198 Villacarralón;Total;2020;74
47;Valladolid;47198 Villacarralón;Total;2019;79
47;Valladolid;47198 Villacarralón;Total;2018;82
47;Valladolid;47198 Villacarralón;Total;2017;88
47;Valladolid;47198 Villacarralón;Total;2016;84
47;Valladolid;47198 Villacarralón;Total;2015;78
47;Valladolid;47198 Villacarralón;Total;2014;77
47;Valladolid;47198 Villacarralón;Total;2013;81
47;Valladolid;47198 Villacarralón;Total;2012;82
47;Valladolid;47198 Villacarralón;Total;2011;83
47;Valladolid;47198 Villacarralón;Total;2010;81
47;Valladolid;47198 Villacarralón;Total;2009;99
47;Valladolid;47198 Villacarralón;Total;2008;106
47;Valladolid;47198 Villacarralón;Total;2007;99
47;Valladolid;47198 Villacarralón;Total;2006;113
47;Valladolid;47198 Villacarralón;Total;2005;93
47;Valladolid;47198 Villacarralón;Total;2004;89
47;Valladolid;47198 Villacarralón;Total;2003;93
47;Valladolid;47198 Villacarralón;Total;2002;103
47;Valladolid;47198 Villacarralón;Total;2001;110
47;Valladolid;47198 Villacarralón;Total;2000;114
47;Valladolid;47198 Villacarralón;Total;1999;116
47;Valladolid;47198 Villacarralón;Total;1998;118
47;Valladolid;47198 Villacarralón;Total;1997;
47;Valladolid;47198 Villacarralón;Total;1996;128
47;Valladolid;47198 Villacarralón;Hombres;2023;42
47;Valladolid;47198 Villacarralón;Hombres;2022;42
47;Valladolid;47198 Villacarralón;Hombres;2021;45
47;Valladolid;47198 Villacarralón;Hombres;2020;45
47;Valladolid;47198 Villacarralón;Hombres;2019;47
47;Valladolid;47198 Villacarralón;Hombres;2018;47
47;Valladolid;47198 Villacarralón;Hombres;2017;51
47;Valladolid;47198 Villacarralón;Hombres;2016;50
47;Valladolid;47198 Villacarralón;Hombres;2015;47
47;Valladolid;47198 Villacarralón;Hombres;2014;47
47;Valladolid;47198 Villacarralón;Hombres;2013;48
47;Valladolid;47198 Villacarralón;Hombres;2012;50
47;Valladolid;47198 Villacarralón;Hombres;2011;51
47;Valladolid;47198 Villacarralón;Hombres;2010;44
47;Valladolid;47198 Villacarralón;Hombres;2009;54
47;Valladolid;47198 Villacarralón;Hombres;2008;57
47;Valladolid;47198 Villacarralón;Hombres;2007;51
47;Valladolid;47198 Villacarralón;Hombres;2006;56
47;Valladolid;47198 Villacarralón;Hombres;2005;47
47;Valladolid;47198 Villacarralón;Hombres;2004;47
47;Valladolid;47198 Villacarralón;Hombres;2003;50
47;Valladolid;47198 Villacarralón;Hombres;2002;51
47;Valladolid;47198 Villacarralón;Hombres;2001;55
47;Valladolid;47198 Villacarralón;Hombres;2000;57
47;Valladolid;47198 Villacarralón;Hombres;1999;59
47;Valladolid;47198 Villacarralón;Hombres;1998;59
47;Valladolid;47198 Villacarralón;Hombres;1997;
47;Valladolid;47198 Villacarralón;Hombres;1996;68
47;Valladolid;47198 Villacarralón;Mujeres;2023;22
47;Valladolid;47198 Villacarralón;Mujeres;2022;22
47;Valladolid;47198 Villacarralón;Mujeres;2021;27
47;Valladolid;47198 Villacarralón;Mujeres;2020;29
47;Valladolid;47198 Villacarralón;Mujeres;2019;32
47;Valladolid;47198 Villacarralón;Mujeres;2018;35
47;Valladolid;47198 Villacarralón;Mujeres;2017;37
47;Valladolid;47198 Villacarralón;Mujeres;2016;34
47;Valladolid;47198 Villacarralón;Mujeres;2015;31
47;Valladolid;47198 Villacarralón;Mujeres;2014;30
47;Valladolid;47198 Villacarralón;Mujeres;2013;33
47;Valladolid;47198 Villacarralón;Mujeres;2012;32
47;Valladolid;47198 Villacarralón;Mujeres;2011;32
47;Valladolid;47198 Villacarralón;Mujeres;2010;37
47;Valladolid;47198 Villacarralón;Mujeres;2009;45
47;Valladolid;47198 Villacarralón;Mujeres;2008;49
47;Valladolid;47198 Villacarralón;Mujeres;2007;48
47;Valladolid;47198 Villacarralón;Mujeres;2006;57
47;Valladolid;47198 Villacarralón;Mujeres;2005;46
47;Valladolid;47198 Villacarralón;Mujeres;2004;42
47;Valladolid;47198 Villacarralón;Mujeres;2003;43
47;Valladolid;47198 Villacarralón;Mujeres;2002;52
47;Valladolid;47198 Villacarralón;Mujeres;2001;55
47;Valladolid;47198 Villacarralón;Mujeres;2000;57
47;Valladolid;47198 Villacarralón;Mujeres;1999;57
47;Valladolid;47198 Villacarralón;Mujeres;1998;59
47;Valladolid;47198 Villacarralón;Mujeres;1997;
47;Valladolid;47198 Villacarralón;Mujeres;1996;60
47;Valladolid;47199 Villacid de Campos;Total;2023;79
47;Valladolid;47199 Villacid de Campos;Total;2022;86
47;Valladolid;47199 Villacid de Campos;Total;2021;81
47;Valladolid;47199 Villacid de Campos;Total;2020;72
47;Valladolid;47199 Villacid de Campos;Total;2019;70
47;Valladolid;47199 Villacid de Campos;Total;2018;74
47;Valladolid;47199 Villacid de Campos;Total;2017;77
47;Valladolid;47199 Villacid de Campos;Total;2016;83
47;Valladolid;47199 Villacid de Campos;Total;2015;86
47;Valladolid;47199 Villacid de Campos;Total;2014;93
47;Valladolid;47199 Villacid de Campos;Total;2013;84
47;Valladolid;47199 Villacid de Campos;Total;2012;91
47;Valladolid;47199 Villacid de Campos;Total;2011;99
47;Valladolid;47199 Villacid de Campos;Total;2010;103
47;Valladolid;47199 Villacid de Campos;Total;2009;93
47;Valladolid;47199 Villacid de Campos;Total;2008;100
47;Valladolid;47199 Villacid de Campos;Total;2007;100
47;Valladolid;47199 Villacid de Campos;Total;2006;101
47;Valladolid;47199 Villacid de Campos;Total;2005;108
47;Valladolid;47199 Villacid de Campos;Total;2004;103
47;Valladolid;47199 Villacid de Campos;Total;2003;104
47;Valladolid;47199 Villacid de Campos;Total;2002;113
47;Valladolid;47199 Villacid de Campos;Total;2001;117
47;Valladolid;47199 Villacid de Campos;Total;2000;122
47;Valladolid;47199 Villacid de Campos;Total;1999;116
47;Valladolid;47199 Villacid de Campos;Total;1998;112
47;Valladolid;47199 Villacid de Campos;Total;1997;
47;Valladolid;47199 Villacid de Campos;Total;1996;115
47;Valladolid;47199 Villacid de Campos;Hombres;2023;46
47;Valladolid;47199 Villacid de Campos;Hombres;2022;49
47;Valladolid;47199 Villacid de Campos;Hombres;2021;49
47;Valladolid;47199 Villacid de Campos;Hombres;2020;45
47;Valladolid;47199 Villacid de Campos;Hombres;2019;45
47;Valladolid;47199 Villacid de Campos;Hombres;2018;47
47;Valladolid;47199 Villacid de Campos;Hombres;2017;48
47;Valladolid;47199 Villacid de Campos;Hombres;2016;52
47;Valladolid;47199 Villacid de Campos;Hombres;2015;51
47;Valladolid;47199 Villacid de Campos;Hombres;2014;59
47;Valladolid;47199 Villacid de Campos;Hombres;2013;52
47;Valladolid;47199 Villacid de Campos;Hombres;2012;53
47;Valladolid;47199 Villacid de Campos;Hombres;2011;54
47;Valladolid;47199 Villacid de Campos;Hombres;2010;55
47;Valladolid;47199 Villacid de Campos;Hombres;2009;52
47;Valladolid;47199 Villacid de Campos;Hombres;2008;53
47;Valladolid;47199 Villacid de Campos;Hombres;2007;55
47;Valladolid;47199 Villacid de Campos;Hombres;2006;56
47;Valladolid;47199 Villacid de Campos;Hombres;2005;62
47;Valladolid;47199 Villacid de Campos;Hombres;2004;57
47;Valladolid;47199 Villacid de Campos;Hombres;2003;58
47;Valladolid;47199 Villacid de Campos;Hombres;2002;62
47;Valladolid;47199 Villacid de Campos;Hombres;2001;64
47;Valladolid;47199 Villacid de Campos;Hombres;2000;65
47;Valladolid;47199 Villacid de Campos;Hombres;1999;60
47;Valladolid;47199 Villacid de Campos;Hombres;1998;60
47;Valladolid;47199 Villacid de Campos;Hombres;1997;
47;Valladolid;47199 Villacid de Campos;Hombres;1996;61
47;Valladolid;47199 Villacid de Campos;Mujeres;2023;33
47;Valladolid;47199 Villacid de Campos;Mujeres;2022;37
47;Valladolid;47199 Villacid de Campos;Mujeres;2021;32
47;Valladolid;47199 Villacid de Campos;Mujeres;2020;27
47;Valladolid;47199 Villacid de Campos;Mujeres;2019;25
47;Valladolid;47199 Villacid de Campos;Mujeres;2018;27
47;Valladolid;47199 Villacid de Campos;Mujeres;2017;29
47;Valladolid;47199 Villacid de Campos;Mujeres;2016;31
47;Valladolid;47199 Villacid de Campos;Mujeres;2015;35
47;Valladolid;47199 Villacid de Campos;Mujeres;2014;34
47;Valladolid;47199 Villacid de Campos;Mujeres;2013;32
47;Valladolid;47199 Villacid de Campos;Mujeres;2012;38
47;Valladolid;47199 Villacid de Campos;Mujeres;2011;45
47;Valladolid;47199 Villacid de Campos;Mujeres;2010;48
47;Valladolid;47199 Villacid de Campos;Mujeres;2009;41
47;Valladolid;47199 Villacid de Campos;Mujeres;2008;47
47;Valladolid;47199 Villacid de Campos;Mujeres;2007;45
47;Valladolid;47199 Villacid de Campos;Mujeres;2006;45
47;Valladolid;47199 Villacid de Campos;Mujeres;2005;46
47;Valladolid;47199 Villacid de Campos;Mujeres;2004;46
47;Valladolid;47199 Villacid de Campos;Mujeres;2003;46
47;Valladolid;47199 Villacid de Campos;Mujeres;2002;51
47;Valladolid;47199 Villacid de Campos;Mujeres;2001;53
47;Valladolid;47199 Villacid de Campos;Mujeres;2000;57
47;Valladolid;47199 Villacid de Campos;Mujeres;1999;56
47;Valladolid;47199 Villacid de Campos;Mujeres;1998;52
47;Valladolid;47199 Villacid de Campos;Mujeres;1997;
47;Valladolid;47199 Villacid de Campos;Mujeres;1996;54
47;Valladolid;47200 Villaco;Total;2023;74
47;Valladolid;47200 Villaco;Total;2022;75
47;Valladolid;47200 Villaco;Total;2021;75
47;Valladolid;47200 Villaco;Total;2020;74
47;Valladolid;47200 Villaco;Total;2019;76
47;Valladolid;47200 Villaco;Total;2018;83
47;Valladolid;47200 Villaco;Total;2017;90
47;Valladolid;47200 Villaco;Total;2016;91
47;Valladolid;47200 Villaco;Total;2015;83
47;Valladolid;47200 Villaco;Total;2014;91
47;Valladolid;47200 Villaco;Total;2013;93
47;Valladolid;47200 Villaco;Total;2012;103
47;Valladolid;47200 Villaco;Total;2011;106
47;Valladolid;47200 Villaco;Total;2010;106
47;Valladolid;47200 Villaco;Total;2009;108
47;Valladolid;47200 Villaco;Total;2008;105
47;Valladolid;47200 Villaco;Total;2007;109
47;Valladolid;47200 Villaco;Total;2006;115
47;Valladolid;47200 Villaco;Total;2005;124
47;Valladolid;47200 Villaco;Total;2004;119
47;Valladolid;47200 Villaco;Total;2003;127
47;Valladolid;47200 Villaco;Total;2002;124
47;Valladolid;47200 Villaco;Total;2001;125
47;Valladolid;47200 Villaco;Total;2000;131
47;Valladolid;47200 Villaco;Total;1999;136
47;Valladolid;47200 Villaco;Total;1998;136
47;Valladolid;47200 Villaco;Total;1997;
47;Valladolid;47200 Villaco;Total;1996;142
47;Valladolid;47200 Villaco;Hombres;2023;49
47;Valladolid;47200 Villaco;Hombres;2022;48
47;Valladolid;47200 Villaco;Hombres;2021;47
47;Valladolid;47200 Villaco;Hombres;2020;49
47;Valladolid;47200 Villaco;Hombres;2019;51
47;Valladolid;47200 Villaco;Hombres;2018;54
47;Valladolid;47200 Villaco;Hombres;2017;57
47;Valladolid;47200 Villaco;Hombres;2016;58
47;Valladolid;47200 Villaco;Hombres;2015;53
47;Valladolid;47200 Villaco;Hombres;2014;56
47;Valladolid;47200 Villaco;Hombres;2013;58
47;Valladolid;47200 Villaco;Hombres;2012;62
47;Valladolid;47200 Villaco;Hombres;2011;64
47;Valladolid;47200 Villaco;Hombres;2010;63
47;Valladolid;47200 Villaco;Hombres;2009;64
47;Valladolid;47200 Villaco;Hombres;2008;63
47;Valladolid;47200 Villaco;Hombres;2007;64
47;Valladolid;47200 Villaco;Hombres;2006;69
47;Valladolid;47200 Villaco;Hombres;2005;73
47;Valladolid;47200 Villaco;Hombres;2004;71
47;Valladolid;47200 Villaco;Hombres;2003;77
47;Valladolid;47200 Villaco;Hombres;2002;74
47;Valladolid;47200 Villaco;Hombres;2001;75
47;Valladolid;47200 Villaco;Hombres;2000;78
47;Valladolid;47200 Villaco;Hombres;1999;80
47;Valladolid;47200 Villaco;Hombres;1998;80
47;Valladolid;47200 Villaco;Hombres;1997;
47;Valladolid;47200 Villaco;Hombres;1996;81
47;Valladolid;47200 Villaco;Mujeres;2023;25
47;Valladolid;47200 Villaco;Mujeres;2022;27
47;Valladolid;47200 Villaco;Mujeres;2021;28
47;Valladolid;47200 Villaco;Mujeres;2020;25
47;Valladolid;47200 Villaco;Mujeres;2019;25
47;Valladolid;47200 Villaco;Mujeres;2018;29
47;Valladolid;47200 Villaco;Mujeres;2017;33
47;Valladolid;47200 Villaco;Mujeres;2016;33
47;Valladolid;47200 Villaco;Mujeres;2015;30
47;Valladolid;47200 Villaco;Mujeres;2014;35
47;Valladolid;47200 Villaco;Mujeres;2013;35
47;Valladolid;47200 Villaco;Mujeres;2012;41
47;Valladolid;47200 Villaco;Mujeres;2011;42
47;Valladolid;47200 Villaco;Mujeres;2010;43
47;Valladolid;47200 Villaco;Mujeres;2009;44
47;Valladolid;47200 Villaco;Mujeres;2008;42
47;Valladolid;47200 Villaco;Mujeres;2007;45
47;Valladolid;47200 Villaco;Mujeres;2006;46
47;Valladolid;47200 Villaco;Mujeres;2005;51
47;Valladolid;47200 Villaco;Mujeres;2004;48
47;Valladolid;47200 Villaco;Mujeres;2003;50
47;Valladolid;47200 Villaco;Mujeres;2002;50
47;Valladolid;47200 Villaco;Mujeres;2001;50
47;Valladolid;47200 Villaco;Mujeres;2000;53
47;Valladolid;47200 Villaco;Mujeres;1999;56
47;Valladolid;47200 Villaco;Mujeres;1998;56
47;Valladolid;47200 Villaco;Mujeres;1997;
47;Valladolid;47200 Villaco;Mujeres;1996;61
47;Valladolid;47203 Villafrades de Campos;Total;2023;63
47;Valladolid;47203 Villafrades de Campos;Total;2022;61
47;Valladolid;47203 Villafrades de Campos;Total;2021;61
47;Valladolid;47203 Villafrades de Campos;Total;2020;62
47;Valladolid;47203 Villafrades de Campos;Total;2019;66
47;Valladolid;47203 Villafrades de Campos;Total;2018;65
47;Valladolid;47203 Villafrades de Campos;Total;2017;68
47;Valladolid;47203 Villafrades de Campos;Total;2016;67
47;Valladolid;47203 Villafrades de Campos;Total;2015;72
47;Valladolid;47203 Villafrades de Campos;Total;2014;77
47;Valladolid;47203 Villafrades de Campos;Total;2013;85
47;Valladolid;47203 Villafrades de Campos;Total;2012;91
47;Valladolid;47203 Villafrades de Campos;Total;2011;94
47;Valladolid;47203 Villafrades de Campos;Total;2010;91
47;Valladolid;47203 Villafrades de Campos;Total;2009;85
47;Valladolid;47203 Villafrades de Campos;Total;2008;83
47;Valladolid;47203 Villafrades de Campos;Total;2007;88
47;Valladolid;47203 Villafrades de Campos;Total;2006;91
47;Valladolid;47203 Villafrades de Campos;Total;2005;90
47;Valladolid;47203 Villafrades de Campos;Total;2004;101
47;Valladolid;47203 Villafrades de Campos;Total;2003;99
47;Valladolid;47203 Villafrades de Campos;Total;2002;106
47;Valladolid;47203 Villafrades de Campos;Total;2001;108
47;Valladolid;47203 Villafrades de Campos;Total;2000;114
47;Valladolid;47203 Villafrades de Campos;Total;1999;116
47;Valladolid;47203 Villafrades de Campos;Total;1998;117
47;Valladolid;47203 Villafrades de Campos;Total;1997;
47;Valladolid;47203 Villafrades de Campos;Total;1996;121
47;Valladolid;47203 Villafrades de Campos;Hombres;2023;29
47;Valladolid;47203 Villafrades de Campos;Hombres;2022;30
47;Valladolid;47203 Villafrades de Campos;Hombres;2021;31
47;Valladolid;47203 Villafrades de Campos;Hombres;2020;33
47;Valladolid;47203 Villafrades de Campos;Hombres;2019;37
47;Valladolid;47203 Villafrades de Campos;Hombres;2018;35
47;Valladolid;47203 Villafrades de Campos;Hombres;2017;36
47;Valladolid;47203 Villafrades de Campos;Hombres;2016;35
47;Valladolid;47203 Villafrades de Campos;Hombres;2015;37
47;Valladolid;47203 Villafrades de Campos;Hombres;2014;36
47;Valladolid;47203 Villafrades de Campos;Hombres;2013;41
47;Valladolid;47203 Villafrades de Campos;Hombres;2012;44
47;Valladolid;47203 Villafrades de Campos;Hombres;2011;46
47;Valladolid;47203 Villafrades de Campos;Hombres;2010;44
47;Valladolid;47203 Villafrades de Campos;Hombres;2009;40
47;Valladolid;47203 Villafrades de Campos;Hombres;2008;38
47;Valladolid;47203 Villafrades de Campos;Hombres;2007;38
47;Valladolid;47203 Villafrades de Campos;Hombres;2006;40
47;Valladolid;47203 Villafrades de Campos;Hombres;2005;38
47;Valladolid;47203 Villafrades de Campos;Hombres;2004;44
47;Valladolid;47203 Villafrades de Campos;Hombres;2003;44
47;Valladolid;47203 Villafrades de Campos;Hombres;2002;46
47;Valladolid;47203 Villafrades de Campos;Hombres;2001;48
47;Valladolid;47203 Villafrades de Campos;Hombres;2000;48
47;Valladolid;47203 Villafrades de Campos;Hombres;1999;53
47;Valladolid;47203 Villafrades de Campos;Hombres;1998;53
47;Valladolid;47203 Villafrades de Campos;Hombres;1997;
47;Valladolid;47203 Villafrades de Campos;Hombres;1996;55
47;Valladolid;47203 Villafrades de Campos;Mujeres;2023;34
47;Valladolid;47203 Villafrades de Campos;Mujeres;2022;31
47;Valladolid;47203 Villafrades de Campos;Mujeres;2021;30
47;Valladolid;47203 Villafrades de Campos;Mujeres;2020;29
47;Valladolid;47203 Villafrades de Campos;Mujeres;2019;29
47;Valladolid;47203 Villafrades de Campos;Mujeres;2018;30
47;Valladolid;47203 Villafrades de Campos;Mujeres;2017;32
47;Valladolid;47203 Villafrades de Campos;Mujeres;2016;32
47;Valladolid;47203 Villafrades de Campos;Mujeres;2015;35
47;Valladolid;47203 Villafrades de Campos;Mujeres;2014;41
47;Valladolid;47203 Villafrades de Campos;Mujeres;2013;44
47;Valladolid;47203 Villafrades de Campos;Mujeres;2012;47
47;Valladolid;47203 Villafrades de Campos;Mujeres;2011;48
47;Valladolid;47203 Villafrades de Campos;Mujeres;2010;47
47;Valladolid;47203 Villafrades de Campos;Mujeres;2009;45
47;Valladolid;47203 Villafrades de Campos;Mujeres;2008;45
47;Valladolid;47203 Villafrades de Campos;Mujeres;2007;50
47;Valladolid;47203 Villafrades de Campos;Mujeres;2006;51
47;Valladolid;47203 Villafrades de Campos;Mujeres;2005;52
47;Valladolid;47203 Villafrades de Campos;Mujeres;2004;57
47;Valladolid;47203 Villafrades de Campos;Mujeres;2003;55
47;Valladolid;47203 Villafrades de Campos;Mujeres;2002;60
47;Valladolid;47203 Villafrades de Campos;Mujeres;2001;60
47;Valladolid;47203 Villafrades de Campos;Mujeres;2000;66
47;Valladolid;47203 Villafrades de Campos;Mujeres;1999;63
47;Valladolid;47203 Villafrades de Campos;Mujeres;1998;64
47;Valladolid;47203 Villafrades de Campos;Mujeres;1997;
47;Valladolid;47203 Villafrades de Campos;Mujeres;1996;66
47;Valladolid;47204 Villafranca de Duero;Total;2023;231
47;Valladolid;47204 Villafranca de Duero;Total;2022;251
47;Valladolid;47204 Villafranca de Duero;Total;2021;268
47;Valladolid;47204 Villafranca de Duero;Total;2020;267
47;Valladolid;47204 Villafranca de Duero;Total;2019;258
47;Valladolid;47204 Villafranca de Duero;Total;2018;274
47;Valladolid;47204 Villafranca de Duero;Total;2017;279
47;Valladolid;47204 Villafranca de Duero;Total;2016;289
47;Valladolid;47204 Villafranca de Duero;Total;2015;307
47;Valladolid;47204 Villafranca de Duero;Total;2014;300
47;Valladolid;47204 Villafranca de Duero;Total;2013;300
47;Valladolid;47204 Villafranca de Duero;Total;2012;311
47;Valladolid;47204 Villafranca de Duero;Total;2011;336
47;Valladolid;47204 Villafranca de Duero;Total;2010;349
47;Valladolid;47204 Villafranca de Duero;Total;2009;375
47;Valladolid;47204 Villafranca de Duero;Total;2008;385
47;Valladolid;47204 Villafranca de Duero;Total;2007;366
47;Valladolid;47204 Villafranca de Duero;Total;2006;367
47;Valladolid;47204 Villafranca de Duero;Total;2005;353
47;Valladolid;47204 Villafranca de Duero;Total;2004;374
47;Valladolid;47204 Villafranca de Duero;Total;2003;347
47;Valladolid;47204 Villafranca de Duero;Total;2002;352
47;Valladolid;47204 Villafranca de Duero;Total;2001;366
47;Valladolid;47204 Villafranca de Duero;Total;2000;373
47;Valladolid;47204 Villafranca de Duero;Total;1999;389
47;Valladolid;47204 Villafranca de Duero;Total;1998;389
47;Valladolid;47204 Villafranca de Duero;Total;1997;
47;Valladolid;47204 Villafranca de Duero;Total;1996;402
47;Valladolid;47204 Villafranca de Duero;Hombres;2023;130
47;Valladolid;47204 Villafranca de Duero;Hombres;2022;129
47;Valladolid;47204 Villafranca de Duero;Hombres;2021;138
47;Valladolid;47204 Villafranca de Duero;Hombres;2020;137
47;Valladolid;47204 Villafranca de Duero;Hombres;2019;135
47;Valladolid;47204 Villafranca de Duero;Hombres;2018;137
47;Valladolid;47204 Villafranca de Duero;Hombres;2017;142
47;Valladolid;47204 Villafranca de Duero;Hombres;2016;152
47;Valladolid;47204 Villafranca de Duero;Hombres;2015;159
47;Valladolid;47204 Villafranca de Duero;Hombres;2014;152
47;Valladolid;47204 Villafranca de Duero;Hombres;2013;156
47;Valladolid;47204 Villafranca de Duero;Hombres;2012;161
47;Valladolid;47204 Villafranca de Duero;Hombres;2011;173
47;Valladolid;47204 Villafranca de Duero;Hombres;2010;178
47;Valladolid;47204 Villafranca de Duero;Hombres;2009;196
47;Valladolid;47204 Villafranca de Duero;Hombres;2008;201
47;Valladolid;47204 Villafranca de Duero;Hombres;2007;183
47;Valladolid;47204 Villafranca de Duero;Hombres;2006;181
47;Valladolid;47204 Villafranca de Duero;Hombres;2005;175
47;Valladolid;47204 Villafranca de Duero;Hombres;2004;189
47;Valladolid;47204 Villafranca de Duero;Hombres;2003;177
47;Valladolid;47204 Villafranca de Duero;Hombres;2002;178
47;Valladolid;47204 Villafranca de Duero;Hombres;2001;185
47;Valladolid;47204 Villafranca de Duero;Hombres;2000;190
47;Valladolid;47204 Villafranca de Duero;Hombres;1999;196
47;Valladolid;47204 Villafranca de Duero;Hombres;1998;196
47;Valladolid;47204 Villafranca de Duero;Hombres;1997;
47;Valladolid;47204 Villafranca de Duero;Hombres;1996;204
47;Valladolid;47204 Villafranca de Duero;Mujeres;2023;101
47;Valladolid;47204 Villafranca de Duero;Mujeres;2022;122
47;Valladolid;47204 Villafranca de Duero;Mujeres;2021;130
47;Valladolid;47204 Villafranca de Duero;Mujeres;2020;130
47;Valladolid;47204 Villafranca de Duero;Mujeres;2019;123
47;Valladolid;47204 Villafranca de Duero;Mujeres;2018;137
47;Valladolid;47204 Villafranca de Duero;Mujeres;2017;137
47;Valladolid;47204 Villafranca de Duero;Mujeres;2016;137
47;Valladolid;47204 Villafranca de Duero;Mujeres;2015;148
47;Valladolid;47204 Villafranca de Duero;Mujeres;2014;148
47;Valladolid;47204 Villafranca de Duero;Mujeres;2013;144
47;Valladolid;47204 Villafranca de Duero;Mujeres;2012;150
47;Valladolid;47204 Villafranca de Duero;Mujeres;2011;163
47;Valladolid;47204 Villafranca de Duero;Mujeres;2010;171
47;Valladolid;47204 Villafranca de Duero;Mujeres;2009;179
47;Valladolid;47204 Villafranca de Duero;Mujeres;2008;184
47;Valladolid;47204 Villafranca de Duero;Mujeres;2007;183
47;Valladolid;47204 Villafranca de Duero;Mujeres;2006;186
47;Valladolid;47204 Villafranca de Duero;Mujeres;2005;178
47;Valladolid;47204 Villafranca de Duero;Mujeres;2004;185
47;Valladolid;47204 Villafranca de Duero;Mujeres;2003;170
47;Valladolid;47204 Villafranca de Duero;Mujeres;2002;174
47;Valladolid;47204 Villafranca de Duero;Mujeres;2001;181
47;Valladolid;47204 Villafranca de Duero;Mujeres;2000;183
47;Valladolid;47204 Villafranca de Duero;Mujeres;1999;193
47;Valladolid;47204 Villafranca de Duero;Mujeres;1998;193
47;Valladolid;47204 Villafranca de Duero;Mujeres;1997;
47;Valladolid;47204 Villafranca de Duero;Mujeres;1996;198
47;Valladolid;47205 Villafrechós;Total;2023;453
47;Valladolid;47205 Villafrechós;Total;2022;471
47;Valladolid;47205 Villafrechós;Total;2021;462
47;Valladolid;47205 Villafrechós;Total;2020;480
47;Valladolid;47205 Villafrechós;Total;2019;490
47;Valladolid;47205 Villafrechós;Total;2018;505
47;Valladolid;47205 Villafrechós;Total;2017;491
47;Valladolid;47205 Villafrechós;Total;2016;492
47;Valladolid;47205 Villafrechós;Total;2015;491
47;Valladolid;47205 Villafrechós;Total;2014;509
47;Valladolid;47205 Villafrechós;Total;2013;497
47;Valladolid;47205 Villafrechós;Total;2012;546
47;Valladolid;47205 Villafrechós;Total;2011;545
47;Valladolid;47205 Villafrechós;Total;2010;533
47;Valladolid;47205 Villafrechós;Total;2009;519
47;Valladolid;47205 Villafrechós;Total;2008;509
47;Valladolid;47205 Villafrechós;Total;2007;510
47;Valladolid;47205 Villafrechós;Total;2006;527
47;Valladolid;47205 Villafrechós;Total;2005;526
47;Valladolid;47205 Villafrechós;Total;2004;516
47;Valladolid;47205 Villafrechós;Total;2003;509
47;Valladolid;47205 Villafrechós;Total;2002;516
47;Valladolid;47205 Villafrechós;Total;2001;524
47;Valladolid;47205 Villafrechós;Total;2000;532
47;Valladolid;47205 Villafrechós;Total;1999;533
47;Valladolid;47205 Villafrechós;Total;1998;532
47;Valladolid;47205 Villafrechós;Total;1997;
47;Valladolid;47205 Villafrechós;Total;1996;544
47;Valladolid;47205 Villafrechós;Hombres;2023;245
47;Valladolid;47205 Villafrechós;Hombres;2022;262
47;Valladolid;47205 Villafrechós;Hombres;2021;257
47;Valladolid;47205 Villafrechós;Hombres;2020;263
47;Valladolid;47205 Villafrechós;Hombres;2019;266
47;Valladolid;47205 Villafrechós;Hombres;2018;274
47;Valladolid;47205 Villafrechós;Hombres;2017;266
47;Valladolid;47205 Villafrechós;Hombres;2016;265
47;Valladolid;47205 Villafrechós;Hombres;2015;262
47;Valladolid;47205 Villafrechós;Hombres;2014;271
47;Valladolid;47205 Villafrechós;Hombres;2013;274
47;Valladolid;47205 Villafrechós;Hombres;2012;297
47;Valladolid;47205 Villafrechós;Hombres;2011;294
47;Valladolid;47205 Villafrechós;Hombres;2010;288
47;Valladolid;47205 Villafrechós;Hombres;2009;278
47;Valladolid;47205 Villafrechós;Hombres;2008;268
47;Valladolid;47205 Villafrechós;Hombres;2007;264
47;Valladolid;47205 Villafrechós;Hombres;2006;273
47;Valladolid;47205 Villafrechós;Hombres;2005;270
47;Valladolid;47205 Villafrechós;Hombres;2004;272
47;Valladolid;47205 Villafrechós;Hombres;2003;267
47;Valladolid;47205 Villafrechós;Hombres;2002;271
47;Valladolid;47205 Villafrechós;Hombres;2001;272
47;Valladolid;47205 Villafrechós;Hombres;2000;276
47;Valladolid;47205 Villafrechós;Hombres;1999;275
47;Valladolid;47205 Villafrechós;Hombres;1998;273
47;Valladolid;47205 Villafrechós;Hombres;1997;
47;Valladolid;47205 Villafrechós;Hombres;1996;276
47;Valladolid;47205 Villafrechós;Mujeres;2023;208
47;Valladolid;47205 Villafrechós;Mujeres;2022;209
47;Valladolid;47205 Villafrechós;Mujeres;2021;205
47;Valladolid;47205 Villafrechós;Mujeres;2020;217
47;Valladolid;47205 Villafrechós;Mujeres;2019;224
47;Valladolid;47205 Villafrechós;Mujeres;2018;231
47;Valladolid;47205 Villafrechós;Mujeres;2017;225
47;Valladolid;47205 Villafrechós;Mujeres;2016;227
47;Valladolid;47205 Villafrechós;Mujeres;2015;229
47;Valladolid;47205 Villafrechós;Mujeres;2014;238
47;Valladolid;47205 Villafrechós;Mujeres;2013;223
47;Valladolid;47205 Villafrechós;Mujeres;2012;249
47;Valladolid;47205 Villafrechós;Mujeres;2011;251
47;Valladolid;47205 Villafrechós;Mujeres;2010;245
47;Valladolid;47205 Villafrechós;Mujeres;2009;241
47;Valladolid;47205 Villafrechós;Mujeres;2008;241
47;Valladolid;47205 Villafrechós;Mujeres;2007;246
47;Valladolid;47205 Villafrechós;Mujeres;2006;254
47;Valladolid;47205 Villafrechós;Mujeres;2005;256
47;Valladolid;47205 Villafrechós;Mujeres;2004;244
47;Valladolid;47205 Villafrechós;Mujeres;2003;242
47;Valladolid;47205 Villafrechós;Mujeres;2002;245
47;Valladolid;47205 Villafrechós;Mujeres;2001;252
47;Valladolid;47205 Villafrechós;Mujeres;2000;256
47;Valladolid;47205 Villafrechós;Mujeres;1999;258
47;Valladolid;47205 Villafrechós;Mujeres;1998;259
47;Valladolid;47205 Villafrechós;Mujeres;1997;
47;Valladolid;47205 Villafrechós;Mujeres;1996;268
47;Valladolid;47206 Villafuerte;Total;2023;87
47;Valladolid;47206 Villafuerte;Total;2022;86
47;Valladolid;47206 Villafuerte;Total;2021;86
47;Valladolid;47206 Villafuerte;Total;2020;85
47;Valladolid;47206 Villafuerte;Total;2019;80
47;Valladolid;47206 Villafuerte;Total;2018;82
47;Valladolid;47206 Villafuerte;Total;2017;86
47;Valladolid;47206 Villafuerte;Total;2016;94
47;Valladolid;47206 Villafuerte;Total;2015;105
47;Valladolid;47206 Villafuerte;Total;2014;106
47;Valladolid;47206 Villafuerte;Total;2013;111
47;Valladolid;47206 Villafuerte;Total;2012;117
47;Valladolid;47206 Villafuerte;Total;2011;119
47;Valladolid;47206 Villafuerte;Total;2010;123
47;Valladolid;47206 Villafuerte;Total;2009;126
47;Valladolid;47206 Villafuerte;Total;2008;129
47;Valladolid;47206 Villafuerte;Total;2007;134
47;Valladolid;47206 Villafuerte;Total;2006;135
47;Valladolid;47206 Villafuerte;Total;2005;143
47;Valladolid;47206 Villafuerte;Total;2004;145
47;Valladolid;47206 Villafuerte;Total;2003;145
47;Valladolid;47206 Villafuerte;Total;2002;143
47;Valladolid;47206 Villafuerte;Total;2001;151
47;Valladolid;47206 Villafuerte;Total;2000;154
47;Valladolid;47206 Villafuerte;Total;1999;151
47;Valladolid;47206 Villafuerte;Total;1998;155
47;Valladolid;47206 Villafuerte;Total;1997;
47;Valladolid;47206 Villafuerte;Total;1996;161
47;Valladolid;47206 Villafuerte;Hombres;2023;51
47;Valladolid;47206 Villafuerte;Hombres;2022;50
47;Valladolid;47206 Villafuerte;Hombres;2021;51
47;Valladolid;47206 Villafuerte;Hombres;2020;47
47;Valladolid;47206 Villafuerte;Hombres;2019;45
47;Valladolid;47206 Villafuerte;Hombres;2018;46
47;Valladolid;47206 Villafuerte;Hombres;2017;49
47;Valladolid;47206 Villafuerte;Hombres;2016;55
47;Valladolid;47206 Villafuerte;Hombres;2015;60
47;Valladolid;47206 Villafuerte;Hombres;2014;59
47;Valladolid;47206 Villafuerte;Hombres;2013;63
47;Valladolid;47206 Villafuerte;Hombres;2012;66
47;Valladolid;47206 Villafuerte;Hombres;2011;66
47;Valladolid;47206 Villafuerte;Hombres;2010;67
47;Valladolid;47206 Villafuerte;Hombres;2009;66
47;Valladolid;47206 Villafuerte;Hombres;2008;68
47;Valladolid;47206 Villafuerte;Hombres;2007;71
47;Valladolid;47206 Villafuerte;Hombres;2006;71
47;Valladolid;47206 Villafuerte;Hombres;2005;74
47;Valladolid;47206 Villafuerte;Hombres;2004;74
47;Valladolid;47206 Villafuerte;Hombres;2003;75
47;Valladolid;47206 Villafuerte;Hombres;2002;70
47;Valladolid;47206 Villafuerte;Hombres;2001;76
47;Valladolid;47206 Villafuerte;Hombres;2000;77
47;Valladolid;47206 Villafuerte;Hombres;1999;75
47;Valladolid;47206 Villafuerte;Hombres;1998;75
47;Valladolid;47206 Villafuerte;Hombres;1997;
47;Valladolid;47206 Villafuerte;Hombres;1996;76
47;Valladolid;47206 Villafuerte;Mujeres;2023;36
47;Valladolid;47206 Villafuerte;Mujeres;2022;36
47;Valladolid;47206 Villafuerte;Mujeres;2021;35
47;Valladolid;47206 Villafuerte;Mujeres;2020;38
47;Valladolid;47206 Villafuerte;Mujeres;2019;35
47;Valladolid;47206 Villafuerte;Mujeres;2018;36
47;Valladolid;47206 Villafuerte;Mujeres;2017;37
47;Valladolid;47206 Villafuerte;Mujeres;2016;39
47;Valladolid;47206 Villafuerte;Mujeres;2015;45
47;Valladolid;47206 Villafuerte;Mujeres;2014;47
47;Valladolid;47206 Villafuerte;Mujeres;2013;48
47;Valladolid;47206 Villafuerte;Mujeres;2012;51
47;Valladolid;47206 Villafuerte;Mujeres;2011;53
47;Valladolid;47206 Villafuerte;Mujeres;2010;56
47;Valladolid;47206 Villafuerte;Mujeres;2009;60
47;Valladolid;47206 Villafuerte;Mujeres;2008;61
47;Valladolid;47206 Villafuerte;Mujeres;2007;63
47;Valladolid;47206 Villafuerte;Mujeres;2006;64
47;Valladolid;47206 Villafuerte;Mujeres;2005;69
47;Valladolid;47206 Villafuerte;Mujeres;2004;71
47;Valladolid;47206 Villafuerte;Mujeres;2003;70
47;Valladolid;47206 Villafuerte;Mujeres;2002;73
47;Valladolid;47206 Villafuerte;Mujeres;2001;75
47;Valladolid;47206 Villafuerte;Mujeres;2000;77
47;Valladolid;47206 Villafuerte;Mujeres;1999;76
47;Valladolid;47206 Villafuerte;Mujeres;1998;80
47;Valladolid;47206 Villafuerte;Mujeres;1997;
47;Valladolid;47206 Villafuerte;Mujeres;1996;85
47;Valladolid;47207 Villagarcía de Campos;Total;2023;283
47;Valladolid;47207 Villagarcía de Campos;Total;2022;288
47;Valladolid;47207 Villagarcía de Campos;Total;2021;282
47;Valladolid;47207 Villagarcía de Campos;Total;2020;300
47;Valladolid;47207 Villagarcía de Campos;Total;2019;307
47;Valladolid;47207 Villagarcía de Campos;Total;2018;309
47;Valladolid;47207 Villagarcía de Campos;Total;2017;322
47;Valladolid;47207 Villagarcía de Campos;Total;2016;330
47;Valladolid;47207 Villagarcía de Campos;Total;2015;334
47;Valladolid;47207 Villagarcía de Campos;Total;2014;362
47;Valladolid;47207 Villagarcía de Campos;Total;2013;372
47;Valladolid;47207 Villagarcía de Campos;Total;2012;371
47;Valladolid;47207 Villagarcía de Campos;Total;2011;376
47;Valladolid;47207 Villagarcía de Campos;Total;2010;377
47;Valladolid;47207 Villagarcía de Campos;Total;2009;384
47;Valladolid;47207 Villagarcía de Campos;Total;2008;393
47;Valladolid;47207 Villagarcía de Campos;Total;2007;395
47;Valladolid;47207 Villagarcía de Campos;Total;2006;412
47;Valladolid;47207 Villagarcía de Campos;Total;2005;401
47;Valladolid;47207 Villagarcía de Campos;Total;2004;418
47;Valladolid;47207 Villagarcía de Campos;Total;2003;421
47;Valladolid;47207 Villagarcía de Campos;Total;2002;426
47;Valladolid;47207 Villagarcía de Campos;Total;2001;431
47;Valladolid;47207 Villagarcía de Campos;Total;2000;440
47;Valladolid;47207 Villagarcía de Campos;Total;1999;453
47;Valladolid;47207 Villagarcía de Campos;Total;1998;453
47;Valladolid;47207 Villagarcía de Campos;Total;1997;
47;Valladolid;47207 Villagarcía de Campos;Total;1996;446
47;Valladolid;47207 Villagarcía de Campos;Hombres;2023;166
47;Valladolid;47207 Villagarcía de Campos;Hombres;2022;171
47;Valladolid;47207 Villagarcía de Campos;Hombres;2021;169
47;Valladolid;47207 Villagarcía de Campos;Hombres;2020;179
47;Valladolid;47207 Villagarcía de Campos;Hombres;2019;184
47;Valladolid;47207 Villagarcía de Campos;Hombres;2018;180
47;Valladolid;47207 Villagarcía de Campos;Hombres;2017;187
47;Valladolid;47207 Villagarcía de Campos;Hombres;2016;197
47;Valladolid;47207 Villagarcía de Campos;Hombres;2015;193
47;Valladolid;47207 Villagarcía de Campos;Hombres;2014;205
47;Valladolid;47207 Villagarcía de Campos;Hombres;2013;217
47;Valladolid;47207 Villagarcía de Campos;Hombres;2012;219
47;Valladolid;47207 Villagarcía de Campos;Hombres;2011;215
47;Valladolid;47207 Villagarcía de Campos;Hombres;2010;216
47;Valladolid;47207 Villagarcía de Campos;Hombres;2009;218
47;Valladolid;47207 Villagarcía de Campos;Hombres;2008;228
47;Valladolid;47207 Villagarcía de Campos;Hombres;2007;221
47;Valladolid;47207 Villagarcía de Campos;Hombres;2006;230
47;Valladolid;47207 Villagarcía de Campos;Hombres;2005;217
47;Valladolid;47207 Villagarcía de Campos;Hombres;2004;223
47;Valladolid;47207 Villagarcía de Campos;Hombres;2003;223
47;Valladolid;47207 Villagarcía de Campos;Hombres;2002;224
47;Valladolid;47207 Villagarcía de Campos;Hombres;2001;226
47;Valladolid;47207 Villagarcía de Campos;Hombres;2000;233
47;Valladolid;47207 Villagarcía de Campos;Hombres;1999;243
47;Valladolid;47207 Villagarcía de Campos;Hombres;1998;243
47;Valladolid;47207 Villagarcía de Campos;Hombres;1997;
47;Valladolid;47207 Villagarcía de Campos;Hombres;1996;238
47;Valladolid;47207 Villagarcía de Campos;Mujeres;2023;117
47;Valladolid;47207 Villagarcía de Campos;Mujeres;2022;117
47;Valladolid;47207 Villagarcía de Campos;Mujeres;2021;113
47;Valladolid;47207 Villagarcía de Campos;Mujeres;2020;121
47;Valladolid;47207 Villagarcía de Campos;Mujeres;2019;123
47;Valladolid;47207 Villagarcía de Campos;Mujeres;2018;129
47;Valladolid;47207 Villagarcía de Campos;Mujeres;2017;135
47;Valladolid;47207 Villagarcía de Campos;Mujeres;2016;133
47;Valladolid;47207 Villagarcía de Campos;Mujeres;2015;141
47;Valladolid;47207 Villagarcía de Campos;Mujeres;2014;157
47;Valladolid;47207 Villagarcía de Campos;Mujeres;2013;155
47;Valladolid;47207 Villagarcía de Campos;Mujeres;2012;152
47;Valladolid;47207 Villagarcía de Campos;Mujeres;2011;161
47;Valladolid;47207 Villagarcía de Campos;Mujeres;2010;161
47;Valladolid;47207 Villagarcía de Campos;Mujeres;2009;166
47;Valladolid;47207 Villagarcía de Campos;Mujeres;2008;165
47;Valladolid;47207 Villagarcía de Campos;Mujeres;2007;174
47;Valladolid;47207 Villagarcía de Campos;Mujeres;2006;182
47;Valladolid;47207 Villagarcía de Campos;Mujeres;2005;184
47;Valladolid;47207 Villagarcía de Campos;Mujeres;2004;195
47;Valladolid;47207 Villagarcía de Campos;Mujeres;2003;198
47;Valladolid;47207 Villagarcía de Campos;Mujeres;2002;202
47;Valladolid;47207 Villagarcía de Campos;Mujeres;2001;205
47;Valladolid;47207 Villagarcía de Campos;Mujeres;2000;207
47;Valladolid;47207 Villagarcía de Campos;Mujeres;1999;210
47;Valladolid;47207 Villagarcía de Campos;Mujeres;1998;210
47;Valladolid;47207 Villagarcía de Campos;Mujeres;1997;
47;Valladolid;47207 Villagarcía de Campos;Mujeres;1996;208
47;Valladolid;47208 Villagómez la Nueva;Total;2023;54
47;Valladolid;47208 Villagómez la Nueva;Total;2022;58
47;Valladolid;47208 Villagómez la Nueva;Total;2021;63
47;Valladolid;47208 Villagómez la Nueva;Total;2020;64
47;Valladolid;47208 Villagómez la Nueva;Total;2019;68
47;Valladolid;47208 Villagómez la Nueva;Total;2018;67
47;Valladolid;47208 Villagómez la Nueva;Total;2017;65
47;Valladolid;47208 Villagómez la Nueva;Total;2016;69
47;Valladolid;47208 Villagómez la Nueva;Total;2015;71
47;Valladolid;47208 Villagómez la Nueva;Total;2014;68
47;Valladolid;47208 Villagómez la Nueva;Total;2013;69
47;Valladolid;47208 Villagómez la Nueva;Total;2012;67
47;Valladolid;47208 Villagómez la Nueva;Total;2011;69
47;Valladolid;47208 Villagómez la Nueva;Total;2010;71
47;Valladolid;47208 Villagómez la Nueva;Total;2009;74
47;Valladolid;47208 Villagómez la Nueva;Total;2008;73
47;Valladolid;47208 Villagómez la Nueva;Total;2007;75
47;Valladolid;47208 Villagómez la Nueva;Total;2006;80
47;Valladolid;47208 Villagómez la Nueva;Total;2005;81
47;Valladolid;47208 Villagómez la Nueva;Total;2004;87
47;Valladolid;47208 Villagómez la Nueva;Total;2003;90
47;Valladolid;47208 Villagómez la Nueva;Total;2002;90
47;Valladolid;47208 Villagómez la Nueva;Total;2001;93
47;Valladolid;47208 Villagómez la Nueva;Total;2000;98
47;Valladolid;47208 Villagómez la Nueva;Total;1999;106
47;Valladolid;47208 Villagómez la Nueva;Total;1998;106
47;Valladolid;47208 Villagómez la Nueva;Total;1997;
47;Valladolid;47208 Villagómez la Nueva;Total;1996;109
47;Valladolid;47208 Villagómez la Nueva;Hombres;2023;30
47;Valladolid;47208 Villagómez la Nueva;Hombres;2022;33
47;Valladolid;47208 Villagómez la Nueva;Hombres;2021;34
47;Valladolid;47208 Villagómez la Nueva;Hombres;2020;34
47;Valladolid;47208 Villagómez la Nueva;Hombres;2019;35
47;Valladolid;47208 Villagómez la Nueva;Hombres;2018;34
47;Valladolid;47208 Villagómez la Nueva;Hombres;2017;34
47;Valladolid;47208 Villagómez la Nueva;Hombres;2016;37
47;Valladolid;47208 Villagómez la Nueva;Hombres;2015;37
47;Valladolid;47208 Villagómez la Nueva;Hombres;2014;35
47;Valladolid;47208 Villagómez la Nueva;Hombres;2013;38
47;Valladolid;47208 Villagómez la Nueva;Hombres;2012;36
47;Valladolid;47208 Villagómez la Nueva;Hombres;2011;38
47;Valladolid;47208 Villagómez la Nueva;Hombres;2010;37
47;Valladolid;47208 Villagómez la Nueva;Hombres;2009;39
47;Valladolid;47208 Villagómez la Nueva;Hombres;2008;39
47;Valladolid;47208 Villagómez la Nueva;Hombres;2007;41
47;Valladolid;47208 Villagómez la Nueva;Hombres;2006;42
47;Valladolid;47208 Villagómez la Nueva;Hombres;2005;42
47;Valladolid;47208 Villagómez la Nueva;Hombres;2004;44
47;Valladolid;47208 Villagómez la Nueva;Hombres;2003;47
47;Valladolid;47208 Villagómez la Nueva;Hombres;2002;44
47;Valladolid;47208 Villagómez la Nueva;Hombres;2001;45
47;Valladolid;47208 Villagómez la Nueva;Hombres;2000;47
47;Valladolid;47208 Villagómez la Nueva;Hombres;1999;49
47;Valladolid;47208 Villagómez la Nueva;Hombres;1998;49
47;Valladolid;47208 Villagómez la Nueva;Hombres;1997;
47;Valladolid;47208 Villagómez la Nueva;Hombres;1996;50
47;Valladolid;47208 Villagómez la Nueva;Mujeres;2023;24
47;Valladolid;47208 Villagómez la Nueva;Mujeres;2022;25
47;Valladolid;47208 Villagómez la Nueva;Mujeres;2021;29
47;Valladolid;47208 Villagómez la Nueva;Mujeres;2020;30
47;Valladolid;47208 Villagómez la Nueva;Mujeres;2019;33
47;Valladolid;47208 Villagómez la Nueva;Mujeres;2018;33
47;Valladolid;47208 Villagómez la Nueva;Mujeres;2017;31
47;Valladolid;47208 Villagómez la Nueva;Mujeres;2016;32
47;Valladolid;47208 Villagómez la Nueva;Mujeres;2015;34
47;Valladolid;47208 Villagómez la Nueva;Mujeres;2014;33
47;Valladolid;47208 Villagómez la Nueva;Mujeres;2013;31
47;Valladolid;47208 Villagómez la Nueva;Mujeres;2012;31
47;Valladolid;47208 Villagómez la Nueva;Mujeres;2011;31
47;Valladolid;47208 Villagómez la Nueva;Mujeres;2010;34
47;Valladolid;47208 Villagómez la Nueva;Mujeres;2009;35
47;Valladolid;47208 Villagómez la Nueva;Mujeres;2008;34
47;Valladolid;47208 Villagómez la Nueva;Mujeres;2007;34
47;Valladolid;47208 Villagómez la Nueva;Mujeres;2006;38
47;Valladolid;47208 Villagómez la Nueva;Mujeres;2005;39
47;Valladolid;47208 Villagómez la Nueva;Mujeres;2004;43
47;Valladolid;47208 Villagómez la Nueva;Mujeres;2003;43
47;Valladolid;47208 Villagómez la Nueva;Mujeres;2002;46
47;Valladolid;47208 Villagómez la Nueva;Mujeres;2001;48
47;Valladolid;47208 Villagómez la Nueva;Mujeres;2000;51
47;Valladolid;47208 Villagómez la Nueva;Mujeres;1999;57
47;Valladolid;47208 Villagómez la Nueva;Mujeres;1998;57
47;Valladolid;47208 Villagómez la Nueva;Mujeres;1997;
47;Valladolid;47208 Villagómez la Nueva;Mujeres;1996;59
47;Valladolid;47209 Villalán de Campos;Total;2023;31
47;Valladolid;47209 Villalán de Campos;Total;2022;38
47;Valladolid;47209 Villalán de Campos;Total;2021;35
47;Valladolid;47209 Villalán de Campos;Total;2020;32
47;Valladolid;47209 Villalán de Campos;Total;2019;33
47;Valladolid;47209 Villalán de Campos;Total;2018;35
47;Valladolid;47209 Villalán de Campos;Total;2017;39
47;Valladolid;47209 Villalán de Campos;Total;2016;44
47;Valladolid;47209 Villalán de Campos;Total;2015;46
47;Valladolid;47209 Villalán de Campos;Total;2014;47
47;Valladolid;47209 Villalán de Campos;Total;2013;47
47;Valladolid;47209 Villalán de Campos;Total;2012;44
47;Valladolid;47209 Villalán de Campos;Total;2011;49
47;Valladolid;47209 Villalán de Campos;Total;2010;51
47;Valladolid;47209 Villalán de Campos;Total;2009;51
47;Valladolid;47209 Villalán de Campos;Total;2008;49
47;Valladolid;47209 Villalán de Campos;Total;2007;49
47;Valladolid;47209 Villalán de Campos;Total;2006;51
47;Valladolid;47209 Villalán de Campos;Total;2005;53
47;Valladolid;47209 Villalán de Campos;Total;2004;52
47;Valladolid;47209 Villalán de Campos;Total;2003;53
47;Valladolid;47209 Villalán de Campos;Total;2002;55
47;Valladolid;47209 Villalán de Campos;Total;2001;57
47;Valladolid;47209 Villalán de Campos;Total;2000;55
47;Valladolid;47209 Villalán de Campos;Total;1999;58
47;Valladolid;47209 Villalán de Campos;Total;1998;58
47;Valladolid;47209 Villalán de Campos;Total;1997;
47;Valladolid;47209 Villalán de Campos;Total;1996;54
47;Valladolid;47209 Villalán de Campos;Hombres;2023;20
47;Valladolid;47209 Villalán de Campos;Hombres;2022;24
47;Valladolid;47209 Villalán de Campos;Hombres;2021;22
47;Valladolid;47209 Villalán de Campos;Hombres;2020;20
47;Valladolid;47209 Villalán de Campos;Hombres;2019;21
47;Valladolid;47209 Villalán de Campos;Hombres;2018;23
47;Valladolid;47209 Villalán de Campos;Hombres;2017;25
47;Valladolid;47209 Villalán de Campos;Hombres;2016;28
47;Valladolid;47209 Villalán de Campos;Hombres;2015;29
47;Valladolid;47209 Villalán de Campos;Hombres;2014;28
47;Valladolid;47209 Villalán de Campos;Hombres;2013;26
47;Valladolid;47209 Villalán de Campos;Hombres;2012;25
47;Valladolid;47209 Villalán de Campos;Hombres;2011;27
47;Valladolid;47209 Villalán de Campos;Hombres;2010;28
47;Valladolid;47209 Villalán de Campos;Hombres;2009;29
47;Valladolid;47209 Villalán de Campos;Hombres;2008;27
47;Valladolid;47209 Villalán de Campos;Hombres;2007;24
47;Valladolid;47209 Villalán de Campos;Hombres;2006;26
47;Valladolid;47209 Villalán de Campos;Hombres;2005;28
47;Valladolid;47209 Villalán de Campos;Hombres;2004;27
47;Valladolid;47209 Villalán de Campos;Hombres;2003;28
47;Valladolid;47209 Villalán de Campos;Hombres;2002;29
47;Valladolid;47209 Villalán de Campos;Hombres;2001;30
47;Valladolid;47209 Villalán de Campos;Hombres;2000;28
47;Valladolid;47209 Villalán de Campos;Hombres;1999;27
47;Valladolid;47209 Villalán de Campos;Hombres;1998;27
47;Valladolid;47209 Villalán de Campos;Hombres;1997;
47;Valladolid;47209 Villalán de Campos;Hombres;1996;26
47;Valladolid;47209 Villalán de Campos;Mujeres;2023;11
47;Valladolid;47209 Villalán de Campos;Mujeres;2022;14
47;Valladolid;47209 Villalán de Campos;Mujeres;2021;13
47;Valladolid;47209 Villalán de Campos;Mujeres;2020;12
47;Valladolid;47209 Villalán de Campos;Mujeres;2019;12
47;Valladolid;47209 Villalán de Campos;Mujeres;2018;12
47;Valladolid;47209 Villalán de Campos;Mujeres;2017;14
47;Valladolid;47209 Villalán de Campos;Mujeres;2016;16
47;Valladolid;47209 Villalán de Campos;Mujeres;2015;17
47;Valladolid;47209 Villalán de Campos;Mujeres;2014;19
47;Valladolid;47209 Villalán de Campos;Mujeres;2013;21
47;Valladolid;47209 Villalán de Campos;Mujeres;2012;19
47;Valladolid;47209 Villalán de Campos;Mujeres;2011;22
47;Valladolid;47209 Villalán de Campos;Mujeres;2010;23
47;Valladolid;47209 Villalán de Campos;Mujeres;2009;22
47;Valladolid;47209 Villalán de Campos;Mujeres;2008;22
47;Valladolid;47209 Villalán de Campos;Mujeres;2007;25
47;Valladolid;47209 Villalán de Campos;Mujeres;2006;25
47;Valladolid;47209 Villalán de Campos;Mujeres;2005;25
47;Valladolid;47209 Villalán de Campos;Mujeres;2004;25
47;Valladolid;47209 Villalán de Campos;Mujeres;2003;25
47;Valladolid;47209 Villalán de Campos;Mujeres;2002;26
47;Valladolid;47209 Villalán de Campos;Mujeres;2001;27
47;Valladolid;47209 Villalán de Campos;Mujeres;2000;27
47;Valladolid;47209 Villalán de Campos;Mujeres;1999;31
47;Valladolid;47209 Villalán de Campos;Mujeres;1998;31
47;Valladolid;47209 Villalán de Campos;Mujeres;1997;
47;Valladolid;47209 Villalán de Campos;Mujeres;1996;28
47;Valladolid;47210 Villalar de los Comuneros;Total;2023;484
47;Valladolid;47210 Villalar de los Comuneros;Total;2022;493
47;Valladolid;47210 Villalar de los Comuneros;Total;2021;473
47;Valladolid;47210 Villalar de los Comuneros;Total;2020;468
47;Valladolid;47210 Villalar de los Comuneros;Total;2019;468
47;Valladolid;47210 Villalar de los Comuneros;Total;2018;458
47;Valladolid;47210 Villalar de los Comuneros;Total;2017;458
47;Valladolid;47210 Villalar de los Comuneros;Total;2016;440
47;Valladolid;47210 Villalar de los Comuneros;Total;2015;437
47;Valladolid;47210 Villalar de los Comuneros;Total;2014;443
47;Valladolid;47210 Villalar de los Comuneros;Total;2013;459
47;Valladolid;47210 Villalar de los Comuneros;Total;2012;468
47;Valladolid;47210 Villalar de los Comuneros;Total;2011;470
47;Valladolid;47210 Villalar de los Comuneros;Total;2010;459
47;Valladolid;47210 Villalar de los Comuneros;Total;2009;466
47;Valladolid;47210 Villalar de los Comuneros;Total;2008;457
47;Valladolid;47210 Villalar de los Comuneros;Total;2007;435
47;Valladolid;47210 Villalar de los Comuneros;Total;2006;433
47;Valladolid;47210 Villalar de los Comuneros;Total;2005;444
47;Valladolid;47210 Villalar de los Comuneros;Total;2004;449
47;Valladolid;47210 Villalar de los Comuneros;Total;2003;464
47;Valladolid;47210 Villalar de los Comuneros;Total;2002;486
47;Valladolid;47210 Villalar de los Comuneros;Total;2001;500
47;Valladolid;47210 Villalar de los Comuneros;Total;2000;498
47;Valladolid;47210 Villalar de los Comuneros;Total;1999;500
47;Valladolid;47210 Villalar de los Comuneros;Total;1998;502
47;Valladolid;47210 Villalar de los Comuneros;Total;1997;
47;Valladolid;47210 Villalar de los Comuneros;Total;1996;510
47;Valladolid;47210 Villalar de los Comuneros;Hombres;2023;232
47;Valladolid;47210 Villalar de los Comuneros;Hombres;2022;240
47;Valladolid;47210 Villalar de los Comuneros;Hombres;2021;229
47;Valladolid;47210 Villalar de los Comuneros;Hombres;2020;225
47;Valladolid;47210 Villalar de los Comuneros;Hombres;2019;225
47;Valladolid;47210 Villalar de los Comuneros;Hombres;2018;221
47;Valladolid;47210 Villalar de los Comuneros;Hombres;2017;221
47;Valladolid;47210 Villalar de los Comuneros;Hombres;2016;218
47;Valladolid;47210 Villalar de los Comuneros;Hombres;2015;214
47;Valladolid;47210 Villalar de los Comuneros;Hombres;2014;219
47;Valladolid;47210 Villalar de los Comuneros;Hombres;2013;224
47;Valladolid;47210 Villalar de los Comuneros;Hombres;2012;229
47;Valladolid;47210 Villalar de los Comuneros;Hombres;2011;229
47;Valladolid;47210 Villalar de los Comuneros;Hombres;2010;227
47;Valladolid;47210 Villalar de los Comuneros;Hombres;2009;234
47;Valladolid;47210 Villalar de los Comuneros;Hombres;2008;227
47;Valladolid;47210 Villalar de los Comuneros;Hombres;2007;209
47;Valladolid;47210 Villalar de los Comuneros;Hombres;2006;207
47;Valladolid;47210 Villalar de los Comuneros;Hombres;2005;213
47;Valladolid;47210 Villalar de los Comuneros;Hombres;2004;217
47;Valladolid;47210 Villalar de los Comuneros;Hombres;2003;223
47;Valladolid;47210 Villalar de los Comuneros;Hombres;2002;233
47;Valladolid;47210 Villalar de los Comuneros;Hombres;2001;239
47;Valladolid;47210 Villalar de los Comuneros;Hombres;2000;238
47;Valladolid;47210 Villalar de los Comuneros;Hombres;1999;239
47;Valladolid;47210 Villalar de los Comuneros;Hombres;1998;242
47;Valladolid;47210 Villalar de los Comuneros;Hombres;1997;
47;Valladolid;47210 Villalar de los Comuneros;Hombres;1996;252
47;Valladolid;47210 Villalar de los Comuneros;Mujeres;2023;252
47;Valladolid;47210 Villalar de los Comuneros;Mujeres;2022;253
47;Valladolid;47210 Villalar de los Comuneros;Mujeres;2021;244
47;Valladolid;47210 Villalar de los Comuneros;Mujeres;2020;243
47;Valladolid;47210 Villalar de los Comuneros;Mujeres;2019;243
47;Valladolid;47210 Villalar de los Comuneros;Mujeres;2018;237
47;Valladolid;47210 Villalar de los Comuneros;Mujeres;2017;237
47;Valladolid;47210 Villalar de los Comuneros;Mujeres;2016;222
47;Valladolid;47210 Villalar de los Comuneros;Mujeres;2015;223
47;Valladolid;47210 Villalar de los Comuneros;Mujeres;2014;224
47;Valladolid;47210 Villalar de los Comuneros;Mujeres;2013;235
47;Valladolid;47210 Villalar de los Comuneros;Mujeres;2012;239
47;Valladolid;47210 Villalar de los Comuneros;Mujeres;2011;241
47;Valladolid;47210 Villalar de los Comuneros;Mujeres;2010;232
47;Valladolid;47210 Villalar de los Comuneros;Mujeres;2009;232
47;Valladolid;47210 Villalar de los Comuneros;Mujeres;2008;230
47;Valladolid;47210 Villalar de los Comuneros;Mujeres;2007;226
47;Valladolid;47210 Villalar de los Comuneros;Mujeres;2006;226
47;Valladolid;47210 Villalar de los Comuneros;Mujeres;2005;231
47;Valladolid;47210 Villalar de los Comuneros;Mujeres;2004;232
47;Valladolid;47210 Villalar de los Comuneros;Mujeres;2003;241
47;Valladolid;47210 Villalar de los Comuneros;Mujeres;2002;253
47;Valladolid;47210 Villalar de los Comuneros;Mujeres;2001;261
47;Valladolid;47210 Villalar de los Comuneros;Mujeres;2000;260
47;Valladolid;47210 Villalar de los Comuneros;Mujeres;1999;261
47;Valladolid;47210 Villalar de los Comuneros;Mujeres;1998;260
47;Valladolid;47210 Villalar de los Comuneros;Mujeres;1997;
47;Valladolid;47210 Villalar de los Comuneros;Mujeres;1996;258
47;Valladolid;47211 Villalba de la Loma;Total;2023;61
47;Valladolid;47211 Villalba de la Loma;Total;2022;59
47;Valladolid;47211 Villalba de la Loma;Total;2021;46
47;Valladolid;47211 Villalba de la Loma;Total;2020;50
47;Valladolid;47211 Villalba de la Loma;Total;2019;55
47;Valladolid;47211 Villalba de la Loma;Total;2018;55
47;Valladolid;47211 Villalba de la Loma;Total;2017;54
47;Valladolid;47211 Villalba de la Loma;Total;2016;59
47;Valladolid;47211 Villalba de la Loma;Total;2015;62
47;Valladolid;47211 Villalba de la Loma;Total;2014;62
47;Valladolid;47211 Villalba de la Loma;Total;2013;61
47;Valladolid;47211 Villalba de la Loma;Total;2012;60
47;Valladolid;47211 Villalba de la Loma;Total;2011;52
47;Valladolid;47211 Villalba de la Loma;Total;2010;57
47;Valladolid;47211 Villalba de la Loma;Total;2009;54
47;Valladolid;47211 Villalba de la Loma;Total;2008;47
47;Valladolid;47211 Villalba de la Loma;Total;2007;48
47;Valladolid;47211 Villalba de la Loma;Total;2006;50
47;Valladolid;47211 Villalba de la Loma;Total;2005;52
47;Valladolid;47211 Villalba de la Loma;Total;2004;46
47;Valladolid;47211 Villalba de la Loma;Total;2003;47
47;Valladolid;47211 Villalba de la Loma;Total;2002;46
47;Valladolid;47211 Villalba de la Loma;Total;2001;45
47;Valladolid;47211 Villalba de la Loma;Total;2000;47
47;Valladolid;47211 Villalba de la Loma;Total;1999;49
47;Valladolid;47211 Villalba de la Loma;Total;1998;48
47;Valladolid;47211 Villalba de la Loma;Total;1997;
47;Valladolid;47211 Villalba de la Loma;Total;1996;50
47;Valladolid;47211 Villalba de la Loma;Hombres;2023;31
47;Valladolid;47211 Villalba de la Loma;Hombres;2022;30
47;Valladolid;47211 Villalba de la Loma;Hombres;2021;24
47;Valladolid;47211 Villalba de la Loma;Hombres;2020;26
47;Valladolid;47211 Villalba de la Loma;Hombres;2019;30
47;Valladolid;47211 Villalba de la Loma;Hombres;2018;30
47;Valladolid;47211 Villalba de la Loma;Hombres;2017;29
47;Valladolid;47211 Villalba de la Loma;Hombres;2016;29
47;Valladolid;47211 Villalba de la Loma;Hombres;2015;31
47;Valladolid;47211 Villalba de la Loma;Hombres;2014;30
47;Valladolid;47211 Villalba de la Loma;Hombres;2013;30
47;Valladolid;47211 Villalba de la Loma;Hombres;2012;30
47;Valladolid;47211 Villalba de la Loma;Hombres;2011;28
47;Valladolid;47211 Villalba de la Loma;Hombres;2010;30
47;Valladolid;47211 Villalba de la Loma;Hombres;2009;28
47;Valladolid;47211 Villalba de la Loma;Hombres;2008;25
47;Valladolid;47211 Villalba de la Loma;Hombres;2007;25
47;Valladolid;47211 Villalba de la Loma;Hombres;2006;27
47;Valladolid;47211 Villalba de la Loma;Hombres;2005;30
47;Valladolid;47211 Villalba de la Loma;Hombres;2004;25
47;Valladolid;47211 Villalba de la Loma;Hombres;2003;25
47;Valladolid;47211 Villalba de la Loma;Hombres;2002;26
47;Valladolid;47211 Villalba de la Loma;Hombres;2001;26
47;Valladolid;47211 Villalba de la Loma;Hombres;2000;27
47;Valladolid;47211 Villalba de la Loma;Hombres;1999;27
47;Valladolid;47211 Villalba de la Loma;Hombres;1998;26
47;Valladolid;47211 Villalba de la Loma;Hombres;1997;
47;Valladolid;47211 Villalba de la Loma;Hombres;1996;26
47;Valladolid;47211 Villalba de la Loma;Mujeres;2023;30
47;Valladolid;47211 Villalba de la Loma;Mujeres;2022;29
47;Valladolid;47211 Villalba de la Loma;Mujeres;2021;22
47;Valladolid;47211 Villalba de la Loma;Mujeres;2020;24
47;Valladolid;47211 Villalba de la Loma;Mujeres;2019;25
47;Valladolid;47211 Villalba de la Loma;Mujeres;2018;25
47;Valladolid;47211 Villalba de la Loma;Mujeres;2017;25
47;Valladolid;47211 Villalba de la Loma;Mujeres;2016;30
47;Valladolid;47211 Villalba de la Loma;Mujeres;2015;31
47;Valladolid;47211 Villalba de la Loma;Mujeres;2014;32
47;Valladolid;47211 Villalba de la Loma;Mujeres;2013;31
47;Valladolid;47211 Villalba de la Loma;Mujeres;2012;30
47;Valladolid;47211 Villalba de la Loma;Mujeres;2011;24
47;Valladolid;47211 Villalba de la Loma;Mujeres;2010;27
47;Valladolid;47211 Villalba de la Loma;Mujeres;2009;26
47;Valladolid;47211 Villalba de la Loma;Mujeres;2008;22
47;Valladolid;47211 Villalba de la Loma;Mujeres;2007;23
47;Valladolid;47211 Villalba de la Loma;Mujeres;2006;23
47;Valladolid;47211 Villalba de la Loma;Mujeres;2005;22
47;Valladolid;47211 Villalba de la Loma;Mujeres;2004;21
47;Valladolid;47211 Villalba de la Loma;Mujeres;2003;22
47;Valladolid;47211 Villalba de la Loma;Mujeres;2002;20
47;Valladolid;47211 Villalba de la Loma;Mujeres;2001;19
47;Valladolid;47211 Villalba de la Loma;Mujeres;2000;20
47;Valladolid;47211 Villalba de la Loma;Mujeres;1999;22
47;Valladolid;47211 Villalba de la Loma;Mujeres;1998;22
47;Valladolid;47211 Villalba de la Loma;Mujeres;1997;
47;Valladolid;47211 Villalba de la Loma;Mujeres;1996;24
47;Valladolid;47212 Villalba de los Alcores;Total;2023;388
47;Valladolid;47212 Villalba de los Alcores;Total;2022;374
47;Valladolid;47212 Villalba de los Alcores;Total;2021;370
47;Valladolid;47212 Villalba de los Alcores;Total;2020;368
47;Valladolid;47212 Villalba de los Alcores;Total;2019;379
47;Valladolid;47212 Villalba de los Alcores;Total;2018;400
47;Valladolid;47212 Villalba de los Alcores;Total;2017;409
47;Valladolid;47212 Villalba de los Alcores;Total;2016;422
47;Valladolid;47212 Villalba de los Alcores;Total;2015;420
47;Valladolid;47212 Villalba de los Alcores;Total;2014;411
47;Valladolid;47212 Villalba de los Alcores;Total;2013;404
47;Valladolid;47212 Villalba de los Alcores;Total;2012;461
47;Valladolid;47212 Villalba de los Alcores;Total;2011;481
47;Valladolid;47212 Villalba de los Alcores;Total;2010;474
47;Valladolid;47212 Villalba de los Alcores;Total;2009;488
47;Valladolid;47212 Villalba de los Alcores;Total;2008;501
47;Valladolid;47212 Villalba de los Alcores;Total;2007;508
47;Valladolid;47212 Villalba de los Alcores;Total;2006;511
47;Valladolid;47212 Villalba de los Alcores;Total;2005;531
47;Valladolid;47212 Villalba de los Alcores;Total;2004;537
47;Valladolid;47212 Villalba de los Alcores;Total;2003;548
47;Valladolid;47212 Villalba de los Alcores;Total;2002;566
47;Valladolid;47212 Villalba de los Alcores;Total;2001;574
47;Valladolid;47212 Villalba de los Alcores;Total;2000;581
47;Valladolid;47212 Villalba de los Alcores;Total;1999;566
47;Valladolid;47212 Villalba de los Alcores;Total;1998;566
47;Valladolid;47212 Villalba de los Alcores;Total;1997;
47;Valladolid;47212 Villalba de los Alcores;Total;1996;589
47;Valladolid;47212 Villalba de los Alcores;Hombres;2023;216
47;Valladolid;47212 Villalba de los Alcores;Hombres;2022;206
47;Valladolid;47212 Villalba de los Alcores;Hombres;2021;201
47;Valladolid;47212 Villalba de los Alcores;Hombres;2020;200
47;Valladolid;47212 Villalba de los Alcores;Hombres;2019;206
47;Valladolid;47212 Villalba de los Alcores;Hombres;2018;217
47;Valladolid;47212 Villalba de los Alcores;Hombres;2017;221
47;Valladolid;47212 Villalba de los Alcores;Hombres;2016;230
47;Valladolid;47212 Villalba de los Alcores;Hombres;2015;227
47;Valladolid;47212 Villalba de los Alcores;Hombres;2014;224
47;Valladolid;47212 Villalba de los Alcores;Hombres;2013;222
47;Valladolid;47212 Villalba de los Alcores;Hombres;2012;251
47;Valladolid;47212 Villalba de los Alcores;Hombres;2011;263
47;Valladolid;47212 Villalba de los Alcores;Hombres;2010;255
47;Valladolid;47212 Villalba de los Alcores;Hombres;2009;263
47;Valladolid;47212 Villalba de los Alcores;Hombres;2008;266
47;Valladolid;47212 Villalba de los Alcores;Hombres;2007;270
47;Valladolid;47212 Villalba de los Alcores;Hombres;2006;270
47;Valladolid;47212 Villalba de los Alcores;Hombres;2005;277
47;Valladolid;47212 Villalba de los Alcores;Hombres;2004;282
47;Valladolid;47212 Villalba de los Alcores;Hombres;2003;288
47;Valladolid;47212 Villalba de los Alcores;Hombres;2002;296
47;Valladolid;47212 Villalba de los Alcores;Hombres;2001;305
47;Valladolid;47212 Villalba de los Alcores;Hombres;2000;309
47;Valladolid;47212 Villalba de los Alcores;Hombres;1999;297
47;Valladolid;47212 Villalba de los Alcores;Hombres;1998;297
47;Valladolid;47212 Villalba de los Alcores;Hombres;1997;
47;Valladolid;47212 Villalba de los Alcores;Hombres;1996;307
47;Valladolid;47212 Villalba de los Alcores;Mujeres;2023;172
47;Valladolid;47212 Villalba de los Alcores;Mujeres;2022;168
47;Valladolid;47212 Villalba de los Alcores;Mujeres;2021;169
47;Valladolid;47212 Villalba de los Alcores;Mujeres;2020;168
47;Valladolid;47212 Villalba de los Alcores;Mujeres;2019;173
47;Valladolid;47212 Villalba de los Alcores;Mujeres;2018;183
47;Valladolid;47212 Villalba de los Alcores;Mujeres;2017;188
47;Valladolid;47212 Villalba de los Alcores;Mujeres;2016;192
47;Valladolid;47212 Villalba de los Alcores;Mujeres;2015;193
47;Valladolid;47212 Villalba de los Alcores;Mujeres;2014;187
47;Valladolid;47212 Villalba de los Alcores;Mujeres;2013;182
47;Valladolid;47212 Villalba de los Alcores;Mujeres;2012;210
47;Valladolid;47212 Villalba de los Alcores;Mujeres;2011;218
47;Valladolid;47212 Villalba de los Alcores;Mujeres;2010;219
47;Valladolid;47212 Villalba de los Alcores;Mujeres;2009;225
47;Valladolid;47212 Villalba de los Alcores;Mujeres;2008;235
47;Valladolid;47212 Villalba de los Alcores;Mujeres;2007;238
47;Valladolid;47212 Villalba de los Alcores;Mujeres;2006;241
47;Valladolid;47212 Villalba de los Alcores;Mujeres;2005;254
47;Valladolid;47212 Villalba de los Alcores;Mujeres;2004;255
47;Valladolid;47212 Villalba de los Alcores;Mujeres;2003;260
47;Valladolid;47212 Villalba de los Alcores;Mujeres;2002;270
47;Valladolid;47212 Villalba de los Alcores;Mujeres;2001;269
47;Valladolid;47212 Villalba de los Alcores;Mujeres;2000;272
47;Valladolid;47212 Villalba de los Alcores;Mujeres;1999;269
47;Valladolid;47212 Villalba de los Alcores;Mujeres;1998;269
47;Valladolid;47212 Villalba de los Alcores;Mujeres;1997;
47;Valladolid;47212 Villalba de los Alcores;Mujeres;1996;282
47;Valladolid;47213 Villalbarba;Total;2023;106
47;Valladolid;47213 Villalbarba;Total;2022;102
47;Valladolid;47213 Villalbarba;Total;2021;109
47;Valladolid;47213 Villalbarba;Total;2020;115
47;Valladolid;47213 Villalbarba;Total;2019;121
47;Valladolid;47213 Villalbarba;Total;2018;123
47;Valladolid;47213 Villalbarba;Total;2017;121
47;Valladolid;47213 Villalbarba;Total;2016;118
47;Valladolid;47213 Villalbarba;Total;2015;130
47;Valladolid;47213 Villalbarba;Total;2014;132
47;Valladolid;47213 Villalbarba;Total;2013;135
47;Valladolid;47213 Villalbarba;Total;2012;133
47;Valladolid;47213 Villalbarba;Total;2011;137
47;Valladolid;47213 Villalbarba;Total;2010;138
47;Valladolid;47213 Villalbarba;Total;2009;138
47;Valladolid;47213 Villalbarba;Total;2008;143
47;Valladolid;47213 Villalbarba;Total;2007;143
47;Valladolid;47213 Villalbarba;Total;2006;149
47;Valladolid;47213 Villalbarba;Total;2005;149
47;Valladolid;47213 Villalbarba;Total;2004;156
47;Valladolid;47213 Villalbarba;Total;2003;160
47;Valladolid;47213 Villalbarba;Total;2002;162
47;Valladolid;47213 Villalbarba;Total;2001;165
47;Valladolid;47213 Villalbarba;Total;2000;167
47;Valladolid;47213 Villalbarba;Total;1999;172
47;Valladolid;47213 Villalbarba;Total;1998;173
47;Valladolid;47213 Villalbarba;Total;1997;
47;Valladolid;47213 Villalbarba;Total;1996;175
47;Valladolid;47213 Villalbarba;Hombres;2023;53
47;Valladolid;47213 Villalbarba;Hombres;2022;53
47;Valladolid;47213 Villalbarba;Hombres;2021;55
47;Valladolid;47213 Villalbarba;Hombres;2020;55
47;Valladolid;47213 Villalbarba;Hombres;2019;60
47;Valladolid;47213 Villalbarba;Hombres;2018;62
47;Valladolid;47213 Villalbarba;Hombres;2017;63
47;Valladolid;47213 Villalbarba;Hombres;2016;62
47;Valladolid;47213 Villalbarba;Hombres;2015;68
47;Valladolid;47213 Villalbarba;Hombres;2014;69
47;Valladolid;47213 Villalbarba;Hombres;2013;69
47;Valladolid;47213 Villalbarba;Hombres;2012;66
47;Valladolid;47213 Villalbarba;Hombres;2011;69
47;Valladolid;47213 Villalbarba;Hombres;2010;69
47;Valladolid;47213 Villalbarba;Hombres;2009;68
47;Valladolid;47213 Villalbarba;Hombres;2008;72
47;Valladolid;47213 Villalbarba;Hombres;2007;71
47;Valladolid;47213 Villalbarba;Hombres;2006;71
47;Valladolid;47213 Villalbarba;Hombres;2005;74
47;Valladolid;47213 Villalbarba;Hombres;2004;78
47;Valladolid;47213 Villalbarba;Hombres;2003;80
47;Valladolid;47213 Villalbarba;Hombres;2002;82
47;Valladolid;47213 Villalbarba;Hombres;2001;83
47;Valladolid;47213 Villalbarba;Hombres;2000;83
47;Valladolid;47213 Villalbarba;Hombres;1999;85
47;Valladolid;47213 Villalbarba;Hombres;1998;85
47;Valladolid;47213 Villalbarba;Hombres;1997;
47;Valladolid;47213 Villalbarba;Hombres;1996;86
47;Valladolid;47213 Villalbarba;Mujeres;2023;53
47;Valladolid;47213 Villalbarba;Mujeres;2022;49
47;Valladolid;47213 Villalbarba;Mujeres;2021;54
47;Valladolid;47213 Villalbarba;Mujeres;2020;60
47;Valladolid;47213 Villalbarba;Mujeres;2019;61
47;Valladolid;47213 Villalbarba;Mujeres;2018;61
47;Valladolid;47213 Villalbarba;Mujeres;2017;58
47;Valladolid;47213 Villalbarba;Mujeres;2016;56
47;Valladolid;47213 Villalbarba;Mujeres;2015;62
47;Valladolid;47213 Villalbarba;Mujeres;2014;63
47;Valladolid;47213 Villalbarba;Mujeres;2013;66
47;Valladolid;47213 Villalbarba;Mujeres;2012;67
47;Valladolid;47213 Villalbarba;Mujeres;2011;68
47;Valladolid;47213 Villalbarba;Mujeres;2010;69
47;Valladolid;47213 Villalbarba;Mujeres;2009;70
47;Valladolid;47213 Villalbarba;Mujeres;2008;71
47;Valladolid;47213 Villalbarba;Mujeres;2007;72
47;Valladolid;47213 Villalbarba;Mujeres;2006;78
47;Valladolid;47213 Villalbarba;Mujeres;2005;75
47;Valladolid;47213 Villalbarba;Mujeres;2004;78
47;Valladolid;47213 Villalbarba;Mujeres;2003;80
47;Valladolid;47213 Villalbarba;Mujeres;2002;80
47;Valladolid;47213 Villalbarba;Mujeres;2001;82
47;Valladolid;47213 Villalbarba;Mujeres;2000;84
47;Valladolid;47213 Villalbarba;Mujeres;1999;87
47;Valladolid;47213 Villalbarba;Mujeres;1998;88
47;Valladolid;47213 Villalbarba;Mujeres;1997;
47;Valladolid;47213 Villalbarba;Mujeres;1996;89
47;Valladolid;47214 Villalón de Campos;Total;2023;1526
47;Valladolid;47214 Villalón de Campos;Total;2022;1523
47;Valladolid;47214 Villalón de Campos;Total;2021;1526
47;Valladolid;47214 Villalón de Campos;Total;2020;1561
47;Valladolid;47214 Villalón de Campos;Total;2019;1602
47;Valladolid;47214 Villalón de Campos;Total;2018;1606
47;Valladolid;47214 Villalón de Campos;Total;2017;1652
47;Valladolid;47214 Villalón de Campos;Total;2016;1689
47;Valladolid;47214 Villalón de Campos;Total;2015;1716
47;Valladolid;47214 Villalón de Campos;Total;2014;1733
47;Valladolid;47214 Villalón de Campos;Total;2013;1820
47;Valladolid;47214 Villalón de Campos;Total;2012;1858
47;Valladolid;47214 Villalón de Campos;Total;2011;1890
47;Valladolid;47214 Villalón de Campos;Total;2010;1911
47;Valladolid;47214 Villalón de Campos;Total;2009;1915
47;Valladolid;47214 Villalón de Campos;Total;2008;1942
47;Valladolid;47214 Villalón de Campos;Total;2007;1971
47;Valladolid;47214 Villalón de Campos;Total;2006;1990
47;Valladolid;47214 Villalón de Campos;Total;2005;2024
47;Valladolid;47214 Villalón de Campos;Total;2004;2040
47;Valladolid;47214 Villalón de Campos;Total;2003;2019
47;Valladolid;47214 Villalón de Campos;Total;2002;2008
47;Valladolid;47214 Villalón de Campos;Total;2001;2056
47;Valladolid;47214 Villalón de Campos;Total;2000;2101
47;Valladolid;47214 Villalón de Campos;Total;1999;2168
47;Valladolid;47214 Villalón de Campos;Total;1998;2168
47;Valladolid;47214 Villalón de Campos;Total;1997;
47;Valladolid;47214 Villalón de Campos;Total;1996;2166
47;Valladolid;47214 Villalón de Campos;Hombres;2023;751
47;Valladolid;47214 Villalón de Campos;Hombres;2022;752
47;Valladolid;47214 Villalón de Campos;Hombres;2021;751
47;Valladolid;47214 Villalón de Campos;Hombres;2020;776
47;Valladolid;47214 Villalón de Campos;Hombres;2019;791
47;Valladolid;47214 Villalón de Campos;Hombres;2018;791
47;Valladolid;47214 Villalón de Campos;Hombres;2017;808
47;Valladolid;47214 Villalón de Campos;Hombres;2016;831
47;Valladolid;47214 Villalón de Campos;Hombres;2015;842
47;Valladolid;47214 Villalón de Campos;Hombres;2014;846
47;Valladolid;47214 Villalón de Campos;Hombres;2013;897
47;Valladolid;47214 Villalón de Campos;Hombres;2012;917
47;Valladolid;47214 Villalón de Campos;Hombres;2011;942
47;Valladolid;47214 Villalón de Campos;Hombres;2010;953
47;Valladolid;47214 Villalón de Campos;Hombres;2009;953
47;Valladolid;47214 Villalón de Campos;Hombres;2008;957
47;Valladolid;47214 Villalón de Campos;Hombres;2007;974
47;Valladolid;47214 Villalón de Campos;Hombres;2006;983
47;Valladolid;47214 Villalón de Campos;Hombres;2005;999
47;Valladolid;47214 Villalón de Campos;Hombres;2004;1003
47;Valladolid;47214 Villalón de Campos;Hombres;2003;1000
47;Valladolid;47214 Villalón de Campos;Hombres;2002;983
47;Valladolid;47214 Villalón de Campos;Hombres;2001;1002
47;Valladolid;47214 Villalón de Campos;Hombres;2000;1020
47;Valladolid;47214 Villalón de Campos;Hombres;1999;1050
47;Valladolid;47214 Villalón de Campos;Hombres;1998;1050
47;Valladolid;47214 Villalón de Campos;Hombres;1997;
47;Valladolid;47214 Villalón de Campos;Hombres;1996;1047
47;Valladolid;47214 Villalón de Campos;Mujeres;2023;775
47;Valladolid;47214 Villalón de Campos;Mujeres;2022;771
47;Valladolid;47214 Villalón de Campos;Mujeres;2021;775
47;Valladolid;47214 Villalón de Campos;Mujeres;2020;785
47;Valladolid;47214 Villalón de Campos;Mujeres;2019;811
47;Valladolid;47214 Villalón de Campos;Mujeres;2018;815
47;Valladolid;47214 Villalón de Campos;Mujeres;2017;844
47;Valladolid;47214 Villalón de Campos;Mujeres;2016;858
47;Valladolid;47214 Villalón de Campos;Mujeres;2015;874
47;Valladolid;47214 Villalón de Campos;Mujeres;2014;887
47;Valladolid;47214 Villalón de Campos;Mujeres;2013;923
47;Valladolid;47214 Villalón de Campos;Mujeres;2012;941
47;Valladolid;47214 Villalón de Campos;Mujeres;2011;948
47;Valladolid;47214 Villalón de Campos;Mujeres;2010;958
47;Valladolid;47214 Villalón de Campos;Mujeres;2009;962
47;Valladolid;47214 Villalón de Campos;Mujeres;2008;985
47;Valladolid;47214 Villalón de Campos;Mujeres;2007;997
47;Valladolid;47214 Villalón de Campos;Mujeres;2006;1007
47;Valladolid;47214 Villalón de Campos;Mujeres;2005;1025
47;Valladolid;47214 Villalón de Campos;Mujeres;2004;1037
47;Valladolid;47214 Villalón de Campos;Mujeres;2003;1019
47;Valladolid;47214 Villalón de Campos;Mujeres;2002;1025
47;Valladolid;47214 Villalón de Campos;Mujeres;2001;1054
47;Valladolid;47214 Villalón de Campos;Mujeres;2000;1081
47;Valladolid;47214 Villalón de Campos;Mujeres;1999;1118
47;Valladolid;47214 Villalón de Campos;Mujeres;1998;1118
47;Valladolid;47214 Villalón de Campos;Mujeres;1997;
47;Valladolid;47214 Villalón de Campos;Mujeres;1996;1119
47;Valladolid;47215 Villamuriel de Campos;Total;2023;55
47;Valladolid;47215 Villamuriel de Campos;Total;2022;47
47;Valladolid;47215 Villamuriel de Campos;Total;2021;49
47;Valladolid;47215 Villamuriel de Campos;Total;2020;49
47;Valladolid;47215 Villamuriel de Campos;Total;2019;52
47;Valladolid;47215 Villamuriel de Campos;Total;2018;53
47;Valladolid;47215 Villamuriel de Campos;Total;2017;56
47;Valladolid;47215 Villamuriel de Campos;Total;2016;59
47;Valladolid;47215 Villamuriel de Campos;Total;2015;58
47;Valladolid;47215 Villamuriel de Campos;Total;2014;58
47;Valladolid;47215 Villamuriel de Campos;Total;2013;62
47;Valladolid;47215 Villamuriel de Campos;Total;2012;64
47;Valladolid;47215 Villamuriel de Campos;Total;2011;69
47;Valladolid;47215 Villamuriel de Campos;Total;2010;80
47;Valladolid;47215 Villamuriel de Campos;Total;2009;81
47;Valladolid;47215 Villamuriel de Campos;Total;2008;81
47;Valladolid;47215 Villamuriel de Campos;Total;2007;80
47;Valladolid;47215 Villamuriel de Campos;Total;2006;78
47;Valladolid;47215 Villamuriel de Campos;Total;2005;78
47;Valladolid;47215 Villamuriel de Campos;Total;2004;81
47;Valladolid;47215 Villamuriel de Campos;Total;2003;78
47;Valladolid;47215 Villamuriel de Campos;Total;2002;83
47;Valladolid;47215 Villamuriel de Campos;Total;2001;86
47;Valladolid;47215 Villamuriel de Campos;Total;2000;93
47;Valladolid;47215 Villamuriel de Campos;Total;1999;94
47;Valladolid;47215 Villamuriel de Campos;Total;1998;97
47;Valladolid;47215 Villamuriel de Campos;Total;1997;
47;Valladolid;47215 Villamuriel de Campos;Total;1996;103
47;Valladolid;47215 Villamuriel de Campos;Hombres;2023;28
47;Valladolid;47215 Villamuriel de Campos;Hombres;2022;23
47;Valladolid;47215 Villamuriel de Campos;Hombres;2021;25
47;Valladolid;47215 Villamuriel de Campos;Hombres;2020;25
47;Valladolid;47215 Villamuriel de Campos;Hombres;2019;27
47;Valladolid;47215 Villamuriel de Campos;Hombres;2018;27
47;Valladolid;47215 Villamuriel de Campos;Hombres;2017;27
47;Valladolid;47215 Villamuriel de Campos;Hombres;2016;29
47;Valladolid;47215 Villamuriel de Campos;Hombres;2015;28
47;Valladolid;47215 Villamuriel de Campos;Hombres;2014;28
47;Valladolid;47215 Villamuriel de Campos;Hombres;2013;31
47;Valladolid;47215 Villamuriel de Campos;Hombres;2012;32
47;Valladolid;47215 Villamuriel de Campos;Hombres;2011;35
47;Valladolid;47215 Villamuriel de Campos;Hombres;2010;40
47;Valladolid;47215 Villamuriel de Campos;Hombres;2009;40
47;Valladolid;47215 Villamuriel de Campos;Hombres;2008;37
47;Valladolid;47215 Villamuriel de Campos;Hombres;2007;37
47;Valladolid;47215 Villamuriel de Campos;Hombres;2006;38
47;Valladolid;47215 Villamuriel de Campos;Hombres;2005;36
47;Valladolid;47215 Villamuriel de Campos;Hombres;2004;35
47;Valladolid;47215 Villamuriel de Campos;Hombres;2003;36
47;Valladolid;47215 Villamuriel de Campos;Hombres;2002;38
47;Valladolid;47215 Villamuriel de Campos;Hombres;2001;39
47;Valladolid;47215 Villamuriel de Campos;Hombres;2000;44
47;Valladolid;47215 Villamuriel de Campos;Hombres;1999;45
47;Valladolid;47215 Villamuriel de Campos;Hombres;1998;48
47;Valladolid;47215 Villamuriel de Campos;Hombres;1997;
47;Valladolid;47215 Villamuriel de Campos;Hombres;1996;52
47;Valladolid;47215 Villamuriel de Campos;Mujeres;2023;27
47;Valladolid;47215 Villamuriel de Campos;Mujeres;2022;24
47;Valladolid;47215 Villamuriel de Campos;Mujeres;2021;24
47;Valladolid;47215 Villamuriel de Campos;Mujeres;2020;24
47;Valladolid;47215 Villamuriel de Campos;Mujeres;2019;25
47;Valladolid;47215 Villamuriel de Campos;Mujeres;2018;26
47;Valladolid;47215 Villamuriel de Campos;Mujeres;2017;29
47;Valladolid;47215 Villamuriel de Campos;Mujeres;2016;30
47;Valladolid;47215 Villamuriel de Campos;Mujeres;2015;30
47;Valladolid;47215 Villamuriel de Campos;Mujeres;2014;30
47;Valladolid;47215 Villamuriel de Campos;Mujeres;2013;31
47;Valladolid;47215 Villamuriel de Campos;Mujeres;2012;32
47;Valladolid;47215 Villamuriel de Campos;Mujeres;2011;34
47;Valladolid;47215 Villamuriel de Campos;Mujeres;2010;40
47;Valladolid;47215 Villamuriel de Campos;Mujeres;2009;41
47;Valladolid;47215 Villamuriel de Campos;Mujeres;2008;44
47;Valladolid;47215 Villamuriel de Campos;Mujeres;2007;43
47;Valladolid;47215 Villamuriel de Campos;Mujeres;2006;40
47;Valladolid;47215 Villamuriel de Campos;Mujeres;2005;42
47;Valladolid;47215 Villamuriel de Campos;Mujeres;2004;46
47;Valladolid;47215 Villamuriel de Campos;Mujeres;2003;42
47;Valladolid;47215 Villamuriel de Campos;Mujeres;2002;45
47;Valladolid;47215 Villamuriel de Campos;Mujeres;2001;47
47;Valladolid;47215 Villamuriel de Campos;Mujeres;2000;49
47;Valladolid;47215 Villamuriel de Campos;Mujeres;1999;49
47;Valladolid;47215 Villamuriel de Campos;Mujeres;1998;49
47;Valladolid;47215 Villamuriel de Campos;Mujeres;1997;
47;Valladolid;47215 Villamuriel de Campos;Mujeres;1996;51
47;Valladolid;47216 Villán de Tordesillas;Total;2023;125
47;Valladolid;47216 Villán de Tordesillas;Total;2022;128
47;Valladolid;47216 Villán de Tordesillas;Total;2021;123
47;Valladolid;47216 Villán de Tordesillas;Total;2020;117
47;Valladolid;47216 Villán de Tordesillas;Total;2019;127
47;Valladolid;47216 Villán de Tordesillas;Total;2018;128
47;Valladolid;47216 Villán de Tordesillas;Total;2017;123
47;Valladolid;47216 Villán de Tordesillas;Total;2016;122
47;Valladolid;47216 Villán de Tordesillas;Total;2015;122
47;Valladolid;47216 Villán de Tordesillas;Total;2014;132
47;Valladolid;47216 Villán de Tordesillas;Total;2013;134
47;Valladolid;47216 Villán de Tordesillas;Total;2012;137
47;Valladolid;47216 Villán de Tordesillas;Total;2011;140
47;Valladolid;47216 Villán de Tordesillas;Total;2010;140
47;Valladolid;47216 Villán de Tordesillas;Total;2009;144
47;Valladolid;47216 Villán de Tordesillas;Total;2008;146
47;Valladolid;47216 Villán de Tordesillas;Total;2007;150
47;Valladolid;47216 Villán de Tordesillas;Total;2006;157
47;Valladolid;47216 Villán de Tordesillas;Total;2005;172
47;Valladolid;47216 Villán de Tordesillas;Total;2004;176
47;Valladolid;47216 Villán de Tordesillas;Total;2003;178
47;Valladolid;47216 Villán de Tordesillas;Total;2002;180
47;Valladolid;47216 Villán de Tordesillas;Total;2001;180
47;Valladolid;47216 Villán de Tordesillas;Total;2000;182
47;Valladolid;47216 Villán de Tordesillas;Total;1999;184
47;Valladolid;47216 Villán de Tordesillas;Total;1998;188
47;Valladolid;47216 Villán de Tordesillas;Total;1997;
47;Valladolid;47216 Villán de Tordesillas;Total;1996;189
47;Valladolid;47216 Villán de Tordesillas;Hombres;2023;70
47;Valladolid;47216 Villán de Tordesillas;Hombres;2022;72
47;Valladolid;47216 Villán de Tordesillas;Hombres;2021;69
47;Valladolid;47216 Villán de Tordesillas;Hombres;2020;67
47;Valladolid;47216 Villán de Tordesillas;Hombres;2019;75
47;Valladolid;47216 Villán de Tordesillas;Hombres;2018;75
47;Valladolid;47216 Villán de Tordesillas;Hombres;2017;73
47;Valladolid;47216 Villán de Tordesillas;Hombres;2016;71
47;Valladolid;47216 Villán de Tordesillas;Hombres;2015;70
47;Valladolid;47216 Villán de Tordesillas;Hombres;2014;74
47;Valladolid;47216 Villán de Tordesillas;Hombres;2013;75
47;Valladolid;47216 Villán de Tordesillas;Hombres;2012;75
47;Valladolid;47216 Villán de Tordesillas;Hombres;2011;76
47;Valladolid;47216 Villán de Tordesillas;Hombres;2010;76
47;Valladolid;47216 Villán de Tordesillas;Hombres;2009;77
47;Valladolid;47216 Villán de Tordesillas;Hombres;2008;76
47;Valladolid;47216 Villán de Tordesillas;Hombres;2007;77
47;Valladolid;47216 Villán de Tordesillas;Hombres;2006;79
47;Valladolid;47216 Villán de Tordesillas;Hombres;2005;86
47;Valladolid;47216 Villán de Tordesillas;Hombres;2004;89
47;Valladolid;47216 Villán de Tordesillas;Hombres;2003;90
47;Valladolid;47216 Villán de Tordesillas;Hombres;2002;91
47;Valladolid;47216 Villán de Tordesillas;Hombres;2001;90
47;Valladolid;47216 Villán de Tordesillas;Hombres;2000;92
47;Valladolid;47216 Villán de Tordesillas;Hombres;1999;92
47;Valladolid;47216 Villán de Tordesillas;Hombres;1998;93
47;Valladolid;47216 Villán de Tordesillas;Hombres;1997;
47;Valladolid;47216 Villán de Tordesillas;Hombres;1996;97
47;Valladolid;47216 Villán de Tordesillas;Mujeres;2023;55
47;Valladolid;47216 Villán de Tordesillas;Mujeres;2022;56
47;Valladolid;47216 Villán de Tordesillas;Mujeres;2021;54
47;Valladolid;47216 Villán de Tordesillas;Mujeres;2020;50
47;Valladolid;47216 Villán de Tordesillas;Mujeres;2019;52
47;Valladolid;47216 Villán de Tordesillas;Mujeres;2018;53
47;Valladolid;47216 Villán de Tordesillas;Mujeres;2017;50
47;Valladolid;47216 Villán de Tordesillas;Mujeres;2016;51
47;Valladolid;47216 Villán de Tordesillas;Mujeres;2015;52
47;Valladolid;47216 Villán de Tordesillas;Mujeres;2014;58
47;Valladolid;47216 Villán de Tordesillas;Mujeres;2013;59
47;Valladolid;47216 Villán de Tordesillas;Mujeres;2012;62
47;Valladolid;47216 Villán de Tordesillas;Mujeres;2011;64
47;Valladolid;47216 Villán de Tordesillas;Mujeres;2010;64
47;Valladolid;47216 Villán de Tordesillas;Mujeres;2009;67
47;Valladolid;47216 Villán de Tordesillas;Mujeres;2008;70
47;Valladolid;47216 Villán de Tordesillas;Mujeres;2007;73
47;Valladolid;47216 Villán de Tordesillas;Mujeres;2006;78
47;Valladolid;47216 Villán de Tordesillas;Mujeres;2005;86
47;Valladolid;47216 Villán de Tordesillas;Mujeres;2004;87
47;Valladolid;47216 Villán de Tordesillas;Mujeres;2003;88
47;Valladolid;47216 Villán de Tordesillas;Mujeres;2002;89
47;Valladolid;47216 Villán de Tordesillas;Mujeres;2001;90
47;Valladolid;47216 Villán de Tordesillas;Mujeres;2000;90
47;Valladolid;47216 Villán de Tordesillas;Mujeres;1999;92
47;Valladolid;47216 Villán de Tordesillas;Mujeres;1998;95
47;Valladolid;47216 Villán de Tordesillas;Mujeres;1997;
47;Valladolid;47216 Villán de Tordesillas;Mujeres;1996;92
47;Valladolid;47217 Villanubla;Total;2023;2911
47;Valladolid;47217 Villanubla;Total;2022;2886
47;Valladolid;47217 Villanubla;Total;2021;2828
47;Valladolid;47217 Villanubla;Total;2020;2769
47;Valladolid;47217 Villanubla;Total;2019;2713
47;Valladolid;47217 Villanubla;Total;2018;2692
47;Valladolid;47217 Villanubla;Total;2017;2671
47;Valladolid;47217 Villanubla;Total;2016;2615
47;Valladolid;47217 Villanubla;Total;2015;2565
47;Valladolid;47217 Villanubla;Total;2014;2484
47;Valladolid;47217 Villanubla;Total;2013;2444
47;Valladolid;47217 Villanubla;Total;2012;2367
47;Valladolid;47217 Villanubla;Total;2011;2281
47;Valladolid;47217 Villanubla;Total;2010;2192
47;Valladolid;47217 Villanubla;Total;2009;2067
47;Valladolid;47217 Villanubla;Total;2008;1931
47;Valladolid;47217 Villanubla;Total;2007;1743
47;Valladolid;47217 Villanubla;Total;2006;1489
47;Valladolid;47217 Villanubla;Total;2005;1448
47;Valladolid;47217 Villanubla;Total;2004;1302
47;Valladolid;47217 Villanubla;Total;2003;1237
47;Valladolid;47217 Villanubla;Total;2002;1129
47;Valladolid;47217 Villanubla;Total;2001;1026
47;Valladolid;47217 Villanubla;Total;2000;926
47;Valladolid;47217 Villanubla;Total;1999;921
47;Valladolid;47217 Villanubla;Total;1998;921
47;Valladolid;47217 Villanubla;Total;1997;
47;Valladolid;47217 Villanubla;Total;1996;928
47;Valladolid;47217 Villanubla;Hombres;2023;1518
47;Valladolid;47217 Villanubla;Hombres;2022;1490
47;Valladolid;47217 Villanubla;Hombres;2021;1451
47;Valladolid;47217 Villanubla;Hombres;2020;1420
47;Valladolid;47217 Villanubla;Hombres;2019;1401
47;Valladolid;47217 Villanubla;Hombres;2018;1392
47;Valladolid;47217 Villanubla;Hombres;2017;1391
47;Valladolid;47217 Villanubla;Hombres;2016;1371
47;Valladolid;47217 Villanubla;Hombres;2015;1345
47;Valladolid;47217 Villanubla;Hombres;2014;1306
47;Valladolid;47217 Villanubla;Hombres;2013;1274
47;Valladolid;47217 Villanubla;Hombres;2012;1233
47;Valladolid;47217 Villanubla;Hombres;2011;1194
47;Valladolid;47217 Villanubla;Hombres;2010;1149
47;Valladolid;47217 Villanubla;Hombres;2009;1078
47;Valladolid;47217 Villanubla;Hombres;2008;1017
47;Valladolid;47217 Villanubla;Hombres;2007;931
47;Valladolid;47217 Villanubla;Hombres;2006;792
47;Valladolid;47217 Villanubla;Hombres;2005;777
47;Valladolid;47217 Villanubla;Hombres;2004;689
47;Valladolid;47217 Villanubla;Hombres;2003;648
47;Valladolid;47217 Villanubla;Hombres;2002;594
47;Valladolid;47217 Villanubla;Hombres;2001;541
47;Valladolid;47217 Villanubla;Hombres;2000;490
47;Valladolid;47217 Villanubla;Hombres;1999;480
47;Valladolid;47217 Villanubla;Hombres;1998;480
47;Valladolid;47217 Villanubla;Hombres;1997;
47;Valladolid;47217 Villanubla;Hombres;1996;486
47;Valladolid;47217 Villanubla;Mujeres;2023;1393
47;Valladolid;47217 Villanubla;Mujeres;2022;1396
47;Valladolid;47217 Villanubla;Mujeres;2021;1377
47;Valladolid;47217 Villanubla;Mujeres;2020;1349
47;Valladolid;47217 Villanubla;Mujeres;2019;1312
47;Valladolid;47217 Villanubla;Mujeres;2018;1300
47;Valladolid;47217 Villanubla;Mujeres;2017;1280
47;Valladolid;47217 Villanubla;Mujeres;2016;1244
47;Valladolid;47217 Villanubla;Mujeres;2015;1220
47;Valladolid;47217 Villanubla;Mujeres;2014;1178
47;Valladolid;47217 Villanubla;Mujeres;2013;1170
47;Valladolid;47217 Villanubla;Mujeres;2012;1134
47;Valladolid;47217 Villanubla;Mujeres;2011;1087
47;Valladolid;47217 Villanubla;Mujeres;2010;1043
47;Valladolid;47217 Villanubla;Mujeres;2009;989
47;Valladolid;47217 Villanubla;Mujeres;2008;914
47;Valladolid;47217 Villanubla;Mujeres;2007;812
47;Valladolid;47217 Villanubla;Mujeres;2006;697
47;Valladolid;47217 Villanubla;Mujeres;2005;671
47;Valladolid;47217 Villanubla;Mujeres;2004;613
47;Valladolid;47217 Villanubla;Mujeres;2003;589
47;Valladolid;47217 Villanubla;Mujeres;2002;535
47;Valladolid;47217 Villanubla;Mujeres;2001;485
47;Valladolid;47217 Villanubla;Mujeres;2000;436
47;Valladolid;47217 Villanubla;Mujeres;1999;441
47;Valladolid;47217 Villanubla;Mujeres;1998;441
47;Valladolid;47217 Villanubla;Mujeres;1997;
47;Valladolid;47217 Villanubla;Mujeres;1996;442
47;Valladolid;47218 Villanueva de Duero;Total;2023;1235
47;Valladolid;47218 Villanueva de Duero;Total;2022;1238
47;Valladolid;47218 Villanueva de Duero;Total;2021;1227
47;Valladolid;47218 Villanueva de Duero;Total;2020;1189
47;Valladolid;47218 Villanueva de Duero;Total;2019;1184
47;Valladolid;47218 Villanueva de Duero;Total;2018;1170
47;Valladolid;47218 Villanueva de Duero;Total;2017;1165
47;Valladolid;47218 Villanueva de Duero;Total;2016;1196
47;Valladolid;47218 Villanueva de Duero;Total;2015;1193
47;Valladolid;47218 Villanueva de Duero;Total;2014;1202
47;Valladolid;47218 Villanueva de Duero;Total;2013;1184
47;Valladolid;47218 Villanueva de Duero;Total;2012;1200
47;Valladolid;47218 Villanueva de Duero;Total;2011;1209
47;Valladolid;47218 Villanueva de Duero;Total;2010;1205
47;Valladolid;47218 Villanueva de Duero;Total;2009;1193
47;Valladolid;47218 Villanueva de Duero;Total;2008;1183
47;Valladolid;47218 Villanueva de Duero;Total;2007;1159
47;Valladolid;47218 Villanueva de Duero;Total;2006;1121
47;Valladolid;47218 Villanueva de Duero;Total;2005;1105
47;Valladolid;47218 Villanueva de Duero;Total;2004;1067
47;Valladolid;47218 Villanueva de Duero;Total;2003;1024
47;Valladolid;47218 Villanueva de Duero;Total;2002;1027
47;Valladolid;47218 Villanueva de Duero;Total;2001;995
47;Valladolid;47218 Villanueva de Duero;Total;2000;1006
47;Valladolid;47218 Villanueva de Duero;Total;1999;973
47;Valladolid;47218 Villanueva de Duero;Total;1998;957
47;Valladolid;47218 Villanueva de Duero;Total;1997;
47;Valladolid;47218 Villanueva de Duero;Total;1996;938
47;Valladolid;47218 Villanueva de Duero;Hombres;2023;653
47;Valladolid;47218 Villanueva de Duero;Hombres;2022;658
47;Valladolid;47218 Villanueva de Duero;Hombres;2021;647
47;Valladolid;47218 Villanueva de Duero;Hombres;2020;623
47;Valladolid;47218 Villanueva de Duero;Hombres;2019;619
47;Valladolid;47218 Villanueva de Duero;Hombres;2018;610
47;Valladolid;47218 Villanueva de Duero;Hombres;2017;606
47;Valladolid;47218 Villanueva de Duero;Hombres;2016;623
47;Valladolid;47218 Villanueva de Duero;Hombres;2015;618
47;Valladolid;47218 Villanueva de Duero;Hombres;2014;627
47;Valladolid;47218 Villanueva de Duero;Hombres;2013;617
47;Valladolid;47218 Villanueva de Duero;Hombres;2012;624
47;Valladolid;47218 Villanueva de Duero;Hombres;2011;626
47;Valladolid;47218 Villanueva de Duero;Hombres;2010;622
47;Valladolid;47218 Villanueva de Duero;Hombres;2009;626
47;Valladolid;47218 Villanueva de Duero;Hombres;2008;613
47;Valladolid;47218 Villanueva de Duero;Hombres;2007;587
47;Valladolid;47218 Villanueva de Duero;Hombres;2006;575
47;Valladolid;47218 Villanueva de Duero;Hombres;2005;566
47;Valladolid;47218 Villanueva de Duero;Hombres;2004;541
47;Valladolid;47218 Villanueva de Duero;Hombres;2003;521
47;Valladolid;47218 Villanueva de Duero;Hombres;2002;531
47;Valladolid;47218 Villanueva de Duero;Hombres;2001;517
47;Valladolid;47218 Villanueva de Duero;Hombres;2000;519
47;Valladolid;47218 Villanueva de Duero;Hombres;1999;503
47;Valladolid;47218 Villanueva de Duero;Hombres;1998;490
47;Valladolid;47218 Villanueva de Duero;Hombres;1997;
47;Valladolid;47218 Villanueva de Duero;Hombres;1996;487
47;Valladolid;47218 Villanueva de Duero;Mujeres;2023;582
47;Valladolid;47218 Villanueva de Duero;Mujeres;2022;580
47;Valladolid;47218 Villanueva de Duero;Mujeres;2021;580
47;Valladolid;47218 Villanueva de Duero;Mujeres;2020;566
47;Valladolid;47218 Villanueva de Duero;Mujeres;2019;565
47;Valladolid;47218 Villanueva de Duero;Mujeres;2018;560
47;Valladolid;47218 Villanueva de Duero;Mujeres;2017;559
47;Valladolid;47218 Villanueva de Duero;Mujeres;2016;573
47;Valladolid;47218 Villanueva de Duero;Mujeres;2015;575
47;Valladolid;47218 Villanueva de Duero;Mujeres;2014;575
47;Valladolid;47218 Villanueva de Duero;Mujeres;2013;567
47;Valladolid;47218 Villanueva de Duero;Mujeres;2012;576
47;Valladolid;47218 Villanueva de Duero;Mujeres;2011;583
47;Valladolid;47218 Villanueva de Duero;Mujeres;2010;583
47;Valladolid;47218 Villanueva de Duero;Mujeres;2009;567
47;Valladolid;47218 Villanueva de Duero;Mujeres;2008;570
47;Valladolid;47218 Villanueva de Duero;Mujeres;2007;572
47;Valladolid;47218 Villanueva de Duero;Mujeres;2006;546
47;Valladolid;47218 Villanueva de Duero;Mujeres;2005;539
47;Valladolid;47218 Villanueva de Duero;Mujeres;2004;526
47;Valladolid;47218 Villanueva de Duero;Mujeres;2003;503
47;Valladolid;47218 Villanueva de Duero;Mujeres;2002;496
47;Valladolid;47218 Villanueva de Duero;Mujeres;2001;478
47;Valladolid;47218 Villanueva de Duero;Mujeres;2000;487
47;Valladolid;47218 Villanueva de Duero;Mujeres;1999;470
47;Valladolid;47218 Villanueva de Duero;Mujeres;1998;467
47;Valladolid;47218 Villanueva de Duero;Mujeres;1997;
47;Valladolid;47218 Villanueva de Duero;Mujeres;1996;451
47;Valladolid;47219 Villanueva de la Condesa;Total;2023;58
47;Valladolid;47219 Villanueva de la Condesa;Total;2022;58
47;Valladolid;47219 Villanueva de la Condesa;Total;2021;58
47;Valladolid;47219 Villanueva de la Condesa;Total;2020;56
47;Valladolid;47219 Villanueva de la Condesa;Total;2019;61
47;Valladolid;47219 Villanueva de la Condesa;Total;2018;58
47;Valladolid;47219 Villanueva de la Condesa;Total;2017;58
47;Valladolid;47219 Villanueva de la Condesa;Total;2016;62
47;Valladolid;47219 Villanueva de la Condesa;Total;2015;69
47;Valladolid;47219 Villanueva de la Condesa;Total;2014;56
47;Valladolid;47219 Villanueva de la Condesa;Total;2013;63
47;Valladolid;47219 Villanueva de la Condesa;Total;2012;64
47;Valladolid;47219 Villanueva de la Condesa;Total;2011;77
47;Valladolid;47219 Villanueva de la Condesa;Total;2010;73
47;Valladolid;47219 Villanueva de la Condesa;Total;2009;76
47;Valladolid;47219 Villanueva de la Condesa;Total;2008;69
47;Valladolid;47219 Villanueva de la Condesa;Total;2007;46
47;Valladolid;47219 Villanueva de la Condesa;Total;2006;43
47;Valladolid;47219 Villanueva de la Condesa;Total;2005;47
47;Valladolid;47219 Villanueva de la Condesa;Total;2004;44
47;Valladolid;47219 Villanueva de la Condesa;Total;2003;43
47;Valladolid;47219 Villanueva de la Condesa;Total;2002;40
47;Valladolid;47219 Villanueva de la Condesa;Total;2001;40
47;Valladolid;47219 Villanueva de la Condesa;Total;2000;40
47;Valladolid;47219 Villanueva de la Condesa;Total;1999;41
47;Valladolid;47219 Villanueva de la Condesa;Total;1998;44
47;Valladolid;47219 Villanueva de la Condesa;Total;1997;
47;Valladolid;47219 Villanueva de la Condesa;Total;1996;44
47;Valladolid;47219 Villanueva de la Condesa;Hombres;2023;26
47;Valladolid;47219 Villanueva de la Condesa;Hombres;2022;27
47;Valladolid;47219 Villanueva de la Condesa;Hombres;2021;28
47;Valladolid;47219 Villanueva de la Condesa;Hombres;2020;29
47;Valladolid;47219 Villanueva de la Condesa;Hombres;2019;34
47;Valladolid;47219 Villanueva de la Condesa;Hombres;2018;31
47;Valladolid;47219 Villanueva de la Condesa;Hombres;2017;31
47;Valladolid;47219 Villanueva de la Condesa;Hombres;2016;32
47;Valladolid;47219 Villanueva de la Condesa;Hombres;2015;34
47;Valladolid;47219 Villanueva de la Condesa;Hombres;2014;30
47;Valladolid;47219 Villanueva de la Condesa;Hombres;2013;34
47;Valladolid;47219 Villanueva de la Condesa;Hombres;2012;34
47;Valladolid;47219 Villanueva de la Condesa;Hombres;2011;42
47;Valladolid;47219 Villanueva de la Condesa;Hombres;2010;39
47;Valladolid;47219 Villanueva de la Condesa;Hombres;2009;40
47;Valladolid;47219 Villanueva de la Condesa;Hombres;2008;35
47;Valladolid;47219 Villanueva de la Condesa;Hombres;2007;28
47;Valladolid;47219 Villanueva de la Condesa;Hombres;2006;26
47;Valladolid;47219 Villanueva de la Condesa;Hombres;2005;27
47;Valladolid;47219 Villanueva de la Condesa;Hombres;2004;27
47;Valladolid;47219 Villanueva de la Condesa;Hombres;2003;27
47;Valladolid;47219 Villanueva de la Condesa;Hombres;2002;24
47;Valladolid;47219 Villanueva de la Condesa;Hombres;2001;24
47;Valladolid;47219 Villanueva de la Condesa;Hombres;2000;24
47;Valladolid;47219 Villanueva de la Condesa;Hombres;1999;24
47;Valladolid;47219 Villanueva de la Condesa;Hombres;1998;26
47;Valladolid;47219 Villanueva de la Condesa;Hombres;1997;
47;Valladolid;47219 Villanueva de la Condesa;Hombres;1996;26
47;Valladolid;47219 Villanueva de la Condesa;Mujeres;2023;32
47;Valladolid;47219 Villanueva de la Condesa;Mujeres;2022;31
47;Valladolid;47219 Villanueva de la Condesa;Mujeres;2021;30
47;Valladolid;47219 Villanueva de la Condesa;Mujeres;2020;27
47;Valladolid;47219 Villanueva de la Condesa;Mujeres;2019;27
47;Valladolid;47219 Villanueva de la Condesa;Mujeres;2018;27
47;Valladolid;47219 Villanueva de la Condesa;Mujeres;2017;27
47;Valladolid;47219 Villanueva de la Condesa;Mujeres;2016;30
47;Valladolid;47219 Villanueva de la Condesa;Mujeres;2015;35
47;Valladolid;47219 Villanueva de la Condesa;Mujeres;2014;26
47;Valladolid;47219 Villanueva de la Condesa;Mujeres;2013;29
47;Valladolid;47219 Villanueva de la Condesa;Mujeres;2012;30
47;Valladolid;47219 Villanueva de la Condesa;Mujeres;2011;35
47;Valladolid;47219 Villanueva de la Condesa;Mujeres;2010;34
47;Valladolid;47219 Villanueva de la Condesa;Mujeres;2009;36
47;Valladolid;47219 Villanueva de la Condesa;Mujeres;2008;34
47;Valladolid;47219 Villanueva de la Condesa;Mujeres;2007;18
47;Valladolid;47219 Villanueva de la Condesa;Mujeres;2006;17
47;Valladolid;47219 Villanueva de la Condesa;Mujeres;2005;20
47;Valladolid;47219 Villanueva de la Condesa;Mujeres;2004;17
47;Valladolid;47219 Villanueva de la Condesa;Mujeres;2003;16
47;Valladolid;47219 Villanueva de la Condesa;Mujeres;2002;16
47;Valladolid;47219 Villanueva de la Condesa;Mujeres;2001;16
47;Valladolid;47219 Villanueva de la Condesa;Mujeres;2000;16
47;Valladolid;47219 Villanueva de la Condesa;Mujeres;1999;17
47;Valladolid;47219 Villanueva de la Condesa;Mujeres;1998;18
47;Valladolid;47219 Villanueva de la Condesa;Mujeres;1997;
47;Valladolid;47219 Villanueva de la Condesa;Mujeres;1996;18
47;Valladolid;47220 Villanueva de los Caballeros;Total;2023;163
47;Valladolid;47220 Villanueva de los Caballeros;Total;2022;167
47;Valladolid;47220 Villanueva de los Caballeros;Total;2021;178
47;Valladolid;47220 Villanueva de los Caballeros;Total;2020;180
47;Valladolid;47220 Villanueva de los Caballeros;Total;2019;175
47;Valladolid;47220 Villanueva de los Caballeros;Total;2018;172
47;Valladolid;47220 Villanueva de los Caballeros;Total;2017;169
47;Valladolid;47220 Villanueva de los Caballeros;Total;2016;176
47;Valladolid;47220 Villanueva de los Caballeros;Total;2015;188
47;Valladolid;47220 Villanueva de los Caballeros;Total;2014;196
47;Valladolid;47220 Villanueva de los Caballeros;Total;2013;206
47;Valladolid;47220 Villanueva de los Caballeros;Total;2012;214
47;Valladolid;47220 Villanueva de los Caballeros;Total;2011;223
47;Valladolid;47220 Villanueva de los Caballeros;Total;2010;235
47;Valladolid;47220 Villanueva de los Caballeros;Total;2009;238
47;Valladolid;47220 Villanueva de los Caballeros;Total;2008;234
47;Valladolid;47220 Villanueva de los Caballeros;Total;2007;244
47;Valladolid;47220 Villanueva de los Caballeros;Total;2006;246
47;Valladolid;47220 Villanueva de los Caballeros;Total;2005;241
47;Valladolid;47220 Villanueva de los Caballeros;Total;2004;246
47;Valladolid;47220 Villanueva de los Caballeros;Total;2003;248
47;Valladolid;47220 Villanueva de los Caballeros;Total;2002;255
47;Valladolid;47220 Villanueva de los Caballeros;Total;2001;257
47;Valladolid;47220 Villanueva de los Caballeros;Total;2000;269
47;Valladolid;47220 Villanueva de los Caballeros;Total;1999;285
47;Valladolid;47220 Villanueva de los Caballeros;Total;1998;286
47;Valladolid;47220 Villanueva de los Caballeros;Total;1997;
47;Valladolid;47220 Villanueva de los Caballeros;Total;1996;294
47;Valladolid;47220 Villanueva de los Caballeros;Hombres;2023;91
47;Valladolid;47220 Villanueva de los Caballeros;Hombres;2022;88
47;Valladolid;47220 Villanueva de los Caballeros;Hombres;2021;93
47;Valladolid;47220 Villanueva de los Caballeros;Hombres;2020;94
47;Valladolid;47220 Villanueva de los Caballeros;Hombres;2019;93
47;Valladolid;47220 Villanueva de los Caballeros;Hombres;2018;90
47;Valladolid;47220 Villanueva de los Caballeros;Hombres;2017;85
47;Valladolid;47220 Villanueva de los Caballeros;Hombres;2016;90
47;Valladolid;47220 Villanueva de los Caballeros;Hombres;2015;96
47;Valladolid;47220 Villanueva de los Caballeros;Hombres;2014;99
47;Valladolid;47220 Villanueva de los Caballeros;Hombres;2013;104
47;Valladolid;47220 Villanueva de los Caballeros;Hombres;2012;107
47;Valladolid;47220 Villanueva de los Caballeros;Hombres;2011;110
47;Valladolid;47220 Villanueva de los Caballeros;Hombres;2010;117
47;Valladolid;47220 Villanueva de los Caballeros;Hombres;2009;120
47;Valladolid;47220 Villanueva de los Caballeros;Hombres;2008;118
47;Valladolid;47220 Villanueva de los Caballeros;Hombres;2007;122
47;Valladolid;47220 Villanueva de los Caballeros;Hombres;2006;120
47;Valladolid;47220 Villanueva de los Caballeros;Hombres;2005;119
47;Valladolid;47220 Villanueva de los Caballeros;Hombres;2004;120
47;Valladolid;47220 Villanueva de los Caballeros;Hombres;2003;123
47;Valladolid;47220 Villanueva de los Caballeros;Hombres;2002;124
47;Valladolid;47220 Villanueva de los Caballeros;Hombres;2001;121
47;Valladolid;47220 Villanueva de los Caballeros;Hombres;2000;129
47;Valladolid;47220 Villanueva de los Caballeros;Hombres;1999;138
47;Valladolid;47220 Villanueva de los Caballeros;Hombres;1998;137
47;Valladolid;47220 Villanueva de los Caballeros;Hombres;1997;
47;Valladolid;47220 Villanueva de los Caballeros;Hombres;1996;146
47;Valladolid;47220 Villanueva de los Caballeros;Mujeres;2023;72
47;Valladolid;47220 Villanueva de los Caballeros;Mujeres;2022;79
47;Valladolid;47220 Villanueva de los Caballeros;Mujeres;2021;85
47;Valladolid;47220 Villanueva de los Caballeros;Mujeres;2020;86
47;Valladolid;47220 Villanueva de los Caballeros;Mujeres;2019;82
47;Valladolid;47220 Villanueva de los Caballeros;Mujeres;2018;82
47;Valladolid;47220 Villanueva de los Caballeros;Mujeres;2017;84
47;Valladolid;47220 Villanueva de los Caballeros;Mujeres;2016;86
47;Valladolid;47220 Villanueva de los Caballeros;Mujeres;2015;92
47;Valladolid;47220 Villanueva de los Caballeros;Mujeres;2014;97
47;Valladolid;47220 Villanueva de los Caballeros;Mujeres;2013;102
47;Valladolid;47220 Villanueva de los Caballeros;Mujeres;2012;107
47;Valladolid;47220 Villanueva de los Caballeros;Mujeres;2011;113
47;Valladolid;47220 Villanueva de los Caballeros;Mujeres;2010;118
47;Valladolid;47220 Villanueva de los Caballeros;Mujeres;2009;118
47;Valladolid;47220 Villanueva de los Caballeros;Mujeres;2008;116
47;Valladolid;47220 Villanueva de los Caballeros;Mujeres;2007;122
47;Valladolid;47220 Villanueva de los Caballeros;Mujeres;2006;126
47;Valladolid;47220 Villanueva de los Caballeros;Mujeres;2005;122
47;Valladolid;47220 Villanueva de los Caballeros;Mujeres;2004;126
47;Valladolid;47220 Villanueva de los Caballeros;Mujeres;2003;125
47;Valladolid;47220 Villanueva de los Caballeros;Mujeres;2002;131
47;Valladolid;47220 Villanueva de los Caballeros;Mujeres;2001;136
47;Valladolid;47220 Villanueva de los Caballeros;Mujeres;2000;140
47;Valladolid;47220 Villanueva de los Caballeros;Mujeres;1999;147
47;Valladolid;47220 Villanueva de los Caballeros;Mujeres;1998;149
47;Valladolid;47220 Villanueva de los Caballeros;Mujeres;1997;
47;Valladolid;47220 Villanueva de los Caballeros;Mujeres;1996;148
47;Valladolid;47221 Villanueva de los Infantes;Total;2023;104
47;Valladolid;47221 Villanueva de los Infantes;Total;2022;102
47;Valladolid;47221 Villanueva de los Infantes;Total;2021;105
47;Valladolid;47221 Villanueva de los Infantes;Total;2020;99
47;Valladolid;47221 Villanueva de los Infantes;Total;2019;102
47;Valladolid;47221 Villanueva de los Infantes;Total;2018;107
47;Valladolid;47221 Villanueva de los Infantes;Total;2017;111
47;Valladolid;47221 Villanueva de los Infantes;Total;2016;112
47;Valladolid;47221 Villanueva de los Infantes;Total;2015;113
47;Valladolid;47221 Villanueva de los Infantes;Total;2014;114
47;Valladolid;47221 Villanueva de los Infantes;Total;2013;119
47;Valladolid;47221 Villanueva de los Infantes;Total;2012;118
47;Valladolid;47221 Villanueva de los Infantes;Total;2011;123
47;Valladolid;47221 Villanueva de los Infantes;Total;2010;129
47;Valladolid;47221 Villanueva de los Infantes;Total;2009;122
47;Valladolid;47221 Villanueva de los Infantes;Total;2008;127
47;Valladolid;47221 Villanueva de los Infantes;Total;2007;131
47;Valladolid;47221 Villanueva de los Infantes;Total;2006;127
47;Valladolid;47221 Villanueva de los Infantes;Total;2005;130
47;Valladolid;47221 Villanueva de los Infantes;Total;2004;140
47;Valladolid;47221 Villanueva de los Infantes;Total;2003;141
47;Valladolid;47221 Villanueva de los Infantes;Total;2002;141
47;Valladolid;47221 Villanueva de los Infantes;Total;2001;144
47;Valladolid;47221 Villanueva de los Infantes;Total;2000;147
47;Valladolid;47221 Villanueva de los Infantes;Total;1999;150
47;Valladolid;47221 Villanueva de los Infantes;Total;1998;155
47;Valladolid;47221 Villanueva de los Infantes;Total;1997;
47;Valladolid;47221 Villanueva de los Infantes;Total;1996;158
47;Valladolid;47221 Villanueva de los Infantes;Hombres;2023;63
47;Valladolid;47221 Villanueva de los Infantes;Hombres;2022;61
47;Valladolid;47221 Villanueva de los Infantes;Hombres;2021;62
47;Valladolid;47221 Villanueva de los Infantes;Hombres;2020;59
47;Valladolid;47221 Villanueva de los Infantes;Hombres;2019;62
47;Valladolid;47221 Villanueva de los Infantes;Hombres;2018;65
47;Valladolid;47221 Villanueva de los Infantes;Hombres;2017;68
47;Valladolid;47221 Villanueva de los Infantes;Hombres;2016;67
47;Valladolid;47221 Villanueva de los Infantes;Hombres;2015;69
47;Valladolid;47221 Villanueva de los Infantes;Hombres;2014;68
47;Valladolid;47221 Villanueva de los Infantes;Hombres;2013;68
47;Valladolid;47221 Villanueva de los Infantes;Hombres;2012;69
47;Valladolid;47221 Villanueva de los Infantes;Hombres;2011;70
47;Valladolid;47221 Villanueva de los Infantes;Hombres;2010;74
47;Valladolid;47221 Villanueva de los Infantes;Hombres;2009;72
47;Valladolid;47221 Villanueva de los Infantes;Hombres;2008;74
47;Valladolid;47221 Villanueva de los Infantes;Hombres;2007;77
47;Valladolid;47221 Villanueva de los Infantes;Hombres;2006;73
47;Valladolid;47221 Villanueva de los Infantes;Hombres;2005;74
47;Valladolid;47221 Villanueva de los Infantes;Hombres;2004;77
47;Valladolid;47221 Villanueva de los Infantes;Hombres;2003;78
47;Valladolid;47221 Villanueva de los Infantes;Hombres;2002;73
47;Valladolid;47221 Villanueva de los Infantes;Hombres;2001;76
47;Valladolid;47221 Villanueva de los Infantes;Hombres;2000;77
47;Valladolid;47221 Villanueva de los Infantes;Hombres;1999;78
47;Valladolid;47221 Villanueva de los Infantes;Hombres;1998;81
47;Valladolid;47221 Villanueva de los Infantes;Hombres;1997;
47;Valladolid;47221 Villanueva de los Infantes;Hombres;1996;82
47;Valladolid;47221 Villanueva de los Infantes;Mujeres;2023;41
47;Valladolid;47221 Villanueva de los Infantes;Mujeres;2022;41
47;Valladolid;47221 Villanueva de los Infantes;Mujeres;2021;43
47;Valladolid;47221 Villanueva de los Infantes;Mujeres;2020;40
47;Valladolid;47221 Villanueva de los Infantes;Mujeres;2019;40
47;Valladolid;47221 Villanueva de los Infantes;Mujeres;2018;42
47;Valladolid;47221 Villanueva de los Infantes;Mujeres;2017;43
47;Valladolid;47221 Villanueva de los Infantes;Mujeres;2016;45
47;Valladolid;47221 Villanueva de los Infantes;Mujeres;2015;44
47;Valladolid;47221 Villanueva de los Infantes;Mujeres;2014;46
47;Valladolid;47221 Villanueva de los Infantes;Mujeres;2013;51
47;Valladolid;47221 Villanueva de los Infantes;Mujeres;2012;49
47;Valladolid;47221 Villanueva de los Infantes;Mujeres;2011;53
47;Valladolid;47221 Villanueva de los Infantes;Mujeres;2010;55
47;Valladolid;47221 Villanueva de los Infantes;Mujeres;2009;50
47;Valladolid;47221 Villanueva de los Infantes;Mujeres;2008;53
47;Valladolid;47221 Villanueva de los Infantes;Mujeres;2007;54
47;Valladolid;47221 Villanueva de los Infantes;Mujeres;2006;54
47;Valladolid;47221 Villanueva de los Infantes;Mujeres;2005;56
47;Valladolid;47221 Villanueva de los Infantes;Mujeres;2004;63
47;Valladolid;47221 Villanueva de los Infantes;Mujeres;2003;63
47;Valladolid;47221 Villanueva de los Infantes;Mujeres;2002;68
47;Valladolid;47221 Villanueva de los Infantes;Mujeres;2001;68
47;Valladolid;47221 Villanueva de los Infantes;Mujeres;2000;70
47;Valladolid;47221 Villanueva de los Infantes;Mujeres;1999;72
47;Valladolid;47221 Villanueva de los Infantes;Mujeres;1998;74
47;Valladolid;47221 Villanueva de los Infantes;Mujeres;1997;
47;Valladolid;47221 Villanueva de los Infantes;Mujeres;1996;76
47;Valladolid;47222 Villanueva de San Mancio;Total;2023;103
47;Valladolid;47222 Villanueva de San Mancio;Total;2022;93
47;Valladolid;47222 Villanueva de San Mancio;Total;2021;89
47;Valladolid;47222 Villanueva de San Mancio;Total;2020;82
47;Valladolid;47222 Villanueva de San Mancio;Total;2019;87
47;Valladolid;47222 Villanueva de San Mancio;Total;2018;85
47;Valladolid;47222 Villanueva de San Mancio;Total;2017;84
47;Valladolid;47222 Villanueva de San Mancio;Total;2016;83
47;Valladolid;47222 Villanueva de San Mancio;Total;2015;86
47;Valladolid;47222 Villanueva de San Mancio;Total;2014;97
47;Valladolid;47222 Villanueva de San Mancio;Total;2013;105
47;Valladolid;47222 Villanueva de San Mancio;Total;2012;109
47;Valladolid;47222 Villanueva de San Mancio;Total;2011;110
47;Valladolid;47222 Villanueva de San Mancio;Total;2010;113
47;Valladolid;47222 Villanueva de San Mancio;Total;2009;121
47;Valladolid;47222 Villanueva de San Mancio;Total;2008;123
47;Valladolid;47222 Villanueva de San Mancio;Total;2007;126
47;Valladolid;47222 Villanueva de San Mancio;Total;2006;118
47;Valladolid;47222 Villanueva de San Mancio;Total;2005;125
47;Valladolid;47222 Villanueva de San Mancio;Total;2004;125
47;Valladolid;47222 Villanueva de San Mancio;Total;2003;126
47;Valladolid;47222 Villanueva de San Mancio;Total;2002;102
47;Valladolid;47222 Villanueva de San Mancio;Total;2001;108
47;Valladolid;47222 Villanueva de San Mancio;Total;2000;115
47;Valladolid;47222 Villanueva de San Mancio;Total;1999;118
47;Valladolid;47222 Villanueva de San Mancio;Total;1998;106
47;Valladolid;47222 Villanueva de San Mancio;Total;1997;
47;Valladolid;47222 Villanueva de San Mancio;Total;1996;99
47;Valladolid;47222 Villanueva de San Mancio;Hombres;2023;56
47;Valladolid;47222 Villanueva de San Mancio;Hombres;2022;52
47;Valladolid;47222 Villanueva de San Mancio;Hombres;2021;52
47;Valladolid;47222 Villanueva de San Mancio;Hombres;2020;45
47;Valladolid;47222 Villanueva de San Mancio;Hombres;2019;48
47;Valladolid;47222 Villanueva de San Mancio;Hombres;2018;46
47;Valladolid;47222 Villanueva de San Mancio;Hombres;2017;46
47;Valladolid;47222 Villanueva de San Mancio;Hombres;2016;46
47;Valladolid;47222 Villanueva de San Mancio;Hombres;2015;46
47;Valladolid;47222 Villanueva de San Mancio;Hombres;2014;54
47;Valladolid;47222 Villanueva de San Mancio;Hombres;2013;54
47;Valladolid;47222 Villanueva de San Mancio;Hombres;2012;56
47;Valladolid;47222 Villanueva de San Mancio;Hombres;2011;60
47;Valladolid;47222 Villanueva de San Mancio;Hombres;2010;65
47;Valladolid;47222 Villanueva de San Mancio;Hombres;2009;67
47;Valladolid;47222 Villanueva de San Mancio;Hombres;2008;66
47;Valladolid;47222 Villanueva de San Mancio;Hombres;2007;67
47;Valladolid;47222 Villanueva de San Mancio;Hombres;2006;64
47;Valladolid;47222 Villanueva de San Mancio;Hombres;2005;68
47;Valladolid;47222 Villanueva de San Mancio;Hombres;2004;67
47;Valladolid;47222 Villanueva de San Mancio;Hombres;2003;66
47;Valladolid;47222 Villanueva de San Mancio;Hombres;2002;55
47;Valladolid;47222 Villanueva de San Mancio;Hombres;2001;59
47;Valladolid;47222 Villanueva de San Mancio;Hombres;2000;62
47;Valladolid;47222 Villanueva de San Mancio;Hombres;1999;63
47;Valladolid;47222 Villanueva de San Mancio;Hombres;1998;58
47;Valladolid;47222 Villanueva de San Mancio;Hombres;1997;
47;Valladolid;47222 Villanueva de San Mancio;Hombres;1996;53
47;Valladolid;47222 Villanueva de San Mancio;Mujeres;2023;47
47;Valladolid;47222 Villanueva de San Mancio;Mujeres;2022;41
47;Valladolid;47222 Villanueva de San Mancio;Mujeres;2021;37
47;Valladolid;47222 Villanueva de San Mancio;Mujeres;2020;37
47;Valladolid;47222 Villanueva de San Mancio;Mujeres;2019;39
47;Valladolid;47222 Villanueva de San Mancio;Mujeres;2018;39
47;Valladolid;47222 Villanueva de San Mancio;Mujeres;2017;38
47;Valladolid;47222 Villanueva de San Mancio;Mujeres;2016;37
47;Valladolid;47222 Villanueva de San Mancio;Mujeres;2015;40
47;Valladolid;47222 Villanueva de San Mancio;Mujeres;2014;43
47;Valladolid;47222 Villanueva de San Mancio;Mujeres;2013;51
47;Valladolid;47222 Villanueva de San Mancio;Mujeres;2012;53
47;Valladolid;47222 Villanueva de San Mancio;Mujeres;2011;50
47;Valladolid;47222 Villanueva de San Mancio;Mujeres;2010;48
47;Valladolid;47222 Villanueva de San Mancio;Mujeres;2009;54
47;Valladolid;47222 Villanueva de San Mancio;Mujeres;2008;57
47;Valladolid;47222 Villanueva de San Mancio;Mujeres;2007;59
47;Valladolid;47222 Villanueva de San Mancio;Mujeres;2006;54
47;Valladolid;47222 Villanueva de San Mancio;Mujeres;2005;57
47;Valladolid;47222 Villanueva de San Mancio;Mujeres;2004;58
47;Valladolid;47222 Villanueva de San Mancio;Mujeres;2003;60
47;Valladolid;47222 Villanueva de San Mancio;Mujeres;2002;47
47;Valladolid;47222 Villanueva de San Mancio;Mujeres;2001;49
47;Valladolid;47222 Villanueva de San Mancio;Mujeres;2000;53
47;Valladolid;47222 Villanueva de San Mancio;Mujeres;1999;55
47;Valladolid;47222 Villanueva de San Mancio;Mujeres;1998;48
47;Valladolid;47222 Villanueva de San Mancio;Mujeres;1997;
47;Valladolid;47222 Villanueva de San Mancio;Mujeres;1996;46
47;Valladolid;47223 Villardefrades;Total;2023;140
47;Valladolid;47223 Villardefrades;Total;2022;149
47;Valladolid;47223 Villardefrades;Total;2021;153
47;Valladolid;47223 Villardefrades;Total;2020;162
47;Valladolid;47223 Villardefrades;Total;2019;170
47;Valladolid;47223 Villardefrades;Total;2018;167
47;Valladolid;47223 Villardefrades;Total;2017;168
47;Valladolid;47223 Villardefrades;Total;2016;172
47;Valladolid;47223 Villardefrades;Total;2015;183
47;Valladolid;47223 Villardefrades;Total;2014;171
47;Valladolid;47223 Villardefrades;Total;2013;177
47;Valladolid;47223 Villardefrades;Total;2012;189
47;Valladolid;47223 Villardefrades;Total;2011;203
47;Valladolid;47223 Villardefrades;Total;2010;202
47;Valladolid;47223 Villardefrades;Total;2009;197
47;Valladolid;47223 Villardefrades;Total;2008;200
47;Valladolid;47223 Villardefrades;Total;2007;206
47;Valladolid;47223 Villardefrades;Total;2006;206
47;Valladolid;47223 Villardefrades;Total;2005;212
47;Valladolid;47223 Villardefrades;Total;2004;219
47;Valladolid;47223 Villardefrades;Total;2003;226
47;Valladolid;47223 Villardefrades;Total;2002;240
47;Valladolid;47223 Villardefrades;Total;2001;229
47;Valladolid;47223 Villardefrades;Total;2000;230
47;Valladolid;47223 Villardefrades;Total;1999;239
47;Valladolid;47223 Villardefrades;Total;1998;239
47;Valladolid;47223 Villardefrades;Total;1997;
47;Valladolid;47223 Villardefrades;Total;1996;248
47;Valladolid;47223 Villardefrades;Hombres;2023;82
47;Valladolid;47223 Villardefrades;Hombres;2022;85
47;Valladolid;47223 Villardefrades;Hombres;2021;88
47;Valladolid;47223 Villardefrades;Hombres;2020;90
47;Valladolid;47223 Villardefrades;Hombres;2019;96
47;Valladolid;47223 Villardefrades;Hombres;2018;94
47;Valladolid;47223 Villardefrades;Hombres;2017;94
47;Valladolid;47223 Villardefrades;Hombres;2016;97
47;Valladolid;47223 Villardefrades;Hombres;2015;102
47;Valladolid;47223 Villardefrades;Hombres;2014;92
47;Valladolid;47223 Villardefrades;Hombres;2013;95
47;Valladolid;47223 Villardefrades;Hombres;2012;103
47;Valladolid;47223 Villardefrades;Hombres;2011;110
47;Valladolid;47223 Villardefrades;Hombres;2010;111
47;Valladolid;47223 Villardefrades;Hombres;2009;108
47;Valladolid;47223 Villardefrades;Hombres;2008;108
47;Valladolid;47223 Villardefrades;Hombres;2007;109
47;Valladolid;47223 Villardefrades;Hombres;2006;106
47;Valladolid;47223 Villardefrades;Hombres;2005;112
47;Valladolid;47223 Villardefrades;Hombres;2004;116
47;Valladolid;47223 Villardefrades;Hombres;2003;119
47;Valladolid;47223 Villardefrades;Hombres;2002;129
47;Valladolid;47223 Villardefrades;Hombres;2001;120
47;Valladolid;47223 Villardefrades;Hombres;2000;119
47;Valladolid;47223 Villardefrades;Hombres;1999;123
47;Valladolid;47223 Villardefrades;Hombres;1998;122
47;Valladolid;47223 Villardefrades;Hombres;1997;
47;Valladolid;47223 Villardefrades;Hombres;1996;133
47;Valladolid;47223 Villardefrades;Mujeres;2023;58
47;Valladolid;47223 Villardefrades;Mujeres;2022;64
47;Valladolid;47223 Villardefrades;Mujeres;2021;65
47;Valladolid;47223 Villardefrades;Mujeres;2020;72
47;Valladolid;47223 Villardefrades;Mujeres;2019;74
47;Valladolid;47223 Villardefrades;Mujeres;2018;73
47;Valladolid;47223 Villardefrades;Mujeres;2017;74
47;Valladolid;47223 Villardefrades;Mujeres;2016;75
47;Valladolid;47223 Villardefrades;Mujeres;2015;81
47;Valladolid;47223 Villardefrades;Mujeres;2014;79
47;Valladolid;47223 Villardefrades;Mujeres;2013;82
47;Valladolid;47223 Villardefrades;Mujeres;2012;86
47;Valladolid;47223 Villardefrades;Mujeres;2011;93
47;Valladolid;47223 Villardefrades;Mujeres;2010;91
47;Valladolid;47223 Villardefrades;Mujeres;2009;89
47;Valladolid;47223 Villardefrades;Mujeres;2008;92
47;Valladolid;47223 Villardefrades;Mujeres;2007;97
47;Valladolid;47223 Villardefrades;Mujeres;2006;100
47;Valladolid;47223 Villardefrades;Mujeres;2005;100
47;Valladolid;47223 Villardefrades;Mujeres;2004;103
47;Valladolid;47223 Villardefrades;Mujeres;2003;107
47;Valladolid;47223 Villardefrades;Mujeres;2002;111
47;Valladolid;47223 Villardefrades;Mujeres;2001;109
47;Valladolid;47223 Villardefrades;Mujeres;2000;111
47;Valladolid;47223 Villardefrades;Mujeres;1999;116
47;Valladolid;47223 Villardefrades;Mujeres;1998;117
47;Valladolid;47223 Villardefrades;Mujeres;1997;
47;Valladolid;47223 Villardefrades;Mujeres;1996;115
47;Valladolid;47224 Villarmentero de Esgueva;Total;2023;99
47;Valladolid;47224 Villarmentero de Esgueva;Total;2022;96
47;Valladolid;47224 Villarmentero de Esgueva;Total;2021;102
47;Valladolid;47224 Villarmentero de Esgueva;Total;2020;106
47;Valladolid;47224 Villarmentero de Esgueva;Total;2019;111
47;Valladolid;47224 Villarmentero de Esgueva;Total;2018;103
47;Valladolid;47224 Villarmentero de Esgueva;Total;2017;101
47;Valladolid;47224 Villarmentero de Esgueva;Total;2016;98
47;Valladolid;47224 Villarmentero de Esgueva;Total;2015;104
47;Valladolid;47224 Villarmentero de Esgueva;Total;2014;105
47;Valladolid;47224 Villarmentero de Esgueva;Total;2013;107
47;Valladolid;47224 Villarmentero de Esgueva;Total;2012;109
47;Valladolid;47224 Villarmentero de Esgueva;Total;2011;110
47;Valladolid;47224 Villarmentero de Esgueva;Total;2010;103
47;Valladolid;47224 Villarmentero de Esgueva;Total;2009;106
47;Valladolid;47224 Villarmentero de Esgueva;Total;2008;111
47;Valladolid;47224 Villarmentero de Esgueva;Total;2007;120
47;Valladolid;47224 Villarmentero de Esgueva;Total;2006;132
47;Valladolid;47224 Villarmentero de Esgueva;Total;2005;130
47;Valladolid;47224 Villarmentero de Esgueva;Total;2004;123
47;Valladolid;47224 Villarmentero de Esgueva;Total;2003;117
47;Valladolid;47224 Villarmentero de Esgueva;Total;2002;123
47;Valladolid;47224 Villarmentero de Esgueva;Total;2001;126
47;Valladolid;47224 Villarmentero de Esgueva;Total;2000;127
47;Valladolid;47224 Villarmentero de Esgueva;Total;1999;136
47;Valladolid;47224 Villarmentero de Esgueva;Total;1998;136
47;Valladolid;47224 Villarmentero de Esgueva;Total;1997;
47;Valladolid;47224 Villarmentero de Esgueva;Total;1996;136
47;Valladolid;47224 Villarmentero de Esgueva;Hombres;2023;53
47;Valladolid;47224 Villarmentero de Esgueva;Hombres;2022;52
47;Valladolid;47224 Villarmentero de Esgueva;Hombres;2021;56
47;Valladolid;47224 Villarmentero de Esgueva;Hombres;2020;58
47;Valladolid;47224 Villarmentero de Esgueva;Hombres;2019;61
47;Valladolid;47224 Villarmentero de Esgueva;Hombres;2018;55
47;Valladolid;47224 Villarmentero de Esgueva;Hombres;2017;55
47;Valladolid;47224 Villarmentero de Esgueva;Hombres;2016;53
47;Valladolid;47224 Villarmentero de Esgueva;Hombres;2015;56
47;Valladolid;47224 Villarmentero de Esgueva;Hombres;2014;52
47;Valladolid;47224 Villarmentero de Esgueva;Hombres;2013;54
47;Valladolid;47224 Villarmentero de Esgueva;Hombres;2012;54
47;Valladolid;47224 Villarmentero de Esgueva;Hombres;2011;56
47;Valladolid;47224 Villarmentero de Esgueva;Hombres;2010;54
47;Valladolid;47224 Villarmentero de Esgueva;Hombres;2009;56
47;Valladolid;47224 Villarmentero de Esgueva;Hombres;2008;58
47;Valladolid;47224 Villarmentero de Esgueva;Hombres;2007;63
47;Valladolid;47224 Villarmentero de Esgueva;Hombres;2006;64
47;Valladolid;47224 Villarmentero de Esgueva;Hombres;2005;63
47;Valladolid;47224 Villarmentero de Esgueva;Hombres;2004;59
47;Valladolid;47224 Villarmentero de Esgueva;Hombres;2003;58
47;Valladolid;47224 Villarmentero de Esgueva;Hombres;2002;60
47;Valladolid;47224 Villarmentero de Esgueva;Hombres;2001;62
47;Valladolid;47224 Villarmentero de Esgueva;Hombres;2000;63
47;Valladolid;47224 Villarmentero de Esgueva;Hombres;1999;68
47;Valladolid;47224 Villarmentero de Esgueva;Hombres;1998;68
47;Valladolid;47224 Villarmentero de Esgueva;Hombres;1997;
47;Valladolid;47224 Villarmentero de Esgueva;Hombres;1996;68
47;Valladolid;47224 Villarmentero de Esgueva;Mujeres;2023;46
47;Valladolid;47224 Villarmentero de Esgueva;Mujeres;2022;44
47;Valladolid;47224 Villarmentero de Esgueva;Mujeres;2021;46
47;Valladolid;47224 Villarmentero de Esgueva;Mujeres;2020;48
47;Valladolid;47224 Villarmentero de Esgueva;Mujeres;2019;50
47;Valladolid;47224 Villarmentero de Esgueva;Mujeres;2018;48
47;Valladolid;47224 Villarmentero de Esgueva;Mujeres;2017;46
47;Valladolid;47224 Villarmentero de Esgueva;Mujeres;2016;45
47;Valladolid;47224 Villarmentero de Esgueva;Mujeres;2015;48
47;Valladolid;47224 Villarmentero de Esgueva;Mujeres;2014;53
47;Valladolid;47224 Villarmentero de Esgueva;Mujeres;2013;53
47;Valladolid;47224 Villarmentero de Esgueva;Mujeres;2012;55
47;Valladolid;47224 Villarmentero de Esgueva;Mujeres;2011;54
47;Valladolid;47224 Villarmentero de Esgueva;Mujeres;2010;49
47;Valladolid;47224 Villarmentero de Esgueva;Mujeres;2009;50
47;Valladolid;47224 Villarmentero de Esgueva;Mujeres;2008;53
47;Valladolid;47224 Villarmentero de Esgueva;Mujeres;2007;57
47;Valladolid;47224 Villarmentero de Esgueva;Mujeres;2006;68
47;Valladolid;47224 Villarmentero de Esgueva;Mujeres;2005;67
47;Valladolid;47224 Villarmentero de Esgueva;Mujeres;2004;64
47;Valladolid;47224 Villarmentero de Esgueva;Mujeres;2003;59
47;Valladolid;47224 Villarmentero de Esgueva;Mujeres;2002;63
47;Valladolid;47224 Villarmentero de Esgueva;Mujeres;2001;64
47;Valladolid;47224 Villarmentero de Esgueva;Mujeres;2000;64
47;Valladolid;47224 Villarmentero de Esgueva;Mujeres;1999;68
47;Valladolid;47224 Villarmentero de Esgueva;Mujeres;1998;68
47;Valladolid;47224 Villarmentero de Esgueva;Mujeres;1997;
47;Valladolid;47224 Villarmentero de Esgueva;Mujeres;1996;68
47;Valladolid;47225 Villasexmir;Total;2023;71
47;Valladolid;47225 Villasexmir;Total;2022;72
47;Valladolid;47225 Villasexmir;Total;2021;73
47;Valladolid;47225 Villasexmir;Total;2020;72
47;Valladolid;47225 Villasexmir;Total;2019;75
47;Valladolid;47225 Villasexmir;Total;2018;83
47;Valladolid;47225 Villasexmir;Total;2017;79
47;Valladolid;47225 Villasexmir;Total;2016;83
47;Valladolid;47225 Villasexmir;Total;2015;82
47;Valladolid;47225 Villasexmir;Total;2014;83
47;Valladolid;47225 Villasexmir;Total;2013;87
47;Valladolid;47225 Villasexmir;Total;2012;89
47;Valladolid;47225 Villasexmir;Total;2011;93
47;Valladolid;47225 Villasexmir;Total;2010;103
47;Valladolid;47225 Villasexmir;Total;2009;93
47;Valladolid;47225 Villasexmir;Total;2008;98
47;Valladolid;47225 Villasexmir;Total;2007;103
47;Valladolid;47225 Villasexmir;Total;2006;110
47;Valladolid;47225 Villasexmir;Total;2005;110
47;Valladolid;47225 Villasexmir;Total;2004;111
47;Valladolid;47225 Villasexmir;Total;2003;114
47;Valladolid;47225 Villasexmir;Total;2002;120
47;Valladolid;47225 Villasexmir;Total;2001;121
47;Valladolid;47225 Villasexmir;Total;2000;121
47;Valladolid;47225 Villasexmir;Total;1999;125
47;Valladolid;47225 Villasexmir;Total;1998;125
47;Valladolid;47225 Villasexmir;Total;1997;
47;Valladolid;47225 Villasexmir;Total;1996;130
47;Valladolid;47225 Villasexmir;Hombres;2023;42
47;Valladolid;47225 Villasexmir;Hombres;2022;43
47;Valladolid;47225 Villasexmir;Hombres;2021;43
47;Valladolid;47225 Villasexmir;Hombres;2020;42
47;Valladolid;47225 Villasexmir;Hombres;2019;42
47;Valladolid;47225 Villasexmir;Hombres;2018;47
47;Valladolid;47225 Villasexmir;Hombres;2017;46
47;Valladolid;47225 Villasexmir;Hombres;2016;49
47;Valladolid;47225 Villasexmir;Hombres;2015;48
47;Valladolid;47225 Villasexmir;Hombres;2014;47
47;Valladolid;47225 Villasexmir;Hombres;2013;49
47;Valladolid;47225 Villasexmir;Hombres;2012;50
47;Valladolid;47225 Villasexmir;Hombres;2011;52
47;Valladolid;47225 Villasexmir;Hombres;2010;56
47;Valladolid;47225 Villasexmir;Hombres;2009;50
47;Valladolid;47225 Villasexmir;Hombres;2008;53
47;Valladolid;47225 Villasexmir;Hombres;2007;56
47;Valladolid;47225 Villasexmir;Hombres;2006;57
47;Valladolid;47225 Villasexmir;Hombres;2005;56
47;Valladolid;47225 Villasexmir;Hombres;2004;56
47;Valladolid;47225 Villasexmir;Hombres;2003;58
47;Valladolid;47225 Villasexmir;Hombres;2002;62
47;Valladolid;47225 Villasexmir;Hombres;2001;63
47;Valladolid;47225 Villasexmir;Hombres;2000;62
47;Valladolid;47225 Villasexmir;Hombres;1999;65
47;Valladolid;47225 Villasexmir;Hombres;1998;65
47;Valladolid;47225 Villasexmir;Hombres;1997;
47;Valladolid;47225 Villasexmir;Hombres;1996;68
47;Valladolid;47225 Villasexmir;Mujeres;2023;29
47;Valladolid;47225 Villasexmir;Mujeres;2022;29
47;Valladolid;47225 Villasexmir;Mujeres;2021;30
47;Valladolid;47225 Villasexmir;Mujeres;2020;30
47;Valladolid;47225 Villasexmir;Mujeres;2019;33
47;Valladolid;47225 Villasexmir;Mujeres;2018;36
47;Valladolid;47225 Villasexmir;Mujeres;2017;33
47;Valladolid;47225 Villasexmir;Mujeres;2016;34
47;Valladolid;47225 Villasexmir;Mujeres;2015;34
47;Valladolid;47225 Villasexmir;Mujeres;2014;36
47;Valladolid;47225 Villasexmir;Mujeres;2013;38
47;Valladolid;47225 Villasexmir;Mujeres;2012;39
47;Valladolid;47225 Villasexmir;Mujeres;2011;41
47;Valladolid;47225 Villasexmir;Mujeres;2010;47
47;Valladolid;47225 Villasexmir;Mujeres;2009;43
47;Valladolid;47225 Villasexmir;Mujeres;2008;45
47;Valladolid;47225 Villasexmir;Mujeres;2007;47
47;Valladolid;47225 Villasexmir;Mujeres;2006;53
47;Valladolid;47225 Villasexmir;Mujeres;2005;54
47;Valladolid;47225 Villasexmir;Mujeres;2004;55
47;Valladolid;47225 Villasexmir;Mujeres;2003;56
47;Valladolid;47225 Villasexmir;Mujeres;2002;58
47;Valladolid;47225 Villasexmir;Mujeres;2001;58
47;Valladolid;47225 Villasexmir;Mujeres;2000;59
47;Valladolid;47225 Villasexmir;Mujeres;1999;60
47;Valladolid;47225 Villasexmir;Mujeres;1998;60
47;Valladolid;47225 Villasexmir;Mujeres;1997;
47;Valladolid;47225 Villasexmir;Mujeres;1996;62
47;Valladolid;47226 Villavaquerín;Total;2023;152
47;Valladolid;47226 Villavaquerín;Total;2022;163
47;Valladolid;47226 Villavaquerín;Total;2021;162
47;Valladolid;47226 Villavaquerín;Total;2020;161
47;Valladolid;47226 Villavaquerín;Total;2019;159
47;Valladolid;47226 Villavaquerín;Total;2018;167
47;Valladolid;47226 Villavaquerín;Total;2017;173
47;Valladolid;47226 Villavaquerín;Total;2016;170
47;Valladolid;47226 Villavaquerín;Total;2015;181
47;Valladolid;47226 Villavaquerín;Total;2014;189
47;Valladolid;47226 Villavaquerín;Total;2013;199
47;Valladolid;47226 Villavaquerín;Total;2012;201
47;Valladolid;47226 Villavaquerín;Total;2011;199
47;Valladolid;47226 Villavaquerín;Total;2010;208
47;Valladolid;47226 Villavaquerín;Total;2009;209
47;Valladolid;47226 Villavaquerín;Total;2008;202
47;Valladolid;47226 Villavaquerín;Total;2007;201
47;Valladolid;47226 Villavaquerín;Total;2006;199
47;Valladolid;47226 Villavaquerín;Total;2005;195
47;Valladolid;47226 Villavaquerín;Total;2004;206
47;Valladolid;47226 Villavaquerín;Total;2003;200
47;Valladolid;47226 Villavaquerín;Total;2002;207
47;Valladolid;47226 Villavaquerín;Total;2001;215
47;Valladolid;47226 Villavaquerín;Total;2000;220
47;Valladolid;47226 Villavaquerín;Total;1999;228
47;Valladolid;47226 Villavaquerín;Total;1998;231
47;Valladolid;47226 Villavaquerín;Total;1997;
47;Valladolid;47226 Villavaquerín;Total;1996;229
47;Valladolid;47226 Villavaquerín;Hombres;2023;85
47;Valladolid;47226 Villavaquerín;Hombres;2022;93
47;Valladolid;47226 Villavaquerín;Hombres;2021;90
47;Valladolid;47226 Villavaquerín;Hombres;2020;89
47;Valladolid;47226 Villavaquerín;Hombres;2019;91
47;Valladolid;47226 Villavaquerín;Hombres;2018;96
47;Valladolid;47226 Villavaquerín;Hombres;2017;97
47;Valladolid;47226 Villavaquerín;Hombres;2016;97
47;Valladolid;47226 Villavaquerín;Hombres;2015;104
47;Valladolid;47226 Villavaquerín;Hombres;2014;109
47;Valladolid;47226 Villavaquerín;Hombres;2013;111
47;Valladolid;47226 Villavaquerín;Hombres;2012;112
47;Valladolid;47226 Villavaquerín;Hombres;2011;111
47;Valladolid;47226 Villavaquerín;Hombres;2010;115
47;Valladolid;47226 Villavaquerín;Hombres;2009;115
47;Valladolid;47226 Villavaquerín;Hombres;2008;113
47;Valladolid;47226 Villavaquerín;Hombres;2007;112
47;Valladolid;47226 Villavaquerín;Hombres;2006;109
47;Valladolid;47226 Villavaquerín;Hombres;2005;104
47;Valladolid;47226 Villavaquerín;Hombres;2004;107
47;Valladolid;47226 Villavaquerín;Hombres;2003;101
47;Valladolid;47226 Villavaquerín;Hombres;2002;109
47;Valladolid;47226 Villavaquerín;Hombres;2001;112
47;Valladolid;47226 Villavaquerín;Hombres;2000;117
47;Valladolid;47226 Villavaquerín;Hombres;1999;122
47;Valladolid;47226 Villavaquerín;Hombres;1998;122
47;Valladolid;47226 Villavaquerín;Hombres;1997;
47;Valladolid;47226 Villavaquerín;Hombres;1996;121
47;Valladolid;47226 Villavaquerín;Mujeres;2023;67
47;Valladolid;47226 Villavaquerín;Mujeres;2022;70
47;Valladolid;47226 Villavaquerín;Mujeres;2021;72
47;Valladolid;47226 Villavaquerín;Mujeres;2020;72
47;Valladolid;47226 Villavaquerín;Mujeres;2019;68
47;Valladolid;47226 Villavaquerín;Mujeres;2018;71
47;Valladolid;47226 Villavaquerín;Mujeres;2017;76
47;Valladolid;47226 Villavaquerín;Mujeres;2016;73
47;Valladolid;47226 Villavaquerín;Mujeres;2015;77
47;Valladolid;47226 Villavaquerín;Mujeres;2014;80
47;Valladolid;47226 Villavaquerín;Mujeres;2013;88
47;Valladolid;47226 Villavaquerín;Mujeres;2012;89
47;Valladolid;47226 Villavaquerín;Mujeres;2011;88
47;Valladolid;47226 Villavaquerín;Mujeres;2010;93
47;Valladolid;47226 Villavaquerín;Mujeres;2009;94
47;Valladolid;47226 Villavaquerín;Mujeres;2008;89
47;Valladolid;47226 Villavaquerín;Mujeres;2007;89
47;Valladolid;47226 Villavaquerín;Mujeres;2006;90
47;Valladolid;47226 Villavaquerín;Mujeres;2005;91
47;Valladolid;47226 Villavaquerín;Mujeres;2004;99
47;Valladolid;47226 Villavaquerín;Mujeres;2003;99
47;Valladolid;47226 Villavaquerín;Mujeres;2002;98
47;Valladolid;47226 Villavaquerín;Mujeres;2001;103
47;Valladolid;47226 Villavaquerín;Mujeres;2000;103
47;Valladolid;47226 Villavaquerín;Mujeres;1999;106
47;Valladolid;47226 Villavaquerín;Mujeres;1998;109
47;Valladolid;47226 Villavaquerín;Mujeres;1997;
47;Valladolid;47226 Villavaquerín;Mujeres;1996;108
47;Valladolid;47227 Villavellid;Total;2023;55
47;Valladolid;47227 Villavellid;Total;2022;50
47;Valladolid;47227 Villavellid;Total;2021;51
47;Valladolid;47227 Villavellid;Total;2020;50
47;Valladolid;47227 Villavellid;Total;2019;57
47;Valladolid;47227 Villavellid;Total;2018;60
47;Valladolid;47227 Villavellid;Total;2017;61
47;Valladolid;47227 Villavellid;Total;2016;63
47;Valladolid;47227 Villavellid;Total;2015;68
47;Valladolid;47227 Villavellid;Total;2014;62
47;Valladolid;47227 Villavellid;Total;2013;61
47;Valladolid;47227 Villavellid;Total;2012;63
47;Valladolid;47227 Villavellid;Total;2011;72
47;Valladolid;47227 Villavellid;Total;2010;72
47;Valladolid;47227 Villavellid;Total;2009;73
47;Valladolid;47227 Villavellid;Total;2008;75
47;Valladolid;47227 Villavellid;Total;2007;73
47;Valladolid;47227 Villavellid;Total;2006;75
47;Valladolid;47227 Villavellid;Total;2005;83
47;Valladolid;47227 Villavellid;Total;2004;76
47;Valladolid;47227 Villavellid;Total;2003;70
47;Valladolid;47227 Villavellid;Total;2002;68
47;Valladolid;47227 Villavellid;Total;2001;71
47;Valladolid;47227 Villavellid;Total;2000;73
47;Valladolid;47227 Villavellid;Total;1999;68
47;Valladolid;47227 Villavellid;Total;1998;72
47;Valladolid;47227 Villavellid;Total;1997;
47;Valladolid;47227 Villavellid;Total;1996;69
47;Valladolid;47227 Villavellid;Hombres;2023;31
47;Valladolid;47227 Villavellid;Hombres;2022;30
47;Valladolid;47227 Villavellid;Hombres;2021;31
47;Valladolid;47227 Villavellid;Hombres;2020;32
47;Valladolid;47227 Villavellid;Hombres;2019;37
47;Valladolid;47227 Villavellid;Hombres;2018;37
47;Valladolid;47227 Villavellid;Hombres;2017;37
47;Valladolid;47227 Villavellid;Hombres;2016;36
47;Valladolid;47227 Villavellid;Hombres;2015;40
47;Valladolid;47227 Villavellid;Hombres;2014;37
47;Valladolid;47227 Villavellid;Hombres;2013;37
47;Valladolid;47227 Villavellid;Hombres;2012;38
47;Valladolid;47227 Villavellid;Hombres;2011;41
47;Valladolid;47227 Villavellid;Hombres;2010;39
47;Valladolid;47227 Villavellid;Hombres;2009;39
47;Valladolid;47227 Villavellid;Hombres;2008;41
47;Valladolid;47227 Villavellid;Hombres;2007;40
47;Valladolid;47227 Villavellid;Hombres;2006;41
47;Valladolid;47227 Villavellid;Hombres;2005;46
47;Valladolid;47227 Villavellid;Hombres;2004;43
47;Valladolid;47227 Villavellid;Hombres;2003;39
47;Valladolid;47227 Villavellid;Hombres;2002;37
47;Valladolid;47227 Villavellid;Hombres;2001;38
47;Valladolid;47227 Villavellid;Hombres;2000;40
47;Valladolid;47227 Villavellid;Hombres;1999;38
47;Valladolid;47227 Villavellid;Hombres;1998;39
47;Valladolid;47227 Villavellid;Hombres;1997;
47;Valladolid;47227 Villavellid;Hombres;1996;37
47;Valladolid;47227 Villavellid;Mujeres;2023;24
47;Valladolid;47227 Villavellid;Mujeres;2022;20
47;Valladolid;47227 Villavellid;Mujeres;2021;20
47;Valladolid;47227 Villavellid;Mujeres;2020;18
47;Valladolid;47227 Villavellid;Mujeres;2019;20
47;Valladolid;47227 Villavellid;Mujeres;2018;23
47;Valladolid;47227 Villavellid;Mujeres;2017;24
47;Valladolid;47227 Villavellid;Mujeres;2016;27
47;Valladolid;47227 Villavellid;Mujeres;2015;28
47;Valladolid;47227 Villavellid;Mujeres;2014;25
47;Valladolid;47227 Villavellid;Mujeres;2013;24
47;Valladolid;47227 Villavellid;Mujeres;2012;25
47;Valladolid;47227 Villavellid;Mujeres;2011;31
47;Valladolid;47227 Villavellid;Mujeres;2010;33
47;Valladolid;47227 Villavellid;Mujeres;2009;34
47;Valladolid;47227 Villavellid;Mujeres;2008;34
47;Valladolid;47227 Villavellid;Mujeres;2007;33
47;Valladolid;47227 Villavellid;Mujeres;2006;34
47;Valladolid;47227 Villavellid;Mujeres;2005;37
47;Valladolid;47227 Villavellid;Mujeres;2004;33
47;Valladolid;47227 Villavellid;Mujeres;2003;31
47;Valladolid;47227 Villavellid;Mujeres;2002;31
47;Valladolid;47227 Villavellid;Mujeres;2001;33
47;Valladolid;47227 Villavellid;Mujeres;2000;33
47;Valladolid;47227 Villavellid;Mujeres;1999;30
47;Valladolid;47227 Villavellid;Mujeres;1998;33
47;Valladolid;47227 Villavellid;Mujeres;1997;
47;Valladolid;47227 Villavellid;Mujeres;1996;32
47;Valladolid;47228 Villaverde de Medina;Total;2023;546
47;Valladolid;47228 Villaverde de Medina;Total;2022;522
47;Valladolid;47228 Villaverde de Medina;Total;2021;518
47;Valladolid;47228 Villaverde de Medina;Total;2020;513
47;Valladolid;47228 Villaverde de Medina;Total;2019;533
47;Valladolid;47228 Villaverde de Medina;Total;2018;514
47;Valladolid;47228 Villaverde de Medina;Total;2017;517
47;Valladolid;47228 Villaverde de Medina;Total;2016;514
47;Valladolid;47228 Villaverde de Medina;Total;2015;527
47;Valladolid;47228 Villaverde de Medina;Total;2014;523
47;Valladolid;47228 Villaverde de Medina;Total;2013;535
47;Valladolid;47228 Villaverde de Medina;Total;2012;535
47;Valladolid;47228 Villaverde de Medina;Total;2011;546
47;Valladolid;47228 Villaverde de Medina;Total;2010;551
47;Valladolid;47228 Villaverde de Medina;Total;2009;553
47;Valladolid;47228 Villaverde de Medina;Total;2008;556
47;Valladolid;47228 Villaverde de Medina;Total;2007;544
47;Valladolid;47228 Villaverde de Medina;Total;2006;547
47;Valladolid;47228 Villaverde de Medina;Total;2005;568
47;Valladolid;47228 Villaverde de Medina;Total;2004;587
47;Valladolid;47228 Villaverde de Medina;Total;2003;572
47;Valladolid;47228 Villaverde de Medina;Total;2002;576
47;Valladolid;47228 Villaverde de Medina;Total;2001;584
47;Valladolid;47228 Villaverde de Medina;Total;2000;582
47;Valladolid;47228 Villaverde de Medina;Total;1999;595
47;Valladolid;47228 Villaverde de Medina;Total;1998;595
47;Valladolid;47228 Villaverde de Medina;Total;1997;
47;Valladolid;47228 Villaverde de Medina;Total;1996;614
47;Valladolid;47228 Villaverde de Medina;Hombres;2023;289
47;Valladolid;47228 Villaverde de Medina;Hombres;2022;284
47;Valladolid;47228 Villaverde de Medina;Hombres;2021;275
47;Valladolid;47228 Villaverde de Medina;Hombres;2020;278
47;Valladolid;47228 Villaverde de Medina;Hombres;2019;289
47;Valladolid;47228 Villaverde de Medina;Hombres;2018;273
47;Valladolid;47228 Villaverde de Medina;Hombres;2017;278
47;Valladolid;47228 Villaverde de Medina;Hombres;2016;274
47;Valladolid;47228 Villaverde de Medina;Hombres;2015;290
47;Valladolid;47228 Villaverde de Medina;Hombres;2014;288
47;Valladolid;47228 Villaverde de Medina;Hombres;2013;290
47;Valladolid;47228 Villaverde de Medina;Hombres;2012;287
47;Valladolid;47228 Villaverde de Medina;Hombres;2011;297
47;Valladolid;47228 Villaverde de Medina;Hombres;2010;301
47;Valladolid;47228 Villaverde de Medina;Hombres;2009;302
47;Valladolid;47228 Villaverde de Medina;Hombres;2008;301
47;Valladolid;47228 Villaverde de Medina;Hombres;2007;291
47;Valladolid;47228 Villaverde de Medina;Hombres;2006;293
47;Valladolid;47228 Villaverde de Medina;Hombres;2005;304
47;Valladolid;47228 Villaverde de Medina;Hombres;2004;312
47;Valladolid;47228 Villaverde de Medina;Hombres;2003;303
47;Valladolid;47228 Villaverde de Medina;Hombres;2002;305
47;Valladolid;47228 Villaverde de Medina;Hombres;2001;312
47;Valladolid;47228 Villaverde de Medina;Hombres;2000;311
47;Valladolid;47228 Villaverde de Medina;Hombres;1999;320
47;Valladolid;47228 Villaverde de Medina;Hombres;1998;320
47;Valladolid;47228 Villaverde de Medina;Hombres;1997;
47;Valladolid;47228 Villaverde de Medina;Hombres;1996;333
47;Valladolid;47228 Villaverde de Medina;Mujeres;2023;257
47;Valladolid;47228 Villaverde de Medina;Mujeres;2022;238
47;Valladolid;47228 Villaverde de Medina;Mujeres;2021;243
47;Valladolid;47228 Villaverde de Medina;Mujeres;2020;235
47;Valladolid;47228 Villaverde de Medina;Mujeres;2019;244
47;Valladolid;47228 Villaverde de Medina;Mujeres;2018;241
47;Valladolid;47228 Villaverde de Medina;Mujeres;2017;239
47;Valladolid;47228 Villaverde de Medina;Mujeres;2016;240
47;Valladolid;47228 Villaverde de Medina;Mujeres;2015;237
47;Valladolid;47228 Villaverde de Medina;Mujeres;2014;235
47;Valladolid;47228 Villaverde de Medina;Mujeres;2013;245
47;Valladolid;47228 Villaverde de Medina;Mujeres;2012;248
47;Valladolid;47228 Villaverde de Medina;Mujeres;2011;249
47;Valladolid;47228 Villaverde de Medina;Mujeres;2010;250
47;Valladolid;47228 Villaverde de Medina;Mujeres;2009;251
47;Valladolid;47228 Villaverde de Medina;Mujeres;2008;255
47;Valladolid;47228 Villaverde de Medina;Mujeres;2007;253
47;Valladolid;47228 Villaverde de Medina;Mujeres;2006;254
47;Valladolid;47228 Villaverde de Medina;Mujeres;2005;264
47;Valladolid;47228 Villaverde de Medina;Mujeres;2004;275
47;Valladolid;47228 Villaverde de Medina;Mujeres;2003;269
47;Valladolid;47228 Villaverde de Medina;Mujeres;2002;271
47;Valladolid;47228 Villaverde de Medina;Mujeres;2001;272
47;Valladolid;47228 Villaverde de Medina;Mujeres;2000;271
47;Valladolid;47228 Villaverde de Medina;Mujeres;1999;275
47;Valladolid;47228 Villaverde de Medina;Mujeres;1998;275
47;Valladolid;47228 Villaverde de Medina;Mujeres;1997;
47;Valladolid;47228 Villaverde de Medina;Mujeres;1996;281
47;Valladolid;47229 Villavicencio de los Caballeros;Total;2023;234
47;Valladolid;47229 Villavicencio de los Caballeros;Total;2022;232
47;Valladolid;47229 Villavicencio de los Caballeros;Total;2021;233
47;Valladolid;47229 Villavicencio de los Caballeros;Total;2020;233
47;Valladolid;47229 Villavicencio de los Caballeros;Total;2019;245
47;Valladolid;47229 Villavicencio de los Caballeros;Total;2018;239
47;Valladolid;47229 Villavicencio de los Caballeros;Total;2017;221
47;Valladolid;47229 Villavicencio de los Caballeros;Total;2016;235
47;Valladolid;47229 Villavicencio de los Caballeros;Total;2015;243
47;Valladolid;47229 Villavicencio de los Caballeros;Total;2014;251
47;Valladolid;47229 Villavicencio de los Caballeros;Total;2013;245
47;Valladolid;47229 Villavicencio de los Caballeros;Total;2012;248
47;Valladolid;47229 Villavicencio de los Caballeros;Total;2011;265
47;Valladolid;47229 Villavicencio de los Caballeros;Total;2010;255
47;Valladolid;47229 Villavicencio de los Caballeros;Total;2009;260
47;Valladolid;47229 Villavicencio de los Caballeros;Total;2008;260
47;Valladolid;47229 Villavicencio de los Caballeros;Total;2007;282
47;Valladolid;47229 Villavicencio de los Caballeros;Total;2006;274
47;Valladolid;47229 Villavicencio de los Caballeros;Total;2005;281
47;Valladolid;47229 Villavicencio de los Caballeros;Total;2004;294
47;Valladolid;47229 Villavicencio de los Caballeros;Total;2003;292
47;Valladolid;47229 Villavicencio de los Caballeros;Total;2002;321
47;Valladolid;47229 Villavicencio de los Caballeros;Total;2001;318
47;Valladolid;47229 Villavicencio de los Caballeros;Total;2000;326
47;Valladolid;47229 Villavicencio de los Caballeros;Total;1999;335
47;Valladolid;47229 Villavicencio de los Caballeros;Total;1998;336
47;Valladolid;47229 Villavicencio de los Caballeros;Total;1997;
47;Valladolid;47229 Villavicencio de los Caballeros;Total;1996;359
47;Valladolid;47229 Villavicencio de los Caballeros;Hombres;2023;122
47;Valladolid;47229 Villavicencio de los Caballeros;Hombres;2022;122
47;Valladolid;47229 Villavicencio de los Caballeros;Hombres;2021;123
47;Valladolid;47229 Villavicencio de los Caballeros;Hombres;2020;116
47;Valladolid;47229 Villavicencio de los Caballeros;Hombres;2019;116
47;Valladolid;47229 Villavicencio de los Caballeros;Hombres;2018;113
47;Valladolid;47229 Villavicencio de los Caballeros;Hombres;2017;112
47;Valladolid;47229 Villavicencio de los Caballeros;Hombres;2016;119
47;Valladolid;47229 Villavicencio de los Caballeros;Hombres;2015;119
47;Valladolid;47229 Villavicencio de los Caballeros;Hombres;2014;122
47;Valladolid;47229 Villavicencio de los Caballeros;Hombres;2013;117
47;Valladolid;47229 Villavicencio de los Caballeros;Hombres;2012;120
47;Valladolid;47229 Villavicencio de los Caballeros;Hombres;2011;128
47;Valladolid;47229 Villavicencio de los Caballeros;Hombres;2010;130
47;Valladolid;47229 Villavicencio de los Caballeros;Hombres;2009;132
47;Valladolid;47229 Villavicencio de los Caballeros;Hombres;2008;129
47;Valladolid;47229 Villavicencio de los Caballeros;Hombres;2007;137
47;Valladolid;47229 Villavicencio de los Caballeros;Hombres;2006;133
47;Valladolid;47229 Villavicencio de los Caballeros;Hombres;2005;135
47;Valladolid;47229 Villavicencio de los Caballeros;Hombres;2004;138
47;Valladolid;47229 Villavicencio de los Caballeros;Hombres;2003;132
47;Valladolid;47229 Villavicencio de los Caballeros;Hombres;2002;143
47;Valladolid;47229 Villavicencio de los Caballeros;Hombres;2001;144
47;Valladolid;47229 Villavicencio de los Caballeros;Hombres;2000;147
47;Valladolid;47229 Villavicencio de los Caballeros;Hombres;1999;153
47;Valladolid;47229 Villavicencio de los Caballeros;Hombres;1998;153
47;Valladolid;47229 Villavicencio de los Caballeros;Hombres;1997;
47;Valladolid;47229 Villavicencio de los Caballeros;Hombres;1996;166
47;Valladolid;47229 Villavicencio de los Caballeros;Mujeres;2023;112
47;Valladolid;47229 Villavicencio de los Caballeros;Mujeres;2022;110
47;Valladolid;47229 Villavicencio de los Caballeros;Mujeres;2021;110
47;Valladolid;47229 Villavicencio de los Caballeros;Mujeres;2020;117
47;Valladolid;47229 Villavicencio de los Caballeros;Mujeres;2019;129
47;Valladolid;47229 Villavicencio de los Caballeros;Mujeres;2018;126
47;Valladolid;47229 Villavicencio de los Caballeros;Mujeres;2017;109
47;Valladolid;47229 Villavicencio de los Caballeros;Mujeres;2016;116
47;Valladolid;47229 Villavicencio de los Caballeros;Mujeres;2015;124
47;Valladolid;47229 Villavicencio de los Caballeros;Mujeres;2014;129
47;Valladolid;47229 Villavicencio de los Caballeros;Mujeres;2013;128
47;Valladolid;47229 Villavicencio de los Caballeros;Mujeres;2012;128
47;Valladolid;47229 Villavicencio de los Caballeros;Mujeres;2011;137
47;Valladolid;47229 Villavicencio de los Caballeros;Mujeres;2010;125
47;Valladolid;47229 Villavicencio de los Caballeros;Mujeres;2009;128
47;Valladolid;47229 Villavicencio de los Caballeros;Mujeres;2008;131
47;Valladolid;47229 Villavicencio de los Caballeros;Mujeres;2007;145
47;Valladolid;47229 Villavicencio de los Caballeros;Mujeres;2006;141
47;Valladolid;47229 Villavicencio de los Caballeros;Mujeres;2005;146
47;Valladolid;47229 Villavicencio de los Caballeros;Mujeres;2004;156
47;Valladolid;47229 Villavicencio de los Caballeros;Mujeres;2003;160
47;Valladolid;47229 Villavicencio de los Caballeros;Mujeres;2002;178
47;Valladolid;47229 Villavicencio de los Caballeros;Mujeres;2001;174
47;Valladolid;47229 Villavicencio de los Caballeros;Mujeres;2000;179
47;Valladolid;47229 Villavicencio de los Caballeros;Mujeres;1999;182
47;Valladolid;47229 Villavicencio de los Caballeros;Mujeres;1998;183
47;Valladolid;47229 Villavicencio de los Caballeros;Mujeres;1997;
47;Valladolid;47229 Villavicencio de los Caballeros;Mujeres;1996;193
47;Valladolid;47194 Viloria;Total;2023;353
47;Valladolid;47194 Viloria;Total;2022;343
47;Valladolid;47194 Viloria;Total;2021;348
47;Valladolid;47194 Viloria;Total;2020;339
47;Valladolid;47194 Viloria;Total;2019;340
47;Valladolid;47194 Viloria;Total;2018;337
47;Valladolid;47194 Viloria;Total;2017;349
47;Valladolid;47194 Viloria;Total;2016;352
47;Valladolid;47194 Viloria;Total;2015;363
47;Valladolid;47194 Viloria;Total;2014;360
47;Valladolid;47194 Viloria;Total;2013;363
47;Valladolid;47194 Viloria;Total;2012;368
47;Valladolid;47194 Viloria;Total;2011;380
47;Valladolid;47194 Viloria;Total;2010;385
47;Valladolid;47194 Viloria;Total;2009;387
47;Valladolid;47194 Viloria;Total;2008;384
47;Valladolid;47194 Viloria;Total;2007;382
47;Valladolid;47194 Viloria;Total;2006;394
47;Valladolid;47194 Viloria;Total;2005;402
47;Valladolid;47194 Viloria;Total;2004;388
47;Valladolid;47194 Viloria;Total;2003;388
47;Valladolid;47194 Viloria;Total;2002;382
47;Valladolid;47194 Viloria;Total;2001;373
47;Valladolid;47194 Viloria;Total;2000;380
47;Valladolid;47194 Viloria;Total;1999;383
47;Valladolid;47194 Viloria;Total;1998;385
47;Valladolid;47194 Viloria;Total;1997;
47;Valladolid;47194 Viloria;Total;1996;404
47;Valladolid;47194 Viloria;Hombres;2023;186
47;Valladolid;47194 Viloria;Hombres;2022;180
47;Valladolid;47194 Viloria;Hombres;2021;183
47;Valladolid;47194 Viloria;Hombres;2020;178
47;Valladolid;47194 Viloria;Hombres;2019;177
47;Valladolid;47194 Viloria;Hombres;2018;175
47;Valladolid;47194 Viloria;Hombres;2017;180
47;Valladolid;47194 Viloria;Hombres;2016;182
47;Valladolid;47194 Viloria;Hombres;2015;186
47;Valladolid;47194 Viloria;Hombres;2014;189
47;Valladolid;47194 Viloria;Hombres;2013;192
47;Valladolid;47194 Viloria;Hombres;2012;195
47;Valladolid;47194 Viloria;Hombres;2011;205
47;Valladolid;47194 Viloria;Hombres;2010;210
47;Valladolid;47194 Viloria;Hombres;2009;209
47;Valladolid;47194 Viloria;Hombres;2008;205
47;Valladolid;47194 Viloria;Hombres;2007;207
47;Valladolid;47194 Viloria;Hombres;2006;213
47;Valladolid;47194 Viloria;Hombres;2005;219
47;Valladolid;47194 Viloria;Hombres;2004;212
47;Valladolid;47194 Viloria;Hombres;2003;215
47;Valladolid;47194 Viloria;Hombres;2002;210
47;Valladolid;47194 Viloria;Hombres;2001;200
47;Valladolid;47194 Viloria;Hombres;2000;202
47;Valladolid;47194 Viloria;Hombres;1999;205
47;Valladolid;47194 Viloria;Hombres;1998;206
47;Valladolid;47194 Viloria;Hombres;1997;
47;Valladolid;47194 Viloria;Hombres;1996;218
47;Valladolid;47194 Viloria;Mujeres;2023;167
47;Valladolid;47194 Viloria;Mujeres;2022;163
47;Valladolid;47194 Viloria;Mujeres;2021;165
47;Valladolid;47194 Viloria;Mujeres;2020;161
47;Valladolid;47194 Viloria;Mujeres;2019;163
47;Valladolid;47194 Viloria;Mujeres;2018;162
47;Valladolid;47194 Viloria;Mujeres;2017;169
47;Valladolid;47194 Viloria;Mujeres;2016;170
47;Valladolid;47194 Viloria;Mujeres;2015;177
47;Valladolid;47194 Viloria;Mujeres;2014;171
47;Valladolid;47194 Viloria;Mujeres;2013;171
47;Valladolid;47194 Viloria;Mujeres;2012;173
47;Valladolid;47194 Viloria;Mujeres;2011;175
47;Valladolid;47194 Viloria;Mujeres;2010;175
47;Valladolid;47194 Viloria;Mujeres;2009;178
47;Valladolid;47194 Viloria;Mujeres;2008;179
47;Valladolid;47194 Viloria;Mujeres;2007;175
47;Valladolid;47194 Viloria;Mujeres;2006;181
47;Valladolid;47194 Viloria;Mujeres;2005;183
47;Valladolid;47194 Viloria;Mujeres;2004;176
47;Valladolid;47194 Viloria;Mujeres;2003;173
47;Valladolid;47194 Viloria;Mujeres;2002;172
47;Valladolid;47194 Viloria;Mujeres;2001;173
47;Valladolid;47194 Viloria;Mujeres;2000;178
47;Valladolid;47194 Viloria;Mujeres;1999;178
47;Valladolid;47194 Viloria;Mujeres;1998;179
47;Valladolid;47194 Viloria;Mujeres;1997;
47;Valladolid;47194 Viloria;Mujeres;1996;186
47;Valladolid;47230 Wamba;Total;2023;303
47;Valladolid;47230 Wamba;Total;2022;309
47;Valladolid;47230 Wamba;Total;2021;307
47;Valladolid;47230 Wamba;Total;2020;310
47;Valladolid;47230 Wamba;Total;2019;323
47;Valladolid;47230 Wamba;Total;2018;328
47;Valladolid;47230 Wamba;Total;2017;335
47;Valladolid;47230 Wamba;Total;2016;343
47;Valladolid;47230 Wamba;Total;2015;343
47;Valladolid;47230 Wamba;Total;2014;346
47;Valladolid;47230 Wamba;Total;2013;360
47;Valladolid;47230 Wamba;Total;2012;355
47;Valladolid;47230 Wamba;Total;2011;366
47;Valladolid;47230 Wamba;Total;2010;370
47;Valladolid;47230 Wamba;Total;2009;363
47;Valladolid;47230 Wamba;Total;2008;360
47;Valladolid;47230 Wamba;Total;2007;371
47;Valladolid;47230 Wamba;Total;2006;369
47;Valladolid;47230 Wamba;Total;2005;365
47;Valladolid;47230 Wamba;Total;2004;373
47;Valladolid;47230 Wamba;Total;2003;375
47;Valladolid;47230 Wamba;Total;2002;375
47;Valladolid;47230 Wamba;Total;2001;377
47;Valladolid;47230 Wamba;Total;2000;376
47;Valladolid;47230 Wamba;Total;1999;390
47;Valladolid;47230 Wamba;Total;1998;388
47;Valladolid;47230 Wamba;Total;1997;
47;Valladolid;47230 Wamba;Total;1996;390
47;Valladolid;47230 Wamba;Hombres;2023;163
47;Valladolid;47230 Wamba;Hombres;2022;168
47;Valladolid;47230 Wamba;Hombres;2021;166
47;Valladolid;47230 Wamba;Hombres;2020;167
47;Valladolid;47230 Wamba;Hombres;2019;172
47;Valladolid;47230 Wamba;Hombres;2018;174
47;Valladolid;47230 Wamba;Hombres;2017;178
47;Valladolid;47230 Wamba;Hombres;2016;182
47;Valladolid;47230 Wamba;Hombres;2015;180
47;Valladolid;47230 Wamba;Hombres;2014;182
47;Valladolid;47230 Wamba;Hombres;2013;192
47;Valladolid;47230 Wamba;Hombres;2012;189
47;Valladolid;47230 Wamba;Hombres;2011;193
47;Valladolid;47230 Wamba;Hombres;2010;196
47;Valladolid;47230 Wamba;Hombres;2009;195
47;Valladolid;47230 Wamba;Hombres;2008;193
47;Valladolid;47230 Wamba;Hombres;2007;197
47;Valladolid;47230 Wamba;Hombres;2006;196
47;Valladolid;47230 Wamba;Hombres;2005;195
47;Valladolid;47230 Wamba;Hombres;2004;199
47;Valladolid;47230 Wamba;Hombres;2003;200
47;Valladolid;47230 Wamba;Hombres;2002;198
47;Valladolid;47230 Wamba;Hombres;2001;196
47;Valladolid;47230 Wamba;Hombres;2000;194
47;Valladolid;47230 Wamba;Hombres;1999;210
47;Valladolid;47230 Wamba;Hombres;1998;209
47;Valladolid;47230 Wamba;Hombres;1997;
47;Valladolid;47230 Wamba;Hombres;1996;208
47;Valladolid;47230 Wamba;Mujeres;2023;140
47;Valladolid;47230 Wamba;Mujeres;2022;141
47;Valladolid;47230 Wamba;Mujeres;2021;141
47;Valladolid;47230 Wamba;Mujeres;2020;143
47;Valladolid;47230 Wamba;Mujeres;2019;151
47;Valladolid;47230 Wamba;Mujeres;2018;154
47;Valladolid;47230 Wamba;Mujeres;2017;157
47;Valladolid;47230 Wamba;Mujeres;2016;161
47;Valladolid;47230 Wamba;Mujeres;2015;163
47;Valladolid;47230 Wamba;Mujeres;2014;164
47;Valladolid;47230 Wamba;Mujeres;2013;168
47;Valladolid;47230 Wamba;Mujeres;2012;166
47;Valladolid;47230 Wamba;Mujeres;2011;173
47;Valladolid;47230 Wamba;Mujeres;2010;174
47;Valladolid;47230 Wamba;Mujeres;2009;168
47;Valladolid;47230 Wamba;Mujeres;2008;167
47;Valladolid;47230 Wamba;Mujeres;2007;174
47;Valladolid;47230 Wamba;Mujeres;2006;173
47;Valladolid;47230 Wamba;Mujeres;2005;170
47;Valladolid;47230 Wamba;Mujeres;2004;174
47;Valladolid;47230 Wamba;Mujeres;2003;175
47;Valladolid;47230 Wamba;Mujeres;2002;177
47;Valladolid;47230 Wamba;Mujeres;2001;181
47;Valladolid;47230 Wamba;Mujeres;2000;182
47;Valladolid;47230 Wamba;Mujeres;1999;180
47;Valladolid;47230 Wamba;Mujeres;1998;179
47;Valladolid;47230 Wamba;Mujeres;1997;
47;Valladolid;47230 Wamba;Mujeres;1996;182
47;Valladolid;47231 Zaratán;Total;2023;6342
47;Valladolid;47231 Zaratán;Total;2022;6285
47;Valladolid;47231 Zaratán;Total;2021;6249
47;Valladolid;47231 Zaratán;Total;2020;6235
47;Valladolid;47231 Zaratán;Total;2019;6233
47;Valladolid;47231 Zaratán;Total;2018;6212
47;Valladolid;47231 Zaratán;Total;2017;6201
47;Valladolid;47231 Zaratán;Total;2016;6201
47;Valladolid;47231 Zaratán;Total;2015;6124
47;Valladolid;47231 Zaratán;Total;2014;6029
47;Valladolid;47231 Zaratán;Total;2013;5880
47;Valladolid;47231 Zaratán;Total;2012;5843
47;Valladolid;47231 Zaratán;Total;2011;5621
47;Valladolid;47231 Zaratán;Total;2010;5245
47;Valladolid;47231 Zaratán;Total;2009;4992
47;Valladolid;47231 Zaratán;Total;2008;4687
47;Valladolid;47231 Zaratán;Total;2007;4268
47;Valladolid;47231 Zaratán;Total;2006;3442
47;Valladolid;47231 Zaratán;Total;2005;2752
47;Valladolid;47231 Zaratán;Total;2004;2115
47;Valladolid;47231 Zaratán;Total;2003;1812
47;Valladolid;47231 Zaratán;Total;2002;1727
47;Valladolid;47231 Zaratán;Total;2001;1602
47;Valladolid;47231 Zaratán;Total;2000;1400
47;Valladolid;47231 Zaratán;Total;1999;1243
47;Valladolid;47231 Zaratán;Total;1998;1243
47;Valladolid;47231 Zaratán;Total;1997;
47;Valladolid;47231 Zaratán;Total;1996;1221
47;Valladolid;47231 Zaratán;Hombres;2023;3213
47;Valladolid;47231 Zaratán;Hombres;2022;3204
47;Valladolid;47231 Zaratán;Hombres;2021;3203
47;Valladolid;47231 Zaratán;Hombres;2020;3193
47;Valladolid;47231 Zaratán;Hombres;2019;3184
47;Valladolid;47231 Zaratán;Hombres;2018;3181
47;Valladolid;47231 Zaratán;Hombres;2017;3183
47;Valladolid;47231 Zaratán;Hombres;2016;3187
47;Valladolid;47231 Zaratán;Hombres;2015;3164
47;Valladolid;47231 Zaratán;Hombres;2014;3116
47;Valladolid;47231 Zaratán;Hombres;2013;3030
47;Valladolid;47231 Zaratán;Hombres;2012;3000
47;Valladolid;47231 Zaratán;Hombres;2011;2909
47;Valladolid;47231 Zaratán;Hombres;2010;2716
47;Valladolid;47231 Zaratán;Hombres;2009;2571
47;Valladolid;47231 Zaratán;Hombres;2008;2396
47;Valladolid;47231 Zaratán;Hombres;2007;2189
47;Valladolid;47231 Zaratán;Hombres;2006;1795
47;Valladolid;47231 Zaratán;Hombres;2005;1438
47;Valladolid;47231 Zaratán;Hombres;2004;1099
47;Valladolid;47231 Zaratán;Hombres;2003;936
47;Valladolid;47231 Zaratán;Hombres;2002;891
47;Valladolid;47231 Zaratán;Hombres;2001;826
47;Valladolid;47231 Zaratán;Hombres;2000;722
47;Valladolid;47231 Zaratán;Hombres;1999;644
47;Valladolid;47231 Zaratán;Hombres;1998;644
47;Valladolid;47231 Zaratán;Hombres;1997;
47;Valladolid;47231 Zaratán;Hombres;1996;623
47;Valladolid;47231 Zaratán;Mujeres;2023;3129
47;Valladolid;47231 Zaratán;Mujeres;2022;3081
47;Valladolid;47231 Zaratán;Mujeres;2021;3046
47;Valladolid;47231 Zaratán;Mujeres;2020;3042
47;Valladolid;47231 Zaratán;Mujeres;2019;3049
47;Valladolid;47231 Zaratán;Mujeres;2018;3031
47;Valladolid;47231 Zaratán;Mujeres;2017;3018
47;Valladolid;47231 Zaratán;Mujeres;2016;3014
47;Valladolid;47231 Zaratán;Mujeres;2015;2960
47;Valladolid;47231 Zaratán;Mujeres;2014;2913
47;Valladolid;47231 Zaratán;Mujeres;2013;2850
47;Valladolid;47231 Zaratán;Mujeres;2012;2843
47;Valladolid;47231 Zaratán;Mujeres;2011;2712
47;Valladolid;47231 Zaratán;Mujeres;2010;2529
47;Valladolid;47231 Zaratán;Mujeres;2009;2421
47;Valladolid;47231 Zaratán;Mujeres;2008;2291
47;Valladolid;47231 Zaratán;Mujeres;2007;2079
47;Valladolid;47231 Zaratán;Mujeres;2006;1647
47;Valladolid;47231 Zaratán;Mujeres;2005;1314
47;Valladolid;47231 Zaratán;Mujeres;2004;1016
47;Valladolid;47231 Zaratán;Mujeres;2003;876
47;Valladolid;47231 Zaratán;Mujeres;2002;836
47;Valladolid;47231 Zaratán;Mujeres;2001;776
47;Valladolid;47231 Zaratán;Mujeres;2000;678
47;Valladolid;47231 Zaratán;Mujeres;1999;599
47;Valladolid;47231 Zaratán;Mujeres;1998;599
47;Valladolid;47231 Zaratán;Mujeres;1997;
47;Valladolid;47231 Zaratán;Mujeres;1996;598
47;Valladolid;47232 Zarza, La;Total;2023;116
47;Valladolid;47232 Zarza, La;Total;2022;115
47;Valladolid;47232 Zarza, La;Total;2021;118
47;Valladolid;47232 Zarza, La;Total;2020;110
47;Valladolid;47232 Zarza, La;Total;2019;111
47;Valladolid;47232 Zarza, La;Total;2018;114
47;Valladolid;47232 Zarza, La;Total;2017;116
47;Valladolid;47232 Zarza, La;Total;2016;113
47;Valladolid;47232 Zarza, La;Total;2015;115
47;Valladolid;47232 Zarza, La;Total;2014;127
47;Valladolid;47232 Zarza, La;Total;2013;124
47;Valladolid;47232 Zarza, La;Total;2012;124
47;Valladolid;47232 Zarza, La;Total;2011;126
47;Valladolid;47232 Zarza, La;Total;2010;129
47;Valladolid;47232 Zarza, La;Total;2009;136
47;Valladolid;47232 Zarza, La;Total;2008;142
47;Valladolid;47232 Zarza, La;Total;2007;148
47;Valladolid;47232 Zarza, La;Total;2006;150
47;Valladolid;47232 Zarza, La;Total;2005;157
47;Valladolid;47232 Zarza, La;Total;2004;152
47;Valladolid;47232 Zarza, La;Total;2003;148
47;Valladolid;47232 Zarza, La;Total;2002;151
47;Valladolid;47232 Zarza, La;Total;2001;154
47;Valladolid;47232 Zarza, La;Total;2000;156
47;Valladolid;47232 Zarza, La;Total;1999;164
47;Valladolid;47232 Zarza, La;Total;1998;165
47;Valladolid;47232 Zarza, La;Total;1997;
47;Valladolid;47232 Zarza, La;Total;1996;164
47;Valladolid;47232 Zarza, La;Hombres;2023;67
47;Valladolid;47232 Zarza, La;Hombres;2022;66
47;Valladolid;47232 Zarza, La;Hombres;2021;63
47;Valladolid;47232 Zarza, La;Hombres;2020;60
47;Valladolid;47232 Zarza, La;Hombres;2019;60
47;Valladolid;47232 Zarza, La;Hombres;2018;63
47;Valladolid;47232 Zarza, La;Hombres;2017;63
47;Valladolid;47232 Zarza, La;Hombres;2016;62
47;Valladolid;47232 Zarza, La;Hombres;2015;64
47;Valladolid;47232 Zarza, La;Hombres;2014;70
47;Valladolid;47232 Zarza, La;Hombres;2013;69
47;Valladolid;47232 Zarza, La;Hombres;2012;70
47;Valladolid;47232 Zarza, La;Hombres;2011;71
47;Valladolid;47232 Zarza, La;Hombres;2010;73
47;Valladolid;47232 Zarza, La;Hombres;2009;76
47;Valladolid;47232 Zarza, La;Hombres;2008;81
47;Valladolid;47232 Zarza, La;Hombres;2007;83
47;Valladolid;47232 Zarza, La;Hombres;2006;82
47;Valladolid;47232 Zarza, La;Hombres;2005;87
47;Valladolid;47232 Zarza, La;Hombres;2004;80
47;Valladolid;47232 Zarza, La;Hombres;2003;74
47;Valladolid;47232 Zarza, La;Hombres;2002;76
47;Valladolid;47232 Zarza, La;Hombres;2001;77
47;Valladolid;47232 Zarza, La;Hombres;2000;79
47;Valladolid;47232 Zarza, La;Hombres;1999;83
47;Valladolid;47232 Zarza, La;Hombres;1998;84
47;Valladolid;47232 Zarza, La;Hombres;1997;
47;Valladolid;47232 Zarza, La;Hombres;1996;83
47;Valladolid;47232 Zarza, La;Mujeres;2023;49
47;Valladolid;47232 Zarza, La;Mujeres;2022;49
47;Valladolid;47232 Zarza, La;Mujeres;2021;55
47;Valladolid;47232 Zarza, La;Mujeres;2020;50
47;Valladolid;47232 Zarza, La;Mujeres;2019;51
47;Valladolid;47232 Zarza, La;Mujeres;2018;51
47;Valladolid;47232 Zarza, La;Mujeres;2017;53
47;Valladolid;47232 Zarza, La;Mujeres;2016;51
47;Valladolid;47232 Zarza, La;Mujeres;2015;51
47;Valladolid;47232 Zarza, La;Mujeres;2014;57
47;Valladolid;47232 Zarza, La;Mujeres;2013;55
47;Valladolid;47232 Zarza, La;Mujeres;2012;54
47;Valladolid;47232 Zarza, La;Mujeres;2011;55
47;Valladolid;47232 Zarza, La;Mujeres;2010;56
47;Valladolid;47232 Zarza, La;Mujeres;2009;60
47;Valladolid;47232 Zarza, La;Mujeres;2008;61
47;Valladolid;47232 Zarza, La;Mujeres;2007;65
47;Valladolid;47232 Zarza, La;Mujeres;2006;68
47;Valladolid;47232 Zarza, La;Mujeres;2005;70
47;Valladolid;47232 Zarza, La;Mujeres;2004;72
47;Valladolid;47232 Zarza, La;Mujeres;2003;74
47;Valladolid;47232 Zarza, La;Mujeres;2002;75
47;Valladolid;47232 Zarza, La;Mujeres;2001;77
47;Valladolid;47232 Zarza, La;Mujeres;2000;77
47;Valladolid;47232 Zarza, La;Mujeres;1999;81
47;Valladolid;47232 Zarza, La;Mujeres;1998;81
47;Valladolid;47232 Zarza, La;Mujeres;1997;
47;Valladolid;47232 Zarza, La;Mujeres;1996;81
